NA	NA	NA	NA	NA	NA	NA	NA	NA	NA	NA	NA	NA	NA	NA	NA	NA	NA	NA
NA	NA	NA	NA	NA	NA	NA	NA	NA	NA	NA	NA	NA	NA	NA	NA	NA	NA	NA
NA	NA	NA	NA	NA	NA	NA	NA	NA	NA	NA	NA	NA	NA	NA	NA	NA	NA	NA
NA	NA	NA	NA	NA	NA	NA	NA	NA	NA	NA	NA	NA	NA	NA	NA	NA	NA	NA
NA	NA	NA	NA	NA	NA	NA	NA	NA	NA	NA	NA	NA	NA	NA	NA	NA	NA	NA
NA	NA	NA	NA	NA	NA	NA	NA	NA	NA	NA	NA	NA	NA	NA	NA	NA	NA	NA
0.444852289631069	0.586583952349115	0.302644267907426	0.267760370520206	NA	0.671663652576132	0.234782010574689	NA	NA	NA	0.026891989196537	0.116419202385152	0.151160067747405	0.164733204967035	NA	NA	NA	0.154240782483185	NA
NA	NA	NA	NA	NA	NA	NA	NA	NA	NA	NA	NA	NA	NA	NA	NA	NA	NA	NA
NA	NA	NA	NA	NA	NA	NA	NA	NA	NA	NA	NA	NA	NA	NA	NA	NA	NA	NA
0.545530227323749	NA	NA	0.462202922334491	0.107539393193407	0.298079407645097	0.175123721900241	NA	0.22645215590378	NA	NA	NA	0.313571392975922	0.208792171955983	0.630350437964928	NA	NA	0.122421002998924	NA
NA	NA	NA	NA	NA	NA	NA	NA	NA	NA	NA	NA	NA	NA	NA	NA	NA	NA	NA
NA	NA	NA	NA	NA	NA	NA	NA	NA	NA	NA	NA	NA	NA	NA	NA	NA	NA	NA
NA	NA	NA	NA	NA	NA	NA	NA	NA	NA	NA	NA	NA	NA	NA	NA	NA	NA	NA
NA	NA	NA	NA	NA	NA	NA	NA	NA	NA	NA	NA	NA	NA	NA	NA	NA	NA	NA
NA	NA	NA	NA	NA	NA	NA	NA	NA	NA	NA	NA	NA	NA	NA	NA	NA	NA	NA
0.249279376047812	NA	0.363058849156884	0.216909107170152	NA	NA	0.150978106464536	NA	NA	NA	NA	NA	NA	0.0790023049332321	NA	0.165072394517634	NA	0.192229541554992	NA
NA	NA	NA	NA	NA	NA	NA	NA	NA	NA	NA	NA	NA	NA	NA	NA	NA	NA	NA
NA	NA	NA	NA	NA	NA	NA	NA	NA	NA	NA	NA	NA	NA	NA	NA	NA	NA	NA
0.470692500750202	NA	NA	NA	0.390930183627341	NA	0.454118532049405	NA	0.52731673598399	0.32416167965683	NA	NA	NA	NA	0.469128583934991	NA	NA	0.112489743837669	NA
0.233128618174872	0.19709299380722	NA	NA	0.319663217852279	NA	0.560399105596208	NA	0.302792574182755	NA	NA	NA	0.135978020936622	0.86825532881169	0.774729646817045	0.680444854626638	0.788461937188071	NA	NA
NA	NA	NA	NA	NA	NA	NA	NA	NA	NA	NA	NA	NA	NA	NA	NA	NA	NA	NA
0.222411416372339	NA	0.119275884682973	NA	NA	0.278993914622532	0.168162728450086	NA	0.177383264591566	0.163374404794725	0.157635825005258	NA	0.0918138565428818	0.0898538265194954	0.233863480396084	0.154222750982848	NA	0.162422220383012	NA
NA	NA	NA	NA	NA	NA	NA	NA	NA	NA	NA	NA	NA	NA	NA	NA	NA	NA	NA
NA	NA	NA	NA	NA	NA	NA	NA	NA	NA	NA	NA	NA	NA	NA	NA	NA	NA	NA
NA	NA	NA	NA	NA	NA	NA	NA	NA	NA	NA	NA	NA	NA	NA	NA	NA	NA	NA
NA	0.315367088339677	0.260301412336771	0.405958378181876	0.368370751508816	NA	NA	NA	0.177818758274631	NA	0.114212175932608	0.208149189446629	NA	0.0939713403212504	NA	NA	0.0690404625974948	0.122881274167315	NA
0.311307914504368	0.252653837963972	0.607747558160726	0.422913062387392	0.460255119368059	0.575460492544203	0.336262091252792	0.502308523133371	0.160458753667948	0.130846491969869	0.107078180043248	0.364219190189798	NA	0.652526139810208	0.60682652507246	NA	NA	0.528423353364917	NA
NA	NA	NA	NA	NA	NA	NA	NA	NA	NA	NA	NA	NA	NA	NA	NA	NA	NA	NA
NA	0.287701459899745	NA	NA	0.448890924153509	0.446085092863	0.336417820878018	NA	NA	0.429618970215976	0.481516473807775	NA	0.0414588592974495	0.176753603119928	0.214903987351142	0.109641706789127	NA	NA	NA
NA	NA	NA	NA	NA	NA	NA	NA	NA	NA	NA	NA	NA	NA	NA	NA	NA	NA	NA
NA	0.506024034700589	NA	NA	NA	0.418153778458334	0.397688190476542	NA	0.685058265366897	0.50809253101308	NA	NA	0.29008308069624	0.252413236345665	0.238912250063137	NA	0.580597774077402	0.222223643255302	NA
NA	NA	NA	NA	NA	NA	NA	NA	NA	NA	NA	NA	NA	NA	NA	NA	NA	NA	NA
NA	NA	NA	NA	NA	NA	NA	NA	NA	NA	NA	NA	NA	NA	NA	NA	NA	NA	NA
NA	NA	NA	NA	NA	NA	NA	NA	NA	NA	NA	NA	NA	NA	NA	NA	NA	NA	NA
NA	NA	NA	NA	NA	NA	NA	NA	NA	NA	NA	NA	NA	NA	NA	NA	NA	NA	NA
NA	NA	NA	NA	NA	NA	NA	NA	NA	NA	NA	NA	NA	NA	NA	NA	NA	NA	NA
NA	NA	NA	NA	NA	NA	NA	NA	NA	NA	NA	NA	NA	NA	NA	NA	NA	NA	NA
NA	NA	NA	NA	NA	NA	NA	NA	NA	NA	NA	NA	NA	NA	NA	NA	NA	NA	NA
NA	NA	NA	NA	NA	NA	NA	NA	NA	NA	NA	NA	NA	NA	NA	NA	NA	NA	NA
NA	NA	NA	NA	NA	NA	NA	NA	NA	NA	NA	NA	NA	NA	NA	NA	NA	NA	NA
NA	NA	NA	NA	NA	NA	NA	NA	NA	NA	NA	NA	NA	NA	NA	NA	NA	NA	NA
NA	0.262465050689304	NA	0.416464375558604	0.316821945198041	NA	NA	NA	0.3986982523617	0.326093088439237	NA	NA	NA	0.171077431209518	0.187006680574963	NA	NA	0.161179650804841	NA
0.105892737582414	0.274152306365268	0.0622650351675364	0.0800145008099047	0.440309718933471	0.147881976743945	0.179870766924465	0.231811409720375	NA	0.144563555810716	NA	0.404087612233152	0.327949308730397	0.22585100930951	0.0803918239109586	NA	0.149979391604067	0.16432453192883	NA
NA	NA	NA	NA	NA	NA	NA	NA	NA	NA	NA	NA	NA	NA	NA	NA	NA	NA	NA
NA	NA	NA	NA	NA	NA	NA	NA	NA	NA	NA	NA	NA	NA	NA	NA	NA	NA	NA
NA	NA	NA	NA	NA	NA	NA	NA	NA	NA	NA	NA	NA	NA	NA	NA	NA	NA	NA
NA	NA	NA	NA	NA	NA	NA	NA	NA	NA	NA	NA	NA	NA	NA	NA	NA	NA	NA
NA	NA	0.72485799611112	0.631283166584324	0.618587394569113	NA	0.53181997659772	NA	0.449495003288761	0.411096877980705	NA	NA	0.0824439101338942	NA	0.190745195907858	NA	0.179618109558256	0.280558372835475	NA
NA	NA	0.644584086103859	0.617931832667575	NA	0.523137470340756	NA	NA	0.44162745413171	0.505786037950684	NA	NA	0.51425108369445	0.624971470539226	0.391386154184106	0.305187853966604	0.191563566322162	0.20107535575543	NA
0.194476266492738	NA	0.314006660497263	0.348645868398903	0.273293634683142	0.198155486836103	0.239004025238606	NA	0.240490105773264	0.356081335494961	0.259144581994662	0.307636444507508	0.270227655563659	0.213939063172179	NA	0.3232060142806	0.896722499603301	NA	NA
NA	NA	0.2532100331211	0.163578355615893	NA	0.073061629801732	0.0610337786737573	0.0779846858522582	NA	0.0629475723922676	NA	NA	0.0331347545307685	0.174411439508719	0.139783460138829	0.241391478897991	0.146538604655919	0.107770121409137	NA
NA	NA	0.114035454607131	0.143008974587899	NA	0.419956570131629	0.338113523181287	NA	NA	NA	NA	0.214207892739081	NA	NA	NA	NA	NA	NA	NA
NA	NA	NA	NA	NA	NA	NA	NA	NA	NA	NA	NA	NA	NA	NA	NA	NA	NA	NA
NA	NA	0.509357017194395	0.530405785075396	0.521493735072169	NA	NA	0.610789655533063	0.199711390309553	NA	NA	NA	NA	NA	NA	NA	NA	0.117111783261012	NA
NA	NA	NA	NA	NA	NA	NA	NA	NA	NA	NA	NA	NA	NA	NA	NA	NA	NA	NA
NA	NA	NA	NA	NA	NA	NA	NA	NA	NA	NA	NA	NA	NA	NA	NA	NA	NA	NA
NA	NA	NA	NA	NA	NA	NA	NA	NA	NA	NA	NA	NA	NA	NA	NA	NA	NA	NA
NA	NA	NA	NA	NA	NA	NA	NA	NA	NA	NA	NA	NA	NA	NA	NA	NA	NA	NA
NA	NA	NA	0.309853064419739	0.218444315293231	0.207069894487286	0.412344599494795	0.18911919494404	0.256658315001343	0.249617102262394	0.132957633190049	0.161754052875724	0.0844686308944017	0.179315264829759	0.274585416445685	0.131144325726706	NA	0.159864707742038	NA
NA	NA	NA	NA	NA	NA	NA	NA	NA	NA	NA	NA	NA	NA	NA	NA	NA	NA	NA
NA	NA	NA	0.633338345645856	0.396841723848396	0.2935709485321	0.508113437962833	NA	0.487064408251156	NA	NA	0.0949513641985452	NA	NA	0.579730637606635	NA	0.860175767848243	0.200208276818233	NA
NA	NA	NA	NA	NA	NA	NA	NA	NA	NA	NA	NA	NA	NA	NA	NA	NA	NA	NA
NA	NA	NA	NA	NA	NA	NA	NA	NA	NA	NA	NA	NA	NA	NA	NA	NA	NA	NA
NA	NA	NA	NA	NA	NA	NA	NA	NA	NA	NA	NA	NA	NA	NA	NA	NA	NA	NA
NA	NA	NA	NA	NA	NA	NA	NA	NA	NA	NA	NA	NA	NA	NA	NA	NA	NA	NA
NA	NA	NA	NA	NA	NA	NA	NA	NA	NA	NA	NA	NA	NA	NA	NA	NA	NA	NA
NA	NA	NA	NA	NA	0.354154169218209	0.354964473442893	NA	NA	NA	NA	0.236366857948471	0.241826276322901	0.15534744855495	0.203814198227624	0.258527383153945	0.329109156248768	0.345429226465008	NA
NA	NA	NA	NA	NA	NA	NA	NA	NA	NA	NA	NA	NA	NA	NA	NA	NA	NA	NA
0.450262667543884	NA	0.39226004964704	NA	NA	0.18865769291328	0.177599059443735	NA	0.194948683583348	NA	0.303244671147758	NA	0.331557452555233	NA	0.331098493442356	NA	0.401595338323187	0.24241549273559	NA
NA	NA	NA	NA	NA	NA	0.570883929522251	0.650233670287386	0.460535237793309	0.835753629648795	NA	0.288211167126637	0.406224363733317	0.581857358562728	NA	NA	NA	NA	NA
NA	NA	NA	NA	NA	NA	NA	NA	NA	NA	NA	NA	NA	NA	NA	NA	NA	NA	NA
NA	NA	NA	NA	NA	NA	NA	NA	NA	NA	NA	NA	NA	NA	NA	NA	NA	NA	NA
NA	NA	0.59383981594295	NA	NA	NA	NA	NA	0.644419408575575	0.117388592735524	NA	NA	0.607188160527604	0.592954053699606	NA	0.536337239572411	0.655032919253983	NA	NA
NA	NA	NA	NA	NA	NA	NA	NA	NA	NA	NA	NA	NA	NA	NA	NA	NA	NA	NA
NA	NA	NA	NA	NA	NA	NA	NA	NA	NA	NA	NA	NA	NA	NA	NA	NA	NA	NA
0.217480028815517	0.169802825423997	0.286411442731154	0.274858171676751	0.405564741377765	0.264355907918894	0.375750514992968	NA	0.356990914617782	0.256044140424141	0.225616663026848	NA	0.196306951721598	0.173128656457513	0.101599206101767	0.105339979772496	0.179602495506326	0.218742693289465	NA
NA	NA	NA	NA	NA	NA	NA	NA	NA	NA	NA	NA	NA	NA	NA	NA	NA	NA	NA
0.233334846220259	0.206239193840913	NA	0.300359184186113	0.248591637893137	NA	0.367694807837207	NA	NA	0.130723348696647	0.723316787135771	NA	0.415505036680257	NA	0.78184017608888	0.148322106867216	NA	0.0606826019387603	NA
NA	NA	NA	NA	NA	NA	NA	NA	NA	NA	NA	NA	NA	NA	NA	NA	NA	NA	NA
NA	NA	NA	NA	NA	NA	NA	NA	NA	NA	NA	NA	NA	NA	NA	NA	NA	NA	NA
0.4195573600986	NA	0.266833055258279	NA	0.378904143708635	0.258818453832026	0.161378999433283	NA	0.195129833290956	0.291001633517467	0.156414351287505	0.214987453744116	0.178564377721769	0.21220998431689	0.153094022991102	0.098029518099896	NA	0.0947925431329907	NA
0.667985640764421	NA	0.774041759055287	NA	0.35708941244223	NA	NA	NA	0.147249482559524	0.185838497935101	NA	0.123636517292429	0.160880958016061	0.148905703829142	0.207362560111254	NA	0.103897825588374	0.0735034394527315	NA
NA	NA	NA	NA	NA	NA	NA	NA	NA	NA	NA	NA	NA	NA	NA	NA	NA	NA	NA
NA	NA	NA	NA	NA	NA	NA	NA	NA	NA	NA	NA	NA	NA	NA	NA	NA	NA	NA
NA	NA	NA	NA	NA	NA	NA	NA	NA	NA	NA	NA	NA	NA	NA	NA	NA	NA	NA
0.373290830955656	NA	NA	0.361801065057505	NA	0.371057091680003	0.384538183518463	NA	NA	0.351511678427508	NA	0.214002073020853	0.408827354600847	0.34914806295584	NA	0.335153110953183	0.455619919916974	0.127309784884931	NA
NA	NA	NA	NA	NA	NA	NA	NA	NA	NA	NA	NA	NA	NA	NA	NA	NA	NA	NA
NA	NA	NA	NA	NA	NA	NA	NA	NA	NA	NA	NA	NA	NA	NA	NA	NA	NA	NA
0.137881384932328	NA	0.254398090515122	0.305965873354472	NA	0.147841676288885	0.198242750480566	0.213032583409368	0.316378452405145	0.340894582362108	NA	NA	NA	NA	NA	NA	0.167332488671686	0.152662530237188	NA
0.0687154904234009	NA	0.459862047894441	0.100823334791685	0.185895002585687	0.244377106987922	0.248684857495079	NA	0.228104858035255	0.218386041665949	0.324973118522011	0.576310220631711	0.651604747827188	NA	0.705804451829349	0.121338462716789	NA	0.50127144520679	NA
0.255749983452059	NA	NA	NA	NA	NA	NA	NA	NA	0.0796785102269257	0.0780659951712116	NA	0.186760879981163	NA	0.339036347913111	NA	NA	NA	NA
NA	NA	NA	NA	NA	NA	NA	NA	NA	NA	NA	NA	NA	NA	NA	NA	NA	NA	NA
NA	NA	NA	NA	NA	NA	NA	NA	NA	NA	NA	NA	NA	NA	NA	NA	NA	NA	NA
NA	NA	NA	NA	NA	NA	NA	NA	NA	NA	NA	NA	NA	NA	NA	NA	NA	NA	NA
NA	0.115590557599754	NA	0.069952760802569	0.176550017854645	0.0811209734428482	0.17451012296747	NA	NA	0.177723836905843	NA	0.672772751149244	NA	0.0976152605654579	NA	0.265218647363155	NA	0.105517216499589	NA
0.577806222481478	0.575345048752431	0.476763962383767	0.300271617959213	0.64481592370974	0.292674817646629	NA	NA	0.265738238790448	NA	NA	NA	NA	NA	0.414140516237842	NA	NA	0.461038166144762	NA
NA	NA	NA	NA	NA	NA	NA	NA	NA	NA	NA	NA	NA	NA	NA	NA	NA	NA	NA
NA	0.174972632157949	0.192278530081496	0.176464563626267	NA	0.181968645594215	0.161877499349775	0.304239247453676	0.226817216466794	0.261460986028055	NA	0.382178973084716	0.383629992644411	0.257297065112992	0.4978954076916	0.106528719599821	0.104919479382477	0.101783174847884	NA
NA	NA	NA	NA	NA	NA	NA	NA	NA	NA	NA	NA	NA	NA	NA	NA	NA	NA	NA
NA	0.185360452086783	0.215113397195102	0.244183318379419	0.0589128463836462	0.183272799390661	NA	0.122871299084182	0.0999805275674306	NA	NA	NA	0.247036960992929	0.1681943187617	0.212911780814423	0.165826564237527	NA	0.0769701326262594	NA
NA	NA	NA	NA	NA	NA	NA	NA	NA	NA	NA	NA	NA	NA	NA	NA	NA	NA	NA
NA	0.233310317475236	NA	NA	0.309530403545118	0.172921797840839	0.220413819276732	NA	NA	NA	0.331136630584568	NA	0.210057642754423	0.120774865125206	0.114782058760268	0.0961556351183483	NA	NA	NA
NA	NA	NA	NA	NA	NA	NA	NA	NA	NA	NA	NA	NA	NA	NA	NA	NA	NA	NA
NA	NA	NA	NA	NA	NA	NA	NA	NA	NA	NA	NA	NA	NA	NA	NA	NA	NA	NA
NA	NA	NA	NA	NA	NA	NA	NA	NA	NA	NA	NA	NA	NA	NA	NA	NA	NA	NA
NA	NA	NA	NA	NA	NA	NA	NA	NA	NA	NA	NA	NA	NA	NA	NA	NA	NA	NA
NA	NA	NA	NA	NA	NA	NA	NA	NA	NA	NA	NA	NA	NA	NA	NA	NA	NA	NA
NA	NA	NA	NA	NA	NA	NA	NA	NA	NA	NA	NA	NA	NA	NA	NA	NA	NA	NA
NA	NA	0.61048971477205	NA	0.495597650549676	NA	0.423314335535437	NA	0.305359371989315	0.262330689568724	NA	0.19158785506998	0.218044368642771	0.253496028676615	0.270232366762012	NA	0.242977373807463	0.137651683206534	NA
0.208996156106243	NA	0.210561089849268	0.196814418570504	NA	NA	0.548906560148034	0.0579351749766659	0.125546754279394	0.0849753110725152	NA	0.239282849175618	0.296666509546911	0.326743868999942	0.797893315377991	0.561861308026191	0.37756284087305	1.11113772297963	NA
NA	NA	NA	NA	NA	NA	NA	NA	NA	NA	NA	NA	NA	NA	NA	NA	NA	NA	NA
NA	NA	NA	NA	NA	NA	NA	NA	NA	NA	NA	NA	NA	NA	NA	NA	NA	NA	NA
NA	NA	NA	NA	NA	NA	NA	NA	NA	NA	NA	NA	NA	NA	NA	NA	NA	NA	NA
NA	NA	NA	NA	NA	NA	NA	NA	NA	NA	NA	NA	NA	NA	NA	NA	NA	NA	NA
NA	NA	NA	NA	NA	NA	NA	NA	NA	NA	NA	NA	NA	NA	NA	NA	NA	NA	NA
NA	NA	NA	NA	NA	NA	NA	NA	NA	NA	NA	NA	NA	NA	NA	NA	NA	NA	NA
NA	NA	NA	NA	NA	NA	NA	NA	NA	NA	NA	NA	NA	NA	NA	NA	NA	NA	NA
NA	NA	NA	NA	NA	NA	NA	NA	NA	NA	NA	NA	NA	NA	NA	NA	NA	NA	NA
NA	NA	NA	NA	NA	NA	NA	NA	NA	NA	NA	NA	NA	NA	NA	NA	NA	NA	NA
NA	NA	NA	NA	NA	NA	NA	NA	NA	NA	NA	NA	NA	NA	NA	NA	NA	NA	NA
0.162162792442786	NA	0.430881404524782	NA	NA	0.518053003822991	0.342782747983487	NA	0.263119428128936	0.221565789746047	0.343652014558835	0.281929684767855	NA	0.240430481493833	NA	NA	0.0786525615501863	0.0237329055386188	NA
NA	NA	NA	0.326867882800863	0.188344105971816	0.126458756888947	NA	NA	NA	NA	NA	NA	NA	0.223880169626179	NA	NA	0.323589867184585	0.192705699038925	NA
NA	NA	NA	NA	NA	NA	NA	NA	NA	NA	NA	NA	NA	NA	NA	NA	NA	NA	NA
NA	NA	NA	0.348977443122017	0.572094137746015	NA	0.225685390607966	NA	0.490450363112584	NA	0.274820458922187	NA	NA	0.212510064964838	NA	NA	NA	0.105780309557802	NA
NA	NA	NA	NA	NA	NA	NA	NA	NA	NA	NA	NA	NA	NA	NA	NA	NA	NA	NA
NA	NA	NA	NA	NA	NA	NA	NA	NA	NA	NA	NA	NA	NA	NA	NA	NA	NA	NA
NA	NA	NA	NA	NA	NA	NA	NA	NA	NA	NA	NA	NA	NA	NA	NA	NA	NA	NA
0.277600762798585	NA	0.265016181595032	0.205152022459037	NA	0.513079129482639	0.537260158181364	0.539842809222986	0.230663611166404	NA	NA	0.33227793385215	0.299766932401782	0.247315983870383	0.18258395998802	0.713913775269309	0.703542723786668	0.278730004757041	NA
NA	NA	NA	NA	NA	NA	NA	NA	NA	NA	NA	NA	NA	NA	NA	NA	NA	NA	NA
NA	NA	NA	NA	NA	NA	NA	NA	NA	NA	NA	NA	NA	NA	NA	NA	NA	NA	NA
NA	NA	NA	NA	NA	NA	NA	NA	NA	NA	NA	NA	NA	NA	NA	NA	NA	NA	NA
NA	NA	NA	NA	NA	NA	NA	NA	NA	NA	NA	NA	NA	NA	NA	NA	NA	NA	NA
NA	NA	NA	NA	NA	NA	NA	NA	NA	NA	NA	NA	NA	NA	NA	NA	NA	NA	NA
NA	NA	NA	NA	NA	NA	NA	NA	NA	NA	NA	NA	NA	NA	NA	NA	NA	NA	NA
NA	NA	NA	NA	NA	NA	NA	NA	NA	NA	NA	NA	NA	NA	NA	NA	NA	NA	NA
NA	NA	NA	NA	NA	NA	NA	NA	NA	NA	NA	NA	NA	NA	NA	NA	NA	NA	NA
NA	NA	NA	NA	NA	NA	NA	NA	NA	NA	NA	NA	NA	NA	NA	NA	NA	NA	NA
NA	NA	NA	NA	NA	NA	NA	NA	NA	NA	NA	NA	NA	NA	NA	NA	NA	NA	NA
NA	NA	NA	NA	NA	NA	NA	NA	NA	NA	NA	NA	NA	NA	NA	NA	NA	NA	NA
0.568364132977131	NA	NA	0.536729434393929	0.563511696201342	0.52340255477699	NA	0.318436695135448	0.454128428664576	0.55741081417519	0.262672789471143	NA	NA	0.220318387126144	0.312351646141567	0.289367657276303	0.179390370367092	0.251307310282232	NA
0.341551122499365	NA	NA	NA	NA	NA	NA	0.23056687439547	0.264967596633997	0.380472552805092	NA	NA	0.271850866374654	NA	0.269546444606822	0.240208206114852	0.254688945907085	NA	NA
NA	NA	NA	NA	NA	NA	NA	NA	NA	NA	NA	NA	NA	NA	NA	NA	NA	NA	NA
NA	NA	NA	NA	NA	NA	NA	NA	NA	NA	NA	NA	NA	NA	NA	NA	NA	NA	NA
NA	NA	NA	NA	NA	NA	NA	NA	NA	NA	NA	NA	NA	NA	NA	NA	NA	NA	NA
0.540228824318297	0.515399387843891	NA	0.343528851712566	0.386590445202833	NA	0.159042273779861	0.222510908175043	0.322608900143463	0.677727245870935	0.257864581156318	0.236761638515832	0.764246314205658	NA	NA	NA	0.313606831522401	0.648598229634231	NA
NA	NA	NA	NA	NA	NA	NA	NA	NA	NA	NA	NA	NA	NA	NA	NA	NA	NA	NA
NA	NA	NA	NA	NA	NA	NA	NA	NA	NA	NA	NA	NA	NA	NA	NA	NA	NA	NA
0.278959713767391	0.215294258040132	0.282116513341982	0.224981323321364	NA	0.637344319077375	0.441957527141325	0.445100849498636	0.422776785012576	NA	NA	NA	NA	NA	0.239713048785198	0.14156173601792	NA	0.559740163661577	NA
NA	NA	NA	NA	NA	NA	NA	NA	NA	NA	NA	NA	NA	NA	NA	NA	NA	NA	NA
NA	NA	NA	NA	NA	NA	NA	NA	NA	NA	NA	NA	NA	NA	NA	NA	NA	NA	NA
0.290791918678266	0.264399280048748	NA	0.0990084601207399	0.246787130133829	NA	NA	NA	0.402254891362498	NA	NA	NA	NA	0.179410935545844	0.157104244248109	NA	0.102918714161008	0.29299768711769	NA
NA	NA	NA	NA	NA	NA	NA	NA	NA	NA	NA	NA	NA	NA	NA	NA	NA	NA	NA
NA	NA	NA	NA	NA	NA	NA	NA	NA	NA	NA	NA	NA	NA	NA	NA	NA	NA	NA
0.269976924813511	0.372582737054002	0.306459947103699	0.307612307241439	0.27871919166331	0.287140034346847	0.139801789267309	NA	0.207043776702179	NA	NA	NA	NA	NA	NA	0.0574912857690088	0.0834979016404248	0.170647630181481	NA
NA	NA	NA	NA	NA	NA	NA	NA	NA	NA	NA	NA	NA	NA	NA	NA	NA	NA	NA
NA	NA	NA	NA	NA	NA	NA	NA	NA	NA	NA	NA	NA	NA	NA	NA	NA	NA	NA
0.270978637779294	NA	0.303634095928152	0.306107996088173	0.251574623676423	0.10081084822361	NA	0.189906939403615	0.473470326414539	NA	NA	0.252615135406162	0.28528634302025	0.237841896518663	0.099268519348016	NA	0.238894953109657	0.298413105317732	NA
NA	NA	NA	NA	NA	NA	NA	NA	NA	NA	NA	NA	NA	NA	NA	NA	NA	NA	NA
NA	NA	NA	NA	NA	NA	NA	NA	NA	NA	NA	NA	NA	NA	NA	NA	NA	NA	NA
0.227126475739536	0.244321489743902	NA	NA	0.167432727168853	0.0986956080307051	0.121218733817293	NA	0.104613367040257	NA	NA	0.127317759463402	0.206569999160407	0.107075957484349	0.275016402315427	0.257033434592098	NA	0.170872833386709	NA
NA	NA	NA	NA	NA	NA	NA	NA	NA	NA	NA	NA	NA	NA	NA	NA	NA	NA	NA
0.426390923393165	0.339301843882302	NA	NA	NA	0.333902888910452	0.415646307918926	0.168728840013511	0.234462156704018	0.207186109646754	NA	0.239314680039212	0.328773410817985	NA	NA	NA	0.0629863001204378	0.134388706387374	NA
NA	NA	NA	NA	NA	NA	NA	NA	NA	NA	NA	NA	NA	NA	NA	NA	NA	NA	NA
NA	0.526904715270246	NA	NA	NA	NA	0.255605331458309	NA	0.151358355656713	0.0806591636147165	NA	NA	NA	NA	0.137835648118983	NA	0.19437206163115	NA	NA
NA	NA	NA	NA	NA	NA	NA	NA	NA	NA	NA	NA	NA	NA	NA	NA	NA	NA	NA
NA	0.202481506692597	0.258731679180082	NA	0.19352000288847	NA	0.425254247809168	NA	0.365187240280334	0.121792590024651	NA	NA	NA	0.35656122532373	0.34926528982613	NA	0.129506731838726	0.212044988691101	NA
NA	NA	NA	NA	NA	NA	NA	NA	NA	NA	NA	NA	NA	NA	NA	NA	NA	NA	NA
NA	NA	NA	NA	NA	NA	NA	NA	NA	NA	NA	NA	NA	NA	NA	NA	NA	NA	NA
NA	NA	NA	NA	NA	NA	NA	NA	NA	NA	NA	NA	NA	NA	NA	NA	NA	NA	NA
NA	NA	NA	NA	NA	NA	NA	NA	NA	NA	NA	NA	NA	NA	NA	NA	NA	NA	NA
0.69884840500125	0.751430706575186	0.428368281182001	0.421419513141907	NA	NA	0.482789275850341	NA	0.332400129727521	NA	0.249092674371993	0.213737440781274	0.213449360313454	0.250567766544245	0.557577001448938	0.163409628805629	0.0140886598085186	0.061314008534251	NA
NA	NA	NA	NA	NA	NA	NA	NA	NA	NA	NA	NA	NA	NA	NA	NA	NA	NA	NA
NA	NA	NA	NA	NA	NA	NA	NA	NA	NA	NA	NA	NA	NA	NA	NA	NA	NA	NA
NA	NA	NA	NA	NA	NA	NA	NA	NA	NA	NA	NA	NA	NA	NA	NA	NA	NA	NA
NA	NA	NA	NA	NA	NA	NA	NA	NA	NA	NA	NA	NA	NA	NA	NA	NA	NA	NA
NA	NA	NA	NA	NA	NA	NA	NA	NA	NA	NA	NA	NA	NA	NA	NA	NA	NA	NA
NA	NA	NA	NA	NA	NA	NA	NA	NA	NA	NA	NA	NA	NA	NA	NA	NA	NA	NA
NA	0.127304334023441	NA	NA	NA	0.24905059211119	NA	NA	NA	NA	NA	0.591056775015765	0.353508867352149	0.523028773333013	0.0948388094545061	NA	0.458708956528411	0.246441468886633	NA
NA	NA	NA	NA	NA	NA	NA	NA	NA	NA	NA	NA	NA	NA	NA	NA	NA	NA	NA
NA	NA	NA	NA	NA	NA	NA	NA	NA	NA	NA	NA	NA	NA	NA	NA	NA	NA	NA
NA	NA	NA	NA	NA	NA	NA	NA	NA	NA	NA	NA	NA	NA	NA	NA	NA	NA	NA
NA	NA	NA	NA	NA	NA	NA	NA	NA	NA	NA	NA	NA	NA	NA	NA	NA	NA	NA
NA	NA	0.221583958511466	0.221695161235622	NA	0.181683893032441	0.249784309973513	NA	0.127599737287039	0.175898542765768	NA	NA	0.162085052398488	0.0797753125055781	NA	NA	NA	NA	NA
NA	NA	NA	NA	NA	NA	NA	NA	NA	NA	NA	NA	NA	NA	NA	NA	NA	NA	NA
NA	NA	NA	NA	NA	NA	NA	NA	NA	NA	NA	NA	NA	NA	NA	NA	NA	NA	NA
NA	NA	NA	NA	NA	NA	NA	NA	NA	NA	NA	NA	NA	NA	NA	NA	NA	NA	NA
NA	NA	NA	NA	NA	NA	NA	NA	NA	NA	NA	NA	NA	NA	NA	NA	NA	NA	NA
NA	NA	0.33253577854004	0.187367538116367	NA	0.219134711139314	NA	0.203155054045117	NA	NA	0.0735292973286374	NA	0.137186625032798	0.0413436520847918	0.0111081745327573	0.105503685145936	NA	NA	NA
NA	NA	NA	NA	NA	NA	NA	NA	NA	NA	NA	NA	NA	NA	NA	NA	NA	NA	NA
NA	NA	NA	NA	NA	NA	NA	NA	NA	NA	NA	NA	NA	NA	NA	NA	NA	NA	NA
NA	NA	0.735366413767918	0.663436401439545	NA	NA	0.712434868058731	NA	NA	0.401630493096746	0.353382324836466	NA	0.35792698790101	NA	0.6108055810996	0.169134805665727	NA	0.09614589635762	NA
NA	NA	NA	NA	NA	NA	NA	NA	NA	NA	NA	NA	NA	NA	NA	NA	NA	NA	NA
NA	0.202678888085715	NA	0.730651399634732	0.655756053965426	0.237210124855173	0.702198565912109	NA	NA	NA	0.634389589115037	0.508031801695987	0.402597921566572	0.563911249188321	0.0685380044156956	NA	0.581056116338443	0.192511389666818	NA
NA	NA	NA	NA	NA	NA	NA	NA	NA	NA	NA	NA	NA	NA	NA	NA	NA	NA	NA
NA	NA	NA	NA	NA	NA	NA	NA	NA	NA	NA	NA	NA	NA	NA	NA	NA	NA	NA
NA	NA	NA	0.658933132536843	0.195516863759158	0.119000304434714	NA	NA	0.764282820329022	0.078067788081776	0.7820988795707	0.837423812187217	0.0979505713686822	NA	NA	NA	0.741483650684558	0.103317381763515	NA
NA	NA	NA	NA	NA	NA	NA	NA	NA	NA	NA	NA	NA	NA	NA	NA	NA	NA	NA
NA	NA	NA	NA	NA	NA	NA	NA	NA	NA	NA	NA	NA	NA	NA	NA	NA	NA	NA
NA	NA	NA	NA	NA	NA	NA	NA	NA	NA	NA	NA	NA	NA	NA	NA	NA	NA	NA
NA	NA	NA	NA	NA	NA	NA	NA	NA	NA	NA	NA	NA	NA	NA	NA	NA	NA	NA
NA	NA	NA	NA	NA	NA	NA	NA	NA	NA	NA	NA	NA	NA	NA	NA	NA	NA	NA
NA	NA	NA	NA	NA	NA	NA	NA	NA	NA	NA	NA	NA	NA	NA	NA	NA	NA	NA
NA	NA	NA	NA	NA	NA	NA	NA	NA	NA	NA	NA	NA	NA	NA	NA	NA	NA	NA
NA	NA	NA	NA	NA	NA	NA	NA	NA	NA	NA	NA	NA	NA	NA	NA	NA	NA	NA
NA	NA	NA	NA	NA	NA	NA	NA	NA	NA	NA	NA	NA	NA	NA	NA	NA	NA	NA
NA	NA	NA	NA	NA	NA	NA	NA	NA	NA	NA	NA	NA	NA	NA	NA	NA	NA	NA
NA	NA	NA	NA	NA	NA	NA	NA	NA	NA	NA	NA	NA	NA	NA	NA	NA	NA	NA
NA	NA	NA	NA	NA	NA	NA	NA	NA	NA	NA	NA	NA	NA	NA	NA	NA	NA	NA
NA	NA	NA	NA	NA	NA	NA	NA	NA	NA	NA	NA	NA	NA	NA	NA	NA	NA	NA
NA	NA	NA	NA	NA	NA	NA	NA	NA	NA	NA	NA	NA	NA	NA	NA	NA	NA	NA
0.469091358633086	0.372358707203195	NA	0.385475781939434	NA	NA	0.419810551945488	NA	0.356043354577344	NA	NA	NA	NA	NA	0.343771213028914	NA	NA	0.379015608250196	NA
NA	NA	NA	NA	NA	NA	NA	NA	NA	NA	NA	NA	NA	NA	NA	NA	NA	NA	NA
NA	NA	NA	NA	NA	NA	NA	NA	0.0807758482319108	0.207815235776706	0.267230663209412	NA	NA	0.182888214915199	NA	0.243524802992929	NA	NA	NA
0.357150779969123	0.284523887912381	0.424035627512652	0.465119468297358	0.384286918244416	0.105060646637126	0.160555009844343	0.875631603108627	0.119222591286249	0.250591377279336	0.381301660501525	0.224939253099724	0.244242172177837	NA	0.158992913996528	NA	0.173055262360823	0.294940639675755	NA
0.826434174822826	NA	NA	NA	0.486755634551135	0.474153834282841	0.268444273998101	NA	0.30906285855494	0.262701818916094	NA	0.211486658158081	NA	NA	0.139477544564091	0.179441231108383	0.123841210802426	0.0463419968003877	NA
NA	NA	NA	NA	NA	NA	NA	NA	NA	NA	NA	NA	NA	NA	NA	NA	NA	NA	NA
NA	NA	NA	NA	NA	NA	NA	NA	NA	NA	NA	NA	NA	NA	NA	NA	NA	NA	NA
0.174567932996054	NA	NA	0.164406816926436	0.265228195326655	0.317818068558672	0.179326641691054	NA	0.192119704293958	NA	NA	0.172366269433829	0.113153372403895	NA	0.142781963658619	0.217047923200607	0.219149195128389	0.118219419573929	NA
NA	NA	NA	NA	NA	NA	NA	NA	NA	NA	NA	NA	NA	NA	NA	NA	NA	NA	NA
0.21306366075544	0.278864850005267	NA	NA	0.394786005579516	0.328017962484904	0.241993294604705	NA	NA	NA	NA	NA	0.898497556278471	0.910162219939946	0.250475370876	NA	NA	0.133089665652177	NA
NA	NA	NA	NA	NA	NA	NA	NA	NA	NA	NA	NA	NA	NA	NA	NA	NA	NA	NA
NA	NA	NA	NA	NA	NA	NA	NA	NA	NA	NA	NA	NA	NA	NA	NA	NA	NA	NA
NA	NA	NA	NA	NA	NA	NA	NA	NA	NA	NA	NA	NA	NA	NA	NA	NA	NA	NA
NA	NA	NA	NA	NA	NA	NA	NA	NA	NA	NA	NA	NA	NA	NA	NA	NA	NA	NA
NA	NA	NA	NA	NA	NA	NA	NA	NA	NA	NA	NA	NA	NA	NA	NA	NA	NA	NA
NA	NA	NA	NA	NA	NA	NA	NA	NA	NA	NA	NA	NA	NA	NA	NA	NA	NA	NA
NA	NA	NA	NA	NA	NA	NA	NA	NA	NA	NA	NA	NA	NA	NA	NA	NA	NA	NA
NA	NA	NA	NA	NA	NA	NA	NA	NA	NA	NA	NA	NA	NA	NA	NA	NA	NA	NA
0.268395855407536	0.198007875460905	0.210747358759573	0.134532030427022	NA	0.251461522572586	NA	0.323246718850798	0.217923551451497	0.153101583419319	0.200652257971106	0.251226048177503	0.14260998119822	NA	0.102701473642273	NA	NA	0.0984237481935621	NA
NA	NA	NA	NA	NA	NA	NA	NA	NA	NA	NA	NA	NA	NA	NA	NA	NA	NA	NA
0.667087424870338	NA	0.291251502165023	0.492255353624936	0.400055461755712	NA	NA	NA	NA	0.339146315665147	NA	NA	0.269864993885136	0.731424042188922	0.151669782425168	NA	0.777328252746082	0.0756643151889335	NA
NA	NA	NA	NA	NA	NA	NA	NA	NA	NA	NA	NA	NA	NA	NA	NA	NA	NA	NA
0.31188391905355	NA	NA	NA	NA	NA	NA	NA	NA	0.263327358077443	NA	NA	0.102883412607391	0.134727574995774	0.12527879127864	0.148972778939409	0.181904184875587	0.697217418728822	NA
NA	NA	NA	NA	NA	NA	NA	NA	NA	NA	NA	NA	NA	NA	NA	NA	NA	NA	NA
NA	NA	NA	NA	NA	NA	NA	NA	NA	NA	NA	NA	NA	NA	NA	NA	NA	NA	NA
NA	NA	NA	NA	NA	NA	NA	NA	NA	NA	NA	NA	NA	NA	NA	NA	NA	NA	NA
NA	NA	NA	NA	NA	NA	NA	NA	NA	NA	NA	NA	NA	NA	NA	NA	NA	NA	NA
NA	NA	NA	NA	NA	NA	NA	NA	NA	NA	NA	NA	NA	NA	NA	NA	NA	NA	NA
NA	NA	NA	NA	NA	NA	NA	NA	NA	NA	NA	NA	NA	NA	NA	NA	NA	NA	NA
NA	NA	NA	NA	NA	NA	NA	NA	NA	NA	NA	NA	NA	NA	NA	NA	NA	NA	NA
NA	NA	NA	NA	NA	NA	NA	NA	NA	NA	NA	NA	NA	NA	NA	NA	NA	NA	NA
NA	NA	NA	NA	NA	NA	NA	NA	NA	NA	NA	NA	NA	NA	NA	NA	NA	NA	NA
NA	NA	NA	NA	NA	NA	NA	NA	NA	NA	NA	NA	NA	NA	NA	NA	NA	NA	NA
NA	NA	NA	NA	NA	NA	NA	NA	NA	NA	NA	NA	NA	NA	NA	NA	NA	NA	NA
NA	NA	NA	NA	NA	NA	NA	NA	NA	NA	NA	NA	NA	NA	NA	NA	NA	NA	NA
NA	NA	NA	NA	NA	NA	NA	NA	NA	NA	NA	NA	NA	NA	NA	NA	NA	NA	NA
NA	NA	NA	NA	NA	NA	NA	NA	NA	NA	NA	NA	NA	NA	NA	NA	NA	NA	NA
NA	NA	NA	NA	NA	NA	NA	NA	NA	NA	NA	NA	NA	NA	NA	NA	NA	NA	NA
NA	NA	NA	NA	NA	NA	NA	NA	NA	NA	NA	NA	NA	NA	NA	NA	NA	NA	NA
NA	NA	NA	NA	NA	NA	NA	NA	NA	NA	NA	NA	NA	NA	NA	NA	NA	NA	NA
NA	0.402987355445861	0.424883770474279	0.350841946497094	NA	0.612995222107839	0.388405932424081	NA	0.436054797090041	NA	NA	NA	NA	0.048317671341973	0.191654659054945	NA	NA	NA	NA
NA	NA	NA	NA	NA	NA	NA	NA	NA	NA	NA	NA	NA	NA	NA	NA	NA	NA	NA
NA	0.25289551438577	0.274353007389763	NA	NA	0.344656020065062	0.248780568695841	NA	0.218140267030948	NA	0.0639232431623147	0.133233692446484	0.378211061849761	0.116834281064392	0.389183795018822	NA	NA	0.0519184159944213	NA
NA	NA	NA	NA	NA	NA	NA	NA	NA	NA	NA	NA	NA	NA	NA	NA	NA	NA	NA
NA	NA	NA	NA	NA	NA	NA	NA	NA	NA	NA	NA	NA	NA	NA	NA	NA	NA	NA
NA	NA	NA	NA	NA	NA	NA	NA	NA	NA	NA	NA	NA	NA	NA	NA	NA	NA	NA
NA	NA	NA	NA	NA	NA	NA	NA	NA	NA	NA	NA	NA	NA	NA	NA	NA	NA	NA
NA	NA	NA	NA	NA	NA	NA	NA	NA	NA	NA	NA	NA	NA	NA	NA	NA	NA	NA
NA	NA	NA	NA	NA	NA	NA	NA	NA	NA	NA	NA	NA	NA	NA	NA	NA	NA	NA
NA	NA	NA	NA	NA	NA	NA	NA	NA	NA	NA	NA	NA	NA	NA	NA	NA	NA	NA
NA	NA	NA	NA	NA	NA	NA	NA	NA	NA	NA	NA	NA	NA	NA	NA	NA	NA	NA
NA	NA	NA	NA	NA	NA	NA	NA	NA	NA	NA	NA	NA	NA	NA	NA	NA	NA	NA
NA	NA	NA	NA	NA	NA	NA	NA	NA	NA	NA	NA	NA	NA	NA	NA	NA	NA	NA
NA	NA	NA	NA	NA	NA	NA	NA	NA	NA	NA	NA	NA	NA	NA	NA	NA	NA	NA
NA	NA	NA	NA	NA	NA	NA	NA	NA	NA	NA	NA	NA	NA	NA	NA	NA	NA	NA
NA	0.298537953497255	0.34296749166578	NA	0.306221593994192	0.307136800076509	NA	NA	NA	0.113508192276111	NA	0.118495899698313	0.125563457688296	NA	0.807317201388523	NA	NA	NA	NA
NA	NA	0.173654004217905	0.148135099618097	NA	NA	0.0920861961407518	NA	0.231508226664678	0.285074433356933	NA	0.229838643143935	0.192287380026789	0.270966520467366	NA	0.147152422049967	0.181315621441375	NA	NA
NA	NA	NA	NA	NA	NA	NA	NA	NA	NA	NA	NA	NA	NA	NA	NA	NA	NA	NA
NA	0.25882775747398	0.32579094650408	0.171015041100034	NA	0.397836073040325	NA	NA	NA	NA	NA	NA	0.184943367561703	0.160952439197829	NA	NA	0.169080477312671	0.0777005660875534	NA
NA	NA	NA	NA	NA	NA	NA	NA	NA	NA	NA	NA	NA	NA	NA	NA	NA	NA	NA
NA	NA	NA	NA	NA	NA	NA	NA	NA	NA	NA	NA	NA	NA	NA	NA	NA	NA	NA
NA	NA	NA	NA	NA	NA	NA	NA	NA	NA	NA	NA	NA	NA	NA	NA	NA	NA	NA
NA	NA	NA	NA	NA	NA	NA	NA	NA	NA	NA	NA	NA	NA	NA	NA	NA	NA	NA
0.609100058282874	0.472406787884038	NA	0.354652873028954	NA	NA	0.435835426749734	NA	1.04955045948551	0.557722965223247	NA	0.452335180346852	NA	NA	NA	NA	NA	0.47849259751019	NA
NA	NA	NA	NA	NA	NA	NA	NA	NA	NA	NA	NA	NA	NA	NA	NA	NA	NA	NA
NA	NA	NA	NA	NA	NA	NA	NA	NA	NA	NA	NA	NA	NA	NA	NA	NA	NA	NA
NA	NA	NA	NA	NA	NA	NA	NA	NA	NA	NA	NA	NA	NA	NA	NA	NA	NA	NA
NA	NA	NA	NA	NA	NA	NA	NA	NA	NA	NA	NA	NA	NA	NA	NA	NA	NA	NA
NA	NA	NA	NA	NA	NA	NA	NA	NA	NA	NA	NA	NA	NA	NA	NA	NA	NA	NA
NA	NA	NA	NA	0.417783936987623	NA	0.406474963862978	NA	0.316457558374087	0.369359544809283	NA	NA	NA	0.873804791878714	NA	0.081978834951309	0.735387388134971	0.00899241193547779	NA
NA	NA	NA	NA	NA	NA	NA	NA	NA	NA	NA	NA	NA	NA	NA	NA	NA	NA	NA
NA	NA	NA	NA	NA	NA	NA	NA	NA	NA	NA	NA	NA	NA	NA	NA	NA	NA	NA
NA	NA	NA	NA	NA	NA	NA	NA	NA	NA	NA	NA	NA	NA	NA	NA	NA	NA	NA
NA	NA	NA	NA	NA	NA	NA	NA	NA	NA	NA	NA	NA	NA	NA	NA	NA	NA	NA
NA	NA	NA	NA	NA	NA	NA	NA	NA	NA	NA	NA	NA	NA	NA	NA	NA	NA	NA
NA	NA	NA	NA	NA	NA	NA	NA	NA	NA	NA	NA	NA	NA	NA	NA	NA	NA	NA
NA	NA	NA	NA	NA	NA	NA	NA	NA	NA	NA	NA	NA	NA	NA	NA	NA	NA	NA
NA	NA	NA	NA	NA	0.270091332923985	0.305508664822252	0.37527018598405	NA	0.263363506896336	0.193256123936092	0.0900438129635617	NA	0.133269552823023	0.20957093958431	NA	0.178441854578936	NA	NA
NA	NA	NA	0.179605119073082	NA	NA	0.479002987782468	NA	0.229462316475542	0.249351066003468	NA	0.318366139384071	NA	0.174793332362713	0.176240936314863	0.273973407743079	0.169472960164569	NA	NA
NA	NA	NA	NA	NA	NA	NA	NA	NA	NA	NA	NA	NA	NA	NA	NA	NA	NA	NA
NA	NA	NA	NA	NA	0.105060646639193	0.197602675850801	NA	0.0894989641128579	0.171048420919279	0.271985539390108	0.239538449025341	0.2492176636828	NA	0.123031323440001	NA	0.173055262360823	0.294940639594371	NA
NA	NA	NA	NA	NA	NA	NA	NA	NA	NA	NA	NA	NA	NA	NA	NA	NA	NA	NA
NA	NA	NA	NA	NA	NA	NA	NA	NA	NA	NA	NA	NA	NA	NA	NA	NA	NA	NA
NA	NA	NA	NA	NA	NA	NA	NA	NA	NA	NA	NA	NA	NA	NA	NA	NA	NA	NA
NA	NA	NA	NA	NA	NA	NA	NA	NA	NA	NA	NA	NA	NA	NA	NA	NA	NA	NA
NA	NA	NA	NA	NA	NA	NA	NA	NA	NA	NA	NA	NA	NA	NA	NA	NA	NA	NA
0.516262910598942	NA	0.31756815844587	0.19844516049983	NA	NA	0.167565905362848	0.403126840392935	0.465670086462613	0.305040704134692	0.229358344797262	0.0361870223745089	NA	0.0954557065472518	0.0801330023242008	0.146867268083273	NA	0.0748962280835256	NA
NA	NA	NA	NA	NA	NA	NA	NA	NA	NA	NA	NA	NA	NA	NA	NA	NA	NA	NA
NA	NA	NA	NA	NA	NA	NA	NA	NA	NA	NA	NA	NA	NA	NA	NA	NA	NA	NA
NA	NA	NA	NA	NA	NA	NA	NA	NA	NA	NA	NA	NA	NA	NA	NA	NA	NA	NA
NA	NA	NA	NA	NA	NA	NA	NA	NA	NA	NA	NA	NA	NA	NA	NA	NA	NA	NA
0.17104374622874	0.1203269045971	NA	0.301586944307842	NA	NA	NA	NA	0.286450495208994	NA	NA	NA	NA	NA	0.0748116554659903	NA	0.205646110873091	0.452951141066811	NA
0.524818394269663	0.655680132395131	NA	0.846663296848279	0.496135530263577	0.760134820999568	NA	0.389239970078392	0.381193270566616	NA	NA	0.820200280365244	0.672315014361795	0.550159007099924	0.491275364471219	0.935976683677775	0.550931910253658	0.942942597051545	NA
NA	NA	NA	NA	NA	NA	NA	NA	NA	NA	NA	NA	NA	NA	NA	NA	NA	NA	NA
NA	NA	NA	NA	NA	NA	NA	NA	NA	NA	NA	NA	NA	NA	NA	NA	NA	NA	NA
0.354524471887958	NA	0.279609737357347	0.280947810466043	0.47682154852033	0.201950894334154	NA	0.259878235917401	0.42469804432507	0.392470139363008	0.259397341764939	NA	NA	NA	NA	0.22262144449245	0.0636452632900842	0.203973417312486	NA
NA	NA	NA	NA	NA	NA	NA	NA	NA	NA	NA	NA	NA	NA	NA	NA	NA	NA	NA
0.117125517962873	NA	NA	NA	NA	NA	0.423977562537119	NA	0.154617172090465	0.325163711886214	NA	NA	0.543388245537761	0.262893213166151	0.502255126056194	NA	0.187617496865993	0.117109807077757	NA
NA	NA	NA	NA	NA	NA	NA	NA	NA	NA	NA	NA	NA	NA	NA	NA	NA	NA	NA
NA	NA	NA	NA	NA	NA	NA	NA	NA	NA	NA	NA	NA	NA	NA	NA	NA	NA	NA
NA	NA	NA	NA	NA	NA	NA	NA	NA	NA	NA	NA	NA	NA	NA	NA	NA	NA	NA
NA	NA	NA	NA	NA	NA	NA	NA	NA	NA	NA	NA	NA	NA	NA	NA	NA	NA	NA
0.399430878420766	0.4389064411759	0.526489810950293	NA	NA	0.429802268209884	0.395879874491566	0.372083541790469	0.15541374415153	0.16737100127379	NA	NA	NA	0.547072712709843	NA	NA	NA	0.283068455041482	NA
0.298438702416432	NA	NA	0.341934783916448	0.352286797903016	0.312588859642979	NA	0.291862444063483	0.278257273657926	0.139146193345932	0.110702988550901	NA	NA	NA	0.13449759196158	0.169724939482862	0.21115386627561	0.0701747681465744	NA
0.17075353920469	0.217336003298603	NA	0.299263902774954	0.244477935981892	0.265028069565865	0.47306250269586	0.175355427514979	0.385839911190664	0.334760520865812	NA	NA	0.213539674400524	0.414529477347466	0.451471068995704	NA	NA	0.107162578179073	NA
0.334562467814893	0.390594992940205	NA	NA	NA	NA	NA	0.200473618767045	0.162727685057112	0.21239385923367	0.216581019408649	0.228563195124756	NA	NA	NA	NA	0.184437634870799	NA	NA
NA	NA	NA	NA	NA	NA	NA	NA	NA	NA	NA	NA	NA	NA	NA	NA	NA	NA	NA
NA	NA	NA	NA	NA	NA	NA	NA	NA	NA	NA	NA	NA	NA	NA	NA	NA	NA	NA
NA	0.134874917002736	0.089951117037541	0.221471016880982	0.440993832244735	NA	NA	NA	NA	0.393445301382168	NA	NA	0.191001512867743	0.209239800347453	NA	NA	NA	NA	NA
NA	NA	NA	NA	NA	NA	NA	NA	NA	NA	NA	NA	NA	NA	NA	NA	NA	NA	NA
NA	NA	NA	NA	NA	NA	NA	NA	NA	NA	NA	NA	NA	NA	NA	NA	NA	NA	NA
NA	NA	NA	NA	NA	NA	NA	NA	NA	NA	NA	NA	NA	NA	NA	NA	NA	NA	NA
0.372489641371993	0.260150313258453	0.238222786281598	NA	NA	0.240721782348798	0.358018148430325	NA	0.3102025438918	0.490024143420756	NA	NA	NA	NA	NA	NA	NA	NA	NA
NA	NA	NA	NA	NA	NA	NA	NA	NA	NA	NA	NA	NA	NA	NA	NA	NA	NA	NA
NA	NA	NA	NA	NA	NA	NA	NA	NA	NA	NA	NA	NA	NA	NA	NA	NA	NA	NA
NA	NA	NA	NA	NA	NA	NA	NA	NA	NA	NA	NA	NA	NA	NA	NA	NA	NA	NA
NA	NA	NA	NA	NA	NA	NA	NA	NA	NA	NA	NA	NA	NA	NA	NA	NA	NA	NA
NA	0.507903548283028	0.452231006154567	NA	0.38522181992694	0.345623700854353	NA	NA	NA	NA	NA	0.193496206965418	NA	0.215579762793783	0.264208350306662	NA	NA	0.101805050626893	NA
NA	NA	NA	NA	NA	NA	NA	NA	NA	NA	NA	NA	NA	NA	NA	NA	NA	NA	NA
NA	NA	NA	NA	NA	NA	NA	NA	NA	NA	NA	NA	NA	NA	NA	NA	NA	NA	NA
NA	NA	NA	NA	NA	NA	NA	NA	NA	NA	NA	NA	NA	NA	NA	NA	NA	NA	NA
0.318258869663688	NA	0.276635308743978	0.363862459096005	NA	NA	0.338356700222276	0.257015717725765	0.252189632414995	0.246869372495173	NA	0.215998522384568	NA	NA	NA	0.0954294330985818	NA	0.110907295660706	NA
0.334817548487059	NA	0.328571963334192	0.245668856795396	NA	NA	NA	NA	0.178726520848121	0.0889762261013422	NA	NA	0.27021825868192	0.203039719820595	0.15248249160196	NA	0.123227434588199	NA	NA
NA	NA	NA	NA	NA	NA	NA	NA	NA	NA	NA	NA	NA	NA	NA	NA	NA	NA	NA
NA	NA	NA	NA	NA	NA	NA	NA	NA	NA	NA	NA	NA	NA	NA	NA	NA	NA	NA
NA	NA	NA	NA	NA	NA	NA	NA	NA	NA	NA	NA	NA	NA	NA	NA	NA	NA	NA
NA	NA	NA	NA	NA	NA	NA	NA	NA	NA	NA	NA	NA	NA	NA	NA	NA	NA	NA
NA	NA	NA	NA	NA	NA	NA	NA	NA	NA	NA	NA	NA	NA	NA	NA	NA	NA	NA
NA	NA	NA	NA	NA	NA	NA	NA	NA	NA	NA	NA	NA	NA	NA	NA	NA	NA	NA
NA	NA	NA	NA	NA	NA	NA	NA	NA	NA	NA	NA	NA	NA	NA	NA	NA	NA	NA
NA	NA	NA	NA	NA	NA	NA	NA	NA	NA	NA	NA	NA	NA	NA	NA	NA	NA	NA
NA	NA	NA	NA	NA	NA	NA	NA	NA	NA	NA	NA	NA	NA	NA	NA	NA	NA	NA
NA	NA	NA	NA	NA	NA	NA	NA	NA	NA	NA	NA	NA	NA	NA	NA	NA	NA	NA
NA	NA	NA	NA	NA	NA	0.290383140597654	NA	0.228158257031241	NA	0.258110025867715	NA	0.288508556535672	0.231467831613995	NA	0.404914912804061	0.432015399797357	NA	NA
NA	NA	NA	NA	NA	NA	NA	NA	NA	NA	NA	NA	NA	NA	NA	NA	NA	NA	NA
NA	NA	NA	NA	NA	NA	NA	NA	NA	NA	NA	NA	NA	NA	NA	NA	NA	NA	NA
NA	NA	NA	NA	NA	NA	NA	NA	NA	NA	NA	NA	NA	NA	NA	NA	NA	NA	NA
NA	NA	NA	NA	NA	NA	NA	NA	NA	NA	NA	NA	NA	NA	NA	NA	NA	NA	NA
0.535298034699784	0.123090235875805	0.203729344914127	0.205531134760878	0.0887299574506372	NA	0.120098964250628	NA	0.098443263078055	0.25799896453265	NA	NA	0.120670227104539	NA	0.158710360769076	0.129218000986869	NA	0.0944725190954495	NA
NA	NA	NA	NA	NA	NA	NA	NA	NA	NA	NA	NA	NA	NA	NA	NA	NA	NA	NA
0.798410135166869	NA	0.680415320777888	0.719745707237891	NA	NA	0.45224355000558	NA	NA	NA	NA	0.795283530885039	0.860329886541387	0.0945004783557016	0.298447332638099	NA	0.52323619963211	0.0402082660570405	NA
0.237324494717153	0.232493111568695	0.34343177645959	0.337984426707454	NA	0.181571673012256	0.275903353143696	NA	NA	NA	NA	0.298798415950929	0.186636591460158	NA	0.311155547078699	0.250142780034117	0.0728397333478323	NA	NA
NA	NA	NA	NA	NA	NA	NA	NA	NA	NA	NA	NA	NA	NA	NA	NA	NA	NA	NA
0.278733186788377	0.285930804672034	0.321302467687843	0.405659382884562	NA	0.20877814244601	0.253951340956244	0.253078144554098	0.247187204761855	0.173319068584445	NA	NA	NA	0.337407017808668	NA	NA	NA	0.207233028622149	NA
NA	NA	NA	NA	NA	NA	NA	NA	NA	NA	NA	NA	NA	NA	NA	NA	NA	NA	NA
NA	NA	NA	NA	NA	NA	NA	NA	NA	NA	NA	NA	NA	NA	NA	NA	NA	NA	NA
NA	NA	NA	NA	NA	NA	NA	NA	NA	NA	NA	NA	NA	NA	NA	NA	NA	NA	NA
NA	NA	NA	NA	NA	NA	NA	NA	NA	NA	NA	NA	NA	NA	NA	NA	NA	NA	NA
NA	NA	NA	NA	NA	NA	NA	NA	NA	NA	NA	NA	NA	NA	NA	NA	NA	NA	NA
NA	NA	NA	NA	NA	NA	NA	NA	NA	NA	NA	NA	NA	NA	NA	NA	NA	NA	NA
NA	NA	NA	NA	NA	NA	NA	NA	NA	NA	NA	NA	NA	NA	NA	NA	NA	NA	NA
NA	NA	NA	NA	NA	NA	NA	NA	NA	NA	NA	NA	NA	NA	NA	NA	NA	NA	NA
NA	NA	NA	NA	NA	NA	NA	NA	NA	NA	NA	NA	NA	NA	NA	NA	NA	NA	NA
0.20216474096855	0.247020549145661	NA	NA	0.316263718296729	0.315156187017575	0.320563663212322	0.248019261854355	NA	0.137591586969637	0.455833113397739	NA	0.213711181814897	0.536722930656073	0.508121743677645	0.308220551944272	0.115403578273262	NA	NA
NA	NA	NA	NA	NA	NA	NA	NA	NA	NA	NA	NA	NA	NA	NA	NA	NA	NA	NA
NA	NA	NA	NA	NA	NA	NA	NA	NA	NA	NA	NA	NA	NA	NA	NA	NA	NA	NA
NA	NA	NA	NA	NA	NA	NA	NA	NA	NA	NA	NA	NA	NA	NA	NA	NA	NA	NA
0.38695732294196	0.568005349601689	0.400558304007849	0.527551460903601	0.695004244038751	0.192413834488187	NA	NA	0.0906377349185287	0.0306801683845704	NA	NA	0.125413222514938	NA	0.108548951183094	0.118901628834951	NA	NA	NA
NA	NA	NA	NA	NA	NA	NA	NA	NA	NA	NA	NA	NA	NA	NA	NA	NA	NA	NA
NA	NA	NA	NA	NA	NA	NA	NA	NA	NA	NA	NA	NA	NA	NA	NA	NA	NA	NA
NA	NA	NA	NA	NA	NA	NA	NA	NA	NA	NA	NA	NA	NA	NA	NA	NA	NA	NA
NA	NA	NA	NA	NA	NA	NA	NA	NA	NA	NA	NA	NA	NA	NA	NA	NA	NA	NA
NA	NA	NA	NA	NA	NA	NA	NA	NA	NA	NA	NA	NA	NA	NA	NA	NA	NA	NA
NA	NA	NA	NA	NA	NA	NA	NA	NA	NA	NA	NA	NA	NA	NA	NA	NA	NA	NA
NA	NA	NA	NA	NA	NA	NA	NA	NA	NA	NA	NA	NA	NA	NA	NA	NA	NA	NA
NA	NA	NA	NA	NA	NA	NA	NA	NA	NA	NA	NA	NA	NA	NA	NA	NA	NA	NA
NA	NA	NA	NA	NA	NA	NA	NA	NA	NA	NA	NA	NA	NA	NA	NA	NA	NA	NA
NA	NA	NA	NA	NA	NA	NA	NA	NA	NA	NA	NA	NA	NA	NA	NA	NA	NA	NA
NA	NA	NA	NA	NA	NA	NA	NA	NA	NA	NA	NA	NA	NA	NA	NA	NA	NA	NA
NA	NA	NA	NA	NA	NA	NA	NA	NA	NA	NA	NA	NA	NA	NA	NA	NA	NA	NA
NA	0.550943559575613	NA	0.520155106404652	0.427067975691053	NA	NA	NA	0.40273892384769	0.413403083712277	0.299680294174814	NA	NA	NA	NA	NA	NA	0.131006033938442	NA
NA	NA	NA	NA	NA	NA	NA	NA	NA	NA	NA	NA	NA	NA	NA	NA	NA	NA	NA
NA	0.207441009887394	NA	NA	0.178098220955802	NA	NA	NA	NA	0.229482107820315	0.381248064419299	NA	0.455487625349048	NA	0.337691938592276	0.228218223466603	NA	0.0472878906159457	NA
NA	0.378489744929542	0.43457105661588	0.379623086510455	0.376851614676625	NA	NA	NA	0.282820302651144	NA	NA	NA	NA	0.340014976678656	0.252329016471091	NA	0.103323554863522	0.0541541514841614	NA
0.373897596801314	0.0821141610256304	0.164301174352205	NA	0.167541341339667	0.0947801774452948	NA	NA	NA	0.121583405733743	NA	0.119921830420482	0.327729110297635	0.256652210970763	0.371303145823156	NA	0.123050453522935	0.0258640976256538	NA
NA	NA	NA	NA	NA	NA	NA	NA	NA	NA	NA	NA	NA	NA	NA	NA	NA	NA	NA
NA	0.131833400921913	0.157183508165327	0.13256635758059	NA	0.0912835337351162	0.194887206237026	NA	0.180318129536267	0.373666492879941	NA	NA	NA	0.236680309910263	0.222924756590716	0.253321532031846	0.193616062374009	0.238753918482568	NA
NA	NA	NA	NA	NA	NA	NA	NA	NA	NA	NA	NA	NA	NA	NA	NA	NA	NA	NA
NA	NA	NA	0.383677782267699	0.356909538867059	0.471307553862411	0.510103823051095	NA	NA	0.0591061547556485	NA	NA	0.161084769094737	0.713157865425267	0.180660929774017	NA	0.148828056877245	0.22681779653137	NA
NA	NA	NA	NA	NA	NA	NA	NA	NA	NA	NA	NA	NA	NA	NA	NA	NA	NA	NA
NA	NA	NA	0.461941972353232	NA	NA	NA	NA	0.33356703835116	0.247923525221162	NA	0.555076523769846	0.200757919425348	0.323956854212226	NA	0.748013379639607	0.239903527027338	NA	NA
NA	NA	NA	NA	NA	NA	NA	NA	NA	NA	NA	NA	NA	NA	NA	NA	NA	NA	NA
0.248220580604989	NA	NA	0.340183758896105	0.265357218199517	0.31871471644454	0.29827790875039	NA	0.250555880553493	0.266951708727129	0.14630682925048	NA	0.0885163224283415	0.231431357698954	0.208189273450272	0.108896597353455	0.184823990142766	0.174368842168141	NA
NA	NA	NA	NA	NA	NA	NA	NA	NA	NA	NA	NA	NA	NA	NA	NA	NA	NA	NA
NA	NA	NA	0.216335187928807	NA	0.343147426651558	0.25788221562031	0.250023243215922	0.3654879884909	0.23598313835024	NA	NA	0.151197112649728	NA	NA	0.123790035211064	NA	0.232734327623325	NA
NA	NA	NA	NA	NA	NA	NA	NA	NA	NA	NA	NA	NA	NA	NA	NA	NA	NA	NA
NA	NA	NA	NA	NA	NA	NA	NA	NA	NA	NA	NA	NA	NA	NA	NA	NA	NA	NA
NA	NA	0.273776339198414	NA	0.136784340736078	NA	NA	NA	NA	NA	NA	NA	0.0719768676171808	0.1666837293545	0.0413781486489657	NA	NA	0.0156204280808551	NA
NA	NA	NA	NA	NA	NA	NA	NA	NA	NA	NA	NA	NA	NA	NA	NA	NA	NA	NA
NA	NA	NA	NA	NA	NA	NA	NA	NA	NA	NA	NA	NA	NA	NA	NA	NA	NA	NA
NA	NA	NA	NA	NA	0.170636775924025	0.399999628487357	NA	0.318812785835786	NA	0.427149520842012	NA	0.410297000839977	0.430711276141393	NA	NA	0.0778352105917101	0.149518029153189	NA
NA	NA	NA	NA	NA	NA	NA	NA	NA	NA	NA	NA	NA	NA	NA	NA	NA	NA	NA
NA	NA	NA	NA	NA	NA	NA	NA	NA	NA	NA	NA	NA	NA	NA	NA	NA	NA	NA
0.27191156500935	NA	NA	0.357647319601408	NA	NA	0.441230155292632	NA	0.273449549400373	NA	NA	NA	0.305386553115286	NA	0.19158752150021	NA	0.15503134666874	0.419099003964659	NA
NA	NA	NA	NA	NA	NA	NA	NA	NA	NA	NA	NA	NA	NA	NA	NA	NA	NA	NA
0.317602644386445	0.320061267495146	NA	NA	0.250536389607646	0.225371289081166	0.214931515500243	0.222276846203447	0.231965570611495	0.221823037135718	NA	NA	NA	NA	0.198959379762728	0.179268414388573	0.147623478027485	0.0872529800115315	NA
NA	NA	NA	NA	NA	NA	NA	NA	NA	NA	NA	NA	NA	NA	NA	NA	NA	NA	NA
NA	NA	NA	NA	NA	NA	NA	NA	NA	NA	NA	NA	NA	NA	NA	NA	NA	NA	NA
NA	NA	NA	NA	NA	NA	NA	NA	NA	NA	NA	NA	NA	NA	NA	NA	NA	NA	NA
NA	NA	NA	NA	NA	NA	NA	NA	NA	NA	NA	NA	NA	NA	NA	NA	NA	NA	NA
NA	NA	NA	NA	NA	NA	NA	NA	NA	NA	NA	NA	NA	NA	NA	NA	NA	NA	NA
0.369643250858405	NA	NA	NA	0.225857788822348	0.208857613200325	0.147232314640943	NA	NA	NA	0.187353442591582	NA	NA	NA	0.492043581885262	0.211581060047843	NA	0.118501459909972	NA
0.407663569942398	0.370151022271496	0.404249880845645	NA	0.448723699622051	NA	NA	NA	NA	0.349608025722509	0.282254873456264	0.214827452897049	0.251334386740313	NA	NA	NA	0.143567988749057	0.0897946653279534	NA
0.512719810321557	NA	NA	0.469126431976896	NA	0.225560882756659	0.500177787879942	NA	NA	NA	0.222516428980209	0.216412718414481	0.193744843794463	NA	0.162242584658926	NA	0.127014935192681	NA	NA
0.210898473879679	NA	NA	NA	0.187582038109276	NA	NA	NA	0.169785804451055	0.141051164051845	NA	0.121740298866173	0.145947013072812	0.143138618401257	0.176362312249981	0.180995498944647	0.236262282764136	NA	NA
NA	NA	NA	NA	NA	NA	NA	NA	NA	NA	NA	NA	NA	NA	NA	NA	NA	NA	NA
NA	NA	NA	NA	NA	NA	NA	NA	NA	NA	NA	NA	NA	NA	NA	NA	NA	NA	NA
NA	NA	NA	NA	NA	NA	NA	NA	NA	NA	NA	NA	NA	NA	NA	NA	NA	NA	NA
NA	NA	NA	NA	NA	NA	NA	NA	NA	NA	NA	NA	NA	NA	NA	NA	NA	NA	NA
NA	NA	NA	NA	NA	NA	NA	NA	NA	NA	NA	NA	NA	NA	NA	NA	NA	NA	NA
NA	NA	NA	NA	NA	NA	NA	NA	NA	NA	NA	NA	NA	NA	NA	NA	NA	NA	NA
NA	NA	NA	NA	NA	NA	NA	NA	NA	NA	NA	NA	NA	NA	NA	NA	NA	NA	NA
NA	NA	NA	NA	NA	NA	NA	NA	NA	NA	NA	NA	NA	NA	NA	NA	NA	NA	NA
NA	NA	NA	NA	NA	NA	NA	NA	NA	NA	NA	NA	NA	NA	NA	NA	NA	NA	NA
NA	NA	NA	NA	NA	NA	NA	NA	NA	NA	NA	NA	NA	NA	NA	NA	NA	NA	NA
NA	NA	NA	NA	NA	NA	NA	NA	NA	NA	NA	NA	NA	NA	NA	NA	NA	NA	NA
0.18511459299397	NA	NA	NA	0.2682635199662	0.177856983358683	0.169680731022753	NA	NA	NA	NA	0.0606419010659414	0.0974139726123333	0.112505025073499	0.296353606480128	0.261666899336643	NA	0.347892221848326	NA
NA	NA	NA	NA	NA	NA	NA	NA	NA	NA	NA	NA	NA	NA	NA	NA	NA	NA	NA
0.366567733918905	0.275912136492698	0.19475815436061	0.52843690390065	0.419334661531506	NA	0.268978887698315	0.219435238523193	0.219708882328554	0.196448417282938	0.324766111084939	NA	0.344433951409338	NA	0.449740234536589	0.387192985254213	0.375356543944228	0.20451795172886	NA
NA	NA	NA	NA	NA	NA	NA	NA	NA	NA	NA	NA	NA	NA	NA	NA	NA	NA	NA
NA	NA	NA	NA	NA	NA	NA	NA	NA	NA	NA	NA	NA	NA	NA	NA	NA	NA	NA
NA	NA	NA	NA	NA	NA	NA	NA	NA	NA	NA	NA	NA	NA	NA	NA	NA	NA	NA
NA	NA	NA	NA	NA	NA	NA	NA	NA	NA	NA	NA	NA	NA	NA	NA	NA	NA	NA
NA	0.664690870724704	0.540651334250554	0.668932329280259	NA	0.628515010822834	0.484046354254292	0.360621381793479	0.275315374606503	0.221219480007814	NA	NA	0.16546685180724	0.113611315418623	0.0539953256010324	0.0235344100044524	0.148409549770512	NA	NA
NA	0.305454474841376	0.324046702499143	0.300592485200468	0.27833287454251	0.454020925643704	NA	0.179682082801793	0.265156702306758	0.28245890207352	0.125897926463838	0.226555234363096	NA	NA	0.0782267724002328	0.151444646426083	NA	0.0814303461692037	NA
NA	NA	NA	NA	NA	NA	NA	NA	NA	NA	NA	NA	NA	NA	NA	NA	NA	NA	NA
NA	NA	NA	NA	NA	NA	NA	NA	NA	NA	NA	NA	NA	NA	NA	NA	NA	NA	NA
NA	NA	NA	NA	NA	NA	NA	NA	NA	NA	NA	NA	NA	NA	NA	NA	NA	NA	NA
NA	NA	NA	NA	NA	NA	NA	NA	NA	NA	NA	NA	NA	NA	NA	NA	NA	NA	NA
NA	NA	NA	NA	NA	NA	NA	NA	NA	NA	NA	NA	NA	NA	NA	NA	NA	NA	NA
NA	NA	NA	NA	NA	NA	NA	NA	NA	NA	NA	NA	NA	NA	NA	NA	NA	NA	NA
0.339086480337139	NA	0.239089585678961	0.27659392260566	0.151272462856309	NA	NA	0.0815326363782655	0.133924275566277	0.148307779570066	0.17728280553463	0.182209012772959	NA	NA	NA	0.282299893138663	NA	0.107040575480448	NA
NA	NA	NA	NA	NA	NA	NA	NA	NA	NA	NA	NA	NA	NA	NA	NA	NA	NA	NA
0.115427721688134	0.370426988232006	0.39763253395922	0.316830039338118	NA	0.486574153287757	0.537221957328299	0.485921397370402	0.312670842071668	NA	NA	NA	NA	0.724786139348726	0.725874579654163	0.127294559281202	0.111377869387276	0.293984069380309	NA
NA	NA	NA	NA	NA	NA	NA	NA	NA	NA	NA	NA	NA	NA	NA	NA	NA	NA	NA
NA	NA	NA	NA	NA	NA	NA	NA	NA	NA	NA	NA	NA	NA	NA	NA	NA	NA	NA
NA	NA	NA	NA	NA	NA	NA	NA	NA	NA	NA	NA	NA	NA	NA	NA	NA	NA	NA
NA	NA	NA	NA	NA	NA	NA	NA	NA	NA	NA	NA	NA	NA	NA	NA	NA	NA	NA
NA	0.464116465708848	NA	0.230143942212765	0.231148353299335	0.533475725419553	NA	NA	0.375689944767288	NA	NA	0.334941968795193	NA	NA	0.257173140528466	NA	0.234416069117165	0.142237392484356	NA
NA	NA	NA	NA	NA	NA	NA	NA	NA	NA	NA	NA	NA	NA	NA	NA	NA	NA	NA
NA	NA	NA	NA	NA	NA	NA	NA	NA	NA	NA	NA	NA	NA	NA	NA	NA	NA	NA
NA	NA	NA	NA	NA	NA	NA	NA	NA	NA	NA	NA	NA	NA	NA	NA	NA	NA	NA
NA	NA	NA	NA	NA	NA	NA	NA	NA	NA	NA	NA	NA	NA	NA	NA	NA	NA	NA
0.14203020295062	NA	NA	0.1439014105553	NA	0.359017173328178	0.18158450655801	NA	0.115529339806402	0.0632243893657809	NA	NA	0.214208930702679	NA	0.16023327532079	0.0432010289308135	0.0843141893632577	0.115578134481446	NA
NA	NA	NA	NA	NA	NA	NA	NA	NA	NA	NA	NA	NA	NA	NA	NA	NA	NA	NA
NA	NA	NA	NA	NA	NA	NA	NA	NA	NA	NA	NA	NA	NA	NA	NA	NA	NA	NA
NA	NA	NA	NA	NA	NA	NA	NA	NA	NA	NA	NA	NA	NA	NA	NA	NA	NA	NA
NA	NA	NA	NA	NA	NA	NA	NA	NA	NA	NA	NA	NA	NA	NA	NA	NA	NA	NA
NA	NA	0.393057645384715	NA	0.492981737060854	0.668471733926559	0.49467828222506	NA	NA	NA	0.247455811940851	NA	0.109740419796902	NA	NA	NA	NA	0.116907021043239	NA
NA	NA	NA	NA	NA	NA	NA	NA	NA	NA	NA	NA	NA	NA	NA	NA	NA	NA	NA
NA	NA	NA	NA	0.410285026342172	0.481818665867609	0.347282144687127	0.329667217690536	NA	NA	NA	0.167829421487956	NA	NA	0.271132737093448	0.264685324516387	NA	NA	NA
NA	NA	NA	NA	NA	NA	NA	NA	NA	NA	NA	NA	NA	NA	NA	NA	NA	NA	NA
0.229721824925533	NA	NA	NA	NA	NA	0.277330846804725	NA	0.135207002586427	NA	0.994987606761429	0.218718787746496	0.247502760910951	NA	0.426753257903132	0.161556788136462	0.114776474548528	0.5546213408588	NA
NA	0.311421041269264	NA	NA	NA	NA	0.284533417556062	NA	NA	0.259430372597957	NA	NA	0.254037518558771	0.238266792692143	0.310965330259142	NA	0.385905181523919	0.38024384041976	NA
NA	NA	NA	NA	NA	NA	NA	NA	NA	NA	NA	NA	NA	NA	NA	NA	NA	NA	NA
NA	NA	NA	NA	NA	NA	NA	NA	NA	NA	NA	NA	NA	NA	NA	NA	NA	NA	NA
0.573921542409171	0.523894313987892	NA	NA	NA	NA	0.445356359204174	0.432338284645996	0.514934377289056	0.291391233652219	0.400672554042971	NA	NA	NA	NA	NA	0.149430114942825	NA	NA
0.237942980058736	0.171255319730251	NA	NA	NA	NA	NA	NA	NA	NA	NA	0.295864472612417	NA	NA	0.295169734821579	0.744137293827186	NA	0.750807951956198	NA
0.40806414571704	0.489192248515307	0.307084463855287	0.639190738022358	NA	0.364861211173104	0.494440959326757	NA	0.368894317203239	NA	NA	NA	NA	0.257784740430493	0.481541458670793	NA	NA	0.630125713630351	NA
NA	NA	NA	NA	NA	NA	NA	NA	NA	NA	NA	NA	NA	NA	NA	NA	NA	NA	NA
NA	NA	NA	NA	NA	NA	NA	NA	NA	NA	NA	NA	NA	NA	NA	NA	NA	NA	NA
NA	NA	NA	NA	NA	NA	NA	NA	NA	NA	NA	NA	NA	NA	NA	NA	NA	NA	NA
NA	NA	NA	NA	NA	NA	NA	NA	NA	NA	NA	NA	NA	NA	NA	NA	NA	NA	NA
NA	NA	NA	NA	NA	NA	NA	NA	NA	NA	NA	NA	NA	NA	NA	NA	NA	NA	NA
NA	NA	NA	NA	NA	NA	NA	NA	NA	NA	NA	NA	NA	NA	NA	NA	NA	NA	NA
NA	NA	NA	NA	NA	NA	NA	NA	NA	NA	NA	NA	NA	NA	NA	NA	NA	NA	NA
NA	NA	NA	NA	NA	NA	NA	NA	NA	NA	NA	NA	NA	NA	NA	NA	NA	NA	NA
NA	NA	NA	NA	NA	NA	NA	NA	NA	NA	NA	NA	NA	NA	NA	NA	NA	NA	NA
NA	NA	NA	NA	NA	NA	NA	NA	NA	NA	NA	NA	NA	NA	NA	NA	NA	NA	NA
0.253857919409802	0.272924248445059	NA	0.321434177777888	NA	NA	0.282568512965407	0.224749806484156	0.330614798752772	NA	NA	NA	0.242854716345669	0.227357563621318	NA	NA	NA	0.271850857760546	NA
NA	NA	NA	NA	NA	NA	NA	NA	NA	NA	NA	NA	NA	NA	NA	NA	NA	NA	NA
NA	NA	NA	NA	NA	NA	NA	NA	NA	NA	NA	NA	NA	NA	NA	NA	NA	NA	NA
NA	NA	NA	NA	NA	NA	NA	NA	NA	NA	NA	NA	NA	NA	NA	NA	NA	NA	NA
NA	NA	NA	NA	NA	NA	NA	NA	NA	NA	NA	NA	NA	NA	NA	NA	NA	NA	NA
NA	NA	NA	NA	NA	NA	NA	NA	NA	NA	NA	NA	NA	NA	NA	NA	NA	NA	NA
NA	NA	NA	NA	NA	NA	NA	NA	NA	NA	NA	NA	NA	NA	NA	NA	NA	NA	NA
NA	NA	NA	NA	NA	NA	NA	NA	NA	NA	NA	NA	NA	NA	NA	NA	NA	NA	NA
NA	NA	NA	NA	NA	NA	NA	NA	NA	NA	NA	NA	NA	NA	NA	NA	NA	NA	NA
NA	NA	NA	NA	NA	NA	NA	NA	NA	NA	NA	NA	NA	NA	NA	NA	NA	NA	NA
0.525122593074864	NA	0.466916496619458	NA	0.492050841564105	0.567885599448701	0.37682239382545	0.353825223215643	0.391707404155392	NA	NA	NA	0.196216468636939	0.115071751090504	0.0961215663271837	NA	0.201315582289536	NA	NA
NA	NA	NA	NA	NA	NA	NA	NA	NA	NA	NA	NA	NA	NA	NA	NA	NA	NA	NA
0.19143118287451	NA	NA	NA	NA	NA	0.604350167298783	0.462588733502068	0.619657672046582	0.490321648662608	0.429153566192463	0.396600829228688	0.346144561495855	0.527851607278636	0.425031158299016	NA	NA	0.0439269760516167	NA
NA	NA	NA	NA	NA	NA	NA	NA	NA	NA	NA	NA	NA	NA	NA	NA	NA	NA	NA
NA	NA	NA	NA	NA	NA	NA	NA	NA	NA	NA	NA	NA	NA	NA	NA	NA	NA	NA
NA	NA	NA	NA	NA	NA	NA	NA	NA	NA	NA	NA	NA	NA	NA	NA	NA	NA	NA
NA	NA	NA	NA	NA	NA	NA	NA	NA	NA	NA	NA	NA	NA	NA	NA	NA	NA	NA
NA	NA	NA	NA	NA	NA	NA	NA	NA	NA	NA	NA	NA	NA	NA	NA	NA	NA	NA
NA	NA	NA	NA	NA	NA	NA	NA	NA	NA	NA	NA	NA	NA	NA	NA	NA	NA	NA
NA	NA	NA	NA	NA	NA	NA	NA	NA	NA	NA	NA	NA	NA	NA	NA	NA	NA	NA
NA	NA	NA	NA	NA	NA	NA	NA	NA	NA	NA	NA	NA	NA	NA	NA	NA	NA	NA
NA	NA	NA	NA	NA	NA	NA	NA	NA	NA	NA	NA	NA	NA	NA	NA	NA	NA	NA
NA	NA	NA	NA	NA	NA	NA	NA	NA	NA	NA	NA	NA	NA	NA	NA	NA	NA	NA
NA	NA	NA	NA	NA	NA	NA	NA	NA	NA	NA	NA	NA	NA	NA	NA	NA	NA	NA
NA	0.597172748460553	NA	0.527783121383021	NA	NA	0.589624618229158	NA	0.235904390761385	0.248022721266403	NA	NA	0.180931037294051	NA	0.334028794739522	0.250239204131165	NA	0.174275879181402	NA
NA	0.244280083270209	0.331432552494104	NA	NA	0.267747965728122	0.283945655660853	NA	0.3142859553747	0.400783494107771	0.187396393479701	NA	0.127690595444473	NA	NA	NA	NA	NA	NA
NA	NA	NA	NA	NA	NA	NA	NA	NA	NA	NA	NA	NA	NA	NA	NA	NA	NA	NA
NA	NA	NA	NA	NA	NA	NA	NA	NA	NA	NA	NA	NA	NA	NA	NA	NA	NA	NA
NA	NA	NA	NA	NA	NA	NA	NA	NA	NA	NA	NA	NA	NA	NA	NA	NA	NA	NA
NA	NA	NA	NA	NA	NA	NA	NA	NA	NA	NA	NA	NA	NA	NA	NA	NA	NA	NA
NA	0.563393094580986	0.290636522660913	0.333435786427129	0.397239175502547	NA	0.364855439312257	0.446465651535919	NA	0.376009986601582	NA	NA	NA	0.334247420893906	NA	NA	NA	0.0356967253296061	NA
NA	NA	NA	NA	NA	NA	NA	NA	NA	NA	NA	NA	NA	NA	NA	NA	NA	NA	NA
0.144147782070473	NA	NA	0.0619748167934352	0.262636469536283	0.253609920584815	0.281981439922947	0.286183622273989	NA	0.141487387510666	0.182309940508717	0.117801435154993	0.344503037707305	NA	NA	0.328485550896756	0.158217855035778	0.154674996551294	NA
NA	NA	NA	NA	NA	NA	NA	NA	NA	NA	NA	NA	NA	NA	NA	NA	NA	NA	NA
NA	NA	NA	0.258832575308536	NA	0.197027172473918	0.197072514472854	NA	0.281478181416018	NA	NA	NA	NA	0.117820810148691	0.142655283189601	0.156335842268781	0.131268905806465	NA	NA
NA	NA	NA	0.591153493127545	0.576836191661433	NA	NA	0.175446669735632	NA	0.135974775270442	0.192077328288286	0.324104639997893	NA	NA	NA	0.298063630685063	NA	0.0489678232695685	NA
NA	NA	NA	NA	NA	NA	NA	NA	NA	NA	NA	NA	NA	NA	NA	NA	NA	NA	NA
NA	NA	NA	0.333010541642162	NA	NA	NA	0.351958289438291	0.254618234902866	0.114929890213732	NA	0.194809456023741	0.0967311038842341	0.190770368154268	NA	0.0938023530013728	NA	NA	NA
NA	NA	NA	NA	NA	NA	NA	NA	NA	NA	NA	NA	NA	NA	NA	NA	NA	NA	NA
NA	NA	NA	NA	NA	NA	NA	NA	NA	NA	NA	NA	NA	NA	NA	NA	NA	NA	NA
NA	NA	NA	NA	NA	NA	NA	NA	NA	NA	NA	NA	NA	NA	NA	NA	NA	NA	NA
NA	NA	NA	NA	NA	NA	NA	NA	NA	NA	NA	NA	NA	NA	NA	NA	NA	NA	NA
NA	NA	NA	NA	NA	NA	NA	NA	NA	NA	NA	NA	NA	NA	NA	NA	NA	NA	NA
NA	NA	NA	NA	0.397437900109659	NA	0.0762470599429011	NA	NA	NA	NA	0.423295373747556	0.221621381471619	0.241527288900244	0.610351643014587	NA	0.124771733127679	NA	NA
NA	NA	NA	NA	0.436029510333012	0.501124061995523	0.745966210714773	NA	0.545250000689238	NA	0.787476804329065	0.594825353141989	0.480289029443215	0.420283754990763	0.26937734729954	0.302363673648377	NA	0.112455867309202	NA
NA	NA	NA	NA	NA	NA	NA	NA	NA	NA	NA	NA	NA	NA	NA	NA	NA	NA	NA
NA	NA	NA	NA	NA	NA	NA	NA	NA	NA	NA	NA	NA	NA	NA	NA	NA	NA	NA
NA	NA	NA	NA	NA	0.155730057128361	0.203896002361894	0.160815775192302	NA	NA	NA	0.213268450414317	NA	NA	NA	NA	NA	0.0879429078407089	NA
NA	NA	NA	NA	NA	NA	NA	NA	NA	NA	NA	NA	NA	NA	NA	NA	NA	NA	NA
NA	NA	NA	NA	NA	NA	NA	0.330590877573923	NA	NA	0.436708810550639	0.260622798082301	0.666420541832594	0.383475359766991	0.466476100833431	0.370493533299642	0.387990785129895	0.0421285284894753	NA
NA	NA	NA	NA	NA	NA	0.169186483510224	0.398854565531686	NA	NA	0.154585181535686	0.251186073900904	NA	0.155403370142076	0.0769270376230722	0.117247707914292	NA	0.121788390775547	NA
NA	NA	NA	0.554945127999731	1.01591151400722	1.12807861856299	0.954635970213732	0.919537361912127	0.995829360150224	0.971912038269845	NA	NA	1.30166578462554	1.23276791155376	1.15051417475254	1.05813137377228	1.02850749407161	NA	NA
0.158260759387073	NA	NA	0.108046098244801	NA	NA	0.213985880318816	NA	0.246478287446689	NA	NA	0.241650982558299	0.367875086862168	0.256389783159975	0.219609544043299	0.0905990119471	NA	0.167519142898481	NA
0.341412218816829	NA	0.22940555818695	0.257333836564452	0.264465873059104	0.326539821024041	0.275634430951951	0.496686261011874	0.435445033336467	0.390415581963074	0.233618932042362	0.218142033107757	0.16378459115672	0.215735928967629	NA	NA	NA	0.11415746597512	NA
0.682434103987189	0.662679246366739	NA	0.360352367533899	0.56310549412972	NA	0.52705096055507	NA	NA	NA	NA	NA	0.808882488907426	NA	0.629416022598903	1.16414532289597	NA	NA	NA
0.500383888416565	NA	NA	0.406272967520159	0.351903053422413	NA	NA	0.297408919662692	0.122506191721503	NA	0.540560924913905	0.183775781783229	0.26076663445935	0.306692475616576	0.300814049841208	0.318668227238575	0.128993861851538	0.0928299031217364	NA
0.196186182965655	0.234170430069364	0.256913168611704	0.482891530334301	0.0797082542745532	NA	NA	NA	0.603750118135436	0.591088860300146	NA	0.226278526392374	0.475346825687071	0.170795466795434	0.174996499222498	NA	0.211833627392032	0.11726395459207	NA
NA	NA	NA	NA	NA	NA	NA	NA	NA	NA	NA	NA	NA	NA	NA	NA	NA	NA	NA
NA	NA	NA	NA	NA	NA	NA	NA	NA	NA	NA	NA	NA	NA	NA	NA	NA	NA	NA
0.33421150998393	0.245800413471818	0.0714932180586788	0.185910151786	NA	0.247184318978266	NA	NA	0.129553874940223	0.386059469531713	0.106023470811967	NA	NA	NA	0.353742710268313	0.209953039534143	0.151690430701767	NA	NA
0.296940393706107	NA	NA	0.500140275212068	NA	NA	NA	0.497449107194448	0.193674357653675	0.172704939542736	0.296094877771801	0.215522962228533	NA	0.114273674086826	0.102611774199292	0.0500328034206716	NA	0.147279891251496	NA
NA	NA	NA	NA	NA	NA	NA	NA	NA	NA	NA	NA	NA	NA	NA	NA	NA	NA	NA
NA	NA	NA	NA	NA	NA	NA	NA	NA	NA	NA	NA	NA	NA	NA	NA	NA	NA	NA
0.610906860182324	0.239459939071308	0.244907250106518	0.19989193007893	NA	NA	0.430208849887324	NA	0.198558174326761	NA	NA	0.271103961228648	NA	NA	NA	NA	NA	0.371745003084823	NA
NA	NA	NA	NA	NA	NA	NA	NA	NA	NA	NA	NA	NA	NA	NA	NA	NA	NA	NA
0.548453643053122	NA	0.479583771943706	NA	0.576923564971905	NA	0.647536862564981	NA	0.176395117650221	0.381000895509846	0.510695977800295	0.632096495222638	0.510743871789072	NA	NA	0.4157261997551	0.084425581807053	NA	NA
NA	NA	NA	NA	NA	NA	NA	NA	NA	NA	NA	NA	NA	NA	NA	NA	NA	NA	NA
NA	NA	NA	NA	NA	NA	NA	NA	NA	NA	NA	NA	NA	NA	NA	NA	NA	NA	NA
NA	NA	NA	NA	NA	NA	NA	NA	NA	NA	NA	NA	NA	NA	NA	NA	NA	NA	NA
NA	NA	NA	NA	NA	NA	NA	NA	NA	NA	NA	NA	NA	NA	NA	NA	NA	NA	NA
NA	NA	NA	NA	NA	NA	NA	NA	NA	NA	NA	NA	NA	NA	NA	NA	NA	NA	NA
0.459499697804395	NA	0.573569272615242	0.586466590417726	0.7678382343855	0.740373140937775	NA	NA	0.629635044809717	NA	NA	NA	NA	NA	NA	NA	0.30077250361645	0.498305277707346	NA
0.37926311903767	NA	0.21058666230685	0.22760919919094	NA	NA	NA	NA	0.126932845842551	NA	NA	NA	NA	NA	NA	NA	0.115540295379922	NA	NA
0.49205579320252	NA	0.885570946950665	0.516281037253246	0.572390291833005	0.463783921444388	NA	NA	0.109100885772468	0.133267571471883	0.086296588952786	0.181845684824373	NA	NA	0.537305273964986	0.093164180533785	0.580929257637232	0.0960672804545495	NA
0.0942368121275231	0.148170995638272	NA	NA	NA	0.263418643710439	0.160868554875783	0.152589302195595	0.227621028466494	NA	0.304241854979385	0.177972636328949	NA	0.106449908071529	0.123038260360853	NA	0.180405565830888	NA	NA
NA	NA	NA	NA	NA	NA	NA	NA	NA	NA	NA	NA	NA	NA	NA	NA	NA	NA	NA
0.103794223183823	NA	NA	NA	0.303363284127685	NA	0.181530068792315	0.178269408091667	NA	0.170478118739222	0.382424046224213	0.351461034458005	0.147799946892547	0.169029232907356	0.102147607596849	NA	NA	0.197068460962015	NA
0.272036822623855	NA	0.293175895283718	0.252300281001404	0.319320629758245	0.236512570355479	0.186496316544918	NA	0.0758891422978719	0.147164662953402	0.145092006057655	0.380005531750296	0.290127295650919	0.34388255840931	0.186435523702519	NA	0.0483902236741598	0.0630814294492434	NA
NA	NA	NA	NA	NA	NA	NA	NA	NA	NA	NA	NA	NA	NA	NA	NA	NA	NA	NA
NA	NA	NA	NA	NA	NA	NA	NA	NA	NA	NA	NA	NA	NA	NA	NA	NA	NA	NA
NA	NA	NA	NA	NA	NA	NA	NA	NA	NA	NA	NA	NA	NA	NA	NA	NA	NA	NA
NA	0.345967006926756	NA	0.458489713524427	0.400726095491056	NA	NA	0.431447579580029	NA	NA	NA	0.393421955730646	0.400228056089161	0.113530957581129	0.135785055860263	NA	NA	0.502085428234328	NA
NA	NA	NA	NA	NA	NA	NA	NA	NA	NA	NA	NA	NA	NA	NA	NA	NA	NA	NA
NA	NA	NA	NA	NA	NA	NA	NA	NA	NA	NA	NA	NA	NA	NA	NA	NA	NA	NA
0.153108051183138	0.147538000043631	0.288146046838228	0.248650115032975	0.483882486645881	0.156147346027973	0.149423485964859	NA	0.172949546663818	0.144631687069057	0.116897922938324	NA	0.289567430436474	0.258483366981945	0.130781464430889	NA	NA	0.133254689879787	NA
NA	0.427846814523729	0.419115285632385	0.392175986374786	0.418533896602062	0.456089764293909	0.581232625778042	NA	0.517203776463135	NA	0.721863048661771	1.2766869481964	NA	NA	0.645065120541675	NA	0.658078968776645	0.647371753809154	NA
NA	NA	0.485778860403338	NA	NA	NA	NA	NA	NA	0.438705277448147	0.429608393745208	0.432875303687953	NA	NA	0.313203678831285	0.377085974231057	0.364718247944821	0.372707958557391	NA
NA	NA	NA	NA	NA	NA	NA	NA	NA	NA	NA	NA	NA	NA	NA	NA	NA	NA	NA
NA	NA	NA	NA	NA	NA	NA	NA	NA	NA	NA	NA	NA	NA	NA	NA	NA	NA	NA
0.277169363669485	NA	0.261713613298788	NA	NA	NA	NA	NA	0.255063074483716	NA	0.1371743877543	NA	0.0169720984294985	NA	NA	NA	NA	0.096966963042314	NA
NA	NA	NA	NA	NA	NA	NA	NA	NA	NA	NA	NA	NA	NA	NA	NA	NA	NA	NA
NA	NA	0.128869769693402	NA	NA	0.25269770976582	0.176027310640763	NA	0.139238888169565	0.109740672019335	0.110615921822277	NA	0.168888499674173	NA	NA	NA	0.230756596381234	0.198599093832818	NA
NA	NA	NA	NA	NA	NA	NA	NA	NA	NA	NA	NA	NA	NA	NA	NA	NA	NA	NA
NA	NA	NA	NA	NA	NA	NA	NA	NA	NA	NA	NA	NA	NA	NA	NA	NA	NA	NA
NA	NA	NA	NA	NA	NA	NA	NA	NA	NA	NA	NA	NA	NA	NA	NA	NA	NA	NA
NA	NA	NA	NA	NA	NA	NA	NA	NA	NA	NA	NA	NA	NA	NA	NA	NA	NA	NA
NA	NA	NA	NA	NA	NA	NA	NA	NA	NA	NA	NA	NA	NA	NA	NA	NA	NA	NA
NA	NA	NA	NA	NA	NA	NA	NA	NA	NA	NA	NA	NA	NA	NA	NA	NA	NA	NA
NA	NA	NA	0.258307443651522	NA	0.376273458573974	NA	NA	NA	NA	0.159011682483434	NA	NA	NA	NA	0.305351052735456	NA	NA	NA
NA	NA	NA	NA	NA	NA	NA	NA	NA	NA	NA	NA	NA	NA	NA	NA	NA	NA	NA
NA	NA	NA	0.123005339136457	0.0603766446734379	NA	NA	NA	0.160996882396873	0.136855437996698	0.0787203814143434	0.13692901004094	0.242611703358234	0.254936533921024	0.263971702308919	NA	0.199073937261383	0.081075509817056	NA
NA	NA	NA	NA	NA	NA	NA	NA	NA	NA	NA	NA	NA	NA	NA	NA	NA	NA	NA
NA	NA	NA	NA	0.168978968047865	NA	NA	NA	NA	0.0326441254518585	NA	NA	NA	0.240477301995102	0.313493034135679	NA	NA	0.113428359174613	NA
NA	NA	NA	NA	NA	NA	NA	NA	NA	NA	NA	NA	NA	NA	NA	NA	NA	NA	NA
NA	NA	NA	NA	NA	NA	NA	NA	NA	NA	NA	NA	NA	NA	NA	NA	NA	NA	NA
NA	NA	NA	NA	NA	NA	NA	NA	NA	NA	NA	NA	NA	NA	NA	NA	NA	NA	NA
NA	NA	NA	NA	NA	NA	NA	NA	NA	NA	NA	NA	NA	NA	NA	NA	NA	NA	NA
NA	NA	NA	NA	NA	NA	0.535715099922152	0.654812569294125	NA	0.349583222589933	NA	0.203298552016461	0.16395618423133	0.205100224953407	0.582654120210665	0.446586160244899	0.258194090276381	0.0937312949887769	NA
NA	NA	NA	NA	NA	NA	NA	NA	NA	NA	NA	NA	NA	NA	NA	NA	NA	NA	NA
NA	NA	NA	NA	NA	NA	NA	NA	NA	NA	NA	NA	NA	NA	NA	NA	NA	NA	NA
NA	NA	NA	NA	NA	NA	NA	NA	NA	NA	NA	NA	NA	NA	NA	NA	NA	NA	NA
NA	NA	NA	NA	NA	NA	NA	NA	NA	NA	NA	NA	NA	NA	NA	NA	NA	NA	NA
NA	NA	NA	NA	NA	NA	NA	NA	NA	NA	NA	NA	NA	NA	NA	NA	NA	NA	NA
NA	NA	NA	NA	NA	NA	NA	NA	NA	NA	NA	NA	NA	NA	NA	NA	NA	NA	NA
NA	NA	NA	NA	NA	NA	NA	NA	NA	NA	NA	NA	NA	NA	NA	NA	NA	NA	NA
NA	NA	NA	NA	NA	NA	NA	NA	NA	NA	NA	NA	NA	NA	NA	NA	NA	NA	NA
NA	NA	NA	NA	NA	NA	NA	NA	NA	NA	NA	NA	NA	NA	NA	NA	NA	NA	NA
NA	NA	NA	NA	NA	NA	NA	NA	NA	NA	NA	NA	NA	NA	NA	NA	NA	NA	NA
NA	NA	NA	NA	NA	NA	NA	NA	NA	NA	NA	NA	NA	NA	NA	NA	NA	NA	NA
0.400920883007332	NA	NA	NA	0.291659515412502	NA	NA	NA	0.29566054518647	NA	NA	NA	0.411825196863472	0.466198605255897	0.509673758898671	NA	0.328779713384671	NA	NA
0.17152036930547	0.165042370388546	0.219517879137131	0.298638720108173	NA	NA	0.216582779028574	0.179681950528838	NA	0.366354026416739	NA	NA	NA	NA	NA	NA	NA	0.115984029221261	NA
NA	NA	NA	NA	NA	NA	NA	NA	NA	NA	NA	NA	NA	NA	NA	NA	NA	NA	NA
NA	NA	NA	NA	NA	NA	NA	NA	NA	NA	NA	NA	NA	NA	NA	NA	NA	NA	NA
0.192161266466381	NA	NA	0.163822559911344	NA	0.156486067615011	0.291311472901613	NA	NA	NA	NA	0.166937034535075	NA	NA	0.0966964417480575	0.28089738975757	NA	0.149853142721828	NA
NA	NA	NA	NA	NA	NA	NA	NA	NA	NA	NA	NA	NA	NA	NA	NA	NA	NA	NA
0.607800294131908	NA	0.327740004718857	NA	0.338167575776477	0.332046386173722	0.226859217374747	NA	0.172335744205895	0.433203775356215	0.117066316523973	0.0815863909505108	0.0747741651693338	0.232492550533332	0.103804300687041	0.20448989496949	0.147576181808868	0.191154405748742	NA
NA	NA	NA	NA	NA	NA	NA	NA	NA	NA	NA	NA	NA	NA	NA	NA	NA	NA	NA
NA	NA	NA	NA	NA	NA	NA	NA	NA	NA	NA	NA	NA	NA	NA	NA	NA	NA	NA
NA	NA	NA	NA	NA	NA	NA	NA	NA	NA	NA	NA	NA	NA	NA	NA	NA	NA	NA
NA	NA	NA	NA	NA	NA	NA	NA	NA	NA	NA	NA	NA	NA	NA	NA	NA	NA	NA
NA	NA	NA	NA	NA	NA	NA	NA	NA	NA	NA	NA	NA	NA	NA	NA	NA	NA	NA
NA	NA	NA	NA	NA	NA	NA	NA	NA	NA	NA	NA	NA	NA	NA	NA	NA	NA	NA
NA	NA	NA	NA	NA	NA	NA	NA	NA	NA	NA	NA	NA	NA	NA	NA	NA	NA	NA
NA	NA	NA	NA	NA	NA	NA	NA	NA	NA	NA	NA	NA	NA	NA	NA	NA	NA	NA
NA	0.458423665069224	NA	NA	0.493690256843549	NA	0.470481626579887	NA	NA	0.587041964358396	NA	0.421052287665304	0.447089772927895	0.247740184989335	NA	0.0877072616841848	NA	NA	NA
NA	0.182690311889404	NA	NA	NA	0.235052600519923	0.103320767119827	NA	0.303676715366394	0.153040093871076	NA	0.313503884262663	0.280790591007967	0.254007037675404	NA	0.177046801367974	0.0405726706208152	0.110840194064523	NA
NA	0.343684476305059	NA	NA	NA	0.40985602269237	0.33796844763724	NA	NA	NA	NA	0.439420660234458	NA	NA	0.176348861787432	NA	NA	NA	NA
NA	0.251494099070209	NA	0.231019185303369	NA	0.163473045933098	0.235191724774601	0.2485316872842	0.137241059832367	0.43106068484946	0.431803273136477	NA	0.362474884181415	0.510483147384762	0.703170898526551	0.194522730083012	0.862860125397236	0.253964916915964	NA
NA	NA	NA	NA	NA	NA	NA	NA	NA	NA	NA	NA	NA	NA	NA	NA	NA	NA	NA
NA	NA	NA	NA	NA	NA	NA	NA	NA	NA	NA	NA	NA	NA	NA	NA	NA	NA	NA
NA	NA	NA	NA	NA	NA	NA	NA	NA	NA	NA	NA	NA	NA	NA	NA	NA	NA	NA
NA	NA	NA	NA	NA	NA	NA	NA	NA	NA	NA	NA	NA	NA	NA	NA	NA	NA	NA
NA	NA	NA	NA	NA	NA	NA	NA	NA	NA	NA	NA	NA	NA	NA	NA	NA	NA	NA
NA	NA	NA	NA	NA	NA	NA	NA	NA	NA	NA	NA	NA	NA	NA	NA	NA	NA	NA
NA	NA	NA	NA	NA	NA	NA	NA	NA	NA	NA	NA	NA	NA	NA	NA	NA	NA	NA
NA	NA	NA	NA	NA	NA	NA	NA	NA	NA	NA	NA	NA	NA	NA	NA	NA	NA	NA
NA	NA	NA	NA	NA	NA	NA	NA	NA	NA	NA	NA	NA	NA	NA	NA	NA	NA	NA
NA	NA	NA	NA	NA	NA	NA	NA	NA	NA	NA	NA	NA	NA	NA	NA	NA	NA	NA
NA	NA	NA	NA	NA	NA	NA	NA	NA	NA	NA	NA	NA	NA	NA	NA	NA	NA	NA
NA	NA	0.248789831970594	0.16136667423819	NA	NA	NA	NA	0.218240890189058	0.205270410141577	0.279041137077174	0.214097534137975	0.421792793718806	0.289589441261735	0.410123791942445	NA	0.434895990829202	NA	NA
NA	NA	NA	NA	NA	NA	NA	NA	NA	NA	NA	NA	NA	NA	NA	NA	NA	NA	NA
NA	NA	NA	NA	NA	NA	NA	NA	NA	NA	NA	NA	NA	NA	NA	NA	NA	NA	NA
0.328909878255676	NA	NA	0.327529943989926	0.184109267256661	0.163030461727397	NA	0.0703247492288085	0.0859573669457277	NA	NA	NA	NA	0.193538443701948	NA	NA	0.15093189553621	0.174209959708538	NA
NA	NA	NA	NA	NA	NA	NA	NA	NA	NA	NA	NA	NA	NA	NA	NA	NA	NA	NA
NA	NA	NA	NA	NA	NA	NA	NA	NA	NA	NA	NA	NA	NA	NA	NA	NA	NA	NA
NA	NA	NA	NA	NA	NA	NA	NA	NA	NA	NA	NA	NA	NA	NA	NA	NA	NA	NA
NA	NA	NA	NA	NA	NA	NA	NA	NA	NA	NA	NA	NA	NA	NA	NA	NA	NA	NA
NA	NA	NA	NA	NA	NA	NA	NA	NA	NA	NA	NA	NA	NA	NA	NA	NA	NA	NA
NA	NA	NA	NA	NA	NA	NA	NA	NA	NA	NA	NA	NA	NA	NA	NA	NA	NA	NA
NA	NA	NA	NA	NA	NA	NA	NA	NA	NA	NA	NA	NA	NA	NA	NA	NA	NA	NA
NA	NA	NA	NA	NA	NA	NA	NA	NA	NA	NA	NA	NA	NA	NA	NA	NA	NA	NA
NA	NA	NA	NA	NA	NA	NA	NA	NA	NA	NA	NA	NA	NA	NA	NA	NA	NA	NA
NA	NA	NA	NA	NA	NA	NA	NA	NA	NA	NA	NA	NA	NA	NA	NA	NA	NA	NA
NA	NA	NA	NA	NA	NA	NA	NA	NA	NA	NA	NA	NA	NA	NA	NA	NA	NA	NA
0.740435699715607	0.638660935075396	NA	NA	NA	NA	0.641824346894909	0.402967054638175	0.342452975625858	0.219846420444038	NA	NA	0.0895282380275042	0.112252242037976	0.122916946376127	0.32207041297307	0.156703486050921	0.147276874592587	NA
0.525800879550563	0.387489992469401	NA	NA	NA	NA	NA	NA	NA	0.229837254480437	0.126308430795695	NA	0.147019206056315	0.0886559138226728	0.0732291761841634	NA	NA	NA	NA
0.330076514435004	0.388354431517723	0.413719861501075	0.245456755133739	0.255977073821997	0.23735403478594	0.221934351413644	NA	0.106031147950326	0.225300268731248	NA	NA	NA	NA	0.494782267488334	0.279971980446122	NA	0.048275522972221	NA
0.156904702861536	NA	NA	0.157587385699061	0.261814710938501	NA	0.196130281042793	NA	0.115123792224581	NA	NA	NA	NA	NA	NA	NA	NA	0.0770970492962593	NA
NA	NA	NA	NA	NA	NA	NA	NA	NA	NA	NA	NA	NA	NA	NA	NA	NA	NA	NA
NA	NA	NA	NA	NA	NA	NA	NA	NA	NA	NA	NA	NA	NA	NA	NA	NA	NA	NA
0.147559373899215	0.151531724046548	NA	0.0675736640207288	NA	NA	NA	NA	NA	NA	NA	NA	NA	NA	0.0938851808396158	NA	NA	0.164657100098553	NA
NA	NA	NA	NA	NA	NA	NA	NA	NA	NA	NA	NA	NA	NA	NA	NA	NA	NA	NA
0.243592054199711	0.074526770466234	0.0467078817680621	NA	NA	0.0346781502121909	0.0412191481212979	0.154762233503368	NA	NA	0.490271205454066	NA	0.0867688177783055	NA	NA	NA	NA	NA	NA
NA	NA	NA	NA	NA	NA	NA	NA	NA	NA	NA	NA	NA	NA	NA	NA	NA	NA	NA
NA	NA	NA	NA	NA	NA	NA	NA	NA	NA	NA	NA	NA	NA	NA	NA	NA	NA	NA
0.166440387910202	NA	0.153220000927159	NA	NA	NA	NA	NA	0.169627024201987	0.173314079819488	NA	NA	NA	NA	0.43864777218772	0.0522660447745838	0.221280452566418	0.0640255314115623	NA
NA	NA	NA	NA	NA	NA	NA	NA	NA	NA	NA	NA	NA	NA	NA	NA	NA	NA	NA
NA	NA	NA	NA	NA	NA	NA	NA	NA	NA	NA	NA	NA	NA	NA	NA	NA	NA	NA
NA	NA	NA	NA	NA	NA	NA	NA	NA	NA	NA	NA	NA	NA	NA	NA	NA	NA	NA
NA	NA	NA	NA	NA	NA	NA	NA	NA	NA	NA	NA	NA	NA	NA	NA	NA	NA	NA
NA	NA	NA	NA	NA	NA	NA	NA	NA	NA	NA	NA	NA	NA	NA	NA	NA	NA	NA
NA	NA	NA	NA	NA	NA	NA	NA	NA	NA	NA	NA	NA	NA	NA	NA	NA	NA	NA
NA	NA	NA	NA	NA	NA	NA	NA	NA	NA	NA	NA	NA	NA	NA	NA	NA	NA	NA
NA	NA	NA	NA	NA	NA	NA	NA	NA	NA	NA	NA	NA	NA	NA	NA	NA	NA	NA
0.261821583515746	NA	NA	NA	NA	0.231319572375756	NA	0.209210168208982	NA	NA	NA	0.164354134601567	0.237921514974752	0.171703224105457	0.0967056468842788	0.605421404076933	0.113633767368186	NA	NA
0.307098419821138	NA	NA	0.459028599693813	0.366289072214713	NA	NA	0.314603925955293	0.219127062034815	NA	NA	0.285459229937525	NA	NA	NA	NA	0.0739066944777403	NA	NA
NA	NA	NA	NA	NA	NA	NA	NA	NA	NA	NA	NA	NA	NA	NA	NA	NA	NA	NA
NA	NA	NA	NA	NA	NA	NA	NA	NA	NA	NA	NA	NA	NA	NA	NA	NA	NA	NA
NA	NA	NA	NA	NA	NA	NA	NA	NA	NA	NA	NA	NA	NA	NA	NA	NA	NA	NA
NA	0.212519732831496	0.241886863375827	0.132927120051802	NA	NA	NA	NA	0.178841577196258	0.217812222587892	NA	NA	0.228885043648732	0.167248868123404	0.195928761782631	NA	0.0569119079360184	0.0662122254776011	NA
NA	NA	NA	NA	NA	NA	NA	NA	NA	NA	NA	NA	NA	NA	NA	NA	NA	NA	NA
NA	NA	NA	NA	NA	NA	NA	NA	NA	NA	NA	NA	NA	NA	NA	NA	NA	NA	NA
NA	NA	NA	NA	NA	NA	NA	NA	NA	NA	NA	NA	NA	NA	NA	NA	NA	NA	NA
NA	NA	0.217659723077758	0.347428579247211	NA	NA	NA	0.31000198061128	0.22269413880554	0.256421852789734	0.198610668986885	NA	0.3050896613576	NA	0.12293191063713	0.107344914034817	NA	0.0373446096092604	NA
NA	NA	0.362043502985152	0.271351641993139	0.278598275205208	0.212920582278132	NA	NA	0.24338334172736	NA	0.341307010715088	NA	NA	NA	0.241752944968464	0.336068314060911	NA	0.122070268678999	NA
NA	NA	NA	NA	NA	NA	NA	NA	NA	NA	NA	NA	NA	NA	NA	NA	NA	NA	NA
NA	NA	0.356149221666253	0.350494476589765	NA	0.555575470543437	0.654412413538123	NA	0.424086186724806	NA	NA	NA	0.363662718151591	0.426689801397997	0.471413286857168	0.405113494225473	NA	0.249675655363135	NA
NA	NA	NA	NA	NA	NA	NA	NA	NA	NA	NA	NA	NA	NA	NA	NA	NA	NA	NA
NA	NA	NA	NA	NA	NA	NA	NA	NA	NA	NA	NA	NA	NA	NA	NA	NA	NA	NA
NA	NA	NA	NA	NA	NA	NA	NA	NA	NA	NA	NA	NA	NA	NA	NA	NA	NA	NA
0.339709819119603	0.530234834131962	NA	0.486111661842155	0.181074571842933	NA	0.112906418092284	NA	0.655015678867024	NA	NA	NA	NA	NA	NA	NA	0.177363097849312	0.050552802314553	NA
NA	NA	NA	0.451176014152976	0.48425704438491	NA	0.272457100692665	0.30156411664446	0.166219667168737	NA	NA	0.140337760419147	0.191942701227356	0.235952854823407	0.249515458859398	0.292556170575477	NA	0.0979048504044194	NA
0.22851946393013	NA	NA	NA	0.242060227948374	NA	0.150732645415276	0.172100429264115	0.111508401793824	0.19308026490393	NA	0.154169659042314	0.0940095703295812	NA	NA	0.193677062414457	0.184724661743131	0.0889909288386515	NA
NA	NA	NA	NA	NA	NA	NA	NA	NA	NA	NA	NA	NA	NA	NA	NA	NA	NA	NA
0.190657665015934	NA	NA	NA	NA	0.329276175214363	0.366752933868971	NA	NA	0.103434536953857	0.111131859677502	NA	0.238073470581948	NA	0.07267425563855	NA	NA	0.046855716122681	NA
NA	NA	NA	NA	NA	NA	NA	NA	NA	NA	NA	NA	NA	NA	NA	NA	NA	NA	NA
NA	NA	NA	NA	NA	NA	NA	NA	NA	NA	NA	NA	NA	NA	NA	NA	NA	NA	NA
NA	NA	NA	NA	NA	NA	NA	NA	NA	NA	NA	NA	NA	NA	NA	NA	NA	NA	NA
NA	NA	NA	NA	NA	NA	0.308365271164938	NA	0.353966647129145	NA	NA	NA	0.292049311033303	0.115480251469923	0.139368610679282	NA	0.271084588399301	0.236387040246203	NA
NA	NA	NA	NA	NA	NA	NA	NA	NA	NA	NA	NA	NA	NA	NA	NA	NA	NA	NA
NA	NA	NA	NA	NA	NA	NA	NA	NA	NA	NA	NA	NA	NA	NA	NA	NA	NA	NA
NA	NA	NA	NA	NA	NA	NA	NA	NA	NA	NA	NA	NA	NA	NA	NA	NA	NA	NA
0.193266688867058	0.120817847461478	NA	0.187627188364923	NA	0.232540420064576	0.17008870692101	0.341949629229026	NA	0.259998349598983	NA	NA	0.269069959938733	0.0493033222803177	NA	NA	NA	0.43082070819081	NA
NA	NA	NA	NA	NA	NA	NA	NA	NA	NA	NA	NA	NA	NA	NA	NA	NA	NA	NA
NA	NA	NA	NA	NA	NA	NA	NA	NA	NA	NA	NA	NA	NA	NA	NA	NA	NA	NA
NA	NA	NA	NA	NA	NA	NA	NA	NA	NA	NA	NA	NA	NA	NA	NA	NA	NA	NA
NA	NA	NA	NA	NA	NA	NA	NA	NA	NA	NA	NA	NA	NA	NA	NA	NA	NA	NA
NA	NA	NA	NA	NA	NA	NA	NA	NA	NA	NA	NA	NA	NA	NA	NA	NA	NA	NA
0.315894402164517	0.215077925702044	NA	0.640619463534566	NA	NA	NA	NA	0.6560446596861	NA	NA	0.596762182579986	0.576274969617585	0.55150925182861	NA	NA	0.492716716452884	0.359608662788134	NA
NA	NA	NA	NA	NA	NA	NA	NA	NA	NA	NA	NA	NA	NA	NA	NA	NA	NA	NA
NA	NA	NA	NA	NA	NA	NA	NA	NA	NA	NA	NA	NA	NA	NA	NA	NA	NA	NA
NA	NA	NA	NA	NA	NA	NA	NA	NA	NA	NA	NA	NA	NA	NA	NA	NA	NA	NA
NA	NA	NA	NA	NA	NA	NA	NA	NA	NA	NA	NA	NA	NA	NA	NA	NA	NA	NA
NA	NA	NA	NA	NA	NA	NA	NA	NA	NA	NA	NA	NA	NA	NA	NA	NA	NA	NA
0.346616847239341	NA	0.226170404302387	0.17800588784801	NA	NA	0.326318718204216	NA	0.192861281930685	0.191556394489779	NA	NA	0.298134154867773	NA	0.141356834483303	0.163307089773556	0.210202422858527	0.133303091758558	NA
NA	NA	NA	NA	NA	NA	NA	NA	NA	NA	NA	NA	NA	NA	NA	NA	NA	NA	NA
NA	NA	NA	NA	NA	NA	NA	NA	NA	NA	NA	NA	NA	NA	NA	NA	NA	NA	NA
NA	NA	NA	NA	NA	NA	NA	NA	NA	NA	NA	NA	NA	NA	NA	NA	NA	NA	NA
NA	NA	NA	NA	NA	NA	NA	NA	NA	NA	NA	NA	NA	NA	NA	NA	NA	NA	NA
NA	NA	NA	NA	NA	NA	NA	NA	NA	NA	NA	NA	NA	NA	NA	NA	NA	NA	NA
0.230570877704001	0.31313410115853	0.334922576210675	0.319862827778738	0.317864570317418	0.264386897728686	0.223396006815702	0.215875531373428	NA	0.168563712131677	NA	0.167553929555041	0.322859140758523	0.236957409288496	0.187920807222085	0.193476616123467	0.249081881265892	0.226608213734495	NA
0.227458220654488	0.162825289670208	0.263901804790179	0.19998169851524	NA	NA	0.177866014514974	NA	0.273237245263761	0.143799890809302	NA	NA	0.0859680145658701	NA	NA	NA	NA	0.142467038810035	NA
NA	0.139717165457996	0.106663585168762	NA	NA	0.366095340891193	NA	NA	0.451978501988164	NA	0.160688046228174	0.191933109535938	0.215462638749715	0.17958834589877	NA	NA	0.144947887866316	0.194953890872519	NA
NA	NA	NA	NA	NA	NA	NA	NA	NA	NA	NA	NA	NA	NA	NA	NA	NA	NA	NA
NA	NA	NA	NA	NA	NA	NA	NA	NA	NA	NA	NA	NA	NA	NA	NA	NA	NA	NA
NA	NA	NA	NA	NA	NA	NA	NA	NA	NA	NA	NA	NA	NA	NA	NA	NA	NA	NA
NA	NA	NA	NA	NA	NA	NA	NA	NA	NA	NA	NA	NA	NA	NA	NA	NA	NA	NA
NA	NA	NA	NA	NA	NA	NA	NA	NA	NA	NA	NA	NA	NA	NA	NA	NA	NA	NA
NA	0.553508057762858	0.464253959309234	0.558912805270529	0.397883078270087	0.339810954071587	NA	0.308120893954403	NA	0.841213330904148	NA	0.164468213468001	NA	NA	NA	0.100246770342564	0.127611940726342	0.170175152371216	NA
NA	NA	NA	NA	NA	NA	NA	NA	NA	NA	NA	NA	NA	NA	NA	NA	NA	NA	NA
NA	NA	NA	NA	NA	NA	NA	NA	NA	NA	NA	NA	NA	NA	NA	NA	NA	NA	NA
NA	NA	NA	NA	NA	NA	NA	NA	NA	NA	NA	NA	NA	NA	NA	NA	NA	NA	NA
NA	NA	NA	NA	NA	NA	NA	NA	NA	NA	NA	NA	NA	NA	NA	NA	NA	NA	NA
NA	NA	NA	NA	NA	NA	NA	NA	NA	NA	NA	NA	NA	NA	NA	NA	NA	NA	NA
NA	NA	0.355855372062851	NA	NA	NA	0.272099674077743	0.114251170438123	0.355633101783356	0.278467610370408	NA	NA	NA	0.211716675002747	NA	NA	NA	0.0889923971366237	NA
NA	NA	0.369881952268217	0.149017132471076	NA	NA	NA	NA	0.202537106730856	0.148752175081351	0.0705055337349339	NA	0.196720710975317	0.236228755656434	0.203742880235818	0.135477916201579	0.190244850461386	0.25246763078006	NA
NA	NA	0.132990332000083	0.175551601606965	0.216128664903484	NA	0.288906016095701	NA	NA	NA	NA	0.171307045437795	0.332359985698095	0.272750984304284	0.376026290034823	0.376608697478143	NA	NA	NA
NA	NA	NA	NA	NA	NA	NA	NA	NA	NA	NA	NA	NA	NA	NA	NA	NA	NA	NA
NA	NA	NA	NA	NA	NA	NA	NA	NA	NA	NA	NA	NA	NA	NA	NA	NA	NA	NA
NA	NA	NA	0.446770876501626	0.344477722219257	0.246458973906966	0.274284313669788	NA	0.196631827313679	0.192920853487185	NA	NA	NA	0.130305570103952	0.283729331095204	NA	0.088038075588582	0.0439225279051381	NA
NA	NA	NA	NA	NA	NA	NA	NA	NA	NA	NA	NA	NA	NA	NA	NA	NA	NA	NA
NA	NA	NA	0.132063152356764	NA	0.198285572440519	0.361076308605258	0.276397864718011	0.137649167540176	0.468107924440049	NA	0.345440294788965	0.404604297976792	0.437828679377895	0.468429397243421	0.445633372191055	0.0904648258406846	0.406515393727791	NA
NA	NA	NA	NA	NA	NA	NA	NA	NA	NA	NA	NA	NA	NA	NA	NA	NA	NA	NA
NA	NA	NA	NA	NA	NA	NA	NA	NA	NA	NA	NA	NA	NA	NA	NA	NA	NA	NA
NA	NA	NA	NA	NA	NA	NA	NA	NA	NA	NA	NA	NA	NA	NA	NA	NA	NA	NA
NA	NA	NA	NA	0.262308300350221	0.265326646486642	NA	NA	NA	0.488008423756577	NA	0.220927081055321	0.216323982359068	0.25999087920166	NA	NA	NA	NA	NA
NA	NA	NA	NA	NA	NA	NA	NA	NA	NA	NA	NA	NA	NA	NA	NA	NA	NA	NA
NA	NA	NA	NA	NA	NA	NA	NA	NA	NA	NA	NA	NA	NA	NA	NA	NA	NA	NA
NA	0.152652685424426	NA	NA	0.326931061355117	0.360945702843322	0.946222470011631	0.179668629258198	0.31221676626522	0.394002432342194	NA	NA	0.160543418035565	NA	NA	0.271978251665982	0.294829093199914	0.240355593541413	NA
NA	NA	NA	NA	NA	NA	NA	NA	NA	NA	NA	NA	NA	NA	NA	NA	NA	NA	NA
NA	NA	NA	NA	NA	NA	NA	NA	0.0937855187938761	0.0981419939787554	NA	NA	0.225173161352567	0.188097838741379	NA	NA	0.12011854577693	0.0436298984435334	NA
NA	NA	NA	NA	NA	NA	NA	NA	NA	NA	NA	NA	NA	NA	NA	NA	NA	NA	NA
NA	NA	NA	NA	NA	NA	NA	NA	NA	NA	NA	NA	NA	NA	NA	NA	NA	NA	NA
NA	NA	NA	NA	NA	NA	NA	NA	NA	NA	NA	NA	NA	NA	NA	NA	NA	NA	NA
NA	NA	NA	NA	NA	NA	NA	NA	NA	0.390283069274892	0.507746170935176	NA	0.203315673071698	NA	0.148432341532502	0.161390582588381	0.228541130499417	0.284699506588577	NA
NA	NA	NA	NA	NA	NA	NA	NA	NA	NA	NA	NA	NA	NA	NA	NA	NA	NA	NA
NA	NA	NA	NA	NA	NA	NA	NA	NA	NA	NA	NA	NA	NA	NA	NA	NA	NA	NA
NA	NA	NA	NA	NA	NA	NA	NA	NA	NA	NA	NA	NA	NA	NA	NA	NA	NA	NA
NA	NA	NA	NA	NA	NA	NA	NA	NA	NA	NA	NA	NA	NA	NA	NA	NA	NA	NA
0.176902390239706	NA	0.236885440735222	NA	0.331374515348438	NA	0.0883236167674619	0.211360040254693	0.305691268904471	NA	0.204050332931823	NA	NA	0.0995560702259921	NA	NA	0.175493292558072	0.0764655683096511	NA
NA	NA	NA	NA	NA	NA	NA	NA	NA	NA	NA	NA	NA	NA	NA	NA	NA	NA	NA
NA	NA	NA	NA	NA	NA	NA	NA	NA	NA	NA	NA	NA	NA	NA	NA	NA	NA	NA
NA	NA	NA	NA	NA	NA	NA	NA	NA	NA	NA	NA	NA	NA	NA	NA	NA	NA	NA
NA	NA	NA	NA	NA	NA	NA	NA	NA	NA	NA	NA	NA	NA	NA	NA	NA	NA	NA
NA	NA	NA	NA	NA	NA	NA	NA	NA	NA	NA	NA	NA	NA	NA	NA	NA	NA	NA
0.238268621906132	0.342983321127226	NA	0.390834294552582	NA	NA	0.31183643259657	0.321335317142752	0.269829902335584	0.483036025739394	NA	NA	NA	0.415938131826749	0.501351222282417	0.351021426094501	0.419234098371501	NA	NA
0.627590634457503	0.655566214168797	0.553344869722082	0.605826420813073	0.736093339315502	0.659443996940927	0.702176268962551	0.68370151969146	0.370401012566995	0.581764014292202	NA	NA	NA	0.354122733644957	0.513179554774605	0.073173770786153	0.040275099323554	0.144433827699367	NA
NA	NA	NA	NA	NA	NA	NA	NA	NA	NA	NA	NA	NA	NA	NA	NA	NA	NA	NA
NA	NA	NA	NA	NA	NA	NA	NA	NA	NA	NA	NA	NA	NA	NA	NA	NA	NA	NA
NA	NA	NA	NA	NA	NA	NA	NA	NA	NA	NA	NA	NA	NA	NA	NA	NA	NA	NA
NA	NA	NA	NA	NA	NA	NA	NA	NA	NA	NA	NA	NA	NA	NA	NA	NA	NA	NA
NA	NA	NA	NA	NA	NA	NA	NA	NA	NA	NA	NA	NA	NA	NA	NA	NA	NA	NA
NA	NA	NA	NA	NA	NA	NA	NA	NA	NA	NA	NA	NA	NA	NA	NA	NA	NA	NA
NA	0.655566215954076	0.553344868662607	NA	0.741078854826259	0.659443980264608	0.702176265317559	0.679848236374627	0.355497256270475	0.587381197870782	NA	NA	NA	0.495543158788499	0.513179554614134	0.0731737706568619	0.0679992917126596	0.0679999496095089	NA
NA	0.448221325074503	0.386831007064433	NA	NA	0.298896793816631	NA	NA	0.248210993547093	NA	NA	NA	NA	NA	NA	NA	NA	0.127745849685919	NA
NA	0.236555813504794	0.238315287449898	NA	0.17719201101845	NA	NA	NA	0.293534633176399	NA	NA	NA	NA	NA	0.144786862098039	NA	NA	NA	NA
NA	NA	NA	NA	NA	NA	NA	NA	NA	NA	NA	NA	NA	NA	NA	NA	NA	NA	NA
NA	NA	NA	NA	NA	NA	NA	NA	NA	NA	NA	NA	NA	NA	NA	NA	NA	NA	NA
0.688240341259134	0.640590684551664	0.755738992990832	0.475313350378852	0.512755275286538	0.58666810726503	0.589352561589381	NA	0.503740559302825	0.543843994622876	NA	NA	0.607651594756106	0.669824963473896	0.603461695841861	NA	NA	0.115345350498541	NA
NA	NA	NA	NA	NA	NA	NA	NA	NA	NA	NA	NA	NA	NA	NA	NA	NA	NA	NA
NA	NA	NA	NA	NA	NA	NA	NA	NA	NA	NA	NA	NA	NA	NA	NA	NA	NA	NA
NA	NA	NA	NA	NA	NA	NA	NA	NA	NA	NA	NA	NA	NA	NA	NA	NA	NA	NA
NA	NA	NA	NA	NA	NA	NA	NA	NA	NA	NA	NA	NA	NA	NA	NA	NA	NA	NA
NA	NA	0.338957857605581	0.265474916104926	0.309152010551716	NA	0.257695108257008	NA	0.306959021489575	0.347685516223331	0.398404448062842	0.306755920310765	NA	NA	0.398910329324701	NA	NA	0.14045122624044	NA
NA	NA	0.364237120467323	0.423059013716975	0.352974682365372	0.26111244412644	0.329971398782862	NA	0.314458388553301	0.133288976582269	0.206880556566945	NA	NA	NA	0.167229382016017	0.206815565805117	NA	NA	NA
NA	NA	NA	NA	NA	NA	NA	NA	NA	NA	NA	NA	NA	NA	NA	NA	NA	NA	NA
NA	NA	NA	NA	NA	NA	NA	NA	NA	NA	NA	NA	NA	NA	NA	NA	NA	NA	NA
NA	NA	NA	NA	NA	NA	NA	NA	NA	NA	NA	NA	NA	NA	NA	NA	NA	NA	NA
NA	NA	NA	NA	NA	NA	NA	NA	NA	NA	NA	NA	NA	NA	NA	NA	NA	NA	NA
NA	NA	NA	NA	NA	NA	NA	NA	NA	NA	NA	NA	NA	NA	NA	NA	NA	NA	NA
NA	NA	NA	NA	NA	NA	NA	NA	NA	NA	NA	NA	NA	NA	NA	NA	NA	NA	NA
NA	NA	NA	NA	NA	NA	NA	NA	NA	NA	NA	NA	NA	NA	NA	NA	NA	NA	NA
NA	NA	NA	NA	NA	NA	NA	NA	NA	NA	NA	NA	NA	NA	NA	NA	NA	NA	NA
NA	NA	NA	NA	NA	0.184542092259151	NA	0.171085882507888	0.156817140645564	0.153523457231137	0.448646672049537	0.539939387190311	0.45050166821049	0.347315208249813	0.335822347301603	0.440336206423649	0.322800903906049	NA	NA
NA	NA	NA	NA	NA	0.295079958329343	NA	NA	0.220376685117205	NA	NA	NA	0.356367615656994	0.419255399389284	NA	NA	0.0911208700285209	0.23189489058313	NA
NA	NA	NA	NA	NA	NA	NA	NA	NA	NA	NA	NA	NA	NA	NA	NA	NA	NA	NA
NA	NA	NA	NA	NA	0.273552534634366	NA	NA	NA	0.107041797911701	NA	NA	NA	0.144958392657275	0.107120810330305	NA	0.133258330239774	0.0366329774115608	NA
NA	NA	NA	NA	NA	NA	NA	NA	NA	NA	NA	NA	NA	NA	NA	NA	NA	NA	NA
NA	NA	NA	NA	NA	NA	NA	NA	NA	NA	NA	NA	NA	NA	NA	NA	NA	NA	NA
NA	NA	NA	NA	NA	NA	NA	NA	NA	NA	NA	NA	NA	NA	NA	NA	NA	NA	NA
NA	NA	NA	NA	NA	NA	NA	NA	NA	NA	NA	NA	NA	NA	NA	NA	NA	NA	NA
NA	NA	NA	NA	NA	NA	NA	0.250325430099547	NA	0.212457669674833	0.39849685383843	NA	0.31808540933833	0.172765827343938	0.139939803612544	0.181079927717894	NA	0.0930089999109896	NA
NA	NA	NA	NA	NA	NA	NA	NA	NA	NA	NA	NA	NA	NA	NA	NA	NA	NA	NA
0.429763841785747	0.443106216126347	NA	NA	NA	0.385814452802731	NA	NA	0.303752827468982	0.211288410801348	0.229466061116401	NA	0.274153308375645	0.170407970290184	0.20777543062782	NA	0.267297657205964	NA	NA
0.123809507764331	0.198849954945323	NA	NA	0.328033109897633	0.238762643154726	0.31184403171039	0.269322186274244	0.391693809498106	0.300913177523832	0.406404397754032	NA	0.16017498847669	NA	0.193211857654277	0.685187185892145	0.332555952705898	0.255737306674534	NA
0.219317880984918	NA	0.26397765911196	NA	0.270441686796352	0.217018762208763	0.250044233726714	NA	NA	0.130366489080766	NA	NA	NA	0.166668278273107	NA	NA	NA	NA	NA
NA	NA	NA	NA	NA	NA	NA	NA	NA	NA	NA	NA	NA	NA	NA	NA	NA	NA	NA
NA	NA	NA	NA	NA	NA	NA	NA	NA	NA	NA	NA	NA	NA	NA	NA	NA	NA	NA
NA	NA	NA	NA	NA	NA	NA	NA	NA	NA	NA	NA	NA	NA	NA	NA	NA	NA	NA
NA	NA	NA	NA	NA	NA	NA	NA	NA	NA	NA	NA	NA	NA	NA	NA	NA	NA	NA
NA	NA	NA	NA	NA	NA	NA	NA	NA	NA	NA	NA	NA	NA	NA	NA	NA	NA	NA
NA	NA	NA	NA	NA	NA	NA	NA	NA	NA	NA	NA	NA	NA	NA	NA	NA	NA	NA
0.239589816505479	NA	NA	0.367656419983357	NA	NA	0.269195608382402	NA	0.25114847239817	0.16565394167991	0.204824022974739	NA	NA	0.254237258323691	NA	0.318811693744557	NA	0.0307318897483271	NA
NA	NA	NA	NA	NA	NA	NA	NA	NA	NA	NA	NA	NA	NA	NA	NA	NA	NA	NA
NA	NA	NA	NA	NA	NA	NA	NA	NA	NA	NA	NA	NA	NA	NA	NA	NA	NA	NA
0.430058848929049	0.45748256453483	NA	0.295995413971675	NA	0.265359833304624	NA	NA	NA	0.239223446695657	0.284885102697129	NA	0.340371560524532	0.189038113282318	0.197305259270161	0.113011540853278	NA	0.117550920755132	NA
NA	NA	NA	NA	NA	NA	NA	NA	NA	NA	NA	NA	NA	NA	NA	NA	NA	NA	NA
NA	NA	NA	NA	NA	NA	NA	NA	NA	NA	NA	NA	NA	NA	NA	NA	NA	NA	NA
NA	NA	NA	NA	NA	NA	NA	NA	NA	NA	NA	NA	NA	NA	NA	NA	NA	NA	NA
NA	NA	NA	NA	NA	NA	NA	NA	NA	NA	NA	NA	NA	NA	NA	NA	NA	NA	NA
NA	NA	NA	NA	NA	NA	NA	NA	NA	NA	NA	NA	NA	NA	NA	NA	NA	NA	NA
NA	NA	NA	NA	NA	NA	NA	NA	NA	NA	NA	NA	NA	NA	NA	NA	NA	NA	NA
NA	NA	NA	NA	NA	NA	NA	NA	NA	NA	NA	NA	NA	NA	NA	NA	NA	NA	NA
NA	0.716214678665452	0.623668957825447	0.624484042646725	0.509715200050153	0.328094158462572	0.756698233574931	NA	0.237182187778314	0.123146063120635	NA	NA	0.737983817283372	0.11799124188016	0.799981427744122	NA	0.799089777142317	0.790878818918197	NA
NA	NA	NA	NA	NA	NA	NA	NA	NA	NA	NA	NA	NA	NA	NA	NA	NA	NA	NA
NA	NA	NA	NA	NA	NA	NA	NA	NA	NA	NA	NA	NA	NA	NA	NA	NA	NA	NA
NA	0.381896382919196	NA	NA	NA	0.151126424025776	0.24179016707826	0.204831651094511	0.181146251023385	0.188817294616429	0.122247794300721	NA	NA	0.121707522129605	NA	NA	0.139072207931044	0.178395038743041	NA
NA	NA	NA	NA	NA	NA	NA	NA	NA	NA	NA	NA	NA	NA	NA	NA	NA	NA	NA
NA	NA	NA	NA	NA	NA	NA	NA	NA	NA	NA	NA	NA	NA	NA	NA	NA	NA	NA
NA	NA	NA	NA	NA	NA	NA	NA	NA	NA	NA	NA	NA	NA	NA	NA	NA	NA	NA
NA	0.622019101303502	NA	NA	0.291352838002197	0.958156789860599	0.595155642423446	NA	0.575118212359258	NA	0.568039317567199	0.570941368522867	0.0516281521994515	0.603122961843948	0.632759518383026	0.203986602953931	NA	0.60597473489029	NA
NA	0.462862708194894	NA	NA	NA	NA	0.302974849550824	NA	NA	0.170067069300728	0.226994377091155	0.0901213117083582	0.160743010869886	0.144772173352442	0.177830107562244	NA	NA	0.118551590625908	NA
NA	NA	NA	NA	NA	NA	NA	NA	NA	NA	NA	NA	NA	NA	NA	NA	NA	NA	NA
NA	0.347651956923173	0.439743735176981	0.277374191897951	NA	0.572850441150179	0.170670952879969	NA	0.160929502010338	0.0557192538315744	0.156233581875689	NA	0.117294624109787	0.438628370805182	0.173243252652873	0.144884537446741	0.224939712882716	0.0240454401396689	NA
NA	NA	NA	NA	NA	NA	NA	NA	NA	NA	NA	NA	NA	NA	NA	NA	NA	NA	NA
NA	0.127401571163972	0.524702376522527	0.163943052656591	0.0970602950526504	0.346577910895106	NA	NA	0.506930133555568	0.0551878022550939	0.408939394784085	0.18454929917963	0.669203950730272	NA	NA	NA	0.53876467313415	0.559010737358098	NA
NA	0.44038794475511	0.557125636763237	0.475242131625559	0.42107549823354	NA	NA	0.308753248754633	0.183115505163724	0.147690154813723	0.0851143067533238	NA	0.125927566212502	0.048155406992374	0.105398411477343	0.302999563108039	0.298760107967562	0.186001930310943	NA
NA	NA	NA	NA	NA	NA	NA	NA	NA	NA	NA	NA	NA	NA	NA	NA	NA	NA	NA
NA	NA	0.304889762079056	NA	NA	0.142932363447934	0.593527772692037	NA	0.294415762502377	0.157314053712029	NA	NA	0.253929210515041	0.174843856344912	0.408981348559407	NA	0.329977299523708	0.777737474167642	NA
NA	NA	NA	NA	NA	NA	NA	NA	NA	NA	NA	NA	NA	NA	NA	NA	NA	NA	NA
NA	NA	NA	NA	NA	NA	NA	NA	NA	NA	NA	NA	NA	NA	NA	NA	NA	NA	NA
NA	NA	NA	NA	NA	NA	NA	NA	NA	NA	NA	NA	NA	NA	NA	NA	NA	NA	NA
NA	NA	NA	NA	NA	NA	NA	NA	NA	NA	NA	NA	NA	NA	NA	NA	NA	NA	NA
NA	NA	0.171148421226669	NA	0.172640265949217	NA	NA	NA	0.219729840850868	NA	0.170344166678279	NA	NA	0.165997041621853	0.166344563478966	NA	0.185771122259811	0.277993164323056	NA
NA	NA	NA	NA	NA	NA	NA	NA	NA	NA	NA	NA	NA	NA	NA	NA	NA	NA	NA
NA	NA	NA	NA	NA	NA	NA	NA	NA	NA	NA	NA	NA	NA	NA	NA	NA	NA	NA
NA	NA	NA	NA	NA	NA	NA	NA	NA	NA	NA	NA	NA	NA	NA	NA	NA	NA	NA
NA	NA	NA	NA	NA	NA	NA	NA	NA	NA	NA	NA	NA	NA	NA	NA	NA	NA	NA
NA	NA	0.432465115382609	NA	NA	NA	NA	NA	0.274364109240489	0.518680193218164	NA	0.305701685522473	0.432663756154508	0.384772017808273	NA	NA	NA	NA	NA
NA	NA	NA	NA	NA	NA	NA	NA	NA	NA	NA	NA	NA	NA	NA	NA	NA	NA	NA
NA	NA	NA	NA	NA	NA	NA	NA	NA	NA	NA	NA	NA	NA	NA	NA	NA	NA	NA
NA	NA	NA	NA	NA	NA	NA	NA	NA	NA	NA	NA	NA	NA	NA	NA	NA	NA	NA
NA	NA	NA	NA	NA	NA	NA	NA	NA	NA	NA	NA	NA	NA	NA	NA	NA	NA	NA
NA	NA	NA	0.448385351876668	0.352055462007245	0.653109302167954	0.62720710576641	0.506231465434031	0.471085726039732	0.596204311994499	0.540248385753914	0.434678468192826	0.708810101269934	0.752735547826182	NA	NA	0.553466324392399	0.132241694844011	NA
NA	NA	NA	NA	NA	NA	NA	NA	NA	NA	NA	NA	NA	NA	NA	NA	NA	NA	NA
NA	0.183132571636383	NA	0.031590600027204	0.0882437159654234	0.406752750208224	NA	NA	NA	0.0939490457693262	NA	0.194787072192592	0.136668019233021	0.211016553270419	0.166133212861099	NA	NA	NA	NA
NA	NA	NA	NA	NA	NA	NA	NA	NA	NA	NA	NA	NA	NA	NA	NA	NA	NA	NA
NA	NA	NA	0.604729217101863	0.244481263085405	0.330192573519556	0.419056263411683	0.48620358836306	0.266528222279203	NA	NA	0.388808220822011	NA	0.0445412283929545	0.134056512040625	NA	0.100262757251213	0.300172716426325	NA
NA	NA	NA	NA	NA	NA	NA	NA	NA	NA	NA	NA	NA	NA	NA	NA	NA	NA	NA
0.45758956495259	NA	0.320404904481933	NA	0.426182775912122	NA	NA	NA	NA	0.0761375844826725	0.0903314935613622	NA	NA	NA	0.0883882432843935	0.204404465232184	0.269663991096985	0.345814193046911	NA
NA	NA	NA	NA	NA	NA	NA	NA	NA	NA	NA	NA	NA	NA	NA	NA	NA	NA	NA
NA	NA	0.957916904131746	NA	NA	0.311613883471447	NA	NA	0.205232905542877	0.206400056246497	NA	NA	NA	NA	NA	NA	0.146184289573804	0.15018136074387	NA
NA	0.402839079771254	NA	NA	NA	0.206732158584355	0.250229777616767	NA	0.225286442382932	0.119079626094095	0.281812678169985	NA	NA	NA	NA	NA	NA	0.104689126209969	NA
NA	NA	NA	NA	NA	NA	NA	NA	NA	NA	NA	NA	NA	NA	NA	NA	NA	NA	NA
NA	NA	NA	NA	NA	NA	NA	NA	NA	NA	NA	NA	NA	NA	NA	NA	NA	NA	NA
NA	NA	NA	NA	NA	NA	NA	NA	NA	NA	NA	NA	NA	NA	NA	NA	NA	NA	NA
NA	NA	NA	NA	NA	NA	NA	0.275343788400698	0.0460149251067642	NA	0.139376769656149	NA	NA	0.297638126428145	NA	0.203472203717463	NA	0.11947945586462	NA
NA	NA	NA	NA	NA	NA	NA	NA	NA	NA	NA	NA	NA	NA	NA	NA	NA	NA	NA
NA	NA	NA	NA	NA	NA	NA	NA	NA	NA	NA	NA	NA	NA	NA	NA	NA	NA	NA
NA	NA	NA	NA	NA	NA	NA	NA	NA	NA	NA	NA	NA	NA	NA	NA	NA	NA	NA
NA	NA	NA	NA	NA	NA	NA	NA	NA	NA	NA	NA	NA	NA	NA	NA	NA	NA	NA
0.193755513936965	0.394270692215436	0.147048730954138	NA	NA	NA	NA	NA	NA	0.221415792040104	NA	NA	0.210368181382569	0.17755144783484	0.142960485203116	NA	NA	0.112177071052696	NA
0.0792259642074587	0.315127344012301	0.585361688714042	NA	0.538696411770929	NA	NA	0.14027061705861	0.129531307330008	NA	NA	NA	NA	NA	0.219314899676636	0.103595358244968	0.193657351799061	0.310156475459169	NA
0.191212138594561	0.174561321188444	NA	NA	NA	NA	NA	NA	NA	0.209899289495549	0.21169166426423	0.26877368907016	NA	NA	NA	NA	NA	0.130783604723484	NA
NA	NA	NA	NA	NA	NA	NA	NA	NA	NA	NA	NA	NA	NA	NA	NA	NA	NA	NA
NA	NA	NA	NA	NA	NA	NA	NA	NA	NA	NA	NA	NA	NA	NA	NA	NA	NA	NA
NA	NA	NA	NA	NA	NA	NA	NA	NA	NA	NA	NA	NA	NA	NA	NA	NA	NA	NA
NA	NA	NA	NA	NA	NA	NA	NA	NA	NA	NA	NA	NA	NA	NA	NA	NA	NA	NA
0.321940324926854	0.417409790954094	NA	0.478143107561423	0.329610517213891	NA	0.295091614713704	0.155825486278532	0.134975215464017	0.229387143307517	0.264382923620788	NA	0.199280062154289	0.135781947093171	0.0523234543564535	0.159430492110787	NA	0.0519377173014674	NA
NA	NA	NA	NA	NA	NA	NA	NA	NA	NA	NA	NA	NA	NA	NA	NA	NA	NA	NA
NA	NA	NA	NA	NA	NA	NA	NA	NA	NA	NA	NA	NA	NA	NA	NA	NA	NA	NA
NA	NA	NA	NA	NA	NA	NA	NA	NA	NA	NA	NA	NA	NA	NA	NA	NA	NA	NA
NA	NA	NA	NA	NA	NA	NA	NA	NA	NA	NA	NA	NA	NA	NA	NA	NA	NA	NA
0.279923584066006	NA	0.306333622597446	NA	NA	NA	NA	NA	NA	0.164147772005952	0.150595387109529	0.155843045307014	0.201653662761925	NA	0.405081059859603	0.400415066983246	NA	0.0626297101369903	NA
NA	NA	NA	NA	NA	NA	NA	NA	NA	NA	NA	NA	NA	NA	NA	NA	NA	NA	NA
NA	NA	NA	NA	NA	NA	NA	NA	NA	NA	NA	NA	NA	NA	NA	NA	NA	NA	NA
NA	NA	NA	NA	NA	NA	NA	NA	NA	NA	NA	NA	NA	NA	NA	NA	NA	NA	NA
NA	NA	NA	NA	NA	NA	NA	NA	NA	NA	NA	NA	NA	NA	NA	NA	NA	NA	NA
0.332988581918469	NA	0.290950673103065	0.343933956173351	NA	0.226740201875479	0.472578105471279	NA	0.164684520175206	0.117125531770211	0.208622263551375	NA	NA	NA	0.216957081604561	0.198583518644944	0.131971993690776	0.210076018416162	NA
0.556955455615504	NA	0.351428590951137	0.311439180932048	0.412068882333464	NA	0.443493304695719	0.443347544523359	0.448939979744304	NA	NA	NA	NA	NA	NA	NA	NA	0.406330946760703	NA
NA	NA	NA	NA	NA	NA	NA	NA	NA	NA	NA	NA	NA	NA	NA	NA	NA	NA	NA
0.537631440640717	0.131058339951657	NA	NA	NA	0.418303206710364	NA	NA	NA	0.595066853243901	NA	NA	NA	0.531923964207726	0.0637063011112593	0.271509337598527	0.0729196755193592	0.405057850588446	NA
0.20209116468915	NA	0.338664801353959	NA	0.256373655964782	NA	0.277576658276064	NA	0.327087735937418	NA	0.321157107046301	0.368116731401253	0.469248839189538	0.300401619860078	0.344162023559465	0.146273974848503	NA	NA	NA
NA	NA	NA	NA	NA	NA	NA	NA	NA	NA	NA	NA	NA	NA	NA	NA	NA	NA	NA
NA	NA	NA	NA	NA	NA	NA	NA	NA	NA	NA	NA	NA	NA	NA	NA	NA	NA	NA
NA	NA	NA	NA	NA	NA	NA	NA	NA	NA	NA	NA	NA	NA	NA	NA	NA	NA	NA
0.245810583478472	0.0881386343241005	0.159234585617468	0.174050501919443	NA	0.231889320375839	NA	0.176855781689729	0.107339663005639	0.0966031141273167	NA	0.274181184823435	0.241658667961812	0.210002164803876	0.124184432751246	NA	NA	0.28431533876745	NA
NA	NA	NA	NA	NA	NA	NA	NA	NA	NA	NA	NA	NA	NA	NA	NA	NA	NA	NA
0.320944903886047	NA	0.209440624275708	NA	NA	NA	NA	NA	NA	NA	NA	0.100521973827869	0.144094473995677	0.159126565519777	NA	0.251295745761102	NA	0.245245168316398	NA
NA	NA	NA	NA	NA	NA	NA	NA	NA	NA	NA	NA	NA	NA	NA	NA	NA	NA	NA
0.410016366964731	NA	0.520277854885463	0.425357587060826	NA	NA	NA	0.131949396401354	0.156627975963691	0.126392173007185	0.112721928448615	0.0791813069443157	0.211038967217534	NA	0.157703398989526	NA	0.0763599727704516	NA	NA
NA	NA	NA	NA	NA	NA	NA	NA	NA	NA	NA	NA	NA	NA	NA	NA	NA	NA	NA
NA	NA	NA	NA	NA	NA	NA	NA	NA	NA	NA	NA	NA	NA	NA	NA	NA	NA	NA
NA	NA	NA	NA	NA	NA	NA	NA	NA	NA	NA	NA	NA	NA	NA	NA	NA	NA	NA
NA	NA	NA	NA	NA	NA	NA	NA	NA	NA	NA	NA	NA	NA	NA	NA	NA	NA	NA
NA	NA	NA	NA	NA	NA	NA	NA	NA	NA	NA	NA	NA	NA	NA	NA	NA	NA	NA
NA	NA	NA	NA	NA	NA	NA	NA	NA	NA	NA	NA	NA	NA	NA	NA	NA	NA	NA
NA	NA	NA	NA	NA	NA	NA	NA	NA	NA	NA	NA	NA	NA	NA	NA	NA	NA	NA
NA	NA	0.573222742531406	0.583441973486674	0.59485586008138	0.309430167006379	0.397738946578881	NA	0.471312846216056	0.373948092561087	0.351493601905225	0.200663813867474	0.27671024563558	NA	NA	0.459400169203114	0.12501222812364	0.637923703350461	NA
NA	NA	NA	NA	NA	NA	NA	NA	NA	NA	NA	NA	NA	NA	NA	NA	NA	NA	NA
0.235136373683366	NA	0.398268405638458	0.413886356700606	NA	0.159240429344665	0.181541065121866	NA	NA	0.0967610331785146	NA	NA	NA	0.238830741112323	NA	NA	NA	0.0583245803368447	NA
NA	NA	0.304658881776556	0.257493149689575	NA	0.400832223042131	0.370546331617665	NA	0.306129403383619	NA	0.3805355460404	0.459580735304478	0.477067067410373	NA	NA	NA	NA	0.267671541973606	NA
NA	NA	0.38413935338033	NA	NA	NA	0.312372898318996	NA	0.4317876414418	NA	NA	0.19432797611817	0.200705798920506	NA	NA	0.106396658587571	NA	NA	NA
NA	NA	0.179230859450615	NA	NA	0.19211658377119	0.172558046667872	NA	0.101982579955404	NA	NA	0.315022687466761	0.222256067042189	0.22865726353798	0.317875265377877	NA	NA	NA	NA
NA	NA	NA	NA	NA	NA	NA	NA	NA	NA	NA	NA	NA	NA	NA	NA	NA	NA	NA
NA	NA	NA	NA	NA	NA	NA	NA	NA	NA	NA	NA	NA	NA	NA	NA	NA	NA	NA
NA	NA	0.489027699935404	0.52456079208434	NA	0.33922428716292	0.427816947519616	NA	NA	NA	0.351227603877097	NA	NA	NA	0.300614359200416	0.407685085579776	NA	0.110678792630083	NA
NA	NA	0.39990458209512	NA	NA	0.502111377601967	NA	NA	NA	NA	NA	0.153929218504889	0.178905085206301	NA	NA	NA	NA	0.106329764505843	NA
NA	NA	NA	NA	NA	NA	NA	NA	NA	NA	NA	NA	NA	NA	NA	NA	NA	NA	NA
NA	NA	NA	NA	NA	NA	NA	NA	NA	NA	NA	NA	NA	NA	NA	NA	NA	NA	NA
NA	0.389808086354926	0.451831512798107	0.399459138704728	0.830883469066109	0.701695647532279	0.791491998323405	0.371477196229464	1.06793471867849	NA	NA	0.307631916974809	0.491996450396982	0.53710967280809	0.396954992804603	0.452810793197649	0.225462937944733	0.107868133386162	NA
NA	NA	NA	NA	NA	NA	NA	NA	NA	NA	NA	NA	NA	NA	NA	NA	NA	NA	NA
NA	NA	NA	NA	NA	NA	NA	NA	NA	NA	NA	NA	NA	NA	NA	NA	NA	NA	NA
NA	NA	NA	NA	NA	NA	NA	NA	NA	NA	NA	NA	NA	NA	NA	NA	NA	NA	NA
NA	NA	NA	NA	NA	NA	NA	NA	NA	NA	NA	NA	NA	NA	NA	NA	NA	NA	NA
NA	NA	NA	0.403869672865086	0.411711277782928	NA	0.240526127662946	0.226173506138828	0.244958344828561	NA	NA	NA	0.303665754402255	0.152234725410472	0.221123705887351	0.31101127017138	NA	0.0451416561308867	NA
NA	NA	NA	NA	NA	NA	NA	NA	NA	NA	NA	NA	NA	NA	NA	NA	NA	NA	NA
NA	NA	NA	NA	NA	NA	NA	NA	NA	NA	NA	NA	NA	NA	NA	NA	NA	NA	NA
NA	NA	NA	NA	NA	NA	NA	NA	NA	NA	NA	NA	NA	NA	NA	NA	NA	NA	NA
NA	NA	NA	0.140213215357398	0.244363794112361	0.140008803327662	NA	NA	0.204924705050745	0.224082176223513	NA	NA	0.0996294917327498	0.0472720463080245	NA	NA	NA	NA	NA
1.03723046375747	NA	NA	0.453376411710979	0.308656466981127	0.911318534820902	0.4794221699639	0.348999658610523	0.269430920477161	0.170272254900714	0.385833608395795	NA	0.124502885604013	0.106669483685653	NA	0.026231470113556	0.12063626290938	0.65617154425126	NA
NA	NA	NA	NA	NA	NA	NA	NA	NA	NA	NA	NA	NA	NA	NA	NA	NA	NA	NA
NA	NA	NA	NA	0.325275986831655	0.164411928842022	0.251094204020041	0.268802150190055	NA	NA	NA	NA	NA	0.074393117396643	0.0993277548414519	0.392328324338057	0.165376950853625	NA	NA
NA	NA	NA	NA	0.481605215777384	NA	0.365516748040181	0.312800350620535	NA	0.328828780850133	NA	NA	NA	0.526377097145952	0.106870912532181	0.142956924439519	NA	0.0390890817795404	NA
NA	NA	NA	NA	0.152521224756963	0.151391444324727	0.0764471230638138	0.104452830654075	0.106984573522294	NA	NA	NA	NA	0.156246498750412	0.111847076350238	NA	NA	NA	NA
NA	NA	NA	NA	NA	NA	NA	NA	NA	NA	NA	NA	NA	NA	NA	NA	NA	NA	NA
0.653992937772504	NA	NA	NA	0.123986254382539	NA	0.122695131239352	NA	0.239994299130224	0.220544423732567	NA	NA	0.596795473309794	0.682672233130561	0.710038876029128	0.38338048125562	NA	0.684183985215596	NA
NA	NA	NA	NA	NA	NA	NA	NA	NA	NA	NA	NA	NA	NA	NA	NA	NA	NA	NA
NA	NA	NA	NA	NA	NA	NA	NA	NA	NA	NA	NA	NA	NA	NA	NA	NA	NA	NA
NA	NA	NA	NA	NA	0.303621372022257	0.341758506418696	NA	NA	NA	0.289327876791524	NA	NA	0.287444457613364	0.198359519799493	0.203109503170712	0.157831062124532	0.144391468799146	NA
NA	NA	NA	0.736232855510603	NA	NA	0.141604972022564	0.139193284397535	NA	NA	NA	0.140129870167685	0.362366579700489	0.261659850459762	0.185290806255236	0.607172972640797	NA	0.0547093367170004	NA
NA	NA	NA	NA	NA	NA	NA	NA	NA	NA	NA	NA	NA	NA	NA	NA	NA	NA	NA
NA	NA	NA	NA	NA	NA	0.398659554063517	NA	NA	NA	0.131054750956666	0.166326512157434	0.267709183920007	NA	0.0868313554843431	NA	0.105867705885372	0.0914967713267816	NA
NA	NA	NA	NA	NA	NA	NA	NA	NA	NA	NA	NA	NA	NA	NA	NA	NA	NA	NA
NA	NA	NA	NA	NA	NA	NA	NA	NA	0.429508834269039	0.356557423836506	0.274161788764221	0.410802092450054	NA	0.25899975890472	0.307914308266175	NA	0.145218054454309	NA
NA	NA	NA	NA	NA	0.499873089832454	0.50301365280614	NA	NA	NA	NA	0.152773849877297	0.119276286017923	NA	0.26122516873359	0.228446305193445	0.184505328811909	0.0286564820294836	NA
NA	NA	NA	NA	NA	NA	NA	NA	NA	NA	NA	NA	NA	NA	NA	NA	NA	NA	NA
NA	NA	NA	NA	NA	NA	NA	NA	NA	NA	NA	NA	NA	NA	NA	NA	NA	NA	NA
NA	NA	NA	NA	NA	NA	NA	NA	NA	NA	NA	NA	NA	NA	NA	NA	NA	NA	NA
0.395412599145797	NA	NA	NA	NA	NA	0.117047056440512	0.242027158828621	0.0933841185857626	0.268697815149252	0.124494913699657	0.309155564934166	0.188721744450032	0.164640814761942	0.209573064464944	0.284468548358329	0.397700683473238	0.192265320376086	NA
NA	NA	NA	NA	NA	NA	NA	NA	NA	NA	NA	NA	NA	NA	NA	NA	NA	NA	NA
NA	NA	NA	NA	NA	NA	NA	NA	NA	NA	NA	NA	NA	NA	NA	NA	NA	NA	NA
NA	NA	NA	NA	NA	NA	NA	NA	NA	NA	NA	NA	NA	NA	NA	NA	NA	NA	NA
NA	NA	NA	NA	NA	NA	NA	NA	NA	NA	NA	NA	NA	NA	NA	NA	NA	NA	NA
0.47908944568207	NA	0.423240195242567	NA	0.357648350946446	0.497415384815982	0.423012079076125	NA	0.351309966747669	0.306516909698973	NA	NA	NA	0.44617422690835	0.168330247235501	0.18411181364265	NA	NA	NA
0.221501017624927	NA	0.152860314036804	0.139670009912618	NA	NA	0.154733073863797	NA	NA	NA	NA	NA	NA	NA	0.0668896125777691	0.165282074078561	NA	NA	NA
NA	NA	NA	NA	NA	NA	NA	NA	NA	NA	NA	NA	NA	NA	NA	NA	NA	NA	NA
NA	NA	NA	NA	NA	NA	NA	NA	NA	NA	NA	NA	NA	NA	NA	NA	NA	NA	NA
NA	NA	NA	NA	NA	NA	NA	NA	NA	NA	NA	NA	NA	NA	NA	NA	NA	NA	NA
NA	NA	NA	NA	NA	NA	NA	NA	NA	NA	NA	NA	NA	NA	NA	NA	NA	NA	NA
0.456974559020979	NA	0.302843071082738	0.35952222201696	NA	0.303093907266566	NA	NA	0.274002078687197	NA	0.187464422981359	0.415997712564913	NA	NA	NA	0.224185743710133	0.210281661320062	0.0631045441066507	NA
NA	NA	NA	NA	NA	NA	NA	NA	NA	NA	NA	NA	NA	NA	NA	NA	NA	NA	NA
NA	NA	NA	NA	NA	NA	NA	NA	NA	NA	NA	NA	NA	NA	NA	NA	NA	NA	NA
NA	NA	NA	NA	NA	NA	NA	NA	NA	NA	NA	NA	NA	NA	NA	NA	NA	NA	NA
NA	NA	NA	NA	NA	NA	NA	NA	NA	NA	NA	NA	NA	NA	NA	NA	NA	NA	NA
NA	NA	NA	NA	NA	NA	NA	NA	NA	NA	NA	NA	NA	NA	NA	NA	NA	NA	NA
NA	NA	NA	NA	NA	NA	NA	NA	NA	NA	NA	NA	NA	NA	NA	NA	NA	NA	NA
0.161219375319967	0.369378813708247	NA	NA	0.294674845658021	NA	NA	NA	NA	NA	NA	NA	NA	0.31953097530283	0.33448377781354	0.240802747662991	0.399325086936546	0.155730653861075	NA
NA	NA	NA	NA	NA	NA	NA	NA	NA	NA	NA	NA	NA	NA	NA	NA	NA	NA	NA
NA	NA	NA	NA	NA	NA	NA	NA	NA	NA	NA	NA	NA	NA	NA	NA	NA	NA	NA
NA	NA	NA	NA	NA	NA	NA	NA	NA	NA	NA	NA	NA	NA	NA	NA	NA	NA	NA
NA	0.320919609912359	0.423462675268865	0.301019095771586	NA	NA	0.202146068209609	NA	0.276769196070532	NA	0.146773683239391	0.152264827447215	0.0986624679938231	NA	0.19162142870688	NA	NA	0.0281202818968847	NA
NA	NA	NA	NA	NA	NA	NA	NA	NA	NA	NA	NA	NA	NA	NA	NA	NA	NA	NA
NA	NA	NA	NA	NA	NA	NA	NA	NA	NA	NA	NA	NA	NA	NA	NA	NA	NA	NA
NA	NA	NA	NA	NA	NA	NA	NA	NA	NA	NA	NA	NA	NA	NA	NA	NA	NA	NA
NA	NA	NA	NA	NA	NA	NA	NA	NA	NA	NA	NA	NA	NA	NA	NA	NA	NA	NA
NA	NA	NA	NA	NA	NA	NA	NA	NA	NA	NA	NA	NA	NA	NA	NA	NA	NA	NA
NA	0.954329943686617	0.361801221516115	0.143077329195054	0.292256175833483	NA	NA	NA	0.374663038225441	NA	NA	NA	NA	0.228550243101839	NA	NA	0.18083597135847	0.0786992033531447	NA
NA	NA	NA	NA	NA	NA	NA	NA	NA	NA	NA	NA	NA	NA	NA	NA	NA	NA	NA
1.17324570260073	NA	NA	0.391816855035329	NA	0.121348448860454	0.179129485216562	NA	NA	NA	0.193956177941454	NA	NA	NA	0.285412642351847	NA	0.184145407628309	0.0861939111626608	NA
NA	0.265467136847911	NA	0.377014291916839	0.256173206456991	NA	0.491877618927121	NA	0.628875385304444	0.561518815041266	NA	0.381406484734569	0.303876568325645	0.486056948481901	0.428138679405172	0.55431111703978	NA	0.199701187235449	NA
NA	NA	NA	NA	NA	NA	NA	NA	NA	NA	NA	NA	NA	NA	NA	NA	NA	NA	NA
NA	NA	NA	NA	NA	NA	NA	NA	NA	NA	NA	NA	NA	NA	NA	NA	NA	NA	NA
NA	NA	NA	NA	NA	NA	NA	NA	NA	NA	NA	NA	NA	NA	NA	NA	NA	NA	NA
NA	NA	NA	NA	0.283894659470943	NA	NA	NA	0.266552710158234	0.329449274445847	0.227708942721792	0.361454334798893	NA	NA	0.337122193148198	NA	0.206241848747663	NA	NA
NA	NA	NA	NA	NA	NA	NA	NA	NA	NA	NA	NA	NA	NA	NA	NA	NA	NA	NA
NA	NA	0.328917590622073	NA	NA	0.215565895261885	0.262520360075441	0.356007095068216	NA	0.184494080226709	NA	NA	NA	0.172034109415315	NA	NA	NA	0.100443724635078	NA
NA	NA	NA	NA	NA	0.0724992740988683	0.0897409958149278	NA	NA	NA	NA	0.265790054721365	NA	0.168888607780135	NA	NA	NA	0.14073125027697	NA
NA	NA	NA	NA	NA	0.262080863192063	0.219300998179875	NA	NA	0.0541178259287984	0.103422669629663	0.224666769533919	0.170769289681789	0.237878508661933	0.238975530517601	0.140000351287459	0.0988573986929476	0.0303210921374183	NA
NA	NA	NA	NA	NA	NA	NA	NA	NA	NA	NA	NA	NA	NA	NA	NA	NA	NA	NA
NA	NA	NA	NA	NA	NA	NA	NA	NA	NA	NA	NA	NA	NA	NA	NA	NA	NA	NA
NA	NA	NA	NA	NA	NA	NA	NA	NA	NA	NA	NA	NA	NA	NA	NA	NA	NA	NA
NA	NA	NA	NA	NA	NA	NA	NA	NA	NA	NA	NA	NA	NA	NA	NA	NA	NA	NA
0.434720248218919	NA	NA	0.406519047819977	NA	0.414696336998311	NA	NA	0.218898940365577	NA	NA	NA	0.201785323720752	NA	NA	0.0462307410142602	0.17405140304252	0.0714767768882639	NA
NA	NA	NA	0.493435620049865	NA	NA	NA	NA	0.0914392528322634	0.29551817729386	0.32732893357419	0.194204474332598	0.129988234079537	0.146285062284726	NA	NA	0.117411899707374	0.108135823861262	NA
NA	NA	NA	NA	NA	NA	NA	NA	NA	NA	NA	NA	NA	NA	NA	NA	NA	NA	NA
NA	NA	NA	NA	NA	NA	NA	NA	NA	NA	NA	NA	NA	NA	NA	NA	NA	NA	NA
0.120154327941529	NA	0.0813009952430719	NA	NA	NA	0.166526181977015	NA	NA	0.216302281433999	NA	NA	NA	0.114282193530424	0.106865831680697	NA	0.160549110449954	0.0184747214805208	NA
0.190869822668823	0.447932907995871	0.431976640739592	NA	NA	0.31196362188076	0.288431086939228	0.485189163768444	0.060841564701804	0.678372111330489	0.978088114071945	0.8387687423278	0.618763486287745	0.433324316142095	0.321933976638303	0.635672391688357	0.173283167840182	NA	NA
NA	NA	NA	NA	NA	NA	NA	NA	NA	NA	NA	NA	NA	NA	NA	NA	NA	NA	NA
0.664706878974128	NA	NA	0.485870400211227	NA	0.473663684980915	0.301460124936884	NA	NA	0.324174197652786	NA	0.250062295449059	0.177864631743448	1.00394339300035	0.289043523159506	NA	0.257896653125539	0.125711041792779	NA
NA	NA	NA	NA	NA	NA	NA	NA	NA	NA	NA	NA	NA	NA	NA	NA	NA	NA	NA
NA	NA	NA	NA	NA	NA	NA	NA	NA	NA	NA	NA	NA	NA	NA	NA	NA	NA	NA
NA	NA	NA	NA	NA	NA	NA	NA	NA	NA	NA	NA	NA	NA	NA	NA	NA	NA	NA
NA	NA	NA	NA	NA	NA	NA	NA	NA	NA	NA	NA	NA	NA	NA	NA	NA	NA	NA
NA	NA	NA	NA	NA	NA	NA	NA	NA	NA	NA	NA	NA	NA	NA	NA	NA	NA	NA
NA	NA	NA	NA	NA	NA	NA	NA	NA	NA	NA	NA	NA	NA	NA	NA	NA	NA	NA
1.68496146540898	NA	NA	NA	NA	1.50978799832654	1.73276232813058	1.57010456653315	0.954134372155625	1.5104052883884	1.50265855028499	1.64070373373952	1.56063141413886	1.58175219862932	1.51595355358041	1.69677568896477	NA	1.54833951070371	NA
NA	NA	NA	NA	NA	NA	NA	NA	NA	NA	NA	NA	NA	NA	NA	NA	NA	NA	NA
0.647806522843903	NA	NA	0.678544042869896	NA	0.38904246275623	0.415298364117434	0.541733631981173	0.565489065433222	0.403307605677986	0.366088470989377	NA	NA	0.160060000270957	0.109052503429367	0.112305643230805	0.129188519986095	0.231878443687206	NA
NA	NA	NA	NA	NA	NA	NA	NA	NA	NA	NA	NA	NA	NA	NA	NA	NA	NA	NA
NA	NA	NA	NA	NA	NA	NA	NA	NA	NA	NA	NA	NA	NA	NA	NA	NA	NA	NA
NA	NA	NA	NA	NA	NA	NA	NA	NA	NA	NA	NA	NA	NA	NA	NA	NA	NA	NA
0.542204507640041	0.278705708841893	0.241393442923344	NA	0.551745413443416	0.0521582079156182	0.222837398050297	NA	0.686490364856842	NA	NA	0.112543897508404	0.758958833095783	0.75154287769769	0.137541908882127	0.127326466462285	0.636854583776271	NA	NA
0.319712797632757	0.417687528231772	NA	NA	NA	NA	NA	0.330639469074503	0.289842303178485	NA	0.21251641134303	0.242722782414086	NA	NA	0.288396561924327	NA	0.177811421475126	0.187915184110118	NA
NA	NA	NA	NA	NA	NA	NA	NA	NA	NA	NA	NA	NA	NA	NA	NA	NA	NA	NA
NA	NA	NA	NA	NA	NA	NA	NA	NA	NA	NA	NA	NA	NA	NA	NA	NA	NA	NA
0.714817464562043	0.490207192804618	0.77658132818471	NA	NA	0.544155784111852	NA	0.623454506190775	0.697606754189116	NA	0.857650929097952	NA	0.764328544614099	NA	0.343258759099061	NA	NA	0.239543304550776	NA
NA	NA	NA	NA	NA	NA	NA	NA	NA	NA	NA	NA	NA	NA	NA	NA	NA	NA	NA
NA	0.457238650094825	0.374160694328104	0.434326357484941	0.346801378939657	0.304725284630968	0.277562419886505	NA	NA	0.565281108186809	NA	NA	0.0536824953448785	0.584287525857187	0.633485877768811	0.686057225808806	0.0825969659390592	0.0775973216188179	NA
NA	NA	NA	NA	NA	NA	NA	NA	NA	NA	NA	NA	NA	NA	NA	NA	NA	NA	NA
NA	0.695682906685594	0.277047608831228	0.18631424660531	0.26020534309009	0.248484405018803	0.220893227218369	NA	NA	0.878391215908692	NA	0.907294501668025	0.893919542448779	NA	0.162908206054862	0.0674479437842346	NA	0.213847434424076	NA
NA	NA	NA	NA	NA	NA	NA	NA	NA	NA	NA	NA	NA	NA	NA	NA	NA	NA	NA
NA	NA	0.143051019112509	0.302896079682563	0.235715835601497	NA	0.183484127010982	NA	0.104965379290483	0.11984676583026	0.33321534342328	0.25149973240534	NA	0.361675712540924	0.474724937400642	0.212241495132428	0.20167232435317	0.0424106648428087	NA
NA	0.193975055186843	0.219186805325949	0.0976194359140666	0.0788807958690223	NA	NA	0.462472310621538	0.517044570274243	NA	NA	NA	NA	0.163997279705364	NA	NA	NA	NA	NA
NA	NA	NA	NA	NA	NA	NA	NA	NA	NA	NA	NA	NA	NA	NA	NA	NA	NA	NA
NA	NA	NA	NA	NA	NA	NA	NA	NA	NA	NA	NA	NA	NA	NA	NA	NA	NA	NA
NA	NA	NA	NA	NA	NA	NA	NA	NA	NA	NA	NA	NA	NA	NA	NA	NA	NA	NA
NA	NA	NA	NA	NA	NA	NA	NA	NA	NA	NA	NA	NA	NA	NA	NA	NA	NA	NA
NA	NA	NA	NA	NA	NA	NA	NA	NA	NA	NA	NA	NA	NA	NA	NA	NA	NA	NA
NA	NA	NA	NA	NA	NA	NA	NA	NA	NA	NA	NA	NA	NA	NA	NA	NA	NA	NA
NA	0.307860678892549	0.29363195097309	0.276135037841055	NA	NA	NA	NA	0.598363379655935	NA	NA	NA	0.690683729562451	0.615581528276415	NA	NA	0.686426632928602	NA	NA
NA	NA	NA	NA	NA	NA	NA	NA	NA	NA	NA	NA	NA	NA	NA	NA	NA	NA	NA
0.302105623550118	NA	0.222635815405983	NA	0.108886597464852	NA	0.238666910282328	NA	NA	0.160784539666409	NA	NA	NA	0.234886478553183	0.142065787227857	0.0911918972583516	NA	NA	NA
0.287617033047054	0.44826553393233	0.385657683528762	NA	NA	0.288308036391824	0.271488603024858	0.246586716595502	0.127630615275304	NA	0.293603024376256	NA	NA	0.227886013628539	NA	NA	0.26044165007911	0.209379669999752	NA
NA	NA	NA	NA	NA	NA	NA	NA	NA	NA	NA	NA	NA	NA	NA	NA	NA	NA	NA
NA	NA	NA	0.28036174692591	0.151646441509743	NA	NA	NA	0.152046742040973	0.290212039722359	0.290820936226433	0.427035736545133	0.365816967595796	0.417591998164406	0.472380181402647	NA	NA	0.149746585160154	NA
NA	NA	NA	NA	NA	NA	NA	NA	NA	NA	NA	NA	NA	NA	NA	NA	NA	NA	NA
NA	NA	NA	NA	NA	NA	NA	NA	NA	NA	NA	NA	NA	NA	NA	NA	NA	NA	NA
NA	NA	NA	NA	NA	NA	NA	NA	NA	NA	NA	NA	NA	NA	NA	NA	NA	NA	NA
NA	NA	NA	NA	NA	NA	NA	NA	NA	NA	NA	NA	NA	NA	NA	NA	NA	NA	NA
NA	NA	NA	NA	NA	NA	NA	NA	NA	NA	NA	NA	NA	NA	NA	NA	NA	NA	NA
NA	NA	NA	NA	NA	NA	NA	NA	NA	NA	NA	NA	NA	NA	NA	NA	NA	NA	NA
NA	NA	NA	NA	NA	0.712656067052791	NA	NA	NA	0.506840877331424	0.265340774290167	NA	0.511824349229292	0.500894864527797	NA	NA	NA	0.558946516966838	NA
NA	NA	NA	NA	NA	NA	NA	NA	NA	NA	NA	NA	NA	NA	NA	NA	NA	NA	NA
NA	NA	NA	NA	NA	0.0757557581079386	0.128756499290546	NA	0.17463134094537	0.123147082658267	0.210522803732972	0.209470639711647	0.186473724920544	0.132708151736912	NA	NA	NA	NA	NA
NA	NA	NA	NA	NA	NA	NA	NA	NA	NA	NA	NA	NA	NA	NA	NA	NA	NA	NA
1.62227153170602	1.07182528380958	NA	NA	NA	NA	1.34308778944431	NA	0.651345283188874	NA	1.26382110086451	0.394664051339238	1.21399668605112	0.115474566412746	1.16349387213846	0.176381012050493	1.24101328560125	0.0283800580652211	NA
NA	NA	NA	NA	0.495120082108582	0.515660663138394	NA	0.369586726613739	NA	0.464288326840326	NA	0.477379922916681	0.391434832149588	0.303077037658492	0.32795336473992	NA	0.271535490345955	NA	NA
NA	NA	NA	NA	0.185958673997003	NA	0.320537684133407	NA	NA	NA	NA	0.235946701774757	0.252988255335148	NA	0.0480131628644803	NA	0.140086749330954	0.0963343465095569	NA
NA	NA	NA	NA	NA	NA	NA	NA	NA	NA	NA	NA	NA	NA	NA	NA	NA	NA	NA
NA	NA	NA	NA	NA	NA	NA	NA	NA	NA	NA	NA	NA	NA	NA	NA	NA	NA	NA
0.339045889644506	0.360732759077768	0.273667343368466	0.539457564284843	0.182379536183115	0.13051356443588	0.509646248795833	0.297917740940742	NA	0.383936724564742	NA	NA	NA	0.514004265846932	NA	0.218663810814401	0.292899635125074	0.154519394848753	NA
NA	NA	NA	NA	NA	NA	NA	NA	NA	NA	NA	NA	NA	NA	NA	NA	NA	NA	NA
NA	NA	NA	NA	NA	NA	NA	NA	NA	NA	NA	NA	NA	NA	NA	NA	NA	NA	NA
0.335846069107035	0.318069804254966	0.211767686005441	0.388828464859434	NA	0.496003722472802	0.477328013745487	0.599525447453186	0.329528093129421	NA	NA	NA	NA	0.264987610387476	0.359843706648564	0.25627017753759	NA	0.16619472024238	NA
0.165313981864811	NA	NA	0.0722054330982874	NA	0.297191038717634	NA	NA	NA	NA	NA	NA	NA	0.127026223397751	0.179444824833256	NA	0.184382261762407	0.2604432742827	NA
0.5291229262279	NA	NA	NA	0.270083628453632	NA	NA	NA	0.127704871094931	NA	NA	0.26216748697706	NA	NA	NA	0.137654041879121	0.179460919862344	0.172043843579213	NA
NA	NA	NA	NA	NA	NA	NA	NA	NA	NA	NA	NA	NA	NA	NA	NA	NA	NA	NA
NA	NA	NA	NA	NA	NA	NA	NA	NA	NA	NA	NA	NA	NA	NA	NA	NA	NA	NA
NA	NA	NA	NA	NA	NA	NA	NA	NA	NA	NA	NA	NA	NA	NA	NA	NA	NA	NA
0.233185821404426	0.246044586142644	NA	NA	NA	NA	0.317774677539482	0.319161708037973	0.236596498423171	0.235889409853692	NA	0.153602192658392	0.0689325022814672	NA	0.302627431012525	0.0911192398606924	0.0862029627054129	0.06641404778777	NA
NA	NA	NA	NA	NA	NA	NA	NA	NA	NA	NA	NA	NA	NA	NA	NA	NA	NA	NA
0.207780834628223	0.274830584092243	NA	0.208746674443305	0.182542923857204	NA	0.19632524459031	0.969063886464132	0.129275705900069	NA	0.277391485906243	0.190482019310529	0.208350674096598	1.66793772580179	1.76552177794683	0.195928023497351	NA	0.063078870188533	NA
NA	NA	NA	NA	NA	NA	NA	NA	NA	NA	NA	NA	NA	NA	NA	NA	NA	NA	NA
NA	NA	NA	NA	NA	NA	NA	NA	NA	NA	NA	NA	NA	NA	NA	NA	NA	NA	NA
0.520927987222022	NA	NA	NA	0.437549398803279	NA	NA	NA	NA	NA	NA	NA	NA	0.329567570263599	NA	NA	NA	0.0724988563324592	NA
NA	NA	NA	NA	NA	NA	NA	NA	NA	NA	NA	NA	NA	NA	NA	NA	NA	NA	NA
0.471141806763931	NA	0.679905107068922	NA	NA	0.356031460008625	0.372949344383295	0.221794102734293	0.240946304987684	NA	0.362597900002827	NA	0.360483625793468	0.431485485941131	NA	NA	NA	NA	NA
NA	NA	NA	NA	NA	NA	NA	NA	NA	NA	NA	NA	NA	NA	NA	NA	NA	NA	NA
0.836127258953017	NA	NA	NA	NA	NA	0.633176942502501	0.748379540757622	NA	0.529569327783373	0.503001271247932	0.639804224765238	0.670915746782087	NA	NA	0.16970490996766	0.690304003202589	0.680349966958934	NA
NA	NA	NA	NA	NA	NA	NA	NA	NA	NA	NA	NA	NA	NA	NA	NA	NA	NA	NA
NA	0.487827670302494	0.583665334834481	0.491527327185378	0.657880580181879	0.585820735181576	0.33821780156285	0.36000882802177	0.521542202435097	NA	NA	0.311184672521947	0.415411739344171	0.444237885135686	0.483373990139682	0.275695889483398	NA	0.0200123337374069	NA
NA	NA	NA	NA	NA	NA	NA	NA	NA	NA	NA	NA	NA	NA	NA	NA	NA	NA	NA
0.293085314887041	0.396927382151659	NA	NA	NA	NA	0.52895809612462	NA	0.214336426302946	0.21108126196471	0.236348520929921	NA	NA	NA	NA	NA	NA	0.10867727548528	NA
NA	0.442896942880267	0.424947309231784	0.449612104883221	NA	0.84360224591465	NA	NA	NA	NA	NA	NA	0.19289292249557	NA	0.321341211782023	NA	NA	0.110321049425836	NA
NA	NA	NA	NA	NA	NA	NA	NA	NA	NA	NA	NA	NA	NA	NA	NA	NA	NA	NA
NA	NA	NA	NA	NA	NA	NA	NA	NA	NA	NA	NA	NA	NA	NA	NA	NA	NA	NA
NA	NA	NA	NA	NA	NA	NA	NA	NA	NA	NA	NA	NA	NA	NA	NA	NA	NA	NA
NA	NA	NA	NA	NA	NA	NA	NA	NA	NA	NA	NA	NA	NA	NA	NA	NA	NA	NA
NA	NA	NA	NA	NA	NA	NA	NA	NA	NA	NA	NA	NA	NA	NA	NA	NA	NA	NA
0.324654587549518	0.186021131324121	NA	0.170591178177957	0.187950145517876	0.147447122665864	0.154232240166926	NA	0.132646146119706	0.100852987223355	0.0649125451159689	0.281140212360357	0.194734040226285	0.223252978592821	0.323935692363932	NA	0.231733956699834	NA	NA
NA	0.343747038875981	0.317448580349479	NA	0.543763946212888	0.333807898845517	0.450841338356885	NA	0.340399659161221	0.286717463163062	NA	0.230250296023896	0.228477837021305	0.190185495402414	0.054510278097626	0.368465672871526	0.213655447386744	0.0827760929447767	NA
NA	NA	NA	NA	NA	NA	NA	NA	NA	NA	NA	NA	NA	NA	NA	NA	NA	NA	NA
NA	NA	NA	NA	NA	NA	NA	NA	NA	NA	NA	NA	NA	NA	NA	NA	NA	NA	NA
NA	NA	NA	NA	NA	NA	NA	NA	NA	NA	NA	NA	NA	NA	NA	NA	NA	NA	NA
NA	NA	NA	NA	NA	NA	NA	NA	NA	NA	NA	NA	NA	NA	NA	NA	NA	NA	NA
NA	NA	NA	NA	NA	NA	NA	NA	NA	NA	NA	NA	NA	NA	NA	NA	NA	NA	NA
NA	NA	NA	NA	NA	NA	NA	NA	NA	NA	NA	NA	NA	NA	NA	NA	NA	NA	NA
0.380439465421181	0.288991067088843	0.249012866893673	0.481538742458289	0.358376393451198	0.183622139220864	0.564078681883423	0.289394524826204	NA	NA	NA	NA	NA	0.462215643405669	NA	0.246287806751269	0.229639430274825	0.0949692964623982	NA
0.421089715075868	0.467048017790563	NA	NA	NA	0.223924031977684	NA	0.222277276090082	0.321684874518514	NA	0.154000097929218	NA	0.132605059398564	0.141963277463561	0.133369983031014	0.180017903114391	NA	0.159297469670919	NA
NA	NA	NA	NA	NA	NA	NA	NA	NA	NA	NA	NA	NA	NA	NA	NA	NA	NA	NA
NA	NA	0.350250670361726	0.353368350960723	NA	NA	NA	NA	0.297625950292754	NA	NA	NA	NA	0.242408734733312	NA	0.269430513757303	NA	0.160081541322741	NA
NA	NA	NA	NA	NA	NA	NA	NA	NA	NA	NA	NA	NA	NA	NA	NA	NA	NA	NA
NA	NA	0.461752557334209	0.298249053542434	0.492361743672422	NA	0.297882357222023	NA	0.442803513481388	0.267821715687911	NA	NA	0.395475811225226	NA	0.378844413206123	NA	NA	0.044700832633909	NA
NA	NA	NA	NA	NA	NA	NA	NA	NA	NA	NA	NA	NA	NA	NA	NA	NA	NA	NA
NA	NA	NA	NA	NA	NA	NA	NA	NA	NA	NA	NA	NA	NA	NA	NA	NA	NA	NA
NA	NA	NA	NA	NA	NA	NA	NA	NA	NA	NA	NA	NA	NA	NA	NA	NA	NA	NA
NA	NA	NA	NA	NA	NA	NA	NA	NA	NA	NA	NA	NA	NA	NA	NA	NA	NA	NA
NA	NA	NA	NA	NA	NA	NA	NA	NA	NA	NA	NA	NA	NA	NA	NA	NA	NA	NA
NA	NA	NA	NA	NA	NA	NA	NA	NA	NA	NA	NA	NA	NA	NA	NA	NA	NA	NA
NA	NA	NA	NA	NA	NA	NA	NA	NA	NA	NA	NA	NA	NA	NA	NA	NA	NA	NA
NA	NA	NA	0.269649194279589	NA	NA	0.0999225683817936	0.0896502343958201	0.149902719990181	NA	NA	NA	0.183845246081777	0.123535289472743	NA	NA	NA	NA	NA
NA	NA	NA	NA	NA	NA	NA	NA	NA	NA	NA	NA	NA	NA	NA	NA	NA	NA	NA
NA	NA	NA	NA	NA	NA	NA	NA	NA	NA	NA	NA	NA	NA	NA	NA	NA	NA	NA
NA	NA	NA	NA	NA	NA	NA	NA	NA	NA	NA	NA	NA	NA	NA	NA	NA	NA	NA
NA	NA	NA	NA	NA	NA	NA	NA	NA	NA	NA	NA	NA	NA	NA	NA	NA	NA	NA
NA	NA	NA	NA	NA	NA	NA	NA	NA	NA	NA	NA	NA	NA	NA	NA	NA	NA	NA
NA	NA	NA	NA	NA	NA	NA	NA	NA	NA	NA	NA	NA	NA	NA	NA	NA	NA	NA
NA	0.33131338376487	0.342394043494621	0.268012787165956	0.223821463050246	0.186832882052157	0.635485701165558	0.721583587497098	0.203974414137282	NA	NA	0.733781563376375	0.237551911276383	0.364257314116456	NA	NA	NA	NA	NA
NA	NA	NA	NA	NA	NA	NA	NA	NA	NA	NA	NA	NA	NA	NA	NA	NA	NA	NA
0.210924398528638	NA	NA	NA	NA	0.197731467223944	NA	0.39536952683106	0.264818548309397	NA	NA	0.182011432032505	NA	NA	0.26573710739662	0.0701473658742134	0.0889030419267947	0.231112984168447	NA
NA	NA	NA	NA	NA	0.418028730411696	NA	NA	NA	0.131706382132372	0.246488304342681	NA	NA	NA	NA	0.127136013546579	0.132120857503765	NA	NA
NA	NA	NA	NA	NA	NA	NA	NA	NA	NA	NA	NA	NA	NA	NA	NA	NA	NA	NA
NA	NA	NA	NA	NA	NA	NA	NA	NA	NA	NA	NA	NA	NA	NA	NA	NA	NA	NA
NA	NA	NA	NA	NA	NA	NA	NA	NA	NA	NA	NA	NA	NA	NA	NA	NA	NA	NA
NA	NA	NA	NA	NA	NA	NA	NA	NA	NA	NA	NA	NA	NA	NA	NA	NA	NA	NA
NA	NA	NA	NA	NA	NA	NA	NA	0.351864015986651	NA	0.326589944626501	0.263579121520262	0.370566760668187	NA	0.548983893109773	0.27104262558332	0.408968245919712	NA	NA
NA	NA	NA	NA	NA	NA	NA	NA	NA	NA	NA	NA	NA	NA	NA	NA	NA	NA	NA
NA	NA	NA	NA	NA	0.464964629386903	NA	NA	0.677333331302911	0.17850810290326	NA	0.173714247451955	0.207720580024999	NA	0.318256284594571	0.637400751882126	NA	0.734016518038911	NA
1.07355051188332	NA	NA	NA	NA	NA	NA	NA	NA	NA	NA	NA	0.127410264223144	NA	0.080602948294398	0.121736947166927	0.186245692606622	0.281223959760125	NA
NA	NA	NA	NA	NA	NA	NA	NA	NA	NA	NA	NA	NA	NA	0.0499156950118985	0.0483018525270537	0.159083103835021	0.0726135755349868	NA
NA	NA	NA	NA	NA	NA	NA	NA	NA	NA	NA	NA	NA	NA	NA	NA	NA	NA	NA
0.5136087164377	0.593623415610831	NA	NA	0.525505099373055	0.401226642400222	0.12506948204333	0.141641949174834	0.134143217459869	0.198398047775498	NA	NA	NA	0.0227297500077982	0.0916751439727638	0.0994774609821017	NA	NA	NA
NA	NA	NA	NA	NA	NA	NA	NA	NA	NA	NA	NA	NA	NA	NA	NA	NA	NA	NA
0.207445256167225	NA	0.313587902615484	NA	NA	NA	NA	0.139690308794233	NA	NA	NA	NA	NA	NA	NA	0.0100218682570808	NA	0.1327276427498	NA
0.372500824757825	NA	0.333890316095881	NA	0.458867098229692	NA	NA	NA	NA	NA	NA	0.450042479249728	0.0967525576905152	0.246384142459741	0.148057425342494	NA	0.010770821962446	0.0804569473227514	NA
0.21534082938484	0.180386156725705	NA	NA	NA	NA	NA	NA	0.174308931409624	NA	0.12392246809075	0.121453869724378	0.0531115728795474	0.237285513658378	0.0486890191369972	NA	0.0930330491509966	0.347744620030917	NA
NA	NA	NA	NA	NA	NA	NA	NA	NA	NA	NA	NA	NA	NA	NA	NA	NA	NA	NA
0.175542771860904	0.47701696074515	NA	0.374922179966466	0.264980548273663	NA	NA	NA	NA	NA	NA	NA	NA	0.136494338149663	0.156742256546209	NA	NA	NA	NA
0.321364197082467	NA	0.382417208905633	NA	0.328727619110697	0.214309575267567	0.187233169392881	NA	0.248518476394944	0.363238889318098	NA	0.360661019124109	0.187292851155246	0.358967012484285	0.303989342983899	0.398481066942848	0.284195493086238	0.103124087207876	NA
0.0338460836683739	NA	NA	NA	NA	NA	0.225603258247389	0.205665872833562	NA	0.138069832949518	0.103823411889038	NA	NA	0.263290517907892	0.0508927172698298	NA	0.182236237934444	0.202309006451633	NA
0.42474624247627	0.104658167848028	NA	0.213735438346112	0.280535481274644	0.124334006769795	0.0905853516560813	NA	0.261442615954745	0.204062321122672	NA	NA	0.260278678120674	0.167994405683998	NA	0.0946963122744187	NA	0.0934378024188117	NA
NA	NA	NA	NA	NA	NA	NA	NA	NA	NA	NA	NA	NA	NA	NA	NA	NA	NA	NA
NA	0.251456338328529	0.369712486680303	NA	0.430672417107782	NA	NA	NA	NA	0.213478120308815	0.195872212039539	0.181483969915805	0.14481607032174	0.19915551046876	0.140822191179257	0.124083834647634	0.0785046198453199	0.123317644385705	NA
NA	NA	NA	NA	NA	NA	NA	NA	NA	NA	NA	NA	NA	NA	NA	NA	NA	NA	NA
NA	0.294807717904615	0.269195945712751	0.293687868519236	NA	0.197047181769484	0.232687693195812	NA	0.305729446457646	0.405505643467866	NA	NA	0.550543060062913	NA	0.240101939774812	0.258075979564881	0.182165811689025	NA	NA
NA	NA	NA	NA	NA	NA	NA	NA	NA	NA	NA	NA	NA	NA	NA	NA	NA	NA	NA
NA	NA	NA	NA	NA	NA	NA	NA	NA	NA	NA	NA	NA	NA	NA	NA	NA	NA	NA
NA	NA	NA	NA	NA	NA	NA	NA	NA	NA	NA	NA	NA	NA	NA	NA	NA	NA	NA
NA	NA	0.25545230779376	0.273113416187947	NA	NA	NA	NA	0.140185220007699	0.159784522877771	NA	NA	NA	0.19402196889835	0.155961061875317	NA	NA	NA	NA
NA	NA	NA	NA	NA	NA	NA	NA	NA	NA	NA	NA	NA	NA	NA	NA	NA	NA	NA
NA	NA	NA	NA	NA	NA	NA	NA	NA	NA	NA	NA	NA	NA	NA	NA	NA	NA	NA
NA	NA	NA	NA	NA	NA	NA	NA	NA	NA	NA	NA	NA	NA	NA	NA	NA	NA	NA
NA	NA	NA	NA	NA	NA	NA	NA	NA	NA	NA	NA	NA	NA	NA	NA	NA	NA	NA
NA	NA	NA	0.174212086710147	NA	0.363808071574756	NA	NA	NA	NA	NA	0.196656684337742	0.254907977694505	NA	0.162796413212505	0.172184955048036	NA	NA	NA
NA	NA	NA	NA	NA	NA	NA	NA	NA	NA	NA	NA	NA	NA	NA	NA	NA	NA	NA
NA	NA	NA	0.118551037169671	0.315194599403437	0.074303251877625	0.339006190469149	0.321941127943718	NA	0.204512196570334	0.114698680129698	NA	0.231870515611627	0.258650794958494	0.0725190972631287	0.105055022265452	0.154426944614688	NA	NA
NA	NA	NA	NA	0.173410125260286	0.153842301251157	0.223278810353048	0.228890126369744	0.248428409209627	NA	0.107694110685176	NA	NA	NA	0.238038729193299	NA	NA	0.0767273406743448	NA
0.188399427929618	NA	0.0455399790244931	NA	0.127432527844932	NA	0.181783625860339	NA	NA	0.136590787956197	0.270065081236724	NA	0.176960363390201	NA	0.0903805514284071	0.0232130052758273	0.115997404229106	0.0458183917081694	NA
NA	NA	NA	NA	0.131268466354035	0.170838954518295	0.4817474503371	0.33733540201601	0.287983953214103	0.155762166371297	NA	0.0666725881602287	NA	NA	NA	0.218041172518304	NA	NA	NA
NA	NA	NA	NA	NA	NA	NA	NA	NA	NA	NA	NA	NA	NA	NA	NA	NA	NA	NA
NA	NA	NA	NA	0.26292755161998	0.251438489689585	0.231794334215287	NA	NA	0.202856860761079	NA	0.145329662951462	0.212964041743508	0.273728326617914	NA	NA	0.352426197015127	NA	NA
NA	1.11662276513231	NA	NA	NA	0.528959959144169	NA	NA	0.398888662766502	NA	NA	NA	NA	NA	0.1508866745039	NA	0.279190986954156	0.120278476925694	NA
0.1170073203252	NA	NA	NA	NA	NA	0.252104167630938	0.210294845804545	0.222622148300015	NA	NA	NA	0.0996343715280586	0.174689297689537	NA	NA	NA	0.04948391313317	NA
0.22295991704922	0.384654793089007	NA	NA	NA	0.190261447198892	NA	NA	0.124855734622157	0.206388448151936	NA	0.191893063357185	0.310783147037474	0.233447849258482	0.146296534406598	0.238261365312425	NA	0.097696764952327	NA
NA	NA	NA	NA	NA	NA	NA	NA	NA	NA	NA	NA	NA	NA	NA	NA	NA	NA	NA
NA	NA	NA	NA	NA	NA	NA	NA	NA	0.241247067783961	NA	NA	0.264522349817863	0.334500167602064	NA	NA	NA	0.0590549747383048	NA
NA	NA	NA	NA	NA	NA	NA	NA	0.407238292463157	NA	NA	NA	0.209724038371991	0.16586309307323	NA	0.0879839558536271	0.0716376375406912	0.0996859207807873	NA
NA	NA	NA	NA	NA	NA	NA	NA	NA	NA	NA	NA	NA	NA	NA	NA	NA	NA	NA
NA	NA	NA	NA	NA	NA	NA	NA	NA	NA	NA	NA	NA	NA	NA	NA	NA	NA	NA
0.297851555203791	0.287409754048614	NA	NA	NA	NA	NA	NA	0.308056999175685	0.252911572121673	0.229990287126595	0.23106731617932	NA	0.206897287188255	0.129580129845133	0.189129339001068	NA	NA	NA
NA	NA	NA	NA	NA	NA	NA	NA	NA	NA	NA	NA	NA	NA	NA	NA	NA	NA	NA
NA	NA	NA	NA	NA	NA	NA	NA	NA	NA	NA	NA	NA	NA	NA	NA	NA	NA	NA
NA	NA	NA	NA	NA	NA	NA	NA	NA	NA	NA	NA	NA	NA	NA	NA	NA	NA	NA
0.23988957478533	0.314105211340259	NA	NA	NA	NA	0.263229493723424	0.245401871390167	NA	NA	NA	NA	0.181047957413089	NA	NA	NA	NA	NA	NA
NA	NA	NA	NA	NA	NA	NA	NA	NA	NA	NA	NA	NA	NA	NA	NA	NA	NA	NA
0.416177653920467	NA	0.240306113266263	0.187633670179851	NA	0.23921087136365	0.258470999976198	NA	NA	NA	0.173882151958663	NA	0.23003952815129	NA	0.0694569667890351	0.120302837803753	NA	0.223041967200693	NA
NA	NA	NA	NA	NA	NA	NA	NA	NA	NA	NA	NA	NA	NA	NA	NA	NA	NA	NA
NA	NA	NA	NA	NA	NA	NA	NA	NA	NA	NA	NA	NA	NA	NA	NA	NA	NA	NA
0.482619922949964	NA	NA	0.491552205753153	NA	0.505693518358239	0.51689897922206	0.475589269766302	NA	NA	0.275198976670247	NA	NA	NA	NA	0.2357074587133	NA	0.0489200386527398	NA
0.378040031392915	NA	0.441729221521588	NA	0.361303020931036	0.359993738456245	0.438435239048673	NA	NA	NA	NA	NA	NA	0.0749648181784635	NA	0.103790664476054	NA	0.157802335751893	NA
NA	NA	NA	NA	NA	NA	NA	NA	NA	NA	NA	NA	NA	NA	NA	NA	NA	NA	NA
NA	NA	NA	NA	NA	NA	NA	NA	NA	NA	NA	NA	NA	NA	NA	NA	NA	NA	NA
NA	NA	NA	NA	NA	NA	NA	NA	NA	NA	NA	NA	NA	NA	NA	NA	NA	NA	NA
0.154991626082595	0.292119916898849	0.442055854222892	0.118081481041139	0.132345595539641	0.275549461185597	0.243453143205913	0.295854364737541	0.205343049952244	0.0813478581761588	NA	0.0931589789165087	0.0963542757082403	0.146889775246027	0.0280569240330652	NA	0.100233935638877	0.0420127587402625	NA
0.302916856382934	0.291872696002796	NA	NA	NA	0.620041873496509	0.295582021044873	NA	NA	0.26125819114032	0.101993224130721	NA	NA	NA	NA	0.102601017256697	NA	0.182296542101922	NA
NA	NA	NA	NA	NA	NA	NA	NA	NA	NA	NA	NA	NA	NA	NA	NA	NA	NA	NA
NA	NA	NA	NA	NA	NA	NA	NA	NA	NA	NA	NA	NA	NA	NA	NA	NA	NA	NA
NA	NA	NA	NA	NA	NA	NA	NA	NA	NA	NA	NA	NA	NA	NA	NA	NA	NA	NA
NA	NA	NA	NA	NA	NA	NA	NA	NA	NA	NA	NA	NA	NA	NA	NA	NA	NA	NA
NA	NA	NA	NA	NA	NA	NA	NA	NA	NA	NA	NA	NA	NA	NA	NA	NA	NA	NA
NA	NA	NA	NA	NA	NA	NA	NA	NA	NA	NA	NA	NA	NA	NA	NA	NA	NA	NA
NA	0.139371758174284	0.27754238075969	NA	NA	NA	0.327436367292765	0.394322882064856	0.321797828354478	0.285510095389544	NA	NA	0.29305624234696	NA	0.102455309338597	0.128693479776051	0.481802124293368	NA	NA
NA	NA	NA	NA	NA	NA	NA	NA	NA	NA	NA	NA	NA	NA	NA	NA	NA	NA	NA
NA	NA	NA	NA	NA	NA	NA	NA	NA	NA	NA	NA	NA	NA	NA	NA	NA	NA	NA
NA	NA	NA	NA	NA	NA	NA	NA	NA	NA	NA	NA	NA	NA	NA	NA	NA	NA	NA
0.491003545836123	0.249692180961072	NA	NA	0.326867378280422	NA	0.26993005214491	NA	0.0329243494423065	0.299788109795804	0.237189403457118	0.190921707138485	0.131222948883686	NA	0.0845025468131495	0.122586335710862	NA	NA	NA
NA	0.415199504867648	NA	NA	0.579936080205749	NA	0.369224354641152	NA	NA	NA	0.268105641242374	0.136920483009853	0.139444926760842	NA	0.136927564985512	NA	NA	0.136240478943964	NA
NA	NA	NA	NA	NA	NA	NA	NA	NA	NA	NA	NA	NA	NA	NA	NA	NA	NA	NA
NA	NA	1.33697053798294	1.29447924966368	NA	NA	0.350587373183027	NA	0.120956832123955	NA	NA	1.34758686997537	0.179733513013581	1.50377067490077	1.38238636030743	0.0779689638208158	NA	1.22163890488998	NA
NA	NA	NA	NA	NA	NA	NA	NA	NA	NA	NA	NA	NA	NA	NA	NA	NA	NA	NA
NA	NA	0.289953050112715	NA	NA	0.256983981995541	NA	NA	0.264491111901407	0.517435144753077	0.559875882011643	NA	NA	NA	NA	NA	NA	0.0638432471616297	NA
NA	NA	NA	NA	NA	NA	NA	NA	NA	NA	NA	NA	NA	NA	NA	NA	NA	NA	NA
NA	NA	NA	NA	NA	NA	NA	NA	NA	NA	NA	NA	NA	NA	NA	NA	NA	NA	NA
NA	NA	NA	NA	NA	NA	NA	NA	NA	NA	NA	NA	NA	NA	NA	NA	NA	NA	NA
NA	NA	NA	NA	NA	NA	NA	NA	NA	NA	NA	NA	NA	NA	NA	NA	NA	NA	NA
NA	NA	NA	NA	NA	NA	NA	NA	NA	NA	NA	NA	NA	NA	NA	NA	NA	NA	NA
NA	NA	0.238462467403517	NA	0.243674793996416	NA	NA	NA	NA	NA	NA	NA	NA	NA	0.118484147391907	0.200605449041693	NA	0.360779077235323	NA
NA	NA	NA	NA	NA	NA	NA	NA	NA	NA	NA	NA	NA	NA	NA	NA	NA	NA	NA
NA	NA	0.356205157483872	0.304269005207536	NA	NA	NA	NA	NA	0.0795021588076665	NA	0.362567085214558	NA	NA	0.204544648773233	0.340499711248964	0.170911577939316	0.168093897903438	NA
NA	NA	NA	0.307748630806909	NA	NA	NA	0.51081731843038	0.524120275889161	0.699954592029692	NA	NA	NA	NA	0.177399165840152	NA	NA	0.0624838974487344	NA
NA	NA	NA	NA	NA	NA	NA	NA	NA	NA	NA	NA	NA	NA	NA	NA	NA	NA	NA
NA	NA	NA	NA	NA	NA	NA	NA	NA	NA	NA	NA	NA	NA	NA	NA	NA	NA	NA
NA	NA	NA	NA	NA	NA	NA	NA	NA	NA	NA	NA	NA	NA	NA	NA	NA	NA	NA
NA	NA	NA	0.195700572692129	0.116642368607477	0.391333922686472	0.435465055240356	0.529982358056775	0.0446857440268793	NA	NA	0.145749205721477	0.319353372070611	NA	NA	0.257492276553196	0.583014894274019	0.0608740752362927	NA
0.303913060283675	NA	NA	0.213703982154745	0.335205090504397	0.383538407040795	0.28624274248459	NA	0.222166330946077	0.182609945434645	0.526026841128344	0.475746052145484	0.313384055165608	NA	0.16197580109441	0.493493370018125	NA	0.554589121351764	NA
NA	NA	NA	NA	NA	NA	NA	NA	NA	NA	NA	NA	NA	NA	NA	NA	NA	NA	NA
NA	NA	NA	0.321719022273052	0.284045202950396	0.0838974541931122	NA	NA	NA	NA	NA	NA	NA	NA	0.23656753481653	NA	0.230251793824899	0.0160043701344752	NA
NA	NA	NA	NA	NA	NA	NA	NA	NA	NA	NA	NA	NA	NA	NA	NA	NA	NA	NA
NA	NA	NA	NA	0.419227907122408	0.378738730795055	0.28478154654317	0.232288380517643	0.192116174379723	0.388043401083426	NA	NA	0.457799335693609	NA	0.35916796368647	0.141983766590245	0.173159115681501	0.097733269980185	NA
0.43383627432093	NA	NA	NA	0.177200979816763	0.163293041811107	NA	NA	NA	NA	NA	0.0603813341796978	NA	0.121374942598807	0.317236599993044	0.366985232558412	NA	0.278820987566393	NA
NA	NA	NA	NA	NA	0.374513559458418	NA	NA	NA	NA	NA	0.66585121285364	NA	NA	NA	0.169923369909355	NA	0.0989749816961117	NA
NA	NA	NA	NA	NA	0.251322539624289	0.172655808194794	NA	NA	NA	NA	NA	0.10441571122721	NA	0.307841733351728	0.193819730517429	NA	0.141820841917957	NA
NA	NA	NA	NA	NA	NA	NA	NA	NA	NA	NA	NA	NA	NA	NA	NA	NA	NA	NA
NA	NA	0.230357741336228	NA	0.153364682412467	0.198213713737926	NA	NA	0.13838674154812	0.177479243845141	NA	0.848372245935216	0.742771818508625	0.506556185858765	0.337599394132384	0.670098780439521	NA	0.38477812144066	NA
NA	NA	NA	NA	NA	NA	NA	NA	NA	NA	NA	NA	NA	NA	NA	NA	NA	NA	NA
NA	NA	NA	NA	NA	NA	NA	NA	NA	NA	NA	NA	NA	NA	NA	NA	NA	NA	NA
NA	NA	NA	NA	NA	NA	NA	NA	NA	NA	NA	NA	NA	NA	NA	NA	NA	NA	NA
NA	NA	NA	NA	NA	NA	NA	NA	NA	NA	NA	NA	NA	NA	NA	NA	NA	NA	NA
0.577899617790379	NA	NA	0.360721551850073	0.419639986770813	NA	NA	NA	NA	NA	NA	NA	0.364088542424627	NA	0.279347922035877	NA	NA	0.091348372826959	NA
NA	NA	NA	NA	NA	NA	NA	NA	NA	NA	NA	NA	NA	NA	NA	NA	NA	NA	NA
0.458058905571351	0.404627214776224	NA	NA	0.207586048217822	0.502555139470984	0.367816571400911	NA	0.337418787138294	0.189205797668943	0.225035054310973	0.265924631989739	0.146547402690607	0.174288663375088	0.12012407688481	0.18164232340338	0.0898555011654957	0.158057702391455	NA
NA	NA	NA	NA	NA	NA	NA	NA	NA	NA	NA	NA	NA	NA	NA	NA	NA	NA	NA
NA	NA	NA	NA	NA	NA	NA	NA	NA	NA	NA	NA	NA	NA	NA	NA	NA	NA	NA
NA	NA	NA	NA	NA	NA	NA	NA	NA	NA	NA	NA	NA	NA	NA	NA	NA	NA	NA
NA	NA	NA	NA	NA	NA	NA	NA	NA	NA	NA	NA	NA	NA	NA	NA	NA	NA	NA
NA	NA	NA	NA	NA	NA	NA	NA	NA	NA	NA	NA	NA	NA	NA	NA	NA	NA	NA
NA	NA	NA	NA	NA	NA	NA	NA	NA	NA	NA	NA	NA	NA	NA	NA	NA	NA	NA
NA	NA	NA	NA	NA	NA	NA	NA	NA	NA	NA	NA	NA	NA	NA	NA	NA	NA	NA
NA	NA	NA	NA	NA	NA	NA	NA	NA	NA	NA	NA	NA	NA	NA	NA	NA	NA	NA
0.387107330905049	0.289388982095067	0.271815932995445	NA	NA	NA	0.374822543843834	0.417788583746756	0.434114677370827	0.328528697322481	0.15858073244225	NA	NA	NA	0.132139769602629	0.743607065735831	0.196509266644458	NA	NA
NA	NA	NA	NA	NA	NA	NA	NA	NA	NA	NA	NA	NA	NA	NA	NA	NA	NA	NA
0.419239571709283	NA	NA	NA	NA	0.277521102047907	NA	NA	0.282740007728339	NA	NA	NA	0.159159724830525	0.148689162893953	NA	NA	0.150453752251885	0.0799623343547807	NA
NA	NA	NA	NA	NA	NA	NA	NA	NA	NA	NA	NA	NA	NA	NA	NA	NA	NA	NA
NA	NA	NA	NA	NA	NA	NA	NA	NA	NA	NA	NA	NA	NA	NA	NA	NA	NA	NA
NA	0.845811054484495	0.781983696230706	0.825563917911609	0.722798377799911	NA	NA	NA	NA	0.448174728653031	NA	0.233483886562404	NA	NA	0.26988028275522	0.127425560258054	NA	0.0898043154865688	NA
NA	NA	NA	NA	NA	NA	NA	NA	NA	NA	NA	NA	NA	NA	NA	NA	NA	NA	NA
NA	NA	NA	NA	NA	NA	NA	NA	NA	NA	NA	NA	NA	NA	NA	NA	NA	NA	NA
NA	0.551763762008375	0.344027095425661	NA	0.522094099743464	0.200796476868294	NA	NA	0.0838618063592183	NA	0.378150442123005	NA	0.489999489117048	NA	0.273330624532027	0.251357330220927	0.279805750453668	0.0763140628656587	NA
NA	NA	NA	NA	NA	NA	NA	NA	NA	NA	NA	NA	NA	NA	NA	NA	NA	NA	NA
NA	NA	NA	NA	NA	NA	NA	NA	NA	NA	NA	NA	NA	NA	NA	NA	NA	NA	NA
NA	NA	NA	NA	NA	NA	NA	NA	NA	NA	NA	NA	NA	NA	NA	NA	NA	NA	NA
NA	NA	NA	NA	NA	NA	NA	NA	NA	NA	NA	NA	NA	NA	NA	NA	NA	NA	NA
NA	NA	NA	NA	NA	NA	NA	NA	NA	NA	NA	NA	NA	NA	NA	NA	NA	NA	NA
NA	NA	NA	NA	NA	NA	NA	NA	NA	NA	NA	NA	NA	NA	NA	NA	NA	NA	NA
NA	0.1517861961094	NA	0.226261931727847	0.337001760224696	NA	NA	0.258706624797286	0.132486766029743	0.266248240109848	NA	NA	NA	NA	NA	NA	0.511158319258597	0.0468289162757894	NA
NA	0.162629335551029	NA	NA	NA	0.266835564363154	0.285907266809728	NA	0.310939266941423	0.239577527683066	NA	NA	NA	0.189812886451788	0.235624365620983	0.140155907106049	0.141056128262731	0.181832666081965	NA
NA	NA	NA	NA	NA	NA	NA	NA	NA	NA	NA	NA	NA	NA	NA	NA	NA	NA	NA
NA	0.398455713605375	NA	NA	0.179408462457123	0.272690487254457	0.47435626469264	NA	0.121996482562351	0.11653734658649	NA	0.0330308977649638	NA	NA	NA	NA	NA	0.19859774828475	NA
NA	NA	NA	NA	NA	NA	NA	NA	NA	NA	NA	NA	NA	NA	NA	NA	NA	NA	NA
NA	NA	NA	NA	NA	NA	NA	NA	NA	NA	NA	NA	NA	NA	NA	NA	NA	NA	NA
NA	NA	0.0839158922039301	NA	NA	NA	NA	NA	0.107180578035938	0.237459540354774	NA	0.27516662920513	0.22726533034326	NA	0.245846050592129	NA	0.151105573661887	0.0706766909522693	NA
NA	NA	NA	NA	NA	NA	NA	NA	NA	NA	NA	NA	NA	NA	NA	NA	NA	NA	NA
NA	NA	NA	NA	NA	NA	NA	NA	NA	NA	NA	NA	NA	NA	NA	NA	NA	NA	NA
NA	NA	NA	NA	NA	NA	NA	NA	NA	NA	NA	NA	NA	NA	NA	NA	NA	NA	NA
NA	NA	NA	NA	NA	NA	NA	NA	NA	NA	NA	NA	NA	NA	NA	NA	NA	NA	NA
NA	NA	NA	NA	NA	NA	NA	NA	NA	NA	NA	NA	NA	NA	NA	NA	NA	NA	NA
NA	NA	NA	NA	NA	NA	NA	NA	NA	NA	NA	NA	NA	NA	NA	NA	NA	NA	NA
NA	NA	NA	0.232699014975603	NA	NA	0.327321034645542	0.258373429585135	0.263342310906334	0.204841488229316	NA	NA	NA	NA	0.143559146403806	NA	NA	0.0945412721319106	NA
NA	NA	NA	NA	NA	NA	NA	NA	NA	NA	NA	NA	NA	NA	NA	NA	NA	NA	NA
NA	NA	NA	NA	NA	NA	NA	NA	NA	NA	NA	NA	NA	NA	NA	NA	NA	NA	NA
NA	NA	NA	NA	NA	NA	NA	NA	NA	NA	NA	NA	NA	NA	NA	NA	NA	NA	NA
NA	NA	NA	NA	NA	NA	NA	NA	NA	NA	NA	NA	NA	NA	NA	NA	NA	NA	NA
NA	NA	NA	NA	NA	NA	NA	NA	NA	NA	NA	NA	NA	NA	NA	NA	NA	NA	NA
NA	NA	NA	NA	NA	NA	NA	NA	NA	NA	NA	NA	NA	NA	NA	NA	NA	NA	NA
NA	NA	NA	NA	0.309133590004962	NA	0.186157935422849	NA	0.213457789238581	0.106143822611849	NA	0.0797975308115079	NA	0.135321642527395	0.246761609615018	0.138371217908109	0.0762373434896093	NA	NA
NA	NA	NA	NA	0.372840602033188	NA	0.537424576437783	NA	NA	NA	NA	0.435484116991078	NA	NA	NA	0.184528184026683	NA	0.0604102269874984	NA
NA	NA	NA	NA	0.221552928080108	NA	0.172536683734357	0.163135227620443	0.132541389321039	0.272349725421918	0.0815941775957144	0.0793187645195214	0.125391398195979	NA	0.199369347212388	0.244250688527811	0.0962546797436986	0.236713686413603	NA
NA	NA	NA	NA	NA	0.285396343947101	0.291050193080933	NA	0.368216520792759	0.331887232499919	NA	0.249421520863696	0.271205580270846	NA	NA	NA	0.197082542240769	NA	NA
NA	NA	NA	NA	NA	NA	NA	NA	NA	NA	NA	NA	NA	NA	NA	NA	NA	NA	NA
NA	NA	NA	NA	NA	NA	NA	NA	NA	NA	NA	NA	NA	NA	NA	NA	NA	NA	NA
NA	NA	NA	NA	NA	NA	NA	NA	NA	NA	NA	NA	NA	NA	NA	NA	NA	NA	NA
NA	NA	NA	NA	NA	NA	NA	NA	NA	NA	NA	NA	NA	NA	NA	NA	NA	NA	NA
NA	NA	NA	NA	NA	NA	NA	NA	NA	0.495961685289719	NA	0.335282776855019	0.345322127267936	NA	0.42121307484441	NA	0.423591098728474	NA	NA
NA	NA	NA	NA	NA	NA	NA	NA	NA	NA	NA	NA	NA	NA	NA	NA	NA	NA	NA
NA	NA	NA	NA	NA	NA	NA	0.461846679378745	NA	NA	0.332805502076995	0.124432288984882	NA	NA	0.111253383518112	0.144401630489354	NA	0.124395491806519	NA
NA	NA	NA	NA	NA	NA	NA	NA	NA	NA	NA	NA	NA	NA	NA	NA	NA	NA	NA
NA	NA	NA	NA	NA	NA	NA	NA	NA	NA	NA	NA	NA	NA	NA	NA	NA	NA	NA
0.37245824782383	NA	0.346165373819515	NA	0.298759764552936	0.331564197661279	0.373163149285995	NA	0.277226081858923	0.589359553925374	NA	NA	0.118037281961193	0.0740906914904295	0.223827768242821	NA	NA	0.0664504947872773	NA
NA	NA	NA	NA	NA	NA	NA	NA	NA	NA	NA	NA	NA	NA	NA	NA	NA	NA	NA
NA	NA	NA	NA	NA	NA	NA	NA	NA	NA	NA	NA	NA	NA	NA	NA	NA	NA	NA
NA	NA	NA	NA	NA	NA	NA	NA	NA	NA	NA	NA	NA	NA	NA	NA	NA	NA	NA
0.479370793553691	0.326748768955407	0.336526028767427	NA	0.460454232407172	0.125821814857629	0.121231915415086	0.121482663220736	0.0408851328337333	NA	0.084820389196747	0.195362541120786	0.214880946878667	0.356639591287899	NA	NA	0.324263730882132	0.621996888188683	NA
0.311276397949849	NA	NA	NA	NA	NA	NA	NA	NA	0.179496673815214	0.247909743158956	NA	NA	0.162183003737636	NA	NA	0.159763624200945	0.0423138696026615	NA
NA	NA	NA	NA	NA	NA	NA	NA	NA	NA	NA	NA	NA	NA	NA	NA	NA	NA	NA
0.444408912550408	NA	NA	NA	NA	NA	0.135085960070256	NA	0.198446809840801	NA	NA	NA	NA	NA	NA	0.153691302283989	NA	NA	NA
NA	NA	NA	NA	NA	NA	NA	NA	NA	NA	NA	NA	NA	NA	NA	NA	NA	NA	NA
NA	NA	NA	NA	NA	NA	NA	NA	NA	NA	NA	NA	NA	NA	NA	NA	NA	NA	NA
NA	NA	NA	NA	NA	NA	NA	NA	NA	NA	NA	NA	NA	NA	NA	NA	NA	NA	NA
NA	NA	NA	NA	NA	NA	NA	NA	NA	NA	NA	NA	NA	NA	NA	NA	NA	NA	NA
NA	NA	NA	NA	NA	NA	NA	NA	NA	NA	NA	NA	NA	NA	NA	NA	NA	NA	NA
NA	NA	NA	NA	NA	NA	NA	NA	NA	NA	NA	NA	NA	NA	NA	NA	NA	NA	NA
NA	NA	NA	NA	NA	NA	NA	NA	NA	NA	NA	NA	NA	NA	NA	NA	NA	NA	NA
NA	0.106701429156783	0.225991513723102	NA	0.231117881336047	NA	0.424982912097943	NA	0.422620797874722	0.360998783934816	NA	NA	NA	0.268983786538127	0.289089021702209	NA	NA	NA	NA
NA	NA	NA	NA	NA	NA	NA	NA	NA	NA	NA	NA	NA	NA	NA	NA	NA	NA	NA
NA	NA	NA	NA	NA	NA	NA	NA	NA	NA	NA	NA	NA	NA	NA	NA	NA	NA	NA
NA	0.187265954425936	0.203548287663624	0.204839409471879	NA	0.21542806113478	0.265711197414475	NA	0.142304804594169	0.0894601092153562	NA	0.256182679570237	0.132247218766947	0.105376065835045	0.30946362747097	NA	0.0867268780824262	0.144306362032778	NA
NA	0.411423583420496	0.331870091711491	NA	NA	0.468891061474199	0.537752171409092	0.590145098091221	0.57737700331846	NA	0.564604931058326	0.282346549629637	0.505708645513697	0.522321926622304	0.530953907811128	0.46439633631951	NA	0.560484227257852	NA
NA	NA	NA	NA	NA	NA	NA	NA	NA	NA	NA	NA	NA	NA	NA	NA	NA	NA	NA
NA	NA	0.684211270392922	NA	NA	0.717840902255326	0.655804429113607	0.618409401589672	0.656547325901041	NA	NA	0.592240607726605	0.516021556518975	0.744377997867039	0.454144648971892	NA	0.581795144616819	0.810381882984731	NA
NA	NA	0.27368145882588	NA	NA	0.217402810951951	0.243665312783783	NA	NA	NA	0.201775379462239	0.0646575881284136	NA	0.130261397476225	NA	0.17306584487126	NA	0.100164176200116	NA
NA	NA	NA	NA	NA	NA	NA	NA	NA	NA	NA	NA	NA	NA	NA	NA	NA	NA	NA
NA	0.358701211140333	NA	0.350103638657317	0.276742859625	NA	NA	NA	NA	0.186223751146415	0.292375255638125	0.381716175863076	0.371095796889789	0.417240826086361	0.344204604889562	NA	0.268422648864585	0.290940148630757	NA
NA	NA	NA	NA	NA	NA	NA	NA	NA	NA	NA	NA	NA	NA	NA	NA	NA	NA	NA
NA	NA	NA	NA	NA	NA	NA	NA	NA	NA	NA	NA	NA	NA	NA	NA	NA	NA	NA
NA	NA	NA	NA	NA	NA	NA	NA	NA	NA	NA	NA	NA	NA	NA	NA	NA	NA	NA
NA	NA	NA	NA	NA	NA	NA	NA	NA	NA	NA	NA	NA	NA	NA	NA	NA	NA	NA
NA	NA	NA	NA	NA	NA	NA	NA	NA	NA	NA	NA	NA	NA	NA	NA	NA	NA	NA
NA	NA	NA	0.34027576345182	NA	NA	0.553203185192266	NA	0.262915638332569	NA	NA	NA	NA	0.220446420421478	0.729418086790727	NA	NA	0.254660515385152	NA
NA	NA	NA	0.211821066739032	NA	0.21145526574838	0.208973927515372	0.265569955684166	0.125881370852297	0.204819192162618	0.501618053065791	NA	0.295308766570018	0.109856268951811	0.125680154271876	0.10278171204055	NA	NA	NA
NA	NA	NA	NA	NA	NA	NA	NA	NA	NA	NA	NA	NA	NA	NA	NA	NA	NA	NA
NA	NA	NA	NA	NA	NA	NA	NA	NA	NA	NA	NA	NA	NA	NA	NA	NA	NA	NA
NA	NA	0.170131422794746	0.0714854523250075	0.140746898247338	NA	NA	0.0595130199723646	NA	0.199322937273988	NA	0.153777440736578	NA	0.210918943401555	0.220188504369057	NA	0.104554967916953	NA	NA
NA	NA	NA	NA	NA	NA	NA	NA	NA	NA	NA	NA	NA	NA	NA	NA	NA	NA	NA
NA	NA	NA	NA	NA	0.340938498512643	0.364968559877238	NA	NA	0.505245112904561	NA	0.507152418171404	NA	NA	NA	0.299579446312672	0.247703408249208	0.145504019787736	NA
NA	NA	NA	NA	NA	0.31535766798094	0.294245372449412	0.133116095370189	0.231276410100897	NA	0.112787516789573	0.186309028688724	0.166010239182407	0.118818169196759	NA	NA	0.142449075735274	NA	NA
NA	NA	NA	NA	NA	NA	NA	NA	0.246009090798147	0.245957191344492	NA	0.084862106583894	NA	0.125687393168735	NA	0.134258512518649	0.0987029060735898	0.0647169062574433	NA
NA	NA	NA	NA	NA	NA	NA	NA	NA	0.352202095920927	NA	NA	0.0869379808336994	0.0724441930223921	0.105401596510381	NA	0.426513885729416	0.16287475694081	NA
NA	NA	NA	NA	NA	NA	NA	NA	NA	NA	NA	NA	NA	NA	NA	NA	NA	NA	NA
NA	NA	NA	NA	NA	NA	NA	NA	NA	NA	NA	NA	NA	NA	NA	NA	NA	NA	NA
NA	NA	NA	NA	NA	NA	NA	NA	NA	NA	NA	NA	NA	NA	NA	NA	NA	NA	NA
NA	NA	NA	NA	NA	NA	NA	NA	NA	NA	NA	NA	NA	NA	NA	NA	NA	NA	NA
NA	NA	NA	NA	NA	NA	NA	NA	NA	NA	NA	NA	NA	NA	NA	NA	NA	NA	NA
NA	NA	NA	NA	NA	NA	NA	NA	NA	NA	NA	NA	NA	NA	NA	NA	NA	NA	NA
0.701544561284146	0.852501339447769	0.88918024927557	0.368110389286007	0.368735882048197	0.431883219072631	0.490606886454208	0.356132112726642	0.398902223553317	0.420046017214216	NA	0.359273410409609	0.318608669161123	NA	0.369853792530001	NA	NA	NA	NA
0.388356384556641	NA	0.226161377561824	0.203419604166656	0.118371914793359	0.205716806659761	0.212126380586679	NA	0.173061365228716	NA	NA	0.120850152476234	NA	0.0702534722710246	0.219517585751281	NA	0.160268282393029	0.0639002656240739	NA
NA	NA	NA	NA	NA	NA	NA	NA	NA	NA	NA	NA	NA	NA	NA	NA	NA	NA	NA
NA	NA	NA	NA	NA	NA	NA	NA	NA	NA	NA	NA	NA	NA	NA	NA	NA	NA	NA
0.471252483263506	0.281326340662311	NA	NA	NA	0.136308583382121	0.139449677099565	NA	NA	NA	NA	NA	0.209793505522184	0.161825760654912	0.814701361972419	0.421883913823566	0.38557290420099	0.501579918982101	NA
NA	NA	NA	NA	NA	NA	NA	NA	NA	NA	NA	NA	NA	NA	NA	NA	NA	NA	NA
NA	NA	NA	NA	NA	NA	NA	NA	NA	NA	NA	NA	NA	NA	NA	NA	NA	NA	NA
NA	NA	NA	NA	NA	NA	NA	NA	NA	NA	NA	NA	NA	NA	NA	NA	NA	NA	NA
NA	NA	NA	NA	NA	NA	NA	NA	NA	NA	NA	NA	NA	NA	NA	NA	NA	NA	NA
NA	NA	NA	NA	NA	NA	NA	NA	NA	NA	NA	NA	NA	NA	NA	NA	NA	NA	NA
0.343356481888937	0.32451247145988	NA	NA	0.226985981579313	NA	NA	0.169460846941152	0.194658432755252	NA	NA	NA	NA	NA	0.113881099455723	0.142882830631821	0.0968806691540341	0.020767187974042	NA
NA	NA	NA	NA	NA	NA	NA	NA	NA	NA	NA	NA	NA	NA	NA	NA	NA	NA	NA
NA	NA	NA	NA	NA	NA	NA	NA	NA	NA	NA	NA	NA	NA	NA	NA	NA	NA	NA
0.116873552619574	0.196304931472207	0.552777222452966	0.536504526722328	NA	0.578306651281197	0.305615710973425	0.788372578560554	0.527489148524744	NA	NA	0.272243436648035	0.632474397964983	0.854425187778888	NA	NA	NA	0.170147323982714	NA
0.537993377489532	0.562045928972104	0.493475061540335	0.42081124653489	0.3804952795206	0.643104917935408	0.371990991421731	0.675092708769548	0.403517176053717	0.408630114622899	0.492329851004219	0.591950297857505	NA	0.540727873151434	0.462001250033027	0.260137094838537	0.171939802645771	0.297352970708435	NA
0.473703750755432	0.568914211408934	NA	NA	NA	NA	NA	0.180003233127102	0.173211090114862	0.301301312200982	0.0928813384240342	0.187182705941959	NA	NA	0.193777956980431	NA	0.124932284563445	0.0808966390097983	NA
0.493945755786513	NA	NA	0.301573124945556	NA	NA	0.176967572549318	NA	NA	0.101982137368427	NA	NA	NA	NA	NA	NA	0.183710806465505	0.0791626539921518	NA
NA	NA	NA	NA	NA	NA	NA	NA	NA	NA	NA	NA	NA	NA	NA	NA	NA	NA	NA
NA	NA	NA	NA	NA	NA	NA	NA	NA	NA	NA	NA	NA	NA	NA	NA	NA	NA	NA
NA	NA	NA	NA	NA	NA	NA	NA	NA	NA	NA	NA	NA	NA	NA	NA	NA	NA	NA
NA	NA	NA	NA	NA	NA	NA	NA	NA	NA	NA	NA	NA	NA	NA	NA	NA	NA	NA
NA	NA	NA	NA	NA	NA	NA	NA	NA	NA	NA	NA	NA	NA	NA	NA	NA	NA	NA
NA	0.488271631418701	0.54679550873905	NA	NA	0.454850978692662	0.319179168321719	0.306522560570202	0.215701741607137	NA	0.110233154505498	NA	0.174390828955013	NA	0.211763097194704	NA	0.186015182237424	NA	NA
NA	NA	NA	NA	NA	NA	NA	NA	NA	NA	NA	NA	NA	NA	NA	NA	NA	NA	NA
NA	NA	NA	NA	NA	NA	NA	NA	NA	NA	NA	NA	NA	NA	NA	NA	NA	NA	NA
NA	0.281730899677237	0.369957388575749	NA	NA	0.132866486002182	0.148957941570999	NA	0.0744130715331524	0.0974428713158393	NA	NA	0.400664104845651	NA	NA	NA	0.154977818986701	0.31134714876762	NA
NA	NA	NA	NA	NA	NA	NA	NA	NA	NA	NA	NA	NA	NA	NA	NA	NA	NA	NA
NA	0.333414120018945	NA	0.252931382462813	NA	0.427850323708926	0.339128631866177	NA	0.492941376885585	NA	NA	NA	0.115357466648343	0.337748837776017	0.340065296629138	NA	0.402073405340971	0.0271517433913202	NA
NA	0.290421922580081	NA	NA	NA	NA	NA	0.349362599615054	0.280730010202814	0.358936365109852	0.214915324262291	0.100583240199094	0.150983860904657	0.152967427364138	NA	NA	NA	0.138694716779932	NA
NA	NA	NA	NA	NA	NA	NA	NA	NA	NA	NA	NA	NA	NA	NA	NA	NA	NA	NA
NA	NA	0.534390931812606	0.635014321186464	0.467555449753586	NA	NA	NA	0.236579689732928	0.0896430706692173	NA	NA	0.125035722933521	NA	0.380741190833585	NA	NA	0.176020590109896	NA
NA	NA	NA	NA	NA	NA	NA	NA	NA	NA	NA	NA	NA	NA	NA	NA	NA	NA	NA
NA	NA	NA	NA	NA	NA	NA	NA	NA	NA	NA	NA	NA	NA	NA	NA	NA	NA	NA
NA	NA	0.355582121237715	NA	NA	0.418953498800276	0.371205829235193	NA	NA	NA	NA	0.136371540524678	0.117833062632061	0.10185248539723	0.107087300459671	0.112669337686567	0.067316905244426	NA	NA
NA	NA	0.166385210708718	0.202020497579853	0.216019846876711	0.261349631824749	0.261206378441437	NA	NA	0.198391119331572	NA	NA	NA	0.0397638290097444	0.0911184890095596	NA	0.112826271054919	0.0874078868654872	NA
NA	NA	NA	NA	NA	NA	NA	NA	NA	NA	NA	NA	NA	NA	NA	NA	NA	NA	NA
NA	NA	0.554571232200924	0.516062768130415	NA	NA	NA	NA	NA	0.383607323651495	0.390229151452999	0.345609644144495	NA	NA	0.232378817474932	0.191245506561869	0.236306907067974	0.213126444963661	NA
NA	NA	NA	NA	NA	NA	NA	NA	NA	NA	NA	NA	NA	NA	NA	NA	NA	NA	NA
NA	NA	NA	NA	NA	NA	NA	NA	NA	NA	NA	NA	NA	NA	NA	NA	NA	NA	NA
NA	NA	NA	NA	NA	NA	NA	NA	NA	NA	NA	NA	NA	NA	NA	NA	NA	NA	NA
NA	NA	NA	NA	NA	NA	NA	NA	NA	NA	NA	NA	NA	NA	NA	NA	NA	NA	NA
NA	NA	NA	NA	NA	NA	NA	NA	NA	NA	NA	NA	NA	NA	NA	NA	NA	NA	NA
NA	NA	NA	0.292333998893139	NA	NA	NA	NA	NA	0.22496339874172	0.218358918913506	0.194329369067311	NA	NA	NA	NA	0.136138228295378	NA	NA
NA	NA	NA	NA	NA	NA	NA	NA	NA	NA	NA	NA	NA	NA	NA	NA	NA	NA	NA
0.149724391610418	0.264655424929044	NA	0.0997129313896552	NA	0.160209788046525	NA	NA	NA	0.167755254488568	NA	NA	NA	0.298117321042746	NA	NA	NA	NA	NA
NA	NA	NA	NA	NA	NA	NA	NA	NA	NA	NA	NA	NA	NA	NA	NA	NA	NA	NA
NA	NA	NA	NA	NA	NA	NA	NA	NA	NA	NA	NA	NA	NA	NA	NA	NA	NA	NA
NA	NA	NA	NA	NA	NA	NA	NA	NA	NA	NA	NA	NA	NA	NA	NA	NA	NA	NA
NA	0.21916972638361	NA	NA	0.103008804820674	0.146593825346217	0.315670864618091	0.197919315071214	NA	NA	0.497079832337692	NA	NA	0.556350787174269	0.72250897197858	0.108542772534718	NA	0.751416911804608	NA
NA	NA	NA	NA	NA	NA	NA	NA	NA	NA	NA	NA	NA	NA	NA	NA	NA	NA	NA
NA	NA	NA	NA	NA	NA	NA	NA	NA	NA	NA	NA	NA	NA	NA	NA	NA	NA	NA
NA	NA	NA	NA	NA	NA	NA	NA	NA	NA	NA	NA	NA	NA	NA	NA	NA	NA	NA
NA	NA	NA	NA	NA	NA	NA	NA	NA	NA	NA	NA	NA	NA	NA	NA	NA	NA	NA
NA	NA	NA	NA	NA	0.282678996612264	NA	0.300983785581864	NA	0.170917705348304	0.187663360086863	0.211641464839505	0.182264421778601	0.18388411422546	0.12853697771611	0.0658508153488028	0.110986258307517	0.0725629253567708	NA
NA	NA	NA	NA	NA	NA	NA	NA	NA	NA	NA	NA	NA	NA	NA	NA	NA	NA	NA
NA	NA	NA	NA	NA	NA	NA	NA	NA	NA	NA	NA	NA	NA	NA	NA	NA	NA	NA
NA	NA	NA	NA	0.494592659084545	NA	0.198774919083915	NA	NA	NA	NA	0.237743216816773	0.196270667536088	0.150079216886022	NA	NA	NA	0.0780948908410729	NA
NA	NA	NA	NA	NA	NA	NA	0.340560579101193	0.419263832297977	NA	0.622905288760388	NA	0.0522523131062706	0.0812017144785545	0.597227397375155	0.577562186813919	0.0975818677802465	0.0899977704943794	NA
NA	NA	NA	NA	NA	NA	NA	NA	NA	NA	NA	NA	NA	NA	NA	NA	NA	NA	NA
NA	NA	NA	NA	NA	NA	NA	NA	NA	NA	NA	NA	NA	NA	NA	NA	NA	NA	NA
NA	NA	NA	NA	NA	NA	NA	NA	NA	NA	NA	0.322624734805544	NA	NA	NA	0.202290333495695	0.142157395494796	0.0890143857824735	NA
NA	NA	NA	NA	NA	NA	NA	NA	NA	NA	NA	NA	NA	NA	NA	NA	NA	NA	NA
0.0531403353362283	0.147558742982114	0.255560828426073	NA	NA	NA	NA	NA	NA	NA	0.469461900216738	NA	NA	NA	0.419113999929669	0.299630814203876	NA	0.33008806766603	NA
0.184604178957343	NA	NA	0.504542968435965	NA	0.0333431261925348	NA	NA	0.594887129943275	0.596583892674156	0.661121669369318	0.214715509922683	0.601078021687807	0.0990884024606402	NA	NA	0.0860872116386407	0.052204798160602	NA
NA	NA	NA	NA	NA	NA	NA	NA	NA	NA	NA	NA	NA	NA	NA	NA	NA	NA	NA
NA	NA	NA	NA	NA	NA	NA	NA	NA	NA	NA	NA	NA	NA	NA	NA	NA	NA	NA
NA	NA	NA	NA	NA	NA	NA	NA	NA	NA	NA	NA	NA	NA	NA	NA	NA	NA	NA
NA	NA	NA	NA	NA	NA	NA	NA	NA	NA	NA	NA	NA	NA	NA	NA	NA	NA	NA
0.365123998827939	0.398104498668147	0.894108228822765	0.617976081189564	0.61202507470964	0.662024484118782	0.162348443040362	0.236617031480417	0.2034675866165	NA	0.0940747633290994	NA	NA	NA	NA	NA	NA	0.126735726797812	NA
NA	NA	NA	NA	NA	NA	NA	NA	NA	NA	NA	NA	NA	NA	NA	NA	NA	NA	NA
NA	NA	NA	NA	NA	NA	NA	NA	NA	NA	NA	NA	NA	NA	NA	NA	NA	NA	NA
NA	NA	NA	NA	NA	NA	NA	NA	NA	NA	NA	NA	NA	NA	NA	NA	NA	NA	NA
NA	NA	NA	NA	NA	NA	NA	NA	NA	NA	NA	NA	NA	NA	NA	NA	NA	NA	NA
NA	NA	NA	NA	NA	NA	NA	NA	NA	NA	NA	NA	NA	NA	NA	NA	NA	NA	NA
NA	NA	NA	NA	NA	NA	NA	NA	NA	NA	NA	NA	NA	NA	NA	NA	NA	NA	NA
NA	0.77796697263022	NA	0.470050185759874	0.490257084663487	0.83591067664288	0.882533237704292	NA	NA	0.282271801447255	NA	NA	0.938081618113165	0.910955174513341	NA	NA	NA	0.15683540415526	NA
NA	0.0832185876431783	NA	0.322937224031346	NA	NA	0.202363272476572	0.225723440301225	0.152434321099445	NA	NA	0.252280619433399	0.099940107941611	NA	0.234280511171615	0.226905621431023	0.162493347761498	NA	NA
NA	NA	NA	NA	NA	NA	NA	NA	NA	NA	NA	NA	NA	NA	NA	NA	NA	NA	NA
NA	NA	NA	NA	NA	NA	NA	NA	NA	NA	NA	NA	NA	NA	NA	NA	NA	NA	NA
NA	0.0753937856809309	NA	0.454626594606553	0.554740636398546	0.469341842387967	NA	NA	0.663386598198861	0.346025483848905	0.105387165651345	NA	NA	0.694975189719392	NA	NA	0.602484203371019	0.0770853893972575	NA
NA	0.264190013087025	0.175126999060746	0.202957921529625	NA	NA	0.198809067102497	0.27876037129321	0.237949043723245	NA	NA	NA	NA	NA	NA	NA	NA	0.115296269041861	NA
NA	NA	NA	NA	NA	NA	NA	NA	NA	NA	NA	NA	NA	NA	NA	NA	NA	NA	NA
NA	NA	NA	NA	NA	NA	NA	NA	NA	NA	NA	NA	NA	NA	NA	NA	NA	NA	NA
NA	0.230410961112191	NA	0.183702572920219	NA	NA	NA	NA	0.121822061124835	NA	NA	0.264186007648405	NA	0.241263477773994	NA	NA	0.0912849073549242	0.113594607586735	NA
NA	NA	NA	NA	NA	NA	NA	NA	NA	NA	NA	NA	NA	NA	NA	NA	NA	NA	NA
NA	NA	NA	NA	NA	NA	NA	NA	NA	NA	NA	NA	NA	NA	NA	NA	NA	NA	NA
NA	NA	0.255739766745489	0.332235815414923	0.24714133782652	NA	NA	NA	0.125409947096158	NA	0.227614685649376	0.210757862663496	0.200008119516748	0.164536602913009	0.0284095056019593	0.11972311380239	0.0676745019091054	0.42273848736194	NA
NA	NA	NA	NA	NA	NA	NA	NA	NA	NA	NA	NA	NA	NA	NA	NA	NA	NA	NA
NA	0.893672303860089	NA	0.468224836785526	0.480675759187948	0.826839492236268	NA	NA	NA	0.321111843912836	NA	NA	0.88646353879359	0.0376608710164063	NA	NA	NA	0.161547249309338	NA
NA	NA	NA	NA	NA	NA	NA	NA	NA	NA	NA	NA	NA	NA	NA	NA	NA	NA	NA
NA	NA	NA	NA	NA	NA	NA	NA	NA	NA	NA	NA	NA	NA	NA	NA	NA	NA	NA
NA	NA	NA	NA	NA	NA	NA	NA	NA	NA	NA	NA	NA	NA	NA	NA	NA	NA	NA
NA	NA	NA	0.266388659288058	NA	0.887776369129494	0.174433743896763	NA	NA	0.600391054586777	0.182193920128077	0.200676491686909	0.22246195753062	0.271490388610925	NA	NA	NA	0.0507879279618943	NA
NA	NA	NA	NA	0.547148576364751	0.320808958768773	0.690462077356231	NA	NA	NA	NA	NA	NA	0.663796052705042	NA	0.663824446466263	0.133014873911506	0.760888320293477	NA
NA	NA	NA	NA	NA	NA	NA	NA	NA	NA	NA	NA	NA	NA	NA	NA	NA	NA	NA
NA	NA	NA	NA	NA	NA	NA	NA	NA	NA	NA	NA	NA	NA	NA	NA	NA	NA	NA
NA	NA	NA	NA	NA	NA	NA	NA	NA	NA	NA	NA	NA	NA	NA	NA	NA	NA	NA
NA	NA	NA	NA	NA	NA	NA	0.512742001822506	0.489711493396818	0.432201618937524	NA	NA	NA	0.557546649118286	NA	0.0482276779259648	0.228281305460386	0.348707523224124	NA
0.770496463908112	NA	NA	0.212635310403783	NA	NA	NA	NA	0.55012379845271	0.52227588862756	0.531882186505228	NA	NA	NA	0.684555447466872	0.306085564533862	NA	0.111752815929376	NA
NA	NA	NA	NA	NA	NA	NA	NA	NA	0.181474036444882	0.169141038188302	NA	NA	0.186298979403185	0.1617484427302	NA	0.0868699595213018	0.0436346897249661	NA
0.207393994416904	NA	NA	NA	NA	0.0554873643310293	NA	NA	NA	NA	0.640223992512136	0.194311143803657	0.127698593537501	0.0887472046905728	NA	NA	0.0889196888537912	0.0752063062443767	NA
NA	0.32650801129865	NA	NA	NA	NA	NA	NA	NA	0.375991012464377	NA	NA	0.38396043712836	NA	NA	0.359263328001877	0.28918979676222	0.20550563175924	NA
0.328151110244112	0.159748094023765	0.224356231222682	NA	NA	NA	0.165977409035884	NA	NA	0.145361732126997	NA	0.201191815828409	NA	NA	NA	0.116443107115592	0.134795189233714	NA	NA
NA	NA	NA	NA	NA	NA	NA	NA	NA	NA	NA	NA	NA	NA	NA	NA	NA	NA	NA
0.372131132807471	NA	NA	NA	0.26262624630884	0.348937303325235	0.224026716250556	NA	0.412314076863122	0.116580575395037	0.243542678962505	0.533810004391342	0.130484133907919	0.0839490748605011	NA	NA	0.141938848445068	0.0617978136002337	NA
NA	NA	NA	NA	NA	NA	NA	NA	NA	NA	NA	NA	NA	NA	NA	NA	NA	NA	NA
NA	NA	NA	NA	NA	NA	NA	NA	NA	NA	NA	NA	NA	NA	NA	NA	NA	NA	NA
0.171648142437258	0.25842117383619	NA	0.196507107309808	NA	NA	NA	0.276347448646669	NA	0.198310952985272	NA	NA	0.0875319326385866	0.0695384202344246	0.136055132029209	0.093463043667913	0.0816823152269544	NA	NA
NA	NA	NA	NA	NA	NA	NA	NA	NA	NA	NA	NA	NA	NA	NA	NA	NA	NA	NA
0.257489650236616	0.263538493170201	NA	NA	NA	NA	NA	NA	0.193226317058513	NA	NA	NA	0.113990606796562	NA	0.032631026468718	NA	0.064821104156126	0.00484465553787981	NA
0.335823788034472	0.284635883482505	0.530787907082812	NA	0.330151616331066	NA	0.377679177080912	NA	NA	0.200264804073828	NA	NA	NA	0.194646700170973	0.15132918880163	0.118856882719593	0.0744225819811661	0.041009407975177	NA
NA	NA	NA	NA	NA	NA	NA	NA	NA	NA	NA	NA	NA	NA	NA	NA	NA	NA	NA
0.428162906561364	NA	0.584549427437573	0.426894214150181	NA	NA	NA	NA	0.210119281684812	0.179747741653487	0.286128331175441	0.317224545965634	0.329265791785155	0.401969424124681	0.439656927350453	0.0496203927875247	0.18610417379919	NA	NA
NA	NA	NA	NA	NA	NA	NA	NA	NA	NA	NA	NA	NA	NA	NA	NA	NA	NA	NA
NA	NA	NA	NA	NA	NA	NA	NA	NA	NA	NA	NA	NA	NA	NA	NA	NA	NA	NA
NA	NA	NA	NA	NA	NA	NA	NA	NA	NA	NA	NA	NA	NA	NA	NA	NA	NA	NA
0.320642494334756	0.544446430145622	0.520163666461406	0.464811429323271	0.338576480204485	NA	0.311584277665631	0.325274636265999	0.365798451797773	0.43701586413664	NA	NA	NA	0.286969374795381	NA	0.269847356198047	0.264002024214862	0.231592364498925	NA
0.235987602010495	NA	0.303159838103387	0.312087269136856	0.327707374476401	0.284829552764203	0.209023213428395	NA	NA	NA	0.356492624624798	0.433014977848138	NA	NA	0.361859186823605	NA	0.229201630018832	0.197676450711583	NA
0.311913823576868	0.446049861046658	0.523444913092202	NA	NA	NA	NA	NA	0.255476991832836	0.364259233166	NA	0.145110482673532	0.137601949451985	NA	NA	NA	NA	0.12498773551463	NA
0.129152735522864	NA	NA	0.201047317313857	0.176241220413398	0.170913492982325	0.216004777225278	NA	0.264650260212087	NA	0.277575688361122	0.402744220043206	0.232880486386279	NA	0.182783760264296	0.23710165104188	NA	NA	NA
0.486567840456364	NA	NA	0.233532513929836	NA	NA	NA	NA	NA	0.398463192576449	NA	NA	NA	NA	0.175745134614217	0.158897704494378	0.125241974237882	0.0781095980847123	NA
0.651841771819626	0.488264340645152	0.755767615945336	NA	0.487499283386818	0.516693639896323	NA	NA	0.73387773037526	NA	NA	NA	0.770970749627557	0.277605681042263	0.768530670981415	0.661076542232376	0.151649502408481	NA	NA
NA	NA	NA	NA	NA	NA	NA	NA	NA	NA	NA	NA	NA	NA	NA	NA	NA	NA	NA
NA	NA	NA	NA	NA	NA	NA	NA	NA	NA	NA	NA	NA	NA	NA	NA	NA	NA	NA
NA	NA	NA	NA	NA	NA	NA	NA	NA	NA	NA	NA	NA	NA	NA	NA	NA	NA	NA
NA	NA	NA	NA	NA	NA	NA	NA	NA	NA	NA	NA	NA	NA	NA	NA	NA	NA	NA
NA	NA	NA	NA	NA	NA	NA	NA	NA	NA	NA	NA	NA	NA	NA	NA	NA	NA	NA
0.214068365561439	NA	NA	0.363673192178999	NA	0.423238727297502	NA	NA	NA	0.234064688118605	NA	NA	0.246623384825939	NA	NA	NA	NA	0.0804114027014374	NA
NA	NA	NA	NA	NA	NA	NA	NA	NA	NA	NA	NA	NA	NA	NA	NA	NA	NA	NA
NA	NA	NA	NA	NA	NA	NA	NA	NA	NA	NA	NA	NA	NA	NA	NA	NA	NA	NA
NA	NA	NA	NA	NA	NA	NA	NA	NA	NA	NA	NA	NA	NA	NA	NA	NA	NA	NA
NA	0.31207066983009	NA	NA	0.12382070510955	0.550645201482833	0.422949574779569	NA	0.424751259322934	0.355751749147332	0.157571890058514	NA	NA	NA	NA	0.30183601929174	0.223066145429363	NA	NA
NA	0.125971347946568	0.0491648605965733	NA	NA	NA	NA	NA	NA	0.282182011318938	0.354414548488097	0.500660106305484	NA	NA	0.145221210110004	NA	0.137542848582856	NA	NA
NA	NA	NA	NA	NA	NA	NA	NA	NA	NA	NA	NA	NA	NA	NA	NA	NA	NA	NA
NA	NA	NA	NA	NA	NA	NA	NA	NA	NA	NA	NA	NA	NA	NA	NA	NA	NA	NA
NA	0.517443659058995	NA	0.166705010636601	0.16269575264176	0.400236393016041	0.343821796359437	0.286588716074083	0.25801959353202	0.124637400011127	NA	NA	NA	0.139219639385734	0.054945211770299	NA	NA	NA	NA
NA	NA	NA	NA	NA	NA	NA	NA	NA	NA	NA	NA	NA	NA	NA	NA	NA	NA	NA
0.724198933191765	0.65711674653106	NA	NA	0.63049240569815	0.769159026533607	0.38953688426628	NA	0.301224573175895	NA	NA	0.944578606403121	NA	0.930064301365253	0.279260322852656	NA	NA	0.147532053990519	NA
NA	NA	NA	NA	NA	NA	NA	NA	NA	NA	NA	NA	NA	NA	NA	NA	NA	NA	NA
NA	NA	NA	NA	NA	NA	NA	NA	NA	NA	NA	NA	NA	NA	NA	NA	NA	NA	NA
NA	NA	NA	NA	NA	NA	NA	NA	NA	NA	NA	NA	NA	NA	NA	NA	NA	NA	NA
NA	NA	NA	NA	NA	NA	NA	NA	NA	NA	NA	NA	NA	NA	NA	NA	NA	NA	NA
NA	NA	NA	NA	NA	NA	NA	NA	NA	NA	NA	NA	NA	NA	NA	NA	NA	NA	NA
NA	NA	NA	NA	NA	NA	NA	NA	NA	NA	NA	NA	NA	NA	NA	NA	NA	NA	NA
NA	NA	NA	NA	NA	NA	NA	NA	NA	NA	NA	NA	NA	NA	NA	NA	NA	NA	NA
NA	NA	0.294651309980889	0.275995993552422	NA	0.398146302955919	0.387456641179896	NA	0.514866747767549	0.524000015999243	NA	0.636304985749847	0.758128182657826	0.646277896873272	0.711244519449752	0.578868262913819	NA	0.136482835319899	NA
NA	NA	NA	NA	NA	NA	NA	NA	NA	NA	NA	NA	NA	NA	NA	NA	NA	NA	NA
NA	NA	NA	NA	NA	NA	NA	NA	NA	NA	NA	NA	NA	NA	NA	NA	NA	NA	NA
0.490689836835761	NA	0.396732671888919	NA	NA	NA	0.268915790428643	0.323350440347468	0.285675192238985	0.151593854257414	NA	0.218148809505457	0.106136640143854	0.246663124933441	NA	0.142806256662322	0.177712338222693	0.196960281848704	NA
NA	NA	0.34316097725162	0.283600983570179	NA	0.319698793980779	0.358221599113446	NA	0.150142851477579	NA	NA	NA	NA	0.222318266720499	0.156647518828454	0.274608913908793	NA	0.0544845733504108	NA
NA	NA	NA	NA	NA	NA	NA	NA	NA	NA	NA	NA	NA	NA	NA	NA	NA	NA	NA
NA	NA	NA	NA	NA	NA	NA	NA	NA	NA	NA	NA	NA	NA	NA	NA	NA	NA	NA
NA	NA	NA	NA	NA	NA	NA	NA	NA	NA	NA	NA	NA	NA	NA	NA	NA	NA	NA
NA	NA	NA	NA	NA	NA	NA	NA	NA	NA	NA	NA	NA	NA	NA	NA	NA	NA	NA
0.37255668312361	NA	NA	0.196207251316202	NA	NA	0.347110953913039	0.279712474142553	NA	0.506667930459641	NA	NA	NA	NA	NA	0.357022671031911	NA	0.146440463373381	NA
NA	NA	NA	NA	NA	NA	NA	NA	NA	NA	NA	NA	NA	NA	NA	NA	NA	NA	NA
NA	NA	NA	0.430501100948053	0.420232766834183	NA	NA	NA	0.293459351969585	0.277666370542389	NA	0.295930949504559	0.209385458035541	0.229383222784063	0.110344117046286	0.0407069900546387	0.625063521522839	NA	NA
NA	NA	NA	NA	NA	NA	NA	NA	NA	NA	NA	NA	NA	NA	NA	NA	NA	NA	NA
NA	NA	NA	NA	NA	NA	NA	NA	NA	NA	NA	NA	NA	NA	NA	NA	NA	NA	NA
NA	NA	NA	NA	NA	NA	NA	NA	NA	NA	NA	NA	NA	NA	NA	NA	NA	NA	NA
NA	NA	NA	0.305616838672507	0.275000524054247	NA	NA	NA	NA	0.333682499463057	NA	NA	NA	0.351962516690862	NA	0.271623112511362	0.239975463678573	NA	NA
NA	NA	NA	NA	NA	NA	NA	NA	NA	NA	NA	NA	NA	NA	NA	NA	NA	NA	NA
NA	NA	NA	NA	NA	NA	NA	NA	NA	NA	NA	NA	NA	NA	NA	NA	NA	NA	NA
NA	NA	NA	NA	NA	NA	NA	NA	NA	NA	NA	NA	NA	NA	NA	NA	NA	NA	NA
NA	NA	NA	NA	NA	NA	NA	NA	NA	NA	NA	NA	NA	NA	NA	NA	NA	NA	NA
NA	NA	NA	NA	NA	0.429451261259499	0.470599283532984	NA	NA	NA	NA	0.204542960786966	0.208448680367156	NA	0.212317748969634	NA	0.252701035394385	0.223168593002411	NA
NA	NA	NA	NA	NA	NA	NA	NA	NA	NA	NA	NA	NA	NA	NA	NA	NA	NA	NA
0.530935180081519	0.552267788745433	NA	NA	NA	0.206910193617517	NA	0.270216772537788	NA	NA	0.17533183325073	NA	NA	0.306610021227926	0.182952624766297	0.147712558155281	0.191161873717121	0.0328970389865521	NA
0.278656658413879	0.472473757540591	0.520163666478603	0.46489614523977	0.266625557795917	0.418866893215329	0.318308288800258	0.325274636265999	0.355998438170645	0.60746270581696	NA	NA	NA	0.286969374796799	NA	0.269847356198047	0.264002024412101	0.269791557208685	NA
NA	NA	NA	NA	NA	NA	NA	NA	NA	NA	NA	NA	NA	NA	NA	NA	NA	NA	NA
NA	NA	NA	NA	NA	NA	NA	NA	NA	NA	NA	NA	NA	NA	NA	NA	NA	NA	NA
NA	NA	NA	NA	NA	NA	NA	NA	NA	NA	NA	NA	NA	NA	NA	NA	NA	NA	NA
NA	NA	NA	NA	NA	NA	NA	NA	NA	NA	NA	NA	NA	NA	NA	NA	NA	NA	NA
NA	NA	NA	NA	NA	NA	NA	NA	NA	NA	NA	NA	NA	NA	NA	NA	NA	NA	NA
NA	NA	NA	NA	NA	NA	NA	NA	NA	NA	NA	NA	NA	NA	NA	NA	NA	NA	NA
NA	NA	NA	NA	NA	NA	NA	NA	NA	NA	NA	NA	NA	NA	NA	NA	NA	NA	NA
NA	NA	NA	NA	NA	NA	NA	NA	NA	NA	NA	NA	NA	NA	NA	NA	NA	NA	NA
