NA	NA	1.23994507557512	NA	NA	NA	NA	NA	NA	NA	NA	NA	NA	0.689006002428655	0.475667101777716	NA	NA	NA	NA	0.394202417910483	NA	NA	NA	0.445008472156634	0.183166240883133	NA	NA	NA	NA	NA	NA	NA	NA	NA	NA	NA	NA	NA	0.81097873902518	NA
NA	1.43316506008236	NA	1.1916241139287	NA	1.34515950773809	0.258136641786045	1.52227517816499	0.194118155533718	1.51152409744131	NA	1.50370381389217	0.295648861455438	0.718440247583128	0.721539613215977	NA	0.677032611784578	0.363795318207879	0.567207333648906	0.833420344819847	NA	0.887574795034919	0.348407483794919	0.246258524339105	0.278459885919057	0.339392593936265	1.28971333098373	1.28596508316027	0.368330156444546	1.26513802852475	0.718096461171479	1.35946996464979	1.3733451756631	1.40994921281092	0.696381892411823	1.25637558628074	NA	0.893923184809207	NA	0.800307562498077
NA	NA	1.29684153317831	NA	1.42042210710084	NA	NA	NA	NA	NA	NA	NA	NA	NA	0.677194032965363	NA	NA	NA	NA	0.399845935436588	NA	NA	NA	0.622090133516668	0.528301845863047	NA	NA	NA	0.580052398577358	NA	NA	NA	NA	NA	NA	NA	NA	NA	NA	NA
NA	NA	NA	NA	NA	NA	NA	NA	NA	NA	NA	NA	NA	NA	NA	NA	NA	NA	NA	NA	NA	NA	NA	NA	NA	NA	NA	NA	NA	NA	NA	NA	NA	NA	NA	NA	NA	NA	NA	NA
NA	NA	NA	NA	NA	NA	NA	NA	NA	NA	NA	NA	NA	NA	NA	NA	NA	NA	NA	NA	NA	NA	NA	NA	NA	NA	NA	NA	NA	NA	NA	NA	NA	NA	NA	NA	NA	NA	NA	NA
NA	NA	NA	NA	NA	NA	NA	NA	0.378760667101547	0.638719802530922	NA	0.76672320190221	0.472337235449769	0.443258316422787	0.451543894288066	NA	NA	0.506254976435872	NA	0.376726191045591	NA	NA	NA	0.434094695627092	NA	NA	NA	0.367167383614782	0.128767186524298	NA	0.243103037414263	0.628880492771948	0.0752094914611499	NA	NA	NA	NA	NA	NA	NA
NA	NA	NA	NA	NA	NA	NA	NA	NA	NA	NA	NA	NA	NA	NA	NA	NA	NA	NA	NA	NA	NA	NA	NA	NA	NA	NA	NA	NA	NA	NA	NA	NA	NA	NA	NA	NA	NA	NA	NA
0.82088981238497	1.47098621559789	0.689394205527552	NA	0.801735485263875	0.5373521433827	NA	NA	0.982813112288204	NA	0.349079540074873	NA	0.520817950145772	0.490627821950922	NA	NA	0.447104117513394	0.347756244974433	0.189868773110375	0.365952259793515	NA	NA	0.259503609464185	0.488745550438042	0.367722153527092	0.475149494824417	0.354828474226679	0.725018797867138	NA	NA	NA	1.13367434978891	NA	NA	1.11900600995694	NA	NA	NA	NA	NA
NA	0.974408858734655	0.507352208894149	0.753054141841243	0.680222135784066	0.419031537002521	NA	NA	1.76839055027629	NA	0.476181821706806	2.02029263298246	0.63406607495563	0.840445344859929	2.01589265961707	1.02833464514833	0.350500194653334	NA	NA	0.199620710578351	NA	0.344110004547462	0.184696765973523	0.502632764160663	NA	0.78458824997611	1.01848744572057	1.10393225316793	1.20593819758801	0.994627165043929	1.07691242819135	NA	0.895156819757631	0.754218305272699	NA	0.605432990951495	1.97377461933036	2.16065631396569	0.773189023144867	0.96560218748348
0.845538662730756	1.14369644365201	0.76652274760804	1.13180996476468	1.14408980659478	1.35628060374847	1.09936049064497	1.70493261988506	0.987787407358177	0.756636347265126	0.936288315899351	NA	0.67400516638815	NA	0.476566877861616	1.68285535104953	NA	0.476142458332974	NA	0.528584246918681	NA	NA	0.662929149016957	0.642430555637654	1.06974288658524	NA	0.963706543406839	1.09465805898813	0.74348699321131	0.55810140920618	0.538616178452411	0.373918743252496	0.356191404987485	0.323822900874406	NA	NA	0.769004426798477	NA	NA	1.37790401816349
NA	NA	NA	NA	NA	NA	NA	NA	NA	NA	NA	NA	NA	0.578660861464881	NA	NA	NA	NA	NA	0.719926769715848	NA	1.47439447205701	NA	0.270599630142366	0.982614196662658	NA	0.477305944298993	NA	NA	NA	0.44120120912198	NA	0.666334085937406	NA	NA	0.713475734679134	0.927565948359199	NA	0.624062165834252	NA
NA	NA	NA	NA	NA	1.17625124033015	NA	NA	1.24418128512123	0.873927189094963	NA	0.792903954399197	0.460271609928791	NA	0.310077105577895	NA	NA	NA	NA	0.265327874973551	NA	NA	NA	0.93614370877422	1.09173830610624	1.06304294862032	1.20233300283182	1.04632332920898	NA	NA	0.849000810816891	1.04386419217749	NA	0.76768857492628	NA	1.11666577080491	1.15900353080135	1.31649150043853	1.31013015168721	1.25317519539412
1.72982928253114	NA	0.999221880849929	1.29572761176244	1.09937362480011	1.57664140822417	0.968397985698035	NA	0.881812256804414	1.05086788762824	0.967088095111793	0.961220723452746	0.988199734061887	1.36005356121674	NA	0.804794490985689	1.39140429433917	NA	1.45909177811443	0.962949710775857	NA	0.996376494723532	1.0823154208649	0.854930181190324	0.757534368136133	NA	NA	1.81093309235092	NA	0.887222794311937	0.522103425955761	NA	NA	0.87343884833794	NA	NA	NA	0.953316954052016	0.557365773481361	NA
NA	NA	NA	NA	NA	NA	NA	NA	NA	NA	NA	NA	NA	NA	NA	NA	NA	NA	NA	NA	NA	NA	NA	NA	NA	NA	NA	NA	NA	NA	NA	NA	NA	NA	NA	NA	NA	NA	NA	NA
NA	1.2166127895138	NA	NA	NA	NA	NA	NA	NA	NA	NA	1.07497734560163	NA	NA	NA	NA	NA	NA	NA	NA	NA	0.789116744395047	NA	NA	0.800122259998302	0.699876614081382	NA	1.29145001862744	NA	NA	1.86817629011015	NA	NA	NA	NA	NA	NA	NA	NA	2.68537130722617
NA	NA	NA	NA	NA	NA	NA	NA	NA	NA	NA	NA	NA	NA	NA	NA	NA	NA	NA	NA	NA	NA	NA	NA	NA	NA	NA	NA	NA	NA	NA	NA	NA	NA	NA	NA	NA	NA	NA	NA
NA	NA	NA	NA	NA	NA	NA	NA	NA	NA	NA	NA	NA	NA	NA	NA	NA	NA	NA	NA	NA	NA	NA	NA	NA	NA	NA	NA	NA	NA	NA	NA	NA	NA	NA	NA	NA	NA	NA	NA
NA	NA	NA	NA	NA	NA	NA	NA	NA	NA	NA	NA	NA	NA	NA	NA	NA	NA	NA	NA	NA	NA	NA	NA	NA	NA	NA	NA	NA	NA	NA	NA	NA	NA	NA	NA	NA	NA	NA	NA
0.712329522754289	1.07638075844055	0.714416685435619	0.568854674586917	0.850297988120868	0.676305439237598	0.782196408367302	1.39243360193565	0.976611407526522	0.744536233200365	0.903729444362515	1.26216312757821	1.24506611915817	0.984147317082269	NA	NA	1.21869923746761	0.87325331481025	0.671554796782385	NA	NA	0.976309902869855	0.915919615293907	NA	0.860882105002111	1.17825554669483	NA	1.25302653632574	NA	0.964684173982337	0.971490552034989	1.20748080495662	1.13739631467604	NA	NA	NA	1.63205050711989	NA	0.712207235896978	1.32346381149106
NA	NA	NA	NA	NA	NA	2.53438135006149	NA	NA	1.40571194549423	NA	1.54287270193067	1.66789619559959	1.52624274716938	0.606948060487278	NA	NA	0.795479753011198	NA	1.81073922831179	NA	1.75210054323976	0.800950469532101	NA	1.84593025376706	NA	NA	NA	NA	1.8950190016686	NA	0.410510750387482	1.84367400332376	0.658630221237479	NA	NA	NA	NA	NA	0.718807538971259
NA	NA	NA	NA	NA	NA	NA	NA	NA	NA	NA	NA	NA	NA	NA	NA	NA	NA	NA	NA	NA	NA	NA	NA	NA	NA	NA	NA	NA	NA	NA	NA	NA	NA	NA	NA	NA	NA	NA	NA
NA	NA	1.30651847929506	NA	0.629543895799856	1.05794706311374	0.901075815902544	0.945379292011989	0.689520290777615	NA	0.598989203457519	1.07091598266334	0.952483327180851	1.29999334589386	0.786926989920757	0.896916062915176	0.932459206483478	0.856573888679132	NA	NA	NA	1.12964893939846	0.865711890159601	0.501078500287592	0.658473431335245	1.08642953590407	0.79952803678143	NA	NA	1.13606872192529	0.826386521849247	1.10247534638149	1.11657096497477	NA	NA	1.30014885057402	1.16418801963794	NA	1.22319223050509	NA
NA	NA	NA	NA	NA	NA	NA	NA	NA	NA	NA	NA	NA	NA	NA	NA	NA	NA	NA	NA	NA	NA	NA	NA	NA	NA	NA	NA	NA	NA	NA	NA	NA	NA	NA	NA	NA	NA	NA	NA
NA	1.42623084775414	NA	NA	NA	NA	0.798288777280569	NA	2.22421233843808	NA	0.548030072885287	0.469359369746675	NA	0.579030376871299	0.532186489230997	NA	NA	NA	NA	NA	NA	0.296069780868989	NA	1.57701300179612	0.346979400501066	0.42652793847302	NA	NA	1.21335438346561	NA	NA	NA	NA	NA	NA	NA	2.32715461804072	NA	NA	NA
NA	NA	NA	NA	NA	NA	NA	NA	NA	NA	NA	NA	NA	NA	NA	NA	NA	NA	NA	NA	NA	NA	NA	NA	NA	NA	NA	NA	NA	NA	NA	NA	NA	NA	NA	NA	NA	NA	NA	NA
NA	NA	NA	NA	NA	NA	NA	NA	NA	NA	NA	NA	NA	NA	NA	NA	NA	NA	NA	NA	NA	NA	NA	NA	NA	NA	NA	NA	NA	NA	NA	NA	NA	NA	NA	NA	NA	NA	NA	NA
NA	1.97309681841568	1.88368320005421	1.6730663980623	1.43957022910603	1.24369826534498	2.45200682656783	1.26905601243566	1.99418659984237	1.84502624970744	1.76655719053378	1.7122400994616	2.08507137392381	1.83467319926241	1.6259842996698	1.7745988920625	1.41429308606859	1.23786871344377	1.09762366062409	1.59237946379185	NA	1.32047477179712	1.64629520444488	2.18769290045248	1.43550716280524	1.57687926626487	NA	1.97094797413576	2.02401924888728	1.99349327454578	1.62229576969514	2.00730193319312	2.04460818563328	1.97969723734613	1.83446576395139	1.74625907768573	1.896279979193	1.37781879476851	1.39170317340898	1.65167422670543
0.920227534275801	NA	0.539229142563535	NA	1.07636842928484	NA	NA	0.494568260496389	0.668058162725072	0.386270943444892	0.481224910334392	0.295207228626056	0.814364875900434	0.490043737979702	0.301572590871938	NA	0.910697716657176	0.332409222218535	0.439171719403734	NA	NA	0.969241106875666	NA	1.2164630956437	0.170212214437663	NA	NA	NA	1.00037843190105	0.488199501619446	0.43676843976006	NA	NA	0.451840034119468	NA	0.298134869695307	NA	NA	NA	NA
NA	NA	NA	NA	NA	NA	NA	NA	NA	NA	NA	NA	NA	NA	NA	NA	NA	NA	NA	NA	NA	NA	NA	NA	NA	NA	NA	NA	NA	NA	NA	NA	NA	NA	NA	NA	NA	NA	NA	NA
NA	NA	NA	NA	NA	NA	NA	NA	NA	NA	NA	NA	NA	NA	NA	NA	NA	NA	NA	NA	NA	NA	NA	NA	NA	NA	NA	NA	NA	NA	NA	NA	NA	NA	NA	NA	NA	NA	NA	NA
NA	NA	NA	NA	NA	NA	NA	NA	NA	NA	NA	NA	NA	NA	NA	NA	NA	NA	NA	NA	NA	NA	NA	NA	NA	NA	NA	NA	NA	NA	NA	NA	NA	NA	NA	NA	NA	NA	NA	NA
NA	0.831253541226788	0.891383055763608	NA	0.998951324716498	1.68270482105114	0.872625584366411	1.44276290234897	0.780487758223499	1.20680048480877	1.0127036714925	0.713059194460605	0.920225648654472	0.798252736806258	0.766441213076429	0.401215585903157	NA	0.345341152727592	0.254382687272524	0.427859380979153	NA	0.24597421726164	0.385443318773866	1.09010777520512	0.874855098927619	NA	0.698381758681572	0.607295132245659	NA	0.294602018928872	NA	0.309919547621644	0.154745227692699	0.540352499300462	0.887825936036309	1.01084391952013	NA	NA	NA	0.770566416934505
NA	NA	NA	NA	NA	NA	NA	NA	NA	NA	NA	NA	NA	NA	NA	NA	NA	NA	NA	NA	NA	NA	NA	NA	NA	NA	NA	NA	NA	NA	NA	NA	NA	NA	NA	NA	NA	NA	NA	NA
NA	1.15447048622497	1.07273363870366	0.978121015578512	1.08204536895571	1.29658219140999	1.12713798816082	1.38299547075993	1.4234008424759	1.02221871376779	1.46497054402734	0.978364440452746	1.50592232026729	0.847470988744488	1.09524755796924	1.55978027475193	1.30328285055193	0.953213116251582	1.33268210723773	1.35953361740839	NA	1.19248766946807	1.01264424415939	1.44364225522272	1.15122758210186	1.1028370997176	1.00217614438284	1.45795949786402	NA	NA	1.54302191314016	1.46438441411831	NA	NA	NA	NA	NA	NA	NA	0.230042746806927
NA	NA	NA	NA	NA	NA	NA	NA	NA	NA	NA	NA	NA	NA	NA	NA	NA	NA	NA	NA	NA	NA	NA	NA	NA	NA	NA	NA	NA	NA	NA	NA	NA	NA	NA	NA	NA	NA	NA	NA
NA	NA	NA	NA	NA	NA	NA	NA	NA	NA	NA	NA	NA	NA	NA	NA	NA	NA	NA	NA	NA	NA	NA	NA	NA	NA	NA	NA	NA	NA	NA	NA	NA	NA	NA	NA	NA	NA	NA	NA
NA	NA	1.84938469323398	NA	NA	1.24096782673082	1.60397850955856	1.59012864232025	NA	1.36527479457062	NA	1.43742782796904	1.39429587360882	1.232466049282	NA	1.91878971835579	1.10076723789302	NA	1.13411026017673	0.264667153479831	NA	NA	NA	0.458355289625541	NA	NA	1.01667210044834	NA	0.860681869046304	NA	NA	NA	1.56119576569401	0.461198121558246	NA	NA	0.595614886282376	NA	NA	0.64389657529811
NA	NA	NA	NA	NA	NA	NA	NA	NA	NA	NA	NA	NA	NA	NA	NA	NA	NA	NA	NA	NA	NA	NA	NA	NA	NA	NA	NA	NA	NA	NA	NA	NA	NA	NA	NA	NA	NA	NA	NA
NA	NA	NA	NA	NA	NA	NA	NA	NA	NA	NA	NA	NA	NA	NA	NA	NA	NA	NA	NA	NA	NA	NA	NA	NA	NA	NA	NA	NA	NA	NA	NA	NA	NA	NA	NA	NA	NA	NA	NA
NA	0.658441810798527	NA	NA	0.757247106649783	NA	0.597091108547183	NA	NA	0.883741014737371	0.775225973479061	0.645878064852844	0.590951618488624	0.821335416114134	NA	NA	0.859453722299859	NA	NA	NA	NA	0.709151364034505	NA	0.865020318212289	NA	NA	0.399578694426101	0.560116597878804	0.780481104329453	1.32008555141117	NA	NA	0.379939208241348	NA	NA	NA	NA	NA	0.458037308275012	NA
NA	NA	NA	NA	NA	NA	NA	NA	NA	NA	NA	NA	NA	NA	NA	NA	NA	NA	NA	NA	NA	NA	NA	NA	NA	NA	NA	NA	NA	NA	NA	NA	NA	NA	NA	NA	NA	NA	NA	NA
NA	NA	NA	NA	NA	NA	NA	NA	NA	NA	NA	NA	NA	NA	NA	NA	NA	NA	NA	NA	NA	NA	NA	NA	NA	NA	NA	NA	NA	NA	NA	NA	NA	NA	NA	NA	NA	NA	NA	NA
NA	NA	NA	NA	NA	NA	NA	NA	NA	NA	NA	NA	NA	NA	NA	NA	NA	NA	NA	NA	NA	NA	NA	NA	NA	NA	NA	NA	NA	NA	NA	NA	NA	NA	NA	NA	NA	NA	NA	NA
NA	NA	NA	NA	NA	NA	NA	NA	NA	NA	NA	NA	NA	NA	NA	NA	NA	NA	NA	NA	NA	NA	NA	NA	NA	NA	NA	NA	NA	NA	NA	NA	NA	NA	NA	NA	NA	NA	NA	NA
NA	NA	NA	NA	1.13165262595048	0.832202921439592	NA	NA	0.766241699620679	NA	NA	NA	NA	NA	NA	1.45799264249797	NA	NA	0.938646573793988	1.71730900765647	NA	NA	0.265613395956063	0.425241420939839	NA	0.919414514948249	0.62994418370039	0.643495956661973	0.728712300151533	1.48530714363005	1.58505897395437	0.585311666460658	1.56224168974428	1.80910622716142	NA	1.24775030588562	NA	1.75718354649625	NA	NA
1.33550289846978	1.0650333514619	NA	NA	1.46747483648568	NA	0.936629803122241	1.48528326326315	0.973706895063888	NA	1.64307409650563	0.611320506384753	NA	0.604285922804606	0.571096872570802	NA	NA	NA	0.195654917477964	0.359404591121138	NA	NA	0.438609033547117	NA	NA	0.642350849072023	1.12830705716559	1.11517402738592	1.17513280486011	1.68630004918781	NA	NA	NA	NA	NA	NA	NA	NA	NA	NA
NA	NA	NA	NA	NA	NA	NA	NA	NA	NA	NA	NA	NA	NA	NA	NA	NA	NA	NA	NA	NA	NA	NA	NA	NA	NA	NA	NA	NA	NA	NA	NA	NA	NA	NA	NA	NA	NA	NA	NA
NA	NA	NA	NA	NA	NA	NA	NA	NA	NA	NA	NA	1.77605421212772	1.56587075331341	1.23893012034035	NA	0.308779832561974	0.719594736549355	0.180092602883626	NA	NA	0.257617673366491	NA	NA	NA	NA	0.416997395771779	NA	NA	NA	NA	NA	NA	NA	NA	NA	NA	NA	NA	NA
0.790452328514852	0.40871234881943	0.430267738244062	0.225240982368113	0.19124759181428	NA	0.546705779792298	NA	0.379131213064406	0.556329103575652	0.750575445065517	0.658533788449285	0.832147202627788	0.557227995255704	0.365003398557194	NA	0.568918213544356	0.422218780186682	0.452299377368106	0.317267493393578	NA	0.167001992294986	0.643450549482445	NA	0.292312164860782	0.626712957479586	0.2222489428732	0.368796830157221	NA	0.863364856465229	0.627504231568967	NA	NA	0.762984374036167	0.925915682574685	NA	1.40960723236839	NA	1.15385170092046	0.847770197797716
NA	0.848139008171966	NA	0.833640356780695	NA	0.87207630735716	NA	NA	NA	NA	0.753802069262054	0.942170084049749	NA	1.12119229355609	0.486708122301014	NA	NA	NA	NA	NA	NA	NA	0.769711208903048	0.519425934437428	NA	NA	NA	1.26360534314716	1.26733511820148	NA	NA	1.48823790868592	NA	1.89079234369081	1.27737883138097	NA	1.75480065946089	NA	NA	2.57733974861502
NA	NA	1.06838954737846	NA	0.355527746913382	NA	1.3507263350655	1.17984137050993	NA	NA	NA	0.156871382463397	NA	NA	NA	NA	NA	NA	NA	0.742276971016667	NA	NA	1.3448500739466	1.46621426903868	1.4681525661801	NA	0.705739950558533	NA	NA	NA	NA	1.45377694405866	NA	NA	NA	NA	NA	NA	NA	NA
NA	NA	NA	NA	NA	NA	NA	NA	NA	NA	NA	NA	NA	NA	NA	NA	NA	NA	NA	NA	NA	NA	NA	NA	NA	NA	NA	NA	NA	NA	NA	NA	NA	NA	NA	NA	NA	NA	NA	NA
NA	NA	NA	NA	NA	NA	NA	NA	NA	NA	NA	NA	NA	NA	NA	NA	NA	NA	NA	NA	NA	NA	NA	NA	NA	NA	NA	NA	NA	NA	NA	NA	NA	NA	NA	NA	NA	NA	NA	NA
1.45217915874642	1.41725312112613	NA	NA	NA	0.640868073607855	NA	1.54603570918875	NA	1.69495816497316	NA	0.859982201205807	1.03725980217748	NA	0.5164726383056	1.78544499863575	0.448475410233485	NA	NA	0.173530322205829	NA	NA	NA	0.731849294541641	NA	NA	1.69810376003116	NA	NA	1.37765287529934	NA	1.94595411088712	NA	2.26475260383825	NA	NA	NA	NA	3.17558062075256	2.97051804903929
NA	NA	NA	NA	NA	NA	NA	NA	NA	NA	NA	NA	NA	NA	NA	NA	NA	NA	NA	NA	NA	NA	NA	NA	NA	NA	NA	NA	NA	NA	NA	NA	NA	NA	NA	NA	NA	NA	NA	NA
NA	NA	NA	NA	NA	NA	NA	NA	NA	NA	NA	NA	NA	NA	NA	NA	NA	NA	NA	NA	NA	NA	NA	NA	NA	NA	NA	NA	NA	NA	NA	NA	NA	NA	NA	NA	NA	NA	NA	NA
1.16314849518919	1.26018451759632	NA	NA	0.365296005793275	0.342079099722417	NA	0.400228905323759	0.469895690473469	NA	NA	1.43665392826112	NA	2.25933499807073	2.42987296230477	1.4065954879593	2.57540452408994	NA	0.649272277699349	0.170235728386365	NA	2.90767432011988	0.504114117468242	NA	NA	NA	2.58527471333357	NA	NA	NA	NA	NA	0.860226066941366	NA	NA	NA	NA	NA	NA	NA
NA	NA	NA	NA	NA	NA	NA	NA	NA	NA	NA	NA	NA	NA	NA	NA	NA	NA	NA	NA	NA	NA	NA	NA	NA	NA	NA	NA	NA	NA	NA	NA	NA	NA	NA	NA	NA	NA	NA	NA
NA	1.60416172711065	NA	NA	NA	1.99250085020627	1.82436920119553	NA	NA	NA	NA	0.646775610634282	0.621508443742567	NA	NA	0.237986679837661	NA	0.421878764748732	NA	0.253569017964972	NA	1.12876593431111	0.927961537827706	NA	0.593492243702863	0.526327630526286	0.510396871698899	NA	0.191294206319302	0.856758188815642	0.731577150471586	0.798521453156249	1.23225212754726	NA	NA	0.36169890751685	NA	0.246337638245018	0.916737821988521	0.473614029662083
NA	NA	NA	NA	NA	NA	NA	NA	NA	NA	NA	NA	NA	NA	NA	NA	NA	NA	NA	NA	NA	NA	NA	NA	NA	NA	NA	NA	NA	NA	NA	NA	NA	NA	NA	NA	NA	NA	NA	NA
NA	0.825759249389377	NA	0.30535945245788	0.840240915338668	1.00997062153721	NA	NA	NA	0.993511141813417	NA	1.08257296737579	NA	0.897628058588978	NA	NA	NA	NA	NA	0.62079830589431	NA	NA	0.607671545937669	0.475230875861833	0.536559840663175	NA	0.820489953935452	NA	NA	NA	NA	NA	NA	NA	NA	NA	NA	NA	NA	NA
NA	NA	NA	NA	NA	NA	NA	NA	NA	NA	NA	NA	NA	NA	NA	NA	NA	NA	NA	NA	NA	NA	NA	NA	NA	NA	NA	NA	NA	NA	NA	NA	NA	NA	NA	NA	NA	NA	NA	NA
NA	NA	NA	NA	NA	NA	NA	NA	NA	NA	NA	NA	NA	NA	NA	NA	NA	NA	NA	NA	NA	NA	NA	NA	NA	NA	NA	NA	NA	NA	NA	NA	NA	NA	NA	NA	NA	NA	NA	NA
NA	1.61440650650728	2.08312570378798	1.82089476043076	NA	1.98122072421007	NA	NA	NA	1.95458871685869	1.08129643462661	2.04610764960245	NA	NA	2.07503085549554	NA	NA	NA	NA	NA	NA	NA	NA	NA	NA	NA	NA	NA	NA	NA	NA	NA	0.410938203198078	NA	NA	NA	NA	NA	NA	NA
NA	NA	NA	NA	NA	NA	NA	NA	NA	NA	NA	NA	NA	NA	NA	NA	NA	NA	NA	NA	NA	NA	NA	NA	NA	NA	NA	NA	NA	NA	NA	NA	NA	NA	NA	NA	NA	NA	NA	NA
NA	0.791618860843983	1.117372253789	NA	NA	1.07423749521146	1.12389586032693	1.24608538092921	NA	1.22850523648901	0.599374544823378	0.518969116174328	0.447168488687661	NA	0.669139205289057	NA	0.355595299029382	0.343121830091473	0.4651690726014	0.329293455159057	NA	0.53248741209903	0.707393200478062	0.772257011615229	0.775203567663294	NA	NA	NA	1.59712907829133	NA	0.861348584098821	NA	0.595630704540363	0.615067088196825	0.494816350502126	0.665829536058779	0.472876923214162	NA	0.52469290544624	0.663124183011091
NA	NA	NA	NA	NA	NA	NA	NA	NA	NA	NA	NA	NA	NA	NA	NA	NA	NA	NA	NA	NA	NA	NA	NA	NA	NA	NA	NA	NA	NA	NA	NA	NA	NA	NA	NA	NA	NA	NA	NA
NA	NA	NA	NA	NA	NA	NA	NA	NA	NA	NA	NA	NA	NA	NA	NA	NA	NA	NA	NA	NA	NA	NA	NA	NA	NA	NA	NA	NA	NA	NA	NA	NA	NA	NA	NA	NA	NA	NA	NA
0.89739925682025	NA	1.15313377666476	0.817448286632618	NA	NA	1.56683950059187	1.33859543434692	NA	2.06491552617435	2.0190453119335	0.920561606586772	0.977122914361554	1.52631338769306	NA	0.489701924533014	1.60684319329583	NA	0.413045170938976	1.03761021502902	NA	NA	0.392399438998572	0.659790960336512	0.808704704354077	NA	NA	0.808712990501118	NA	NA	NA	NA	NA	NA	NA	0.984428014885866	NA	NA	NA	0.367684746731601
0.979459273109259	NA	1.25100825709349	NA	1.13632007663958	NA	0.88106194118544	NA	NA	0.588580077312531	0.415729325001516	0.704867196993656	0.818462465788291	0.481699268522156	1.14010799147669	0.718112605287387	0.76002643769124	NA	0.420974405672331	0.392950841120825	NA	NA	0.327160808730101	NA	0.788088751614316	0.430459591670066	0.429176003835576	NA	NA	0.364697441878856	NA	0.828194258134159	NA	0.818027161443573	NA	NA	0.42869217265865	NA	NA	0.75719604708516
NA	NA	NA	NA	NA	NA	NA	NA	NA	NA	NA	NA	NA	NA	NA	NA	NA	NA	NA	NA	NA	NA	NA	NA	NA	NA	NA	NA	NA	NA	NA	NA	NA	NA	NA	NA	NA	NA	NA	NA
1.21522975676828	0.32086015647039	0.48820547060441	0.776632001034412	1.2915556793746	1.01099465037854	1.18082690218506	1.09493645165658	NA	0.805409230479377	1.1061733835599	NA	0.448580104615505	0.680827710221131	0.220401463029121	1.29772912062168	0.42509824001763	1.54267927895471	0.434756256263316	1.27554530075174	NA	0.616986915660032	0.739642853876559	1.28494475529798	NA	0.975464805753683	0.624711881161534	0.848695545924421	0.683931465944291	0.972449836704179	0.339031504513464	1.25335520738677	1.05916852674082	0.90875244452496	1.281094732452	0.88882966241137	NA	1.34936094623566	NA	1.93805332536716
NA	NA	NA	NA	0.944243920112842	NA	NA	2.76728189187464	NA	NA	NA	0.521203738339464	NA	1.86527665077798	0.296328543772071	0.393097004838684	NA	0.606775498277106	NA	0.171397680617049	NA	0.216231558424869	0.301968295138526	0.400433281614035	0.80695797440309	0.417626517062244	0.5009004632473	NA	0.640273431551848	NA	1.6493265537779	1.53638457363326	1.86414032327563	1.34023405516056	NA	2.29706052106715	NA	NA	NA	NA
1.84465248521225	NA	NA	1.45398156260828	1.78369730644195	2.12533203455425	0.863316644955983	NA	1.17685042486892	NA	2.10083913186558	1.54624379244298	1.78282883036223	0.632515114927215	0.898095233379697	0.533188182765243	0.585281367301256	0.432344110923983	0.405617922877487	NA	NA	0.33088814068116	0.0531750415961462	1.03431287022644	1.32939817448676	0.0806750816777961	NA	2.15335902810714	1.259712879854	NA	1.71220179547034	NA	2.09048052302817	0.815717881350577	NA	1.99404220587536	1.44537619709847	1.67882719504344	NA	1.92720661227603
2.15957351771738	2.15472476913175	NA	2.03285286097342	1.83966565748352	1.95140370545918	1.83307884162629	1.12515170077116	1.45480792750485	1.22246461510713	1.29674257986951	1.24257511959844	1.34767535263594	1.52146397551347	1.37074992283757	NA	1.51334364763556	1.32662340023402	0.510283098167904	0.674387433694389	NA	0.196997707561574	2.33152756819344	NA	NA	NA	NA	NA	1.33987365867653	1.60950757458376	NA	NA	1.23092894402681	NA	NA	NA	NA	NA	1.87840407694707	NA
NA	NA	NA	NA	NA	NA	NA	NA	NA	NA	NA	NA	NA	NA	NA	NA	NA	NA	NA	NA	NA	NA	NA	NA	NA	NA	NA	NA	NA	NA	NA	NA	NA	NA	NA	NA	NA	NA	NA	NA
NA	NA	NA	NA	NA	1.41362247254593	1.55753944171742	NA	NA	NA	NA	NA	1.09507490882852	1.11842118138168	NA	0.93539591539346	NA	0.62384525112182	NA	NA	NA	0.420428955952323	0.31267797445671	0.753433783583179	0.413227727317397	0.139023793597489	0.160978069693761	NA	0.220176001403034	NA	0.485289152388052	0.547265011468727	NA	0.544040342214889	NA	1.41776245538853	NA	NA	1.25572290662048	NA
NA	NA	NA	NA	NA	NA	NA	NA	NA	NA	NA	NA	NA	NA	NA	NA	0.310851245697142	NA	0.142536584358736	NA	NA	0.338013292242744	0.464075343221505	0.436343441982219	NA	NA	NA	NA	NA	NA	NA	NA	0.364871087586694	0.562824442214085	NA	NA	NA	NA	NA	0.952200974154643
NA	NA	NA	NA	NA	NA	NA	NA	NA	NA	NA	NA	NA	NA	NA	NA	NA	NA	NA	NA	NA	NA	NA	NA	NA	NA	NA	NA	NA	NA	NA	NA	NA	NA	NA	NA	NA	NA	NA	NA
NA	0.398817744711246	0.441010766075972	NA	NA	0.795979779477122	0.38647980390949	0.387773546319626	0.419160121225393	NA	0.465028019508443	0.666335783873925	0.582734599352543	0.620105804522761	0.577893545906582	0.329481751291036	NA	0.788092218917034	NA	NA	NA	0.64681435911431	NA	0.763256347068849	1.21646196912538	NA	0.797347489618824	0.828967607798741	0.975743529021898	NA	NA	1.34071961024847	NA	NA	NA	1.66507885721634	NA	NA	0.955783474121291	1.04221287349077
NA	NA	1.07164148437188	NA	1.20457709590211	1.42730258360279	1.20221917923543	NA	NA	1.28853652671407	0.558065514075538	NA	0.240361259612653	NA	0.344233767458125	NA	0.545010942781714	NA	NA	NA	NA	NA	NA	NA	NA	0.660292102446842	1.0292545918254	0.648560958431126	1.01073287505282	0.899493440816497	0.807936516949089	0.403168277450049	1.04453367858143	0.989594035377191	NA	1.84585180692597	NA	NA	NA	0.284579701262613
NA	NA	NA	NA	NA	NA	NA	NA	NA	NA	NA	NA	NA	NA	NA	NA	NA	NA	NA	NA	NA	NA	NA	NA	NA	NA	NA	NA	NA	NA	NA	NA	NA	NA	NA	NA	NA	NA	NA	NA
0.984225319289521	NA	0.794094289714185	NA	NA	0.9817045117038	NA	NA	1.16217224784359	NA	0.935137983502114	NA	0.541356443084047	0.828102435439102	NA	NA	0.499828747082785	0.469667873588673	0.311492375656599	0.29673137494719	NA	NA	NA	0.393097500641748	0.544250672840484	NA	0.793674356668014	0.992681501980633	NA	NA	NA	NA	NA	NA	0.77413581102111	NA	NA	NA	0.393764201524024	NA
0.82597101402787	NA	0.5579611111352	0.714341961059524	0.636588291796447	0.637875457917686	0.661117998653738	0.591931205244496	NA	0.668092236992474	0.470666606719421	0.311735436230587	0.618733756315954	0.704136087341088	0.441716444940032	0.388060120418238	NA	NA	0.938528179108841	0.802768973054521	NA	NA	NA	NA	0.64299145771798	0.246536582330067	0.246724501515038	0.779821700904929	NA	0.501676878830091	0.752910163848089	NA	0.723465528964764	0.627616021085775	NA	NA	NA	1.52870257582931	0.4384932008406	1.32020595687869
0.643744653806942	NA	NA	NA	NA	NA	1.09804046871986	NA	NA	NA	0.524616780871644	0.788220351683286	NA	0.462105618318665	0.355533226716847	0.592418013220866	0.356465639350618	0.407787530861292	NA	NA	NA	1.62722720589406	0.0416485530544533	NA	0.384225256239122	0.264744644365369	0.440677800574199	NA	2.6085908548221	0.698195008286602	0.795209659814786	NA	2.79925771545629	0.416006039450736	0.872239749076013	0.707835484790638	NA	1.19117965795896	NA	1.58414554117274
NA	NA	NA	NA	NA	NA	NA	NA	NA	NA	NA	NA	NA	NA	NA	NA	NA	NA	NA	NA	NA	NA	NA	NA	NA	NA	NA	NA	NA	NA	NA	NA	NA	NA	NA	NA	NA	NA	NA	NA
NA	NA	0.867943410133982	NA	NA	NA	NA	0.80860776212168	NA	NA	NA	1.37396440380028	NA	NA	NA	NA	0.529357501823041	NA	1.33090532324707	0.349127626736709	NA	NA	NA	NA	0.490395188354987	NA	0.737427352649699	1.09394788836683	1.05570883950377	NA	NA	NA	NA	NA	NA	NA	NA	NA	NA	NA
NA	NA	NA	NA	NA	NA	NA	NA	NA	NA	NA	NA	NA	NA	NA	NA	NA	NA	NA	NA	NA	NA	NA	NA	NA	NA	NA	NA	NA	NA	NA	NA	NA	NA	NA	NA	NA	NA	NA	NA
NA	NA	NA	NA	NA	NA	NA	NA	NA	NA	NA	0.81388019548776	NA	1.05158932230187	NA	NA	NA	0.771910669267943	0.544776200483407	NA	NA	0.45090566260101	0.53790724343937	0.32823604591319	NA	NA	0.213710000302388	NA	NA	NA	0.542499386725346	NA	NA	0.666164325536874	NA	0.934859009875334	0.685673582643376	0.667819346081533	0.633386907652018	0.930449650176037
0.305809855488176	NA	1.18991703718482	NA	0.638932498373203	1.39811576952236	1.76947052478562	1.62321230783507	1.67169511937954	1.30815239052101	0.485731944792092	1.21259231095291	NA	0.770874510522705	1.46437980195971	NA	NA	0.758685421564278	NA	0.399375638661909	NA	2.04483622200842	0.53387176418239	0.702677136902968	0.642502475027809	1.31117416164725	0.508956852954141	1.52094242955288	1.85092845026153	2.13681590585241	1.09395708141973	0.692537884277003	1.87458343970794	1.69379462058964	0.723494255703146	0.901641194340881	0.820208372970204	NA	NA	NA
NA	NA	NA	NA	NA	NA	NA	NA	NA	NA	NA	NA	NA	NA	NA	NA	NA	NA	NA	NA	NA	NA	NA	NA	NA	NA	NA	NA	NA	NA	NA	NA	NA	NA	NA	NA	NA	NA	NA	NA
0.952314034712446	0.82434942206778	NA	NA	NA	0.449957166614473	0.910801249057066	1.17720951275202	0.468043098831766	NA	1.23355548293199	NA	0.700219391625482	0.993194892350406	NA	NA	NA	0.544420262253628	1.25448492346178	0.870582745130112	NA	0.564467851464467	1.32370293157005	1.28138297280615	1.242110757581	NA	NA	0.767989349338867	0.540330523132454	NA	0.739746723885498	NA	NA	0.547221209636812	NA	NA	0.781198194955072	1.13466470421014	NA	0.192423241287432
NA	0.742500100082409	NA	0.523827075688355	NA	0.872758786092436	0.947515523481832	NA	1.27314532437532	NA	NA	0.564008633281621	0.518876064094892	0.441312444781594	NA	NA	NA	NA	1.13649810597547	NA	NA	0.404923474283281	0.912714630618859	1.08951363498584	0.549631231405957	NA	0.939304657328971	0.565514563243346	NA	0.716672022178604	NA	NA	0.821758087101378	1.27770163442525	NA	NA	1.98072542376154	NA	0.92045779491829	NA
NA	NA	NA	NA	NA	NA	NA	NA	NA	NA	NA	NA	NA	NA	NA	NA	NA	NA	NA	NA	NA	NA	NA	NA	NA	NA	NA	NA	NA	NA	NA	NA	NA	NA	NA	NA	NA	NA	NA	NA
NA	NA	NA	NA	NA	NA	NA	NA	NA	NA	NA	NA	NA	NA	NA	NA	NA	NA	NA	NA	NA	NA	NA	NA	NA	NA	NA	NA	NA	NA	NA	NA	NA	NA	NA	NA	NA	NA	NA	NA
NA	0.582740102657863	NA	NA	0.189706836968313	NA	0.613292691057114	0.619497386958405	NA	0.931355528407542	0.7639740203554	0.52407673147508	0.439716268200441	0.317557727908556	0.267597440994793	NA	0.341128359972692	NA	0.187575343106762	0.30386316945661	NA	0.599490054909273	0.505952548337659	0.467899900377998	0.661967658073787	0.42347942546456	1.14444329987982	0.356627688533549	0.672512144049224	NA	NA	NA	0.421852133734199	1.05841790535797	NA	NA	0.785576004328274	0.925140009350716	1.37641063971149	1.03419945510053
NA	NA	NA	1.27549756527792	0.872996663422081	0.727854042476259	0.949745258062802	2.01966740722463	0.598785012718617	NA	0.228451751122125	0.390197703606757	0.127365276939523	NA	NA	NA	0.765253527165075	NA	NA	NA	NA	NA	0.472697405812884	1.39144464369614	NA	NA	0.793933156897984	NA	NA	NA	NA	NA	0.581009397246014	NA	NA	1.80365509755776	NA	1.76892766024362	1.74592340124356	NA
NA	NA	NA	NA	NA	NA	NA	NA	NA	NA	NA	NA	NA	NA	NA	NA	NA	NA	NA	NA	NA	NA	NA	NA	NA	NA	NA	NA	NA	NA	NA	NA	NA	NA	NA	NA	NA	NA	NA	NA
1.08362352684199	NA	0.548474228733142	0.886236362920897	0.731370761847389	0.685120437624423	0.406636442264072	0.548580401743533	NA	NA	0.47661239197342	NA	0.373195808406444	0.45015439314836	NA	NA	0.518770876187804	0.422427940730411	NA	0.549178453150277	NA	0.385819147500203	0.319955364701676	0.302283550718859	0.641589983692708	NA	NA	NA	NA	NA	NA	NA	NA	NA	NA	NA	NA	NA	NA	NA
NA	NA	NA	NA	0.776778883041399	0.523247110952332	NA	NA	NA	1.13010963293633	NA	0.664639923450434	NA	0.35465388109772	NA	NA	0.573295176087949	0.475571969026086	0.258778547207124	0.249781225975632	NA	0.25015046990832	0.468745774834892	1.45689748409502	NA	1.06970749301803	0.977905389898503	0.820912779638886	0.662842296096237	0.892670655472971	NA	NA	1.06676600657261	1.35997762844018	1.13416144509753	1.24483365833762	0.625976344202859	NA	0.828492013658351	0.324263627639568
NA	1.4275518357789	NA	1.32585376157863	NA	NA	NA	2.84589612069071	0.927518776286413	NA	0.212571757986753	0.887360248328463	1.0661863725164	1.44563441231069	NA	0.715547769749479	0.857082199319797	NA	0.736242247722934	0.536526730886578	NA	NA	0.511394469122038	NA	0.649119752673353	NA	NA	0.585266285395687	NA	NA	NA	1.17464361605931	1.5888779641095	NA	0.947504358504592	NA	NA	0.950086071180423	2.08921872008601	NA
NA	NA	NA	NA	NA	NA	NA	NA	NA	NA	NA	NA	NA	NA	NA	NA	NA	NA	NA	NA	NA	NA	NA	NA	NA	NA	NA	NA	NA	NA	NA	NA	NA	NA	NA	NA	NA	NA	NA	NA
NA	NA	NA	NA	NA	NA	NA	NA	NA	NA	NA	NA	NA	NA	NA	NA	NA	NA	NA	NA	NA	NA	NA	NA	NA	NA	NA	NA	NA	NA	NA	NA	NA	NA	NA	NA	NA	NA	NA	NA
NA	NA	NA	NA	NA	NA	NA	NA	NA	NA	NA	NA	NA	NA	NA	NA	NA	NA	NA	NA	NA	NA	NA	NA	NA	NA	NA	NA	NA	NA	NA	NA	NA	NA	NA	NA	NA	NA	NA	NA
NA	0.742804809127301	1.09890402348738	1.54538757175052	0.880603289621452	NA	NA	NA	0.773861516155963	NA	0.474973969290108	0.792688587814126	0.768668659392514	0.761069269309626	0.698902903650813	NA	0.382837203803706	NA	NA	0.606079049430878	NA	NA	0.521053804318726	0.582368520884447	0.282146960384505	0.475009804016207	NA	0.352927270008765	0.765964482151612	NA	0.753122451982177	1.19583119653839	1.06924233056017	NA	NA	NA	NA	NA	1.29263181958672	1.33954156508989
NA	1.0665303816839	NA	NA	2.03659469529105	0.701068148090858	0.544718041665727	1.33392245268583	0.615132265577259	0.448742280960228	NA	0.899504969738004	0.951896620469095	1.48238812766418	1.30664270335561	0.579580155866596	1.16124306971065	NA	1.66765902195315	0.545601409684661	NA	0.361034947279239	0.558686002320539	0.877660044487533	0.804352197461513	0.243599259416523	1.72903931822028	0.501128322000666	0.662592278248951	1.13764547482598	1.21854961169208	1.14808758716106	1.16380534900423	1.47208270772316	NA	0.913658343732325	1.88506304603205	1.5903390534437	1.21976789882565	0.799794944340131
NA	NA	NA	NA	1.93654471228596	NA	NA	2.46217400866765	NA	NA	NA	1.24181108053817	2.29690554179622	NA	2.45484805067752	NA	NA	2.48653668150363	NA	0.212453119606212	NA	0.512669871456292	0.699018061819629	0.621558902215538	0.957459142862053	NA	0.874311249737496	1.13955527187123	1.27629694614381	2.16771702575078	1.32327990105304	2.44703782484769	2.47869872805847	2.07583225813765	2.40604246117432	2.41788322446916	2.17919440240383	1.93280379757425	2.48299928662958	NA
0.563016656700885	0.509625243921045	0.206492837640804	NA	0.216168769239364	0.0893611199522739	0.610452561447629	0.603098022329834	NA	0.916732440678314	0.980974315558505	1.05408506847795	NA	1.22814222437126	1.01874384660744	1.36310324597788	0.590883587282929	0.500628211782811	0.429869215060915	0.712090562381271	NA	NA	0.766905365085292	0.694181906231138	1.33792677551844	0.841605996339145	NA	NA	NA	0.510338530492716	0.706033445279336	0.920140196281979	0.614823644613172	NA	NA	1.50661398600185	0.794373725676438	NA	NA	NA
NA	1.01654356417991	0.890799627925694	1.08313887739277	NA	0.949930790921521	NA	NA	1.27299239381331	1.2042170603405	NA	1.05135538402971	1.11057758320621	NA	1.21513389126792	NA	0.922465691107653	NA	0.787437594017176	0.108961957403886	NA	NA	NA	0.372377604478502	0.480528352497685	NA	NA	0.465947702219542	NA	NA	0.438103824837032	0.247203487638371	NA	0.269203733550817	0.847273305626504	0.82542547400627	NA	NA	NA	0.765688767919148
NA	NA	NA	NA	NA	NA	NA	NA	NA	NA	NA	NA	NA	NA	NA	NA	NA	NA	NA	NA	NA	NA	NA	NA	NA	NA	NA	NA	NA	NA	NA	NA	NA	NA	NA	NA	NA	NA	NA	NA
NA	NA	NA	NA	NA	NA	NA	NA	NA	NA	NA	NA	NA	NA	NA	NA	NA	NA	NA	NA	NA	NA	NA	NA	NA	NA	NA	NA	NA	NA	NA	NA	NA	NA	NA	NA	NA	NA	NA	NA
NA	NA	NA	NA	NA	NA	NA	NA	NA	NA	NA	NA	NA	NA	NA	NA	NA	NA	NA	NA	NA	NA	NA	NA	NA	NA	NA	NA	NA	NA	NA	NA	NA	NA	NA	NA	NA	NA	NA	NA
NA	0.624616845731502	NA	0.701377429328134	0.826741793126037	NA	0.838368638328665	1.07584690632344	1.07341475571968	1.16456634383842	1.60176726018525	NA	NA	NA	NA	NA	NA	0.347176698692626	NA	NA	NA	1.50630282010827	1.44475610514933	NA	NA	NA	1.05957953962638	0.7824513725645	0.709800895120695	0.472104746645837	1.00755208396849	NA	NA	0.616422008627693	1.15417977364644	1.32972461901075	1.23639479325161	0.627699969837471	0.756022862757195	0.981567478310907
NA	1.53973128061271	1.3552553408014	0.989745388717259	1.14946837982859	1.05028424146459	0.349201923127449	1.70568022952473	1.92386817807565	0.703486484146678	0.866811215773317	0.729370249195332	0.588062068609013	0.761875026317685	0.505984900506038	0.334579896325418	1.87805025352485	NA	0.224913175664711	NA	NA	NA	0.84212011611283	0.675003629353696	0.541293218088194	NA	NA	1.24979130169451	NA	1.78830926612344	2.06684036286793	NA	0.928507322670298	NA	NA	1.14333050111451	NA	1.82886910297056	1.6039753951677	1.25606473175657
NA	NA	NA	NA	NA	NA	NA	NA	NA	NA	NA	NA	NA	NA	NA	NA	NA	NA	NA	NA	NA	NA	NA	NA	NA	NA	NA	NA	NA	NA	NA	NA	NA	NA	NA	NA	NA	NA	NA	NA
0.311600090707297	0.80915905121114	NA	0.95584354154028	1.11505400082583	1.03892846686622	0.714722120631097	1.05801933874333	0.89332077051798	0.753353831533424	0.782326772527994	0.74309057960981	0.836225855077475	0.757339655700412	0.792757510680621	NA	0.290656697153302	NA	0.577848079449963	1.36611586042984	NA	0.61223126089434	NA	1.15991342425089	1.66198047423628	1.04046358321003	1.41309703300041	1.1307649456563	NA	NA	NA	NA	NA	NA	NA	NA	NA	NA	NA	NA
NA	NA	1.554872154874	NA	NA	NA	NA	NA	1.44211290384881	NA	1.12423094268005	1.244156358901	1.1572534808717	0.920694331377153	0.572355776537666	NA	0.634668121083442	0.335997420602428	0.642613551668999	NA	NA	0.2730608229402	0.530467696732229	0.263152955253519	0.602251031325127	0.366495771558102	0.283522429745712	0.365738594954797	0.583282380901492	0.489157066015033	0.568351831462618	0.690636426710082	NA	NA	NA	NA	1.05971964679709	NA	0.684970517561743	0.672925937185872
2.14501606405732	1.98511759383842	1.71682479123813	NA	2.08164998731746	1.16204774417387	0.315613544070892	0.857173529790088	1.78000215223606	0.547519086898472	0.620420517752784	0.462140934933941	0.82046369943021	0.403873871046342	1.05090324993673	0.537199297203134	0.759931045782141	0.86270578430285	0.578674421297321	0.522374919731613	NA	0.532590613528783	0.622953720084644	0.901967175803722	0.426281653490071	NA	0.704319688894353	0.678876123734441	0.543304322089015	1.79219349346393	1.2295540266312	0.383221684476298	0.410354754662269	0.385160390267075	0.755029393751831	0.59462397400406	0.402671266896495	2.02029572467839	1.94271141806785	1.66249619556148
1.04203697525075	NA	1.48930782435339	1.91451530235226	1.60731060177558	1.52917522414206	0.962872057891851	NA	1.20161346410569	1.92763503563248	1.0434031555396	0.807343910001272	1.00687289951328	0.900042020039624	0.928911623226885	0.572430447034413	0.853728292805157	0.787109275500983	0.485153723085108	0.264983760270383	NA	0.233266787884601	0.435365680220004	0.710441579079533	1.12499180609425	0.571768292494258	0.701902743015521	0.557686210972651	0.66311173517502	0.587133477101883	0.649876332826194	0.675378443758479	0.845941858063619	1.02479748491992	1.06846337964715	NA	0.530294322467405	NA	NA	NA
0.681943399404924	1.24628477606268	1.35529866226119	0.426437215809293	0.941334003386799	0.41869971493402	0.837799947922922	NA	1.38982241571695	1.57207600188186	0.270685579958184	0.937353098625429	1.73652793352376	1.54739689439687	1.26388391607305	1.1284616579229	0.336868184915964	1.05204826229914	0.396113295449519	0.284238078501285	NA	0.382598393989216	0.448476593973718	1.0668420704812	0.708233870636023	1.16137763829903	0.917075288302806	1.08260924649892	1.43437829560771	1.27049604280907	1.54944392797935	1.62075780670426	NA	1.53991507278082	NA	NA	NA	NA	NA	NA
NA	NA	NA	NA	NA	0.942115565631183	NA	NA	0.895072251884887	NA	1.06855150637374	0.925462633960378	NA	0.712534205386421	0.507205988582489	NA	NA	NA	0.449718947925869	NA	NA	1.03097245458993	0.934240108919643	1.07863793381084	2.14875441296844	NA	NA	0.802287045500277	1.06806810922552	NA	0.956797050309764	0.758807876147093	1.02305052522188	0.975671145235251	1.64660194332924	NA	0.51143949869228	NA	0.755037315811555	0.8221320696499
NA	NA	NA	NA	NA	NA	NA	NA	NA	NA	NA	NA	NA	NA	NA	NA	NA	NA	NA	NA	NA	NA	NA	NA	NA	NA	NA	NA	NA	NA	NA	NA	NA	NA	NA	NA	NA	NA	NA	NA
0.602023905042546	0.821874505796445	NA	0.386669591599794	0.33745056134553	NA	NA	1.79016715510727	NA	0.98478467804298	1.70741581715174	NA	NA	1.34805852265421	NA	NA	2.14910605482667	NA	NA	NA	NA	0.432398992245745	0.656200304760069	1.02401812614013	1.51695143960118	NA	1.98916342437038	1.81191511725743	0.378099332689833	0.368575938605227	2.05496154022182	1.45891465678374	2.03978048114111	NA	1.77613306399285	NA	NA	NA	1.85083554568491	0.823404842254277
NA	NA	NA	NA	NA	NA	NA	NA	NA	NA	NA	NA	NA	NA	NA	NA	NA	NA	NA	NA	NA	NA	NA	NA	NA	NA	NA	NA	NA	NA	NA	NA	NA	NA	NA	NA	NA	NA	NA	NA
1.67135652938518	0.937301393951525	NA	1.85417458361599	1.50204998826749	1.40962806356037	1.48268471679071	2.00760364921486	1.01591401103768	NA	NA	1.40265051234223	0.932125290187608	1.51563780116396	1.93902618459683	1.41216873821514	1.04845195443157	1.27942550625857	0.475122835594201	1.92613880948685	NA	0.433949690247098	0.743979103885364	0.759010115959512	1.40858496419353	1.26757700874326	1.18148761279493	1.73942034029518	1.16595712967908	1.40792925213842	1.4084426178268	1.14562233841755	1.3813931897513	1.75397618814789	1.70291440877474	1.64702307514106	1.3413647756132	1.40677447874776	1.29988451502326	1.54237317157113
NA	NA	1.95092404391097	NA	NA	0.524224334788186	0.30994154508689	NA	NA	NA	NA	NA	0.282535679885658	0.25239958876705	NA	NA	NA	NA	NA	NA	NA	NA	NA	0.381613843383378	0.779913099526854	1.18333749809995	1.1846636524877	1.23283712118033	0.961518785615923	NA	1.73674404165622	1.25174024119759	1.5417585943444	0.907377643995802	0.877147068002706	0.867738054013435	1.1370051551059	1.16341078816506	NA	0.578235490064394
NA	NA	1.31670849314157	NA	1.53427964008056	1.61098018987365	1.45222473259225	NA	1.52350690310958	1.36102072635172	1.1243730446214	1.3603707401408	NA	NA	NA	NA	0.657767392382116	0.451927026404985	0.338206754041391	0.215257602978793	NA	0.455166592789909	0.78760031190515	0.942767566899848	0.871373413232951	NA	0.37847478628789	NA	0.34526923742138	0.334101331233397	0.507727419497278	0.447165058859419	0.94679574809932	0.862844736738675	NA	0.799738838802208	0.576312749316415	NA	1.63961289790381	NA
NA	NA	NA	NA	NA	NA	NA	NA	NA	NA	NA	NA	NA	NA	NA	NA	NA	NA	NA	NA	NA	NA	NA	NA	NA	NA	NA	NA	NA	NA	NA	NA	NA	NA	NA	NA	NA	NA	NA	NA
0.459658723876427	NA	NA	NA	0.658217830021963	0.729278757552483	0.333577393509448	0.45755277304068	NA	NA	0.354233230858044	0.241929267248885	0.518092774088386	0.668049748753003	1.4234642010506	NA	NA	NA	0.673484521048679	0.228951261519192	NA	0.410078538223424	0.789600817753872	NA	NA	NA	NA	NA	0.853434141514937	1.95156591495881	NA	NA	0.444498228556361	1.0424643411003	NA	NA	0.223341765040719	0.427527587747752	1.58463304157694	0.491068281001795
NA	1.73608155034311	1.48698558650104	1.52554427933705	0.964402801689466	1.05039759631293	1.04399137481958	NA	1.65847465970662	NA	1.3301282803887	1.18945326497091	1.03404142728873	0.945487250295109	0.938863227933124	1.02235932998815	NA	NA	0.744485871697649	0.852933558741403	NA	0.551175872721652	0.529729437107272	NA	0.340699596403785	0.435439575718475	NA	0.333231585943896	NA	NA	NA	0.754983454613752	NA	0.485089081657547	NA	1.09508317339264	NA	NA	1.03765729446495	NA
0.853081291514954	1.28370631849479	1.29966362571252	NA	NA	1.16646354427833	NA	NA	1.50370574179531	NA	NA	NA	NA	NA	NA	1.86278142281898	NA	NA	1.5084195939555	1.35046576740127	NA	NA	NA	1.60146226443778	1.64512630045154	1.46541204473386	NA	NA	NA	1.84708666163161	1.98972457473173	NA	NA	2.09488538903735	NA	NA	NA	NA	NA	NA
NA	NA	1.02543637832355	1.13768275283432	1.00438195876426	0.633897633799759	1.23089367805099	0.616592099914591	0.543933000281224	0.492791358352605	0.941461672371096	1.33204895523883	NA	1.19218228910979	NA	NA	1.10681258344891	0.64172445952256	1.38439335412177	1.41620395323241	NA	1.46867563265753	1.61961782958922	1.29552813831822	0.80235155269948	1.15750314224044	0.973096561833965	0.808575490629303	0.769123888526005	1.25833455451986	1.17060853747755	1.17354759163158	1.33169099412651	1.04604358242672	1.25333413607399	1.25903952453881	1.24581215989548	1.51575000090869	2.02531041653054	2.02898687610841
NA	NA	NA	NA	NA	NA	NA	NA	NA	NA	NA	NA	NA	NA	NA	NA	NA	NA	NA	NA	NA	NA	NA	NA	NA	NA	NA	NA	NA	NA	NA	NA	NA	NA	NA	NA	NA	NA	NA	NA
1.50346333858039	2.09562437084472	1.75286405437217	1.39464178543182	NA	1.07016357207334	0.971297202767572	0.977028456421313	NA	1.96027773802621	0.454361698802111	0.930276864445956	0.295046006904902	NA	NA	NA	0.222609164707411	NA	0.867572097362462	0.592123533234825	NA	NA	0.614351748806796	0.731927399911869	0.607336639477632	NA	NA	0.868550915242756	0.80167727435215	1.89813783357602	0.775075606973325	1.08892555209867	1.1093192896262	1.01591078717345	0.66207874501032	0.876209988906791	0.657302502407827	0.782880794699591	NA	NA
NA	0.88143473373824	0.912444994869366	NA	0.861974182336816	0.453196271825193	0.235860111815641	NA	0.574697409650424	0.45361347345631	NA	0.543566228729854	0.569077636573478	1.16252159431247	0.48146900567015	NA	0.396024579566023	NA	0.613812779263277	0.748610186598237	NA	0.209427993779644	0.365596719208412	0.194412545412877	NA	0.476480588377427	NA	NA	0.583407791705482	0.446450389698515	0.748007531945156	0.6128695595178	NA	0.900413043840392	NA	NA	0.560518099236665	0.555101616536778	0.542739670291469	0.768691674371136
NA	NA	NA	NA	NA	NA	NA	NA	NA	NA	NA	NA	NA	NA	NA	NA	NA	NA	NA	NA	NA	NA	NA	NA	NA	NA	NA	NA	NA	NA	NA	NA	NA	NA	NA	NA	NA	NA	NA	NA
NA	NA	NA	NA	NA	NA	NA	NA	NA	NA	NA	NA	NA	NA	NA	NA	NA	NA	NA	NA	NA	NA	NA	NA	NA	NA	NA	NA	NA	NA	NA	NA	NA	NA	NA	NA	NA	NA	NA	NA
NA	0.327378005228759	0.805100323580375	0.820458670352549	0.948079712510896	0.928935117654991	NA	NA	0.586211963221948	0.568825723268455	0.613576315819251	0.637766174915171	1.01441357389692	0.451950778761316	0.847722268044446	NA	0.546816186484957	0.208798467696277	NA	0.348384905827827	NA	0.503587031354065	NA	0.985295842781992	0.169321756385609	NA	0.181512973552697	0.310541286432628	NA	NA	NA	0.962852213603203	0.943477502099068	0.725899602056119	NA	0.756079343442029	0.417911873386504	0.530914296604022	0.689349447026625	0.570902168879259
NA	1.55248206826759	1.29627573012607	NA	NA	NA	NA	NA	NA	1.11208312655917	NA	NA	1.21524937596719	1.12662231263439	1.00082426017063	NA	0.758561107603506	0.697248493584685	NA	NA	NA	0.109259558632624	NA	NA	NA	NA	NA	0.230911988196049	0.370800922216452	0.320095989165291	NA	1.72330708384761	NA	0.650666453617964	0.71117461741027	0.622658406205874	NA	NA	NA	1.87134801618002
1.66943378390754	1.04961705768928	1.28462655199749	NA	0.826187324368213	0.756468941300666	0.728781025518443	NA	NA	0.828238465489914	NA	NA	0.877335163599005	0.568530271729238	0.885850055522938	NA	0.450120157764117	NA	1.97412008195591	0.292633864733848	NA	0.340752744334206	0.585484396440913	0.575703288143808	0.540717284068005	NA	0.553245903560375	0.996592334480782	1.01062169155069	1.30024965225825	1.54983214327291	1.18251507584212	1.59074151890104	1.43852470355332	1.90432411736151	1.80754031685855	NA	2.10390799343169	2.21576014773707	NA
1.03180918220712	0.976526378048029	0.84138953303447	0.72369019371306	1.04680256930927	0.928602261485764	1.59085159930787	1.49728286849378	0.758111092120091	1.37658600585604	1.31019862627812	1.27066832413875	0.741436667044704	NA	0.971641086188805	0.940493673017191	NA	0.556585515279647	0.916516651666232	0.519166968817955	NA	0.319890652061353	0.610162028899939	0.497960754339366	1.03183203270012	NA	0.79089337840217	0.867731047204897	0.564614124906574	NA	0.32723090169001	0.318633771387013	0.24259718580328	0.247256400818861	0.187095632809185	NA	0.137954454212143	0.518154215059843	0.136542414729298	0.931647967950165
NA	1.23920706281191	1.04115271679209	NA	2.03278245696984	2.11658465392531	NA	2.28799776349178	NA	NA	1.00983613835528	2.25864952619655	1.15538169234469	0.976282372902214	0.247821836625817	NA	2.37029133932538	2.50836942823098	2.24495442814238	2.28273651224581	NA	2.22953247889284	1.14141715771024	1.71620375888148	0.893603824631181	NA	0.867670563834	NA	1.09851314796121	NA	NA	NA	0.583078486243647	NA	NA	NA	2.47796004744749	NA	0.431502008255277	0.22258243505043
NA	0.823964796932551	0.587044138764106	NA	NA	1.75490880837667	NA	2.12713107220231	NA	NA	0.905177172424047	NA	0.792733463358526	0.739673177859992	0.463067219166841	NA	NA	NA	0.977971487087406	NA	NA	NA	0.496611908735677	1.48041465964178	2.05869834688793	NA	1.03664292651565	2.05089119766888	1.02943437599236	NA	2.17207656234474	2.23907346296951	0.688597274638034	2.47075552712571	NA	NA	2.4593055732253	NA	NA	NA
NA	NA	NA	NA	NA	NA	NA	NA	NA	NA	NA	NA	NA	NA	NA	NA	NA	NA	NA	NA	NA	NA	NA	NA	NA	NA	NA	NA	NA	NA	NA	NA	NA	NA	NA	NA	NA	NA	NA	NA
NA	NA	0.74649352526817	NA	1.89361417596364	0.304345280701348	NA	1.16855605220442	1.3109571858275	NA	0.90615429551485	0.698030604359116	1.38015454480615	1.16582256086203	0.588282267221524	0.855317489469577	NA	0.656446029842879	0.22173330147105	0.927538404687759	NA	NA	0.765928713494279	0.346528965204949	NA	0.755255806401996	0.822624929150854	0.611235667028504	0.514435200149487	NA	NA	0.345771746337811	NA	NA	NA	NA	NA	NA	NA	NA
NA	NA	NA	NA	NA	NA	NA	NA	NA	NA	NA	NA	NA	NA	NA	NA	NA	NA	NA	NA	NA	NA	NA	NA	NA	NA	NA	NA	NA	NA	NA	NA	NA	NA	NA	NA	NA	NA	NA	NA
1.63546234850879	0.920991492049243	NA	NA	1.08302097438586	NA	0.676090274755629	1.17208188958887	0.746229375578625	0.762026285779144	NA	0.958458926291665	0.997204067928731	2.0510585010277	1.06600678730485	1.35085822590328	0.675168052365646	NA	0.700411731850959	0.500012324010336	NA	NA	0.679329250814075	NA	1.22167565159082	NA	NA	0.905146343623272	1.14022224273704	1.79532286061237	0.980587875761559	1.77151640379035	NA	1.25121949813628	1.75123102206349	1.3538587568055	1.05292147774852	0.993090773825314	1.54425418368616	1.07913981528675
1.26212028985584	0.593968735550373	0.69509049697787	0.426063466485426	0.551757979869889	0.455919352275904	0.538625797464483	0.420268887856147	0.197102290825434	0.123558200128184	0.655408902962805	0.189178665707573	0.254455972687299	0.391312671120326	0.647940558919444	0.700788232414776	0.371680501186302	0.402509563711116	1.3340032400909	0.488847432441649	NA	0.194661964294583	0.816592111501852	0.331004609908967	0.323263903653152	1.93065483957734	1.07345470373436	1.13449526709547	1.1893183069434	1.38011868802308	NA	1.57519258491711	NA	NA	NA	NA	NA	1.84149784065444	1.79505834698477	NA
NA	NA	NA	NA	NA	1.18072376125333	0.852085546331075	0.679442569307529	1.52934090570684	NA	1.65960183713347	0.45096008755936	0.601095684503326	0.369668495865785	0.270169899616891	1.78039373927105	0.741610580112593	NA	1.30186577238922	0.762055461491022	NA	0.4630691685519	0.61909926442393	0.746837493195392	0.403067079873572	0.734712823307399	NA	1.35645471977598	0.163741590307417	NA	0.431787384219459	1.034979657049	0.982126697531379	1.15115914327511	NA	1.09875122027754	0.571801738016065	NA	0.376350652857163	0.681406393966463
1.56300457345789	0.886051850652304	1.45880642353578	1.46107409372628	1.32993133254022	1.53492084926536	1.36731920471924	1.1351272772735	NA	1.50688378513379	1.35512955006047	1.20500124229045	1.13070432350812	1.01035769239419	NA	NA	NA	NA	1.21270812798834	NA	NA	1.38984127869776	0.442904912349151	0.731308880058205	NA	1.58246490987969	NA	NA	NA	2.18558129414429	NA	NA	1.3637772209796	NA	NA	NA	1.63306448444935	NA	NA	NA
NA	NA	NA	NA	NA	NA	NA	1.85111907101611	NA	NA	NA	NA	1.09058453310235	NA	NA	NA	NA	NA	NA	NA	NA	NA	NA	NA	0.837247033719485	NA	1.20256991373744	NA	1.94348320792561	1.29486415545089	NA	NA	1.51865704525485	NA	1.22800926306789	2.13256360402875	NA	NA	NA	NA
NA	1.22689873650143	0.846442419109261	NA	0.797304194402614	NA	0.629823983951616	0.594955773175462	0.516939965848156	0.414498647490149	0.735398587505865	0.586553463839709	0.569247928688194	0.504170560900833	0.542249683944711	1.03992923578814	0.473414156310505	0.632043752875334	0.297156394531481	0.492056021727715	NA	0.511564467297554	NA	0.287500804434748	0.208507915870751	0.410536520496626	NA	0.58460605258932	0.599927472637211	0.718155624865781	NA	1.30238676199839	NA	NA	NA	NA	NA	NA	NA	NA
NA	NA	NA	NA	NA	NA	NA	NA	NA	0.58421310950169	NA	0.638878426237253	NA	0.545613209322894	NA	0.289408994019066	0.498668193086815	NA	NA	0.591243726019968	NA	0.356353541534419	NA	0.157267477474777	0.399382758212591	NA	0.828101816701517	0.437132201416563	0.7110268951081	0.389762112900423	0.19430262881507	0.260069743700012	NA	1.02711007337631	NA	0.830124932170141	0.818145599734796	0.382644470986743	1.19804725779949	NA
NA	NA	NA	NA	NA	NA	NA	NA	NA	NA	NA	NA	NA	NA	NA	NA	NA	NA	NA	NA	NA	NA	NA	NA	NA	NA	NA	NA	NA	NA	NA	NA	NA	NA	NA	NA	NA	NA	NA	NA
NA	NA	NA	NA	NA	NA	NA	NA	NA	NA	NA	NA	NA	NA	NA	NA	NA	NA	NA	NA	NA	NA	NA	NA	NA	NA	NA	NA	NA	NA	NA	NA	NA	NA	NA	NA	NA	NA	NA	NA
1.84313894716793	1.59352617069179	NA	NA	1.13482542890747	1.33722008529611	NA	NA	NA	0.8165890372626	NA	NA	0.728759764520681	0.963758320409414	0.782180406202599	0.371541696355225	0.461074253248497	1.47492911359489	0.501790020998433	0.435964445228653	NA	0.25555888072953	0.286007568525639	0.746841622973524	0.830838750418694	0.483890805548886	1.41652519564247	NA	NA	NA	NA	NA	0.73467495082288	0.788965435674942	NA	NA	0.420632032796306	NA	0.706689731793035	0.919793968138777
NA	NA	NA	NA	NA	NA	NA	NA	NA	NA	NA	NA	NA	NA	NA	NA	NA	NA	NA	NA	NA	NA	NA	NA	NA	NA	NA	NA	NA	NA	NA	NA	NA	NA	NA	NA	NA	NA	NA	NA
NA	0.735890715577129	1.11735747710443	0.830158254817037	1.19664920368222	1.39162627712617	1.4875385658791	1.49197542336995	1.20396404205426	1.3557061338244	1.31306753488545	1.58030781746177	1.51114160152789	1.47607812049477	1.57650173696769	1.21334553029017	1.20620883859686	0.948090286388116	1.41742952093595	1.62878148555227	NA	0.43521823183417	1.31718743558499	1.42755768886457	1.08758811843708	NA	1.32526817447231	NA	1.71318248226	0.532755317848256	1.65449333626206	1.60075090357115	1.54284974018176	1.7989778695392	NA	1.93704702844026	1.97954639005693	1.80606227201962	1.01206127085888	1.00045082159786
NA	NA	NA	NA	NA	NA	NA	NA	NA	NA	NA	NA	NA	NA	NA	NA	NA	NA	NA	NA	NA	NA	NA	NA	NA	NA	NA	NA	NA	NA	NA	NA	NA	NA	NA	NA	NA	NA	NA	NA
2.21793102527304	NA	NA	NA	NA	NA	NA	NA	2.77593537966069	NA	NA	2.71681694881862	NA	0.759890647897674	0.497871842957788	NA	0.300672906879205	NA	NA	0.301220447044437	NA	0.601310127959079	0.731127289996263	NA	1.08113984607695	NA	NA	1.3551144701455	NA	1.49430147132588	NA	1.57563047226307	1.45972995234605	0.991775172683976	NA	NA	NA	2.26306963065913	1.77791495659851	1.02135943059198
NA	NA	NA	NA	NA	1.25617084575535	NA	NA	1.40267722587171	NA	NA	1.43613851963709	2.26076207851848	NA	NA	NA	1.88022749263655	1.71350018388059	NA	3.29640482326563	NA	1.14447555846397	NA	2.27804551990592	1.51774363370339	NA	NA	NA	2.29970190855917	NA	2.41980815090327	NA	0.945895615526846	NA	NA	NA	NA	1.95841426690099	1.06547937444225	NA
NA	NA	NA	NA	NA	NA	NA	NA	NA	NA	NA	NA	NA	NA	NA	NA	NA	NA	NA	NA	NA	NA	NA	NA	NA	NA	NA	NA	NA	NA	NA	NA	NA	NA	NA	NA	NA	NA	NA	NA
1.22908823469847	NA	0.981322370579305	NA	NA	1.06112748391425	NA	NA	NA	NA	0.72431941120738	0.56748119437803	NA	0.980445928894583	0.699949485272072	NA	NA	0.187061692758517	0.21916177195351	0.372720461644147	NA	0.906811082279393	0.4489175529659	0.430889555233611	1.02943046237167	NA	0.758560607196406	1.63298862786088	1.32679486704166	0.555363263705391	0.546538571357976	0.657019655897893	1.39550959117428	0.639324639912433	NA	0.732212152889948	0.648901311867082	1.07900287065069	1.34397064774374	1.31334647578659
NA	0.809146793249005	0.927001976181408	1.75250800424209	1.12203090484891	0.665892944539637	0.543017487115377	1.52255665031389	1.8039167623558	0.326257670852474	NA	0.830309844530038	0.374744426634207	NA	1.87564592299054	NA	1.71882826936208	1.90673341351149	0.983004265049764	0.642150920940915	NA	0.309617098782291	0.397017522614381	0.588004932134995	1.95655610882572	0.662075634741282	0.848857590007753	1.40810531394864	1.1217968736097	1.66855474561669	1.01825166437094	NA	1.38350767814843	NA	NA	1.8692183285679	1.4779334342415	1.75022695016876	1.25550542476023	0.633824449765063
0.451362146412496	NA	NA	NA	NA	0.854418623568552	NA	NA	NA	NA	0.832513730126735	NA	NA	NA	NA	NA	0.555630673475418	0.389919615932315	1.5054425188536	0.761948805322611	NA	NA	1.13210729223331	0.410869065548457	0.883633354818479	0.389516782785882	1.05267106557381	0.708208519771127	NA	NA	NA	NA	1.67666525175838	NA	1.69587015665123	0.965432573267633	1.74910663591265	NA	0.871205388554617	NA
1.3680806349322	1.13161711447058	1.297237587699	1.40307401157248	1.35244132839919	1.34882924314455	1.49864924256331	0.265351376661215	1.05171860560839	1.05177704419427	1.13750134550577	1.36479066320074	1.47884141494678	1.33570294702631	NA	0.466353890575162	0.707273484475788	1.87597293091996	0.464956514423505	1.10830993031795	NA	1.6464994515809	0.621270300549869	0.87483242531152	0.438742258851658	0.674466471395169	1.71565222554434	NA	0.881702885748969	NA	NA	NA	NA	2.12263973722664	NA	2.24405506873809	2.31582520809535	NA	1.61050292904912	NA
NA	NA	NA	2.01832447954495	NA	NA	2.0374304790924	1.99281435321934	1.91757045071699	2.00160965492501	NA	NA	NA	NA	1.65625330516933	NA	NA	1.50319783852968	NA	1.53872766977026	NA	NA	1.70717150357436	1.49392778648582	0.698645094788025	1.311308915326	1.3309110524549	0.898964085218685	1.25456875567022	NA	1.28825972707626	1.03124393917679	1.38955603439232	1.26780366259623	NA	1.31043104294289	NA	1.58689046183886	NA	NA
NA	1.09203397399844	NA	0.825309893983756	0.762461516840864	1.33611404951601	0.74083335239249	1.34177943629959	1.39411406578321	NA	NA	0.50429796509757	1.2053532693765	0.536345638280844	NA	NA	0.878435803081131	0.917927492929872	1.12965600604946	1.07212562111719	NA	1.45406646051501	0.576018762017329	1.11367787969261	0.49823565100867	NA	1.15812912137857	1.03935066147571	0.695462114762197	0.928482297234019	1.8081691127875	1.01839258521729	1.68685793730821	1.46341614144951	0.961313263404696	1.52622787972504	1.67951915514245	1.35069368730482	1.58090433996209	1.93744604429133
1.93847085534999	1.14038296635056	NA	1.49803891861702	1.37987932422507	NA	1.43087746892276	0.596073684525788	1.60297250473727	NA	NA	0.815253845980588	1.52336662774098	1.4517171585789	1.05109523140386	NA	1.17098661379372	NA	NA	0.3449477249141	NA	1.39930376188044	0.816443375697071	0.752381637562565	1.24786565839064	NA	0.641315838838503	NA	0.642329787319141	1.01487303027381	1.42768141403461	0.761428492289531	1.08602574577244	1.03793195462211	0.799020827820221	NA	NA	NA	NA	NA
NA	NA	NA	NA	NA	NA	NA	NA	NA	NA	NA	NA	NA	NA	NA	NA	NA	NA	NA	NA	NA	NA	NA	NA	NA	NA	NA	NA	NA	NA	NA	NA	NA	NA	NA	NA	NA	NA	NA	NA
NA	NA	NA	NA	NA	NA	NA	NA	NA	NA	NA	NA	NA	NA	NA	NA	NA	NA	NA	NA	NA	NA	NA	NA	NA	NA	NA	NA	NA	NA	NA	NA	NA	NA	NA	NA	NA	NA	NA	NA
NA	NA	NA	NA	NA	NA	NA	NA	NA	NA	NA	NA	NA	NA	NA	NA	NA	NA	NA	NA	NA	NA	NA	NA	NA	NA	NA	NA	NA	NA	NA	NA	NA	NA	NA	NA	NA	NA	NA	NA
0.848174867623268	NA	0.386152477278696	NA	NA	0.352809172646639	0.185092901787549	0.852449345454201	0.58552843941196	0.797535083195541	0.419673096808931	0.423406593524238	1.34388651709162	0.86102660135258	0.751301396644446	1.04586677609743	NA	0.518624658457083	NA	1.32556045796034	NA	1.54752933825564	1.49613258504769	1.21829513589258	0.586284896007251	NA	1.47968949752289	0.558772281581481	1.6626068578604	0.635777062002185	0.97030460861225	1.54591849507265	0.812496838700531	1.00523224816882	0.966566285340239	1.59157108799007	NA	0.658275078749121	0.646913041224191	0.925839760637795
NA	0.941385848620834	1.8105153876809	1.75483503499063	1.33557074247242	1.40419056330627	NA	NA	NA	NA	NA	0.66546781247302	0.90249076631728	0.784938039671367	NA	NA	1.46966870535829	NA	NA	NA	NA	NA	NA	NA	1.97065541234639	NA	0.655231507348657	NA	0.689584366743634	NA	NA	NA	NA	NA	NA	1.89804768995672	NA	1.76810797327864	1.91566906081889	1.93840119305473
NA	NA	NA	NA	NA	NA	NA	NA	NA	NA	NA	NA	NA	NA	NA	NA	NA	NA	NA	NA	NA	NA	NA	NA	NA	NA	NA	NA	NA	NA	NA	NA	NA	NA	NA	NA	NA	NA	NA	NA
1.66377627532263	1.51178237252001	1.448616426494	1.24215783818841	NA	1.12705404585385	0.991914629711701	1.14563243473261	1.08324950462286	1.04061760016992	1.00722949096659	0.8476917363597	0.729582361299562	0.592773139172443	0.915432034020411	NA	0.408148582785886	0.481531909487497	0.194399320246856	0.326153122672278	NA	0.411299798912651	0.530043077630098	0.769349595078316	0.234288488046877	NA	0.518874486630942	0.741079143257421	1.452320583309	0.712478398487723	NA	NA	NA	1.28753667612326	0.889114363220278	1.18973659988265	NA	1.87336623724006	1.36322715470675	1.95142834037755
0.485834813649368	0.386227584058333	NA	NA	0.490026076609519	0.516937998952036	NA	0.445782609280625	NA	0.960714765796524	1.34529138167464	1.20067288617503	NA	0.905434690934098	0.940837855861747	NA	NA	NA	NA	NA	NA	0.239790447909715	0.524747517151062	NA	NA	NA	NA	NA	NA	NA	NA	1.11858992769105	1.20647062869516	NA	NA	NA	1.52482771978238	1.33984950702246	NA	NA
NA	NA	NA	NA	NA	NA	NA	NA	NA	NA	NA	NA	NA	NA	NA	NA	NA	NA	NA	NA	NA	NA	NA	NA	NA	NA	NA	NA	NA	NA	NA	NA	NA	NA	NA	NA	NA	NA	NA	NA
NA	NA	NA	NA	NA	NA	NA	NA	NA	NA	NA	NA	NA	NA	NA	NA	NA	NA	NA	NA	NA	NA	NA	NA	NA	NA	NA	NA	NA	NA	NA	NA	NA	NA	NA	NA	NA	NA	NA	NA
NA	NA	NA	NA	NA	NA	NA	NA	NA	NA	NA	NA	NA	NA	NA	NA	NA	NA	NA	NA	NA	NA	NA	NA	NA	NA	NA	NA	NA	NA	NA	NA	NA	NA	NA	NA	NA	NA	NA	NA
NA	NA	NA	NA	NA	NA	NA	NA	NA	NA	NA	NA	NA	NA	NA	NA	NA	NA	NA	NA	NA	NA	NA	NA	NA	NA	NA	NA	NA	NA	NA	NA	NA	NA	NA	NA	NA	NA	NA	NA
NA	NA	NA	NA	NA	NA	NA	NA	NA	NA	NA	NA	NA	NA	NA	NA	NA	NA	NA	NA	NA	NA	NA	NA	NA	NA	NA	NA	NA	NA	NA	NA	NA	NA	NA	NA	NA	NA	NA	NA
NA	NA	NA	NA	NA	NA	NA	NA	NA	NA	NA	NA	NA	NA	NA	NA	NA	NA	NA	NA	NA	NA	NA	NA	NA	NA	NA	NA	NA	NA	NA	NA	NA	NA	NA	NA	NA	NA	NA	NA
NA	NA	NA	NA	NA	NA	NA	NA	NA	NA	NA	NA	NA	NA	NA	NA	NA	NA	NA	NA	NA	NA	NA	NA	NA	NA	NA	NA	NA	NA	NA	NA	NA	NA	NA	NA	NA	NA	NA	NA
NA	NA	NA	NA	NA	NA	NA	NA	NA	NA	NA	NA	NA	NA	NA	NA	NA	NA	NA	NA	NA	NA	NA	NA	NA	NA	NA	NA	NA	NA	NA	NA	NA	NA	NA	NA	NA	NA	NA	NA
1.3763145623411	0.709473688459781	NA	0.778748126146387	NA	0.736741202133095	0.555351332399361	0.518237945462458	0.903937527139437	1.8721091820576	1.90918010374433	2.16319203402883	0.803651134204917	1.25066868978444	1.28738720372559	NA	NA	NA	0.310539442881242	0.270641354897233	NA	NA	0.744499693884551	NA	NA	NA	NA	NA	NA	NA	NA	NA	NA	NA	NA	NA	NA	NA	NA	NA
NA	1.89326451580663	NA	NA	NA	NA	NA	NA	NA	NA	NA	NA	NA	NA	NA	NA	2.7649835871989	NA	NA	2.87079384778233	NA	NA	NA	NA	NA	NA	2.42089933583039	1.96574318812533	NA	NA	NA	NA	1.90774268113336	1.36779024110285	NA	NA	NA	NA	NA	NA
NA	0.943899719509568	NA	NA	NA	1.41390332366356	NA	2.15898017262957	NA	NA	NA	NA	NA	NA	NA	NA	NA	2.12584573420038	0.466093372670394	NA	NA	NA	0.453183485249245	NA	1.29409845036306	1.86496098082576	1.29772610842368	NA	1.5121462312319	NA	NA	2.23488124075152	NA	2.66073785065068	2.4395332176427	2.52041113880687	2.2641215229159	NA	1.88175136109002	1.31593740530805
NA	NA	NA	NA	NA	0.450459362711038	NA	NA	NA	0.562346811989487	0.634173213728047	NA	2.53150959250939	0.297408712221748	0.502494211296069	NA	1.30597837246365	NA	0.653719935258847	0.533370963342794	NA	NA	NA	0.393140301651953	NA	NA	NA	0.565905940765207	NA	NA	NA	0.939579500473676	0.784077876138077	1.53889686085665	0.518097253421649	NA	1.86064006929136	NA	2.3383407111556	NA
NA	NA	NA	NA	NA	NA	NA	NA	NA	NA	NA	NA	NA	NA	NA	NA	NA	NA	NA	NA	NA	NA	NA	NA	NA	NA	NA	NA	NA	NA	NA	NA	NA	NA	NA	NA	NA	NA	NA	NA
NA	NA	NA	NA	NA	NA	NA	NA	NA	NA	NA	NA	NA	NA	NA	NA	NA	NA	NA	NA	NA	NA	NA	NA	NA	NA	NA	NA	NA	NA	NA	NA	NA	NA	NA	NA	NA	NA	NA	NA
0.846299824359994	NA	NA	NA	NA	0.283477289862115	NA	1.15064573567618	NA	NA	0.290838667577507	NA	0.198004081876357	0.701816654456375	0.785287520190544	0.736922136676505	NA	0.355537902472323	NA	2.23268427307999	NA	0.398965417660772	1.36692059700799	NA	1.57692442624722	NA	1.06554844792823	NA	NA	0.446207152007067	NA	2.44174256507784	NA	1.27479861451469	2.47766626028179	1.05951380210268	0.628306297430392	0.505832593753544	0.574206120857364	1.44039331972155
NA	NA	NA	NA	NA	NA	NA	NA	NA	NA	NA	NA	NA	NA	NA	NA	NA	NA	NA	NA	NA	NA	NA	NA	NA	NA	NA	NA	NA	NA	NA	NA	NA	NA	NA	NA	NA	NA	NA	NA
2.03374272579884	NA	NA	0.370851232787353	NA	NA	1.1696589251517	NA	0.617301169217224	NA	NA	NA	0.556713683133134	0.275393323632573	0.549309207707213	2.62216633506657	NA	NA	0.585742898052598	0.301563694986257	NA	2.17394349746095	0.349929858345408	1.7012574034122	NA	0.745807505472595	NA	NA	0.921808051947729	NA	NA	NA	2.27310729855013	2.16272221566957	NA	NA	1.85784101004447	0.577044857081718	1.31327526847172	1.43859540518137
NA	NA	1.81807576259568	NA	NA	0.959147211718605	1.56420895334549	1.47950685931169	1.52089502433931	1.39615589214412	NA	1.01701574599154	1.38328476470201	0.543207564404773	0.885666739091586	0.990261123893846	0.792162219325255	0.808218905153037	NA	0.204678125624639	NA	0.648778540602411	0.776564124369536	0.781833098917985	0.688759426057361	1.0602445355249	1.25167604995609	1.37665312738407	1.40321642051799	1.28107540765074	1.87484740199096	1.64386702506438	NA	1.91357922427635	1.54234792008905	2.22916781739805	NA	1.96681181326143	1.8865011243359	1.74127004906989
0.925207972921523	2.03000456770711	1.72173178195526	NA	1.80110542493371	1.37389362278002	1.47050638842808	NA	NA	NA	NA	1.43563946965588	0.767444605845428	1.34072347522979	1.74613532185273	NA	0.994515614261228	NA	1.04320974642309	NA	NA	NA	NA	2.15773750147626	NA	1.9239948923927	NA	0.92046791321724	2.16930011412216	NA	1.22557466904674	1.23743375533126	1.1061913542556	NA	1.48920937545594	2.03269569718153	1.23027962322105	1.70384282565263	1.71044021710931	NA
NA	NA	NA	NA	NA	NA	NA	0.496766803864312	0.488034411593149	1.48181914575135	0.431385643255091	0.387725611113378	0.190799193243193	0.384677319232518	0.662556315823558	0.243701011485051	0.206247221399711	0.138154842417942	0.486414381668942	0.208237882366112	NA	0.642655477083518	0.466570782051242	0.391605197320779	0.796934581560864	0.535613472726477	0.484986210047892	0.272178406893214	0.469650958240568	0.289303572051507	0.302219024785782	0.550876382364131	0.344026116148188	0.299305644853747	0.373150495858735	0.545418196160998	0.526064757906903	NA	0.310264949758441	0.269501934263855
NA	NA	0.38819547183608	NA	NA	2.85548342497249	0.832056740314684	0.383973809592161	2.39239118880607	NA	NA	NA	0.241636393131199	NA	1.11214047527731	NA	1.03568116688486	0.268870803714814	NA	0.546115720135578	NA	1.79411722297165	NA	0.266868422049175	1.79179527958015	1.14494014228864	0.517365268320258	2.18088928576831	1.0614736223276	NA	NA	2.05427518600163	1.4556442590235	1.46269902432442	NA	NA	NA	0.89519103005991	1.44700068381172	NA
NA	NA	NA	NA	NA	NA	NA	NA	NA	NA	NA	NA	NA	NA	NA	NA	NA	NA	NA	NA	NA	NA	NA	NA	NA	NA	NA	NA	NA	NA	NA	NA	NA	NA	NA	NA	NA	NA	NA	NA
NA	0.724566331767718	1.5856187353952	NA	1.8638112620398	NA	0.679917389663065	NA	1.03057292240633	1.89283595540589	NA	1.52310126287924	2.20212560118936	2.05223009973429	NA	NA	0.502149203659461	0.419426495575512	1.34916018058784	1.49874792456497	NA	1.4171616136715	1.4129250761441	NA	1.15214254417716	0.526145605567098	1.89924977605775	NA	1.58990775006754	0.390103347878087	0.221619583178891	0.172293910641908	1.22949600370821	0.472947238691403	0.554357614180686	1.55911137613841	1.85601716543382	0.661555682467124	0.596806845369402	0.410071844179986
1.29401455149426	1.00170086985655	NA	NA	1.22683580397893	NA	0.886194282935517	0.703348711663864	NA	0.36565873838505	0.470988963086287	0.256709187888622	0.508621459361846	0.40920987873079	0.351653683955301	NA	0.564075125040997	NA	0.364725028063396	0.562232643058353	NA	NA	0.357396274339239	0.338371013649166	0.38405203145508	NA	0.813540908397752	1.51681978767297	NA	NA	NA	1.17849587512549	0.941181096642256	NA	1.11939529676645	NA	NA	NA	NA	NA
1.21497699898327	NA	1.01087150827441	NA	NA	1.98187851799499	NA	0.583960145290671	NA	NA	NA	0.559821863121619	NA	0.541611558223712	0.522145053738473	NA	0.339307567342754	0.269804877078356	NA	0.45563977296146	NA	0.233742512095513	0.539254077832395	0.187627875484445	NA	1.04255422823665	NA	1.24263777118554	1.30374271147459	1.37020420563551	1.06995507761112	1.00952312627514	1.13544149905966	1.03209690068451	NA	1.24363467947206	NA	0.379457367770556	0.666980757882847	0.986062967183449
NA	NA	NA	NA	NA	NA	NA	NA	NA	NA	NA	NA	NA	NA	NA	NA	NA	NA	NA	NA	NA	NA	NA	NA	NA	NA	NA	NA	NA	NA	NA	NA	NA	NA	NA	NA	NA	NA	NA	NA
NA	1.24969882443557	1.4930688970485	NA	1.28449628495039	1.02396414700205	0.712953384820877	1.22028585581884	0.837763804602274	1.0606392830486	0.901898753389525	0.400572345763332	NA	NA	0.91579206691482	0.486038004044219	0.169369594549936	1.22103185254984	0.937720568744357	0.341644774249317	NA	0.546809821758454	0.399734388135004	0.518613929044686	0.473153266861371	0.649457131848097	0.934654749476205	0.650703167511451	0.581181720139366	0.659590322224478	1.01655241375929	0.920478641521122	0.909837645591776	0.39487204068953	NA	1.42200158906434	0.749387828177147	NA	0.934447914769045	1.26076306928838
NA	NA	0.464829086384972	NA	NA	0.989653561920943	0.995635047790027	NA	1.46101999757805	0.905490761521665	1.55211827719213	1.24118074280217	1.36763153687392	1.31431013830818	1.72205225721586	0.453149031866416	1.68199272664328	0.450606988226858	0.61888978823928	0.377918427527033	NA	0.268113841913104	NA	0.939647345868068	1.51331315657655	1.89995713282138	NA	1.58252579266268	1.5320577086776	NA	NA	NA	1.55319158616206	1.65371828979737	NA	1.42955224005844	1.5410038632928	NA	NA	1.42244246472962
NA	NA	NA	NA	NA	NA	NA	NA	NA	NA	NA	NA	NA	NA	NA	NA	NA	NA	NA	NA	NA	NA	NA	NA	NA	NA	NA	NA	NA	NA	NA	NA	NA	NA	NA	NA	NA	NA	NA	NA
NA	NA	NA	NA	NA	NA	NA	NA	NA	NA	NA	NA	NA	NA	NA	NA	NA	NA	NA	NA	NA	NA	NA	NA	NA	NA	NA	NA	NA	NA	NA	NA	NA	NA	NA	NA	NA	NA	NA	NA
NA	NA	NA	NA	NA	NA	NA	NA	NA	NA	NA	NA	NA	NA	NA	NA	NA	NA	NA	NA	NA	NA	NA	NA	NA	NA	NA	NA	NA	NA	NA	NA	NA	NA	NA	NA	NA	NA	NA	NA
NA	1.07009077727596	NA	NA	NA	0.267249390167751	NA	NA	0.0475109880995956	0.492059343073399	NA	0.58893049775835	0.736030089517529	NA	0.81283534566497	NA	0.68805084212755	0.921130472508223	NA	NA	NA	NA	0.257739873205392	0.613679405689757	0.736069946035599	0.888415202667652	NA	NA	0.869750296256109	NA	NA	NA	1.20406760729847	1.45709125296058	NA	NA	NA	NA	1.39066782300323	NA
NA	1.15901691089182	1.11327716156526	1.04300821043763	1.7102142224152	1.09047579663182	1.05136183069687	NA	1.86803218515028	1.09276835597093	1.82753211599802	1.01458381707323	0.956586804455697	1.13435878068654	1.01046430684725	1.23639810742927	0.68190600097566	0.95246029558284	1.97652864145367	0.559068464366001	NA	0.778466453716924	0.862946065178739	0.567522832793301	0.935337934769425	0.654887261529995	0.896991745814987	0.830993350717485	1.0658135694677	1.76236015701799	1.05822651895688	NA	1.33273194176627	1.46881420036889	1.30927793182141	0.832312469341319	1.63667356969325	0.834366954507785	0.92331421720826	NA
NA	NA	NA	NA	NA	NA	NA	NA	NA	NA	NA	NA	NA	NA	NA	NA	NA	NA	NA	NA	NA	NA	NA	NA	NA	NA	NA	NA	NA	NA	NA	NA	NA	NA	NA	NA	NA	NA	NA	NA
NA	NA	NA	1.76034380319562	NA	1.72476318858292	NA	1.21565601348842	NA	NA	NA	NA	1.11860567267808	0.577374392779849	1.10639837991149	NA	0.97286732565133	NA	NA	0.281628965933317	NA	0.482617597793444	1.11678708696377	1.30755666039904	0.428433258041481	0.587711549698623	NA	NA	NA	NA	NA	NA	NA	NA	NA	NA	NA	NA	1.43376421268241	0.312553947351585
NA	NA	NA	NA	NA	NA	NA	NA	NA	NA	NA	NA	NA	NA	NA	NA	NA	NA	NA	NA	NA	NA	NA	NA	NA	NA	NA	NA	NA	NA	NA	NA	NA	NA	NA	NA	NA	NA	NA	NA
NA	NA	NA	NA	NA	NA	NA	NA	NA	NA	NA	NA	NA	NA	NA	NA	NA	NA	NA	NA	NA	NA	NA	NA	NA	NA	NA	NA	NA	NA	NA	NA	NA	NA	NA	NA	NA	NA	NA	NA
0.647897954089473	0.421648194591533	NA	0.989122674337528	0.3208382991779	0.363434922335908	NA	NA	NA	0.514615077794144	NA	0.455025744039323	0.245186678791933	0.220187074618693	0.26564115070738	NA	NA	NA	NA	0.292510063381769	NA	NA	1.32731031892436	0.534981530274541	NA	NA	0.45671990648548	0.15134375250217	0.72193260801086	0.964650779296779	NA	1.51846084268449	1.57771772539833	1.12684874764919	NA	0.965455007414059	1.63587765095087	1.69535956614919	NA	NA
0.549877133886074	NA	1.319693059525	NA	0.778985158767065	NA	1.04487221145343	1.56050131104412	0.805257291602693	0.735850732095163	1.23179230829626	0.893241972584472	0.913382732280698	0.600219026648196	1.59557067138094	1.17434336188348	1.16146030105273	1.11443553758128	1.17977343825538	NA	NA	0.678353912275137	NA	0.97040807224273	NA	NA	NA	NA	0.697256702537492	NA	1.27841017931623	0.979679358978194	NA	1.23352005202719	NA	1.61951097748972	1.55973120399895	1.10308973524824	1.75213013435884	1.56220687056993
NA	NA	NA	NA	1.31734118770068	NA	1.36145580489657	1.28758225381471	1.49947644514468	NA	0.593169321986957	0.704013876507526	0.836670596874844	NA	0.45614029332492	0.365877515076766	0.535712720456138	0.608485132076471	0.276925774473149	0.481649280443425	NA	0.522413057718189	0.502921516191306	0.709828327035829	1.4789092996789	NA	NA	NA	0.573250255946373	0.516162359160297	0.44848919947473	NA	0.392105910168327	0.51018704066904	NA	NA	0.076267167429913	NA	0.889771196643656	NA
NA	NA	0.81044472750039	NA	0.84466636163809	0.782124679344806	1.05031760711851	NA	0.469060519498775	0.489233134222335	0.431008622196508	0.455009088725286	NA	0.341542642133879	0.511541155055977	0.613614151886338	NA	NA	0.837205926096206	0.236763090013246	NA	0.497622583858397	NA	NA	0.693459106901289	0.48941989016979	NA	0.602700626469385	NA	NA	0.562388893029513	0.660116638101155	NA	NA	NA	NA	NA	NA	0.779633380451097	NA
NA	1.1793343528603	1.23404512716913	1.1183884064937	NA	NA	0.958608544652196	NA	NA	NA	NA	1.60487263739069	0.603958140808267	NA	NA	NA	0.665908516354596	NA	1.03906607449906	0.164473338512851	NA	0.277107243194351	0.27944548368445	0.309215975738847	0.307768919712164	1.13365695623587	0.549379815055463	0.780958761916398	1.51664987563061	NA	1.22396215368808	0.860471193078808	NA	1.17342827372499	1.01406120738583	1.05209978112431	NA	0.909925136381542	NA	NA
1.82391190842807	0.661784114898961	0.707067536858475	1.76127979071477	0.624483313142582	0.601408999724262	1.27748510860316	1.04938862302517	NA	0.405753499475651	1.32131711028649	1.34216770362949	0.477240203186998	NA	0.991795334696738	0.566482426261148	0.869426308413077	1.44490494889017	NA	0.999769849563047	NA	0.378818996102571	0.225396266791678	NA	1.35362827122	0.526623431302592	0.679140952335605	NA	0.910063852159318	NA	NA	1.49793742590999	1.00106906063248	0.578020134154948	1.50934441575011	1.12037516566293	1.19276542869917	0.512512709149827	1.3406889801734	1.58385601477163
NA	NA	NA	NA	NA	NA	NA	NA	NA	NA	NA	NA	NA	NA	NA	NA	NA	NA	NA	NA	NA	NA	NA	NA	NA	NA	NA	NA	NA	NA	NA	NA	NA	NA	NA	NA	NA	NA	NA	NA
0.268154388844285	0.825890661263611	0.651963304454503	0.62579648347165	0.71716558529976	0.786345762272099	0.506883925750712	0.663948758345562	0.532022613792427	0.861637493225535	0.749735886612372	0.410864450865454	0.376465383583995	1.08887298802225	0.592566118735162	0.856256410170843	1.0421551045174	0.592997557458218	0.751079332659785	0.877127556695167	NA	1.17278206468446	0.714564583115329	1.09549884782231	0.837317827549372	1.08410394910393	NA	0.872572596239695	0.5520020702265	0.928551786729036	0.967418678962661	0.776907428969343	0.777695085629504	1.00190113628879	0.643361306033319	0.796321800066147	0.767152797217367	NA	0.85567169018111	0.75250746907263
NA	NA	NA	NA	NA	NA	NA	NA	NA	NA	NA	NA	NA	NA	NA	NA	NA	NA	NA	NA	NA	NA	NA	NA	NA	NA	NA	NA	NA	NA	NA	NA	NA	NA	NA	NA	NA	NA	NA	NA
NA	NA	NA	NA	NA	NA	NA	NA	NA	NA	NA	NA	NA	NA	NA	NA	NA	NA	NA	NA	NA	NA	NA	NA	NA	NA	NA	NA	NA	NA	NA	NA	NA	NA	NA	NA	NA	NA	NA	NA
NA	NA	NA	NA	NA	NA	NA	NA	NA	NA	NA	NA	NA	NA	NA	NA	NA	NA	NA	NA	NA	NA	NA	NA	NA	NA	NA	NA	NA	NA	NA	NA	NA	NA	NA	NA	NA	NA	NA	NA
NA	NA	NA	NA	NA	NA	NA	NA	NA	NA	NA	NA	NA	NA	NA	NA	NA	NA	NA	NA	NA	NA	NA	NA	NA	NA	NA	NA	NA	NA	NA	NA	NA	NA	NA	NA	NA	NA	NA	NA
NA	1.60320756909554	1.2866548281065	1.10783625367751	NA	1.0047820303254	1.36561772616807	1.39349349703256	1.0456608572285	1.53701075966403	NA	1.09836628162943	NA	NA	0.233726741989507	NA	1.98410877505419	0.173558133613303	0.497600518042098	1.51183810025515	NA	NA	1.90224941323512	0.54984953714599	1.96459925924782	NA	NA	0.862676542586392	1.9372876008348	2.12261435086295	0.811525941196151	0.307040625301948	2.1734149678355	0.90666400241306	0.824107447602613	1.08215495670929	1.69051613520176	1.79075821439205	1.32329460808115	1.65067781065838
NA	1.22302710118933	1.72625765987375	NA	1.06177087659857	NA	NA	NA	NA	NA	0.543147645332095	0.678688780342101	1.01519168174731	0.848901490429655	1.00497594214261	0.920287157957144	1.11232944363246	0.543050156882953	0.662107525191657	0.208512828193592	NA	0.552670888505197	0.421957974042298	NA	NA	NA	NA	0.598166937889298	0.317780006193072	NA	NA	0.466052981055742	0.481136851935781	NA	NA	NA	NA	NA	NA	NA
1.69242902364503	1.39330960910557	1.93481392768313	NA	NA	NA	1.35743643290828	NA	1.20793343489771	0.976045635261579	NA	NA	1.36500161138911	1.33431945356526	1.61821430932939	NA	NA	NA	0.161004421033088	0.396106551640381	NA	NA	0.477580567869942	NA	NA	NA	NA	NA	NA	NA	NA	NA	NA	NA	NA	NA	NA	NA	NA	NA
NA	NA	NA	NA	NA	NA	NA	NA	NA	NA	NA	NA	NA	NA	NA	NA	NA	NA	NA	NA	NA	NA	NA	NA	NA	NA	NA	NA	NA	NA	NA	NA	NA	NA	NA	NA	NA	NA	NA	NA
NA	NA	NA	NA	NA	NA	NA	NA	NA	NA	NA	NA	NA	NA	NA	NA	NA	NA	NA	NA	NA	NA	NA	NA	NA	NA	NA	NA	NA	NA	NA	NA	NA	NA	NA	NA	NA	NA	NA	NA
NA	NA	NA	NA	0.987863048341301	NA	1.06010927377047	NA	NA	0.903309105477474	NA	0.849669203427164	1.24763418757575	1.02276896482383	NA	NA	1.01777088991581	NA	NA	NA	NA	NA	0.672635629497321	0.709336903938217	1.13580131927812	1.53918677500493	1.13230489121687	NA	NA	NA	NA	NA	0.663796361936101	0.835213931626068	NA	NA	NA	NA	0.622622294840804	1.16023666750673
NA	NA	NA	NA	NA	NA	NA	NA	NA	NA	NA	NA	NA	NA	NA	NA	NA	NA	NA	NA	NA	NA	NA	NA	NA	NA	NA	NA	NA	NA	NA	NA	NA	NA	NA	NA	NA	NA	NA	NA
NA	NA	NA	NA	NA	NA	NA	NA	NA	NA	NA	NA	NA	NA	NA	NA	NA	NA	NA	NA	NA	NA	NA	NA	NA	NA	NA	NA	NA	NA	NA	NA	NA	NA	NA	NA	NA	NA	NA	NA
NA	NA	1.45058916840166	NA	NA	NA	NA	NA	NA	1.61201046671316	1.57714782788432	NA	NA	1.03070072208014	NA	0.837666291469092	0.665307694266254	NA	0.73860261434654	0.548023804488493	NA	0.580630764279008	0.754767998921075	NA	0.710544598554201	NA	1.09099595497179	1.25211875749611	1.39704989109634	NA	NA	1.58528425518344	1.58314838383873	NA	NA	NA	NA	1.84941654239965	1.04211872786717	1.7509382100663
NA	NA	NA	NA	NA	NA	NA	NA	NA	NA	NA	NA	NA	NA	NA	NA	NA	NA	NA	NA	NA	NA	NA	NA	NA	NA	NA	NA	NA	NA	NA	NA	NA	NA	NA	NA	NA	NA	NA	NA
NA	NA	NA	NA	NA	NA	NA	NA	NA	NA	NA	NA	NA	NA	NA	NA	NA	NA	NA	NA	NA	NA	NA	NA	NA	NA	NA	NA	NA	NA	NA	NA	NA	NA	NA	NA	NA	NA	NA	NA
0.761111427523503	0.836250404234015	0.467951656838539	2.34813540594085	NA	0.857678994553552	1.77525267131613	NA	NA	NA	1.32165983577224	0.758740549281325	1.9035983008173	NA	0.504739017168318	0.978956786053288	0.741456802573796	NA	0.460405601210674	NA	NA	NA	1.44119534082286	0.730763757589621	0.881436364821677	NA	1.15217310478035	0.891215029244479	NA	1.16434631751613	1.29957915938724	1.10529532107913	NA	0.978194230611289	1.34750633875671	1.49051952873476	NA	NA	0.986177184349832	NA
1.4997309661836	1.22286485662817	1.57101104530398	1.34909457266729	0.925568052316745	1.25858646347916	NA	1.63370341933574	1.8302730291373	0.678485609016777	1.31502380697647	1.72526344840181	0.649662169038961	1.42956115374579	NA	1.11881056227181	0.863872826104917	0.656029597466061	2.48648023941825	0.741020786202645	NA	NA	NA	0.374046895889258	2.58244484067659	NA	NA	NA	NA	1.53459211327281	NA	2.50577722434126	NA	NA	2.32524644437829	NA	NA	2.59452509155377	NA	NA
NA	1.2311330313784	NA	NA	NA	NA	NA	0.973792070920855	NA	NA	1.09808625259476	0.750712882794599	1.31398843238773	NA	0.547691972215778	0.595195348210888	0.84196775368477	NA	NA	0.638118553530299	NA	1.27510733904327	0.365631942205953	0.215461905124094	0.495182177899224	0.540803315702632	0.353092282360455	0.366354121783561	0.617257932437313	0.801545663093482	NA	0.809044753158039	0.751597935817551	0.447522540618294	1.2576978849505	1.26005906954723	0.877012999662284	NA	NA	NA
NA	1.53297603070773	NA	0.823165050051004	NA	0.75106941058069	0.600931195504532	0.36827964431947	0.838361576037855	NA	NA	NA	NA	1.02282090899868	0.665198306197857	NA	0.379316151942752	0.463685809904939	NA	NA	NA	0.345847806983833	0.186973972584065	1.67021607982337	NA	NA	NA	NA	0.275495154412616	NA	0.548207894196073	NA	0.4451847294018	0.673074156657743	1.53852250442061	NA	NA	NA	0.923429215797457	0.83191132314853
NA	1.62583332746169	0.859448494455194	NA	0.856170766293212	NA	NA	NA	1.00560066255128	1.14669015888935	NA	0.91802118638048	0.272534425565766	NA	0.445198523318995	0.572903642955422	1.04338377965489	0.886392609483364	0.861935361303491	0.468992379352867	NA	NA	0.305627211613166	NA	1.43193482466292	0.738180775132234	1.62183179471837	1.4939773657185	0.432894660863104	1.61093114788795	0.592987107981352	0.213698555726658	0.525732614814807	0.394014755125935	1.3314013660967	0.204060823070751	NA	0.82620094681257	0.614864014664328	0.917516242169099
1.31280682884488	NA	NA	NA	NA	NA	0.156324735850228	NA	NA	0.353616903827853	NA	0.548881348948719	0.349650204349439	NA	0.347297707049444	NA	0.335363279150073	0.29743697677645	NA	0.49366417386389	NA	0.443312048809494	NA	0.355554600902215	0.469029226611794	0.963136640239104	NA	0.64564555363052	0.432059103372509	NA	NA	0.907556637953998	NA	NA	NA	NA	NA	NA	NA	1.36818090564593
1.3673506101007	0.776583840664366	NA	0.440914520389423	1.50839505030955	NA	1.00884102307233	NA	NA	1.32217429661561	1.03076878999088	1.1461307266441	NA	NA	NA	NA	1.05603496971259	NA	0.421429920853319	0.677353958589368	NA	0.63583698276143	0.534566304241592	0.282565238418352	0.381077352043291	1.26844729722639	0.402446879353275	0.408053228163097	0.382994783574604	0.599795110024136	0.303696059333498	0.406196482420451	0.510456946697932	0.641494134771718	0.442348872650424	0.295769546713117	0.444726093818641	0.616719577950197	NA	1.14661463158159
0.569293411209435	1.6861656864975	NA	1.05343643662874	NA	1.20328965889999	NA	0.409800919005179	NA	NA	0.918593351007402	0.682115251072361	0.798624762796383	NA	0.839828528800731	1.776167124159	NA	NA	1.26148290985475	1.35096113818204	NA	0.138937966449737	1.49613408506428	0.908179814964179	1.249818588364	NA	0.756365900407378	NA	NA	NA	NA	1.35302728386533	NA	NA	NA	NA	0.978537094683295	0.977988693571675	NA	NA
2.24291499611553	NA	NA	NA	NA	0.715996665654289	NA	NA	NA	NA	0.699799139248339	NA	0.370384108273581	NA	0.938700701523167	NA	1.84356305551522	NA	0.597930297826771	0.428880836048246	NA	0.463987411571732	0.147521159864995	1.30555986470245	NA	NA	1.30714034516899	NA	NA	NA	1.88494813756918	1.59601532025628	1.60646907092607	1.79310483614287	2.14438988073452	NA	NA	NA	NA	NA
NA	NA	NA	NA	NA	NA	NA	NA	NA	NA	NA	NA	NA	NA	NA	NA	NA	NA	NA	NA	NA	NA	NA	NA	NA	NA	NA	NA	NA	NA	NA	NA	NA	NA	NA	NA	NA	NA	NA	NA
NA	NA	NA	NA	NA	NA	NA	NA	NA	NA	NA	NA	NA	NA	NA	NA	NA	NA	NA	NA	NA	NA	NA	NA	NA	NA	NA	NA	NA	NA	NA	NA	NA	NA	NA	NA	NA	NA	NA	NA
NA	NA	NA	NA	NA	NA	NA	NA	NA	NA	NA	NA	NA	NA	NA	NA	NA	NA	NA	NA	NA	NA	NA	NA	NA	NA	NA	NA	NA	NA	NA	NA	NA	NA	NA	NA	NA	NA	NA	NA
1.38151317381938	1.56502991391486	1.27042000426708	NA	1.00012317196775	1.1178865941635	1.49266983953114	NA	0.868151614437306	0.663642961136178	NA	0.341715410354192	0.436792201157143	0.628946347849285	NA	NA	0.593970047104694	NA	0.977455555069124	0.152164085126851	NA	NA	0.404633490746824	0.564477735610979	0.301681369920211	0.678258947796106	NA	0.921803347704534	NA	NA	NA	1.4771814219594	1.39815973000273	1.23941479726808	NA	0.810078327272777	0.598838612791625	NA	0.826982170328254	1.29479584172
NA	NA	NA	NA	NA	NA	NA	NA	NA	NA	NA	NA	NA	NA	NA	NA	NA	NA	NA	NA	NA	NA	NA	NA	NA	NA	NA	NA	NA	NA	NA	NA	NA	NA	NA	NA	NA	NA	NA	NA
NA	NA	NA	NA	NA	NA	NA	NA	NA	NA	NA	NA	NA	NA	NA	NA	NA	NA	NA	NA	NA	NA	NA	NA	NA	NA	NA	NA	NA	NA	NA	NA	NA	NA	NA	NA	NA	NA	NA	NA
NA	NA	NA	NA	NA	NA	NA	NA	NA	NA	NA	NA	NA	NA	NA	NA	NA	NA	NA	NA	NA	NA	NA	NA	NA	NA	NA	NA	NA	NA	NA	NA	NA	NA	NA	NA	NA	NA	NA	NA
NA	NA	NA	NA	NA	NA	NA	NA	NA	NA	NA	NA	NA	NA	NA	NA	NA	NA	NA	NA	NA	NA	NA	NA	NA	NA	NA	NA	NA	NA	NA	NA	NA	NA	NA	NA	NA	NA	NA	NA
NA	1.36494220597737	1.66898817588617	1.06154594471152	NA	1.129406997303	NA	NA	1.36100699186998	NA	NA	NA	NA	0.365300900680701	0.683377529330379	NA	NA	NA	NA	1.59679138098194	NA	0.202081686174473	0.535059478982264	0.281863546793662	NA	NA	NA	NA	1.53622624548665	NA	NA	NA	NA	0.639237897724625	NA	1.26132927933716	NA	0.473945616951916	NA	0.781238909890597
NA	1.83458951381583	1.60404442082021	NA	NA	1.79160560705819	2.28775933233904	1.86436337496259	NA	1.81176049174556	NA	1.13749427998168	NA	NA	0.975215808337179	NA	2.18304487970726	NA	NA	NA	NA	0.145160499291116	NA	NA	0.382545532974986	NA	NA	NA	0.638298244811011	NA	0.578577293616527	0.986329014458528	NA	NA	NA	NA	NA	NA	NA	NA
NA	2.82868844989553	1.49878172189153	1.70633407126841	1.57613336732359	NA	0.85748414297202	2.85678233277108	NA	NA	NA	2.9342712066439	2.71210533658492	NA	2.65526514396003	NA	2.67533617946163	2.63733055428097	NA	0.584190628878971	NA	2.82057274465809	2.62841615704846	1.41703480818999	NA	NA	NA	NA	NA	2.87892857473171	1.29561614848459	NA	1.37214235164848	NA	2.64051038417254	1.21731264554214	NA	NA	1.35526722061985	2.06866385768443
0.951257748269905	0.910771002370075	1.21730241299674	NA	0.876717825199102	0.918395571498299	0.844493209245642	2.14968747426362	NA	NA	NA	NA	NA	NA	NA	NA	1.22187339831885	0.910205786022081	NA	0.647198835888141	NA	0.418735042631815	0.296085364127077	0.926401920291634	0.269715935896752	1.07956384846482	2.14091956878405	NA	0.917435366487656	NA	0.599863968772703	1.22305858048836	1.14741562739301	1.4812306835614	2.04232093721386	1.42311177920085	1.64835308076066	NA	1.63568124171643	1.68604378159855
NA	NA	NA	NA	NA	NA	NA	NA	NA	NA	NA	NA	NA	NA	NA	NA	NA	NA	NA	NA	NA	NA	NA	NA	NA	NA	NA	NA	NA	NA	NA	NA	NA	NA	NA	NA	NA	NA	NA	NA
NA	NA	NA	NA	NA	NA	NA	NA	NA	NA	NA	NA	NA	NA	NA	NA	NA	NA	NA	NA	NA	NA	NA	NA	NA	NA	NA	NA	NA	NA	NA	NA	NA	NA	NA	NA	NA	NA	NA	NA
NA	1.10600947769538	0.587170884754665	0.789357875438745	NA	NA	0.829263372032911	0.735952416698417	1.00395392715487	NA	NA	NA	0.571213011220548	0.591296162748043	0.477696087095439	NA	0.318123524025224	0.267226581538117	NA	0.365057681659756	NA	NA	NA	0.243563611365933	0.170152909347656	NA	NA	0.71037385134807	0.489710412237281	NA	0.347427570391783	0.59373580459858	0.918418848869132	0.220417288729406	0.240280657646854	0.867590028025075	0.319043915664511	NA	NA	NA
NA	NA	NA	NA	NA	NA	NA	NA	NA	NA	NA	NA	NA	NA	NA	NA	NA	NA	NA	NA	NA	NA	NA	NA	NA	NA	NA	NA	NA	NA	NA	NA	NA	NA	NA	NA	NA	NA	NA	NA
NA	1.75138621939413	NA	NA	NA	1.1769186091022	1.8417502105407	1.38583462203916	NA	NA	NA	1.19043784014826	NA	NA	NA	0.549349670327179	0.562705920848698	NA	NA	NA	NA	NA	NA	0.228603412936906	1.94282829709231	1.72703963353058	0.674542566689674	NA	NA	NA	NA	NA	1.85458193716257	NA	1.02118971498405	1.90179568148445	NA	NA	1.72314624318599	NA
NA	1.45615567151872	0.825744525812739	NA	0.961766740953759	1.50946232836796	0.975579143214388	NA	0.831674656901682	0.909359906519681	0.688914623978269	0.775850188804195	0.98853327165485	0.869966013975127	1.06480019408468	NA	NA	0.341853403213814	NA	0.424225242190676	NA	0.395846950645458	0.652171147816265	0.566326626692721	0.445424953537839	NA	0.512164548610014	NA	0.729538784998187	1.1708516325217	NA	0.77507900694608	1.38672748988335	NA	NA	NA	NA	NA	NA	NA
NA	NA	NA	NA	NA	NA	NA	NA	NA	NA	NA	NA	NA	NA	NA	NA	NA	NA	NA	NA	NA	NA	NA	NA	NA	NA	NA	NA	NA	NA	NA	NA	NA	NA	NA	NA	NA	NA	NA	NA
NA	NA	NA	NA	NA	NA	NA	NA	NA	NA	NA	NA	NA	NA	NA	NA	NA	NA	NA	NA	NA	NA	NA	NA	NA	NA	NA	NA	NA	NA	NA	NA	NA	NA	NA	NA	NA	NA	NA	NA
1.25195717117591	1.09959039907651	0.920383568297983	1.81210965100139	1.41929711190205	NA	1.24692939016808	0.80591341044526	NA	0.894974617750479	NA	1.95146727968148	1.06374005659388	1.30151321082732	NA	NA	NA	NA	0.495946957055823	NA	NA	NA	0.376894363248372	0.330128466598871	0.273961951187279	NA	0.432265360391115	NA	0.748699691211391	0.767320453301395	NA	1.02406791211982	NA	0.886129928058347	NA	NA	NA	0.547594345124545	NA	NA
NA	1.51642080712825	NA	NA	NA	1.53961884034379	NA	2.09534039969757	NA	1.13696430676971	NA	NA	1.15812772316321	1.765692049441	2.07550448298666	NA	2.20692306238357	1.04869356370267	NA	0.762290695142152	NA	NA	NA	0.58509728502899	NA	NA	NA	0.638406935651371	NA	1.54951282128279	0.68735152340013	1.10563764830205	1.48281514783059	1.14943692034008	1.29229616459124	1.063055866857	1.27130889908485	1.60809923927822	1.36081901166225	NA
NA	NA	NA	NA	1.42087486626288	1.30756890356171	NA	NA	NA	1.53134142728587	1.90155922811483	1.42694551191802	1.15618875867857	NA	NA	NA	NA	NA	NA	0.654354872666085	NA	0.321673456430434	0.640260712830445	0.632946819234718	0.647860859419411	1.3120492791576	1.06252122563038	NA	1.29455100163047	NA	NA	NA	NA	NA	NA	NA	NA	NA	NA	NA
0.930212596828086	NA	0.403519496799606	0.578361106862927	0.70877474057583	0.782601856785012	NA	0.624197917978676	0.473646334870855	NA	NA	0.845293861787642	0.721903635861328	0.984887540381236	1.47180228792168	NA	NA	NA	NA	0.424555029106515	NA	0.384222713311669	0.441449054231681	0.298491841669411	0.352997327236865	0.218936305138598	0.249278753552212	0.796754930436448	0.380578582268485	0.853052342820227	0.717912246819283	1.03700221846338	NA	0.934713333039977	0.867993757027104	1.1729960942931	NA	0.767980612633723	NA	NA
0.758928738217808	NA	NA	0.511656672755663	0.651465770931618	0.577641957607592	0.456250606900345	NA	0.465408233950159	NA	NA	0.309179746068408	NA	NA	NA	NA	0.914652360735585	NA	0.34751952994509	NA	NA	NA	0.916609364326395	0.639133158302548	0.71566850778582	NA	NA	NA	NA	NA	1.73742747798739	1.79238414358798	NA	NA	NA	NA	NA	NA	NA	NA
NA	1.61500815001921	1.39586613464835	NA	0.998245396636339	1.34344125492238	NA	NA	1.09938147395731	1.05745767186704	0.633343405468258	0.61346051378426	NA	0.683689011715102	0.620055160213838	0.607668269723208	NA	0.185663683304127	0.522734995128958	0.378615817992213	NA	NA	0.493687567987138	0.284245376020909	0.523625295204818	NA	0.327869097998995	NA	0.403429882955038	0.541027786997176	NA	0.516549436074003	0.403047325079878	0.324649333804206	0.312733296764579	0.484645373527587	0.741031216264372	1.13762609468481	1.09021752489282	0.739356621735514
NA	NA	NA	NA	NA	NA	NA	NA	NA	NA	NA	NA	NA	NA	NA	NA	NA	NA	NA	NA	NA	NA	NA	NA	NA	NA	NA	NA	NA	NA	NA	NA	NA	NA	NA	NA	NA	NA	NA	NA
NA	0.452710623625556	NA	0.367803583590856	NA	0.938162392754469	1.09427976003335	NA	1.17676690465422	0.693371242343024	0.921018929755589	0.524852649758628	0.514517210300031	0.314551627883823	0.566666176414786	NA	0.608599591407947	NA	0.387675728157599	0.175712881748143	NA	NA	0.291618233226316	0.269672052748612	0.617142906460271	NA	0.273339020089342	0.309332460276943	0.442452001214673	NA	0.52592254215301	0.82762924210901	0.762600638672059	1.04771435545523	NA	NA	0.819037128947468	1.14618963535658	NA	NA
NA	0.712920856972485	0.595043189502031	NA	0.6178530334601	NA	0.698156298954846	NA	NA	0.496549391133873	NA	NA	0.285233489830997	NA	NA	NA	NA	NA	NA	0.681011957040609	NA	0.265190816877632	0.57476348587243	0.294734237036118	0.220927213376204	NA	NA	1.15324496847374	NA	NA	0.427796699371098	NA	0.258475931895172	0.777948991365445	NA	NA	NA	NA	NA	NA
NA	NA	NA	NA	NA	NA	NA	NA	NA	NA	NA	NA	NA	NA	NA	NA	NA	NA	NA	NA	NA	NA	NA	NA	NA	NA	NA	NA	NA	NA	NA	NA	NA	NA	NA	NA	NA	NA	NA	NA
NA	NA	NA	NA	NA	NA	NA	NA	NA	NA	NA	NA	NA	NA	NA	NA	NA	NA	NA	NA	NA	NA	NA	NA	NA	NA	NA	NA	NA	NA	NA	NA	NA	NA	NA	NA	NA	NA	NA	NA
NA	NA	NA	NA	NA	NA	NA	NA	NA	NA	NA	NA	NA	NA	NA	NA	NA	NA	NA	NA	NA	NA	NA	NA	NA	NA	NA	NA	NA	NA	NA	NA	NA	NA	NA	NA	NA	NA	NA	NA
NA	NA	NA	NA	NA	NA	NA	NA	NA	NA	NA	NA	NA	NA	NA	NA	NA	NA	NA	NA	NA	NA	NA	NA	NA	NA	NA	NA	NA	NA	NA	NA	NA	NA	NA	NA	NA	NA	NA	NA
NA	NA	NA	NA	NA	NA	NA	NA	NA	NA	NA	NA	NA	NA	NA	NA	NA	NA	NA	NA	NA	NA	NA	NA	NA	NA	NA	NA	NA	NA	NA	NA	NA	NA	NA	NA	NA	NA	NA	NA
NA	NA	NA	NA	NA	NA	1.342139722115	NA	NA	NA	NA	NA	1.45124729988871	NA	1.13225126186354	0.866437701772147	0.942944646760737	NA	NA	0.387520160391953	NA	NA	NA	NA	NA	NA	NA	NA	NA	NA	NA	NA	NA	NA	NA	1.3797983358715	NA	NA	NA	NA
NA	NA	NA	NA	NA	NA	NA	NA	NA	NA	NA	NA	NA	NA	NA	NA	NA	NA	NA	NA	NA	NA	NA	NA	NA	NA	NA	NA	NA	NA	NA	NA	NA	NA	NA	NA	NA	NA	NA	NA
NA	0.691525021014713	NA	NA	NA	NA	0.898777419742081	1.120975071798	NA	NA	1.5998293361909	1.01960926650167	NA	1.41786013392619	NA	NA	1.18004234740242	NA	NA	NA	NA	NA	1.0214096215953	NA	NA	NA	0.795400928529822	NA	1.22763605863106	NA	NA	NA	NA	1.5269170689352	1.59483702607579	1.78165937730557	1.57155405218518	NA	NA	NA
1.68916516374142	1.53672048856262	1.5075466234728	NA	NA	1.1322434958105	1.62750755607823	0.995224485315054	0.907536880317312	0.710436829211837	0.870882367090341	0.84615244044029	0.962873488393675	0.956637909970432	0.815186485986267	0.568010888737909	0.341911794298666	0.529084919011659	1.02909748021357	0.469248679727694	NA	NA	0.354354415221872	0.442462992272681	0.572782274328833	0.979301423812326	NA	0.772431793998996	NA	1.04376552051977	1.03956182933419	NA	1.2648103844385	2.80984614063693	1.44066499355049	NA	NA	NA	NA	NA
NA	NA	NA	NA	NA	NA	NA	NA	NA	NA	NA	NA	NA	NA	NA	NA	NA	NA	NA	NA	NA	NA	NA	NA	NA	NA	NA	NA	NA	NA	NA	NA	NA	NA	NA	NA	NA	NA	NA	NA
NA	NA	NA	NA	1.61553177316341	NA	0.918622636758436	NA	NA	1.22189106786057	0.697936810981742	1.71421049095724	0.693026948606406	0.968489505380184	1.33200604951897	NA	1.45536993381472	1.7609126552961	NA	1.83779047808006	NA	1.75264490452824	NA	NA	NA	1.79536019007331	NA	1.44330057728553	NA	NA	1.73945180818981	1.36865711244897	1.27633312338846	1.25391918463613	1.39874001767172	1.0400141331338	1.55544986933397	NA	NA	NA
NA	NA	NA	NA	NA	NA	NA	NA	NA	NA	NA	NA	NA	NA	NA	NA	NA	NA	NA	NA	NA	NA	NA	NA	NA	NA	NA	NA	NA	NA	NA	NA	NA	NA	NA	NA	NA	NA	NA	NA
0.897634060717947	NA	NA	1.02137739745372	NA	0.804656448123573	1.05378558131733	NA	0.997633796361551	1.28159478437149	NA	0.835184321696131	0.908591593463451	0.910893866394548	0.989153069629808	0.940253263422343	0.378208860694753	NA	0.546013961710714	0.323306824082131	NA	0.272025512274154	0.485279834091271	0.527590997153227	0.631269428301373	0.909157299065532	0.414908161336357	0.964813272167678	NA	0.969833660449171	1.18866224154804	NA	0.889654661096302	0.873597460214494	NA	2.17008063361906	NA	1.49898852825795	0.580580017664603	0.639865078721742
0.729724837592259	0.945094944091942	0.967894573900384	1.05528288094602	NA	0.744119185128573	1.17532634497523	NA	0.710861081016369	0.745819704487317	0.917265806137053	NA	0.564362749043582	0.773157031358792	0.25461580919969	NA	0.341515531586142	0.57139142801903	0.99693983216096	0.247738835886545	NA	NA	0.711281924585222	0.847399947111923	0.872429526510304	1.26261146624677	1.07328625648073	1.40555607146288	1.19470489416406	0.989594579054215	NA	1.34220036381205	0.880007514888894	1.37967179855208	1.26223531817705	NA	1.27224345408783	1.22037802149715	NA	NA
NA	NA	NA	NA	0.858973772102744	1.10687253437612	0.763770403700829	0.86165256706486	NA	0.919243516123879	0.983355072087616	NA	1.70138842998404	NA	NA	NA	NA	NA	1.05369481991416	0.274233413468649	NA	0.195988330233939	0.157180562358805	0.470749629553568	1.12844277797445	NA	NA	1.54189109013659	NA	0.849666863950073	NA	0.589494115705342	0.881576395542175	NA	NA	0.855337489023332	1.89495053910458	0.85650182136559	1.35422009729984	1.09941850386086
NA	NA	NA	NA	NA	NA	NA	NA	NA	NA	NA	NA	NA	NA	NA	NA	NA	NA	NA	NA	NA	NA	NA	NA	NA	NA	NA	NA	NA	NA	NA	NA	NA	NA	NA	NA	NA	NA	NA	NA
NA	0.282441089908043	0.564364267366266	1.61546199666519	NA	NA	NA	0.280321569334809	NA	NA	NA	0.502227092692074	NA	NA	0.244591926193463	0.510638423769722	NA	NA	NA	0.180894602702164	NA	0.695795386607352	0.68351939009481	0.60163487549317	0.318425643296569	0.209487502840844	0.554839970538474	0.773353156370505	NA	0.384213227679686	1.01776434082586	0.636425110590587	1.03963091587508	0.943541773087787	NA	1.0291591123203	0.480157722581326	NA	0.726487580186099	NA
NA	NA	NA	NA	NA	NA	NA	NA	NA	NA	NA	NA	NA	NA	NA	NA	NA	NA	NA	NA	NA	NA	NA	NA	NA	NA	NA	NA	NA	NA	NA	NA	NA	NA	NA	NA	NA	NA	NA	NA
NA	NA	NA	NA	NA	NA	NA	NA	NA	NA	NA	NA	NA	NA	NA	NA	NA	NA	NA	NA	NA	NA	NA	NA	NA	NA	NA	NA	NA	NA	NA	NA	NA	NA	NA	NA	NA	NA	NA	NA
NA	2.84825368634207	0.680144844192654	NA	NA	0.507680170336607	0.358302499568005	0.533476696849775	0.362816274134044	NA	0.353372595529947	0.981142059249813	NA	NA	0.231666138987609	NA	0.949294561880612	0.41375965758943	0.337211094029411	0.577860950265986	NA	NA	0.276331281784253	NA	NA	NA	NA	NA	NA	NA	NA	0.557631282531619	NA	NA	1.40985045984527	NA	NA	0.774153592217215	NA	NA
NA	NA	0.457711933527022	NA	NA	NA	0.729161500807514	NA	NA	NA	0.254086757568148	NA	0.687552839581426	0.794079562574736	0.621874749714753	NA	NA	NA	NA	NA	NA	NA	0.525369030449374	NA	NA	NA	NA	NA	0.754349264586094	NA	0.770933948625416	NA	NA	NA	NA	NA	2.33550487035078	NA	NA	NA
NA	NA	NA	NA	NA	NA	NA	NA	NA	NA	NA	NA	NA	NA	NA	NA	NA	NA	NA	NA	NA	NA	NA	NA	NA	NA	NA	NA	NA	NA	NA	NA	NA	NA	NA	NA	NA	NA	NA	NA
NA	NA	NA	NA	NA	1.47936920580149	0.908218933348958	NA	NA	NA	NA	NA	NA	NA	NA	NA	NA	NA	NA	NA	NA	0.25231873004299	NA	NA	0.297032205631346	1.30862272577253	NA	NA	0.384889477162162	NA	NA	0.512772683068102	NA	NA	NA	NA	NA	NA	NA	NA
NA	NA	1.32263388616104	NA	NA	0.802606690976383	NA	1.5596182316294	0.650805027771638	NA	NA	0.295253140022365	NA	0.279254662638947	NA	NA	0.396460966563069	0.172860757257876	NA	0.375817756791298	NA	0.578643849017233	0.392282002559847	0.45933487520164	0.557566846578743	0.905327954408077	0.633871536680267	0.784892111991436	NA	NA	1.23887247867151	0.734603862639931	0.417856064052106	0.720352329743591	0.587944615641554	0.816438558893293	0.969116032620277	NA	NA	0.225236432537953
NA	NA	NA	NA	NA	NA	NA	NA	NA	NA	NA	NA	NA	NA	NA	NA	NA	NA	NA	NA	NA	NA	NA	NA	NA	NA	NA	NA	NA	NA	NA	NA	NA	NA	NA	NA	NA	NA	NA	NA
0.40513918066734	1.99310035147066	NA	NA	NA	1.79340760100014	0.569824808524467	0.433910485825223	1.19767855771672	1.49028500469872	0.62173719804401	0.645856884029674	0.57215063877323	0.548989681102906	0.888183785040846	0.308545769552575	0.469002135343715	NA	2.37976991026949	0.334332472405049	NA	NA	NA	1.22065718117727	1.77580369659464	0.728772990202263	1.41900765189909	0.927743607676008	1.55267965498497	1.77825129274903	0.713214280890821	NA	0.462129393163128	NA	NA	1.1891594412098	1.21425568314887	1.03664244955733	1.08090288745094	1.20460188426592
NA	NA	0.363753026611442	NA	1.31923366798831	NA	0.512664121744367	0.405069021258024	NA	0.567124768003542	0.471889601131588	NA	0.68930999555298	NA	0.478691513747395	0.416055741446905	1.86643390671288	0.564098413275341	1.14684553360589	0.438232581982549	NA	1.35302130454927	1.36023734317178	1.34986253238707	0.541199574762293	1.60979820702552	1.44619787109025	0.446544778773028	1.30987714024715	0.650455374412311	NA	1.48965659828617	1.24363726808275	0.649280670021191	NA	NA	NA	1.5143178684817	NA	NA
NA	NA	NA	NA	NA	NA	NA	NA	NA	NA	NA	NA	NA	NA	NA	NA	NA	NA	NA	NA	NA	NA	NA	NA	NA	NA	NA	NA	NA	NA	NA	NA	NA	NA	NA	NA	NA	NA	NA	NA
NA	1.04728922455625	NA	NA	NA	1.1517735399366	1.12378926171318	0.784166123544063	NA	NA	1.91849566523371	0.701825641000195	0.508377528392074	0.52861695401363	NA	NA	2.58124046237449	0.493604597279224	0.353653912521039	0.275012913073843	NA	0.293196489091109	0.337157013523819	0.460850438485871	0.767729393387374	0.954106598502176	NA	0.771542458526261	1.79302193828897	1.13592022725881	1.50836167418489	1.73425898009443	NA	2.32644174139618	1.9392076849198	NA	2.01123490871887	NA	NA	NA
NA	1.21451931059148	1.43221168398024	1.64014416165541	1.59193168060407	1.24051997196108	3.13891481811624	NA	NA	1.70918236655285	1.7010593307632	1.56174813376229	1.39874390201315	2.04811024017233	3.03339366575828	2.67374360166596	1.2811186567385	NA	2.83245749667602	NA	NA	0.42690437454052	0.754245044874531	NA	3.13189185448029	NA	1.28473658381088	NA	1.57077560904375	1.33691408759596	0.94868954373402	1.35016219237104	3.09225873219097	2.5662536386201	NA	1.80120098061649	NA	1.52234087491978	1.37032218515119	1.79951392110086
NA	NA	0.845608403168453	NA	NA	NA	0.452476077859726	0.85732368054324	0.72134007796331	NA	NA	0.733102196870746	0.820533116783694	0.484162219362341	0.641391238441414	NA	0.450502025990196	NA	NA	1.57932453300665	NA	NA	NA	NA	1.19761839422509	NA	NA	NA	NA	0.499275273898723	0.124852550109236	1.37008497554555	1.08647871259297	1.25291286811229	0.280003798993959	1.62832763542002	0.775737922295845	NA	1.21815902078079	1.38259745267825
NA	NA	NA	NA	NA	NA	NA	NA	NA	NA	NA	NA	NA	NA	NA	NA	NA	NA	NA	NA	NA	NA	NA	NA	NA	NA	NA	NA	NA	NA	NA	NA	NA	NA	NA	NA	NA	NA	NA	NA
NA	NA	NA	NA	NA	1.14872774397813	NA	NA	NA	NA	NA	NA	NA	NA	0.498207654065964	NA	NA	NA	NA	NA	NA	NA	0.417585916192659	0.576582078899295	0.500582590419009	NA	NA	NA	1.23886223758736	NA	NA	NA	NA	1.37712781384049	NA	NA	NA	1.20005985108263	NA	NA
NA	NA	1.20530990349064	NA	NA	1.594873325667	NA	0.233957961008782	1.56121996512307	0.407499637198156	NA	2.76278668460382	0.950482741752842	2.19055682048762	NA	0.288755164680906	2.44094191754862	0.494523348814287	1.0835684763163	2.4960672635988	NA	NA	0.353554709465149	0.448554207928985	0.712173287311728	NA	1.55291413274077	0.696130318032822	1.15324095288052	1.12906587452513	0.992794216170278	1.53462354374122	2.13396914390655	NA	NA	NA	NA	2.36422847482079	1.7565418878851	2.01550906542453
NA	NA	NA	NA	NA	NA	NA	NA	NA	NA	NA	NA	NA	NA	NA	NA	NA	NA	NA	NA	NA	NA	NA	NA	NA	NA	NA	NA	NA	NA	NA	NA	NA	NA	NA	NA	NA	NA	NA	NA
0.342641134458581	NA	NA	NA	NA	0.750785077220364	NA	0.802994789220017	1.35889203431122	NA	NA	NA	0.456580242405452	NA	0.901202120974657	1.19057747185741	1.14297034456308	0.819920427917956	NA	0.643580194570879	NA	1.44800158915906	NA	1.59471818218679	1.45772704168447	1.53798938871775	1.50362332202212	1.83315104032992	1.84015939788051	1.64577452520102	NA	1.88444112870585	1.75650782183542	NA	2.10344382639812	NA	NA	NA	NA	NA
NA	NA	NA	NA	NA	NA	NA	NA	NA	NA	NA	NA	NA	NA	NA	NA	NA	NA	NA	NA	NA	NA	NA	NA	NA	NA	NA	NA	NA	NA	NA	NA	NA	NA	NA	NA	NA	NA	NA	NA
0.633138834712485	NA	1.40592855991626	NA	0.548452138444461	0.404430412471788	0.69033958728629	NA	NA	NA	NA	0.665376367891904	0.679727099450599	NA	0.631356400046158	NA	NA	1.37695309124967	NA	0.568419434146466	NA	0.201495516519884	0.684402430605201	0.373272604746606	0.516156256422024	NA	1.20975021624995	0.773305171350932	NA	1.20949108207473	NA	0.437147100005433	0.708709018324332	NA	NA	NA	NA	NA	1.08553379510531	0.845347441528124
NA	NA	1.36698109205437	NA	NA	1.38086885653415	1.00539153000056	NA	NA	NA	NA	NA	NA	NA	1.59682737933327	NA	0.983309129389594	NA	NA	NA	NA	0.733143154023732	NA	NA	0.295470712218533	NA	NA	NA	NA	NA	NA	1.34251039354658	1.2142747281966	1.17647351438753	NA	NA	NA	NA	NA	1.07721457085481
NA	NA	NA	NA	NA	NA	NA	NA	NA	NA	NA	NA	NA	NA	NA	NA	NA	NA	NA	NA	NA	NA	NA	NA	NA	NA	NA	NA	NA	NA	NA	NA	NA	NA	NA	NA	NA	NA	NA	NA
NA	NA	NA	NA	NA	NA	NA	NA	NA	NA	NA	NA	NA	NA	NA	NA	NA	NA	NA	NA	NA	NA	NA	NA	NA	NA	NA	NA	NA	NA	NA	NA	NA	NA	NA	NA	NA	NA	NA	NA
1.97491724634909	NA	1.74200472842148	NA	1.22042678473553	1.28366809025684	0.531448157434859	1.02543092693119	NA	1.19075972693661	0.938972805024224	1.0303411511471	NA	1.39142785596253	1.2758661131272	NA	NA	NA	1.1736127613596	1.76136106042062	NA	0.144325068168458	1.09146313567882	NA	1.15788240690188	0.778064202070296	0.595924700895526	1.34020927557575	1.31826812497574	1.33436424841494	NA	NA	NA	NA	NA	1.72278157413936	1.91239983147151	NA	2.07772130730549	NA
NA	NA	NA	NA	1.46926274976027	NA	0.612772850940907	0.175737503892146	NA	1.12720782349356	0.688150682459068	0.435365178947386	0.452379186566756	NA	0.355768420252057	0.44189871518489	0.437155725739259	0.722280725586407	1.05501505988601	0.396343599171649	NA	0.951876586380107	0.122759795676796	NA	NA	NA	1.11793502999107	0.531445409170393	0.675048275081965	NA	0.98822115183577	NA	0.634447823408721	0.766786534439676	NA	NA	1.16482212311079	0.589439060472355	1.15921165967076	1.03790627151071
NA	NA	NA	NA	NA	NA	NA	NA	NA	NA	NA	NA	NA	NA	NA	NA	NA	NA	NA	NA	NA	NA	NA	NA	NA	NA	NA	NA	NA	NA	NA	NA	NA	NA	NA	NA	NA	NA	NA	NA
0.942373730579295	0.611990583046799	1.08179106396479	0.895988088363705	0.784078740676423	1.14739485584129	0.732371864191178	1.14083669206745	1.41086585031456	1.26562439428222	0.703129494996816	0.926158615380019	0.795912448317798	0.448527514232491	0.680508951940753	0.658139619851566	0.694027939885239	0.51634089030393	0.353253037397199	0.233488394274412	NA	0.631559506632272	0.264354342896469	0.208086038970438	0.396679914838899	0.589167632670254	0.739728700754556	0.612673018380971	0.655993684768106	0.648687875795952	0.869118530455926	0.924171754194699	0.962045620337899	0.758973073933049	0.836749675883206	0.622175494679184	0.439238828483096	0.699228596966151	0.635827164131459	0.6862650379349
NA	NA	NA	NA	NA	NA	NA	NA	NA	NA	NA	NA	NA	NA	NA	NA	NA	NA	NA	NA	NA	NA	NA	NA	NA	NA	NA	NA	NA	NA	NA	NA	NA	NA	NA	NA	NA	NA	NA	NA
NA	0.279135067393712	NA	NA	0.618464452605331	0.270498884229772	0.501251153713797	0.570419576452375	0.400126315461088	0.461691735616604	0.20870712631409	0.421354734608329	NA	1.78796136086447	NA	NA	NA	1.52500038448976	NA	NA	NA	NA	NA	NA	1.20735529247882	NA	NA	NA	1.7123671283155	NA	1.57033008701315	1.71948444794193	2.16457786211706	NA	NA	NA	NA	NA	NA	NA
NA	NA	NA	NA	NA	NA	NA	NA	NA	NA	NA	NA	NA	NA	NA	NA	NA	NA	NA	NA	NA	NA	NA	NA	NA	NA	NA	NA	NA	NA	NA	NA	NA	NA	NA	NA	NA	NA	NA	NA
0.966981735846635	NA	1.3659317859365	1.03398426195595	0.797846286585261	1.17705340746392	NA	NA	1.11321553430659	NA	NA	NA	NA	NA	NA	0.462520789180459	0.793911791773543	1.04879513179717	NA	0.332161100790785	NA	0.832825188027114	0.591595071450742	NA	0.302550979387585	0.280675827764188	0.557846528138646	0.2924635980603	0.159518762353002	NA	0.311716409380818	NA	NA	NA	NA	NA	0.598760607057955	1.18854871035198	1.30543950564293	1.0241553016385
NA	NA	1.73679069356472	NA	1.19680902006935	0.768633937093861	0.501579917100329	0.64635147984705	0.613429742684807	0.644675039861537	NA	0.484694622592329	NA	0.669249930654304	1.94354524012816	NA	0.408957176110362	NA	NA	0.560634640678003	NA	0.43194603903379	0.426326952910021	0.291159076774803	1.43173124208679	NA	NA	NA	0.42960184443577	0.335305895511492	NA	NA	NA	NA	NA	1.19460653794918	1.11346007368055	NA	NA	0.992953960519112
NA	NA	NA	NA	NA	NA	NA	NA	NA	NA	NA	NA	NA	NA	NA	NA	NA	NA	NA	NA	NA	NA	NA	NA	NA	NA	NA	NA	NA	NA	NA	NA	NA	NA	NA	NA	NA	NA	NA	NA
NA	NA	NA	NA	NA	NA	NA	NA	NA	NA	NA	NA	NA	NA	NA	NA	NA	NA	NA	NA	NA	NA	NA	NA	NA	NA	NA	NA	NA	NA	NA	NA	NA	NA	NA	NA	NA	NA	NA	NA
NA	1.15245658250224	1.50188034265337	NA	0.772538720867186	0.755761689944753	0.577060608437553	0.788868679754098	1.37881995488394	1.22781499704245	0.97613010944918	0.79660257967888	0.803435134483133	0.932344091252951	1.21830444047097	1.10801558287234	1.30272398942663	0.891607464241394	2.01262586306505	NA	NA	1.76493637696667	NA	0.85152995994561	0.951689378967008	NA	1.07554218398337	1.28294633480853	1.37258258817871	NA	NA	0.860288204604324	1.01274278585363	1.32874085173153	1.35187184835612	1.1277161799226	NA	1.49580122927251	1.86520030155854	0.487250547249559
NA	NA	NA	NA	NA	0.553482145376644	0.239492989163094	1.24387779346703	1.03344289808796	NA	1.54232730544548	NA	1.49303935339423	0.876862147060335	0.802952975703941	NA	0.994859703901364	NA	0.994708079687151	0.383681781039794	NA	0.117326669677781	0.657885458436216	0.742419699458628	0.924083753466585	1.23685191166458	0.80284284273186	0.654076547521615	1.21205116286154	1.25283317405338	1.4388572016417	1.32627192001678	1.47680374874824	1.68158787017744	1.35276214927137	1.251019641472	1.7115201351972	1.49448317346323	1.47881263907637	2.17106488126782
1.05851314465391	1.76947770497709	NA	NA	NA	NA	1.64057952562376	NA	1.65692395233537	0.67334802844979	NA	0.424278154761515	NA	NA	1.13364365294528	NA	NA	0.844114114453852	NA	0.427194006003008	NA	0.823953791164796	NA	0.401849403703818	NA	NA	NA	0.497892700292182	NA	1.85775629698117	0.480907982105941	NA	NA	1.27876780717165	NA	NA	1.18710166362322	NA	1.00113776198327	1.35187036746471
NA	0.802671473020387	NA	1.18796780227213	NA	NA	NA	NA	NA	NA	NA	NA	NA	0.574403369250197	NA	0.0715068350837095	1.3876392924474	NA	NA	NA	NA	NA	0.34407921198338	0.813892153373723	0.725695144104692	NA	0.879453634112138	0.749316958629632	0.634247894075634	0.558834615164041	0.635273057794469	0.821442583782236	0.499758435722839	0.604051820606159	NA	NA	NA	0.504612159977744	NA	0.700995606706937
NA	NA	NA	NA	NA	NA	NA	NA	NA	NA	NA	NA	NA	NA	NA	NA	NA	NA	NA	NA	NA	NA	NA	NA	NA	NA	NA	NA	NA	NA	NA	NA	NA	NA	NA	NA	NA	NA	NA	NA
NA	1.89865837638055	NA	NA	1.80411787852707	1.69016008201534	NA	1.79257406598244	1.67442234496235	1.51044157228507	NA	1.4383666853967	0.861082335076912	1.38769984247811	0.805181933602619	NA	0.540524281679383	0.646201973651473	NA	0.469571770568049	NA	0.836617274603019	0.684693260840032	NA	0.502952896075836	NA	0.488034376703874	0.493294548961646	0.265021819602788	NA	0.544321653696719	0.524820232656824	0.442863363724965	1.03223702824194	NA	0.772752411176335	NA	NA	0.550130938947512	NA
NA	NA	NA	NA	NA	NA	NA	NA	NA	NA	NA	NA	NA	NA	NA	NA	NA	NA	NA	NA	NA	NA	NA	NA	NA	NA	NA	NA	NA	NA	NA	NA	NA	NA	NA	NA	NA	NA	NA	NA
NA	1.03821378706385	1.17968895235056	NA	1.36571989508264	1.13887361421099	0.850801554834667	1.05851942705285	NA	NA	NA	NA	1.0027025633325	NA	0.946917848981917	NA	0.518069251841884	0.601731869549706	NA	0.496073911022564	NA	NA	NA	NA	1.28733862603794	NA	NA	NA	NA	NA	NA	NA	NA	NA	NA	NA	NA	NA	NA	NA
NA	2.12868147543243	NA	NA	NA	NA	0.52016569156794	NA	NA	NA	NA	0.22890051894558	NA	1.42206776442173	NA	NA	NA	NA	NA	NA	NA	1.97843811710124	1.27980171308509	1.66567511185021	0.154245650140283	NA	0.37553770001015	1.0377953161367	1.30490019020424	1.3261970997298	1.24557884679244	1.01686210061716	1.14889348520209	1.11081557728627	0.780465171184508	0.543362061845413	1.14589280392291	NA	0.715185838214488	1.04560216336044
NA	NA	NA	NA	NA	NA	NA	NA	NA	NA	NA	NA	NA	NA	NA	NA	NA	NA	NA	NA	NA	NA	NA	NA	NA	NA	NA	NA	NA	NA	NA	NA	NA	NA	NA	NA	NA	NA	NA	NA
NA	NA	NA	NA	1.61935011535234	1.3072021749101	NA	0.762149610099531	NA	1.21138392006763	0.789901986642544	1.34509827172436	1.11556627785668	NA	0.37335807755591	NA	0.894621026599968	NA	NA	0.462532809880232	NA	NA	2.60847750637329	0.790333689704003	0.485351998001915	0.625370570189149	0.727395627655966	1.50083246159863	1.39362601555159	NA	1.33104948122	0.225655973462509	0.317134693051001	NA	1.36133154651606	0.626313497960904	NA	NA	1.45050503499884	1.05271664478153
NA	0.147643226071914	0.820572251141906	NA	0.133251394575981	NA	0.230937627757038	1.3466377733185	0.819233377712437	0.667906580683106	0.419428519698617	0.363657905198499	NA	0.641340962843173	0.666435184449826	NA	0.724720024422934	0.945170575715391	NA	NA	NA	0.345165110572807	NA	0.240083633994772	NA	0.447863056466446	NA	NA	NA	0.576666812500624	NA	0.950402251200681	0.753087651474099	0.713373059810633	NA	NA	0.773805324605483	NA	NA	NA
2.72140261100597	NA	2.22185002722546	NA	NA	1.73006877210627	1.58775628748064	NA	1.94314693728928	0.513674292516766	1.73909694822407	1.38420196915307	1.76761261126193	2.06131008540122	1.89664569450383	0.373050569509318	1.27224774073903	0.768892998995389	NA	NA	NA	NA	0.900856543074978	NA	0.801365384339454	0.933976953751988	NA	NA	NA	1.472604827909	1.39260274501374	NA	1.51698258374253	1.95656469372121	NA	1.42878362819132	1.01188102155018	1.44074748828217	1.25737477975277	NA
NA	0.832010083207586	NA	NA	0.976812040255609	NA	NA	NA	NA	NA	NA	0.922859242283329	1.0362142049947	NA	0.731930425476648	NA	NA	NA	NA	0.968647251246287	NA	NA	0.473905409561524	NA	0.859268531712831	NA	0.500516282990768	NA	NA	NA	NA	NA	1.39585855878117	NA	NA	NA	1.64400142488148	NA	NA	NA
NA	NA	NA	NA	NA	NA	NA	NA	NA	NA	NA	NA	NA	NA	NA	NA	NA	NA	NA	NA	NA	NA	NA	NA	NA	NA	NA	NA	NA	NA	NA	NA	NA	NA	NA	NA	NA	NA	NA	NA
0.698552009345387	0.944857066458571	0.583175745512907	NA	0.967001057407063	0.278781602707642	1.01509799616726	1.45145455125045	0.214096254350905	0.776256693214733	NA	0.434089391948581	0.517106687379102	1.49389026428143	0.751147717890272	1.42593227847873	NA	NA	0.239891713936561	0.254871544930721	NA	0.195003480164418	NA	NA	NA	NA	1.26751051973574	NA	1.41534509779425	0.271364832311111	NA	0.6649876570797	NA	NA	NA	0.691628615429727	0.583967771039032	NA	0.598548266680833	NA
NA	NA	NA	NA	NA	NA	NA	NA	NA	NA	NA	NA	NA	NA	NA	NA	NA	NA	NA	NA	NA	NA	NA	NA	NA	NA	NA	NA	NA	NA	NA	NA	NA	NA	NA	NA	NA	NA	NA	NA
NA	0.655258925465369	0.260735930608756	NA	0.310455752611773	NA	NA	NA	0.719334088989764	0.339133039979848	NA	NA	NA	NA	NA	NA	NA	NA	NA	NA	NA	NA	NA	NA	NA	NA	NA	NA	1.29491916561837	NA	NA	1.06885773856947	NA	1.52796963281016	NA	NA	NA	NA	NA	NA
NA	NA	NA	NA	NA	NA	NA	NA	NA	NA	NA	NA	NA	NA	NA	NA	NA	NA	NA	NA	NA	NA	NA	NA	NA	NA	NA	NA	NA	NA	NA	NA	NA	NA	NA	NA	NA	NA	NA	NA
0.805600042019293	1.16697442098526	NA	1.65855369497577	NA	NA	NA	NA	NA	NA	NA	NA	NA	1.17662332068476	1.35474472600036	NA	NA	NA	NA	NA	NA	0.114121572368654	0.34151305839899	NA	1.47231874196939	0.909750094137755	1.97495879918552	0.700851836613535	0.858725199961486	NA	0.953583716933493	NA	0.776988503191678	1.49918868405017	NA	2.00429937105102	NA	1.68247575583757	1.46762194358972	NA
NA	NA	0.372124820134059	0.454546697602323	NA	0.370359153207039	0.575710640433171	NA	0.320685587659666	0.387583413106562	NA	NA	NA	0.593648259773133	0.583455350485952	NA	0.196356013489729	0.272382567235301	0.256656588058975	NA	NA	NA	0.678445068517663	NA	NA	NA	NA	NA	0.693688218934706	NA	NA	1.06006419293837	NA	NA	NA	1.5157937079158	NA	NA	NA	NA
0.513310788257829	NA	NA	0.38141957936985	NA	NA	0.595344356532989	0.569457991107069	1.61848163889699	0.64000076960272	0.796606923041011	0.363189595225821	1.1461951953404	NA	0.743300577628435	NA	0.896357471793509	1.45602396059649	NA	0.773538734308941	NA	0.463508284384011	1.16103199601013	0.317089914147802	0.401429067455738	NA	0.983824551260668	1.14245871939079	NA	0.461703569785954	0.427889461940089	NA	0.485935353198223	0.853539896365761	NA	NA	1.11372394122997	NA	1.17350247630922	1.06727728172545
NA	NA	NA	NA	NA	NA	NA	NA	NA	NA	NA	NA	NA	NA	NA	NA	NA	NA	NA	NA	NA	NA	NA	NA	NA	NA	NA	NA	NA	NA	NA	NA	NA	NA	NA	NA	NA	NA	NA	NA
NA	1.72719540302881	1.95249023001207	NA	1.21434717755194	1.01562013536621	0.979772706293873	1.12986732859319	1.719900342137	NA	0.621615724537689	0.614087705873084	0.799334793661164	1.71153023237196	2.11622366414707	0.659513970479965	0.599726907484345	0.0437955602797185	NA	0.530502239672712	NA	0.406468253684829	NA	0.502604341871162	0.784301802573616	0.468818583757806	0.533616263291468	NA	NA	NA	NA	0.957122458416308	0.596403180697669	0.463367392740292	NA	1.59963082733194	NA	NA	1.14865899639163	NA
NA	NA	NA	NA	NA	NA	NA	NA	NA	NA	NA	NA	NA	NA	NA	NA	NA	NA	NA	NA	NA	NA	NA	NA	NA	NA	NA	NA	NA	NA	NA	NA	NA	NA	NA	NA	NA	NA	NA	NA
NA	NA	NA	NA	0.880904123242802	NA	NA	NA	0.825279551008071	0.994937046004907	NA	1.11129040932795	NA	NA	NA	NA	NA	NA	0.377966071456618	0.0842526267199227	NA	0.577623501065404	0.351418252298781	0.90275992363973	0.704210176752747	NA	0.924993889894125	NA	NA	NA	1.70548405991548	NA	1.56254899511411	1.6458189311972	NA	1.74038426012682	1.52375452459653	NA	1.69538150803737	1.46949242461296
NA	NA	NA	NA	NA	NA	NA	NA	NA	NA	NA	NA	NA	NA	NA	NA	NA	NA	NA	NA	NA	NA	NA	NA	NA	NA	NA	NA	NA	NA	NA	NA	NA	NA	NA	NA	NA	NA	NA	NA
NA	NA	NA	NA	NA	NA	NA	NA	NA	NA	NA	NA	NA	NA	NA	NA	NA	NA	NA	NA	NA	NA	NA	NA	NA	NA	NA	NA	NA	NA	NA	NA	NA	NA	NA	NA	NA	NA	NA	NA
NA	NA	NA	NA	NA	NA	NA	NA	NA	NA	NA	NA	NA	NA	NA	NA	NA	NA	NA	NA	NA	NA	NA	NA	NA	NA	NA	NA	NA	NA	NA	NA	NA	NA	NA	NA	NA	NA	NA	NA
1.23200822831309	NA	1.4700661457241	NA	NA	NA	2.08817115292943	1.1921306000307	0.643160705341498	0.429027614707713	2.07542943024007	1.09559724768227	NA	1.58181140854488	NA	NA	2.16282714257885	NA	NA	0.176519299561167	NA	0.163889616051095	0.562002437788611	0.498397739700537	2.09446212392683	NA	NA	0.499379019351074	NA	1.77654896924668	2.55002936713425	0.565239768640832	0.618926960111597	NA	NA	2.31665268574281	1.45348452920606	1.73375482312868	NA	1.64937519757954
NA	NA	NA	NA	NA	NA	NA	NA	NA	NA	NA	NA	NA	NA	NA	NA	NA	NA	NA	NA	NA	NA	NA	NA	NA	NA	NA	NA	NA	NA	NA	NA	NA	NA	NA	NA	NA	NA	NA	NA
NA	NA	NA	NA	NA	NA	NA	NA	NA	NA	NA	NA	NA	NA	NA	NA	NA	NA	NA	NA	NA	NA	NA	NA	NA	NA	NA	NA	NA	NA	NA	NA	NA	NA	NA	NA	NA	NA	NA	NA
NA	NA	NA	0.780196257891945	0.472643220887142	1.32171373209794	NA	NA	NA	0.600994823428216	1.07367189357064	0.3443132131899	NA	1.19862141782867	1.1095459927258	0.799117825234479	1.44981868971426	NA	NA	0.21131944431788	NA	NA	1.00399137850385	1.2583666166613	1.47532235651603	1.47686035411868	0.930215985410643	0.420117782101851	NA	NA	1.0248743521931	1.28143317442897	0.827011544575781	NA	0.797761304586791	1.13777354302571	1.69285510988226	NA	0.551041038830556	1.12078867316625
NA	NA	0.573923344453105	NA	1.45655575135427	0.864267797380462	NA	NA	1.75268257703148	1.3259085713323	1.23927759230105	1.58073339584125	NA	NA	0.347402121376004	1.54286231557636	NA	0.332387798634681	NA	0.166159188458237	NA	NA	1.75833478438349	1.52329577640344	1.31998453373907	0.818969851921757	NA	NA	0.229823769571654	NA	0.173766637340592	0.173026710593602	0.246092917996714	0.535460481278368	NA	NA	0.488626418816375	0.289763880456707	0.293173699764393	0.245009687345992
NA	0.387003660283902	NA	NA	0.638154948876108	NA	0.764027980617869	NA	NA	NA	NA	0.968802478691736	0.27268434895554	1.13939617388226	0.793446289110002	0.370993932201446	1.18218995546333	0.685407668435176	NA	0.73046379232136	NA	0.430810756083575	0.688953549114615	0.818932036464308	NA	0.749783342182298	0.478574905758924	0.799422422001093	1.15814319355094	0.68882964763355	0.431671632349847	0.993894822493966	0.441111023332679	NA	NA	0.73024558732135	0.99751116153835	NA	NA	0.696811603908227
0.703165237728728	0.713702422546085	0.713696196234452	NA	0.515976611132415	0.59684502709211	0.922732140283133	NA	0.611379873271768	NA	NA	NA	0.911274239237044	NA	NA	NA	NA	NA	0.692539088822734	0.52082256579255	NA	0.340092785275024	0.476300456334076	0.790528254439818	NA	0.736941533477287	0.538656243572214	NA	NA	NA	NA	0.670974945468192	NA	0.94880524361982	NA	0.982215551495958	NA	NA	NA	NA
0.366966015128448	0.736880512519252	NA	0.863544431641312	0.878522628833421	NA	2.06550816944439	NA	0.901730681450507	1.65843050723509	NA	0.998727313711555	1.14308322499744	NA	NA	1.97574374795982	0.865100368133325	1.16358686133083	0.599802101679822	0.971395687106497	NA	0.555339443237024	0.543630605805753	0.709938062394474	0.58901834612649	0.452529299655916	0.40142770405458	0.390533224787771	0.474015857184764	NA	NA	NA	NA	0.758620625291049	NA	NA	1.00237937291526	NA	0.63571480603068	NA
NA	NA	NA	NA	NA	NA	NA	NA	NA	NA	NA	NA	NA	NA	NA	NA	NA	NA	NA	NA	NA	NA	NA	NA	NA	NA	NA	NA	NA	NA	NA	NA	NA	NA	NA	NA	NA	NA	NA	NA
NA	NA	NA	NA	NA	NA	NA	NA	NA	NA	NA	NA	NA	NA	NA	NA	NA	NA	NA	NA	NA	NA	NA	NA	NA	NA	NA	NA	NA	NA	NA	NA	NA	NA	NA	NA	NA	NA	NA	NA
NA	NA	NA	NA	NA	NA	NA	NA	NA	NA	NA	NA	NA	NA	NA	NA	NA	NA	NA	NA	NA	NA	NA	NA	NA	NA	NA	NA	NA	NA	NA	NA	NA	NA	NA	NA	NA	NA	NA	NA
NA	NA	NA	NA	NA	NA	NA	NA	NA	NA	NA	NA	NA	NA	NA	NA	NA	NA	NA	NA	NA	NA	NA	NA	NA	NA	NA	NA	NA	NA	NA	NA	NA	NA	NA	NA	NA	NA	NA	NA
NA	NA	NA	NA	0.744913413138071	NA	NA	NA	NA	0.728740920633525	NA	NA	0.665291060684673	NA	NA	NA	NA	NA	NA	NA	NA	NA	0.426503881134885	NA	0.492389648768816	NA	NA	0.907352605266541	0.999461559875699	NA	NA	0.802064821011167	NA	NA	NA	NA	NA	NA	NA	NA
NA	NA	NA	NA	NA	NA	NA	NA	NA	NA	NA	NA	NA	NA	NA	NA	NA	NA	NA	NA	NA	NA	NA	NA	NA	NA	NA	NA	NA	NA	NA	NA	NA	NA	NA	NA	NA	NA	NA	NA
NA	NA	0.88319091861635	NA	0.651438190382861	NA	NA	NA	0.904707266779747	NA	NA	NA	NA	NA	NA	NA	NA	NA	0.882164561474565	0.38498538087406	NA	NA	0.772752578263391	0.312638212744052	0.445270091980463	0.548888689614769	NA	0.515404137973599	0.595260894423349	1.19946511055776	0.697531293003437	0.744601999211504	0.990448307981953	0.914487295428975	NA	1.32164186693696	NA	NA	1.26409775437142	NA
NA	NA	NA	NA	NA	NA	NA	NA	NA	NA	NA	NA	NA	NA	NA	NA	NA	NA	NA	NA	NA	NA	NA	NA	NA	NA	NA	NA	NA	NA	NA	NA	NA	NA	NA	NA	NA	NA	NA	NA
NA	NA	NA	2.09356948553244	0.297787562967832	NA	0.208634215894318	0.114957091169545	0.606620068546946	1.86941492230289	0.15867993354092	NA	1.69036254165351	0.728419827878323	0.724416411198445	NA	NA	0.532543581425554	NA	NA	NA	0.438414330108684	0.725118226192752	0.496133654788821	0.420495574191523	NA	0.652488576602523	0.623548216997901	0.628552402430535	NA	NA	NA	NA	0.904249959602008	NA	NA	NA	NA	NA	NA
NA	NA	NA	NA	NA	NA	NA	NA	NA	NA	NA	NA	NA	NA	NA	NA	NA	NA	NA	NA	NA	NA	NA	NA	NA	NA	NA	NA	NA	NA	NA	NA	NA	NA	NA	NA	NA	NA	NA	NA
NA	NA	NA	NA	NA	NA	NA	NA	NA	NA	NA	NA	NA	NA	NA	NA	NA	NA	NA	NA	NA	NA	NA	NA	NA	NA	NA	NA	NA	NA	NA	NA	NA	NA	NA	NA	NA	NA	NA	NA
0.836972503566651	1.03818354773012	0.55192815584765	NA	0.970346909479039	0.720949710161971	1.03540096513491	0.431952397309956	0.516260520530169	1.24248082589744	NA	1.16559190467779	0.410398946049396	0.722656211786055	0.728987362360053	2.53785922194082	NA	0.463257945970272	0.281053607894916	0.339046955169638	NA	0.540289089751935	0.706642826902928	0.597116893742911	0.946139169534986	0.899576148384089	NA	1.223369205689	1.01099282558571	0.368217488465528	1.18012458704449	1.11477637303428	1.52257526353102	NA	1.6157523070249	NA	NA	NA	0.956858429343417	NA
NA	1.42021772027386	1.99097800394193	1.9089171313854	NA	NA	NA	0.844377078892281	1.93884097531716	NA	NA	2.19310300700501	NA	NA	1.65450282326118	NA	1.77090903149839	1.38038210160434	NA	NA	NA	1.69504376666047	0.601836677328971	1.87354566491011	NA	NA	NA	NA	0.366475840111219	NA	1.68525392972267	1.64717568586571	1.80949967718496	1.74312050351528	NA	0.448234848203925	NA	1.35801888580511	NA	0.53276278400609
NA	NA	NA	NA	NA	NA	NA	NA	NA	NA	NA	NA	NA	NA	NA	NA	NA	NA	NA	NA	NA	NA	NA	NA	NA	NA	NA	NA	NA	NA	NA	NA	NA	NA	NA	NA	NA	NA	NA	NA
NA	NA	NA	NA	NA	NA	NA	NA	NA	NA	NA	NA	NA	NA	NA	NA	NA	NA	NA	NA	NA	NA	NA	NA	NA	NA	NA	NA	NA	NA	NA	NA	NA	NA	NA	NA	NA	NA	NA	NA
NA	NA	0.345153832963438	NA	1.14079921346482	2.21005665003252	1.05465736870395	NA	1.24738518300619	1.37227292077077	1.51484284229509	NA	1.11394014098196	NA	1.30688872121031	NA	NA	NA	NA	1.13036521100608	NA	1.35571292320169	NA	NA	0.633722729007999	NA	NA	1.25212018108466	1.07056711829942	NA	1.20707936293139	1.08152339902501	0.865441944877604	NA	NA	NA	NA	NA	NA	NA
NA	NA	NA	NA	NA	NA	NA	NA	NA	NA	NA	NA	NA	NA	NA	NA	NA	NA	NA	NA	NA	NA	NA	NA	NA	NA	NA	NA	NA	NA	NA	NA	NA	NA	NA	NA	NA	NA	NA	NA
1.41187344180399	NA	1.18619278674931	NA	NA	1.11938032812383	0.809383019759887	NA	NA	0.760604466383147	0.382502220032327	0.742668879894241	1.03767588089117	0.196427103418276	0.450494505911017	1.11502463682009	0.312975563144537	NA	0.604851709318563	0.336289455549263	NA	0.508829942889058	0.301978431325067	0.235999335302412	0.286784693920422	0.230384645470686	0.695202160916175	0.680318727332699	1.01555213790198	1.48293823816869	1.16919863677428	1.037577677186	1.06887546926772	0.312781942913747	NA	0.176288981904999	NA	0.450718194790239	1.64015606348101	1.0188507014877
NA	NA	0.460774146295536	NA	0.611314677875359	NA	0.857737780271113	0.823356934568185	0.657297390068588	0.598425270206011	0.75801486536674	0.451634076905799	0.392715896388479	NA	0.288550433340935	0.256810261945508	NA	0.36433497338507	0.439715350386585	0.10116287814968	NA	0.329663785025996	0.284836130889866	0.35890823038763	0.282409493898503	0.92547881275298	0.397856786866841	0.314955565174857	1.87401366483454	NA	NA	0.961699000505515	0.753662076907076	0.617090817456259	0.843054430910439	0.951240802660509	NA	1.13292105849108	1.21645056808793	1.62723091398569
NA	NA	NA	NA	NA	NA	NA	NA	NA	NA	NA	NA	NA	NA	NA	NA	NA	NA	NA	NA	NA	NA	NA	NA	NA	NA	NA	NA	NA	NA	NA	NA	NA	NA	NA	NA	NA	NA	NA	NA
NA	NA	1.25169622124329	NA	1.39616959113628	1.0552058911931	1.19207411481719	NA	NA	NA	NA	NA	0.854688266868525	NA	0.451338037842254	0.493105842237873	0.569569727457626	0.504446944318751	0.369224101080441	NA	NA	0.537916498831774	0.43159768569365	0.642751092938182	0.531867860210607	NA	NA	NA	NA	NA	NA	NA	1.01729905282443	0.968134508305299	1.38259218578365	0.53336377028671	1.04831972512945	NA	NA	NA
NA	NA	NA	NA	NA	NA	NA	NA	NA	NA	NA	NA	NA	NA	NA	NA	NA	NA	NA	NA	NA	NA	NA	NA	NA	NA	NA	NA	NA	NA	NA	NA	NA	NA	NA	NA	NA	NA	NA	NA
NA	NA	1.82606124688629	NA	NA	0.637777649814076	0.860569934633126	1.73999267376269	NA	NA	0.468986994668132	NA	0.306051855820752	NA	0.464602841342484	NA	NA	0.547209488893997	0.478117520094031	NA	NA	0.420576112740182	0.384230088014398	0.546595795361007	NA	NA	NA	NA	NA	NA	NA	NA	1.07179426777331	NA	NA	1.31710644953602	NA	0.885641586144363	NA	NA
0.378376545701818	1.82454864602724	1.54343598345073	1.56965180593479	1.49442742032999	1.32430777454907	1.20031580593236	0.651073368450499	0.92004037741275	NA	0.773354462553636	1.07331804242023	0.826011297945554	NA	0.4200004686374	0.417954790457876	0.587550152352841	0.768577321745302	NA	0.216030166615695	NA	0.638223191804944	0.285176996899988	0.737438263900896	0.686044227609853	0.56489207074424	0.667880097991586	1.04078759759622	NA	1.41823558973827	1.42950231832639	1.60572882904828	1.26531697309667	1.46537005730891	1.55204039624896	1.31853791534426	1.1627609806017	2.18119259538647	NA	1.29241147649676
NA	NA	NA	NA	1.33270155292311	1.73801480512058	1.64915546353616	1.91380299462465	NA	1.23049396684328	1.31393591579066	1.0570589599988	0.823003807534667	1.26505300149605	0.979074275442181	0.905827806472036	0.986437183974177	1.98383138873084	0.855850823186895	0.167257634310667	NA	NA	0.342999622004733	0.131278946194055	NA	2.19272218659383	2.02331299863027	0.199463488620438	2.21710105612136	0.379347597007109	1.43747636634127	1.3448576819764	1.51072616783149	0.936842505862647	NA	0.963622316630431	NA	NA	0.331270481220196	0.484827911791486
0.400799301736326	0.327886789648722	0.182516064037216	1.40796838170713	NA	NA	NA	1.36997069296745	NA	NA	NA	NA	0.961703822907883	NA	0.83223912730471	NA	NA	NA	NA	NA	NA	NA	NA	NA	NA	NA	NA	NA	NA	NA	NA	NA	1.4512873799035	NA	NA	NA	NA	NA	NA	NA
NA	NA	NA	NA	NA	NA	NA	NA	NA	NA	NA	NA	NA	NA	NA	NA	NA	NA	NA	NA	NA	NA	NA	NA	NA	NA	NA	NA	NA	NA	NA	NA	NA	NA	NA	NA	NA	NA	NA	NA
NA	NA	0.777036111543527	NA	NA	NA	NA	NA	NA	NA	NA	NA	NA	NA	NA	NA	NA	NA	NA	NA	NA	NA	0.647167043772301	0.557648300958086	NA	NA	NA	0.840921682349867	NA	NA	NA	NA	NA	2.27468506104894	NA	NA	2.07743002133037	NA	NA	2.04003185292868
NA	NA	NA	NA	NA	NA	NA	NA	NA	NA	NA	NA	NA	NA	NA	NA	NA	NA	NA	NA	NA	NA	NA	NA	NA	NA	NA	NA	NA	NA	NA	NA	NA	NA	NA	NA	NA	NA	NA	NA
NA	NA	NA	NA	NA	NA	NA	NA	NA	NA	NA	NA	NA	NA	NA	NA	NA	NA	NA	NA	NA	NA	NA	NA	NA	NA	NA	NA	NA	NA	NA	NA	NA	NA	NA	NA	NA	NA	NA	NA
1.74327246687935	0.794939666410852	1.04341723555046	NA	NA	0.317118645195526	0.747485463903145	0.56248605143117	0.419099240923937	1.33702104102392	1.47300779368565	1.21873859616707	0.672598783136264	NA	0.843596892819097	NA	1.56139782450642	1.49591939678141	NA	NA	NA	0.98105225415901	0.499738912946971	0.779293212825751	NA	0.456968794743137	0.509598195338654	1.07772393242996	0.496577041069411	NA	0.713499521929756	0.687657723176166	1.07316149994431	0.819051992659244	0.812158492623308	1.06338141975582	0.622933925798131	1.09082855938109	NA	NA
NA	1.15286972387338	1.59010913298101	NA	NA	1.04666059963589	NA	0.915370170786813	NA	NA	NA	0.804034467704986	0.653183098901918	NA	NA	NA	1.11580499079514	NA	0.99653202206133	NA	NA	NA	0.157103116967569	0.206697886807282	NA	0.776668948468731	NA	NA	0.890225334867514	NA	NA	NA	NA	NA	NA	NA	NA	NA	1.62081570504987	NA
NA	1.20937638515141	1.18623395013021	0.865021398433863	0.909065698705248	0.814921652782041	0.931973767681558	NA	1.07844753314823	1.41601636820952	NA	NA	NA	NA	0.555060815802157	NA	0.532071342364593	NA	NA	NA	NA	NA	1.86360863311144	NA	NA	NA	0.685287761473187	NA	0.929730927469533	NA	NA	NA	NA	NA	1.85907362250848	NA	NA	NA	NA	1.44777995343377
1.9730581232073	1.43943304951881	1.66965112990335	1.5198672455877	1.3397990248434	1.44247908104734	1.38768401580585	1.52150123933183	1.06258273901338	0.948802979806788	NA	0.863566703316262	0.67488415430037	0.928437786202347	NA	0.740161290114057	0.667696784828692	0.547362883868301	0.864255902985667	0.447852197900497	NA	0.603502293248375	0.449787620615369	0.362641028844502	0.473309279226251	NA	0.726854999177933	0.748658217090422	1.26245428119833	NA	1.01496700338965	NA	0.541586766276422	NA	NA	NA	NA	0.852308975145509	NA	0.739970988554983
2.46926706237383	NA	2.110459170589	NA	2.0112241666082	2.20389851708957	2.67103282650235	2.03618439936426	2.45623067228324	2.35042944374199	1.96376554343213	2.29007587502273	2.07459397784335	1.83485160169848	1.66304005688935	1.67279560874302	1.66809599105233	1.9685711381592	1.86979751347426	0.694473394670495	NA	1.60694664746957	1.10223000813016	1.88101315695889	2.09776401027931	2.56146643984181	3.01494428820713	1.77422263292445	2.38855016250092	NA	0.813792173650024	2.35909385395358	1.79119905114921	2.52448334722933	1.50443709022485	NA	NA	NA	NA	NA
NA	NA	NA	NA	NA	NA	NA	NA	NA	NA	NA	NA	NA	NA	NA	NA	NA	NA	NA	NA	NA	NA	NA	NA	NA	NA	NA	NA	NA	NA	NA	NA	NA	NA	NA	NA	NA	NA	NA	NA
NA	NA	NA	NA	NA	NA	NA	NA	NA	NA	0.307351242023276	NA	NA	0.325426544614775	NA	NA	0.344940295126595	NA	NA	0.304162178366667	NA	0.408351870588199	NA	0.34873293642766	NA	NA	NA	NA	0.925524657785547	NA	0.770068522456274	0.790093486078515	NA	1.34603887522362	1.34697613722744	1.3715737125368	1.2788287520158	NA	NA	NA
1.59252192831513	1.6008043723406	NA	2.41726161045786	0.532070273271234	1.84462605881152	1.41024008466518	NA	1.208382624029	0.998777858561719	0.96974878801279	1.19889221342428	1.01962302799737	NA	1.14628087099766	1.22390984605457	0.926696356826787	1.76040047474021	1.61313521287175	1.74888021430031	NA	2.10070679815075	1.23367932979458	1.88852952636382	NA	0.811081264927059	0.525899856271947	2.33496705055647	2.17786465110287	0.825444214257782	1.84702302815792	0.40221951350725	0.816657150473562	0.755995270801477	0.707895549743347	2.85033431263449	2.35715218435049	2.92680905662274	0.3773669091277	NA
0.477396614894494	0.714185990726178	NA	1.76460635461716	NA	1.00095075879536	0.755398033112925	1.12712696664568	NA	NA	NA	1.03264477490771	0.664246031422235	0.544200019347751	0.310621073964657	NA	0.763748784798031	NA	0.947636357454515	1.05106778482488	NA	0.324434317648898	0.273727877556465	0.308389716784864	0.277674748431581	NA	0.183730827274563	NA	1.38745402238235	0.618978871425773	1.14455046788887	0.742601838986937	0.454031526621094	0.630024343828854	NA	0.452906888081967	0.411930113703091	NA	NA	NA
NA	NA	NA	NA	NA	NA	NA	NA	NA	NA	NA	NA	NA	NA	NA	NA	NA	NA	NA	NA	NA	NA	NA	NA	NA	NA	NA	NA	NA	NA	NA	NA	NA	NA	NA	NA	NA	NA	NA	NA
NA	0.701340359599269	NA	NA	NA	NA	NA	0.480016582309622	NA	0.988037114483854	NA	0.631442686975793	NA	0.8005203402326	0.576769486547255	NA	NA	NA	NA	NA	NA	0.218961541222335	0.325256119034473	0.633367057999935	NA	NA	NA	0.526830561952951	1.52731321201773	NA	NA	NA	NA	0.628070653127794	1.91919261277801	NA	1.58916678951412	1.75723544771293	NA	NA
NA	1.41660352306465	1.66797785610825	NA	NA	1.39165349245917	NA	NA	NA	1.27686512304677	NA	NA	NA	1.32649232927996	1.27882834237083	NA	NA	NA	0.585185442276151	NA	NA	NA	0.776490333170949	1.01016415585795	1.52681566557381	NA	NA	NA	1.33633490529984	NA	NA	NA	0.399228258563787	NA	NA	0.565172422798808	1.18603676536415	NA	NA	NA
NA	NA	NA	NA	1.04761357998775	NA	1.19845181108188	NA	1.05200198863154	1.16383989178236	NA	NA	1.23556522167445	1.13166042167903	1.47767965256418	NA	0.575843405809479	NA	NA	1.39282418116907	NA	0.91012699937128	1.09493947548854	NA	NA	1.42937651395347	NA	NA	NA	NA	0.777481849846341	NA	NA	NA	NA	NA	NA	NA	NA	0.399377493676579
0.908967824292765	0.700870665858634	NA	0.731663698406996	NA	0.908852805430543	1.19601434410435	0.560710710310711	1.02256448894753	1.91030132295768	NA	0.740214831565265	0.458725736569404	0.471727844845602	NA	0.678009733477203	NA	NA	NA	1.93796935081629	NA	0.36796241827014	0.916891585478711	0.345498137630062	1.12863875539235	2.86888757851771	NA	1.73157692229481	1.04254182104321	1.00526655541839	1.87981914833238	1.14350911085345	1.32691389975149	NA	1.95666938790811	NA	1.87107054934035	2.13687686237806	2.05676437122941	1.45655408238047
NA	NA	0.846034279766812	NA	1.16354547211374	NA	0.464502363618976	1.04629510861642	0.930242246130685	1.38380951634291	1.60275531601197	0.330013603294058	NA	1.00010663520024	1.29837731379155	0.42340582194237	NA	0.311913106795873	0.28713479923591	0.19123093731441	NA	0.364792368296724	NA	1.00397221086123	0.288231566346258	NA	1.01705925684332	NA	0.332546001834991	0.615203624587573	NA	0.389523164562271	NA	NA	0.601190460993476	NA	0.390019912596628	NA	NA	1.78767418651377
NA	NA	NA	NA	1.4971765710117	0.824673990299197	0.951425085698839	1.1538357694743	1.18817111168433	NA	NA	0.725011870882753	0.867387659294266	2.14156727736388	0.837165394535632	NA	1.35072131616453	1.33459333785944	NA	NA	NA	0.303713057203117	NA	0.445475411929566	0.745910959929422	2.0899240175336	NA	NA	1.55957611822177	NA	1.6924060630752	1.46685407552054	NA	NA	NA	NA	NA	NA	NA	NA
1.46234791517617	NA	1.60810652739919	NA	NA	NA	NA	NA	NA	NA	NA	1.57556149531809	NA	1.61065050084708	NA	0.435525889871593	NA	NA	1.4074065609826	0.163529966336033	NA	2.64436816369387	1.64418059521042	0.805428997622223	NA	0.136618227777253	NA	0.370933616754819	0.26373601948735	NA	0.402515425118126	0.437525839425794	NA	1.15994900634888	0.69218749119121	0.364956182120738	NA	NA	NA	0.518461061648795
NA	NA	NA	NA	NA	NA	NA	NA	NA	NA	NA	NA	NA	NA	NA	NA	NA	NA	NA	NA	NA	NA	NA	NA	NA	NA	NA	NA	NA	NA	NA	NA	NA	NA	NA	NA	NA	NA	NA	NA
NA	NA	1.02234956694193	NA	NA	0.988007985719109	0.92727263412244	NA	1.05673950882264	1.26054369117154	NA	0.73090563910819	NA	0.541101352596383	NA	1.01009617128856	NA	NA	0.822532704762495	0.247350028542135	NA	NA	0.263663161300331	0.260806498079018	0.722746693172155	NA	1.58411777947536	NA	2.41622502323342	NA	NA	1.7806438076928	NA	1.09844321489018	NA	NA	NA	2.18337264396306	2.48363300448229	NA
NA	NA	NA	NA	NA	NA	NA	NA	NA	NA	NA	NA	NA	NA	NA	NA	NA	NA	NA	NA	NA	0.430361726921313	0.631269345795626	0.748290862454132	NA	NA	NA	NA	0.80466262453763	1.20880493520561	1.79704451030546	1.74108817962114	1.41429442590221	NA	NA	1.40423377242437	NA	NA	1.24013198310746	NA
NA	NA	NA	NA	NA	NA	NA	NA	NA	NA	NA	NA	NA	NA	NA	NA	NA	NA	NA	NA	NA	NA	NA	NA	NA	NA	NA	NA	NA	NA	NA	NA	NA	NA	NA	NA	NA	NA	NA	NA
NA	NA	1.74960443989868	1.52226152454534	NA	2.13881574322873	NA	2.11365404521065	NA	NA	NA	NA	NA	NA	NA	NA	NA	NA	NA	NA	NA	NA	2.36912514763548	NA	2.21649176188989	2.13877631806286	NA	NA	1.84356900395867	NA	NA	NA	2.50923636511046	NA	NA	NA	1.44466046526824	1.29831022680431	NA	NA
NA	0.602507882152562	1.55968472243935	0.430812462061881	1.04128162897791	NA	1.08969215417156	1.00489666461977	NA	0.759294656976562	0.543315321571628	0.50046548932232	NA	NA	0.695927654074917	0.732083046003607	NA	0.463373694499082	1.49886835046971	NA	NA	0.567086900392187	0.514516458672494	1.56708697210994	0.918647251142352	NA	1.14079615174045	0.475066628786785	1.44251917235301	NA	0.907179809601631	0.863070526021989	1.17190948376162	1.00715357327032	NA	1.28386449280008	0.799816873919628	NA	1.0607748416823	0.967606719414554
NA	NA	NA	NA	NA	NA	0.637933898486993	NA	NA	NA	NA	0.543917052012124	NA	0.821261992667521	NA	NA	NA	NA	NA	NA	NA	0.361002286784723	NA	0.452029098430777	NA	NA	0.204187819748258	NA	0.488476251467081	1.03662500543754	0.506629172373316	NA	NA	0.906618314655004	NA	NA	NA	NA	NA	NA
1.31493150999674	NA	NA	NA	NA	NA	1.07853400494289	1.64957087723002	NA	0.48895891981794	NA	0.136899508823776	NA	NA	NA	NA	NA	NA	NA	0.231825386109281	NA	NA	NA	0.624809845300521	0.588694007936684	NA	1.55964056584628	NA	NA	NA	NA	NA	0.841936896640238	0.871214880672407	NA	NA	NA	NA	NA	NA
2.20988938249474	1.47837959370553	1.47433866221319	1.42482632774064	1.69629980904179	1.80216390576059	1.74203779731688	2.08479654235119	1.97983194107524	1.80563674936519	1.76318154177352	1.3174763658406	1.57442963413634	NA	1.51389847335248	1.5002076637964	0.912896405469666	1.23879546439346	1.0026023858108	0.601157356158106	NA	1.04814415344352	1.29319572557957	0.7445702922878	1.53760198222362	1.23510443157932	0.888822123484307	1.58213571345361	1.5439433115807	2.36827048882677	1.17808448895353	0.961486946040503	1.32842211757347	1.46795641186471	2.7447735494776	1.4370213024256	2.64992811878524	NA	NA	2.10729924899911
1.18653937151698	1.16098045960148	1.23004277485144	NA	NA	0.771794841335522	NA	NA	0.484702814783419	NA	NA	0.502232394775881	0.642277849973119	0.238637841512155	NA	NA	0.248589951328084	NA	1.26046060336377	0.326727445694324	NA	NA	0.556857476731303	0.233971291560043	0.281994915643944	NA	0.418760486528607	NA	0.851003418946965	NA	0.644127566574819	NA	0.252782847563613	NA	NA	NA	0.062278956793889	1.62547860728362	NA	NA
NA	NA	NA	NA	NA	NA	NA	NA	NA	NA	NA	NA	NA	NA	NA	NA	NA	NA	NA	NA	NA	NA	NA	NA	NA	NA	NA	NA	NA	NA	NA	NA	NA	NA	NA	NA	NA	NA	NA	NA
NA	NA	NA	NA	NA	NA	NA	1.14838009133308	NA	0.597488015235087	NA	0.3558507352746	0.716368488860667	0.530929971962287	0.458274398405577	1.78470988770446	1.17616252903986	2.03005110603195	NA	1.57674461157895	NA	NA	NA	NA	NA	NA	0.7584171485283	1.85808612016107	1.67024124289319	NA	1.48935800018264	1.91813310203725	NA	2.00449713364434	2.03203926254811	NA	NA	NA	NA	NA
NA	NA	NA	NA	NA	NA	NA	NA	NA	NA	NA	NA	NA	NA	NA	NA	NA	NA	NA	NA	NA	NA	NA	NA	NA	NA	NA	NA	NA	NA	NA	NA	NA	NA	NA	NA	NA	NA	NA	NA
NA	NA	NA	NA	NA	NA	NA	NA	NA	NA	NA	NA	NA	NA	NA	NA	NA	NA	NA	NA	NA	NA	NA	NA	NA	NA	NA	NA	NA	NA	NA	NA	NA	NA	NA	NA	NA	NA	NA	NA
1.23990066477183	NA	1.37734514719474	NA	0.873492307452497	NA	0.734090223473239	1.25029629281096	1.07017716404657	0.664856412557688	0.558565533823482	0.838619669657845	0.840462845818248	0.91777912400411	1.06804259669931	1.1031971895157	0.386685667419533	0.902057141755485	1.81018035066997	0.818102905776602	NA	0.88183938189942	0.373735105506289	0.807992657610619	0.651604905815904	0.592494591156899	1.00679512269626	0.654425751837069	NA	0.943720082704553	0.861646781354806	0.848199742720201	1.04572432366274	1.00189708149651	1.42671721068629	NA	1.31474006025298	1.64325008119506	1.14426225430299	0.732599120320096
NA	1.96414822285516	0.870405885226619	NA	NA	NA	NA	NA	0.747097610308901	NA	NA	NA	NA	0.666084010035992	0.615752105071046	NA	NA	NA	NA	NA	NA	NA	1.06491944827677	NA	NA	1.45173759137862	NA	NA	NA	NA	1.7744561067756	1.48071481913613	NA	NA	NA	1.72349575139012	1.94717840110868	1.61991572816939	NA	NA
NA	NA	NA	NA	1.46949473352915	NA	NA	NA	1.76523193473092	NA	NA	NA	1.81910779905154	NA	1.29837950421188	1.65141015712856	1.0115200597573	NA	1.49879258312447	NA	NA	NA	NA	NA	NA	NA	NA	NA	NA	NA	NA	NA	NA	NA	NA	NA	NA	NA	NA	NA
1.15701306654183	0.911648924193359	0.987489414359749	NA	0.851747773949521	1.00282634417522	1.38471835377278	NA	1.91338561930541	1.6881560721903	0.684385196082168	0.869700041143453	1.02923394074495	0.467885620364929	0.697761036196389	0.817727697892216	NA	0.507155437916637	NA	0.346542560322879	NA	0.508693977586886	0.312253199370673	0.750808659150831	NA	0.424254124544155	0.722874442460647	0.356366819945736	0.228682966320028	0.48004101109669	0.768438140551729	0.538797623470015	0.671294179603423	0.473083781050919	0.595771337745924	0.59692331641475	0.209827831767313	0.758621615015403	NA	0.753615984174747
NA	NA	NA	NA	NA	NA	NA	NA	NA	NA	NA	NA	NA	NA	NA	NA	NA	NA	NA	NA	NA	NA	NA	NA	NA	NA	NA	NA	NA	NA	NA	NA	NA	NA	NA	NA	NA	NA	NA	NA
NA	NA	NA	NA	NA	NA	NA	NA	NA	NA	NA	NA	0.93115211637506	NA	NA	NA	NA	NA	NA	0.360300929735194	NA	0.225673328628597	NA	NA	0.776411390496672	NA	NA	NA	NA	NA	NA	1.62079760205406	NA	NA	NA	NA	NA	NA	NA	2.11421083902924
NA	NA	NA	NA	NA	NA	NA	NA	NA	NA	NA	NA	NA	NA	NA	NA	NA	NA	NA	NA	NA	NA	NA	NA	NA	NA	NA	NA	NA	NA	NA	NA	NA	NA	NA	NA	NA	NA	NA	NA
NA	NA	NA	NA	NA	NA	NA	NA	NA	NA	NA	NA	NA	NA	NA	NA	NA	NA	NA	NA	NA	NA	NA	NA	NA	NA	NA	NA	NA	NA	NA	NA	NA	NA	NA	NA	NA	NA	NA	NA
2.72928622083554	2.59960777722096	1.61204300762442	2.59092580721456	0.701820031067175	0.431978459563053	0.89520581311581	0.554967719478454	NA	1.07023991705461	1.02933182913976	1.40498662958636	0.357544179374006	1.66687200342421	1.43666320240169	NA	1.17222731959138	0.468018259291209	1.15033218473137	0.17553064659155	NA	1.56608789849735	0.430810392259154	NA	0.917756473115736	NA	1.29813345329629	1.94871209152233	2.27507520534384	1.94665384173756	0.703388302182256	1.39910008813065	0.609767207029474	1.80277184321907	1.73255981398825	0.607145325490774	1.13624244223849	0.749515274540049	1.98376365076732	0.734798302327926
1.61633400929805	NA	NA	0.949733492558853	NA	1.07710107270372	NA	NA	NA	1.06961845837918	1.04715758449947	NA	NA	NA	0.989982760253908	NA	NA	NA	NA	NA	NA	NA	NA	NA	NA	NA	NA	NA	NA	NA	NA	NA	NA	NA	NA	NA	NA	NA	NA	NA
NA	0.439863249121544	0.642941330722569	NA	NA	0.801601984833176	0.759947279562926	0.89521004308301	NA	NA	0.507677841841958	0.533526923033218	1.00051158596154	0.595306216374669	0.384367099921405	NA	NA	NA	0.560149183480188	0.355059171871322	NA	1.32161791295823	NA	1.8127346883774	1.54460136172618	NA	1.04338243978166	1.41396234924619	1.27512880549193	NA	NA	1.31810216163434	1.71003353352004	1.81299051428442	NA	NA	NA	NA	NA	NA
NA	NA	1.71750678766016	NA	1.69468176331264	1.52110498953728	1.41109551502878	1.7899432744471	NA	1.5762785151666	NA	NA	1.58242884516267	NA	2.06988621399547	NA	2.31197779261798	2.48815097586708	1.93679321385575	NA	NA	NA	1.5196348208217	1.70135395268382	1.81387134315791	2.53120196177345	1.61099686305712	NA	NA	NA	1.69532966681005	1.47957291964906	1.78359394363951	1.56279899477225	0.666043193601584	1.9863639138665	NA	NA	NA	NA
NA	NA	NA	NA	1.36236048862012	2.27009559418789	1.65469754700452	1.50666081479986	NA	NA	NA	0.801633497163521	0.547408248586973	NA	1.52174380906688	NA	1.52611194463969	NA	0.819213780671284	NA	NA	1.78311759653257	1.90003107969035	1.8433208989153	1.57866901307579	1.62530691956815	NA	0.801727277529181	2.05126512996987	NA	0.746255948339311	1.07993248673005	1.03192697767104	0.762719134458212	NA	1.37130407427025	NA	NA	1.64622676142519	0.936551195759557
NA	0.283966726795532	0.151694629439928	NA	0.323069183842812	0.650512395516056	0.448618449776837	0.835466071757304	0.484595221556835	1.56517562842934	0.816854920521556	0.609025160684179	0.464703070039879	0.281694061725007	0.400627129399534	NA	0.276409398207267	0.198567920096774	NA	NA	NA	1.26506810191134	NA	0.27770437343658	NA	NA	0.361969851222111	NA	0.398678505191256	NA	1.08521098091719	0.732568099582851	NA	0.748613434413215	NA	0.858955620366581	0.680605126027532	NA	0.645395709641821	NA
NA	NA	NA	NA	NA	0.480638753029015	0.497589044063306	NA	0.531463645202816	NA	2.18293362294225	0.960766312455712	1.59248014770777	1.6626416629916	0.456556735707841	0.667566346577317	NA	0.436135144743171	1.11547416961953	1.47004752513308	NA	1.09957431681592	1.47943785651195	NA	NA	0.60891461643762	NA	NA	1.15211413544519	NA	1.1915154805182	0.647771646202413	1.06520746304498	NA	NA	NA	NA	NA	1.01233361247786	1.09738543439335
1.08031787490811	1.02448621063791	1.0305054330354	1.11167788574461	NA	0.568861895096297	0.795941137935229	0.394330684263791	1.0498203115879	1.20255601943659	0.952076006632662	1.33091365501244	1.06647221986379	0.731173948890053	0.258832116789759	0.733241545503034	0.23994494574341	NA	NA	0.311438313347115	NA	0.258993622343862	0.607264239658978	0.811030163791446	0.705051651660873	1.62897483001408	1.01973007807547	1.77406934033024	1.59773895338839	1.41786288431672	NA	1.59327045599672	NA	NA	1.82470484229622	NA	NA	NA	NA	NA
NA	NA	NA	NA	NA	NA	NA	NA	NA	NA	NA	NA	0.834851628541703	0.822022551979271	NA	NA	0.201454442337814	0.473786273116293	0.397602705867809	NA	NA	0.35962891396521	0.718833321075615	0.659822734479546	1.47005721775016	NA	0.547080983622092	NA	1.29464017128857	NA	2.07971957149368	NA	NA	NA	NA	NA	NA	NA	NA	NA
1.08106036803037	1.29651836914698	1.34493706877698	1.363018782563	1.17310481737153	1.34990937895731	1.4468257323398	1.81757322257669	1.43588856918705	1.74213636137943	1.59891595394976	1.33538880828314	0.915197828641932	NA	0.999231856904995	NA	1.67548133940005	0.928262823656016	2.05190871529489	0.481602336366029	NA	NA	0.332847388734978	0.535900975150338	2.23507958735582	2.0411641624231	0.617189082402573	0.32778207040186	0.244875311363458	0.634775570292033	1.84242062511829	1.00700846096345	0.928539488202858	0.720336026844913	1.96938382170364	0.754598249324163	NA	1.71152539529859	0.581502415139265	1.4397299270907
1.99616636304376	1.06267381354349	1.24427941223279	1.3068449557732	0.819274012417315	1.03614052168012	1.2885975986954	0.989680991688853	0.540965509952752	0.608378205016867	0.415628238903157	0.494236613724363	0.41932921251045	0.472812880381613	NA	0.30644726660161	0.76820146734527	NA	NA	0.239703288093238	NA	0.907716544520135	0.642516069812904	NA	0.66473499349379	0.491968124809854	0.273880594653709	0.864705608974699	0.881688506885456	1.21175813863637	1.39827780662022	2.04325831214562	NA	1.89367690011981	NA	NA	NA	NA	NA	NA
NA	NA	NA	NA	NA	NA	NA	NA	NA	NA	NA	NA	NA	NA	NA	NA	NA	NA	NA	NA	NA	NA	NA	NA	NA	NA	NA	NA	NA	NA	NA	NA	NA	NA	NA	NA	NA	NA	NA	NA
NA	NA	NA	NA	NA	NA	NA	NA	NA	NA	NA	NA	NA	NA	NA	NA	NA	NA	NA	NA	NA	NA	NA	NA	NA	NA	NA	NA	NA	NA	NA	NA	NA	NA	NA	NA	NA	NA	NA	NA
NA	NA	NA	NA	NA	NA	NA	NA	NA	NA	NA	NA	NA	NA	NA	NA	NA	NA	NA	NA	NA	NA	NA	NA	NA	NA	NA	NA	NA	NA	NA	NA	NA	NA	NA	NA	NA	NA	NA	NA
2.02553859467672	2.0620093546053	2.11827857614457	2.00075362698009	1.67708229839482	1.5043098426408	1.03253953375278	NA	0.718061192636924	0.679661165176407	0.283825679525105	0.797011234016163	1.40269761603492	0.684310717073931	0.482761595495912	NA	0.56638148040577	0.499709470716442	0.428139380415644	0.342363920317262	NA	0.295689178213041	0.36721870262096	0.396780116723824	0.80823389995435	0.663874422503135	NA	0.582369491806189	1.23650238337848	1.3019639701813	0.965158945285119	0.978552646270296	NA	NA	NA	1.34305091589282	1.46924305054109	1.45181888924795	1.77811294385187	2.0492974687856
NA	NA	NA	NA	NA	NA	NA	NA	NA	NA	NA	NA	NA	NA	NA	NA	NA	NA	NA	NA	NA	NA	NA	NA	NA	NA	NA	NA	NA	NA	NA	NA	NA	NA	NA	NA	NA	NA	NA	NA
NA	1.25314951981689	1.32506756586657	NA	2.57712822196581	2.25527799049484	NA	NA	1.70160267034573	1.54431252227835	1.57155978209939	NA	2.03860197384884	NA	1.27834725709334	NA	1.09854320056248	1.12529819717281	NA	0.548250724482594	NA	0.400906293515842	2.33976577983215	0.866139790279339	1.16378913214861	0.971209019080554	0.755472641762512	1.00445978578841	NA	1.16390018364433	0.892963807862305	NA	1.20601336620781	1.4916586232432	1.16119635004133	1.57701477814845	1.50034443218801	0.370430520925518	1.89000501928524	2.35569835110379
NA	1.43320052052959	1.76807832573513	NA	1.29045455166299	NA	1.3070472897583	2.20739609492685	1.05853191051335	0.994776105757359	1.28792563896801	0.923197254641174	0.785886908733321	0.65449298465796	NA	NA	NA	1.47265989729238	NA	NA	NA	NA	0.532122052860106	NA	NA	NA	NA	NA	NA	NA	NA	0.437846609411983	NA	NA	1.86306140575887	NA	NA	1.05718281572384	1.33102793723525	1.42134833778484
NA	NA	NA	NA	NA	NA	NA	NA	NA	NA	NA	NA	NA	NA	NA	NA	NA	NA	NA	NA	NA	NA	NA	NA	NA	NA	NA	NA	NA	NA	NA	NA	NA	NA	NA	NA	NA	NA	NA	NA
NA	NA	NA	NA	NA	NA	NA	NA	NA	NA	NA	NA	NA	NA	NA	NA	NA	NA	NA	NA	NA	NA	NA	NA	NA	NA	NA	NA	NA	NA	NA	NA	NA	NA	NA	NA	NA	NA	NA	NA
NA	NA	NA	NA	NA	NA	NA	NA	NA	NA	1.56670007083047	1.81208834735432	1.4794531161904	1.11676496805314	0.834286934376132	NA	0.779360375502914	NA	0.237686878836797	0.164182339681519	NA	0.314189017567335	0.174364151439043	0.356927883582362	0.0974346439080892	2.08817325619483	0.265516360422073	0.463366847975141	0.616402512967158	1.02878793077339	0.493303166068361	0.719952194622359	NA	1.34754994147758	1.26179690440144	1.61407439394305	NA	NA	0.563398324781983	NA
1.39178902142468	1.29668900818169	NA	1.71021801845516	NA	NA	NA	NA	NA	0.702553946047847	NA	0.759601214172962	NA	0.582955009727271	0.824982108324269	NA	0.87544726958684	NA	NA	0.569309352445968	NA	0.427618491082464	0.718558135848532	0.841915810824142	NA	NA	NA	1.56329594848306	0.397554871654009	0.540666499369514	0.692936130694989	0.688907807574423	0.696706777733194	1.38667717425325	1.64575709784888	0.866998058372862	NA	NA	NA	NA
NA	NA	NA	NA	NA	NA	NA	NA	NA	NA	NA	NA	NA	NA	NA	NA	NA	NA	NA	NA	NA	NA	NA	NA	NA	NA	NA	NA	NA	NA	NA	NA	NA	NA	NA	NA	NA	NA	NA	NA
0.713879604495741	0.396002331051407	NA	1.11674015618245	NA	1.05825474627891	NA	NA	NA	0.505945963864942	NA	NA	1.11417857208559	NA	NA	NA	0.818944268661508	NA	NA	NA	NA	NA	0.64939275391216	0.331652993296988	1.12042114458368	NA	0.327334734814518	0.546918126406509	NA	NA	0.496797089969823	0.962537749188818	0.766739753521666	NA	NA	NA	0.393583403962543	1.28076342119799	NA	NA
NA	1.91229594149604	NA	1.45524713061238	1.22948340187409	NA	NA	NA	NA	NA	NA	NA	NA	NA	0.847320364131238	NA	NA	0.709383808882606	0.927667127075952	NA	NA	1.30414330226238	0.722805693840563	1.9495042833925	1.58252542303788	1.41440917342717	1.44730127681369	NA	0.796153058504851	NA	1.02424593165698	0.872872773384253	NA	1.68647240648227	1.80351464134074	1.70705905327632	1.607039602954	1.26532247175531	1.08719750767973	1.64558835251303
NA	1.18129450194109	0.906246265306431	0.889617790258534	NA	0.704507515408662	0.687715496229717	0.540979287051571	0.505658150826751	0.672622731537666	0.635918970146744	0.17672359931667	0.673197732122172	0.507799415436482	0.662534178386597	0.557340537597364	0.520908762776877	0.694131441461889	0.745889970720962	0.723938509844534	NA	0.579146909341163	0.467767488332411	0.277297673030672	1.00184759887346	0.497840364241161	0.779387718690742	1.24941251108857	0.266804341943099	0.557361321704412	NA	0.750080001033972	0.895885919877739	0.614401724230842	1.22631313146413	0.867094142479159	0.617865139510828	0.778512722310188	1.32639223155739	0.850852923037181
NA	NA	NA	NA	NA	NA	NA	NA	NA	NA	NA	NA	NA	NA	NA	NA	NA	NA	NA	NA	NA	NA	NA	NA	NA	NA	NA	NA	NA	NA	NA	NA	NA	NA	NA	NA	NA	NA	NA	NA
NA	NA	NA	NA	NA	NA	NA	NA	NA	NA	NA	NA	NA	NA	NA	NA	NA	NA	NA	NA	NA	NA	NA	NA	NA	NA	NA	NA	NA	NA	NA	NA	NA	NA	NA	NA	NA	NA	NA	NA
NA	NA	NA	NA	NA	0.747804373840951	NA	NA	NA	2.50460031007065	NA	0.770189032783002	NA	NA	NA	NA	0.857687616243399	NA	NA	0.643851511594726	NA	NA	NA	2.58140186109829	2.02444587867424	NA	NA	NA	0.926207467758439	NA	NA	1.69024420307261	NA	0.574290617874389	1.20327692308024	NA	NA	NA	NA	0.977339861894304
NA	NA	1.971521077637	NA	1.56279812296237	1.88806872504732	NA	NA	2.07593734359155	1.49891478542337	2.2421912267512	NA	NA	1.74007511103041	1.35149182356348	2.68608224272832	NA	NA	1.65963886498577	NA	NA	1.04795392392344	NA	NA	NA	1.73475922110561	NA	NA	2.78332808095386	NA	1.85841353885607	NA	NA	1.94653166087464	NA	NA	NA	NA	NA	NA
NA	0.967834323452504	NA	NA	0.949596026599834	0.768719485816793	0.624052831537509	0.665806255729481	NA	NA	0.803524950141005	0.680151715082737	NA	NA	NA	1.32490339058273	0.700340085200128	NA	0.627213384228647	0.256412866680172	NA	0.24966418785413	0.588806999466307	0.551150044799644	0.564348370616154	0.604557980811874	NA	0.76386537970997	0.29660875965512	NA	0.601446770148746	0.818586985813183	0.573069186283799	0.486244864420747	0.454521537093687	0.543654729964217	NA	NA	NA	1.04655022454405
NA	NA	0.564090222120693	0.628690235683871	0.500888011645513	NA	0.598863272982125	0.820993520684997	NA	1.44882005672616	0.57193577552917	0.61192848686109	NA	0.286792694194591	0.460883384680067	NA	NA	NA	0.26866582590578	0.189292258706146	NA	0.242270377779464	0.38210623888743	0.442771563653261	NA	1.06221906710272	NA	NA	0.685140882308837	NA	NA	1.27984559980569	0.913654653170783	1.26808089635625	1.1165699641842	1.1143096909904	NA	NA	NA	NA
NA	1.3349506929748	1.49934783203547	1.22330185539601	NA	NA	NA	NA	1.05572806659838	0.957490776997452	1.41297365288351	0.718448746061965	NA	0.485814140946339	NA	0.528969647561878	0.562793902427138	0.374590720399315	0.518471010162273	NA	NA	NA	NA	0.647681074207122	0.766554490163078	NA	0.93447434714861	0.889510844753611	NA	NA	NA	NA	1.11475175718108	1.11007377718454	1.18476198277797	1.221138369837	NA	NA	NA	1.76532016026346
NA	NA	NA	NA	NA	NA	NA	NA	NA	NA	NA	NA	NA	NA	NA	NA	NA	NA	NA	NA	NA	NA	NA	NA	NA	NA	NA	NA	NA	NA	NA	NA	NA	NA	NA	NA	NA	NA	NA	NA
0.415170837249935	1.44590245864085	0.518965799045695	NA	NA	0.921361135490217	1.77713150220909	1.91264895362383	1.73214261535329	1.00172377429107	1.05972582945571	1.01302529261905	0.728165057112394	1.03676166479192	1.12489835452214	0.742351097985066	NA	0.492667963075437	0.983280097610734	0.982814040013624	NA	0.0352226160563452	NA	0.557777723700265	0.594749050962836	0.803058485067752	0.443857171513313	0.706672730012163	1.44842057263431	1.07681756190617	0.473157720671404	1.4073166177922	1.32377354707917	NA	NA	1.33181011158702	1.12027619795629	0.60731257524368	NA	1.25030223427738
NA	NA	NA	NA	NA	NA	NA	NA	NA	NA	NA	NA	NA	NA	NA	NA	NA	NA	NA	NA	NA	NA	NA	NA	NA	NA	NA	NA	NA	NA	NA	NA	NA	NA	NA	NA	NA	NA	NA	NA
NA	0.779831888392435	0.810590323791768	1.42929268349844	1.06812889351574	0.686791170021545	NA	NA	0.23553571955746	0.409321493596081	NA	0.364957193764607	0.475712861586245	0.593259189115998	0.319191394352479	NA	0.192169702528286	0.295671485420192	0.30893268413481	0.211946146923761	NA	0.433999496077978	0.65344540853268	0.339256564187741	NA	1.01597530715569	1.13886781117075	NA	NA	0.869223768321386	NA	0.59257353310931	NA	NA	NA	NA	NA	NA	NA	NA
1.57035366070577	1.21435172238632	1.46187430754677	1.56023065293041	1.18370710822442	1.37392438415436	NA	0.47798315723794	0.648264070882064	0.640583228371581	0.594923951087378	0.45658443128705	0.510537431985719	0.174475076822005	0.595777439443664	NA	0.250233713833878	0.135942964179062	NA	0.304398356694754	NA	0.271638030601052	0.563586608814833	0.531540913671415	0.663414305648211	NA	0.457390671555249	0.966943420123501	NA	1.07218221175389	0.219861929706513	1.18481832024391	1.39672146311782	1.21530784757014	0.864211611812429	0.411441096449538	0.507423264294562	1.1656575372544	1.12826033545876	NA
0.880171846270265	0.625518526090992	NA	NA	0.524590437591496	0.875798829504421	1.29902910212887	NA	1.1891000564292	0.904335926328142	1.03260919639832	0.819849513257373	NA	1.07046789722591	0.675471302720033	NA	0.335445442270295	NA	NA	0.122036345570162	NA	0.313799775425048	0.214187730432788	0.712193084925618	0.42124480087546	NA	0.482147475718367	0.436584521169599	NA	0.894284388409592	0.58432691157896	0.569932111609983	0.472134750708871	1.00227180822936	0.333202461744614	0.261216623486327	NA	0.275427898849322	0.27700649579677	NA
2.48639866322959	2.22770121308891	NA	NA	1.66532917970836	NA	2.01446767449461	NA	NA	1.58194698672993	1.48000726534141	1.29845562593739	1.40541104901194	1.2822095209318	1.02840567762819	NA	1.07833999352463	0.891861555236731	NA	0.478619035802686	NA	0.378768721042441	0.370632439429764	0.459448427308164	0.907800317269623	0.663090750317813	1.36291587327679	0.943970527869163	0.783885953547048	NA	NA	1.05834107374686	1.12633862622328	1.94339531680438	1.58545467457173	1.5944672512814	NA	NA	NA	NA
NA	1.16952506729684	1.55759742339097	NA	0.87507024494363	NA	NA	NA	NA	0.971026114423465	NA	NA	0.825541339950766	0.871599110464132	0.469232650974272	NA	0.347541991606148	NA	0.579078236932985	0.478997654785152	NA	0.61820066234613	0.939029564134246	0.52021273913987	0.665029480845979	NA	0.238608000955128	0.927841004342655	0.403901377185054	0.594689121399436	NA	0.939776458247074	1.31687580496663	0.692616421025724	NA	0.571371991481739	NA	NA	0.950495182710388	NA
NA	2.31573007142898	NA	NA	1.38147938065272	2.29745440240002	1.95809819036435	NA	2.1574721142829	NA	NA	1.70156132163892	2.34590357538014	2.03920907894122	2.36258811918176	NA	2.0351292435006	NA	NA	1.39701939907425	NA	0.875039232391787	2.54426716755806	NA	NA	NA	2.35098016038419	NA	2.37193274196552	NA	NA	NA	NA	NA	NA	NA	NA	NA	NA	NA
NA	1.28075918831255	1.03168103864207	1.1141636887154	1.21563594460296	NA	NA	0.913759198264254	NA	0.96782760603597	NA	NA	NA	NA	0.876766332786998	NA	NA	NA	NA	0.450253858828385	NA	NA	0.768967245191577	0.624451468279584	NA	NA	NA	0.847030668410657	0.469557504278081	1.61578423281523	0.790317238953971	1.11380522128641	0.911428139034915	0.950221472926019	1.64102600768548	0.862961861170095	NA	NA	0.684224522831589	1.47719762065088
0.805035826276545	NA	NA	0.588698591288696	0.717529375401046	0.60933567881474	0.535487561226841	NA	NA	0.727275913413162	0.38100539817982	0.469007486165432	NA	NA	NA	NA	0.304527305486954	NA	0.456742389440885	0.43929447166482	NA	0.216726202377421	NA	NA	NA	NA	NA	NA	NA	NA	NA	NA	NA	1.75393417822976	NA	NA	NA	1.10172481737801	NA	1.240384752443
NA	NA	NA	NA	NA	NA	NA	NA	NA	NA	NA	NA	NA	NA	NA	NA	NA	NA	NA	NA	NA	NA	NA	NA	NA	NA	NA	NA	NA	NA	NA	NA	NA	NA	NA	NA	NA	NA	NA	NA
NA	0.78306889352705	NA	NA	NA	NA	NA	0.901230140251078	NA	0.680412925075458	1.00113184939506	1.05856346986861	1.07224565857057	NA	0.833800781834247	NA	0.5185201359895	0.736887824504606	0.474279347899389	0.473697285687837	NA	1.30019772159634	0.227437305506041	0.439113189770465	NA	0.672172512153705	0.421299479575592	NA	NA	NA	NA	0.733441667515325	NA	0.965818568786032	NA	1.10148434135423	1.12773287903069	NA	NA	0.50340552326243
0.474584821341531	1.03101914564314	NA	NA	0.679090821536904	0.804759878402564	NA	NA	1.33203880768859	NA	0.691850250086044	NA	NA	0.929170789945412	NA	NA	0.774548835802647	NA	0.546497413512206	0.349527652812286	NA	0.191206275086399	0.285240449752007	0.26934175771022	0.62011465623598	0.691900520179865	0.596511213078553	0.657983949177695	1.18787804650572	0.97338524024654	NA	NA	NA	NA	1.84600390499895	NA	0.633358621860981	NA	NA	NA
NA	NA	NA	0.634876564287747	NA	0.26702106614317	0.826865907478155	0.559679684735832	NA	0.544741885204769	NA	1.17049134463634	0.35967833177305	0.653144011551372	0.41015605501498	1.65078399962001	NA	0.310592495832017	0.509623728191217	NA	NA	0.645189543633557	0.604397460453222	0.634712830454944	0.393328300243774	NA	0.49602921070461	0.563812374249234	1.45689519863401	NA	NA	NA	NA	0.83620283134699	NA	0.836772629861594	NA	NA	1.13643445110921	0.854728161181174
NA	NA	NA	NA	NA	NA	NA	NA	NA	NA	NA	NA	NA	NA	NA	NA	NA	NA	NA	NA	NA	NA	NA	NA	NA	NA	NA	NA	NA	NA	NA	NA	NA	NA	NA	NA	NA	NA	NA	NA
NA	NA	1.06066603035496	NA	1.02139203247376	NA	1.28124622272178	1.18888432548606	0.908055738103144	NA	NA	0.859381605808446	0.948125652267146	0.978663972246242	1.09009980028018	0.906894624795323	1.00095100624891	1.10167079114962	NA	0.263185264726168	NA	NA	0.321684530295547	0.508996857844639	0.550032392055515	0.33176127678632	0.754654148024721	1.03230330049873	0.564749330763958	1.40813939905193	2.3119611362005	1.76494347915085	1.50670587132843	1.49276287045278	0.610121938765357	0.887821267591167	NA	1.38695420055137	0.663157565915834	NA
1.28911789039554	1.84636055876752	0.746440012147759	0.490893207696031	0.512757453978217	0.703111590644419	0.373987249718907	0.439216311090222	0.417524489148547	0.807153008556752	NA	0.655692939619772	0.550226529474404	0.365991374679534	0.468955286528686	0.725526515773466	NA	NA	0.589007441291255	NA	NA	0.409227860686614	0.667506929894245	0.576562339455922	NA	NA	NA	0.688294847865251	NA	0.714154637812179	0.915135975714614	NA	0.44506487281842	NA	NA	NA	NA	0.885595247865004	NA	0.752277966067231
NA	0.812873562196745	0.932969307794675	1.00858061086569	1.64175975818114	0.289373493692223	0.18671897509643	0.329288893637074	NA	0.731421583706998	0.937493615221339	1.00523498185969	0.819725869744515	0.526875887097783	0.396327137774069	NA	NA	0.351927630476401	0.503600098938614	0.40955795523128	NA	0.477090838286762	0.3553561070642	NA	0.404565323561569	NA	NA	NA	0.594545407814708	0.69051613849317	NA	NA	0.54407994570128	NA	NA	0.243758570426438	0.438587160454067	0.932953710848448	0.896621051855996	NA
NA	NA	0.648866500751282	NA	0.466824840938167	0.364611146560658	0.466524519109475	0.595264964779718	0.599481699519254	NA	1.09607579934609	0.314190758406211	0.830595445219802	0.179353098346427	0.530425387486042	NA	0.325404288963223	NA	NA	NA	NA	0.409792355369115	0.320840170853091	0.513774070449986	0.733985380830243	1.21521804805159	NA	NA	NA	NA	1.12064490281753	1.86861945823857	0.585887529240101	0.529407300553521	NA	1.43431512640017	NA	0.590192594200621	0.51276612408665	NA
NA	NA	NA	NA	NA	0.81894990259243	0.73804311039886	NA	NA	0.582728373711019	0.374543830541283	0.645143862015453	0.38177063568613	0.493776469651167	0.467971714165227	NA	0.649181151215252	NA	0.289973732200695	0.367229592672846	NA	0.343325865166744	0.612965878910322	0.720734592617348	0.564557369823112	0.67883942102938	0.834882150417395	NA	0.547481707973624	NA	0.791555764665648	0.535233291268718	NA	0.145137354244448	NA	NA	0.462590444936394	NA	0.646400348723746	NA
NA	NA	NA	NA	NA	NA	NA	NA	NA	NA	NA	NA	NA	NA	NA	NA	NA	NA	NA	NA	NA	NA	NA	NA	NA	NA	NA	NA	NA	NA	NA	NA	NA	NA	NA	NA	NA	NA	NA	NA
NA	1.0814395184214	0.700194543183906	NA	1.14060702211194	0.997723046559658	1.00269485743552	NA	0.46019754697202	0.656363984934395	0.741354020454182	0.847781579581478	0.62086591807926	0.73268416894145	NA	NA	NA	NA	0.849665153092734	1.55655738545707	NA	1.70395069666328	0.416878615709659	1.61470140140611	1.62724379025538	0.707134197259304	NA	1.8079441579582	NA	0.610398676437408	0.523091574924851	0.232228827780582	0.283197899933367	NA	NA	NA	0.194015491566478	NA	NA	NA
NA	NA	NA	NA	NA	NA	NA	NA	NA	NA	NA	NA	NA	NA	NA	NA	NA	NA	NA	NA	NA	NA	NA	NA	NA	NA	NA	NA	NA	NA	NA	NA	NA	NA	NA	NA	NA	NA	NA	NA
NA	NA	NA	NA	NA	NA	NA	NA	NA	NA	NA	NA	NA	NA	NA	NA	NA	NA	NA	NA	NA	NA	NA	NA	NA	NA	NA	NA	NA	NA	NA	NA	NA	NA	NA	NA	NA	NA	NA	NA
NA	1.01765772984618	NA	NA	NA	NA	NA	NA	NA	0.254537175157645	0.496086960071078	NA	NA	NA	NA	NA	NA	NA	0.431048085161428	0.902007956173106	NA	NA	NA	NA	NA	NA	NA	NA	NA	NA	NA	NA	NA	NA	NA	NA	NA	NA	NA	1.02950736079541
NA	NA	NA	NA	NA	NA	NA	NA	NA	1.58784625569175	1.39788877251371	1.28615264487675	0.913886183649718	NA	NA	NA	0.547775133889344	0.557386992628642	0.488535038676838	0.267967774996547	NA	0.404285666525266	0.560467266974002	0.786937456479018	0.878508823404331	NA	1.11136359801887	0.906382182184411	1.03760745157646	NA	NA	1.63699216546473	1.66060564366739	1.46104506443888	1.32563107298887	1.29696331294905	0.823981406914901	NA	NA	NA
NA	NA	NA	1.8871037536371	NA	NA	0.483123904426513	NA	NA	NA	0.683144885398181	0.663010840084221	NA	NA	NA	NA	0.806176417287622	0.910826270013703	NA	NA	NA	0.521881881452228	NA	1.23059911209853	0.800770008926904	NA	NA	1.39015194899235	1.49045174797359	1.27254430250913	NA	0.52052950695368	1.63909923749906	0.738962483579471	NA	NA	0.518187092787131	0.708554232673413	0.598867990558277	0.388190731038086
NA	NA	NA	NA	NA	NA	NA	NA	NA	NA	NA	NA	NA	NA	NA	NA	NA	NA	NA	NA	NA	NA	NA	NA	NA	NA	NA	NA	NA	NA	NA	NA	NA	NA	NA	NA	NA	NA	NA	NA
NA	NA	NA	NA	NA	NA	NA	NA	1.78378028522048	NA	2.19877798157062	NA	NA	NA	NA	NA	NA	NA	0.799534306253989	NA	NA	0.223016858898923	NA	NA	NA	NA	0.338715780594084	0.559951831913541	0.992200663625648	NA	NA	NA	NA	1.2535834719758	NA	NA	NA	NA	NA	NA
NA	NA	NA	NA	NA	NA	NA	NA	NA	NA	NA	NA	NA	NA	NA	NA	NA	NA	NA	NA	NA	NA	NA	NA	NA	NA	NA	NA	NA	NA	NA	NA	NA	NA	NA	NA	NA	NA	NA	NA
NA	NA	NA	NA	NA	NA	NA	NA	NA	NA	NA	NA	NA	NA	NA	NA	NA	NA	NA	NA	NA	NA	NA	NA	NA	NA	NA	NA	NA	NA	NA	NA	NA	NA	NA	NA	NA	NA	NA	NA
NA	NA	NA	NA	NA	NA	NA	NA	NA	NA	NA	NA	NA	NA	NA	NA	NA	NA	NA	NA	NA	NA	NA	NA	NA	NA	NA	NA	NA	NA	NA	NA	NA	NA	NA	NA	NA	NA	NA	NA
NA	NA	NA	NA	NA	NA	NA	NA	NA	NA	NA	NA	NA	NA	NA	NA	NA	NA	NA	NA	NA	NA	NA	NA	NA	NA	NA	NA	NA	NA	NA	NA	NA	NA	NA	NA	NA	NA	NA	NA
NA	0.500310847945737	0.632925782727264	1.05027043389124	0.557944215172753	0.65301664298056	0.646115287479761	NA	NA	0.55036566122748	NA	0.339829953365102	0.516474533820133	0.38592922530789	0.265525720050614	NA	0.587864232939534	NA	NA	0.638512845150565	NA	1.10696550777343	0.891242889835414	0.608199621532431	0.505213162958536	NA	NA	1.67079228479935	0.705216821168797	NA	0.819597269052903	NA	1.28633634596954	0.825771069992008	1.09007684568013	1.33487876704252	1.1477523810322	0.905091211460738	0.609270899238282	NA
NA	NA	1.47165639587957	NA	1.26600253376233	NA	NA	NA	1.20165100829111	0.347262704468538	0.50889983465979	NA	NA	0.323944410049706	0.40407172094713	NA	NA	NA	NA	0.455883363723329	NA	1.0337762067159	0.708400230788951	0.484487721176803	NA	NA	0.567032908720864	0.822977827133924	NA	NA	NA	NA	1.11944043897698	NA	1.32640701876135	NA	NA	NA	NA	NA
NA	NA	NA	NA	NA	NA	NA	NA	NA	NA	NA	NA	NA	NA	NA	NA	NA	NA	NA	NA	NA	NA	NA	NA	NA	NA	NA	NA	NA	NA	NA	NA	NA	NA	NA	NA	NA	NA	NA	NA
NA	NA	0.63758349154654	NA	NA	NA	0.701759372342701	NA	NA	NA	NA	NA	NA	NA	0.271939735208567	NA	NA	NA	NA	0.293960206859754	NA	NA	0.384165672501807	0.346204408079823	0.359593929744202	NA	0.550283128711225	NA	NA	NA	NA	0.36068957941483	NA	NA	NA	NA	NA	NA	NA	NA
NA	NA	NA	NA	NA	NA	NA	NA	NA	NA	NA	NA	NA	NA	NA	NA	NA	NA	NA	NA	NA	NA	NA	NA	NA	NA	NA	NA	NA	NA	NA	NA	NA	NA	NA	NA	NA	NA	NA	NA
0.656996761394963	0.728910679835268	0.674393611483017	NA	0.958755474292061	NA	0.651855451520887	NA	0.873465499894516	1.18343149460689	1.19849334849778	NA	0.467912845654876	NA	0.75810668266017	0.709705827192805	NA	NA	NA	0.831916064023486	NA	0.255024471967981	0.876793920751965	0.72917114731781	NA	NA	NA	0.612230285075666	0.783102251433672	1.07712187275075	NA	NA	0.869991184085279	NA	NA	NA	NA	NA	NA	1.47274618258914
NA	0.647803113706495	0.838191675727189	NA	NA	NA	1.14338862011363	1.49661778572423	NA	0.823015832647311	0.849059402756941	NA	0.681227596390332	1.09633041566907	0.862109803219965	NA	NA	NA	0.448334572391362	0.448998992219209	NA	NA	0.321551440986063	0.531029077838798	0.461356382253524	NA	0.194850246115421	0.198400627778354	0.494403094708245	NA	NA	0.698862122567396	NA	0.618663228371934	NA	1.23098337982327	0.620297859102604	NA	NA	NA
NA	NA	0.614493439577063	NA	0.736930232438367	NA	0.996276272430761	NA	0.265059586087234	0.219108215728473	NA	0.583017310175634	NA	NA	NA	1.99982135262894	0.410504002421922	NA	NA	0.669197892613708	NA	0.257766687550652	0.430114586685975	0.550536314508799	NA	0.529200557674754	NA	NA	NA	1.1101926106682	0.552220734948607	0.466777838884314	0.722728451721854	0.51993264658003	0.522379162112257	NA	0.918123379558943	NA	0.497572934590685	NA
NA	NA	NA	NA	NA	NA	NA	NA	NA	NA	NA	NA	NA	NA	NA	NA	NA	NA	NA	NA	NA	NA	NA	NA	NA	NA	NA	NA	NA	NA	NA	NA	NA	NA	NA	NA	NA	NA	NA	NA
NA	1.09904488963758	0.988208560539658	0.586354648661774	1.0851198152093	1.09285630004123	0.901802624365423	0.832943367362799	0.755946820286325	NA	0.986641270615542	0.753734693424049	0.977882096391369	NA	0.799359991164425	NA	0.81047365300656	NA	0.969080093309581	0.365893780939211	NA	NA	0.561678667679932	0.509387652535098	0.761216769677448	0.700360792483788	0.689832229930609	0.470119855704179	1.03550965048141	NA	NA	1.12430970096619	1.18994954704948	0.55056306256035	1.09495860283186	0.937915862396377	0.737491168082523	NA	NA	1.68569171771169
NA	NA	NA	NA	NA	NA	NA	NA	NA	NA	NA	NA	NA	NA	NA	NA	NA	NA	NA	NA	NA	NA	NA	NA	NA	NA	NA	NA	NA	NA	NA	NA	NA	NA	NA	NA	NA	NA	NA	NA
NA	NA	NA	NA	NA	NA	NA	NA	NA	NA	NA	NA	NA	NA	NA	NA	NA	NA	NA	NA	NA	NA	NA	NA	NA	NA	NA	NA	NA	NA	NA	NA	NA	NA	NA	NA	NA	NA	NA	NA
NA	NA	NA	NA	NA	NA	NA	NA	NA	NA	NA	NA	NA	NA	NA	NA	NA	NA	NA	NA	NA	NA	NA	NA	NA	NA	NA	NA	NA	NA	NA	NA	NA	NA	NA	NA	NA	NA	NA	NA
NA	0.884701633588483	NA	NA	0.724417565654581	0.850617161708209	0.906493678410837	NA	NA	NA	0.855097170525946	0.59310024548018	1.32149831323334	0.777860329198296	0.482399956831244	0.543297043536558	NA	0.260531550679458	0.357955107194408	0.382645951165942	NA	NA	0.471353825196173	0.852202368027406	0.597524570354998	0.930132861770327	1.25434629046313	1.73521728540848	NA	NA	NA	NA	NA	NA	NA	NA	NA	NA	NA	NA
NA	NA	NA	NA	NA	NA	NA	NA	NA	NA	NA	NA	NA	NA	NA	NA	NA	NA	NA	NA	NA	NA	NA	NA	NA	NA	NA	NA	NA	NA	NA	NA	NA	NA	NA	NA	NA	NA	NA	NA
0.296507110619409	0.58268122384815	0.267585296648598	0.674227654464149	0.605019880495668	NA	0.76626400303683	0.310265099627638	NA	0.466618616379362	NA	0.390018102816781	0.605449983913007	0.564417137769333	0.303677119503163	NA	0.300331517504505	0.55555246372221	0.285724755923093	0.188697058183345	NA	1.02186387066896	0.845648310132263	NA	0.338100034415971	NA	1.20878361950214	0.269840977179414	0.304902136670011	0.331712159688483	0.304844510546477	0.747850482651238	0.545284748818784	0.859190320350943	NA	NA	NA	NA	0.652917893094779	0.43726526474573
1.05710009251681	NA	0.425270840867525	1.02098081331899	1.79335215206724	1.37233722193064	0.612429643927431	1.10712002027727	1.42410519936712	1.10268407224502	0.532004981451079	1.14815552855854	NA	0.929264601798594	0.724897879553231	0.615971003745547	1.39387279193996	NA	NA	1.99385038473311	NA	1.50640962182262	1.48431666903061	1.52252099584191	0.499299855206635	1.17851872641609	3.03529495766564	0.669393255589946	0.535206576619043	0.183919496651469	0.660563999714104	1.31661187190608	1.47419864496505	0.62503724082038	0.392090995836656	1.23998995599143	0.412755904662632	1.21746726110882	0.621447777629846	0.965698666909708
NA	0.183886775334238	0.23696499152181	NA	0.630696590677567	0.731343106988015	NA	0.311440485906158	0.45879133049916	0.606074606414428	0.656785325860749	NA	0.858920171946205	1.02298720928424	0.852904271517418	NA	0.727741254817073	NA	NA	0.445402176124618	NA	0.193814020297496	0.488408518970123	0.337670174795757	0.388783985677379	0.534047633674871	0.885643700857531	NA	0.590857498042003	NA	0.547716353029843	0.394727557654422	0.253385816919097	0.617736376419286	NA	0.811779663188528	1.32393367681428	0.352537183442998	0.397250281646029	1.13493946615184
0.575885221181943	1.02137098120721	0.715356341666746	NA	NA	NA	0.411017659048695	NA	0.297388011843062	0.833422904838117	0.844878068260054	1.39602450286313	1.07667905702601	NA	0.610522867552699	0.393787321672148	0.464014736014986	NA	NA	NA	NA	NA	NA	0.753855950434369	0.694998945814554	0.443589502659739	0.532162660030336	NA	1.2462252465784	NA	0.846554706286759	0.450828973732646	0.510041996820724	NA	0.581490125722172	1.12039599560901	1.40412778546783	NA	NA	0.852597393666825
NA	NA	NA	NA	NA	NA	NA	NA	NA	NA	NA	NA	NA	NA	NA	NA	NA	NA	NA	NA	NA	NA	NA	NA	NA	NA	NA	NA	NA	NA	NA	NA	NA	NA	NA	NA	NA	NA	NA	NA
NA	NA	NA	NA	NA	NA	NA	NA	NA	NA	NA	NA	NA	NA	NA	NA	NA	NA	NA	NA	NA	NA	NA	NA	NA	NA	NA	NA	NA	NA	NA	NA	NA	NA	NA	NA	NA	NA	NA	NA
NA	1.15138308546398	NA	0.24018259643705	0.655871394628461	0.687071205247953	0.667085634621295	NA	NA	0.405565076100895	NA	0.195599864806542	0.523519673477219	0.60377746467913	NA	0.363246334633515	0.273383267836294	0.281750108744729	0.99856204551072	0.0477861174228485	NA	0.328160822071423	0.665142191512872	0.300872474744053	0.303436028141131	0.104671224689826	NA	NA	0.559324015123871	0.701528564951424	NA	1.80236358648357	1.00400480531145	0.550255846547385	0.610927581907931	NA	NA	0.366929906161705	0.232772109778906	0.486336634762518
NA	1.05198975757358	1.07265868972857	NA	1.0317150454395	NA	NA	NA	NA	0.964999977557411	NA	0.688834910280898	NA	0.223695914624759	0.245137552742194	0.147091975623713	NA	NA	0.389844206866897	0.245420484948982	NA	0.302197443912813	0.214006160608129	0.623169225096192	NA	NA	NA	0.894342891734875	0.853260567799265	NA	NA	1.09156665658286	0.969095001030887	NA	NA	NA	NA	NA	NA	NA
1.24780032144051	2.40205378636329	1.19188183982521	1.31140978674058	1.59888919874649	1.55705229977555	NA	1.21150916285789	NA	NA	1.58888102627462	0.875145973890721	1.82222233956356	1.11407839649922	0.522739243914378	0.638486645323209	0.401725398929344	NA	NA	0.929481168210961	NA	0.428182292500065	NA	0.602198753643654	0.69711184243918	NA	0.56483449202632	NA	NA	0.97309520237194	NA	0.838425366583711	0.497803240864705	1.45223343636476	1.19906277554105	1.29226573937531	1.29050800065207	1.77921733921253	1.56106990408979	1.54947569275899
0.882516360357091	0.732916863597403	0.882794999414998	0.569104800087531	0.840479554494175	0.601321265598093	1.70091844635327	NA	0.93220045401842	1.10773156757839	0.853789209948816	0.366645905317106	0.46396922797004	NA	0.857253981282523	NA	NA	NA	NA	1.4068232863472	NA	NA	NA	NA	NA	NA	NA	0.0887349824400079	NA	NA	1.37089529252646	0.342477062572635	0.655286746950889	NA	NA	NA	NA	NA	NA	NA
NA	1.12133575532762	NA	0.971254551799222	1.33876002963381	1.21574414434682	1.20838659929227	0.996822660733531	1.0267836498568	NA	1.47339631310999	0.997543659735588	NA	0.838586343219746	1.05488200505186	0.618414378720972	NA	0.684341188667344	NA	NA	NA	0.35610353706163	0.273748667958716	NA	0.717239306204813	0.960415511405183	NA	NA	NA	1.32930779594122	NA	NA	NA	NA	NA	NA	NA	NA	NA	NA
NA	1.00208352638103	1.02634841368465	1.20178195304037	1.02484431612075	1.54985823095592	1.13232691300189	NA	NA	NA	1.17321225754357	2.13669921096341	1.39150142383622	NA	1.3638287969011	2.52658812827467	1.87214587844667	0.877878281481105	0.380394114915455	0.302130459139255	NA	0.467441885319683	0.527542055623372	NA	0.277657906201482	NA	0.103210812342852	0.312746820069356	0.158395740806217	0.463670182689511	0.469036807159217	NA	0.513006186695532	0.626578289026884	NA	1.02851802329921	NA	0.894705385960194	NA	0.872366013070232
NA	NA	NA	NA	NA	NA	NA	NA	NA	NA	NA	NA	NA	NA	NA	NA	NA	NA	NA	NA	NA	NA	NA	NA	NA	NA	NA	NA	NA	NA	NA	NA	NA	NA	NA	NA	NA	NA	NA	NA
1.12745960978248	1.18616228644241	1.1722897817678	1.34990067395256	1.184724808183	1.34790210554044	1.46706955101206	1.31338524227552	NA	1.24446292158535	1.32513335646579	NA	0.84454526679464	NA	0.591176482008466	NA	NA	NA	0.593056019519682	NA	NA	0.114446172592818	0.156252749415844	0.746225302936518	0.635731468763887	NA	0.404534360541988	0.464345226694599	0.416534876949726	0.500373750381268	0.25060246542391	0.747390485426192	0.300649841024341	0.831845578999444	0.651099342539044	NA	NA	NA	1.32733687520636	NA
1.70016137461489	NA	2.13495912299719	NA	1.51018345152113	NA	NA	NA	0.873951359344109	NA	NA	0.552503057777814	0.739341835071672	0.548522058203583	NA	0.373857246757421	NA	0.574824418645197	NA	NA	NA	0.499193176950636	0.344263503697631	0.535804442310762	0.837525514788214	0.943656322997805	1.06666635830051	NA	NA	NA	NA	0.884722287793416	1.01949099768803	NA	NA	1.39113431407811	NA	NA	NA	0.584592546489606
1.34854997270301	NA	1.15396870967054	1.13748629301129	1.40500220777519	1.5218875843576	NA	NA	1.39024852161823	1.75958542550733	1.65642724970037	NA	2.16630323497245	2.17193093458493	NA	1.06154754158036	1.32723370165222	NA	NA	NA	NA	1.9795421344792	NA	1.2607952705728	NA	1.62544850104063	1.4243856654335	1.41064103598077	1.33552493749109	NA	1.63835620765942	NA	0.869240893463174	NA	1.28124528284982	NA	NA	NA	1.57975996624984	0.748494390257815
NA	1.1544490471013	NA	1.73410282485234	NA	NA	NA	NA	0.745708441045607	NA	NA	NA	0.359099308719508	NA	NA	NA	0.631354100248779	0.605127348626029	1.08851578694326	0.234314479466709	NA	0.453857950232178	NA	0.421973915544506	NA	0.495254967537386	0.69431929278439	0.43084753011921	NA	NA	NA	0.206103377321243	0.121867246728171	NA	0.330441623618265	NA	0.453583567323921	NA	0.555468023349514	NA
NA	NA	NA	NA	NA	NA	NA	NA	NA	NA	NA	NA	NA	NA	NA	NA	NA	NA	NA	NA	NA	NA	NA	NA	NA	NA	NA	NA	NA	NA	NA	NA	NA	NA	NA	NA	NA	NA	NA	NA
NA	NA	NA	NA	NA	NA	NA	NA	NA	NA	NA	NA	NA	NA	NA	NA	NA	NA	NA	NA	NA	NA	NA	NA	NA	NA	NA	NA	NA	NA	NA	NA	NA	NA	NA	NA	NA	NA	NA	NA
NA	0.902989829273689	1.05970026776648	0.989671901627901	0.591962462297179	0.441483051047962	0.422077252250563	NA	0.647441119567275	0.640132708531853	NA	0.554275833738836	0.905836811320228	NA	0.677740448330581	0.810159962912879	0.872977126875813	0.493452797709556	1.02265900638244	0.479658560651531	NA	0.461505911441192	0.125180299953817	0.480131211970047	0.285902804537346	0.55848020337385	0.648017429540384	NA	0.54291390867284	0.466206562666336	0.705559472576221	0.993062508344277	1.34135862550079	1.09133697684131	NA	1.21857353402679	0.999297359785247	1.11886556287859	NA	NA
NA	NA	0.607569082929665	NA	NA	NA	NA	NA	NA	0.442782333607538	NA	0.589034828516251	0.666532223885877	0.646060224041353	NA	NA	0.506993124699192	NA	NA	NA	NA	0.246603947995519	0.249896484706311	0.401322610292079	0.038681590727393	0.220312102195186	NA	0.277065002538962	NA	NA	0.361093141003047	0.495966135659229	NA	0.736065982924006	0.525916822588282	0.478947128051607	NA	0.752443548532349	0.391461846786546	NA
NA	0.526245705118891	0.554337423872679	NA	0.593653328686548	0.664839285275846	NA	1.13259879054572	1.11610035074862	NA	0.305605379893158	0.706988651626247	0.488847364931056	NA	0.236978773630763	1.25573517810634	NA	1.05177754113951	NA	NA	NA	0.352318738677506	0.314145983781772	0.965678800846242	0.833728245803655	NA	NA	1.5299137600147	NA	NA	1.98150174195071	NA	1.66463556101181	1.47579034050668	NA	1.28563945916552	1.17643467221369	0.583036049501857	NA	0.450758473726845
NA	1.76331019228218	1.09636563799149	NA	1.05192356343397	0.995783126699212	1.07626479808074	NA	NA	NA	NA	1.90743497076855	0.978418898672594	0.789156021086767	0.913494240735584	1.12631807005756	0.936492353674912	NA	1.02536297680166	0.801321864678166	NA	0.600878670860961	0.79127718295443	NA	NA	1.3897559858368	1.3334676619682	1.39250410804277	0.873915397242269	NA	1.09568066791261	NA	NA	1.31687525136335	NA	NA	NA	1.6235937437789	NA	0.940365762413908
NA	1.24154453019269	1.35070903683701	NA	1.08301587852484	1.09549195300406	1.02995926199214	NA	NA	1.65210920138138	NA	NA	1.31114740064581	1.08660712681207	0.648844707031613	1.18534687508236	1.00993383686483	NA	NA	NA	NA	NA	NA	1.12556748744003	0.684460565262696	NA	1.28909436769328	1.57947286516642	1.57264089099696	NA	1.45864701313406	1.36229047772402	0.967880915627315	0.492155270792574	NA	1.54008642415426	NA	0.857192205463317	1.71319007001718	1.34714655492305
0.978356447871991	0.579864346376905	0.751697642759301	NA	0.585557337201939	NA	NA	0.769705061462533	1.84908787741646	0.802438146935311	NA	0.81843132052719	NA	NA	0.692725472746298	0.49629654113267	0.377654776459556	NA	NA	NA	NA	NA	0.453848719604182	1.14809734279641	0.316139467085501	0.744434006803236	NA	0.896512955089594	NA	NA	NA	0.552002659032893	NA	1.05245232533491	NA	NA	NA	NA	NA	0.777702160155677
NA	0.802005519006519	NA	NA	NA	NA	0.316680689744017	NA	0.702583797046995	NA	0.778099420843739	0.89738925764605	0.824158365883273	1.13374219081878	NA	0.475999951410908	0.221861981290049	0.798881263305448	0.436696148388718	0.365531673263674	NA	0.375366713502197	NA	0.446592390197556	NA	0.742006436455004	0.703683239034615	NA	0.478118286715763	0.674737386136476	0.569174147263823	0.665185691125916	0.696282035316207	NA	1.38698395968024	0.643225406739637	0.923589184730824	0.36538678778487	0.627137776682456	NA
0.999010823221249	1.69828828139101	NA	NA	NA	NA	NA	NA	1.68351958884878	0.980203139235211	NA	1.25735836936584	1.38560053983261	1.57928094477375	1.15239768543862	1.27631653454699	1.35370988894692	1.41702722480755	NA	NA	NA	0.905713346698753	1.1859660864473	1.63754477688022	NA	1.27140288699691	1.00282155407757	0.861527061845408	1.14485530643792	NA	NA	1.69458522723447	1.48555509559375	NA	NA	2.09023740838595	NA	NA	NA	1.52229497515175
NA	1.28549804691143	0.834934310782301	0.739692639104954	0.748524814354828	NA	0.499668502087495	NA	1.19861976418556	0.851054548472738	NA	1.03473535667358	NA	1.26716462992451	NA	NA	NA	1.05931937076567	0.312457215881304	0.869283089723095	NA	0.532475136816907	0.517183700465747	0.278886115609064	0.870750385406169	0.87308872173116	0.826146060675096	0.436606241981144	0.206088956954104	0.362861377030149	NA	0.24827912444308	0.724864792634622	0.570412764935101	0.586066356886243	0.464896170482195	0.394596550986361	0.614724279889026	0.916398760816634	0.9459438378643
1.00570345420373	NA	2.10590790813286	1.42425195110756	1.79489881269692	1.56619717462827	1.68686911815998	1.40777202438525	NA	1.69010233460938	1.40029106654254	2.19687179227523	NA	NA	NA	0.34119595212452	0.260305142650201	NA	NA	NA	NA	1.77981233063425	2.10855015335707	NA	NA	NA	NA	NA	NA	NA	NA	NA	NA	NA	NA	NA	NA	NA	NA	NA
NA	NA	NA	NA	NA	NA	NA	NA	NA	NA	NA	NA	NA	NA	NA	NA	NA	NA	NA	NA	NA	NA	NA	NA	NA	NA	NA	NA	NA	NA	NA	NA	NA	NA	NA	NA	NA	NA	NA	NA
NA	1.4427174677218	NA	NA	1.42167628099157	1.80402535483347	1.29615920408546	NA	0.58549052773581	NA	1.07834564766006	NA	1.00104105467689	NA	0.766604687234496	NA	0.41159078613521	0.347022765803024	NA	NA	NA	NA	0.437051766209405	0.490104741927403	NA	NA	NA	NA	NA	NA	0.916988345508286	0.66870006971311	1.49212786524578	0.703086288525567	0.755072216914162	NA	1.62354858908898	1.39227308142399	1.03676863468752	NA
NA	NA	0.439632049871392	NA	0.907236331702936	0.381553738772732	0.43732600305865	0.732052517421445	NA	1.79629456680641	NA	0.737753047446042	0.921824036628362	0.741219850230357	1.26506350326259	NA	0.637929565947504	0.892062270759284	0.891513527844345	NA	NA	0.58489554263836	0.456919046207352	1.945242441519	NA	NA	NA	NA	1.75089241756054	1.45255742657578	NA	NA	1.49128341856129	NA	NA	1.93889511034796	NA	2.06985479542816	2.12539666893557	2.16032284242093
NA	NA	NA	NA	NA	NA	NA	NA	NA	NA	NA	NA	NA	NA	NA	NA	NA	NA	NA	NA	NA	NA	NA	NA	NA	NA	NA	NA	NA	NA	NA	NA	NA	NA	NA	NA	NA	NA	NA	NA
NA	NA	NA	NA	NA	NA	NA	NA	NA	NA	NA	NA	NA	NA	NA	NA	NA	NA	NA	NA	NA	NA	NA	NA	NA	NA	NA	NA	NA	NA	NA	NA	NA	NA	NA	NA	NA	NA	NA	NA
NA	0.389882118523574	0.272025783301759	0.335884251121393	NA	0.152575212842258	NA	NA	NA	0.464396202090951	NA	NA	0.744091243823563	NA	NA	1.22824839489169	0.17995056361613	0.360980015001784	NA	0.419229212653245	NA	NA	0.857848160764912	0.807658591610674	0.460196738750101	NA	0.543080144850638	0.796781194583185	0.346870866235336	0.562214727180361	0.270602630187366	0.320104360380529	NA	0.462803809643746	0.19826916240313	0.445226765766485	NA	0.340395981427014	NA	0.802226537736524
NA	NA	NA	NA	NA	1.15857319259089	NA	NA	0.491770939888375	0.644900144109926	0.711725457148266	NA	0.578937362332803	0.243481834642702	0.688396372004046	NA	0.499937970763828	NA	NA	NA	NA	0.36379352530695	0.423060398156942	NA	0.461144695130887	0.352290596433215	0.437721725087721	NA	0.212072707580867	1.34313623165692	NA	0.584103117132914	NA	0.419184109859293	NA	NA	0.804182816701366	NA	0.797246503187843	0.185097076006271
NA	NA	0.606493211764962	1.26791182707133	1.70672479731466	1.12578202617118	0.934786263520683	NA	1.56039306190275	NA	NA	0.753509532516953	NA	0.49796282163742	0.475518355512026	0.143509235908491	0.155482297425735	0.624970241763805	1.23989796034826	0.232217731256736	NA	0.212258210666029	0.463152336386923	1.44620171416515	NA	0.283689423809148	NA	0.562557606491201	0.790565733507326	NA	0.389931592495463	NA	NA	0.9263848368986	NA	0.898947717077653	NA	NA	NA	1.27336254589019
NA	NA	NA	NA	NA	NA	NA	NA	NA	NA	NA	NA	NA	NA	NA	NA	NA	NA	NA	NA	NA	NA	NA	NA	NA	NA	NA	NA	NA	NA	NA	NA	NA	NA	NA	NA	NA	NA	NA	NA
2.45291852403182	NA	1.87512763357131	NA	1.68596628972207	0.17224653375783	NA	NA	NA	NA	NA	NA	1.21488610613224	1.08946663076621	NA	NA	1.3597498851792	1.24410102860419	1.67813262754617	1.64598958291476	NA	0.856986863410247	1.60102674484639	1.60647892891984	1.51362357558369	1.76284339682261	NA	1.67763303867782	1.41962257747275	1.33918041328772	NA	NA	1.31621078463885	1.47193299297737	1.45342812174202	1.49413700977613	1.3410855773895	1.23365122115822	1.53024075545835	1.68082787510462
NA	NA	NA	NA	NA	1.125651023941	1.40455416298116	NA	NA	NA	NA	0.62496359430059	0.648095013064633	0.603700876098019	0.479482021927374	NA	0.447705086597438	0.485018155757628	0.292612302449922	0.0978757936258336	NA	0.520925417063669	0.689334237508018	0.631250991167627	0.899053708696651	1.080326812639	NA	1.13569437267594	NA	NA	NA	1.05518196459985	NA	NA	NA	NA	NA	NA	NA	0.887715311386337
NA	NA	0.826417958790254	NA	0.269203462254198	0.486386605319629	1.4207134815561	1.60915887487167	1.82481530279714	NA	1.21455092232475	NA	0.77632068700904	0.360420499202841	0.499595207441574	0.694640493020772	1.68385060884796	NA	0.998670655984523	0.270751686151897	NA	0.446526967796998	0.362489157381194	0.565342188087207	0.349995769836016	NA	1.96767592580322	NA	NA	NA	NA	NA	NA	1.53868162828269	NA	NA	1.3753687979973	0.933648084573993	NA	NA
NA	NA	NA	0.299945409577064	0.40411907589128	0.541808389776147	NA	NA	NA	NA	NA	NA	0.187326254431302	0.371988690082429	0.634323137515298	NA	NA	NA	NA	0.44754801703742	NA	0.354358584955129	NA	NA	0.37198667701007	NA	NA	NA	0.711057049195671	NA	NA	NA	NA	0.555798732842918	NA	1.97385853587662	NA	NA	NA	NA
NA	1.15207754350279	0.899470447428911	NA	1.74417456194354	NA	1.30319548494943	0.739078497167437	NA	0.886033189657719	1.08626280428245	0.601559440728923	0.923849330348206	0.589376361448974	0.859394664616137	0.605601186182994	0.713586803930363	NA	NA	1.31991242814463	NA	1.18181173599463	1.15456777862035	NA	0.604986670070251	1.29187674777001	1.17735954833708	0.745738496515983	0.413299340274283	0.647397942176435	NA	1.32400112165962	1.38426768666589	0.890480072582646	NA	0.989163130456621	1.17833693031836	0.61156633874122	1.5113526832074	0.932956558603177
NA	0.116641523613941	0.716577311190377	NA	1.29219221384125	1.09910051057953	NA	NA	NA	1.13903032760879	2.14695104321853	NA	NA	NA	NA	NA	NA	NA	1.09893351605635	NA	NA	0.645002481010777	0.406174884191738	0.530618133899893	0.232133217749247	NA	0.483744779876582	0.732830379550634	0.969099462810482	NA	NA	NA	NA	NA	0.613451451781951	NA	NA	NA	0.724559514491131	NA
NA	0.543773795934153	NA	NA	NA	NA	NA	NA	NA	NA	NA	0.20848629782092	0.29597185501863	0.657699926333433	NA	NA	NA	NA	0.533165334738307	0.286620326108681	NA	NA	1.04813498859358	NA	NA	0.725714981465048	1.15737354955014	0.969951749094447	NA	NA	NA	NA	NA	NA	NA	NA	NA	NA	NA	NA
NA	NA	NA	NA	NA	NA	NA	NA	NA	NA	NA	NA	NA	NA	NA	NA	NA	NA	NA	NA	NA	NA	NA	NA	NA	NA	NA	NA	NA	NA	NA	NA	NA	NA	NA	NA	NA	NA	NA	NA
0.999689250804687	NA	NA	NA	NA	NA	0.650049309369497	NA	NA	0.573611999790219	0.309328077177586	0.557753382394708	0.380360970295538	2.04900699344285	0.746573867542162	NA	0.297606797453504	NA	NA	0.802348101488753	NA	0.552396958349182	0.710719360910203	0.609996405941064	NA	0.623319265293963	NA	NA	0.707835818488662	NA	NA	NA	0.67664039214934	0.451219744681046	NA	0.487762910415995	NA	NA	0.88656205644975	NA
NA	NA	NA	NA	0.806834328997106	NA	0.433331945304959	NA	NA	NA	NA	NA	NA	NA	0.610609678136743	NA	NA	NA	0.437009402798598	0.0440783703188334	NA	0.346373727940971	1.37567655388353	1.63357804536159	NA	1.67119558142092	0.766068983955133	1.19223163914772	0.858609273975953	1.12164806713009	1.28070691761607	1.34517272556176	NA	NA	NA	NA	NA	NA	1.89353478793497	2.2583791222394
0.272638774992294	NA	1.03835454765797	NA	NA	0.531832831989617	NA	1.23867411529322	1.58557358235757	1.24755483185217	NA	1.08165676105851	0.215440605362451	NA	1.35974498534108	NA	NA	NA	NA	0.678481077839279	NA	NA	1.52127451197859	NA	NA	NA	NA	0.200317822003162	NA	NA	0.593974913373947	NA	NA	NA	NA	NA	0.851096129475955	NA	NA	0.518214112951165
NA	NA	NA	NA	NA	NA	NA	NA	NA	NA	NA	NA	NA	NA	NA	NA	NA	NA	NA	NA	NA	NA	NA	NA	NA	NA	NA	NA	NA	NA	NA	NA	NA	NA	NA	NA	NA	NA	NA	NA
2.13258593800545	2.02704910027932	0.754656893744377	0.531352068541737	NA	0.603715644333388	0.50285803562766	0.269053985186929	1.07296542639721	1.85312192452736	0.766642805271355	1.41037069982292	1.34321832556211	0.701630124991247	1.2391812450185	NA	0.678141363687229	0.72872496905496	1.37281048951472	0.390362583521775	NA	0.637390400344359	0.775458276763245	NA	0.746421069323911	0.717638687971113	1.91506261712152	0.639912273446776	0.60081329990711	0.321000066027644	1.11334947916618	1.34802778939844	0.50960656822415	1.56580219025859	NA	NA	0.586027394747785	NA	0.429460214654192	0.593633631108724
NA	NA	NA	NA	NA	NA	0.278644140690805	NA	0.175510597882831	0.386700087815415	NA	NA	0.596579159377422	NA	0.540384336465023	NA	1.07551585549749	NA	NA	0.629346504083528	NA	0.306241296745403	0.668228433867337	1.38455761665025	0.434554566094056	NA	0.447737498845851	0.43410497857181	NA	NA	NA	0.828085680016116	NA	NA	NA	NA	0.250288115077109	NA	0.348941995828311	0.36074690697332
NA	NA	NA	1.10551466567304	NA	NA	NA	NA	NA	NA	NA	NA	NA	NA	NA	NA	NA	0.941882458237328	NA	NA	NA	0.284326617309662	0.601066294622039	0.644186859749718	NA	NA	0.695248539714846	1.46677385293413	0.844831751124433	NA	NA	0.843658285280637	0.84872177499122	NA	0.624021114223164	0.846324360731452	NA	0.767096547009836	0.698984301984247	1.39715099175732
NA	NA	NA	NA	0.980610933593635	1.73602929773325	NA	NA	NA	NA	NA	1.3914347361182	NA	NA	NA	NA	NA	NA	NA	NA	NA	NA	0.586446688029612	0.56401428306428	0.450461714630562	NA	0.551750839343376	0.479290128950365	NA	0.853826308339348	NA	1.04510717338676	1.42949694007939	NA	NA	NA	NA	NA	NA	NA
1.15804846906006	0.419967928365286	NA	0.505146586332738	0.172614038163078	NA	0.497859366033131	NA	0.710871013089821	NA	NA	NA	1.13680693949589	0.96705078142136	1.01246315227083	NA	0.272609043192563	0.731814099131635	0.108607380972498	NA	NA	NA	NA	0.425373615803662	0.552739729516893	NA	NA	0.638359548893868	0.855268954989254	NA	NA	1.15986213896308	0.803326731268612	NA	NA	NA	NA	NA	0.196032686458142	NA
NA	NA	NA	0.775429379500674	NA	1.02157340405951	NA	NA	NA	NA	NA	NA	NA	NA	0.530484413243217	NA	NA	NA	NA	NA	NA	0.42526697618597	0.216179933346248	NA	0.421523293797402	NA	NA	0.837172023440228	NA	NA	NA	0.350501557480614	0.23314368093816	0.742519959981347	NA	1.28648565108836	NA	0.872782961749485	NA	1.17742205428157
1.07806440844067	1.07057639452822	1.08372669477788	0.79504224832484	NA	NA	0.620839908726547	0.677343856884574	NA	0.930581611328852	0.911986470771934	NA	0.781083819015582	0.476819133149835	NA	1.41620193813897	NA	NA	NA	0.753005940635621	NA	0.326577296064703	0.437698090197044	0.328937197985559	0.952208131084751	0.679206827671135	NA	1.13422097148314	0.620501447187459	NA	NA	NA	1.23784191692769	NA	NA	NA	NA	NA	NA	NA
0.906267965772469	0.832212503261562	0.769635921042977	NA	0.666074323651694	0.728960451985775	0.552613602013945	0.675746536288766	0.30538076393536	NA	0.0575372556613171	0.428878875690538	NA	NA	0.52088384887888	NA	NA	NA	NA	NA	NA	NA	0.580299845687571	0.555659466190263	0.671136491940904	NA	NA	1.17843228379425	NA	1.22360815354551	NA	NA	1.23453885709946	NA	NA	NA	NA	NA	NA	NA
NA	NA	NA	NA	NA	NA	NA	NA	NA	NA	NA	NA	NA	NA	NA	NA	NA	NA	NA	NA	NA	NA	NA	NA	NA	NA	NA	NA	NA	NA	NA	NA	NA	NA	NA	NA	NA	NA	NA	NA
NA	NA	NA	NA	NA	NA	NA	NA	NA	NA	NA	NA	NA	NA	0.767830395956112	0.548980713272779	0.541566505713992	NA	NA	0.808471738692948	NA	0.94385465804397	0.184574799234809	0.274243091090619	0.221275065846362	0.191787142984423	0.18792945833805	0.404735934004205	NA	NA	0.309794344505284	NA	NA	NA	NA	NA	NA	NA	NA	NA
NA	NA	NA	NA	NA	NA	NA	NA	NA	NA	NA	NA	NA	NA	NA	NA	NA	NA	NA	NA	NA	NA	NA	NA	NA	NA	NA	NA	NA	NA	NA	NA	NA	NA	NA	NA	NA	NA	NA	NA
NA	0.565752336679656	0.604558437908503	NA	0.774390018682006	NA	0.818431399109724	NA	NA	0.596363833935709	0.610568075743854	NA	0.803299868311864	0.684570253329779	0.524889556679829	NA	0.112069230584141	NA	NA	NA	NA	0.707447043380512	NA	NA	1.36135107949998	1.1209135711285	NA	NA	NA	NA	NA	NA	1.78647532750723	NA	NA	NA	NA	NA	NA	NA
NA	NA	NA	NA	NA	NA	NA	NA	NA	1.19938462833105	0.577120713297434	NA	NA	0.649841972472919	0.2431229023243	NA	0.519230011329108	NA	0.24040932207773	0.516668325195499	NA	0.129212602503492	0.627016057773276	0.175425280811704	0.648360001274269	NA	NA	0.324761821058806	0.448202663294321	NA	NA	NA	NA	NA	NA	NA	NA	NA	NA	0.560614824388905
NA	NA	NA	NA	NA	NA	NA	NA	NA	NA	NA	NA	NA	NA	NA	NA	NA	NA	NA	NA	NA	NA	NA	NA	NA	NA	NA	NA	NA	NA	NA	NA	NA	NA	NA	NA	NA	NA	NA	NA
NA	0.889812528676049	0.855731313018876	0.520069344976005	NA	NA	1.72677308834797	NA	NA	0.826948520612754	NA	1.26146711196515	NA	1.41400345992894	NA	2.17685652816301	0.809861694654947	0.487623044104827	NA	NA	NA	0.674333528861776	NA	0.619146229922871	NA	NA	NA	NA	NA	NA	NA	NA	NA	NA	2.456467276535	NA	NA	NA	2.25397678720317	2.09773657864968
NA	NA	0.909838055243491	NA	NA	NA	NA	NA	NA	0.632294479775444	NA	0.337310596441326	NA	NA	NA	NA	0.421001705632867	NA	NA	0.37018337795909	NA	0.567926118481436	0.820104353249964	NA	NA	0.544887916884998	NA	0.908048339391287	NA	NA	NA	NA	0.84749905641229	NA	NA	2.28226094663343	NA	NA	NA	NA
1.0826203569204	1.02746392039382	1.24797869262462	1.48797600668265	1.28321541035752	0.961284883995532	1.295050078755	0.481333591431732	1.41922284714709	0.95238855304562	0.789492964288406	0.265898804896704	0.617802048243854	1.12812224865643	1.66944990133282	NA	1.10146346603849	1.19774018117484	NA	1.15017019859139	NA	0.309173123146977	0.325083899925628	0.548615784774736	0.400934824357899	1.601336428147	0.234372524425097	1.95068353514961	0.423293315983032	0.524503117414163	0.654693552127413	1.46384814410382	1.69141214003696	1.15607650631627	NA	0.753063792353344	1.5347086612233	NA	0.945635254935014	1.88450894174674
0.604485673422589	0.848526660842662	0.771620904792001	NA	0.940587799471705	1.09333430281947	0.734776820730517	0.800416547412096	0.380809362994825	1.055795282065	NA	1.54232125851708	1.64235807582088	NA	0.877767741568065	1.05027230758611	0.577727764586798	NA	1.27664126913868	0.763842876637244	NA	0.201973045072175	0.247087350267874	0.405978603910004	0.77128132898858	NA	0.305556018109252	0.786184055891456	1.03938597620807	1.51511267477325	1.19511866315661	NA	NA	NA	0.965300823962877	0.767891855880995	NA	NA	0.402470954593055	0.175441596096548
NA	1.30947831493294	0.951191598014235	NA	NA	NA	NA	NA	0.448035113540773	0.304686262576704	NA	0.585427624094712	0.43705258196213	NA	0.516572566294569	0.416020619234583	0.452690541489696	NA	NA	NA	NA	0.515810252953593	NA	NA	0.268898487540627	NA	0.550686470447669	NA	1.00590815007547	NA	NA	0.603033192246432	NA	0.796006593440268	0.40314894452973	0.453076874729528	0.735842195590703	NA	0.712816047433595	NA
NA	1.25574943456776	0.50842777030626	0.904664136971486	NA	NA	0.107363855576808	NA	NA	NA	0.487290325193111	NA	1.30963747774559	NA	0.191690440299278	0.638776795937951	NA	NA	NA	0.34028449561713	NA	NA	0.511447274890133	0.257127834931312	0.362939603435148	0.543579552540973	NA	0.484695437886072	NA	NA	0.756743304612465	NA	NA	0.381741795458772	NA	0.530946619546001	NA	NA	NA	0.971951198742228
NA	NA	NA	NA	0.0722676451067136	NA	NA	NA	NA	NA	NA	0.809435525724194	0.368005715685031	0.323418437363344	0.320660113678664	NA	NA	NA	0.458313431242365	NA	NA	0.152666151431852	0.147012168792839	0.224943067117773	0.180688402630234	NA	0.320459229015997	0.616332797039083	0.748934123273331	NA	NA	NA	NA	0.498426054543711	NA	0.516310414729594	NA	0.414666850194441	0.153761246974432	0.548732068740902
NA	NA	NA	NA	0.290343677873303	0.471874802197786	NA	NA	0.598473663480645	NA	NA	0.426896014004819	0.568157264267645	NA	NA	NA	NA	NA	1.02871401799271	0.288315822251651	NA	0.863319132047944	NA	0.532031758762442	0.408140405485316	NA	0.23856088241662	0.135910205748531	0.234553912991249	NA	NA	1.02061878273971	1.10604941711339	0.818655703543846	NA	0.692892001020871	NA	NA	NA	NA
NA	NA	NA	NA	NA	NA	NA	NA	NA	NA	NA	NA	NA	NA	NA	NA	NA	NA	NA	NA	NA	NA	NA	NA	NA	NA	NA	NA	NA	NA	NA	NA	NA	NA	NA	NA	NA	NA	NA	NA
0.955041521262385	0.396521262237081	0.58602883686256	0.539403037926498	0.512939553201377	0.48818896527409	0.423888366372462	0.437724247954338	0.599891409060763	0.798046203112835	1.69454085091174	1.41378604990857	0.282086450050188	0.924233527647699	1.0062914101606	0.628484053944712	0.469884185555113	0.739105043950136	0.699084162117424	0.0899705936726799	NA	0.474340203280973	0.610791065190938	0.388051624273944	1.62163862787101	0.260103024096949	0.749059568621509	0.373960283280738	0.94428254766768	0.293267793527005	NA	0.152116739038005	0.718284614976948	0.779608781084845	NA	0.485493934515816	NA	0.472244115627531	NA	NA
0.745728961512583	0.929234711159408	NA	0.910104322044344	1.12112838651816	0.925426606830599	0.789197512671022	0.67370399394222	0.85407302579061	0.761919582561805	0.371306141491412	0.552204055797301	0.146626917242872	0.484733412274516	0.797468154320541	NA	NA	0.229881922406697	0.384451160268824	0.0536945110067159	NA	NA	0.420235358881754	0.190875716148165	0.420226586570106	0.670497792283589	NA	0.951720632603134	0.558087592314193	1.08355803756067	0.756692078748114	NA	0.584472019945641	0.239163878203331	0.775796175700855	0.572864945710934	0.998983811380111	0.762096953168238	0.550603311779646	NA
NA	1.77226894101087	1.81833384828019	NA	1.7620203104752	0.642226135035846	NA	2.10292875938933	1.73510969546362	0.946188572981674	0.695788813158343	1.85370093570689	0.747855488487724	NA	0.474197857221708	NA	0.798037491593159	2.0534253836648	1.0594167416266	0.478592656843792	NA	1.93855993481221	0.255587840807658	NA	2.29279878761436	0.7513629959347	0.943991007765853	NA	NA	0.680866054139025	NA	1.15192603059455	NA	2.01755072351688	NA	0.422915299594464	NA	NA	2.31082452794495	NA
1.91798789174737	NA	1.06526662112469	NA	1.03316810328503	1.23285298397113	0.919409765657566	0.949483499443823	NA	NA	0.382885650306431	NA	0.737768493879039	NA	NA	NA	0.779363515453146	NA	NA	NA	NA	0.134541846742971	NA	1.01385741407051	NA	NA	NA	0.245025996047582	0.283614128030593	NA	NA	0.933815779256189	0.452686475397449	0.473001255818679	0.503022556048891	0.992872832549775	1.10444678179023	0.601460122303049	NA	0.474703095549902
NA	1.15605369349762	1.29319417772318	1.19962127361524	0.591610314038357	1.18498829171362	0.574051411661246	1.88611686531855	0.635137564209961	0.917190927009365	0.215037056007135	0.367017344379662	0.813805609628694	0.608564771923262	0.644019611255059	0.283275519444256	0.569256863680235	0.303389190107368	0.130397156126122	0.23119597474017	NA	0.453733556835557	0.539837406877156	0.223352849537054	1.32159736270132	1.60216528904615	0.782022155595909	0.230897682316174	0.724651723579761	0.197236276321214	NA	0.185442420057132	0.626611176687208	0.480799766189783	1.25420560902262	0.424691120459623	0.955622168168028	NA	0.427956426655239	1.11905390818591
NA	0.787782308161023	1.2116930324329	1.15072939973908	NA	1.33892230896954	0.935824852922287	NA	0.919287404755988	NA	0.833253399642723	NA	0.99373049795548	1.41430423274593	NA	NA	1.11497374996201	0.906301293527519	NA	NA	NA	0.477432607251708	1.07718186992676	NA	0.27659989903749	0.524680909530431	0.19386254311228	NA	0.326063835090978	0.670815245646464	NA	NA	0.350121006179111	0.257112531709127	NA	0.464064431940024	0.394181077352491	0.835169472969296	0.632793700559851	0.649144510214363
NA	NA	1.02146297985503	NA	1.87886538625457	1.91819450278058	1.58164052380776	1.47357538287345	1.04691795806	1.09097859393391	1.46409665300846	1.52713916040222	0.824858801802048	0.548515368476407	1.08539206967344	1.26353416504318	0.940487207969998	0.985532075410715	NA	0.614265574735602	NA	0.360262808872364	NA	0.496469163692644	0.700496955470209	0.853116232147248	0.974187355521635	0.799953278295669	1.480635668565	0.655721002564116	1.72074431067086	1.45206341721683	1.46100092627418	1.56951196835911	1.99356945430568	1.33706427116026	1.6667171067634	0.618642794595204	0.602685657797123	1.03802595902894
NA	NA	NA	NA	NA	NA	NA	NA	NA	NA	NA	NA	NA	NA	NA	NA	NA	NA	NA	NA	NA	NA	NA	NA	NA	NA	NA	NA	NA	NA	NA	NA	NA	NA	NA	NA	NA	NA	NA	NA
NA	NA	NA	NA	NA	NA	NA	NA	NA	NA	NA	NA	NA	NA	NA	NA	NA	NA	NA	NA	NA	NA	NA	NA	NA	NA	NA	NA	NA	NA	NA	NA	NA	NA	NA	NA	NA	NA	NA	NA
NA	NA	NA	NA	NA	NA	0.188037981636169	NA	0.42353979576438	NA	0.779282564905607	NA	0.88695513829671	NA	0.60213963528982	NA	0.789212785690044	NA	NA	0.568437174783292	NA	NA	0.310759670972143	0.542866192126962	NA	0.774441685148265	NA	NA	NA	NA	NA	NA	0.851199741109588	0.665541082789116	NA	0.780583066821254	0.434790821708815	NA	0.420451275003832	NA
NA	1.00443835566582	1.81076194024664	NA	NA	NA	0.710096097124261	NA	1.01918864162297	0.651761831916072	NA	0.850576124537845	NA	0.804073350173087	1.00521071438907	NA	0.931002202061762	1.61304307326698	NA	0.229120987738369	NA	0.467778559565096	0.255869550887956	0.58942607470067	0.334451425898523	0.436532790143114	0.419006920144912	0.885884593291637	NA	0.834257291445932	1.73389723213439	1.5683877058773	NA	1.23963879143074	1.83937138772889	NA	NA	1.42738356623158	1.48012538308835	0.396929051945359
1.08107787019494	0.756786339551783	NA	NA	0.686602098021151	0.313836268707321	NA	NA	NA	NA	NA	NA	0.515778403235519	0.227380434744236	0.276232860951202	NA	NA	NA	0.551222735635034	0.403606047123756	NA	NA	NA	0.662719532702693	NA	NA	0.0745925428169464	0.936624240814318	0.432151797498842	NA	NA	0.576994318618741	0.483942283171106	0.679792554828784	0.691248696426662	NA	NA	0.379985520301782	0.656810326903483	NA
0.654730840722936	NA	0.733215300381222	NA	0.933850106996826	0.436126042133124	0.512809050946615	1.33448927691119	1.15772246049429	0.934042101346136	0.273360032582342	0.42395196887081	0.471884000926884	0.674791154097613	0.404594144678961	NA	0.742972431205928	0.521228396776564	0.296613795068514	0.340775091728767	NA	NA	0.116515788159216	0.393138023561691	0.129770965501578	0.331868833997699	0.688018608082988	0.607172057218555	0.446900940746608	0.74938635774203	0.693170291265292	0.534427298874025	0.387561182384722	2.04801193515497	0.64107891859096	0.984591826408538	0.883357675476644	NA	NA	1.35673487164317
NA	0.469261662461584	0.661943873975147	0.991850905856535	NA	0.611753577052983	0.517962876860628	NA	0.556569708352121	NA	NA	0.258318837682619	0.456670946458795	0.369105847816936	0.314628611812956	NA	NA	0.503365901423636	NA	NA	NA	0.317501845492545	NA	0.552243547297343	0.466477894982485	NA	1.62526250731834	0.678806791753418	NA	NA	NA	NA	NA	NA	NA	NA	NA	NA	NA	NA
1.8813302757964	1.6564103768147	1.37097372604546	1.84169880773077	2.08244270157395	2.44268682929938	1.23941836365767	NA	1.16926262840017	2.04400596036251	0.690999169334744	1.42455449947323	1.07249907528961	1.01217362325296	1.13197213723154	NA	NA	0.805536286131535	NA	1.02639917099739	NA	1.08152381281274	0.774928004486367	NA	1.13317639343695	NA	0.669307559229999	1.14088581888163	1.06253460819582	NA	NA	0.908694905537706	1.29841123108504	NA	NA	NA	NA	1.34501329510271	NA	1.63448578192282
NA	1.73106805466951	NA	NA	1.80658541209996	NA	NA	NA	NA	NA	NA	NA	NA	NA	NA	NA	NA	NA	NA	0.362818760433229	NA	0.348710299544136	NA	NA	NA	NA	NA	0.951297444918336	NA	NA	NA	NA	NA	NA	NA	NA	NA	NA	1.28292074150477	NA
NA	NA	NA	NA	NA	NA	NA	NA	NA	NA	NA	NA	NA	NA	NA	NA	NA	NA	NA	NA	NA	1.43849469186366	0.485533242318799	NA	NA	NA	0.654334698325392	0.391059162346748	NA	NA	1.3319769363316	NA	NA	1.41256448537916	NA	NA	NA	0.647230517452859	0.787084166648993	NA
NA	NA	NA	NA	NA	NA	NA	NA	NA	NA	NA	NA	NA	NA	NA	NA	NA	NA	NA	NA	NA	NA	NA	NA	NA	NA	NA	NA	NA	NA	NA	NA	NA	NA	NA	NA	NA	NA	NA	NA
NA	NA	NA	NA	NA	NA	NA	NA	NA	NA	NA	NA	NA	NA	NA	NA	NA	NA	NA	NA	NA	NA	NA	NA	NA	NA	NA	NA	NA	NA	NA	NA	NA	NA	NA	NA	NA	NA	NA	NA
NA	NA	NA	NA	NA	NA	NA	NA	NA	NA	NA	NA	NA	NA	NA	NA	NA	NA	NA	NA	NA	NA	NA	NA	NA	NA	NA	NA	NA	NA	NA	NA	NA	NA	NA	NA	NA	NA	NA	NA
NA	2.04885665029375	NA	NA	1.03018319959741	NA	NA	NA	NA	2.03437190042489	NA	1.08503742181527	1.07613801553343	0.974667199331568	0.46108756936814	NA	NA	NA	0.774639751375325	0.616211592509777	NA	NA	NA	NA	NA	NA	1.11411391355489	0.83225129718105	NA	NA	1.64873913021334	NA	2.09087259597986	NA	NA	NA	NA	NA	NA	NA
NA	NA	NA	NA	NA	NA	NA	NA	NA	NA	NA	NA	NA	NA	NA	NA	NA	NA	NA	NA	NA	NA	NA	NA	NA	NA	NA	NA	NA	NA	NA	NA	NA	NA	NA	NA	NA	NA	NA	NA
NA	NA	NA	NA	NA	0.975725267117647	NA	NA	NA	NA	NA	0.597792976166837	NA	NA	NA	NA	NA	NA	NA	0.711341936268821	NA	NA	0.527734625710555	NA	0.797706543100074	1.10632379243506	NA	NA	0.861978044437686	NA	1.20012499742876	NA	1.01833002732774	NA	NA	1.33742245779207	NA	NA	NA	1.05660465791329
NA	NA	NA	NA	NA	NA	NA	NA	NA	NA	NA	NA	NA	NA	NA	NA	NA	NA	NA	NA	NA	NA	NA	NA	NA	NA	NA	NA	NA	NA	NA	NA	NA	NA	NA	NA	NA	NA	NA	NA
2.1507819383781	NA	2.8867536223434	1.4686241349541	1.87305679071801	2.20075231833542	1.7357998877132	1.84212133441955	1.53516920596576	1.810210923084	1.71331724855056	NA	1.34814812710091	1.26018543123436	1.54658409335925	1.56185142018411	1.59814252434955	1.32786356733987	NA	1.32105350517598	NA	NA	0.63792914234444	1.46777591999535	NA	1.42301252218758	1.17526205162322	1.13042449269623	1.17608691462894	NA	NA	1.55485016667037	1.33165551959669	1.64622883613697	1.42654293493144	NA	1.50999141259796	NA	NA	NA
1.26483128019142	NA	NA	NA	NA	1.03734508557584	1.34944425201459	NA	NA	1.28291796147776	NA	NA	1.14041348705205	NA	0.786940187986239	1.13260623149272	0.877299463198584	2.13232763415708	0.801800539148737	0.273190847885949	NA	0.220660082360843	0.582027922092333	0.594765867879831	0.378303456740603	0.660623002175671	0.927923009068689	NA	2.41986768022316	NA	1.42527698799439	NA	0.828690415614423	NA	1.64995850475748	NA	NA	NA	NA	NA
1.85358661784414	1.73384963576318	NA	1.70384006414361	1.39304080953236	1.39971842921985	1.48496366150889	NA	1.94356299748222	1.64714483721066	1.76321790558062	1.82047271016596	1.14137003180625	1.77463515240087	NA	NA	1.98560677908447	NA	NA	NA	NA	0.245552435657095	1.21291721880123	1.82617014922283	0.5745417133378	NA	1.1700312663991	2.08298311200682	0.719702569021801	NA	NA	2.0216176238624	2.04615877783129	NA	NA	NA	NA	NA	NA	NA
NA	1.0075852124872	0.857019953739734	1.02492756343738	NA	0.440366461038516	NA	0.477249466791862	0.772327937053172	NA	NA	0.957425006969287	0.974574938556271	1.24306793112673	0.874513255855281	1.10614344291947	0.940427197668245	1.00938535215527	0.776100224250394	0.492390262422341	NA	0.347977380536201	NA	0.412244966557469	NA	0.244023804130134	NA	0.730041643293323	NA	NA	0.611569978610198	NA	0.924746479400516	NA	1.62285711959252	0.918851795793477	1.66596639252971	NA	0.543995815887842	0.8803956334198
NA	NA	NA	NA	NA	NA	NA	NA	NA	NA	NA	NA	NA	NA	NA	NA	NA	NA	NA	NA	NA	NA	NA	NA	NA	NA	NA	NA	NA	NA	NA	NA	NA	NA	NA	NA	NA	NA	NA	NA
1.24356995403566	NA	NA	NA	NA	1.15931861187144	1.34448881193722	NA	NA	1.35264341080099	NA	NA	NA	1.17531953543056	0.785310562460707	NA	0.799207928033391	0.890139193025172	0.776803315773189	0.423248887596303	NA	0.246955883151776	0.551814399665036	NA	0.200713873996682	NA	0.404987809860141	0.215084333529291	NA	NA	0.56980251672453	0.527854446945357	0.318766075130416	NA	NA	NA	NA	NA	1.27560950449641	NA
NA	NA	NA	NA	NA	NA	NA	NA	NA	NA	NA	NA	NA	NA	NA	NA	NA	NA	NA	NA	NA	NA	NA	NA	NA	NA	NA	NA	NA	NA	NA	NA	NA	NA	NA	NA	NA	NA	NA	NA
NA	NA	NA	0.75029529902044	1.66309942592062	NA	1.15457914758644	1.03940086101023	NA	0.517184358177826	0.363294768200595	NA	0.889103990383655	NA	NA	0.326790450583413	0.771766751537947	NA	0.176279528508244	0.396689809018679	NA	0.380995381521331	NA	0.292158665791904	0.846329042338174	0.642909996127218	NA	0.648595882813916	NA	1.31221808446093	1.00677748613571	0.352727089049122	1.05098407643438	1.19731355195064	1.16900346664281	1.07637156918197	1.14994467589358	0.78665611840024	0.746914109055262	0.981409635087102
NA	0.834452839111968	NA	NA	1.23611847797491	1.66905926985259	0.883524031360966	0.874207869504984	NA	NA	NA	0.82361187699678	1.22353572315152	0.712363417541591	NA	NA	1.00307895693022	NA	NA	0.914116638956329	NA	0.27515651666969	0.659897047270576	0.534004481817485	0.679182950544234	0.740450552924104	1.54482176711481	NA	NA	0.434969178785073	NA	0.290187947547945	0.849365619023197	0.984266979568504	NA	0.805932518208598	0.516595871389334	NA	NA	NA
0.656783912140164	1.10961136047923	0.964944812698472	NA	1.32081181827644	1.44631423221229	1.10938667017785	NA	0.872397335354674	0.656656326183929	0.517656960450324	0.370637001155478	0.385317298008409	0.664296885426417	0.79646104477771	0.597892253322829	0.910462413638788	NA	NA	0.811061118687154	NA	0.254927646700983	0.292834853498934	0.602030508752286	0.815244004820659	0.501154614917469	0.431982081767654	0.478178511832752	NA	1.14239121363335	0.207906712470202	1.70827295036232	1.3526385953389	0.936990129909923	NA	NA	0.81269321661918	NA	0.553134716971445	1.83137864838104
NA	NA	NA	NA	NA	NA	NA	NA	NA	NA	NA	NA	NA	NA	NA	NA	NA	NA	NA	NA	NA	NA	NA	NA	NA	NA	NA	NA	NA	NA	NA	NA	NA	NA	NA	NA	NA	NA	NA	NA
NA	NA	NA	NA	NA	NA	NA	NA	NA	NA	NA	NA	0.966527471372007	NA	NA	NA	NA	NA	NA	0.296225709958658	NA	0.410251063051049	1.1855286225817	NA	0.604659446347684	NA	0.900238122561457	NA	NA	NA	0.526515089957642	0.301554151220625	NA	NA	NA	NA	2.53088025415361	NA	0.719562966251014	NA
NA	0.924513643122317	NA	NA	NA	NA	NA	NA	NA	NA	NA	NA	NA	1.04277718643144	0.982254964712779	2.25274623301045	0.191408724179163	NA	NA	NA	NA	0.466540797413237	0.334903232478947	0.478417000976954	NA	1.5736182196245	0.994989237456448	1.96548098327095	1.00152775082884	NA	NA	NA	NA	NA	NA	NA	NA	NA	NA	NA
0.971331488943997	1.10244769744797	0.990135585951489	1.19800061643459	0.483379328601647	0.282219646585861	0.447882013727131	0.279956939314036	0.44652661676685	0.660253767666875	0.570450340886374	0.77335435316165	0.789520113932067	0.749244182441122	0.704544597252447	0.69049056114813	0.626671250838345	0.499938595596204	0.263155447250742	0.424517848242657	NA	0.242806066050259	NA	0.399309829748179	0.265648964804278	0.276544543274293	NA	0.325885962686233	0.27047494050437	0.650305977373371	0.425391610873156	NA	0.618839955577893	0.755384166658552	NA	0.547134604024249	0.224571834111084	0.589073279578561	0.452889626541665	0.700336128438933
NA	NA	NA	NA	NA	NA	NA	NA	NA	NA	NA	NA	NA	NA	NA	NA	NA	NA	NA	NA	NA	NA	NA	NA	NA	NA	NA	NA	NA	NA	NA	NA	NA	NA	NA	NA	NA	NA	NA	NA
NA	NA	1.61224107974156	0.395762466399455	NA	1.10219310388946	1.08795692703241	1.2086060613709	NA	NA	1.66416451833289	0.664369887609417	NA	NA	0.657232941660457	NA	0.460574798904992	NA	0.842586794331335	0.944055264318285	NA	NA	0.712101675738774	0.311842652943917	0.919432561223927	0.607539716927979	1.16196071479071	0.108594992576141	1.01187831837109	0.40766103933368	0.404904469057017	1.21875883437421	NA	0.511454595501367	0.993080043920291	NA	1.09081993190528	0.289294259178304	0.686229843525227	NA
NA	NA	1.14573852278705	NA	NA	NA	NA	NA	NA	NA	NA	NA	NA	NA	1.16760844621289	1.44850257480921	1.43031550456446	NA	NA	NA	NA	0.221614067097965	1.10544703499995	1.30384772283841	0.810386627409453	NA	0.31966893853906	0.978513737576539	1.22915556453356	1.65609379173664	0.485693045942009	NA	0.928962321208562	0.547864833347554	0.634558132520228	1.13978883403538	NA	NA	0.859651051429468	1.265010079209
1.2150446913458	NA	1.14703652553853	1.488462403216	1.31349713567668	0.801211931607971	2.04306231027804	NA	NA	NA	0.991669891783798	0.599228760751032	0.73586643177152	0.649158308177778	0.657532263368542	NA	0.21518395736022	0.503848493416846	0.780415320824269	0.727138463964839	NA	NA	0.952685003790481	1.88955714505872	0.486560584848535	0.518525780849732	1.91424759324559	0.581943692340541	0.720007870502655	NA	0.938671734437724	0.79833316029862	1.03133433708539	1.49194468064203	1.25725678933654	1.48027149529238	1.14370312839518	NA	0.52740025166458	NA
NA	NA	NA	NA	NA	NA	1.30405210126463	1.44825467484343	NA	NA	NA	NA	NA	0.653570480086381	0.544940212255219	0.979637453515276	0.763250582484307	NA	0.509438084493077	0.877157945565043	NA	0.777267052776415	NA	0.333883646528936	0.670123631899151	0.67620400639112	NA	1.14429158352783	0.533432310550525	NA	0.566402581121089	0.882345150765059	0.805326639784257	NA	NA	NA	NA	NA	0.424875839508627	0.644817483949671
NA	NA	0.66399459202523	NA	0.802495772048406	NA	0.804615617397211	0.875540121973132	NA	0.362292418727031	0.962029661677307	0.367539671984869	0.402464728974844	0.36890282961886	0.424972786368167	NA	0.214689438978859	NA	0.598054685453011	NA	NA	0.16129221048224	0.584725444417833	0.117983430713159	0.320849050308059	0.416968073743063	NA	NA	NA	NA	NA	0.87207992680823	0.59374662665311	0.724901477086594	NA	0.839094835120726	NA	0.616962580680031	0.458309287618146	0.676676422116824
0.273024116012972	NA	1.0942622321573	NA	NA	NA	1.06717274660164	NA	0.549216182128347	1.25888500374885	NA	0.978097071630691	NA	NA	0.961969372595854	NA	0.392293504034374	NA	NA	NA	NA	NA	0.621216709213564	0.440940972303413	NA	0.489277524747165	0.184438983953626	0.357823856841522	NA	NA	1.21466132650879	NA	NA	NA	0.962023318878339	NA	NA	NA	NA	NA
1.86803408404619	1.04928113103386	1.15077829854904	1.03238538650703	1.52795220662226	NA	NA	NA	0.531297155259487	0.430435386969864	NA	1.12856291749319	0.205097932317442	0.211498555336831	0.166350593896072	NA	0.451592084495036	0.422287373313593	NA	0.251975864180584	NA	NA	NA	0.436928478478716	0.466490787144524	NA	0.719481697996778	1.43905884286932	0.650644244628645	NA	1.104237300814	NA	NA	1.1202725219622	NA	NA	1.32215037857261	1.71557276136386	1.51830656914384	1.63194298585067
NA	2.29017215446842	1.41691608900189	NA	0.316937216610535	0.610068883615753	2.0006414518462	NA	0.400709195547024	1.14328507259689	NA	NA	0.889305010768779	NA	NA	1.73408822663952	0.939388914664383	NA	2.05274119924972	1.95215089837177	NA	0.651966106964054	0.558075042251076	NA	0.463202606734453	0.316260599267423	NA	0.79181859346106	NA	NA	NA	NA	NA	NA	NA	NA	NA	NA	NA	NA
NA	2.78518716469218	2.75401667374993	NA	NA	2.29352926296328	2.39073489568107	2.48781422004727	1.80108577018763	1.47298611703462	1.14970217372968	1.18685570829522	1.27573600003999	NA	0.851349013835145	NA	0.977832957458857	0.789765102676844	0.577483455298732	0.439599419735623	NA	0.608127375472401	NA	0.643915569332367	0.918134891557361	1.22148470346117	1.39493247280623	NA	1.69374301899697	NA	NA	1.73212604837469	1.44473128467014	NA	1.70079138601766	1.88578533256963	NA	0.633808736985712	NA	NA
NA	1.96419751235618	0.265764412402255	NA	NA	NA	1.40930794807418	0.11004469830769	NA	NA	NA	0.637016469688639	NA	NA	NA	NA	NA	0.25804075608906	NA	0.357928454343008	NA	NA	NA	0.69933088527653	0.718393274367527	2.26906183756368	2.14000952941122	NA	2.06807730286872	1.26474979765658	1.41722413365813	NA	1.24128002124036	2.12835516306691	1.39763216125038	2.11443535421825	1.2309681953864	2.11012267594845	1.57864790505597	1.63434956553823
NA	1.51064921066657	NA	NA	1.61175677547951	1.90145559629264	1.42484341414167	NA	1.38155521909812	1.65357071507653	1.83705802395085	1.5385849954134	NA	1.61485646362849	NA	NA	1.92233873262312	NA	NA	NA	NA	NA	2.00755805545226	NA	0.552827293016557	NA	1.27661895456208	1.23866243439447	0.603418869652753	NA	NA	2.20313264249469	1.00116831816954	NA	NA	NA	NA	NA	2.25641844295517	NA
NA	NA	NA	NA	NA	NA	NA	NA	NA	NA	NA	NA	NA	NA	NA	NA	NA	NA	NA	NA	NA	NA	NA	NA	NA	NA	NA	NA	NA	NA	NA	NA	NA	NA	NA	NA	NA	NA	NA	NA
NA	0.938953584036239	0.949857453164559	1.04414504532563	0.575101400169794	0.296818589937655	0.288117094744776	0.434346717634767	0.478777439617498	0.607776323043656	NA	0.829882195805949	0.818409670784071	0.860628354669492	0.874795801547949	NA	0.743501180017371	0.558654735085295	0.379582256218447	0.380469939145678	NA	0.408853787218304	0.533485692487651	0.42116008237677	NA	0.394420409903637	0.877455726995377	0.342105201499559	NA	NA	0.76581850297513	NA	0.618926000787535	0.770955064097745	1.74989192055705	0.757135197415083	0.473226123479563	0.530116448710672	0.513042693001833	NA
NA	NA	1.77350177729439	NA	1.51742047593988	0.975229091606634	NA	NA	NA	NA	1.68355457070261	0.611440675957083	NA	NA	0.596969194656272	NA	0.503288838242248	NA	NA	0.222876699370214	NA	NA	NA	0.360637755397056	0.822656913421561	0.405593464970788	0.358590257716569	0.475941568596646	0.337888749651041	0.557024463972857	0.383389109975442	0.723980794756139	NA	0.501456240586506	0.846791455607379	NA	0.797221268571877	0.848411201849041	1.32898152734475	NA
NA	NA	1.20759521740312	1.98676088023146	1.12799241904559	1.24210335367719	1.13722998351861	NA	NA	NA	0.528383508692582	NA	0.736008909555021	0.584284138280121	0.638943712611998	NA	0.174430441183622	0.742602159962445	0.364368589354597	0.489111797238142	NA	NA	0.408802435600284	0.961464434464546	0.236200199319272	1.29080239853962	2.15741824187662	0.14930484609793	0.315469743018096	NA	2.2483857328571	0.855706660499596	1.20101961587674	1.38091831051672	1.12835096353253	1.06706813728031	NA	NA	0.376895533213618	NA
NA	1.06153297572279	1.11081191153374	1.38354910509758	NA	1.40389476020188	NA	NA	NA	NA	NA	NA	1.33689178653038	NA	1.10881634381323	1.82091422742279	0.949623710106388	0.768440518097045	NA	NA	NA	0.349973713040502	1.19979993190345	1.33180426110413	0.585455113455311	1.6801825901871	0.0570283797230199	0.924198849735946	1.79578623665881	NA	0.896033234286574	NA	NA	1.43007207440624	0.842975033213655	0.942424761116979	1.65347026164939	NA	1.23721967196128	1.39116762374923
NA	NA	NA	NA	NA	NA	NA	NA	NA	NA	NA	NA	NA	NA	NA	NA	NA	NA	NA	NA	NA	NA	NA	NA	NA	NA	NA	NA	NA	NA	NA	NA	NA	NA	NA	NA	NA	NA	NA	NA
NA	NA	NA	NA	NA	NA	NA	NA	NA	NA	NA	NA	NA	0.918570123098375	0.652059689371822	NA	NA	NA	NA	0.993957967250799	NA	0.730634936710384	NA	0.337386868482578	NA	0.693131386420766	NA	NA	0.621563489305643	NA	0.609032810394108	NA	0.686114870430359	NA	NA	NA	NA	NA	0.73599926922283	0.694043540405823
NA	NA	NA	NA	NA	NA	NA	NA	NA	NA	NA	NA	NA	NA	NA	NA	NA	NA	NA	NA	NA	NA	NA	NA	NA	NA	NA	NA	NA	NA	NA	NA	NA	NA	NA	NA	NA	NA	NA	NA
NA	0.908934899903382	NA	0.790069115365636	0.978998963004682	1.07670469350101	0.960828799730906	NA	1.17223120122236	NA	0.832376002395318	0.759348108553525	0.757323762057726	1.07668843816504	0.617016936292593	NA	1.00971895647982	0.616750306595176	0.575855099166302	0.546668240857136	NA	0.680207582536299	0.576004451090574	0.422242750850464	0.46475857203417	0.77058708317436	1.27881528437269	0.984564711407542	0.598737966791465	0.605028606596731	0.719159137118926	0.483753679933892	0.516819979981761	0.835884195855013	NA	1.19558337614588	NA	0.957181637667756	1.18109545913918	1.23337901341671
NA	0.681357999424535	NA	0.847436115412607	1.60012799747982	NA	0.739117546371179	NA	0.406527025556222	NA	0.484333175567493	NA	1.93202655363081	NA	1.79740177988707	2.08617301250904	2.04013792122755	NA	NA	NA	NA	NA	NA	0.54969621314781	NA	2.30393682436089	2.25290371801724	2.27385109530379	2.49800205791307	1.93086447221137	2.01417527972253	NA	NA	1.55214098042436	NA	2.08347575992078	NA	NA	2.06363239487476	NA
NA	NA	1.04169071870351	NA	1.27491513309664	NA	1.23986509840771	1.03254961805136	NA	0.74862642446389	NA	0.552949514617968	0.55173904878296	0.68035132757257	0.399373444148301	NA	0.61949746330359	0.818446580011635	0.737060100447167	NA	NA	0.714170437500241	0.9132841863435	0.594507822716952	0.541069726151682	0.468789274547451	0.761946996654169	0.815816796640862	0.571929401101561	0.63456129569108	0.457785130835853	0.382650661977903	0.655316639241877	0.334379606799975	NA	0.80332082666265	0.737762712785021	0.261951764900713	0.359208737176603	0.61778555176618
NA	1.31931803414848	NA	NA	0.676592893036293	NA	0.620191888385312	1.10410800884956	NA	0.628866002261209	NA	0.557774094823594	0.385283453009909	0.273224407501333	0.453929077269752	0.163212715752178	0.560044600168211	0.389427206951072	0.521292690807349	0.629148651863019	NA	0.217242392917595	0.584453617022188	0.542129485583591	0.738130838908765	NA	0.891670260957836	NA	0.886378912164397	0.722579666067844	NA	1.46270782776928	1.46492462389709	NA	1.7592085881402	NA	1.65531536750784	NA	1.38964863082191	NA
NA	NA	NA	NA	NA	NA	NA	NA	NA	NA	NA	NA	NA	NA	NA	NA	NA	NA	NA	NA	NA	NA	NA	NA	NA	NA	NA	NA	NA	NA	NA	NA	NA	NA	NA	NA	NA	NA	NA	NA
1.96268207580798	0.764521551400851	0.942957197886768	NA	NA	NA	NA	NA	0.172270295184227	NA	NA	NA	0.383255455167034	0.371856600498771	0.113091265071045	NA	0.553479914174675	NA	NA	0.401862133186201	NA	NA	NA	0.985417692880116	1.1314580355986	NA	0.852184984853996	NA	1.14343426353679	1.29443913140886	1.09096318585094	0.765916943005644	NA	NA	1.22767258116652	NA	1.42042150555097	1.75726216615709	NA	1.87406112498626
NA	NA	1.66084172489938	NA	NA	NA	1.76443175592037	NA	1.70875846438305	NA	1.30194461734619	NA	0.952786006052729	0.96018512446896	0.886427512272895	NA	NA	NA	NA	1.96256464202429	NA	NA	0.721311738630174	1.79759987248093	NA	NA	NA	NA	NA	NA	0.900591324286887	1.01617801894358	2.51705749864663	NA	NA	1.10416910819209	2.06574198361037	1.30915138964847	NA	1.38456111787676
NA	NA	NA	NA	0.869271082565029	0.933194426439821	NA	NA	0.658362916542715	0.521192791809291	0.338677699094169	NA	0.150556330141243	1.21485334180729	NA	0.581054380591207	0.881100580081566	NA	NA	NA	NA	0.1044511646985	0.67207493400126	0.0755834743277715	0.260099118848622	0.242483794488068	0.796341865874017	1.05887658070365	1.63976181397585	0.78984707086867	0.67190890453492	0.882840786717906	0.696882880479242	0.474144657969662	0.992441803555197	0.598286456351928	1.09315043371154	1.42011009965165	1.56203010166739	1.45247249607595
NA	NA	1.07013331983706	NA	1.12313636382592	NA	1.56685917031078	NA	1.48212016571832	NA	1.05228430381413	1.58711512285347	1.78618246042764	0.540385981817067	1.752996799673	NA	NA	0.45730423004958	1.11029930297614	0.659450313617652	NA	0.720799005712604	0.598928025530974	1.24660660573373	1.09795805178697	1.02740508341478	0.738200671958196	1.10337465881744	0.987970416774321	1.62901910023142	1.39005095056409	NA	2.42928168940269	NA	NA	0.852824974240519	NA	1.26826363895813	1.55207058223985	2.26775456861315
NA	0.363005792032862	0.466571787607907	NA	0.534142452543488	0.745155376557315	0.579547455765108	NA	NA	1.00265202907888	0.892262725634906	0.591985598728153	NA	1.00571157841611	0.804094736559308	0.947121104221446	NA	NA	1.05765410302234	0.290702429184654	NA	0.29666785388614	0.348243223400056	NA	1.82559473424818	0.291457349945004	NA	1.89878896863458	NA	NA	NA	NA	NA	NA	NA	NA	NA	NA	NA	NA
NA	NA	NA	NA	NA	NA	NA	NA	NA	NA	NA	NA	NA	NA	NA	NA	NA	NA	NA	NA	NA	NA	NA	NA	NA	NA	NA	NA	NA	NA	NA	NA	NA	NA	NA	NA	NA	NA	NA	NA
0.807128021519172	0.274231892029338	0.840686748401002	NA	0.788472689118635	0.434476306832463	0.65702528150149	0.876926251256252	0.439424179437112	NA	0.473905977383862	0.378947863851277	0.315489367803411	0.398642322984634	0.267093546704551	0.332039393553744	0.292184899819519	0.210346014329104	0.614085361744286	0.0973855211473407	NA	0.559999745181809	0.301986190273507	0.149759006580605	0.444170179915612	0.177780133492317	0.405045765431148	0.50350769360236	0.222875125933416	0.775653017907527	0.975066193495463	NA	0.621195542575307	0.488656494823551	NA	0.465006884968737	0.677377008159987	0.518356194161714	NA	1.24970053666337
NA	1.22968081986688	NA	NA	1.15110055620048	0.571266995784227	0.542222753800336	NA	0.361938532406963	0.453374897115744	0.803087802057489	0.486732177756199	0.717528565449221	0.420429847822615	0.257899557203769	0.800209360722206	0.549969399836997	0.602387140092846	0.882714680394546	0.276616347505034	NA	0.10835128686326	0.449938243883348	NA	NA	0.431823426466081	NA	1.29338876878796	NA	1.62631509070041	0.753347326221387	0.741474578204675	0.904159726857242	1.16838279771086	0.831481386806729	0.355905621463881	NA	NA	NA	0.554829503106977
NA	NA	NA	NA	NA	NA	NA	NA	NA	NA	NA	NA	NA	NA	NA	NA	NA	NA	NA	NA	NA	NA	NA	NA	NA	NA	NA	NA	NA	NA	NA	NA	NA	NA	NA	NA	NA	NA	NA	NA
NA	0.638430186966094	0.862297580709276	NA	0.852568240692018	NA	NA	NA	2.01516061470035	NA	0.617738628686598	0.904696634003942	0.316782827445052	1.94147219840673	0.754976388260191	1.98745921067587	0.43732526842914	1.36774973575782	1.221319186991	0.789003079893744	NA	1.45854565895274	0.365053004540383	1.58455742976496	0.351828722254945	0.364782110490296	0.290333882995629	NA	1.6540751062636	NA	NA	0.600749781648354	NA	NA	NA	NA	NA	0.444662383894381	NA	1.31468462682545
NA	2.23988455949274	2.38880532695499	NA	NA	1.96917313320249	1.8501016424281	1.76792461783671	1.20935253092488	1.57933666100455	2.11294864262696	1.96310426323581	1.15309853421771	1.38222354767916	1.88948461852945	1.41743725627483	1.04131009227089	NA	2.08064343758146	0.625175322136627	NA	0.206562947815141	1.01463246717403	1.17126240050759	2.61693704040507	NA	1.98783247836828	0.64215070159971	1.25002953224004	1.40697895605902	NA	NA	1.79061679086503	1.56692045598107	2.43023008615529	2.19751464114107	1.7524003066558	1.94800811583978	1.60867277664539	1.85791768439163
NA	NA	NA	NA	NA	1.11823637090459	0.885362098707939	1.18732831207541	0.822966300774128	0.438858986351041	NA	0.949226680694553	NA	NA	NA	NA	NA	NA	0.578073105690238	NA	NA	NA	0.891420233333986	0.318586306816442	0.77249066311659	0.651667024961599	0.550506812283451	0.223824751746732	0.160372719318476	NA	NA	NA	NA	0.735725348461185	NA	1.46845188280534	0.681752676033633	1.39728106391842	NA	NA
NA	NA	NA	NA	NA	NA	NA	NA	NA	NA	NA	NA	NA	NA	NA	NA	NA	NA	NA	NA	NA	NA	NA	NA	NA	NA	NA	NA	NA	NA	NA	NA	NA	NA	NA	NA	NA	NA	NA	NA
NA	NA	NA	NA	NA	NA	1.36008956380352	2.17812243772289	NA	NA	2.31371306085611	2.35088554258948	0.96350012713648	NA	NA	NA	NA	NA	NA	NA	NA	NA	NA	NA	NA	NA	NA	NA	NA	NA	1.21851023441708	NA	NA	1.62912506574698	NA	1.2002539771594	2.07470800394573	NA	0.898343388225717	1.80045617373468
NA	0.449903049637522	0.41700834979015	0.672051966786956	0.411716224602005	0.90154793745391	0.418222630630635	NA	1.15939967359269	0.346683442539143	NA	0.360019156236774	0.624288722021037	0.699876237377172	NA	NA	1.63773470252754	NA	0.109065039858552	NA	NA	NA	0.63024860071095	0.971327055062275	0.963077364232503	0.892652619040853	NA	1.2723671883642	1.0265057663047	1.37342723663389	1.31516622245407	1.52077779598778	1.37646149224388	1.15316290777279	NA	0.700552868208594	1.37505899493495	NA	1.525421800347	1.5582164671388
NA	1.03466609656239	1.19486411770855	1.04259797079227	0.959947848468804	1.33261465853131	2.09517352279827	NA	NA	1.02656565128692	0.924151317614372	1.17400117999628	1.13557315653095	1.56402648495513	1.49082037384718	NA	1.46263024805049	1.53579918976692	1.50992517910672	1.78850172167304	NA	NA	1.77673578389567	2.26845275526799	1.52476517396454	2.16113485259908	2.25484946849707	2.51684298608346	2.76463588558006	NA	NA	NA	2.6686674279123	3.14134015735008	NA	NA	NA	NA	2.94325812137251	NA
NA	NA	NA	NA	NA	NA	NA	NA	NA	NA	NA	NA	NA	NA	NA	NA	NA	NA	NA	NA	NA	NA	NA	NA	NA	NA	NA	NA	NA	NA	NA	NA	NA	NA	NA	NA	NA	NA	NA	NA
NA	NA	NA	NA	NA	NA	NA	NA	NA	NA	NA	NA	NA	NA	NA	NA	NA	NA	NA	NA	NA	NA	NA	NA	NA	NA	NA	NA	NA	NA	NA	NA	NA	NA	NA	NA	NA	NA	NA	NA
NA	NA	NA	NA	NA	NA	NA	NA	NA	NA	NA	NA	NA	NA	NA	NA	NA	NA	NA	NA	NA	NA	NA	NA	NA	NA	NA	NA	NA	NA	NA	NA	NA	NA	NA	NA	NA	NA	NA	NA
NA	1.09592116516993	1.24847668961657	NA	1.05790410089875	NA	0.693401209286609	0.707427944741362	1.08450104320864	0.847077240959353	0.636444512870129	0.722509281134432	0.616499740611453	NA	0.354396886219669	NA	NA	0.10578317781518	NA	0.0790380540314793	NA	NA	0.403304491203959	0.831350651367919	0.95422320329371	NA	1.0677254576054	0.847922013053528	0.738765707770347	0.650379528032103	1.01523654988556	0.913400258216337	0.921944092691366	NA	NA	NA	1.05073971712834	1.03756008296943	0.962190812379213	NA
0.817292865423151	2.06364483938881	0.832166405733414	NA	NA	0.924520447900202	NA	NA	0.833049919436197	NA	NA	NA	NA	0.772712588063167	0.685351858242179	NA	0.499737268297087	NA	NA	0.572821708728417	NA	0.40452391729438	0.348030193710745	0.435745767356149	NA	NA	NA	2.16590045245369	NA	NA	0.43875677427632	0.599523474083374	1.39095878663	NA	NA	NA	0.399167994807725	NA	0.851541668307768	1.04231447170956
1.6374350098276	NA	0.91779244876622	NA	0.994463743922508	NA	1.14161096050134	NA	NA	1.05849544883354	NA	0.748445710941319	0.8736397180196	0.859792291440512	1.09730947052084	NA	0.573671064797988	NA	NA	0.269958421352045	NA	NA	0.767803286735258	0.855523788682105	0.698631796209228	0.649948008784936	NA	NA	0.494239631136064	NA	NA	NA	0.506176823185583	0.73174680319648	NA	0.592239445241708	NA	NA	0.359608069966519	0.783534230552825
NA	NA	NA	NA	NA	NA	NA	NA	NA	NA	NA	NA	NA	NA	NA	NA	NA	NA	NA	NA	NA	NA	NA	NA	NA	NA	NA	NA	NA	NA	NA	NA	NA	NA	NA	NA	NA	NA	NA	NA
NA	0.580319590934591	0.657545976362734	0.999116118088	NA	NA	0.29573830560968	NA	0.440982768972811	0.563560732710817	NA	0.136516048482637	0.513847388977305	NA	0.596877741880296	NA	NA	NA	0.489176950206894	NA	NA	NA	0.902431371843855	NA	0.539371648207136	NA	0.22966863226263	NA	0.998626712245336	NA	NA	1.43409033033947	0.748410898013809	1.34809295707626	1.91099220153313	NA	1.61932530371465	1.25039027832988	NA	0.428125237723591
NA	1.23095782109286	1.12682630450727	NA	0.553937931562647	0.123895791445256	0.402379081684333	NA	0.505927773011084	NA	0.294180282750846	0.709426931555713	0.627085834967874	0.864074371000335	0.295285013732017	NA	0.41439489248598	0.323510142444345	0.603797622999282	0.172313312566547	NA	0.295881344478013	0.227960585230121	0.216550695283535	0.275084505031809	1.55066056815847	0.395438050567807	0.248770752092893	NA	0.805270767668466	0.420107858842379	0.623426249630137	0.756023819576291	0.717960631303613	NA	1.01526501189592	1.49677100808133	NA	NA	0.993252781816134
NA	NA	NA	NA	2.29911090546749	2.19067554464285	2.29396152843369	2.2286610623943	NA	NA	NA	1.719686668168	NA	0.816415514436276	2.57218424336013	1.76013199362805	NA	1.86338158331221	NA	NA	NA	NA	0.408244443431574	1.18583778851626	NA	NA	0.925096822354381	NA	1.44763243814994	NA	2.35820966827367	NA	1.23317122220836	1.56640857024296	1.73348656448679	1.27503890235848	NA	NA	1.8129357866106	NA
NA	1.89443125219982	1.58614236090221	NA	NA	1.41108589829904	1.35085603502965	1.53202288367981	0.874433196041024	1.29176476079337	1.50733516742619	1.14147335421928	0.338332036984053	NA	1.27732732447329	NA	1.16239277175991	NA	1.13918916866222	NA	NA	NA	1.2566499187426	0.599010027589789	NA	0.337804699565254	0.57524442471218	NA	NA	NA	NA	NA	0.557543291153129	0.719426486169188	NA	NA	NA	0.952435621082483	0.968198340277795	0.623166095022662
1.19178834495166	1.10928727475731	0.97933931272055	1.08061722933318	0.999977383712927	0.90059000141942	0.948732306681682	0.652454606954143	1.4296592967089	1.02163255710265	1.32694436373089	0.787382264932747	1.42028488933744	1.43364614967829	0.788320677523842	1.71082973510755	NA	NA	0.256763167145862	0.132027455297292	NA	0.388288597839041	0.358262293258225	1.9318180135468	0.946805737541408	NA	NA	NA	NA	1.62781864455516	1.75931837050885	0.314913663410023	NA	0.470605512474703	0.025327538572699	0.529998977112747	0.528321218553011	0.236842532058019	NA	0.648478778844448
NA	NA	0.747070295767206	NA	0.452724449191265	1.6804309068565	0.591545848913938	0.290744076773005	1.17603732022261	0.802901992165545	1.19238315539419	0.340486328857576	1.32828992794403	1.49857935641597	0.837218815142657	1.45975926593522	1.0029294047807	0.603559107130662	0.269561917566946	0.362748767879029	NA	0.206165909440849	0.524988158303791	0.499355578500015	1.51396775438395	0.951251220633059	1.23545827089469	NA	0.611773227146626	0.682501829302764	1.02424388158116	NA	NA	0.501895988479998	NA	NA	1.17209889225685	1.39928694845483	1.39112510586901	NA
NA	1.3008699764509	1.40302226844209	NA	NA	NA	NA	NA	NA	NA	0.998471147798595	0.919009638783251	NA	1.10177788194474	1.21401773648857	NA	1.26855856624236	NA	1.56902379436683	0.445802233985983	NA	0.290533313422877	0.392991771155823	0.55114485836352	0.356524924795375	0.0826159454571231	0.361270891229896	1.22495595955797	1.02275089359191	NA	2.05084539865728	1.84933740766067	1.56834054850904	1.4910059908353	NA	2.07944830898077	NA	NA	1.89836972456764	2.01166035416305
0.468393697069764	0.65514696176278	0.578101225434972	NA	NA	NA	NA	NA	NA	0.492679407184576	0.498149201836733	0.644251969200077	1.11171011328093	NA	0.269557398550231	NA	0.815042698648116	NA	0.186604005381803	0.393864261030172	NA	NA	NA	0.457801882978386	NA	0.219895737833732	0.47543066579936	0.473198443461393	NA	NA	NA	NA	0.634115597752201	NA	NA	NA	0.835922143306473	NA	NA	0.848618055448122
1.25581743437295	0.68853077217231	0.941904880623549	0.851527515549116	NA	0.921742406189381	0.822834963394893	NA	0.804663935065659	1.20721269356783	0.660027164700452	0.506219341136449	NA	0.658382243607347	NA	0.347990541753782	0.51584451145649	0.281146688190779	0.0682067913235521	0.234948501783433	NA	NA	0.523997299705864	0.909700340618483	0.58125705934689	0.99276767345369	0.91485502199923	0.482880832693583	0.580756873689358	NA	0.255130055752748	0.400202005979153	NA	0.802660447186126	1.03569814903553	0.570953570713712	NA	NA	NA	0.753058845984154
NA	1.71519346616296	1.40512162807337	1.07497876679342	0.793758579532342	0.75172421462283	1.79191659358088	NA	NA	0.399301688422118	0.28461960151286	0.633746263869898	1.3047038993772	1.68878350855249	0.934511535229592	NA	0.327255545669136	0.36410639322692	1.15833187514801	1.96241009158292	NA	0.372749535324365	0.18253344365444	0.54661558113532	0.468981112635797	NA	0.555208357880229	0.694266959233126	NA	NA	1.27826497016357	1.43706608312321	NA	NA	2.32993156767968	NA	NA	NA	NA	NA
NA	NA	NA	NA	NA	NA	NA	NA	NA	NA	NA	NA	NA	NA	NA	NA	NA	NA	NA	NA	NA	NA	NA	NA	NA	NA	NA	NA	NA	NA	NA	NA	NA	NA	NA	NA	NA	NA	NA	NA
NA	NA	NA	NA	NA	NA	NA	NA	NA	NA	NA	NA	NA	NA	NA	NA	NA	NA	NA	NA	NA	NA	NA	NA	NA	NA	NA	NA	NA	NA	NA	NA	NA	NA	NA	NA	NA	NA	NA	NA
NA	NA	NA	1.59552787556579	NA	0.309491002678459	NA	0.383976517591357	0.129308792351279	0.274780723440959	NA	NA	0.339119844912803	0.46933144725804	NA	NA	0.34371981903192	0.887611230753965	NA	NA	NA	0.776955155999689	0.257393177704881	0.117677521288432	0.108010056455135	0.416576971212962	NA	2.72387920246387	NA	NA	NA	0.996545808370371	0.953921905424992	NA	1.57221846056149	1.63531637995466	NA	NA	NA	NA
1.16297008793517	1.40041820478656	1.00845279766968	1.920001577161	1.09572332839501	0.922671399911431	0.827474724894501	0.688536190232084	1.23811376232752	NA	0.627445698278546	0.68658100883276	0.408286128691622	1.82299328418903	0.271215268736931	0.732412394947275	NA	0.417874503793597	NA	0.485508245964367	NA	0.289881742923275	NA	NA	NA	NA	1.0238913898982	NA	NA	NA	NA	NA	NA	NA	NA	NA	NA	NA	NA	NA
NA	NA	NA	NA	NA	NA	NA	NA	NA	NA	NA	NA	NA	NA	NA	NA	NA	NA	NA	NA	NA	NA	NA	NA	NA	NA	NA	NA	NA	NA	NA	NA	NA	NA	NA	NA	NA	NA	NA	NA
NA	NA	NA	NA	NA	NA	NA	NA	NA	NA	NA	NA	NA	NA	NA	NA	NA	NA	NA	NA	NA	NA	NA	NA	NA	NA	NA	NA	NA	NA	NA	NA	NA	NA	NA	NA	NA	NA	NA	NA
NA	0.839478573443331	0.720068925345721	0.727766530302572	0.699564598816034	NA	0.332652708607529	0.386634623042697	1.12351003005462	NA	NA	0.766640583544279	0.638643897060397	1.0671455296368	0.873992448061965	1.40126336317043	1.03320292732805	0.848952150068986	NA	1.40341438096586	NA	NA	1.32152786356938	0.498975770552534	1.14742461008717	0.631434773901045	1.05378144030606	0.909978211400185	0.961946441893706	1.11814553983164	0.878465272374578	0.814592907345216	0.609697472621363	0.637064428732908	0.387702616291665	0.551353475997963	0.59726567622895	0.64317616384219	0.635993798078211	NA
0.460516692474243	1.07002262181936	1.2742956458252	0.72711095398358	1.16714269980168	1.33093736149967	0.872147119198404	1.02801545327367	NA	0.592059303323962	0.980957773369375	1.00305732317503	0.678195670065593	0.802588303389249	0.854648168217927	NA	0.682081169893999	0.710050814046929	NA	0.535376804322907	NA	0.578230783550908	1.18255040404309	0.791783722682583	1.03633702707054	1.67364954301769	1.59769692697142	NA	1.98474172381427	0.963010259469082	2.22868859794741	NA	NA	1.53786442093317	NA	NA	1.29441436630018	1.06397793107355	NA	1.05845346335997
1.16930378932328	NA	NA	NA	NA	0.303685874776263	0.279754862062707	0.322196841179091	NA	NA	NA	NA	NA	0.406005779385675	NA	NA	0.325218740161271	0.128461288704046	NA	0.241025903772522	NA	0.260761510686684	0.60734577812648	0.594442295046648	0.710481303179251	0.719787284347135	NA	NA	0.425830947800366	NA	NA	0.314288673766017	2.58055608298335	1.32987316292572	0.860272603634853	0.718857323557259	0.718311902986775	NA	NA	NA
1.04690362494443	NA	1.04364341915501	0.650235271668102	1.23910698021441	1.26932403887656	0.814388151405887	0.94092589756195	1.72294944096245	1.69778325708102	0.808916006483243	NA	NA	0.916908986043673	0.488007954867658	NA	0.463291518614529	2.40080154240618	0.715829536057312	NA	NA	0.436660336555486	0.616035022878195	0.518002092912993	NA	0.81990980689873	0.685504325960286	1.00642906578619	NA	NA	1.30536494073044	1.15066753782707	1.51864761832935	2.49931142005537	2.44963241488535	1.72067408753618	2.29045501074325	NA	NA	NA
NA	1.33505149892512	0.515624740545371	NA	NA	1.31546894398532	0.78597178379935	NA	NA	0.986432032160642	0.724517319967236	1.1906341006291	1.30222723481451	1.93196525146065	1.60118839275489	1.24749437311819	1.04501359792319	1.00199484465704	1.38463223179829	NA	NA	0.511732362069266	0.199877392452159	0.670060516809573	1.00558335333051	NA	0.818879046033974	0.69073241293884	0.441254461845348	1.60590187279939	0.534630597371778	0.199149831953481	0.521106785981434	0.0439165637319566	0.686319188199818	1.37309077596254	1.77893422733106	1.2212977410324	1.28602381800542	0.961967603305202
NA	NA	NA	NA	NA	NA	NA	NA	NA	NA	NA	NA	NA	NA	NA	NA	NA	NA	NA	0.281997051385343	NA	0.0961491773346997	0.504252734046345	0.717941293697547	0.316936795591592	0.331821619767472	0.363333454586764	0.0572686892108487	0.366836329228442	0.287652209055202	0.532560039473393	0.720671021145771	0.905573604011691	0.569821712661803	0.972557311114427	0.918993063616042	NA	0.578559932430148	0.63756347748132	NA
NA	NA	NA	NA	NA	NA	NA	NA	NA	NA	NA	NA	NA	NA	NA	NA	NA	NA	NA	NA	NA	NA	NA	NA	NA	NA	NA	NA	NA	NA	NA	NA	NA	NA	NA	NA	NA	NA	NA	NA
2.50530252559036	1.87853687724499	2.16360677854336	NA	1.79007156469445	1.83615719311172	1.42660421106898	NA	NA	1.28671457085643	0.932689448993297	1.09903982420493	NA	0.883634355092771	1.10662575616752	NA	0.527868661025079	0.664081868627278	1.53047937858059	0.556799563982352	NA	0.518675386405852	0.528590161332158	0.845733940615868	NA	NA	1.02175565093621	1.08904731557423	1.74354723615817	1.77367848858597	NA	NA	1.58878664304216	1.70779927199035	2.1284151864316	2.2209761907635	2.13621040173722	NA	2.14441183267631	NA
1.853928193369	1.95349860391893	1.57357411921634	1.57170587835094	1.40133710311967	1.4296061729782	NA	NA	1.6828717253613	1.78996477666771	1.5198578429268	1.47693436291561	1.27696636091327	NA	0.925157484465584	0.758839846928125	0.501536323739189	NA	NA	0.336065244520622	NA	0.17619967561885	0.219838435607886	0.361223533873113	0.751288186016263	NA	0.746472815569028	0.636940848075131	0.4000006624612	NA	1.15468870761967	0.98688175389138	1.18363229423941	1.09011910663545	1.26597461440088	NA	0.728460319627771	NA	1.27571065663148	1.15691366453706
NA	NA	NA	NA	0.804738798930667	NA	1.90621131909798	2.51915933757179	NA	NA	1.03219698698535	2.6621784583249	0.755370538133118	NA	NA	NA	0.484122451319992	NA	2.42254412846919	0.61611903631841	NA	0.534007389508435	NA	1.58915970071925	1.04030118049811	NA	1.62649854774759	1.26487322762664	0.97450665913162	NA	1.35064516312864	NA	0.659177644632514	0.736282902062963	0.608909295792397	0.613395439847359	NA	2.09346753304187	NA	0.483314633143038
NA	NA	NA	NA	NA	NA	NA	NA	NA	NA	NA	NA	NA	NA	NA	NA	NA	NA	NA	NA	NA	NA	NA	NA	NA	NA	NA	NA	NA	NA	NA	NA	NA	NA	NA	NA	NA	NA	NA	NA
NA	0.536464141653282	0.666445106061856	NA	0.682524854028891	NA	0.540158590019837	0.620557970950748	0.670388553100432	0.459684921467601	0.365811439309423	0.199183965156433	0.439015210589583	NA	0.60531910554048	0.201641550622373	0.363590011390208	NA	0.789066937658611	0.268300331717829	NA	NA	0.753637907700981	0.395924844977885	0.398119015397034	0.255082725578037	NA	NA	NA	0.971931068314915	NA	NA	NA	0.805709689761489	NA	NA	NA	0.575239493777698	NA	0.694517219645004
1.01478426386273	NA	NA	0.614767294088357	0.514286652320124	0.700847514968182	NA	NA	NA	0.945410330528996	1.11761343090999	1.30003288410861	1.71851077844186	0.876944787721582	0.780593255520714	0.851251917545781	NA	NA	0.297307384559099	1.44144349453563	NA	0.607860251121981	0.205496044594244	0.478841203644668	0.542578921141308	0.692959127067381	NA	0.35688911991544	0.411276765804807	0.26440499420832	0.150129556232851	0.438491913579263	0.529654390110797	0.572464116163557	0.358820722674206	0.429435052195236	1.88143132256818	0.247885148821545	NA	NA
NA	0.902706760835075	0.898312521486972	0.925014739882761	1.01776206711102	1.14342731854254	1.30005944983553	NA	0.805382544802083	1.49523761621959	0.478242029567351	0.722485677867527	NA	1.80982300925296	0.661348251515427	1.76566255175334	1.35148467500682	1.67222037515544	0.688987623892902	1.58533999154157	NA	1.69929951924879	1.88737519133827	NA	1.52007180409824	1.62634800873925	1.64941472064205	1.10668158449514	1.04790438871045	0.683945259360362	0.768429348765131	1.28285069279033	1.10147630199129	0.292478854601905	1.16703448061976	0.463966353112459	1.10703136297061	0.662325190049536	0.709620170002197	NA
NA	NA	NA	NA	NA	NA	0.89485062448448	NA	0.978964084774381	NA	NA	NA	NA	NA	0.86989954762919	NA	NA	0.461783726292058	0.567849439465233	0.478862293930702	NA	0.127688120458211	NA	0.240963984061884	0.676241358565036	NA	1.31916651014629	NA	1.21297797550719	NA	NA	NA	NA	NA	NA	1.56394523124085	1.65546790203726	0.854175180642638	1.42347463388656	1.14123045572725
NA	NA	NA	NA	NA	NA	NA	NA	NA	NA	NA	NA	NA	NA	NA	NA	NA	NA	NA	NA	NA	NA	NA	NA	NA	NA	NA	NA	NA	NA	NA	NA	NA	NA	NA	NA	NA	NA	NA	NA
NA	NA	NA	NA	0.67394053486142	0.487516398209073	0.443229924865088	1.14125062252272	1.25698892745079	1.22849640768087	NA	0.399653825494605	NA	1.12243395132983	1.33120003388829	NA	NA	1.25004099502618	1.21038149696906	0.288963590073797	NA	0.260631011462234	0.320857957764466	0.35546665392334	1.44712807130005	NA	0.329755826168277	NA	0.648776527860115	NA	0.578743062991673	0.734491210002867	NA	0.893009947062396	NA	0.679832814571035	0.520266307386044	NA	NA	NA
1.65187250636265	1.24007601824121	0.913704718442634	1.04977929895911	NA	1.19904136731432	0.878866912878204	NA	0.926903201500028	0.89114424580647	0.67796388600297	NA	0.988037215142312	NA	0.662690158937929	0.938200607011203	0.32073590627412	0.945460060293596	0.832300380366257	0.0972956809167144	NA	0.282429926467788	0.89847280376339	0.659732448937034	0.681080266259018	NA	0.58586980460625	0.579101225136455	0.888373787266823	1.58361303540251	1.01989148788871	NA	1.39489834571431	1.10471859953896	1.59880076027841	1.54746262830654	1.42808916893363	1.85274838157808	1.35566539187507	NA
1.37810541403945	1.82292437203514	2.30125797269944	1.98169084686328	1.89783022487836	1.7626371495424	1.66722603910634	2.01179746130799	1.74504524642874	1.73838692228771	1.65088942216468	2.7382490094096	1.94061318708575	2.40879383320123	2.09873438469865	NA	1.85489668953953	1.65174378598638	1.49602627834109	1.69249593624924	NA	NA	1.44542538293081	1.49211585530261	1.48797926374182	1.5113355235762	1.60554404820474	1.73992262173343	2.00337273143938	2.00294058322124	1.6996891860239	2.10738800186285	1.94518655728477	2.31934592431932	NA	3.0086378696148	NA	NA	NA	NA
NA	1.79866084370691	1.88743031570413	NA	1.39950859893625	1.58322462413219	1.70308667031265	NA	1.50597764166748	NA	1.60266530422474	0.643708747872282	NA	0.389135303923292	0.248620424971853	NA	0.159606350341468	NA	NA	NA	NA	0.189329092901477	0.419033706898895	0.25925999732616	0.280693362252876	NA	0.592141221772444	NA	0.313666574407532	0.42884166251892	NA	0.583637474782206	0.36382078364978	0.870675635141834	NA	0.867187493416265	NA	1.50490180696993	NA	1.68644096372432
NA	NA	NA	NA	NA	NA	NA	NA	NA	NA	NA	NA	NA	NA	NA	NA	NA	NA	NA	NA	NA	NA	NA	NA	NA	NA	NA	NA	NA	NA	NA	NA	NA	NA	NA	NA	NA	NA	NA	NA
NA	2.27045609304744	NA	NA	1.22111531457071	NA	NA	1.85731737820547	NA	1.80161022028969	NA	NA	NA	NA	1.90523680488772	NA	NA	1.65483667143653	1.54482482001853	1.07296979508045	NA	NA	1.34879857820861	1.92860385379707	1.04113679593286	1.52127342352303	0.833917602218263	0.758582154600819	NA	NA	1.69007236646762	1.24551795763247	1.89929411891389	0.770169139029874	1.95220408448336	2.06160002045548	1.69730357071533	0.799732096881363	2.27520407763516	1.50571433785966
NA	NA	NA	NA	NA	NA	NA	NA	NA	NA	NA	NA	NA	NA	NA	NA	NA	NA	NA	NA	NA	NA	NA	NA	NA	NA	NA	NA	NA	NA	NA	NA	NA	NA	NA	NA	NA	NA	NA	NA
2.46292378064129	0.854802593939908	0.934080901484876	0.745693324207108	1.16911606212892	0.908220247675832	0.639387765222692	NA	0.729238236686943	0.524097009850218	1.57345667656924	1.33805727334343	0.825005989835089	0.933937419702616	0.666754609734105	NA	2.07616970796223	0.377236162658931	0.311452455738416	0.666088412860171	NA	1.209242426281	1.16393873929997	1.57256612819598	NA	NA	1.06520835050501	1.03682430858859	1.21461939045151	NA	1.31485639109603	1.28522130674962	1.34559844446226	NA	NA	NA	NA	NA	NA	NA
NA	0.956777381617677	1.00512718567871	0.93746676379745	1.61797897059929	0.992896746440836	0.66127741980713	0.504659529751381	0.571624144827774	0.283137850406491	NA	0.413805084280455	0.903241447921649	0.546765380833795	0.591566526290169	NA	NA	NA	0.502496516943505	0.150413856222987	NA	0.347399464671981	NA	NA	0.592700442033031	0.81471705157275	NA	NA	NA	0.922466992502873	NA	1.00244728875921	0.981004231713929	0.481347149708805	NA	NA	NA	NA	0.474096070229775	0.680338427339249
NA	NA	NA	NA	NA	NA	NA	NA	NA	NA	NA	NA	NA	NA	NA	NA	NA	NA	NA	NA	NA	NA	NA	NA	NA	NA	NA	NA	NA	NA	NA	NA	NA	NA	NA	NA	NA	NA	NA	NA
NA	NA	NA	NA	NA	NA	NA	NA	NA	NA	NA	NA	NA	NA	NA	NA	NA	NA	NA	NA	NA	NA	NA	NA	NA	NA	NA	NA	NA	NA	NA	NA	NA	NA	NA	NA	NA	NA	NA	NA
NA	NA	NA	NA	NA	NA	NA	NA	NA	NA	NA	NA	NA	NA	NA	NA	NA	NA	NA	NA	NA	NA	NA	NA	NA	NA	NA	NA	NA	NA	NA	NA	NA	NA	NA	NA	NA	NA	NA	NA
NA	NA	NA	NA	NA	NA	NA	NA	NA	NA	NA	NA	NA	NA	NA	NA	NA	NA	NA	NA	NA	NA	NA	NA	NA	NA	NA	NA	NA	NA	NA	NA	NA	NA	NA	NA	NA	NA	NA	NA
0.84245231819902	1.39164971619328	1.37486637848652	0.783936165466499	NA	NA	NA	0.530387681463078	0.580995048836511	NA	0.55285677397553	1.12555485676318	0.823364947543482	0.613987827819768	0.675136531210357	NA	NA	0.314792721388935	NA	NA	NA	0.421746240018096	NA	0.123137655461827	NA	NA	NA	NA	NA	0.733436422022306	NA	NA	1.53447369667326	0.982423257484289	NA	1.17292521016569	0.618805136626137	1.48980421001159	1.04180158390152	1.10657473874745
1.5713390966942	NA	NA	NA	NA	0.500254084160085	0.693168671674583	0.514217677371887	NA	1.72242012217859	NA	1.84597536778398	0.579272955009639	0.249608249987882	NA	0.41297018960937	2.55786487327217	NA	0.256155061682775	0.275530765465367	NA	2.43346266137372	0.252824487701128	0.16108072519418	0.754999714185603	0.832705761815828	1.80737219862659	2.47429822612434	1.11072240612993	NA	NA	2.15406965908099	1.50223625630879	NA	1.8579763088283	1.28861250037124	NA	NA	NA	NA
NA	NA	1.64788100239202	NA	1.63879692025968	NA	1.33024707466542	NA	NA	1.49616633022139	1.71064673851441	1.66089584093406	1.68808908264674	1.28020987351915	1.14965432570862	NA	NA	0.386599106341742	NA	NA	NA	NA	0.505849713292102	0.77337096110232	1.1399764249097	NA	0.56025951993187	0.37978627367661	0.459130243765373	0.805624903058428	0.751898920058032	1.57954162012663	0.784659444802214	1.71054033774661	1.554559683488	NA	NA	1.49360536561297	NA	NA
NA	NA	NA	NA	NA	NA	NA	NA	NA	NA	NA	NA	NA	NA	NA	NA	NA	NA	NA	NA	NA	NA	NA	NA	NA	NA	NA	NA	NA	NA	NA	NA	NA	NA	NA	NA	NA	NA	NA	NA
NA	NA	NA	NA	NA	NA	NA	NA	NA	NA	NA	NA	NA	NA	NA	NA	NA	NA	NA	NA	NA	NA	NA	NA	NA	NA	NA	NA	NA	NA	NA	NA	NA	NA	NA	NA	NA	NA	NA	NA
NA	1.03474510354653	0.836649725517535	1.14544155943398	1.0000496986986	0.702316169174154	0.577662868432344	0.490045763954306	0.387543336488983	0.617535661525045	0.817085877069322	0.667365756327137	0.598584238186246	0.397941104222826	0.305841937237286	0.398195216250749	1.1723010953608	0.32745315658605	0.883229434528529	0.60855933389955	NA	0.917327140752492	0.993254196384457	0.524354458934121	0.666148414413105	0.841774717777811	0.254875159100925	0.853541649691242	0.227550793772694	1.45973649283264	0.476058343811002	1.37719025593036	1.27062030206773	0.658449309333158	1.25769221531336	NA	0.812483937118976	1.12888491720486	NA	0.452919811940947
NA	1.27880033270084	1.35961290158378	NA	1.43168137229388	0.691055417975977	1.32441782802871	NA	1.22938937279077	NA	NA	1.02498120222448	NA	0.722791568668704	0.74109925965785	NA	0.587697840244515	NA	1.0745098258654	0.640076953684208	NA	NA	0.869558102889534	0.607165401244916	0.222596993784357	NA	0.421600505592901	NA	1.49484722488187	NA	NA	NA	0.777038659666883	1.06072953494642	0.850898855999322	0.738817904916489	NA	0.252196905192481	0.511405293439405	NA
1.78505297010892	1.09708686500816	1.19869847651606	1.07343408028116	1.38558332294236	1.03161823643477	0.571809040069918	1.00429908133434	1.01592222366515	NA	0.846524779184222	0.841737305387407	0.90177330801159	1.0815854805802	0.434594106426924	1.22917174319148	0.554415362439692	0.463782325606224	0.519356947527731	0.23339910786356	NA	0.372327948931067	0.182351447865958	0.337890698178919	0.699329421135491	0.70147608070635	0.285156088152984	0.498992808418269	0.296179530985255	0.959336779799716	0.689557181424282	0.98806075375587	0.69328610644477	1.34290741855688	0.904530193941006	1.15988205367897	NA	1.28713691961772	1.21243374546912	1.43034676438437
1.66521202000304	0.805857629497801	0.98145662489302	NA	NA	NA	0.559564740273587	0.581499667752752	NA	0.145306348087667	NA	0.732570416605572	1.47003729731705	NA	NA	1.39762345630247	1.16157972095298	NA	NA	0.779066963292344	NA	0.536393890041477	NA	NA	0.449465659366779	NA	NA	NA	NA	NA	0.539679064299743	0.889386221335255	NA	NA	0.397004361676213	NA	NA	NA	0.286167699573384	0.310233273140687
NA	NA	NA	NA	NA	NA	NA	NA	NA	NA	NA	NA	NA	NA	NA	NA	NA	NA	NA	NA	NA	NA	NA	NA	NA	NA	NA	NA	NA	NA	NA	NA	NA	NA	NA	NA	NA	NA	NA	NA
NA	1.06394973087852	NA	NA	0.722875353284064	0.525442437417341	0.873764714387118	1.11722925346453	NA	0.792339220054162	NA	1.10892838035296	0.9244890970666	NA	NA	NA	NA	0.513162694835087	0.81384048887803	0.574825264209711	NA	0.630895643028446	0.546442416314456	0.603504473444856	NA	NA	NA	0.950873095714588	1.1784992243144	1.34776639571972	1.22440633490055	1.43013805329512	1.66447750730054	NA	NA	NA	NA	NA	NA	NA
NA	NA	NA	NA	NA	NA	NA	NA	NA	NA	NA	NA	NA	NA	NA	NA	NA	NA	NA	NA	NA	NA	NA	NA	NA	NA	NA	NA	NA	NA	NA	NA	NA	NA	NA	NA	NA	NA	NA	NA
NA	1.42701782900323	1.7929769371483	1.42519447560927	1.77218620254464	1.38321946356687	NA	NA	1.25359337415628	1.21482540962355	0.698690531938261	0.951943294138439	NA	NA	NA	NA	NA	NA	NA	NA	NA	0.31671404118466	NA	0.683297815816115	0.722203411395825	0.674602799440053	0.749834486117874	NA	0.616825882303903	NA	NA	NA	1.51841155510442	NA	NA	NA	NA	0.994316402879579	NA	NA
NA	1.22613563653464	1.09520672149719	1.52137208023963	NA	1.07692092895497	0.601775901583948	0.360386915619085	1.40851757438962	0.87280977114446	1.63504512402943	0.708964883596904	0.68804188736886	0.858252202062664	0.629352835358288	0.626826858194044	1.00683693874922	0.496614088266971	0.714720216557812	0.105313642553866	NA	0.232183618057764	0.25325395307282	0.202899886678907	0.735331862492442	0.273282776408121	0.193208550767848	0.48193012629294	0.688746696427262	NA	0.277338668898272	NA	0.508627933552464	1.39756891404318	0.365107859984451	NA	0.915898888291364	1.93027056921222	NA	2.27726532118038
NA	NA	NA	NA	NA	NA	NA	NA	NA	NA	NA	NA	NA	NA	NA	NA	NA	NA	NA	NA	NA	NA	NA	NA	NA	NA	NA	NA	NA	NA	NA	NA	NA	NA	NA	NA	NA	NA	NA	NA
NA	0.890935537383686	1.24768842992076	NA	0.796366022291685	0.727980812160022	0.873576275958369	0.814727802738971	0.735622459327012	1.49146107836438	0.528413066518005	0.757064750190386	1.12161483293454	NA	1.08366058408094	NA	0.803553723713986	0.790378968398543	NA	0.524773583712416	NA	0.713681986260983	0.777540853480641	0.593128236439409	0.96413554293013	NA	NA	1.36564999118511	0.530838216079818	1.13203777370541	NA	1.16256267858245	1.30398057282132	1.19557809818475	NA	0.993132689124719	1.19350988851354	1.27672113904942	0.774466990235431	NA
1.12375905455199	1.19620930498634	1.13697004424635	0.812135736816351	NA	NA	NA	1.55126092466662	1.59732441008616	NA	NA	1.9620997584539	1.38473925676563	1.56319739014299	1.50704478381356	1.41066309313989	NA	NA	NA	0.556597142554929	NA	2.07946275576803	NA	0.285610900130666	NA	2.54131581203298	NA	0.322936160132286	NA	0.75242978861087	1.45709487760329	1.82554376745276	1.74081479474761	1.92131288802609	NA	2.49189903779606	1.30926382661928	1.62554108043657	2.56418427280298	1.9113506037042
NA	0.800436422687731	NA	NA	1.18477218348927	NA	1.78898864474043	NA	0.540001333156791	0.313056874107201	0.401472849735885	NA	0.89814431853451	NA	NA	NA	NA	0.787384706151122	NA	NA	NA	NA	0.638608934203852	0.221120882962807	NA	NA	NA	NA	NA	NA	0.713948579062766	NA	NA	0.675577399808914	NA	0.478581226295142	NA	NA	NA	NA
NA	2.10642365174143	NA	NA	NA	NA	2.37900381840406	2.61809880176072	2.18431922336405	NA	1.45373004462596	1.49468423314305	2.41685372487996	2.40514610947025	2.38656245825378	NA	2.37442381991902	2.37233411333037	NA	NA	NA	0.0975502168964012	2.38083187313214	2.28013486530369	0.4654630383777	0.581611493298802	0.429378819701419	0.843489592564086	NA	NA	NA	2.57967046381722	NA	NA	NA	NA	NA	NA	2.34521886448177	2.63511979916005
NA	0.719440650527614	0.708458239562243	1.12218389211876	0.995057764239341	0.333862034876606	0.512303254307429	0.497115901911901	0.387826358712041	0.415724485059924	0.661262730508794	0.564805065329501	0.422644554633519	0.440975977540408	0.231682160628668	0.294991748554376	0.320646510580665	0.490837849291883	0.448954903687119	0.266868322602756	NA	0.259920440384052	0.262546215634143	0.354156070183503	0.309463636345676	0.35985968568124	0.599341590359163	0.275762236016363	0.256635478238698	0.50932899349527	0.353408874831508	NA	0.445064628055268	0.284382220775119	0.621792598264529	0.557069312136322	0.677180851941745	0.746388258345192	0.699281767944525	0.180252054576292
NA	NA	NA	NA	NA	NA	NA	NA	NA	NA	NA	NA	NA	NA	NA	NA	NA	NA	NA	NA	NA	NA	NA	NA	NA	NA	NA	NA	NA	NA	NA	NA	NA	NA	NA	NA	NA	NA	NA	NA
0.667718439940644	0.438213538657066	0.743867747550339	1.10862513628718	0.653843723453549	0.992980186301493	0.556182181573787	0.805540013057836	0.884872861834446	NA	0.627313667272007	0.636773073612343	0.611834260846901	0.613467874633893	0.550961739979198	0.666009315972295	0.643997881842273	0.572772074570459	0.953456948920461	0.878972155408787	NA	NA	0.310182010384334	0.458619112512139	0.684929064602425	0.656646135789017	1.13548067942019	1.13639515530007	NA	NA	1.01415301358008	NA	NA	NA	0.924744908709725	NA	0.960412231268874	NA	1.22727852285606	0.841380341974147
NA	NA	NA	NA	NA	NA	NA	NA	NA	NA	NA	NA	NA	NA	NA	NA	NA	NA	NA	NA	NA	NA	NA	NA	NA	NA	NA	NA	NA	NA	NA	NA	NA	NA	NA	NA	NA	NA	NA	NA
NA	0.661731012253754	0.733451794583688	NA	1.12800174217221	0.935902361789508	0.583161392474175	0.782851242153169	0.973084631092329	0.876169307423151	0.777576896548858	0.68269368921297	0.616078239730584	0.886706123243484	1.01667300702281	NA	0.899131152445142	0.974287766828339	0.594786428530733	0.70979676969475	NA	0.14049942726007	NA	0.247223707715345	0.384961374166499	0.594842067665848	0.761425769227494	0.612289453549921	0.545761154527812	0.513346107958547	0.749281049118499	0.647783540106304	0.803737856293267	1.18227907473413	1.0759023730677	1.31413309568526	1.06616307754232	1.0072314972642	1.10112611129615	0.789338761229004
NA	NA	NA	NA	NA	NA	NA	NA	NA	NA	NA	NA	NA	NA	NA	NA	NA	NA	NA	NA	NA	NA	NA	NA	NA	NA	NA	NA	NA	NA	NA	NA	NA	NA	NA	NA	NA	NA	NA	NA
0.859686034179288	0.912238210073286	1.45587780852291	1.31896730857312	1.60375280853462	NA	NA	1.50375254013026	1.57984997142047	0.904996321188788	NA	0.806431964450484	0.998236244493398	1.14846195716195	1.03818749195362	NA	1.13617304051328	1.41267744712642	0.801374775996529	0.492055117019423	NA	0.331132082522838	0.205402193149035	0.535667115549251	NA	1.28796476217549	0.95659847897388	0.593557724649675	1.37856448574828	0.750726678461064	1.59793365503067	0.94141696362344	1.03373185317129	1.06645373796899	1.00783777906202	NA	1.31377890953708	1.10683398724031	1.24869781189588	1.227658292522
NA	NA	NA	NA	NA	NA	1.33084265807777	NA	1.42517934443335	1.51995944817001	0.915490158036984	0.732280475741063	0.476383622366323	NA	0.638165152450663	NA	NA	NA	NA	0.453588623325494	NA	0.0925740921597541	0.834969046558203	0.470594495938955	2.42740206948156	NA	NA	NA	NA	NA	1.77781258910766	NA	NA	2.02570736308779	2.40057207333708	1.80584942768024	1.76042069489381	2.35701227396922	1.59140388531998	1.49450735249782
NA	NA	NA	NA	NA	NA	NA	NA	NA	NA	NA	NA	NA	NA	NA	NA	NA	NA	NA	NA	NA	NA	NA	NA	NA	NA	NA	NA	NA	NA	NA	NA	NA	NA	NA	NA	NA	NA	NA	NA
NA	NA	NA	NA	NA	NA	NA	NA	NA	NA	NA	NA	NA	NA	NA	NA	NA	NA	NA	NA	NA	NA	NA	NA	NA	NA	NA	NA	NA	NA	NA	NA	NA	NA	NA	NA	NA	NA	NA	NA
1.41643256306214	1.6393640131504	NA	1.71071360859361	1.39495953480305	1.2192868700917	1.41117810115071	1.52036993222291	1.59373677142245	NA	1.18646215549816	1.20677800276392	0.715121941431744	1.24909847443874	0.752599852902692	0.73033328088945	NA	1.45390097773893	0.759193417690531	1.02184453764223	NA	0.905741323067305	NA	0.946851779136081	0.937407920330597	1.99843821412457	NA	0.50906095932453	0.233778518325198	1.14937249370615	NA	0.389273834352852	NA	NA	0.441481893888352	NA	NA	1.14519721297976	NA	NA
NA	0.754201902687655	2.40546297736994	2.64070546783458	NA	NA	0.391798516773869	0.475568000050124	0.383911695039573	0.320785415744381	NA	0.293176700916314	0.563901885229446	0.255081288510847	0.259810580679992	0.606147364756901	1.05598172577557	0.531098775204301	NA	0.690973313110845	NA	0.793377218811747	1.65109556321984	1.54600987840406	0.38604152194673	NA	NA	0.470650723117922	1.40251061140517	0.936912439261289	1.50818569359339	0.561275978233475	0.712065498810332	1.2130523746921	0.568620900597996	0.930166826053344	1.05344378504963	NA	0.315377337839261	0.453964491673694
NA	NA	NA	1.04081167746196	NA	NA	NA	NA	NA	NA	0.761991226940453	0.550334608304286	NA	NA	NA	NA	NA	NA	0.191997301051362	0.629579816168045	NA	1.66883119214287	NA	0.527461117081455	0.508028965205138	0.469530031624275	NA	0.276561567617794	0.49989044285675	NA	NA	NA	2.32302379117654	0.284211010186569	NA	0.417788444576377	NA	1.89713431688305	0.577706630984024	2.08658260864971
NA	NA	NA	NA	NA	NA	NA	NA	NA	NA	NA	NA	NA	NA	NA	NA	NA	NA	NA	NA	NA	NA	NA	NA	NA	NA	NA	NA	NA	NA	NA	NA	NA	NA	NA	NA	NA	NA	NA	NA
1.19735567483686	1.06562821488622	1.77831474950946	1.48090617684358	1.11069868951655	0.863882540637849	1.07849431377801	1.19499411341301	0.77919393216263	NA	NA	1.04805021049236	0.94826424864296	0.688938035692488	0.2196329863704	NA	0.647502336295498	1.5729816480236	0.461273810926829	0.252066568155073	NA	0.589332198816206	0.608434777814143	0.554491816880024	NA	0.774931380343148	0.840223565855583	0.904776749812017	0.822577788635931	1.06061904261664	NA	NA	1.15039698703588	0.665184565100888	NA	1.36185463879271	2.10977649422229	1.39657228045762	0.496284409802722	NA
1.48513767510488	NA	NA	1.20553734863658	NA	1.24109591094154	NA	1.21886322516769	1.30197292602863	1.25667290920891	1.26180062096501	1.11702915273073	NA	2.02115081264796	NA	0.77548689205885	0.881999212264211	NA	NA	0.496702208323742	NA	NA	0.661753210181602	0.572427397676771	0.455086329523153	0.334637305858348	0.115672227236323	0.346805527944898	NA	NA	NA	NA	0.291061517537631	0.268489207004882	NA	0.733900376747936	NA	0.621466327103828	0.926082606719404	NA
NA	NA	NA	NA	NA	NA	NA	NA	NA	NA	NA	NA	NA	NA	NA	NA	NA	NA	NA	NA	NA	NA	NA	NA	NA	NA	NA	NA	NA	NA	NA	NA	NA	NA	NA	NA	NA	NA	NA	NA
NA	NA	NA	NA	0.921939900474613	0.703849059156226	0.997668003180417	NA	1.52798599550207	1.20653349030611	NA	1.14873928497522	1.0444686630587	1.2244632813934	1.02288675549117	NA	0.791457150720206	0.361012314951846	NA	NA	NA	0.847510331867306	0.361229462572658	0.541534107924738	0.408153102531362	NA	1.12508699739217	0.58099327230848	NA	0.649622452671107	0.362002536275099	0.389066997632159	0.425088330235032	0.501471629397079	NA	0.746090220800512	0.964457046796051	0.795900512973022	NA	0.414236729310243
NA	NA	NA	NA	NA	NA	NA	NA	NA	NA	NA	NA	NA	NA	NA	NA	NA	NA	NA	NA	NA	NA	NA	NA	NA	NA	NA	NA	NA	NA	NA	NA	NA	NA	NA	NA	NA	NA	NA	NA
NA	NA	NA	NA	NA	NA	NA	NA	NA	NA	NA	NA	NA	NA	1.16301004240931	0.979277411065588	NA	NA	NA	NA	NA	0.825560066457205	NA	1.48752066895705	1.23829982263047	NA	1.28707817126658	NA	1.25334875252652	NA	NA	1.28487574973184	1.64172053361339	NA	1.33695710372791	1.6431270163955	NA	NA	NA	NA
NA	NA	NA	NA	NA	NA	NA	NA	NA	NA	NA	NA	NA	NA	NA	NA	NA	NA	NA	NA	NA	NA	NA	NA	NA	NA	NA	NA	NA	NA	NA	NA	NA	NA	NA	NA	NA	NA	NA	NA
NA	NA	NA	NA	0.555697853622508	NA	NA	NA	0.710081341679969	NA	0.695471198274997	NA	NA	0.327405409793637	NA	NA	NA	NA	NA	NA	NA	0.289456349428714	NA	0.767186164507027	0.950090802685199	NA	1.25751572368776	NA	NA	NA	NA	NA	NA	NA	NA	NA	NA	NA	NA	NA
NA	NA	NA	NA	NA	NA	NA	NA	NA	NA	NA	NA	NA	NA	NA	NA	NA	NA	NA	NA	NA	NA	NA	NA	NA	NA	NA	NA	NA	NA	NA	NA	NA	NA	NA	NA	NA	NA	NA	NA
1.0502435829296	NA	NA	NA	NA	NA	NA	NA	NA	NA	0.430824416810923	0.359358391360599	0.541505006906904	NA	NA	NA	NA	NA	NA	NA	NA	0.610339320646547	NA	NA	NA	NA	0.890822990919121	NA	0.791624554957992	NA	NA	NA	NA	NA	NA	1.196572884159	NA	NA	1.05190450408072	NA
0.842344465696318	NA	0.88063150963373	NA	NA	0.352076791651003	NA	NA	NA	NA	1.59401147448905	NA	0.246452765462199	0.56889105057107	NA	NA	NA	0.439419650052425	0.416071669570663	NA	NA	NA	0.500687812573568	NA	NA	NA	NA	1.60709292441825	NA	NA	NA	1.69863394508621	NA	1.73958578840742	NA	1.72660012398444	NA	NA	1.50572560479313	NA
NA	0.425875095711766	0.375358056285935	0.642067021121571	0.279981698137824	0.780139286803731	0.760227828064067	0.894853889004226	0.937863845651179	NA	1.2066897976604	0.721461859907329	0.911364367167162	0.860086556667997	0.752640332227032	1.06730007119039	0.893645808204191	0.990166590779241	0.792581370382079	0.809048183452308	NA	NA	0.470736436066416	NA	0.485382776184207	0.970753048923275	1.17303580460461	1.07892971420843	1.21233934040379	1.07481716475803	0.874791271751353	0.732729484531434	0.46439640604029	0.372803134004078	0.74556617109521	0.726778732293054	0.707307816912877	0.694837230647614	NA	NA
NA	NA	NA	NA	NA	NA	NA	NA	NA	NA	NA	NA	NA	NA	NA	NA	NA	NA	NA	NA	NA	NA	NA	NA	NA	NA	NA	NA	NA	NA	NA	NA	NA	NA	NA	NA	NA	NA	NA	NA
NA	NA	NA	NA	NA	NA	NA	NA	NA	NA	NA	NA	NA	NA	NA	NA	NA	NA	NA	NA	NA	NA	NA	NA	NA	NA	NA	NA	NA	NA	NA	NA	NA	NA	NA	NA	NA	NA	NA	NA
1.07598113893605	0.933900195419198	0.92582760073251	1.53965357129393	1.03071989545545	0.697446839476943	0.845146331261042	0.700450223102566	NA	0.727710790472753	0.722043419654872	0.64704540544828	1.57238045287311	1.75665457584694	0.506971524835837	1.07708391032885	0.884404836266625	0.817918861087652	0.858465480801942	0.614104484256375	NA	0.510162220832878	0.666434748567603	1.00444503408097	0.793137397165492	0.480947029762261	0.631380344184344	0.781650303117394	0.278743510596756	NA	1.18176762317885	0.84097081710851	0.662431763518263	0.462779163587608	0.454092095172894	0.198538467524128	NA	1.39387171357095	NA	0.686343239213114
1.31877482197091	0.905353874351715	0.734716565278384	1.12794107863557	0.834598171172631	1.00009351349604	1.67447836891348	1.03441267996751	1.28025433972346	0.780114603839966	1.33207331000983	1.22077231237678	0.64511172282289	0.853807825725349	0.475933827832595	0.420318403982395	0.777548754686282	0.560418941164006	0.300250726790668	0.892565485367309	NA	0.690196381285182	0.715977289348333	0.365307192454532	0.759240779752466	0.778331962803839	0.785623610728156	1.06932043581476	NA	0.838462197921063	1.3059155163455	1.08606728153468	1.0954422864029	1.00318776863389	0.886612168003057	0.72372133917584	0.920920257361759	0.314535172679654	1.86745976166288	0.272644489492344
1.47993591665875	NA	0.90862657277613	1.73295351294745	1.21133456184996	NA	1.11997915638071	1.12281523388028	1.31309660101398	0.920609690301601	0.737567034637373	NA	NA	NA	NA	NA	NA	NA	NA	1.03209592733795	NA	NA	NA	NA	0.773344555233346	NA	NA	NA	0.624999362637833	NA	NA	NA	NA	2.05449879633692	2.310556707035	NA	NA	0.986882053619349	1.17843786423153	0.961037086419741
1.48314377487297	1.37912733986277	NA	1.4458878401665	1.57089016714123	1.29053661189187	1.28280977669678	0.98846515928948	1.25732011466633	0.918791323291816	0.803239168687303	1.04533940984988	0.963288230336584	1.0805601090911	0.98179667122991	NA	NA	NA	NA	NA	NA	NA	0.384238201792085	0.341748917012716	0.273947050829787	NA	NA	NA	0.680235555740294	0.945935940222841	0.580321681052783	0.905411683698176	0.971895486633485	1.13266832589679	NA	NA	NA	1.22952727155805	NA	1.24742340220689
0.456571729730164	0.55294247102427	0.0309934796433581	0.402500195069017	0.387562629275819	0.287869105348104	0.866268706131865	NA	NA	0.351080502706572	NA	0.55915512730194	0.97467684505667	0.808083550139962	0.889989611443355	NA	NA	0.918760652614002	0.994876231748431	0.645058946514475	NA	0.503247171996422	0.545824724144683	1.01380063348287	NA	0.641792329861813	1.19057674711285	1.23701405791896	1.31082731106178	NA	NA	1.78651604993352	NA	NA	NA	1.82911703160271	NA	0.898253591544344	NA	1.06628317591285
NA	NA	NA	NA	NA	NA	NA	NA	NA	NA	NA	NA	NA	NA	NA	NA	NA	NA	NA	NA	NA	NA	NA	NA	NA	NA	NA	NA	NA	NA	NA	NA	NA	NA	NA	NA	NA	NA	NA	NA
NA	NA	NA	NA	NA	NA	NA	NA	NA	NA	NA	NA	NA	NA	NA	NA	NA	NA	NA	NA	NA	NA	NA	NA	NA	NA	NA	NA	NA	NA	NA	NA	NA	NA	NA	NA	NA	NA	NA	NA
NA	0.800485399666411	2.08317373721608	1.07317575204111	2.5283827231402	1.21539115838852	0.959129005758607	2.29662835051562	2.31463672257707	2.56123070415349	1.90982206469241	1.20080180052667	1.97136835815884	NA	NA	1.70860025523461	1.69805987808722	NA	0.838975834763916	0.31799217396683	NA	NA	2.3987254338306	2.57730919642874	0.655473065841276	1.781690955075	0.858325199933342	1.67935756861334	1.8557123685092	NA	NA	1.98994612778786	1.2885481393313	1.92299304799596	NA	1.57651258873852	1.54309839202188	NA	0.338678915466831	NA
NA	NA	NA	NA	NA	NA	NA	NA	NA	NA	NA	NA	NA	NA	NA	NA	NA	NA	NA	NA	NA	NA	NA	NA	NA	NA	NA	NA	NA	NA	NA	NA	NA	NA	NA	NA	NA	NA	NA	NA
0.535911049930816	0.367060883798811	0.6438055064511	0.311174618853306	NA	1.4019869412182	0.846116575300209	1.48039552510833	1.04083633744918	1.09381930272963	1.44145941791838	0.596864097629979	0.59673795231713	0.529464166580064	0.326137832528004	NA	0.411532580643723	0.236989681461187	0.318978208722121	0.651599478811167	NA	NA	0.694431615648876	NA	NA	NA	NA	NA	NA	1.18019545327208	1.76726301449346	1.10155787731169	1.37193613733735	NA	NA	NA	NA	NA	NA	NA
NA	NA	0.830106232825201	NA	NA	1.06712901617149	1.32391599093187	1.18094344967192	1.05078952951893	NA	0.213932016018539	1.04475981860151	0.893263507380433	1.00441699799736	0.479040638280268	NA	0.486785625450603	0.22542977632719	1.15895974047728	NA	NA	0.266676605372621	NA	NA	NA	NA	NA	NA	NA	NA	NA	NA	NA	NA	NA	NA	NA	NA	NA	NA
NA	NA	NA	NA	NA	NA	NA	NA	NA	NA	NA	NA	NA	NA	NA	NA	NA	NA	NA	NA	NA	NA	NA	NA	NA	NA	NA	NA	NA	NA	NA	NA	NA	NA	NA	NA	NA	NA	NA	NA
1.69670340895208	NA	NA	NA	NA	NA	1.41615409708959	NA	NA	0.510625249059174	NA	0.469105456873891	NA	0.249742950674811	NA	NA	NA	0.49935380457002	NA	0.468241368815984	NA	0.342091136677952	NA	0.644435741524504	0.809922512460402	NA	NA	0.539261683339662	NA	NA	NA	1.86064925369905	NA	2.0264878302176	2.10650192566353	0.838454582366202	NA	NA	NA	1.56182996529236
NA	1.70816869611769	1.27766288909833	NA	NA	2.24397917569107	2.01885382075353	2.00722797271915	NA	NA	NA	0.349492773445843	0.659191809928751	1.38854836684338	1.26877850723428	0.927547764261501	0.672092913669278	1.56697178687721	1.86760030319464	0.384204562066071	NA	0.395791146147592	0.446392376038973	NA	0.46339234957117	0.184847977141235	0.995194992643539	0.883086977661435	0.471487667715651	NA	NA	0.69140207458704	NA	NA	0.949722635153782	NA	NA	0.316028827144514	0.5333123090859	NA
NA	NA	NA	NA	NA	NA	NA	NA	NA	NA	NA	NA	NA	NA	NA	NA	NA	NA	NA	NA	NA	NA	NA	NA	NA	NA	NA	NA	NA	NA	NA	NA	NA	NA	NA	NA	NA	NA	NA	NA
NA	NA	NA	NA	NA	NA	NA	NA	NA	NA	NA	NA	NA	NA	NA	NA	NA	NA	NA	NA	NA	NA	NA	NA	NA	NA	NA	NA	NA	NA	NA	NA	NA	NA	NA	NA	NA	NA	NA	NA
NA	NA	NA	NA	NA	NA	NA	NA	NA	NA	NA	NA	NA	NA	NA	NA	NA	NA	NA	NA	NA	NA	NA	NA	NA	NA	NA	NA	NA	NA	NA	NA	NA	NA	NA	NA	NA	NA	NA	NA
NA	NA	NA	NA	NA	NA	NA	NA	NA	NA	NA	NA	NA	NA	NA	NA	NA	NA	NA	NA	NA	NA	NA	NA	NA	NA	NA	NA	NA	NA	NA	NA	NA	NA	NA	NA	NA	NA	NA	NA
NA	0.410580823025813	0.567184584672422	NA	NA	NA	0.715217493676819	NA	0.137420907010077	0.402588540504539	0.30929871924877	0.57926951415647	0.315420406898253	NA	0.355755395021297	NA	NA	NA	0.306521717511976	0.100026073287896	NA	0.368855272824709	0.413578440379664	NA	0.503088495115124	NA	0.425099513381534	NA	1.07760818537259	NA	NA	0.945797858682097	0.555552901556803	NA	NA	1.59541638530276	1.17061034553999	NA	NA	0.476285154360189
NA	NA	NA	NA	NA	NA	NA	NA	NA	NA	NA	NA	NA	NA	NA	NA	NA	NA	NA	NA	NA	NA	NA	NA	NA	NA	NA	NA	NA	NA	NA	NA	NA	NA	NA	NA	NA	NA	NA	NA
NA	NA	NA	NA	NA	NA	NA	NA	NA	NA	NA	NA	NA	NA	NA	NA	NA	NA	NA	NA	NA	NA	NA	NA	NA	NA	NA	NA	NA	NA	NA	NA	NA	NA	NA	NA	NA	NA	NA	NA
1.2894601200016	0.875356555663244	1.23411120274571	NA	0.569295180492715	0.58179738390147	1.01506724989261	NA	NA	NA	0.645809130171021	0.623103533803219	0.577328167694843	NA	0.435258602951858	0.679535590322307	NA	0.192894475827611	NA	0.610677792551986	NA	NA	0.653728865377503	0.509952222511112	0.765066788641531	0.943493407986677	1.07544405914781	NA	1.49301169744772	0.743337552843552	1.61339836557186	1.34200852513397	NA	NA	1.51954179734126	NA	NA	NA	NA	0.452121938077248
1.57139432035054	1.79363414752105	1.65558045809871	NA	NA	2.58825066288415	NA	NA	NA	NA	1.45873717286224	0.531836262205432	0.526031316632506	NA	NA	NA	0.524500065282907	NA	NA	NA	NA	NA	NA	0.684018744601844	NA	NA	NA	0.937752819869454	0.681124399160395	NA	NA	1.07085596690342	1.10959687337206	1.564786160483	NA	NA	NA	NA	NA	NA
NA	1.00374608574375	NA	NA	NA	NA	0.985798814852727	NA	1.18140594622306	0.523141529725856	NA	NA	0.97100309342976	NA	NA	NA	NA	NA	NA	NA	NA	1.54451109559382	0.787752343301669	0.65883039560478	0.324998666241449	NA	NA	0.674097405752332	0.766211173467742	0.723375168968214	1.03932448895324	0.915145864493948	0.508067830014771	0.449698430125061	NA	0.350959961004348	NA	0.424792062894385	0.971449780790031	0.686234438768451
NA	NA	NA	NA	NA	NA	NA	NA	NA	NA	NA	NA	NA	NA	NA	NA	NA	NA	NA	NA	NA	NA	NA	NA	NA	NA	NA	NA	NA	NA	NA	NA	NA	NA	NA	NA	NA	NA	NA	NA
NA	NA	NA	1.08287553506856	NA	1.07893663174559	0.819197853409659	NA	0.916188125587263	NA	0.899478671463963	0.644767491506225	0.392950113848757	NA	NA	0.585464709352197	0.677266220668402	NA	1.10457463766378	NA	NA	NA	NA	NA	0.165187300597986	NA	NA	NA	NA	NA	NA	NA	NA	0.991593635254169	NA	NA	NA	NA	NA	NA
NA	NA	NA	NA	NA	NA	NA	NA	NA	NA	NA	NA	NA	NA	NA	NA	NA	NA	NA	NA	NA	NA	NA	NA	NA	NA	NA	NA	NA	NA	NA	NA	NA	NA	NA	NA	NA	NA	NA	NA
NA	NA	NA	NA	NA	1.28927810688855	0.871031752836612	2.11514478475149	0.652733559388624	NA	1.63720227836888	0.935742207909588	NA	1.056401188889	NA	NA	NA	0.453872841110225	NA	NA	NA	0.284426081173431	0.604257515387868	0.598797075048534	NA	1.18232552552501	NA	NA	NA	NA	NA	NA	NA	NA	NA	NA	NA	NA	NA	NA
NA	0.635048009594509	0.993797698610763	0.937488257598431	1.44269579370055	NA	1.64151555344766	NA	NA	1.68953997299209	NA	1.72045998078773	1.40554874080445	1.46807258304105	NA	1.12533199227729	1.3003404683019	NA	0.659450350705262	1.40597745714058	NA	0.492493119773867	0.932812425108613	1.11848187283421	0.80709032197363	NA	0.919894473645736	NA	0.946595322217559	NA	NA	0.898367746026938	0.451132538827229	0.38829889467442	0.625561438601271	1.02859531239601	0.766905848058548	0.820036347576138	NA	1.25051422364982
NA	NA	NA	NA	NA	NA	NA	NA	NA	NA	NA	NA	NA	NA	NA	NA	NA	NA	NA	NA	NA	NA	NA	NA	NA	NA	NA	NA	NA	NA	NA	NA	NA	NA	NA	NA	NA	NA	NA	NA
NA	1.51292661940431	1.38256479792633	1.41398994661514	NA	1.458697488053	1.56374739722065	1.38843569085377	NA	NA	0.844918514135322	1.22618886410037	NA	1.28171394567529	0.775034723223757	0.839059862792896	NA	0.18862432559991	1.39038549567237	0.747940662689903	NA	1.70703072912487	1.83028218238951	1.76033339830402	1.55936577351308	0.678636512424109	NA	0.610172695467291	1.59505898459632	NA	1.48307499325668	NA	1.71970017780611	1.40867888569909	2.06972051437484	NA	NA	2.3965848639183	NA	1.89419048525736
NA	2.16159112680398	NA	NA	NA	NA	NA	NA	NA	NA	NA	NA	NA	NA	NA	NA	0.81158459811953	NA	NA	0.234779493231391	NA	0.296330344011788	0.72647464178579	1.03812769163361	NA	0.586904765617501	1.40821669388755	1.21113318165596	NA	NA	NA	2.50658859311146	NA	NA	NA	2.43233601935229	NA	NA	NA	NA
0.974201741437618	1.10745253209223	0.663352699449077	NA	0.38558694857436	NA	NA	NA	NA	NA	NA	NA	NA	0.168168256329166	NA	NA	NA	3.03450101141682	1.1809992907753	1.48250978157097	NA	0.497972187032292	1.5037766863629	2.75082836421198	NA	NA	NA	NA	2.58105315081412	NA	2.05602908754149	2.34161311111152	1.75049066867863	1.8603228999549	NA	3.06276452805598	NA	2.42202755336692	2.95454875626691	2.97159485927808
NA	1.59952186479526	1.81082705725212	1.13193026050604	NA	NA	1.56319691995773	1.80009158498926	NA	1.27333750815858	NA	0.955225729097377	0.721023760492298	NA	0.876022879165633	NA	0.888113145044583	0.726838142429535	0.579614963254159	0.607977471603037	NA	0.330067928921005	0.329852582466687	1.7591701654932	2.02240969687385	NA	1.31808630587915	1.30742115537387	1.50055643347625	1.33290685203808	1.20402915972019	1.28445352294699	NA	1.71094374601805	1.39384122829473	1.33518842542197	1.27184769218185	1.60660753800387	NA	1.61285199265479
NA	NA	NA	NA	NA	NA	NA	NA	NA	NA	NA	NA	NA	NA	NA	NA	NA	NA	NA	NA	NA	NA	NA	NA	NA	NA	NA	NA	NA	NA	NA	NA	NA	NA	NA	NA	NA	NA	NA	NA
NA	NA	NA	NA	NA	NA	NA	NA	NA	NA	NA	NA	NA	NA	NA	NA	NA	NA	NA	NA	NA	NA	NA	NA	NA	NA	NA	NA	NA	NA	NA	NA	NA	NA	NA	NA	NA	NA	NA	NA
NA	NA	NA	NA	NA	NA	NA	NA	NA	NA	1.46389350193762	NA	NA	NA	1.73715101170942	1.16010559373643	NA	NA	NA	0.299255608481365	NA	0.0950395387237767	NA	0.48603241110452	NA	1.16051226211793	0.277671493634806	NA	NA	0.879794281787571	1.14441456428791	1.18355324700092	0.998163138926146	0.354842151645683	NA	NA	NA	0.38183361252106	0.457637368347416	0.509271261717635
NA	NA	NA	NA	NA	NA	NA	NA	NA	NA	NA	NA	NA	NA	0.393210517645724	NA	NA	NA	NA	0.277736778250795	NA	0.300135405224069	0.257145079958872	1.69987170451437	NA	NA	NA	0.604695293014492	NA	NA	NA	NA	NA	1.13144240928283	NA	0.808268729521361	NA	NA	0.779848588540999	NA
NA	0.905268055153621	1.00882902704348	1.06048664822553	1.00735365239418	0.667075623408667	1.78819791054044	0.821706764824587	NA	NA	NA	0.328593237011406	NA	NA	NA	0.496181760146166	NA	0.398921372232188	NA	0.397192948331688	NA	0.409398713250533	1.1255311655662	0.544340049271602	NA	0.53969173646482	NA	0.606030568436061	NA	NA	NA	1.40628819286753	NA	NA	0.940868901692366	NA	1.58243182368459	NA	NA	NA
NA	1.79188432306693	1.78844973755552	2.08087328123709	1.78134218657157	1.55691070320229	1.65002445989941	1.67730707875768	1.71409986265064	1.40528669839303	NA	1.60742380975919	1.98913423377111	NA	1.94911840757464	NA	NA	NA	2.50381669621465	2.14385748310278	NA	NA	2.14813222148782	1.88052181619183	1.64670359121256	NA	1.45861706973113	1.19842335170116	1.17458636532438	1.20443737017408	NA	1.81934725986854	NA	1.11801625436629	0.261946985986134	0.60365198301723	NA	NA	1.18237826713799	NA
NA	NA	1.66249735203854	NA	1.53291205477402	1.51897932587849	1.85361330952557	NA	1.55348964695552	1.63519989689802	NA	1.39259661404106	0.823813768948731	2.00124427667113	0.844425273131551	NA	1.884587228985	NA	2.16668775333945	NA	NA	NA	2.11550835833052	2.10871931572725	NA	NA	0.769560103285901	1.91588805490442	NA	NA	0.0999095903774475	2.19222014901181	1.16597558290843	0.618035647860326	0.724028066146697	NA	1.50090205431235	0.41501046524791	NA	NA
NA	NA	NA	NA	NA	NA	NA	NA	NA	NA	NA	NA	NA	NA	NA	NA	NA	NA	NA	NA	NA	NA	NA	NA	NA	NA	NA	NA	NA	NA	NA	NA	NA	NA	NA	NA	NA	NA	NA	NA
NA	NA	NA	NA	NA	NA	NA	NA	NA	NA	NA	NA	NA	NA	NA	NA	NA	NA	NA	NA	NA	NA	NA	NA	NA	NA	NA	NA	NA	NA	NA	NA	NA	NA	NA	NA	NA	NA	NA	NA
NA	NA	NA	1.55376793919005	NA	1.27047580223794	NA	1.23745861696127	1.24849523062625	NA	NA	NA	1.20881584288741	0.939458414875779	1.32178435881349	NA	1.06557345390807	0.925605149551619	NA	0.411501267845105	NA	NA	NA	0.266329430692647	NA	NA	NA	0.343240288200608	0.608834372902134	0.934633369228927	1.42428252156937	1.36577078072884	1.48393337130816	NA	NA	NA	NA	NA	NA	NA
0.561411419488412	0.452980926118623	0.891633532639403	1.05483386327925	0.902049629850179	0.593583961923945	0.617701448685398	0.37014886747692	0.111844659889749	NA	NA	0.38586489572289	1.31377159554521	NA	1.20970773126487	1.30375280121134	NA	NA	1.48251236296177	0.0909674554197714	NA	0.239497173576305	0.488124935300522	1.27554271985394	1.32097094057179	NA	1.1201873701511	0.791360857321819	1.90900742703972	1.03057297591521	1.83821624990942	NA	1.18445612558057	1.35918071575497	NA	1.92575425701064	1.58770296840561	2.25247315861114	1.03301974985795	1.4402983405905
NA	NA	NA	NA	NA	NA	NA	NA	NA	NA	NA	NA	NA	NA	NA	NA	NA	NA	NA	NA	NA	NA	NA	NA	NA	NA	NA	NA	NA	NA	NA	NA	NA	NA	NA	NA	NA	NA	NA	NA
NA	NA	NA	0.690657568025858	0.930778944304297	NA	0.663426064519234	NA	NA	NA	NA	NA	1.21636884229338	0.763158555939739	NA	NA	NA	NA	NA	NA	NA	NA	0.708336617829749	NA	NA	NA	NA	NA	NA	0.945159832919306	1.45312274374089	NA	1.40983522744322	1.37844064074851	NA	1.92604704757844	NA	NA	1.52135692486952	1.36196875545756
3.00445234178556	NA	1.56688913644467	NA	2.27672471855106	NA	NA	1.71507882629922	2.38514503062293	1.09037592963596	NA	NA	NA	1.46694552053145	NA	NA	NA	0.971511113071422	NA	NA	NA	0.606748018854793	0.637210422048566	0.860338068344985	0.232874514856302	1.21636120047506	0.288643166876519	NA	NA	NA	NA	NA	1.90931162994637	0.38944683011503	NA	1.77447310886608	NA	NA	NA	NA
0.464332757395963	NA	0.369179320094263	NA	NA	NA	0.294559839894407	NA	0.56573742587535	0.297772171084986	NA	NA	0.205852790929735	NA	0.215001396759853	0.364190074455239	NA	NA	NA	NA	NA	0.335520370524645	0.527877681734281	NA	0.796666715074953	NA	1.05475613763627	NA	0.612780201735481	1.01194128365593	NA	0.794782077508062	NA	NA	NA	0.726493530962925	NA	0.475303634788976	0.501781783772052	NA
NA	NA	NA	NA	NA	NA	NA	NA	NA	NA	NA	NA	NA	NA	NA	NA	NA	NA	NA	NA	NA	NA	NA	NA	NA	NA	NA	NA	NA	NA	NA	NA	NA	NA	NA	NA	NA	NA	NA	NA
NA	1.59206091820054	1.02030013315309	NA	1.66049739999225	1.08728426276754	1.39029971018756	0.672584527783463	0.910804008522185	0.553759732762701	0.997355422178784	0.672098205517152	1.19848817463487	0.912796439961763	0.889502572635107	1.26895420424105	0.4297579233668	0.552576736739347	0.516988469212595	0.856626294199821	NA	0.593528417286002	0.597424462842664	0.570868814361914	0.451484806918891	1.24194887549304	0.423348479841057	0.874490281170194	0.694594954209017	1.32262610269709	NA	1.02670970545474	0.740833446800097	1.0886744921959	0.913319807575998	1.41897362882249	1.02277810216861	0.748971801825564	0.695427073687793	1.02838272388532
NA	0.779185092606114	0.770377541937823	1.07202490136614	1.19005224960047	1.10411293898816	0.712325412285269	0.70302589067307	0.852763228605562	NA	0.345579225272136	0.90028809330974	1.14721226514002	NA	0.367121260118515	NA	0.578873802436209	0.200454963482179	0.397481914394192	0.197926983434142	NA	0.332655140912925	0.812695573613029	0.895661305506853	0.476914368872971	NA	0.8550084467146	1.05671309062926	0.440828083419351	NA	0.496921450550344	0.53283792530962	0.784024100614277	0.187379963059958	1.05951326548749	NA	0.706723721768233	0.233074874885471	NA	0.618488201866182
NA	NA	NA	NA	NA	NA	NA	NA	NA	NA	NA	NA	NA	NA	NA	NA	NA	NA	NA	NA	NA	NA	NA	NA	NA	NA	NA	NA	NA	NA	NA	NA	NA	NA	NA	NA	NA	NA	NA	NA
NA	NA	1.2902631329235	1.19218451826262	NA	NA	0.358550111007975	NA	NA	0.253998354519935	NA	NA	0.610429494336083	NA	NA	NA	NA	NA	NA	NA	NA	0.247500710844697	NA	NA	NA	NA	0.519071519684134	NA	0.945824186847671	0.852783339074941	NA	0.619521658026745	NA	0.54323053282768	NA	1.26605837500363	0.447987423027245	NA	NA	0.499158590621296
0.446413600790953	2.65983751612983	0.783545716641712	0.976377904013837	0.670769159377593	0.9803239152777	2.43538317465928	2.28867786568621	2.50711801375488	0.688601017931344	1.28027618855216	1.54183716486961	1.93375311050388	0.829544851403001	2.0639836641186	0.355418912421021	0.597029145909013	0.188915384632117	0.304217909921266	0.417096962944104	NA	0.272078616043992	0.421369444459071	1.07488751584902	0.709977903924285	1.98055221573226	2.21513891951375	NA	NA	NA	0.916975957380645	NA	1.85489684499401	2.20639522689666	1.81989242721867	1.35477168164151	2.05914619973708	0.643069355169887	1.06932270255398	1.94595756398125
NA	NA	NA	NA	NA	NA	NA	NA	NA	NA	NA	NA	NA	NA	NA	NA	NA	NA	NA	NA	NA	NA	NA	NA	NA	NA	NA	NA	NA	NA	NA	NA	NA	NA	NA	NA	NA	NA	NA	NA
0.844647896545255	1.00854808873857	0.683874936307456	1.61945694301471	0.809819439431172	0.5823451017199	NA	0.577666416800912	2.05837550364361	0.514562459525173	0.801102040276695	0.725505711756462	0.579682212071345	0.500690033524106	0.691267805406475	0.410319249116628	0.296022385877337	0.392680904976537	0.614289814797051	0.329684999102704	NA	0.183176915454744	0.302413628126113	0.712671189988125	0.292009439702904	NA	0.615554562918776	NA	0.948870179642617	NA	1.64790824715785	1.84166874038954	NA	2.5235952814742	1.8176472243954	2.2865848550909	NA	NA	NA	NA
1.17869845690087	0.913739424936023	1.09951184815137	0.813957848029425	0.917597402433346	1.12185134219407	0.693069112577663	0.860534906529516	0.961898363377526	NA	NA	0.921894875835826	1.05599810462889	1.27767031398897	0.540293059762018	0.592488771863477	NA	0.370114069208282	0.712690276771035	0.649776437167409	NA	0.698868115592645	0.981518349629389	0.63977161510153	0.778409705034483	0.794542431013431	NA	0.913339562659022	1.10800360910027	0.917423060900685	0.593955920819933	1.16595394635339	1.11168551527621	1.66960503761165	1.58804218955421	1.51278608680938	2.05617639739493	NA	NA	NA
NA	NA	NA	NA	NA	NA	NA	NA	NA	NA	NA	NA	NA	NA	NA	NA	NA	NA	NA	NA	NA	NA	NA	NA	NA	NA	NA	NA	NA	NA	NA	NA	NA	NA	NA	NA	NA	NA	NA	NA
NA	1.16515809575708	NA	NA	NA	NA	NA	NA	NA	NA	1.28441248031558	0.764198901621582	0.253801381902725	0.708229629553358	NA	NA	NA	NA	NA	NA	NA	0.867791054122424	NA	0.758811053369999	0.995328333741651	NA	NA	NA	NA	0.564974350647219	NA	NA	NA	NA	NA	NA	NA	0.73863206054028	NA	0.793427037944516
1.00948352366463	1.00212950002412	0.694867078777697	NA	0.751317280612216	1.06683134897073	1.32016818531666	1.37269767634095	1.30714832350625	NA	NA	NA	1.10592717327152	NA	0.687009896720718	0.679540259987443	0.781310283868816	0.317226670937428	0.458553383418628	0.711539886560559	NA	0.31051542513248	0.833003859585807	NA	0.739008149774004	0.8988054198481	1.05526656006263	1.0829488664885	1.01666373630863	0.661652511872225	NA	NA	1.76479398886668	NA	NA	2.02705475814435	NA	NA	NA	NA
NA	NA	NA	NA	NA	NA	NA	NA	NA	NA	NA	NA	NA	NA	NA	NA	NA	NA	NA	NA	NA	NA	NA	NA	NA	NA	NA	NA	NA	NA	NA	NA	NA	NA	NA	NA	NA	NA	NA	NA
2.22468313860526	2.17216713924572	1.98635978890605	1.7407603243862	1.4900228583325	1.44592803083773	1.27149912934277	1.02426799070595	0.552471489579126	0.625734223476566	NA	0.527801192714769	0.51423630167697	0.803727800759662	0.577250839578817	NA	0.733619727712066	0.50346713887672	0.487636582863422	0.373984639462354	NA	NA	0.470687687327752	0.472330535363376	0.779364556445713	0.786597910655305	0.749775367685808	1.1215505286491	1.05206829867895	1.07184815795456	1.41675391182446	1.33943885329404	1.19766670278616	1.07853649899844	0.902646759179061	NA	NA	NA	0.80267034559418	0.574274962044733
NA	0.66267447990033	0.798992094003842	NA	NA	0.476579370030426	NA	NA	0.880411356445072	0.809353945107369	0.542826175951906	0.586126499489514	0.713822125081354	0.550909929251873	0.681834041223679	NA	0.687659886074314	0.661657070393712	0.463978194979973	0.305374389346705	NA	0.352580186730536	NA	0.634627169393827	0.392444935794415	0.765111749058636	NA	1.32024744010748	NA	1.29668431565894	1.56502285073641	1.44297480239734	0.641809757708069	NA	NA	1.13454656213988	0.21902384616973	1.71489930078558	0.862397307086056	NA
1.04763381774318	0.842513435259315	NA	NA	1.13657301498603	NA	NA	NA	NA	NA	NA	NA	NA	NA	NA	NA	NA	NA	NA	0.790352833443804	NA	0.115538619568045	NA	0.573073050000447	NA	0.677451789783459	NA	0.547129154060808	1.1127406780479	NA	NA	NA	0.640665949080309	0.270439871742898	NA	0.299226898443099	NA	NA	0.245851405079728	NA
NA	1.05256006157775	1.67962474309404	NA	0.576120780451448	0.3703504706318	1.15168537721645	1.55623184917954	NA	0.376563223556403	1.24892807081482	0.637322538140838	1.3753892051534	0.498952821556519	1.87312529355231	NA	0.289282997159049	NA	0.744800200280158	0.143834879479134	NA	0.373760756488367	NA	1.16880598415245	0.776169199117042	1.16006723496332	0.718155261607393	1.00744227730916	0.546844628033398	NA	0.750109331546942	0.484686021842315	0.534003157511908	0.740304866040057	2.01541001162551	1.61828829794427	NA	1.20438960561263	1.19152393005788	1.19687615048949
NA	NA	1.10607444552008	0.883324121314446	0.657158819762511	NA	0.888991218067243	1.68345566717993	0.984049139048981	0.851457440478533	NA	0.0774491784355298	NA	0.814543647668748	0.345815931745297	0.514517761990879	0.37913145874451	0.465873788120178	NA	NA	NA	NA	0.437189606678923	0.432531661249246	0.692084423200824	0.731303266182843	0.899122154607229	0.414383750180081	0.53147316654898	0.500413651000131	1.38686906885358	1.00920302289263	1.17139004157267	0.849180566203802	1.58601783650592	1.07258170772373	1.87168865654429	1.83243441139741	NA	1.69355743931667
NA	1.93056382002828	NA	1.98019542235993	2.03941380466498	1.58819306879512	1.9934072911481	NA	1.81666915603419	2.05848613002544	NA	0.972928332259679	1.3578798399046	0.57745116211429	0.633094776471524	NA	1.37718650544722	1.334028606271	1.49407245836342	0.474806151976694	NA	2.21682752606061	1.80293787623732	1.76612342595956	0.948720698375612	NA	1.85033579758255	NA	1.48867515660168	0.543963545082802	0.481617745459824	1.67037987854307	1.77088876284234	0.718568731928278	NA	NA	NA	NA	1.94359453974543	NA
NA	NA	NA	NA	NA	NA	NA	NA	NA	NA	NA	NA	NA	NA	NA	NA	NA	NA	NA	NA	NA	NA	NA	NA	NA	NA	NA	NA	NA	NA	NA	NA	NA	NA	NA	NA	NA	NA	NA	NA
NA	0.379083538226564	0.704989544090098	NA	1.11804349576324	0.81177442111079	NA	0.914237974528161	1.07060048287061	NA	1.36686479874334	1.31969794050947	0.99429913252359	NA	1.53516589216465	1.05425965633936	NA	NA	1.27586479518618	1.38165219908024	NA	0.809521628878982	NA	0.781059742940371	NA	1.14039524833121	1.58085613537616	1.31712153837337	1.49206064755443	1.33277409751975	1.34778084669613	1.51459445015864	NA	1.3170674556474	1.60079022333564	1.36015980083606	1.07085090812173	1.5549234687847	0.88195807689672	1.69942333403029
NA	0.685646756612939	NA	NA	NA	0.722146941665458	NA	NA	0.938363081098357	NA	NA	1.27202610960092	0.806249504938896	NA	0.325450991744264	NA	0.0553064693917626	NA	1.80392159992465	NA	NA	NA	0.069406424953242	0.270675619652713	NA	NA	NA	NA	NA	NA	NA	NA	1.33483801723735	0.756020103405879	NA	NA	NA	1.25398374024702	1.04489219132481	NA
NA	NA	NA	NA	NA	NA	NA	NA	NA	NA	NA	NA	NA	NA	NA	NA	NA	NA	NA	NA	NA	NA	NA	NA	NA	NA	NA	NA	NA	NA	NA	NA	NA	NA	NA	NA	NA	NA	NA	NA
NA	NA	NA	NA	NA	NA	NA	NA	NA	NA	NA	NA	NA	NA	NA	NA	NA	NA	NA	NA	NA	NA	NA	NA	NA	NA	NA	NA	NA	NA	NA	NA	NA	NA	NA	NA	NA	NA	NA	NA
1.67854040636135	NA	1.63846857579863	1.2355000568395	1.51382146410119	0.908528995015144	0.606005277001095	0.929919472786422	0.536750294930184	1.00557868386819	0.69343394997428	0.695216920669873	0.779526984456484	0.784143604679156	0.520907413984328	0.559249883286777	0.513237794611699	1.10880139228684	NA	1.08361522704969	NA	1.15034328382978	1.12484534755484	0.440641608425607	0.513718751567447	0.57162882560521	1.0873419346679	0.547894663353293	0.887675784992976	NA	NA	0.746848519276277	0.632555942168389	0.859059257163466	0.827755953844255	1.0093817255227	0.829185719862729	0.724971975527179	NA	0.909495010454716
NA	NA	0.880880601421579	NA	1.2808921256122	NA	0.907088593610258	1.13610948247954	0.963654664376657	0.791174473488689	NA	0.684828464519612	0.611927606523663	0.788303707945226	0.858300757082549	NA	NA	NA	NA	0.620230370430598	NA	0.192303946086849	NA	0.624955395466248	0.735150862344065	NA	0.248610664136968	NA	NA	0.745012971090089	NA	NA	0.615678257005824	0.667218941373905	0.451085444621857	0.379641397546618	0.437385494987833	NA	NA	NA
NA	NA	NA	NA	NA	NA	NA	NA	NA	NA	NA	NA	NA	NA	NA	NA	NA	NA	NA	NA	NA	NA	NA	NA	NA	NA	NA	NA	NA	NA	NA	NA	NA	NA	NA	NA	NA	NA	NA	NA
NA	1.39650529306926	1.5035574078192	NA	1.09997033159946	1.17393406863724	NA	NA	1.57311944272374	NA	NA	0.804546665703597	0.897794704796638	NA	0.481896563702418	NA	0.343353760564278	NA	NA	0.197182934425626	NA	0.369667328090028	0.410060442470697	NA	0.941361691482135	1.05552300533158	NA	0.92791364204552	0.955431626091499	0.821383382394234	0.859761692242509	NA	1.22400603630665	1.27491044109396	NA	NA	NA	NA	NA	NA
0.781400988912125	0.629863918189354	NA	0.322363153847823	NA	0.322078906825617	NA	NA	0.446963652287171	NA	NA	0.388781390484677	0.30760858610643	0.191626745447904	0.300208922046882	NA	0.205537061852747	0.128157687050943	NA	0.163986332138152	NA	NA	0.0912587220555073	0.189135788169627	0.273338794296767	NA	0.816163074697615	0.910272992145815	1.26227905992804	1.11295388925895	1.55159178439073	1.47098868226083	1.42347393301249	NA	1.58616828400727	0.847926306799636	1.34700336742381	0.358814028730208	NA	0.734197025776638
NA	NA	NA	0.961462899528438	NA	0.762769057645079	0.777685475655776	0.921704976439235	1.30212773719262	1.14697402231435	1.1022939204556	0.876258796671824	0.863822457805811	0.783189701062806	0.752201239445241	0.428931874375163	NA	0.628936318312432	0.5705479616889	0.608210245352904	NA	0.394947746528295	0.230803655776908	0.143908943499238	0.274708004852579	0.470036197248649	0.482951934561191	0.464964908539556	0.844838261394097	0.562255112550536	1.22818126833118	0.868156675839375	0.797738981366943	2.00551887570882	1.28378519707052	1.19943378629474	NA	0.928184332378561	NA	1.32476631223852
1.58428816763635	1.1960556957091	0.878268027297653	NA	0.137513638387795	0.190118148782492	1.20297117966939	1.45573743900088	1.02882411462552	0.926380630996003	0.800507706952138	0.945776266644049	1.12631903317816	1.36523256075737	0.950384705797295	0.905425075010421	1.2392445930688	1.64950758380051	1.82582038677733	0.473796444923232	NA	0.162369150356985	1.51177928968801	1.8241074680915	1.14366806858163	NA	1.7278809033578	1.7514675050048	0.797824557272014	1.16508565865565	1.03645590866126	1.65024931376555	0.988564393461707	NA	1.27887805674512	NA	1.58883572067485	0.991269502204871	1.59528756865169	2.12268783336278
NA	1.15808203866313	1.16640252583942	NA	1.22047855332343	NA	1.22143050744414	NA	NA	NA	NA	NA	NA	0.451366228931504	0.577114248910456	NA	NA	0.229739927000474	NA	NA	NA	0.896870595576071	NA	NA	0.482027820255912	1.09143166461508	0.963478133645065	0.980241183717472	0.689200537820929	0.874736844545273	NA	1.31323640280092	1.42954830841652	0.715263008260703	NA	0.761367003376749	0.825564510122241	NA	0.416775055559831	1.25919555198457
1.25931923464588	1.12053940990168	1.14752872231201	NA	NA	NA	0.652485539251285	0.508353377635535	0.532621765176334	NA	NA	0.413520036295553	0.348366450826194	0.41485519142563	0.220749980566303	NA	0.0977757638262455	NA	NA	0.268910638180693	NA	0.620526220728326	0.348455812717778	0.52316694855973	NA	0.244561135559769	0.740378384893951	0.628803256801215	0.273433532846856	0.500962586632091	1.03946415945801	NA	NA	1.06170236469073	NA	NA	NA	NA	NA	0.525392567285231
NA	NA	NA	NA	NA	NA	NA	NA	NA	NA	NA	NA	NA	NA	NA	NA	NA	NA	NA	NA	NA	NA	NA	NA	NA	NA	NA	NA	NA	NA	NA	NA	NA	NA	NA	NA	NA	NA	NA	NA
1.65074815416936	0.87506159597499	NA	NA	NA	0.857366802651155	0.945639142981858	NA	0.724742703745754	0.751305082220385	NA	0.692327677689566	NA	0.601314695317851	0.711386363355187	NA	NA	NA	0.499514078853203	NA	NA	NA	0.647780374928087	0.735978556844095	0.419490033434852	NA	NA	NA	NA	NA	1.42663112162749	NA	NA	NA	NA	NA	NA	NA	NA	1.1806790732838
NA	0.846751517632169	0.66654668281487	NA	0.503194606149009	1.04739944175651	NA	NA	NA	NA	NA	0.976290397598805	1.34263855550671	0.592743743751424	0.474254059460824	1.37625841964583	1.61164690380486	0.59489762216707	NA	0.395708202787907	NA	1.09544684175335	0.885125597683677	0.541744917739832	0.443065414359926	NA	NA	NA	NA	NA	0.271465127983769	NA	NA	0.342267094611334	0.31023841415188	NA	0.131224427029405	NA	NA	0.393571238288361
0.719799827242043	0.530850000494188	0.888886333859546	NA	0.776266660834804	0.833614901442666	0.850135709005055	0.479054050402623	NA	0.64773721069887	0.634597873852048	0.924956034054101	NA	0.981682652586502	1.35180967126961	NA	NA	0.265205387917665	0.302171570444145	NA	NA	NA	NA	NA	NA	NA	NA	NA	NA	2.2876772931605	NA	NA	NA	NA	NA	NA	NA	NA	NA	NA
NA	0.272645146267442	NA	NA	NA	0.24641424361205	NA	NA	0.56633674483381	0.349296746956875	1.68845236309335	NA	NA	0.882712092055186	0.760812507202947	NA	NA	NA	0.439623922703703	NA	NA	0.326490340337482	0.267727885004865	0.457409180337243	0.715355468929761	NA	NA	NA	0.457289088825212	NA	NA	NA	NA	0.710146288900939	NA	NA	0.535443032541729	NA	NA	NA
NA	1.39823557158605	0.724283875591649	NA	1.90370622473542	1.93219689008898	1.1180196250285	1.97460333410188	1.85141456553498	0.425403130456149	NA	0.83443398599812	0.918747819184988	0.725742054319885	1.36650485870111	0.960986154135348	0.91079890797867	0.682581667509338	1.80044766042905	0.801610175245066	NA	0.817485965205338	0.655955850083268	NA	1.07404336192059	0.0338310202320355	0.557180700880259	1.06439244990766	0.960431027427115	1.05688400121005	0.663998218969092	0.468262582835786	1.12903274704839	0.732685076918764	NA	0.776018401332773	0.486424161394884	0.471544285814477	0.948409911605801	1.03159920613716
NA	1.86626497732521	NA	NA	1.87442348953332	1.64926185992774	1.82600652613257	NA	NA	1.47573510824514	NA	1.01935325575248	1.2704667326093	1.05959116867747	0.736760146776745	1.56554590405769	0.654904194621525	0.665598637304677	NA	NA	NA	0.247806870749374	0.611750227725516	NA	NA	NA	0.279125411189679	NA	NA	NA	0.629210539903456	NA	NA	0.227943503010858	NA	0.45601457728663	NA	NA	0.485329175820468	NA
NA	NA	NA	NA	NA	NA	NA	NA	NA	NA	NA	NA	NA	NA	NA	NA	NA	NA	NA	NA	NA	NA	NA	NA	NA	NA	NA	NA	NA	NA	NA	NA	NA	NA	NA	NA	NA	NA	NA	NA
NA	NA	NA	NA	1.36479769768219	NA	NA	NA	NA	NA	0.869424581286121	1.57173533281153	NA	NA	0.540630345712878	0.373738237354692	0.347317269045408	NA	NA	0.428506054701703	NA	0.096031331913854	0.341113519405465	0.405806148528486	NA	1.09854269388638	NA	0.780444759306878	1.20729235951086	NA	NA	NA	1.38000736800258	1.49399774924503	NA	1.35207668039339	NA	1.48138966250409	1.54982598155712	1.3531418699079
NA	0.977844205907983	NA	1.40227812184096	NA	0.672001501875789	0.913451401851318	1.15970312205239	0.897829354574761	0.35415508078121	0.824737114853109	0.751041911620197	0.925359066958598	0.617147243195334	1.2103808319438	1.02773270817527	0.762890007888288	1.21962157391948	NA	0.95358529566174	NA	1.07800950382882	0.875413802820343	0.718312401525806	0.867691883082729	0.699064282969127	NA	0.390872102995552	0.237280144835394	0.20691070287072	1.19439468712518	NA	NA	0.473406057406025	0.827914366834054	0.809722663093961	NA	0.819685819245229	0.275366925015338	0.436287132008031
NA	NA	NA	NA	NA	NA	NA	NA	NA	NA	NA	NA	NA	NA	NA	NA	NA	NA	NA	NA	NA	NA	NA	NA	NA	NA	NA	NA	NA	NA	NA	NA	NA	NA	NA	NA	NA	NA	NA	NA
NA	NA	NA	NA	NA	NA	NA	NA	NA	NA	NA	NA	NA	NA	NA	NA	NA	NA	NA	NA	NA	NA	NA	NA	NA	NA	NA	NA	NA	NA	NA	NA	NA	NA	NA	NA	NA	NA	NA	NA
NA	NA	NA	NA	NA	NA	NA	NA	NA	NA	NA	NA	0.378131682643635	0.107619057782893	0.130990841849233	0.125043288682408	0.0477932142008174	0.116829430585603	0.0649050385914697	0.152704611017748	NA	0.0415307566870938	0.484883665204732	0.33482298232968	0.214842145136446	0.722654310097157	0.522741341722201	0.0855740425160794	0.125158766014756	0.19602375796952	0.296242981206546	0.386337148012772	0.550554885587666	NA	NA	0.383065870149413	0.288509642613941	0.658612324449414	NA	1.31637843546485
NA	NA	1.67821160587687	1.39115405539706	1.11114352064016	0.774425891585632	1.9573602669409	1.46660333250988	NA	NA	1.88677856957861	1.67547425304846	0.665287396736531	1.52364492721627	1.29108101204515	NA	0.6692859193544	1.78339593792568	1.83235251829394	1.10846302708478	NA	0.841120865405446	1.53424839175028	0.321059967109083	0.724972542546284	1.02620295332015	1.22528487440059	1.27730055702065	1.30472326553821	NA	1.47548596267099	NA	0.8744747743486	1.63712960967397	NA	NA	NA	NA	NA	1.38860465478837
NA	NA	NA	NA	NA	NA	NA	NA	NA	NA	NA	NA	NA	NA	NA	NA	NA	NA	NA	NA	NA	NA	NA	NA	NA	NA	NA	NA	NA	NA	NA	NA	NA	NA	NA	NA	NA	NA	NA	NA
NA	NA	1.11129832067214	NA	NA	0.56077664102318	0.60375745906839	1.26924103911502	0.772542830612675	NA	0.643133733528462	0.606110809209463	1.2384841359711	NA	NA	NA	0.339072885503975	0.588583265999603	1.34316088002902	0.226784731503881	NA	0.345597500950154	NA	0.380410818582805	0.407332369876247	NA	0.299901709512087	NA	0.743141044715034	NA	0.21786454713423	NA	0.185697469031875	0.419142647087655	0.379319963071916	0.807806476811535	NA	NA	NA	NA
NA	NA	NA	NA	NA	NA	NA	NA	NA	NA	NA	NA	NA	NA	NA	NA	NA	NA	NA	NA	NA	NA	NA	NA	NA	NA	NA	NA	NA	NA	NA	NA	NA	NA	NA	NA	NA	NA	NA	NA
NA	NA	NA	NA	NA	NA	NA	NA	NA	NA	NA	NA	NA	NA	NA	NA	NA	NA	NA	NA	NA	NA	NA	NA	NA	NA	NA	NA	NA	NA	NA	NA	NA	NA	NA	NA	NA	NA	NA	NA
NA	NA	0.334838324874246	NA	0.908235814442124	0.255492644142021	NA	NA	NA	0.779921589460083	0.920075502623992	0.437492155060914	0.277670912988478	0.337653101194131	0.182489523064356	NA	1.42198293312671	1.62669628588639	0.832548908757662	NA	NA	0.558960145265986	NA	NA	NA	NA	1.25335508364024	0.467236199447917	NA	NA	NA	NA	NA	NA	NA	NA	NA	NA	0.604350568626282	0.286317807685575
NA	NA	NA	NA	NA	NA	NA	2.29642123602252	NA	NA	NA	NA	NA	NA	NA	NA	NA	NA	NA	NA	NA	NA	0.201272642939346	0.256660862932717	NA	0.908027365423795	NA	1.3765200666201	NA	NA	0.524155593376682	0.751971083543675	0.16339516865224	NA	NA	1.17711990801446	NA	NA	NA	NA
NA	NA	1.00879695636765	NA	0.6420418564573	0.567121529123906	0.915631874818169	NA	NA	0.731418718984056	NA	0.618127067239164	NA	0.490174733998677	0.553842998329936	NA	NA	NA	NA	NA	NA	NA	NA	NA	NA	NA	NA	NA	NA	NA	NA	NA	NA	NA	NA	NA	NA	NA	NA	NA
NA	NA	NA	NA	NA	NA	NA	NA	NA	NA	NA	NA	NA	NA	NA	NA	NA	NA	NA	NA	NA	NA	NA	NA	NA	NA	NA	NA	NA	NA	NA	NA	NA	NA	NA	NA	NA	NA	NA	NA
NA	1.55041513397607	NA	NA	0.937998590790522	0.697020220209011	0.988384153271937	NA	0.998743111276446	1.06632356545604	NA	NA	1.08844509954449	1.03472944766957	0.567118562884351	NA	0.359247363696656	0.376463406957869	NA	0.519942380987504	NA	0.773780635756656	0.265613856691845	NA	0.645405449697384	NA	0.87110280020363	NA	NA	NA	0.478627724561461	0.778962702316392	0.872472590082031	1.38238032067426	NA	1.49995299937199	NA	1.12320544124611	1.62321064032753	1.85227289073648
NA	1.1886419607279	1.3048272887763	NA	0.640799827794879	0.456394198727822	0.338478551932476	NA	0.914807308319974	NA	0.592938075934845	NA	0.373244085564985	0.0802741185065096	NA	NA	0.622707814621027	NA	0.23640741247157	NA	NA	NA	NA	NA	0.512003046102207	1.60183514394227	NA	NA	NA	NA	NA	NA	1.10505905369593	0.887494968249065	NA	NA	NA	NA	1.7570673261478	NA
NA	NA	NA	NA	NA	NA	NA	NA	NA	NA	NA	NA	NA	NA	NA	NA	NA	NA	NA	NA	NA	NA	NA	NA	NA	NA	NA	NA	NA	NA	NA	NA	NA	NA	NA	NA	NA	NA	NA	NA
NA	NA	NA	NA	NA	NA	NA	NA	NA	NA	NA	NA	NA	NA	NA	NA	NA	NA	NA	NA	NA	NA	NA	NA	NA	NA	NA	NA	NA	NA	NA	NA	NA	NA	NA	NA	NA	NA	NA	NA
NA	0.860101118421686	0.857524342851232	NA	1.60620614682765	NA	0.716634971844106	NA	0.730791248652452	0.888022157790168	NA	0.655938931585047	0.562075194347933	0.363259122082193	0.438572541626092	NA	NA	NA	NA	0.356867550416583	NA	1.22145187468553	0.933009175661325	NA	0.738843902068588	1.45368960935594	NA	NA	NA	NA	NA	NA	NA	NA	NA	NA	NA	NA	NA	NA
1.05527771565761	1.01088722259539	0.321371584546285	0.578717957685986	0.815152923862291	NA	NA	0.604207155065848	0.508503259627938	NA	NA	NA	0.726789721314418	0.845119197354997	0.478290129040606	0.704785186816831	0.505954091230807	0.929727534733651	0.537990959419055	1.6622530610538	NA	NA	0.767533668192126	0.78473940092144	NA	0.224204481157072	NA	0.648949809718348	0.180607957432329	0.467833188241371	0.501098907113011	0.408677824618769	NA	0.279998861121508	0.621511309436435	NA	NA	0.644432775199322	1.05966559456936	0.545825246073669
NA	NA	NA	NA	NA	NA	NA	NA	NA	NA	NA	NA	NA	NA	NA	NA	NA	NA	NA	NA	NA	NA	NA	NA	NA	NA	NA	NA	NA	NA	NA	NA	NA	NA	NA	NA	NA	NA	NA	NA
NA	NA	NA	NA	NA	NA	0.497476917234607	NA	NA	0.509880945020051	1.73888247764629	1.85066696087916	NA	1.22617287377572	1.28047142901216	NA	0.543920370957884	0.897230593581006	NA	0.386386949736262	NA	1.1420308471176	1.32188569696462	1.38002483750868	0.353605822906646	0.41651912139048	1.24163780800824	0.470225160838124	1.90623661921503	NA	0.410188395632846	1.25780886236738	0.765292526911619	1.44836112046837	1.05737400683634	NA	NA	1.3555092354026	1.01647481434041	1.01152728566673
NA	NA	2.04569040796469	1.70116068492127	1.54691726902118	1.65602093446974	1.51514204420759	NA	NA	NA	NA	0.604836258316465	0.629058067427155	0.243343799706588	NA	NA	0.282631104199454	0.321002459286452	0.364919966439616	NA	NA	0.299570042864686	0.435399755504384	NA	NA	NA	NA	0.785413643851709	NA	NA	NA	NA	NA	NA	NA	NA	1.36984031431323	NA	NA	NA
1.17529502096816	NA	NA	NA	NA	0.900239712537418	0.912230002184333	NA	0.888278385007883	0.784418786529971	0.736971378180669	0.478283485482937	0.535768367731781	0.512391175664892	0.345063861441347	NA	NA	0.475958608245219	NA	0.409078749619755	NA	0.59288104740625	0.591737057953782	0.578137079653567	NA	1.08399367077842	0.977788151318124	NA	1.40704112869877	NA	0.860507937178546	NA	1.37527234799893	1.30679216061471	0.995344068499692	1.0342312065043	0.74837640568058	NA	0.462474095730821	0.656936066260444
NA	NA	NA	NA	NA	NA	NA	NA	NA	NA	NA	NA	NA	NA	NA	NA	NA	NA	NA	NA	NA	NA	NA	NA	NA	NA	NA	NA	NA	NA	NA	NA	NA	NA	NA	NA	NA	NA	NA	NA
NA	NA	NA	NA	1.55303889495427	NA	1.06844657223396	2.01168733974811	NA	NA	1.14947127772445	0.698302509864727	NA	0.993038327337785	0.788553004662414	0.309273440849319	0.390929448152318	0.877227621128143	NA	0.672756101031278	NA	0.7645873446927	0.389356762590127	0.529107997279516	0.457729726629504	0.554231633135127	0.932331205388392	0.512387152461785	0.661825071988674	0.62090135624633	NA	NA	1.25041614844484	NA	NA	NA	0.716157234075368	1.57024240883737	1.6428083053431	NA
NA	NA	NA	NA	NA	NA	NA	NA	NA	NA	NA	NA	NA	NA	NA	NA	NA	NA	NA	NA	NA	NA	NA	NA	NA	NA	NA	NA	NA	NA	NA	NA	NA	NA	NA	NA	NA	NA	NA	NA
NA	NA	NA	NA	NA	2.00625621893348	NA	NA	NA	NA	NA	1.9342042212836	2.00962160004644	NA	NA	NA	NA	NA	NA	NA	NA	NA	NA	NA	NA	2.92146302190138	2.9635348301003	NA	NA	NA	NA	NA	NA	NA	NA	NA	NA	NA	NA	2.23802041700362
1.76873659745165	1.68569130402659	1.56156212167806	1.33317752489511	NA	1.87498727339929	0.514311400243551	NA	0.584180510143632	0.700837946144545	0.51197889209676	0.8644314577311	NA	NA	0.266279165008164	NA	0.48161385436585	0.929402112959437	NA	0.371665283489432	NA	0.472154416115452	0.709937879546464	0.639956168102274	0.780987310074814	1.05642083134257	1.16142177096347	0.607699829829173	1.8103017067073	1.8668423781765	1.92682470846725	1.78088914690166	1.73612945418325	1.54408261163617	1.86735322026739	1.89795588475776	2.19098228347678	0.947151628010419	0.801327128401391	1.44684426876933
NA	1.3649605919695	0.943185482695582	NA	1.32504558057641	1.35057157786954	1.62968352346428	1.39506234137079	1.61094468524836	1.83300363994699	1.61324470290945	NA	1.75001910271262	1.46923830439995	1.49434495743689	NA	1.06876603432114	0.618066380257902	0.826977338747466	0.467196274670829	NA	0.427767448651651	0.62861902973997	0.221798685347105	0.466963621940669	NA	0.0798442814034684	1.31039323584312	0.546271909057483	1.04203582712285	1.15901038564343	0.951920554801783	1.31547569702559	1.44220364456562	1.60168812449021	1.38151200281373	NA	NA	NA	NA
NA	0.548030020723614	0.487898118626873	0.593346829632312	NA	0.703436632424595	0.470821541828675	0.549009055050838	0.672368441784239	0.810979755704219	NA	0.862635970580886	NA	0.866922613093974	0.764508493417071	0.560757036373327	0.74998950261543	0.862469676261456	NA	0.307530784468795	NA	0.919550365020503	0.518426639238192	0.792664086996952	NA	0.942962098662107	0.904017413137223	NA	0.561214894373949	0.708443520426305	0.747576640121637	0.827766889750508	1.06978715748012	0.973327373782075	1.01254177558611	0.560910659366346	2.09527578485979	NA	NA	1.22634278283111
NA	1.44804859215331	NA	1.94797373217481	1.78659371476411	1.19692671679829	1.10528131736203	1.78495794992112	0.98279183997139	NA	NA	1.42889237627258	1.15834974228446	NA	1.77838175147437	1.0073777401291	1.36713628748377	1.09752970613676	NA	0.835003191657386	NA	0.78188660623718	NA	0.547876654574596	0.995890318012572	NA	1.40393401297995	NA	0.270808905961249	0.78755611134101	NA	0.850650020577015	1.12034442700768	1.42287976739164	1.54028857461229	NA	NA	NA	1.22335511706432	NA
NA	NA	NA	NA	0.444708362242333	NA	NA	1.26216115785741	NA	NA	NA	NA	NA	NA	0.756763889832486	NA	NA	NA	NA	0.6296358034381	NA	0.10766052071301	0.595619523472533	NA	NA	NA	0.807963515362639	NA	NA	NA	NA	NA	NA	NA	NA	NA	NA	1.19637566117379	NA	NA
NA	NA	NA	NA	NA	NA	NA	NA	NA	NA	NA	NA	NA	NA	NA	NA	NA	NA	NA	NA	NA	NA	NA	NA	NA	NA	NA	NA	NA	NA	NA	NA	NA	NA	NA	NA	NA	NA	NA	NA
NA	NA	NA	NA	NA	NA	NA	NA	NA	NA	NA	NA	NA	NA	NA	NA	NA	NA	NA	NA	NA	NA	NA	NA	NA	NA	NA	NA	NA	NA	NA	NA	NA	NA	NA	NA	NA	NA	NA	NA
1.56667527295759	NA	1.17660361112424	1.23350409132007	NA	1.34811359437858	1.32846462317485	1.44250994744971	1.80112992639399	1.53659890698591	1.6680436388901	0.878183752090871	1.7533340137328	1.08303828047242	1.57554388239499	NA	1.30364416467516	1.80122675558967	0.748876663922249	0.564228042823343	NA	0.183658071636198	0.413226129968059	0.445816008671295	0.368781454722774	0.151558717667637	1.04116573752957	0.276988319491966	0.628036546289426	0.683010609328589	0.919656099198828	0.788358778381966	0.970668341130418	1.16478275784143	0.516935545383117	0.999489087918365	0.910429035982967	0.689226470865011	0.792612974131389	NA
0.826938621487408	0.841939915652018	0.717224217556633	0.277816224793669	0.201510731050979	0.429155190611441	0.236214961260753	1.10565786333036	0.501587794539274	1.35640962585134	1.21453840310121	1.13491647364975	1.19564308689308	1.25986092716443	1.55748316418315	1.44472476361076	1.36239766282708	1.58817806461599	0.587683134076473	0.98039866126241	NA	1.59747672226646	0.49237199738886	0.429904618612982	0.365260136563601	0.624513192796588	1.32619916232983	1.49434362039774	0.737414357471719	1.50563909277886	1.81731146849927	1.02251477111629	1.02137403083764	1.15978683876357	1.50370408849436	0.909725023112703	1.39014062857712	NA	0.979073363528731	NA
NA	NA	NA	NA	NA	NA	NA	NA	NA	NA	NA	1.40203730032357	NA	NA	1.84509604574796	NA	NA	NA	0.432108753992546	NA	NA	NA	NA	NA	0.192384027253189	NA	NA	NA	NA	NA	NA	NA	NA	0.917908064979965	1.86116565948968	0.355098417379715	NA	NA	NA	NA
2.94578080151016	2.93946033305558	0.908250860983461	NA	NA	NA	0.824568657374833	NA	NA	0.669523653531665	1.63399963060509	0.693233469711227	2.22419761317346	NA	0.299718115638399	2.57047027969544	NA	2.79657327530011	2.40163213845429	2.01490233216737	NA	1.37288092559401	2.05119326702666	2.1089862027819	1.62473528796516	1.64210808148372	2.08350731325073	1.16103104637397	1.49340703268708	0.915394738652641	1.36993788110811	1.13993922808928	2.95778432656825	2.53692121700904	1.08961089509039	1.02383900064409	0.931517623812537	1.65612514227019	1.07755006861479	1.64066369347332
1.29031621533507	NA	NA	NA	NA	1.28099452327659	1.32939187948662	1.28327092582086	2.04567761423527	2.26050491728773	NA	NA	0.905171103742865	1.01643283444015	1.09758882530202	0.708531561728516	0.943145817149843	NA	0.721855199760326	0.932132634652108	NA	NA	0.550874390368015	0.971089602991634	1.1670766030104	1.28941350431462	1.51908599132074	1.67158841032931	NA	NA	2.09408558644853	0.868969569385689	1.76499936735692	1.65489041335756	NA	2.02625210080959	0.318746785235937	NA	1.04072656057766	NA
NA	NA	NA	NA	NA	NA	NA	NA	NA	NA	NA	NA	NA	NA	NA	NA	NA	NA	NA	NA	NA	NA	NA	NA	NA	NA	NA	NA	NA	NA	NA	NA	NA	NA	NA	NA	NA	NA	NA	NA
NA	NA	NA	NA	NA	NA	NA	NA	NA	NA	NA	NA	NA	NA	NA	NA	NA	NA	NA	NA	NA	NA	NA	NA	NA	NA	NA	NA	NA	NA	NA	NA	NA	NA	NA	NA	NA	NA	NA	NA
NA	NA	NA	NA	NA	NA	NA	NA	NA	NA	NA	NA	NA	NA	NA	NA	NA	NA	NA	NA	NA	NA	NA	NA	NA	NA	NA	NA	NA	NA	NA	NA	NA	NA	NA	NA	NA	NA	NA	NA
NA	NA	NA	NA	NA	0.933304260492532	NA	NA	NA	NA	NA	NA	NA	NA	0.823496275254203	NA	NA	NA	NA	NA	NA	NA	NA	NA	NA	1.3841364298902	NA	1.55078208496353	NA	NA	0.926077451820109	1.36497362867607	NA	1.2287857668842	1.04810450693672	NA	NA	NA	NA	NA
NA	NA	NA	NA	NA	NA	NA	NA	NA	NA	NA	NA	NA	NA	NA	NA	NA	NA	NA	NA	NA	NA	NA	NA	NA	NA	NA	NA	NA	NA	NA	NA	NA	NA	NA	NA	NA	NA	NA	NA
NA	NA	NA	NA	NA	NA	NA	NA	NA	NA	NA	NA	NA	NA	NA	NA	NA	NA	NA	NA	NA	NA	NA	NA	NA	NA	NA	NA	NA	NA	NA	NA	NA	NA	NA	NA	NA	NA	NA	NA
NA	NA	NA	NA	NA	NA	NA	NA	NA	NA	NA	NA	NA	NA	NA	NA	NA	NA	NA	NA	NA	NA	NA	NA	NA	NA	NA	NA	NA	NA	NA	NA	NA	NA	NA	NA	NA	NA	NA	NA
NA	NA	NA	NA	NA	1.06960875387398	1.12207180070286	NA	0.589533988288847	0.827110519848716	NA	0.555136441315671	NA	0.536845988337586	NA	0.787039216010338	NA	0.483344856260067	0.116929389172914	NA	NA	NA	0.524276556983422	NA	0.568079355440909	NA	NA	NA	NA	NA	NA	0.7705987193571	1.01180490680527	0.892259263172453	NA	NA	NA	NA	1.79996806631642	NA
NA	NA	NA	NA	NA	NA	NA	NA	NA	NA	NA	NA	NA	NA	NA	NA	NA	NA	NA	NA	NA	NA	NA	NA	NA	NA	NA	NA	NA	NA	NA	NA	NA	NA	NA	NA	NA	NA	NA	NA
1.89237082950356	1.2473500991514	1.69406279005452	0.963386366064811	0.993217096133358	0.793214994337297	1.41767734393651	NA	0.673176561715099	1.65124139503863	1.60038559045193	0.284040393114257	1.50706616744396	NA	0.355128313880542	NA	1.59501695792154	NA	NA	NA	NA	1.6863828352653	1.51248348005598	NA	1.21208970921585	1.13296206762383	1.06895208880016	0.847527691647512	0.978493537391578	NA	NA	1.54619390842805	1.40062236591304	NA	NA	NA	1.96912216352096	NA	1.72952344949626	1.70759509424046
1.13587283930606	1.23566822541861	0.966536257429834	NA	NA	1.29939374807889	1.39497872060328	1.28084487011267	1.4396325530482	NA	1.37564667687867	NA	NA	1.75501450137204	0.875814449705576	2.00908713766003	2.04131653095005	NA	0.381959882270164	1.98766324686497	NA	1.792125396508	1.83757409541686	2.0243893434643	1.9358851581768	2.20341530978781	NA	NA	2.27547736456365	NA	NA	2.07663740636139	NA	NA	NA	NA	NA	2.0808796852151	2.14586552049085	NA
NA	0.276775385946908	0.47311058950134	0.970621595451807	NA	NA	NA	NA	NA	NA	0.785211431416505	NA	0.619195819002077	0.402467312505178	0.603479543013892	NA	NA	NA	NA	NA	NA	NA	0.304920748862084	0.613532314266027	NA	NA	NA	NA	NA	NA	NA	1.26941671432858	1.40231578230363	NA	NA	NA	NA	NA	NA	NA
1.8339153827064	0.470468512328982	0.8445617670564	1.61143550434909	NA	NA	0.804214777520124	NA	0.394640191823673	0.590689801068127	0.193596793666421	1.4814034856038	NA	NA	0.693681038829244	0.666252652765486	NA	NA	1.49939446291439	NA	NA	0.256819649483157	NA	NA	NA	NA	NA	0.156074982364121	1.41411567778563	1.75865180792297	NA	0.496414739202233	0.649998330813198	0.567453129598321	1.62243800490237	0.514679969605366	NA	NA	0.996021115030091	1.66938088032107
NA	NA	NA	NA	NA	NA	NA	NA	NA	NA	NA	NA	NA	NA	NA	NA	NA	NA	NA	NA	NA	NA	NA	NA	NA	NA	NA	NA	NA	NA	NA	NA	NA	NA	NA	NA	NA	NA	NA	NA
NA	NA	NA	NA	NA	NA	NA	NA	NA	NA	NA	NA	NA	NA	NA	NA	NA	NA	NA	NA	NA	NA	NA	NA	NA	NA	NA	NA	NA	NA	NA	NA	NA	NA	NA	NA	NA	NA	NA	NA
NA	NA	NA	NA	NA	NA	NA	NA	NA	NA	NA	NA	NA	NA	NA	NA	NA	NA	NA	NA	NA	NA	NA	NA	NA	NA	NA	NA	NA	NA	NA	NA	NA	NA	NA	NA	NA	NA	NA	NA
NA	NA	NA	NA	NA	NA	NA	NA	NA	NA	NA	NA	NA	NA	NA	NA	NA	NA	NA	NA	NA	NA	NA	NA	NA	NA	NA	NA	NA	NA	NA	NA	NA	NA	NA	NA	NA	NA	NA	NA
NA	NA	NA	NA	NA	NA	NA	NA	NA	NA	NA	NA	NA	NA	NA	NA	NA	NA	NA	NA	NA	NA	NA	NA	NA	NA	NA	NA	NA	NA	NA	NA	NA	NA	NA	NA	NA	NA	NA	NA
NA	NA	NA	NA	NA	NA	NA	NA	NA	NA	NA	NA	NA	NA	NA	NA	NA	NA	NA	NA	NA	NA	NA	NA	NA	NA	NA	NA	NA	NA	NA	NA	NA	NA	NA	NA	NA	NA	NA	NA
NA	NA	NA	NA	NA	NA	NA	NA	NA	NA	NA	NA	NA	NA	NA	NA	NA	NA	NA	NA	NA	NA	NA	NA	NA	NA	NA	NA	NA	NA	NA	NA	NA	NA	NA	NA	NA	NA	NA	NA
0.946065936883999	0.517875983357924	NA	NA	NA	0.856035173865155	1.5707397209489	NA	NA	0.814210471858497	1.23840934493824	NA	NA	NA	NA	NA	NA	NA	1.38856960964026	NA	NA	NA	NA	0.39290408851729	NA	0.962992361197475	NA	1.00738606939588	NA	NA	0.550893978778802	0.810735898385352	NA	NA	NA	NA	1.12919394944138	NA	1.34287375460232	NA
NA	NA	NA	NA	NA	NA	NA	NA	NA	NA	NA	NA	NA	NA	NA	NA	NA	NA	NA	NA	NA	NA	NA	NA	NA	NA	NA	NA	NA	NA	NA	NA	NA	NA	NA	NA	NA	NA	NA	NA
NA	0.705448171605265	NA	0.846790508806124	1.42094019573023	0.731040691539873	1.44783472873438	NA	1.42491203635575	1.45635571355878	0.62263193298637	NA	1.5867746779772	1.47626622649084	1.72995761675294	NA	0.694678548166261	0.415970986604711	0.398894641254561	1.76539875388011	NA	NA	0.863940488005327	1.58131861369282	0.389810039915553	1.53212363231737	NA	NA	NA	NA	0.745182248582054	NA	0.903357560418025	NA	NA	NA	NA	NA	1.1466369157838	1.06689193995076
NA	1.08425390176943	1.83611428193538	NA	1.23622515623299	0.96928184980073	NA	NA	NA	1.25556015958184	NA	NA	NA	1.20328037932515	1.21991263813873	1.11918023830933	NA	1.061503217009	0.579846071638509	0.757779048124966	NA	NA	0.611623721569585	0.647284101890402	1.11347834095954	NA	1.05748793536089	NA	0.975103540290435	NA	NA	NA	0.908430051668674	0.601481716092738	NA	0.478588714994219	1.56378735249679	NA	NA	NA
0.605061537763654	NA	0.780091238808284	NA	NA	NA	NA	NA	0.95166968934773	1.77170278782289	NA	NA	NA	NA	0.660395419620784	NA	NA	NA	0.811228488258135	NA	NA	NA	NA	NA	0.244223414580704	NA	0.453091674090378	NA	1.09527736380198	NA	NA	NA	NA	0.272212748562426	NA	1.23079971972436	NA	NA	NA	NA
0.823269058264091	0.653874515914922	0.437565644215384	0.608650289007128	0.65617446786548	0.711806494697859	1.18781071410314	1.19825952837381	1.06103331508495	1.59472956348048	0.899727197944362	0.863371904647126	NA	0.507438933369922	0.513325388806994	NA	NA	1.00740581048234	0.655594656299061	0.326311900356174	NA	0.276022444390556	0.618187721251643	0.71227922892996	0.932850876532952	1.14792311747022	0.732044141793996	0.821916096626741	NA	0.831761876196042	NA	1.03881438423519	1.23405250248864	0.932448477926839	NA	NA	1.12127376016932	NA	1.01514828261956	1.01374317901571
NA	1.95955221933464	2.12435382452132	NA	1.83222098116678	1.55105243402489	1.05185990310044	NA	0.858156295604254	NA	0.934006880598419	0.832148215064479	NA	NA	0.705651041923297	NA	0.499874896810481	NA	NA	0.370291135626739	NA	NA	NA	0.766108009918028	0.978736200023877	NA	NA	NA	NA	NA	NA	1.07348360965106	1.1797168503437	0.814968986976577	NA	1.10577063452712	1.1984531853587	1.57958967796442	1.84094017305572	1.6038227925857
0.688843253226633	NA	1.05172736022074	0.617021969730449	1.31719812453233	0.628385123214104	0.488565546101349	0.897047219128505	NA	0.318100007747341	1.20900681755195	2.17763993886868	0.480294839186218	0.684325810559025	0.547841841015422	NA	0.27600676359167	1.73598459608606	0.508592308108189	0.485409208210484	NA	NA	0.504055799733604	NA	0.621138491619102	NA	0.555035002582856	0.82097771390186	1.93428341939454	0.844158644691746	NA	NA	NA	NA	2.35164433401008	NA	NA	NA	0.647971374584704	NA
0.529290497681733	0.947036492892313	1.88624529595739	1.40385082463595	NA	NA	1.59132061315175	NA	1.30248164021267	0.706855893083708	0.705516905791111	0.317399249171676	0.544382307373123	0.389110300501774	0.210928731606385	NA	0.172501975498752	0.172213485226853	0.0981523833271807	0.17288720988692	NA	NA	0.460931887619573	0.50511376094735	1.06804542695999	0.943424635472648	1.93500427551731	1.20316464200105	1.07727483578442	2.27922367456912	1.5419603530208	1.65090702153922	0.812540071655257	0.547994725866584	NA	NA	1.18826887537183	2.40386615306569	0.751870597720577	0.544964459697453
NA	NA	NA	NA	NA	NA	NA	NA	NA	NA	NA	NA	NA	NA	NA	NA	NA	NA	NA	NA	NA	NA	NA	NA	NA	NA	NA	NA	NA	NA	NA	NA	NA	NA	NA	NA	NA	NA	NA	NA
2.40136421674928	2.66179342487899	NA	2.51491784918673	2.15169699341725	2.39743484494718	2.32423202834222	2.35398884684935	2.24553340731783	1.45918580197371	1.61698118512703	1.76792982259029	1.72297540641391	1.52541004540642	1.6717600152022	1.33294355137122	1.1665133122592	NA	0.790494046796772	0.804540721355916	NA	NA	NA	NA	NA	NA	NA	NA	NA	NA	NA	NA	NA	NA	NA	NA	NA	NA	NA	NA
NA	NA	NA	0.655333616700969	0.619885051222929	NA	1.28191446137042	2.15332031630566	1.41150469324475	1.26060415213724	0.284298612912446	0.400862533371729	0.963678958194262	1.0427070714555	1.49592043186077	NA	0.595004735527855	1.72282072531269	0.0898885122950622	0.707265312589013	NA	0.247228102837594	NA	0.781981813624905	1.04024876926753	1.2598173215633	0.943329145284513	0.95814567729046	1.61912596023441	1.54470761538065	0.99213450927106	1.89234109605902	NA	NA	1.18567632274304	1.19096376669581	1.0835767574274	1.15993473949145	0.57770737237064	0.985959167289127
NA	0.976434755814155	0.987318145223315	NA	1.29863241717003	1.52072240587154	NA	0.849458689568726	0.612318846698438	0.782725366469481	0.30634742587898	0.401083236872231	0.705645291217645	0.611119419775781	1.09090274156762	0.232270436342616	0.605784812174916	0.415620877783948	NA	NA	NA	0.560801372845326	0.182372046473065	NA	0.517296441948301	0.220757843919377	NA	0.582957716314046	NA	0.71614206651908	0.158381962924896	NA	0.606966275295627	0.365456782478424	NA	NA	1.1554513247235	0.730929629736638	0.58137437431286	1.50191071358015
NA	NA	NA	NA	NA	NA	NA	NA	NA	NA	NA	NA	NA	NA	NA	NA	NA	NA	NA	NA	NA	NA	NA	NA	NA	NA	NA	NA	NA	NA	NA	NA	NA	NA	NA	NA	NA	NA	NA	NA
NA	NA	0.608880965285455	NA	NA	NA	NA	0.279381935035365	NA	NA	NA	NA	NA	NA	NA	NA	NA	0.687055615580805	NA	0.20687422460812	NA	0.227959134719557	0.876232695911237	0.740159557090351	0.704980442129383	0.584417182161567	1.2637129739753	1.19752396231241	0.897215011334191	NA	NA	0.246467997664016	NA	NA	NA	NA	NA	NA	NA	1.53237852417354
NA	0.656893462264037	1.34853669738645	NA	1.58444649452957	1.81122844521327	2.0896483743747	1.49007637890697	0.872608865077501	0.340955745126004	NA	NA	NA	NA	0.214942623610308	1.64523908415832	0.533702746999405	0.777171428464719	NA	2.19936859469866	NA	1.01481299606128	1.24820413009066	0.908971787232498	1.55589041299084	1.5955250704757	0.740007495746802	1.92746460830199	1.10916249115959	1.7893277682245	1.67592209290359	1.82601977534171	0.906503377889894	2.20184936055714	NA	0.972065489102899	1.85609145224999	NA	1.6462546424274	1.1117013253348
NA	NA	NA	NA	NA	1.51231334928795	0.621299961618377	0.719884929253059	NA	0.790494643832465	NA	0.80879579258822	0.757831552497377	0.724456030307434	0.906934968608652	0.675095893883829	1.02385329608435	NA	0.696066305239501	1.06878490477092	NA	1.00978246965175	0.376088709753518	1.261948290192	NA	NA	1.26757753153925	0.368920666119077	0.23865592540325	NA	NA	NA	1.33176932358583	1.3388837828476	NA	NA	NA	NA	1.06805824486788	NA
NA	1.23016370848645	NA	NA	NA	0.379927406284949	0.765953047857814	0.568047159941518	NA	NA	NA	NA	0.84304203189001	0.35585464286847	NA	NA	NA	0.637196399930568	NA	0.275227262418239	NA	0.674609858764979	NA	NA	1.01915300097101	NA	NA	NA	NA	NA	NA	NA	NA	NA	NA	NA	NA	NA	NA	NA
NA	NA	NA	NA	NA	NA	NA	1.51217831193363	1.12122834080992	0.749601645390241	NA	0.720564796462307	0.46765617072828	NA	0.552159902106679	0.891004345912071	0.380837207414739	0.332106571584645	0.147279772610207	NA	NA	NA	1.00231045043265	NA	0.626781157146785	NA	1.2237233039663	1.5448195220918	NA	0.608869859221852	1.13366048733497	1.30749869121516	1.54114913952567	1.49402788054286	NA	NA	1.58203701552928	1.11848067355754	1.50060076152127	1.00452990013776
NA	1.23939477452427	NA	NA	1.08942105761364	0.661489927410108	NA	NA	NA	1.12012893234643	NA	1.20022780040883	NA	NA	0.905836177846685	NA	NA	NA	0.348041102771922	NA	NA	0.259265388957235	1.92633960260993	0.568148276846229	0.774888190963435	NA	NA	0.694774356403173	NA	NA	NA	1.09774754707558	0.714533231157702	NA	NA	NA	NA	NA	NA	NA
