NA	NA	NA	NA	NA	NA	NA	NA	NA	NA	NA	NA	NA	0.338599552767218	NA	NA	NA	NA	NA	NA	NA	NA	NA	NA	NA	NA	1.10227475345435	0.530456957723513	0.888851142822965	NA	1.00893906647239	NA	NA	0.504623541777215	0.121428062572327	0.301031735768752	NA	NA	0.312546870697665	0.796646146151572
NA	NA	NA	NA	NA	NA	NA	NA	NA	NA	NA	NA	NA	NA	NA	NA	NA	NA	NA	NA	NA	NA	NA	NA	NA	NA	NA	NA	NA	NA	NA	NA	NA	NA	NA	NA	NA	NA	NA	NA
NA	NA	NA	NA	NA	NA	NA	NA	NA	NA	NA	NA	NA	NA	NA	NA	NA	NA	NA	NA	NA	NA	NA	NA	NA	NA	NA	NA	NA	NA	NA	NA	NA	NA	NA	NA	NA	NA	NA	NA
NA	NA	1.37327283626457	1.17591563384262	0.304748176643962	1.25089578592653	1.36476879121835	1.45016933423495	1.08119461447645	0.985154468278062	1.09333201554458	1.44343986753651	2.00094006113884	NA	NA	NA	1.35639616554861	1.3068353494843	NA	0.979165414478257	1.44239289244618	1.66213157258328	1.47875971035565	1.28522774318475	1.25363781272315	1.41075454794014	0.967776249112593	1.32571761871154	1.08904052656152	1.02782290221613	2.02139544222591	1.34977968366744	1.15121563612803	0.990238645291418	0.846906385659412	0.936767693799357	NA	0.599658149379916	1.42775601505094	0.719809627096447
0.726492082114723	0.880169895527489	NA	1.30260004133052	NA	0.479762185705127	1.56648587100325	1.5834975918981	NA	1.49697688625574	NA	NA	1.61080366739825	NA	2.52618485292608	1.50615501756306	1.43010566588443	1.63377633952708	0.67410811502534	1.37449894495886	1.83613565254525	1.53570006798061	1.53917957303055	1.40636446133118	0.675177053924957	0.665919418326502	NA	1.99212842066385	NA	NA	2.79837102794689	1.60190180666434	NA	2.0657387318277	NA	NA	NA	NA	NA	NA
NA	NA	NA	NA	NA	NA	NA	NA	NA	NA	NA	NA	NA	NA	NA	NA	NA	NA	NA	NA	NA	NA	NA	NA	NA	NA	NA	NA	NA	NA	NA	NA	NA	NA	NA	NA	NA	NA	NA	NA
NA	NA	NA	NA	NA	NA	NA	NA	NA	NA	NA	NA	NA	NA	NA	NA	NA	NA	NA	NA	NA	NA	NA	NA	NA	NA	NA	NA	NA	NA	NA	NA	NA	NA	NA	NA	NA	NA	NA	NA
NA	1.26770178325838	1.51141878584537	1.44836641446737	0.721793825155885	0.961270188276493	NA	1.25318791163033	0.401985041541365	NA	1.55120552140674	0.627569995194103	1.36279611718535	1.29137336135874	0.892145769587726	NA	0.740017310401364	NA	NA	NA	0.586079322435936	NA	NA	0.287768205457521	NA	NA	0.530648132419544	NA	0.102221107795562	1.15084187303698	0.319371519419911	NA	0.391835478488195	0.637770014292962	NA	NA	NA	0.328875497945523	0.152559938878748	NA
NA	NA	NA	NA	NA	NA	NA	NA	NA	NA	NA	NA	NA	NA	NA	NA	NA	NA	NA	NA	NA	NA	NA	NA	NA	NA	NA	NA	NA	NA	NA	NA	NA	NA	NA	NA	NA	NA	NA	NA
NA	NA	NA	NA	NA	0.611566710871989	NA	0.873114859327621	0.709718230220777	NA	NA	1.14276772222943	NA	0.672941144922575	0.492516892906134	NA	NA	NA	0.59090809096713	NA	0.148671875618587	NA	0.30683919560159	NA	0.763249909680736	0.794578548565061	0.326940904003088	0.518136705410473	0.323332281312887	NA	0.456054041185458	0.391789216451842	NA	0.403968498422105	0.77100846493859	NA	NA	1.22550453194569	0.458269205138572	0.439205283967053
1.24146580372172	NA	1.28278398408478	0.776904259111847	NA	1.0904901311658	NA	NA	1.58711944651901	NA	NA	0.589031117109608	NA	0.982137876993538	NA	1.24251201911637	0.552247765792086	NA	0.727904655838171	0.488602934228912	NA	1.0246746555676	0.536922055742847	0.566149090278335	0.638416815197303	NA	0.632231470832341	0.574543114702517	0.76380896049026	0.501162215285988	0.445887156335159	NA	1.54409279963001	0.528378042694133	1.12730874400746	0.722358382875066	NA	0.289353908742597	0.284515258083544	NA
1.68058776094997	0.583534228481778	0.658530782972337	0.493020195195108	0.613386158489079	0.685485571935192	0.82336591858562	NA	0.859491245120434	1.39169147964959	NA	NA	NA	NA	0.419650644351401	NA	1.69840553642984	0.391468861955962	NA	0.445447330010291	0.173955466278262	0.426008186198179	0.591285225202462	NA	NA	0.733587066569003	0.657315747521574	0.736036019709973	1.46420220605697	NA	NA	0.384665135928534	0.390072734227435	NA	NA	0.804785145445348	NA	0.23158864321619	0.205866959095478	NA
NA	NA	NA	NA	NA	NA	NA	NA	NA	NA	NA	NA	NA	NA	NA	NA	NA	NA	NA	NA	NA	NA	NA	NA	NA	NA	NA	NA	NA	NA	NA	NA	NA	NA	NA	NA	NA	NA	NA	NA
1.19343619240265	NA	1.09734439458148	1.52933208490977	1.32425100455205	1.80434889337879	1.21434516196977	NA	1.0859731335418	1.30693380998499	1.219380321049	1.14909577479357	1.17972726716581	1.57480356182561	NA	1.06389807405076	1.58199517795403	NA	1.65503466496935	1.174490165006	0.344272804464352	1.17180360530127	1.14660056851479	0.864193113386133	0.929080743737862	NA	0.704583992138386	1.85282186737666	NA	1.01403639548274	0.629073872912689	NA	0.451134069974871	0.946752167879534	NA	NA	NA	1.14539364193874	0.749188099077499	NA
NA	NA	NA	NA	NA	NA	NA	NA	NA	NA	NA	NA	NA	NA	NA	NA	NA	NA	NA	NA	NA	NA	NA	NA	NA	NA	NA	NA	NA	NA	NA	NA	NA	NA	NA	NA	NA	NA	NA	NA
NA	NA	NA	NA	NA	NA	NA	NA	NA	NA	NA	NA	NA	NA	NA	NA	NA	NA	NA	NA	NA	NA	NA	NA	NA	NA	NA	NA	NA	NA	NA	NA	NA	NA	NA	NA	NA	NA	NA	NA
NA	NA	1.1516491143105	NA	1.73427324730882	0.814946269625764	NA	0.342338043032346	NA	NA	NA	1.55846291665699	NA	1.35671634433193	1.75276585019927	NA	0.841085969654073	1.57695821876361	NA	1.66166549042525	1.67425766604065	1.77208236352438	1.02528377499452	NA	1.77059324439011	NA	1.57165898626561	0.63211494292592	1.09578220739967	NA	NA	0.806922266749149	NA	1.22154497519229	0.764426924069781	0.778534561669835	NA	1.4179527620718	1.22017316086776	NA
NA	NA	NA	NA	NA	NA	NA	NA	NA	NA	NA	NA	NA	NA	NA	NA	NA	NA	NA	NA	NA	NA	NA	NA	NA	NA	NA	NA	NA	NA	NA	NA	NA	NA	NA	NA	NA	NA	NA	NA
NA	NA	1.17025253730038	NA	0.859438490748714	0.453407338434882	0.337104599961464	0.402887598949887	0.715248369746265	NA	0.588134019576356	0.22295888858231	0.474608371099812	0.533498440823225	0.432580056190933	0.518725656403777	1.00397231225762	0.888460712974124	NA	NA	1.16227251270609	0.896647757510561	1.49111217844648	0.847877231725371	0.773529755511892	1.36449135467875	0.381976590365675	NA	NA	0.489040032079591	0.458925611378397	0.22799819957849	0.571509707956647	NA	NA	1.26765580443637	NA	NA	0.200521115622173	NA
NA	NA	NA	NA	NA	NA	NA	NA	NA	NA	NA	NA	NA	NA	NA	NA	NA	NA	NA	NA	NA	NA	NA	NA	NA	NA	NA	NA	NA	NA	NA	NA	NA	NA	NA	NA	NA	NA	NA	NA
0.938247597729657	0.920619434932532	NA	NA	NA	0.761612336716419	NA	1.35487695819942	1.39329081820999	NA	1.1580794325688	0.866921817565678	NA	1.29549135870439	1.27720679952567	0.847457771168997	1.60943128683988	1.52206204935342	1.53185260189705	1.33853390445625	0.755212737120681	1.56569261371384	0.697687569899425	0.941459885221233	1.44451214648815	NA	1.62685615097063	1.15712663677473	NA	NA	0.76326523195791	1.46034501177808	0.186004036392584	1.56609359969156	1.30027848115054	1.26655448707302	NA	1.32513966254596	NA	NA
NA	NA	NA	NA	NA	NA	NA	NA	NA	NA	NA	NA	NA	NA	NA	NA	NA	NA	NA	NA	NA	NA	NA	NA	NA	NA	NA	NA	NA	NA	NA	NA	NA	NA	NA	NA	NA	NA	NA	NA
NA	NA	NA	NA	NA	NA	NA	NA	NA	NA	NA	NA	NA	NA	NA	NA	NA	NA	NA	NA	NA	NA	NA	NA	NA	NA	NA	NA	NA	NA	NA	NA	NA	NA	NA	NA	NA	NA	NA	NA
NA	0.600604361642664	0.605652807124077	0.552577871691008	0.868974469645896	0.760484372598712	0.823890583225247	0.635487108611247	0.515719666306087	0.20380141103717	0.49602096824092	0.203090331162881	0.747858676782628	0.49733347272312	0.601345087633626	0.389260446191216	0.542401052397046	0.755804479263732	1.62458990480792	0.613551480921736	1.8931599183578	1.11385952850884	0.739512760945542	1.65067361582957	0.947165681672923	0.509221145217103	NA	1.50139161559494	0.950483905880951	1.00795833864204	1.06966067588762	1.19290152856941	0.722676457914159	0.603352006259805	0.809911652228082	0.822073507647951	NA	1.26710053440107	0.951563700377408	1.00568213189968
NA	1.13334401034285	1.08723629124339	NA	0.309520183710421	0.785865693679077	0.752178690867376	0.834744765291	1.10504677368548	NA	1.06106622674055	1.18317328193667	1.26065285103955	NA	1.24423970789994	NA	0.810946406163375	0.754873521339718	NA	1.03336496357125	0.553065488362652	NA	0.435935140803193	0.55931153693456	0.75835211035858	NA	NA	NA	NA	1.48927524789653	NA	NA	NA	0.964218594719747	NA	NA	NA	0.799545617423827	0.79687876551793	NA
NA	NA	NA	NA	NA	NA	NA	NA	NA	NA	NA	NA	NA	NA	NA	NA	NA	NA	NA	NA	NA	NA	NA	NA	NA	NA	NA	NA	NA	NA	NA	NA	NA	NA	NA	NA	NA	NA	NA	NA
NA	NA	NA	NA	NA	NA	NA	NA	NA	NA	NA	NA	NA	NA	NA	NA	NA	NA	NA	NA	NA	NA	NA	NA	NA	NA	NA	NA	NA	NA	NA	NA	NA	NA	NA	NA	NA	NA	NA	NA
NA	NA	NA	NA	NA	NA	NA	NA	NA	NA	NA	NA	0.878577387302242	0.794330801189078	0.86461911616055	NA	NA	NA	NA	NA	NA	0.260254934655271	NA	0.618577948055248	NA	NA	0.337084791911803	0.0874296059680702	0.36092785069474	0.611269414813887	NA	0.382264687185454	NA	0.611100994835995	NA	NA	NA	0.386698699976044	NA	NA
NA	0.899200312533777	NA	NA	0.688442328915716	0.544700441859042	0.512972060150125	0.551765159869396	0.736738250648715	NA	0.751734781639942	0.479750980795508	0.672924400407771	0.831693520079089	0.454806308598318	0.395039657027084	0.295663155893945	0.586292335393614	0.503160553728179	0.296767244918988	0.856794017229153	0.49793036178303	0.236282750436076	0.343338916231367	NA	0.479379689881656	0.638740052048023	1.77378326336404	NA	2.1536490397243	0.759001338687814	1.81261625254932	0.313409708561673	2.09069763235861	NA	NA	NA	1.80912449411393	0.292301341228814	0.348757752974451
NA	NA	NA	NA	NA	NA	NA	NA	NA	NA	NA	NA	NA	NA	NA	NA	NA	NA	NA	NA	NA	NA	NA	NA	NA	NA	NA	NA	NA	NA	NA	NA	NA	NA	NA	NA	NA	NA	NA	NA
1.00371166650241	1.92785380278378	1.91020379987373	1.98500247936712	2.16309113899062	1.31120291103965	1.84844922959807	1.29779004648238	1.41926047399841	1.62398951544127	1.10800535489048	1.5085556425557	1.99944529516833	1.47645504107938	1.05601940309468	NA	NA	1.44063276865838	1.48749609291567	NA	1.11277891136699	2.64487149924096	1.56830542183331	NA	1.68548746561494	NA	2.09831224795554	2.30841298590635	2.71937689043513	1.68234687414479	2.89259130982919	NA	1.54261911195644	NA	NA	NA	NA	2.37158059179929	2.51096249603701	2.50366603740736
1.25700422736784	0.945659560785831	1.14842805678958	1.47537091521643	0.906576329742268	0.946570229529573	0.940546219449152	0.710500586322976	0.724790876495357	1.0962794796587	0.684766396370731	0.541412051346294	1.81561547255999	0.566936700721155	1.35632243700852	1.28824191546924	NA	1.87119052149716	0.779466975129801	1.96650211038788	0.851932696152971	1.31821260009429	0.7913850011124	0.653998140783516	0.65840341251811	NA	2.25629097248674	2.32787811325545	0.532193301564019	1.24067844106348	0.529686124445698	1.56600924579096	0.350232762682024	0.611176815267596	1.52865706412607	0.295888878418876	NA	2.01789451768505	1.6602372234496	1.84833687229883
NA	1.26750479753093	0.818392422792001	NA	0.770069782470639	0.645824231382439	0.788712402508654	0.484418264948533	0.7777047639297	NA	0.782649805755667	1.07636820273475	1.40209307406613	0.742790933003621	1.03334167178925	1.36836377397931	1.01465653701054	0.623814636015263	0.784747085167696	0.445151876549193	0.589544918424599	0.397074235158914	0.329648216565988	1.15112319073982	0.321268460608967	1.0144268473951	NA	0.255422013394727	NA	0.632781953192531	NA	0.468725300288386	0.486891230208825	0.507323880328921	0.363754423990699	0.441733197100965	NA	0.34787493640407	0.242024188459858	0.28867521867155
NA	2.18560535218649	NA	NA	1.23586435591497	NA	0.793623881725426	0.80214235654336	NA	NA	NA	1.19963121952874	NA	1.70047205024085	1.41526669871592	NA	1.07649640095764	0.969856294356452	0.898592406101304	0.534150896452431	0.611144453582522	0.584253951115056	NA	NA	NA	NA	NA	NA	0.479902952793926	0.304007688432318	NA	NA	NA	NA	0.370234414208991	0.190048322653341	NA	NA	0.640005203601109	NA
NA	NA	NA	NA	NA	NA	NA	NA	NA	NA	NA	NA	NA	NA	NA	NA	NA	NA	NA	NA	NA	NA	NA	NA	NA	NA	NA	NA	NA	NA	NA	NA	NA	NA	NA	NA	NA	NA	NA	NA
NA	NA	NA	NA	NA	NA	NA	NA	NA	NA	NA	NA	NA	NA	NA	NA	NA	NA	NA	NA	NA	NA	NA	NA	NA	NA	NA	NA	NA	NA	NA	NA	NA	NA	NA	NA	NA	NA	NA	NA
NA	NA	NA	NA	NA	NA	NA	NA	NA	NA	NA	NA	NA	NA	NA	NA	NA	NA	NA	NA	NA	NA	NA	NA	NA	NA	NA	NA	NA	NA	NA	NA	NA	NA	NA	NA	NA	NA	NA	NA
NA	NA	NA	NA	NA	NA	NA	NA	NA	NA	NA	NA	NA	NA	NA	NA	NA	NA	NA	NA	NA	NA	NA	NA	NA	NA	NA	NA	NA	NA	NA	NA	NA	NA	NA	NA	NA	NA	NA	NA
NA	NA	NA	NA	NA	NA	NA	NA	NA	NA	NA	NA	NA	NA	NA	NA	NA	NA	NA	NA	NA	NA	NA	NA	NA	NA	NA	NA	NA	NA	NA	NA	NA	NA	NA	NA	NA	NA	NA	NA
NA	NA	NA	NA	NA	NA	NA	NA	NA	NA	NA	NA	NA	NA	NA	NA	NA	NA	NA	NA	NA	NA	NA	NA	NA	NA	NA	NA	NA	NA	NA	NA	NA	NA	NA	NA	NA	NA	NA	NA
NA	NA	NA	NA	NA	NA	NA	NA	NA	NA	NA	NA	NA	NA	NA	NA	NA	NA	NA	NA	NA	NA	NA	NA	NA	NA	NA	NA	NA	NA	NA	NA	NA	NA	NA	NA	NA	NA	NA	NA
NA	NA	NA	NA	1.15545335165369	NA	NA	NA	NA	NA	NA	1.0013253859821	NA	NA	0.830088173389456	0.796798411376763	NA	NA	NA	NA	NA	NA	NA	NA	NA	NA	NA	NA	0.760979289320566	NA	NA	NA	NA	NA	0.568784487479993	0.233619153483836	NA	NA	NA	NA
NA	NA	1.31671504736977	NA	NA	0.893517060336352	NA	NA	NA	NA	1.14008977191235	NA	NA	NA	NA	NA	NA	NA	1.3534277728516	1.40655433400361	1.15690230284342	NA	NA	0.707902944172554	0.721555529270518	NA	NA	0.654326392181538	0.588455614390136	0.630527582252468	0.653069900004721	NA	NA	0.594466468862798	NA	0.538485289532524	NA	0.456644412009304	NA	1.73980721834131
0.928515586405436	NA	1.56225516445331	NA	NA	1.42040330096538	NA	1.382836636926	NA	0.96350478345793	NA	NA	NA	NA	1.1763206366433	NA	1.1463447539069	NA	1.16797824778271	0.735054768609495	NA	0.715001566381131	0.666445579751145	0.196358955036923	0.506048063338104	2.28861023679311	0.775765671034042	0.845807282705637	0.982942136600515	NA	0.933479900442177	0.871363529939007	0.668754452083246	0.609291127334082	0.513677090599899	0.548885711503368	NA	NA	0.262876504346683	0.372492376320957
NA	NA	NA	NA	NA	NA	NA	NA	NA	NA	NA	NA	NA	NA	NA	NA	NA	NA	NA	NA	NA	NA	NA	NA	NA	NA	NA	NA	NA	NA	NA	NA	NA	NA	NA	NA	NA	NA	NA	NA
1.25901878704541	1.59552217869522	1.44634815627865	0.438704738371883	1.87224576664335	0.644345255157049	1.72930968924106	0.732836849381467	0.820120652267365	1.44566153142517	1.99790477980583	0.484290171132875	0.415226262624746	2.02444023682508	1.90655978403189	1.61703910685321	1.58051281940734	1.42356012686413	2.13285302168858	2.23553556109694	0.738493707592106	1.8025936341931	0.199277763754119	1.73959720534078	1.46702199263685	1.16276498241363	0.468932197182158	0.622273888849222	0.540016029845668	0.653125221531505	0.207744136873997	0.374536655281334	0.681703703229011	1.9914001581646	1.92107578425226	1.34728039730817	NA	0.766004144615737	2.0980303822596	0.984016119316614
1.64824825922099	NA	1.11924395238836	0.817835629150909	NA	NA	1.12742557326988	NA	1.15860539932253	NA	NA	0.371755400176007	0.778396870648736	NA	0.777769428118877	NA	NA	1.13893521123399	NA	1.07448620872276	0.716029049962331	1.51861893267279	0.122266293661006	NA	NA	1.37649402099015	0.161625414914167	0.0774848432697919	1.15399205329823	0.917353504820626	0.289643111240288	0.609224083594987	0.850052812715791	1.57613704804301	0.766598441345444	2.8096453807117	NA	NA	2.07742583076205	0.422999344028295
NA	NA	NA	NA	1.66473877219905	NA	1.30783254134118	NA	NA	NA	2.04027159746896	2.24338302167361	NA	NA	1.83618212814471	NA	NA	NA	1.81515784085801	1.79629074644729	1.74362198471191	NA	1.81865641969062	NA	NA	NA	NA	1.01389098747146	0.783903544869281	NA	NA	0.877712585251511	1.33445645076402	0.434922646478381	0.873373198950725	0.464266122960026	NA	NA	1.53664953827833	NA
NA	NA	NA	NA	NA	NA	NA	NA	NA	NA	NA	NA	NA	NA	NA	NA	NA	NA	NA	NA	NA	NA	NA	NA	NA	NA	NA	NA	NA	NA	NA	NA	NA	NA	NA	NA	NA	NA	NA	NA
NA	1.04976311464347	1.31530251032796	1.42047048441807	0.708019232368304	NA	1.49605825268514	1.20525366513168	0.94574541490036	NA	NA	NA	0.723320684770416	NA	0.84081445901277	NA	0.9554406982997	1.05672745170507	0.917517610998103	1.0418817991252	NA	0.852492688566228	0.591366809339026	0.377458034855389	0.790668407405238	0.368678020448613	0.58726451946598	NA	0.667098571392238	0.855241016693192	0.407349903970495	0.936950248571159	NA	0.573139030734375	NA	0.531004478500919	NA	NA	1.68389721676676	0.49027562813055
NA	NA	NA	NA	NA	NA	NA	NA	NA	NA	NA	NA	NA	NA	NA	NA	NA	NA	NA	NA	NA	NA	NA	NA	NA	NA	NA	NA	NA	NA	NA	NA	NA	NA	NA	NA	NA	NA	NA	NA
NA	NA	NA	NA	NA	NA	NA	NA	NA	NA	NA	NA	NA	NA	NA	NA	NA	NA	NA	NA	NA	NA	NA	NA	NA	NA	NA	NA	NA	NA	NA	NA	NA	NA	NA	NA	NA	NA	NA	NA
NA	NA	NA	NA	NA	NA	NA	NA	NA	NA	NA	NA	NA	NA	NA	NA	NA	NA	NA	NA	NA	NA	NA	NA	NA	NA	NA	NA	NA	NA	NA	NA	NA	NA	NA	NA	NA	NA	NA	NA
NA	0.153329651538905	NA	NA	2.27923622929727	2.73090381470058	NA	NA	NA	NA	NA	2.60838219352993	NA	NA	0.243042569365234	0.19613921735227	0.28653275254262	2.23995568526441	NA	0.682304093916297	0.797667273002784	NA	1.95994215595611	NA	NA	1.76719866398347	NA	2.09160327455819	1.96237448534989	NA	0.926887284859143	NA	NA	1.02457626336927	NA	NA	NA	NA	0.735592088935882	NA
2.11174388970595	1.52032581854677	1.73800968084592	1.79616554237041	1.2227564576631	1.48480992120287	1.51215597888797	1.62621308217012	1.38287014214269	NA	1.32165981630377	1.530446614969	NA	1.39805461519176	1.24748307081524	NA	NA	1.49539989677584	1.38303234510607	1.40133546119917	1.09337452173301	0.649671217459846	0.96633916372836	0.995563159007413	1.45623887500445	1.20358882728087	1.15572022268173	1.33236846584538	0.625830963320415	0.610882781134436	1.07997617909089	0.26655778881472	0.52248680429835	NA	0.359431431642079	NA	NA	0.195399305819679	NA	0.774304234243869
NA	NA	NA	NA	NA	NA	NA	NA	NA	NA	NA	NA	NA	NA	NA	NA	NA	NA	NA	NA	NA	NA	NA	NA	NA	NA	NA	NA	NA	NA	NA	NA	NA	NA	NA	NA	NA	NA	NA	NA
NA	NA	NA	NA	NA	NA	NA	NA	NA	NA	NA	NA	NA	NA	NA	NA	NA	NA	NA	NA	NA	NA	NA	NA	NA	NA	NA	NA	NA	NA	NA	NA	NA	NA	NA	NA	NA	NA	NA	NA
NA	NA	NA	NA	NA	NA	NA	NA	NA	NA	NA	NA	NA	NA	NA	NA	NA	NA	NA	NA	NA	NA	NA	NA	NA	NA	NA	NA	NA	NA	NA	NA	NA	NA	NA	NA	NA	NA	NA	NA
0.628863685747082	NA	NA	NA	NA	1.01981418578478	0.585916612260488	NA	NA	0.268366844765309	NA	NA	0.947538864811466	2.64530474353839	2.47685458258137	NA	2.54913307628668	NA	NA	NA	NA	2.07199724739532	NA	0.729396341470439	1.95170261349583	1.35533930950942	2.35885004897149	1.84416873450825	NA	NA	NA	0.941877499603421	NA	NA	NA	1.1205904036805	NA	NA	NA	0.826450722458987
NA	NA	NA	NA	NA	NA	NA	NA	NA	NA	NA	NA	NA	NA	NA	NA	NA	NA	NA	NA	NA	NA	NA	NA	NA	NA	NA	NA	NA	NA	NA	NA	NA	NA	NA	NA	NA	NA	NA	NA
1.70198966316552	NA	NA	NA	NA	NA	NA	NA	1.41159268330706	1.65418830373025	NA	1.2610395296586	NA	NA	1.24400517279263	0.88452149757263	0.991381387535186	0.991284171258361	0.950142464966263	0.975156797438907	0.687276973813619	NA	0.280490836135011	0.176534933059319	0.28928023477583	0.506750414484379	NA	0.186056137910993	0.410940095445815	NA	NA	0.508257145637255	0.310435215363298	0.5305939918891	0.295503596995403	0.160349590877548	NA	0.594820909896079	0.129997381755874	0.289464916657193
NA	NA	NA	NA	NA	NA	NA	NA	NA	NA	NA	NA	NA	NA	NA	NA	NA	NA	NA	NA	NA	NA	NA	NA	NA	NA	NA	NA	NA	NA	NA	NA	NA	NA	NA	NA	NA	NA	NA	NA
1.10502375815097	0.966728353486367	1.09496907723954	1.02653929351957	0.939146741298856	0.977453879684946	0.753822711645995	0.798623826923753	0.656810978155521	0.784100613171256	1.05288175975466	0.816246954336916	0.315370394808744	0.35326679129817	0.110868674465673	0.481767678824901	0.318142435999075	0.537050472669875	0.600129733497063	0.470373806787297	0.767513552377024	0.463866683996093	0.616656365143538	0.691996525593011	1.20005246216062	0.854445908565081	NA	NA	NA	0.376333275222562	0.674388118244382	0.762205453513584	0.367167734441377	0.491963327409396	0.649866221149505	0.266461549950885	NA	0.315793818383943	0.448386795951868	0.296892819248555
NA	NA	NA	NA	0.425958273590214	0.711281662895255	0.673369868825786	NA	0.281185199623036	0.809711001204133	NA	NA	0.348815039021223	0.753381115977129	0.797143939124545	NA	NA	0.670811060566449	0.587948180976139	0.83905797056465	NA	0.516216587467193	0.562683441377578	NA	1.45324666521969	0.245810663267376	0.795799592461583	NA	0.548341526696878	NA	NA	0.655146317768636	NA	0.490697927742096	NA	0.571882395455742	NA	0.428953871678236	NA	0.496593113834262
NA	NA	NA	0.893676363858035	NA	NA	NA	NA	NA	NA	NA	NA	0.611063884053413	0.587744390106601	0.403163635887943	0.848562290090653	1.73680394503747	NA	0.624771300537296	0.479441895578634	0.920200099286866	1.45994105196931	0.744876349660033	0.397073010590471	NA	1.62936825143101	1.08103697331008	NA	NA	1.25947809013754	2.03936967817358	0.731339950018975	NA	0.808041113628242	NA	NA	NA	NA	NA	NA
NA	NA	NA	NA	NA	NA	NA	NA	NA	NA	NA	NA	NA	NA	NA	NA	NA	NA	NA	NA	NA	NA	NA	NA	NA	NA	NA	NA	NA	NA	NA	NA	NA	NA	NA	NA	NA	NA	NA	NA
NA	NA	NA	NA	NA	NA	NA	NA	NA	NA	NA	NA	NA	NA	NA	NA	NA	NA	NA	NA	NA	NA	NA	NA	NA	NA	NA	NA	NA	NA	NA	NA	NA	NA	NA	NA	NA	NA	NA	NA
2.14609730564514	1.09318883077471	1.03014987896574	NA	2.37832843242651	1.50302982809209	NA	1.71105175425264	NA	NA	0.439029776772419	0.588784667860971	0.986458252812806	NA	1.15522505227535	NA	0.388672643564233	NA	1.08587112426783	0.763055156876322	1.9968343467457	1.96685839273126	1.09878376158691	1.65044199314422	0.979122900191606	1.91552131090287	1.54915312665886	1.36734970437808	NA	1.32391740847103	1.28538907813286	1.42732871185479	1.4921104387398	NA	NA	2.08811755006195	NA	1.99828964692662	0.753207053852771	0.226915804686999
NA	NA	NA	NA	NA	NA	NA	NA	NA	NA	NA	NA	NA	NA	NA	NA	NA	NA	NA	NA	NA	NA	NA	NA	NA	NA	NA	NA	NA	NA	NA	NA	NA	NA	NA	NA	NA	NA	NA	NA
0.298593519648952	NA	NA	NA	NA	0.950752669915752	0.856719227419449	0.666849405295782	NA	1.05877411502575	0.999280343777546	0.518935568544164	NA	1.74789492241077	NA	0.63329697162482	NA	NA	NA	NA	NA	0.44329284312977	0.388765981566535	NA	0.383865555841161	0.465450722987955	1.98269793731082	0.80778188756583	1.03043565625761	1.2681285567364	NA	0.402885318203115	0.307704333409542	NA	0.779503469948522	NA	NA	NA	0.392314779579072	0.361233785899103
NA	NA	1.53247683699367	NA	NA	NA	NA	NA	1.14325199861252	NA	NA	NA	NA	NA	NA	NA	1.32816794354895	NA	1.53618651604771	1.16231698667259	NA	NA	NA	NA	NA	NA	NA	NA	1.12081925093184	0.186946423173818	NA	NA	NA	NA	NA	0.435732334752485	NA	NA	NA	NA
NA	NA	NA	NA	NA	NA	NA	NA	NA	NA	NA	NA	NA	NA	NA	NA	NA	NA	NA	NA	NA	NA	NA	NA	NA	NA	NA	NA	NA	NA	NA	NA	NA	NA	NA	NA	NA	NA	NA	NA
NA	NA	0.882491635466939	1.26780180214672	NA	NA	1.67597137181727	1.4690962162785	1.52069501290367	NA	1.4145657877572	1.80294015661797	1.49039711441648	1.75970561166204	1.75327389555513	1.6821210796834	1.36311293320969	NA	NA	1.59766769873667	2.00786812955074	NA	NA	NA	1.70963993044121	1.90555710039035	1.8383833952705	1.56725359474822	1.55914286899672	1.4153070763923	1.02272475469149	1.91082093458547	1.90228830633374	1.66640145409713	1.72862799003179	2.05249246868975	NA	NA	1.68706421256713	NA
NA	0.74977403043307	NA	NA	0.851439723274756	NA	NA	1.00949084672376	NA	NA	NA	NA	NA	1.70226970229222	1.42061996182617	1.0012083372926	1.54747608744749	1.25883206548053	0.989776822924289	NA	0.69894464614346	0.860735551760174	0.919035899247215	NA	NA	NA	1.2741170692932	0.824753240340645	NA	NA	NA	NA	0.791853298778252	NA	2.31162508858445	0.33588884533987	NA	0.512070381712361	NA	NA
NA	NA	NA	NA	NA	NA	NA	NA	NA	NA	NA	NA	NA	NA	NA	NA	NA	NA	NA	NA	NA	NA	NA	NA	NA	NA	NA	NA	NA	NA	NA	NA	NA	NA	NA	NA	NA	NA	NA	NA
NA	NA	NA	NA	NA	NA	NA	NA	NA	NA	NA	NA	NA	NA	NA	NA	NA	NA	NA	NA	NA	NA	NA	NA	NA	NA	NA	NA	NA	NA	NA	NA	NA	NA	NA	NA	NA	NA	NA	NA
NA	NA	0.336027896537411	0.78140839377443	0.379186221472167	0.918357362813625	NA	1.0513835038186	1.02250614084644	0.583781203905916	1.5815860326459	NA	NA	NA	0.523359380958994	NA	0.185284506117247	0.890227480347015	0.108883348068143	NA	0.748991033925344	0.547753597318547	0.471391182127211	0.504804553011306	0.663177232756843	0.788242478282814	0.376896803402781	NA	0.372551550760745	0.221785744078178	0.401220889534756	0.85374393901479	0.823889563328853	0.266479215536646	0.373066044433862	0.1823794940554	NA	0.443411990450439	0.375823560386302	0.540159693375236
NA	NA	NA	NA	NA	NA	NA	NA	NA	NA	NA	NA	NA	NA	NA	NA	NA	NA	NA	NA	NA	NA	NA	NA	NA	NA	NA	NA	NA	NA	NA	NA	NA	NA	NA	NA	NA	NA	NA	NA
NA	NA	2.09885638590132	NA	NA	1.89278406289274	2.31174058563709	NA	2.00445139694948	2.33984682086669	NA	2.17091538605341	2.47191304725599	1.97810800247244	2.24625694770475	NA	NA	2.0130699673626	NA	1.78720682092084	1.91975394523994	1.95337757983703	NA	1.55808049351822	1.53251976972436	1.5830444580488	NA	1.0323570610112	1.81545890434198	1.01424603937832	NA	1.31337892519892	1.09864995917244	NA	1.18022514434925	1.00087352989589	NA	NA	NA	NA
NA	NA	NA	NA	NA	NA	NA	NA	NA	NA	NA	NA	NA	NA	NA	NA	NA	NA	NA	NA	NA	NA	NA	NA	NA	NA	NA	NA	NA	NA	NA	NA	NA	NA	NA	NA	NA	NA	NA	NA
NA	NA	NA	NA	NA	NA	NA	NA	NA	NA	NA	NA	NA	NA	NA	NA	NA	NA	NA	NA	NA	NA	NA	NA	NA	NA	NA	NA	NA	NA	NA	NA	NA	0.263430303448417	0.16338879370934	0.210627964889027	NA	0.189175175535443	0.136782004364959	0.594761268125008
NA	NA	NA	NA	NA	NA	NA	NA	NA	NA	NA	NA	NA	NA	NA	NA	NA	NA	NA	NA	NA	NA	NA	NA	NA	NA	NA	NA	NA	NA	NA	NA	NA	NA	NA	NA	NA	NA	NA	NA
1.55763440895568	1.50693587115275	0.494655970759151	NA	1.85131073956742	0.457020769818718	0.969132680560354	0.729571320432125	2.2773325935	0.396408921124256	0.600103284248929	0.266573765467898	NA	0.143870315054308	0.42282567490344	NA	0.362350505183582	0.327858995884736	NA	0.277044892489983	0.806062209837493	0.144413932523769	NA	0.149643623497755	1.15161658718647	1.65875592355683	0.559018140515683	0.343540408227927	NA	2.4489716098216	0.316923574489962	NA	0.186317002712174	0.461896451082569	0.344497902063664	1.51886187090627	NA	NA	1.857247425406	0.687636916333796
NA	NA	NA	NA	NA	NA	NA	NA	NA	NA	NA	NA	NA	NA	NA	NA	NA	NA	NA	NA	NA	NA	NA	NA	NA	NA	NA	NA	NA	NA	NA	NA	NA	NA	NA	NA	NA	NA	NA	NA
NA	NA	NA	NA	NA	NA	NA	NA	NA	NA	NA	NA	NA	NA	NA	NA	NA	NA	NA	NA	NA	NA	NA	NA	NA	NA	NA	NA	NA	NA	NA	NA	NA	NA	NA	NA	NA	NA	NA	NA
2.60084507175403	NA	1.74607138753504	1.67348908041907	NA	1.44582923970557	NA	NA	NA	2.08893709579885	NA	1.79258283193491	1.7484857122902	2.02406718609468	2.26650630478334	NA	NA	1.5992782356029	NA	1.5972048013155	NA	1.31971961083983	NA	0.849447700633178	0.901422372403811	NA	NA	0.518756702816539	0.387167144130129	0.48414808211219	NA	0.507366759905753	0.580529203266683	NA	0.571948583406536	0.180341297443826	NA	NA	0.150790429120071	NA
NA	NA	NA	NA	NA	NA	NA	NA	NA	NA	NA	NA	NA	NA	NA	NA	NA	NA	NA	NA	NA	NA	NA	NA	NA	NA	NA	NA	NA	NA	NA	NA	NA	NA	NA	NA	NA	NA	NA	NA
NA	NA	NA	NA	NA	NA	NA	NA	NA	NA	NA	NA	NA	NA	NA	NA	NA	NA	NA	NA	NA	NA	NA	NA	NA	NA	NA	NA	NA	NA	NA	NA	NA	NA	NA	NA	NA	NA	NA	NA
NA	NA	NA	NA	NA	NA	NA	NA	NA	NA	NA	NA	NA	NA	NA	NA	NA	NA	NA	NA	NA	NA	NA	NA	NA	NA	NA	NA	NA	NA	NA	NA	NA	NA	NA	NA	NA	NA	NA	NA
NA	NA	NA	NA	NA	NA	NA	NA	NA	NA	NA	NA	NA	NA	NA	NA	NA	NA	NA	NA	NA	NA	NA	NA	NA	NA	NA	NA	NA	NA	NA	NA	NA	NA	NA	NA	NA	NA	NA	NA
NA	NA	NA	NA	NA	NA	NA	NA	NA	NA	NA	NA	NA	NA	NA	NA	NA	NA	NA	NA	NA	NA	NA	NA	NA	NA	NA	NA	NA	NA	NA	NA	NA	NA	NA	NA	NA	NA	NA	NA
NA	NA	0.733037526750986	NA	NA	NA	1.61461795988029	NA	NA	NA	0.980078081973699	1.1002661712908	NA	NA	0.998645725800961	0.738898855802873	0.988835630604863	NA	NA	1.10544603568228	NA	0.496073334607807	0.985873066064307	0.898088881175983	0.805215769024339	NA	0.842759760721682	0.58841104017348	NA	0.733126080213396	0.465890879691123	NA	0.371787581542122	0.244378960972586	0.416275855163808	0.215005270843241	NA	NA	0.13551816288011	0.566018026791236
1.26390284941975	NA	NA	NA	1.09266267200848	NA	NA	0.315176529104519	NA	NA	0.571314310673108	0.662357959130222	NA	NA	0.829426124536989	0.64683743932237	0.662455549144425	NA	0.423254750834181	NA	NA	0.154264017420614	0.230815674382367	NA	NA	0.794491474944272	NA	NA	0.64704053094394	NA	NA	NA	NA	NA	0.717904744933301	NA	NA	NA	NA	0.531357873880967
NA	NA	NA	NA	NA	NA	NA	NA	NA	NA	NA	NA	NA	NA	NA	NA	NA	NA	NA	NA	NA	NA	NA	NA	NA	NA	NA	NA	NA	NA	NA	NA	NA	NA	NA	NA	NA	NA	NA	NA
NA	NA	NA	NA	NA	NA	NA	NA	NA	NA	NA	NA	NA	NA	NA	NA	NA	NA	NA	NA	NA	NA	NA	NA	NA	NA	NA	NA	NA	NA	NA	NA	NA	NA	NA	NA	NA	NA	NA	NA
NA	NA	0.494933514643919	NA	NA	NA	NA	NA	0.220849450372071	0.525469072862546	NA	NA	NA	0.847775618496415	NA	NA	1.32555410220258	NA	NA	0.290977150929826	NA	0.237810005246732	0.936378971254821	NA	NA	0.592601291178312	1.043522084114	0.915841940547107	NA	0.49538874483088	NA	1.03429579605227	0.64824626605789	NA	1.01966433778934	NA	NA	0.70664293788385	0.194948007623337	NA
NA	NA	NA	NA	NA	NA	NA	NA	NA	NA	NA	NA	NA	NA	NA	NA	NA	NA	NA	NA	NA	NA	NA	NA	NA	NA	NA	NA	NA	NA	NA	NA	NA	NA	NA	NA	NA	NA	NA	NA
NA	NA	NA	NA	NA	NA	NA	NA	NA	NA	NA	NA	NA	NA	NA	NA	NA	NA	NA	NA	NA	NA	NA	NA	NA	NA	NA	NA	NA	NA	NA	NA	NA	NA	NA	NA	NA	NA	NA	NA
NA	NA	NA	NA	NA	NA	1.90798382931421	NA	NA	NA	2.04505176510391	NA	0.447200179840895	NA	NA	NA	NA	0.458229182255726	0.720554705047218	1.82329930337477	NA	NA	0.483255055918468	NA	0.666300247688136	NA	NA	NA	NA	NA	NA	0.683641644512829	NA	1.27562366721205	NA	NA	NA	NA	NA	NA
1.30400647877049	1.14004789489482	1.0976428606321	0.946790738569411	2.04942586274432	0.806704143397263	0.382520718954139	0.192528125630939	0.675832090158319	0.40051740551143	0.937211956326497	NA	0.515641844120396	1.72966504933488	1.25073573506309	1.12703017482519	1.65513362093041	1.15515965576057	0.706303940557533	0.802899667789995	1.45380194479586	NA	1.27468818841942	1.60525853359723	1.5200149123299	1.97683062659225	1.08836319179859	0.527135870915336	0.527068690664805	1.06685419404803	1.47709522960135	0.485885842588278	0.263711713652218	0.925585095353028	NA	NA	NA	NA	0.487696649324285	1.3524070801845
NA	NA	NA	NA	NA	NA	NA	NA	NA	NA	NA	NA	NA	NA	NA	NA	NA	NA	NA	NA	NA	NA	NA	NA	NA	NA	NA	NA	NA	NA	NA	NA	NA	NA	NA	NA	NA	NA	NA	NA
NA	NA	2.37101108581538	1.88882065287123	2.23302259504743	2.02205694818609	NA	1.91073711190974	2.01514712384162	1.2684831284606	1.42063353214401	1.48413526085215	1.7281609058325	1.76649560823469	NA	1.35270152030147	2.04531999767078	2.1144491682793	1.83625805834109	2.13697622469723	NA	1.94402151653274	1.49222407871487	1.78475784269214	2.26453745254662	2.01116070561919	NA	1.65901175651311	1.05861657408416	1.92527052099122	2.08587176428583	1.47660168146359	1.47338242519353	NA	NA	NA	NA	1.78130270194483	1.63661509179198	1.83548558692652
NA	NA	NA	NA	NA	NA	NA	NA	NA	NA	NA	NA	NA	NA	NA	NA	NA	NA	NA	NA	NA	NA	NA	NA	NA	NA	NA	NA	NA	NA	NA	NA	NA	NA	NA	NA	NA	NA	NA	NA
NA	NA	NA	NA	NA	NA	NA	NA	NA	NA	NA	NA	NA	NA	NA	NA	NA	NA	NA	NA	NA	NA	NA	NA	NA	NA	NA	NA	NA	NA	NA	NA	NA	NA	NA	NA	NA	NA	NA	NA
0.573804751584973	1.27282003422407	0.851490210408546	NA	NA	1.05571877200017	0.157058420998991	0.40898729859807	1.68176854729541	1.55630218527648	0.496012743552039	0.796543233479836	0.260197045443597	0.411845562107278	NA	1.30803499440368	1.54728488177386	0.403106083456349	1.558766490912	0.585318317584156	1.33682289613456	0.216566113219602	0.75917646946919	1.62773705119358	NA	NA	NA	1.136115112308	0.873709084497939	NA	0.469763866176932	NA	1.39693302969427	0.391570679789645	1.63468316872203	NA	NA	1.36649404531764	1.46808419212743	0.61552788906312
0.58007585780406	0.431163103491725	0.805345885139499	1.89607975715	1.89614867175779	1.62280841757277	0.88570048423355	1.70132776328308	0.411459977248086	1.83508253263625	NA	1.64701735143256	0.557531939534587	1.6616971549323	0.411071440445356	NA	NA	0.326899252781403	0.234166804326499	0.232807360726713	0.234099771731608	0.388510905336418	0.898396391521876	0.470305012104956	0.476489056297347	NA	0.77954078270777	NA	0.146438738622051	0.206561344165942	0.551781941464679	0.735917508724742	0.291415171464589	NA	0.170421494214784	NA	NA	0.399642678181416	0.22955862590257	0.187350348644032
1.32378631955522	1.20481712298388	NA	0.817470081864641	NA	NA	NA	NA	NA	NA	NA	NA	NA	NA	NA	1.34109663782204	0.577844436952333	0.665846731550723	NA	1.40226032103434	NA	0.363812588950545	0.665685629837668	0.749199389557579	0.309674366463783	0.343245804104033	NA	NA	1.61423253893448	0.986631430608814	0.542967041451694	0.838426101908758	1.4156096670182	0.812238492093921	0.749181578987293	1.4785673261448	NA	0.554030441003606	NA	NA
0.889779555141512	NA	NA	NA	1.2544354500021	1.07722639645528	0.651566115326626	0.866364997690066	NA	NA	NA	0.776060054521544	NA	0.642226503588771	NA	0.149722639562629	0.353471115114749	0.404194976540624	NA	NA	NA	NA	0.277718190065957	NA	NA	NA	NA	NA	1.19841430308279	NA	NA	NA	NA	NA	0.548243562172982	NA	NA	NA	NA	NA
NA	NA	NA	NA	NA	NA	NA	NA	NA	NA	NA	NA	NA	NA	NA	NA	NA	NA	NA	NA	NA	NA	NA	NA	NA	NA	NA	NA	NA	NA	NA	NA	NA	NA	NA	NA	NA	NA	NA	NA
0.341637470727654	0.665367532349212	NA	1.27431464536599	0.550151653244387	NA	NA	0.424666913434297	0.741526277069988	0.910831287938619	NA	NA	1.85849394017997	0.746730449368655	NA	1.19253335976446	NA	1.06773552806605	NA	0.770163948459422	NA	0.830685902565707	0.508217135430676	0.323441537532325	0.328858805482558	NA	NA	NA	NA	NA	NA	NA	0.700524248139422	NA	1.37453939425138	NA	NA	0.612161204925051	0.586445262103225	0.339013185342926
1.17293984742604	NA	1.00044102108861	1.43336293562981	0.82040010000799	NA	1.13955291616887	0.751748618823399	0.938406586809912	1.213403459707	0.69439122170932	1.19312584664744	0.8697043884348	1.28174011322606	1.55735121673175	1.18625079986488	1.04151422628456	0.859858985167226	1.26641816249922	1.00536794262356	1.00959134249177	0.756748769405161	NA	1.00907325298534	NA	0.699521234542194	1.07509198861275	0.871661678585422	1.1787457071809	0.936213209269494	1.14948521301663	0.685987146271684	0.584414647785858	NA	1.76771573346007	0.314455901395749	NA	1.49173293556526	1.14824992603003	0.699350811019835
NA	NA	NA	NA	NA	NA	NA	NA	NA	NA	NA	NA	NA	NA	NA	NA	NA	NA	NA	NA	NA	NA	NA	NA	NA	NA	NA	NA	NA	NA	NA	NA	NA	NA	NA	NA	NA	NA	NA	NA
0.715196926185125	NA	0.714143162929092	NA	0.525469763304414	NA	0.705532258808916	0.891266662645483	NA	1.79535977990549	0.677799082506423	1.31044144814611	NA	1.10775200504926	0.978347670321602	NA	0.797038335315409	NA	NA	0.827772263007965	1.97673387442633	1.29382795395324	NA	0.585641224678097	0.320016608617187	0.683676902394028	0.40963452449685	0.853207282684287	0.746324015836625	NA	0.253346653413833	0.155587550033239	NA	0.313164929930313	0.313373475001785	NA	NA	0.77286458655081	0.785954747385083	NA
NA	NA	NA	NA	NA	0.62180550757084	NA	1.18470469855638	NA	NA	0.530320277482804	NA	NA	0.890620280971302	NA	NA	0.428725558004658	0.296216593152444	NA	0.92683698046984	NA	NA	0.76094352917904	0.665323151736975	0.980464536575345	0.728657471221553	0.690974723941211	NA	0.763902888793599	NA	NA	NA	0.739824867183351	0.558554852458283	NA	1.05357773782692	NA	1.15392956630751	0.423628713177729	0.604462452276757
0.807280919905684	0.326416426530468	0.544548368679133	0.729598526843527	0.788476224745578	0.832019805241996	1.07074408359861	0.804129484608416	1.08488951688359	1.12631099391608	1.2475708143364	NA	NA	NA	0.236385512457711	0.135427768229937	0.270057907376165	0.349356209379133	NA	0.194160115020789	0.355311954760962	0.520760411065041	0.518637952084556	0.545558659424181	0.488373354706059	NA	1.27899305060493	NA	0.341873934292101	NA	0.863594105092486	0.878166792472521	0.641653206026436	1.47906731350222	0.992873842753925	1.6736020121582	NA	1.36125872651615	NA	1.21454209197871
NA	NA	NA	NA	NA	NA	NA	0.345228802008132	NA	2.53364873182815	NA	2.36534218754829	NA	NA	1.26998646620831	1.03461415555613	NA	1.37774192405906	NA	0.742519830742118	NA	1.21375579187268	NA	NA	NA	NA	NA	NA	NA	NA	NA	NA	NA	NA	NA	NA	NA	NA	0.645610345327498	NA
1.00441267434655	0.94615051317422	0.991244063670328	NA	1.28132857301556	0.599489886073213	0.994942171373235	NA	0.65955906263339	0.636392137692265	1.00460376196061	0.928165869381845	NA	0.594539006348209	0.501330541817367	0.375536050818825	NA	0.999281122066678	0.585906375332441	0.487368439558113	0.572186547654458	0.417563697588706	0.582678853026937	0.842806837678829	0.721797550205863	NA	0.286018048574999	1.04006026699468	0.448254823155891	0.481887311667656	0.916418870205143	0.587433485048961	1.11510280686951	1.37652219021313	0.257660811200095	1.19260717257036	NA	0.624515297729668	0.491730851160303	1.66431262652482
1.91665819799505	1.99425311384286	2.11789831606066	2.50393727346262	NA	1.91297946253895	1.95491230954392	1.99677572476357	2.04793637658423	2.16423338556874	1.71578013503238	1.58055632819683	2.33250422401856	NA	2.72330100386911	2.1004222818884	1.73948289131496	2.14837397349316	2.11655306904019	2.42345526064106	2.22049682806485	2.61670652751784	NA	2.14431954514073	2.19087092135642	1.315417630814	1.79015326207587	2.42193323098266	NA	2.07461306964911	1.27860268878469	1.49969858493024	1.83978892147368	1.28319778235927	1.60737214512274	1.13187444481569	NA	0.920254683529558	1.00889643609835	NA
0.85053275298477	1.11683371051807	1.39253221914131	NA	1.22756031507523	1.3734316737903	NA	0.980991657970612	NA	0.618053266666228	1.07521783080407	0.740142323847283	NA	0.459784518577364	NA	0.666056697119808	0.697042383152034	0.877910872004307	NA	0.718793608320137	1.35676339952981	NA	NA	NA	0.549802014992264	NA	NA	NA	NA	0.609526012720402	0.57276723850375	0.454318234876832	NA	NA	NA	NA	NA	0.231166788839171	NA	NA
NA	NA	NA	NA	NA	NA	NA	NA	NA	NA	NA	NA	NA	NA	NA	NA	NA	NA	NA	NA	NA	NA	NA	NA	NA	NA	NA	NA	NA	NA	NA	NA	NA	NA	NA	NA	NA	NA	NA	NA
NA	NA	NA	0.81147595233516	NA	1.7284438735605	NA	NA	1.41687131014466	1.41025217947033	1.47028668511838	NA	NA	1.38236947832735	1.53115204036592	1.24270300585811	1.80341364447223	NA	NA	1.01261139488621	NA	0.969527286074848	1.28526025464693	1.26633136680366	1.36900123128219	NA	1.56707207532077	NA	1.56192493933297	NA	NA	NA	NA	0.437253198026668	0.609797564392626	1.55201812866367	NA	0.392779779205435	NA	0.704504050647959
NA	1.33349120476502	1.93403219847083	NA	NA	1.02199906620466	NA	0.921605618655778	NA	1.17181019940205	1.16331582839033	1.11609284112526	NA	1.26562304737961	NA	NA	1.17867166511839	NA	NA	1.79124809138842	1.35938927110436	NA	1.62821439529242	NA	NA	NA	NA	NA	0.874762376211381	0.626691072061232	NA	NA	NA	NA	NA	NA	NA	NA	NA	NA
NA	1.50130540849173	1.26076260381209	NA	0.929385275530092	0.237516380481675	0.399530167430362	0.793665528771745	0.53687955599441	0.949157796590271	1.04276164303218	1.18181949329842	0.509540531009027	0.503250742455615	0.79818748716496	0.839390570607034	0.627641956613015	1.05619719516207	0.78492548744456	1.11690332216044	0.981766417688964	1.04037660057845	1.10152047933839	0.835732618861758	1.44710299831732	1.45999829739612	1.22713609991736	1.18395495322169	1.32266684327829	0.978284783256212	1.74972535101661	1.1816723685649	0.526460688551573	1.66094080851653	0.673910829810035	1.38341552847897	NA	NA	1.34163507962772	0.668006884196666
NA	NA	NA	NA	NA	NA	NA	NA	NA	NA	NA	NA	NA	NA	NA	NA	NA	NA	NA	NA	NA	NA	NA	NA	NA	NA	NA	NA	NA	NA	NA	NA	NA	NA	NA	NA	NA	NA	NA	NA
NA	NA	NA	NA	NA	NA	NA	NA	NA	NA	NA	NA	NA	NA	NA	NA	NA	NA	NA	NA	NA	NA	NA	NA	NA	NA	NA	NA	NA	NA	NA	NA	NA	NA	NA	NA	NA	NA	NA	NA
NA	1.59007268827535	1.57266942526208	1.11710497215444	2.46433660765529	1.57094634608343	2.02452898700983	1.0545189541673	1.03785505323638	1.2300200360082	1.83167910321961	1.17555576280803	0.732505294537279	0.806686979139788	0.763822072974836	0.584576948458111	0.494125430192733	NA	2.08854676906995	NA	2.23377081049668	NA	1.285842511691	1.05904219758545	1.71442884613885	NA	2.55080562454707	1.08957592440551	NA	0.619098762089437	0.35728718457929	NA	0.987317438535715	0.110165859192521	0.270123371994955	0.608011066881668	NA	0.457328584563535	0.790846394894167	1.08205869903474
NA	NA	NA	NA	NA	NA	NA	NA	NA	NA	NA	NA	NA	NA	NA	NA	NA	NA	NA	NA	NA	NA	NA	NA	NA	NA	NA	NA	NA	NA	NA	NA	NA	NA	NA	NA	NA	NA	NA	NA
NA	NA	NA	NA	NA	NA	NA	NA	NA	NA	NA	NA	NA	NA	NA	NA	NA	NA	NA	NA	NA	NA	NA	NA	NA	NA	NA	NA	NA	NA	NA	NA	NA	NA	NA	NA	NA	NA	NA	NA
NA	NA	1.69078622405356	NA	NA	NA	2.18176158628928	1.78615490951671	1.80008536975024	1.28386188860417	1.82327163964397	1.6532208660713	NA	0.925520206666741	NA	NA	2.07651583861071	NA	1.15979218943396	1.25877595976262	1.60718999754547	1.40133810946982	2.5346793281355	NA	1.25487660172469	NA	NA	NA	NA	NA	1.26907356572402	NA	0.672574823983424	1.4826489603569	1.32040000626903	NA	NA	NA	2.84711377055376	2.21877125798892
NA	NA	NA	NA	NA	NA	NA	NA	NA	NA	NA	NA	NA	NA	NA	NA	NA	NA	NA	NA	NA	NA	NA	NA	NA	NA	NA	NA	NA	NA	NA	NA	NA	NA	NA	NA	NA	NA	NA	NA
1.28076629073831	NA	1.57595044014941	1.24835650145119	1.30273044733028	1.05823901602958	1.15190577021732	1.22683622314296	1.40612311662576	1.0399556797446	1.22657580048799	0.788756666114618	1.09295352702842	0.899186958200174	0.782743866418423	0.964079960859002	0.586486895394977	0.653028481654417	0.660893918025789	0.636760449175359	0.635553834059493	0.438116274040081	0.656089269773525	0.54917208889036	0.568996167721981	0.814456138360186	0.73662131316921	0.330261001454004	0.657855656773252	0.753289961886132	NA	0.847918320346453	NA	0.272947006631047	NA	0.664321454506024	NA	0.474831618969037	0.3033011884181	NA
NA	NA	NA	NA	NA	NA	NA	NA	NA	NA	NA	NA	NA	NA	NA	NA	NA	NA	NA	NA	NA	NA	NA	NA	NA	NA	NA	NA	NA	NA	NA	NA	NA	NA	NA	NA	NA	NA	NA	NA
1.38128426029461	1.41295327117938	1.63861714727413	NA	1.23942153097654	1.2659457156548	1.27519952872974	1.04395099917389	0.946744182833514	0.938056406840698	1.12678740250557	1.57659509986581	NA	1.72451538311981	1.26996998148071	1.99672901450845	1.38717696705074	0.925703856685064	1.13739836111267	0.944513408881634	1.06118614839163	1.57524257079824	1.13282764609807	1.25648984602065	1.3408811104053	0.672545897748259	1.16127771322262	1.53289522175671	1.58855266224043	1.13138331138311	1.20162061646392	1.43069545569233	1.54776771309965	1.47013677844134	1.2727974264011	1.66196998428018	NA	1.78385532085237	2.01551513632447	1.76366592331321
1.28539317535976	1.12932156145293	0.969522634956032	1.09580517302983	0.467229622471935	0.482943023983805	0.674058465691694	0.393238024589729	0.505112292876584	0.435536128930127	NA	0.740124836465462	1.0514560731279	0.444033051695974	0.553951258780787	NA	0.522826210230873	0.405801089812821	NA	NA	0.291381151777161	0.446590868018967	0.622349982310217	NA	0.705623531542334	0.493391075792885	0.305878612868835	0.640184664016439	0.633133833926528	0.596046218350453	0.36900393337775	0.282549565416701	0.412231198960323	0.596147395870645	NA	NA	NA	0.436325303824317	NA	0.540070488937918
NA	NA	0.260048305433852	NA	0.754384326438014	0.904340944616106	0.937745550793178	NA	0.942824163562994	0.900112889419195	NA	1.5137823350062	NA	NA	1.20653703337692	1.32255679745284	NA	0.869450388860763	NA	0.595878251477715	0.24111146074533	NA	0.519487504536806	0.507011543048423	0.518847956116905	0.65462802459484	NA	0.459961330785426	NA	NA	NA	1.24359226532109	NA	0.69738612951336	1.25951986167565	0.775846580534334	NA	NA	1.1860601761732	1.33960635238014
NA	0.539412222163167	NA	NA	0.60601370261995	NA	0.369342041097773	0.424988131869552	NA	NA	1.26572350582967	NA	1.17210797176751	NA	1.05682305754673	NA	0.558681421686151	0.712542410737582	1.09956532479926	NA	NA	0.462742428726684	0.202057450737671	0.340202658298626	NA	1.49903742288432	1.50950277152525	0.458056269273259	NA	1.11182319368861	NA	0.342197407411711	NA	0.278268798217731	0.480797546019419	0.538018599775453	NA	NA	0.82053557911732	NA
2.0221390921339	1.79297782808709	2.14218085617409	2.5238822638155	NA	2.03741405630969	2.19451153894946	2.76170120441994	2.433494776213	2.40357626979805	NA	2.53846326113346	NA	2.44010000637279	2.30860887169479	2.53085539684206	2.77811739381449	1.79301059607954	2.27939726282997	2.66936462286655	1.92098457142363	2.04506321121435	1.52118056214768	1.56858455340475	1.37457004402467	1.59384860223793	1.36158678959732	0.721701518253613	0.835925072070167	NA	NA	0.333668974564577	0.557215803857636	0.343584852213528	NA	NA	NA	0.331662160294218	0.753532461148718	0.342656212574834
1.09726139841095	NA	1.28906808336163	NA	NA	0.559383147271803	0.528089394152053	NA	0.543190903296378	0.650524008564575	NA	NA	1.51866655270598	1.32183489474764	1.17616118520027	1.06006679855639	0.867598135795376	1.11772578506114	1.32175167294481	0.985697675261681	1.26180968691759	1.19987618213891	0.88486188397833	1.09369134154866	1.218028680991	0.861638194045851	0.491388821343726	0.519703036939325	0.793896370283277	0.942777378755661	1.89504135551954	1.14530955069306	0.726071635052327	NA	NA	NA	NA	0.911959264076745	1.23866026014481	0.954492448034427
NA	1.92123272591669	NA	NA	1.85138251639825	NA	NA	NA	1.41744009097165	1.37190239530035	NA	1.25620108855221	0.622681080752714	0.850299559990891	NA	1.03094998305219	NA	0.915055468647211	0.997171260386092	NA	1.68508911788555	NA	2.08257832083482	NA	NA	NA	1.5076054118396	2.05041559126948	NA	NA	NA	0.757606565733782	1.01918543915978	NA	1.59311076641836	NA	NA	1.44271318672947	1.06266946293163	1.51350350947677
NA	NA	NA	NA	NA	NA	NA	NA	NA	NA	NA	NA	NA	NA	NA	NA	NA	NA	NA	NA	NA	NA	NA	NA	NA	NA	NA	NA	NA	NA	NA	NA	NA	NA	NA	NA	NA	NA	NA	NA
0.588700331367341	2.08369912611104	0.682488928727762	NA	0.652341541001283	0.800654185027651	0.224086265727872	0.580892054138372	0.552821940219378	0.513347171715898	0.30310466940174	0.309733858709439	0.468835996296886	0.637703033470181	0.919405116358134	0.654534199345788	NA	0.907511895389179	0.560878934422731	0.192246502207254	0.222974287715845	1.2895038598008	0.806364227051289	1.17483781373775	1.03869501854175	0.753950755078583	1.35624907942993	1.30496070094772	NA	NA	1.55749370219178	NA	0.433721846878047	NA	1.42077063021313	0.992539500527949	NA	0.384821613777992	NA	0.545698297874243
NA	NA	NA	NA	NA	NA	NA	NA	NA	NA	NA	NA	NA	NA	NA	NA	NA	NA	NA	NA	NA	NA	NA	NA	NA	NA	NA	NA	NA	NA	NA	NA	NA	NA	NA	NA	NA	NA	NA	NA
1.94597386292637	NA	NA	1.19980471314047	NA	NA	1.07569910045322	1.58076404441848	NA	0.214452623151734	2.09321240670497	0.627670090171905	0.49572478152997	0.493939877005113	1.71239094779805	0.279725735059196	1.48023812468714	1.84483465381145	NA	0.259508442954186	1.9740887507377	2.17203361240858	2.41320304166461	NA	NA	NA	NA	2.31921508185486	2.45889889962877	NA	0.710833577177367	NA	1.70294780355743	NA	0.486758729302676	NA	NA	0.73275697964126	0.933834732045837	1.2742669324989
NA	NA	NA	NA	NA	1.22543835986352	2.61909667408806	1.52505523268795	1.23140089272716	1.31868585070124	1.13524703670414	NA	1.23653725159361	0.900059488008245	0.988421935247731	0.773444805507639	1.55087728869863	1.28389387147525	1.44457999059522	1.25038673728119	0.652015072806513	0.712734220070429	1.11205649601829	0.933249848290149	0.937963488756604	0.758592576758837	1.07611457763881	NA	0.657248336055806	0.715593247213155	0.550159603060134	0.512100344952255	0.723144233839643	0.794972199703354	0.83396629643405	0.37774206205995	NA	0.468079232570825	NA	NA
NA	NA	NA	NA	NA	2.92567917285742	2.3663070205347	2.21650708279825	NA	NA	NA	0.832224699486298	1.02143112498298	0.790621018969771	NA	NA	1.04496658567997	1.05506244794103	0.746049286511726	1.26789268861038	1.94998514926309	1.51006347483645	2.82904825714047	0.955483500927705	2.86192864826051	3.00243561457367	0.208088461584356	NA	2.09039181090793	0.299435987767401	1.26837192840883	2.8278223835631	1.15565384082011	2.58045910895605	NA	1.03932648205413	NA	2.93342598154985	0.227678910324103	NA
NA	NA	0.803369498300625	0.905706693865679	1.06528283430829	0.618292693207881	NA	0.938310782192468	NA	NA	NA	NA	NA	1.04786710396613	NA	NA	0.97360332641434	0.783538297303095	NA	NA	NA	0.915829358267918	0.78065228003082	NA	NA	NA	NA	0.614227820920763	0.488747270177932	0.869727895991374	0.419447365046264	0.394837789921591	0.24722180728186	0.513300948720242	0.348287830676938	0.706282188013388	NA	0.384463323209899	0.920623930160137	0.891778983658793
NA	NA	NA	NA	NA	NA	NA	NA	NA	NA	NA	NA	NA	NA	NA	NA	NA	NA	NA	NA	NA	NA	NA	NA	NA	NA	NA	NA	NA	NA	NA	NA	NA	NA	NA	NA	NA	NA	NA	NA
1.9708756219518	0.641738561682723	1.74997516756451	NA	1.80880478191475	1.37007190981064	1.45383677689176	1.56866295501226	1.31915132743681	1.37415852027778	NA	NA	0.783422522244361	1.16107423999986	NA	2.15618127342863	1.21993998025242	1.27474538409861	1.09211330839146	NA	2.00688241939923	1.7456814142373	1.98400099208219	1.9504855714905	2.19864273208067	2.08728433276303	0.37918134791863	2.61694297461731	2.34844617357955	NA	0.568459706411453	NA	NA	NA	NA	NA	NA	NA	NA	NA
NA	NA	1.23602859301057	1.39832258172978	1.53705119690193	1.2538134822962	1.19144138351834	1.89659636965206	2.20746134545066	1.80471699801135	NA	1.97151536055934	NA	NA	1.46125297141796	NA	1.17077989877605	1.3739665638352	NA	1.11722199996401	1.88248804144244	1.49268426440465	1.64540170937851	NA	1.86918112560959	NA	2.20419472674394	NA	2.21229006270195	2.18682559912221	1.66669384995136	1.8549621086106	NA	2.36503248292898	1.9343689689295	2.338828553405	NA	2.32689411398084	NA	0.775290921652601
NA	NA	NA	NA	NA	NA	NA	NA	NA	NA	NA	NA	NA	NA	NA	NA	NA	NA	NA	NA	NA	NA	NA	NA	NA	NA	NA	NA	NA	NA	NA	NA	NA	NA	NA	NA	NA	NA	NA	NA
NA	0.520462566029223	1.09389954286297	1.05316219228677	1.02823782404139	1.65373376138596	1.82229307282305	1.84496254368373	0.937590912016723	0.940406600174764	0.971919512846381	1.04944634488436	1.24702446136387	0.757342441121854	1.05016741245978	NA	0.933101094373494	0.597099836386586	1.90198498162649	1.60880590304271	1.28018519976587	1.97736478564571	1.87196883152061	1.21617627227915	0.403077667248856	NA	0.316014782728216	1.91497557476631	2.38038477743982	1.81832153622677	2.99022887328933	NA	2.51274156524335	NA	2.48889301444016	NA	NA	NA	2.10469246222463	2.35475402773565
NA	1.08827499946241	NA	1.89582696744953	NA	NA	1.36939360533995	1.42719722867847	1.30159352417935	0.598776546836154	NA	0.786539962234404	NA	1.00599902132886	0.988804087327317	1.06989084042428	1.09686974559318	NA	1.01887875533026	1.24655964943593	NA	NA	NA	NA	NA	1.72043519411053	NA	NA	NA	NA	1.07071904388362	NA	0.713356932453592	NA	NA	NA	NA	NA	NA	NA
1.16322807990409	1.003680608212	NA	0.882313049894235	NA	NA	NA	0.862759263672381	0.491988621514471	1.03798508706615	0.683995461082414	0.750577008131687	NA	1.0059249572375	0.907933768911071	NA	NA	0.641332190145	0.716532185578316	0.740638562238041	0.592909827257143	NA	0.436592659882929	0.489831358717415	0.426841726147873	0.212669020875352	0.301844374097101	0.287312694644204	0.292924444035356	NA	NA	NA	NA	0.341523249250054	0.303021710450896	NA	NA	NA	0.411433032363937	0.274184414158893
NA	NA	NA	NA	NA	NA	NA	NA	NA	NA	NA	NA	NA	NA	NA	NA	NA	NA	NA	NA	NA	NA	NA	NA	NA	NA	NA	NA	NA	NA	NA	NA	NA	NA	NA	NA	NA	NA	NA	NA
0.976651861932455	1.27375902203856	1.50793232204924	0.515453373986755	0.504044907279697	0.480010797751484	0.234124419213228	0.513030954813429	NA	0.314542497951281	NA	0.543424429265475	0.664728350239299	0.267496260656043	0.477722089772996	NA	0.19253879295845	0.339854914869127	0.785390529674487	0.314668522793669	0.267383940708433	0.308120187478761	1.34262659798939	0.76080295949803	0.275637254827454	NA	NA	0.957146024994606	NA	1.11763629791139	0.467749297193225	0.441797716989024	0.380615377305608	0.300071578492833	0.153922326859898	0.456492035730664	NA	NA	0.137908333312675	0.317802906301382
NA	NA	NA	NA	NA	NA	NA	NA	NA	NA	NA	NA	NA	NA	NA	NA	NA	NA	NA	NA	NA	NA	NA	NA	NA	NA	NA	NA	NA	NA	NA	NA	NA	NA	NA	NA	NA	NA	NA	NA
NA	NA	NA	NA	NA	NA	NA	NA	NA	NA	NA	NA	NA	NA	NA	NA	NA	NA	NA	NA	NA	NA	NA	NA	NA	NA	NA	NA	NA	NA	NA	NA	NA	NA	NA	NA	NA	NA	NA	NA
0.949471057835668	1.72486835421899	2.04659035024736	NA	NA	0.758781549726999	NA	0.574866493690885	NA	NA	NA	NA	1.91762466276897	NA	NA	NA	0.292270416104523	NA	1.53160492451955	0.497746545096714	0.418402393283191	NA	NA	0.994367595754004	0.422510760566673	NA	1.92173428636094	1.09400942680726	1.73924447847241	NA	0.386092397339119	0.559660908087102	NA	0.31147150822138	0.601481061964103	0.629087153988612	NA	0.934726514865763	NA	NA
0.612311221288941	NA	2.08392908085971	NA	1.21577173883867	1.27136152246764	NA	NA	NA	1.30307603280664	2.2588836927989	2.05158269708392	1.51639318895554	NA	1.24323637398557	1.63849562861375	NA	1.9529449145974	1.29082391961852	2.16518225124907	1.35644931354677	0.712620256737726	1.93402025818281	1.06844016630699	NA	1.82440702302562	1.97992183532864	1.08453166149683	0.895229484619574	2.06644470521182	0.690549664856358	1.07034631701434	0.246123212057847	0.429041820432523	NA	0.284876962188011	NA	NA	NA	NA
NA	NA	0.916127928802001	0.416412021486773	0.450540746837574	1.77751530014784	0.729425479983918	NA	1.4783878574782	0.842700026180663	NA	1.10136957301782	0.87827140454098	1.59178654339641	1.37249710347026	NA	0.639577316034553	1.4379434077045	NA	NA	NA	1.16903729027642	1.003264286198	1.06854018639823	NA	NA	1.9967719842996	NA	NA	0.773296494910598	NA	0.606460425710441	0.226340185265401	0.374143555336063	0.455718915459666	NA	NA	0.644222492651231	0.433676508777976	NA
NA	2.0571645412884	2.27395041798234	NA	NA	NA	NA	NA	1.30514362446269	NA	1.11551596974277	1.04961515543937	1.30887273964544	NA	NA	1.54533894643492	NA	NA	1.11452093589037	0.975301085443903	0.626103264712676	0.718094828215	0.510908446014186	NA	NA	NA	NA	NA	NA	0.181500662226798	0.640778427476952	NA	NA	0.62684862828178	0.687151989445169	0.472731684898379	NA	NA	0.594275850768612	0.769550870951097
NA	2.00366684390328	NA	NA	2.15950989183733	2.16871909600242	NA	2.31118515760159	2.13234941524828	NA	NA	1.88182360305492	NA	NA	1.69331576541126	1.79580112396376	NA	1.9341838260041	NA	2.07477571339696	2.00643904556312	1.73655850632026	0.387848894531373	1.38417073412458	1.55114737295392	1.34633128374774	1.41183834211924	0.879400446247436	0.817772921190079	1.5895908677898	1.19843399954742	NA	0.422787095508914	0.375595480317783	0.615004142085986	0.543518642042353	NA	0.763225000806714	0.863588198922673	0.679293098753419
NA	0.972240408469605	1.16957823843605	1.26808730171568	0.963832257834484	1.27403386041815	1.41647805121855	1.43852159254616	1.23504742427023	NA	1.34303347676782	1.3628558993057	NA	1.82480065426774	1.09134031543888	NA	1.61153488823102	1.18030580403794	NA	1.95571942884138	0.976660654084621	NA	1.88196747608527	0.922430363639253	NA	0.767648679456498	1.10287505019653	0.820997005845574	1.73930691230059	NA	NA	1.66236537671326	1.11133932771827	NA	0.875305620405003	NA	NA	1.40607133108	0.363506218892307	0.602338805639793
1.06301076723299	1.42889859894248	1.69967638436196	1.8756890494941	NA	NA	NA	1.69066707409291	NA	NA	1.9154126841553	1.54741351952097	1.83792822801185	NA	1.39342253446554	1.30422168354978	1.27108599259289	1.32642981459114	NA	0.891347173837521	0.79354996245811	0.722773709850732	0.494188566711756	1.14290739487975	1.05702546356559	1.27268447237713	1.05193382493944	0.994180752099884	1.0055052403381	0.745187270237736	NA	1.77751019606728	NA	0.602200141446331	NA	0.589206162260188	NA	0.846220194405012	NA	NA
NA	NA	NA	NA	NA	NA	NA	NA	NA	NA	NA	NA	NA	NA	NA	NA	NA	NA	NA	NA	NA	NA	NA	NA	NA	NA	NA	NA	NA	NA	NA	NA	NA	NA	NA	NA	NA	NA	NA	NA
NA	NA	NA	NA	NA	NA	NA	NA	NA	NA	NA	NA	NA	NA	NA	NA	NA	NA	NA	NA	NA	NA	NA	NA	NA	NA	NA	NA	NA	NA	NA	NA	NA	NA	NA	NA	NA	NA	NA	NA
NA	NA	NA	NA	NA	NA	NA	NA	NA	NA	NA	NA	NA	NA	NA	NA	NA	NA	NA	NA	NA	NA	NA	NA	NA	NA	NA	NA	NA	NA	NA	NA	NA	NA	NA	NA	NA	NA	NA	NA
NA	NA	NA	NA	NA	NA	NA	NA	NA	NA	NA	NA	NA	NA	NA	NA	NA	NA	NA	NA	NA	NA	NA	NA	NA	NA	NA	NA	NA	NA	NA	NA	NA	NA	NA	NA	NA	NA	NA	NA
NA	NA	NA	NA	NA	1.28965968802037	NA	0.91144026172073	1.19325352343654	NA	0.808584127552447	NA	2.48374208583343	NA	1.28767244555956	NA	1.31218685409661	1.27933533177426	NA	1.10988882862179	1.22394730875532	1.13719133730656	1.05999817900386	0.989464608541607	0.876255175509465	0.851092227992147	0.683211310050552	0.507481657799185	1.18759320062952	1.1969778221	0.884855380530326	0.468755310361625	0.390244100292741	1.2777130214938	0.36512890257946	0.254674218041279	NA	NA	1.02788347104474	NA
NA	1.86079940693256	NA	NA	NA	1.16310089161852	NA	1.15505901285592	NA	NA	1.16884867050454	0.846782246357025	NA	NA	NA	0.864250258772264	0.749409485413252	0.547297524071119	1.52713309486236	NA	NA	NA	NA	0.937691841173394	NA	NA	NA	NA	NA	NA	0.847076577882098	NA	NA	NA	NA	NA	NA	0.753308457845015	NA	0.713286416985716
NA	NA	NA	NA	NA	NA	NA	NA	NA	NA	NA	NA	NA	NA	NA	NA	NA	NA	NA	NA	NA	NA	NA	NA	NA	NA	NA	NA	NA	NA	NA	NA	NA	NA	NA	NA	NA	NA	NA	NA
1.71425071807188	1.50371801119654	1.19583611575021	NA	0.257844630815294	0.45570965721834	0.576593271387794	NA	0.705703781301627	1.0205928050955	1.13430453035594	0.913382394938782	NA	1.04119586878373	1.30893619547227	NA	0.732527150155554	NA	NA	0.472232628039396	NA	0.60629577853807	0.290790729537439	0.546718817955588	0.29150758649738	0.551599973143171	0.966375653274766	NA	0.570934577220679	NA	0.525984974658797	NA	NA	0.731222414416346	NA	0.357153716445107	NA	NA	0.365232877048816	NA
1.38612297462087	NA	NA	NA	NA	1.2487023207379	NA	0.870855053959289	0.597102752983767	0.452541291666544	NA	NA	0.224154536403762	1.4763562585616	0.693613796830444	NA	0.778584910819081	0.186488307259616	0.596308307894946	0.267944708895289	NA	NA	NA	0.242840445190629	0.695233330811463	0.721536881766716	0.463061003396767	1.29524741690294	NA	NA	1.45733741213345	NA	1.10829069405234	0.744820807180907	0.168656503818345	0.90031656798759	NA	NA	NA	NA
NA	NA	0.263086593931217	NA	0.30154512622967	NA	NA	0.0977151974877811	0.783713500321385	NA	0.559163062233557	0.495889444670664	NA	NA	NA	NA	NA	NA	0.904116963705811	NA	NA	NA	NA	0.188490968860635	NA	NA	NA	0.791648188746327	NA	NA	NA	NA	0.326819846522206	NA	NA	NA	NA	NA	0.239344616175414	0.442362377987659
2.32529188185859	0.888593946095798	1.69946233914932	1.02728860706192	1.10950933450993	NA	1.00107077967986	1.06095330119181	1.11738370699894	1.6120150002094	NA	1.59767927366905	NA	1.50340969105134	1.56796883662496	NA	1.51464778197822	NA	NA	0.928415411606053	1.49682664437239	1.28732397524815	NA	0.149621888596623	0.995753787120758	NA	1.04762417904781	NA	1.61618750549661	1.55147955034826	1.40660690506452	0.897732454863261	0.920820301533948	1.38541637387823	1.47929016290826	1.30520099991182	NA	0.469739501624739	0.513678625779459	1.181102294764
NA	NA	NA	NA	NA	NA	NA	NA	NA	NA	NA	NA	NA	NA	NA	NA	NA	NA	NA	NA	NA	NA	NA	NA	NA	NA	NA	NA	NA	NA	NA	NA	NA	NA	NA	NA	NA	NA	NA	NA
NA	NA	NA	NA	NA	NA	NA	NA	NA	NA	NA	NA	NA	NA	NA	NA	NA	NA	NA	NA	NA	NA	NA	NA	NA	NA	NA	NA	NA	NA	NA	NA	NA	NA	NA	NA	NA	NA	NA	NA
NA	NA	NA	NA	NA	NA	NA	NA	NA	NA	NA	NA	NA	NA	NA	NA	NA	NA	NA	NA	NA	NA	NA	NA	NA	NA	NA	NA	NA	NA	NA	NA	NA	NA	NA	NA	NA	NA	NA	NA
NA	NA	NA	NA	NA	NA	NA	NA	NA	NA	NA	NA	NA	NA	NA	NA	NA	NA	NA	NA	NA	NA	NA	NA	NA	NA	NA	NA	NA	NA	NA	NA	NA	NA	NA	NA	NA	NA	NA	NA
NA	1.90159764911027	1.67499580086367	NA	1.36961791265757	NA	NA	1.30479471323498	1.0877458536417	1.38782452168934	1.45009084568495	1.38028895435462	1.39067546770379	1.40270192552245	1.74129515008307	1.00835764377023	0.604262456839913	NA	1.05602868660884	0.561464824005282	1.21872349425348	1.16933411580326	0.892802277903952	0.82037341195467	0.894557730271558	0.638745687033948	0.672347142242815	NA	0.55685066639702	NA	0.677382388248376	0.645043712249607	NA	NA	NA	0.598351758708766	NA	0.488872535677427	1.01303351165878	NA
NA	NA	NA	NA	NA	NA	NA	NA	NA	NA	NA	NA	NA	NA	NA	NA	NA	NA	NA	NA	NA	NA	NA	NA	NA	NA	NA	NA	NA	NA	NA	NA	NA	NA	NA	NA	NA	NA	NA	NA
NA	NA	NA	NA	NA	NA	NA	NA	NA	NA	NA	NA	NA	NA	NA	NA	NA	NA	NA	NA	NA	NA	NA	NA	NA	NA	NA	NA	NA	NA	NA	NA	NA	NA	NA	NA	NA	NA	NA	NA
1.83799219283451	2.10446294884177	2.25751329163298	NA	2.07437249064275	1.81689675714978	NA	1.79168446126995	NA	1.39932379287286	1.2183419540802	1.98643029321564	NA	NA	1.67879800703462	NA	1.99047109228077	1.81842574817421	NA	1.94875887062693	NA	NA	2.03695651193897	1.07856720710783	0.723550625147973	2.01471460457863	0.786519691785256	0.744677000854928	0.918166178473531	0.555408898114954	NA	NA	NA	0.257708968500083	0.757515187664871	NA	NA	NA	NA	0.344050905737586
NA	NA	NA	NA	NA	NA	NA	NA	NA	NA	NA	NA	NA	NA	NA	NA	NA	NA	NA	NA	NA	NA	NA	NA	NA	NA	NA	NA	NA	NA	NA	NA	NA	NA	NA	NA	NA	NA	NA	NA
NA	NA	NA	NA	NA	NA	NA	NA	NA	NA	NA	NA	NA	NA	NA	NA	NA	NA	NA	NA	NA	NA	NA	NA	NA	NA	NA	NA	NA	NA	NA	NA	NA	NA	NA	NA	NA	NA	NA	NA
NA	NA	NA	NA	NA	NA	NA	NA	NA	NA	NA	NA	NA	NA	NA	NA	NA	NA	NA	NA	NA	NA	NA	NA	NA	NA	NA	NA	NA	NA	NA	NA	NA	NA	NA	NA	NA	NA	NA	NA
NA	0.843737726883234	0.725839794763698	NA	NA	NA	NA	1.18685772469891	0.97876561698969	NA	NA	NA	NA	NA	NA	1.99250871370916	NA	NA	0.978089690378193	NA	0.858648764270355	NA	NA	1.01376333502502	NA	1.08104369856223	0.91914638967463	NA	1.06786670802338	NA	0.771566455421431	1.02172096425243	NA	NA	0.784303601413306	NA	NA	NA	0.442868600174843	NA
NA	NA	NA	NA	NA	NA	NA	NA	NA	NA	NA	NA	NA	NA	NA	NA	NA	NA	NA	NA	NA	NA	NA	NA	NA	NA	NA	NA	NA	NA	NA	NA	NA	NA	NA	NA	NA	NA	NA	NA
NA	NA	NA	NA	NA	NA	NA	NA	NA	NA	NA	NA	NA	NA	NA	NA	NA	NA	NA	NA	NA	NA	NA	NA	NA	NA	NA	NA	NA	NA	NA	NA	NA	NA	NA	NA	NA	NA	NA	NA
0.0897266709154193	NA	0.393005083048196	0.485109432820204	1.11303741213182	0.91354125793577	0.575694453210106	0.584116491120831	0.387950345074679	0.275748330711568	0.573627815811274	0.778346838960816	1.32459833146511	1.52684988463965	0.883352981674791	NA	1.16704151302152	0.838890162790515	0.488115707385752	0.455357683033444	NA	0.29410631576293	0.246505297992374	0.22960440673206	0.401545012000861	NA	NA	0.458904537838182	0.82685794486777	0.644139023063377	1.12395076538418	0.494768758696237	0.418877583927081	0.376814766955444	NA	0.301597820693895	NA	0.308354676115766	0.17702593158383	0.413367995387776
NA	0.964017396962301	NA	NA	0.600243040036521	1.03068086783522	NA	NA	NA	NA	NA	NA	NA	NA	1.31609164455439	NA	NA	1.09897830611022	NA	NA	NA	NA	0.810243088642655	0.657476057650234	0.510851067677306	NA	NA	0.295244979429555	0.517869521683058	0.221730846872081	NA	NA	NA	0.344908862031469	NA	NA	NA	1.81090522894351	0.54406485487893	NA
NA	NA	NA	NA	NA	NA	NA	NA	NA	NA	NA	NA	NA	NA	NA	NA	NA	NA	NA	NA	NA	NA	NA	NA	NA	NA	NA	NA	NA	NA	NA	NA	NA	NA	NA	NA	NA	NA	NA	NA
NA	NA	NA	NA	2.5132593225924	1.92748265533011	NA	1.81144102708946	NA	NA	NA	NA	NA	NA	NA	NA	NA	2.00613869467955	NA	2.17975433922122	NA	1.77396338523141	1.9256487568565	NA	NA	NA	NA	NA	0.625570645954011	0.859953120777925	NA	NA	NA	0.854951336367931	NA	NA	NA	NA	NA	NA
NA	NA	NA	NA	NA	NA	NA	NA	NA	NA	NA	NA	NA	NA	NA	NA	NA	NA	NA	NA	NA	NA	NA	NA	NA	NA	NA	NA	NA	NA	NA	NA	NA	NA	NA	NA	NA	NA	NA	NA
NA	NA	NA	NA	2.18806268344779	1.53821292985388	NA	1.58746552338349	2.09367446058196	NA	NA	0.943030430528654	1.90405884665962	NA	NA	2.01321453271189	1.1479425098058	1.8871489526496	NA	1.95004054289128	2.12711590319175	1.51385965678457	NA	NA	1.32924970406684	NA	NA	2.36382527239147	0.864609174821219	1.57020468104393	NA	NA	NA	0.811092606845083	NA	NA	NA	NA	NA	NA
0.751220603488286	NA	1.30395445516907	1.07660929987623	NA	NA	NA	1.10051430209583	1.77079552450383	0.761127947778194	1.1340890819328	NA	0.833481137162622	1.25177312905548	1.65775843513792	0.728746393628229	0.700752120647699	0.717601665689904	NA	0.563107568822809	0.686124386971293	1.36164947638674	0.402626430561154	0.949260116067273	1.24745773072853	1.14876939609124	1.98585125157217	0.223501586076651	0.6049510290534	0.735298477519409	1.45937017575486	0.499261338032578	0.693038114336758	0.758865645933037	NA	0.550260012188755	NA	0.779558444855733	1.14143307218746	0.987810058585052
NA	1.50630925851994	1.70582728201895	NA	NA	2.15893686273985	2.07367342974041	NA	2.04129765044209	NA	NA	NA	NA	NA	NA	NA	NA	NA	1.02899409894765	2.12509195407593	NA	0.767443097833587	0.831621537231484	1.25936452200877	1.14454433219488	1.46758228795919	0.782888480206205	1.36980376689598	0.996716750363628	1.14499644045223	0.76490695841587	0.549362157027781	0.570476146198101	0.416635464298259	NA	1.64275196383087	NA	NA	0.286003965441785	0.309145807751792
2.45087323174639	0.943691305609854	NA	1.48540830209099	NA	NA	1.15494860866297	2.10368340111332	NA	1.34856568530977	NA	1.06021754168801	2.90018010443133	NA	1.14856431291572	1.2857427879357	1.48569917369056	1.61314967074219	2.44347152242332	1.22496171517518	1.35573673599913	1.19839595176824	2.59401380784077	1.11000368598211	NA	1.30766050826217	1.12156155623967	1.18793879833591	1.37123251521865	1.06209165575329	0.522452519054724	NA	0.642761721764392	0.585872719605182	0.593192302637542	0.717373459121219	NA	NA	0.499332979523267	0.43965338452383
0.981048662344235	0.775003225270058	NA	0.9930781014639	0.888489885930702	NA	0.914604527208417	0.594344590337207	NA	NA	NA	NA	NA	NA	0.857727731227015	0.826221855960472	NA	1.93178325709769	0.542886149914431	NA	0.674775214582307	NA	0.672695914542953	0.940213867168529	2.51662072435012	NA	NA	NA	0.50145454618525	NA	NA	1.29783528187949	NA	NA	0.171242016155662	0.478905881377491	NA	1.14466043976016	NA	NA
NA	NA	NA	2.52560097255853	NA	NA	2.48397762554477	2.65202177268605	NA	NA	NA	NA	NA	NA	NA	NA	2.4629909868614	NA	NA	NA	NA	NA	NA	1.68344139110722	NA	NA	NA	NA	NA	2.61884143904028	NA	NA	0.925892271664471	1.13111513053125	0.444367838037476	1.36073094076407	NA	NA	2.44491725159612	NA
NA	NA	NA	NA	NA	NA	NA	NA	NA	NA	NA	NA	NA	NA	NA	NA	NA	NA	NA	NA	NA	NA	NA	NA	NA	NA	NA	NA	NA	NA	NA	NA	NA	NA	NA	NA	NA	NA	NA	NA
NA	NA	NA	NA	NA	NA	NA	NA	0.562532383293838	0.336255627706421	NA	NA	0.163217770132166	1.87076213543727	0.197790717029921	NA	0.464888883674744	NA	NA	NA	NA	NA	NA	0.868119533396513	NA	NA	NA	1.41476423183345	NA	NA	NA	NA	NA	NA	0.898381180835943	NA	NA	NA	NA	NA
1.19594579870475	NA	NA	NA	0.904239266120955	0.622305122469628	0.622213224793929	NA	NA	NA	0.754369244607228	NA	0.76545857313383	1.29619033976809	1.26791983251512	1.13376337018633	NA	0.746364288933397	NA	NA	0.627272508173201	0.653644835516868	NA	NA	NA	NA	NA	NA	NA	0.887099935763135	NA	NA	NA	NA	NA	NA	NA	0.585358046698968	0.479075226525101	NA
NA	1.5663922696227	NA	1.97843550188018	1.92244626323952	1.21457485724233	1.34864949143949	2.40297033014129	1.56148242784501	2.69603631403748	NA	NA	1.29994643717944	1.89562537028477	1.57347642229139	NA	1.34347750049874	NA	1.38445289520978	1.88789632880686	1.85478419510309	1.49092455357249	2.12414669247647	1.4118731938364	1.25841259359633	1.41711704899729	NA	0.807457784355783	2.41632479521971	0.715882976605089	NA	NA	2.0630241846716	2.27382481703492	NA	0.834198856788204	NA	1.49700368433599	0.634990157472888	0.631652063141069
NA	NA	NA	NA	NA	NA	NA	NA	NA	NA	NA	NA	NA	1.27912745507895	0.666065246351794	NA	NA	0.869906714504281	1.36606629020587	NA	0.751616866208824	1.01175103349594	NA	NA	0.276391428753519	1.14604179964705	1.4412444054694	NA	1.2655007311625	1.33279048662286	0.580672646773498	NA	NA	NA	NA	1.43351592200346	NA	NA	NA	NA
NA	NA	NA	NA	NA	NA	NA	NA	NA	NA	NA	NA	NA	NA	NA	NA	NA	NA	NA	NA	NA	NA	NA	NA	NA	NA	NA	NA	NA	NA	NA	NA	NA	NA	NA	NA	NA	NA	NA	NA
NA	NA	NA	NA	NA	1.13380271227257	NA	1.46174122947416	1.53602510857899	NA	NA	1.70221342715395	NA	NA	NA	1.51959500960621	NA	1.32300082593119	NA	NA	0.843459990388918	1.81140156292235	NA	2.09354342269679	NA	NA	NA	NA	NA	NA	NA	NA	NA	NA	NA	NA	NA	NA	NA	NA
NA	NA	NA	NA	NA	NA	NA	0.430178923157613	0.525803213113628	1.05044947118557	0.367044480352758	0.464580494945896	0.408674710892402	0.442551534651666	0.667473670792931	0.396760151963103	0.447258598794224	0.493371398830112	0.123563614860503	0.680769183539002	0.525199192660246	0.161866637328836	0.270477553261238	0.733713079913544	0.389252807859091	0.199944085837808	0.0857034131388467	0.499521100822935	0.243544319550809	0.684101377260397	0.453944651560795	0.545228009453212	0.624883451685169	0.557910713229144	0.712256379691154	0.127530175880486	NA	0.878457591255232	0.56384269051823	0.306261465634895
1.59366718418278	NA	1.70689991421924	1.18371828597452	NA	NA	NA	NA	NA	NA	NA	NA	NA	NA	NA	NA	NA	NA	NA	NA	NA	NA	NA	NA	NA	NA	NA	NA	NA	NA	0.693073081948435	0.663722272435386	0.44439072794664	NA	NA	NA	NA	0.0744554354712466	NA	NA
NA	NA	NA	NA	NA	NA	NA	NA	NA	NA	NA	NA	NA	NA	NA	NA	NA	NA	NA	NA	NA	NA	NA	NA	NA	NA	NA	NA	NA	NA	NA	NA	NA	NA	NA	NA	NA	NA	NA	NA
NA	NA	NA	NA	NA	NA	NA	NA	NA	NA	NA	NA	NA	NA	NA	NA	NA	NA	NA	NA	NA	NA	NA	NA	NA	NA	NA	NA	NA	NA	NA	NA	NA	NA	NA	NA	NA	NA	NA	NA
NA	NA	NA	NA	NA	NA	NA	NA	NA	NA	NA	NA	NA	NA	NA	NA	NA	NA	NA	NA	NA	NA	NA	NA	NA	NA	NA	NA	NA	NA	NA	NA	NA	NA	NA	NA	NA	NA	NA	NA
NA	NA	NA	0.670916619504095	0.714981287209058	0.96103082207047	NA	0.641050479667127	0.95612861552335	1.48718030509128	1.22423341741082	NA	1.39397788154667	NA	NA	NA	0.607208012240714	0.673896950841334	NA	0.877059501276088	0.813315269133163	0.758621555267233	0.536332855002343	NA	1.02011625517325	NA	NA	0.488086864489077	0.291665574666054	1.43844398548293	0.172731790698777	1.09695328321574	0.343346839134271	1.52792358002477	0.368042952572218	0.424816785555332	NA	0.486308132780456	0.942488257310809	0.314502636513131
NA	NA	NA	NA	NA	0.975817328100224	NA	NA	0.842565110760876	1.47044907877446	0.54138280963287	2.95897669862277	0.562082800185007	0.733372065240571	NA	NA	NA	NA	NA	NA	1.48908411689292	NA	0.713957779402152	0.534310867405504	0.142260950488381	NA	0.634849871375888	NA	0.304958695653029	0.210345292263953	0.306110482093126	0.316530487915178	0.783294223227418	0.205450245942454	NA	0.651743326393618	NA	0.876757709016357	0.228926554697097	NA
NA	1.71425868647751	2.15412561118907	NA	NA	NA	1.78214029887385	1.5538321519223	NA	NA	1.56192196492929	NA	1.12581719302082	NA	1.43805696788307	NA	NA	1.08340437783928	NA	1.34297093220507	1.27287758265911	NA	0.336208683708761	0.777256273701691	NA	NA	1.42220605320924	1.30733384315232	NA	0.635048174493518	NA	NA	0.331925191488607	NA	NA	1.24752071700212	NA	1.24192527097996	1.14227874114992	1.24765355523449
1.1192180213782	0.925989980324724	NA	NA	0.704399534048591	0.856939998365333	1.12846931835345	1.01234491334745	1.07074745287715	0.948396714568807	1.12857272941398	1.09182759609657	1.60017090400633	1.24850546665836	NA	0.850989721407549	1.0266399149238	1.00761685157846	0.968140873713915	0.829178405256286	0.623144021083821	NA	1.01465953564627	NA	0.73567177412063	0.300557615957004	0.729802985795119	0.653475940188994	0.440079271455103	0.480406704725422	0.239038368674425	NA	0.781120051389981	NA	0.602020234392863	0.19581034678495	NA	NA	0.431848878131479	NA
NA	1.82420865813196	1.77360321944797	1.8054777195263	1.65961100852053	1.74680854293542	1.84023762479958	1.9255456808353	1.76238555323214	1.65954905019301	1.61792501962404	1.48069135587508	NA	NA	1.77498272493053	1.84977638113164	1.79051143864427	2.01403975219533	NA	1.36849855526319	1.08502939375952	NA	1.16540910151786	1.1252708267646	1.18600727043153	0.953302425409751	1.02073838666379	1.0739051381229	1.06867987603024	NA	NA	0.950406055470735	0.710502609186688	NA	0.406395670261813	NA	NA	0.286616018849296	NA	0.46623863115463
NA	NA	NA	NA	NA	NA	NA	NA	NA	NA	NA	NA	NA	NA	NA	NA	NA	NA	NA	NA	NA	NA	NA	NA	NA	NA	NA	NA	NA	NA	NA	NA	NA	NA	NA	NA	NA	NA	NA	NA
NA	NA	NA	NA	NA	NA	NA	NA	NA	NA	NA	NA	NA	NA	NA	NA	NA	NA	NA	NA	NA	NA	NA	NA	NA	NA	NA	NA	NA	NA	NA	NA	NA	NA	NA	NA	NA	NA	NA	NA
NA	NA	NA	NA	NA	NA	NA	NA	NA	NA	NA	NA	NA	NA	NA	NA	NA	NA	NA	NA	NA	NA	NA	NA	NA	NA	NA	NA	NA	NA	NA	NA	NA	NA	NA	NA	NA	NA	NA	NA
NA	3.08857414391547	0.739589233056891	NA	NA	0.367608442636455	0.597132732427308	0.534252157876254	0.536018771963003	2.71257650889958	2.98807509223027	2.99678894913074	0.961886530623686	0.794230407147233	0.541978114410454	NA	3.06640259773343	0.928820295270048	2.715309560345	0.490887221368035	NA	3.34665199610465	1.15042315989689	0.596374617357276	0.922034315418311	1.29987457233555	1.15110356834116	NA	2.8982569377744	0.52980091235771	1.76517651402563	0.473319390614005	2.22763453985522	3.32334768972077	0.291147213438489	1.37530214295024	NA	2.10459101140663	2.48440741873888	2.36611614396559
1.82512928896517	NA	1.92911280084216	NA	NA	1.30487270365758	0.924303098596602	NA	1.10710245443703	1.32801187870725	1.59749123398242	1.36085093306808	NA	NA	NA	NA	NA	1.09473714025315	NA	1.33727998019769	0.980809856920018	NA	NA	1.52733490290957	NA	NA	NA	1.4074718007351	NA	0.78489938974122	NA	NA	NA	NA	1.00125160030344	NA	NA	1.56870948166223	1.49627451614294	1.07890173777371
NA	NA	NA	NA	NA	NA	NA	NA	NA	NA	NA	NA	NA	NA	NA	NA	NA	NA	NA	NA	NA	NA	NA	NA	NA	NA	NA	NA	NA	NA	NA	NA	NA	NA	NA	NA	NA	NA	NA	NA
NA	NA	NA	NA	NA	NA	NA	NA	NA	NA	NA	NA	NA	NA	NA	NA	NA	NA	NA	NA	NA	NA	NA	NA	NA	NA	NA	NA	NA	NA	NA	NA	NA	NA	NA	NA	NA	NA	NA	NA
NA	NA	NA	NA	NA	NA	NA	NA	NA	NA	NA	NA	NA	NA	NA	NA	NA	NA	NA	NA	NA	NA	NA	NA	NA	NA	NA	NA	NA	NA	NA	NA	NA	NA	NA	NA	NA	NA	NA	NA
NA	NA	NA	NA	NA	NA	NA	NA	NA	NA	NA	NA	NA	NA	NA	NA	NA	NA	NA	NA	NA	NA	NA	NA	NA	NA	NA	NA	NA	NA	NA	NA	NA	NA	NA	NA	NA	NA	NA	NA
NA	NA	NA	NA	NA	0.736583477728366	NA	0.759423487025811	0.602488172452424	NA	0.459005528535582	NA	NA	0.35874338599153	1.2425675102297	NA	NA	0.964618608575452	NA	NA	0.723318187700743	NA	NA	0.893531988304221	NA	NA	NA	NA	0.66406377152691	NA	NA	0.485827124222032	0.380920545053477	NA	NA	NA	NA	0.622306156786799	0.574516397976293	0.780109243095778
1.37871138819593	1.30403766588789	1.26570848430568	1.19212656808305	1.52448566051945	1.29745719915526	1.42706973209425	1.21682333495353	1.19143220166748	0.844477484811348	0.852418060902252	NA	0.71909612744502	0.796386841963763	NA	0.230049084938012	0.500122118438492	0.901093284416831	0.149706310453588	0.347706147968286	NA	0.788732437100187	0.648377228772809	0.550196631069724	0.753394938772494	0.744417563143249	NA	0.740888086423742	0.48703005197553	1.54273647710968	0.25464349879497	1.48540444655915	0.45861107200968	1.05268158733086	0.430627774920935	NA	NA	NA	0.857783865647917	NA
NA	NA	NA	NA	NA	NA	NA	NA	NA	NA	NA	NA	NA	NA	NA	NA	NA	NA	NA	NA	NA	NA	NA	NA	NA	NA	NA	NA	NA	NA	NA	NA	NA	NA	NA	NA	NA	NA	NA	NA
NA	NA	NA	NA	NA	NA	NA	NA	NA	NA	NA	NA	NA	1.08404819153444	NA	NA	NA	0.661780641562532	NA	NA	NA	0.330351533310696	NA	0.294929724963829	NA	NA	0.465140897324389	1.71419562298946	NA	NA	NA	NA	0.233069318560834	0.368301852233316	NA	NA	NA	0.13828822259111	0.391096758341107	0.348766033073432
NA	NA	2.47085336740861	NA	1.69393704871321	2.14141616359878	NA	NA	2.29797953525765	NA	NA	NA	NA	NA	NA	NA	NA	0.955396241705626	1.12645700863097	NA	1.43152021620849	NA	NA	NA	1.45769650550851	NA	2.69899179427502	NA	2.54281523642722	NA	NA	NA	NA	2.10619508471978	2.19176578700709	2.21009231916473	NA	NA	NA	NA
NA	NA	NA	NA	NA	NA	NA	NA	NA	NA	NA	NA	NA	NA	NA	NA	NA	NA	NA	NA	NA	NA	NA	NA	NA	NA	NA	NA	NA	NA	NA	NA	NA	NA	NA	NA	NA	NA	NA	NA
NA	0.433728238813587	0.452147939885177	0.931995135950228	0.994946848404765	0.819361434331726	0.253882964559656	1.08245217841788	0.654827145903512	0.278702205761465	1.00726495744586	0.634417679027992	1.06528050774813	0.400949053787288	0.319925992074513	NA	0.590417407653481	0.652814359562188	1.01820439738502	0.25356987388521	1.1158065005094	1.14207550016103	1.17414622316211	1.28879366807086	1.24975070189098	0.914147189681639	NA	0.794887762093983	1.16835212085071	0.685402108579315	0.345457019412044	0.712294542385554	0.848583348847774	0.209057551420848	0.687321700520381	0.743839358765421	NA	NA	NA	0.385186526748036
NA	1.90787324680606	1.42222053937941	NA	0.712613124110179	0.486459690288186	1.4628926610152	NA	0.971361083781393	0.790858509352331	1.05498060749828	NA	1.65732260771949	NA	NA	1.2841144993472	1.04957418902996	1.07490666723881	0.7574974199493	NA	0.404707533431081	NA	0.342685087702103	NA	1.74419740285433	1.57308810364027	0.734457845013269	0.758836986998373	1.02110917253621	0.434483961936676	1.53599831769002	0.759312281687298	1.06108898319666	1.147613154123	NA	0.317236978758575	NA	1.18703501961176	0.927840791642215	1.10641410488727
0.832249384463765	0.86881622019415	1.01969480977059	1.09096106618011	1.50317462705901	0.49924223098794	NA	0.650660668570538	NA	1.30332965232376	0.854257429818935	0.376526410417897	1.15172250523687	NA	0.97271499077851	0.808480416740845	0.615175509524961	1.26852382463105	NA	0.839271981294677	1.19080290167758	1.09392165022982	1.28546161802646	NA	1.71971751232422	0.236968634639433	1.32698703684779	NA	1.37739565865992	NA	NA	0.585029384255898	NA	1.13110341712296	0.725663169435419	0.334935507140653	NA	0.703082767733891	0.659530162304171	0.568994580630258
0.586039334784956	0.954050433123616	0.468946039521416	0.532005057572791	0.34732400646619	NA	1.50106334522793	NA	0.326956053954753	0.489945394788337	NA	0.594321740080848	0.383123876302217	NA	0.803619027540412	1.63486708377591	0.272231212841084	1.60519305206543	1.36268996641163	0.373776382957648	1.35190110243957	0.381805250408711	1.510867747179	0.386392225846714	0.391259565474253	0.334805697348631	NA	NA	0.468554616859227	NA	NA	NA	0.816802819157508	0.731283758618052	1.37847237185692	1.60664354932747	NA	1.60392731236859	0.213883435903945	NA
NA	NA	NA	NA	NA	NA	NA	NA	NA	NA	NA	NA	NA	NA	NA	NA	NA	NA	NA	NA	NA	NA	NA	NA	NA	NA	NA	NA	NA	NA	NA	NA	NA	NA	NA	NA	NA	NA	NA	NA
1.28186102138467	NA	NA	NA	NA	NA	0.677953551508995	0.881137335232858	NA	NA	NA	NA	0.76979814153821	NA	0.508985158391126	0.854858677770244	NA	0.723732723038295	NA	NA	1.33940826960507	NA	1.23813466011025	1.32676677128899	1.0646360552507	1.89755184849811	1.5949681670769	1.4019349896522	1.23571542451233	1.05032199980961	0.614343345751023	1.09950810020827	NA	0.781993185384862	0.917431670192595	0.411781227659144	NA	1.04023027121364	1.49419579551082	1.31024228521422
NA	NA	NA	NA	NA	NA	NA	NA	NA	NA	NA	NA	NA	NA	NA	NA	NA	NA	NA	NA	NA	NA	NA	NA	NA	NA	NA	NA	NA	NA	NA	NA	NA	NA	NA	NA	NA	NA	NA	NA
NA	NA	NA	NA	NA	NA	NA	NA	NA	NA	NA	NA	NA	NA	NA	NA	NA	NA	NA	NA	NA	NA	NA	NA	NA	NA	NA	NA	NA	NA	NA	NA	NA	NA	NA	NA	NA	NA	NA	NA
NA	NA	NA	NA	NA	NA	NA	NA	NA	NA	NA	NA	NA	NA	NA	NA	NA	NA	NA	NA	NA	NA	NA	NA	NA	NA	NA	NA	NA	NA	NA	NA	NA	NA	NA	NA	NA	NA	NA	NA
NA	NA	NA	NA	NA	2.29190544119945	NA	2.07570459265257	1.88697494959502	NA	2.09374298250892	NA	1.83972160701522	1.54242153915567	1.603753205192	1.97832841760786	2.02151081145331	1.60866845692806	NA	1.26095073802146	1.24753278212577	1.09355756802164	2.68596805686655	1.19885964237401	2.05733275695843	1.70147111528573	0.795677384029592	NA	0.746914417022086	1.94705855647773	0.964669228908603	1.1209541465029	0.905106291645197	1.43212871176537	0.698787451897296	1.61650187676263	NA	NA	0.98117003650924	NA
NA	NA	NA	NA	NA	NA	0.868239661232672	0.716194213500198	0.792959187100744	NA	0.636590771753141	NA	NA	NA	0.901371248101759	NA	NA	0.900418347855089	NA	NA	NA	0.924950845500673	NA	0.883126728845175	0.987699007502683	NA	0.850344936252736	NA	NA	NA	NA	0.521668854782275	NA	NA	NA	0.262335485656844	NA	0.712937344026373	NA	0.912107144283997
1.49410914503044	1.60571563945358	NA	1.60735263605851	1.79392842866899	1.53639050030223	1.85076438812765	2.22489312268563	1.75455729096854	1.74216369818103	1.99563461206646	1.54132537770214	1.77276912654522	1.0940679009349	1.57088504358513	1.74960649631282	0.99189048150295	0.968060658741713	NA	NA	1.4559842803515	1.16325663846797	2.52605523332888	NA	2.45815131563837	NA	1.17741592464894	0.751197336034257	1.16915075368471	1.06000695312436	NA	0.953010962070717	2.38592678025634	2.14607400011086	0.898221045180915	0.677319897935209	NA	0.340544862952215	0.902432194248566	1.08436460038815
NA	NA	0.92599135278914	NA	NA	NA	1.50201012362863	NA	1.73402479987969	1.854819693234	1.83437658989358	NA	NA	NA	NA	1.70379152829022	NA	1.70370280188624	NA	NA	NA	NA	1.64445688440814	1.52230117772448	NA	1.30888740782175	1.74273414667519	NA	1.28259168828598	1.21348681625247	1.45085017264448	1.09946865052841	0.759198931229528	1.63372898296069	0.715050267174182	0.465812507684441	NA	NA	NA	NA
NA	NA	NA	NA	NA	NA	NA	NA	NA	NA	NA	NA	NA	NA	NA	NA	NA	NA	NA	NA	NA	NA	NA	NA	NA	NA	NA	NA	NA	NA	NA	NA	NA	NA	NA	NA	NA	NA	NA	NA
NA	NA	NA	NA	NA	NA	NA	NA	NA	NA	NA	NA	NA	NA	NA	NA	NA	NA	NA	NA	NA	NA	NA	NA	NA	NA	NA	NA	NA	NA	NA	NA	NA	NA	NA	NA	NA	NA	NA	NA
NA	NA	NA	NA	NA	NA	NA	NA	NA	NA	NA	NA	NA	NA	NA	NA	NA	NA	NA	NA	NA	NA	NA	NA	NA	NA	NA	NA	NA	NA	NA	NA	NA	NA	NA	NA	NA	NA	NA	NA
NA	NA	NA	NA	NA	NA	NA	NA	NA	NA	NA	NA	NA	NA	NA	NA	NA	NA	NA	NA	NA	NA	NA	NA	NA	NA	NA	NA	NA	NA	NA	NA	NA	NA	NA	NA	NA	NA	NA	NA
NA	NA	1.32099582452461	NA	NA	NA	NA	1.52506683660457	NA	NA	1.68656718097955	1.50978257198173	NA	1.38258143900664	NA	NA	1.36694398366369	NA	NA	NA	1.62279636082292	1.61782970801744	1.90149333204234	1.9083498670762	1.66313676955429	NA	NA	1.57486952061515	0.870966535928583	1.08767031723138	3.02341213153674	NA	0.922264756975319	0.341479389124646	0.427541470418808	0.439815426115812	NA	NA	0.454250457738954	NA
NA	NA	NA	NA	NA	NA	NA	NA	NA	NA	NA	NA	NA	NA	NA	NA	NA	NA	NA	NA	NA	NA	NA	NA	NA	NA	NA	NA	NA	NA	NA	NA	NA	NA	NA	NA	NA	NA	NA	NA
0.498852967672043	0.80502562427832	NA	NA	0.617742409001119	0.388043430726911	1.36184897395495	1.27410541600818	NA	1.1304663940454	1.21544604623798	0.932847319691054	NA	1.30151175197519	1.34637540095835	1.09152972346759	NA	1.01134976131332	1.07299286819617	1.23560794505899	1.10492185701538	NA	NA	0.97861375284119	1.12943703580616	1.18361814772331	NA	NA	1.32319206384428	1.45115226510749	1.52929867567787	NA	NA	NA	NA	NA	NA	NA	NA	1.87220562043381
NA	NA	NA	NA	NA	NA	NA	NA	NA	NA	NA	NA	NA	NA	NA	NA	NA	NA	NA	NA	NA	NA	NA	NA	NA	NA	NA	NA	NA	NA	NA	NA	NA	NA	NA	NA	NA	NA	NA	NA
NA	1.48463047200146	1.33733063069865	NA	1.26956401710173	1.2497270064889	1.50363196385775	1.35133197351417	1.39696413663699	1.25219437465357	1.32947767399235	1.00871055297593	1.20872643493187	1.06720807363099	0.7688326297124	0.735552507335436	0.715416743670752	0.702379354415858	0.743546745981085	0.498134057702377	0.638076848688965	0.583360943180159	0.661343012340002	0.776697964139567	0.786527283370928	0.511062220987874	0.860956199934964	NA	0.321474844040994	0.711364319457442	0.506581168372934	0.238529037402564	0.373431370303115	0.892074323477803	NA	0.330416686885097	NA	1.32918841874192	0.341697710656405	NA
NA	NA	NA	NA	NA	NA	NA	NA	NA	NA	NA	NA	NA	NA	NA	NA	NA	NA	NA	NA	NA	NA	NA	NA	NA	NA	NA	NA	NA	NA	NA	NA	NA	NA	NA	NA	NA	NA	NA	NA
NA	NA	NA	NA	NA	NA	NA	NA	NA	NA	NA	NA	NA	NA	NA	NA	NA	NA	NA	NA	NA	NA	NA	NA	NA	NA	NA	NA	NA	NA	NA	NA	NA	NA	NA	NA	NA	NA	NA	NA
NA	NA	NA	NA	NA	NA	NA	NA	NA	NA	NA	NA	NA	NA	NA	NA	NA	NA	NA	NA	NA	NA	NA	NA	NA	NA	NA	NA	NA	NA	NA	NA	NA	NA	NA	NA	NA	NA	NA	NA
0.712281544681747	0.751162050215481	0.738866575941393	NA	0.717823847219856	0.681176283874225	0.733217217616156	0.481221963044545	0.621010423013662	NA	NA	0.330476006883962	0.765919730851981	NA	0.361556806141507	0.486200924075741	0.251002335652203	0.327940505618868	NA	0.479004800487911	0.465892222455031	0.581097879253912	0.508802130716733	0.809848067261327	1.02457616757406	0.450725706406926	0.877089886547112	1.15547865374993	0.0350830410538878	NA	NA	NA	NA	NA	0.780960579639481	NA	NA	NA	0.877623918436362	NA
2.00009634663624	1.74563043296311	NA	1.35867154325927	NA	3.05740291629193	NA	NA	NA	NA	NA	1.21448046507261	NA	NA	0.887559335114893	NA	0.757214289593089	NA	NA	NA	1.01176420163758	NA	0.897289993274017	0.969779110577767	1.14451712122256	1.01446071566706	1.07204433696015	NA	NA	0.690074384160577	0.897163632572053	NA	0.763708861477802	0.950351763441115	0.859190700068816	0.730543852579583	NA	NA	NA	0.549956988379558
NA	NA	NA	NA	NA	NA	NA	NA	NA	NA	NA	NA	NA	NA	NA	NA	NA	NA	NA	NA	NA	NA	NA	NA	NA	NA	NA	NA	NA	NA	NA	NA	NA	NA	NA	NA	NA	NA	NA	NA
NA	NA	NA	NA	NA	NA	NA	NA	NA	NA	NA	NA	NA	NA	NA	NA	NA	NA	NA	NA	NA	NA	NA	NA	NA	NA	NA	NA	NA	NA	NA	NA	NA	NA	NA	NA	NA	NA	NA	NA
NA	NA	NA	NA	NA	NA	NA	NA	NA	NA	NA	NA	NA	NA	NA	NA	NA	NA	NA	NA	NA	NA	NA	NA	NA	NA	NA	NA	NA	NA	NA	NA	NA	NA	NA	NA	NA	NA	NA	NA
NA	1.21902302947582	1.54518879743127	NA	1.51977316533385	1.39690855510342	1.81901112168029	1.55331353197323	1.6672906778739	1.5977758704158	2.49690295867452	1.24234675076956	1.32494961364551	1.21807587011151	1.42287185427887	1.47117868999217	0.743197061164131	0.899416027939478	0.776295333554164	0.742768940770355	0.832590386835249	0.719043583552201	0.886428909078149	NA	0.731613829093941	1.49230628953756	NA	NA	1.12271071324158	NA	NA	0.954788697116335	1.96673273393713	0.587643231931758	0.389371992725432	0.471296915559148	NA	0.686181526963085	0.2587123639293	0.509987995369326
0.954894855973118	0.723591178384536	NA	NA	0.443393551651163	0.758293093519265	0.522330101461258	NA	NA	0.653792588163482	0.872019917160434	NA	NA	0.434650827736454	NA	1.27823288079972	NA	0.714475471727024	NA	NA	0.304997930976332	0.436235650725431	NA	0.468808075810013	NA	NA	NA	1.01180470476989	0.228377154877389	NA	NA	NA	NA	NA	0.391470223024712	0.0258977373982104	NA	NA	0.4900416665188	NA
NA	0.449360841011757	NA	0.183929493081424	NA	NA	0.68338726385931	NA	NA	NA	NA	NA	NA	1.19924959735279	NA	NA	0.719873296423986	NA	0.318748059077589	0.547879831429379	0.443994359853754	0.465324144458693	0.347877934055532	0.265766136078072	0.426223194099185	0.889209268314891	0.130453455333291	0.211745564510674	0.362648386785382	0.47420696421574	0.212068123324755	0.517518412329915	0.524946683981106	0.353352829944148	0.552509275383926	0.26140293153019	NA	0.374382210627229	1.03440811029105	1.02188879359646
NA	NA	NA	NA	NA	NA	NA	NA	NA	NA	NA	NA	NA	NA	NA	NA	NA	NA	NA	NA	NA	NA	NA	NA	NA	NA	NA	NA	NA	NA	NA	NA	NA	NA	NA	NA	NA	NA	NA	NA
0.843261187193974	0.513563745882796	0.480216123947116	NA	0.637934064916148	0.506088034362475	NA	0.96038332937236	NA	NA	NA	1.13819566860268	1.24159644512844	NA	NA	1.44080324544899	NA	NA	1.33646609255033	0.870797993346974	0.789316343092977	NA	0.258130165002751	0.733092238675148	0.865861306669376	0.631166037676842	NA	0.829251321910098	NA	0.859548470917953	NA	NA	NA	0.80524514451773	NA	NA	NA	NA	NA	0.349523484843055
NA	NA	NA	NA	NA	NA	NA	NA	NA	NA	NA	NA	NA	NA	NA	NA	NA	NA	NA	NA	NA	NA	NA	NA	NA	NA	NA	NA	NA	NA	NA	NA	NA	NA	NA	NA	NA	NA	NA	NA
NA	NA	NA	NA	NA	NA	NA	NA	NA	NA	NA	NA	NA	NA	NA	NA	NA	NA	NA	NA	NA	NA	NA	NA	NA	NA	NA	NA	NA	NA	NA	NA	NA	NA	NA	NA	NA	NA	NA	NA
NA	NA	NA	NA	NA	NA	NA	NA	NA	NA	NA	NA	NA	NA	NA	NA	NA	NA	NA	NA	NA	NA	NA	NA	NA	NA	NA	NA	NA	NA	NA	NA	NA	NA	NA	NA	NA	NA	NA	NA
1.03468000623082	NA	1.36597818315741	1.60974635042608	1.16023959627409	NA	1.2280553384846	1.48633609660994	1.3150358466929	NA	NA	0.812659205588197	NA	0.699694602688802	1.78807283635777	NA	0.530654090111418	0.60323075996025	NA	0.430619276888853	1.64287327875897	NA	NA	2.01725548403223	1.66702167695723	1.75807119775013	2.09949919972439	NA	0.69834689549077	1.32173414780581	1.54077487826671	NA	0.653193233882941	NA	0.989649172506625	0.770755095233286	NA	1.20484795356846	1.6206624132497	1.19236019168972
NA	1.39248989223162	2.0030337585977	1.36048243075266	1.73592025436657	NA	1.08913871887237	NA	0.764124774703509	NA	NA	1.80411758902984	NA	2.16124374409335	2.02788097158918	NA	2.6434366287569	NA	NA	NA	1.75029115768805	2.03521274371237	1.25159224586362	0.888748697081584	0.817162477191592	1.42076376224585	1.7429734801113	NA	1.07305185852336	NA	NA	1.55876889300327	1.30197236979699	1.57902493974365	0.593690896620386	NA	NA	NA	0.601057315731057	NA
NA	NA	NA	NA	NA	NA	NA	NA	NA	NA	NA	NA	NA	NA	NA	NA	NA	NA	NA	NA	NA	NA	NA	NA	NA	NA	NA	NA	NA	NA	NA	NA	NA	NA	NA	NA	NA	NA	NA	NA
NA	NA	NA	NA	NA	1.2438668623725	NA	2.44681566527073	1.62273103808217	NA	NA	NA	1.41459496020659	1.57440756706317	1.46393172597401	1.45637267075525	1.86346494325389	NA	NA	NA	NA	1.06105343217625	0.541999419273853	NA	0.474434939575674	NA	NA	NA	NA	NA	NA	1.83327323239592	1.41997000462723	0.174717418994089	1.43348510756693	NA	NA	NA	0.722337177203828	0.778803950076539
NA	1.15794449599441	1.26749776320757	1.08248341557053	0.802879726115585	NA	1.59051936156782	0.989472064250796	NA	NA	NA	0.843986230249186	NA	0.61831195396937	0.943344764836836	NA	NA	1.01016859240423	NA	NA	NA	0.836002402538255	NA	NA	2.06641509952645	NA	NA	1.26114623625189	NA	1.00913832691516	0.900441176286878	1.44745541154606	1.71699890601058	0.832662844943344	NA	NA	NA	NA	0.44213688239122	NA
NA	NA	NA	NA	NA	NA	NA	NA	NA	NA	NA	NA	NA	NA	NA	NA	NA	NA	NA	NA	NA	NA	NA	NA	NA	NA	NA	NA	NA	NA	NA	NA	NA	NA	NA	NA	NA	NA	NA	NA
1.51921447098188	1.44729610133672	1.6081309128603	NA	2.25238729525361	NA	1.16947738581632	1.13987976919774	1.39335031021902	1.519393050154	1.45699002779101	1.63017556807429	1.6138692196583	NA	1.39409811352909	NA	NA	1.23239168697967	NA	1.2443560536713	1.20393941374533	1.39345943759939	1.19695683200523	0.875449378813972	0.722355197731722	NA	1.02706347677916	1.46627991926853	1.1953626475504	2.29189386790887	0.59178648409074	0.754005789981495	2.21900541760967	0.624063414573956	NA	1.26725817394784	NA	0.300409098991191	0.419871359069934	1.57531675286202
NA	1.5063347078613	2.04132755132845	NA	1.57018287393369	2.33176531229697	1.59662790262678	2.5272818392046	1.98376866277847	1.38902624852109	NA	0.875962052122023	1.36472804287207	0.683528729761144	0.8881359774686	1.00570459408102	NA	1.10690291153629	NA	0.986912008232705	NA	0.900738756939244	1.59595850836325	1.13272994078516	1.40560594516434	0.867384824198047	NA	0.965228537202942	2.33704729898818	1.32108708401171	NA	0.873030882344588	1.09444416970179	NA	0.773141244713779	0.872966509076654	NA	NA	1.25342759262213	1.32933913410018
1.72212608035162	NA	NA	1.23138373208723	NA	NA	1.18491473167483	0.608546254131478	0.342182450297002	1.19249050163305	0.657080290651525	NA	0.815786496970368	0.868253983131322	0.779398888561126	NA	0.457209522905563	1.37933294067752	NA	0.929895682467908	0.856117367418169	0.574109214922052	NA	0.606519995021316	1.13467096888451	0.938781747752875	0.794948259280429	0.562724744295568	NA	0.554382099451583	NA	0.527779005675975	0.737720365770798	NA	0.807724391467667	0.244145386925712	NA	0.604281273570493	0.506894537651378	NA
NA	NA	NA	NA	NA	NA	NA	NA	NA	NA	NA	NA	NA	NA	NA	NA	NA	NA	NA	NA	NA	NA	NA	NA	NA	NA	NA	NA	NA	NA	NA	NA	NA	NA	NA	NA	NA	NA	NA	NA
NA	1.31748079227195	NA	NA	1.33021036338506	1.83916187799704	NA	1.27663461074025	NA	NA	NA	1.79269046735584	0.500354140618905	1.40527155182289	NA	NA	1.26676494736328	NA	1.16378458870773	NA	1.67340599050223	1.14211319433918	NA	NA	1.21012557069501	NA	NA	NA	NA	1.40647342073022	1.4563849940333	NA	0.797601390546874	0.685366418577432	NA	NA	NA	1.16872172814942	NA	1.06809411638515
NA	1.03734280728321	0.424371374995379	0.516002961659482	NA	NA	0.632317195615243	0.557538124010267	1.21864711977528	NA	NA	NA	0.698341597523149	0.891529330572237	0.626375675277906	NA	0.610093004897096	0.51807182570062	NA	0.646112803955758	0.318518973969775	NA	NA	0.40197124980953	0.322344678805336	NA	NA	0.531971257322211	0.775976953129354	NA	0.136612308592152	0.514640349721299	0.625947143759475	0.112975391871318	0.0919167318282862	0.576168592868867	NA	NA	NA	NA
NA	NA	NA	NA	NA	NA	NA	NA	NA	NA	NA	NA	NA	NA	NA	NA	NA	NA	NA	NA	NA	NA	NA	NA	NA	NA	NA	NA	NA	NA	NA	NA	NA	NA	NA	NA	NA	NA	NA	NA
NA	NA	NA	NA	NA	NA	NA	NA	NA	NA	NA	NA	NA	NA	NA	NA	NA	NA	NA	NA	NA	NA	NA	NA	NA	NA	NA	NA	NA	NA	NA	NA	NA	NA	NA	NA	NA	NA	NA	NA
NA	NA	NA	1.24549172741976	NA	NA	NA	NA	NA	0.931247282972699	NA	NA	0.765282161490997	1.90511377729859	1.79654572412472	2.30985956175011	1.41335818372478	1.54113873286245	NA	0.212422672605895	NA	0.446777114013885	NA	NA	0.440599864703286	NA	NA	0.355885114915617	NA	0.265838111529308	NA	0.38086760913684	0.267675651314604	NA	NA	NA	NA	0.161886510716024	0.221700415877197	2.5792164939883
NA	NA	NA	NA	NA	NA	NA	NA	NA	NA	NA	NA	NA	NA	NA	NA	NA	NA	NA	NA	NA	NA	NA	NA	NA	NA	NA	NA	NA	NA	NA	NA	NA	NA	NA	NA	NA	NA	NA	NA
NA	NA	NA	NA	NA	NA	NA	NA	NA	NA	NA	NA	NA	NA	NA	NA	NA	NA	NA	NA	NA	NA	NA	NA	NA	NA	NA	NA	NA	NA	NA	NA	NA	NA	NA	NA	NA	NA	NA	NA
NA	0.774536820768973	NA	1.20270948583442	1.19189296771493	NA	1.5604275407845	NA	1.842901622801	1.7086796267226	1.67888435816796	1.71446527328275	NA	NA	1.1000112306159	NA	NA	NA	NA	NA	NA	NA	1.01199267262795	NA	0.972499920664096	1.2058932702636	1.2628509392331	0.628140377281779	0.783062988023835	0.332410267273211	0.991939860009085	0.262632074387173	NA	0.381220916465588	0.149076659617629	0.579056679202792	NA	NA	0.926208376049565	NA
NA	NA	NA	NA	NA	NA	NA	NA	NA	NA	NA	NA	NA	NA	NA	NA	NA	NA	NA	NA	NA	NA	NA	NA	NA	NA	NA	NA	NA	NA	NA	NA	NA	NA	NA	NA	NA	NA	NA	NA
NA	NA	NA	NA	1.66863511075992	0.978237680329044	NA	1.24598500969852	1.76694720755956	NA	1.45527158707241	NA	NA	NA	2.59385510980977	NA	1.68402589568104	1.71848756738464	1.99236521815163	2.39945145762196	0.651751928628722	0.901645250563686	NA	0.604833713647643	2.03396789727221	NA	NA	NA	0.707439799858088	2.37471051401721	NA	2.32487039114362	0.781004560154552	NA	NA	1.10687045407027	NA	NA	NA	NA
NA	1.32581320738002	1.00378771801131	NA	1.6314026371089	1.87385121119429	1.73920791942139	1.80309377118622	0.887793832566787	1.7516181396136	0.994133868991348	2.11019698474225	NA	1.50255495438963	1.52089930398713	NA	NA	NA	NA	0.954351132820746	1.41739920009672	1.46602746095923	1.4865881961674	2.09011525412312	0.949531815375955	2.01546094978124	1.72801884017926	1.8264285538673	NA	0.985528984230355	NA	1.79457546744469	0.274350383255377	0.328095056891668	1.93862782513672	NA	NA	0.581030847936791	0.834518842270504	NA
NA	NA	0.770055584144497	NA	NA	NA	1.74139376998125	1.56911586827646	1.14745631232693	NA	0.647022721585781	NA	NA	NA	1.02554719024743	0.663455421417578	0.753913634857212	0.744058006015734	0.737068222626199	NA	1.46944099436089	1.25389131099243	1.27264152891217	1.5313608227493	NA	1.10731299439529	NA	1.04047599902049	1.57253782827589	1.19770498434619	0.646873889848025	0.870835296612044	0.636054682063291	0.646864219110904	0.407170147461384	NA	NA	0.444166690330746	0.140475288191099	NA
NA	NA	NA	NA	NA	NA	NA	NA	NA	NA	NA	NA	NA	NA	NA	NA	NA	NA	NA	NA	NA	NA	NA	NA	NA	NA	NA	NA	NA	NA	NA	NA	NA	NA	NA	NA	NA	NA	NA	NA
NA	NA	NA	NA	NA	NA	NA	NA	NA	NA	NA	NA	NA	NA	NA	NA	NA	NA	NA	NA	NA	NA	NA	NA	NA	NA	NA	NA	NA	NA	NA	NA	NA	NA	NA	NA	NA	NA	NA	NA
NA	NA	NA	NA	NA	NA	NA	NA	NA	NA	NA	NA	NA	NA	NA	NA	NA	NA	NA	NA	NA	NA	NA	NA	NA	NA	NA	NA	NA	NA	NA	NA	NA	NA	NA	NA	NA	NA	NA	NA
NA	2.02628163622034	1.11207850322601	NA	NA	NA	2.65360294732644	0.997492938936633	NA	NA	1.27106108828851	0.850526992635891	NA	NA	2.3441371212539	NA	1.01229883024409	1.55231452173131	1.79116431864282	1.02989780663312	1.55955759257317	1.38967278049394	NA	2.62711280337204	1.38084476487071	2.48026425126307	1.41959485617159	NA	NA	1.09321093968916	NA	NA	0.675518027648704	0.603268394863483	NA	NA	NA	0.115929709004519	0.848057228324256	NA
NA	NA	NA	NA	1.46611129637779	NA	NA	NA	NA	NA	1.07811199227375	NA	NA	NA	1.10645382961378	NA	0.964968584884914	0.927108613442304	1.16333255594256	0.747764748012926	0.657801413232232	NA	0.584640091566639	NA	NA	NA	NA	NA	NA	0.554910683931967	NA	0.748360168173854	NA	NA	0.350528741513789	0.853666812255058	NA	0.544451108420188	NA	NA
NA	NA	NA	1.13502302298011	1.37126874505992	NA	1.87860855656018	1.74972511369709	NA	NA	1.38719410845466	NA	NA	1.6178052702757	NA	NA	NA	1.04763213767952	NA	1.54174542924371	NA	NA	NA	1.03207184058517	1.82602374173916	1.40059884069125	NA	NA	1.08481376405356	NA	NA	NA	NA	NA	NA	NA	NA	NA	0.31281484242726	NA
1.9944416684754	NA	NA	1.22589295449424	0.332344741736734	NA	1.35015825584645	NA	NA	NA	2.02464546815518	NA	1.69326697182028	1.75626839853327	1.98665628268333	2.07622707984949	2.24138393376983	NA	NA	NA	NA	1.31216368691343	1.75129119622801	1.05807132845833	1.00258906278426	NA	NA	0.352871613717264	NA	NA	NA	0.646788165642469	NA	0.0723335893536895	0.127838608880026	NA	NA	NA	0.738318108015355	NA
NA	NA	1.14950763074539	NA	NA	NA	0.738763482590606	0.785630631466692	0.814528390145177	NA	0.86930324374951	NA	NA	NA	NA	NA	0.748203544629045	0.769885656554907	NA	0.882175122512713	NA	1.04480094978785	0.848637631598417	NA	0.963312551990856	NA	1.01147254660266	1.18122882618099	NA	0.565960914145472	NA	0.655898511515818	0.778336444421535	NA	0.633081012089057	NA	NA	0.544865140373792	0.347753487846611	NA
NA	NA	NA	NA	NA	NA	NA	NA	NA	NA	NA	NA	NA	NA	NA	NA	NA	NA	NA	NA	NA	NA	NA	NA	NA	NA	NA	NA	NA	NA	NA	NA	NA	NA	NA	NA	NA	NA	NA	NA
NA	NA	NA	NA	NA	NA	NA	NA	NA	NA	NA	NA	NA	NA	NA	NA	NA	NA	NA	NA	NA	NA	NA	NA	NA	NA	NA	NA	NA	NA	NA	NA	NA	NA	NA	NA	NA	NA	NA	NA
NA	NA	NA	NA	NA	NA	NA	NA	NA	NA	NA	NA	NA	NA	NA	NA	NA	NA	NA	NA	NA	NA	NA	NA	NA	NA	NA	NA	NA	NA	NA	NA	NA	NA	NA	NA	NA	NA	NA	NA
2.19837083365611	2.82942575567319	NA	NA	2.39682804304662	NA	2.19528347579336	NA	2.38811795897967	2.46180022733247	NA	NA	NA	NA	NA	NA	2.15131743362264	1.80825417355229	1.82286682876916	1.59222094350167	1.47530551336517	1.52063573849523	1.24296739386741	1.25017513462326	1.45450084446982	0.86464302745744	1.37467675003186	NA	1.6325941333608	1.56507550864267	0.838791710849818	NA	2.385607129085	NA	NA	NA	NA	NA	NA	NA
NA	NA	NA	NA	NA	NA	NA	NA	NA	NA	NA	NA	NA	NA	NA	NA	NA	NA	NA	NA	NA	NA	NA	NA	NA	NA	NA	NA	NA	NA	NA	NA	NA	NA	NA	NA	NA	NA	NA	NA
NA	NA	NA	NA	NA	NA	NA	NA	NA	NA	NA	NA	NA	NA	NA	NA	NA	NA	NA	NA	NA	NA	NA	NA	NA	NA	NA	NA	NA	NA	NA	NA	NA	NA	NA	NA	NA	NA	NA	NA
NA	NA	NA	NA	NA	NA	NA	NA	NA	NA	NA	NA	NA	NA	NA	NA	NA	NA	NA	NA	NA	NA	NA	NA	NA	NA	NA	NA	NA	NA	NA	NA	NA	NA	NA	NA	NA	NA	NA	NA
NA	NA	NA	NA	NA	NA	1.17844158069413	1.0731449422365	0.783819070331893	1.02136143227456	NA	NA	NA	NA	0.864248071779631	NA	1.13746172129567	NA	NA	NA	1.07497679574632	1.04229945478597	1.39535356543893	NA	NA	NA	NA	NA	NA	0.719163996291538	NA	NA	NA	NA	NA	NA	NA	NA	1.39397664484046	NA
NA	NA	NA	NA	NA	NA	NA	NA	NA	NA	NA	NA	NA	NA	NA	NA	NA	NA	NA	NA	NA	NA	NA	NA	NA	NA	NA	NA	NA	NA	NA	NA	NA	NA	NA	NA	NA	NA	NA	NA
1.78554848593595	1.695780509435	1.5983233573777	1.47333398595495	1.43612616461961	0.997509560598652	2.12137111872314	1.78276858622583	NA	1.58850343162478	1.70666971251022	2.45161028002873	1.77325833432816	1.27444074547603	1.25377771679172	1.4484537356238	1.22252478616747	1.39241471388828	1.72424511495674	1.91913007140127	NA	NA	1.06859531722258	NA	1.66111755735458	0.597049453588282	0.705643295829855	0.528403954547943	0.628598447125794	0.392250787155909	0.611585969467237	NA	0.593836743483352	0.328178180457632	0.309564777931486	0.209186393495836	NA	NA	0.23347861796126	0.790029957529114
NA	NA	NA	NA	NA	NA	NA	NA	NA	NA	NA	NA	NA	NA	NA	NA	NA	NA	NA	NA	NA	NA	NA	NA	NA	NA	NA	NA	NA	NA	NA	NA	NA	NA	NA	NA	NA	NA	NA	NA
NA	1.42898926792826	1.60051913827278	NA	NA	1.67105498773485	NA	1.65077180752089	NA	1.21576226061656	1.03332928106543	NA	0.614646576368022	NA	1.04018388535264	1.09151483900074	1.23139331453768	1.30422832402896	NA	NA	NA	NA	NA	NA	0.892891641454389	NA	0.989003393255046	0.781265527641557	0.999818188374159	NA	NA	NA	NA	NA	0.408175464452954	NA	NA	NA	0.458625828974504	1.0550897355753
NA	NA	NA	NA	NA	NA	NA	NA	NA	NA	NA	NA	NA	NA	NA	NA	NA	NA	NA	NA	NA	NA	NA	NA	NA	NA	NA	NA	NA	NA	NA	NA	NA	NA	NA	NA	NA	NA	NA	NA
0.98454867130244	1.26949615953594	1.65547649684859	NA	NA	1.86208229154428	1.67658375735264	1.41726312396888	1.69341297412501	1.47473577184702	1.26669993271055	1.16635864007382	1.00031726994714	NA	1.83832536351643	1.46333121018783	NA	1.3289586709273	1.66628716170682	1.81330849974059	1.47781656957719	1.29841688707927	1.08645166560049	0.862102581526877	1.02775261544736	1.69189169012279	1.019847353371	0.850219553890357	0.959721972794345	0.962214363528071	0.757894439333845	0.768023830747214	0.702338176881784	0.742829099367566	0.98994336789587	NA	NA	0.886003142420701	0.739217001632737	1.09662019972112
1.50419957658198	1.33231959842765	1.58153940859401	NA	1.6159316513192	NA	1.49028614421422	1.47459163780671	1.5739878977872	1.46873903164876	NA	NA	1.40050945634384	1.42515366088761	1.67835892064428	NA	1.66782360213683	1.81136260410415	1.87915597694654	1.80306673285173	1.79851670694949	1.5721484933065	1.45334941258165	1.57596336740908	1.65427323379326	NA	1.31021380595382	0.939934759946624	1.01846379505719	0.960431979019256	1.02359137484232	0.642256956689992	1.11650267440422	0.839457806554574	0.196637508702358	0.456067461252816	NA	NA	NA	NA
NA	NA	0.770825469056068	1.29989675081053	1.54817058552028	2.01102334243765	2.39412383332596	NA	NA	0.764783430694495	1.04653044877144	0.703014885453868	0.860308448921569	0.575569453684722	0.925730479937471	0.457006502822204	0.69803177138401	0.705254843756751	0.541221802834296	0.772895052805987	0.310637222698781	NA	0.577086958625963	0.725261304630674	0.88969095404038	0.388698652486873	0.242422183606692	0.372852866669407	0.365938083791304	0.458872163887111	0.436948225375908	0.826971956547284	0.575160066740022	0.425095247536296	1.35101897907874	NA	NA	0.95665533778448	0.219274850266823	NA
NA	NA	NA	NA	NA	NA	NA	NA	NA	NA	NA	NA	NA	NA	NA	NA	NA	NA	NA	NA	NA	NA	NA	NA	NA	NA	NA	NA	NA	NA	NA	NA	NA	NA	NA	NA	NA	NA	NA	NA
NA	NA	NA	NA	NA	NA	NA	NA	NA	NA	NA	NA	NA	NA	NA	NA	NA	NA	NA	NA	NA	NA	NA	NA	NA	NA	NA	NA	NA	NA	NA	NA	NA	NA	NA	NA	NA	NA	NA	NA
NA	NA	0.659823976315305	NA	NA	0.295365248988319	0.628794332141362	0.429681273120933	NA	NA	NA	NA	NA	0.691394189398742	NA	NA	0.216834488232452	1.131483966695	NA	0.402832951944857	0.376311911681745	0.562095631944974	NA	NA	0.352063897541979	NA	0.415988592497321	NA	NA	0.281539227319046	0.374736443960711	0.266738885153618	NA	NA	NA	0.749512652394793	NA	NA	0.371235390679212	0.648532111256288
NA	NA	NA	NA	NA	NA	NA	NA	NA	NA	NA	NA	NA	NA	NA	NA	NA	NA	NA	NA	NA	NA	NA	NA	NA	NA	NA	NA	NA	NA	NA	NA	NA	NA	NA	NA	NA	NA	NA	NA
NA	NA	NA	NA	NA	NA	NA	NA	NA	NA	NA	NA	NA	NA	NA	NA	NA	NA	NA	NA	NA	NA	NA	NA	NA	NA	NA	NA	NA	NA	NA	NA	NA	NA	NA	NA	NA	NA	NA	NA
NA	NA	NA	NA	NA	NA	NA	NA	NA	NA	NA	NA	NA	NA	NA	NA	NA	NA	NA	NA	NA	NA	NA	NA	NA	NA	NA	NA	NA	NA	NA	NA	NA	NA	NA	NA	NA	NA	NA	NA
NA	NA	0.911059288459859	NA	NA	NA	NA	0.900373958670607	NA	1.30401050182593	NA	0.830400292084367	0.246785695249597	1.09592578144212	0.244526868171527	NA	1.134374555562	1.11054803167278	NA	NA	NA	0.386489710064424	NA	NA	2.20616429209678	NA	NA	0.405734744167319	NA	NA	0.429786033782612	NA	NA	NA	0.570951925317426	0.418860606708362	NA	0.275816288862921	0.768008287114294	1.75851090830775
NA	NA	NA	NA	NA	NA	NA	NA	NA	NA	NA	NA	NA	NA	NA	NA	NA	NA	NA	NA	NA	NA	NA	NA	NA	NA	NA	NA	NA	NA	NA	NA	NA	NA	NA	NA	NA	NA	NA	NA
NA	NA	NA	NA	NA	NA	NA	NA	NA	NA	NA	NA	NA	NA	NA	NA	NA	NA	NA	NA	NA	NA	NA	NA	NA	NA	NA	NA	NA	NA	NA	NA	NA	NA	NA	NA	NA	NA	NA	NA
NA	NA	0.36131931205693	NA	NA	0.465049958481673	NA	NA	0.460504009512023	NA	NA	0.741733601350402	1.78082111050083	0.768697020464451	NA	NA	0.583759123837332	0.958116163581642	NA	0.598173757994196	0.967521489086984	0.539408716262247	0.89064892002171	0.741969177142752	0.602286691180442	0.609150986687644	1.26793994089	0.755090323543959	NA	NA	NA	0.957534016336806	1.21599910525009	0.442091919013863	1.02279537408075	0.653789766239989	NA	NA	NA	0.880760865391161
NA	NA	NA	NA	NA	NA	NA	NA	NA	NA	NA	NA	NA	NA	NA	NA	NA	NA	NA	NA	NA	NA	NA	NA	NA	NA	NA	NA	NA	NA	NA	NA	NA	NA	NA	NA	NA	NA	NA	NA
NA	NA	NA	NA	NA	NA	NA	NA	NA	NA	NA	NA	NA	NA	NA	NA	NA	NA	NA	NA	NA	NA	NA	NA	NA	NA	NA	NA	NA	NA	NA	NA	NA	NA	NA	NA	NA	NA	NA	NA
1.05320544606466	2.01949970540752	0.860690087234981	NA	1.76732507200977	NA	0.582244496345069	NA	0.886510079587109	NA	NA	NA	0.883660615861055	NA	0.936001706527452	NA	0.740259074977808	0.871011999236514	NA	1.04311785477381	0.605027773659181	0.879437837865935	NA	0.791737451172125	NA	NA	NA	NA	1.12323222829686	1.5857618719144	NA	2.1709661793326	NA	1.75247650767071	2.1102856715001	NA	NA	NA	0.707575390808394	0.648511070908741
NA	NA	0.969050296124298	NA	1.01939696908015	1.06034928508335	1.32652728221907	0.989504949483539	0.939171427798012	1.02918527491426	1.09831564008355	1.22959316259962	NA	NA	NA	NA	NA	NA	0.931896049590771	1.03271501811491	0.887949371753294	0.861152035610202	0.538785799957688	NA	0.641575573354703	NA	NA	NA	NA	NA	NA	0.580835540813081	NA	1.25743677252356	NA	NA	NA	1.44924768283328	0.58534069370381	0.390214428292543
1.05788183958893	NA	1.46905451321615	NA	0.859885984452899	1.32822370319114	NA	1.17035032230744	1.37027111088878	1.46434525086702	1.66211694349865	1.32679105954702	NA	1.61520041177649	1.250352625537	1.08360094937784	1.56155828323092	1.19840221054711	NA	1.78422515666332	1.04082423241233	1.12458354447527	1.29609869456926	1.82595154662921	1.82927047194668	1.76010647617037	2.33645666460333	0.772572540560339	NA	2.24500337264166	1.82373010079308	1.61407805741904	NA	1.96745533294424	NA	NA	NA	2.04400588076281	NA	NA
NA	NA	NA	NA	NA	NA	NA	NA	NA	NA	NA	NA	NA	NA	NA	NA	NA	NA	NA	NA	NA	NA	NA	NA	NA	NA	NA	NA	NA	NA	NA	NA	NA	NA	NA	NA	NA	NA	NA	NA
NA	NA	NA	NA	NA	NA	NA	0.460120573018305	1.52957938147986	NA	NA	NA	1.25771822268391	NA	NA	NA	0.787162119299334	NA	NA	0.638466982497355	NA	NA	0.959099030530787	NA	NA	0.631276715103721	NA	NA	NA	NA	NA	0.71552624676117	NA	NA	NA	NA	NA	NA	1.31062476559899	NA
NA	NA	NA	NA	NA	NA	NA	NA	NA	NA	NA	NA	NA	NA	NA	NA	NA	NA	NA	NA	NA	NA	NA	NA	NA	NA	NA	NA	NA	NA	NA	NA	NA	NA	NA	NA	NA	NA	NA	NA
NA	NA	NA	NA	NA	NA	NA	NA	NA	NA	NA	NA	NA	NA	NA	NA	NA	NA	NA	NA	NA	NA	NA	NA	NA	NA	NA	NA	NA	NA	NA	NA	NA	NA	NA	NA	NA	NA	NA	NA
NA	NA	NA	NA	NA	NA	NA	NA	NA	NA	NA	NA	NA	NA	NA	NA	NA	NA	NA	NA	NA	NA	NA	NA	NA	NA	NA	NA	NA	NA	NA	NA	NA	NA	NA	NA	NA	NA	NA	NA
NA	NA	NA	NA	NA	NA	NA	NA	NA	NA	NA	NA	NA	NA	NA	NA	NA	NA	NA	NA	NA	NA	NA	NA	NA	NA	NA	NA	NA	NA	NA	NA	NA	NA	NA	NA	NA	NA	NA	NA
NA	NA	1.38667763620137	NA	0.419086762822344	0.362729169838378	NA	NA	NA	NA	NA	0.782167379188401	NA	NA	0.902448207206429	NA	NA	NA	0.988531515875088	NA	NA	0.889794694116604	NA	NA	NA	NA	NA	NA	NA	NA	NA	NA	NA	NA	NA	NA	NA	1.16727414921321	NA	NA
NA	NA	NA	NA	NA	NA	NA	NA	NA	NA	NA	NA	NA	NA	NA	NA	NA	NA	NA	NA	NA	NA	NA	NA	NA	NA	NA	NA	NA	NA	NA	NA	NA	NA	NA	NA	NA	NA	NA	NA
NA	NA	NA	NA	NA	NA	NA	NA	NA	NA	NA	NA	NA	NA	NA	NA	NA	NA	NA	NA	NA	NA	NA	NA	NA	NA	NA	NA	NA	NA	NA	NA	NA	NA	NA	NA	NA	NA	NA	NA
0.553920913651186	NA	0.632496094070746	NA	0.875079909655153	1.27337611540203	1.79691596635443	1.31896991123894	NA	1.22091065632183	1.2140021265125	1.85156247982954	1.80187543856044	1.45562954614984	1.03303997836282	1.49365866316583	1.64771887571086	NA	1.3371221602992	NA	1.9092532476965	1.96569779279866	1.17136878762115	NA	1.09186156111076	1.33969374675233	2.0019487304798	1.19309140605511	1.62431190244798	NA	NA	NA	NA	NA	NA	0.279129374044735	NA	3.0718718581777	NA	NA
NA	NA	NA	NA	NA	NA	NA	NA	NA	NA	NA	NA	NA	NA	NA	NA	NA	NA	NA	NA	NA	NA	NA	NA	NA	NA	NA	NA	NA	NA	NA	NA	NA	NA	NA	NA	NA	NA	NA	NA
NA	0.798420045785457	NA	NA	0.853230982147107	NA	NA	NA	NA	NA	NA	1.18065894022547	NA	0.293223006413503	0.660124323091549	NA	0.760985801350791	NA	NA	NA	0.677763726394033	0.803780465122047	NA	0.571672464450825	NA	NA	NA	NA	0.363368943479611	0.57618357401259	1.98652561666525	0.650205861284562	NA	0.885986090703831	0.701205147318401	NA	NA	0.525889450838298	0.494715002986175	0.690757973883453
NA	NA	NA	NA	NA	NA	NA	NA	NA	NA	NA	NA	NA	NA	NA	NA	NA	NA	NA	NA	NA	NA	NA	NA	NA	NA	NA	NA	NA	NA	NA	NA	NA	NA	NA	NA	NA	NA	NA	NA
0.99688743391999	0.372008878017042	0.982979687671983	0.76083411675111	0.808908687591955	1.09286743134636	0.693873378256576	1.17318077241599	1.55886929610485	1.32840198921135	0.810536719997806	1.1397396061441	1.01861880746993	0.550765639133145	0.599093975113184	0.35318631891029	0.405088124124174	0.187262567780387	0.139200682122104	0.446700528173995	0.438516123038181	0.762095368023062	0.3985080148724	0.455985411439403	0.404684079690012	0.686156041228099	0.669635727924378	0.697863753919423	0.669028389070854	0.286383781491141	0.712480744044033	0.799954855677682	0.956690419601065	0.769049661802329	0.638981379771615	0.272600163051355	NA	0.57724905364896	0.635575265183832	0.522220101651018
NA	1.31016583229769	1.32694949733934	1.03061648687038	1.41550414623392	1.74967435720852	1.70448479245604	1.85047144651659	1.61058584084026	1.37948302496328	1.81029979233796	2.189514107045	1.95889783022112	2.00640998546902	1.67944710902213	2.48106791186574	1.4970976735236	1.48460267400008	1.15027323762886	1.92626299571174	2.34114536351811	2.2474542908924	1.2801594106086	2.12412314922593	1.31537662636185	1.11417493394014	2.22080343650505	0.853295919450793	0.970126720955619	0.851158355625649	2.64690994232269	2.04006175997447	0.681589745058155	0.614497384501908	0.151238878815637	2.19368028239275	NA	2.33757683662535	1.9378977020726	0.685252277603996
NA	NA	NA	NA	NA	NA	NA	NA	NA	NA	NA	NA	NA	NA	NA	NA	NA	NA	NA	NA	NA	NA	NA	NA	NA	NA	NA	NA	NA	NA	NA	NA	NA	NA	NA	NA	NA	NA	NA	NA
NA	NA	NA	NA	1.09576293557877	NA	NA	NA	0.762107012966019	1.57760336607822	1.1906159695553	1.4302447526128	NA	0.870157802054685	NA	NA	1.22144778514896	NA	NA	0.939040169396075	NA	1.529427135111	0.719049402744263	0.918145928696206	1.26117428966798	NA	NA	NA	1.63979644664296	1.20704682887659	NA	0.952678916342038	NA	0.842111707750155	NA	NA	NA	0.129960101448834	NA	NA
NA	NA	NA	NA	NA	NA	NA	NA	NA	NA	NA	NA	NA	NA	NA	NA	NA	NA	NA	NA	NA	NA	NA	NA	NA	NA	NA	NA	NA	NA	NA	NA	NA	NA	NA	NA	NA	NA	NA	NA
NA	1.09171648018597	NA	NA	1.24897493509684	0.457365646250657	0.726419702886678	0.0315983184949687	NA	0.410805989447352	NA	0.863140168619156	NA	0.741725993957713	1.24639339196789	1.19025276318271	NA	NA	NA	NA	1.26342233791129	0.46483405730993	0.774849055403396	0.680602081443083	0.810983870005552	0.578786892848202	0.624550769555782	NA	0.300569216860183	0.606391267738207	1.21377866698699	0.254859099413561	0.527899466601479	0.414485203455006	0.256361868071073	0.196725037609702	NA	0.114322720799833	NA	0.92512491449954
2.69825665778002	2.42984074297631	1.79695390100227	1.9860531067158	1.8669678506372	1.9377433828909	1.94903257919607	1.69466678653666	1.66246308080961	1.73658041657657	1.54839351195935	1.76478271410857	1.58952427821083	1.85171240073907	1.51664453269293	1.0902466989391	1.35000865094347	1.46886750176747	1.33176722848754	1.34062689507853	1.24408940567438	1.13054832023898	NA	1.11872517455819	1.35604901893573	1.07652174359512	1.34449243686122	0.794869112369753	1.05476630162453	0.74867308508375	0.686570586682549	0.368103771088486	0.453345470357909	0.327544780297375	0.386254558637738	NA	NA	0.438766662760075	0.412839929027946	NA
NA	NA	NA	NA	NA	NA	NA	NA	NA	NA	NA	NA	NA	NA	NA	NA	NA	NA	NA	NA	NA	NA	NA	NA	NA	NA	NA	NA	NA	NA	NA	NA	NA	NA	NA	NA	NA	NA	NA	NA
NA	NA	NA	NA	NA	NA	NA	NA	NA	NA	NA	NA	NA	NA	NA	NA	NA	NA	NA	NA	NA	NA	NA	NA	NA	NA	NA	NA	NA	NA	NA	NA	NA	NA	NA	NA	NA	NA	NA	NA
NA	NA	NA	NA	NA	NA	NA	NA	NA	NA	NA	NA	NA	NA	NA	NA	NA	NA	NA	NA	NA	NA	NA	NA	NA	NA	NA	NA	NA	NA	NA	NA	NA	NA	NA	NA	NA	NA	NA	NA
NA	1.39852734517374	NA	NA	NA	NA	NA	0.917182443784098	0.983114472163114	1.07734784843933	1.34090715109611	1.24035373259199	1.08749268306392	NA	NA	1.27520926319039	NA	1.29369073464566	0.75803427008627	NA	NA	NA	NA	0.971918504500874	NA	0.989613330777686	1.08563365596782	NA	0.453427575066297	0.227473941471122	1.39949063743646	0.695085649411065	0.52166929309856	NA	0.440260108884084	0.404281390558508	NA	0.392979905085723	0.314164361461159	1.01628933168677
NA	NA	NA	NA	NA	NA	NA	NA	NA	NA	NA	NA	NA	NA	NA	NA	NA	NA	NA	NA	NA	NA	NA	NA	NA	NA	NA	NA	NA	NA	NA	NA	NA	NA	NA	NA	NA	NA	NA	NA
NA	NA	NA	NA	NA	NA	NA	NA	NA	NA	NA	NA	NA	NA	NA	NA	NA	NA	NA	NA	NA	NA	NA	NA	NA	NA	NA	NA	NA	NA	NA	NA	NA	NA	NA	NA	NA	NA	NA	NA
NA	0.800828697319789	1.50659651218326	0.89819517859926	0.433548890277557	NA	NA	0.983761532834462	NA	1.95886536425028	NA	1.02132267482187	NA	NA	NA	NA	1.21805808115163	1.96389245208759	1.75622499445197	1.28637202918868	1.76947469046121	1.67840671219427	NA	1.34117527989701	NA	NA	1.15591339069478	1.09265801431988	1.0813142823559	1.27531560385109	1.22833631600228	1.19684768772969	0.737916778807107	NA	0.965246785861764	0.756603063293983	NA	0.582905964957116	0.777250555491259	0.829147112376926
NA	NA	NA	NA	NA	NA	NA	NA	NA	NA	NA	NA	NA	NA	NA	NA	NA	NA	NA	NA	NA	NA	NA	NA	NA	NA	NA	NA	NA	NA	NA	NA	NA	NA	NA	NA	NA	NA	NA	NA
NA	NA	NA	NA	NA	NA	1.25727865534315	0.743224588608126	NA	NA	NA	1.29979643663891	1.26051281907919	0.513438826181258	NA	NA	NA	0.676156412056337	NA	0.795580746935051	0.677825495398318	NA	NA	NA	NA	NA	NA	0.505205026811161	NA	NA	NA	NA	NA	NA	NA	NA	NA	NA	NA	2.07961055340759
NA	NA	NA	NA	NA	NA	NA	NA	NA	NA	NA	NA	NA	NA	NA	NA	NA	NA	NA	NA	NA	NA	NA	NA	NA	NA	NA	NA	NA	NA	NA	NA	NA	NA	NA	NA	NA	NA	NA	NA
NA	NA	NA	NA	NA	NA	NA	NA	NA	NA	NA	NA	NA	NA	NA	NA	NA	NA	NA	NA	NA	NA	NA	NA	NA	NA	NA	NA	NA	NA	NA	NA	NA	NA	NA	NA	NA	NA	NA	NA
NA	NA	NA	1.42231918592537	NA	2.23101552549214	NA	1.76054616784888	1.60969451881688	1.27413222529063	1.062948417727	1.91964159459219	NA	NA	1.71057380740164	1.51839182640361	1.42535586473795	1.10279404999144	1.41022531993782	1.04796447021618	NA	1.19368869945468	0.500849953505692	0.656070526080265	0.6071592455041	NA	0.218085805968189	NA	NA	NA	NA	NA	0.486681502173101	1.81255937648468	0.408950986613264	0.46418618561975	NA	NA	NA	NA
NA	NA	NA	NA	NA	NA	NA	NA	NA	NA	NA	NA	NA	NA	NA	NA	NA	NA	NA	NA	NA	NA	NA	NA	NA	NA	NA	NA	NA	NA	NA	NA	NA	NA	NA	NA	NA	NA	NA	NA
1.23846230343545	NA	0.416264860740165	NA	NA	NA	NA	1.08242388291156	NA	1.36843879600367	NA	NA	1.21004742001232	1.08760758710551	1.92046620700419	0.758715230076546	0.670173161971244	0.796995397979107	NA	0.604136939872444	NA	0.698005232773264	0.792625642467316	NA	0.412960906889101	0.849800421736448	NA	0.326195986313066	0.0326036631074141	0.555624940996996	0.464023205029882	1.81619554296738	0.672493898566993	NA	0.430242048947782	NA	NA	0.433102076487159	0.472642429083722	0.495252546094768
NA	NA	NA	NA	0.363871947191259	0.481431803171439	0.593931413346397	NA	NA	0.651292173909971	NA	NA	1.71818102296749	NA	1.83805393811564	1.86711811727873	NA	0.664814776719533	0.566090194027799	0.466868825109282	NA	0.319846057173254	NA	0.313232636370316	NA	0.710101740423149	NA	0.319135751320162	0.579768624934223	NA	0.566707542214259	0.605196347445204	NA	0.446589720891603	0.746969193311762	NA	NA	0.498532751863982	0.419169215707268	NA
NA	NA	NA	NA	1.87729242955127	NA	NA	NA	1.39784451342882	1.23895517295003	NA	NA	1.13976885241903	1.00107850151593	NA	NA	0.873550001645432	1.02288926693774	NA	1.0780502385636	NA	1.1120906074739	NA	1.13295633504226	NA	NA	NA	NA	1.16064184259967	0.582744709909063	NA	NA	2.08057960175554	NA	NA	NA	NA	0.623187490895657	1.508660972237	NA
NA	NA	NA	NA	NA	NA	NA	NA	NA	NA	NA	NA	NA	NA	NA	NA	NA	NA	NA	NA	NA	NA	NA	NA	NA	NA	NA	NA	NA	NA	NA	NA	NA	NA	NA	NA	NA	NA	NA	NA
0.787491693525823	1.2132798970695	1.37205392650986	NA	0.827808651109867	0.791204216718182	0.68550330161209	0.297083164342152	0.353304347308087	1.10545915592799	0.868954336599117	1.3413477779682	0.85274176159711	0.828887001365356	0.49014073812038	0.985832594447898	1.80697348417831	NA	NA	NA	NA	0.660513327754665	0.798210300609759	NA	1.96286228958886	NA	NA	0.957216659687151	NA	0.722620241135582	NA	0.435016174804873	0.470508100954769	0.644677852515805	0.47429629748764	NA	NA	0.215702814664365	NA	2.06105574590287
NA	NA	NA	1.61820240460501	NA	NA	1.08876117231365	0.765740362614407	0.624683016527165	NA	1.36089795810305	NA	NA	1.0172211933322	NA	1.17315895433172	0.894756258491305	NA	NA	0.633930509106087	NA	0.608977570644063	0.670846997708497	1.01663341133575	0.121209614038731	0.294375686920359	NA	0.487330802473992	0.580507726673184	0.226708987592981	0.806789620727525	NA	0.479779384161007	0.463382200855866	0.495269773414947	NA	NA	0.414825725292383	0.779909104178376	0.957513532648983
NA	NA	NA	NA	NA	NA	NA	NA	NA	NA	NA	NA	NA	NA	NA	NA	NA	NA	NA	NA	NA	NA	NA	NA	NA	NA	NA	NA	NA	NA	NA	NA	NA	NA	NA	NA	NA	NA	NA	NA
NA	1.62841143147566	NA	NA	NA	NA	1.10405908319796	NA	NA	NA	NA	0.838060214697803	NA	1.14747581946213	NA	0.98920322400813	NA	NA	NA	NA	NA	1.73205850450871	NA	NA	NA	0.222548698402385	NA	NA	1.78416638528613	2.03804339901298	0.97566015777974	NA	3.07634541720083	1.79753185659881	0.403640225300928	0.420210792569256	NA	NA	1.8997137710861	0.393443538414052
NA	NA	NA	NA	NA	NA	NA	NA	NA	NA	NA	NA	NA	NA	NA	NA	NA	NA	NA	NA	NA	NA	NA	NA	NA	NA	NA	NA	NA	NA	NA	NA	NA	NA	NA	NA	NA	NA	NA	NA
NA	NA	NA	NA	NA	NA	NA	NA	NA	NA	NA	NA	NA	NA	NA	NA	NA	NA	NA	NA	NA	NA	NA	NA	NA	NA	NA	NA	NA	NA	NA	NA	NA	NA	NA	NA	NA	NA	NA	NA
NA	NA	NA	NA	NA	NA	NA	NA	NA	NA	NA	NA	NA	NA	NA	NA	NA	NA	NA	NA	NA	NA	NA	NA	NA	NA	NA	NA	NA	NA	NA	NA	NA	NA	NA	NA	NA	NA	NA	NA
1.12918841499701	1.18372826017183	1.29138551683692	0.822639618251422	2.01285285757729	0.14688991351644	0.252684808106669	0.299601421138887	0.535364123827142	NA	1.87272409139835	NA	1.50204556174357	0.590483187909421	0.943896066665195	NA	1.36255429591649	NA	1.60420922338094	1.56750654046201	1.6410408057786	1.5619408161696	1.14312197221868	1.63572719642608	1.53439518792015	NA	0.725778600860719	NA	1.93019629650834	NA	NA	NA	0.546673287370533	NA	0.444627653623443	0.570631571190788	NA	NA	0.582988443625363	0.671726996084249
NA	NA	NA	NA	NA	NA	NA	NA	1.26227868898668	1.0463646168437	NA	NA	NA	NA	NA	1.61919649459811	0.813642181028713	1.22769169816144	NA	NA	NA	0.898372989755086	0.925744485436146	NA	NA	NA	NA	NA	1.25953937590178	NA	NA	1.45160012876414	NA	NA	NA	NA	NA	1.52092117961672	NA	1.3989793838205
NA	NA	NA	NA	1.3129335947074	0.927060773544467	NA	0.760410436521049	NA	NA	0.682183332309525	NA	NA	NA	NA	NA	NA	NA	1.09382824697426	NA	NA	NA	0.70979257348742	NA	0.838490014778692	NA	NA	NA	NA	NA	NA	0.475611322397853	0.832176767147091	1.07956227571246	NA	NA	NA	NA	NA	1.23264974494208
NA	NA	NA	NA	NA	NA	NA	NA	NA	NA	NA	NA	NA	NA	NA	NA	NA	NA	NA	NA	NA	NA	NA	NA	NA	NA	NA	NA	NA	NA	NA	NA	NA	NA	NA	NA	NA	NA	NA	NA
NA	NA	NA	NA	NA	NA	NA	NA	NA	NA	NA	NA	NA	NA	NA	NA	NA	NA	NA	NA	NA	NA	NA	NA	NA	NA	NA	NA	NA	NA	NA	NA	NA	NA	NA	NA	NA	NA	NA	NA
NA	NA	NA	NA	NA	NA	NA	NA	NA	NA	NA	NA	NA	NA	NA	NA	NA	NA	NA	NA	NA	NA	NA	NA	NA	NA	NA	NA	NA	NA	NA	NA	NA	NA	NA	NA	NA	NA	NA	NA
NA	NA	NA	1.96439642362598	NA	NA	NA	NA	NA	NA	NA	1.77705369852691	1.82383339203339	NA	NA	NA	NA	NA	NA	NA	NA	NA	0.728221507223904	NA	NA	NA	NA	1.06692431187334	NA	NA	NA	NA	NA	0.504258975188854	NA	0.90940408835578	NA	NA	0.780133045938259	1.13961126162048
NA	NA	1.28158332398222	NA	1.14946165074475	1.57422780400644	NA	0.648785480771304	1.37439335866445	NA	1.82304406201093	NA	NA	1.93879862412273	1.65453251840946	NA	1.95112221888282	1.35765060211488	1.80575118160431	1.42351350400887	0.670370589571945	NA	1.50044216479296	1.19600262297396	0.709614318396048	1.01374442653967	0.628424856999536	2.31734473038324	0.452190733388098	0.458656973081232	NA	1.68395284417387	1.79851550159964	1.51040336432893	0.743331652427477	2.02866877055236	NA	0.64094618925948	0.491485358450372	1.04708114626725
NA	NA	NA	NA	NA	NA	NA	NA	NA	NA	NA	NA	NA	NA	NA	NA	NA	NA	NA	NA	NA	NA	NA	NA	NA	NA	NA	NA	NA	NA	NA	NA	NA	NA	NA	NA	NA	NA	NA	NA
1.75022478258577	NA	0.938880356487208	NA	1.88487678837529	2.16123690361027	1.03464230716467	1.02374016475264	1.68359481086708	1.40698560594465	NA	NA	NA	2.06968114291367	1.79743902824677	2.29958733782854	2.23560407854579	2.32540528158045	2.31871127100297	1.12575501811755	1.72237131436095	1.45328838648494	NA	1.43321698815697	1.188213118613	1.36725095814322	1.0825723657205	0.564380504415973	0.332745617985122	NA	NA	0.554554327451824	0.596607493904298	NA	NA	0.786624213209054	NA	0.600923916949621	0.799821423439893	0.866259997896904
NA	1.36457407024435	1.71523515529485	NA	NA	NA	1.53115193991215	1.45691514702286	1.16560458340739	NA	1.22090699813618	1.79771459750859	1.7069277809895	1.76896749555706	1.19333744341022	NA	1.75292696778867	NA	NA	1.48495990627505	1.05101260646395	1.08677346681995	NA	NA	1.49471255424469	1.2737776395082	NA	NA	1.65720935748808	NA	NA	NA	1.1785237183834	1.16658277282915	NA	NA	NA	NA	0.384140119428221	0.635552608154365
NA	NA	NA	NA	NA	NA	NA	NA	NA	NA	NA	NA	NA	NA	NA	NA	NA	NA	NA	NA	NA	NA	NA	NA	NA	NA	NA	NA	NA	NA	NA	NA	NA	NA	NA	NA	NA	NA	NA	NA
NA	NA	NA	NA	NA	NA	NA	NA	NA	NA	NA	NA	NA	NA	NA	NA	NA	NA	NA	NA	NA	NA	NA	NA	NA	NA	NA	NA	NA	NA	NA	NA	NA	NA	NA	NA	NA	NA	NA	NA
NA	NA	NA	NA	NA	NA	NA	NA	NA	NA	NA	NA	NA	NA	NA	NA	NA	NA	NA	NA	NA	NA	NA	NA	NA	NA	NA	NA	NA	NA	NA	NA	NA	NA	NA	NA	NA	NA	NA	NA
1.29923797357388	0.938139045739822	NA	NA	NA	NA	0.669340759404911	NA	NA	0.894684684906423	NA	NA	NA	NA	NA	NA	NA	NA	NA	NA	NA	NA	NA	NA	NA	NA	NA	NA	NA	NA	NA	0.434337069111123	NA	0.535822032477457	0.709679019484355	NA	NA	NA	NA	0.916213680609914
NA	NA	1.00705123856218	NA	1.84868600090897	1.29720258467288	NA	2.34930386888077	2.1505415273478	1.77092768738598	1.66300701036707	2.00789322200434	NA	NA	0.487374118930888	1.91731439372329	NA	1.74135608875532	NA	0.607374627940512	1.43643198530477	2.42374427181421	2.15085382702068	1.89137464113663	1.83465143751379	2.13758352248575	NA	NA	0.481402507830395	NA	0.508003057638473	0.60132340738937	0.614114289745591	0.324941658078208	NA	NA	NA	0.303456901516038	0.365207514908687	0.429030131761412
NA	NA	NA	NA	NA	NA	NA	NA	NA	NA	NA	NA	NA	NA	NA	NA	NA	NA	NA	NA	NA	NA	NA	NA	NA	NA	NA	NA	NA	NA	NA	NA	NA	NA	NA	NA	NA	NA	NA	NA
NA	NA	NA	NA	NA	NA	NA	NA	NA	NA	NA	NA	NA	NA	NA	NA	NA	NA	NA	NA	NA	NA	NA	NA	NA	NA	NA	NA	NA	NA	NA	NA	NA	NA	NA	NA	NA	NA	NA	NA
NA	NA	NA	NA	NA	NA	NA	NA	NA	NA	NA	NA	NA	NA	NA	NA	NA	NA	NA	NA	NA	NA	NA	NA	NA	NA	NA	NA	NA	NA	NA	NA	NA	NA	NA	NA	NA	NA	NA	NA
NA	NA	NA	NA	NA	NA	NA	NA	NA	NA	NA	NA	NA	NA	NA	NA	NA	NA	NA	NA	NA	NA	NA	NA	NA	NA	NA	NA	NA	NA	NA	NA	NA	NA	NA	NA	NA	NA	NA	NA
NA	0.565716148989684	NA	NA	0.471257456957532	NA	NA	NA	NA	0.660813231910773	0.595809235539241	NA	0.895420844839455	NA	NA	1.22933719269649	0.60000273750729	0.992936603490478	1.03693320349696	0.449525532713497	NA	NA	1.01516937031354	0.881281434810755	0.814840190084091	NA	0.913892719628617	NA	NA	NA	NA	NA	1.61343705552826	2.37934242235158	1.90702594959488	NA	NA	1.88603906889013	NA	NA
NA	NA	NA	1.19507481741057	NA	NA	NA	NA	NA	0.728555430665302	0.581842505571099	0.382259629803935	NA	0.395168936237205	NA	NA	0.676128623659456	NA	0.749298911582481	0.800140035243772	NA	NA	NA	NA	0.878347942114158	1.06552234082806	0.994281232117589	NA	0.54527347614427	0.52183670291308	0.663706716331058	0.412461208099087	NA	0.26378360695352	NA	0.372959993696976	NA	0.520975416364153	NA	0.479358422738674
NA	NA	NA	NA	NA	NA	NA	NA	NA	NA	NA	NA	NA	NA	NA	NA	NA	NA	NA	NA	NA	NA	NA	NA	NA	NA	NA	NA	NA	NA	NA	NA	NA	NA	NA	NA	NA	NA	NA	NA
NA	NA	NA	NA	NA	NA	NA	NA	NA	NA	NA	NA	NA	NA	NA	NA	NA	NA	NA	NA	NA	NA	NA	NA	NA	NA	NA	NA	NA	NA	NA	NA	NA	NA	NA	NA	NA	NA	NA	NA
NA	NA	NA	NA	NA	NA	NA	NA	NA	NA	NA	NA	NA	NA	NA	NA	NA	NA	NA	NA	NA	NA	NA	NA	NA	NA	NA	NA	NA	NA	NA	NA	NA	NA	NA	NA	NA	NA	NA	NA
1.10110582210659	0.451598747656328	0.337062769718058	0.912777909561985	0.841068887443912	0.988953846516328	0.668205061753318	0.637020565623797	0.35905087666513	0.587355284346446	NA	0.546106807071383	1.13879495555992	NA	0.467362235353232	0.648373210841004	NA	1.00826606192819	0.668433687909712	NA	0.809947121389466	NA	0.935343327576475	1.03444499202563	1.34217135051898	0.234654034979984	1.53295126802879	1.047531815378	1.10142420210872	0.855561068778051	NA	NA	0.747280683458852	NA	0.582089967301032	0.410044705385996	NA	0.273876623901326	0.174194244524835	0.4411505748458
NA	1.19568077536448	0.419487765852362	NA	NA	NA	0.327964264428933	1.31717659650372	NA	NA	NA	0.840446142966014	NA	NA	1.27844890225422	NA	NA	1.53151154432656	NA	NA	NA	NA	NA	1.15636506466471	NA	NA	NA	1.42383179024078	NA	NA	NA	NA	NA	NA	NA	NA	NA	NA	NA	NA
NA	NA	NA	NA	NA	NA	NA	NA	NA	NA	NA	NA	NA	NA	NA	NA	NA	NA	NA	1.31104808164421	NA	1.6755284463036	NA	0.425713216338351	NA	NA	0.441008408951539	NA	NA	NA	NA	NA	0.529399515886102	NA	NA	0.329577797488545	NA	NA	NA	NA
NA	NA	1.65089870265438	NA	1.510534262058	1.29530289238252	1.61812757460765	NA	1.60722593310757	NA	1.80382340463694	1.71420829408725	1.6045565436542	1.7019042670571	1.59848758518526	1.63932429700906	NA	NA	NA	1.76169919271332	NA	1.42318582555807	1.32354124841129	1.44150455602835	1.2619883056224	1.40069025659512	NA	1.23022242690461	0.916489038717337	NA	NA	0.509589948378773	0.326818535637237	0.362391009656769	0.29214590940776	0.555588280900963	NA	0.221081810995767	NA	0.572110443978177
NA	1.10576632312215	1.32516994495605	1.27307196281541	1.18376070125162	NA	1.15917269831624	1.25975700624953	1.005121237605	NA	1.10990744368656	1.49639352029468	1.42255841613925	1.08219206067186	1.20694969873998	0.874939826211331	NA	0.741217493588951	NA	0.730050995683087	1.217212829802	1.31017661284089	1.56594821173412	0.880162435219151	1.05538035994732	NA	0.865029996544489	0.709842416126183	0.592340528777582	0.641127641340566	0.723386475216605	0.419523471175105	1.15082386131078	0.544829104577431	0.626985415679817	0.41017818083652	NA	NA	0.396390067489322	0.538603996502366
NA	1.20076683451297	1.1512501258924	1.18790774813379	1.29459999744176	1.33347878794447	NA	NA	0.910580667750806	0.179589228323218	NA	1.06098564729545	NA	0.938177230486888	NA	NA	0.450752619909023	0.278074986040017	NA	0.988524418316423	NA	1.29276635512127	0.592678192547186	0.339139086208946	0.683553548780035	0.679551627722607	NA	0.884022799717002	0.67963925330898	NA	1.28107121139821	NA	0.633087680628455	0.342625758363481	NA	NA	NA	NA	1.20776982602181	NA
NA	NA	NA	NA	NA	NA	NA	NA	NA	NA	NA	NA	NA	NA	NA	NA	NA	NA	NA	NA	NA	NA	NA	NA	NA	NA	NA	NA	NA	NA	NA	NA	NA	NA	NA	NA	NA	NA	NA	NA
NA	0.838797125383446	1.10171196820721	NA	NA	0.717592925035006	0.862145073505115	0.529098423426738	0.611389592419008	NA	0.766925350681146	NA	NA	NA	0.410177408434383	NA	NA	NA	NA	1.36180878845156	NA	0.733528187875473	0.433726843980508	1.29390202039802	NA	0.847135675656884	NA	NA	0.352876110050632	NA	NA	NA	0.462358359688072	NA	0.517577699056571	NA	NA	NA	0.403509848670938	NA
NA	1.54366697063948	1.22034677941776	NA	NA	0.80155837239943	0.911833729009781	0.898880324282312	0.958545118992235	1.40461490955996	1.17118498852819	NA	1.04371691444437	1.85585140629662	1.62970382223161	1.85265472534038	0.69475102231424	1.62632767833964	1.15846146697941	1.45739815562597	1.38768161784684	1.4120331114085	1.47509522845878	1.45459688801085	1.55258220006044	NA	0.442780395554369	NA	NA	1.09929043580986	0.513491246437864	0.547828174079759	0.893399549533561	NA	0.45749543191394	1.41571571775211	NA	NA	1.83581684478627	NA
1.53329519860875	1.48287699256215	1.48664095558486	NA	1.34909589759164	NA	1.13493063253746	1.59671879669185	NA	NA	1.45333651075675	1.21413342645783	NA	NA	NA	NA	2.95811373029105	1.53163524511223	NA	1.29228010103118	1.58473068074651	2.02711123465109	2.04598542172559	0.932250693766488	1.26636033883101	NA	0.950535942179804	NA	1.63747943352338	0.618518114148483	2.25258766951904	2.1399625020701	2.20720334623276	2.20083509579249	NA	1.77134082650129	NA	2.9264310550385	NA	2.09039433313879
0.755306671548527	0.85983043166063	1.13955622940926	NA	NA	1.13921161937496	0.666320579853061	1.2164350527054	1.35988442313845	0.885291187477813	0.990378196587208	NA	1.2764364376112	1.09684797377467	NA	1.2789090623325	1.58430289653212	1.46294047162737	1.04836783502333	NA	1.40294680314942	1.06051022961778	1.00316621754915	0.91110100019812	1.30530175221649	1.59401351756365	NA	0.389308469505174	0.436402634337665	NA	NA	1.18177580431669	0.655469594169379	0.324534904113188	NA	NA	NA	1.42794597736954	0.523418781874519	1.07030880033811
NA	NA	NA	NA	NA	NA	NA	NA	NA	NA	NA	NA	NA	NA	NA	NA	NA	NA	NA	NA	NA	NA	NA	NA	NA	NA	NA	NA	NA	NA	NA	NA	NA	NA	NA	NA	NA	NA	NA	NA
NA	NA	NA	NA	NA	NA	NA	NA	NA	NA	NA	NA	NA	NA	NA	NA	NA	NA	NA	NA	NA	NA	NA	NA	NA	NA	NA	NA	NA	NA	NA	NA	NA	NA	NA	NA	NA	NA	NA	NA
NA	NA	NA	NA	NA	NA	NA	NA	NA	NA	NA	NA	NA	NA	NA	NA	NA	NA	NA	NA	NA	NA	NA	NA	NA	NA	NA	NA	NA	NA	NA	NA	NA	NA	NA	NA	NA	NA	NA	NA
NA	NA	NA	NA	NA	NA	NA	NA	NA	NA	NA	NA	NA	NA	NA	NA	NA	NA	NA	NA	NA	NA	NA	NA	NA	NA	NA	NA	NA	NA	NA	NA	NA	NA	NA	NA	NA	NA	NA	NA
NA	NA	NA	NA	NA	NA	NA	NA	NA	NA	NA	NA	NA	NA	NA	NA	NA	NA	NA	NA	NA	NA	NA	NA	NA	NA	NA	NA	NA	NA	NA	NA	NA	NA	NA	NA	NA	NA	NA	NA
NA	NA	NA	NA	NA	NA	0.650181468215661	1.40213727249965	NA	0.850408587256307	NA	0.55667753109872	0.762118864499832	0.861521957958578	0.814735262114091	NA	0.589820456343794	0.573413052078277	NA	NA	0.48104117267146	1.46436138672509	0.4249653490013	NA	NA	NA	0.690099987498027	NA	NA	NA	NA	NA	0.495969470266817	NA	NA	0.708626993052176	NA	NA	NA	0.178183941842529
1.87036221163081	NA	1.57838927455773	NA	NA	1.43035254277138	1.47568425903264	1.28027661816013	1.40172731066471	1.75479709582232	1.37575469731495	1.47574492465132	NA	1.33835819494724	NA	NA	NA	1.14118219846382	NA	0.962944551564527	0.671198700917249	0.727447187871239	0.651437474343876	0.778041780599449	0.532880732741721	0.525609571866076	NA	0.534959927206942	0.582110966381443	0.361174801546812	NA	0.318837868994555	0.397730972557501	NA	0.178447633138229	0.419953050409326	NA	0.209794699795372	NA	NA
0.562844155528996	1.21212136923848	1.80247756375593	1.85133750170645	NA	1.26807850220933	1.53313254332073	1.27121343049958	1.30877031790577	1.32274028620885	NA	NA	1.26435581418187	NA	0.733457914375171	NA	NA	NA	1.01844868853055	0.892814383460334	1.28561738791232	1.40393991984972	1.39780112747973	1.41596511193762	1.51022161039799	1.19349779600606	0.886192167243216	1.4236104828073	NA	1.89780335799779	NA	0.963675550016921	1.63205009200417	NA	NA	1.10598609335615	NA	NA	NA	NA
NA	NA	NA	NA	1.39738265889108	NA	NA	NA	NA	1.08790048002368	NA	1.26041622380593	NA	NA	NA	NA	0.877928011542487	1.01829712680385	0.942962865984486	0.761750769808671	0.611467390671953	0.653810803959527	0.454566648411586	0.702544023881183	0.789718345027309	0.671303895250318	0.612250642667926	1.11404524122734	0.906600504197149	NA	1.64783174548406	NA	1.2094898161597	0.775405576076413	NA	NA	NA	0.41889949851577	0.409371655743733	NA
NA	NA	1.58760914255381	1.46788817118362	1.33564323573137	NA	NA	2.04624434178439	1.42353478454258	NA	NA	1.1007599537305	NA	NA	1.6662893063596	1.58525775349741	1.52425919915091	NA	NA	NA	1.01146086364541	NA	0.932131837300119	1.94869997653347	NA	NA	NA	0.554853622565048	1.94321984774757	0.918589515179342	NA	NA	NA	0.576343665556557	NA	0.446191314806253	NA	NA	0.192953324940775	NA
NA	NA	NA	NA	NA	NA	NA	NA	NA	NA	NA	NA	NA	NA	NA	NA	NA	NA	NA	NA	NA	NA	NA	NA	NA	NA	NA	NA	NA	NA	NA	NA	NA	NA	NA	NA	NA	NA	NA	NA
NA	NA	NA	NA	NA	NA	NA	NA	NA	NA	NA	NA	NA	NA	NA	NA	NA	NA	NA	NA	NA	NA	NA	NA	NA	NA	NA	NA	NA	NA	NA	NA	NA	NA	NA	NA	NA	NA	NA	NA
NA	NA	NA	NA	NA	NA	NA	NA	NA	NA	NA	NA	NA	NA	NA	NA	NA	NA	NA	NA	NA	NA	NA	NA	NA	NA	NA	NA	NA	NA	NA	NA	NA	NA	NA	NA	NA	NA	NA	NA
NA	0.784196086970311	0.695943912622286	NA	0.68066317852848	1.95484350450598	1.04470617513223	0.510151741595417	0.610952150360157	0.872831870016229	0.633086485431578	0.503225480161743	0.987063518546128	NA	1.13219188570857	0.991115046076024	1.67756199752669	0.543884862441453	0.2027618736826	0.601244121333212	1.85213194690915	NA	NA	0.800213092364299	1.41985452585781	0.789206249415898	1.53584922367324	0.887002294161607	1.53539494431611	1.50319676201604	1.58898669909378	1.44564809895113	1.44673942369662	NA	1.53800897168161	NA	NA	NA	1.57189321485636	1.46344090339941
0.73876537579072	NA	0.729887720956944	0.425163956073598	NA	0.448807052715234	0.691043914413724	0.516259709900807	0.517142688117772	NA	NA	NA	NA	0.615572469210182	NA	1.03225235407546	0.813338412072626	0.560954082353936	NA	0.476989828873449	NA	NA	1.08127287276006	NA	NA	NA	NA	NA	0.64660437626484	NA	0.469419958296988	0.471583877591562	0.546698508647024	NA	NA	NA	NA	NA	NA	NA
NA	NA	NA	NA	0.165012864668811	0.66593123152574	NA	0.707355102777958	NA	0.866302479588996	NA	0.745264583669052	0.547067643935242	NA	NA	0.894208361345736	NA	0.740902846870122	NA	NA	0.436035620522187	0.20607140491331	NA	0.266551263373394	NA	NA	0.816571070245396	NA	NA	1.1640326085734	NA	NA	NA	NA	NA	NA	NA	NA	NA	NA
NA	NA	NA	NA	NA	NA	NA	NA	NA	NA	NA	NA	NA	NA	NA	NA	NA	NA	NA	NA	NA	NA	NA	NA	NA	NA	NA	NA	NA	NA	NA	NA	NA	NA	NA	NA	NA	NA	NA	NA
NA	NA	NA	NA	NA	NA	NA	NA	NA	NA	NA	NA	NA	NA	NA	NA	NA	NA	NA	NA	NA	NA	NA	NA	NA	NA	NA	NA	NA	NA	NA	NA	NA	NA	NA	NA	NA	NA	NA	NA
NA	NA	NA	NA	NA	NA	NA	NA	NA	NA	NA	NA	NA	NA	NA	NA	NA	NA	NA	NA	NA	NA	NA	NA	NA	NA	NA	NA	NA	NA	NA	NA	NA	NA	NA	NA	NA	NA	NA	NA
NA	NA	NA	NA	NA	NA	NA	NA	NA	NA	NA	NA	NA	NA	NA	NA	NA	NA	NA	NA	NA	NA	NA	NA	NA	NA	NA	NA	NA	NA	NA	NA	NA	NA	NA	NA	NA	NA	NA	NA
NA	NA	2.93167393633616	1.56870744154898	NA	NA	1.40641405355011	1.92581855387056	1.63824947936261	1.08252001395519	NA	1.57444672231391	NA	NA	1.71738686195911	1.14562804225686	1.28236967059117	1.06480062655836	NA	NA	NA	1.60540107028459	NA	NA	NA	1.30808748460701	1.15167890452831	NA	NA	0.372782734874538	0.563602654912641	NA	0.749546962085701	NA	NA	0.270456362766335	NA	NA	NA	NA
NA	2.70855753966201	NA	NA	NA	NA	NA	2.35627315322959	1.52446626253301	NA	2.42314766132035	2.28932887509841	2.08329215735112	NA	1.99792628360158	NA	2.09630749112072	NA	2.4771853890604	2.28344016622444	2.50893619091764	1.40528651839134	NA	NA	NA	NA	2.54374596908115	NA	NA	2.04186991561584	NA	NA	2.0032101734582	NA	NA	3.01268030013982	NA	NA	NA	1.41254523849369
NA	NA	NA	NA	NA	NA	NA	NA	NA	NA	NA	1.87030166021158	NA	1.35273816041945	2.12101827198179	1.88280199520657	NA	NA	NA	1.89208469804717	2.29519967376876	1.53133810090154	NA	NA	NA	NA	NA	NA	NA	NA	NA	NA	NA	NA	NA	NA	NA	NA	NA	NA
NA	2.7707286519436	NA	NA	NA	2.22104695145074	NA	2.57667485207463	NA	NA	1.63716728954817	2.00096814040295	1.89713375714495	1.69261035310119	1.63265041144729	2.00030097333458	1.56367371056544	1.54485879642719	NA	NA	NA	1.32024700443466	1.48909998194133	1.24694814134012	1.37494316849077	1.7161829045722	0.923218245505057	1.26831099229894	0.905117699599989	1.22093868662366	0.881895932819695	0.525792262721915	0.217007478484051	0.315766758893501	0.303201936214338	0.227850739488374	NA	0.339502455512555	NA	NA
2.02719696438454	NA	2.41423042669173	NA	2.2983269345678	0.785254678907197	2.80490007367851	1.11533754233708	2.46604237747457	1.75583538470528	NA	1.59713762763419	NA	NA	NA	NA	NA	2.54103245636554	3.05137029626513	NA	1.9480404058484	NA	2.62236505975947	NA	2.51780950518115	NA	1.67516417517089	1.84830963499915	0.91976331664602	1.73132491243409	NA	0.417166033365261	1.06750156656941	1.43649072842942	NA	NA	NA	NA	1.96077371973779	NA
1.69521378623918	1.42388165276385	1.4529454897392	1.48592986749237	1.63022594039577	1.6061065226049	NA	1.26961845618449	1.59587450415018	NA	1.2133841865193	1.31592856792733	1.34669250834511	0.535486480861968	NA	0.950996170845535	NA	NA	1.47969889835891	1.18046712797149	1.05457863515137	1.14709793556598	1.07332023807721	0.87769272695393	0.445071736756408	NA	NA	0.498475747435899	0.543990014978181	0.804147143598749	NA	NA	NA	0.75288569942284	NA	NA	NA	NA	1.43272003703752	1.31885731162221
0.707211200041605	0.56258072625976	NA	NA	NA	0.180260948931007	NA	NA	NA	1.30301498938051	NA	NA	NA	NA	NA	0.566474693633645	NA	NA	0.288980690206956	NA	0.219466550476365	NA	NA	0.764173251268875	0.636034605516957	NA	0.694154746317446	0.75421743203891	0.876440208457598	0.742391858822478	NA	0.584205305151055	0.274471166962724	NA	NA	0.430388891503603	NA	NA	NA	NA
1.39848783855866	1.08166578409797	NA	1.13669321196419	2.00587892336046	1.60641557809608	1.78428540923186	1.53750970213978	1.37690653943162	NA	NA	1.24445140232777	1.10967233838353	1.39384690386404	NA	1.09677610515804	NA	NA	NA	0.322699675880893	1.55605280123466	1.43635594741979	0.881592756060134	1.46247809912137	1.6107832886692	0.175559703677353	NA	1.37003729658032	1.73695423228195	1.39097035549885	NA	1.97656300917887	2.16466322023616	NA	NA	0.233971969321777	NA	NA	NA	1.98627813925058
NA	NA	NA	NA	NA	NA	1.42202324703862	1.71715396105973	NA	NA	NA	NA	NA	1.11089901184126	0.595507922026449	NA	1.90560098261266	2.07566607230257	NA	0.196651411170352	NA	0.362499641558375	0.414026026704357	1.6996966798573	1.56864557295314	1.70514126022876	NA	NA	2.14645499703247	1.24595645533421	NA	NA	1.57770681943672	1.93564086501488	1.54100149192413	1.59410046325014	NA	0.41484482055162	0.477870391983237	0.593345721552613
NA	NA	NA	NA	NA	NA	NA	NA	NA	NA	NA	NA	NA	NA	NA	NA	NA	NA	NA	NA	NA	NA	NA	NA	NA	NA	NA	NA	NA	NA	NA	NA	NA	NA	NA	NA	NA	NA	NA	NA
NA	NA	NA	NA	NA	NA	NA	NA	NA	NA	NA	NA	NA	NA	NA	NA	NA	NA	NA	NA	NA	NA	NA	NA	NA	NA	NA	NA	NA	NA	NA	NA	NA	NA	NA	NA	NA	NA	NA	NA
NA	NA	NA	NA	NA	NA	1.42231590925021	1.30398925824967	NA	0.586020399750954	NA	NA	NA	NA	NA	1.1767931552329	NA	NA	1.57129194910985	0.702487157207382	NA	0.367926218051001	0.104858827297878	NA	0.42926317944627	0.522311652038513	NA	0.742743532521987	NA	NA	0.732112542333341	1.18200954919233	1.137204479833	1.22112915818195	0.755838710325764	0.732054427998137	NA	NA	NA	0.617871512265028
NA	NA	NA	NA	NA	NA	NA	NA	NA	NA	NA	NA	NA	NA	NA	NA	NA	NA	NA	NA	NA	NA	NA	NA	NA	NA	NA	NA	NA	NA	NA	NA	NA	NA	NA	NA	NA	NA	NA	NA
NA	NA	NA	NA	NA	NA	NA	NA	NA	NA	NA	NA	NA	NA	NA	NA	NA	NA	NA	NA	NA	NA	NA	NA	NA	NA	NA	NA	NA	NA	NA	NA	NA	NA	NA	NA	NA	NA	NA	NA
NA	NA	NA	NA	NA	NA	NA	NA	NA	NA	NA	NA	NA	NA	NA	NA	NA	NA	NA	NA	NA	NA	NA	NA	NA	NA	NA	NA	NA	NA	NA	NA	NA	NA	NA	NA	NA	NA	NA	NA
0.934885822458942	1.29634202181897	1.29523373198446	NA	0.945389902491743	1.7786322917868	NA	1.01907944428632	0.674307740997153	NA	1.79555759271328	0.89298831353775	1.73603690658219	NA	0.736539431808606	NA	NA	NA	1.04283546000573	1.07612572385853	NA	1.35902350268887	1.07099268111559	NA	1.16347197156066	1.06619121460586	NA	1.71538704424205	NA	NA	NA	2.19409758871429	0.987503162226316	NA	0.661361999537995	NA	NA	1.32894243817089	NA	0.996162232374271
NA	NA	NA	NA	1.22793183535962	1.2384956116249	1.19008028139369	NA	NA	NA	NA	1.06766999590733	NA	NA	1.23497341019276	1.00388806536723	0.90073065716882	NA	NA	NA	NA	NA	NA	NA	0.771458429508033	NA	NA	NA	1.04486905193167	NA	NA	0.940415445226402	0.367662536423465	NA	NA	0.0589729527671094	NA	NA	0.510136667154917	0.80116325200654
0.973053225331599	1.50205789723456	NA	NA	1.4504913209703	1.08268798833716	1.13244599466475	0.884369538886095	NA	1.85115839579799	NA	1.75202725451992	NA	2.16146892780282	NA	1.86969394216705	1.68570155625111	NA	NA	1.09325883556845	NA	1.01001076945617	NA	NA	0.976346426473492	NA	1.06270708050055	0.259198995111902	0.267227341658661	1.24944365183508	1.03209360612149	NA	0.642607274764442	0.582624882427224	0.303514922786417	0.202569205137183	NA	0.373533767828514	0.93577237051088	NA
NA	NA	NA	NA	NA	NA	NA	NA	NA	NA	NA	NA	NA	NA	NA	NA	NA	NA	NA	NA	NA	NA	NA	NA	NA	NA	NA	NA	NA	NA	NA	NA	NA	NA	NA	NA	NA	NA	NA	NA
NA	NA	1.99550878541274	NA	1.24642450676315	NA	NA	0.932969611864113	NA	NA	NA	NA	0.898090037434518	NA	NA	NA	1.04741173611857	NA	1.57654243989929	NA	1.80278486800737	1.73527124747423	1.04426021852135	1.19558744859245	NA	NA	NA	NA	NA	0.310462620883554	0.541987291412094	0.558173261720749	0.271820373758663	0.421444939738977	0.411276534973626	NA	NA	NA	NA	NA
NA	NA	NA	NA	NA	NA	NA	NA	NA	NA	NA	NA	NA	NA	NA	NA	NA	NA	NA	NA	NA	NA	NA	NA	NA	NA	NA	NA	NA	NA	NA	NA	NA	NA	NA	NA	NA	NA	NA	NA
0.724996959432436	NA	0.581329917851126	NA	0.96253004571513	2.32518728636721	2.54054120955537	0.671625327408977	0.588251038782274	2.01377752614264	0.84465955631278	0.96227642742117	1.7763556853475	2.05395073638334	1.77771412013649	0.783702931395617	1.14102874278175	0.505856188070566	0.753316812212545	0.744930554690595	2.265461616957	1.55348265430516	1.59599369576071	0.472492628263921	0.966928770169033	1.04634414058036	1.56400281179885	0.834295270015726	0.641640007171254	NA	0.834418990121823	0.709316249237818	NA	0.287089449553835	0.776412499413407	0.1461030138632	NA	0.382292045516019	0.831120227484777	0.363429012104041
0.516166741472928	NA	NA	NA	NA	NA	0.635571989228115	0.871439220238258	0.874568180768496	0.551909481059879	NA	1.49145287803808	1.46901266722373	0.936283932395756	0.806148888106344	0.64569027841787	0.705089984679597	1.26203771799752	NA	1.3087608890197	NA	0.165057977806457	0.371103525681046	0.259369841719374	0.784547246639041	NA	0.758934715628999	NA	0.404009312037892	0.521041666289328	NA	0.3159260440506	0.453429113900082	1.02422453088516	NA	1.27089164014985	NA	0.979161683217308	1.05306905543792	1.16163612808142
NA	1.18473013486239	1.07838398384632	1.66797210914236	NA	NA	NA	NA	1.00060172311533	2.08337734500744	NA	NA	NA	1.88242368010138	NA	1.23200782397597	1.94477508538354	NA	NA	NA	0.954466557813636	0.43075833553443	1.1125490566982	0.703665919672508	NA	0.352002861141975	0.701665494507445	NA	1.36832293400043	0.810841678869777	NA	0.844360516171472	NA	NA	NA	NA	NA	1.43254800349992	NA	0.877053803438662
NA	NA	NA	NA	NA	NA	NA	NA	NA	NA	NA	NA	NA	NA	NA	NA	NA	NA	NA	NA	NA	NA	NA	NA	NA	NA	NA	NA	NA	NA	NA	NA	NA	NA	NA	NA	NA	NA	NA	NA
NA	NA	NA	NA	NA	NA	NA	NA	NA	NA	NA	NA	NA	NA	NA	NA	NA	NA	NA	NA	NA	NA	NA	NA	NA	NA	NA	NA	NA	NA	NA	NA	NA	NA	NA	NA	NA	NA	NA	NA
0.602751877213849	0.569437048013622	1.27959429245302	NA	0.954344040491765	0.492637997588812	1.58327239490098	0.546586387911379	NA	1.02738387569896	0.894997129121466	1.06544301568899	1.32851356172404	0.581438929879636	0.441917058873596	NA	0.577159774597425	0.369638757655128	0.660842078909234	0.886670705685373	1.57339327711735	NA	0.945817737788591	0.636643976608162	0.457296555358836	0.820739120847889	NA	0.566480886490017	NA	1.27868982541865	0.763877228109716	1.51098638829606	0.305284311546697	0.96345584083039	1.26811437659491	0.935677294171902	NA	0.678587587984536	0.392143792982139	0.749958773889468
NA	NA	NA	NA	1.12500615549493	NA	NA	0.627067684156858	1.06492207940876	0.559019843641653	NA	0.714702131826114	NA	NA	NA	NA	1.02544761669294	NA	NA	0.822915499377541	1.0462518926127	0.656475759586732	0.597057902572537	1.73773831653747	NA	NA	NA	0.751696972131555	0.689189197766212	0.454573883600824	0.308905944495097	0.399605294359409	NA	NA	NA	0.232869109644348	NA	0.127917713467178	0.206409718582467	NA
1.1065964402876	0.813852188423664	0.857194771373347	NA	0.822260566565708	0.898871502253632	1.28354470270528	1.22990567457406	1.89323343336336	1.65861283957441	0.698562759785608	0.957602117752474	1.10216277964534	0.474306647863729	0.593818454323559	0.653472698167846	NA	0.364913755329589	NA	0.311232472352272	0.209482589710647	0.546580823887542	0.368599361614192	0.679545003779455	NA	0.422402611437426	0.595691787664185	0.211104408127878	0.104145454070353	0.310058049900292	0.65451688103182	0.372223332944066	0.606032422552327	0.374420144678883	0.422812428393339	0.406006676765912	NA	0.678366637484844	NA	0.636300519643364
NA	0.955893800981258	1.11432986455135	1.15609659390277	NA	1.39001495149018	1.33995854357467	NA	1.38382218030855	1.33397432159078	NA	NA	1.06911854162613	1.1084313219853	0.547548715654358	1.05863975641191	2.26400218182224	1.38930102092904	0.979656444960568	1.00646938785464	1.42929045002097	NA	0.903049972351462	0.839007042248885	1.00696521346877	1.19844427184971	0.790506016361777	0.661692712417252	0.866567587734988	0.930240063651187	NA	0.38188236294749	NA	1.91474426528517	NA	0.497657971252363	NA	NA	0.780781344844218	NA
NA	NA	NA	NA	0.412487251480289	0.786314513577626	NA	1.08552179596226	0.608443084252056	NA	NA	0.717314258113993	NA	2.17972320843856	1.09531729823541	NA	NA	NA	NA	NA	NA	0.959564083279326	0.822771950164966	0.864478768660217	NA	0.429023786645172	NA	NA	0.776391311530695	NA	NA	1.29232928950484	1.29446083572272	1.75662447171768	NA	1.29985469150649	NA	NA	NA	0.612897820624114
NA	NA	NA	NA	NA	NA	NA	NA	NA	NA	NA	NA	NA	NA	NA	NA	NA	NA	NA	NA	NA	NA	NA	NA	NA	NA	NA	NA	NA	NA	NA	NA	NA	NA	NA	NA	NA	NA	NA	NA
NA	NA	NA	0.917970443303659	0.711584452652366	0.985458999903714	1.5932337606719	NA	NA	NA	1.09347021833295	NA	NA	NA	NA	0.92648984748724	NA	0.946465622978258	1.14061957436683	0.680467328685497	0.495748900462289	0.556437488209241	NA	1.29826704336231	0.405843584439814	NA	NA	NA	0.827985815671341	NA	NA	1.3262102191837	NA	1.53139925462811	NA	NA	NA	NA	NA	NA
NA	1.12161738547942	NA	NA	NA	1.49049546544668	1.13956512868598	0.808340755034182	1.3429987830967	0.706090981994188	NA	NA	NA	0.871623284433442	0.572846988678259	0.612571296463467	0.638384947377611	NA	NA	NA	0.715951187284901	0.85699436016395	0.367269351156884	0.480348285235842	0.616313075472999	NA	NA	0.439356035855657	0.631878909030881	0.477511652538283	NA	NA	NA	1.22881289935088	NA	NA	NA	NA	NA	0.3370093227445
NA	NA	NA	NA	NA	NA	NA	NA	NA	NA	NA	NA	NA	NA	NA	NA	NA	NA	NA	NA	NA	NA	NA	NA	NA	NA	NA	NA	NA	NA	NA	NA	NA	NA	NA	NA	NA	NA	NA	NA
NA	NA	NA	NA	NA	NA	NA	NA	NA	NA	NA	NA	NA	NA	NA	NA	NA	NA	NA	NA	NA	NA	NA	NA	NA	NA	NA	NA	NA	NA	NA	NA	NA	NA	NA	NA	NA	NA	NA	NA
NA	1.96671859980164	NA	NA	1.30550953606161	1.07707406443951	NA	0.973285902879319	0.855831963994571	1.29579412184702	1.10460926179555	1.06626184837372	0.459228042006818	1.5073472055799	1.69188981748313	1.09615085359059	NA	NA	NA	1.38312758893773	NA	1.06664285452146	NA	NA	1.64926326447841	NA	1.98479208118187	NA	0.823135016350601	0.934355300999987	NA	0.730190924040376	0.857881507846375	0.737196436404401	1.02658003680366	NA	NA	NA	0.700876117175867	1.56782520660723
NA	NA	NA	NA	NA	NA	NA	NA	NA	NA	NA	NA	NA	NA	NA	NA	NA	NA	NA	NA	NA	NA	NA	NA	NA	NA	NA	NA	NA	NA	NA	NA	NA	NA	NA	NA	NA	NA	NA	NA
NA	2.38443457209708	NA	NA	NA	NA	2.65200961726745	NA	NA	NA	NA	NA	NA	NA	1.6688446677657	1.80695799432921	1.59272571870404	2.72210315259366	NA	NA	1.33890470269613	0.967588701549075	1.0289856116347	1.29422084798735	0.800234284312858	NA	0.995595819446873	1.03932388923629	0.704801281450362	0.508308952254684	NA	NA	NA	NA	NA	0.343779340058023	NA	0.274503596948856	0.152165931049658	NA
NA	0.953388147129989	1.1971981958323	NA	NA	NA	1.48119455381325	1.17794748800514	0.528729753489888	NA	NA	0.607567206383904	NA	0.6742331511061	1.18254689474217	NA	1.38834373073467	0.80622145954041	NA	0.707548833182603	0.987530471636803	1.08290684696122	1.29597377965445	1.32299611415698	1.50956295572901	1.42724536527609	2.28591991235931	0.706801614711212	2.07294340929912	0.467049876662648	NA	NA	NA	0.603756162410837	0.67286750319343	0.321401493828841	NA	0.722103825791286	NA	NA
NA	NA	NA	NA	NA	NA	NA	NA	NA	NA	NA	NA	NA	NA	NA	NA	NA	NA	NA	NA	NA	NA	NA	NA	NA	NA	NA	NA	NA	NA	NA	NA	NA	NA	NA	NA	NA	NA	NA	NA
NA	NA	NA	NA	NA	NA	NA	NA	NA	NA	NA	NA	NA	NA	NA	NA	NA	NA	NA	NA	NA	NA	NA	NA	NA	NA	NA	NA	NA	NA	NA	NA	NA	NA	NA	NA	NA	NA	NA	NA
NA	NA	NA	NA	NA	NA	NA	NA	NA	NA	NA	NA	NA	NA	NA	NA	NA	NA	NA	NA	NA	NA	NA	NA	NA	NA	NA	NA	NA	NA	NA	NA	NA	NA	NA	NA	NA	NA	NA	NA
NA	1.49938456856967	2.0280775643159	NA	NA	1.1665541705153	1.7040319322668	1.71197780111535	NA	1.23036646724458	1.40662686938243	NA	NA	1.17650054449467	0.943340668052177	NA	1.18848925403793	NA	1.58519761813296	1.43128716778153	1.65533517269134	1.44027857681844	1.53344670812405	1.36012656885367	1.07596470195822	1.2641625638325	1.41779092400091	NA	NA	1.39911756236372	NA	NA	1.33275545873842	NA	0.951471792367085	NA	NA	0.878105718084299	0.561026647362605	NA
NA	NA	NA	NA	NA	NA	NA	NA	NA	NA	NA	NA	NA	NA	NA	NA	NA	NA	NA	NA	NA	NA	NA	NA	NA	NA	NA	NA	NA	NA	NA	NA	NA	NA	NA	NA	NA	NA	NA	NA
NA	NA	0.462232290979857	NA	0.388713568620465	NA	1.50662975241673	NA	NA	0.500938595697619	NA	NA	NA	NA	NA	NA	0.54930779844133	NA	0.486606732032578	0.579752055050627	NA	0.417537855203136	0.747492744386964	NA	NA	NA	NA	NA	0.76668329155216	NA	NA	NA	NA	0.574547717831666	NA	0.297771139363848	NA	NA	NA	1.4341191250354
NA	NA	0.593334758279394	NA	0.821402905987928	0.522047304322881	0.564252588645209	NA	NA	0.472018371761455	NA	NA	NA	0.445470579624959	0.359968905319414	NA	NA	NA	0.7666425746238	0.374515713722681	0.292434419285324	NA	0.280695593388774	NA	0.340233294515836	NA	NA	0.58979475627077	NA	NA	NA	0.644532783372794	0.823445311899017	0.622175537058586	NA	NA	NA	NA	NA	NA
NA	NA	NA	NA	NA	NA	NA	NA	NA	NA	NA	NA	NA	NA	NA	NA	NA	NA	NA	NA	NA	NA	NA	NA	NA	NA	NA	NA	NA	NA	NA	NA	NA	NA	NA	NA	NA	NA	NA	NA
NA	0.651968717135181	NA	0.628108577595143	0.407665404248124	0.415795524602037	NA	NA	NA	0.869745253213504	1.12621666650516	0.540835133975176	0.504762171676631	0.438298367030825	0.704710255467867	0.846317578577321	0.764542344806285	0.584417029431056	0.555985376227476	0.652644885675525	NA	1.20336007492186	1.01676565612543	1.61110576280026	1.82487647609644	NA	NA	2.19230388724667	1.24963519052372	1.04244159227385	NA	1.02410459381006	1.03802848101898	0.7348340682817	0.279557248929209	0.497370290880269	NA	0.203063261813195	0.35669667976991	0.439684022705307
NA	NA	NA	NA	NA	NA	NA	NA	NA	NA	NA	NA	NA	NA	NA	NA	NA	NA	NA	NA	NA	NA	NA	NA	NA	NA	NA	NA	NA	NA	NA	NA	NA	NA	NA	NA	NA	NA	NA	NA
NA	NA	NA	NA	NA	NA	NA	NA	NA	NA	NA	NA	NA	NA	NA	NA	NA	NA	NA	NA	NA	NA	NA	NA	NA	NA	NA	NA	NA	NA	NA	NA	NA	NA	NA	NA	NA	NA	NA	NA
NA	NA	NA	NA	NA	NA	NA	NA	NA	NA	NA	NA	NA	NA	NA	NA	NA	NA	NA	NA	NA	NA	NA	NA	NA	NA	NA	NA	NA	NA	NA	NA	NA	NA	NA	NA	NA	NA	NA	NA
NA	NA	NA	NA	NA	NA	NA	NA	NA	NA	NA	NA	NA	NA	NA	NA	NA	NA	NA	NA	NA	NA	NA	NA	NA	NA	NA	NA	NA	NA	NA	NA	NA	NA	NA	NA	NA	NA	NA	NA
1.35844593515179	NA	NA	NA	NA	NA	NA	2.61132878243752	NA	0.844774046264757	1.3957141441898	1.5065753927594	1.49056659743788	1.92115491525281	1.83891493272063	NA	1.9353213548275	NA	1.96652170142794	1.57377894728724	1.60294904859081	1.58518189398109	2.04196681096804	1.61164139072565	1.37767904957534	1.56680204351875	1.14799872605688	1.18639850054557	NA	1.31940230226907	1.22112426684673	1.18683122715577	NA	NA	2.32843383700946	2.036041551434	NA	NA	NA	2.29042122514567
NA	NA	2.62986466573059	NA	NA	2.31349213498947	2.28381893814463	2.38206423245336	2.37087778315026	NA	NA	NA	NA	NA	NA	NA	NA	2.3833744493511	NA	NA	NA	NA	1.80068232843436	1.69160013265813	NA	NA	2.55666352221971	1.65648883547648	NA	1.33995139738342	NA	NA	1.42184586838336	NA	1.66450755167401	1.71963176918067	NA	NA	NA	2.18553214865261
NA	0.836506073294743	0.972807101599707	2.68125063902359	0.97455243293419	NA	1.90792999481268	NA	NA	NA	1.73611474490155	NA	1.26801312183632	NA	1.49892600721502	NA	1.59785870677106	2.16848179010242	0.779123788442668	1.77643133273012	0.535535519827676	0.525795487054846	0.730825186660786	0.461559871830227	NA	NA	1.44583794102013	1.45489632365544	NA	1.85354105239967	1.17390735435694	NA	NA	1.53060739933587	2.13534162429794	1.84779329630287	NA	NA	NA	0.19607555897329
NA	NA	NA	NA	NA	NA	NA	NA	NA	NA	NA	NA	NA	NA	NA	NA	NA	NA	NA	NA	NA	NA	NA	NA	NA	NA	NA	NA	NA	NA	NA	NA	NA	NA	NA	NA	NA	NA	NA	NA
NA	NA	NA	NA	NA	NA	NA	NA	NA	NA	NA	NA	NA	NA	NA	NA	NA	NA	NA	NA	NA	NA	NA	NA	NA	NA	NA	NA	NA	NA	NA	NA	NA	NA	NA	NA	NA	NA	NA	NA
NA	NA	NA	NA	NA	NA	NA	NA	NA	NA	NA	NA	NA	NA	NA	NA	NA	NA	NA	NA	NA	NA	NA	NA	NA	NA	NA	NA	NA	NA	NA	NA	NA	NA	NA	NA	NA	NA	NA	NA
NA	NA	NA	NA	NA	NA	NA	NA	NA	NA	NA	NA	NA	NA	NA	NA	NA	NA	NA	NA	NA	NA	NA	NA	NA	NA	NA	NA	NA	NA	NA	NA	NA	NA	NA	NA	NA	NA	NA	NA
1.03413374558553	NA	NA	0.701546141182331	0.804812284307007	0.892809456536171	1.96226310598411	1.1236742101009	NA	1.44012735621726	1.34679677733592	1.70378228298979	NA	NA	NA	0.504326530354626	0.418736429675622	0.336385799194048	NA	NA	0.233559074120871	0.468081577556716	0.486091286330757	0.377904904583683	0.249937000478874	0.790722295159036	0.854379475219609	0.984353836332021	NA	0.703922562688955	1.10124991620555	NA	0.890446923399877	NA	1.04404009277883	0.775580774458771	NA	0.511912235863598	2.05918791543502	0.909500749563525
NA	NA	NA	NA	NA	NA	NA	NA	NA	NA	NA	NA	NA	NA	NA	NA	NA	NA	NA	NA	NA	NA	NA	NA	NA	NA	NA	NA	NA	NA	NA	NA	NA	NA	NA	NA	NA	NA	NA	NA
NA	NA	NA	1.2113741479545	1.33899118796826	NA	0.856322672562922	0.946136945375853	0.890691496133453	NA	0.614614565713597	0.815353497522442	1.42914123614851	1.75868646447965	0.836359184089183	NA	NA	0.811936286106588	NA	NA	0.879613689363298	2.02444471275128	1.50264165261664	1.39741595427847	0.690970822105232	1.10728588677382	NA	0.740798659457319	NA	NA	NA	NA	NA	0.852199589455036	NA	0.350860395867418	NA	NA	0.383164839870214	NA
NA	NA	NA	NA	NA	NA	NA	NA	NA	NA	NA	NA	NA	NA	NA	NA	NA	NA	NA	NA	NA	NA	NA	NA	NA	NA	NA	NA	NA	NA	NA	NA	NA	NA	NA	NA	NA	NA	NA	NA
0.979676906568009	1.19077482307722	NA	NA	NA	NA	1.15186391057394	0.865508964175163	0.963439673021122	NA	0.449793167966255	0.604723215186924	0.510786025284109	0.0744386950035414	0.608978532172548	NA	0.590073962662857	0.563851826390816	0.666729245281174	0.806147935882826	NA	NA	0.92796833703787	0.431933587801608	0.648314710631307	0.810013930055819	NA	1.04321970461449	0.869206137873777	0.47460031513472	0.747844380094224	0.588824679918557	0.753994548302296	0.957634503005589	1.04802529299573	0.289156551558751	NA	0.667011545268574	0.571545001952623	NA
NA	NA	NA	NA	NA	NA	NA	NA	NA	NA	NA	NA	NA	NA	NA	NA	NA	NA	NA	NA	NA	NA	NA	NA	NA	NA	NA	NA	NA	NA	NA	NA	NA	NA	NA	NA	NA	NA	NA	NA
NA	NA	NA	NA	NA	NA	NA	NA	NA	NA	NA	NA	NA	NA	NA	NA	NA	NA	NA	NA	NA	NA	NA	NA	NA	NA	NA	NA	NA	NA	NA	NA	NA	NA	NA	NA	NA	NA	NA	NA
0.184985571690561	0.243274803760076	NA	0.497476109905069	NA	0.750433829886165	0.968583611956628	0.888454970217215	0.380247367896684	NA	0.573826190558198	0.684989282813182	0.728526679946138	0.69767787927406	NA	0.310570357242823	0.709844830265848	0.659717211583877	NA	0.979373264173675	0.886723879137	1.01645608854536	0.922700533648755	1.1833618824268	NA	NA	1.10921230243748	0.796476674059411	1.19901109187421	1.20112005662541	NA	1.54189082335815	1.21297101804945	0.990050786018502	1.29769477972163	0.622183826899778	NA	0.989100526151148	0.438240386645773	1.47580320196011
NA	NA	NA	NA	NA	NA	NA	NA	NA	NA	NA	NA	NA	NA	NA	NA	NA	NA	NA	NA	NA	NA	NA	NA	NA	NA	NA	NA	NA	NA	NA	NA	NA	NA	NA	NA	NA	NA	NA	NA
NA	NA	NA	NA	NA	NA	NA	NA	NA	NA	NA	NA	NA	NA	NA	NA	NA	NA	NA	NA	NA	NA	NA	NA	NA	NA	NA	NA	NA	NA	NA	NA	NA	NA	NA	NA	NA	NA	NA	NA
NA	NA	NA	NA	NA	NA	NA	NA	NA	NA	NA	NA	NA	NA	NA	NA	NA	NA	NA	NA	NA	NA	NA	NA	NA	NA	NA	NA	NA	NA	NA	NA	NA	NA	NA	NA	NA	NA	NA	NA
NA	NA	NA	NA	NA	NA	NA	NA	NA	NA	NA	NA	NA	NA	NA	NA	NA	NA	NA	NA	NA	NA	NA	NA	NA	NA	NA	NA	NA	NA	NA	NA	NA	NA	NA	NA	NA	NA	NA	NA
NA	NA	NA	NA	NA	NA	NA	NA	NA	NA	NA	NA	NA	NA	NA	NA	NA	NA	NA	NA	NA	NA	NA	NA	NA	NA	NA	NA	NA	NA	NA	NA	NA	NA	NA	NA	NA	NA	NA	NA
NA	NA	NA	NA	NA	NA	NA	NA	NA	NA	NA	NA	NA	NA	NA	NA	NA	NA	NA	NA	NA	NA	NA	NA	NA	NA	NA	NA	NA	NA	NA	NA	NA	NA	NA	NA	NA	NA	NA	NA
NA	NA	NA	NA	NA	NA	NA	NA	NA	NA	NA	NA	NA	NA	NA	NA	NA	NA	NA	NA	NA	NA	NA	NA	NA	NA	NA	NA	NA	NA	NA	NA	NA	NA	NA	NA	NA	NA	NA	NA
NA	NA	NA	NA	NA	NA	NA	NA	NA	NA	NA	NA	NA	NA	NA	NA	NA	NA	NA	NA	NA	NA	NA	NA	NA	NA	NA	NA	NA	NA	NA	NA	NA	NA	NA	NA	NA	NA	NA	NA
NA	NA	NA	NA	NA	NA	NA	NA	NA	NA	NA	NA	NA	NA	NA	NA	NA	NA	NA	NA	NA	NA	NA	NA	NA	NA	NA	NA	NA	NA	NA	NA	NA	NA	NA	NA	NA	NA	NA	NA
NA	1.3724506032437	1.4791309653855	1.64443060076073	NA	1.79653566949435	1.74560518047743	1.67403303609847	2.4305293326271	NA	1.94019134637519	2.24511781382726	NA	1.96072547006926	2.08317752941113	1.85135155631578	1.65049541532092	NA	1.57715260092257	NA	1.4068672527362	1.29837889038387	1.03765445981033	NA	1.35501859495254	0.941507894916665	3.01991778976128	0.945103353791998	0.66792746429662	NA	2.30410705397339	0.569851395908263	NA	NA	1.62410367279222	NA	NA	1.26469426786242	1.66395566818324	0.507201363868027
NA	NA	0.704108478885555	NA	NA	1.08419736466591	NA	1.00300438883469	NA	0.713896277720893	0.818911429563743	0.932466865417426	NA	NA	0.437157860825923	NA	1.62332728863844	NA	NA	NA	0.565075685798136	NA	0.722721913447185	0.832114198830858	0.359041505985134	NA	0.582321192951352	NA	NA	0.836248082678674	0.419587129856638	2.10673871799429	0.381989855869419	0.138842800799258	1.32793382490392	1.73414991498116	NA	0.432826924345395	0.475242624709827	1.81038041756945
NA	NA	NA	NA	1.42984809336534	1.58303140083265	1.3663907361595	NA	NA	NA	1.47889322011263	1.41416687543668	NA	NA	1.46532995395589	NA	1.05623406508188	1.01889965006841	NA	1.00191429336655	1.63265818927273	1.81397888039504	1.40027728028602	1.53305924263335	1.63974340924964	1.73392969812762	NA	1.53851126250281	2.60176798148563	2.55508234192168	2.83063824343525	2.76541602085121	NA	2.21393653074044	NA	0.65366246842705	NA	0.901925807643993	1.26663345940774	1.24289862563577
1.21608914998855	0.779882335713596	1.0608791137327	1.19893519562713	0.702967320649262	0.991721136821376	NA	0.154854413403861	0.164009020300215	0.37855775869998	0.651179196177608	0.531006851358786	0.782875997102675	0.60690112651531	0.719380359218165	NA	0.282813769120033	0.386347403195596	NA	0.47002228783936	0.506588370992327	0.441422013305032	0.194614671233966	0.434687281070031	0.382657262358497	NA	0.353680333638127	0.535419164459615	NA	0.712097278450105	0.607022258331093	1.04571371706582	1.45878492966754	0.951211893468836	0.710804952985613	0.76041375256742	NA	0.785992175138595	1.08567641232777	NA
1.50989489938022	1.11514126355459	1.26548702635867	2.59969328073261	1.57507664433187	1.45627596226777	NA	1.23050322717054	1.249357167412	NA	NA	1.02171824727512	1.29293085703493	NA	1.41562907476704	1.30150405074401	1.72647544149966	NA	0.839152107405077	1.39532636379613	NA	1.23664935818871	1.55867207945215	NA	NA	1.34686283391927	NA	1.37539878566819	NA	0.770144620171482	NA	0.470552694212172	NA	0.387612840573617	0.430650691867734	0.194908658489883	NA	0.425623074131294	1.50357159129998	1.66483649982491
NA	NA	NA	NA	NA	NA	NA	NA	NA	NA	NA	NA	NA	NA	NA	NA	NA	NA	NA	NA	NA	NA	NA	NA	NA	NA	NA	NA	NA	NA	NA	NA	NA	NA	NA	NA	NA	NA	NA	NA
1.20370113507043	1.18289318371609	NA	NA	NA	NA	1.95948403287969	1.36703974592252	1.34358233651783	1.19692014257259	NA	1.30162539925473	NA	1.08387754051617	0.994086300615014	0.831152926709211	NA	NA	NA	0.876176722071458	0.468879161314127	0.4392508245269	0.62116139335423	0.704076948897831	0.81699886867347	0.450636740851227	NA	NA	NA	0.882921307525122	0.877938090196167	0.620112936813446	0.455317500437182	0.208587258194254	0.383585399451332	0.353296565323385	NA	0.320904460772892	0.0913412579672268	NA
NA	NA	NA	NA	NA	NA	NA	NA	NA	NA	NA	NA	NA	NA	NA	NA	NA	NA	NA	NA	NA	NA	NA	NA	NA	NA	NA	NA	NA	NA	NA	NA	NA	NA	NA	NA	NA	NA	NA	NA
NA	0.904053201160562	0.342663419162533	NA	0.159678404481192	0.300865546364522	0.326691392258012	NA	NA	0.315074114775894	NA	NA	NA	1.20176520196196	0.735806186635232	0.387574039069678	0.466805426158295	0.65767207266347	0.737623066155683	0.420036937297059	0.180889910627898	0.137814585942208	0.42875855442919	1.64984994506766	0.737116724430236	1.52997669630469	1.22394992429808	0.450842847305962	1.49528531055717	1.35706493337287	0.950753121759211	0.358524075464947	1.41760169016887	NA	0.508071854927902	1.61382312802322	NA	1.79954504871536	1.8452910515396	NA
NA	NA	NA	NA	NA	NA	NA	NA	NA	NA	NA	NA	NA	NA	NA	NA	NA	NA	NA	NA	NA	NA	NA	NA	NA	NA	NA	NA	NA	NA	NA	NA	NA	NA	NA	NA	NA	NA	NA	NA
NA	NA	NA	NA	NA	NA	NA	NA	NA	NA	NA	NA	NA	NA	NA	NA	NA	NA	NA	NA	NA	NA	NA	NA	NA	NA	NA	NA	NA	NA	NA	NA	NA	NA	NA	NA	NA	NA	NA	NA
NA	NA	1.29311433928807	NA	1.26754991915394	1.13186757682658	0.85374276333645	NA	NA	NA	NA	1.27834237394009	1.03833210650521	NA	NA	NA	NA	NA	NA	0.887974953121626	NA	0.450062664158257	0.548595511086344	0.703500883809411	NA	0.766970649725044	NA	NA	0.890163073708458	1.12042428018492	NA	0.59963093957848	0.881137823756303	NA	0.501175152005823	0.236509828501869	NA	NA	NA	0.322780770969547
NA	2.35874386497604	2.07413807095178	NA	NA	1.15461458753853	NA	NA	NA	NA	NA	NA	NA	NA	1.48206200569998	1.8767774704394	NA	NA	1.22058717920619	NA	NA	1.24853605629684	1.4432509069693	1.27209432070218	1.10421944639326	1.21764266381411	NA	1.11368892807138	NA	1.20744989645052	NA	1.47206286079092	NA	1.20586328231673	1.19607381811921	NA	NA	NA	1.21475072044053	NA
NA	NA	NA	NA	NA	NA	NA	NA	NA	NA	NA	NA	NA	NA	NA	NA	NA	NA	NA	NA	NA	NA	NA	NA	NA	NA	NA	NA	NA	NA	NA	NA	NA	NA	NA	NA	NA	NA	NA	NA
NA	NA	NA	NA	NA	NA	NA	NA	1.13531138631876	NA	0.837828656183442	1.21909116634829	1.32123199989978	NA	NA	NA	1.02323933539631	1.20683455027487	NA	NA	NA	NA	NA	NA	0.823466912645413	NA	NA	NA	NA	NA	1.53344079626281	0.802216161032515	NA	0.672329086538681	0.940653446523128	NA	NA	0.595822310070697	NA	NA
NA	NA	NA	NA	NA	NA	NA	NA	NA	NA	NA	NA	NA	NA	NA	NA	NA	NA	NA	NA	NA	NA	NA	NA	NA	NA	NA	NA	NA	NA	NA	NA	NA	NA	NA	NA	NA	NA	NA	NA
NA	1.87604565160196	NA	NA	0.660304115687056	0.300340330463939	0.228789321084997	0.425899622872107	0.815903875345469	0.629354738163395	1.22096216950972	NA	1.12807003248782	0.822335725839859	0.711444890036449	0.602381481757719	0.810480876544719	0.531934322697336	NA	0.330398542807274	NA	NA	0.568521063848753	0.596085834907141	NA	NA	NA	0.211201580810611	0.855569682585254	NA	0.515276540436175	NA	0.661929588094335	0.283245391245954	0.635675259544266	NA	NA	NA	0.402535218099737	0.919444702817665
NA	NA	0.416312667879628	1.31943531969137	NA	NA	NA	NA	NA	0.862644797997191	NA	1.28895486207095	NA	1.19528115771774	0.813659164765369	NA	NA	NA	NA	NA	NA	0.631822719384311	0.693426780037564	NA	0.699976196490879	0.580461273572385	NA	NA	0.372100980876467	0.479861573159197	0.536589243116738	0.480776142720388	0.513052811170204	0.642393798099921	0.425380845163101	NA	NA	0.875757808490553	0.43356002275644	0.850253832976626
NA	NA	NA	NA	0.653985815585612	0.438827440370177	NA	1.062222353121	NA	0.891577949999368	NA	NA	1.41365648324396	1.10568806795417	0.884719425043421	0.863060315689354	0.913993912549204	NA	0.310502407380131	0.889683904880674	NA	1.76686797573052	1.40654475190513	0.362693215723531	0.89964687475346	0.567055728147553	NA	NA	NA	NA	0.960421420734988	1.59101377455392	1.37658572288385	2.25408155224501	1.0694749419286	0.929518554392777	NA	NA	1.72525288785441	0.52297344801183
NA	NA	NA	NA	NA	NA	NA	NA	NA	NA	NA	NA	NA	NA	NA	NA	NA	NA	NA	NA	NA	NA	NA	NA	NA	NA	NA	NA	NA	NA	NA	NA	NA	NA	NA	NA	NA	NA	NA	NA
1.51362179531105	NA	1.99070864827645	NA	1.81978924486827	1.49323061178438	1.78717270744897	NA	1.52731649668038	NA	1.17884335021703	NA	NA	1.69656045576859	NA	1.73631037353726	1.85094011509791	1.88342914641174	1.62583955266594	NA	1.42227055671305	1.40366573437329	2.29971229539201	2.22197039096819	NA	NA	NA	NA	0.458256470406956	NA	0.414076316952404	NA	2.17421991919615	2.22086719514747	2.22794608185181	1.85561058804906	NA	1.65912835523023	0.39233289906089	0.899070448941113
NA	NA	NA	NA	NA	NA	NA	NA	NA	NA	NA	NA	NA	NA	NA	NA	NA	NA	NA	NA	NA	NA	NA	NA	NA	NA	NA	NA	NA	NA	NA	NA	NA	NA	NA	NA	NA	NA	NA	NA
NA	NA	NA	NA	NA	NA	NA	NA	NA	NA	NA	NA	NA	NA	NA	NA	NA	NA	NA	NA	NA	NA	NA	NA	NA	NA	NA	NA	NA	NA	NA	NA	NA	NA	NA	NA	NA	NA	NA	NA
NA	NA	NA	NA	NA	NA	NA	NA	NA	NA	NA	NA	NA	NA	NA	NA	NA	NA	NA	NA	NA	NA	NA	NA	NA	NA	NA	NA	NA	NA	NA	NA	NA	NA	NA	NA	NA	NA	NA	NA
NA	NA	NA	NA	NA	NA	NA	NA	NA	NA	NA	NA	NA	NA	NA	NA	NA	NA	NA	NA	NA	NA	NA	NA	NA	NA	NA	NA	NA	NA	NA	NA	NA	NA	NA	NA	NA	NA	NA	NA
NA	NA	NA	NA	NA	NA	NA	NA	NA	NA	NA	NA	NA	NA	NA	NA	NA	NA	NA	NA	NA	NA	NA	NA	NA	NA	NA	NA	NA	NA	NA	NA	NA	NA	NA	NA	NA	NA	NA	NA
NA	NA	NA	NA	NA	NA	NA	NA	NA	NA	NA	NA	NA	1.39315668014061	NA	NA	NA	NA	1.28652467457776	0.683051411495585	NA	0.478924797797754	NA	NA	0.433316317996654	0.222211020170443	0.67728167135974	0.221929029465008	0.566389591196182	0.5676236664136	0.961152918669894	0.55883223106777	NA	1.31580988896815	NA	0.156842857350011	NA	0.711037959274623	0.75940614482066	NA
NA	NA	NA	NA	NA	NA	1.57813673701736	1.7726896736019	NA	1.70665088374306	NA	2.21046062900099	NA	2.08912769856537	2.26278081699596	NA	NA	NA	NA	1.17178868597854	1.15331988214436	0.845306480713144	NA	NA	NA	NA	NA	NA	2.97523813826135	NA	NA	2.0135403348995	NA	3.28590496316093	NA	2.89553997108977	NA	1.42674797659167	1.45407861335243	1.69974898320259
NA	NA	NA	NA	NA	NA	NA	NA	NA	NA	NA	NA	NA	NA	NA	NA	NA	NA	NA	NA	NA	NA	NA	NA	NA	NA	NA	NA	NA	NA	NA	NA	NA	NA	NA	NA	NA	NA	NA	NA
NA	NA	NA	NA	NA	NA	NA	NA	NA	NA	NA	NA	NA	NA	NA	NA	NA	NA	NA	NA	NA	NA	NA	NA	NA	NA	NA	NA	NA	NA	NA	NA	NA	NA	NA	NA	NA	NA	NA	NA
NA	NA	NA	NA	NA	NA	1.14853770773336	0.845052009971817	1.52830157221537	NA	1.21409799527453	NA	NA	1.03339296544835	NA	NA	0.950718480200535	1.13826563023116	NA	1.01635066150925	0.81631813940864	NA	NA	NA	NA	NA	NA	0.341936680691688	0.356968422639196	NA	NA	NA	0.491248807291329	0.578457663823182	NA	NA	NA	0.174690175890867	0.639845237301446	NA
NA	1.29037404299797	NA	NA	1.09356329963903	NA	1.00469707354987	1.09243205090877	1.32568917874026	NA	NA	NA	NA	0.754752356118989	NA	NA	1.03564336975775	0.885798362989866	0.915068479903189	0.946462146922561	NA	NA	NA	NA	1.86585195845928	NA	NA	NA	1.43629452685437	NA	NA	0.897290234805764	NA	NA	0.997116571993137	NA	NA	NA	1.17527328614844	NA
1.67445281232734	2.11412519172454	NA	NA	NA	1.29424885952037	1.05758509733026	NA	NA	NA	0.97000574361186	NA	NA	1.23191662991238	1.03334653374791	NA	1.15876945864322	1.31511212221553	0.876517556707087	0.826262584238756	NA	0.471752864983777	1.42952551966617	0.496983751180846	1.62587065108726	NA	0.243054475998674	NA	0.492458975035866	NA	0.803718462451088	0.855507295284969	1.31709338499149	0.825538314915714	0.615706889647849	0.530722789486937	NA	NA	0.798899396785581	1.23151099366796
NA	1.78639647656208	0.878102232938658	NA	0.659107957178073	1.03011320032251	0.333851698113925	0.326495076151081	0.35657400842817	0.641618720352966	0.515321275964248	0.254256915704321	NA	0.569684696745785	0.701891785572547	0.837202298458143	0.212919489400234	0.462517297369658	NA	0.561768091966106	0.517334489125622	0.0767021349338102	NA	1.23758579167709	0.400602819196171	0.65155293430644	1.09567884971728	1.36121471083484	1.48093209420962	1.18669450754916	NA	0.767577253591974	NA	0.739392655332537	NA	NA	NA	0.442928005445976	0.342602489551236	0.427988524084881
NA	NA	NA	NA	NA	NA	NA	NA	NA	NA	NA	NA	NA	NA	NA	NA	NA	NA	NA	NA	NA	NA	NA	NA	NA	NA	NA	NA	NA	NA	NA	NA	NA	NA	NA	NA	NA	NA	NA	NA
NA	NA	NA	NA	NA	NA	NA	NA	NA	NA	NA	NA	NA	NA	NA	NA	NA	NA	NA	NA	NA	NA	NA	NA	NA	NA	NA	NA	NA	NA	NA	NA	NA	NA	NA	NA	NA	NA	NA	NA
1.39718279963236	NA	NA	NA	NA	NA	1.06262273223479	1.379346455127	1.72233597896627	NA	1.32898642147009	NA	NA	NA	NA	1.87278637983514	2.02513283912263	NA	NA	1.53254863211587	1.7585711655321	0.559613289178981	0.367247439857024	0.434677512440843	0.744166323889157	0.610608698834793	NA	NA	0.542001962610546	0.73749869543784	0.252421278736893	0.158334598702726	0.352467146673161	NA	NA	NA	NA	0.169224783444605	1.18791760724122	NA
NA	NA	NA	NA	NA	NA	NA	NA	NA	NA	NA	NA	NA	NA	NA	NA	NA	NA	NA	NA	NA	NA	NA	NA	NA	NA	NA	NA	NA	NA	NA	NA	NA	NA	NA	NA	NA	NA	NA	NA
NA	NA	1.27799722342865	NA	0.987796025041881	0.772416669590808	0.822067345413661	0.790941496790877	1.18150271248445	0.712953592897947	0.368203743946646	1.26985568425371	0.594197200225702	1.13691729858686	NA	NA	1.97574709981446	0.899573509509378	NA	0.277380528491401	0.398021365496806	NA	1.1804205006507	0.62456792497256	2.22446139106864	0.846239066375378	0.888995975390808	1.21868136106546	NA	0.469604346911133	NA	NA	NA	0.952409831447336	2.13524435857735	NA	NA	NA	0.388771054927369	NA
1.824581901337	1.97067138947641	NA	NA	NA	2.27094198905623	1.21343020578726	1.46392847779289	2.80866159467953	NA	NA	NA	NA	NA	2.50433967175681	NA	1.61826443562255	1.59781650861643	2.36171796450237	1.77336513174637	1.4596076247241	NA	NA	NA	2.16302476813398	1.22330688539965	NA	NA	NA	NA	NA	NA	NA	0.750944955867233	NA	0.980721021645019	NA	NA	NA	NA
NA	NA	1.34527559089712	NA	NA	NA	NA	NA	2.32691544191477	2.11736665290647	2.34567161067775	NA	NA	2.17533289341586	1.71910136424678	NA	NA	NA	NA	1.60047665649531	1.95284640769342	0.959733097867902	0.982640552101896	2.38087688022767	NA	NA	1.02300241758656	0.538623582436868	NA	NA	NA	NA	0.37896111895521	0.457348579020167	1.73719856146153	NA	NA	NA	0.492372346954841	NA
NA	NA	NA	NA	NA	NA	NA	NA	NA	NA	NA	NA	NA	NA	NA	NA	NA	NA	NA	NA	NA	NA	NA	NA	NA	NA	NA	NA	NA	NA	NA	NA	NA	NA	NA	NA	NA	NA	NA	NA
1.31948740430403	1.12207530700886	1.08647466012109	NA	1.33760083062995	1.43598556244142	1.56257776668445	1.04213093603	1.06712814517756	1.46731918991091	1.60878336785466	2.02965606891736	NA	0.763347095217221	1.04626213732639	1.27697392163522	0.449752611485178	0.426041477520141	1.86980125955212	1.45822719468183	0.843021478491023	NA	NA	1.11319050673471	NA	0.690199049073234	0.815813642701124	0.605643675559524	0.70412784311871	0.51917279776453	0.364800085858497	0.719669576629098	1.32940375049504	0.65953548283996	NA	1.41961294456941	NA	0.346681522909225	0.478066143346601	0.559353019256906
NA	NA	NA	2.34467714542354	NA	NA	NA	NA	NA	NA	NA	NA	NA	NA	NA	NA	NA	2.0035023375887	NA	NA	1.40912789082124	NA	NA	NA	NA	NA	1.09690766287698	NA	NA	1.55783003910426	NA	1.45186861478171	1.2353891378657	1.14740808369455	1.46686237898266	NA	NA	NA	0.953823779226815	NA
1.21561029648937	1.48700315936205	1.07478427571684	1.08523870773035	1.28818139560348	NA	1.50502818721438	1.41366584994417	1.38053423255882	1.54260692837381	1.57149062241421	1.21872984244795	1.71224466692024	1.19852664234193	1.02267420922856	1.10496010825776	1.15979828132757	1.63670963054241	1.22145387187045	1.47480814406233	1.84900582203228	1.86288664864575	2.41380827714423	0.77135388415969	1.13441019101908	0.879774731407764	0.888732933834903	0.686016459579548	0.432076576703776	0.828936788093231	0.669990413310835	0.648880424973184	NA	0.328443375791045	0.954001116430294	0.327875262160074	NA	NA	NA	NA
1.08336411114732	NA	1.08345502582805	1.004361388335	NA	0.936763174334118	0.93303129387469	0.95373131447397	NA	NA	NA	NA	NA	1.11304621177919	0.391375721499928	NA	NA	0.811197383958303	NA	NA	NA	NA	NA	NA	0.856228443786357	1.10043350692082	NA	NA	NA	0.795283956031648	NA	NA	NA	0.598671815369151	0.719110293456345	NA	NA	1.01067842411364	0.723239658249184	NA
NA	NA	NA	NA	NA	NA	NA	NA	NA	NA	NA	NA	NA	NA	NA	NA	NA	NA	NA	NA	NA	NA	NA	NA	NA	NA	NA	NA	NA	NA	NA	NA	NA	NA	NA	NA	NA	NA	NA	NA
1.43866077635951	1.56612244619469	1.19105572738096	1.71740082649844	1.37386776219178	NA	NA	1.63651483651117	1.16641460976923	1.47025258055281	NA	0.49228426539509	1.55513629481951	1.66383199872966	1.37505758326278	0.962224738759943	0.839703563067195	NA	NA	NA	1.48778744236808	NA	0.752878160554177	1.52828296681225	1.20700528751524	0.82530598364626	1.66721445111141	0.682445050683713	NA	0.724242234577445	1.58306125468998	0.49937933630915	NA	1.48586560797503	0.735859037312522	NA	NA	1.46498527428145	0.189540367991245	0.235518722177552
0.984965217017306	NA	1.21113517429368	NA	NA	1.43458247543324	1.80036555089451	NA	1.85918116553044	NA	NA	2.16993573034686	2.16795209814596	NA	NA	2.1373074298646	NA	1.38756797559808	1.81991725340376	NA	NA	NA	1.470787266966	1.1623218628025	1.60743618166528	NA	1.49179614566796	NA	0.640154646154299	1.55391489443487	NA	1.51550321673094	NA	NA	0.38059873585074	0.301954036201331	NA	NA	0.827135180890985	2.24481049311051
NA	0.724867492478765	0.829253776227812	NA	NA	NA	0.859778038906673	0.460567017250379	NA	0.793828519434786	0.57281025439886	0.169972161090227	NA	NA	NA	NA	NA	0.707746617497727	NA	0.477804064062329	NA	0.398614988137113	0.343893589663839	NA	NA	NA	0.791405349086871	1.24500171973635	NA	NA	NA	NA	0.567282172775089	1.28965630068156	0.551180621953056	0.428533587059339	NA	0.679480902529385	0.577144059165375	0.59662671941699
0.460871879644164	0.303510045730503	0.264957898982894	0.0700444011536759	0.232150407935493	1.78025041130537	1.49832255280974	1.6226827963553	1.89800296890602	NA	NA	NA	NA	NA	NA	0.895293261691064	NA	1.58150626153016	NA	2.3047167655006	2.61198087119099	NA	NA	NA	1.72073141553117	NA	NA	1.05872026189419	1.38957326437193	1.30964749646314	NA	1.33394923751445	2.06889630441694	NA	NA	1.16511447588648	NA	0.739038845025576	1.42566476924118	NA
NA	NA	NA	NA	NA	NA	NA	NA	NA	NA	NA	NA	NA	NA	NA	NA	NA	NA	NA	NA	NA	NA	NA	NA	NA	NA	NA	NA	NA	NA	NA	NA	NA	NA	NA	NA	NA	NA	NA	NA
NA	NA	NA	NA	NA	NA	NA	NA	NA	NA	NA	NA	NA	NA	NA	NA	NA	NA	NA	NA	NA	NA	NA	NA	NA	NA	NA	NA	NA	NA	NA	NA	NA	NA	NA	NA	NA	NA	NA	NA
NA	NA	NA	NA	NA	NA	NA	NA	NA	NA	NA	NA	NA	NA	NA	NA	NA	NA	NA	NA	NA	NA	NA	NA	NA	NA	NA	NA	NA	NA	NA	NA	NA	NA	NA	NA	NA	NA	NA	NA
NA	NA	NA	NA	NA	NA	NA	NA	NA	NA	NA	NA	NA	NA	NA	NA	NA	NA	NA	NA	NA	NA	NA	NA	NA	NA	NA	NA	NA	NA	NA	NA	NA	NA	NA	NA	NA	NA	NA	NA
0.557394350298259	NA	0.15628138958989	0.42719391712069	0.312972797394004	0.83780066037268	0.770436445882587	0.605143165752616	0.475443097661496	0.894906482260733	NA	NA	0.756658034770504	0.445888413291428	NA	0.610624997082112	0.314512615664195	0.504687155950194	0.477016344519589	NA	0.430566849338419	0.612929783697866	0.373221956860333	0.656899699343253	0.767221367339981	0.440183937997134	0.0410607278180884	0.58738330865215	0.41685425587341	0.662183484679491	0.391627709918926	NA	0.100170770694192	NA	0.32882481792693	NA	NA	0.364815279879654	0.377968208784381	NA
0.491762731642751	NA	0.9724295266503	0.912073016092751	1.10072160259587	1.62345288958842	NA	NA	1.37660255568141	NA	1.22064557295899	0.883475369978882	NA	0.769656454735458	1.02976152289457	0.869315670775402	0.862300843753372	1.26141530897819	1.8675886802888	1.70909381083063	0.658009381531117	NA	NA	2.16119085782381	0.31169081052841	0.185052452236883	NA	NA	NA	2.05981931473224	0.966376435579403	0.828004102248097	0.895051083702737	NA	NA	0.464328676467406	NA	0.248930049987299	0.23194075792846	0.409314375364672
2.13423593191558	NA	0.766610341318036	NA	1.35252502475858	1.8656094873512	1.48702221850873	1.79746121720802	1.83290049876244	NA	0.945028983618853	0.676534575144464	NA	1.42173043561681	1.34946267327384	1.73395640389351	1.49674517587484	2.10963640135592	1.30475998421378	0.914633506934848	NA	0.657072253348271	0.789370280709655	0.854989840712605	0.886664824737517	0.731830624566255	NA	NA	0.909704935096467	NA	NA	0.718128683441788	0.411259146324121	NA	0.787105250454999	0.919381776440096	NA	0.0812468229868514	1.29068271136391	0.574206993882948
0.833821075794491	0.527553916455396	0.801514594277403	NA	1.4979117348681	1.11219040308099	NA	NA	NA	NA	1.4519066280122	NA	NA	NA	0.680647605436471	0.846749447532448	NA	0.959872906491621	1.29829291906195	NA	NA	0.525788637196715	0.660815183060064	0.873405535866529	NA	NA	1.67185346226019	0.665859440483723	0.63035971880769	0.393760413459451	0.784998366444725	0.522748711021188	0.444507472314238	0.458754405182273	0.46880221131878	NA	NA	0.899474247014255	0.652582536130966	NA
NA	NA	NA	1.30788027756028	0.671329278892484	0.491781392770378	NA	NA	0.482823794027924	NA	NA	0.764585536387816	0.776147900595879	1.00592127148462	NA	NA	1.07186024110805	NA	NA	1.43833008102308	0.465141806729879	NA	0.906536039954485	NA	NA	1.23094423248937	NA	NA	0.934934583512869	0.692264730513845	0.544633055231189	1.11181348468228	0.814648796748062	1.41862198781735	0.435285325815104	0.628941024764849	NA	0.734220894855158	0.523805625827577	0.498047368476269
NA	NA	NA	NA	NA	NA	NA	NA	NA	NA	NA	NA	NA	NA	NA	NA	NA	NA	NA	NA	NA	NA	NA	NA	NA	NA	NA	NA	NA	NA	NA	NA	NA	NA	NA	NA	NA	NA	NA	NA
1.33409892762162	1.49943635290624	0.846077413298531	1.44138364559555	NA	NA	0.909121741107189	NA	NA	0.995977068585313	0.261369010944209	NA	0.358215804053572	1.66185790141618	0.488800894550177	NA	0.431515539070656	1.35328518918379	0.560315742991229	0.910590718257194	NA	0.428241123599631	0.354797701761298	0.246040832383676	0.652811670508799	0.869295053950468	NA	NA	0.828587741484197	0.330977725670902	0.203765858561107	0.709256426532651	NA	0.311155777914826	0.622296349209808	NA	NA	0.237540047553234	0.283969080491595	0.747775687113541
1.36321047940893	0.90982928239701	1.35913807089874	NA	1.16772236401629	NA	1.33532245355019	NA	0.440254393470077	1.25724411400344	NA	1.20959225178785	0.634463545669145	0.648954941879596	0.49423828144697	0.66125079016161	0.307952160135509	0.377123430859806	0.405898142714412	0.843897003783889	1.28838465203556	0.95726156115748	0.921970723231212	0.964598661149958	1.30097961344735	0.926249506726654	0.785727660052684	0.657823695087769	0.708889464300414	0.420751008062477	0.621264575514053	0.296903918881025	0.494658516319224	0.390700025049987	0.312491669880926	0.287444376172223	NA	0.676321773964544	0.520570239364895	0.552865547613793
NA	0.817693219748244	0.95211733127553	1.0219208093864	1.41897484481298	0.894563416279472	NA	0.954776236938566	0.851194790472366	0.964168306549579	NA	1.0413415651714	1.08429269410737	1.29997212877864	1.46148820693926	NA	1.27082649423735	1.0467416111723	1.0990960724184	NA	0.551811407526129	0.460706482058059	0.334266888429782	0.354061079765075	0.287621829420566	0.577959658695821	NA	NA	0.377194829736619	0.76271925344477	NA	0.885562358372199	0.196929732993976	0.9072009115345	NA	0.821547588166084	NA	NA	0.98284889645415	1.22511075186048
0.687005712499857	NA	NA	NA	1.27096077640629	0.427057706015797	0.616427010191445	1.82439376430042	0.921344813116801	NA	1.19703187764369	0.898948327096627	NA	0.577910037313028	0.458194141406906	NA	NA	NA	NA	0.505788886022588	NA	0.404126376297719	0.46920362933122	0.310406890089756	0.509140023502889	0.30402781266032	0.651508911429193	0.807070358759054	0.380979590678734	0.399143336892173	NA	0.413168849746292	NA	0.456298448729938	0.290296904980515	NA	NA	0.0412772369293067	1.12000054048727	1.03319396630307
1.84667880622786	NA	1.13264235083093	NA	1.20646309463084	1.5642755907888	NA	1.0524561082285	NA	1.63586320940088	NA	1.98014003676142	NA	1.66327219496688	NA	NA	1.69851649021428	1.42985557655652	NA	NA	NA	1.27964530330249	NA	1.11754026284975	0.593535836364673	NA	0.340512051391069	2.21205338869819	0.674520362288349	0.987791007510173	NA	NA	1.2143245714081	0.881459433096946	0.870328473070986	0.327521534963451	NA	0.293608052768131	0.442686054197569	NA
NA	NA	NA	NA	NA	NA	NA	NA	NA	NA	NA	NA	NA	NA	NA	NA	NA	NA	NA	NA	NA	NA	NA	NA	NA	NA	NA	NA	NA	NA	NA	NA	NA	NA	NA	NA	NA	NA	NA	NA
NA	NA	NA	NA	NA	NA	NA	NA	NA	NA	NA	NA	NA	NA	NA	NA	NA	NA	NA	NA	NA	NA	NA	NA	NA	NA	NA	NA	NA	NA	NA	NA	NA	NA	NA	NA	NA	NA	NA	NA
NA	NA	NA	NA	NA	NA	NA	NA	NA	NA	NA	NA	NA	NA	NA	NA	NA	NA	NA	NA	NA	NA	NA	NA	NA	NA	NA	NA	NA	NA	NA	NA	NA	NA	NA	NA	NA	NA	NA	NA
1.5165174333768	0.97902051534488	0.947039240111837	NA	0.814735879328309	1.30709063067852	NA	1.01037008401045	1.5159657422465	0.291702232197433	NA	NA	1.54261695613851	1.82501762800877	0.492808859034112	0.705075506338989	0.983953979609612	1.05850621974045	1.87436793005118	1.44393978267836	0.474719172107829	NA	0.468038468461649	0.745455410251297	0.882327491241858	0.517151804626733	1.11372103140756	1.88465726753405	0.733265375385216	0.35339268534307	1.06444628569231	0.752079765161342	0.302400271486358	0.597685921959634	1.13212487420951	0.879594932462296	NA	1.22441441663025	0.215392361257477	0.664614163548807
NA	NA	NA	NA	NA	NA	NA	NA	NA	NA	NA	NA	NA	NA	NA	NA	NA	NA	NA	NA	NA	NA	NA	NA	NA	NA	NA	NA	NA	NA	NA	NA	NA	NA	NA	NA	NA	NA	NA	NA
NA	NA	NA	NA	NA	NA	NA	NA	NA	NA	NA	NA	NA	NA	NA	NA	NA	NA	NA	NA	NA	NA	NA	NA	NA	NA	NA	NA	NA	NA	NA	NA	NA	NA	NA	NA	NA	NA	NA	NA
NA	NA	NA	NA	NA	NA	NA	NA	NA	NA	NA	NA	NA	NA	NA	NA	NA	NA	NA	NA	NA	NA	NA	NA	NA	NA	NA	NA	NA	NA	NA	NA	NA	NA	NA	NA	NA	NA	NA	NA
NA	NA	NA	NA	NA	NA	NA	NA	NA	NA	NA	NA	NA	NA	NA	NA	NA	NA	NA	NA	NA	NA	NA	NA	NA	NA	NA	NA	NA	NA	NA	NA	NA	NA	NA	NA	NA	NA	NA	NA
0.430196246358642	0.445229217347663	0.680160278727114	0.934942104594223	1.0004763423373	0.63093934303803	0.783954695134344	0.820457615625779	0.589497884794016	0.724293945205169	0.497885055371826	1.0157747892988	0.819784868895313	0.227868501337697	1.0978983320576	0.159210312699157	NA	1.18079698081303	1.5621668489131	1.18575192370638	0.814023925560583	0.506732959726922	0.986103863770101	0.64107189357374	1.97450000184237	1.23407369536011	0.448683697970727	1.87535719648619	0.866419770533667	0.57770210446848	NA	0.671572174221727	1.47148780613637	0.872265496506685	0.544549182325796	NA	NA	0.74364201655677	0.454067390568169	NA
NA	NA	NA	NA	NA	NA	NA	NA	1.61103577335806	1.23793858306577	1.34794223119918	1.64803493217746	1.39949122192381	1.35027756600467	1.58718716612895	NA	NA	1.48667171242551	NA	0.800994218052819	0.97843141065464	0.866543265608927	0.702994584044537	1.46377521697451	0.689765484581767	NA	0.637610855134462	NA	0.252571743154469	0.243164019187008	0.328625122600618	0.321630451201917	0.698741919567676	NA	1.6316413418497	1.45634286337112	NA	0.888985680482173	0.549576936857834	NA
NA	NA	NA	NA	NA	NA	NA	NA	NA	NA	NA	NA	NA	NA	NA	NA	NA	NA	NA	NA	NA	NA	NA	NA	NA	NA	NA	NA	NA	NA	NA	NA	NA	NA	NA	NA	NA	NA	NA	NA
NA	NA	0.793466477108091	NA	NA	0.57484639475725	0.648140156720027	NA	NA	NA	NA	0.524348935323565	0.242755298539218	0.602288355257497	0.488594665972078	NA	0.851586488539481	0.40149303905431	0.536460819798503	0.568829094660562	NA	NA	0.359155498320114	0.241149323587834	NA	1.32091628256409	0.612062808090658	0.525553353805832	0.182468898385156	NA	NA	NA	0.684237155855814	0.90858999458232	0.988644979959578	NA	NA	NA	0.531113869641066	0.401594615442957
NA	NA	NA	NA	NA	NA	NA	NA	NA	NA	NA	NA	NA	NA	NA	NA	NA	NA	NA	NA	NA	NA	NA	NA	NA	NA	NA	NA	NA	NA	NA	NA	NA	NA	NA	NA	NA	NA	NA	NA
1.4986141480466	NA	1.38779237417539	NA	1.50340546255248	1.51107886984121	1.21774322982772	1.14249533140761	NA	NA	NA	NA	NA	0.649747300335075	NA	NA	NA	NA	NA	0.92877754146373	0.701637173714049	0.977968406395196	0.876503267625028	0.649302885734739	0.896735839095661	NA	NA	0.726610348646025	1.37786326023504	1.21191890221888	NA	1.32549023029935	0.928704617357254	NA	NA	NA	NA	0.40247214224983	0.39622918056655	0.365548757529451
NA	NA	2.24498516045512	NA	0.465854622575862	1.09726631037503	1.29103384771997	1.25270029408148	1.10698236834203	NA	NA	0.540343829372852	0.66408426203889	NA	0.992613450050158	0.742156782447644	1.11370406308371	1.09869178525628	0.307641140811289	0.778415284196119	0.575479495402453	0.689253706051097	0.288415058697692	0.295685275607165	0.516840538320641	0.953887989917252	0.458086511993377	NA	0.750890191481595	0.59912984722726	1.03426880198108	0.538016233458742	0.616433059373774	0.526192999492422	0.616547692617063	0.433361717276415	NA	0.470748699866788	1.44575058967848	1.03291135266319
NA	NA	NA	NA	NA	NA	NA	NA	NA	NA	NA	NA	NA	NA	NA	NA	NA	NA	NA	NA	NA	NA	NA	NA	NA	NA	NA	NA	NA	NA	NA	NA	NA	NA	NA	NA	NA	NA	NA	NA
NA	NA	0.983552773317285	NA	NA	NA	1.16467048523472	NA	1.51064343469723	NA	NA	1.24553447682369	1.2968834264976	1.74121625349577	1.52082804567457	1.31687433159425	1.37354173298774	NA	NA	1.41219661373507	1.70611680015329	1.74511429904786	2.0829834084705	0.592622076871005	1.25270006357568	NA	0.419561584203061	0.354131091925819	NA	0.896937182038206	NA	0.510377538215245	0.510329335953588	0.501947024751088	NA	NA	NA	0.462809662601786	0.547763482494339	NA
NA	NA	NA	NA	NA	NA	0.897290245016014	NA	NA	1.04518850027606	0.686112363236573	NA	NA	NA	1.46453757783542	1.01727321154594	NA	1.15314849760535	1.06875927854938	1.13540279373044	1.53536074784708	NA	NA	1.5104118842387	NA	NA	NA	NA	1.29099544559453	1.84022502656819	NA	1.15726575414229	NA	NA	NA	1.80990306633087	NA	NA	NA	NA
NA	NA	NA	NA	NA	NA	NA	NA	NA	NA	NA	NA	NA	NA	NA	NA	NA	NA	NA	NA	NA	NA	NA	NA	NA	NA	NA	NA	NA	NA	NA	NA	NA	NA	NA	NA	NA	NA	NA	NA
NA	NA	NA	NA	NA	1.41869736617273	NA	NA	NA	NA	NA	NA	1.68434331544408	NA	NA	NA	NA	NA	NA	NA	NA	NA	NA	NA	NA	NA	1.79197030645843	1.63856168746793	NA	NA	1.4773242079452	1.60739247110016	NA	NA	NA	NA	NA	NA	1.62896279021976	NA
NA	1.9019636045407	1.24758918330669	NA	0.620588123377396	0.971301575963872	1.23925285875711	1.24418459940715	1.03791276114197	1.15585947448535	NA	1.16654560609782	NA	0.658936927365141	NA	NA	NA	0.504028350558578	1.56906627280907	NA	NA	NA	NA	0.788814187037643	0.513122215021586	NA	NA	NA	NA	0.182554352854818	NA	0.57171640317211	0.372232160500948	0.39016233953813	0.307589164587796	0.393464728788461	NA	0.322256860121561	0.487848598636386	NA
NA	NA	NA	NA	NA	NA	NA	NA	NA	NA	NA	NA	NA	NA	NA	NA	NA	NA	NA	NA	NA	NA	NA	NA	NA	NA	NA	NA	NA	NA	NA	NA	NA	NA	NA	NA	NA	NA	NA	NA
NA	NA	NA	NA	NA	NA	NA	NA	NA	NA	NA	NA	NA	NA	NA	NA	NA	NA	NA	NA	NA	NA	NA	NA	NA	NA	NA	NA	NA	NA	NA	NA	NA	NA	NA	NA	NA	NA	NA	NA
NA	NA	NA	NA	NA	NA	NA	NA	NA	NA	NA	NA	NA	NA	NA	NA	NA	NA	NA	NA	NA	NA	NA	NA	NA	NA	NA	NA	NA	NA	NA	NA	NA	NA	NA	NA	NA	NA	NA	NA
NA	NA	NA	NA	NA	NA	NA	NA	NA	NA	NA	NA	NA	NA	NA	NA	NA	NA	NA	NA	NA	NA	NA	NA	NA	NA	NA	NA	NA	NA	NA	NA	NA	NA	NA	NA	NA	NA	NA	NA
NA	NA	NA	NA	NA	NA	NA	NA	NA	NA	NA	NA	NA	NA	NA	NA	NA	NA	NA	NA	NA	NA	NA	NA	NA	NA	NA	NA	NA	NA	NA	NA	NA	NA	NA	NA	NA	NA	NA	NA
NA	NA	1.12970442057101	NA	NA	NA	0.828647025236189	1.06851883670467	0.943792718049245	0.971790204275019	NA	1.03336103990798	0.940749606061179	NA	1.13667915681597	0.91818796271072	NA	0.832317851050209	NA	1.10124548130612	0.68109268496077	0.277042120204142	0.466332443605829	0.781060304118798	0.804179256993919	1.46167467970097	NA	1.01872595130507	NA	0.537788596031642	NA	0.738057137328171	0.457643348426973	0.402379828475305	0.160454368073965	0.34535597720376	NA	0.690931190182721	NA	NA
NA	NA	1.12032775400907	NA	1.34522479207894	1.4467988968102	NA	1.62350741893982	1.2668832040062	0.973307350073904	NA	NA	1.78702169031622	NA	NA	NA	0.99458325132774	NA	NA	NA	1.02783558660869	0.629640939078727	NA	0.647367949105506	NA	0.384591807998404	0.5318218855456	0.47585581985065	1.99507677180157	NA	NA	NA	0.668547011633632	0.175790338559148	0.281127966909659	NA	NA	NA	1.01620215597502	0.639605931855829
NA	1.88692653987195	1.25385115178861	1.19131318665743	1.31333496725088	1.46487291152895	0.620126453603553	1.21169597519227	1.56421881072678	NA	1.00040708868571	1.19171700765474	1.90794368490244	1.09056984314652	1.59990051109713	2.07303972865418	NA	NA	NA	0.782848938010844	NA	NA	0.896066632287304	0.849523636135359	NA	0.978198393179906	0.674872777680984	0.499503044794078	0.387554377877624	1.01575426165816	NA	0.306661429190987	2.28340570933849	NA	0.489835086302985	NA	NA	0.611646319293595	NA	1.73914991407798
1.04813371089993	NA	NA	NA	1.09281557532732	1.43690539431075	NA	1.1619769514681	NA	NA	NA	NA	NA	NA	1.21895770220378	NA	1.13435407193447	NA	NA	NA	NA	0.280836402898019	NA	1.06736892920325	1.67125894874163	1.65789449948535	0.602242327306658	1.59531779934328	1.44917926614785	1.25031404036573	0.329797241660291	0.251163032102248	1.55765503821503	0.413497923201361	2.19912979520651	1.46653311912964	NA	1.05599431825518	0.231197284970625	1.69680192048752
NA	NA	NA	NA	NA	0.724617277934184	0.658051115603117	NA	0.434514052648852	NA	0.590642864599524	0.171053226105235	NA	NA	NA	NA	NA	NA	NA	0.472636415179618	0.72966957118869	0.845424840561245	NA	1.06407015157706	0.937048976755256	1.0169315562416	1.38236666689067	NA	NA	NA	NA	NA	NA	0.468318077903999	NA	NA	NA	0.438325027845612	0.685829147424442	0.657342755896369
NA	NA	NA	NA	NA	NA	NA	NA	NA	NA	NA	NA	NA	NA	NA	NA	NA	NA	NA	NA	NA	NA	NA	NA	NA	NA	NA	NA	NA	NA	NA	NA	NA	NA	NA	NA	NA	NA	NA	NA
NA	NA	NA	NA	NA	1.05538343477654	NA	NA	NA	NA	NA	NA	NA	NA	0.684219791661	0.406903595986937	0.577208951672469	NA	NA	NA	1.5164583424122	NA	1.23278766501935	NA	NA	NA	NA	NA	NA	NA	NA	1.16135818952415	NA	0.922307522872888	NA	NA	NA	NA	0.561942677567254	0.565578998034294
NA	NA	NA	NA	NA	2.50432171111612	3.00271845136549	NA	NA	NA	NA	2.18892047646335	2.23557605223899	2.18604987361124	2.06927361026044	NA	2.01115435178058	2.08259227972345	1.68199291189261	1.64761138914462	1.60141415435493	1.08541135339036	1.07792393462213	1.12487464030738	0.964818750893661	1.84314083776551	0.599705375039176	0.601695481245919	NA	0.58784158136041	NA	0.568460872052681	0.441968789955185	NA	0.231741238641036	NA	NA	0.0700103317848863	0.504152418169717	1.12446427870851
1.43993180251764	NA	NA	NA	1.44689553286863	1.24845684245201	NA	NA	NA	NA	NA	NA	1.17305539559992	1.72214539616824	NA	NA	1.12920923379757	1.87799776550747	NA	NA	1.33887901051511	0.583883362731223	1.63372532822194	1.0247929082497	1.36595026458575	NA	NA	1.48675778929726	1.6157681134407	1.22568649133959	NA	NA	0.834876895929144	1.56237426019468	1.07707809725728	1.08228556999146	NA	0.906159062360957	0.821740237815871	1.09965684665336
NA	NA	NA	NA	1.03736981740034	1.86460538211319	1.34632352126542	1.46148641415909	1.3017459163415	1.14876020583685	NA	1.31796329140122	NA	0.481514597048663	0.846323599240433	0.712946466470736	1.16265794950757	NA	1.70452195975073	0.833111095654239	0.990506386471667	0.577690550236046	0.251467481992952	0.703734981320318	0.823632139713369	0.260825011327484	0.271614421497895	0.178894582143092	0.509369941997561	0.979297606433005	0.475761437050983	0.860309292285508	0.401208988111904	NA	0.950129538576851	0.978289556562289	NA	1.23278038971227	0.623751324611606	1.49591097630208
NA	NA	NA	NA	NA	NA	0.404779177247116	0.525861418511962	NA	NA	NA	0.987852958012084	0.867007741875613	0.939301294494892	0.693676293436411	0.490894428083007	NA	NA	NA	0.493330140460073	0.45350564970842	NA	0.0939901093763195	NA	NA	0.234764512720812	0.201867872631051	NA	NA	0.278037211325764	NA	NA	0.667472003647724	0.493681755546759	NA	0.84604411093934	NA	NA	NA	0.51275683735753
0.965576249239399	1.7037874817232	1.20390872818651	1.25036799762111	1.16258544520506	0.541474471685625	0.229452619278624	NA	1.05437161941371	0.570106564389607	0.81204498216651	1.55536814532175	1.66375665231876	1.47896212902984	1.96824101084357	NA	0.515280917464289	0.376172645934224	0.606925816639165	0.724324784731644	0.636784974570485	0.325237650227196	0.249607458208434	0.407499067102331	0.458112428127033	0.566108718992315	NA	0.521811371005399	1.40500599666241	0.244345336420257	0.200106599756235	0.153252153835666	1.1289275348703	0.660644263431	0.0753593864445687	0.506402776726654	NA	0.215278703003563	NA	0.744602130114093
0.772602058892679	NA	NA	NA	1.04514917899489	0.264920945372673	0.252069777088518	0.142745905714992	0.523432617183298	1.13196537851714	NA	0.505834945010346	0.144534323067853	NA	0.826334367540321	0.865024849470394	0.678427963075466	0.0738307759761029	0.29359418506394	0.826387701918354	NA	NA	0.787730216630075	1.22508405469362	0.388174954465915	1.40132093632316	NA	1.81895841612572	0.368175312706923	NA	0.40593053383817	0.541667748741611	NA	0.422642350339276	0.421440606241205	0.495537947838195	NA	1.29118716656845	NA	1.68071905347589
NA	NA	NA	NA	NA	NA	NA	NA	NA	NA	NA	NA	NA	NA	NA	NA	NA	NA	NA	NA	NA	NA	NA	NA	NA	NA	NA	NA	NA	NA	NA	NA	NA	NA	NA	NA	NA	NA	NA	NA
NA	NA	1.00440843399549	NA	0.517457175782196	NA	NA	0.305298954315123	0.268913860792757	NA	0.385831094156959	0.683869856186439	0.863406165182779	0.478205919412262	NA	0.263992583784228	0.617195250218595	0.377483355452669	NA	0.396629880044708	0.491134710202707	0.420305624215693	0.491010602959042	NA	NA	0.514389020134694	NA	NA	NA	NA	NA	NA	0.574304572407412	NA	0.235409595369332	0.724788936904647	NA	0.196116612616367	0.257038291889722	0.459721915362287
NA	NA	NA	1.53009920455044	1.44738716119763	1.26227794684088	NA	NA	1.46480345731893	1.25919725181224	1.1893692738301	1.05623963181564	NA	1.11857963920105	1.36866450850526	1.46601706872009	1.52343589658516	1.7912906283667	1.29522359081376	1.47557934330705	1.26742404245193	1.25145889941786	0.707498357652806	0.351146428815427	0.635695124721396	NA	NA	0.966268334464907	1.02606181584398	0.40809734992496	NA	0.95224447659636	0.470454162096888	0.89036446152396	0.494929076560912	0.58270976401834	NA	0.513167579579651	0.621581937885541	NA
NA	NA	NA	NA	NA	NA	NA	NA	NA	NA	NA	NA	NA	NA	NA	NA	NA	NA	NA	NA	NA	NA	NA	NA	NA	NA	NA	NA	NA	NA	NA	NA	NA	NA	NA	NA	NA	NA	NA	NA
1.91790533361159	1.26811807078414	1.81464691524152	NA	1.6695664130779	NA	NA	NA	NA	1.09362352323429	1.11136550512746	NA	NA	NA	NA	NA	NA	NA	1.00189155077474	NA	0.499949400346093	1.03954856272207	0.554121866736612	NA	NA	0.271486702216742	NA	1.58881952480786	0.681510087508397	NA	NA	NA	NA	NA	NA	NA	NA	NA	0.640566572915369	1.26350544028578
NA	NA	0.304858304396646	0.835113851829178	1.45395905498885	0.395488780938429	0.491682580236977	0.446741734372107	0.819928635206954	NA	0.891520670207062	NA	1.14321539354108	0.377307177259571	0.978601419718679	NA	0.791685009639966	0.963953016713123	NA	0.970043285143512	0.585063169452594	0.751162034962562	0.811803245348998	NA	0.258034616924787	0.448629094858588	NA	0.1805114497085	0.0971148536715756	0.275167325845402	1.69154038411304	NA	0.602882447748343	NA	NA	NA	NA	NA	0.219930589778613	0.210246445499007
0.664756165890584	0.749245836968218	1.47502076927385	NA	0.579939150599381	NA	1.47678964802407	NA	1.42847311642875	1.07029896136382	1.10548605013846	1.3639972435546	NA	NA	0.765740835691302	1.36138910305602	0.613368700624269	0.619269872072071	NA	NA	NA	NA	NA	0.288594558476953	0.215664766337417	NA	NA	0.139960520773834	0.191507178496335	0.348647478500215	NA	NA	NA	NA	0.835231605328333	NA	NA	NA	0.196600571612513	0.583921087271754
NA	0.868918729927178	1.14030039069911	0.913755187511011	NA	0.593729171063419	0.723942237542613	1.70139413932736	NA	0.348496138981427	NA	1.07354695735239	NA	NA	0.714207491281175	1.02133441295947	NA	1.12071645004316	1.20167302154803	1.54093752907032	0.422156062199213	NA	0.339526196941081	0.102215895543297	0.285790661486641	NA	0.239355772189714	NA	0.390123895392341	0.814517294629447	NA	NA	NA	0.228573944431665	0.687293877057582	NA	NA	0.8290707726859	0.544036512771633	NA
1.30759020939933	NA	NA	NA	1.35869187983651	0.397615650013378	0.980864056354707	0.753308477591904	0.403599489307034	NA	NA	NA	NA	0.678914423763508	0.537871338623362	NA	0.42698429090703	NA	NA	NA	NA	NA	0.319525010971587	0.448528159380457	0.961620268960245	NA	NA	0.770265906793325	0.76670081847451	0.660264896563133	1.02255430250019	1.22058910854489	1.44180251757428	NA	0.638965836620166	1.3152462076936	NA	1.83241425932226	NA	0.753954879632863
NA	NA	NA	NA	1.72974955060417	NA	NA	NA	NA	NA	0.297403565363455	NA	0.770441031095356	1.28346207533061	2.30013797880298	1.242104942506	0.627718067783371	NA	0.252667484872938	1.04710523969279	0.470853907662572	0.40015279281567	0.631862558498262	0.451607893536631	0.222349176168108	0.302758812972551	1.12797679415933	NA	0.837319303178285	0.675961440058654	NA	0.748752106537475	NA	0.82701712389799	0.471095343547641	0.683897089372582	NA	0.431391726599422	0.418453676770598	0.676704669450779
NA	NA	NA	NA	NA	NA	NA	1.83140858149011	NA	2.06545798664309	NA	NA	NA	NA	NA	1.57496300731792	1.50358641049259	1.53351789457273	NA	1.58786529570215	NA	1.20495991389686	1.17702262048661	NA	NA	NA	0.802631426208961	0.72568604408973	0.442633716668139	0.421462198245934	0.23694544125113	NA	0.627386665683947	NA	NA	NA	NA	NA	0.720972187125442	NA
NA	NA	1.20138730289272	NA	1.01540542310563	1.05242152241303	0.907212049448873	NA	0.552074683781315	NA	1.22613974053355	1.19314617625428	NA	0.634190249466989	0.532276743621802	1.22792296955077	0.459068313924947	1.3220921873095	1.20788181072561	0.858439036197806	0.752025768146388	0.775003725450157	0.421542667031901	NA	0.752564872529768	NA	0.889386691579024	0.320152992043569	NA	0.329297831899022	0.253934255791192	0.599196678586141	0.479074662748644	0.5729959541894	0.197598190185127	NA	NA	0.783953141518208	0.494297681907404	0.261311651166449
1.59548803738923	1.63914657386568	1.56975193701607	NA	0.772620690929173	1.08686858952328	NA	0.553125718154716	0.75323297629532	NA	0.290617692635841	NA	0.7759505886897	0.805968916678294	NA	NA	0.451211666252402	NA	NA	1.28751881857064	0.306324484188101	0.366075921303643	NA	NA	0.827844602376839	NA	NA	0.285152186206552	0.320060028208131	0.660037853884976	0.780482927118064	0.780335907522653	0.357802169680594	NA	0.380019531384434	0.334232723104504	NA	1.36260019703442	0.193302153034617	0.321514127186486
NA	NA	NA	NA	NA	NA	NA	NA	NA	NA	NA	NA	NA	NA	NA	NA	NA	NA	NA	NA	NA	NA	NA	NA	NA	NA	NA	NA	NA	NA	NA	NA	NA	NA	NA	NA	NA	NA	NA	NA
NA	NA	NA	NA	NA	NA	NA	NA	NA	NA	NA	NA	NA	NA	NA	NA	NA	NA	NA	NA	NA	NA	NA	NA	NA	NA	NA	NA	NA	NA	NA	NA	NA	NA	NA	NA	NA	NA	NA	NA
NA	NA	0.90765337347651	NA	1.13056377558755	1.23948340596254	1.1192656147615	1.1345322139996	NA	NA	NA	NA	NA	1.24344621572475	1.11099740829273	1.35135923742251	1.52380303398379	1.57400702020166	NA	0.883266195206816	1.22854769133574	0.878387536683299	1.23569080364667	1.31768105905498	NA	NA	NA	NA	1.04156491745182	NA	0.635783700558974	0.675586992736938	0.951422261603623	NA	0.697691058728767	0.606156570871518	NA	NA	0.546127524156461	0.407768356499718
2.31292654541455	NA	NA	NA	NA	1.23481080115605	1.43347426429658	1.43435322371982	NA	NA	1.47544219421022	1.79354288350601	2.27086529895293	1.47740406109629	1.32295702391655	NA	1.55066905323022	NA	NA	1.31389406446937	1.13701740782762	0.838093044295686	1.11331858105321	NA	NA	NA	NA	1.24501605738853	0.861202758692069	0.761548211081832	0.668982368106725	0.750574522705418	0.657345822930063	NA	NA	NA	NA	0.428506146601918	0.223555459125688	NA
NA	0.632883278770124	0.743225937147849	NA	NA	1.44936836118501	1.65638386411139	1.20395164754315	1.0005247546863	1.41105968929481	NA	0.820825024223881	NA	0.355313638391961	1.28811420640489	NA	0.996701828762214	1.10635735756548	1.27197753892276	NA	0.829524929976236	0.611187806725822	0.66892316218955	0.515096331909576	0.521079410687103	1.2200416534471	1.00770946907617	0.720460443078867	0.66196461685844	0.557629188224435	1.61459477052568	0.630970716954117	1.36872203470313	0.87511892517208	0.331831945497877	1.83083188899371	NA	1.48811686151668	0.703417310066931	0.9226583842012
NA	NA	NA	0.596662047655298	NA	0.406020891688472	NA	0.681061600910032	0.673385334875187	NA	NA	0.803677212565706	NA	NA	NA	0.576273507351162	0.579972052990198	0.779244092046356	0.988543618761659	0.661835275589741	NA	0.744648742689899	0.582729762365046	0.547173634658156	NA	NA	0.689513688421339	0.754801341415334	0.917288169432509	0.800386953169681	2.0201124979641	0.670008472329452	NA	0.967157800008669	0.560863544022883	NA	NA	0.442083029866623	0.867413926744891	0.73100042741785
NA	0.710116709113054	0.831125295995382	0.771981220800356	0.827302312383138	NA	NA	0.923218700084404	NA	1.10869609443598	NA	NA	NA	1.01807905893532	NA	NA	1.6420097809668	0.832858979480622	0.691241498293456	0.987269487588903	0.832231113037889	0.515644657234588	0.645042689211728	0.688208884004679	1.00168508952852	NA	0.558829299836015	NA	0.738919461319422	NA	NA	NA	0.347823925749799	1.14630762488414	NA	0.586043440400472	NA	NA	0.513790517739062	NA
NA	NA	NA	NA	NA	NA	NA	NA	NA	NA	NA	NA	NA	NA	NA	NA	NA	NA	NA	NA	NA	NA	NA	NA	NA	NA	NA	NA	NA	NA	NA	NA	NA	NA	NA	NA	NA	NA	NA	NA
1.89587417276174	NA	NA	NA	1.02847331695087	1.08473563538998	NA	0.649601645678163	NA	NA	1.47014582944174	1.15859142795614	NA	2.03631133536114	NA	NA	NA	NA	NA	1.3831416855178	1.56766264807439	1.11375872015207	NA	NA	NA	0.788763874024941	NA	0.63291733920884	NA	1.10460069662782	NA	0.760803688632527	NA	NA	NA	NA	NA	NA	0.237698412596869	0.595948399002313
0.598639356678369	1.07950401432178	NA	NA	0.432865765030378	NA	0.471736580866773	NA	0.871412644052867	1.54738360615274	0.608495602647392	1.43292445621226	1.07003703985449	0.620088575040326	NA	NA	0.752683828931335	0.864687944161875	NA	0.496139844545729	NA	NA	0.633726775695718	0.545406693706341	0.628546083863643	0.897224324240232	0.77569096595433	0.630739343897587	NA	NA	1.3350112586034	0.489538592908036	0.267703301854637	0.399125384669716	NA	NA	NA	NA	1.15223019384303	0.39848088292124
2.13035426041946	NA	NA	NA	2.22478505053328	NA	NA	NA	NA	NA	0.81774703869897	NA	NA	0.848682375221135	NA	NA	1.0541215151394	1.03609562362332	NA	NA	1.84550842058661	1.00396068625236	0.84109350926062	0.615657091563916	NA	1.0818855456772	0.659939443530777	0.281504108846736	NA	NA	NA	0.346845191782219	0.118305319202157	0.28330177499329	NA	NA	NA	0.198633913781188	0.569448771160809	1.01972109421471
0.54496820573424	0.296754258159762	0.835252584366817	1.43596242010291	NA	NA	0.875542996817938	2.23624958966406	1.16339479926516	NA	1.25615727602739	1.40443464714194	NA	1.39210762406957	NA	1.721288222174	1.54243531011716	1.38374192856231	1.01873513452557	1.04169330177504	NA	0.881737088602613	NA	0.5977113499569	0.791325063532144	NA	1.35307677637578	1.2319972302115	0.508612003787133	0.367883687649491	NA	0.633026758802904	0.78020192676257	0.907034190104707	0.973191367295499	0.764267442785595	NA	1.21421255859915	0.356937944547573	0.31071526452167
NA	1.0883576763434	NA	0.999090418474662	0.942916109765709	NA	NA	0.997585986628403	1.02418459206199	0.844244112243297	0.71448537801024	0.730696823718767	NA	0.938032408355551	1.08451497232855	NA	NA	0.818491054304062	0.430519333040562	0.736502301077528	0.481221337627421	NA	0.735278999102368	0.684713212162256	0.46464853039042	0.420652034931316	NA	NA	NA	NA	NA	NA	NA	NA	NA	NA	NA	NA	NA	NA
0.177084467798764	0.2225528404657	0.467446731396464	1.24901470590163	NA	0.706746247313064	0.626538771812247	2.29006219064698	1.0693696578617	NA	1.33024350816797	0.948312422495046	NA	1.30562464138267	NA	1.65487514946504	1.40040946704419	1.32638531755417	0.886733721242389	0.932814347365049	0.657507810747247	0.709718322994424	NA	0.553564361647965	NA	NA	1.25798323532559	1.10409962571751	0.49173922623501	0.343510136451483	NA	0.0795386175067463	0.563762598020957	0.59706064431959	0.458067037962234	0.442910134927154	NA	1.07029181176416	0.357602400191732	0.438655339049216
NA	0.558451582037753	0.62915020193101	NA	NA	0.380989740188959	0.479463505261519	0.720511908834708	NA	0.369178829696296	0.700445857447281	1.2067285395869	0.870984640401513	0.909835405095678	0.754918823226901	0.961433451356835	0.975209421718986	1.08068617048436	NA	NA	0.558013232579504	NA	0.234190030503772	NA	0.415108134796744	0.323613963444544	0.190849026887462	NA	0.730052289357862	0.552457355752408	0.420101954432749	0.33929149596032	0.227816550855614	0.333091061064044	0.639002572006388	0.372661027515625	NA	NA	0.894616668140623	NA
NA	NA	NA	NA	NA	NA	NA	NA	NA	NA	NA	NA	NA	NA	NA	NA	NA	NA	NA	NA	NA	NA	NA	NA	NA	NA	NA	NA	NA	NA	NA	NA	NA	NA	NA	NA	NA	NA	NA	NA
NA	NA	NA	0.676800925146871	NA	0.790033904530767	1.63079847069133	0.88445337013808	1.09164765350275	1.2505897759923	1.6955169647698	0.768265240412823	0.730547630876108	1.38412172408789	0.669938471708312	NA	1.20442863790119	0.796182163772923	0.500666672719881	1.07646463730974	0.500459666502902	0.844318045927423	0.27344678423657	0.372016106365619	1.39947460591128	NA	0.714061772655713	0.469081607789781	0.78447526153126	0.233709685657083	0.515708649626906	0.490081515721226	0.967544599029264	0.839809845909817	0.883860335770945	0.814067714715369	NA	1.65995024906016	1.10487192961635	1.24942184968573
NA	1.16312146589237	1.36809659652734	NA	1.49506336024131	0.429001117099129	NA	NA	0.408974494204697	1.09218519594028	0.795926423111219	1.48877658441687	0.138296576345616	0.42801369906079	0.349771988635323	0.450156647910327	0.735668506634219	0.740633107303138	NA	0.559760753584876	0.899724582215743	0.863612614944157	0.605675585408249	1.04524624418286	1.17681923364533	0.276039937896851	0.280193035223858	0.560564828901726	0.828799749793977	0.55688324675761	0.2633053468196	0.652538092449949	NA	0.333017998137567	0.495279605729647	NA	NA	0.241012271351322	0.394713235224844	0.620038776012906
NA	NA	NA	0.620939749593415	0.445707458142744	0.203941687191517	0.262752791241346	0.514344703453212	0.389967792085437	0.380797625486187	0.490667790779136	1.72731563462157	0.464394087614012	0.657624250231428	0.743430498172181	0.791989723553381	0.842360802798932	0.698286508520707	0.550956205571178	0.753134829672502	1.41187390989314	0.238991001717972	0.625423029778862	0.398421873192672	0.433464658302238	NA	0.921016153166833	0.839966990886119	0.441130210310917	0.437510282014167	NA	0.600576819057453	0.507689707887991	NA	0.506742965182422	NA	NA	0.264927978700932	0.321416307160256	NA
NA	NA	NA	NA	NA	NA	NA	NA	NA	NA	NA	NA	NA	NA	NA	NA	NA	NA	NA	NA	NA	NA	NA	NA	NA	NA	NA	NA	NA	NA	NA	NA	NA	NA	NA	NA	NA	NA	NA	NA
NA	0.967461316944524	0.749491093446219	NA	NA	1.37400197815068	0.555293878962328	NA	NA	NA	NA	0.685063631903243	0.980850806665693	1.03276827858423	NA	NA	0.737981207105084	NA	NA	0.245411664706036	0.50187469918876	0.51161626799304	0.528738497117335	NA	NA	NA	NA	NA	NA	NA	NA	0.483842104247105	1.60153070315475	0.31293155978628	NA	NA	NA	NA	0.549347616268687	0.342515068635823
NA	1.25527557322674	1.26083550693904	1.38980213791984	2.3261021524041	1.90085513580483	2.29898895131534	1.91902997631631	1.58444881494904	2.36854159767738	1.93205644433358	2.02494174420887	NA	2.14613332935887	1.89401154700931	1.9304921934727	1.80184351890978	1.89427765765109	2.17406976509416	2.02049120187814	2.0512060952755	1.62905146695414	1.14185202940399	0.647329930090192	0.73649892383524	2.21799550955611	1.44886970266463	2.11862313807931	1.50188457123579	2.05652960658522	NA	1.90447104661901	1.88553582982792	2.14555577458675	2.08069930420093	1.04943960236275	NA	0.640046155217629	1.88650259938199	0.550845332375507
NA	0.390098471396228	0.592400156019738	2.18695268355629	0.458598338241813	0.336575637797211	NA	NA	NA	NA	0.107929613213573	0.382513342379158	NA	0.89281781080362	1.2410669538119	0.419339385445635	1.91151300305532	NA	NA	0.268129171691122	NA	0.249874322088722	0.863827588027333	NA	NA	NA	NA	NA	0.421476610819795	0.694358553978315	0.896404135702087	0.780892800470374	0.665632468570219	NA	0.58860714344762	0.296439838311627	NA	0.726633668853458	0.466829555703529	0.817274710104179
NA	NA	1.19029618306656	NA	NA	0.766805283725818	1.28196399287805	1.56450764583541	1.43927006010941	1.38722056910425	1.7493313144284	1.12381108429096	1.38006162853539	1.04519362597799	1.61977524000464	1.91125880588735	1.26277577397142	1.50726223427973	NA	1.20875549095419	0.859742451482702	1.05019060780138	0.993351806673631	0.961665756668691	1.31143887701725	1.52429348884189	0.849332885428398	1.20328959920575	1.26263798960473	0.397175021904293	NA	1.25088630582972	1.50584227232043	1.51381418793448	0.16676700248706	0.239258691119333	NA	0.420690348926788	0.64123396045888	0.291100588503071
NA	1.3176885192127	NA	NA	NA	NA	0.997270149864763	NA	1.68791194250791	1.40700386742311	NA	0.946333850970095	0.835724272750663	0.267100670370198	NA	0.98822443162531	0.41864426979511	NA	NA	NA	0.707802485364416	0.332297269707316	NA	NA	0.83012434331617	0.460350948597445	NA	0.0863670365827353	NA	0.370823788895516	0.453198501447852	NA	NA	NA	1.01279119683137	NA	NA	NA	0.752223320190996	0.663067747000667
1.23067725590985	1.44020152454921	1.49079676971974	NA	0.545033637422424	0.933033562909403	0.754732647897782	0.983379219022885	0.944533613224467	1.64227375282769	0.718728825052171	1.08772914333184	1.1509436347834	1.2130589317433	0.769782669256979	NA	0.7182334955832	2.03469182534329	NA	0.521123115691381	NA	0.400482703373912	0.500489199468109	0.388006588751741	NA	1.42549411782684	0.790734597549083	0.507341252785186	1.20735533242491	1.0087860360014	1.35844573318942	0.710329499206292	0.915442027937184	1.00447141152814	NA	0.587731573087955	NA	NA	0.918813564381027	0.712024557671841
NA	2.10680823052026	2.31305170145283	NA	2.24709048603392	1.37140850969533	1.43430614845254	NA	1.43308490905405	1.25016532179688	1.86013947280013	1.53807848584592	1.49178932692379	1.38585196759266	1.56273717600099	NA	1.47475387487624	1.30753232792052	NA	1.91628930751537	1.72883753665004	2.0404001514028	1.52645071850548	1.16063339996645	1.39983310351515	1.39258032494808	1.8449360503504	0.875127483915615	NA	1.07998061879654	1.33616054005726	1.84940095049522	NA	NA	NA	0.556628586627473	NA	1.7793334193482	NA	1.92562569237852
1.78416622394929	1.53172488565844	NA	NA	1.65184283965309	NA	1.17587065767089	1.15394977678698	1.44094978842288	1.30322169047388	0.863405756057723	1.8273455298319	NA	1.16956422576357	0.95427031707074	1.09084430070433	NA	0.940152600232122	1.08497593078622	NA	1.17933593393609	NA	0.708803593040811	NA	NA	0.856786666238367	NA	0.518431019131477	NA	0.302729696317827	0.874417689839687	0.163483217698091	0.543319852839778	NA	0.238187357583462	0.207521258520296	NA	0.47161044211171	NA	0.518676864344393
1.1366306539635	1.14336523662997	0.520244527573861	NA	1.22446482126203	0.208590909552057	0.508342707854271	NA	0.897364942843148	NA	NA	1.04039770128923	NA	0.389263781657713	NA	NA	0.83924049418112	NA	NA	0.664348199267194	0.387041279526012	0.635757555355417	0.507250904770029	0.566227100875375	0.761021111000627	NA	0.651575518580292	NA	0.298452021137907	0.701121143222471	0.253737807282249	0.347631783805495	NA	0.314339830420234	0.234154240321137	NA	NA	0.21620499061037	NA	NA
NA	NA	NA	NA	NA	NA	NA	NA	NA	NA	NA	NA	NA	NA	NA	NA	NA	NA	NA	NA	NA	NA	NA	NA	NA	NA	NA	NA	NA	NA	NA	NA	NA	NA	NA	NA	NA	NA	NA	NA
NA	NA	NA	NA	NA	NA	NA	NA	NA	NA	NA	NA	NA	NA	NA	NA	NA	NA	NA	NA	NA	NA	NA	NA	NA	NA	NA	NA	NA	NA	NA	NA	NA	NA	NA	NA	NA	NA	NA	NA
NA	NA	NA	NA	NA	NA	NA	NA	NA	NA	NA	NA	NA	NA	NA	NA	NA	NA	NA	NA	NA	NA	NA	NA	NA	NA	NA	NA	NA	NA	NA	NA	NA	NA	NA	NA	NA	NA	NA	NA
NA	NA	NA	NA	NA	NA	NA	NA	NA	NA	NA	NA	NA	NA	NA	NA	NA	NA	NA	NA	NA	NA	NA	NA	NA	NA	NA	NA	NA	NA	NA	NA	NA	NA	NA	NA	NA	NA	NA	NA
NA	NA	NA	NA	NA	NA	NA	NA	NA	NA	NA	NA	NA	NA	NA	NA	NA	NA	NA	NA	NA	NA	NA	NA	NA	NA	NA	NA	NA	NA	NA	NA	NA	NA	NA	NA	NA	NA	NA	NA
NA	0.916692706514941	0.811199083636216	NA	NA	1.16221192046503	0.925186473560666	NA	NA	NA	NA	1.45482501648189	NA	NA	1.72386698051111	1.71566164377624	1.51175617227127	1.68141195557915	NA	1.22272843757498	0.819050875365289	0.718916545194145	0.677268293114097	NA	0.714185168065286	0.884204884456606	0.981757107538485	0.550067916762882	0.685408669475581	0.811681106361447	NA	0.503556680214287	0.479793396959107	0.349764302868731	0.370157885113098	0.408676638621375	NA	0.608892312159338	1.51354366714211	0.438686507094435
NA	NA	NA	NA	NA	NA	NA	NA	NA	NA	NA	NA	NA	NA	NA	NA	NA	NA	NA	NA	NA	NA	NA	NA	NA	NA	NA	NA	NA	NA	NA	NA	NA	NA	NA	NA	NA	NA	NA	NA
NA	NA	NA	0.290373767509733	3.0303135738376	NA	2.7221451010619	NA	NA	NA	2.56964304167056	NA	NA	2.03533374569598	2.11652619710096	1.98051934054042	NA	2.05305590376792	NA	1.81210288732905	NA	1.82701622964936	1.43911254065551	0.879165428346139	1.3482052104185	NA	0.882087206263797	1.19743929150941	1.56160155855007	NA	NA	NA	NA	0.771991003389726	1.92442110456787	0.274358204443378	NA	0.23175215067042	2.32834900283778	0.614276058105647
0.374029213546194	NA	0.826268214156495	NA	NA	0.49303865954847	0.810252975443054	NA	0.836180449820498	0.836943163594	0.508286489666164	0.95336565514074	0.618199158085434	0.763676218232662	0.894751419179182	NA	NA	NA	NA	NA	NA	0.553583980404462	0.519187617012182	NA	0.389343804040071	NA	NA	0.652382771209275	0.379380343874628	0.555220222420366	1.18168778641673	0.490946034673056	0.336034548014713	0.320320189928324	NA	NA	NA	0.264770084916626	0.682522184467148	0.759851657986415
NA	NA	NA	NA	NA	NA	NA	NA	NA	NA	NA	NA	NA	NA	NA	NA	NA	NA	NA	NA	NA	NA	NA	NA	NA	NA	NA	NA	NA	NA	NA	NA	NA	NA	NA	NA	NA	NA	NA	NA
1.33182862649946	1.20425401144547	0.719208182831468	1.09656964985074	1.16283106667878	0.787702961041987	1.15682699773465	0.918476256046004	1.29466370430133	1.3105400884103	1.28018052222818	1.42637706229053	1.06752660096663	1.44927720713896	0.657782031655765	1.03725720320522	0.849415668124056	0.739277211192586	0.971077199763056	0.598655816857701	0.394023920035945	NA	0.754110411291492	0.601205197250987	0.701390925363899	0.670912909839515	1.26401540322594	1.70632382383741	0.28535702642029	0.417348584887036	1.33661967130419	0.565324595806465	0.433125807666505	0.195003333051334	0.117090464795227	0.429206041557818	NA	0.26482506060315	0.392671133128674	NA
1.81894371306297	NA	NA	0.41149964159105	0.669109677403166	1.74720468980195	0.745144644887962	0.102064683467033	0.854699707341991	1.16538241533526	0.837579220889518	1.28471172644068	0.332633080012653	0.363712606930965	1.03105980764071	0.960274717258683	0.645052457496194	0.591447831893243	0.656020797795514	0.941676089782887	1.50750693503156	NA	1.08224512242537	0.170420506553751	NA	0.280784705681095	0.675386533789242	0.805160957182599	0.747879372036994	NA	NA	0.104101759887602	0.573088804952513	0.177030144076691	0.105745012038701	0.641360641500791	NA	0.969224317775721	0.902809491561274	NA
NA	NA	NA	NA	NA	NA	NA	NA	NA	NA	NA	NA	NA	NA	NA	NA	NA	NA	NA	NA	NA	NA	NA	NA	NA	NA	NA	NA	NA	NA	NA	NA	NA	NA	NA	NA	NA	NA	NA	NA
NA	NA	NA	NA	NA	NA	NA	NA	NA	NA	NA	NA	NA	NA	NA	NA	NA	NA	NA	NA	NA	NA	NA	NA	NA	NA	NA	NA	NA	NA	NA	NA	NA	NA	NA	NA	NA	NA	NA	NA
NA	NA	NA	NA	0.741407582874301	NA	0.474051850208936	0.475449191083566	0.334120074476093	0.280475185659077	0.446543258594432	0.401167772174203	0.525558094181601	NA	0.563583795122598	NA	NA	NA	NA	0.821900026682256	NA	0.423858592197367	0.76575717273103	0.535106536542388	NA	NA	0.61264416200833	0.653774598677039	0.95255147471562	0.459666620722374	0.733077384386392	0.712495955048661	0.29209153935935	0.739430497097134	NA	NA	NA	0.390605662326189	0.384072817685971	NA
NA	NA	NA	NA	0.622221390299417	0.5703407203449	1.99353591741017	NA	NA	2.04879666589823	0.50140891044672	2.01038412509125	0.649802467132848	1.12437625239261	1.0698277454985	NA	NA	NA	NA	0.670910045943792	0.954469442434313	1.10067076530543	1.61619182079263	2.06468671481959	0.766633233123152	1.21827532641343	1.19907520276398	NA	0.96976069130399	NA	NA	NA	0.448654973256296	NA	NA	NA	NA	0.949908930310554	0.948573812924172	NA
NA	NA	NA	NA	NA	NA	NA	NA	NA	NA	NA	NA	NA	NA	NA	NA	NA	NA	NA	NA	NA	NA	NA	NA	NA	NA	NA	NA	NA	NA	NA	NA	NA	NA	NA	NA	NA	NA	NA	NA
NA	0.457935881860999	2.06620064620131	NA	1.02053625962982	0.756514607191495	0.711267060798674	NA	NA	1.98921480340464	NA	NA	0.414620174224718	NA	0.535777097040185	0.353582566106147	NA	0.844129447833407	NA	0.999284297336226	NA	NA	NA	NA	NA	NA	NA	NA	NA	NA	NA	NA	0.20538247705687	NA	NA	0.774732097529445	NA	NA	2.29720687985029	0.129566474595424
NA	NA	NA	NA	NA	NA	NA	NA	NA	NA	NA	NA	NA	NA	NA	NA	NA	NA	NA	NA	NA	NA	NA	NA	NA	NA	NA	NA	NA	NA	NA	NA	NA	NA	NA	NA	NA	NA	NA	NA
NA	NA	NA	NA	NA	NA	0.353515751707606	0.59443352081521	NA	NA	0.947256032857854	0.623344440919921	NA	NA	0.420937977926291	NA	0.73062104665455	NA	NA	0.793195208624413	0.523834882650729	0.713154355530634	NA	NA	0.959805638692676	NA	NA	NA	0.760418049805575	NA	NA	0.697724907560227	0.787183651642423	NA	NA	NA	NA	NA	NA	NA
NA	NA	NA	1.05939182268586	NA	NA	NA	0.860034841850828	0.610572806446476	NA	1.74031578292583	1.38489885817867	NA	1.37565290649487	1.39677497691574	1.34627462323862	1.1438636674879	NA	1.62499620194873	NA	1.52179893188328	1.2077323931726	1.7748150759217	1.68128729342013	0.606690455917893	1.10947094287314	1.9490508807428	0.997851691354547	NA	0.792444124613385	0.696221444928997	1.69672578871332	0.532160501429553	0.852496420104963	0.613196784508534	1.02216955846008	NA	0.616026931739769	0.522572319064569	1.09540726986497
NA	NA	NA	NA	0.815950830051223	NA	1.1151614598133	NA	NA	NA	1.20148697859676	NA	1.42627399545271	1.25448304926637	1.44683508242095	NA	1.03024970957919	NA	NA	1.16381296382764	0.889222805565145	1.22942477106423	0.770529125639411	1.15820596159291	0.678307758821543	NA	0.799465614768083	NA	1.3125114170148	NA	1.03908376686726	1.10648860856954	1.54827328317767	0.982020452455659	1.1324214317195	1.07115500102137	NA	1.89377816782377	1.51615013042424	0.715399275074249
NA	1.33978205708337	NA	1.85820727447034	0.284512754085295	1.1548604647153	1.13820229685753	NA	0.899432905693739	0.841709762702038	NA	0.700719943275232	1.31548655543108	NA	0.840091254769667	NA	0.674663435005098	NA	0.552552676136688	0.708951524577853	0.636009255613043	1.03649625237681	NA	NA	NA	NA	1.06237454744518	0.281699896062861	0.470409103627005	0.790421665076741	NA	1.57885977452272	NA	0.453485837505029	0.481786872737543	NA	NA	0.0809702352655043	1.7689339811787	0.433416783800663
NA	NA	NA	NA	NA	NA	NA	NA	NA	NA	NA	NA	NA	NA	NA	NA	NA	NA	NA	NA	NA	NA	NA	NA	NA	NA	NA	NA	NA	NA	NA	NA	NA	NA	NA	NA	NA	NA	NA	NA
2.11926251075641	0.490316348375481	0.422998473146628	2.62692677568142	0.766768982410846	0.559572783180407	0.27734676153467	0.589177483454047	1.945842154079	1.81984206699144	0.530407166051046	1.62609621087683	0.541281022665851	1.21520409071512	NA	NA	1.7260518998545	0.851541955291776	NA	0.67640218103434	0.866308182286683	1.09712009484372	1.53079033621651	2.01380364470438	0.617097414888614	NA	0.828699391872001	1.80803637729718	NA	NA	0.677514026484185	0.75473475050365	0.283140255106972	NA	NA	NA	NA	0.357024628194498	0.720731736539481	NA
1.98199133039392	1.09009057995294	1.30469798417028	NA	1.28762708061534	0.920355072400844	0.814234862762008	0.749198487355278	0.936993267793916	0.451021532291352	0.586150530480326	0.37752846793487	0.682634254290473	1.3289472864759	0.638933396408142	0.227378495062186	0.361915320380144	0.301099528477882	0.2688786092052	0.482664841885431	NA	0.140565814448538	0.145956423330129	0.194901464363899	0.423286211727953	0.514679796406308	0.352184669443264	0.305628482046987	NA	0.769543844691474	0.47733972404866	1.06905935959068	0.505213205223044	NA	0.851730332314224	0.772783060296532	NA	0.450408930715093	0.487877800706131	0.598317239917055
NA	NA	NA	NA	NA	NA	NA	NA	NA	NA	NA	NA	NA	NA	NA	NA	NA	NA	NA	NA	NA	NA	NA	NA	NA	NA	NA	NA	NA	NA	NA	NA	NA	NA	NA	NA	NA	NA	NA	NA
NA	NA	NA	NA	1.30487810203797	NA	NA	NA	NA	NA	NA	NA	NA	NA	NA	NA	NA	NA	NA	NA	NA	0.970361544839584	0.715585164480314	0.678492241195587	NA	0.510763184119236	0.543096679900241	0.720857979807617	0.600764135533527	NA	0.349502305194617	0.531974398106912	NA	0.293418532197638	1.1198642519275	0.488710671751855	NA	0.259600489034716	NA	NA
NA	NA	NA	NA	NA	NA	NA	NA	NA	NA	NA	NA	NA	NA	NA	NA	NA	NA	NA	NA	NA	NA	NA	NA	NA	NA	NA	NA	NA	NA	NA	NA	NA	NA	NA	NA	NA	NA	NA	NA
2.68390769092674	2.037152952895	1.74392304241992	2.34906026909514	2.0333788918253	1.69402580771128	1.8531489658403	1.30882830292032	1.19219851159929	1.54574914228066	1.88902813904271	1.20830450794897	1.63827258730142	0.325093007186315	1.3075125072367	1.2442721613987	1.50439794225982	2.21736853467227	1.9008232171499	1.58918233184129	1.10575796777591	0.759412190252456	1.3656450819313	1.47789696447969	1.4306350802285	1.48767256277709	1.23818954194088	1.52940579563054	0.79393012327859	1.82142335960086	1.44960839447435	0.828533423062876	1.57572320502084	1.5054403357916	1.37024806083569	1.5832659234893	NA	0.768757237971904	1.19775888343167	1.2224128697851
0.345559160893438	0.322563849596064	0.292486834977498	0.16348799068757	2.09739622002816	NA	1.11571301334349	NA	1.12492698176488	1.02293768390101	1.9044840779518	2.12277789293159	NA	1.94540310496779	2.14467262348216	1.4562377407762	1.50262711574357	NA	0.825629962170398	1.60323063687377	1.78069278128394	1.73896982644493	1.26229862159618	NA	NA	NA	NA	NA	NA	1.19388818197079	NA	0.970479947471932	0.570001592983491	0.635166775388341	0.610551113240885	0.1005352500424	NA	0.561702074546742	2.09564976877942	1.87655369600228
NA	NA	0.788831970387795	0.898767379971226	1.05756733966932	0.34937266437983	0.634004510907962	NA	NA	0.876805121804355	0.488189221510685	1.5042363810817	NA	0.888252196108095	NA	NA	0.730139168600759	1.41292205746005	0.510410954348877	0.423733134194737	0.085084524691641	NA	NA	0.66930804812067	NA	1.08186131952078	NA	NA	NA	0.54270433661247	0.525479389834505	NA	0.547780693969883	0.167301343652359	0.469638802144242	0.772763709042007	NA	0.694108106331446	0.61436729512211	0.688719946190951
NA	NA	NA	NA	0.359311571847067	0.730955210724192	0.579871250873131	NA	NA	0.772982244227379	NA	NA	NA	1.00009963601565	0.926056651589431	NA	NA	1.22613696986653	0.856626109531181	0.915143619307816	NA	NA	0.623414003699346	NA	0.652079675892805	NA	1.08715389727672	NA	1.52655894339659	NA	NA	NA	NA	0.686848664170561	0.228495345898873	0.639056612378733	NA	NA	0.640328598165628	1.14772923388038
NA	1.78142573008677	1.81605096672647	2.067989453983	1.33230776401575	1.82014932236434	NA	1.95739007971906	NA	NA	NA	NA	1.66047674393349	NA	NA	1.67316885568539	NA	NA	NA	1.80603395764442	0.889394532205815	NA	0.695441940313516	0.894899463268282	0.597427567517768	NA	1.82856396930578	1.33661698660198	NA	NA	NA	NA	0.774314667023114	NA	NA	NA	NA	0.219264362204015	NA	NA
2.29861428068069	2.29327906124088	2.53575095918081	2.5485813383528	2.5399902786017	1.96146414756532	1.08046029651758	1.25511895716893	1.38414515769675	NA	1.04607987533294	1.11325396973332	1.46416952813757	1.29440167220139	1.57038985874502	NA	1.39656934164389	1.6203067960473	1.73062013471279	NA	NA	NA	1.17820959791507	1.55964942011806	1.17652775536507	1.47047543443979	1.42405375837812	1.78618297970642	1.8018947878455	1.54474556120087	1.25806213328857	1.17151010479775	0.979233133689198	1.20771661266578	NA	0.628654022917458	NA	1.54563747474473	1.70941901383613	1.35277765498541
0.909161963952622	NA	NA	NA	1.17746849734558	0.512447586094598	0.518855217660652	NA	NA	NA	NA	NA	0.532102972306244	1.59396846796296	0.631883859032719	0.758532499480904	0.527592577002332	0.321035822768577	0.513178804935389	0.497860240119569	1.64257221168518	NA	1.90664886659788	NA	0.789829503508769	NA	0.754221464516195	1.17425591689465	0.502232725982005	NA	0.832814802000031	0.97903320687997	1.66418705395283	NA	NA	NA	NA	NA	0.35222286936364	NA
NA	NA	NA	NA	NA	NA	NA	NA	NA	NA	NA	NA	NA	NA	NA	NA	NA	NA	NA	NA	NA	NA	NA	NA	NA	NA	NA	NA	NA	NA	NA	NA	NA	NA	NA	NA	NA	NA	NA	NA
NA	NA	NA	NA	NA	NA	NA	NA	NA	NA	NA	NA	NA	NA	NA	NA	NA	NA	NA	NA	NA	NA	NA	NA	NA	NA	NA	NA	NA	NA	NA	NA	NA	NA	NA	NA	NA	NA	NA	NA
NA	NA	NA	NA	NA	NA	NA	NA	NA	NA	NA	NA	NA	NA	NA	NA	NA	NA	NA	NA	NA	NA	NA	NA	NA	NA	NA	NA	NA	NA	NA	NA	NA	NA	NA	NA	NA	NA	NA	NA
NA	2.23595236369603	NA	NA	2.44188520119985	2.78941729846441	NA	2.49853536506189	2.04848787805245	0.472501592790316	0.461310614058637	NA	0.526309038535796	2.62201070069544	0.717009463002018	2.12914554320326	1.836549551302	0.604637621951782	1.92110887723706	1.2728785059712	0.613430090968408	0.704138756316068	0.994030306563357	0.918707374060722	0.926863609756503	0.860741077190108	0.716775414251915	1.2591891944219	1.30883039051588	0.537305541735583	NA	0.418478004896435	NA	NA	NA	NA	NA	NA	NA	NA
NA	1.27351309626661	1.28615682987238	NA	NA	NA	1.71532736442013	1.25066444555275	1.4605964225742	1.64873596067577	1.72558964779377	1.14370597022278	NA	NA	1.23598714002185	1.68745361482459	NA	1.03553277844977	NA	0.988311106462252	1.22894281110879	NA	NA	1.2830367888854	1.15364215807552	NA	1.85780888017336	NA	NA	0.811736401208894	0.624273046984702	NA	0.137865690208393	NA	0.373787912876755	NA	NA	NA	0.544624031688013	0.610044169115247
NA	0.615601473614089	NA	NA	0.564509406607062	0.748487995599718	1.92346555303013	NA	1.8768033107497	NA	0.716624583870198	1.83188678453801	0.558610037298013	1.1717652541679	1.13574297967991	NA	NA	0.810776241869979	NA	0.640485739103261	0.898848330931225	0.98446889174569	NA	NA	0.604965033074472	0.378579855863775	1.32110606851201	1.55474105982756	0.825446245741085	NA	NA	NA	0.383139829452471	NA	NA	NA	NA	0.684322385849436	0.687965852592337	NA
NA	NA	NA	NA	NA	NA	NA	NA	NA	NA	NA	NA	NA	NA	NA	NA	NA	NA	NA	NA	NA	NA	NA	NA	NA	NA	NA	NA	NA	NA	NA	NA	NA	NA	NA	NA	NA	NA	NA	NA
NA	NA	NA	NA	NA	NA	NA	NA	NA	NA	NA	NA	NA	NA	NA	NA	NA	NA	NA	NA	NA	0.867290167265877	0.569542956735823	0.622100631055145	NA	0.737681407824738	0.332600955760353	0.577043944171969	NA	NA	NA	0.552445343095399	NA	NA	NA	NA	NA	0.667360837507415	NA	NA
NA	NA	NA	NA	NA	NA	NA	NA	NA	NA	NA	NA	NA	NA	NA	NA	NA	NA	NA	NA	NA	NA	NA	NA	NA	NA	NA	NA	NA	NA	NA	NA	NA	NA	NA	NA	NA	NA	NA	NA
NA	NA	NA	NA	NA	NA	NA	NA	NA	NA	NA	NA	NA	NA	NA	NA	NA	NA	NA	NA	NA	NA	NA	NA	NA	NA	NA	NA	NA	NA	NA	NA	NA	NA	NA	NA	NA	NA	NA	NA
NA	NA	NA	NA	NA	NA	NA	0.350809264529243	NA	0.514284877746048	NA	NA	NA	NA	NA	NA	0.26356449783182	NA	NA	NA	NA	0.495443499136851	NA	NA	0.275734133205823	NA	NA	0.344908475571389	NA	0.63336014643429	NA	0.760359041730441	0.418936099957224	NA	NA	NA	NA	0.587319859226023	2.36169950055546	0.867389855177337
1.21561665120074	NA	2.17999280761658	1.42503416407398	1.07351058047424	1.49562913449639	1.13900507037652	NA	1.69036166388412	NA	NA	NA	NA	NA	NA	NA	NA	NA	NA	NA	1.35296660292312	NA	NA	NA	0.476970438341869	NA	NA	0.54316668277522	NA	1.33834192775124	2.41716506539803	NA	0.472262473701029	NA	1.25937890047679	0.20643740861355	NA	0.394448627907734	NA	0.66779419345679
1.58556036987968	1.32840662914043	1.42493655166618	1.53655277676522	2.28322375256737	1.86050095646596	0.936265617338957	NA	1.58385355784638	1.49676037577524	1.91194103732385	1.99511795261962	2.05372340235518	1.96058194265656	1.48386855193021	1.37863579448161	1.34809353394089	NA	0.750888434386782	0.403654050956444	0.970630336666346	1.11402318219094	0.59674133973604	NA	NA	NA	NA	NA	1.04391432366458	NA	NA	0.83865591379841	NA	1.67948792871993	1.36721771667883	1.37774915560491	NA	NA	NA	0.825191195128232
NA	NA	NA	NA	NA	NA	NA	NA	NA	NA	NA	NA	NA	NA	NA	NA	NA	NA	NA	NA	NA	NA	NA	NA	NA	NA	NA	NA	NA	NA	NA	NA	NA	NA	NA	NA	NA	NA	NA	NA
NA	NA	NA	NA	NA	NA	NA	NA	NA	NA	NA	NA	NA	NA	NA	NA	NA	NA	NA	NA	NA	NA	NA	NA	NA	NA	NA	NA	NA	NA	NA	NA	NA	NA	NA	NA	NA	NA	NA	NA
NA	NA	2.20605241713308	NA	0.3956385987543	NA	NA	NA	NA	0.903926917045019	NA	0.845252208641752	NA	0.642226380192522	0.751847847367982	NA	NA	1.06733427395999	0.87563033660792	0.961748473009318	NA	2.24133580149503	0.55113732055635	NA	0.646131475629266	NA	NA	NA	NA	NA	2.04389091733703	NA	NA	1.09508584947549	NA	NA	NA	NA	NA	1.05280438977764
NA	NA	1.24082294056329	1.67520925381593	NA	NA	NA	1.29088665373835	NA	NA	1.28156818026609	NA	0.62243786907664	NA	NA	1.63619193556158	NA	NA	NA	NA	0.687331865657019	NA	0.759596484472147	0.523141809671184	0.763775021017858	NA	0.603834441913816	0.673216862934467	NA	NA	NA	NA	0.382845705936165	NA	NA	NA	NA	0.848233762371648	NA	NA
NA	NA	NA	NA	NA	NA	NA	0.838746420004952	NA	1.76943659580017	NA	0.646879129106667	0.876438645165757	0.800659789982474	0.89141754786464	NA	NA	0.79208669871583	0.953789623668751	0.473778097241642	NA	1.12137158784749	0.631209608657752	1.14637728126479	0.603631641407098	NA	NA	NA	NA	0.521976957144779	2.12373575897258	0.24019377807198	0.101728100510073	0.0288307171924725	0.411266346263106	NA	NA	1.38245161283923	0.292787857285067	NA
NA	NA	NA	NA	NA	NA	NA	NA	NA	NA	NA	NA	NA	NA	NA	NA	NA	NA	NA	NA	NA	NA	NA	NA	NA	NA	NA	NA	NA	NA	NA	NA	NA	NA	NA	NA	NA	NA	NA	NA
2.57145852409248	2.37057363840398	2.50961529785546	2.52856318680752	2.61443662659856	2.04485323289681	NA	1.39516259847143	1.32389510744827	NA	NA	NA	1.63277780319496	1.35975042055056	1.69884885943797	NA	1.47923131510401	NA	1.77921064401699	NA	NA	NA	1.68939122309852	2.00343042153135	1.64053309429779	1.5935441162556	1.60993935748276	NA	1.79450900924476	1.68356143865462	1.69323387973541	1.50110621805923	NA	1.55603495748636	NA	NA	NA	NA	NA	1.61003123917456
NA	NA	1.33430136793043	NA	NA	1.01512163584954	0.853825420868283	1.03825284643314	NA	NA	0.955678359765942	NA	0.686527748893031	1.01647528568803	0.677542230490479	NA	0.657663146218007	0.478699473325686	0.870306181649846	NA	0.918676573796909	NA	NA	NA	1.12633742285212	NA	0.987386391140119	0.885958907111763	NA	NA	0.530294063619593	0.642476622803895	0.435174217344923	NA	NA	NA	NA	NA	0.337284729062873	NA
NA	NA	NA	NA	NA	NA	NA	NA	NA	NA	NA	NA	NA	NA	NA	NA	NA	NA	NA	NA	NA	NA	NA	NA	NA	NA	NA	NA	NA	NA	NA	NA	NA	NA	NA	NA	NA	NA	NA	NA
NA	NA	NA	NA	0.890704847526708	1.25442218813939	NA	1.56277147821096	1.67817586519917	NA	2.1836003021031	NA	1.05876050230302	1.07537536795063	NA	1.60828661352763	1.37095602390836	0.826973479280389	NA	0.89643254288947	NA	0.485411311091958	NA	0.498847739156859	0.321578225423763	NA	0.649776764873762	0.752164137443263	0.377895493784807	0.722718610343887	0.934175979028148	NA	NA	NA	0.5629935988938	NA	NA	1.42307827494146	NA	0.578651888862413
1.9916162469421	NA	1.35009303215121	NA	NA	NA	1.41636786865142	NA	1.38761194256461	NA	1.31890915916579	NA	1.69943156492194	1.53330787283758	1.57596779302477	NA	NA	NA	NA	0.905419694876393	2.0623430969853	NA	1.45989974642117	1.45272195222844	NA	NA	NA	NA	NA	NA	1.37876721547619	1.35106688402478	2.08741500612562	NA	NA	1.24266490171152	NA	1.18356340126917	NA	1.32247247017652
NA	0.74259854128296	0.998338248417979	0.720873047776816	0.69923487131098	NA	0.945142956401089	0.589494206407516	0.887480792113291	NA	NA	NA	0.76226310575077	0.938574875876463	0.558919425015544	1.28312413212544	NA	1.13480420788889	NA	0.889082086583596	0.722989494568418	1.15920802052087	NA	NA	1.07915977088688	1.03161482608275	NA	0.937805917724204	1.11953225110378	NA	0.639240388462182	0.530916522389147	1.95913728973066	0.472164168199557	NA	0.350309688004945	NA	0.742471458430464	0.482028373483456	0.577515256927994
0.831037422627847	NA	NA	NA	0.548760401843137	0.713357057587734	0.937550374476956	0.9116344185733	0.896932681678635	NA	0.655306830099374	1.05130739751108	0.323266210031689	0.943541800632586	0.968668716681851	0.793587543974968	0.88233127647789	0.827772915589522	NA	0.465713930515462	NA	0.537968400195779	0.3020555527188	0.55264621751601	0.479912904727418	NA	NA	1.02440677492727	1.08271659444689	0.623798960226895	NA	0.666429383296416	0.726173535037688	NA	0.546474944546443	NA	NA	NA	NA	0.386057274437292
NA	NA	NA	NA	NA	NA	NA	NA	NA	NA	NA	NA	NA	NA	NA	NA	NA	NA	NA	NA	NA	NA	NA	NA	NA	NA	NA	NA	NA	NA	NA	NA	NA	NA	NA	NA	NA	NA	NA	NA
NA	1.48284113412602	1.50039325107274	NA	NA	1.61468930153272	0.954430825028595	1.50848488153944	1.8210661708752	1.57467420389622	2.2702952032304	NA	NA	NA	1.46826935019402	1.8640336871409	NA	1.07137146461799	NA	1.33967184622986	1.44648484134416	NA	NA	1.22160378526829	1.26979341392212	0.787994158151974	NA	NA	0.955893624603396	0.456888330588161	0.372197717152859	NA	0.0956017714171929	0.611648247601939	0.278513975213317	NA	NA	NA	0.364135143390677	0.607481245013484
NA	NA	NA	NA	NA	NA	NA	NA	NA	NA	NA	NA	NA	NA	NA	NA	NA	NA	NA	NA	NA	NA	NA	NA	NA	NA	NA	NA	NA	NA	NA	NA	NA	NA	NA	NA	NA	NA	NA	NA
NA	NA	NA	NA	NA	NA	NA	NA	NA	NA	NA	NA	NA	NA	NA	NA	NA	NA	NA	NA	NA	NA	NA	NA	NA	NA	NA	NA	NA	NA	NA	NA	NA	NA	NA	NA	NA	NA	NA	NA
NA	0.466237159601439	0.664738159691339	0.828191068002044	0.811487573499603	NA	1.48203323420045	NA	NA	0.815634912943447	1.43618668251455	1.71368245817612	1.46689268479518	1.64892644677629	NA	NA	NA	0.844109622472894	1.12027112876511	NA	1.6493905224121	NA	1.53455086685656	1.38403689520166	NA	NA	NA	NA	NA	NA	1.32190217497754	0.594068818937276	NA	0.356736090793724	0.28850596449825	0.469878398485213	NA	0.340798678988086	0.555909472426181	NA
NA	NA	NA	NA	NA	NA	NA	NA	NA	NA	NA	NA	NA	NA	NA	NA	NA	NA	NA	NA	NA	NA	NA	NA	NA	NA	NA	NA	NA	NA	NA	NA	NA	NA	NA	NA	NA	NA	NA	NA
NA	NA	NA	NA	NA	NA	NA	NA	NA	NA	NA	NA	NA	NA	NA	NA	NA	NA	NA	NA	NA	NA	NA	NA	NA	NA	NA	NA	NA	NA	NA	NA	NA	NA	NA	NA	NA	NA	NA	NA
NA	0.961126247025616	1.11025354869613	NA	NA	2.1431422948239	1.51791650991582	1.22931637847271	NA	0.615575448917149	2.073135191138	0.503860894181808	2.10117561776325	NA	0.363096909829878	0.682601724831803	NA	1.89329714444216	NA	1.09245380391097	1.98516801956858	NA	0.603293551312155	0.705566445024134	NA	NA	2.01952805769757	NA	0.678026921295661	2.69371568540861	NA	NA	0.534735834831022	NA	2.37210282543882	NA	NA	NA	NA	1.51802130930642
NA	NA	NA	NA	NA	NA	NA	NA	NA	NA	NA	NA	NA	NA	NA	NA	NA	NA	NA	NA	NA	NA	NA	NA	NA	NA	NA	NA	NA	NA	NA	NA	NA	NA	NA	NA	NA	NA	NA	NA
NA	0.518131879866104	0.706085532009867	0.339841440541718	0.514778940804952	0.516550418558367	0.718877432475221	0.81648875381362	0.641549631837206	0.509591822038123	0.92445842100644	0.758824713787138	0.694015397392017	1.17198634140333	1.06707966100648	1.17975968883047	0.820469722256224	NA	0.655445142081281	0.908491368058774	NA	0.996361266938364	0.958889504511834	1.12567508998077	0.809986952327908	0.91557179105574	NA	0.63424388429836	0.813590057062621	1.53814021136061	NA	0.94009641234923	0.745722830075783	1.0223270389441	1.11908663727971	NA	NA	1.32560162759946	1.14918333261217	1.19325727000206
NA	NA	0.62727770842943	1.2740197071933	NA	0.481592044198029	0.678865871391423	0.572770945674064	NA	NA	0.561633816037645	0.494515909705241	0.787678995254206	NA	0.815335500819632	1.04479176764445	0.709103022798115	0.743125742567766	NA	NA	0.267797437392293	0.167200423974651	0.343170280549817	0.299850156684674	NA	NA	NA	0.695234874004476	0.586009868382703	1.07925271678801	0.321449648988568	0.785389389020851	1.35519866109426	NA	NA	NA	NA	NA	NA	NA
NA	1.01828683200965	NA	NA	NA	0.990051688549555	1.01820693154542	0.877274425661547	1.54704582816705	0.97130670112363	0.972431016296382	0.921884370489631	1.04100349969995	0.832167116671604	0.310150475799722	0.683830443884328	0.785217672694929	NA	0.813979970633841	1.17101891799025	1.74951697949717	1.75266593937686	0.760794265044293	0.653575461788879	NA	NA	0.292867051517485	1.58326041906616	0.66627765103092	1.07983985714692	NA	NA	0.396088591056989	0.211751343664543	NA	NA	NA	0.473596478882817	0.382209846593674	0.328616588949232
NA	NA	NA	NA	NA	1.91249400617742	0.576770649263415	0.595265638806234	NA	0.520417953729421	NA	NA	0.541400615467462	0.295603147817201	0.473385279105459	0.125199569334404	NA	0.339202735152467	NA	0.479696575816297	0.12069068129728	1.54678861618769	NA	NA	0.907389720686409	NA	0.383755204975206	1.51349807067672	0.957684058761429	NA	0.2266202471616	NA	1.77142132045519	1.58566811620063	NA	NA	NA	NA	2.19731335136553	0.505651121520841
NA	NA	NA	NA	NA	NA	NA	NA	NA	NA	NA	NA	NA	NA	NA	NA	NA	NA	NA	NA	NA	NA	NA	NA	NA	NA	NA	NA	NA	NA	NA	NA	NA	NA	NA	NA	NA	NA	NA	NA
NA	NA	0.643333122864655	NA	NA	0.603954944945101	NA	NA	0.511741174712018	0.712988926688351	NA	0.541173006593373	NA	NA	NA	0.776074063467725	NA	NA	1.09156642032226	NA	0.711058281204433	0.779820210963004	NA	1.07671263848203	NA	NA	1.18715534560051	NA	1.15282367479212	0.908804057487354	0.840688097595831	NA	0.273583384245445	1.01132570699025	0.38238660488999	NA	NA	NA	0.644146121786198	NA
1.15511495136045	NA	1.26168332499318	NA	NA	NA	0.903723466270478	1.44452895020333	NA	NA	0.805101437738992	0.828953065798093	NA	NA	1.12027424149032	NA	NA	NA	NA	NA	NA	NA	0.91827616573885	1.17406783186054	1.07019010733734	1.17735348857301	1.14326149648599	1.43761406544445	NA	NA	1.85232646314521	1.12717699935921	NA	0.835584806882385	NA	1.13239697695056	NA	1.62232131527889	NA	0.554384848885971
NA	NA	NA	NA	NA	NA	NA	NA	NA	NA	NA	NA	NA	NA	NA	NA	NA	NA	NA	NA	NA	NA	NA	NA	NA	NA	NA	NA	NA	NA	NA	NA	NA	NA	NA	NA	NA	NA	NA	NA
NA	NA	NA	NA	NA	NA	NA	NA	NA	NA	NA	NA	NA	NA	NA	NA	NA	NA	NA	NA	NA	NA	NA	NA	NA	NA	NA	NA	NA	NA	NA	NA	NA	NA	NA	NA	NA	NA	NA	NA
NA	NA	1.12110017048646	NA	NA	1.21336611043827	0.834433876767587	0.763163913652141	0.452966774125763	NA	0.82097100867902	NA	NA	NA	1.13468125825081	1.19418666386824	1.30736807834079	1.18674566994097	0.350589371591873	NA	1.40764125180108	0.672104438051254	1.01047900474796	0.821100613856942	1.85536699671009	0.920840065176168	0.916232380901374	1.8851317054863	0.774206942107777	0.372074103220596	0.280598275650757	0.410596529522399	0.771776803779809	0.91586640892372	0.336768425890564	0.524068347699611	NA	0.478852906072461	1.04937672873866	0.693130613368923
NA	NA	0.9137248840388	NA	NA	1.00634769814732	0.705121091018241	NA	0.945938614877709	NA	0.704765931271608	1.19473784422895	NA	NA	NA	NA	1.10021047960753	NA	NA	0.640887356749462	0.997918188666256	NA	NA	0.655832181755059	0.679561121807955	NA	1.56678299097902	1.1025951188212	0.272493670679529	0.636893327086979	NA	NA	0.756250729767395	NA	0.804723758509272	NA	NA	0.464063516433498	NA	NA
NA	NA	NA	NA	NA	NA	NA	NA	NA	NA	NA	NA	NA	NA	NA	NA	NA	NA	NA	NA	NA	NA	NA	NA	NA	NA	NA	NA	NA	NA	NA	NA	NA	NA	NA	NA	NA	NA	NA	NA
NA	NA	NA	NA	NA	NA	NA	NA	NA	NA	NA	NA	NA	NA	NA	NA	NA	NA	NA	NA	NA	NA	NA	NA	NA	NA	NA	NA	NA	NA	NA	NA	NA	NA	NA	NA	NA	NA	NA	NA
0.363823973837752	NA	NA	NA	1.0850773728737	0.898704627154183	0.474963363402273	NA	0.592783346609036	0.375849583864083	NA	NA	0.418455884197894	NA	0.691157323510588	1.42867541627324	0.599514147483608	NA	NA	0.512604310274634	0.447660134026826	0.362308586291945	0.118044227880613	NA	NA	0.512451900603254	0.118447984965155	0.164775094409232	NA	0.406933809545062	NA	NA	0.577713164584218	NA	0.622185148207526	NA	NA	0.740225634616381	1.0373325744893	NA
NA	NA	NA	1.97585010348534	NA	1.56388866456269	1.57568690665302	NA	NA	NA	NA	1.93846790666265	NA	2.68638486329442	NA	NA	1.32970926074007	2.82141150255018	NA	1.81912335117061	0.947244919947756	NA	NA	1.1015284226825	1.345229304802	NA	1.30385936440422	NA	NA	1.10955912449066	NA	1.96949565985196	NA	0.444131262588438	NA	0.537255971508854	NA	NA	1.28425432314013	1.8468761987863
NA	1.32068195532262	1.2181342495815	0.829919674085152	NA	NA	2.1806085223951	NA	1.55997582340035	NA	NA	NA	2.45771959518803	1.43340789741037	NA	NA	NA	1.73984479535732	NA	NA	1.43921284568123	NA	0.721625795981382	1.33160493753717	1.57937151487126	NA	1.13157817497459	NA	0.974422964996835	NA	NA	NA	NA	0.982148757534622	NA	0.278548867153335	NA	0.475398669607701	NA	NA
NA	1.58074724183618	1.59588193823756	1.79522490263815	2.03388357738431	2.02999121250132	NA	2.05387518344855	1.55533182015893	1.47575376852559	NA	0.940908648219082	NA	NA	1.46140579962399	NA	NA	1.9021148776257	1.11670546979036	1.43602238785132	1.5030196486794	1.78295758034116	1.64329466270887	1.3665315524413	1.59097161016193	1.23836636186242	NA	NA	0.979450156947956	1.00667018681965	0.825388320239178	0.988716088104167	NA	0.774632909052593	NA	NA	NA	0.988613090951813	0.939857675869709	0.983960493509426
NA	NA	NA	NA	NA	NA	NA	NA	NA	NA	NA	NA	NA	NA	NA	NA	NA	NA	NA	NA	NA	NA	NA	NA	NA	NA	NA	NA	NA	NA	NA	NA	NA	NA	NA	NA	NA	NA	NA	NA
NA	NA	NA	NA	NA	NA	NA	NA	NA	NA	NA	NA	NA	NA	NA	NA	NA	NA	NA	NA	NA	NA	NA	NA	NA	NA	NA	NA	NA	NA	NA	NA	NA	NA	NA	NA	NA	NA	NA	NA
NA	NA	0.881250534202718	NA	NA	0.62127934994085	NA	0.431858600161582	1.38900553576889	NA	0.458146469271011	NA	1.50011739464695	NA	NA	NA	0.675313389325966	NA	NA	NA	0.689124291952148	0.72170011992744	NA	NA	NA	NA	NA	NA	0.834760079883817	NA	NA	NA	1.05060112676859	0.773878115214544	0.465940150660959	0.241692623494702	NA	0.692910926897021	1.19726444949142	0.561981168466588
1.62403830450852	1.77240390025981	1.10523855465561	NA	1.20428324737432	0.846991973990609	0.685269805840963	0.99773855913137	0.667452594163251	0.715906426907172	0.992025472337344	0.989564573009544	1.21401765036658	1.56431637763937	1.4393683030027	1.79538120002238	0.116995582051583	1.719991959438	1.42903032475284	1.18287289724385	1.1701703691016	1.050426459371	0.98096630264566	1.05142671314743	0.569402190415174	0.221259853037111	0.408546538379998	0.926043347255511	0.577922288139675	0.884601252835622	1.62462164706508	1.27247511748813	1.09183140856143	0.940692583524997	1.53495303200765	1.23583016119528	NA	0.652414946664383	0.31888925936725	NA
1.00165196947432	0.72472664191547	0.526066423719225	0.63550026358685	1.05069583618155	0.981280259382699	0.876720494693717	0.839181277376692	1.51484549530456	1.19940167070603	1.40685105856695	0.947201350221872	1.60545806866432	1.69739828699898	1.07224541783444	NA	0.80616792889906	1.08093872344186	0.669191565092898	0.554961213179961	0.527451940619111	0.847587122241132	0.339472997857787	0.65089290508366	1.06271251494605	0.871065301228679	NA	NA	1.25903801848003	0.861560133820789	NA	0.396227659520907	NA	0.257452081314588	0.543963529823819	0.0390894087415132	NA	0.43094874752075	NA	1.11918434730202
NA	NA	NA	NA	NA	NA	NA	NA	NA	NA	NA	NA	NA	NA	NA	NA	NA	NA	NA	NA	NA	NA	NA	NA	NA	NA	NA	NA	NA	NA	NA	NA	NA	NA	NA	NA	NA	NA	NA	NA
NA	NA	NA	NA	NA	NA	NA	NA	NA	NA	NA	NA	NA	NA	NA	NA	NA	NA	NA	NA	NA	NA	NA	NA	NA	NA	NA	NA	NA	NA	NA	NA	NA	NA	NA	NA	NA	NA	NA	NA
NA	NA	NA	NA	NA	NA	NA	NA	NA	NA	NA	NA	NA	NA	NA	NA	NA	NA	NA	NA	NA	NA	NA	NA	NA	NA	NA	NA	NA	NA	NA	NA	NA	NA	NA	NA	NA	NA	NA	NA
NA	2.05597038243124	1.83757571064843	NA	NA	1.2779727169641	1.69861828284408	NA	NA	NA	1.39438561012387	NA	1.13464011660562	NA	0.746632429445674	NA	1.1868534834515	1.16792653342599	1.32400560162482	0.869053541738265	0.710935841474441	1.06877626201328	NA	0.854270825510614	0.828259622817404	0.96937144212081	1.34649008441544	1.37947899097932	NA	1.83141507707496	1.34826148180526	NA	NA	NA	0.428486980541676	0.61754576426564	NA	NA	1.20603140437871	1.29695691293478
NA	NA	NA	NA	0.742570412264557	NA	NA	0.445952003773309	NA	NA	0.280432929591658	0.524740033932266	NA	NA	0.438274752067164	NA	0.911700710269003	NA	0.227668299793013	NA	NA	NA	0.79613194657936	1.72670374485351	NA	NA	0.545243385018486	NA	0.79160754684476	0.707811142940457	1.0677145685285	1.10539265439539	2.16678568083176	NA	NA	NA	NA	NA	0.528445044980563	0.415270362054838
NA	NA	NA	NA	NA	NA	NA	NA	NA	NA	NA	NA	NA	NA	NA	NA	NA	NA	NA	NA	NA	NA	NA	NA	NA	NA	NA	0.209574404863793	0.621617180432167	0.625412484256198	0.569358664952037	0.55045486484812	NA	0.261812277091785	0.419141222116528	0.470680471229236	NA	0.12940950859349	0.361330396672964	0.274833687927923
NA	NA	NA	NA	NA	NA	NA	NA	NA	NA	NA	NA	NA	NA	NA	NA	NA	NA	NA	NA	NA	NA	NA	NA	NA	NA	NA	NA	NA	NA	NA	NA	NA	NA	NA	NA	NA	NA	NA	NA
0.316008201222688	0.436497464117666	0.885897339256022	NA	0.793213666418565	0.838028017318367	0.915600971416229	1.02121642897548	0.778289605533827	0.835385282342508	0.802811829548313	0.347603310575301	NA	0.793112105845284	0.560999654014523	NA	0.662608862958362	1.02584343051997	0.999895842691409	0.903725661314611	0.947706426456382	1.60431879705489	1.10946083547858	NA	NA	0.73518848769976	1.39672222428627	1.00404639720323	0.664657684018646	0.812659729329037	NA	1.11046562618627	0.54025743579498	NA	0.605613934357398	0.663949722120968	NA	0.710103430276987	NA	NA
NA	NA	1.02744612733414	NA	0.69973935789427	1.241667693062	1.07115024211976	1.34288251429386	1.42570547237209	1.60812026684747	NA	1.47818505797457	1.21161496565858	NA	1.86029049736229	2.12386344718168	1.19581042313177	NA	NA	0.535596488675878	NA	1.23838858573915	1.46892425747931	1.46622391400705	NA	NA	1.4208441470243	1.92160401251509	0.672880423778911	0.807451502997751	NA	1.35277512255841	NA	0.589255376717974	NA	1.02208019591763	NA	NA	NA	NA
0.525589590147139	NA	0.784492877591943	0.98435906129834	0.9234682129379	0.763192491436572	NA	0.685357841860886	1.30793661429386	NA	NA	1.55555230446829	NA	NA	1.09183721029562	0.81634260441576	0.736832746764305	1.33282640707949	0.624472545506807	0.682493458681054	NA	0.895625891191515	0.439804349120227	0.479053648435329	NA	NA	0.321273014783301	0.568055582015436	NA	0.524398699985948	0.45283200729223	NA	NA	0.485351374053951	0.331353566445219	0.311177024350314	NA	1.05300020889631	0.739251336996044	0.482813681323674
NA	NA	NA	0.628607685383265	NA	0.840671896988295	0.863469382110516	1.44475302423404	0.449497398976257	0.389532421108259	NA	NA	0.617642275165689	0.916971668747421	0.788011881476255	NA	NA	0.449453385546044	NA	0.539383515633601	0.437707118327639	NA	0.900378084083578	0.384188262686204	0.397700227295952	0.65333190297672	0.372297932435208	0.676467036236794	0.174737156945356	0.268653444816085	0.394679451945317	NA	NA	0.62607590807136	0.399543832902404	0.444186837007557	NA	NA	0.497518567259811	NA
1.03748053890322	0.947846143410919	NA	NA	0.598932240922047	0.246520067018949	0.321044189048329	0.565432207118929	1.09582078459351	0.549595318058072	0.386986791354851	0.512257257768381	0.319152757353699	0.737583211205703	0.743583866590094	NA	0.607407370157439	0.486540528030536	1.24474564443349	0.573836090686536	1.04059084192957	NA	0.455539039633927	0.479400791838918	0.456449961304114	0.888785007689308	0.330745341500255	0.455289479252074	0.74168192274239	0.883746652127999	0.39262154199727	0.567695750634427	0.873566807841927	0.388040532861435	0.471067710659115	0.0899739111639835	NA	0.259360888330671	0.436950846590216	0.0978380019833844
NA	NA	NA	NA	NA	NA	NA	NA	NA	NA	NA	NA	NA	NA	NA	NA	NA	NA	NA	NA	NA	NA	NA	NA	NA	NA	NA	NA	NA	NA	NA	NA	NA	NA	NA	NA	NA	NA	NA	NA
0.998844800101082	NA	NA	NA	NA	0.875694775134897	0.8000714652189	0.507103152477214	NA	NA	NA	NA	NA	1.10123376351766	NA	NA	1.01094437080025	0.84491060796768	1.6719543785971	0.909597044545538	0.71713002221993	0.919850230652315	0.826653462781242	0.444045377109572	0.568748198477841	0.231010720650327	0.348868619937289	0.647063930367415	0.571636326042344	NA	NA	0.536891157602535	1.22514191460756	1.28302225260981	0.259877898668142	0.346131765104551	NA	0.462623029965668	0.689167330773627	1.05536575545579
NA	NA	NA	NA	NA	NA	NA	NA	NA	NA	NA	NA	NA	NA	NA	NA	NA	NA	NA	NA	NA	NA	NA	NA	NA	NA	NA	NA	NA	NA	NA	NA	NA	NA	NA	NA	NA	NA	NA	NA
NA	NA	0.798200110758804	NA	NA	1.72493149184782	2.63782800880151	0.923261194449032	0.923460467156551	NA	NA	0.701936122433544	NA	0.130887352621629	NA	1.88672681347739	NA	NA	NA	NA	1.45187285671662	1.45984894187119	2.9158295832575	1.39810762944586	1.31136353862867	NA	NA	NA	NA	NA	1.17137852872772	1.55540359824372	0.8826985422002	1.95782651117733	0.475721479628591	0.950297296536891	NA	0.514465024652784	0.619234646852253	NA
NA	NA	NA	NA	NA	NA	NA	NA	NA	NA	NA	NA	NA	NA	NA	NA	NA	NA	NA	NA	NA	NA	NA	NA	NA	NA	NA	NA	NA	NA	NA	NA	NA	NA	NA	NA	NA	NA	NA	NA
NA	1.96202307603911	NA	NA	NA	2.01487571590507	2.24178640713937	2.22666193289479	1.88258592386813	1.77643527840329	1.93487640300802	1.5909383859862	0.749441577886028	1.28543091946105	0.625903527712062	1.76195796177788	1.71721180716004	1.55093505387911	1.66135248537808	1.85484242148008	1.81649001047006	1.76997507011508	NA	1.45368461067691	0.795942611927373	NA	1.12597566224588	1.11699669252158	1.02628618883394	0.974227180143062	NA	1.68110251426968	1.62022793393212	1.37558407400873	1.98185169763349	2.0844161056599	NA	NA	NA	1.7653846941583
NA	NA	NA	NA	NA	NA	NA	NA	NA	NA	NA	NA	NA	NA	NA	NA	NA	NA	NA	NA	NA	NA	NA	NA	NA	NA	NA	NA	NA	NA	NA	NA	NA	NA	NA	NA	NA	NA	NA	NA
0.735478604369656	NA	0.43926172975093	1.37188671824944	0.250497276523472	0.973628280119332	NA	1.11545344663387	0.810899924319375	0.937254271864284	NA	1.02677763914914	0.543089156977788	0.759837462680965	0.69326948284595	NA	0.593760597545942	0.264021662305681	NA	0.449153936580644	1.05516460969913	NA	0.597802411048963	0.507028821092806	NA	NA	NA	0.386506699158955	0.658333113512075	NA	0.648199409637875	NA	0.309213108892204	0.513381729343575	1.94399285162792	0.348422857989256	NA	0.783520047747436	0.200958055263783	NA
1.56250718008463	NA	1.32048313645383	0.92239270515963	NA	1.15788298679457	1.03168837687777	1.44153377144122	NA	NA	NA	1.25904289360292	NA	NA	1.70187994957083	NA	NA	1.78834831333759	NA	1.4040085382084	1.34453758679685	1.26329673028744	1.0370147099382	1.06153051648534	0.862607782149199	0.791987911766192	NA	0.389693560320305	0.106168641412142	0.0998242669802119	0.15929340752409	NA	NA	0.318824092282468	0.54654851681022	NA	NA	0.354220406410734	0.506027407291601	0.224876090625038
2.13998849148922	1.807188287125	2.16524140331729	2.02864907456653	1.59747487451976	0.768412456457369	0.399649499914634	1.15488323605614	1.38557736942843	1.18427611623553	1.09792980124858	1.01570858180715	1.13975164906258	0.597154436432038	1.2900272482473	NA	1.98950517513829	NA	2.10309780754821	2.18424693751029	2.67031703170206	1.05330647818088	NA	NA	NA	0.328792904169051	NA	NA	NA	NA	0.672384775716578	NA	1.00984863244025	0.366617797510832	0.270542118785693	0.671592516624799	NA	NA	1.07100614304881	1.28194772756078
NA	NA	NA	NA	NA	NA	NA	NA	NA	NA	NA	NA	NA	NA	NA	NA	NA	NA	NA	NA	NA	NA	NA	NA	NA	NA	NA	NA	NA	NA	NA	NA	NA	NA	NA	NA	NA	NA	NA	NA
NA	NA	NA	NA	NA	NA	NA	NA	NA	NA	NA	NA	NA	NA	NA	NA	NA	NA	NA	NA	NA	NA	NA	NA	NA	NA	NA	NA	NA	NA	NA	NA	NA	NA	NA	NA	NA	NA	NA	NA
1.29932249119043	NA	0.968537486465846	1.50487936773095	1.45196751596613	1.71719076581653	2.15609242197191	2.20312054683515	2.29547780426742	NA	NA	NA	NA	1.75499495859101	1.52884888759065	NA	1.56341678549538	1.63307730181553	NA	1.55692865108919	1.84499223887977	1.58999532559174	1.75185841651821	1.66683731377781	NA	NA	1.24578113246379	1.48899078994879	NA	NA	NA	1.02555965622323	NA	2.13640974340011	NA	NA	NA	3.09006071489139	NA	0.585356076508072
NA	NA	NA	NA	NA	NA	NA	NA	NA	NA	NA	NA	NA	NA	NA	NA	NA	NA	NA	NA	NA	NA	NA	NA	NA	NA	NA	NA	NA	NA	NA	NA	NA	NA	NA	NA	NA	NA	NA	NA
NA	NA	NA	NA	NA	NA	NA	NA	NA	NA	NA	NA	NA	NA	NA	NA	NA	NA	NA	NA	NA	NA	NA	NA	NA	NA	NA	NA	NA	NA	NA	NA	NA	NA	NA	NA	NA	NA	NA	NA
NA	1.90201582830036	NA	NA	0.761947922564983	1.10849158827914	NA	NA	0.665745613582414	NA	0.781341697137455	NA	NA	NA	NA	NA	NA	NA	0.96743704706771	NA	NA	0.813998020811624	0.380811726930158	0.68181493268537	NA	0.670503444845148	0.647043063147432	0.487562475100433	NA	NA	NA	NA	0.778465151114054	NA	0.515242817388871	0.508686767847558	NA	0.780344227624878	0.450414644398914	0.373449610792675
NA	NA	NA	NA	NA	NA	NA	NA	NA	NA	NA	NA	NA	NA	NA	NA	NA	NA	NA	NA	NA	NA	NA	NA	NA	NA	NA	NA	NA	NA	NA	NA	NA	NA	NA	NA	NA	NA	NA	NA
NA	NA	NA	NA	NA	NA	NA	NA	NA	NA	NA	NA	NA	NA	NA	NA	NA	NA	NA	NA	NA	NA	NA	NA	NA	NA	NA	NA	NA	NA	NA	NA	NA	NA	NA	NA	NA	NA	NA	NA
1.26062543135469	NA	1.11566765950314	NA	NA	0.403487511448594	NA	0.665457580989478	0.268130181687918	0.74633103300619	NA	0.511583328699674	1.45532852081775	NA	NA	NA	NA	0.0989238139435335	NA	0.650769646371135	1.0844719536309	0.692612327895051	NA	0.723431076072917	0.668727847429215	NA	NA	NA	NA	NA	0.504672213738284	NA	0.582928770343416	0.100164049924331	NA	NA	NA	0.518157141713541	0.607404968137413	0.314483286973642
1.26118480332747	1.06528550569999	0.608814506070113	0.960321432871857	1.12195988109478	1.19446992853567	1.24703653898025	1.24675830981677	1.24050596798088	NA	1.61658513806406	1.62610807841426	1.78994554188361	1.39522100798836	1.32597729008947	1.45431576607225	1.59519550464802	NA	1.29073486038948	1.0854893363952	1.00837216527853	1.03391270125031	0.590509229157282	NA	1.08192123841269	NA	0.660860462249246	0.893474688953708	NA	0.825152639122792	NA	NA	0.603081834507741	NA	2.39876724758763	NA	NA	0.746465519467024	0.35355568706335	0.454014208208631
NA	NA	NA	NA	NA	NA	NA	NA	NA	NA	NA	NA	NA	NA	NA	NA	NA	NA	NA	NA	NA	NA	NA	NA	NA	NA	NA	NA	NA	NA	NA	NA	NA	NA	NA	NA	NA	NA	NA	NA
NA	1.54677282297398	NA	1.01701803207427	NA	1.39699417062041	1.09620951503094	1.00870226979561	0.89342536563739	0.703875213675923	NA	0.943967148367915	0.916366770376882	0.974393488244948	1.15334819687655	1.1852979179972	1.373088856009	0.931281159219731	1.26798364727217	1.06413964061124	1.28055545696487	0.969670079173852	0.848038252633384	0.711933904299385	0.551491493373119	0.421643753081986	0.215722411581334	0.554408290260764	0.41005843891514	0.845185381245233	1.25409786739944	0.628149736301984	1.00093551709832	0.285089599021449	0.998764964369326	0.741240819920502	NA	0.523236360711175	0.201292376809738	0.375420124227569
NA	1.44534076632104	NA	NA	NA	NA	2.36677535544673	1.400504324534	2.1826522280713	1.52181066749695	2.51360553605972	2.48759581856448	2.65633751096393	NA	1.76587999248428	2.23485278177874	2.55832803642723	2.05653520871183	1.56416982553015	NA	NA	NA	0.725005119246273	1.08652709885214	0.842781098469436	0.712646678448504	NA	NA	0.543698124289553	NA	0.598810443464424	0.913620913717146	0.866383096369728	NA	0.569826728387698	0.628003518014619	NA	NA	1.03871610602212	0.701347381716256
0.622175606306181	1.8603167979203	1.91629024738587	1.49628538697538	2.51784115766031	1.87453939097887	1.82690438348073	NA	1.76261938954279	1.47587583767103	0.593477452582943	0.455122344826253	2.03635397701069	1.90915283766414	1.77334418319643	0.761808151261625	NA	1.19690638629542	1.47393316109556	1.4012532803061	1.45915135044778	0.624591383754418	2.04388869719754	0.601734372839508	0.18044636159454	NA	1.47990740046746	1.98351149419288	1.81991806730224	0.686921375953821	0.564954552523492	0.996027150739585	1.1593228634043	0.408762124402985	0.268908989157672	1.20920999824384	NA	NA	0.214810708998689	NA
NA	NA	NA	NA	NA	NA	NA	NA	NA	NA	NA	NA	NA	NA	NA	NA	NA	NA	NA	NA	NA	NA	NA	NA	NA	NA	NA	NA	NA	NA	NA	NA	NA	NA	NA	NA	NA	NA	NA	NA
NA	NA	NA	NA	NA	NA	NA	NA	NA	NA	NA	NA	NA	NA	NA	NA	NA	NA	NA	NA	NA	NA	NA	NA	NA	NA	NA	NA	NA	NA	NA	NA	NA	NA	NA	NA	NA	NA	NA	NA
NA	NA	NA	NA	NA	NA	NA	NA	NA	NA	NA	NA	NA	NA	NA	NA	NA	NA	NA	NA	NA	NA	NA	NA	NA	NA	NA	NA	NA	NA	NA	NA	NA	NA	NA	NA	NA	NA	NA	NA
NA	NA	NA	NA	NA	NA	0.944573864280353	1.16291470942659	1.36665714970545	1.54222430937744	1.59005054128221	1.20686100775173	1.49463270895383	NA	NA	NA	0.81404548248888	0.670840094986371	NA	NA	1.40027794479245	0.759976695382095	1.75195446473641	1.08149556916794	0.709603479905105	NA	NA	0.721172421001268	1.02830130648504	1.76741491093093	1.52906871600973	0.463560708343153	NA	0.792601123824807	0.298720407075993	1.61749180579904	NA	0.426458526639502	0.667182397401012	NA
NA	NA	NA	NA	NA	NA	NA	NA	NA	NA	NA	NA	NA	NA	NA	NA	NA	NA	NA	NA	NA	NA	NA	NA	NA	NA	NA	NA	NA	NA	NA	NA	NA	NA	NA	NA	NA	NA	NA	NA
NA	NA	NA	NA	1.2949851224955	0.880368881559052	0.998139504481868	1.00397213569476	0.690406285701819	NA	NA	0.278832696012805	1.0704053773156	0.866811678021821	0.669497021141018	NA	0.350948538706657	0.438813017870265	NA	0.283878578906452	0.948863837246191	NA	0.545605676582203	0.412050816629344	0.307520269814134	0.406051603119396	0.510883420020531	0.445557169339911	0.630670709814845	NA	0.51756120755984	0.177515683877349	0.661331099123825	0.3999121237201	0.460335253638021	0.597650886624605	NA	0.342465889588697	NA	NA
NA	NA	NA	NA	NA	NA	NA	NA	NA	NA	NA	NA	NA	NA	NA	NA	NA	NA	NA	NA	NA	NA	NA	NA	NA	NA	NA	NA	NA	NA	NA	NA	NA	NA	NA	NA	NA	NA	NA	NA
NA	1.63258153249374	NA	NA	1.45035591661208	1.04801794527867	NA	NA	1.39338516144234	1.09035755731283	1.66569049044781	1.00782021725699	NA	NA	0.485969595911449	1.8294814082037	1.05615063661454	1.10705335131454	1.11651084209993	1.03833776551147	1.21514764016051	1.12266056805855	1.54546124327013	1.30506815071552	0.550649815409531	0.618633046009597	0.561595063572444	0.545320208326702	0.511335187819383	1.58248203927782	NA	0.964538468433995	0.592179844435547	NA	0.611639976991122	0.323384825330544	NA	0.304735695904292	0.932073225402082	0.492683903382321
NA	NA	NA	NA	NA	NA	NA	NA	NA	NA	NA	NA	NA	NA	NA	NA	NA	NA	NA	NA	NA	NA	NA	NA	NA	NA	NA	NA	NA	NA	NA	NA	NA	NA	NA	NA	NA	NA	NA	NA
2.24125225587104	2.20776042771107	NA	NA	2.16557295540257	1.97653954393889	1.96848228132774	1.63680467778104	NA	1.09017635275272	1.62202191075869	1.67136168989832	2.02615020395036	2.01292508432592	NA	1.87449542789945	1.46891192652112	1.47065497149486	NA	1.56495193984164	1.47994855075798	1.22779213827987	1.06920625915692	0.932645245277759	0.943461187612089	0.894870297680364	1.00503064370969	0.67368435884836	0.768750961461153	0.656508060193631	NA	0.606056065911847	0.493986114734371	0.686787910615376	0.666161529707555	0.451542898944188	NA	0.331633294285473	0.0971680504939815	0.276323332086399
0.441699776951588	0.78019829679495	NA	0.278236423130835	NA	0.427919910899023	NA	0.782494994540449	0.571560715547937	NA	1.04914161696842	0.918579758395204	NA	NA	0.892011102633771	0.869761063504008	0.587864775520293	NA	NA	1.28491069206721	0.278182158976103	NA	NA	0.257260506047521	0.516652276965402	NA	0.442753735961334	0.729244773979631	NA	NA	0.419055548910234	0.375777717883753	NA	NA	0.574701082759445	NA	NA	0.604154456942696	0.418651086321345	NA
0.52996492700561	0.923993499541176	NA	NA	1.46798592986266	NA	0.939763055654925	0.99784788951184	0.969890462849335	1.25419712198594	1.06751965865218	NA	NA	0.939374877586619	1.04240911533824	NA	NA	NA	0.867189630472414	NA	NA	NA	NA	0.938568103015452	NA	NA	NA	NA	1.15544343632353	NA	NA	NA	NA	NA	0.489409842927141	0.82029619104143	NA	0.549853161389809	NA	NA
1.18075382770489	NA	1.64038330490315	NA	NA	1.74731412574076	1.52269127950069	NA	1.281907378092	2.01902767998832	1.56111387056111	NA	1.6016845116287	1.69774086432857	NA	NA	1.90829421262873	1.66731821887205	NA	2.08295775244493	1.61239991408153	1.30246002629197	NA	1.46834699640317	1.52560365100089	0.89019875453923	1.43629987881545	NA	NA	0.972052363106211	NA	0.394970130682204	0.656279037163866	0.514010185586683	NA	0.45720366108347	NA	0.301936270591889	0.302587841331191	NA
NA	NA	NA	NA	NA	NA	NA	NA	NA	NA	NA	NA	NA	NA	NA	NA	NA	NA	NA	NA	NA	NA	NA	NA	NA	NA	NA	NA	NA	NA	NA	NA	NA	NA	NA	NA	NA	NA	NA	NA
NA	1.02568407165979	0.881152192857715	NA	1.37425298254955	0.571905625163546	0.575754768548525	0.759004528619212	0.742603116143047	1.16759871987963	0.907905976101173	0.515102170686613	1.03265517175784	1.15800001686738	NA	NA	0.545684839478126	0.951757179275089	NA	0.839844293947142	1.19154613658849	1.53104670107246	NA	1.40187253656875	0.850120362884409	2.4114878982221	NA	1.40730586185054	1.68017951243005	NA	NA	0.582442653482836	0.37448624685233	0.580348434405964	NA	0.257562706029755	NA	0.991620928944369	NA	NA
1.59801316062808	1.3795748201429	1.37488212219919	0.99887248450277	1.29369774803459	1.40253658726167	1.44937931922483	0.362376688833948	0.453926655088218	NA	NA	0.67455736687441	1.06400206372365	0.813096330152401	0.711721328861942	0.612281665666212	NA	NA	NA	1.27076336425994	1.30710961794061	1.05743552297893	NA	0.9413811905452	1.59171584978637	1.47077858290672	NA	1.21279716103587	NA	1.6593214954655	0.530961082329525	0.803020121184882	0.791140932892965	0.682911264409207	NA	1.33276929595767	NA	0.646004371178894	1.44485563571549	0.798116740746556
NA	NA	1.0555204580433	NA	NA	NA	NA	1.05562953193837	NA	0.767125328204636	NA	0.515887530516326	0.699766167220689	NA	NA	NA	NA	1.36646614300509	NA	0.635030712229654	1.06688063207083	1.14963327457004	0.94953273757333	0.95661977551722	1.74558553308875	1.5869859421509	NA	1.39963125079026	0.484687618269209	0.361561751238687	1.76152077821221	NA	0.437237130148197	0.686975563401916	NA	NA	NA	0.596914944290688	0.174141472432831	NA
NA	1.18561808333553	NA	NA	NA	1.39297634299503	1.07858455197033	NA	1.39817152482148	NA	0.726457394506675	0.887665616059822	0.915440594013808	1.03161592100801	1.06143072772188	NA	1.16770257098635	0.877133672253374	NA	0.6233136458471	NA	NA	0.721061843389572	NA	0.773737385992142	NA	0.66370320620036	0.988315162296079	NA	NA	NA	NA	0.988831196210988	NA	NA	NA	NA	0.566189937857829	0.459337099251997	0.658798555560211
1.42622518445488	0.534518862525611	0.888929511173738	NA	NA	1.41082780285305	0.916106943890934	NA	1.88446940907864	1.71369247641145	0.194299508220383	1.67145195521438	NA	0.594237891633083	NA	1.17985535179276	0.761955111419743	1.8450328607118	0.413546362649845	NA	1.42163733159898	0.481281698142085	1.93401487885896	NA	NA	NA	NA	1.18841072071278	2.07968812697395	0.917847054997093	NA	NA	0.836378537087406	0.511193271634089	NA	0.890040491603244	NA	0.628937027426236	NA	NA
NA	NA	NA	NA	0.618940943703438	0.372541979463543	0.65183093266843	0.449903098003316	NA	NA	NA	0.567806069904848	NA	0.755805653312904	NA	0.966218706035882	0.826266087775328	NA	0.728121349113284	0.39343380116633	0.563187722451119	0.421841297007011	NA	0.13797191116024	NA	NA	NA	NA	0.451297266872242	0.699399169830616	NA	NA	0.644259084979276	0.733276653623557	0.406629406633017	NA	NA	0.456379809213769	0.697079030254804	NA
0.598834976074151	0.637715618624476	0.94128973883474	NA	NA	0.504658812534099	0.867609062013805	0.887012072119976	0.541760179492321	0.767981079383292	NA	0.518301335166501	NA	0.7774489859116	0.704464693576768	NA	NA	0.4908845488472	NA	0.577344645657874	1.35810044171293	1.23263739478238	NA	NA	0.826122381634211	0.792165410931434	1.25514316665373	NA	1.03061383899719	NA	NA	NA	2.18187643514854	NA	NA	NA	NA	NA	1.50581493240155	2.02203755507932
NA	NA	NA	NA	NA	NA	NA	NA	NA	NA	NA	NA	NA	NA	NA	NA	NA	NA	NA	NA	NA	NA	NA	NA	NA	NA	NA	NA	NA	NA	NA	NA	NA	NA	NA	NA	NA	NA	NA	NA
0.975051436533315	0.912262577222346	0.478016505590729	1.38400406695947	1.32971963481298	1.26121374337965	1.12808546317062	0.455630489292412	0.732283307823471	1.12007223924583	NA	0.513380759813291	0.522176772758217	0.680159477987967	0.414482113515555	0.332769358317247	0.356332883447074	0.482003976863422	0.0872336891243248	0.325197237254249	0.958832008611197	NA	0.584734127148883	0.680530943734887	0.566004391060164	0.567155448697672	0.390092818620504	0.419617755888517	0.457167274308826	NA	0.180011521726681	0.585403317060299	0.36360108252908	NA	0.234875317378777	NA	NA	1.57483600182932	0.282026536026403	0.772731906135074
NA	NA	NA	NA	NA	NA	NA	NA	NA	NA	NA	NA	NA	NA	NA	NA	NA	NA	NA	NA	NA	NA	NA	NA	NA	NA	NA	NA	NA	NA	NA	NA	NA	NA	NA	NA	NA	NA	NA	NA
NA	0.803592117971377	0.600689579086302	NA	0.443234466064812	0.340656177902039	1.24779972339242	0.778675601898503	0.715702054291663	1.22320695175119	0.634528132244245	0.864472219786092	1.0860762117882	0.688036577423078	0.909045228340754	0.596835637489841	0.48762279135423	0.243646649182294	2.18413827830319	0.558994286965786	0.571587862556453	0.68356689151447	0.799699486070725	0.807028317432845	0.576026286526293	NA	0.650573191135467	0.908570311981498	0.579975848453466	NA	NA	0.60982499637252	0.425867690546134	NA	0.76759227154583	NA	NA	0.700698732020239	NA	NA
NA	NA	NA	NA	NA	NA	NA	NA	NA	NA	NA	NA	NA	NA	NA	NA	NA	NA	NA	NA	NA	NA	NA	NA	NA	NA	NA	NA	NA	NA	NA	NA	NA	NA	NA	NA	NA	NA	NA	NA
NA	2.62933029531626	NA	NA	NA	2.52429744032184	0.303336991998461	NA	NA	1.91314312288387	NA	NA	0.198792478104355	NA	NA	NA	NA	NA	NA	0.530510864749835	NA	2.37461670288883	NA	NA	1.75394489009145	1.63656523959442	1.35536547711349	1.36609386693753	NA	NA	NA	1.74094249631263	1.59126422126579	NA	NA	1.60676335101383	NA	NA	1.64426419701453	NA
NA	1.65319846905987	1.51749246632033	NA	1.96132004317801	NA	1.41341112973669	1.75099046221237	1.98504966464608	NA	1.11166296951683	1.47818906650687	1.52053628502925	NA	1.96494176874199	NA	NA	NA	1.86278362308297	2.15672336179037	NA	NA	1.65441108218242	1.712309891643	1.70182211342947	1.47104567681246	NA	1.27567941056074	NA	0.869132318305533	0.416617333036613	NA	NA	0.325400137604806	0.660764878457105	NA	NA	NA	0.413523263780634	0.518306444328609
0.986966895938926	NA	NA	NA	NA	NA	NA	1.63391573372477	NA	NA	NA	NA	1.58023125249215	1.40101916656374	1.95125710907201	2.02536519213426	1.57693341041601	1.97104660530207	2.3069093874783	1.25865575846291	1.18548829990313	NA	1.04746800754979	NA	1.1196682410187	NA	NA	0.498815947329432	NA	NA	NA	0.56424676495298	NA	NA	0.514353984062068	0.25786096738917	NA	NA	NA	NA
NA	NA	NA	NA	NA	NA	NA	NA	NA	NA	NA	NA	NA	NA	NA	NA	NA	NA	NA	NA	NA	NA	NA	NA	NA	NA	NA	NA	NA	NA	NA	NA	NA	NA	NA	NA	NA	NA	NA	NA
1.90193584800567	NA	NA	NA	1.92681475532464	NA	0.635200581912668	NA	NA	NA	NA	NA	1.95818095390066	NA	NA	NA	NA	NA	NA	NA	NA	NA	NA	NA	NA	NA	NA	0.687209742384576	NA	1.06053572251344	0.948090708728348	0.591273526901263	NA	NA	NA	2.35211621196889	NA	NA	NA	NA
NA	NA	1.18595274382161	NA	1.13878153630433	1.5775279657576	1.3520820366812	NA	1.7707822013451	NA	NA	1.68756407068568	NA	NA	1.49163208184998	NA	NA	1.85995703555524	NA	NA	1.99189527105999	NA	NA	1.38158822598737	1.41749611217869	NA	1.48529019468623	NA	0.94331198382247	1.79025724437524	1.86802755962191	0.292216269777243	2.43995328092225	0.597204988550991	0.566407148500456	0.778220798248977	NA	0.375048720170209	0.391535242127965	NA
NA	NA	NA	NA	NA	NA	NA	NA	NA	NA	NA	NA	NA	NA	NA	NA	NA	NA	NA	NA	NA	NA	NA	NA	NA	NA	NA	NA	NA	NA	NA	NA	NA	NA	NA	NA	NA	NA	NA	NA
NA	0.513684847717084	NA	NA	2.97554575518633	NA	0.934440334754714	0.693093736301054	0.949729385541412	1.05126115050256	1.55801384779771	0.782342571762285	0.733080689543875	1.29244730817302	1.25585259071972	1.50566696994788	0.692424890103653	1.53007774797304	1.67615388600624	1.46754036095359	1.05171049211194	0.599705580196775	NA	NA	1.0887629656341	1.65187537985284	1.99054942828392	1.16479754632385	0.503567034696653	0.307559092575359	NA	1.56147939949677	1.26525821553247	0.321295111060753	0.839040090324046	0.620978697678808	NA	2.23097311660946	1.01184501276512	1.06058839118224
NA	NA	1.51349251450826	NA	1.33179545688071	NA	1.53245274876255	1.43523341592601	1.05201645760658	NA	NA	2.66874355208615	NA	0.919084836147765	NA	NA	1.50231278179173	1.15251309920368	NA	NA	1.62227549012283	NA	2.28030572803873	NA	1.32782370199874	NA	NA	NA	0.95174973143784	NA	NA	1.12227042754406	0.728229590843556	NA	NA	1.07078217098788	NA	NA	NA	NA
NA	1.25635024948783	1.33444689631252	NA	1.18201309535772	1.46968429898972	1.38994407699966	1.70699361506911	1.93805292808676	1.80421111852442	NA	NA	NA	NA	NA	NA	NA	NA	1.30562179717277	NA	NA	NA	NA	1.27239309887005	1.13330193654285	NA	1.34672775893858	1.01170565189746	NA	NA	NA	NA	0.972537467992499	NA	0.782171234063717	NA	NA	NA	NA	NA
NA	NA	NA	NA	NA	NA	NA	NA	NA	NA	NA	NA	NA	NA	NA	NA	NA	NA	NA	NA	NA	NA	NA	NA	NA	NA	NA	NA	NA	NA	NA	NA	NA	NA	NA	NA	NA	NA	NA	NA
NA	1.78114311385817	NA	NA	NA	NA	1.07502370931915	1.20796976116586	NA	1.66996516265237	1.95945642181033	NA	NA	NA	2.23287528949994	1.71527881103698	1.80859202924857	1.6617298897927	1.64891807703537	1.37798691931955	1.67884740718518	1.25030080604352	1.43959208505937	1.60198986780859	0.650116202239154	0.632507529911913	0.650481307602983	NA	NA	0.78242186169662	1.20058419176411	0.821331649803714	1.02178909539967	0.869022111798449	NA	0.292726355835866	NA	1.44587588555956	1.13501727786666	NA
NA	0.860972917769181	NA	NA	0.839786337578328	0.190925736772908	0.346149861881292	NA	0.606027413307336	NA	0.525189457138649	NA	NA	0.25430471340276	NA	NA	0.900144106088891	NA	0.903968587456265	NA	0.419256279787182	0.365047721803512	NA	NA	NA	0.500126657628637	NA	NA	0.534634447590874	0.545264248590017	0.60183245860326	NA	0.789896021761084	NA	0.794293328825773	0.309440538955834	NA	NA	0.266968045416353	NA
NA	0.91453290451753	0.906289947480438	1.14716398032096	NA	NA	0.759077369430606	0.763109296936316	0.961731812019319	NA	NA	0.968478700801356	NA	0.588245203645645	0.559458234542025	NA	NA	NA	0.803148571712588	NA	NA	0.536763830564581	0.386989433020611	0.355304840889421	NA	0.615338515760063	NA	0.781751521102844	NA	NA	NA	0.533373185780153	NA	NA	NA	0.423467350655654	NA	NA	0.560633490968775	NA
NA	NA	1.32706240175751	1.29555393365473	NA	NA	NA	NA	0.982180477961295	2.13735836857516	NA	1.03520938452584	NA	NA	NA	NA	NA	0.960142399204018	NA	1.02984582878935	NA	NA	NA	1.68226777957438	1.32650160190277	1.58729912273928	NA	2.38462863531985	NA	2.09428666653123	1.35650034058662	1.30619228075551	NA	1.13765041393351	1.78389846552904	NA	NA	1.74810417989364	1.26905042106161	NA
NA	0.971605402950825	0.978599782949591	0.929712034478244	1.11012313728974	0.899421778310515	NA	0.869170598279872	1.03612473940655	0.779069409304929	NA	1.1822358056765	1.00849492853571	1.09944048367398	1.01794300745572	NA	0.701518311425704	0.774627152943129	0.310601682407124	0.488340015830515	0.404205835747806	0.498464451210726	1.07507539717084	NA	0.819127129781618	0.820545200220446	1.02127569970028	NA	NA	0.99824849878534	0.717897972581118	1.2789277873535	1.26445647311234	NA	1.47712232825511	1.6260827999883	NA	1.90844438688414	1.97916301701402	0.930520580637854
1.11583568161088	1.22052274520991	1.3491323745209	NA	1.55245473358174	1.19552193339459	1.19131119804601	1.4158586774525	0.964899800585179	1.55002833158922	1.4393386311371	1.68266393012812	1.41291218836049	1.69173343846624	1.4844141320341	NA	1.59773837460094	1.32236650195006	1.10207962117539	1.50511576877983	NA	1.35378995858846	1.5416542451945	1.21193130666499	1.3167827734867	1.18991978782608	NA	1.39908373820689	NA	NA	1.73095549613699	NA	NA	NA	1.42954842741252	1.32543344328153	NA	1.90104030599308	NA	1.35340867921301
NA	0.575218857070771	NA	NA	1.08933162576821	NA	1.19819765356215	1.05102232587287	NA	1.13809571980721	1.10053738943994	0.986654613704622	0.802480299648308	1.31805137636059	0.856109476412165	1.05918872787286	NA	0.881135515673691	NA	1.01780960593336	NA	0.955931091557086	0.903362722655393	1.39110634657098	0.71642052351757	0.6335825306721	NA	NA	NA	1.39552631513333	0.845637244950922	NA	0.522390199940388	1.56727461893151	0.197218236909503	0.169769635042587	NA	0.181886764558827	0.381515220705636	0.398709133361196
NA	NA	NA	NA	NA	NA	NA	NA	NA	NA	NA	NA	NA	NA	NA	NA	NA	NA	NA	NA	NA	NA	NA	NA	NA	NA	NA	NA	NA	NA	NA	NA	NA	NA	NA	NA	NA	NA	NA	NA
1.51013219252841	1.22175739782203	1.34654795647992	1.29950372205499	1.34729322590672	1.63996902098221	1.61164073288382	1.59906823659139	1.69013146099323	NA	NA	1.24044994046004	1.31436334569427	1.39312403256297	1.52574063324979	1.76763097075016	1.32325765626026	1.24902691918553	1.64236442950613	1.36708649692657	1.61155908485732	1.37785872963619	0.76843819129244	1.56254929636217	1.87791272847446	1.12526661696985	NA	1.04021243929171	NA	0.485079773556974	NA	0.207829377048105	0.318095826202851	NA	0.504012057412821	0.413571998462142	NA	0.199327441091772	0.739159790467674	0.604146559421837
NA	NA	NA	NA	NA	NA	NA	NA	NA	NA	NA	NA	NA	NA	NA	NA	NA	NA	NA	NA	NA	NA	NA	NA	NA	NA	NA	NA	NA	NA	NA	NA	NA	NA	NA	NA	NA	NA	NA	NA
1.33117563727342	1.63555240918127	1.15891989344804	NA	0.806409538777019	1.28219256839119	1.15156298263936	1.17468356038399	1.22751290255247	1.68204886349933	NA	0.415495796255706	1.32790988307376	1.26019216275999	1.17945145525044	1.42284707664006	1.20696526944737	1.52348841401893	1.76022896862078	1.32876796603413	1.47799451584239	1.03539461620339	2.03088570435327	0.850201277347997	1.61008254405744	NA	1.16595180526248	0.723981169658419	1.35643812239945	1.50478826340043	1.1448863137602	NA	1.18530288649907	NA	1.15403748307431	NA	NA	NA	0.726347848451211	1.0613481602789
1.32999512144612	NA	1.04822350486802	1.01899226057572	NA	0.837222715110236	0.883347745758461	0.394295468862146	NA	NA	0.962808787002342	1.05888202454502	1.54253329233895	1.18192954783428	0.939390237857362	0.586225091007335	0.638802140462465	0.586568882821387	NA	0.204232529173909	1.39894817160311	0.224628465326418	0.538122576025922	0.960385394169	0.650360879761616	0.830524515687513	0.812682102884476	0.789738647076846	NA	NA	0.268621312765667	NA	0.594626596093244	NA	0.551179423305182	NA	NA	0.582534263215445	0.249284661428005	0.556642203759526
0.331671685299889	0.251443806882955	0.555524816482305	0.136487984159019	0.138608747776365	0.413158800434777	0.521830339227205	0.727727375301047	0.569566219761151	0.450475124249921	0.705262396089574	NA	NA	0.450555115037274	NA	NA	0.461634421491765	0.484932949562953	1.38855585611895	0.247365919342951	0.284051373859466	0.317976763451165	NA	0.289596749776951	0.437853043609509	0.651927849375907	0.30401072595703	0.42604699384823	0.282500316680751	0.39032603681359	0.68164114782874	0.574380275781208	0.621978840478572	0.73163534130877	0.924298386819276	1.12586764637301	NA	1.1476860373095	0.864336144767428	0.348231239125612
1.33568086349063	NA	NA	1.51487947804141	NA	NA	2.44043025357428	NA	2.68985491453674	NA	NA	1.67330484833276	1.96926975452122	1.92223077524397	1.57597145449391	NA	NA	1.82192141632533	2.14387793834588	NA	1.2849086961011	1.14326464124558	1.32992222981518	NA	NA	NA	0.782621680761082	0.447839605839385	NA	0.615628097253318	NA	0.564342563811904	0.62194109451526	NA	0.37213169630927	0.402676951634503	NA	NA	NA	NA
NA	1.10312213264988	1.51235232830519	NA	NA	NA	0.619099562108693	0.733448353912629	0.518663915801799	1.39655779604628	1.65917677500987	1.43476825318983	1.87674079392143	NA	1.56790302781885	0.880954844833874	1.08304423553132	NA	NA	0.255443189444907	NA	NA	0.463004151620522	0.540022452468522	1.08344343162279	0.635805043436583	NA	1.70619818298782	1.31506804802684	1.22343155718662	2.05652251749525	NA	0.486300681629839	NA	NA	1.66650743151223	NA	NA	1.38675747755623	1.09861892150429
0.27937651488563	NA	NA	0.584653136747799	NA	0.249051434823422	0.710345563441245	0.583561048139102	NA	0.891832223403332	0.945233501540204	1.29769983371782	1.50002870775894	NA	2.10203929960203	0.949467106945776	1.09378604678521	NA	0.657003518169305	0.838534348346851	1.14658539495431	0.598474461208944	0.75400876392387	0.508986269853747	0.307426966111807	NA	0.447977536362595	NA	NA	0.702516758808697	0.966319287028203	NA	0.658178718980263	0.49307847087585	1.20654284259054	0.459971788070901	NA	0.378251594866047	0.370881708532857	0.477087335144926
1.06229611814947	1.6597551047023	1.61469328122638	2.3113990092251	NA	0.966894314571579	1.27479976348002	1.12132399622643	0.9026898262101	0.877362646320993	0.799804975038685	0.756147560142555	0.852417386960117	1.1962261618987	1.10572021998284	1.51233835501349	1.37312083893121	1.30854544453556	0.997913446028726	0.912523563452089	NA	NA	NA	NA	0.820885022809697	0.805800528987046	0.890747575845227	0.866612294155503	0.886063870792924	1.20730517030648	1.51838974855723	NA	NA	NA	0.540038433542194	0.471531198848073	NA	1.07926333657209	NA	1.0606812793013
NA	NA	NA	NA	NA	NA	NA	NA	NA	NA	NA	NA	NA	NA	NA	NA	NA	NA	NA	NA	NA	NA	NA	NA	NA	NA	NA	NA	NA	NA	NA	NA	NA	NA	NA	NA	NA	NA	NA	NA
0.850172709119206	NA	NA	NA	0.335542115011889	0.624719125238238	0.636859164830061	1.59294602279245	NA	0.907213011866295	NA	NA	NA	1.00339866188067	NA	1.08035686749732	0.884872168670567	0.654881830475152	NA	0.593580902014401	NA	NA	0.915336770629867	NA	0.812264143377652	0.761837408335011	0.77066382680051	NA	NA	0.236221602196429	0.613042841245493	0.215980924010339	0.304626390117996	1.89841658438491	NA	0.743079312291189	NA	0.292551218224816	NA	0.574421452123251
NA	NA	NA	NA	NA	NA	NA	NA	NA	NA	NA	NA	NA	NA	NA	NA	NA	NA	NA	NA	NA	NA	NA	NA	NA	NA	NA	NA	NA	NA	NA	NA	NA	NA	NA	NA	NA	NA	NA	NA
NA	NA	NA	NA	NA	NA	NA	NA	NA	NA	NA	NA	NA	NA	NA	NA	NA	NA	NA	NA	NA	NA	NA	NA	NA	NA	NA	NA	NA	NA	NA	NA	NA	NA	NA	NA	NA	NA	NA	NA
NA	NA	NA	NA	NA	NA	NA	NA	NA	NA	NA	NA	NA	NA	NA	NA	NA	NA	NA	NA	NA	NA	NA	NA	NA	NA	NA	NA	NA	NA	NA	NA	NA	NA	NA	NA	NA	NA	NA	NA
1.18284312608722	0.922413236600269	NA	0.442888892818243	0.572340013027106	NA	NA	0.513226646053845	NA	0.421239020382054	1.05290889154666	1.02598214312531	0.453764261906793	0.360786961053743	NA	NA	NA	NA	1.56662267248029	NA	NA	0.348703251993337	1.20686126821613	NA	0.835342517130265	NA	0.773405997609365	0.749929741287758	1.4651788589561	NA	1.48483615272981	NA	0.194744810789191	0.681718606460132	0.120084381024131	0.360917679764709	NA	0.382990770492365	1.27314991097646	0.407549245477948
NA	NA	NA	NA	NA	1.78030747325049	2.08486135766279	1.79892252182753	1.74803330384971	NA	1.67811319225976	1.83561942509176	1.49652085860306	1.27197986438148	1.00442269526002	2.42031958724536	1.03923354944048	NA	1.37924462484394	1.67150841048336	1.4117490176386	1.66804008337131	1.41230973510008	0.946232377609111	1.32725882535602	NA	1.24774379993373	NA	NA	NA	0.840572281255043	1.42926988164134	NA	NA	NA	NA	NA	1.32740528919325	0.799648987888498	NA
NA	NA	NA	NA	NA	NA	NA	NA	NA	NA	NA	NA	NA	NA	NA	NA	NA	NA	NA	NA	NA	NA	NA	NA	NA	NA	NA	NA	NA	NA	NA	NA	NA	NA	NA	NA	NA	NA	NA	NA
NA	NA	NA	NA	NA	NA	NA	NA	NA	NA	NA	NA	NA	NA	NA	NA	NA	NA	NA	NA	NA	NA	NA	NA	NA	NA	NA	NA	NA	NA	NA	NA	NA	NA	NA	NA	NA	NA	NA	NA
NA	NA	NA	NA	0.755422190977073	NA	NA	NA	NA	NA	NA	NA	0.65242732639385	1.03961147440971	NA	NA	0.291066344080627	0.307210886612776	NA	NA	NA	NA	0.583631399528658	NA	NA	NA	0.533916312895078	NA	NA	NA	0.104014563744182	0.321559585642797	NA	NA	0.387049195192571	NA	NA	NA	NA	0.419918193392091
NA	NA	NA	NA	NA	NA	NA	NA	NA	NA	NA	NA	NA	NA	NA	NA	NA	NA	NA	NA	NA	NA	NA	NA	NA	NA	NA	NA	NA	NA	NA	NA	NA	NA	NA	NA	NA	NA	NA	NA
NA	0.914462425917998	0.681429784038433	NA	NA	NA	2.32120962884079	0.854428390331777	0.795380241864205	NA	1.82655617407038	NA	0.183114784355281	0.382995398908263	NA	NA	1.32004934213892	NA	NA	NA	NA	0.830142802500007	NA	0.402100229370058	0.270366995796962	0.284037183062613	NA	NA	NA	NA	NA	NA	2.421593947866	NA	NA	NA	NA	NA	NA	0.556381477251524
NA	NA	1.87284976447627	1.69656958103933	1.0813352564885	1.5183710644198	1.47751178670522	NA	NA	0.959003568148458	NA	1.50668210960978	1.58413389863811	NA	NA	NA	1.03067549569202	1.54171315917467	NA	1.69472224384272	0.956411103777162	NA	1.25693007945984	1.09229567421898	1.01471853541979	NA	1.31046710825956	NA	NA	0.745587319717784	NA	0.66680206707598	NA	NA	NA	0.470903806733915	NA	NA	1.34280934848693	NA
NA	NA	NA	NA	NA	NA	NA	NA	NA	NA	NA	NA	NA	NA	NA	NA	NA	NA	NA	NA	NA	NA	NA	NA	NA	NA	NA	NA	NA	NA	NA	NA	NA	NA	NA	NA	NA	NA	NA	NA
NA	NA	NA	NA	NA	NA	NA	NA	NA	NA	NA	NA	NA	NA	NA	NA	NA	NA	NA	NA	NA	NA	NA	NA	NA	NA	NA	NA	NA	NA	NA	NA	NA	NA	NA	NA	NA	NA	NA	NA
NA	NA	NA	NA	NA	NA	NA	NA	NA	NA	NA	NA	NA	NA	NA	NA	NA	NA	NA	NA	NA	NA	NA	NA	NA	NA	NA	NA	NA	NA	NA	NA	NA	NA	NA	NA	NA	NA	NA	NA
NA	NA	NA	NA	NA	NA	NA	NA	NA	NA	NA	NA	NA	NA	NA	NA	NA	NA	NA	NA	NA	NA	NA	NA	NA	NA	NA	NA	NA	NA	NA	NA	NA	NA	NA	NA	NA	NA	NA	NA
NA	NA	NA	NA	NA	NA	NA	NA	NA	NA	NA	NA	NA	NA	NA	NA	NA	NA	NA	NA	NA	NA	NA	NA	NA	NA	NA	NA	NA	NA	NA	NA	NA	NA	NA	NA	NA	NA	NA	NA
NA	NA	NA	NA	NA	NA	NA	NA	NA	NA	NA	NA	NA	NA	NA	NA	NA	NA	NA	NA	NA	NA	NA	NA	NA	NA	NA	NA	NA	NA	NA	NA	NA	NA	NA	NA	NA	NA	NA	NA
2.17347090388378	1.04795412950769	1.92798174763045	NA	1.24195963236221	1.71022961311581	1.79086306278137	1.97775414356076	1.11200640004357	1.69363002967675	1.79393541242518	0.950053047289275	2.28834202689762	1.55228148825191	1.3183052870306	0.50067750986945	1.37140057082682	NA	2.51607505497739	1.35740913881626	0.881847532225486	1.39523298093401	NA	0.847049453672613	1.18003764611538	NA	0.711901102828643	0.940796677788554	0.931427292230437	NA	1.14959887897885	NA	NA	1.11107882272298	0.987907195153698	NA	NA	1.21879722530025	0.705156662243901	NA
NA	NA	NA	NA	NA	1.07904124188901	1.84984495037224	NA	NA	1.16704843439916	1.05047615470921	NA	NA	0.941520330461089	0.868915325063642	2.02297447036502	0.735602458886855	1.06477529556837	NA	1.0832521888587	0.279424342477901	0.496366067723956	0.699852195319785	0.565578855135029	0.601925689422653	0.664231342142228	0.666329791187069	0.270675851401871	0.414395223511898	0.332531263035855	0.425753491245385	0.184540423853437	0.617607702155589	0.512732448375987	0.793910151271092	0.432915805928241	NA	0.683137340979221	0.552286766845764	NA
NA	NA	NA	NA	NA	NA	NA	NA	NA	NA	NA	NA	NA	NA	NA	NA	NA	NA	NA	NA	NA	NA	NA	NA	NA	NA	NA	NA	NA	NA	NA	NA	NA	NA	NA	NA	NA	NA	NA	NA
NA	NA	NA	NA	NA	NA	NA	NA	NA	NA	NA	NA	NA	NA	NA	NA	NA	NA	NA	NA	NA	NA	NA	NA	NA	NA	NA	NA	NA	NA	NA	NA	NA	NA	NA	NA	NA	NA	NA	NA
NA	NA	NA	NA	NA	NA	NA	NA	NA	NA	NA	NA	NA	NA	NA	NA	NA	NA	NA	NA	NA	NA	NA	NA	NA	NA	NA	NA	NA	NA	NA	NA	NA	NA	NA	NA	NA	NA	NA	NA
NA	NA	NA	NA	NA	NA	NA	NA	NA	NA	NA	NA	NA	NA	NA	NA	NA	NA	NA	NA	NA	NA	NA	NA	NA	NA	NA	NA	NA	NA	NA	NA	NA	NA	NA	NA	NA	NA	NA	NA
NA	0.984150198097344	0.784641727456535	NA	1.31022079002078	0.383281660240516	NA	0.52138412136808	NA	1.02346963413535	0.580376395238417	0.664427708781412	0.787936732285779	NA	1.03071531053776	NA	NA	NA	NA	NA	1.13410679865545	1.27129946455286	0.615064084187776	0.466428195991917	1.61642720843441	1.34164547194896	NA	NA	2.66480405106147	1.01781352612546	0.769515652026946	0.802528797646837	NA	0.751477121823437	1.71780285785547	NA	NA	NA	0.767563454307868	NA
1.11822413982054	1.48927329226449	1.22843456508198	NA	NA	1.08494558120259	1.13542333396791	1.4896806557858	2.06353738930956	NA	NA	NA	NA	NA	2.24840196654375	NA	NA	2.12913639993937	NA	NA	1.9778670179842	1.9668469026893	1.51836693905335	1.3971025319085	1.34137574040954	NA	1.03644132503291	NA	0.816946554927158	NA	NA	NA	NA	0.801105007835398	1.99306345865467	NA	NA	NA	0.423207225782891	NA
NA	NA	NA	NA	NA	NA	NA	NA	NA	NA	NA	NA	NA	NA	NA	NA	NA	NA	NA	NA	NA	NA	NA	NA	NA	NA	NA	NA	NA	NA	NA	NA	NA	NA	NA	NA	NA	NA	NA	NA
NA	1.25008745080863	1.25508096582642	NA	1.23448630959312	1.5797726826151	0.887422558404716	0.874124644207879	1.17948936945427	1.41279113017122	NA	1.27615033175678	NA	1.66174447710608	NA	NA	NA	1.13421454444357	1.38241736975632	0.800632232646313	1.6476195329443	NA	0.655147537958634	0.589187321911857	NA	NA	NA	NA	0.541070822036695	0.542859641187034	NA	NA	NA	NA	NA	NA	NA	NA	NA	0.541608605626316
NA	NA	NA	NA	NA	1.99892311377671	0.888698013144296	NA	NA	NA	NA	1.14401170613998	1.70391648322953	1.06148427788504	1.09832780998472	NA	0.455951740965816	0.822336583898912	NA	0.829274907684635	NA	0.548762797002378	0.614999781442655	0.367776631149549	0.203047009313253	0.579596920096633	0.130786190141574	0.785565973506343	0.134421416567706	0.259004992417389	NA	NA	NA	0.321483423065605	NA	NA	NA	NA	NA	0.4942223536267
1.64704971801005	0.733164803025676	0.799221246138471	NA	0.805475977998618	1.04045491726787	NA	0.914506842916078	1.2060167048698	NA	NA	NA	1.78396993700906	0.508615061849677	0.728665630481309	0.337147637069127	NA	1.42850615223747	NA	1.11136313520976	1.23577365722029	0.844500269113575	0.96929527549356	0.527068828372126	0.481616898201656	0.355551588999499	0.276493176722354	0.680744024999595	0.557083011766624	0.425518081571412	0.360555763769451	0.238299399400421	0.353394891078197	0.0902688247866506	0.148143388659009	0.64721278960888	NA	0.766870848235677	NA	0.799684663333643
NA	NA	NA	NA	NA	1.18705828915638	1.67245757341136	NA	NA	NA	NA	NA	NA	1.12561511606878	NA	NA	0.896466155917965	1.52102235660612	1.80457903834959	1.20551715795109	NA	1.12125864843055	NA	1.35400029226549	1.34660360835768	NA	NA	NA	NA	NA	0.890498493098795	NA	NA	0.94178441167924	NA	NA	NA	NA	NA	NA
NA	NA	NA	NA	NA	NA	NA	NA	NA	NA	NA	NA	NA	NA	NA	NA	NA	NA	NA	NA	NA	NA	NA	NA	NA	NA	NA	NA	NA	NA	NA	NA	NA	NA	NA	NA	NA	NA	NA	NA
NA	NA	NA	NA	NA	NA	NA	NA	NA	NA	NA	NA	NA	2.03218963615313	1.51226278746176	1.56820663731378	1.39695773400256	1.11392806389902	NA	NA	NA	NA	0.657064002913494	1.57465934058227	NA	NA	NA	NA	NA	NA	NA	NA	NA	NA	NA	NA	NA	2.43588839432618	NA	NA
1.53538486662469	NA	1.40102789605756	NA	1.6462711482453	NA	NA	1.78031591508222	1.68099312334314	NA	NA	0.907717985340333	NA	1.07363730248435	0.987677369450065	NA	NA	NA	1.20391702540381	0.907373772305426	NA	0.89138743104823	1.25203594586623	0.715522035184244	0.514520665360702	0.591577394652655	0.748182053522764	NA	0.519293174007573	NA	1.00433593677831	NA	1.28073861152819	NA	0.490113680639749	0.19202301254184	NA	NA	1.31615444613236	1.2439380406682
0.922167432343757	1.07537790212551	1.09220453565197	1.15687131048321	NA	1.33021663057694	0.955089865431617	0.943761506882905	0.772949241412866	1.42615712379148	1.03723722686058	NA	NA	1.44669781818921	NA	NA	0.804092074565018	0.817043889966072	NA	0.651248349169105	0.790587485002677	0.390379306213739	0.320011506378219	0.931000100544392	0.387633586104138	NA	NA	NA	0.493111278165166	NA	NA	0.644669766205102	NA	NA	NA	0.218853559703852	NA	NA	NA	NA
NA	NA	NA	NA	NA	NA	NA	NA	NA	NA	NA	NA	NA	NA	NA	NA	NA	NA	NA	NA	NA	NA	NA	NA	NA	NA	NA	NA	NA	NA	NA	NA	NA	NA	NA	NA	NA	NA	NA	NA
NA	NA	NA	NA	NA	NA	NA	NA	NA	NA	NA	NA	NA	NA	NA	NA	NA	NA	NA	NA	NA	NA	NA	NA	NA	NA	NA	NA	NA	NA	NA	NA	NA	NA	NA	NA	NA	NA	NA	NA
1.69735729408445	2.13162759271535	NA	NA	1.27859424126393	NA	NA	1.4960961884658	1.2202608278944	1.60446403535532	1.353940321927	1.49954798406197	1.80872769772743	1.53119176769824	1.5688808097736	1.23983808047368	1.51595695553167	1.32935191084347	NA	1.06675837135386	1.33336338329572	1.55717942092307	NA	NA	NA	1.18454047405383	1.26129508110161	NA	NA	NA	NA	2.01997257959505	NA	0.930994832902006	1.58088583318602	1.61059262138924	NA	0.721481418330898	1.66431487022155	0.841622518336992
NA	NA	NA	NA	NA	NA	NA	NA	NA	NA	NA	NA	NA	NA	NA	NA	NA	NA	NA	NA	NA	NA	NA	NA	NA	NA	NA	NA	NA	NA	NA	NA	NA	NA	NA	NA	NA	NA	NA	NA
NA	NA	NA	NA	NA	NA	NA	NA	NA	NA	NA	NA	NA	NA	NA	NA	NA	NA	NA	NA	NA	NA	NA	NA	NA	NA	NA	NA	NA	NA	NA	NA	NA	NA	NA	NA	NA	NA	NA	NA
NA	NA	NA	0.686969359909485	NA	2.14973793686102	0.228433088439282	0.714577500391107	1.20173423571645	0.861529726937124	1.71479939961189	NA	0.301713872280453	2.28033879846483	1.85033569141412	2.26963726644673	NA	1.00572975387334	2.32740930976027	0.415766710098927	0.413661120442083	1.89271088242393	1.12441421084258	0.44757286727786	0.58277068742766	1.16101692174273	0.445151374996056	0.703362549688966	NA	0.566510061237315	0.813660215327256	1.40807916523499	0.66145683494928	0.404767229105251	0.347773924033891	0.383259968860381	NA	1.46972054533872	2.2136206682152	1.43802118185193
0.847714100236284	NA	NA	NA	NA	NA	0.905307393828298	NA	0.587912811941584	NA	NA	NA	NA	NA	NA	NA	0.749461577843179	NA	NA	NA	NA	1.47382102491898	NA	0.377227059649992	NA	1.41369567510847	NA	NA	0.46410525018902	NA	1.25412962165799	NA	0.904791783074609	1.09970957562899	NA	0.340459774091427	NA	0.877744288050517	0.95410753329685	1.05028947914379
NA	NA	0.884184910340544	NA	NA	0.997619924848053	NA	NA	NA	1.20846547434438	1.35248358460667	NA	1.03343139512213	1.03184958701377	NA	1.02948824999498	NA	0.938229245566517	NA	NA	1.29630872876044	NA	1.39108097523773	NA	1.9154354080184	NA	NA	NA	NA	1.03215130513575	1.13046147531146	0.136248474784991	1.39930471845578	0.711616797437732	NA	1.37142159284177	NA	NA	0.925831512134789	0.759406871784977
NA	NA	NA	NA	NA	NA	NA	NA	NA	NA	NA	NA	NA	NA	NA	NA	NA	NA	NA	NA	NA	NA	NA	NA	NA	NA	NA	NA	NA	NA	NA	NA	NA	NA	NA	NA	NA	NA	NA	NA
1.40546681345453	NA	1.58598497278807	NA	NA	NA	1.93646398771539	1.34553193026135	1.31554480407279	NA	1.96936287008322	2.22263962032524	NA	NA	0.952080609688593	NA	1.81381916976059	1.63454201072247	0.720094697419357	0.692208085076875	1.39024874679068	0.703138511497061	NA	1.6248906377728	0.890868882833168	0.76140268782953	NA	NA	NA	NA	1.17304595822319	1.02586539228492	NA	0.257449359862876	NA	NA	NA	0.701700726094458	0.963424596936047	0.380558674033435
0.99426168095409	NA	0.906195264461178	1.08916308649982	NA	1.03190482434371	0.999791922341489	NA	NA	NA	0.656341390408165	0.682846284962975	0.1314702863791	NA	0.293756087722025	1.5913481922693	0.244446344443345	0.267534072417457	0.329107551549556	0.263724330427656	NA	0.950764993300439	NA	0.389855888080312	0.631763881314088	0.465548842781355	0.210059379476026	1.08903285782214	NA	0.59838056003998	0.482784140526506	0.505463563477788	0.258724578595318	0.406356847296993	0.491491047854402	0.219381444918397	NA	0.515493194187528	0.370180236241358	1.26244296894928
NA	NA	NA	NA	NA	NA	NA	NA	NA	NA	NA	NA	NA	NA	NA	NA	NA	NA	NA	NA	NA	NA	NA	NA	NA	NA	NA	NA	NA	NA	NA	NA	NA	NA	NA	NA	NA	NA	NA	NA
1.15995355664859	1.79313009112789	1.00499416642313	0.810403492884516	0.898104069373624	NA	1.56355396791114	1.40137482066408	NA	NA	NA	NA	0.197386278928791	1.87225676125102	2.13731363004829	1.4558720863771	1.36606563838164	1.54409756732854	1.84214631793003	1.6370188952053	NA	NA	1.87837887232483	1.23211708411938	0.98665725710933	0.849107998386066	NA	1.52469394491193	0.761452926726796	0.70952744155251	2.02225398460949	0.265042068612093	NA	1.60253533744758	NA	1.22292938485637	NA	1.60040246388286	NA	1.53632718571314
NA	NA	NA	NA	NA	NA	NA	NA	NA	NA	NA	NA	NA	NA	NA	NA	NA	NA	NA	NA	NA	NA	NA	NA	NA	NA	NA	NA	NA	NA	NA	NA	NA	NA	NA	NA	NA	NA	NA	NA
0.892087491345881	0.713138273786873	1.01099857476324	NA	0.63164881719884	1.13504609165447	1.19418735656899	1.23211743214674	NA	0.918423497180816	1.18625822028916	1.40706155351686	1.46347811921898	NA	0.882458790895055	NA	NA	0.592445674904814	0.873556850119022	1.21342696497525	0.507443802432228	NA	NA	NA	NA	NA	NA	0.48783076341739	1.18494211858173	0.624730481534502	0.210249127540253	NA	0.707441384599976	NA	1.7811390593308	0.570396088515321	NA	0.388620347565585	0.778027377109603	0.751029100613401
NA	NA	NA	NA	NA	NA	NA	NA	NA	NA	NA	NA	NA	NA	NA	NA	NA	NA	NA	NA	NA	NA	NA	NA	NA	NA	NA	NA	NA	NA	NA	NA	NA	NA	NA	NA	NA	NA	NA	NA
1.17022625941892	0.910502025663784	0.959886236524637	NA	1.39769886306847	1.43822999264279	NA	NA	NA	1.15113770585048	NA	1.260988595184	1.1777907334401	NA	1.28329650149332	NA	1.55008341752782	1.60615482286561	1.52960545039417	NA	NA	1.22718783673762	0.870501852908771	0.867362537830015	0.635643234186368	0.782170535713852	0.740042680568583	NA	0.685930062906819	NA	0.661677387440158	0.378824725444167	0.280551231273531	0.431190396705728	0.486709592564619	0.202719063251271	NA	0.75963553653338	1.28305895077952	1.14372216004072
NA	NA	NA	NA	NA	NA	NA	NA	NA	NA	NA	NA	NA	NA	NA	NA	NA	NA	NA	NA	NA	NA	NA	NA	NA	NA	NA	NA	NA	NA	NA	NA	NA	NA	NA	NA	NA	NA	NA	NA
NA	NA	NA	NA	NA	NA	NA	NA	NA	NA	NA	NA	NA	NA	NA	NA	NA	NA	NA	NA	NA	NA	NA	NA	NA	NA	NA	NA	NA	NA	NA	NA	NA	NA	NA	NA	NA	NA	NA	NA
NA	NA	NA	NA	NA	NA	NA	NA	NA	NA	NA	NA	NA	NA	NA	NA	NA	NA	NA	NA	NA	NA	NA	NA	NA	NA	NA	NA	NA	NA	NA	NA	NA	NA	NA	NA	NA	NA	NA	NA
0.86525009253491	0.809587115832408	1.2642281330692	1.04361357827579	0.741747535087025	0.985637475454355	0.693769172892814	0.44840663997699	0.315907057332371	NA	0.796230995780831	1.14332447233555	0.592033636185527	0.580653055400733	NA	0.737819375260233	NA	NA	0.939814441490913	1.4947325279604	0.25893833725895	0.315294813832536	1.19318509870506	0.514967373704789	0.476235777174048	0.552323676726855	0.820966428836432	0.844428809420355	0.849462677807848	0.542113978578982	0.54134659283085	0.291715302530601	1.09571782632516	1.20712030418866	0.275178106924535	0.286483060408456	NA	0.492949447536365	0.188046349969671	1.10315801012115
NA	1.4803446372954	1.00561150162661	NA	NA	NA	0.671294586721095	0.727944784672848	0.905096377809102	NA	1.67043172559246	1.19870271938617	0.699759896008226	1.10525672841248	0.659632329157667	NA	0.822321508286708	NA	0.565828094091468	0.545651664112238	0.453164228064074	1.25382615643792	0.383294213077302	1.0687783667879	1.29023501545237	0.418494030917171	0.92116148367991	1.05015448002887	0.802797717789766	0.652996088567513	0.565364775400771	NA	0.792226388680006	NA	NA	0.489660488799411	NA	0.604999911128075	NA	0.731718345824404
1.05849258447039	1.14577850754981	1.12553457009775	0.84232102706094	0.859489060085499	0.577802069085079	0.970348939425943	1.28042534729168	0.98721834834241	NA	1.04957932966333	NA	0.972254993593819	NA	NA	0.780958964799286	1.1264552336153	0.479128602644102	0.779817261097894	NA	1.0301735655955	0.550600944377419	0.587528887277308	0.593875412629074	0.696638721939504	0.567716860264256	0.918134816027169	1.02937931105839	0.991191021200922	0.703996005740085	0.792713897866163	0.915089461391432	NA	NA	NA	0.941502274496344	NA	0.407799025301631	0.451682406812502	0.281984089040661
0.6364265414299	NA	NA	1.05165424004064	NA	NA	1.48664676767197	NA	NA	0.779939840507348	0.911388822867406	0.671621323954631	1.08193283600266	0.894786903482827	NA	NA	NA	NA	NA	NA	1.03758929776388	NA	1.12196854261689	1.17948474047371	0.570858235225088	NA	NA	NA	NA	0.205763050336096	0.93061856662248	0.163649321649078	0.325010878577833	NA	0.448643045764844	NA	NA	NA	NA	0.508199592962742
NA	0.972573207865854	NA	NA	1.35527090378969	0.598047654570652	0.981922679820862	0.530583636717043	0.509845267042781	NA	0.656674193479487	NA	0.581443182887347	NA	NA	0.759331260818986	0.869857483611899	1.21364499247888	0.182000054267052	0.313929488589523	0.108131167617541	1.88501005460283	NA	0.237553376405434	NA	0.350289458246708	0.288691051015707	0.100346395244495	0.367017217851307	NA	0.277880194430927	0.2050068919706	0.552436115856991	NA	NA	NA	NA	NA	0.554620318099025	NA
NA	NA	1.36395073170571	NA	NA	0.619109386371574	NA	0.685081511634029	NA	0.370551735339312	NA	0.57832709497922	NA	NA	0.58563425084403	NA	0.330982607064235	NA	NA	1.99447009414043	1.03569964024188	0.324903430957566	0.922434275554887	NA	0.730230920679047	NA	NA	NA	NA	0.942519951476377	0.891286672332536	0.421274392020598	0.603752511053846	0.719176113197881	0.776690646008861	NA	NA	NA	0.643911345248382	1.51899243386165
NA	NA	NA	NA	NA	NA	NA	NA	NA	NA	NA	NA	NA	NA	NA	NA	NA	NA	NA	NA	NA	NA	NA	1.24446651441212	NA	NA	NA	NA	NA	0.513851446063151	1.18304625480837	NA	0.137286253177235	NA	0.905687088990795	NA	NA	NA	NA	NA
NA	NA	NA	NA	NA	NA	NA	NA	NA	NA	NA	NA	NA	NA	NA	NA	NA	NA	NA	NA	NA	NA	NA	NA	NA	NA	NA	NA	NA	NA	NA	NA	NA	NA	NA	NA	NA	NA	NA	NA
NA	1.93339733130131	1.86378065593262	2.23591403618946	NA	2.21152402200065	0.0623960705228952	NA	NA	NA	0.884218674766605	1.87138860600679	1.88877690964879	1.75388890367059	NA	NA	NA	1.72412204129685	2.20217555879296	2.06997959221972	0.567072225733775	NA	1.58051816914746	1.7498501896952	0.368506540927703	0.305387092958374	1.14729001150091	NA	NA	0.53616446218387	2.07557413658839	1.89714081439346	0.185811019734802	1.77416097604636	0.618464156815138	0.651284377649415	NA	0.83805913601795	NA	0.709012822668287
1.58661124408871	1.48374783115386	NA	1.55769220550345	1.6168724211528	1.93573719048307	2.06466110251449	1.32002877570558	1.5569120096409	NA	1.67221607849348	2.03833279007735	NA	1.54494313839953	NA	NA	2.03909214554819	1.89548282170461	NA	NA	1.16560633741963	NA	1.54900461902892	1.57448337289235	1.1193196067884	1.59101105921382	1.18750281956084	1.05771856780889	1.22102025133055	1.22745657800644	1.02973181152096	0.661025071695145	NA	NA	1.71084760613874	0.515939001924238	NA	0.375929815085188	0.47653496309159	1.21323638330198
NA	NA	NA	NA	NA	NA	NA	NA	NA	NA	NA	NA	NA	NA	NA	NA	NA	NA	NA	NA	NA	NA	NA	NA	NA	NA	NA	NA	NA	NA	NA	NA	NA	NA	NA	NA	NA	NA	NA	NA
1.12907134707538	NA	NA	NA	NA	NA	NA	NA	1.17069477256619	1.46972971920971	NA	NA	1.09181735185554	NA	0.516692056131946	1.2331666966701	0.894527318859503	0.535525195378425	NA	0.39489404687013	NA	0.660974983414991	1.34244620836804	NA	0.769980811418543	0.830473382091973	0.674799417557548	1.29686279113933	0.67885868786018	0.953264530829372	1.12951248118906	1.38033398188159	1.45497332681587	NA	1.43480397413846	NA	NA	0.4029351824985	0.867220036420494	NA
NA	NA	NA	NA	NA	NA	NA	NA	NA	NA	NA	NA	NA	NA	NA	NA	NA	NA	NA	NA	NA	NA	NA	NA	NA	NA	NA	NA	NA	NA	NA	NA	NA	NA	NA	NA	NA	NA	NA	NA
NA	NA	NA	NA	NA	NA	NA	NA	NA	NA	NA	NA	NA	NA	NA	NA	NA	NA	NA	NA	NA	NA	NA	NA	NA	NA	NA	NA	NA	NA	NA	NA	NA	NA	NA	NA	NA	NA	NA	NA
NA	NA	NA	NA	NA	NA	NA	NA	NA	NA	NA	NA	NA	NA	NA	NA	NA	NA	NA	NA	NA	NA	NA	NA	NA	NA	NA	NA	NA	NA	NA	NA	NA	NA	NA	NA	NA	NA	NA	NA
NA	NA	NA	NA	NA	NA	NA	NA	NA	NA	NA	NA	NA	NA	NA	NA	NA	NA	NA	NA	NA	NA	NA	NA	NA	NA	NA	NA	NA	NA	NA	NA	NA	NA	NA	NA	NA	NA	NA	NA
0.90712167530636	0.646743782833621	NA	NA	0.740765215207888	1.99758872771574	1.36553731066957	NA	1.10441629869907	NA	NA	NA	NA	1.8138055641553	NA	NA	NA	NA	NA	NA	NA	1.31520585934188	1.09922132675008	NA	1.22569256637783	NA	NA	1.24138143335217	NA	NA	0.583601775050594	0.662743111624453	0.374457832796469	NA	0.771341653489424	NA	NA	1.03940971255653	0.437181624439153	NA
NA	NA	NA	NA	NA	2.40038236098551	2.36361914055971	2.30270604056333	2.31928870674048	2.14755293563811	NA	2.24557166312009	1.8626721102408	2.18773154579149	2.03743261832947	1.80530212951653	1.7395033045349	2.3614315126169	1.87621279830931	1.5526780875359	1.75990705694794	1.61731035328954	1.27582149044038	1.13064949011497	1.45779317311543	0.997712932814124	1.32544296104009	1.27360210990367	0.861912894181089	0.892640004120303	1.03572056748047	0.121078561519183	0.443546636092552	0.185753534506311	1.00530824508634	0.509299212629454	NA	0.367700220745485	NA	0.754939158024434
NA	NA	NA	NA	NA	2.46048684834242	NA	2.51613140997837	1.90889926483153	NA	1.17674115483895	1.13950764530544	NA	0.967026522326218	NA	NA	1.02009823353381	NA	NA	1.27453274165675	2.30009774553745	2.52541681489791	1.49093190535113	NA	2.22244953924495	NA	0.70599986774196	NA	NA	NA	2.55871482164771	2.87856907649884	1.46001369831149	1.54295227278388	NA	0.32741878394877	NA	0.415611302190378	1.28217051702345	1.84013396512433
0.758736436302066	0.489283250449069	0.434420858729054	0.433928766603148	0.561364974486686	0.516325342638034	0.818569077323254	1.18255588433381	0.850264002693523	0.674746514439342	0.565533886574857	0.690576882045467	1.05169368524015	0.664224530164535	0.603371340332853	0.517630124927128	0.699878923384992	0.608858424812775	0.485629137880443	0.337788847000531	0.593022023194618	NA	0.659701372651895	0.53716481747232	0.949715678671785	0.864786787144786	0.438792664384227	0.602744972850071	0.946226855237158	0.789636359142744	0.415343290875742	0.335831758678278	1.01146224736542	1.13555750923074	0.85459530224375	NA	NA	NA	NA	0.23716872294194
NA	0.683846326030902	NA	0.649673915836584	NA	1.47873307061493	NA	NA	1.47192259489065	0.883713061725659	NA	NA	NA	NA	0.785060889704371	NA	1.08125039092836	NA	1.15165460583501	1.0169935889332	NA	0.979747813015379	0.921194681484794	0.670556026471591	0.35938955235692	NA	0.705214147581407	0.680493933239062	0.6572356549511	0.802352407031204	0.806407848749166	0.81364024537683	0.5570148942483	0.501355566062414	0.40452045802505	0.287265756902341	NA	0.36649260669074	0.417248388517761	0.988937163080818
NA	NA	NA	NA	NA	NA	NA	NA	NA	NA	NA	NA	NA	NA	NA	NA	NA	NA	NA	NA	NA	NA	NA	NA	NA	NA	NA	NA	NA	NA	NA	NA	NA	NA	NA	NA	NA	NA	NA	NA
NA	0.698881012578976	0.654101520099982	NA	0.862049356066968	NA	0.508814001444494	1.24702949055644	NA	NA	NA	1.17858000175977	1.50028301592356	NA	NA	NA	1.40132787807448	1.68237030711735	NA	1.31765203999486	NA	NA	1.52339281078559	NA	1.40048587439097	1.48624522945739	NA	NA	2.00260457860754	NA	NA	NA	NA	NA	NA	0.431708992126418	NA	NA	NA	1.58567363522798
NA	NA	NA	NA	NA	1.84713636513776	NA	NA	1.81297415773323	NA	NA	1.35248755860214	NA	1.10598178488994	NA	1.58512491659465	1.00375056447922	0.791021172223978	NA	0.671316065260497	0.37610209980066	0.335158173460081	NA	NA	0.467462429414229	0.730510111493796	NA	NA	1.63632461944464	NA	NA	0.96293669358128	NA	NA	1.58610019136304	NA	NA	1.24475332149014	NA	1.28721760009551
NA	0.659042274484942	0.482043889218432	NA	NA	NA	0.361481948185338	0.29049789004736	NA	NA	NA	NA	0.455704066659007	0.278398635781624	NA	NA	0.363909217890113	0.82754471344586	NA	0.544763011911113	NA	NA	NA	NA	NA	NA	NA	0.323831440868265	0.919529982773664	NA	NA	0.280299569332382	1.05836493638568	1.40162264413017	1.187757914948	2.12601060602024	NA	0.713257846386752	0.294602147867185	0.542566749960562
NA	NA	NA	NA	NA	NA	NA	NA	NA	NA	NA	NA	NA	NA	NA	NA	NA	NA	NA	NA	NA	NA	NA	NA	NA	NA	NA	NA	NA	NA	NA	NA	NA	NA	NA	NA	NA	NA	NA	NA
NA	NA	NA	NA	NA	NA	NA	NA	NA	NA	NA	NA	NA	NA	NA	NA	NA	NA	NA	NA	NA	NA	NA	NA	NA	NA	NA	NA	NA	NA	NA	NA	NA	NA	NA	NA	NA	NA	NA	NA
NA	NA	NA	NA	NA	NA	1.36464137677834	NA	NA	NA	NA	NA	1.82003023505837	NA	1.89394612989643	1.90782509414675	1.7571347196514	1.85930677089288	NA	NA	NA	NA	NA	NA	NA	0.863632487058861	0.698859278821367	NA	NA	NA	0.776459862620478	0.939453146531275	NA	1.22072841065405	0.947690122838293	0.927732013161786	NA	NA	1.24888607556094	NA
NA	NA	NA	NA	NA	NA	NA	NA	NA	NA	NA	NA	NA	NA	NA	NA	NA	NA	NA	NA	NA	NA	NA	NA	NA	NA	NA	NA	NA	NA	NA	NA	NA	NA	NA	NA	NA	NA	NA	NA
NA	0.391993561106023	0.811457400138699	NA	NA	NA	1.57657070896661	NA	NA	0.732039415125447	NA	0.61422529406628	NA	1.04854884341175	0.929153212831726	1.25691765288176	1.10965136780428	0.961799693521878	NA	0.444607971900861	0.485623819150114	0.386751266920657	0.190077773468672	NA	0.631747483767168	0.47944287393758	0.160694887419386	0.651770239377962	0.485739095578553	0.569720352491284	0.318639359536006	0.316118349717279	0.695763782284464	NA	NA	0.446518577093415	NA	0.194023786493062	0.488287754935047	0.548391858177191
NA	0.702664143142618	NA	1.0884163839163	NA	NA	0.51575823740997	0.511250260271233	NA	0.210456239852906	NA	0.718705927724843	NA	1.87134214554882	NA	1.26483054616665	0.653557416956081	0.709845964980868	NA	0.382714658533013	NA	2.0416965691884	2.48430565815024	2.13323020191748	2.05593662368388	NA	2.05974354184004	NA	NA	NA	NA	NA	0.597501791739914	0.376341564108241	NA	NA	NA	NA	0.474518442898981	NA
NA	NA	NA	NA	NA	NA	NA	NA	NA	NA	NA	NA	NA	NA	NA	NA	NA	NA	NA	NA	NA	NA	NA	NA	NA	NA	NA	NA	NA	NA	NA	NA	NA	NA	NA	NA	NA	NA	NA	NA
NA	NA	NA	NA	NA	NA	NA	NA	NA	NA	NA	NA	NA	NA	NA	NA	NA	NA	NA	NA	NA	NA	NA	NA	NA	NA	NA	NA	NA	NA	NA	NA	NA	NA	NA	NA	NA	NA	NA	NA
NA	NA	NA	NA	1.16536891389124	NA	1.09612973111807	NA	NA	NA	0.675629060777764	NA	NA	0.949581288377385	NA	NA	0.329341793829856	0.366337968410792	NA	0.867536270454106	NA	NA	0.292969692448387	0.460752193529165	0.0435266210541882	0.656487795593548	0.408978516028669	NA	NA	NA	NA	0.151063155005902	0.897391091690124	0.939368607095801	0.492339807296472	0.880428798529533	NA	NA	0.76650033993879	NA
NA	NA	NA	NA	NA	NA	NA	NA	NA	NA	NA	NA	NA	NA	NA	NA	NA	NA	NA	NA	NA	NA	NA	NA	NA	NA	NA	NA	NA	NA	NA	NA	NA	NA	NA	NA	NA	NA	NA	NA
NA	NA	NA	NA	NA	NA	NA	NA	NA	NA	NA	NA	0.662602376532354	0.285447785986953	0.210452130218613	0.192532318926449	0.284773475718617	0.17495718946599	0.263536522696443	0.430774832639095	0.288034940752206	0.285485428755371	0.200124244026449	0.11278668955829	0.0857145455594358	0.434247301202977	0.269049074417683	0.216223733290452	0.41174925884876	0.104032388905749	0.0619737415691165	0.0986316323772173	0.26186058132757	NA	NA	0.105861221228519	NA	0.370042396206004	NA	1.02687011747643
1.041142763324	0.999095554692602	2.37171531743615	NA	0.783384857762249	1.47151760121122	1.54522884309618	1.67630415625361	1.17151918969256	1.16056821718136	0.828886676940325	1.21296206257095	1.4139426758457	1.54524600645331	1.58571034372977	1.56834459730373	1.52967810776032	1.66817637525444	1.60349313690358	1.50474860053349	NA	1.18433801526957	1.24762845930195	1.27238962410868	1.37508108575491	NA	1.25840471569702	1.72429559269259	1.03510518205483	0.498415837758463	2.10062885737125	0.980335876531696	NA	NA	2.27127633201955	0.728445479505155	NA	0.412720679431767	0.570745462273299	2.68059234169773
NA	NA	NA	NA	NA	NA	NA	NA	NA	NA	NA	NA	NA	NA	NA	NA	NA	NA	NA	NA	NA	NA	NA	NA	NA	NA	NA	NA	NA	NA	NA	NA	NA	NA	NA	NA	NA	NA	NA	NA
NA	NA	NA	NA	NA	NA	NA	NA	NA	NA	NA	NA	NA	NA	NA	NA	NA	NA	NA	NA	NA	NA	NA	NA	NA	NA	NA	NA	NA	NA	NA	NA	NA	NA	NA	NA	NA	NA	NA	NA
0.219825419983712	NA	NA	NA	0.982416392367289	NA	NA	0.536677732096136	0.799987050260582	0.496935695191509	0.606622384826969	NA	0.488832453400258	NA	0.493345420190699	NA	0.508120406293999	0.417502363895379	NA	0.473457406227373	NA	0.426662819892835	NA	NA	0.691472188438538	0.713409900270302	0.728286680131642	0.935699366511084	1.28962738241735	NA	NA	NA	NA	NA	NA	0.761587544065108	NA	NA	NA	0.737102804355848
NA	NA	NA	NA	1.97991258949302	NA	1.85043523419023	NA	1.86877431632555	NA	1.52189059073669	0.9345103108905	NA	1.91342788436098	1.85800005451708	NA	NA	NA	NA	0.659469799477241	NA	NA	1.6004676313969	NA	NA	NA	NA	NA	NA	NA	1.29572717836253	NA	NA	NA	NA	NA	NA	NA	0.405936095006492	NA
2.13012210921999	0.952358689456217	1.57030675332527	1.08239688363641	1.02762016304201	0.98237846016898	0.769440720304022	0.653053459411682	0.823749865756027	1.34977719787858	NA	1.20345277676055	NA	NA	NA	0.566343484500572	0.658887028986403	0.810452859237677	0.952245436547724	NA	0.889141657321091	NA	NA	NA	0.958065605067534	0.836660436521846	1.06764288577575	NA	NA	NA	NA	NA	NA	NA	NA	0.788693728225919	NA	1.0061719269308	1.01998137202733	1.20752677536572
NA	1.82648303272833	0.694424653309843	0.958321678345975	NA	NA	0.441265938954785	1.93406167206533	1.89118768408817	0.776644985368022	NA	1.34150875583367	0.476485714154543	1.05832512031641	0.654778187698094	1.14300573165639	0.537156005322943	1.10773468001642	0.933097974868139	1.16888441492521	NA	0.310600691897043	1.45115888034736	0.546744470008439	NA	NA	NA	0.909252895382663	NA	NA	NA	0.410378376701064	0.465903840550913	0.900231703012436	NA	1.33010664922022	NA	NA	0.502315800441307	0.534556595287581
1.54062608620851	1.17889854911053	NA	2.67255861410455	2.26004578899192	0.880675226087769	1.65809296670115	1.38393984903187	1.11055717629916	1.00401297737737	2.0641165270646	0.727676651675896	NA	0.937754053926145	NA	0.902376055955816	1.06136174552462	NA	0.925392433553983	0.961758042893307	0.763871467249555	0.890050327430204	0.488508025818365	NA	2.25455944619417	0.813574607961505	0.608860953710731	0.40956277275748	0.800773706047155	NA	NA	NA	NA	0.87921448730658	NA	2.27173046564255	NA	0.779449152434902	0.595772972439987	0.655065748896289
NA	NA	NA	NA	NA	1.18145679580935	0.659439054086051	1.23786166765642	NA	NA	NA	0.827900017164648	NA	NA	2.02441874575552	0.504750716404443	0.546401960094174	NA	NA	0.358387865876547	NA	NA	NA	0.55165609081123	0.309212402384478	1.17978743675051	0.784407600884349	0.17131733651723	0.69127717295051	0.653078785106127	NA	NA	1.09255039179997	0.374185435709637	0.669790160974381	NA	NA	0.29652597323715	NA	0.39130080370264
NA	NA	NA	NA	NA	NA	NA	NA	NA	NA	NA	NA	NA	NA	NA	NA	NA	NA	NA	NA	NA	NA	NA	NA	NA	NA	NA	NA	NA	NA	NA	NA	NA	NA	NA	NA	NA	NA	NA	NA
NA	NA	NA	NA	NA	NA	NA	NA	NA	NA	NA	NA	NA	NA	NA	NA	NA	NA	NA	NA	NA	NA	NA	NA	NA	NA	NA	NA	NA	NA	NA	NA	NA	NA	NA	NA	NA	NA	NA	NA
NA	0.589936969704161	NA	NA	NA	NA	NA	NA	NA	NA	1.42312134591799	1.34430050842135	0.866519481832108	NA	NA	1.22388785223121	NA	NA	NA	NA	NA	NA	NA	NA	NA	NA	NA	NA	NA	NA	NA	NA	NA	NA	NA	0.466920217471757	NA	NA	0.549339990296289	NA
NA	NA	NA	1.39086680359755	1.35342105812938	1.93728840986349	1.49355415095828	1.90754486166044	NA	NA	1.16686118249874	1.61539034504623	NA	NA	2.07034834358969	NA	1.79468194181735	1.79458999254659	NA	1.45219950092483	1.43223114424639	1.45411243797778	NA	NA	1.23916473072217	NA	NA	NA	NA	NA	1.23060329022069	1.2804875821259	NA	NA	NA	NA	NA	NA	NA	NA
NA	NA	NA	NA	NA	NA	NA	NA	NA	NA	NA	NA	NA	NA	NA	NA	NA	NA	NA	NA	NA	NA	NA	NA	NA	NA	NA	NA	NA	NA	NA	NA	NA	NA	NA	NA	NA	NA	NA	NA
NA	NA	NA	NA	NA	NA	NA	NA	NA	NA	NA	NA	NA	NA	NA	NA	NA	NA	NA	NA	NA	NA	NA	NA	NA	NA	NA	NA	NA	NA	NA	NA	NA	NA	NA	NA	NA	NA	NA	NA
NA	0.721072065971523	0.677897475747329	NA	0.612965034277841	0.490183624823016	NA	0.690755759800117	0.920872997938346	NA	0.796367676963136	1.09461130378957	1.08149569565413	0.844766960032863	0.321040453867696	0.54152627716917	0.644681339536011	NA	NA	0.412003099089522	0.307192921553072	0.595664596173283	1.19638098854481	NA	1.1027435456457	0.954944685240716	0.744735302298408	NA	0.565397412606312	NA	NA	0.736911723605557	0.686655162927297	0.922743367092334	0.658181707980038	0.782701025447922	NA	NA	NA	NA
0.951903661278822	1.044977460335	0.87747104479155	NA	NA	0.573230238651595	NA	0.834979984532584	0.692164500211326	NA	1.00543541563634	0.855547451283888	0.595519590619984	0.608768740452687	NA	NA	NA	NA	0.791976373148417	0.649221219946698	0.333565746443973	0.527193456577724	0.46096075434124	0.533719128177736	0.567779587722009	0.682999519564478	0.446303990645974	NA	NA	0.279941698640751	0.719107739384774	0.419677108475553	0.348718188896146	0.523494404094751	NA	NA	NA	NA	NA	NA
1.00490839448645	1.01452248661341	0.974803721499875	1.52351856596915	0.647482087984205	0.491760389150125	0.217307795155093	1.07293477204444	0.529872696746336	NA	0.514312958587009	NA	NA	NA	NA	1.12240258937677	NA	0.43975611745591	NA	0.626404329902383	0.445388851682851	NA	0.519576346199319	NA	0.525869659639485	0.374344418682464	NA	NA	0.645693001196852	0.431229139409132	NA	NA	0.34429323301883	NA	0.882931461277999	0.899682578049619	NA	0.506470894041643	0.749911473562807	0.221274186690281
NA	NA	NA	NA	NA	NA	NA	NA	NA	NA	NA	NA	NA	NA	NA	NA	NA	NA	NA	NA	NA	NA	NA	NA	NA	NA	NA	NA	NA	NA	NA	NA	NA	NA	NA	NA	NA	NA	NA	NA
NA	NA	2.27808377427621	NA	1.70442272927795	1.53678398019168	1.31693093983786	1.71157733032259	1.42922582621392	NA	1.7194144679023	NA	1.45917040000401	NA	1.59587692975157	NA	1.45733996315969	1.52747657101573	1.58783740409838	1.3847250308411	0.912044391133364	1.13911447644072	0.936523693922917	2.6870128511397	2.42699480020484	NA	1.53407218123116	1.75943721546637	2.37392048911782	2.00831224664235	1.85760639516838	1.95049293052638	1.53874209772891	1.51843917945667	1.47872119841757	1.69943180228612	NA	1.29022554293341	1.05701208070718	0.642085645787472
NA	NA	NA	NA	NA	NA	NA	NA	NA	NA	NA	NA	NA	NA	NA	NA	NA	NA	NA	NA	NA	NA	NA	NA	NA	NA	NA	NA	NA	NA	NA	NA	NA	NA	NA	NA	NA	NA	NA	NA
NA	0.87049402637705	1.15517404881772	1.03734091450896	NA	NA	0.997564945727129	1.06773826176381	0.664097804674879	0.612250332112386	NA	NA	NA	NA	0.397718859222973	0.406018739131712	1.17593532087389	0.378917273474014	NA	0.816699918826485	0.819278548466788	0.914524060342272	0.79521545207222	1.34576373791299	NA	0.273776743265437	1.08090631318174	NA	1.46425307863746	0.155253233515949	0.639596384336749	1.44872511285364	1.9669328568385	0.268269575134227	1.59091761748663	0.250319862709381	NA	NA	0.801811967450879	1.59082314293475
NA	NA	NA	NA	NA	NA	NA	NA	NA	NA	NA	NA	NA	NA	NA	NA	NA	NA	NA	NA	NA	NA	NA	NA	NA	NA	NA	NA	NA	NA	NA	NA	NA	NA	NA	NA	NA	NA	NA	NA
NA	NA	NA	NA	NA	NA	NA	NA	NA	NA	NA	NA	NA	NA	NA	NA	NA	NA	NA	NA	NA	NA	NA	NA	NA	NA	NA	NA	NA	NA	NA	NA	NA	NA	NA	NA	NA	NA	NA	NA
NA	NA	NA	NA	NA	NA	NA	NA	NA	NA	NA	NA	NA	NA	NA	NA	NA	NA	NA	NA	NA	NA	NA	NA	NA	NA	NA	NA	NA	NA	NA	NA	NA	NA	NA	NA	NA	NA	NA	NA
1.36594133205308	NA	0.675547451189717	0.998822229621491	NA	1.90523342936002	1.08080376282247	0.559022912469829	1.40470951663642	0.869815292472144	1.11415918099831	0.405580706554784	NA	0.549204433789922	1.40424989291789	NA	0.913879652527257	0.918485750630776	0.421583517826054	0.806816196987445	0.908931053612452	0.759682179919066	1.22816954210099	0.683637348024403	1.22472403991063	0.93610133493155	1.53365128557743	0.72332276798223	0.472473976988705	0.428167267388572	0.302040723347098	0.182633058538898	0.284226625613372	0.338213563424703	0.523288835619803	0.250335739306247	NA	0.450278687013157	0.392694443917605	NA
1.18204215687643	1.27317637929871	NA	NA	NA	NA	NA	NA	NA	0.729348316996047	1.06250029956255	NA	1.23679680380438	1.11327052942305	1.30199186870498	1.29435037354165	NA	NA	NA	1.38308531955516	1.14039653831406	1.10903023954539	NA	NA	1.30172109358316	NA	1.50835553620612	1.21255475381957	1.40379365374354	1.49592439033801	1.687096621525	1.6628367761073	1.66727268249714	1.3653555040962	1.44458988225401	1.31812572519933	NA	1.24034941596616	0.876746322585329	NA
0.600424328173206	0.544737799964878	1.04025040998109	0.91296936774292	0.943358984918861	NA	NA	NA	0.850046198799036	NA	1.99194982938901	NA	1.37882429821603	NA	NA	NA	1.54398520340758	NA	NA	1.2819978718021	NA	NA	0.81170880664725	0.847472584381482	2.14159656961065	NA	2.40204634135159	NA	2.21149696211346	2.22098125699824	0.860748817157487	NA	0.467396289810571	0.709215749106128	NA	0.747985508162458	NA	NA	0.426546142496682	0.415261840213706
NA	NA	NA	NA	NA	NA	NA	NA	NA	NA	NA	NA	NA	NA	NA	NA	NA	NA	NA	NA	NA	NA	NA	NA	NA	NA	NA	NA	NA	NA	NA	NA	NA	NA	NA	NA	NA	NA	NA	NA
NA	NA	NA	NA	NA	NA	NA	NA	NA	NA	NA	NA	NA	NA	NA	NA	NA	NA	NA	NA	NA	NA	NA	NA	NA	NA	NA	NA	NA	NA	NA	NA	NA	NA	NA	NA	NA	NA	NA	NA
NA	NA	NA	NA	NA	NA	NA	NA	NA	NA	NA	NA	NA	NA	NA	NA	NA	NA	NA	NA	NA	NA	NA	NA	NA	NA	NA	NA	NA	NA	NA	NA	NA	NA	NA	NA	NA	NA	NA	NA
NA	1.60841406956682	1.43827327122893	1.52358396125961	1.70899013949101	1.28876393394415	1.02530856643248	1.02662306137417	1.88194626372983	1.2255796722434	1.35290258323874	2.06322410685606	1.22637126924981	1.35080814847433	0.939514685436487	1.82455993187177	NA	1.00276276045538	NA	1.93210516945082	1.1298313418452	1.0998018457556	NA	1.82698446745522	2.07044939272524	0.382230631203791	0.396931005811322	0.730009495757003	NA	0.769879654226128	0.70474912804885	NA	NA	NA	NA	NA	NA	NA	NA	NA
NA	NA	NA	NA	NA	NA	1.25794558448451	NA	NA	NA	NA	NA	NA	NA	NA	NA	0.929985220963672	NA	NA	NA	NA	NA	NA	NA	0.823020283014771	1.97010149579344	NA	NA	0.898550139417307	0.912590260092132	NA	1.74934976132398	0.61667940398884	0.294246705740623	NA	NA	NA	NA	0.67344982146342	NA
0.826527084935001	NA	NA	NA	NA	1.20952078865654	1.71395743226546	NA	1.26024748164525	1.23670324911425	1.19666425537476	0.593143807913498	1.05571504862633	1.4320132159521	0.784803269379191	1.07338642484639	0.840783418118628	1.05175267322883	NA	1.2802615916436	NA	0.523783326390799	NA	1.41298504067711	1.03622120585261	NA	NA	1.54669351559279	0.881997506323877	1.57155944122638	1.02649579048302	0.716185091307775	0.612544021530944	1.80050775128453	NA	NA	NA	0.501454047769829	1.92829761155088	1.07840474524895
NA	NA	NA	NA	NA	NA	NA	NA	NA	NA	NA	NA	NA	NA	NA	NA	NA	NA	NA	NA	NA	NA	NA	NA	NA	NA	NA	NA	NA	NA	NA	NA	NA	NA	NA	NA	NA	NA	NA	NA
0.061506275593745	NA	NA	NA	NA	1.059724832494	NA	NA	1.03843465884822	NA	NA	NA	NA	1.59184527741997	0.502903750663352	0.470872298886226	NA	NA	NA	0.606759059232255	NA	NA	0.340221872552048	1.47231630991369	0.996852300137102	1.05478712585871	0.183661681480202	0.31622350548703	NA	NA	0.925904967343683	NA	NA	NA	0.707890595702617	0.553515768404338	NA	NA	NA	NA
NA	NA	NA	NA	NA	1.29458893664598	0.552119959519981	NA	2.47016144661826	NA	NA	1.57030037507174	NA	NA	NA	NA	2.12282739378049	2.36145003122744	NA	NA	0.942944320476366	0.77986874988431	NA	NA	0.78714665887528	NA	0.940033879415065	0.99075268973635	0.971097106221067	NA	0.725775115880798	1.40645344809864	NA	0.559605171393842	1.01369774075681	NA	NA	0.2847901385507	NA	0.981462840187875
NA	1.03540175244707	0.490334650294671	0.78114047230678	0.522924294514055	0.872363357063349	NA	NA	0.940082610131342	1.45881477330031	NA	1.04478991886033	NA	1.22745098902156	0.94087270955736	1.08606702319313	1.20319196574771	1.26266485430076	0.732614664594488	NA	0.837422124166807	1.19773072288261	1.50281626918828	1.5882603682424	0.73043406001562	1.33234500807886	1.14213499740296	NA	1.41537143512143	0.741294386674023	1.83975374602815	1.94451144639556	1.77477632078727	1.64186430546336	NA	2.0435453798501	NA	NA	1.3390924496896	NA
NA	NA	NA	NA	NA	NA	NA	NA	NA	NA	NA	NA	NA	NA	NA	NA	NA	NA	NA	NA	NA	NA	NA	NA	NA	NA	NA	NA	NA	NA	NA	NA	NA	NA	NA	NA	NA	NA	NA	NA
NA	NA	NA	NA	NA	NA	NA	NA	NA	NA	NA	NA	NA	NA	NA	NA	NA	NA	NA	NA	NA	NA	NA	NA	NA	NA	NA	NA	NA	NA	NA	NA	NA	NA	NA	NA	NA	NA	NA	NA
NA	NA	NA	NA	NA	NA	NA	NA	NA	NA	NA	NA	NA	NA	NA	NA	NA	NA	NA	NA	NA	NA	NA	NA	NA	NA	NA	NA	NA	NA	NA	NA	NA	NA	NA	NA	NA	NA	NA	NA
1.10439622901457	1.19038260684659	1.06698798936831	1.79429232107195	0.878287412247247	1.34112468617141	1.00311790824344	NA	1.31814808866767	0.473058402756216	0.899242972980081	1.77847467188878	0.854555320854202	NA	1.14431189719046	NA	0.720646230148285	NA	NA	NA	0.881434981045032	0.732228846191723	0.655128193395545	NA	0.867209595211216	0.920736386767567	1.83959864056802	1.6041869703705	1.24362279853141	NA	NA	0.444902275771337	0.879719315900763	NA	NA	NA	NA	NA	0.377710740466393	0.506362274164663
1.61358521332842	NA	NA	NA	1.65181046508509	NA	NA	1.73405323692441	1.97569616228415	NA	2.0136611089502	NA	2.04838224952848	1.87215209128918	NA	NA	1.97810319511239	1.93916205042361	NA	NA	NA	NA	2.29237869908839	NA	NA	NA	1.80431145339269	NA	NA	NA	NA	1.21481349789132	NA	NA	NA	NA	NA	NA	NA	0.669105394209991
0.859106873745806	0.68941782426263	NA	NA	NA	NA	0.819408404410727	0.372292476464131	NA	NA	NA	NA	0.915797688461292	0.655307896792126	0.44612981488088	NA	0.304799450728621	0.46163453400726	NA	0.260872233974787	0.555850514946452	0.17302169171173	0.652299591147642	NA	NA	NA	0.900840257759822	0.690229096779289	NA	0.51266737343132	NA	0.22823349349439	0.209893245369821	NA	NA	NA	NA	0.273533400792922	0.466530977558962	NA
NA	NA	NA	NA	NA	NA	NA	NA	NA	NA	NA	NA	NA	NA	NA	NA	NA	NA	NA	NA	NA	NA	NA	NA	NA	NA	NA	NA	NA	NA	NA	NA	NA	NA	NA	NA	NA	NA	NA	NA
NA	NA	NA	NA	NA	NA	NA	NA	NA	NA	NA	NA	NA	NA	NA	NA	NA	NA	NA	NA	NA	NA	NA	NA	NA	NA	NA	NA	NA	NA	NA	NA	NA	NA	NA	NA	NA	NA	NA	NA
1.81031432605724	0.763832211626763	NA	NA	0.453550527939165	NA	0.263499893226641	NA	2.01908304326255	NA	0.934300300081862	0.934187743456346	NA	1.08317800862215	NA	NA	0.767347281294845	NA	NA	0.931803410001281	NA	0.571793000938089	0.894986002540769	NA	NA	NA	NA	NA	0.257325142609414	NA	NA	NA	0.751801447730368	NA	NA	NA	NA	NA	0.226620575748805	NA
NA	1.38330850305818	1.63708971934128	NA	NA	1.1178500147302	2.22616055034495	NA	NA	NA	1.92277648563921	1.39458857084458	NA	NA	NA	1.32682393064239	NA	NA	1.07940586949796	1.76754166970934	NA	NA	1.45354407358365	NA	0.841263422755593	NA	NA	NA	1.04359711069754	1.01917775047927	0.871688702924748	1.15367644999449	0.715615408708916	0.956177296894015	1.56009030494186	1.22533039705079	NA	1.21741344605267	1.28749668296395	1.17005071627353
NA	NA	NA	NA	NA	NA	NA	NA	NA	NA	NA	NA	NA	NA	NA	NA	NA	NA	NA	NA	NA	NA	NA	NA	NA	NA	NA	NA	NA	NA	NA	NA	NA	NA	NA	NA	NA	NA	NA	NA
1.44116937362134	NA	NA	NA	NA	NA	NA	NA	1.24125033147401	1.23724449580486	1.3379101217702	NA	NA	1.21539679555029	1.21869445902696	1.23809457742843	1.03551009458905	NA	1.38784564475197	1.29852394088737	0.915887094537877	0.787696302067159	0.403511697564567	NA	1.00636786751425	1.04498504558322	NA	NA	0.853871571125712	0.669418651173421	NA	NA	0.999015341247942	0.758396848174447	NA	NA	NA	0.18314315786712	0.198335555403908	0.179223535473182
NA	NA	NA	NA	NA	NA	NA	NA	NA	NA	NA	NA	NA	NA	NA	NA	NA	NA	NA	NA	NA	NA	NA	NA	NA	NA	NA	NA	NA	NA	NA	NA	NA	NA	NA	NA	NA	NA	NA	NA
NA	NA	NA	NA	NA	NA	NA	NA	NA	NA	NA	NA	NA	NA	NA	NA	NA	NA	NA	NA	NA	NA	NA	NA	NA	NA	NA	NA	NA	NA	NA	NA	NA	NA	NA	NA	NA	NA	NA	NA
1.49994805582091	1.18029847750847	0.64314082291691	0.726773603261244	NA	1.29312022387753	0.657305363768864	NA	NA	0.750848241030047	NA	1.207437278886	NA	0.840396426173804	0.49051498389475	NA	NA	NA	0.401396921098454	0.577327540894958	0.426940922964707	0.155167507996679	0.261838649177235	0.184608981074295	0.248936479660277	1.45415042769228	NA	0.166330848737897	0.628919346035625	0.0910074368284937	0.491785340191504	NA	NA	0.705947271303348	0.735366769385192	0.458447767873731	NA	0.503073041389197	NA	NA
NA	NA	NA	NA	NA	NA	NA	NA	NA	NA	NA	NA	NA	NA	NA	NA	NA	NA	NA	NA	NA	NA	NA	NA	NA	NA	NA	NA	NA	NA	NA	NA	NA	NA	NA	NA	NA	NA	NA	NA
2.00574401804343	0.920989149801121	1.22885119785267	1.47483714620266	NA	NA	NA	NA	NA	NA	NA	NA	NA	NA	NA	NA	NA	NA	NA	NA	NA	NA	NA	NA	NA	NA	NA	NA	NA	NA	NA	2.14102033331518	NA	NA	NA	NA	NA	NA	NA	NA
NA	NA	NA	NA	NA	NA	NA	NA	NA	NA	NA	NA	NA	NA	NA	NA	NA	NA	NA	NA	NA	NA	NA	NA	NA	NA	NA	NA	NA	NA	NA	NA	NA	NA	NA	NA	NA	NA	NA	NA
NA	NA	NA	NA	NA	NA	NA	NA	NA	NA	NA	NA	NA	NA	NA	NA	NA	NA	NA	NA	NA	NA	NA	NA	NA	NA	NA	NA	NA	NA	NA	NA	NA	NA	NA	NA	NA	NA	NA	NA
NA	NA	NA	NA	NA	NA	NA	NA	NA	NA	NA	NA	NA	NA	NA	NA	NA	NA	NA	NA	NA	NA	NA	NA	NA	NA	NA	NA	NA	NA	NA	NA	NA	NA	NA	NA	NA	NA	NA	NA
NA	NA	NA	NA	2.61278750565401	NA	2.75784385889457	NA	2.17300692852957	2.21773346277704	2.58448964338585	2.66367777172953	0.763717616128573	1.25485226804431	3.0008503340942	NA	0.9037546577154	NA	NA	2.26662610836245	2.38813918542264	2.42413762850386	2.2756678836333	2.57279934145366	2.71111728753191	1.44355653730627	NA	2.79409024365433	NA	2.0561758448803	0.294346755293763	1.75624276594538	NA	1.81796985548674	1.85847052083449	0.383615517974545	NA	1.59820147022466	1.91660727778481	NA
1.2862263130964	NA	NA	NA	NA	NA	0.352019717261957	0.318203239770662	0.756120492886544	NA	NA	NA	NA	0.737299120831955	NA	NA	0.504406822723187	0.843470340259841	NA	NA	0.779230712024953	0.975204255666184	NA	NA	NA	NA	NA	0.871346947262316	0.700764713635152	NA	NA	1.21857955288607	1.21425806870714	NA	NA	NA	NA	NA	0.374058983176662	NA
NA	NA	NA	2.94855747376504	1.92941856115169	NA	NA	3.34507584771524	NA	NA	2.60871378834887	2.50125928286178	NA	2.54836206632549	NA	NA	NA	2.97310484207143	NA	3.00326446515077	NA	NA	2.71481955335482	2.35772069832539	2.39633113602091	NA	NA	2.32359754305414	2.36086380715479	NA	2.2472385002089	2.52955049607313	2.3945803992294	2.83330849486149	3.12728963828729	2.98538371585529	NA	2.88409951906438	2.74903688904199	2.45180373893711
0.652676714158809	0.361088930705417	0.549999249104535	0.500182107398763	0.583917759873909	0.972686583144787	NA	0.448350729399605	0.377164617115508	0.892698509784146	0.374011005373529	1.40668790779087	0.334690779860016	0.17432332246367	0.525783141773494	0.21199257928872	0.275669330660536	NA	0.119579735646419	0.320831530575816	0.335006040772222	0.357158342515725	0.962562904745619	NA	0.604786524222221	NA	NA	0.220904719965753	0.557922429386783	0.592873803031064	1.79244806799866	0.821231137112011	NA	0.578749440201947	NA	1.66704247698224	NA	NA	0.197053891487222	0.121282034948554
NA	NA	1.71403226903694	1.62257898908178	NA	NA	NA	0.918912834634968	0.750226541792185	NA	0.990008917937928	NA	NA	1.35588426336455	1.54847079823864	NA	NA	NA	1.26636184264968	NA	0.534373000069322	0.851576044658813	NA	NA	0.583463996776763	NA	NA	0.282828880789703	0.385157841875735	0.385654214571407	0.290012543245961	NA	NA	0.462343675255644	NA	NA	NA	0.338450049319886	0.25281858779558	0.141498768312721
1.26848172686012	NA	1.08209741279753	NA	NA	1.07908504179528	0.871505298016392	1.23503273981192	1.03598791261168	0.669302622906239	0.88534819824922	1.69296760589901	0.77429020009056	0.43384843655215	NA	NA	0.556401368251549	0.635016754923778	1.94178666363673	0.710396321990463	0.34970410573192	0.432872882307517	0.521412651757768	NA	0.384403411729877	0.315104598826945	NA	0.693795772402337	1.21606157140514	NA	1.47016564773368	1.09943782756613	0.429482055212335	NA	0.963640083434203	NA	NA	0.946222437854515	NA	0.729020834711872
0.952427450188679	NA	NA	0.753587100867505	NA	1.16713916814129	1.31253586504319	1.28240475844964	1.39194351645837	1.09783023762005	0.821461940649192	0.779954407151946	0.743858004984675	0.942476737207106	0.957879065206244	NA	NA	NA	0.514413087493698	0.395383846994916	0.439528952193143	NA	0.606304971745136	0.725938430687116	1.07281434592356	NA	NA	NA	1.05080162681847	1.20781568211222	NA	1.19431249303983	NA	0.752952180415617	0.201508033176729	0.270566869773458	NA	0.304762118726246	0.794675691927293	NA
NA	1.86441509917335	NA	NA	1.82578035582841	1.51716638096916	1.49854325218144	NA	NA	NA	1.4815531163862	NA	NA	1.68277226083828	1.79180105326347	NA	1.76366101993919	1.74685078126304	1.52560427460435	1.72968169022076	NA	1.38259373383384	1.29249164594223	NA	NA	NA	0.885497624805521	1.42590666666069	0.945833387910098	1.60296253843454	1.42317749995654	NA	1.04233331434214	1.44920994828393	1.43357763487733	1.51594838761399	NA	1.68363390685823	NA	1.43137725739737
NA	NA	2.28790433827291	0.679333917516076	NA	0.505751798279472	2.28421170444355	1.90341611626104	2.02702979459211	NA	1.39561825927321	1.72230835351921	1.62049395789159	0.724962648586304	1.72112905457457	1.41271392218202	1.5101091221488	0.973167101993237	1.29052662563469	1.14823041295044	0.895760427054375	0.996119977710291	1.43436953941829	2.44582118035566	0.591292780389448	1.73677771263711	1.25767785835028	0.867113381117411	1.3266506596298	1.27515581985738	0.809191724247483	1.11465572708744	0.919075781502916	1.23476225231007	NA	1.34685589364756	NA	0.340292507000014	1.34438079387925	0.481135059780502
NA	NA	NA	NA	NA	NA	NA	NA	NA	NA	NA	NA	NA	NA	NA	NA	NA	NA	NA	NA	NA	NA	NA	NA	NA	NA	NA	NA	NA	NA	NA	NA	NA	NA	NA	NA	NA	NA	NA	NA
NA	NA	NA	NA	NA	NA	NA	NA	NA	NA	NA	NA	NA	NA	NA	NA	NA	NA	NA	NA	NA	NA	NA	NA	NA	NA	NA	NA	NA	NA	NA	NA	NA	NA	NA	NA	NA	NA	NA	NA
NA	NA	NA	NA	NA	NA	NA	NA	NA	NA	NA	NA	NA	NA	NA	NA	NA	NA	NA	NA	NA	NA	NA	NA	NA	NA	NA	NA	NA	NA	NA	NA	NA	NA	NA	NA	NA	NA	NA	NA
NA	NA	NA	NA	NA	NA	NA	NA	NA	NA	NA	NA	NA	NA	NA	NA	NA	NA	NA	NA	NA	NA	NA	NA	NA	NA	NA	NA	NA	NA	NA	NA	NA	NA	NA	NA	NA	NA	NA	NA
NA	NA	NA	NA	NA	NA	1.37472424086684	1.58237326622727	1.7319038640738	NA	1.67738601144018	NA	NA	1.70396402922646	NA	NA	1.62613467476041	NA	NA	NA	0.638857625055782	0.996079186496454	NA	NA	NA	0.408009045234544	NA	NA	NA	NA	NA	NA	0.439197620215828	0.537919087257606	NA	NA	NA	0.3150162166177	NA	NA
NA	NA	0.723711101095894	NA	1.0980612274303	NA	0.940276365994295	NA	0.39203310816832	0.335720144637425	0.893924185514395	0.583880346720041	1.05824811301018	NA	0.53016758279099	1.36444392475824	NA	1.04364698900003	NA	0.615510120861096	0.704052991348595	NA	0.98945262066703	0.765332852867184	NA	NA	0.557314013260528	0.733208921046086	1.13912251136794	0.734523999549793	1.06287688248276	0.292267964692178	0.858627213927816	0.262945236695563	0.341707255710405	0.194636229156719	NA	0.508808779894267	0.852253492405924	0.423497941913823
NA	NA	NA	NA	NA	NA	NA	NA	NA	NA	NA	NA	NA	NA	NA	NA	NA	NA	NA	NA	NA	NA	NA	NA	NA	NA	NA	NA	NA	NA	NA	NA	NA	NA	NA	NA	NA	NA	NA	NA
NA	NA	NA	NA	NA	NA	NA	NA	NA	NA	NA	NA	NA	NA	NA	NA	NA	NA	NA	NA	NA	NA	NA	NA	NA	NA	NA	NA	NA	NA	NA	NA	NA	NA	NA	NA	NA	NA	NA	NA
NA	NA	NA	NA	NA	NA	NA	NA	NA	NA	NA	NA	NA	NA	NA	NA	NA	NA	NA	NA	NA	NA	NA	NA	NA	NA	NA	NA	NA	NA	NA	NA	NA	NA	NA	NA	NA	NA	NA	NA
NA	NA	NA	NA	NA	NA	NA	NA	NA	NA	NA	NA	NA	NA	NA	NA	NA	NA	NA	NA	NA	NA	NA	NA	NA	NA	NA	NA	NA	NA	NA	NA	NA	NA	NA	NA	NA	NA	NA	NA
NA	NA	NA	NA	1.30074330919218	NA	NA	NA	NA	2.11638850331085	NA	1.24938845859405	NA	0.529782871715769	0.943837043988854	NA	NA	NA	NA	NA	NA	NA	NA	NA	NA	NA	NA	1.16064084569129	0.838669641538151	NA	NA	0.417469625640767	NA	NA	NA	NA	NA	0.214418034339576	0.340006155163366	NA
0.732427734792091	1.31222220756028	0.347214280622647	0.65600408165371	NA	0.416792967008299	0.493907222372216	0.217111985603366	0.431319871739642	0.515855618350088	NA	0.596846457836924	NA	NA	NA	0.245433438929937	1.60570041993645	0.353679908865576	1.041329892805	NA	0.74858180716928	0.708303128057302	NA	0.477741518507895	0.28087613211941	0.901262685066383	NA	0.607324471100995	0.467769457145884	0.501869388264587	NA	0.291704849851959	0.703514327141708	NA	0.386021714280995	0.393126668255218	NA	0.303574828227551	0.257045717587662	0.892336449772593
NA	NA	NA	NA	NA	NA	NA	NA	NA	NA	NA	NA	NA	NA	NA	NA	NA	NA	NA	NA	NA	NA	NA	NA	NA	NA	NA	NA	NA	NA	NA	NA	NA	NA	NA	NA	NA	NA	NA	NA
