1.09817298122692	0.840795026518413	1.04451299059169	0.907144322164818	NA	NA	NA	NA	NA	NA	1.29964038046414	1.30138851102066	NA	0.832113239670937	NA	0.644072214748144	NA	NA	0.562311276100366	0.729842630812809	NA	NA	NA	0.441401335154317	0.65699336432471	0.565536933288689	2.18194770636028	NA	0.230724822662916	NA	NA	NA	0.449834907703621	0.498823895051168	0.308811504048269	0.306065227459872	0.318812134552102	NA	0.446728475644859	0.533724893260814
NA	2.07704488427958	1.54074000171029	1.67741523679449	1.54020736986832	1.18854021230097	NA	1.07763557959754	NA	1.42643718741505	1.74960591883392	0.592388652752141	0.759773042443444	0.90952507412426	0.707154355177946	0.849636843802206	NA	NA	2.06155343366954	0.3416142543394	0.978926334171215	0.540948398993651	0.526521137223371	0.702918656777118	0.380782178076244	0.859801068776648	NA	0.197041439943169	0.434214642868053	NA	0.943479241444681	0.645781541191065	1.05768931684791	0.854292041768566	NA	1.08276768863008	0.804686326422515	NA	0.526870520444465	0.629591429456635
NA	NA	NA	NA	NA	NA	NA	NA	NA	NA	NA	NA	NA	NA	NA	NA	NA	NA	NA	NA	NA	NA	NA	NA	NA	NA	NA	NA	NA	NA	NA	NA	NA	NA	NA	NA	NA	NA	NA	NA
NA	NA	NA	NA	NA	NA	NA	NA	NA	NA	NA	NA	NA	NA	NA	NA	NA	NA	NA	NA	NA	NA	NA	NA	NA	NA	NA	NA	NA	NA	NA	NA	NA	NA	NA	NA	NA	NA	NA	NA
1.10568958035756	1.05970647337148	1.15320576345521	0.55016518414832	0.645013717965592	NA	0.212603638700938	0.55763557190915	NA	NA	1.03098164329582	NA	NA	0.826748921828926	0.70136393454728	NA	NA	1.15191405880965	0.925687167188044	0.870063636596369	0.513372700080365	NA	0.890703480135936	0.499316951129793	0.539747312285534	0.346517590283826	0.352524416640031	0.710629390265295	0.537702728927318	0.439427905226901	0.343225493103876	2.20274438449312	0.555042235891014	0.794543038662971	0.541213102789327	NA	0.498747332471176	NA	0.858165606512049	0.378321761414899
2.16641598663804	2.42953250024119	NA	2.24301907284071	NA	2.110726588473	2.00568849115046	1.96221335946994	1.56636965788829	1.63599663959321	NA	1.79387564325988	2.00192527912478	1.62410599390919	1.35417719451389	1.68775215066659	1.54311463027588	1.36285192453032	NA	1.62334535797202	1.59177577946055	1.29501660679646	1.11993162344617	1.26111454831793	1.41688924802632	1.3126943967262	1.15639759270573	1.33757202746533	1.20343686121353	0.9371250441793	NA	NA	NA	NA	NA	NA	0.545812412424657	NA	NA	NA
NA	NA	NA	NA	NA	NA	NA	NA	NA	NA	NA	NA	NA	NA	NA	NA	NA	NA	NA	NA	NA	NA	NA	NA	NA	NA	NA	NA	NA	NA	NA	NA	NA	NA	NA	NA	NA	NA	NA	NA
NA	NA	NA	NA	NA	NA	NA	NA	NA	NA	NA	NA	NA	NA	NA	NA	NA	NA	NA	NA	NA	NA	NA	NA	NA	NA	NA	NA	NA	NA	NA	NA	NA	NA	NA	NA	NA	NA	NA	NA
NA	0.736881162454899	0.857170483095541	NA	0.95295114222255	NA	0.617863741863405	NA	NA	NA	0.931815349523513	0.745190192172172	0.75969803838432	0.717453237242191	NA	1.12138502718792	2.01655160122348	0.739956477979074	NA	NA	NA	0.666983509712207	0.80417014087462	NA	0.595859794118962	0.698563776701648	0.801038808911076	0.724061737102514	1.04966944549971	1.04020647517442	1.14860784868731	0.962163688019961	NA	NA	0.890364955038605	NA	NA	NA	NA	0.783077455002125
NA	NA	NA	NA	NA	NA	NA	NA	NA	NA	NA	NA	NA	NA	NA	NA	NA	NA	NA	NA	NA	NA	NA	NA	NA	NA	NA	NA	NA	NA	NA	NA	NA	NA	NA	NA	NA	NA	NA	NA
NA	NA	NA	NA	NA	NA	NA	NA	NA	NA	NA	NA	NA	NA	NA	NA	NA	NA	NA	NA	NA	NA	NA	NA	NA	NA	NA	NA	NA	NA	NA	NA	NA	NA	NA	NA	NA	NA	NA	NA
NA	NA	NA	NA	NA	NA	NA	NA	NA	NA	NA	NA	NA	NA	NA	NA	NA	NA	NA	NA	NA	NA	NA	NA	NA	NA	NA	NA	NA	NA	NA	NA	NA	NA	NA	NA	NA	NA	NA	NA
1.44590478376747	1.25870920070134	NA	0.785548787153355	1.84688993698104	1.62177647910894	NA	NA	NA	NA	NA	NA	0.644091567478002	NA	NA	NA	NA	NA	NA	1.24656976925782	1.96039675224174	0.939040834056466	NA	0.93687554783828	0.794508276310718	0.530418209275515	NA	2.37610372195278	0.854379881006852	2.2283391521773	NA	0.712167062009459	0.832736968820562	0.228325840295348	0.6160476033703	NA	1.21897124842179	NA	2.0606291328438	1.45437924327389
NA	NA	NA	NA	NA	NA	NA	2.89743413294417	NA	NA	NA	NA	NA	NA	1.21414378973141	0.730400244694751	NA	NA	NA	NA	NA	NA	NA	1.3226111777121	1.30495715470406	0.900378724730576	NA	NA	1.42278602425045	NA	NA	NA	1.24347801019132	NA	NA	NA	NA	NA	NA	NA
NA	NA	NA	NA	NA	NA	NA	NA	NA	NA	NA	NA	NA	NA	NA	NA	NA	NA	NA	NA	NA	NA	NA	NA	NA	NA	NA	NA	NA	NA	NA	NA	NA	NA	NA	NA	NA	NA	NA	NA
NA	NA	NA	NA	NA	NA	NA	NA	NA	NA	NA	NA	NA	NA	NA	NA	NA	NA	NA	NA	NA	NA	NA	NA	NA	NA	NA	NA	NA	NA	NA	NA	NA	NA	NA	NA	NA	NA	NA	NA
2.20801187499863	2.51769638605394	2.38571270600913	1.91124195811055	2.29184167638709	1.6549353469377	NA	NA	1.6770597771878	2.12043737851137	1.9560902085137	1.99652115586679	1.67011803826712	1.02359064624646	2.17431652646659	0.899807625971569	1.50065729804929	1.06604506052294	1.12195892588348	2.11612035609375	NA	1.43967092712929	2.06618829094983	2.54613332862097	1.6566471043854	NA	NA	1.16267541766883	3.06823218063897	0.949765421140881	NA	NA	NA	NA	1.1190032851503	1.08089655584707	NA	NA	1.29658693229769	NA
NA	NA	NA	NA	NA	NA	NA	NA	NA	NA	NA	NA	NA	NA	NA	NA	NA	NA	NA	NA	NA	NA	NA	NA	NA	NA	NA	NA	NA	NA	NA	NA	NA	NA	NA	NA	NA	NA	NA	NA
NA	NA	NA	NA	NA	NA	NA	NA	NA	NA	NA	NA	NA	NA	NA	NA	NA	NA	NA	NA	NA	NA	NA	NA	NA	NA	NA	NA	NA	NA	NA	NA	NA	NA	NA	NA	NA	NA	NA	NA
NA	NA	NA	NA	NA	NA	NA	NA	NA	NA	NA	NA	NA	NA	NA	2.30325533587444	2.02785388865896	NA	NA	NA	2.28434333685874	1.48901846444619	NA	0.852446136489356	1.13294744393246	0.767181793356397	NA	NA	0.742389558079435	0.752185542397311	0.803266901908427	0.901386986404605	0.846375107130074	0.727366166109106	0.55662546383953	0.552958133244777	0.988396684423548	NA	0.335744619300043	NA
NA	NA	NA	NA	NA	NA	NA	NA	NA	NA	NA	NA	NA	NA	NA	NA	NA	NA	NA	NA	NA	NA	NA	NA	NA	NA	NA	NA	NA	NA	NA	NA	NA	NA	NA	NA	NA	NA	NA	NA
NA	NA	0.592364569285047	NA	0.96779879258918	1.29222317935242	1.03860578667401	NA	NA	NA	NA	NA	NA	1.3987848155164	0.921206173198424	1.17218550212195	NA	1.42016263091181	1.35693613154468	0.480793710306341	NA	0.837291034879959	NA	NA	NA	NA	NA	0.987221920358312	NA	0.72336990992868	0.706287743805186	0.599348516203019	0.790413620640997	NA	NA	0.719665697750626	0.383729583977182	NA	0.332293414293656	0.510831759628819
NA	NA	NA	NA	NA	NA	NA	NA	NA	NA	NA	NA	NA	NA	NA	NA	NA	NA	NA	NA	NA	NA	NA	NA	NA	NA	NA	NA	NA	NA	NA	NA	NA	NA	NA	NA	NA	NA	NA	NA
1.17033075755478	1.40407980937724	NA	1.4270141778546	1.49784263204379	1.77536754485459	1.91088248113194	1.69841936236063	3.32407245393495	NA	1.27677964085575	1.50369760281044	NA	1.63196482536507	1.37137984092617	NA	NA	1.23226129687921	1.13077514757454	1.2668701004714	NA	1.59350965556196	NA	1.43532124601535	NA	1.40041150032803	NA	1.19097029335034	1.25562677145391	1.23209019985618	0.548334218677816	NA	0.665941296550293	NA	NA	0.26173919412752	NA	NA	NA	NA
NA	NA	NA	NA	NA	NA	NA	NA	NA	NA	NA	NA	NA	NA	NA	NA	NA	NA	NA	NA	NA	NA	NA	NA	NA	NA	NA	NA	NA	NA	NA	NA	NA	NA	NA	NA	NA	NA	NA	NA
NA	0.943845707881484	0.858845204871037	NA	0.992742731387431	0.522374366640553	0.473012902855004	NA	NA	0.903323557891506	NA	NA	NA	NA	NA	0.627810152314376	NA	1.21898454199833	NA	0.447703876670522	NA	0.48697737791635	0.740101589364923	0.34598986559669	NA	0.780205687609988	NA	0.829761266178382	0.777113013104074	0.264633801103839	0.869574549439903	0.647091373776169	NA	0.195576256959851	NA	NA	NA	NA	NA	NA
NA	NA	NA	NA	NA	NA	NA	NA	NA	NA	NA	NA	NA	NA	NA	NA	NA	NA	NA	NA	NA	NA	NA	NA	NA	NA	NA	NA	NA	NA	NA	NA	NA	NA	NA	NA	NA	NA	NA	NA
NA	NA	NA	NA	NA	NA	NA	NA	NA	NA	NA	NA	NA	NA	NA	NA	NA	NA	NA	NA	NA	NA	NA	NA	NA	NA	NA	NA	NA	NA	NA	NA	NA	NA	NA	NA	NA	NA	NA	NA
NA	NA	NA	NA	NA	NA	NA	NA	NA	NA	NA	NA	NA	NA	NA	NA	NA	NA	NA	NA	NA	NA	NA	NA	NA	NA	NA	NA	NA	NA	NA	NA	NA	NA	NA	NA	NA	NA	NA	NA
NA	0.624253535608936	0.272376851686445	NA	1.05987736811857	0.901827725172121	NA	NA	NA	NA	1.10220937124518	NA	0.922784883625584	NA	NA	1.25270388108497	NA	1.38791252849925	NA	NA	NA	0.781680046942048	1.06208043967513	NA	0.940820737205546	0.93971314328916	NA	NA	NA	NA	NA	NA	NA	NA	NA	NA	NA	NA	NA	NA
NA	0.712944808688912	NA	0.416720477288799	0.266148729735179	0.742775097669978	1.24470520886884	NA	1.04422007494583	0.967250195807738	0.716409378928542	0.817570492299956	0.684326168723909	NA	1.05156022339727	NA	0.621519592350834	NA	0.558615701578903	NA	0.473390746290035	1.12352382558095	0.747548761164964	0.95871864885522	0.617567838003658	0.636011298497766	0.902029323120278	NA	0.179827142529099	0.290823874066219	NA	0.254987146844426	NA	NA	0.585250680906667	0.581660565056543	0.660958807885035	NA	2.22860231942698	2.09742071839427
0.242014296285375	0.287027236909692	NA	0.314055791085608	0.468649733818538	0.730541464502674	1.52254136894931	1.70484450024675	NA	1.88616404398183	1.02073428581912	1.93616728901206	1.83151744971906	0.801110942091837	NA	0.607007400244388	NA	0.208047900847349	0.58989597958829	0.485996720573718	0.964720099590803	0.667662709601507	0.894787938144421	0.536189740627632	0.631276831841132	0.343647875882853	1.87296659793241	0.569764428423639	0.354581289194991	NA	0.746733575428737	0.416365508124811	0.880948488660309	0.327196814009746	NA	0.376822103510703	NA	NA	0.437917040922059	0.355723111707462
NA	NA	NA	NA	NA	NA	NA	NA	NA	NA	NA	NA	NA	NA	NA	NA	NA	NA	NA	NA	NA	NA	NA	NA	NA	NA	NA	NA	NA	NA	NA	NA	NA	NA	NA	NA	NA	NA	NA	NA
NA	NA	NA	NA	NA	NA	NA	NA	NA	NA	NA	NA	NA	NA	NA	NA	NA	NA	NA	NA	NA	NA	NA	NA	NA	NA	NA	NA	NA	NA	NA	NA	NA	NA	NA	NA	NA	NA	NA	NA
NA	NA	0.599522629789396	NA	NA	0.890887377520834	2.02507371057506	0.69678897208829	NA	NA	NA	NA	NA	NA	0.638447218036157	NA	NA	NA	NA	0.653706938204395	NA	NA	NA	0.953998769327104	0.621520811759355	NA	NA	NA	NA	1.09387570185013	NA	NA	NA	NA	NA	NA	NA	NA	0.594854824199384	1.29944252495598
NA	NA	NA	NA	NA	NA	NA	NA	NA	NA	NA	NA	NA	NA	NA	NA	NA	NA	NA	NA	NA	NA	NA	NA	NA	NA	NA	NA	NA	NA	NA	NA	NA	NA	NA	NA	NA	NA	NA	NA
NA	NA	NA	0.399792642203795	0.590972686295264	0.80699975479418	NA	0.895055276100615	0.665522044850816	0.71249499524769	NA	1.28317014605422	1.4931639122543	NA	NA	0.704917809833076	NA	NA	NA	0.95703076755374	NA	NA	1.30786669588756	0.82014177583014	0.937217497467061	1.12084349022524	1.13154563318166	NA	NA	NA	NA	NA	NA	1.78690014673861	0.512990295266019	NA	0.387416477133751	NA	NA	0.997894825556828
NA	NA	NA	NA	NA	NA	NA	NA	NA	NA	NA	NA	NA	NA	NA	NA	NA	NA	NA	NA	NA	NA	NA	NA	NA	NA	NA	NA	NA	NA	NA	NA	NA	NA	NA	NA	NA	NA	NA	NA
NA	NA	NA	NA	NA	NA	NA	NA	NA	NA	NA	NA	NA	NA	NA	NA	NA	NA	NA	NA	NA	NA	NA	NA	NA	NA	NA	NA	NA	NA	NA	NA	NA	NA	NA	NA	NA	NA	NA	NA
1.35977721445714	1.16890130068754	1.16131682259683	1.3253747301378	1.0673356416537	NA	1.35073882351599	1.20065289110239	1.67075997791453	NA	1.16437644900507	1.293417862222	1.00155598143765	1.09622437008748	0.750874669065708	0.954506134756489	1.08337454416694	1.31880261172972	0.89738810076068	0.622152160623834	0.94530793824369	0.606197317290596	0.515573503484821	0.872065806752139	0.551695638858321	0.564462604505457	0.630536753952218	0.30402037864216	0.625667963494483	0.737654215267922	NA	0.566170895285671	1.01031021754582	0.313783261367517	0.680557454439115	0.577526759074792	0.367388856752769	NA	1.13120852733177	0.355519434191104
1.87342082377467	1.43574470508421	1.65229914030067	1.70442469427193	1.31876911199787	1.35608714013464	1.89971031821985	1.35753142605272	1.71318827395284	1.66601460197317	1.21211437498591	1.34126702516103	2.14979521523088	1.07962260253384	1.68818021893796	1.05061160784937	1.75754979199159	1.67505150974306	1.51162334415675	1.38070343250854	0.677170271929039	1.38298144142822	1.34635077560751	1.20977519368513	1.29464941274303	NA	0.673507336531961	0.987087943313864	NA	1.05821942486564	0.898227866948718	0.63530017988012	0.734248676493492	NA	0.6617494193587	1.2373427341737	0.612823551087528	NA	1.37801744742714	1.33591572016506
0.819751946890704	NA	NA	0.895024689314971	NA	NA	NA	0.979226416986323	NA	0.593797756039598	0.646348157595281	0.786500830821522	NA	NA	NA	NA	NA	0.785179955871511	NA	NA	0.686032145769675	NA	0.992089676535868	1.39743046084469	1.17849794528476	NA	0.774267787298447	0.284108407775095	0.631394302663477	0.179069627534259	NA	0.528567483373226	0.29783276949337	NA	NA	NA	NA	NA	0.250631438270069	0.429843484947646
1.6100617661155	0.984044024718632	1.11893018168211	1.40795486105359	1.46525812037039	1.23239470716307	1.16233142595531	1.91181742358394	NA	NA	1.30169596681978	1.30687582262415	1.47755967052717	1.63935692744048	1.25125487786929	1.67094292988282	NA	2.16499613034032	1.09926229275369	1.14336023903055	1.16479488637812	1.2955948227026	1.16501675327423	1.10389497562886	1.05800819976927	1.57302281670712	NA	0.61952940827232	0.491461023592997	NA	0.992268490579426	0.690535253946822	1.5858897667317	1.18060774248162	0.758238627944646	0.52493606305161	1.06216211020687	NA	0.986366431713059	2.34790412643471
0.341872246480487	0.243060240307553	NA	0.528471296467154	0.359844111064724	0.160225289369376	0.673004540835165	0.75777165026617	NA	NA	NA	NA	0.38619455350638	0.59303759576128	0.480860395353441	0.582456979456792	NA	0.6960686425947	0.47101503255391	0.375679812648475	NA	0.249937350454218	0.327137840839022	NA	0.493162729768274	0.561807368905033	0.692320847643953	0.629617945633424	0.836820156026986	NA	0.81191970566492	1.11103907488509	0.871516077742184	0.582347392181842	NA	0.710168129294814	1.59216866589751	NA	NA	0.546033488557844
0.563563840956023	0.897339284098483	1.37616606466482	1.31980049605905	NA	0.898558295068952	1.14873918416634	1.30119851926705	1.14883435808054	1.44913706793963	NA	0.740181555955084	1.01112441358335	0.713273631220198	0.945696276557158	1.55368989144747	1.06704986105336	1.04554224525021	1.20276465716131	0.44023211142576	NA	0.315426682109519	0.973566841196082	0.470429671206	0.777199152594657	1.20777557797748	0.630671680048828	1.15592598305468	NA	0.902755682317204	0.879211742721113	1.00350782486948	1.04883109222049	0.342051196002964	0.966402295994956	1.43048323268382	0.674505482540572	NA	0.373845742956271	0.552158555556744
0.622035754354563	NA	0.764994900823422	NA	0.0898804258751913	NA	2.31618976525721	0.987576800013672	NA	2.33498727399651	0.942353287242386	0.732039625615154	1.2742518266878	NA	NA	0.56715839734453	NA	0.521226046313328	NA	0.462176472665246	NA	0.562230907065194	0.96034277447639	NA	0.670555084002592	2.37493648070474	0.181640914332259	NA	NA	0.467749950649543	NA	0.755217169652681	NA	NA	0.666790965158845	NA	NA	NA	0.391638381963424	0.877354472190241
NA	NA	NA	NA	NA	NA	NA	NA	NA	NA	NA	NA	NA	NA	NA	NA	NA	NA	NA	NA	NA	NA	NA	NA	NA	NA	NA	NA	NA	NA	NA	NA	NA	NA	NA	NA	NA	NA	NA	NA
NA	NA	2.39385784466142	2.93565734698661	0.644400106354206	2.41964584984275	3.01524483334896	NA	NA	NA	0.840585406784121	NA	NA	NA	NA	NA	NA	2.65940072966255	0.663382006261233	0.800467648229019	NA	NA	0.808412702340617	1.17200191268147	NA	NA	NA	0.788133088500446	1.58270644433004	NA	NA	0.294124510540417	0.585813801424785	NA	1.36245518584002	NA	NA	NA	NA	NA
NA	NA	NA	2.46376667301184	NA	NA	2.37648193734425	0.440933380021567	NA	NA	NA	2.6111078317613	NA	NA	2.49924081015714	NA	2.11464718739153	2.24665880325562	1.66247224466627	NA	NA	NA	1.81805818800889	2.27279523106331	1.76749172938574	NA	NA	NA	NA	2.16046058509728	NA	2.26519044536195	NA	NA	1.84323248571831	1.85932788961465	1.84264016432948	NA	NA	1.78345899875272
0.361370322424951	NA	NA	0.28975410900512	0.323495176986074	NA	NA	NA	NA	NA	1.78852108725532	NA	NA	0.784841451181013	0.882895107573833	0.51869858332344	0.707310125785362	1.27769680187839	0.834612671059824	1.08569959793214	0.603710251408795	NA	0.75398508638055	0.579652970497205	0.647647573387109	0.858946715774568	NA	1.33799158932475	0.875614993835463	1.38639912801764	NA	0.699783309871584	0.686392504861957	1.24956182026104	1.11460631226907	1.47821909600461	1.55354226489138	NA	0.630937486827862	0.411403317265599
NA	NA	NA	NA	NA	NA	NA	NA	NA	NA	NA	NA	NA	NA	NA	NA	NA	NA	NA	NA	NA	NA	NA	NA	NA	NA	NA	NA	NA	NA	NA	NA	NA	NA	NA	NA	NA	NA	NA	NA
0.843266239944949	NA	NA	1.23281130979634	1.75891804384239	NA	NA	NA	NA	NA	NA	0.341050171058333	0.670192860469317	1.16496477703774	NA	1.45580938839694	NA	NA	0.381318987553803	NA	1.47532195714538	NA	0.726480311350292	0.553601177607496	NA	NA	NA	1.07040584357288	0.421657316142089	0.758487966222732	NA	NA	0.94820280441616	0.502518761904386	NA	1.5684455311406	0.388666989919828	NA	0.227069420784859	1.20346187881832
0.460924228214821	1.8303840922403	0.345576338774455	0.518211703340885	0.962148507686264	0.790226713451399	NA	0.741898924167897	NA	1.41686206756951	NA	1.2342306861505	1.44439385688444	2.05989407449192	1.38770187733342	NA	NA	NA	NA	NA	NA	NA	0.544865039390357	0.459870681578046	0.248284856272185	NA	NA	NA	NA	0.983816989182707	NA	1.64513364639711	NA	NA	NA	NA	NA	NA	NA	0.427496094911298
NA	NA	NA	NA	NA	NA	NA	NA	NA	NA	NA	NA	NA	NA	NA	NA	NA	NA	NA	NA	NA	NA	NA	NA	NA	NA	NA	NA	NA	NA	NA	NA	NA	NA	NA	NA	NA	NA	NA	NA
0.571704822044133	0.821030459616935	0.61869063342997	0.635071280659919	0.825203590787841	NA	1.02475704287852	1.42508522692136	0.785975914131086	1.42026989628887	NA	1.74335901377928	1.2148062203455	1.46385387803149	0.80833019299626	0.596198702488364	0.345115855160388	0.303432779975477	0.520773743430136	0.409267773357408	0.33867923047604	0.489497380811616	0.434347591132705	NA	0.367690223716124	0.506689890438389	0.696801685045937	0.920088284776304	0.548613843813885	NA	0.903993260098746	0.51978437061796	0.442902003336681	0.141591114516621	0.377344453157805	0.585709521497007	0.395897675283844	NA	NA	0.726433980863068
0.533562375315874	0.714691389699714	0.823804847360593	0.613723882529143	0.498929871754695	0.230589674246961	0.43490717437262	0.699749016307347	NA	0.669425799226197	1.11775118697015	0.814524730794245	0.365463184843445	0.679109049393057	0.911733582062268	1.16249160286503	NA	0.804810907636372	0.68251440578818	NA	1.45862550824573	NA	0.616390787037659	NA	0.427477826416332	NA	0.726760013460468	1.13455367628998	0.871663879970182	1.03417722987057	0.992133162772635	0.568545730753455	0.981705343165459	1.05961128296381	0.94544764366567	0.900775355769281	0.70190617119486	NA	NA	0.909653390768665
NA	NA	NA	NA	0.405138612930457	NA	0.356157172901967	NA	0.384307907151259	NA	0.553337922728887	NA	1.14180183499506	0.778349111814528	NA	0.441379745550542	NA	NA	0.55759934154926	NA	NA	0.656251558946202	0.520419919089122	NA	NA	0.458444051686714	0.462266181772449	0.398081203098589	0.461053322012219	0.724504758319253	0.793364946122158	0.402554216667812	0.205517544034299	0.145583473017176	NA	0.475974080631186	0.333849273840717	NA	0.305142202515577	0.722656570828535
NA	NA	NA	NA	NA	NA	NA	NA	NA	NA	NA	NA	NA	NA	NA	NA	NA	NA	NA	NA	NA	NA	NA	NA	NA	NA	NA	NA	NA	NA	NA	NA	NA	NA	NA	NA	NA	NA	NA	NA
NA	NA	NA	NA	NA	NA	NA	NA	NA	NA	NA	NA	NA	NA	NA	NA	NA	NA	NA	NA	NA	NA	NA	NA	NA	NA	NA	NA	NA	NA	NA	NA	NA	NA	NA	NA	NA	NA	NA	NA
NA	NA	NA	NA	NA	NA	NA	NA	NA	NA	NA	NA	NA	NA	NA	NA	NA	NA	NA	NA	NA	NA	NA	NA	NA	NA	NA	NA	NA	NA	NA	NA	NA	NA	NA	NA	NA	NA	NA	NA
2.14609248432979	1.98552642040121	1.87353248984758	2.04507605973498	2.15984720572065	1.74647199205963	1.45643759592442	NA	1.9716073234251	1.4693436688213	1.56148369807707	0.913525809319205	NA	0.835219567502209	1.15872083392469	1.39985216424484	NA	NA	1.62334600492506	2.29358522607737	NA	2.77893718043268	3.3225005299392	1.66731166999165	NA	1.83904652597003	NA	1.29268594689512	1.55482752247921	NA	1.82160656066286	2.34143716806947	NA	2.16251312241375	1.85628880897074	1.71027294998287	1.708267884043	NA	2.23271496187539	1.69797509149641
1.24417559079777	NA	NA	1.07501710555255	0.476471185725689	0.451552522948149	0.539303731013246	0.546230120780856	NA	NA	0.614000724080526	0.869357105839909	0.628585221645107	0.608833057349605	0.957018129646097	0.328232051562832	NA	NA	0.252130060181446	0.844496620988524	1.43097748707717	0.321397073601967	NA	0.599551055968182	0.455723307403618	NA	NA	0.688572556177501	0.933304931669012	1.52603313269562	0.519804791137912	0.200157821126035	0.335629583151934	NA	1.77711161532687	0.526818883776766	0.571284103719932	NA	NA	0.396993891604748
NA	NA	1.56754891315381	1.31348365494103	NA	1.0510378429818	NA	1.69304052780857	NA	2.36361397094552	NA	1.42263095562052	1.46456543137082	0.871015555821317	0.439337549299447	0.328299397769806	1.70511742382128	0.836478538511956	0.926948542549484	1.2072185346544	NA	1.43236944979181	1.34829315696678	1.47084528309834	1.191985030265	1.29479489749711	0.863207245797507	1.37388016240752	0.300300909902422	NA	0.548733751037314	0.223356497150812	NA	0.110029339049469	NA	0.469710005644656	0.206125997517366	NA	NA	0.23721694852776
1.29208654318728	1.08077404610494	0.953435744130858	1.23679525031854	1.19781266943977	1.43191443949281	1.25743769697004	NA	NA	0.893619946336931	0.992813507573911	1.01924612633253	NA	0.688297954930058	0.792734811754151	1.0064043722444	1.41187815013051	0.801964517011955	0.901548203193903	1.1176629919546	1.3841477370238	1.00695133374433	0.724091910650048	NA	0.427404337839536	0.024367909031426	0.378938482719954	NA	NA	0.726922416382019	0.389334409749377	0.206408161058695	NA	NA	NA	0.719206435802668	0.422129320808565	NA	0.374965749582088	NA
NA	NA	NA	1.6410592393586	1.17254529372403	NA	NA	NA	NA	NA	NA	NA	1.52184537374361	NA	NA	NA	NA	NA	NA	NA	NA	NA	NA	0.69304363121607	NA	1.27153236298691	NA	NA	NA	NA	NA	1.87725123442949	1.42205626483348	0.915348197532411	1.60500045418401	1.51421494264426	0.8853635966493	NA	NA	0.81468751853676
NA	NA	1.09188248252207	0.949929582824765	NA	NA	NA	NA	NA	NA	NA	1.19080188610121	1.44005343199613	1.53200454613608	NA	NA	NA	1.68688010907606	NA	NA	NA	1.01007638464817	1.0211976193119	NA	NA	0.727294934502822	1.73475121441603	NA	NA	0.601385132865185	NA	NA	1.14910816460306	NA	0.21000487206584	1.10164806227409	NA	NA	NA	NA
NA	1.40419565458063	1.5530420189605	1.40118662362462	1.44167647624823	0.756390383572604	1.8587387441429	NA	1.74323559711078	NA	NA	NA	NA	1.63375630428764	1.5332089862015	1.60833927560051	1.79388655660837	NA	0.812520992942926	NA	NA	0.712064746956045	0.570972700627846	1.39459027234464	NA	NA	0.733027078846757	NA	0.256386795797931	0.300254049842948	0.770927051451349	0.462565599690557	0.614120609621038	NA	NA	1.13442045399481	NA	NA	NA	NA
1.94348579064547	2.14845013937191	1.58707896620184	1.46432144159438	NA	1.62424301149478	1.56039447160806	NA	NA	NA	3.4303722843876	NA	2.73388932867992	2.39817698287578	NA	NA	NA	2.19144313924171	NA	NA	NA	NA	1.73797830882829	1.4260351754267	2.04250642882374	1.60841188242958	1.9690130922514	1.49080235529599	1.61971065804652	1.99224415824344	1.59293257660461	1.88258143055945	2.14889406082926	0.945630719000581	NA	NA	NA	NA	1.64829124232213	2.38666834344939
NA	NA	NA	NA	NA	NA	NA	NA	NA	NA	NA	NA	NA	NA	NA	NA	NA	NA	NA	NA	NA	NA	NA	NA	NA	NA	NA	NA	NA	NA	NA	NA	NA	NA	NA	NA	NA	NA	NA	NA
NA	0.758417255081843	0.456482881624401	0.418177210726243	0.728990077087211	1.65730434175405	1.54095715669849	1.73358828354141	NA	1.76015003564729	1.22256312727665	1.60140684961238	1.51090072348978	0.646421913479925	0.647644438536289	0.434405264417917	1.15424368083074	0.501642905125046	0.438719655292997	1.20120590387482	0.667309687707354	0.96904416811752	1.15793070356134	1.43087342198482	0.611234045316084	1.79544119101616	1.55537445447673	0.731852699218436	0.855756058471024	1.65056885632006	0.940224400723853	0.581841059545434	0.778336637508016	0.837717438524573	0.807123853598073	1.18313796182164	0.5439393291139	NA	0.283926135790317	0.352023831005631
0.487701198496114	0.80739281232448	0.224279971511932	0.368295779517347	0.423426786430628	0.0730378967369331	0.391908323129551	0.197002599738526	1.00031726424153	0.250678776614468	0.46788264614489	0.815682558297862	0.701447013412772	0.46414315025739	0.772336778659429	0.532634341414569	NA	0.737197010212999	1.03157615548926	0.588393309794108	NA	1.0521090117256	1.43830530745788	1.03164192080913	1.6690964716344	0.981145201096615	1.19129580526569	0.583332086055414	NA	0.816733592736168	0.84526000335083	0.791268939675768	0.533232881755964	0.370786379275425	NA	1.25488166778958	1.20316236137113	NA	1.13298448855649	0.695134124067098
NA	NA	NA	NA	NA	NA	NA	NA	NA	NA	NA	NA	NA	NA	NA	NA	NA	NA	NA	NA	NA	NA	NA	NA	NA	NA	NA	NA	NA	NA	NA	NA	NA	NA	NA	NA	NA	NA	NA	NA
0.737694814940797	0.876981838697722	0.573771288035222	0.400684072436071	0.656240465529213	1.63888039680299	1.37721841431409	1.54234658093552	NA	1.48361354968204	1.02709298063675	1.30329597424227	1.07198818483125	0.663675601371294	0.747154324887935	0.470944352159675	NA	0.250161184788284	0.628294825764963	1.69276106910456	0.323183700789655	0.927230751861481	0.814970692172001	1.12365291995703	0.693296273780613	1.5689142708114	1.58936953714867	1.80555355232262	0.621620145872943	NA	1.61376544914631	NA	0.930187077310487	NA	0.759120631658882	1.1851457847956	NA	NA	0.218178263330599	NA
NA	NA	NA	NA	NA	NA	NA	NA	NA	NA	NA	NA	NA	NA	NA	NA	NA	NA	NA	NA	NA	NA	NA	NA	NA	NA	NA	NA	NA	NA	NA	NA	NA	NA	NA	NA	NA	NA	NA	NA
NA	NA	NA	NA	NA	NA	NA	NA	NA	NA	NA	NA	NA	NA	NA	NA	NA	NA	NA	NA	NA	NA	NA	NA	NA	NA	NA	NA	NA	NA	NA	NA	NA	NA	NA	NA	NA	NA	NA	NA
NA	NA	NA	NA	NA	NA	NA	NA	NA	NA	NA	NA	NA	NA	NA	NA	NA	NA	NA	NA	NA	NA	NA	NA	NA	NA	NA	NA	NA	NA	NA	NA	NA	NA	NA	NA	NA	NA	NA	NA
1.02847521142961	0.414192753913509	0.325451934207332	0.716714491539364	0.514136038882529	0.503271133718233	0.576976040670507	NA	NA	0.241147154123849	0.918958058009493	0.771891100756337	1.10469213639872	0.47079807974918	0.80957068943078	1.42088004519314	1.09087557481947	1.07575306404846	0.870027693428124	1.36428504682075	NA	1.27173589503778	0.737130039390632	1.21716242469997	1.35821109709162	1.13539066432211	0.752939267055988	1.41382532154096	1.7032107255981	1.05064743859691	1.279496679392	0.741036188312466	0.656515113026397	1.15340838643987	0.839583433979612	0.580672079164345	0.245620083045599	NA	0.47465322192934	NA
NA	NA	NA	NA	NA	NA	NA	NA	NA	NA	NA	NA	NA	NA	NA	NA	NA	NA	NA	NA	NA	NA	NA	NA	NA	NA	NA	NA	NA	NA	NA	NA	NA	NA	NA	NA	NA	NA	NA	NA
1.63569675526546	NA	NA	NA	NA	1.68557073081343	0.997868885370137	0.961446076556126	1.18930028440271	NA	NA	NA	NA	NA	NA	0.751092341876302	NA	NA	NA	0.917598241254255	1.21020034497192	NA	1.17873845602072	1.16588411187308	0.75401295719777	1.36538025468702	1.61657452763147	0.793217369112993	NA	NA	NA	NA	1.65946607875499	1.18570750694971	NA	NA	0.808526430603902	NA	NA	1.05899486609739
NA	NA	1.37032121165126	NA	0.427953689861584	NA	NA	NA	NA	NA	NA	1.01636237382415	NA	0.843001889716754	NA	0.939295947379477	NA	2.78675270510827	NA	NA	NA	NA	1.47051373167767	NA	NA	1.26710406870521	NA	NA	NA	NA	NA	NA	0.643293089084758	NA	NA	NA	NA	NA	0.400479320581962	NA
NA	1.18420753663122	1.35016181088152	1.48716878214439	1.70872941892863	1.199696923394	0.908016084912005	1.0061667658803	NA	NA	NA	1.07655453627671	0.737092454907284	0.755777465665683	0.83880042840835	0.954995551003595	0.660162218185999	NA	0.981949120137079	1.2233155805246	NA	NA	1.26446391593417	0.883574775260723	1.27331036158145	NA	NA	0.989080622005482	1.15679975204588	1.31846434144948	0.76337122645004	0.901400388229105	0.921970676196412	NA	0.636574215612995	NA	0.572644872712411	NA	NA	0.989151868930263
NA	NA	NA	NA	NA	NA	NA	NA	NA	NA	NA	NA	NA	NA	NA	NA	NA	NA	NA	NA	NA	NA	NA	NA	NA	NA	NA	NA	NA	NA	NA	NA	NA	NA	NA	NA	NA	NA	NA	NA
NA	NA	NA	NA	NA	NA	NA	NA	NA	NA	NA	NA	NA	NA	NA	NA	NA	NA	NA	NA	NA	NA	NA	NA	NA	NA	NA	NA	NA	NA	NA	NA	NA	NA	NA	NA	NA	NA	NA	NA
0.750649643856314	1.13765180585014	2.41325872603089	1.12888077234807	1.28878753251746	0.653966880561643	NA	0.742183679686037	1.20463316134868	NA	NA	NA	1.16582903068752	0.87380726054295	NA	1.01062529667728	0.761022862224424	0.733095189152044	0.836639670168723	0.629462692592048	1.70700837673886	0.835381478390506	0.597434044279963	0.910083854540801	0.92889906095393	0.933215252354674	1.38041704117751	1.04015571900089	1.2644781564465	1.85691837518148	1.63553826966574	0.820548978520433	0.875178633880301	0.347971137756419	0.412984158309633	1.40006688262604	0.328969583382552	NA	0.258354156725746	0.60695339848821
NA	NA	NA	NA	2.69190266678153	NA	NA	NA	NA	NA	NA	NA	NA	NA	NA	NA	NA	NA	NA	NA	NA	0.794130005872201	0.925425029504282	1.71339532657313	0.675281498417891	NA	NA	NA	0.925632589552095	2.62729877818149	NA	3.26592020511956	NA	NA	0.312098503500516	NA	0.669742895442162	NA	0.604626750686589	0.403696652757256
NA	NA	NA	NA	NA	NA	0.802848633143343	NA	NA	NA	NA	NA	NA	NA	NA	NA	1.0870120576664	1.13600970397696	1.00570537682566	1.0638518856417	2.88729190565682	NA	NA	0.97614403072786	NA	NA	NA	NA	1.55738610962361	0.35888949228487	NA	1.27955902127057	0.831510423523135	1.16264028245525	1.00242084351181	1.38694385989477	0.855709540822485	NA	1.23833330464979	0.762415563091719
NA	NA	NA	NA	NA	NA	NA	NA	NA	NA	NA	NA	NA	NA	NA	NA	NA	NA	NA	NA	NA	NA	NA	NA	NA	NA	NA	NA	NA	NA	NA	NA	NA	NA	NA	NA	NA	NA	NA	NA
NA	NA	NA	NA	NA	NA	NA	NA	NA	NA	NA	NA	NA	NA	NA	NA	NA	NA	NA	NA	NA	NA	NA	NA	NA	NA	NA	NA	NA	NA	NA	NA	NA	NA	NA	NA	NA	NA	NA	NA
NA	NA	NA	NA	NA	NA	NA	NA	NA	NA	NA	NA	NA	NA	NA	NA	NA	NA	NA	NA	NA	NA	NA	NA	NA	NA	NA	NA	NA	NA	NA	NA	NA	NA	NA	NA	NA	NA	NA	NA
NA	NA	NA	NA	NA	NA	NA	NA	NA	NA	NA	NA	NA	NA	NA	NA	NA	NA	NA	NA	NA	NA	NA	NA	NA	NA	NA	NA	NA	NA	NA	NA	NA	NA	NA	NA	NA	NA	NA	NA
0.895488161479778	0.622009855029206	0.423817300130853	0.900084448432703	1.09720878787776	0.814086710873692	1.21781076113954	1.21220380744038	NA	NA	NA	1.57934799544133	NA	0.8235968702564	0.501836577141529	NA	0.744000693690393	NA	0.925892551526268	0.400613994872947	0.886102014838786	NA	0.971190101398144	0.683984649628359	1.15870546070907	0.850577730720913	NA	0.964664284663532	0.883648119253499	0.627012868756286	0.4215962629039	0.32934333898963	0.943050239132769	0.656817999461172	0.760495588532123	0.463892173992313	NA	NA	0.35921959521442	0.220154056365179
NA	0.706831506274261	0.950439259314386	0.978775751349152	1.03419577628147	NA	NA	1.06138382255771	NA	NA	1.1728657916128	0.893818180668784	0.640363751245538	NA	NA	NA	NA	NA	NA	NA	NA	0.321342235338005	NA	NA	0.78586181142731	NA	NA	NA	0.488551469775682	NA	NA	0.492664610763232	0.553212161363172	0.901303352386307	1.02227087588738	NA	NA	NA	0.672204071817427	0.680428584733692
NA	NA	2.11530206352166	0.876203597992819	0.196455224271979	NA	1.2388083108184	NA	0.207604946569989	0.960020814739355	0.43570693735288	0.311282644518946	NA	0.91679032559427	NA	1.06506029777518	NA	NA	1.45781840303294	0.691594411969011	NA	0.938259345032938	0.656282788026158	NA	0.915650189849259	0.308876102398135	0.911627883194145	0.369234239465243	0.446143748875227	0.724268387809226	NA	NA	0.871711776645368	0.505179323087023	0.228251871894347	NA	0.0690340215520041	NA	NA	1.4643029743237
NA	NA	NA	NA	NA	NA	NA	NA	NA	NA	NA	NA	NA	NA	NA	NA	NA	NA	NA	NA	NA	NA	NA	NA	NA	NA	NA	NA	NA	NA	NA	NA	NA	NA	NA	NA	NA	NA	NA	NA
1.13526470646523	0.799763230897082	0.945377775407874	1.5070999506287	1.04882886278057	0.558249853049418	NA	0.568497690254344	NA	NA	NA	0.668640397025324	0.213463381142924	0.449262023785749	0.59850047748863	0.492423904225951	NA	0.910108465092658	0.926456511815119	1.61114145776487	NA	NA	NA	NA	0.503078082113976	0.659445845885824	NA	0.633836601680568	NA	0.31370479801132	0.494035967976873	0.595567198554614	0.781060452055152	0.48451430846335	NA	0.45658437472148	1.31722040859203	NA	0.587950481347328	0.276179697173437
NA	NA	NA	NA	NA	NA	NA	NA	NA	NA	NA	NA	NA	NA	NA	NA	NA	NA	NA	NA	NA	NA	NA	NA	NA	NA	NA	NA	NA	NA	NA	NA	NA	NA	NA	NA	NA	NA	NA	NA
1.59021093731572	0.589538386299164	0.924842814845336	0.825307673670482	0.841616797456282	0.161630706101565	NA	NA	1.13448768083794	1.27678361057699	0.870650087523744	0.686041690994199	0.604849505795397	0.628199016097853	NA	NA	0.250791480404548	0.3092040021621	0.438297015490308	NA	NA	0.818271253940156	0.53126060094528	0.526042666350938	0.624529225478691	NA	NA	NA	1.01922834101266	0.771987935499309	0.642802090595362	0.724515109713598	0.990305140658035	0.913399265873149	0.677079660487334	NA	0.33766281498023	NA	NA	1.68449112490925
1.60220786300707	1.6451231848308	1.78781730927321	1.69702924166258	2.00206560366797	1.98757026991157	NA	1.99578947659931	NA	NA	2.13002770155799	2.21080692531622	1.46560157854121	1.75260223484258	1.66360796892331	1.68604403104402	NA	2.172453660034	1.78620925470051	1.94019672397925	1.43616430067156	1.75989906110541	1.81823074112894	2.14604137129308	1.32775740283677	1.93443765869634	0.501750099746346	1.93490204931771	1.5689818341925	2.343040831549	2.47656839271242	1.58984400972313	3.12167313420606	0.291428824754906	2.10102302828719	0.472856496656023	2.39471841458385	NA	2.26920220531794	NA
1.90368832072448	1.86456003386729	2.75973338968481	NA	2.29125106714441	2.64635707127844	NA	2.62219966324869	NA	NA	2.21897590482487	2.42853611244953	1.07070937045668	2.2735279497219	1.80475385378908	1.70608690434018	NA	2.05250794427314	1.9776699000838	2.0060350688326	1.79636847909386	1.51835623362835	2.24120335435553	NA	2.0270308686404	1.90913191368109	NA	2.20612611002734	1.79833387985443	1.97888260489883	2.1956926391988	2.37531180602388	2.14606988468685	2.48573891141203	2.45526448131527	2.08035032582738	2.18445101578428	NA	1.84577583672353	1.60726235817024
NA	NA	NA	NA	NA	NA	NA	NA	NA	NA	NA	NA	1.14863064756034	NA	NA	0.546440110944876	NA	NA	NA	0.575528122361803	NA	0.0923015656600566	NA	0.357245444388685	0.36449601297995	0.153677604161431	NA	0.450309271905194	0.643878116740682	0.388810823198704	0.60491594595422	0.410072468325591	NA	NA	NA	NA	NA	NA	1.35757370883335	NA
NA	NA	NA	NA	NA	NA	NA	NA	NA	NA	NA	NA	NA	NA	NA	NA	NA	NA	NA	NA	NA	NA	NA	NA	NA	NA	NA	NA	NA	NA	NA	NA	NA	NA	NA	NA	NA	NA	NA	NA
NA	NA	NA	NA	NA	NA	NA	NA	NA	NA	NA	NA	NA	NA	NA	NA	NA	NA	NA	NA	NA	NA	NA	NA	NA	NA	NA	NA	NA	NA	NA	NA	NA	NA	NA	NA	NA	NA	NA	NA
1.20367264798659	1.51757259759573	1.13470054275461	1.71838079188585	1.96222558153147	1.66090506372867	1.79325574135338	1.73301713835336	NA	2.09959082086046	1.5938435195305	1.68713170828373	1.56125114301668	1.37514791934837	NA	1.5744504110238	NA	NA	0.985157806880638	NA	NA	0.967171765497168	1.02406946282301	1.16811599543326	1.04007199201735	1.23811638146347	1.22785870502894	NA	1.31879199885091	NA	NA	NA	1.42811967396575	NA	NA	NA	NA	NA	NA	NA
1.43896429987455	1.36863469521927	0.79934742047877	0.761058535814424	0.167090202613476	NA	NA	NA	0.846001401103984	NA	NA	0.546432409835812	NA	1.14046150402668	0.751100815262788	0.899584412168847	NA	1.06567034080289	NA	NA	2.94766197986199	1.00132061126821	0.99701628027275	0.806354369314915	0.453583135597465	0.995933481083035	NA	0.946740701782189	0.869247883561175	1.04377386049558	0.839497436340956	0.513023940338207	0.982650791125871	0.819892782893596	0.705412066666814	NA	0.36933356224025	NA	NA	NA
1.68550981829671	1.86018714797709	1.7979397006698	1.91595850268187	1.62630126141046	NA	1.1831639611324	1.13303341035826	NA	NA	1.12802982848405	NA	NA	NA	0.692503608634857	NA	1.41445837086362	0.781555308227187	NA	NA	NA	0.408258016428438	NA	NA	0.813403491020566	0.955400149602528	0.632213661163523	NA	NA	0.716424643018821	NA	0.315985650627842	0.463454848944695	0.447615501111447	0.528309843242726	0.314964346868228	0.706509562496101	NA	NA	0.780022099641805
1.02495283265578	0.651601299741721	0.316453654090221	0.356986119961119	0.77345864091052	0.720531405316617	1.03277120140217	NA	1.0197100812952	NA	1.07056637173977	NA	NA	1.43714149467435	1.08021084575951	1.21250047579791	1.36906992478186	1.8056991795616	1.79325166638101	1.41434150525134	0.335707379240768	NA	NA	0.517929336096991	0.767503246356736	1.12926245674645	NA	0.510028369201379	1.30691093561767	0.686441224652768	0.482730656105119	1.00754933608864	0.463465396647955	1.48524560825229	0.59372566336881	1.29137561535228	0.348098910270223	NA	0.663927988194641	NA
NA	NA	NA	NA	NA	NA	NA	NA	NA	NA	NA	NA	NA	NA	NA	NA	NA	NA	NA	NA	NA	NA	NA	NA	NA	NA	NA	NA	NA	NA	NA	NA	NA	NA	NA	NA	NA	NA	NA	NA
NA	1.08499234652624	0.88059952067714	0.65962025763846	0.804526478820724	0.88796304780786	0.491733664470518	1.08921751280561	NA	0.75823769739187	0.87765595021485	1.03814413075648	0.966299013142593	0.584911666517457	NA	0.524734328945663	0.340311118153776	0.239520455412774	1.40299361296744	0.478130192608521	0.91468455627365	0.811885677090084	0.801469598684512	0.298561819869391	NA	0.823982243004745	0.452680279374874	0.658629694703921	0.381577386178172	0.379014101192996	NA	0.676237340878968	0.745362452103715	0.53969846024057	0.413044781387554	0.187626715635471	0.551430946561173	NA	0.826159319013794	0.781747244024857
NA	2.21252492841883	2.40888990598785	1.85531623086356	2.34443255463764	NA	2.54258644149885	2.3911550424504	2.4594594230419	2.52941790685573	2.09290963061731	2.36641238878611	0.552647437878931	2.31555350911228	NA	2.0273494166104	1.38247053881282	1.06840310990304	1.49194944422499	1.44975832289443	NA	NA	1.29761160834367	1.19162122541293	NA	1.43063303709715	1.02245988329675	1.28707655028399	0.724560682084247	0.210223683962794	0.702536837263686	1.12249505310308	0.558519083629656	0.446777757250521	NA	NA	0.519252670534556	NA	0.346356210654677	0.570638938827999
0.804556773411068	2.43540227549977	0.960076976410784	2.3894701425791	2.54327412292532	1.00969603253501	1.03242762421253	2.17862228111539	1.09352771601494	1.1306626899492	1.57841681072982	1.48172794773621	1.81739809126406	1.18541666418732	0.557684861477711	2.14144739218588	0.677642134957303	0.746832499584695	1.9982441089287	2.52279246881748	1.05174750362317	1.10313520094618	2.12628981009086	0.662508755189044	2.27135325618447	2.30732190429238	NA	1.30935929189588	0.653228945824096	2.41021461369912	NA	2.13261475106164	2.02499240383897	1.95703773216301	0.491131860469842	0.312520613137886	0.373365821467317	NA	0.737236589761704	1.84457978349885
NA	NA	NA	NA	NA	NA	NA	NA	NA	NA	NA	NA	NA	NA	NA	NA	NA	NA	NA	NA	NA	NA	NA	NA	NA	NA	NA	NA	NA	NA	NA	NA	NA	NA	NA	NA	NA	NA	NA	NA
NA	NA	NA	NA	NA	NA	NA	NA	NA	NA	NA	NA	NA	NA	NA	NA	NA	NA	NA	NA	NA	NA	NA	NA	NA	NA	NA	NA	NA	NA	NA	NA	NA	NA	NA	NA	NA	NA	NA	NA
NA	NA	NA	NA	NA	NA	NA	NA	NA	NA	NA	NA	NA	NA	NA	NA	NA	NA	NA	NA	NA	NA	NA	NA	NA	NA	NA	NA	NA	NA	NA	NA	NA	NA	NA	NA	NA	NA	NA	NA
0.751990801687209	0.722546448771806	0.559788131677329	NA	1.19892267429642	0.709810447969202	0.540016579750613	0.263986837794207	NA	NA	0.531548527361379	0.421289122180207	0.422075695187232	0.4609678627959	0.382692409865359	NA	NA	0.597272897349273	0.460087947048971	0.415133392234652	NA	0.724506169330532	NA	0.844384411746445	0.854003501929988	0.671866140800254	NA	NA	0.401539849565219	0.535963921052355	0.397702187280158	0.808934809196573	NA	0.411477202725033	NA	NA	0.501784619456583	NA	NA	0.449633006803799
NA	1.00643837729037	0.611535067032084	1.70151076157358	0.847324176695611	0.934706383081537	1.36170075329242	1.16657400314639	1.0625013362137	NA	NA	0.823146819168251	0.822497257589301	NA	1.19637757417719	0.243929379420212	NA	0.365247648942607	0.606527203067481	NA	NA	0.691728283447607	0.679691481074366	NA	0.995346283912802	0.598733895340231	0.643477375070042	0.342448200404748	0.559454936171689	NA	NA	0.213369576880775	NA	0.278120270608484	1.31061490121554	0.29512246238429	0.383965804395997	NA	NA	0.411509667658884
1.76888350504379	1.13860962189899	1.32608705078401	0.931655305269668	0.356335078205679	0.722721139506944	0.633900354454947	2.3191106510804	0.430859699124472	0.521874772926348	0.646909399297649	0.786713438806008	0.886676506979337	0.582852357400781	0.726283962834722	0.670348814930004	0.836500910762734	0.672271713802446	0.595051027317502	0.887327447009097	0.917074146703616	1.00346960147896	0.799968713861265	1.05906528235524	NA	1.04126957396211	0.797508752018975	NA	1.4055950735961	2.1111058845723	0.482521070330234	0.271209208255189	0.541106590237063	1.62751185100353	0.805417669065977	0.459946828212063	0.590200768863948	NA	1.11230555298531	1.41012819464812
NA	NA	NA	NA	NA	NA	NA	NA	NA	NA	NA	NA	NA	NA	NA	NA	NA	NA	NA	NA	NA	NA	NA	NA	NA	NA	NA	NA	NA	NA	NA	NA	NA	NA	NA	NA	NA	NA	NA	NA
1.35915734261534	NA	1.45046084960509	1.35964595553384	0.685742998416846	0.675255880167398	1.0266190823557	NA	NA	0.789963020790542	1.14332544660148	NA	0.583387231742663	0.646013287639489	0.940956302389445	0.887991083092287	NA	NA	NA	0.694675757866837	NA	0.749852201887569	NA	0.455960648765443	NA	0.87462327133866	NA	1.15404378437037	NA	NA	NA	1.26992430229629	0.772250873968016	NA	NA	NA	0.949402350005446	NA	NA	NA
NA	0.996352233089866	1.02423963778117	0.333493306587941	NA	NA	0.284284895283339	NA	1.95753593549395	0.623374343458259	NA	NA	0.61754824790584	0.869136491665182	0.753902078184411	NA	NA	0.411019180667735	NA	NA	NA	NA	1.0937134006733	0.809020481253161	1.18015788674367	NA	NA	1.02728958829697	1.14861521987075	1.37448234353474	1.23525584403458	NA	1.55049774529306	NA	NA	NA	0.861448290834481	NA	NA	NA
0.787864167358254	0.559429484131943	0.94267023398902	0.555224324049086	0.732307343271514	0.926311019013936	0.752701343918075	0.649544022407801	1.05522468983394	1.12170746473403	0.853116295874831	0.87159213169556	0.678181592833891	0.464166598248911	0.527526387815616	0.473996856634683	NA	0.784379661915237	NA	0.457251520203865	NA	0.833841224496979	1.15555027322856	1.29242047121806	1.12443718684001	0.783395075542639	NA	1.07137834263638	1.00979225851293	NA	0.464623250674636	NA	0.89686177909076	NA	0.655020296401744	NA	0.609397285282005	NA	0.590972610512378	0.606746232849212
NA	NA	NA	NA	NA	NA	NA	NA	NA	NA	NA	NA	NA	NA	NA	NA	NA	NA	NA	NA	NA	NA	NA	NA	NA	NA	NA	NA	NA	NA	NA	NA	NA	NA	NA	NA	NA	NA	NA	NA
2.06208797534973	NA	NA	NA	1.25134577179146	NA	0.347734800951671	NA	NA	NA	NA	1.46671505353491	NA	0.866418175003377	1.15035412697431	1.23665778962775	0.683838597479439	1.20857413525139	1.13706236603481	NA	2.58662476760827	0.594318335726453	0.753769664954743	1.35176111288346	1.33462559983229	0.475887812674182	0.486628593841413	0.433070601353719	1.02801668108344	1.04363391014171	0.428146293244793	1.69714265395573	1.78248119930391	2.05270485927971	0.81664581315679	1.94092704736281	0.259087151814679	NA	1.31998786347276	0.742908881787325
NA	NA	NA	NA	NA	NA	NA	NA	NA	NA	NA	NA	NA	NA	NA	NA	NA	NA	NA	NA	NA	NA	NA	NA	NA	NA	NA	NA	NA	NA	NA	NA	NA	NA	NA	NA	NA	NA	NA	NA
NA	NA	NA	NA	NA	NA	NA	NA	NA	NA	NA	NA	NA	NA	NA	NA	NA	NA	NA	NA	NA	NA	NA	NA	NA	NA	NA	NA	NA	NA	NA	NA	NA	NA	NA	NA	NA	NA	NA	NA
0.955477239387597	1.03992179998309	0.80494575035386	0.45230118591175	0.634876791022901	0.347070970799243	0.725009997347859	NA	NA	0.793669616042486	0.598256963400149	0.666530199145045	0.960716591935772	0.801329417175685	0.647756623152157	0.666053898541597	0.866353754825865	NA	0.643990407609739	1.03657891446406	0.781563427954673	NA	0.480172438266409	0.279125876982044	0.258944297627086	0.321435558358543	0.544300730293703	0.791072824032286	0.658015108165268	0.61516610398094	0.739969753820364	0.276934809493985	0.529743663938868	0.472911802345102	0.452416881933402	0.674886598977483	1.29750276661867	NA	0.50919103886336	0.287486744586826
0.743730260222461	0.846937099218759	0.723351549447871	0.713134218316509	1.85845577582546	0.657163535113428	0.0827868261416291	0.494524647061755	NA	NA	0.543616344763476	0.450441043652846	0.226126552151578	0.458774536228417	0.332643679551029	0.512996972167983	0.517565395878846	0.742588352760232	0.566555987287494	0.5350751261885	1.36587205293598	0.712084566978868	0.958979399697901	0.812018030883887	0.635161822778206	0.604203853055445	0.0440662261990821	0.54990191876922	NA	0.516310935062048	0.695006084889596	2.15217119699044	0.427471857243959	0.366086492471864	0.269776587710658	0.705149194446668	0.152339036129978	NA	1.0989881278108	NA
NA	NA	NA	NA	NA	NA	NA	NA	NA	NA	NA	NA	NA	NA	NA	NA	NA	NA	NA	NA	NA	NA	NA	NA	NA	NA	NA	NA	NA	NA	NA	NA	NA	NA	NA	NA	NA	NA	NA	NA
NA	NA	NA	NA	NA	NA	NA	NA	NA	NA	NA	NA	NA	NA	NA	NA	NA	NA	NA	NA	NA	NA	NA	NA	NA	NA	NA	NA	NA	NA	NA	NA	NA	NA	NA	NA	NA	NA	NA	NA
1.30508722687356	1.52703733684926	NA	NA	1.4991056940027	1.07938115043077	0.820300135695569	NA	NA	0.860481470542292	0.618379391845319	0.467387914333333	0.360315680513166	1.48463530915163	0.602033375727043	0.762068113997205	NA	NA	NA	NA	NA	0.386920118488563	0.538321832155615	0.539674301866315	0.790221545879785	0.936221385396671	0.499371601535339	0.690644884130516	0.577709305891561	0.496138447997603	0.700295556028175	0.641605584794427	0.396930459944362	0.986858471526611	0.328058011924373	0.254445494906364	0.652611398804648	NA	0.735963085891921	0.469502679036044
1.81595430411335	1.18767008475951	1.07984935162776	1.20337793337642	1.36414418307006	NA	1.33715139002215	1.75412707061826	NA	1.04133530535978	1.1445136634894	0.933811638451352	0.913385948825778	NA	0.851045357803107	NA	NA	NA	0.858753344559101	0.750098262994705	NA	0.868211044228002	0.432025568990144	0.691055086818549	1.20753380476177	1.08427320783907	NA	0.871817359859589	1.14814763874771	0.564704616179378	0.50608116580191	NA	1.162530890995	NA	NA	0.408035751978158	1.3626426874716	NA	0.349381179353328	0.65421272565215
NA	0.931482957119616	1.08682372430664	0.798387221828879	1.37662722731581	1.1304775590705	NA	1.24661499762106	1.15463087186099	NA	1.20079115605857	0.898059994357284	NA	1.10896803078655	0.789348710494319	0.953435395001543	NA	1.60171865697463	0.829660047584933	1.06281612662003	1.26814645745701	2.05339023339854	0.972200528585257	0.857480792848819	0.636260003110603	0.822942591055729	0.508055363535473	0.747015207999471	0.455853177563119	0.481668856600546	0.208442397041302	0.400029376274343	0.554230119092703	0.507804184109889	2.03187372845786	0.859898253259349	0.804888489991348	NA	0.926318378759089	0.675166601097177
NA	NA	NA	NA	NA	NA	NA	NA	NA	NA	NA	NA	NA	NA	NA	NA	NA	NA	NA	NA	NA	NA	NA	NA	NA	NA	NA	NA	NA	NA	NA	NA	NA	NA	NA	NA	NA	NA	NA	NA
0.72517463448111	0.930583663235358	0.867888032147179	1.22130974803929	NA	0.37068574313039	0.564359773949297	NA	NA	0.505859289436042	NA	0.600533463678263	0.693001902731258	0.689954513104948	0.214277075370505	0.606053405494808	NA	NA	0.437654634839516	0.579498321420047	NA	0.66210922542509	NA	NA	NA	0.665913457112904	0.991019903954965	0.362067220892864	0.293116841803278	0.336749931008706	0.543942682808119	0.54127611645944	0.714599160456824	1.17978210192506	0.871025629798335	0.82132646548129	0.498837532163993	NA	0.171543089989623	0.421151461157503
NA	0.33252972986457	0.642726020232648	NA	NA	0.481386868606834	1.05772606295613	NA	0.578577182274193	0.25240777571484	NA	0.734804640767954	NA	NA	0.436801284089015	0.322573060996108	NA	1.49403438651324	1.52870543439928	1.26521006031716	NA	1.53175941306742	1.8520523242397	2.01072359727669	1.95641116757882	2.01691699676562	NA	2.23074218433326	1.94007059198714	1.53371645929068	2.21066042501515	1.30713562013614	0.75164811063919	0.734248029905263	0.54918992689439	0.696704453347877	0.355455327491889	NA	0.781730706456761	0.360361901464535
1.36761603253583	NA	NA	1.79776035262197	1.83473723131338	NA	1.20078620132258	0.978624491335001	NA	0.983963271259972	NA	0.876649133199799	NA	0.967000806724946	0.589848940570116	0.350803699954636	NA	0.297162096121368	0.479056307641297	0.25132790556747	0.921235160009322	0.249168169403774	1.91870110167993	0.531615936437283	0.719484823085791	0.715466935970176	NA	0.425073039018112	0.160822356373869	0.292271065741843	0.312368179220791	0.37268417511413	0.630489015252164	1.31113794796319	0.676180961757419	NA	0.606429536394639	NA	0.359812877937575	0.85672632406465
2.41469958875453	2.2863120370394	NA	1.99904967305173	1.70356357558673	1.66885547699434	1.23909873823948	1.99172011363848	NA	NA	1.68862492983714	NA	1.42481450751406	1.01081620925169	1.44406694224624	NA	1.8910145724082	0.832328756694746	1.48765238455718	1.15438309156539	NA	NA	1.1019956328651	0.650647987560801	1.03996726898847	0.990742188054345	NA	0.942811824734239	0.681701579405982	0.583715052889847	0.841755482665996	0.523889532382624	0.700093689128305	NA	0.80566255869408	0.901743096499776	0.460521154785766	NA	0.901534533611835	1.18987279023543
2.88962551777887	2.71764254366707	2.91401575096566	2.90165601346043	2.29654111106634	2.41656609708858	2.09263371396764	2.44309934177376	NA	2.22077391604844	2.1535992910483	2.11636216373705	NA	2.12455315699638	2.52497698471539	NA	NA	1.97931532703961	2.22362083868591	1.91139805334689	2.30722016685995	1.87071410224985	1.83872525278581	1.61597783298031	1.75356371618956	1.42133084760589	NA	0.975977412227435	1.50200494937687	1.79105450433259	2.06700651958484	2.11733183278936	NA	NA	2.41927747093151	3.41592265955991	2.54141072043536	NA	2.20693686094061	NA
1.18448636296411	NA	1.04970742836167	0.713369250553113	1.15634871629991	0.977029060083043	0.705340868856406	NA	NA	NA	0.65223435450651	0.48072177939765	0.781714347699963	0.654517201710973	0.697124081360355	0.426180052196948	NA	0.403416858085219	0.781669180937276	0.772340561774377	NA	NA	0.331651265618889	0.523172233498525	0.30557158509313	0.317785731851406	0.601760937287582	0.577503220966369	1.54519088308029	0.591936257687456	1.11388782863845	NA	0.717146502687472	NA	0.450991425872323	NA	0.409153061147008	NA	0.235459597155453	0.514144116458314
NA	NA	NA	NA	NA	NA	NA	NA	NA	NA	NA	NA	NA	NA	NA	NA	NA	NA	NA	NA	NA	NA	NA	NA	NA	NA	NA	NA	NA	NA	NA	NA	NA	NA	NA	NA	NA	NA	NA	NA
NA	NA	NA	NA	NA	NA	NA	NA	NA	NA	NA	NA	NA	NA	NA	NA	NA	NA	NA	NA	NA	NA	NA	NA	NA	NA	NA	NA	NA	NA	NA	NA	NA	NA	NA	NA	NA	NA	NA	NA
1.67283939729758	2.39642066450831	2.67943732803436	2.28124638108634	3.03158246159819	NA	2.0974995527149	2.460857308084	NA	2.05160420684102	1.72588857664767	1.97463449574249	1.56714649887957	2.32329920766692	NA	NA	2.11318861952983	NA	2.01620408802402	NA	NA	2.37054568971923	NA	2.08635041185146	2.00314508731729	NA	NA	1.73810402067157	1.60511402188293	1.19777541789224	1.30251652740623	1.4251333841133	2.1704069634264	1.76017029915796	2.11640078087245	NA	1.7369068787654	NA	2.2824592437723	2.17346814494538
2.11071313952921	2.19676570955922	2.11276235223869	NA	2.73338134935368	2.00764593025738	2.25644885919601	2.34386127196014	NA	3.00096627160775	2.72778607551283	3.24377404171877	3.15537788547219	3.2046781247393	3.08273876902831	2.6616458441809	NA	2.23046809035691	2.62145839052847	2.63645883819074	NA	3.08152422276379	2.64452858914175	2.50716508654328	2.76741178571113	NA	NA	3.01758087513484	3.26735402884131	NA	NA	2.72900256419423	NA	NA	2.14625939467808	NA	2.39120585736652	NA	2.29780087727678	2.28960221407877
NA	NA	NA	NA	NA	NA	NA	NA	NA	NA	NA	NA	NA	NA	NA	NA	NA	NA	NA	NA	NA	NA	NA	NA	NA	NA	NA	NA	NA	NA	NA	NA	NA	NA	NA	NA	NA	NA	NA	NA
1.9628039470578	NA	NA	NA	1.38132819461475	1.36559678796374	NA	NA	NA	NA	NA	NA	NA	NA	NA	0.941275086927946	NA	NA	1.37477295446095	1.57026621227609	NA	NA	1.52795084927444	1.68571901803677	NA	1.24811059423386	NA	NA	0.988289762591462	1.17511761135873	1.24363174466661	1.25100171596341	NA	NA	0.829993602986939	NA	NA	NA	0.787395295983645	1.10176221585475
NA	1.87139956790245	NA	1.59531559347118	1.74675387251381	1.99500510099238	1.50998834964743	1.82762915169744	1.80541099991727	NA	1.14391665665355	0.78708466029379	0.382668628578394	0.369363805080169	0.324598457062416	0.518903235833783	1.98492516604148	NA	0.48261311399729	0.880200872572159	0.86634160967427	1.10734120237675	0.457869482402829	NA	NA	1.42134077074205	NA	NA	0.486407902507543	0.943619919558789	NA	1.82739999441109	NA	NA	0.634353187204614	NA	1.07432459748799	NA	NA	0.583063369529828
NA	NA	NA	NA	NA	NA	NA	NA	NA	NA	NA	NA	NA	NA	NA	NA	NA	NA	NA	NA	NA	NA	NA	NA	NA	NA	NA	NA	NA	NA	NA	NA	NA	NA	NA	NA	NA	NA	NA	NA
0.669272895164018	0.500586542562265	0.834534026784248	0.29318147643809	0.906139763209165	2.35171956528317	1.35483703813334	2.31519712865382	2.31360298234225	1.5836225908405	2.34513504319016	2.48503831476638	2.47222902764357	1.0823076847912	2.02032492015828	1.77942313544892	1.672268402799	0.836426932870624	1.13377219826091	0.576252853759277	2.28122390191419	0.698953401312982	1.22080168426049	1.25662773829173	1.50310428281228	1.54232732045764	1.33762289920083	0.979313929708743	1.2512060466359	1.70657492640469	0.97824296854612	1.12811133065088	NA	NA	0.481545186598061	0.55431592624918	0.447171655322191	NA	0.380573657538495	0.576164107371642
NA	NA	0.800312817424669	NA	1.06944148169558	1.07415775181208	0.999098034832548	1.02715458677686	1.46500812791345	NA	1.2143339126443	0.771727580304668	1.2906232306223	1.22378637597582	0.840550862193744	1.1403516704423	0.612040948869433	0.38856863779453	0.531357511579116	0.329080452937948	NA	0.363682351824002	0.807434365608007	0.652108495141539	0.370211449596296	0.574550532568076	1.81129272423342	1.08989769516424	0.980450479809577	0.701865144685432	1.77281087401025	0.427604956975188	0.600669469821431	0.369184833781869	0.334495569879999	0.329830339039606	0.438837260618729	NA	0.250736688601379	0.263537651630117
2.95189288176923	2.66342519412143	2.3480311243054	2.70608211844906	2.97241145542175	3.15506199972222	2.73171823442548	2.75294832738466	NA	NA	1.83066790598589	1.82596738118374	2.18830070862519	2.37554231091436	2.47335434966833	2.82523729051886	NA	2.13367180297602	2.382268991892	2.12030838665387	2.61357119268857	2.51886394589763	1.857866264273	1.97613840586262	1.61136658703379	1.94207943798581	2.05171359823725	2.04051950753873	2.16201912172042	1.88757428508892	1.76246027929587	2.28457749186341	NA	1.09318502631852	1.49382048991621	1.85886648121726	1.40722876843404	NA	1.59023370760868	1.56594853460972
2.82235449367666	3.05101343535978	3.30663843532394	3.17932552596602	1.02526650025783	NA	NA	NA	1.79614258081411	1.78527420176437	1.70156271812686	1.31176465611518	1.51168796316428	1.44260550638904	1.53334092778272	1.54008497102425	2.13139762159673	1.26509473947664	2.00944581763704	2.03532927776239	2.02900334151762	1.13863609641932	1.51811017131845	1.34669333477881	1.39089392527698	1.60417500688786	1.67457698141008	1.336061894907	1.51610622937953	1.90257090986119	2.13920039739325	1.29304998679337	1.91208784602571	1.4930356364645	1.84236289941531	0.715496278380164	1.89364744268158	NA	0.986239139606156	2.16835091514265
0.53142781156885	0.558267572561055	0.553053285894915	0.743919952255438	NA	0.536429636328706	0.820949533872402	0.977233587557977	NA	0.894507213841695	0.873699803865788	0.726427375236131	0.418904083210701	1.00188235996463	0.947604505522107	1.23385739235822	NA	1.50721690630266	1.21661679004028	1.56885413669277	2.15899524300185	0.966428144124387	1.60086734221068	1.11341761245496	1.13777899819017	1.41228355663955	1.53137759072978	1.64949448108825	1.21659148762911	1.4633740862746	NA	1.03906457724798	0.852491501579874	0.771055737958228	0.614949836122461	0.769037587974753	0.502956357731384	NA	NA	1.14566924036179
NA	NA	NA	NA	NA	NA	NA	NA	NA	NA	NA	NA	NA	NA	NA	NA	NA	NA	NA	NA	NA	NA	NA	NA	NA	NA	NA	NA	NA	NA	NA	NA	NA	NA	NA	NA	NA	NA	NA	NA
NA	NA	NA	NA	NA	NA	NA	NA	NA	NA	NA	NA	NA	NA	NA	NA	NA	NA	1.62904399394397	NA	NA	NA	0.905139167679826	NA	0.805475350976184	0.841676586063974	1.02381894973591	NA	NA	NA	NA	0.713996790461968	0.691476657934553	NA	NA	NA	0.524405484512523	NA	NA	NA
NA	NA	NA	NA	NA	NA	NA	NA	NA	NA	NA	NA	NA	NA	NA	NA	NA	NA	NA	NA	NA	NA	NA	NA	NA	NA	NA	NA	NA	NA	NA	NA	NA	NA	NA	NA	NA	NA	NA	NA
0.910652231720725	NA	NA	0.956421174540977	1.20412410832876	0.82121764430686	0.613627966290351	NA	NA	0.161409550376352	NA	0.692021979965774	NA	NA	0.580247474067707	0.429476104645276	0.460656725378049	0.904601666370876	0.837928355034635	1.06440761364204	1.20441166895833	1.04823474032969	0.805240558301834	NA	0.676244321593262	0.529252564266963	0.726230235456313	0.605697790047272	0.410327345452536	0.226511312961511	0.465475928965625	0.943046228061355	0.572561870175593	NA	0.698390287755959	0.301434068697017	0.25437364111226	NA	0.648670354426724	0.594635757202837
NA	NA	NA	NA	NA	NA	NA	NA	NA	NA	NA	NA	NA	NA	NA	NA	NA	NA	NA	NA	NA	NA	NA	NA	NA	NA	NA	NA	NA	NA	NA	NA	NA	NA	NA	NA	NA	NA	NA	NA
NA	NA	NA	NA	NA	NA	NA	NA	NA	NA	NA	NA	NA	NA	0.729590728609198	0.758846913169637	NA	0.72255932983359	1.11794492131098	1.46980569026048	2.42594328516697	0.757075896263064	0.543584774907503	1.05018326385607	0.683905508782412	0.63544993863837	0.60493215414393	0.697550611124302	0.191639303713588	1.01095718529958	1.12488192398708	1.23976463465685	0.662453590224574	0.671686275977352	0.370883521757534	1.16489397901354	0.909153147424293	NA	NA	0.36880442704254
NA	NA	0.448313772008212	0.493247835701027	0.325841176819604	0.10257808200138	0.314039243381015	NA	0.748060711341998	0.82017668071858	1.27227313094686	0.880286615294855	NA	NA	0.797436372383084	0.574816727127745	0.282078224844108	0.38228435868464	0.639047923188902	0.631801382506711	0.932832819323258	0.745168571309085	0.939335788168257	NA	NA	1.1489392106191	1.23603888294893	0.877166775799981	0.802892476995453	NA	1.07605462939147	0.918634133294236	1.17003480651988	0.816495642012717	0.562076815847868	0.959146241323114	0.931532961980106	NA	NA	0.759023701404384
NA	NA	NA	NA	NA	NA	NA	NA	NA	NA	NA	NA	NA	NA	NA	NA	NA	NA	NA	NA	NA	NA	NA	NA	NA	NA	NA	NA	NA	NA	NA	NA	NA	NA	NA	NA	NA	NA	NA	NA
NA	NA	NA	NA	NA	NA	NA	NA	NA	NA	NA	NA	NA	NA	NA	NA	NA	NA	NA	NA	NA	NA	NA	NA	NA	NA	NA	NA	NA	NA	NA	NA	NA	NA	NA	NA	NA	NA	NA	NA
1.26578094658961	NA	1.32703728500252	1.15624931425099	1.20528466749746	1.17177853490544	1.08234337516049	NA	NA	NA	NA	NA	1.27026798480182	1.23618855075056	2.07840989708363	NA	1.42729015488069	NA	1.20747064903795	1.48543384099777	1.62895900039769	1.5058971827029	2.0776844154098	1.65005068265148	NA	1.33240015187725	1.58064948926891	1.67218723984828	1.75948279711573	1.65713854314446	2.13400349577061	1.19013709811427	1.56037285416007	1.285417195318	1.31904141647137	1.66193717658876	1.83850391214507	NA	1.91922479220726	1.89041369273872
NA	NA	0.79916206026348	NA	1.33583301366598	1.22869382367772	NA	1.50057694709798	1.30364463943556	1.35172897751369	NA	NA	NA	1.75292031021439	NA	NA	NA	NA	0.69427840185005	NA	NA	1.39356618921351	NA	1.10096117076114	1.38271791192059	0.75975399719428	NA	0.994807379623646	0.821004546759495	0.919403075874131	NA	0.773028324826471	0.579902517652488	NA	0.462743569696337	0.986385212318577	0.250668997655672	NA	NA	NA
NA	NA	NA	1.47533978895247	NA	NA	NA	NA	NA	NA	NA	1.67525604968163	NA	NA	2.39598949276079	1.72313485218603	NA	1.59181557926718	NA	NA	2.06340352121767	1.35461151053137	1.12880177172032	NA	NA	NA	NA	NA	NA	NA	NA	NA	NA	NA	NA	NA	NA	NA	NA	NA
0.872152361100294	NA	0.996871639731739	NA	1.58042797978585	1.38775569090849	2.18425646038248	1.72478892089245	NA	1.79562036261507	1.89897733005402	1.74083185945574	2.8402052948117	1.30023453465581	1.58700664069613	1.83732540115657	2.25355100768712	1.65628306411316	1.93482686785683	1.67751568432987	1.53443736505195	1.42670595954355	1.36691470879547	1.16510356618192	1.30866392451307	NA	1.30152646676644	0.920194962904482	1.0047021572296	1.10893284586491	0.894246623803743	NA	1.03167001447523	0.628973284140898	0.567812809710802	0.816127970356655	0.343851692767762	NA	0.823395995641603	NA
NA	NA	NA	NA	NA	NA	NA	NA	NA	NA	NA	NA	NA	NA	NA	NA	NA	NA	NA	NA	NA	NA	NA	NA	NA	NA	NA	NA	NA	NA	NA	NA	NA	NA	NA	NA	NA	NA	NA	NA
NA	NA	NA	NA	NA	NA	NA	NA	NA	NA	NA	NA	NA	NA	NA	NA	NA	NA	NA	NA	NA	NA	NA	NA	NA	NA	NA	NA	NA	NA	NA	NA	NA	NA	NA	NA	NA	NA	NA	NA
NA	NA	NA	NA	NA	NA	NA	NA	NA	NA	NA	NA	NA	NA	NA	NA	NA	NA	NA	NA	NA	NA	NA	NA	NA	NA	NA	NA	NA	NA	NA	NA	NA	NA	NA	NA	NA	NA	NA	NA
NA	NA	NA	NA	NA	NA	NA	NA	NA	NA	NA	NA	NA	NA	NA	NA	NA	NA	NA	NA	NA	NA	NA	NA	NA	NA	NA	NA	NA	NA	NA	NA	NA	NA	NA	NA	NA	NA	NA	NA
NA	NA	NA	NA	NA	NA	NA	NA	NA	NA	NA	NA	NA	NA	NA	NA	NA	NA	NA	NA	NA	NA	NA	NA	NA	NA	NA	NA	NA	NA	NA	NA	NA	NA	NA	NA	NA	NA	NA	NA
0.382180013457324	0.380221003716713	NA	0.574494348738051	0.429723000920302	0.776274584402809	2.47189103994891	NA	NA	NA	0.837943614477773	0.319664828551877	0.297923078982052	0.333438538998876	0.438698966249793	1.55782702174448	NA	0.941241871723131	NA	0.943620602432697	0.631477447573755	0.266472210489435	NA	0.462380421527754	0.292610074646081	0.662376267324771	NA	0.524844615995071	0.549794884019178	0.715996132313993	0.869136216184407	0.129305785337892	0.870577210446288	0.887915322467896	1.66743663937593	0.666501988782462	0.312426230344659	NA	0.302655655107637	0.36235004412848
NA	NA	NA	NA	NA	NA	NA	NA	NA	NA	NA	NA	NA	NA	NA	NA	NA	NA	NA	NA	NA	NA	NA	NA	NA	NA	NA	NA	NA	NA	NA	NA	NA	NA	NA	NA	NA	NA	NA	NA
0.722065116124588	0.920589880094455	0.966304308176589	0.989153693266564	0.532691939746936	0.469194626772518	0.589570826470327	0.585021205989268	NA	0.535711075253805	NA	0.450274619169609	0.590272915091355	0.792462495579861	0.400437638507154	0.502186358084865	1.41253150298639	0.96133763823182	0.997301028573853	0.37261762635723	0.823190142201448	0.769969386317256	1.27288779187463	0.867156007305444	0.735121924048041	0.73290307945739	0.441034153877403	0.475213382477274	0.892599999856982	1.01631894605087	NA	1.1609249665961	1.37650297600179	NA	1.22972942939594	0.740576175708408	0.757922176878823	NA	NA	0.305706923931694
1.21503264244388	0.433766879708265	0.655845564805372	NA	1.11533155614038	1.93526168187517	0.474657096824579	0.519987400860503	NA	0.540279535916735	0.54574327066177	0.611766489026776	0.480881633396083	0.628073857099939	0.477463786306959	0.691104421609651	NA	0.620013293667	0.649571765232212	0.453118077083287	0.388860916350509	1.60957343757882	0.783020017449716	0.899471899764014	0.497412877479482	0.0832696506361471	0.646947812212708	0.435234022449481	0.539496449890901	0.196990141189465	0.36564434907617	0.6116538695779	0.379646220260048	0.346633083027652	0.658294931579788	1.0122748906455	0.418883756258771	NA	0.601152948204385	0.813653941648235
0.917841939443552	1.11406474602099	1.03086769386469	1.1447322909055	1.16014200799077	1.43528371229302	1.24879936593008	0.526076924422827	1.45811717464984	1.55680793370286	1.75006479711982	1.2353681537876	1.27064938114477	0.478413236744471	0.537420511196716	1.49446096078709	1.26012893289052	NA	1.4509208930774	0.505113284215985	1.08645753687148	0.604502342952232	0.302387465385219	0.227688471746325	0.188732469140188	0.716581695100691	NA	1.66446755504154	0.580169554799756	0.523001993560906	0.406672686782666	0.0409758510027572	0.583780957763909	1.17514151339788	0.42660181880309	1.32319028572949	0.50137167424132	NA	0.904464340761277	0.400727556235229
NA	NA	0.625112134119526	NA	1.23939364458998	2.41774239963404	0.686486946598022	2.60516390717363	0.881287762262619	0.781882126138687	NA	NA	0.992863423572218	0.625204402888057	2.67099812786889	0.940208111813364	0.637313902912797	0.672006297854747	0.553050954081945	0.554395983205474	0.748158484330805	3.55484406862691	0.39237291307237	NA	0.706085775445406	0.480726669952431	0.434195663806616	NA	2.08631498506641	0.3165284661497	0.492127777783599	0.504709732442134	0.568981653452094	1.16225997281414	3.30596021359563	NA	1.74199451327378	NA	2.85316638253415	NA
NA	NA	NA	NA	NA	NA	NA	NA	NA	NA	NA	NA	NA	NA	NA	NA	NA	NA	NA	NA	NA	NA	NA	NA	NA	NA	NA	NA	NA	NA	NA	NA	NA	NA	NA	NA	NA	NA	NA	NA
NA	NA	NA	NA	NA	NA	NA	NA	NA	NA	NA	NA	NA	NA	NA	NA	NA	NA	NA	NA	NA	NA	NA	NA	NA	NA	NA	NA	NA	NA	NA	NA	NA	NA	NA	NA	NA	NA	NA	NA
0.725035566854356	NA	NA	NA	NA	NA	NA	1.1809552536833	NA	NA	NA	0.631961878403089	NA	NA	NA	NA	NA	NA	1.58707812518694	NA	NA	1.7521828985485	NA	1.34371375312308	1.59715620136369	1.21652429582827	1.33798450902593	1.24821867425137	0.849746317358832	NA	0.838206328091645	NA	1.0996596906799	0.351758588737823	1.68533652541042	0.405742447534583	0.434562367859307	NA	1.46389701916046	NA
1.54841227137872	0.777622134603584	NA	0.349488303648497	NA	0.462355273721628	0.904259544261312	1.17973889349204	1.56250257666957	1.44733955546288	0.828754180197737	NA	1.67809205422675	1.5711008516382	1.4896609981616	1.18048689699038	1.74600432635059	2.14455851748303	NA	2.35517953735352	NA	1.56889120425138	1.00976802099458	1.40348582338182	1.32185352731214	0.376382312954294	1.1966160183053	1.28141551169288	1.84678749165467	1.45168887869095	NA	1.25851478381827	NA	NA	1.0540148559578	NA	0.896774867355383	NA	NA	1.3497941424414
NA	NA	NA	NA	NA	NA	NA	NA	NA	NA	NA	NA	NA	NA	NA	NA	NA	NA	NA	NA	NA	NA	NA	NA	NA	NA	NA	NA	NA	NA	NA	NA	NA	NA	NA	NA	NA	NA	NA	NA
2.45152526214136	1.17017843632472	2.74100364457619	2.48232805818967	1.10044836643962	0.833946603371843	2.79186135238883	NA	1.18826043942119	2.22491910680841	2.49496997504458	1.70956356009671	1.04184048469283	NA	NA	1.09609715557909	NA	NA	1.7259038394869	1.10006700811346	NA	1.42932490431549	1.22573807237667	0.592697532337307	1.46883146941896	1.51348740103335	2.13235056995739	0.856003184432345	0.519569444615297	NA	NA	0.648083139910971	0.448747653310205	0.617462699918121	1.25480650547942	1.30698505274878	2.5500052742099	NA	1.96748052451807	2.50449451227267
NA	NA	NA	NA	NA	NA	NA	NA	NA	NA	NA	NA	NA	NA	NA	NA	NA	NA	NA	NA	NA	NA	NA	NA	NA	NA	NA	NA	NA	NA	NA	NA	NA	NA	NA	NA	NA	NA	NA	NA
1.02122467822793	0.864260269079221	0.646682861059078	NA	0.502093047989573	NA	0.81030695296217	1.07967614295516	1.25574601935245	NA	0.950496955581215	0.916267539189426	1.04272083655698	NA	0.454197356813627	0.432850069880116	NA	0.364950118522782	0.313529280073	0.441268411065112	NA	1.21166251311474	NA	NA	0.639211211899971	0.602626636990708	0.761508882594429	NA	NA	0.855565998102757	0.739335329937062	0.23064588862418	0.933006155807596	0.66068997991774	NA	0.516736166709147	NA	NA	0.391339340901231	0.870282763781141
NA	NA	1.87938957058933	NA	NA	NA	NA	NA	NA	NA	NA	NA	NA	NA	NA	NA	NA	NA	0.570438475623099	NA	NA	NA	NA	NA	NA	1.3342718632459	NA	0.356786302125196	1.0195958866802	0.756178765818019	0.564649794708646	0.749554881639752	0.640701422452987	0.376539140353912	0.584259235518013	0.288359002026676	0.398606351912648	NA	0.553291565319615	NA
NA	NA	NA	NA	NA	NA	NA	NA	NA	NA	NA	NA	NA	NA	NA	NA	NA	NA	NA	NA	NA	NA	NA	NA	NA	NA	NA	NA	NA	NA	NA	NA	NA	NA	NA	NA	NA	NA	NA	NA
NA	NA	NA	NA	NA	NA	NA	NA	NA	NA	NA	NA	NA	NA	NA	NA	NA	NA	NA	NA	NA	NA	NA	NA	NA	NA	NA	NA	NA	NA	NA	NA	NA	NA	NA	NA	NA	NA	NA	NA
NA	NA	NA	NA	NA	NA	NA	NA	NA	NA	NA	NA	NA	NA	NA	NA	NA	NA	NA	NA	NA	NA	NA	NA	NA	NA	NA	NA	NA	NA	NA	NA	NA	NA	NA	NA	NA	NA	NA	NA
NA	0.68102895529029	0.757626678705394	1.0742852612956	1.17415792480443	0.946155092680684	NA	0.665837707014407	NA	NA	0.662312386066934	NA	2.99228732519744	1.24156342598638	0.848555782516499	0.859511609961957	0.876736732558571	0.732570741152567	0.231213662707122	0.300472900059727	NA	0.121013375685999	0.745438695636483	0.18751588539632	NA	0.265363634055368	0.404660338302436	0.247423282445461	0.320329304892351	0.487512818303395	0.390367163302017	0.990197106205127	0.32668989421997	0.28184530183714	0.156655047508366	0.512185629413289	0.195891432779574	NA	0.414349714973032	0.249010313323066
NA	NA	1.32706139306734	1.08367028765776	0.966546594261153	NA	NA	NA	NA	NA	1.29688122115989	1.46205454170737	NA	NA	NA	NA	1.11246354236071	1.10695422052718	NA	NA	NA	NA	0.550284795354791	NA	0.939762342637395	NA	NA	1.05165424475766	NA	1.24753095603634	NA	0.803775669208264	NA	NA	NA	0.561531021653129	NA	NA	NA	0.811750090976882
0.435003663507876	NA	NA	0.614725226154649	0.70611366136325	0.305562276888438	0.598711559260913	0.709477792994598	NA	NA	1.0130018343242	0.786104649909181	0.539458454596671	0.827541910124372	0.224359070537891	0.495023943574272	0.958702478404901	0.428814613559892	0.277857553962567	0.299438081505199	NA	0.9725932315558	0.323288296563067	1.06265709754186	0.295979610054677	NA	0.720135037638956	0.346462633836242	0.523339929085222	NA	0.437245870432754	0.940029173015036	0.779600981431505	0.67639741079093	0.695275067709808	0.375821812054283	0.198586174027143	NA	1.07056873562138	0.166046505115012
NA	NA	NA	NA	NA	NA	NA	NA	NA	NA	NA	NA	NA	NA	NA	NA	NA	NA	NA	NA	NA	NA	NA	NA	NA	NA	NA	NA	NA	NA	NA	NA	NA	NA	NA	NA	NA	NA	NA	NA
NA	NA	NA	NA	NA	NA	NA	NA	NA	NA	NA	NA	NA	NA	NA	NA	NA	NA	NA	NA	NA	NA	NA	NA	NA	NA	NA	NA	NA	NA	NA	NA	NA	NA	NA	NA	NA	NA	NA	NA
NA	NA	NA	NA	NA	NA	NA	NA	NA	NA	NA	NA	NA	NA	NA	NA	NA	NA	NA	NA	NA	NA	NA	NA	NA	NA	NA	NA	NA	NA	NA	NA	NA	NA	NA	NA	NA	NA	NA	NA
NA	NA	NA	NA	NA	NA	NA	NA	NA	NA	NA	NA	NA	NA	NA	NA	NA	NA	NA	NA	NA	NA	NA	NA	NA	NA	NA	NA	NA	NA	NA	NA	NA	NA	NA	NA	NA	NA	NA	NA
0.914914275181548	0.761349201807457	NA	0.995465247518744	NA	NA	NA	NA	0.49971460324767	0.894362941184095	0.424881887137817	NA	NA	NA	NA	NA	NA	NA	NA	NA	1.04147979614096	NA	NA	NA	NA	NA	NA	NA	NA	NA	NA	NA	0.457284213905784	NA	0.519728203899188	NA	NA	NA	NA	NA
NA	1.44225353259228	1.02329682071326	0.946343322156182	1.20603668132678	NA	0.741393458249359	0.803186546477973	NA	1.17326040123985	0.965239520141486	0.326194223828906	1.12702513924806	0.606891977679673	0.503832970742075	0.690115579925825	0.341221705847797	NA	1.36231101277765	0.513875571100545	0.644225918073917	1.0684077959075	0.928775725071189	1.28660643355878	1.0211158945417	0.568231389161771	0.224583920580829	0.208205402376969	0.470145952681803	3.79188924229607	NA	0.994686829129741	1.17562082174226	NA	0.455423059295411	0.639888831432833	0.764785434150513	NA	0.651634095514466	0.262030618910826
NA	NA	1.97630737893831	NA	0.849927629908878	NA	NA	1.02768483967774	NA	NA	1.89519320646658	1.8036719080082	1.59819082732412	1.21154434407504	1.34895731684331	0.837567219027667	1.33603825999435	NA	1.08744448280396	1.54518000444355	NA	NA	1.52047226111387	NA	NA	2.27543763279854	NA	0.95876142249536	NA	NA	0.322687271983533	NA	0.370075300521894	NA	NA	NA	0.50333787881252	NA	NA	0.634094466899236
NA	NA	NA	NA	NA	NA	NA	NA	NA	NA	NA	NA	NA	NA	NA	NA	NA	NA	NA	NA	NA	NA	NA	NA	NA	NA	NA	NA	NA	NA	NA	NA	NA	NA	NA	NA	NA	NA	NA	NA
NA	NA	NA	NA	NA	NA	NA	NA	NA	NA	NA	NA	NA	NA	NA	NA	NA	NA	NA	NA	NA	NA	NA	NA	NA	NA	NA	NA	NA	NA	NA	NA	NA	NA	NA	NA	NA	NA	NA	NA
NA	NA	NA	NA	0.634517524303892	NA	NA	NA	0.748059951701242	NA	0.928021184228708	NA	NA	0.889408154527207	0.973608347259851	1.40995795329775	1.45366367543197	NA	NA	1.23769377001251	NA	NA	0.538268573375289	0.403470316657609	0.753850484594648	0.912559586317222	NA	1.01360534536293	1.140636020246	1.10049748986492	0.756899325823738	NA	NA	1.07934615664144	0.951032618637837	NA	0.666514111395196	NA	1.15348195286352	0.550049483709511
NA	NA	NA	NA	NA	NA	NA	NA	NA	NA	NA	NA	NA	NA	NA	NA	NA	NA	NA	NA	NA	NA	NA	NA	NA	NA	NA	NA	NA	NA	NA	NA	NA	NA	NA	NA	NA	NA	NA	NA
NA	NA	NA	NA	NA	NA	NA	NA	NA	NA	NA	NA	NA	NA	NA	NA	NA	NA	NA	NA	NA	NA	NA	NA	NA	NA	NA	NA	NA	NA	NA	NA	NA	NA	NA	NA	NA	NA	NA	NA
NA	NA	NA	NA	NA	NA	NA	NA	NA	NA	NA	NA	NA	NA	NA	NA	NA	NA	NA	NA	NA	NA	NA	NA	NA	NA	NA	NA	NA	NA	NA	NA	NA	NA	NA	NA	NA	NA	NA	NA
NA	2.21094587403026	2.41976474981944	2.30631423525562	NA	NA	NA	1.71117594944223	NA	1.93587442524421	1.87262321180903	1.89892018535462	1.6741155905441	1.63828342490043	1.49435132724043	1.75211287406976	1.73499218436069	NA	2.2288318004415	NA	NA	1.877637185308	1.81895867662437	1.65556176805816	1.42918243692175	NA	NA	NA	1.41901699674603	NA	NA	NA	1.45015516279869	NA	NA	0.93593812565735	0.976124305375575	NA	0.956217563302627	1.12641254895415
0.783134643484355	0.559850884668	0.161525913466412	1.05339613729041	0.327084932010328	0.359459389242002	0.628114143081417	1.13185781513063	NA	NA	1.06469106941406	1.22249545484992	NA	1.0795799865307	1.9272270629141	0.700179392629527	1.18399440465792	1.65831549948019	0.410097463011609	NA	0.93106952939284	1.75610931088811	0.545680330374228	0.734017495786526	0.739805311238365	0.980164998257699	0.515198755518504	0.942875186030145	0.470262367210801	0.472494807648953	0.368354647547664	0.382880873759182	NA	NA	0.563792805315355	0.517687518771633	0.307781002716578	NA	0.383869077680197	0.892326014129061
NA	1.26333482330099	NA	NA	1.24555284766045	1.04084073127568	NA	NA	NA	NA	0.673824889770493	1.00243805047005	1.11613981674287	0.871566425943247	NA	0.933117254969116	NA	0.645541947069025	NA	1.01534177344884	0.69154759029735	0.719007008171814	NA	NA	0.68767793071226	0.68335404486611	0.952338220295706	0.804549107564906	0.917323805015344	0.696949438036253	1.46721706234097	NA	NA	NA	2.81061690354382	0.318047864244765	0.666176617276842	NA	NA	0.576314605386276
NA	NA	NA	NA	NA	NA	NA	NA	NA	NA	NA	NA	NA	NA	NA	NA	NA	NA	NA	NA	NA	NA	NA	NA	NA	NA	NA	NA	NA	NA	NA	NA	NA	NA	NA	NA	NA	NA	NA	NA
0.714716290781379	1.06090003543846	1.15370704030317	NA	0.556981031558576	0.48680398292587	0.128231607895292	NA	0.749364797752206	NA	NA	NA	0.939680722279092	0.503569879786994	0.261689106295511	NA	NA	NA	1.05698893720349	NA	NA	0.863545993443979	NA	1.28594536945765	1.52297309710229	1.31235600100837	NA	1.32798026912142	NA	0.774181119688654	0.313139067055094	NA	0.638717309457995	0.721486018308501	0.269054269335709	NA	0.17679382690478	NA	0.191867490470903	NA
0.786455987318115	0.849529969423335	0.758944437708449	0.932690774120099	0.86180764574864	0.557038053164816	0.457435805312286	0.697459874438881	NA	0.45800971794514	0.587330525998299	0.254674040987785	0.351052101150663	0.478386013576034	0.587875890966464	1.21427216808879	NA	0.556069836307486	1.08501565522604	0.988086132610908	NA	0.845289052648837	0.571793149414012	0.268432140930036	0.716773105979615	0.605842295054231	0.815247533615305	1.16562773486215	0.485007313258104	1.92485609762682	0.573029344790326	0.441106555385722	0.594228354403433	0.190588693232386	0.62444291230264	0.216085971986371	0.190341984992066	NA	0.0357786999377619	0.288315135151263
1.32010729190734	0.885446722728792	1.2147412652162	0.836394978923435	0.789449675202295	1.26540447029884	0.956806960475612	0.663641664065122	1.10674347116056	2.45116980925984	0.403896621653848	0.404128982050767	1.35667589081851	0.909750594973014	0.603702256339455	0.687196525634284	1.28491797504123	0.765013677073969	1.47762580371511	0.583550017021507	0.665268566555617	0.883018220855594	0.664215501611442	0.604635361227523	0.386370658732262	0.621453335447297	0.90477200296689	0.984222293182015	0.802673978766067	0.575078256228633	0.762682919506148	0.47448080014716	1.18286489348996	0.937239942014554	0.899519818392628	NA	0.925491884839238	NA	NA	NA
1.06764368269257	NA	NA	1.25441250009335	NA	NA	1.30530617631328	NA	NA	NA	NA	NA	1.17332668450981	NA	NA	NA	NA	0.966980932127607	NA	0.87782884181454	0.687753171701415	0.777387410246586	NA	NA	2.7492150679822	1.05730120668667	NA	NA	0.899812206052554	1.39517853322232	NA	1.02024545413898	NA	NA	1.01207339539508	1.00540133850404	0.845023867534667	NA	NA	NA
NA	NA	NA	NA	NA	NA	NA	NA	NA	NA	NA	NA	NA	NA	NA	NA	NA	NA	NA	NA	NA	NA	NA	NA	NA	NA	NA	NA	NA	NA	NA	NA	NA	NA	NA	NA	NA	NA	NA	NA
2.56117886470242	2.53684853293233	2.67901141494522	1.98261779676079	1.09398474111345	0.900410084278624	0.81608640119937	0.71094902908081	0.837728311525202	0.955440139749914	1.00003511330834	1.49331000819856	1.45609785379847	1.1308954402571	3.46059949264434	0.977430154045001	0.816085841004689	0.761876401159747	0.885857098373939	0.842447849420086	1.84553874550642	1.10679849672997	1.24945956006316	1.25698991082078	0.706765523006858	1.06443194255953	NA	0.0992598684668547	NA	0.943010079866688	NA	1.2136113414092	1.67444785539057	1.50763509244412	0.42689600782598	0.588601924483443	NA	NA	1.1624067155596	1.57690120337881
0.901643303757659	1.02735579378332	0.665998935216275	0.612147256118347	NA	NA	0.857136220305158	0.553322035685847	NA	NA	NA	1.19804541130407	0.880293908118147	0.910143053839914	NA	NA	NA	0.298915596326197	NA	0.387509137839153	NA	0.745552501805927	NA	NA	0.433368840757851	NA	0.459364311994208	0.154338446146478	NA	0.904994624025757	NA	NA	NA	NA	0.565494382624041	0.606604070543112	0.455644948342811	NA	0.85091524962448	NA
1.71551028169276	NA	1.80654578267983	0.964321565683809	1.31331642486886	NA	NA	1.39488703921459	1.13537589588467	NA	1.78416406498697	1.84092587466075	NA	NA	NA	1.87278635681558	NA	2.32767010914753	NA	1.98407695349826	1.21695896452101	2.16912418753208	2.60039705372575	NA	2.24802471676475	NA	NA	2.69838283280893	NA	NA	NA	NA	1.88710324450445	NA	1.78314829631143	NA	NA	NA	NA	NA
NA	0.798746261634513	NA	0.322426237726053	0.701828529415753	0.800644855672568	NA	1.06181755639668	NA	NA	0.949416112323503	0.606009641422957	NA	0.957173907490425	0.703309712793778	0.394764733110316	1.46426262637271	0.510473794581861	0.489404670578969	0.594311292044493	NA	0.278263828976694	NA	0.683767365024392	0.921817539126507	0.741329160849299	1.60896214584086	NA	NA	1.38621020343401	1.34154934888168	1.2857251938935	1.06528762880272	0.664538972324691	0.740389434533518	0.842068744168515	NA	NA	0.32780686672313	0.192657030029796
NA	NA	NA	NA	NA	NA	NA	NA	NA	NA	NA	NA	NA	NA	NA	NA	NA	NA	NA	NA	NA	NA	NA	NA	NA	NA	NA	NA	NA	NA	NA	NA	NA	NA	NA	NA	NA	NA	NA	NA
NA	NA	NA	NA	NA	NA	NA	NA	NA	NA	NA	NA	NA	NA	NA	NA	NA	NA	NA	NA	NA	NA	NA	NA	NA	NA	NA	NA	NA	NA	NA	NA	NA	NA	NA	NA	NA	NA	NA	NA
NA	NA	NA	NA	NA	NA	NA	NA	NA	NA	NA	NA	NA	NA	NA	NA	NA	NA	NA	NA	NA	NA	NA	NA	NA	NA	NA	NA	NA	NA	NA	NA	NA	NA	NA	NA	NA	NA	NA	NA
0.540140335235379	0.955282622171936	1.38288861085393	0.754794334187	0.432057870068067	0.420833372875474	0.265757118309616	0.576810975022811	0.578673897791058	NA	0.777208776805342	0.389918880803826	0.601520690859751	0.652067800950899	NA	0.383886989578125	NA	0.322204232180901	0.543568821509829	0.226241676611061	NA	0.29058102466077	0.180683141016848	NA	0.733973105703306	NA	NA	0.770461681996901	1.23322781973997	NA	NA	0.805045624176317	0.978784086227498	NA	0.538699700885977	0.97062542651484	NA	NA	0.442182066052557	0.426970730721873
NA	NA	NA	NA	NA	NA	NA	NA	NA	NA	NA	NA	NA	NA	NA	NA	NA	NA	NA	NA	NA	NA	NA	NA	NA	NA	NA	NA	NA	NA	NA	NA	NA	NA	NA	NA	NA	NA	NA	NA
NA	1.27891974524093	NA	0.701251543986992	0.65722335748408	0.571350604248798	0.621082951870352	1.08265882806394	NA	1.06398849264397	1.1426552380903	1.10401764650024	NA	0.948581720259261	0.393094909840197	0.7632748562148	NA	0.762617340815791	1.32611544859308	1.66478823437193	NA	0.859796982883965	1.77508923753639	0.351887979035072	0.887013702662402	0.856969467708545	1.00575164556406	0.798034199957666	1.10410154920751	1.29434982985587	NA	1.141395704909	0.515956293593118	NA	0.270133906332407	0.312094822359738	1.23764364142055	NA	NA	0.731666066328794
NA	1.32927913429818	NA	1.85622354945511	1.23604990105712	0.8715991421786	NA	NA	NA	1.2273525229479	1.26079781716155	1.33280191703739	2.65735876366608	0.989433355281149	NA	NA	NA	1.49140045233588	1.14555217938947	0.934730292433718	NA	0.425781321651922	0.585892342373787	0.956542083866427	0.723322495286472	0.537755218410181	0.753135376875105	0.542407032746244	NA	0.559236545405629	0.176636203183357	0.593762481546014	0.846757242861047	0.588588966000193	0.727145076199595	0.781042170557569	1.28399530497198	NA	0.844680217203628	NA
1.11965534530803	1.08095604195294	NA	0.9063500828951	NA	0.681182898152812	0.715898482605118	1.15601489387631	NA	0.693654803112634	1.04055857681134	NA	0.964037359264786	0.874707814711992	1.02342898687857	NA	1.00825660587545	0.529758551732656	1.1271304264412	0.927123532298507	0.618740159386653	0.701149957600768	0.970937008393657	0.400440254776918	0.672130794726784	0.955594853714071	0.441433297936943	1.4746889692072	0.999025577912883	1.16956845622175	NA	0.53553558187959	0.641590716823063	0.650713571000532	0.505072760226223	2.67123781296601	1.10687736512519	NA	0.316736258863094	0.638058506774544
NA	0.899383795872217	0.947574673977347	1.24622399156212	0.978870087424848	NA	0.813916596326352	NA	NA	NA	0.699928862681343	0.559610321347462	0.656027167738312	0.934212698174061	0.422749522557044	NA	0.673135124849092	0.455135067952662	0.24107641289238	0.380478245031407	NA	0.727527550912556	0.603898530253124	0.394235740248426	NA	0.438883219101918	NA	NA	0.277800262544872	NA	0.409906867761201	NA	0.649725685760522	0.799139848593886	0.253805701136994	0.192180715784	0.143832358854158	NA	NA	1.68619171431553
0.67149506993529	1.06043629161379	NA	1.02293677575645	NA	0.974856605834563	0.958585718991699	0.904675202638762	NA	NA	NA	0.944699896022887	NA	0.921733440425331	NA	0.562541394104282	NA	NA	0.800018678418129	0.875978823234585	0.682055176479708	0.896942905974583	0.589315736991726	0.464434639917737	0.66433809686724	0.800397969074752	NA	NA	1.18333819033979	0.879214761470133	1.02627961625587	NA	NA	1.29248281502127	1.13624719411241	1.49280281929584	0.702324773119321	NA	NA	0.316571332510719
0.89094124166647	0.714122465799259	0.640485119731021	0.746019212515054	1.05286797178216	0.855001530258385	0.697801828354611	1.5725425190341	NA	NA	0.929562075270429	0.80489170579516	0.200021090173203	0.441825077370922	NA	1.17296505133266	NA	0.828270823250402	0.827049912153236	0.893757386278879	NA	0.731535704234679	NA	0.896140855902464	0.697642867980891	0.896558415581971	0.851704414435337	0.939730681051258	0.901304082185036	1.01130258558098	0.908487688657007	0.729837791709168	0.771487590504938	0.703917502178733	0.614157631198348	NA	0.210002488953744	NA	0.166590055306766	0.880949561644946
1.02315856812957	1.30626590679141	1.16083466411032	1.19146213219854	1.15510681152305	1.21948679721528	1.48870701408097	NA	1.40733251735692	1.35541422379766	1.82303696545117	NA	NA	NA	NA	NA	NA	NA	NA	NA	NA	NA	NA	1.6452290047965	NA	NA	NA	NA	NA	NA	NA	NA	NA	NA	NA	NA	NA	NA	NA	NA
0.679136980140588	0.719264861637851	0.594811496153962	1.14829117909982	1.3878821452001	1.38178462476976	1.21786593146694	1.74126968152287	NA	1.29836971708905	1.2703044427209	1.45767381454047	1.50217406860805	2.43213212651329	1.97826062977727	2.2265944851406	2.20062336354188	1.6604709728244	2.33320786044939	1.63546515360821	1.31409194645752	2.08619743947852	1.42867468434783	1.26866570323049	1.63496600872184	1.58348707221635	NA	1.53267857874928	1.28861843369539	1.29112557027056	1.43837412975412	1.52067414619612	1.60195723846761	2.06154247508977	1.90502626067397	2.18906799760181	1.64231950237865	NA	2.35394205653178	1.4381782157529
1.19202195575351	1.95517769053309	1.59004634175382	1.46203597630899	1.42354758613793	1.04071851243918	NA	1.37883940629523	0.974736204723613	NA	0.653769640058765	0.761218402776785	0.938127159361785	0.876920575786589	0.486610709948779	0.751274881760824	NA	0.746673512481987	0.590716714372023	0.573513028537403	NA	1.15272398204654	0.826854696726573	0.84637506016095	0.649561301447399	0.863832673228596	0.790539233975083	0.731629698838568	1.01358906971587	0.841578064034011	0.724661108611239	0.881909290982239	NA	0.786230868819159	0.640928594901623	0.427615379396297	0.510416752304696	NA	0.80022395012308	0.750949362598345
1.97806486307601	1.56678141379068	NA	2.25905612777203	NA	2.05692366694266	1.54639444605093	1.78256468900963	1.30536811193312	NA	2.12661491994487	1.90351970397715	2.3424280858602	1.69396240149977	2.68401932383577	1.41959693303201	2.20783967097573	2.50006490578912	2.0048024676661	1.91711676625589	1.06686132019278	2.0578928682046	2.17237521549705	2.5123104184472	1.36115853520026	1.17410016644276	1.80067395537899	1.8594574013339	1.06258732343276	1.58339503190967	0.47778606454458	1.12768272993629	2.48432221923195	1.37340292176571	NA	NA	1.31156239428956	NA	0.658536411992569	1.38711288638655
NA	NA	NA	NA	NA	NA	NA	NA	NA	NA	NA	NA	NA	NA	NA	NA	NA	NA	NA	NA	NA	NA	NA	NA	NA	NA	NA	NA	NA	NA	NA	NA	NA	NA	NA	NA	NA	NA	NA	NA
NA	NA	NA	NA	NA	NA	NA	NA	NA	NA	NA	NA	NA	NA	NA	NA	NA	NA	NA	NA	NA	NA	NA	NA	NA	NA	NA	NA	NA	NA	NA	NA	NA	NA	NA	NA	NA	NA	NA	NA
NA	NA	NA	NA	NA	NA	NA	NA	NA	NA	NA	3.86988854676483	3.90888061874747	3.77025641221012	3.83638943144147	3.22977877283474	NA	NA	NA	NA	3.57589832535199	NA	3.63630164494611	3.31638332387435	3.42172481784677	3.15263602200039	3.01016330456142	2.8867247242574	2.82735682741505	2.57739230031786	2.74138112468215	2.76098129975217	2.15692191082826	3.26677436359352	3.30250371549476	3.50829039908699	3.73637750402284	NA	3.98791283132009	3.61579257074755
NA	0.510743396279566	0.410703422135362	NA	0.573904865790024	NA	0.296245629689035	0.572400815578228	NA	NA	NA	0.817014849023749	NA	0.46980656728757	0.361519144221645	0.343861267606211	0.689885711673686	0.643488121480483	0.795098681409201	0.929709868278101	NA	1.29579225228286	0.372948013237428	NA	0.264299155973695	1.07168044698874	NA	0.901027940185303	1.08204264732781	1.35263411696615	1.68510341305124	NA	1.46336611941118	1.14456337613975	1.40938438097401	0.673614361266371	NA	NA	0.453730108683913	NA
NA	NA	NA	NA	NA	NA	NA	NA	NA	NA	NA	NA	NA	NA	NA	NA	NA	NA	NA	NA	NA	NA	NA	NA	NA	NA	NA	NA	NA	NA	NA	NA	NA	NA	NA	NA	NA	NA	NA	NA
NA	1.99499279758991	1.11529453221577	1.09102948187856	1.19443776538065	0.781863028568875	0.756749056450548	0.868146607354645	NA	NA	0.761296189317246	NA	0.44784961301202	NA	0.694870588342348	NA	NA	NA	NA	NA	NA	0.280428067563487	NA	0.266422816552856	0.558864218750147	NA	NA	NA	NA	1.01050559328781	NA	1.11207286234372	NA	NA	NA	NA	0.507622863357638	NA	NA	0.448692474450712
NA	1.67421403261606	1.87158810015269	1.75808186388281	2.28069785771279	1.85952353732281	1.03034752823061	1.84723325778551	NA	NA	1.58894579454069	1.60828573443918	NA	1.70943344829057	1.0538816383859	1.79825052533946	1.8377519642447	1.74968398827296	1.84990034949806	1.71728824703809	1.84268391535641	1.00532669944077	0.870656324355257	1.46685731588206	1.11164048849714	0.544266150176609	0.501830227914148	0.9375244204699	0.541536720540973	NA	0.863122898824209	1.51548576723221	1.546541519611	0.349531449480301	NA	1.05169904996413	0.728833595018094	NA	0.656079638570649	1.05931606977852
NA	NA	NA	NA	NA	NA	NA	NA	NA	NA	NA	NA	NA	NA	NA	NA	NA	NA	NA	NA	NA	NA	NA	NA	NA	NA	NA	NA	NA	NA	NA	NA	NA	NA	NA	NA	NA	NA	NA	NA
NA	NA	NA	NA	NA	NA	NA	NA	NA	NA	NA	NA	NA	NA	NA	NA	NA	NA	NA	NA	NA	NA	NA	NA	NA	NA	NA	NA	NA	NA	NA	NA	NA	NA	NA	NA	NA	NA	NA	NA
NA	NA	NA	NA	NA	NA	NA	NA	NA	NA	NA	NA	NA	NA	NA	NA	NA	NA	NA	NA	NA	NA	NA	NA	NA	NA	NA	NA	NA	NA	NA	NA	NA	NA	NA	NA	NA	NA	NA	NA
NA	NA	NA	NA	NA	NA	NA	NA	NA	NA	NA	NA	NA	NA	NA	NA	NA	NA	NA	NA	NA	NA	NA	NA	NA	NA	NA	NA	NA	NA	NA	NA	NA	NA	NA	NA	NA	NA	NA	NA
1.50828922177867	1.16043048870555	NA	1.33375582863709	1.16474908477132	NA	0.691285137728709	1.32931057393145	NA	1.00352101131345	NA	0.79817882746916	0.660394547300986	NA	0.73654382972757	NA	NA	NA	0.767143545279141	0.853965090387808	1.64474720234246	0.732287525952648	0.547328752308089	0.514193235823735	0.935810304625832	0.741689118567347	NA	0.398251465172499	0.338675294945487	0.554143067053543	0.608703323541961	NA	NA	NA	0.61623412509778	0.53886344559842	0.5408899960349	NA	NA	NA
1.40286796441499	1.40859293672213	0.982827394495878	1.23085307550931	1.37882256437987	1.05606375939767	0.75692102744776	1.04767718839882	NA	0.742216249195936	NA	NA	0.414768933391242	0.547808065641292	0.715229066322482	0.77575113787868	NA	0.258348998161233	NA	0.613914095201868	NA	NA	0.641857523776177	0.520232220920795	NA	NA	NA	NA	0.670538735369908	0.695571102480371	0.193006842250041	NA	NA	NA	NA	NA	1.23985794076113	NA	NA	NA
NA	NA	NA	NA	NA	NA	NA	NA	NA	NA	NA	NA	NA	NA	NA	NA	NA	NA	NA	NA	NA	NA	NA	NA	NA	NA	NA	NA	NA	NA	NA	NA	NA	NA	NA	NA	NA	NA	NA	NA
0.486069158005849	0.572484550043891	NA	NA	NA	0.365400499092293	0.488550625827862	NA	0.562099785865138	NA	0.446918586200001	0.630480600151363	NA	0.45685159799565	0.702291268448271	NA	0.364476187177333	0.0880834012365126	0.38236782469752	0.500430228652625	1.14252545527376	0.92939418815708	NA	NA	0.516302501268236	0.527294276175975	NA	0.398452068498787	0.922253389574788	0.544209616799917	0.566638681507179	0.336779931031913	0.479603385063823	NA	0.741345680224975	0.500685044259868	0.691949637078709	NA	NA	NA
NA	NA	1.64896291569649	NA	1.46054485143714	NA	NA	0.871605999828877	NA	NA	NA	NA	NA	NA	0.438931990278264	0.709590766535483	NA	NA	NA	1.12561181157105	NA	1.38529749137352	1.23977794245934	NA	NA	NA	NA	NA	NA	NA	NA	2.33855163905229	2.00631071839263	NA	NA	NA	0.965183000089477	NA	NA	NA
0.542829387148283	NA	NA	0.719776351326315	0.739265060794444	NA	NA	NA	NA	NA	NA	NA	NA	0.487973425737413	0.523353021537368	NA	NA	1.20192353955295	0.908861114941378	1.28626001783661	0.89687152900472	0.852657709680658	0.761842251042589	0.979189404757551	1.14749038723679	0.810713969868411	1.04316158725338	0.547376069085869	1.06961902289049	0.752222428785279	0.712619651730813	0.678382772631311	NA	0.188081822847587	0.986279093596165	0.930420915723728	NA	NA	NA	NA
NA	NA	NA	NA	NA	NA	NA	NA	NA	NA	NA	NA	NA	NA	NA	NA	NA	NA	NA	NA	NA	NA	NA	NA	NA	NA	NA	NA	NA	NA	NA	NA	NA	NA	NA	NA	NA	NA	NA	NA
NA	NA	NA	NA	NA	NA	NA	NA	NA	NA	NA	NA	NA	NA	NA	NA	NA	NA	NA	NA	NA	NA	NA	NA	NA	NA	NA	NA	NA	NA	NA	NA	NA	NA	NA	NA	NA	NA	NA	NA
NA	NA	NA	0.842593381546692	0.705871819001563	0.658334129266406	1.16345323397494	NA	NA	NA	2.24078107166753	2.33038510899964	NA	0.647631986853008	NA	0.973295693631844	NA	NA	0.619014562309783	0.707510113304318	NA	0.184626991150949	0.780819563915542	0.914182799867379	NA	0.647981284175931	NA	NA	NA	NA	NA	0.538537224717602	NA	NA	0.473404300339599	2.78287035489815	2.30798404586085	NA	NA	0.901517946308888
2.80865358680209	2.16424433002662	2.78201350320265	2.57598980833911	2.65465999057167	1.66702941455741	1.46646417663582	NA	NA	NA	NA	NA	1.03797650863464	0.809069139815008	NA	0.335706797042482	NA	0.698826951475623	0.638948822008731	0.754304360951065	NA	0.834785131425859	0.491910176012829	0.300921524863338	1.10947269115295	NA	0.669753291621243	1.11067430832872	NA	NA	0.145053199122196	0.679561408890432	0.444013067580574	NA	1.4552449335607	1.18256026827047	NA	NA	0.622739213619593	0.243704697473842
0.972851027043081	1.49371009239204	1.55852477641883	NA	1.27355127684992	NA	NA	1.51156898108569	NA	1.79021723885601	1.20775052656889	1.11047679570816	1.03348416663566	NA	0.926590125141882	0.698226677023283	NA	1.04704866985252	1.11550662487671	1.08461280774368	NA	1.05801768570634	NA	1.19925550028426	NA	NA	NA	NA	1.54711952081787	1.34499443661017	NA	1.27305066578704	1.32359110868933	NA	NA	0.887071816420548	1.24238165923759	NA	NA	NA
1.42234020496528	1.35556634659944	1.51720545489368	NA	1.15294829538681	1.37208923189792	1.49808062232215	0.627345438811516	NA	NA	0.695112553692359	0.390803842808213	NA	1.0413456685011	0.235290584011377	0.215366843761142	NA	0.662913894335066	0.839044213963	0.32488317620213	0.346638023168061	NA	0.899836564012077	0.748885042052037	1.47653800356887	1.1197600709397	1.06058392610696	0.831687213754895	0.913308444669778	0.777469499777168	0.569693777316703	0.814663209050499	0.816851434638414	0.774110997937421	0.766345185366806	0.443024731133971	0.298737231985613	NA	0.387476252043174	0.57342764850864
NA	NA	NA	NA	NA	NA	NA	NA	NA	NA	NA	NA	NA	NA	NA	NA	NA	NA	NA	NA	NA	NA	NA	NA	NA	NA	NA	NA	NA	NA	NA	NA	NA	NA	NA	NA	NA	NA	NA	NA
NA	NA	NA	NA	NA	NA	NA	NA	NA	NA	NA	NA	NA	NA	NA	NA	NA	NA	NA	NA	NA	NA	NA	NA	NA	NA	NA	NA	NA	NA	NA	NA	NA	NA	NA	NA	NA	NA	NA	NA
2.76098017216838	2.76256297456873	NA	NA	0.407854463099092	NA	NA	2.46901526670136	NA	1.09474339030477	NA	0.858337593984657	2.68671359308425	NA	NA	0.975688675082625	NA	1.02904060330687	0.995218235201876	0.723750697739383	NA	0.467518889557281	0.864615942540394	0.556298504499429	0.887440991988978	NA	1.80910574205772	1.50138036695896	1.13362498498317	1.71309662939824	NA	1.5401878192286	1.02006726681632	NA	1.46895973979271	NA	NA	NA	0.67830515962488	0.409239274242814
0.803195802955111	NA	NA	NA	NA	NA	0.78742684729568	NA	NA	NA	NA	NA	1.64240357069645	0.930701975680646	NA	NA	NA	NA	NA	1.06017326743253	0.676192139509086	1.19418529967033	NA	0.836359025681337	0.941959815861227	0.834412703041885	NA	0.883589077364822	1.11920276382526	0.991553980004188	1.36739291841693	NA	1.50401555770145	NA	0.893976511669688	1.03449677796962	NA	NA	1.96771525952338	NA
NA	NA	NA	NA	NA	NA	NA	NA	NA	NA	NA	1.65917109293832	NA	1.4294585515337	1.2332994050827	NA	NA	NA	1.01054653056673	1.33127985493374	2.32635160891914	NA	NA	0.708580550029333	0.426673544668789	NA	NA	0.556878221669989	0.299052769731193	0.27000834188717	NA	0.436673736055213	NA	NA	NA	NA	0.30395530538849	NA	0.527883706684223	NA
NA	NA	1.24149610084952	NA	1.06814715833883	0.879517112808316	NA	NA	NA	NA	NA	NA	0.453059756255028	NA	0.145862913337101	NA	NA	NA	NA	0.689336683976099	NA	0.565362649344164	1.0577514801493	1.13564322044619	0.975057392915218	0.814767011975031	NA	NA	NA	NA	NA	NA	1.17352973233709	0.778712307015943	NA	NA	0.405190553060561	NA	NA	NA
NA	NA	NA	NA	NA	NA	NA	NA	NA	1.13189918773114	0.957301178065001	0.711816946531647	2.07887549367878	0.823201966233356	NA	NA	NA	NA	1.30518319806384	NA	NA	NA	NA	NA	NA	NA	NA	0.241001341142025	NA	NA	NA	NA	0.638150273306162	NA	0.518798804001714	NA	0.19818888612113	NA	NA	0.553917907152358
1.38579123878934	0.414140581100974	0.515872876929645	1.03376397032701	1.60755888730501	NA	0.460173994679475	1.08696200416299	NA	NA	0.459190554241998	0.871618005978419	NA	0.207639705696977	0.699355227530982	0.664252311763829	NA	0.567629667217143	NA	NA	NA	NA	NA	0.575623980140755	NA	0.844425746308382	NA	NA	NA	NA	NA	NA	NA	NA	NA	1.50860373493101	NA	NA	NA	0.432200021051404
0.715997125354911	NA	NA	1.33751773699865	0.936687383171736	0.938823032470228	1.17741368434804	NA	NA	NA	NA	0.472725951603986	0.446609672356331	0.583813758823058	0.225660220104454	0.637440117726696	NA	1.01652285014892	NA	1.30602694868576	1.6726514045169	NA	1.42829058073702	1.50394038191202	1.3928042561978	1.19412861348475	1.50231230881928	1.12513519960408	NA	NA	NA	0.74232413665741	0.718675885333751	0.509223234995189	0.736397547943147	1.02183165818668	0.848778664420644	NA	0.440284186559193	0.78758226545696
NA	NA	NA	0.693659870759322	0.796439386672423	NA	NA	NA	1.67548018647504	NA	NA	NA	NA	1.33391251278412	1.49784649047425	1.32032802929765	NA	1.05413093193166	NA	NA	NA	0.874859547662105	0.666517930054625	0.444472293891178	0.3111412868214	NA	NA	1.70943953930362	NA	0.381422797297744	NA	0.426044272365221	NA	NA	NA	NA	NA	NA	NA	NA
1.8755764113878	NA	1.65013434654785	NA	0.796444067610036	1.37945272288595	NA	0.496953119477458	NA	NA	NA	NA	0.493761132028678	0.610377478884622	NA	0.707031243826566	NA	1.26276710762522	1.83958566779383	1.44785426995264	NA	1.55049970817492	0.996506019798749	0.987986760079601	0.826307439874084	NA	NA	2.3364322954548	2.18758949937379	2.44806707304212	NA	2.81037974824054	1.03936337043488	1.49419384607425	1.6388941378583	1.72211185321226	0.944140950984767	NA	0.7861791253923	NA
0.838302276624825	NA	1.09059438533397	0.796435665036726	1.10942797949393	NA	NA	0.568584233622889	NA	1.17489960950214	NA	NA	0.70319722722466	NA	NA	NA	NA	NA	NA	NA	0.962477227105496	NA	1.28460134719219	1.59711826695408	1.75318397315951	NA	NA	NA	NA	1.8138116495822	0.656838156676378	NA	NA	NA	NA	NA	NA	NA	1.11971948635715	1.91862483193541
1.10521255059864	1.16360762163975	1.09105319263182	0.903117380063934	1.07280777672952	1.16137098383869	0.615412176985857	1.1602871096572	NA	0.78087410809275	NA	1.09652957250926	1.11990140289394	0.956663261246604	0.452032280822909	0.803379591372161	NA	0.268305034726875	0.822723540503731	0.982888430250163	1.63458816095847	0.915662013915321	0.878405669904982	0.999894815385596	NA	1.10623797829715	NA	NA	0.193340979818108	0.290817454087549	0.651072200944197	NA	0.718309099774151	0.641719304985981	0.413630391382591	0.307449173351939	NA	NA	0.349777215978411	0.202340116752246
0.731012023613889	1.23216806604438	0.695232028335035	0.945338775383653	NA	0.777950772689119	0.443340377668127	0.933328110061164	NA	0.832869392009209	1.02856001386919	NA	NA	0.502710221146411	0.69933596103941	0.744172142686131	0.509162120818153	0.625227025501564	0.950148109642863	0.454973734231151	0.664843425049125	0.344260811015902	0.739672877221891	0.618343953378679	0.544317830102295	NA	NA	1.18695337449553	NA	NA	0.233126263043373	0.524663196471169	0.263576816171242	0.686048549875725	0.856942591886071	NA	0.733946055865118	NA	0.410255955589148	0.733157925334792
2.31344757266492	1.9229905682757	1.99857390764759	2.0574002147535	2.02548218337397	2.87268451281065	4.32697990415867	3.05446466539235	NA	4.07489770861493	3.30426038908152	NA	3.3720167849306	0.587703844762996	NA	1.68078510442436	1.07422312919228	0.926598040952584	2.02543449898403	0.793255315650309	NA	1.0061264596363	1.32893899970344	NA	2.53104408364352	2.19171991831939	NA	2.07044423978155	1.48292578005767	1.1484477362347	2.06759546979485	1.28935153313434	1.2572317783556	NA	2.89542228564097	2.33824822181532	NA	NA	NA	2.36876705038234
NA	NA	NA	NA	NA	NA	NA	NA	NA	NA	NA	NA	NA	NA	NA	NA	NA	NA	NA	NA	NA	NA	NA	NA	NA	NA	NA	NA	NA	NA	NA	NA	NA	NA	NA	NA	NA	NA	NA	NA
0.558725707555732	NA	NA	0.545630655665283	0.513546671866599	NA	NA	NA	NA	NA	NA	NA	NA	NA	0.748590688152162	NA	NA	0.615611665018969	0.421481993508381	0.713712527485386	0.729372992442359	1.07931871267746	0.987303440663135	1.15657529379295	1.03015206277247	0.773844295860061	0.875474485483982	0.538386972408146	0.880614464871399	0.608458897966068	NA	0.983075057074712	0.942534060453767	NA	1.1523654885832	0.834494655262328	NA	NA	0.496362721070996	0.401557480629651
1.96389684555	1.8404930469852	1.68353678739299	2.15942373382922	2.15529189492449	2.26535498986617	2.0815777935981	NA	NA	NA	1.94146610173449	NA	1.76773689166221	1.3208183021608	1.58272137783873	2.28072782032412	NA	2.43054970474268	2.27185845753004	NA	2.06453313329415	2.48511152506048	2.89430027151159	2.54395572317698	2.35385884923057	2.1041183890754	1.51758199584706	1.88347381039747	2.09435308755677	1.76922137168976	NA	1.95424061413587	1.74394000900548	1.95008505176422	1.72558293883035	1.49784213005888	1.93340357053361	NA	NA	NA
NA	NA	NA	NA	NA	NA	NA	NA	NA	NA	NA	NA	NA	NA	NA	NA	NA	NA	NA	NA	NA	NA	NA	NA	NA	NA	NA	NA	NA	NA	NA	NA	NA	NA	NA	NA	NA	NA	NA	NA
1.50108041453251	1.6918164558786	NA	NA	2.59363278705594	2.0611460824037	1.6759596609527	1.92472388075882	NA	NA	1.70275351477805	1.7584206158084	1.81828176387344	1.8140680825458	1.7781689852879	1.21875723883821	NA	1.26442867552892	1.01495989565886	1.88951242768048	1.08128154987259	0.85528151619467	2.60182894854719	0.597114601786436	0.678470800756484	NA	0.75383411721011	0.292780676660831	0.430700609829691	0.193813227613469	0.473610959211981	1.38630930559694	0.343295739949968	0.776371433426695	0.426661224950364	2.19829696360985	0.346184624963289	NA	0.341673922207548	0.692383756369117
0.748605035705739	0.864856636344197	1.11243204499408	1.09846726091332	0.854664336165146	0.89290350708538	0.385109818615957	0.313226405289512	NA	NA	NA	NA	NA	NA	NA	NA	NA	0.814246653080278	0.198036097828513	NA	NA	0.737471869596286	0.753049592704797	1.15736479774357	1.0508965584187	0.684834199036865	0.995271555650281	NA	NA	1.06777286498048	NA	NA	0.869154133575491	1.03162678188819	0.766740594990924	NA	0.625110673456671	NA	NA	NA
2.54272629364386	0.588468596432019	0.594551600815087	1.03259968245401	0.817015838002186	0.617870839080723	1.43888158331056	NA	NA	0.812086951902717	1.29002364849545	0.969402867256164	1.24314690385391	0.55357862323252	1.19413432906405	NA	0.688283136891257	NA	1.37791311484088	NA	1.30571764343907	NA	NA	1.540348892787	0.923487073528801	0.990030282847831	1.42930496528686	NA	2.36975053719409	NA	NA	NA	NA	NA	NA	1.40633883438412	NA	NA	NA	NA
1.65073508106789	NA	0.773539985847344	2.10771213495509	1.91264109077543	1.42542834819455	NA	NA	0.33641846069976	1.24957368131313	NA	0.937784388813544	1.22049993643092	0.77772188539831	NA	0.732760632096211	NA	NA	1.05341451268884	0.73392346508802	0.838576654211778	0.673588629628858	1.17048410488489	1.12134083363174	0.997207069502746	0.819957833759788	1.29739318754925	1.11589738931544	1.27830904101587	0.701029947702874	0.65302747134356	NA	0.673032962029628	0.58572098463015	0.302727335976045	0.673962298218318	0.268405326537846	NA	0.496143326294795	NA
NA	NA	NA	NA	NA	NA	NA	NA	NA	NA	NA	NA	NA	NA	NA	NA	NA	NA	NA	NA	NA	NA	NA	NA	NA	NA	NA	NA	NA	NA	NA	NA	NA	NA	NA	NA	NA	NA	NA	NA
NA	NA	NA	NA	NA	NA	NA	NA	NA	NA	NA	NA	NA	NA	NA	NA	NA	NA	NA	NA	NA	NA	NA	NA	NA	NA	NA	NA	NA	NA	NA	NA	NA	NA	NA	NA	NA	NA	NA	NA
0.743712733299174	NA	1.89438845916375	NA	0.747493114312022	0.349047573547391	0.753606223109124	NA	NA	1.07544767823259	0.43759591082593	NA	0.751631890734111	0.762958952074394	0.646999494566688	0.43877255444935	0.635782535427159	0.650357732312223	0.584557522833266	0.684663729066753	1.29200588657024	1.07893693962612	1.32379922860031	1.73872676497343	NA	NA	NA	1.15129024200518	NA	1.18642742545322	NA	0.642649891022726	0.586251898773263	NA	0.503846124224444	0.718509904829194	0.410818477416414	NA	0.871883387399882	NA
NA	NA	NA	NA	NA	NA	NA	NA	NA	NA	NA	NA	NA	NA	NA	NA	NA	NA	NA	NA	NA	NA	NA	NA	NA	NA	NA	NA	NA	NA	NA	NA	NA	NA	NA	NA	NA	NA	NA	NA
0.555543552776845	1.10440738558401	0.786927212278159	0.465024413989092	0.644359054883704	0.853070226537154	0.683373190468608	NA	1.22057268395598	NA	0.53473101446046	0.764209832619673	NA	0.662446323734403	0.669966657067101	NA	NA	0.312643267566445	0.654221095932551	0.299280447045183	0.303384684257501	0.193335629921372	0.38547910787413	0.393509147854028	0.66056193643382	0.240219831740282	0.38735293013643	NA	1.16044819739812	0.901033503282583	0.918914011465887	0.858012585368893	0.765884796200028	0.490952220367015	0.670729608099727	0.453618593734844	0.201758260444923	NA	0.475319260033294	NA
0.813998348269091	1.06310643662128	NA	NA	0.811805402889326	0.983351187665404	NA	1.36062575168134	NA	1.7234993939257	NA	1.15048300768397	1.07414140474372	0.646421901409127	0.242068791973429	0.803543777236087	NA	1.08831186817912	NA	0.612176417446871	NA	0.692985244575986	0.660707406480873	NA	NA	0.835569089552272	0.607206792544686	NA	0.247712140736914	0.47266648934831	0.518385546661327	0.620974966028643	1.0015429438648	NA	0.629940040813761	1.26357002516651	0.876341760708703	NA	0.576744466143617	1.34530754815881
NA	1.5780802763228	1.20863185665341	0.967855030228586	1.24903323578284	1.46911776688082	1.43868215629152	1.11341160777371	NA	NA	0.916859640251846	0.620750036313677	NA	0.334754963742135	0.417876553631377	NA	NA	0.35474526455047	0.735446144914063	0.716346921610921	0.919026162572152	NA	0.752952031581489	0.742466789232284	0.784285966500466	0.94824363192691	0.57675448916836	0.657100075936999	NA	0.867088817383749	NA	0.508627583095527	0.525935200569791	0.423686509434212	NA	NA	0.521739920597025	NA	1.50523956177869	NA
NA	NA	NA	NA	NA	NA	NA	NA	NA	NA	NA	NA	NA	NA	NA	NA	NA	NA	NA	NA	NA	NA	NA	NA	NA	NA	NA	NA	NA	NA	NA	NA	NA	NA	NA	NA	NA	NA	NA	NA
NA	NA	0.893879101922369	1.26674935122279	NA	0.453471969673317	1.3037041639563	NA	0.431574455938523	NA	1.01590711731372	0.223056809313974	0.56533944399603	1.30765731847386	0.422073866938824	NA	NA	NA	0.640897737953861	NA	0.921105205222198	1.53722581140714	0.50643803766152	0.578538202294461	0.538565370921051	1.15920824568229	NA	0.825462881815581	0.496194851605092	NA	0.434027551885771	0.482596854636264	NA	0.369693376625998	NA	0.950069575933347	NA	NA	NA	0.808228494789894
NA	NA	NA	NA	NA	NA	NA	NA	NA	NA	NA	NA	NA	NA	NA	NA	NA	NA	NA	NA	NA	NA	NA	NA	NA	NA	NA	NA	NA	NA	NA	NA	NA	NA	NA	NA	NA	NA	NA	NA
NA	1.10006264017789	1.1878349196578	1.0629926716877	NA	NA	0.638592145164963	0.416172931836688	NA	0.516216563913218	0.502563796860535	0.96590837042797	1.12511597477346	NA	NA	1.03920066248895	1.39827099006025	NA	1.32564395609748	1.58196923458418	1.27426879976367	1.7764875657357	0.855675710315299	0.943063958871011	1.41222130798389	1.72605164120671	NA	1.5245586387694	1.34469609642755	1.11761870505977	0.586421619746251	0.505359216128664	0.841182686427864	1.21069240610526	0.899159546032501	1.16775309267315	NA	NA	1.09782794540335	1.97810750701421
0.790837251989664	NA	0.989302849504003	0.60361699726643	0.567686682871558	0.810182408984241	NA	0.763351085588429	NA	0.599160086643239	0.943114022049984	NA	NA	0.301714622462438	0.513955469662516	0.395154279537733	NA	NA	1.001463801647	0.943406789323455	1.0692957789023	0.918335422372876	NA	0.584395690259935	0.344597594781887	0.480137878093673	NA	0.315634839765937	NA	NA	0.743357077755933	0.603889747763774	0.50160174811091	NA	0.786017918038966	NA	NA	NA	0.692428875024564	NA
NA	2.33579953870028	NA	NA	1.33046128826954	NA	NA	NA	NA	NA	NA	0.944007914847486	NA	NA	NA	NA	NA	0.285482032602936	NA	NA	NA	NA	NA	NA	NA	0.566286138423232	NA	NA	NA	NA	NA	NA	0.416592023509994	NA	NA	NA	NA	NA	NA	1.83671963876845
1.69223311758072	NA	NA	3.24148639583174	3.02221480807479	3.11269098099165	1.43822277627085	1.58049326005004	1.69689459349534	3.15440109511924	1.66172311106936	2.74729284155702	1.565112671346	2.61741889090069	2.60365221716152	NA	2.15628298948486	1.7575638699195	2.11936440826059	2.46320781890502	NA	2.30060355063774	2.15288133787055	1.64805390436011	1.51272491202795	1.50345600173709	1.63412656499187	1.42936073945042	1.50731596303812	1.47426422976026	NA	NA	0.886107159238801	NA	0.483365391469481	1.58090282495272	NA	NA	NA	NA
NA	0.825562232421897	0.931414798660544	0.79120545354316	0.439031687160133	0.333606501401192	NA	0.518603745695306	NA	NA	NA	2.01179346012529	0.396126452281514	1.49222442476245	NA	0.916176674535681	1.26454233876837	NA	NA	0.506553638846104	NA	NA	1.0761829216942	NA	1.0719660861278	1.47073265505587	NA	NA	NA	NA	1.14429609438164	NA	0.805111636664203	NA	0.346790336608344	0.719103173786994	0.929484061573686	NA	0.839229190565415	NA
0.786516794280764	0.739109709024139	0.291771264446298	0.37332976783781	0.542648285428666	0.639586198197285	NA	0.57167998277598	0.81616746468735	0.655041526367787	NA	NA	NA	0.407224297380816	0.921606120105655	0.850397906638696	1.62376401789993	0.492181675241192	0.353630321645561	0.476599977301186	NA	0.781959271248837	0.989277910002565	0.902938803812088	0.987921707700771	0.575509076956913	NA	1.38381408984872	0.938934430003934	0.311058467309127	0.530123337861185	0.319331271552951	0.668377637687395	0.388797744660379	0.611815543288287	0.358015506179969	0.697024477553863	NA	0.370653759473099	NA
NA	NA	NA	NA	NA	NA	NA	NA	NA	NA	NA	NA	NA	NA	NA	NA	NA	NA	NA	NA	NA	NA	NA	NA	NA	NA	NA	NA	NA	NA	NA	NA	NA	NA	NA	NA	NA	NA	NA	NA
NA	NA	NA	NA	NA	2.79783857257057	NA	NA	NA	NA	NA	1.31326066231717	NA	NA	NA	NA	NA	1.53058158968049	NA	1.24460392779995	NA	NA	NA	2.14474228174789	NA	NA	NA	NA	1.53097607471694	2.02143147609027	NA	NA	NA	NA	NA	NA	1.458775453424	NA	NA	NA
NA	NA	NA	NA	NA	NA	NA	NA	NA	NA	NA	NA	NA	NA	2.20706896934919	1.97887310730281	NA	NA	0.895794881625588	NA	NA	0.439301583010731	0.246063558929108	0.365712457057758	NA	0.589876146065253	NA	0.314858657978693	0.488490498225021	NA	NA	0.635031902236281	NA	0.612488881542862	0.537993070831674	0.510015101539194	NA	NA	NA	NA
2.46935296186439	NA	2.18244187565564	2.06059156155262	1.59344734118201	1.86163435242782	1.39494172752981	1.15797362789976	2.837877857772	1.17236192400424	1.14367238651292	1.76046522059695	1.54893226094864	1.35756566891889	1.22353948036409	0.678199901352991	0.873590709631594	1.36207428579371	1.23274698843743	1.31886021347731	1.9195085565672	1.03704546877715	1.50108212960427	1.10952747055466	1.52823633287213	NA	1.66656390060628	1.68440841541822	1.32214932819098	1.22870301600136	1.05561442311291	1.00849696066235	1.32744525670354	0.981606363992669	0.883172660496782	0.72241306889129	0.420755801250693	NA	0.214572841678045	0.391159690661625
NA	NA	NA	0.534174050786903	0.859574375762263	0.665861758248689	NA	0.861624902849774	NA	NA	0.699900351272851	NA	NA	NA	1.21438178542812	0.850580422478952	NA	2.69513537819777	0.940455480406103	NA	NA	1.23164897196945	NA	NA	1.79282186649612	NA	NA	NA	1.52380995768589	NA	NA	NA	NA	NA	NA	1.30588032838156	0.794418577880232	NA	NA	0.405107355277748
NA	NA	NA	NA	NA	NA	NA	NA	NA	NA	NA	NA	NA	NA	NA	NA	NA	NA	NA	NA	NA	NA	NA	NA	NA	NA	NA	NA	NA	NA	NA	NA	NA	NA	NA	NA	NA	NA	NA	NA
NA	NA	NA	NA	NA	NA	NA	NA	NA	NA	NA	NA	NA	NA	NA	NA	NA	NA	NA	NA	NA	NA	NA	NA	NA	NA	NA	NA	NA	NA	NA	NA	NA	NA	NA	NA	NA	NA	NA	NA
NA	NA	NA	NA	NA	NA	NA	NA	NA	NA	NA	NA	NA	NA	NA	NA	NA	NA	NA	NA	NA	NA	NA	NA	NA	NA	NA	NA	NA	NA	NA	NA	NA	NA	NA	NA	NA	NA	NA	NA
NA	NA	NA	NA	NA	NA	NA	NA	NA	NA	NA	NA	NA	NA	NA	NA	NA	NA	NA	NA	NA	NA	NA	NA	NA	NA	NA	NA	NA	NA	NA	NA	NA	NA	NA	NA	NA	NA	NA	NA
1.44799667694753	1.50958595257006	1.93913995361657	NA	NA	NA	NA	NA	NA	NA	NA	1.68150863522997	NA	NA	1.53140227500389	NA	NA	2.01816629504239	2.12233293406495	NA	NA	NA	2.74351546675111	2.78501242425792	NA	1.64947188287403	NA	1.58732399372607	1.86309297401622	1.85913863466557	1.60018412459157	NA	NA	2.23175325484397	NA	NA	1.35220257958615	NA	NA	NA
NA	NA	NA	NA	NA	NA	NA	NA	NA	NA	NA	NA	NA	NA	NA	NA	NA	NA	NA	NA	NA	NA	NA	NA	NA	NA	NA	NA	NA	NA	NA	NA	NA	NA	NA	NA	NA	NA	NA	NA
NA	NA	NA	NA	NA	NA	NA	NA	NA	NA	NA	NA	NA	NA	NA	NA	NA	NA	NA	NA	NA	NA	NA	NA	NA	NA	NA	NA	NA	NA	NA	NA	NA	NA	NA	NA	NA	NA	NA	NA
NA	1.24183448977937	0.632782798950984	0.256869526167276	NA	NA	0.314452730037729	NA	NA	0.73949153305406	NA	NA	0.439271051865618	0.424421210151395	NA	NA	1.05319824786504	0.740689366414541	0.576055647272976	0.424954476324172	0.435015610187419	NA	NA	0.425509734530355	0.67653701856103	0.786495602230423	0.732691013897162	0.347986067244004	0.276714055726111	0.721999592430778	NA	1.45107538742973	0.405846399679587	NA	0.121934489790707	0.223067024349553	0.404085309363268	NA	0.970545194325651	0.198676544556152
NA	NA	NA	NA	NA	NA	NA	NA	NA	NA	NA	NA	NA	NA	NA	NA	NA	NA	NA	NA	NA	NA	NA	NA	NA	NA	NA	NA	NA	NA	NA	NA	NA	NA	NA	NA	NA	NA	NA	NA
NA	NA	NA	NA	NA	NA	NA	NA	NA	NA	NA	NA	NA	NA	NA	NA	NA	NA	NA	NA	NA	NA	NA	NA	NA	NA	NA	NA	NA	NA	NA	NA	NA	NA	NA	NA	NA	NA	NA	NA
NA	NA	NA	NA	3.25032218959134	NA	NA	NA	2.88808667289945	NA	NA	2.78468475920884	3.03600962024117	2.7280748380645	2.66175342479534	NA	NA	2.22872892014173	2.55936151679615	NA	NA	2.49249483235014	2.25767033680274	NA	NA	1.84342705726443	2.64076270083871	1.71712466410251	1.51060311935178	NA	NA	1.04739150918111	NA	0.843537872740978	0.653287253073967	0.535376316510007	0.625705322447897	NA	0.775630838977053	2.29371815756162
NA	NA	NA	NA	NA	NA	NA	NA	NA	NA	NA	NA	NA	NA	NA	NA	NA	NA	NA	NA	NA	NA	NA	NA	NA	NA	NA	NA	NA	NA	NA	NA	NA	NA	NA	NA	NA	NA	NA	NA
NA	NA	0.26906662657705	NA	NA	NA	NA	NA	NA	NA	0.912362197066978	NA	NA	NA	NA	NA	NA	NA	0.37412045475187	NA	NA	NA	NA	0.779873327161565	NA	0.894025958574324	NA	NA	NA	0.881446119606858	NA	1.10005200446124	NA	0.417460954760283	NA	NA	NA	NA	0.23281774136732	1.88708523644406
0.665807036551057	NA	1.06677981043525	0.684648656439979	0.958573302513391	0.591499334217518	NA	0.466532145420443	NA	NA	NA	0.879163472771065	0.71654670365781	0.73304139576268	0.517863492019342	0.702109534409338	NA	0.693649457260605	1.24313438783824	0.803947247769931	NA	1.09669142915461	NA	1.54309648496324	NA	NA	NA	1.42190056629145	NA	0.155534515315188	NA	0.910601161271292	NA	1.10282516183919	0.652610899470325	0.493992362844145	0.303258505357235	NA	0.53640134837264	0.507865792760801
NA	NA	0.542401247128134	0.748317263515236	NA	1.02114931975022	0.288576577532283	0.368709271200356	NA	NA	0.35045155319997	0.471817717305299	0.480902576370692	0.855659557033021	0.657431795731679	NA	NA	NA	NA	0.565756452048693	NA	0.466008730133958	0.807630969952168	NA	0.533469086838905	0.871362245499217	NA	0.843824316503406	0.718109252504109	0.829502657749347	0.760353981685815	0.717632159010729	NA	NA	0.359097743821242	NA	0.384982078814191	NA	0.244963704965278	0.368399200242505
NA	NA	NA	NA	NA	NA	NA	NA	NA	NA	NA	NA	NA	NA	NA	NA	NA	NA	NA	NA	NA	NA	NA	NA	NA	NA	NA	NA	NA	NA	NA	NA	NA	NA	NA	NA	NA	NA	NA	NA
NA	NA	NA	NA	NA	NA	NA	NA	NA	NA	NA	NA	NA	NA	NA	NA	NA	NA	NA	NA	NA	NA	NA	NA	NA	NA	NA	NA	NA	NA	NA	NA	NA	NA	NA	NA	NA	NA	NA	NA
0.486170363523957	0.569258480153505	0.342878282167221	0.644701821652639	0.610304317224389	NA	NA	0.482086556156537	NA	1.85487658160672	0.797514251448593	1.09990745054516	1.1818468758545	0.874732520648849	0.823727472759824	1.0656350697206	NA	NA	1.10741906679742	NA	NA	1.08214550861771	0.821429639339655	1.02239112306458	0.868418868347678	0.746235683710079	1.25003054832003	0.980907745938503	0.959464148727765	0.768841886197208	NA	NA	0.442371938600178	0.330823224997877	0.628459907480853	NA	0.575752684339825	NA	0.839474174385977	0.399599743963961
NA	NA	NA	NA	NA	NA	NA	NA	NA	NA	NA	NA	NA	NA	NA	NA	NA	NA	NA	NA	NA	NA	NA	NA	NA	NA	NA	NA	NA	NA	NA	NA	NA	NA	NA	NA	NA	NA	NA	NA
NA	NA	NA	NA	NA	NA	NA	NA	NA	NA	NA	NA	NA	NA	NA	NA	NA	NA	NA	NA	NA	NA	NA	NA	NA	NA	NA	NA	NA	NA	NA	NA	NA	NA	NA	NA	NA	NA	NA	NA
0.622588180263301	NA	NA	NA	NA	NA	0.501955431394478	0.830402734800849	NA	NA	0.977364119321736	NA	0.488348026130636	NA	NA	0.267163805230031	NA	NA	NA	NA	NA	0.516016817375158	0.650095671728183	0.422536744283546	0.413265189032214	0.37773473946408	NA	NA	NA	0.592668050130446	0.570934009006296	0.0680994793673881	NA	NA	0.320363686178738	NA	NA	NA	NA	NA
NA	NA	NA	NA	NA	NA	NA	NA	NA	NA	NA	NA	NA	NA	NA	NA	NA	NA	NA	NA	NA	NA	NA	NA	NA	NA	NA	NA	NA	NA	NA	NA	NA	NA	NA	NA	NA	NA	NA	NA
NA	NA	NA	NA	NA	NA	NA	NA	NA	NA	NA	NA	NA	NA	NA	NA	NA	NA	NA	NA	NA	NA	NA	NA	NA	NA	NA	NA	NA	NA	NA	NA	NA	NA	NA	NA	NA	NA	NA	NA
0.427380745551245	0.611420768536073	NA	NA	0.337759630719196	0.0924628760801136	0.15189196236123	0.609056407239931	0.395455323570674	NA	0.205391310341237	NA	NA	NA	NA	0.902162616025001	NA	1.07260669158766	0.805881532765428	0.654725682053167	NA	0.752372837283011	0.62844030729223	0.623530087084857	NA	0.627228568380394	0.749869263192636	NA	0.631536174764879	0.784395541478671	NA	NA	NA	NA	NA	NA	0.548373794869924	NA	0.516614904252143	0.493855076505202
NA	NA	NA	NA	NA	NA	NA	NA	NA	NA	NA	NA	NA	3.00476490610443	NA	1.9795516143116	NA	2.23833041111306	NA	2.58009086187093	NA	NA	1.51617823081833	NA	NA	NA	NA	1.38546697242829	NA	1.64922113469082	NA	NA	0.457745238352339	0.804318728019691	NA	NA	0.938457007620639	NA	1.04968708422515	1.51554238305086
NA	NA	NA	NA	0.723553451172808	0.565748437661618	NA	NA	NA	NA	NA	NA	0.351045838750215	NA	0.0837770940933999	NA	NA	NA	NA	0.480333627330634	NA	0.437298920875079	0.626484377331242	NA	NA	0.621619772290407	NA	NA	NA	NA	NA	NA	NA	0.572167211266183	NA	NA	NA	NA	NA	NA
NA	NA	0.947431671282547	0.77374497574948	NA	NA	NA	0.666708907536008	NA	NA	0.119802076463981	NA	NA	0.484043069174248	0.685460851409076	0.646468476296671	NA	NA	NA	NA	NA	NA	0.786495114633864	1.30007648032033	2.34742270621842	0.783381225421912	NA	NA	NA	NA	NA	NA	NA	NA	0.534020435582031	NA	NA	NA	NA	NA
1.10476520180089	0.561481300679712	0.59227179417914	0.637572149870765	NA	NA	0.497475927902731	NA	0.336984888121051	NA	NA	NA	1.51037504201717	NA	0.930723641494109	0.696779513789023	NA	1.13699858910932	0.653740291224673	1.03966663463401	NA	1.07595894652082	1.03477407068842	1.44230961079035	1.22753471354406	0.654671622477729	NA	0.512996773965633	0.911271009900232	NA	NA	0.629866652266475	0.66815450005389	0.672216233939245	1.21307590099308	0.316541990397799	NA	NA	NA	0.554467577949083
0.82812004520771	NA	NA	1.79295313227692	NA	NA	NA	1.16816420561048	NA	NA	NA	NA	NA	NA	0.646202901988581	0.68104214452949	NA	NA	0.745273163858827	0.626809458158199	1.1153206926271	0.346269899279209	0.120779760472364	0.459703910454256	0.52996932994382	0.78945863695178	NA	NA	0.420869071779037	0.0230439187910788	0.32120723600542	0.927788709479311	0.752072095108118	0.760086106043421	0.665790512610605	0.657388967410744	0.954505184460661	NA	0.642460118436366	0.839684026512628
NA	NA	NA	NA	NA	NA	NA	NA	NA	NA	NA	NA	NA	NA	NA	NA	NA	NA	NA	NA	NA	NA	NA	NA	NA	NA	NA	NA	NA	NA	NA	NA	NA	NA	NA	NA	NA	NA	NA	NA
NA	NA	NA	NA	NA	NA	NA	NA	NA	NA	NA	NA	NA	NA	NA	NA	NA	NA	NA	NA	NA	NA	NA	NA	NA	NA	NA	NA	NA	NA	NA	NA	NA	NA	NA	NA	NA	NA	NA	NA
1.0902804637694	1.83584594746677	1.43801819200266	2.16387600144959	1.99560709778876	NA	NA	NA	NA	NA	1.30107570928336	2.01596972270398	NA	NA	NA	1.34889304313609	1.08528077061129	2.17252796017221	0.67825764674375	0.477065715838959	0.712179487488658	NA	0.81620870834184	NA	0.805285712706232	NA	NA	0.278614140346296	0.588886839223183	0.446877044881757	1.26380883938084	0.227889832218967	0.659684883940944	0.146080511581941	0.491446299308494	0.572897432353429	0.920145101355586	NA	0.466667594986473	NA
NA	NA	NA	NA	NA	NA	NA	NA	NA	NA	NA	NA	NA	NA	NA	NA	NA	NA	NA	NA	NA	NA	NA	NA	NA	NA	NA	NA	NA	NA	NA	NA	NA	NA	NA	NA	NA	NA	NA	NA
NA	NA	NA	NA	NA	NA	NA	NA	NA	NA	NA	NA	NA	NA	NA	NA	NA	NA	NA	NA	NA	NA	NA	NA	NA	NA	NA	NA	NA	NA	NA	NA	NA	NA	NA	NA	NA	NA	NA	NA
NA	NA	1.8899205532268	1.94432669771472	2.104961525081	1.29539437188967	NA	0.614089096485658	NA	0.88926548588176	NA	1.23957243042616	0.41719883353889	1.83289023202196	0.658211985998181	NA	0.830301376923315	0.449815649698168	1.24682588401461	0.662190709573315	2.02722527679851	2.0560985575276	NA	0.362020351989299	0.188902593467032	0.861878208507173	0.475386982364364	1.91310000599063	0.458934261925971	0.330798680849884	0.534018445963042	0.330353458491735	NA	1.58792128551053	0.391888742930567	1.8462048927782	0.147786858120074	NA	NA	NA
NA	NA	NA	NA	1.10757183801055	0.988313536965398	1.00207786892541	NA	NA	0.764852567322007	0.316695643780036	0.963818930963975	0.633931485369216	0.893432184725816	0.68439911259742	0.931387840606456	NA	0.900960638840348	0.743393468236495	0.755775232158895	0.580338280538122	0.626322421024996	0.740324904591249	0.556880572565575	0.556065010367962	0.652383110818262	1.33195833598178	0.3387781406488	NA	NA	0.550041152788616	0.487545669339421	NA	0.738664217173554	0.149001540072884	NA	0.551722014488634	NA	NA	NA
NA	NA	NA	NA	NA	NA	NA	NA	NA	NA	NA	NA	NA	NA	NA	NA	NA	NA	NA	NA	NA	NA	NA	NA	NA	NA	NA	NA	NA	NA	NA	NA	NA	NA	NA	NA	NA	NA	NA	NA
NA	NA	NA	NA	1.01513151140827	0.88196203775375	0.98759405251133	0.821483770497963	NA	NA	0.565093907199156	0.776491659871085	0.972917092889694	NA	NA	0.857193409197888	NA	0.637975671401572	0.708607160798406	NA	NA	0.273229004297514	0.247886730812905	0.430296083633989	NA	NA	NA	0.437432978097381	0.626498361253057	0.430943744912945	NA	0.547597049210649	NA	NA	0.521200006932237	NA	0.576640046572155	NA	NA	NA
NA	1.43264653783779	1.82802880269006	1.83265578871217	1.5656470682699	1.31929273659283	1.02325424753643	1.08676156881964	NA	NA	NA	1.56771667090391	NA	1.31558614354172	1.3966690577133	NA	0.971569826548141	NA	0.933205808895274	1.19713104814228	NA	1.24426339351394	NA	0.904207859405106	1.14711067381983	1.11175149800883	0.920324799622621	NA	0.712310750643361	0.634506798701871	0.764528922945898	0.703019079975931	0.604866438747503	0.450826571013085	0.641654534694919	0.73414482450919	0.138780841681115	NA	1.17335019658545	1.37125808764854
1.21161600779159	0.527858454366432	0.568915871639824	NA	0.693545815130351	NA	0.243131464368906	1.54566465648217	1.54344299263187	0.650007773050868	1.18652401323125	0.465743628039967	0.964465087544371	0.401644951637315	0.350412420613375	NA	0.819634171280158	0.922378234258149	0.373512539812168	0.431620392280994	0.638802780000926	0.274027092123902	0.339984958775226	0.550920805224165	0.272846768973538	0.517550206973196	0.825640672151936	0.370609498565082	0.238917176848098	0.574625309385374	NA	1.38719214553288	0.486724328044378	0.301603956191765	0.299458770487932	0.304961224517599	0.498530809163668	NA	1.9515650953972	0.780013943700581
1.18785592598722	0.780986172944494	1.02344179289167	NA	1.04829835542932	NA	2.06355561402641	NA	NA	0.975280877895623	0.560762943414192	1.79979763775338	1.56961557654906	NA	1.69461073968663	0.820515371118776	NA	NA	1.15228396612826	NA	NA	1.54889808054609	0.545423105012178	NA	NA	NA	1.62439093915177	0.938016964735071	0.675360005049888	1.34304718576705	1.0577679164743	NA	0.835054935770822	0.420265981918739	0.411193502572201	0.734403099661995	0.975335572727347	NA	1.07563804541763	NA
NA	NA	NA	NA	NA	NA	NA	NA	NA	NA	NA	NA	NA	NA	NA	NA	NA	NA	NA	NA	NA	NA	NA	NA	NA	NA	NA	NA	NA	NA	NA	NA	NA	NA	NA	NA	NA	NA	NA	NA
0.299283469853811	0.811219642838571	1.43097674603948	0.884445403884117	0.914974084333667	0.626855205736583	0.784740181152513	NA	NA	1.10409699137232	0.936330017347925	0.741148508322389	0.922726014851355	0.950767362345386	1.3234651479304	1.09146703196825	0.822218448763034	0.422799760038989	0.488094246263946	0.282535750537381	0.695726883192227	0.313057434527117	1.14909241463523	0.65707595988738	0.826932636422779	0.740482161857132	0.647647418860941	0.766026152562083	0.684509667745196	0.389161288840698	0.713287799111263	0.560601554104145	0.564461136764289	0.282364194530511	0.731679304387821	0.33894028044469	0.263980527813186	NA	0.730065343116407	1.23846372438186
1.53327027578062	NA	3.23983827366609	2.65930106161445	2.15317144596048	2.32390368963761	3.1391638363282	3.06311180045111	NA	2.9744937017748	NA	2.66768946094393	3.01731862375032	2.89243157026658	2.53584872910175	3.66366311556699	1.42487242956355	1.27959786242628	1.77718477729457	1.58125484516494	NA	2.07523448925767	2.33079478184325	1.88435422660632	1.57572704325751	2.01964235986092	2.38124585766114	2.14954359932349	2.08186145720081	1.85360170581181	1.37271992782616	1.79703812773144	1.98175117075902	1.66254642427879	1.60858578899761	NA	NA	NA	NA	0.732845215404203
NA	NA	NA	NA	NA	NA	NA	NA	NA	NA	NA	NA	NA	NA	NA	NA	NA	NA	NA	NA	NA	NA	NA	NA	NA	NA	NA	NA	NA	NA	NA	NA	NA	NA	NA	NA	NA	NA	NA	NA
0.747702615058847	NA	NA	0.834872598309256	0.761678085236492	1.97660305876046	NA	NA	NA	NA	NA	0.162957922871798	NA	NA	0.86368832368172	NA	NA	1.98110641279573	0.508736723779445	NA	NA	0.919564562671409	1.72966305222691	0.888005746890472	NA	0.902415641225369	0.612263832681368	NA	1.16829753857839	NA	0.624612879981709	0.844797205754803	0.346978917214126	0.921283684271192	0.427133069479422	NA	0.694300197763033	NA	NA	NA
2.08105136495656	1.39129799166293	1.34881506166795	1.77479197132869	1.7976531884618	NA	NA	NA	NA	2.0004643577792	NA	1.99463837831345	2.03433087832449	1.73106772426846	1.71196267547871	1.69809643140434	NA	NA	1.87577843952537	1.89711644132273	2.12551132027546	NA	1.39285096495228	1.79000822769461	NA	0.993130451911049	1.65283029683029	NA	NA	0.599009537746856	0.890312811810255	1.5400063995718	0.397791428259578	NA	0.807269903874817	1.44896483392353	0.337630901995414	NA	0.620404448936625	1.04106260270838
1.66368449190829	NA	1.85773948548654	NA	1.49978256690119	1.22892846790949	NA	1.63747000327294	NA	1.11680448724008	1.40877887398025	0.731658306769245	0.734161244065084	0.548844931351896	0.766060695937645	0.411758116378531	0.628122476621755	0.509306491442211	0.490976309795275	1.56806142731312	1.24030148082401	0.327694522168484	0.581501644968763	0.379726083034731	0.684203113805036	0.441186379734945	0.331335880338389	0.366996664740882	0.206202958977863	0.581833506527702	0.708411585497762	0.447386387935323	0.81090759480565	0.744662538574217	0.461634714452654	0.517613824103762	0.600259239518023	NA	1.12528770668533	0.358457325979401
NA	NA	NA	NA	NA	NA	NA	NA	NA	NA	NA	NA	NA	NA	NA	NA	NA	NA	NA	NA	NA	NA	NA	NA	NA	NA	NA	NA	NA	NA	NA	NA	NA	NA	NA	NA	NA	NA	NA	NA
NA	NA	NA	NA	NA	NA	NA	NA	NA	NA	NA	NA	NA	NA	NA	NA	NA	NA	NA	NA	NA	NA	NA	NA	NA	NA	NA	NA	NA	NA	NA	NA	NA	NA	NA	NA	NA	NA	NA	NA
1.50747117453189	1.45915216847443	1.00664293446381	NA	0.371533327272354	0.207131020276886	NA	0.443801413152134	0.899544785996578	NA	0.881381148668703	0.972117293634424	1.04550958683111	1.18911000079117	0.608401702382847	0.88508033463602	0.914724116376101	0.645075026452529	0.632059519016808	0.739166804645049	NA	0.547161340822952	0.669239828794337	0.300555402528355	0.577268502828387	0.452827533874499	0.909179716738508	0.624975692764881	0.0985291735065113	0.620626461612901	0.842995706671952	0.60913392618736	0.799647441560167	0.463019155849574	1.03568229987825	1.04711997426013	0.677316612953353	NA	0.992939117754631	1.01238938748093
NA	NA	NA	NA	NA	NA	NA	NA	NA	NA	NA	NA	NA	NA	NA	NA	NA	NA	NA	NA	NA	NA	NA	NA	NA	NA	NA	NA	NA	NA	NA	NA	NA	NA	NA	NA	NA	NA	NA	NA
NA	NA	NA	NA	NA	NA	NA	NA	NA	NA	NA	NA	NA	NA	NA	NA	NA	NA	NA	NA	NA	NA	NA	NA	NA	NA	NA	NA	NA	NA	NA	NA	NA	NA	NA	NA	NA	NA	NA	NA
2.17858250138275	2.06622737595975	1.69663731568816	1.50246335325056	1.90008149969101	1.99654730173129	NA	2.27322906639129	1.75290011767865	2.268565511457	1.91747214958749	2.18979976757646	1.94859085769568	1.98700095016244	1.99153553399641	2.09426435573267	2.18909211569341	2.18546556382968	2.35985881327306	2.36107418352072	1.90989814626456	2.0846942307337	1.9695695648056	1.65308610310268	NA	1.69036660097957	1.70253005146347	1.44406071242804	1.54430000798936	1.51182049078341	1.42388528145414	1.00594877112072	1.45397520145532	1.2961958805775	1.62686122289083	1.96787791317413	0.905861307529802	NA	0.668726370756266	NA
NA	0.901609599419903	0.839651434799454	1.05767337432892	1.06199178131974	0.652109478227293	1.94116000276634	NA	NA	0.755820294455878	NA	0.602359944035247	0.431969230653762	0.6937766189618	0.570063292316278	1.32124998860362	NA	0.333846469533068	0.4222816454276	0.536608672777516	0.563635255483106	0.838667325205991	0.976702123220435	0.959581086675473	NA	0.585062233837295	0.290184360523944	0.524198560195713	0.48842501855098	2.21946567761031	0.375892467270927	0.397900251007229	0.511408800736891	0.737861616271405	0.50067431320098	0.455001039166749	0.650841842350635	NA	NA	0.496350791628175
NA	NA	NA	NA	NA	NA	NA	NA	NA	NA	NA	NA	NA	NA	NA	NA	NA	NA	NA	NA	NA	NA	NA	NA	NA	NA	NA	NA	NA	NA	NA	NA	NA	NA	NA	NA	NA	NA	NA	NA
NA	NA	NA	NA	NA	NA	NA	NA	NA	NA	NA	NA	NA	NA	NA	NA	NA	NA	NA	NA	NA	NA	NA	NA	NA	NA	NA	NA	NA	NA	NA	NA	NA	NA	NA	NA	NA	NA	NA	NA
0.500514042054842	0.402101597589423	0.555305612268945	0.574743840103602	0.401186699390411	1.09254563507418	0.808194079940586	0.735682794438143	0.516180363795043	0.426694757184823	0.33875465269837	NA	1.23165607562692	0.614522824873583	0.423500487845931	NA	0.643405132102966	NA	0.648433928936914	1.14259638925439	0.890829455463099	0.390048449430637	0.466104906543671	NA	1.26987320624361	NA	1.24198427934406	0.850721604692327	0.433816451650893	0.724392273353549	0.463309744588788	0.384999800853789	0.474061229161379	0.481635240891477	0.365677269810115	0.718779476026946	0.246959552965046	NA	0.970222481839459	0.485122824384214
NA	NA	NA	NA	NA	NA	NA	NA	NA	NA	NA	NA	NA	NA	NA	NA	NA	NA	NA	NA	NA	NA	NA	NA	NA	NA	NA	NA	NA	NA	NA	NA	NA	NA	NA	NA	NA	NA	NA	NA
NA	NA	NA	NA	NA	NA	NA	NA	NA	NA	NA	NA	NA	NA	NA	NA	NA	NA	NA	NA	NA	NA	NA	NA	NA	NA	NA	NA	NA	NA	NA	NA	NA	NA	NA	NA	NA	NA	NA	NA
1.33315588354075	NA	NA	1.95843107732005	0.90777076060328	1.27913290912388	1.25002558963225	1.58715378082211	1.31693463463737	NA	1.3742755900684	1.45634423715084	1.23338759711419	1.17076719898846	NA	1.1096405387667	1.85083940531477	1.65262467330685	2.09576183924633	NA	NA	NA	NA	1.29307321046361	0.425048210313216	NA	0.528168522543871	0.620836495892258	0.441539308536497	0.578920062075964	0.889519981763245	0.598107946122856	0.567918102412696	0.707483747912221	NA	0.484703725209607	0.904137987306054	NA	1.03582111248431	0.237710504930076
NA	NA	NA	NA	NA	NA	NA	NA	NA	NA	NA	NA	NA	NA	NA	NA	NA	NA	NA	NA	NA	NA	NA	NA	NA	NA	NA	NA	NA	NA	NA	NA	NA	NA	NA	NA	NA	NA	NA	NA
0.546405363265257	NA	NA	NA	NA	NA	NA	NA	NA	NA	NA	NA	NA	NA	NA	NA	NA	NA	NA	NA	NA	NA	NA	NA	NA	NA	NA	0.359589373099287	NA	NA	NA	NA	NA	NA	1.79577168492156	1.37639958427122	0.566306362712018	NA	0.265930383743912	NA
NA	1.46909960819065	1.69801348968063	1.89608506814886	0.997598399443208	NA	1.27281587310002	NA	NA	NA	NA	0.945206050463775	NA	NA	1.1091131297272	1.05199174754878	0.605304665779239	NA	1.62977582750547	0.570140371585032	1.10874262711915	NA	1.66927545020334	0.483258869615793	NA	0.673965194654564	1.21767573396025	0.633095723748534	0.754979968075612	NA	NA	0.654603533405622	0.534287489841	0.532905166808543	NA	NA	1.07789376749372	NA	1.19622035857725	0.886178186672991
NA	NA	NA	NA	NA	NA	NA	NA	NA	NA	NA	NA	NA	NA	NA	NA	NA	NA	NA	NA	NA	NA	NA	NA	NA	NA	NA	NA	NA	NA	NA	NA	NA	NA	NA	NA	NA	NA	NA	NA
NA	NA	NA	NA	NA	NA	NA	NA	NA	NA	NA	NA	NA	NA	NA	NA	NA	NA	NA	NA	NA	NA	NA	NA	NA	NA	NA	NA	NA	NA	NA	NA	NA	NA	NA	NA	NA	NA	NA	NA
0.93588439645372	1.04054508348555	NA	0.774513666000889	1.22887231248808	NA	0.961470457919391	1.04710396623067	0.594083583352421	0.724285635086492	0.903630748367776	1.24627439331822	1.15820659461648	1.4417083980393	1.18183653262661	0.862436224912161	0.951594217087676	1.67843086218282	0.729278558618166	1.87782033097013	1.36931233881728	1.13859653925955	1.48669282257169	1.38318754407102	0.602566972628422	1.0257189965761	NA	2.4292633171776	0.413061931966019	0.54819644526974	0.821823422751824	0.745554598369617	0.841050317498752	0.441723401493611	0.701584990659264	0.4104628887465	0.744024463831041	NA	0.780581764652057	0.492420155423477
2.11441953903124	1.53363277978917	NA	1.68141690448139	1.62511878478488	NA	NA	NA	1.66621343635978	NA	NA	NA	NA	NA	NA	NA	NA	NA	NA	0.90051360257637	NA	0.783700354987984	NA	NA	1.16052214549333	1.68446683347865	NA	NA	0.912666128693425	0.586087820452593	NA	0.320791705052692	1.3568762803772	0.702980865785988	1.54578752293212	NA	1.25381923411169	NA	NA	1.83743141798862
NA	NA	NA	NA	NA	NA	NA	NA	NA	NA	NA	NA	NA	NA	NA	NA	NA	NA	NA	NA	NA	NA	NA	NA	NA	NA	NA	NA	NA	NA	NA	NA	NA	NA	NA	NA	NA	NA	NA	NA
NA	0.989253818085565	0.635791766660572	0.864898392899951	NA	NA	NA	NA	NA	NA	NA	0.159978252615297	0.438158342400354	0.501925619374608	NA	NA	0.732429010227427	NA	0.172665151943074	NA	NA	NA	NA	NA	2.26938086750026	0.919710500515522	NA	NA	NA	1.29818209951114	1.12133826649372	0.648174036551389	0.825373147770018	NA	NA	1.22204570701586	0.759126829296896	NA	0.589770778852583	NA
0.546626825975343	NA	0.615539407913849	0.661486433739042	0.110064342246948	NA	NA	NA	NA	NA	NA	NA	1.70268049294211	NA	NA	0.372963010958583	NA	0.569870063074025	0.155043548978868	0.285704409051076	NA	NA	0.376249072835647	NA	0.130963172963339	0.345953745339507	0.508773297421795	NA	0.790953551226496	0.492479301295759	0.886646577936593	0.497273056376493	1.04244288449205	NA	NA	0.452819822699078	0.486960482505554	NA	0.70073869403542	0.380112925688162
NA	NA	NA	NA	NA	NA	NA	NA	NA	NA	NA	NA	NA	NA	NA	NA	NA	NA	NA	NA	NA	NA	NA	NA	NA	NA	NA	NA	NA	NA	NA	NA	NA	NA	NA	NA	NA	NA	NA	NA
NA	NA	NA	1.66483320689865	1.73152955192611	1.54490359927855	NA	1.12727331882904	NA	NA	1.74395604816922	1.5949067310974	NA	1.35509536668679	1.42620461708166	NA	NA	NA	1.28955857979313	1.52449674817416	NA	1.97544801717791	NA	1.26519599656217	1.20494029002027	NA	NA	NA	1.10760473712622	NA	NA	NA	0.85458851296116	NA	NA	NA	0.763949103006146	NA	NA	NA
1.20324255823333	1.02901429679288	NA	NA	0.428564057916399	NA	NA	NA	NA	NA	NA	NA	1.35872953409337	1.21368662314631	1.40228663225097	NA	NA	NA	NA	NA	NA	NA	NA	1.41886527550056	1.29666127390583	1.3396622005556	2.51084172797617	1.21952380283483	1.13388512558948	NA	NA	NA	1.39683992931863	NA	1.08113623710131	NA	NA	NA	0.543404506918415	NA
NA	NA	NA	NA	NA	NA	NA	NA	NA	NA	NA	NA	NA	NA	NA	NA	NA	NA	NA	NA	NA	NA	NA	NA	NA	NA	NA	NA	NA	NA	NA	NA	NA	NA	NA	NA	NA	NA	NA	NA
NA	1.41504235789637	NA	NA	NA	1.66131296018729	NA	NA	NA	NA	NA	1.0794266309086	0.753354858987748	NA	NA	0.69527465603967	1.38935253979704	1.18347577712674	NA	0.740304323365545	NA	0.741509808189996	0.608643675893243	0.609096504878389	NA	0.351359766437351	NA	0.723625632433755	0.757971850567792	NA	0.967766989793157	1.01785399596336	NA	0.904177035282336	NA	NA	NA	NA	NA	NA
NA	NA	NA	NA	NA	0.652933709246333	NA	0.718684719851734	NA	NA	NA	NA	NA	NA	0.381496107496526	NA	1.18638542094466	0.559645962624634	0.61426705493943	1.05413040586033	1.70901650444326	0.754458635477526	0.74104685704179	0.330572919880558	0.724283907723579	1.20832774320981	NA	NA	NA	NA	NA	NA	NA	0.57209769356842	NA	0.741524192499458	NA	NA	NA	0.607849619153314
1.17875054328831	NA	1.45896223073769	0.307616907539198	0.283205862615439	1.35534386621553	0.755653807020362	NA	NA	0.727377574265624	0.521997213845451	0.636992328435171	0.116966062937599	0.8052555527256	0.812882154647977	0.906434573919908	0.294114687773128	0.73008494482943	1.48106003854775	0.691212052139515	NA	1.29539464918359	0.913979827937717	0.963669777306869	0.740143166224769	0.559839341581629	0.564982550749836	0.677958201131278	0.886330402491507	0.987697737852865	0.280406373948358	0.247306649144695	0.589186019061377	0.531847008498082	0.674442063288843	0.692878675728678	0.590322021196786	NA	0.402205904723436	0.744790399554123
NA	NA	NA	NA	NA	NA	NA	NA	NA	NA	NA	NA	NA	NA	NA	NA	NA	NA	NA	NA	NA	NA	NA	NA	NA	NA	NA	NA	NA	NA	NA	NA	NA	NA	NA	NA	NA	NA	NA	NA
NA	NA	NA	NA	NA	NA	NA	NA	NA	NA	NA	NA	NA	NA	NA	NA	NA	NA	NA	NA	NA	NA	NA	NA	NA	NA	NA	NA	NA	NA	NA	NA	NA	NA	NA	NA	NA	NA	NA	NA
NA	NA	NA	NA	NA	NA	NA	NA	NA	NA	NA	NA	NA	NA	NA	NA	NA	NA	NA	NA	NA	NA	NA	NA	NA	NA	NA	NA	NA	NA	NA	NA	NA	NA	NA	NA	NA	NA	NA	NA
1.21031045916631	NA	1.66460743941067	1.96060035365054	NA	0.385147165618597	NA	1.25688892208651	NA	NA	NA	NA	NA	0.554384657699456	1.22602609478341	NA	NA	1.19329850051618	NA	1.15334449381676	NA	NA	1.19333857171215	0.649837484204365	0.533605852317142	0.600262476058608	NA	0.956560367318269	NA	0.846596211574368	NA	NA	2.6958262132444	NA	NA	NA	0.932712517210516	NA	1.33911773121928	0.932646484588205
NA	NA	NA	NA	NA	NA	NA	NA	NA	NA	NA	NA	NA	NA	NA	NA	NA	NA	NA	NA	NA	NA	NA	NA	NA	NA	NA	NA	NA	NA	NA	NA	NA	NA	NA	NA	NA	NA	NA	NA
NA	NA	NA	NA	NA	NA	NA	NA	NA	NA	NA	NA	NA	NA	NA	NA	NA	NA	NA	NA	NA	NA	NA	NA	NA	NA	NA	NA	NA	NA	NA	NA	NA	NA	NA	NA	NA	NA	NA	NA
0.278598774368208	0.739916942868791	0.513947056831424	1.54714566110078	1.42221727275921	0.320867403833358	NA	NA	0.712353459437188	NA	NA	NA	0.444977907473649	NA	NA	0.20834658914526	0.402196613076483	NA	NA	NA	NA	0.350176455853766	0.445220609638308	NA	1.22788625984549	0.378586231376467	NA	NA	NA	NA	0.990475407076395	0.902928405784515	0.623988407760273	0.943751151492691	0.725727602099266	0.726090586071279	0.591020511029702	NA	NA	0.243839707390014
0.971790680044385	NA	1.04558119027953	NA	0.677668511055583	1.98456593551457	NA	NA	NA	NA	NA	NA	1.41619809057144	0.961143750192658	0.872828415957619	NA	NA	0.635360426324249	0.922887619567259	NA	NA	0.907219998413223	1.08611023581278	NA	NA	NA	0.918130394890763	NA	0.604008511309016	0.5595033853526	0.358096296455609	0.814511769830463	0.722959674711964	NA	0.589107984840012	0.528128735773313	NA	NA	NA	NA
NA	NA	NA	NA	NA	NA	NA	NA	NA	NA	NA	NA	NA	NA	NA	NA	NA	NA	NA	NA	NA	NA	NA	NA	NA	NA	NA	NA	NA	NA	NA	NA	NA	NA	NA	NA	NA	NA	NA	NA
NA	NA	NA	NA	NA	NA	NA	NA	NA	NA	NA	NA	NA	NA	NA	NA	NA	NA	NA	NA	NA	NA	NA	NA	NA	NA	NA	NA	NA	NA	NA	NA	NA	NA	NA	NA	NA	NA	NA	NA
NA	NA	NA	NA	NA	NA	NA	NA	NA	NA	NA	NA	NA	NA	NA	NA	NA	NA	NA	NA	NA	NA	NA	NA	NA	NA	NA	NA	NA	NA	NA	NA	NA	NA	NA	NA	NA	NA	NA	NA
2.4082633156196	NA	NA	NA	NA	NA	NA	NA	NA	NA	NA	NA	NA	NA	NA	NA	NA	NA	NA	NA	NA	NA	0.680672799021009	1.44803002521059	1.77423609780571	1.95822967556382	NA	NA	NA	1.77860531039634	NA	NA	NA	0.96044768110879	1.01990973449855	NA	NA	NA	NA	NA
NA	NA	NA	NA	NA	NA	NA	NA	NA	NA	NA	NA	NA	NA	NA	NA	NA	NA	NA	NA	NA	NA	NA	NA	NA	NA	NA	NA	NA	NA	NA	NA	NA	NA	NA	NA	NA	NA	NA	NA
NA	NA	NA	NA	NA	NA	NA	NA	NA	NA	NA	NA	NA	NA	NA	NA	NA	NA	NA	NA	NA	NA	NA	NA	NA	NA	NA	NA	NA	NA	NA	NA	NA	NA	NA	NA	NA	NA	NA	NA
NA	NA	NA	NA	NA	NA	NA	NA	NA	NA	NA	NA	NA	NA	NA	NA	NA	NA	NA	NA	NA	NA	NA	NA	NA	NA	NA	NA	NA	NA	NA	NA	NA	NA	NA	NA	NA	NA	NA	NA
NA	1.75122526134293	1.21182587276463	NA	NA	NA	NA	NA	NA	NA	NA	1.20274850296199	1.87351172083515	0.954759865054547	NA	NA	NA	NA	NA	NA	1.16018353149445	NA	1.64560194880249	NA	1.88001327103584	NA	NA	1.17488949983337	NA	NA	NA	0.483338864831179	NA	0.203346561069374	NA	NA	NA	NA	NA	NA
NA	NA	NA	NA	NA	NA	NA	NA	NA	NA	NA	NA	NA	NA	NA	NA	NA	NA	NA	NA	NA	NA	NA	NA	NA	NA	NA	NA	NA	NA	NA	NA	NA	NA	NA	NA	NA	NA	NA	NA
NA	NA	NA	NA	NA	NA	NA	NA	NA	NA	NA	NA	NA	NA	NA	NA	NA	NA	NA	NA	NA	NA	NA	NA	NA	NA	NA	NA	NA	NA	NA	NA	NA	NA	NA	NA	NA	NA	NA	NA
NA	NA	NA	NA	NA	2.92563228945467	NA	NA	NA	NA	NA	NA	1.07049046396683	NA	NA	NA	NA	NA	2.26851566543281	NA	NA	NA	0.842466939193254	2.69456885757408	NA	NA	NA	NA	NA	2.68320477580323	0.488366257076915	2.38428424155449	NA	NA	2.96919269197957	NA	2.71803270953995	NA	2.75898305750325	NA
3.04933849455153	0.81447680085073	0.757246972631494	0.924635863016898	1.13237190156173	0.993019603999147	0.668582204398696	0.67937492621995	0.70031975664725	0.900194103032403	0.47109227300512	0.770486810489333	1.20131044012132	0.280776739756468	1.12886968160607	0.736487947176354	0.676147919752239	1.52925680727403	0.447663069757323	0.780318038706236	0.992876685046628	0.349193195051433	0.722708135076011	1.06622189143185	1.39956891369986	0.902907049782973	0.853287637670584	0.728301232112808	0.707834057059376	0.944514395838315	1.07129560407837	1.06894214650963	0.785186735600733	1.08902625942048	1.04138011991947	0.778467364335919	0.437967161674597	NA	0.249049908697877	0.509222271890072
NA	NA	NA	NA	NA	NA	NA	NA	NA	NA	NA	NA	NA	NA	NA	NA	NA	NA	NA	NA	NA	NA	NA	NA	NA	NA	NA	NA	NA	NA	NA	NA	NA	NA	NA	NA	NA	NA	NA	NA
0.554762658101626	NA	0.376047544349647	0.335479434957474	0.449627367609503	NA	NA	NA	NA	NA	0.358151875160697	0.353830525706253	NA	NA	0.359123974855588	0.613375794514977	NA	0.627169745108105	0.608293659104851	NA	NA	0.212120502466841	0.463563546974165	0.380491912422272	0.261549323061266	0.315799267109547	NA	0.901355121515089	0.742759303205942	0.971286462005483	0.869285995237123	0.64179324681954	0.728874102066325	0.516658457543388	0.504565551732736	0.519565654526008	0.20685035700736	NA	NA	NA
NA	NA	NA	NA	NA	NA	NA	NA	NA	NA	NA	NA	NA	NA	NA	NA	NA	NA	NA	NA	NA	NA	NA	NA	NA	NA	NA	NA	NA	NA	NA	NA	NA	NA	NA	NA	NA	NA	NA	NA
0.987409779916924	NA	0.415171158205515	0.903882777570223	NA	NA	NA	NA	NA	NA	0.810395576071237	0.993549681557142	0.359637155767146	NA	0.888558011991161	0.60757161930031	NA	0.829503945788175	NA	0.959766718174915	NA	NA	NA	0.258948172131174	0.791201627057887	0.220283223344593	NA	0.413945085479396	0.535154787439059	NA	NA	0.98011807664219	NA	NA	0.303902343934909	0.359935608446687	0.890631182338757	NA	NA	0.180890952337045
NA	NA	1.60671033729931	NA	1.34573302365681	1.34993409368453	NA	1.05528999375772	NA	NA	1.03710169854506	0.850576955237322	NA	NA	NA	0.628438031916683	NA	0.885843182542982	0.804363191264766	NA	NA	1.50878087311876	0.425868707381917	0.238454221802841	NA	0.316030997403884	NA	0.681326955698317	NA	0.794372275692665	NA	0.35189978399095	NA	NA	NA	NA	0.351883811889042	NA	NA	NA
NA	NA	NA	NA	NA	NA	NA	NA	NA	NA	NA	NA	NA	NA	NA	NA	NA	NA	NA	NA	NA	NA	NA	NA	NA	NA	NA	NA	NA	NA	NA	NA	NA	NA	NA	NA	NA	NA	NA	NA
NA	NA	3.32237290694319	2.71932461308677	3.11046606860217	NA	NA	NA	2.79910235593291	2.64221395352586	2.36535190470505	2.64723074465805	NA	2.32241916815112	2.18945675997701	2.24245531793293	2.33271150110632	NA	NA	2.30432276576282	2.7016757368637	2.02647467655169	2.06414588370436	1.71875431298984	1.56642912688571	1.69010030978281	1.33987885207991	NA	0.904082828318853	1.02705924195946	1.46565627787995	NA	0.822321555768088	1.0110654297291	0.926091396080572	NA	0.623020744670799	NA	NA	0.635286507639907
NA	NA	NA	NA	NA	NA	NA	NA	NA	NA	NA	NA	NA	NA	NA	NA	NA	NA	NA	NA	NA	NA	NA	NA	NA	NA	NA	NA	NA	NA	NA	NA	NA	NA	NA	NA	NA	NA	NA	NA
1.6512370875159	1.9447104768231	2.29876556139996	1.97949746190303	1.77757309939921	1.75405725724567	1.90069440966211	1.56100559007024	1.16142236794664	1.33580354600519	NA	0.950423704375329	NA	1.54788804117252	1.06639656218035	NA	NA	1.09247912205288	1.1246542680171	1.27903342256779	2.25935292029024	1.53607090018786	1.47563700619691	NA	0.969474331029453	1.65200893942996	1.36939763070442	1.09377595281947	NA	1.10835358937138	1.47726367284248	1.90140099860178	1.23243162148454	1.05694048888011	0.786454717611386	0.791823003778784	0.898289415723256	NA	NA	NA
NA	1.00848823356846	NA	NA	2.0934659291919	NA	NA	NA	NA	0.66444307160526	NA	NA	0.354381438096947	0.854890426752545	1.24736534665946	NA	NA	NA	1.12998486046447	NA	NA	0.58269178048154	0.519563308739227	0.663499106537432	0.36054248251942	0.491114675118801	NA	0.558975694838147	0.391056403910566	0.535501175580326	0.457539400190599	NA	0.281606729341374	0.0913955804700921	0.311601990037646	NA	1.02660183363181	NA	1.00046553820688	0.782507580143496
0.730797627187346	0.229859347471733	0.439746832236982	0.801398517903117	0.467597643902692	NA	1.99823130572377	0.959018751400178	1.2772739513537	NA	NA	1.00541931127941	1.5764778813491	1.38108359297719	0.910898293845421	1.04094437790019	0.59685922580524	1.88703698698412	0.296717516249459	0.492555450496456	0.89046259483622	0.846633481339096	0.570744927238573	NA	1.16324572107166	1.13912887080936	NA	1.55240615352264	NA	1.25543171639078	0.98038734674183	0.7420002334151	0.949329524521648	NA	1.28336968613694	0.254308960330338	0.63048051697887	NA	0.249735806736291	0.33533977194537
NA	NA	NA	NA	NA	NA	NA	NA	NA	NA	NA	NA	NA	NA	NA	NA	NA	NA	NA	NA	NA	NA	NA	NA	NA	NA	NA	NA	NA	NA	NA	NA	NA	NA	NA	NA	NA	NA	NA	NA
0.863191937098633	0.562744614034119	0.675833645375573	0.487091648118217	0.147062172138114	0.395360777445106	0.314214806163238	0.232195949037588	0.512172103935369	0.339971544988739	0.393501730067847	0.538513106256574	NA	0.826927553691193	0.550377199254563	0.496808528412879	0.234895166091159	0.208433709076879	0.401145486571091	0.210714808239002	0.321569878648469	0.24118479904326	0.809832379303073	0.587406892124614	0.766361476028744	0.473494911964043	0.461633609277113	0.345661555339598	0.320593146063948	0.438751502565552	0.656471872046823	0.71170641571399	0.779311738541458	0.528265453276467	1.0204506144236	0.207637104077399	0.94226899732597	NA	0.539881919198408	1.19683618306216
1.32867735401264	1.22923283889146	1.20729408859689	1.28080718658112	0.896055607709142	0.863352049890879	1.09412063582041	0.914185751145482	NA	NA	NA	0.98600689960202	1.12797329347846	0.737811902666793	0.668672211528518	1.04469310740717	2.18677647684048	0.908189016369525	0.448926148589784	0.431826147713878	1.97029079220185	0.616095747010767	0.436194172673132	0.765511857060716	0.0870578381790661	0.730635394815489	0.907859492662596	NA	0.293994040027857	0.325773196329087	0.490564630485393	0.488667294317154	NA	0.416977297683737	0.246766699451249	0.625560909157673	0.49897651501342	NA	NA	0.305849557452037
NA	NA	NA	NA	NA	NA	NA	NA	NA	NA	NA	NA	NA	NA	NA	NA	NA	NA	NA	NA	NA	NA	NA	NA	NA	NA	NA	NA	NA	NA	NA	NA	NA	NA	NA	NA	NA	NA	NA	NA
1.36801908513581	NA	0.907931735595968	0.981175712601179	1.05361878856295	NA	NA	NA	NA	NA	NA	0.984350418803	1.63849405093935	NA	1.17285632123789	0.9956763924827	NA	1.14848137217655	0.532325879303931	NA	1.61802835947137	NA	0.582346423676344	0.387056854028052	0.409987872824821	NA	NA	NA	NA	NA	0.371615736605927	NA	NA	NA	NA	NA	0.526188457841967	NA	NA	0.981462128018257
NA	NA	NA	NA	NA	NA	NA	NA	NA	NA	NA	NA	NA	NA	NA	NA	NA	NA	NA	NA	NA	NA	NA	NA	NA	NA	NA	NA	NA	NA	NA	NA	NA	NA	NA	NA	NA	NA	NA	NA
NA	NA	NA	NA	NA	NA	NA	NA	NA	NA	NA	NA	NA	NA	NA	NA	NA	NA	NA	NA	NA	NA	NA	NA	NA	NA	NA	NA	NA	NA	NA	NA	NA	NA	NA	NA	NA	NA	NA	NA
NA	NA	NA	NA	NA	NA	NA	NA	NA	NA	NA	NA	NA	NA	NA	NA	NA	NA	NA	NA	NA	NA	NA	NA	NA	NA	NA	NA	NA	NA	NA	NA	NA	NA	NA	NA	NA	NA	NA	NA
NA	NA	NA	NA	NA	NA	NA	NA	NA	NA	NA	NA	NA	NA	NA	NA	NA	NA	NA	NA	NA	NA	NA	NA	NA	NA	NA	NA	NA	NA	NA	NA	NA	NA	NA	NA	NA	NA	NA	NA
NA	NA	NA	NA	NA	NA	NA	NA	NA	NA	NA	NA	NA	NA	NA	NA	NA	NA	NA	NA	NA	NA	NA	NA	NA	NA	NA	NA	NA	NA	NA	NA	NA	NA	NA	NA	NA	NA	NA	NA
NA	NA	NA	NA	0.833921650317916	NA	0.676083613480709	NA	NA	NA	NA	NA	NA	1.3922658294473	0.783894616383818	NA	NA	NA	0.779794892516778	0.961955180426986	NA	NA	NA	1.1955381906363	0.740198630325679	1.18842076563015	NA	1.26804842700641	1.03667312034455	0.86548186378157	NA	NA	0.934564117612851	0.740597311677959	0.583227545864139	NA	1.3149098950187	NA	NA	NA
0.719137151144161	1.32727171564078	0.815272476537859	1.39610685448054	NA	1.92471006396974	NA	2.03687339946285	NA	1.96758974001741	NA	1.75093958833548	NA	2.15349726163033	1.09831741398375	NA	NA	1.07921833699545	2.10475987322949	1.95529606509465	NA	1.84755743181728	0.862957596673439	1.36585996661188	0.81922303278848	2.07381939508029	NA	1.24058094268108	1.60408811241707	1.89036650457916	1.82710917884006	2.09497774665873	0.845808243627585	0.806847175761068	0.733322464813455	1.05665130445628	1.43252271231238	NA	1.12974326651025	NA
NA	NA	NA	NA	NA	NA	NA	NA	NA	NA	NA	NA	NA	NA	NA	NA	NA	NA	NA	NA	NA	NA	NA	NA	NA	NA	NA	NA	NA	NA	NA	NA	NA	NA	NA	NA	NA	NA	NA	NA
0.960004985640581	0.899321455562003	0.983217067846809	0.796623763469804	0.953456262095742	0.576479573760317	NA	0.504264502027328	NA	0.133041347698482	NA	NA	0.356390084645002	NA	0.304311341509003	0.376038633221307	0.478552602410007	0.381248501639484	0.885451296502778	NA	1.0520824431517	0.744973415394866	NA	0.263566844750715	0.840828802384324	0.826215869007708	NA	NA	0.252760772951181	0.444158848416644	NA	NA	0.361470824080335	NA	NA	NA	0.50723432466601	NA	NA	0.19288506846948
NA	0.697541283530066	0.880614914540065	NA	0.989873818199936	NA	NA	NA	NA	NA	NA	0.904240212720347	0.898893136224011	NA	0.63021006097348	NA	NA	NA	1.1290887170938	0.445682170456822	NA	0.715823544686206	0.817162501738323	0.539750277002483	NA	0.817875412615447	NA	1.04336678688783	0.777926117143455	1.09609208841018	0.668872906773669	1.26750260210094	0.848299987135338	0.351095643141433	NA	0.446959240588321	0.943811495155272	NA	0.218800199143283	0.569086450460262
1.30113267445808	1.16680138859434	1.37876681690991	0.751698211266524	0.970298761317974	0.687228923962791	1.0612647219413	1.17203723531691	NA	NA	0.625711990323957	NA	1.08980653817879	0.276168570567736	0.502400768725185	0.679872706213425	0.822802547225215	NA	0.775590306980876	NA	NA	0.422201940265676	NA	0.697270469089366	1.23409808918882	0.432070938511391	1.42281476548616	NA	NA	NA	0.363347869917558	0.773571628577241	0.515667235084085	NA	1.06397615412172	0.523092953636507	0.399401729815175	NA	0.677863950273535	0.215899038099448
NA	NA	0.882199104392435	0.574960038864023	0.340260679616224	NA	NA	NA	NA	NA	0.455982194783482	NA	0.190813440620898	NA	0.50403136556806	NA	NA	0.845011997151297	2.58595612432375	0.895308556515834	0.172971198108044	NA	NA	0.376690569015207	NA	0.679735888767192	0.585947764603806	NA	0.792914660211502	0.731510169870893	NA	NA	1.12587243010846	0.728320676991294	NA	NA	0.52350701108378	NA	NA	0.768422851612933
1.80121122489414	1.87210718797915	NA	0.53220303133391	2.25297407189551	NA	NA	1.77712423995321	NA	NA	2.33148386019672	2.4181587386218	1.47067705253289	2.19364493245513	0.88535052926511	1.15848034914284	NA	1.21735584177104	1.18840127000567	1.77646528140786	0.975174365213812	1.12493685282061	1.46194547100159	1.55409069344179	0.787528982265452	1.82998538555911	0.427092586935669	0.873098351991623	1.40932825658489	1.29759327174756	1.58685122097142	1.19259073900948	0.538540887324352	1.36883839742242	0.886357961791124	1.65765255928085	1.84158169555905	NA	0.881564296327218	0.566138196313879
NA	NA	NA	NA	NA	NA	NA	NA	NA	NA	NA	NA	NA	NA	NA	NA	NA	NA	NA	NA	NA	NA	NA	NA	NA	NA	NA	NA	NA	NA	NA	NA	NA	NA	NA	NA	NA	NA	NA	NA
1.15062554374509	0.987015044559623	1.22833171077002	1.0486615285305	0.927784202241245	0.952699875510074	1.10695654702679	1.42301444810339	NA	NA	1.16378712339384	NA	1.18661822327945	0.526745931293034	0.691083812355596	0.772394589892257	0.916997349536745	1.07655608122468	1.39301783492599	1.11298775914101	1.03701449232904	1.25662885551232	0.799064139436802	1.04416894637516	NA	2.17228191672963	1.07225274295385	0.996071332789348	0.935671754619777	1.08742636324767	NA	1.032965369495	0.686407851726501	1.62461289303154	NA	0.611820203772899	0.344374520197853	NA	1.10357831246292	0.33183188005349
NA	NA	NA	NA	NA	NA	NA	NA	NA	NA	NA	NA	NA	NA	NA	NA	NA	NA	NA	NA	NA	NA	NA	NA	NA	NA	NA	NA	NA	NA	NA	NA	NA	NA	NA	NA	NA	NA	NA	NA
NA	NA	NA	NA	NA	NA	NA	NA	NA	NA	NA	NA	NA	NA	NA	NA	NA	NA	NA	NA	NA	NA	NA	NA	NA	NA	NA	NA	NA	NA	NA	NA	NA	NA	NA	NA	NA	NA	NA	NA
NA	NA	0.948181498301684	NA	0.470760687870242	NA	NA	NA	1.75964024886402	1.37738109953197	NA	NA	NA	NA	0.39735382091312	0.487333076914789	NA	NA	NA	NA	NA	0.318293007902705	0.44260383735112	NA	NA	0.436120271386786	NA	0.495771185787004	0.319209811080767	0.620218472419048	0.67505391496287	0.184880457260846	0.243822234943494	0.584620129932537	0.237057020525861	NA	0.562996276809586	NA	NA	NA
NA	NA	NA	NA	NA	NA	NA	NA	NA	NA	NA	NA	NA	NA	NA	NA	NA	NA	NA	NA	NA	NA	NA	NA	NA	NA	NA	NA	NA	NA	NA	NA	NA	NA	NA	NA	NA	NA	NA	NA
1.2931959935645	0.950658712182355	1.10305876741196	0.686154458397621	0.959224732420283	0.733733007192163	NA	NA	0.519375457912969	NA	NA	NA	0.543801109782288	NA	NA	NA	0.37862214519489	0.72533554724582	0.807726985243575	1.83659024101596	0.428367374539157	NA	0.776417156099233	NA	2.10916605804435	NA	1.40749335180416	1.96302790413796	NA	0.620403045420817	0.933361726170285	0.356497465930219	NA	0.522773940087756	NA	NA	1.91628429969625	NA	2.0222915438442	1.05359841798247
NA	NA	NA	NA	NA	NA	NA	NA	NA	NA	NA	NA	NA	NA	NA	NA	NA	NA	NA	NA	NA	NA	NA	NA	NA	NA	NA	NA	NA	NA	NA	NA	NA	NA	NA	NA	NA	NA	NA	NA
0.716300876950041	0.430231339181218	0.322227140125623	NA	0.556847574715328	0.767249382934112	0.885857824289326	0.478017993539855	NA	NA	0.594334570182122	0.196935430621426	0.38204117879204	NA	NA	0.910724457270929	NA	1.13278446947672	0.725210096949746	1.00992034351744	1.08743842526578	0.560078914930473	0.684905261080815	NA	NA	0.679800701054662	0.406597697642221	0.397426720573496	NA	0.693134448589126	0.51391200195729	0.902880828219894	1.01623350597324	NA	0.630648588634669	0.727035999748981	0.49035637964839	NA	NA	0.920037740241655
NA	1.5796672489381	NA	1.81799804441421	NA	NA	1.42583158138494	0.987206421458974	NA	NA	1.28942448803589	NA	NA	NA	0.979492842207081	1.04064898273549	NA	1.34824966345762	1.13180960267978	NA	NA	NA	NA	NA	NA	0.540550212251437	NA	NA	NA	NA	0.993083802209602	0.93915598031482	1.07387061976191	NA	0.688169762440882	NA	NA	NA	NA	NA
NA	NA	NA	NA	NA	NA	NA	NA	NA	NA	NA	NA	NA	NA	NA	NA	NA	NA	NA	NA	NA	NA	NA	NA	NA	NA	NA	NA	NA	NA	NA	NA	NA	NA	NA	NA	NA	NA	NA	NA
NA	NA	NA	NA	NA	NA	NA	NA	NA	NA	NA	NA	NA	NA	NA	NA	NA	NA	NA	NA	NA	NA	NA	NA	NA	NA	NA	NA	NA	NA	NA	NA	NA	NA	NA	NA	NA	NA	NA	NA
NA	NA	NA	0.414833787404605	NA	0.347528438419596	NA	0.537834625444399	NA	NA	0.777020741683044	1.12164201867045	NA	NA	1.95405849564429	NA	0.871240285059978	NA	0.877994637418007	NA	NA	NA	0.991131542377029	2.6162834938676	NA	1.28357884810943	NA	1.37123271498844	0.13458424337488	NA	0.606635719128732	0.442109819508358	NA	NA	NA	0.615582454502721	0.864442463532542	NA	0.764350851063636	0.332242699265951
NA	NA	NA	NA	NA	NA	NA	NA	NA	NA	NA	NA	NA	NA	NA	NA	NA	NA	NA	NA	NA	NA	NA	NA	NA	NA	NA	NA	NA	NA	NA	NA	NA	NA	NA	NA	NA	NA	NA	NA
1.79224406212466	NA	NA	1.2715985965008	1.1167473426383	NA	NA	1.97804565865379	NA	1.59657777346299	0.91974549474069	0.637083083868902	0.702407137214407	0.721969100131966	0.704337808121292	0.654558705353764	0.71480049959924	NA	0.561734475342667	0.515617764125384	NA	0.476771364883863	NA	0.469766826837177	0.66394806414945	0.921781331961731	0.944957807272758	0.538365954868046	0.852583782478103	NA	0.391989439900075	0.493904298947607	0.599489330818674	0.681191393756954	0.146395116962306	0.358353268549157	0.390393445591571	NA	0.625727137352644	0.344419342074545
NA	NA	NA	NA	NA	NA	NA	NA	NA	NA	NA	NA	NA	NA	NA	NA	NA	NA	NA	NA	NA	NA	NA	NA	NA	NA	NA	NA	NA	NA	NA	NA	NA	NA	NA	NA	NA	NA	NA	NA
NA	NA	NA	NA	NA	NA	NA	NA	NA	NA	NA	NA	NA	NA	NA	NA	NA	NA	NA	NA	NA	NA	NA	NA	NA	NA	NA	NA	NA	NA	NA	NA	NA	NA	NA	NA	NA	NA	NA	NA
1.36779501323971	NA	NA	1.24898611919553	1.44172011453326	1.23250167291499	1.62863510428342	1.90418449117546	NA	1.75545579722862	1.42538950687823	NA	NA	1.32784143603622	1.08438849864556	1.83765154823138	0.907207828030513	0.692939777184792	0.688368192594376	NA	NA	0.3358514578069	0.736852594207189	0.40455115882583	0.824235357431356	1.01483544543727	NA	0.719817941590393	NA	NA	0.929689734171877	NA	0.550603667682185	0.23389533919759	0.14918067596401	0.58430066949271	0.492332869242822	NA	NA	0.459777367452135
1.12948145503806	NA	0.570606338650856	0.211232803687149	0.384639778671377	1.1152968019209	2.25907314516077	NA	NA	NA	1.55576049335408	NA	1.41574137935728	1.22850694196767	NA	NA	2.14534000082138	NA	NA	1.95106165712115	0.419984369992078	NA	NA	0.783890091721018	0.84543539381792	NA	NA	0.827725366296482	NA	NA	NA	0.784092641841493	1.53952222876669	1.68702593225212	NA	NA	NA	NA	NA	NA
NA	NA	NA	NA	NA	NA	NA	NA	NA	NA	NA	NA	NA	NA	NA	NA	NA	NA	NA	NA	NA	NA	NA	NA	NA	NA	NA	NA	NA	NA	NA	NA	NA	NA	NA	NA	NA	NA	NA	NA
NA	0.451722783915438	0.514748621057889	NA	NA	0.325363016138353	NA	0.498601835061261	NA	NA	NA	NA	0.704460264863161	NA	NA	0.82169551941428	NA	1.03380616163772	NA	NA	NA	1.0131129439011	0.928656636155829	0.993753682405459	NA	NA	NA	0.7188772014501	0.900266984221589	0.915585966738148	0.665232905617799	NA	0.96536816150738	NA	0.340482453770866	NA	0.605444434808279	NA	NA	0.359515783155749
NA	NA	NA	NA	NA	NA	NA	NA	NA	NA	NA	NA	NA	NA	NA	NA	NA	NA	NA	NA	NA	NA	NA	NA	NA	NA	NA	NA	NA	NA	NA	NA	NA	NA	NA	NA	NA	NA	NA	NA
NA	NA	NA	NA	NA	NA	NA	NA	NA	NA	NA	NA	NA	NA	NA	NA	NA	NA	NA	NA	NA	NA	NA	NA	NA	NA	NA	NA	NA	NA	NA	NA	NA	NA	NA	NA	NA	NA	NA	NA
NA	NA	NA	NA	NA	NA	NA	NA	NA	NA	NA	NA	NA	NA	NA	NA	NA	NA	NA	NA	NA	NA	NA	NA	NA	NA	NA	NA	NA	NA	NA	NA	NA	NA	NA	NA	NA	NA	NA	NA
NA	NA	NA	NA	NA	NA	NA	NA	NA	NA	NA	NA	NA	NA	NA	NA	NA	NA	NA	NA	NA	NA	NA	NA	NA	NA	NA	NA	NA	NA	NA	NA	NA	NA	NA	NA	NA	NA	NA	NA
0.554292574879133	0.857284230517274	0.968532720296612	0.76172534800221	0.727505266059397	NA	0.643871915582016	0.740761173166622	NA	NA	0.57159540674624	0.584489255886399	NA	0.831974236902608	0.400584534542355	0.735285414627395	0.500959367366153	NA	0.622129350324464	0.722399317626074	NA	0.678317842647232	0.762417349761015	0.328112295223278	0.354734669496337	0.491269908087768	0.799219843352487	NA	0.693162056049103	NA	NA	1.71239649776449	0.634983830499301	1.36047664977177	1.58903231030062	0.707779873879246	0.31153722849408	NA	NA	0.395172688957782
0.517790756498381	0.547459231225088	0.816752501697794	0.627378397715317	0.429056597523041	0.887982706463907	1.19027319803135	1.15291713424761	NA	1.38346729150586	0.908646645893843	1.14464334174699	0.868485284099888	1.18798803207552	0.376903417431885	0.563026254578866	NA	0.447305620404825	0.857860290329105	NA	2.10510448749617	0.304350278229683	0.378769243436497	0.31057561655376	0.24200997893717	0.561119604197998	0.635112866871169	0.9423115846795	0.471776087491079	1.04790392784435	0.273227356611862	0.338651245138985	NA	NA	0.901547066220511	NA	1.43491036194674	NA	0.644480233680731	NA
NA	NA	1.62527161433791	1.96043789036398	2.20884326969591	2.18056057190138	2.1292012618154	NA	NA	1.11586722221597	1.56943027798487	1.27738421547266	1.08708995608377	1.56699610293518	1.45495559948834	1.40075277785785	NA	1.47444123794201	0.782768016962971	1.35493129409334	NA	1.54450225541006	1.05686560304773	1.29967389661413	1.44819204783261	NA	2.11518097538074	1.23545672364153	1.18934769730663	0.940757581052605	0.921603178770785	0.841271136075236	1.19959845306067	0.884894675526681	0.679702673429173	0.387842964800558	0.232608367560778	NA	0.284592084199434	0.407591404898394
0.319426730516322	0.776056228146951	0.916627999391297	0.915613258048487	NA	0.802654863011909	0.659959121962268	0.775550501795791	NA	NA	0.617321032613117	0.297137169302759	0.612259926890386	0.727037336888741	0.724136629508515	NA	NA	0.613777442301841	0.647512809239838	0.803209745096649	0.795486801884881	NA	NA	0.270933494920218	0.374846058328137	0.471265841405449	NA	0.483077642273679	0.458374038557295	NA	NA	NA	0.266542958808374	NA	0.360322064084813	NA	NA	NA	NA	0.18802793821867
0.847076400490199	0.461214708011736	0.58134899637949	NA	0.659721996197979	0.573408238165363	0.809990359816594	1.10813016542432	1.11892901743503	0.655545209572957	NA	0.357655778157265	NA	0.504170431966358	0.509079448454814	NA	0.49286186271071	0.841152931970898	0.329958237924576	0.395692194905674	NA	0.467308370890953	0.89626505559123	NA	1.00797865398884	0.853838945569082	0.51225254724544	0.494975991174505	0.575564303662164	0.799710417725734	NA	1.1626632153162	0.572532129118125	0.397299172487113	0.397587646872783	0.427545205151266	0.432832529242742	NA	0.836234664039823	0.541970218486284
1.56527208011481	NA	1.52805118178576	1.23492570810397	0.880489916067126	0.882312254855006	0.273270007569168	NA	NA	0.524103463248195	0.645342685064099	0.461230916875867	0.157215140722191	0.59260865187476	NA	0.676830551454287	1.14528885316644	NA	1.84743842928351	1.11304358145374	NA	0.744444367473066	0.927481827537946	0.801707685030668	0.999324096806964	0.711459669272621	NA	0.462327675743826	NA	1.28664933127998	1.49128793632133	1.61935398579682	1.23611289291478	0.69011579311631	0.727535451574401	NA	0.854376757079332	NA	0.547322776460431	NA
0.832902704941278	0.611051212192211	0.375309683390943	0.693517101485343	0.693347118786828	2.27913928877342	0.424468488074104	0.653070923051431	0.569051973978597	1.18204535283417	0.954082757372816	NA	NA	0.193453800113392	0.251403438743984	NA	0.649486839086952	0.347826669930782	NA	NA	0.649242115448578	NA	0.473495926214163	0.518805692231148	0.782330915903857	1.0427729747755	0.884219633568472	NA	1.10491060314302	0.820787595484085	0.184782459126777	0.468183609587977	0.33856385453912	0.480748047113895	0.182721070700139	0.344787537159664	0.300947580488937	NA	0.452915391742719	0.529685672380048
1.12332108928778	1.15985978604135	1.39758183754748	NA	1.20515764955267	1.47045539553114	1.43373527734053	1.73436570899508	NA	1.27891425962974	0.848498450273556	0.767202629689263	0.988820556258798	NA	1.22744974393879	1.24604466347355	0.704553194168262	1.16903888539505	1.59756003932536	0.953050359494768	1.37745781801762	0.728134739162163	2.05200443537467	1.10960485307512	1.21065752446234	0.900817542233195	1.32250845258025	0.962428211441812	0.943767791250274	0.834525123369281	1.16766632150531	1.21616704675292	1.13570992339797	1.80641046199996	NA	0.927894702802549	0.428927108943982	NA	0.718134490510429	0.451940803874175
0.728898765761488	0.753691844776797	1.24075066372982	1.32779752258701	0.778423655301548	0.668932766658076	0.536207339241626	0.511203185067673	NA	0.269022522360058	0.233299045516297	0.325653461719448	0.384933059685322	0.47539202934081	0.484748586828259	0.807319187904406	NA	0.611061796136354	0.545804314176297	0.374059920426074	1.61005633922778	0.612265978770098	0.446694510281263	0.223769571182794	0.315783145093398	2.03036856072824	0.546767850054975	0.35243262910362	0.651306740889122	1.08312716755862	0.599338668971756	NA	1.08300578066782	1.21232684706784	0.241929732316649	1.40606473558828	0.668965444709493	NA	0.178236669392119	1.05217019936378
NA	1.04928433799785	NA	1.05590829676315	0.814758799041074	0.580542572858586	0.416769482609063	NA	0.664764158160278	0.194110018893554	0.408050486856018	0.47464135974043	0.38046880604844	NA	0.471111560984734	0.707397012504054	NA	0.459926189425962	0.735936359559986	0.7147920517838	NA	0.402406234179871	0.535047046609825	0.594980069806028	0.575590263665842	0.764428990713046	0.496337294835464	0.59412275960593	1.126899771495	0.989521829847325	0.795689109434916	0.775958705471006	0.659014958766337	NA	2.06808006755563	NA	0.384370980292609	NA	0.239388127464341	0.230965863933961
0.500427424113331	1.21263187696134	0.808188583453803	0.854748857451772	0.965753495649409	0.492632296888827	0.857012737421211	0.533907542468285	0.595841621066362	0.8097043527745	0.639014554482826	NA	0.966140461004717	0.979994845524731	1.14219394732192	1.13019960855587	1.37870026934771	1.40489461273389	NA	0.791553065381348	0.66859065073994	0.812165453696277	0.467985313191806	0.50411958766735	0.711912566716878	0.502315396497835	0.662163085069037	NA	0.330447291307011	0.742435477952804	0.455777756769206	0.256428847251229	0.474572308976586	0.486502856640548	0.330389840939793	0.462323610426721	0.448590130026646	NA	0.499771950421017	0.383821335707487
NA	3.53878397186036	2.17970827036629	1.81755714052337	NA	NA	NA	1.73509711710712	NA	NA	NA	NA	1.63947730677867	NA	0.696429479559864	NA	NA	NA	0.434205711552184	NA	1.16088012934896	NA	NA	NA	1.982248415331	1.45645684366258	NA	NA	NA	NA	NA	0.80226255865029	1.22875431857363	NA	0.948386373613384	2.41687889162356	0.656312504213193	NA	NA	NA
1.32098808905782	1.39091308828028	1.43891305849284	1.40501547328023	0.881759198288225	1.25748454122921	1.46917562991138	1.51730046195834	0.835562769120661	1.63937107306471	2.125254175242	1.48890249605518	1.87801053633392	1.07378603613689	1.09554146758654	1.61442505178799	1.41872102816749	1.21403419158782	1.49195144024123	1.57236329407805	1.04843034800534	1.14282575300781	1.01197665492583	0.67935777956577	0.591593427862364	0.767035424032486	0.640670102676064	0.401903760573837	0.30994368587498	0.590199597173983	0.73522004511432	0.707235949570652	0.783637887425955	0.652133403777541	0.480667671822287	0.310630344252021	0.270210582544928	NA	0.568320281320396	NA
NA	NA	NA	NA	NA	NA	NA	NA	NA	NA	NA	NA	NA	NA	NA	NA	NA	NA	NA	NA	NA	NA	NA	NA	NA	NA	NA	NA	NA	NA	NA	NA	NA	NA	NA	NA	NA	NA	NA	NA
2.07391494556704	2.03060473486164	2.42957835354685	2.1183445095027	2.30558414228369	3.05874954107801	2.37418233722696	NA	NA	NA	2.01311539821648	1.7988383482931	1.75588875229031	1.69168796725669	1.80760209870857	1.61362889744239	1.39821202192755	1.73483467979812	NA	1.47216198634222	NA	1.06867791565632	0.779800686191014	0.719770122488781	0.715181043180208	0.584329720535005	0.843500601767037	0.726799595367988	1.73485915603443	0.588053306603886	0.532518952707729	0.958408240895006	0.441880843819744	0.477458869272412	NA	0.685000377864887	0.169685086281399	NA	0.479744301064022	NA
2.58747162694725	3.17734667471358	2.5888166633108	2.90850743194976	1.95019663366883	0.19614897731366	0.488929725295643	2.60358550514973	2.64560879634039	2.42071485922293	1.57134909226517	1.87892115069671	2.16493185317527	1.26312223262035	1.5443573399535	1.9778769440851	2.42191909953318	2.05253626999036	2.55627999424371	2.04826008882169	1.84428533797364	2.15838166186967	2.17774556228554	2.26821470089442	1.11258096709715	1.30498768210928	2.48097821811733	1.37464597373954	0.364570378600973	1.20501458929293	0.955343178968549	0.710093526957612	1.12191662935595	1.30354838520646	0.584203152651731	1.79996375027615	0.492157686195237	NA	1.83693030879438	1.17259487672818
1.2586413354543	NA	0.653385023729905	0.676621717005793	1.09091642031755	0.457777251505792	0.422402863300062	0.535887402427733	1.08954872686592	0.975622751544478	1.14667016176643	1.03215369939636	0.738327457538979	0.407502273715896	0.550168686909748	0.684067080905194	NA	0.611451372796349	0.899688845949417	0.793859941971335	0.450823472328852	0.770794052988621	0.660415203106181	0.429387497010051	0.651052255919539	0.647135915719666	0.834963108918178	0.880029965402161	1.01968975438022	0.81776108534011	NA	0.637785959261421	0.377465095914553	0.362434627489748	0.55575149412773	1.097626511225	0.417191274007899	NA	1.49872132049737	NA
1.38665642793968	1.08649268775051	1.70870381091887	1.52228532558097	1.05984946071085	1.30813633607381	1.13540465205489	1.5096340029942	1.05379664144124	1.48751073140005	1.96665286477311	1.75032839363778	2.07229170879328	1.78644448903607	2.20775889037268	2.5958541684965	2.34527920477647	2.82442228437938	1.81568931129287	2.26422122476501	2.14649021481549	1.82193620174085	1.47290359700439	1.23747504252386	1.38955036434643	1.43823684180809	1.39316294666038	1.27269266123796	1.4203623512015	1.10335321023205	1.39868474344691	1.34587788758492	0.711281686407196	1.27225668305887	0.480592486922198	1.04643722373835	NA	NA	1.09691731666396	0.817977082432406
NA	NA	NA	NA	NA	NA	NA	NA	NA	NA	NA	NA	NA	NA	NA	NA	NA	NA	NA	NA	NA	NA	NA	NA	NA	NA	NA	NA	NA	NA	NA	NA	NA	NA	NA	NA	NA	NA	NA	NA
1.2874950349009	0.922145766789409	0.858202646892554	0.689866667961385	1.70729797282997	0.743395693699531	0.555191989731481	0.65504090501577	NA	NA	1.0750340839594	0.999564793630773	0.815709333774519	0.803125931899437	NA	1.1278342449968	NA	NA	1.09739764271752	0.778305432455547	0.471953990155568	0.816946467740911	0.66709419593929	0.75904125803095	0.810498992979959	0.932326716848135	0.733426777268383	0.762032149057587	0.953083685342142	0.932604387635283	1.1485952658111	0.772560270755296	0.349155527186107	NA	0.544165021090229	0.314702036966674	0.230470980491458	NA	NA	0.460994482909339
0.424582935500234	1.26072950744796	0.933783363942394	1.31444822205012	1.64805479988198	1.53813526954627	1.46821184070365	1.64508731405824	2.52444846519296	1.38945761067102	NA	1.62574819321275	1.38868253139511	NA	1.70094686855023	1.5229348314331	NA	1.57689867093358	NA	1.36810594686423	1.15197078179171	1.63788380780456	1.81313502895569	1.47907897793766	1.37929160343604	NA	1.7050586175356	1.51964193261106	NA	1.4069422113663	1.18379275002791	1.2136353351396	1.05090503482281	0.948702900206163	NA	0.492761867321998	0.380596569817645	NA	0.670415782527916	NA
1.181961659298	0.594772903247137	0.267785416101947	0.490836261888365	0.644386134604351	NA	0.529194081131154	1.31977382642079	1.19093785148774	0.98322994233725	1.19674391851798	0.665791271906172	0.903400058625012	1.13687661822601	1.44890186005435	0.907153821795504	0.643915708780747	0.749895938458494	1.42525227503088	1.65571150571468	1.17844338615658	2.08678492898237	1.40815731932365	2.4588953083379	1.80084970441079	2.28997046747541	1.43124908144863	1.58363172879303	NA	1.07887480039326	1.32825303810478	0.864994204045848	1.26762205954205	0.96236630566415	1.67758690699258	0.975996729386764	1.55823370955863	NA	0.827358320402741	1.26206090946557
NA	2.10868606497872	2.05988707890892	1.30242258452703	1.84120943896216	NA	2.00626193796757	0.877192450942411	NA	NA	2.29465157288073	NA	NA	1.44104009123333	1.19486586026295	NA	NA	0.27723597502831	0.249246762514291	0.298774533087383	NA	0.492759814960334	1.76180042530332	1.87867364421831	1.6633824044338	1.71115653681647	NA	NA	0.135302080996651	0.590269107361425	0.737915446772834	NA	0.35052814470076	NA	0.250523402629636	0.319913251135706	0.808053071054008	NA	NA	NA
NA	NA	NA	NA	NA	NA	NA	NA	NA	NA	NA	NA	NA	NA	NA	NA	NA	NA	NA	NA	NA	NA	NA	NA	NA	NA	NA	NA	NA	NA	NA	NA	NA	NA	NA	NA	NA	NA	NA	NA
NA	NA	NA	NA	NA	NA	NA	NA	NA	NA	NA	NA	NA	NA	NA	NA	NA	NA	NA	NA	NA	NA	NA	NA	NA	NA	NA	NA	NA	NA	NA	NA	NA	NA	NA	NA	NA	NA	NA	NA
NA	NA	0.84898676002299	1.37320421445359	1.62433994902243	1.50635411308168	NA	NA	NA	2.59470703608074	NA	NA	NA	0.906973218405155	1.18789333651642	1.89914924255033	NA	1.47189977494215	1.57130943670589	1.8057777064508	2.78994305528736	2.0040126031212	NA	NA	2.07308520008259	NA	NA	NA	1.95056731500006	2.23018903118032	0.948284215767361	NA	1.63184423663259	NA	NA	0.70928892659734	0.840539204109753	NA	3.01150286871109	NA
1.79283555822944	0.82530376215447	1.85637112376759	1.21057405600972	2.08780643766203	1.56409975809247	0.941102619686328	1.92474633823439	2.25303751367816	1.56709077966424	2.04444117579085	1.75686903762408	1.86228131707599	1.4312288008003	1.08242017766214	0.463902223751716	NA	1.42127224081665	0.956762029878734	1.41029693891177	NA	1.32610237915975	0.747461459612098	0.493490478638627	0.88150286656449	0.77032339185563	0.64530244867913	0.952501863817883	0.764739404597126	0.855410997655846	0.88383397877305	1.12426585682021	0.461531552894074	0.740973615120845	0.321686517392566	0.732305927843834	0.131680118721014	NA	NA	0.374176660662283
NA	1.48404352423562	NA	1.28357437444812	NA	2.0776962381025	1.48217301651334	1.34293662911935	2.10126761482961	NA	0.993123708507278	NA	1.49212285874914	NA	NA	1.17052536912577	1.29603841041376	0.973719595793182	0.602046749729794	NA	NA	NA	0.921503028959259	NA	NA	1.08242916851341	0.797149896231436	1.05025403812961	0.935751877373375	0.758645202035365	1.38452183738133	NA	1.11327373708992	1.36449052842597	NA	NA	0.791895166907402	NA	1.42338559548162	0.65662869561569
NA	NA	NA	NA	0.877722724765725	NA	NA	0.908634408795938	0.969473759488412	NA	NA	0.541810150841711	0.519143392682266	NA	0.597035562645491	NA	NA	NA	NA	NA	NA	0.212369234923313	0.17459483374201	0.425099229440698	NA	0.517452735991994	NA	NA	NA	0.988314517327394	1.17984887890829	NA	NA	0.51028687746322	0.403517767693554	NA	0.579416920386192	NA	NA	NA
1.51075446604512	2.24090062009724	1.96414510259926	2.32909137020879	2.07557269557444	1.85545148787529	2.13226630340616	1.12930843904188	2.686967034971	1.32155498852719	1.86266936886279	1.94612871041056	1.77144054124466	0.746737082579992	NA	0.782973193239428	NA	1.02010682894146	0.901342226943078	0.776876993166826	1.88595267201431	0.683677343446609	0.494508305029823	0.54618304182287	0.732930211735785	0.698445499761197	0.291462752865736	0.171844774389844	0.394168343576578	0.405396423621513	NA	0.74646439046916	1.18951775625431	NA	1.01367739132854	0.920504028249718	0.495048310874959	NA	NA	1.03109326300559
NA	NA	NA	NA	NA	NA	NA	NA	NA	NA	NA	NA	NA	NA	NA	NA	NA	NA	NA	NA	NA	NA	NA	NA	NA	NA	NA	NA	NA	NA	NA	NA	NA	NA	NA	NA	NA	NA	NA	NA
NA	0.873213996112421	0.742897632954912	0.825562461695197	1.20979579517463	1.34009818990416	1.3217969334307	1.3768853575397	1.26226669193524	1.4688561583792	1.2744365703052	1.6376993576975	1.4690317050076	1.39895784088928	1.27696029605361	1.42598411571572	1.20550413264958	0.989324237829501	1.08129698005238	1.29439701836552	NA	1.29503607831803	1.40239664127716	0.941297092548512	0.682049873112805	0.726090846915618	0.663387527674038	0.522556965231141	0.880122992441689	0.385487653447567	0.511332249221566	0.793883464565815	NA	0.806578130774742	0.693475820783602	0.22526846194652	0.344286837850349	NA	NA	0.248025778887332
0.79859942690197	1.31201633560385	1.73111639828741	NA	NA	1.08070006517388	0.147372522634256	NA	NA	1.38670856401026	1.14053133822356	0.845838493132667	NA	1.41031349774776	1.05964736357383	0.940228593865649	NA	0.775883462089746	1.11160952261405	NA	NA	0.591414069074219	0.647989365230304	0.543742816121892	NA	0.552209409402497	1.99586088956937	1.02525115447984	0.534887351942304	0.665330554488593	1.87411186020541	NA	NA	0.97259794478247	0.658796994754945	NA	0.312297860115186	NA	0.571097151903803	0.657198873974161
0.657248258367056	0.7476504986402	0.679171713219414	0.364183541685956	0.39529479293007	NA	0.785872367410578	0.856384403259984	0.606752035199952	1.42898386266126	1.65216950693951	1.16974498016967	1.58951809431614	1.59120351179677	1.71003503199393	1.85086874551315	NA	1.40368834682018	1.38634919871718	1.76364288524153	0.750126025849794	NA	1.46135697294386	0.864395074627563	0.79802887888794	0.633765592054157	1.02758771980546	1.06072358890878	0.824764172647203	0.421150994211885	0.640712744664209	NA	2.78380334680825	0.544904317218226	0.464418647573309	1.19069278511882	0.294074150374245	NA	1.75663909933148	0.941560916021894
1.20977569402665	1.25530545306836	1.25321337441296	1.64734312613722	NA	1.29702781873357	2.20358072781264	NA	NA	NA	0.956485628708127	NA	1.63970925794627	NA	1.3597954531616	0.858427895929235	NA	0.915884666136011	0.684311936439062	0.887420428469138	NA	0.899527716841497	0.284349381601754	1.06087038856963	0.789382570730443	0.589192809342668	0.912087375946468	0.483329821621976	1.38707063404372	0.590633625066785	NA	1.80944779170829	0.311417736789146	0.416545595000395	0.782563496420588	0.473341138615761	0.647355824098948	NA	0.639093700216998	0.740612832961879
0.820882940845561	NA	1.39322333237297	0.633515371488204	0.410285436609213	0.391148479272093	1.18029851260087	1.2319948807241	NA	NA	NA	0.61967304356194	1.04500865640591	NA	0.746881726400368	0.629269501903792	0.667974867941409	0.46691709407091	0.923917800954639	0.583214035674295	0.473344596933542	1.43874116138408	0.944953454712545	1.46643532656706	1.21305212454907	2.05952514438919	1.5682642755992	1.82527525131026	1.74044968296001	1.22396379641109	NA	NA	NA	NA	0.695330591409881	0.689973933616987	0.564928552090523	NA	1.38291556771872	0.830309886064356
NA	NA	NA	NA	NA	NA	NA	NA	NA	NA	NA	NA	NA	NA	NA	NA	NA	NA	NA	NA	NA	NA	NA	NA	NA	NA	NA	NA	NA	NA	NA	NA	NA	NA	NA	NA	NA	NA	NA	NA
NA	NA	NA	NA	NA	NA	NA	NA	NA	NA	NA	NA	NA	NA	NA	NA	NA	NA	NA	NA	NA	NA	NA	NA	NA	NA	NA	NA	NA	NA	NA	NA	NA	NA	NA	NA	NA	NA	NA	NA
NA	1.5124182221937	NA	1.99266739983371	1.43072178366116	NA	NA	NA	NA	NA	NA	1.37751144163846	1.39394001622666	1.30344007104592	1.62799627324726	1.68716978154112	NA	NA	NA	1.62727159080397	1.68034942676821	NA	1.22282399572313	1.76075999610339	1.64766354445179	NA	NA	NA	1.28544379678995	1.52672163454297	2.09459169118679	NA	1.44486745579704	NA	1.69203183545578	1.48707468091281	1.28235234493118	NA	2.59957349559752	0.25914766954533
NA	1.42679322702405	1.4244517110853	1.38046086169414	1.91391231621436	1.00408101210462	0.812506956728637	1.06963331910282	0.794477018490639	1.0219442807042	0.991918015362627	0.990737216282949	0.921283951215295	1.07220821595006	NA	0.964659572738549	NA	1.27321146151339	0.953168252913506	0.744929912137459	NA	1.023085899442	0.862845859373041	0.695041441340381	0.712944343589486	1.59529904093582	1.28115632496861	1.48212552484061	1.63204157984786	1.37456595404037	1.20221496650459	0.70288128324094	1.40465891158211	1.4050145677833	1.40754278740735	1.09343539673548	0.916828162206015	NA	0.710631424984765	0.639137457776168
NA	NA	NA	NA	NA	NA	NA	NA	NA	NA	NA	NA	NA	NA	NA	NA	NA	NA	NA	NA	NA	NA	NA	NA	NA	NA	NA	NA	NA	NA	NA	NA	NA	NA	NA	NA	NA	NA	NA	NA
NA	NA	NA	NA	NA	NA	NA	NA	NA	NA	NA	NA	NA	NA	NA	NA	NA	NA	NA	NA	NA	NA	NA	NA	NA	NA	NA	NA	NA	NA	NA	NA	NA	NA	NA	NA	NA	NA	NA	NA
0.718492071009255	0.848729670128522	1.05740074133581	0.67766505348357	1.30491565220175	0.755033348021959	NA	1.07540285368657	NA	1.43402399514112	1.07678493065824	NA	1.18774853138837	0.828848196450247	0.964387777881291	1.45225291865072	1.64882511749263	1.69970780171309	1.68909365881454	1.34215171142909	1.09678560878154	1.18694901219323	2.51977811212815	NA	1.89596948753633	1.82131574061376	0.799719084738729	1.1624509154334	NA	NA	0.751405800249815	0.996031763169749	NA	0.912918044685915	0.650987035354889	NA	0.453308026000781	NA	0.268241154131826	NA
NA	NA	NA	NA	NA	NA	NA	NA	NA	NA	NA	NA	NA	NA	NA	NA	NA	NA	NA	NA	NA	NA	NA	NA	NA	NA	NA	NA	NA	NA	NA	NA	NA	NA	NA	NA	NA	NA	NA	NA
NA	1.00958434487289	NA	NA	NA	NA	NA	NA	NA	NA	NA	NA	NA	NA	NA	0.872401580860861	NA	NA	0.808212089855672	NA	NA	NA	NA	NA	0.565230573559718	0.288826589356294	NA	0.491124213470934	0.273800537979625	0.773426413527647	NA	NA	0.910503987046989	NA	NA	0.746335298600138	0.427926206967334	NA	NA	NA
NA	NA	NA	NA	NA	NA	NA	NA	NA	NA	NA	NA	NA	NA	NA	NA	NA	NA	NA	NA	NA	NA	NA	NA	NA	NA	NA	NA	NA	NA	NA	NA	NA	NA	NA	NA	NA	NA	NA	NA
NA	NA	NA	NA	NA	NA	NA	NA	NA	NA	NA	NA	NA	NA	NA	NA	NA	NA	NA	NA	NA	NA	NA	NA	NA	NA	NA	NA	NA	NA	NA	NA	NA	NA	NA	NA	NA	NA	NA	NA
NA	2.20021777784306	NA	2.12938022803092	1.11562393734567	NA	NA	NA	NA	NA	1.30383069808071	NA	0.972290793462385	1.77247269514551	0.973726691787506	NA	0.535037404665089	0.633002879694863	0.523973162882644	0.205691043188411	NA	NA	0.466268028121535	0.72581566282555	0.449986185745779	0.496463133287856	NA	NA	NA	1.01716942402528	0.812117301868996	1.15885642572741	1.29722865918043	0.722712225581238	0.679736224830832	NA	1.03327569512655	NA	0.320528695046794	0.451527737582152
0.55213108722059	0.588139296598867	0.547986531614339	NA	0.936215482685412	0.971702053508429	NA	NA	NA	NA	NA	1.53851079048027	NA	NA	1.23464722571858	1.36370079668536	1.58378524378389	0.574389267359189	0.40854696963267	0.64303059470904	NA	0.821020253943247	1.32033284964019	0.813035280632369	NA	0.990397409448679	1.03541889552592	1.34399654383643	1.84909806897168	1.33318109106332	NA	NA	1.32219132151847	NA	NA	0.440052048455616	0.359855977698283	NA	NA	NA
NA	0.363615589293924	NA	0.558586427349569	0.711616420839884	0.939344935374103	NA	NA	NA	NA	0.7754349987407	0.652659948804873	NA	0.312964350226538	1.52823458649431	2.1334931191933	0.487556624957063	1.31053967004658	0.700381689825051	0.311290546301545	1.4059678010266	NA	0.535193702186409	0.227764423286149	0.739342415357757	0.791400853727711	2.23113138683644	0.694215267165753	NA	NA	0.67269219962152	1.01086555475068	NA	NA	NA	1.28788496088629	0.230332296343824	NA	0.360891006266728	0.123310034773041
1.36531686141183	0.773963397680995	0.708798551585502	0.663977308168583	NA	0.877042041531184	NA	NA	1.68088998097014	NA	1.88867829084331	NA	NA	0.609572215377567	1.74625896685777	0.130831185406595	0.635525226807506	NA	NA	0.680261912885893	NA	0.707531011470283	0.669266244347998	0.701434347898705	0.934636803758576	0.953682256740087	0.705569449797242	NA	1.14983654476383	1.05699393673222	NA	1.02582832120513	1.15968029876003	NA	NA	1.01540112062775	1.03301098377948	NA	0.779692383834874	NA
1.36022378188264	1.76514231333391	1.70156643033845	1.6578226938995	1.26477389189353	1.89124226808715	1.92053172324063	1.57117777727502	0.63814662354343	1.81977383332472	1.15147189889199	1.6258197060699	1.43818001555249	1.96740557623378	1.55202671880251	1.87160587502198	1.12708425471142	1.30060412164805	1.43459785856305	1.48014675294519	2.01292538527964	1.29949811390024	1.51085095581208	1.23092248698505	NA	0.898716758446387	0.810736969084182	0.83980201753781	1.1448911257349	1.01415974928939	0.818480319188549	0.898840273392269	0.346267105474133	0.850156844609472	0.665922850390433	0.559402359878495	0.285852595807875	NA	0.566261674398948	0.424209126458977
NA	1.71209208250685	2.10148508344151	1.93154546092261	1.73667544168306	1.47375998269353	1.81637257157389	1.09481731864337	NA	NA	0.813700798487398	0.879989417017267	0.749150969409624	0.321659635250099	0.844186694724548	1.23086508180284	NA	NA	0.429797240291273	1.02271796744805	NA	0.664810173310073	0.842726430081411	0.72609236131842	0.905010414073534	0.842182372204642	0.758524027439484	NA	0.169502529979014	1.00967736866187	0.577186578471239	NA	0.559695429628496	1.17946133489677	NA	2.29487761261246	0.414103814731366	NA	1.55435873431041	1.60687078080669
NA	NA	2.16164895436458	2.51479740508609	1.99577936948081	1.29809730108334	1.65975669772885	2.59578378742697	NA	NA	1.55830281238722	2.07325916645275	1.1351549576871	1.90104912489985	1.93571132196108	1.32984097197569	NA	1.20799887794546	1.95204551855931	0.55646943104029	2.15661400651936	1.1375269779297	1.04566282253893	1.22315187405443	1.38213972206162	0.923688503693099	1.2156147533504	0.604000134069839	0.677876977213371	0.80753271492522	0.897671415427161	0.728654810913298	0.912964172845984	0.6528926345946	0.437217375014213	NA	0.522693757582627	NA	0.688176637398417	NA
NA	NA	NA	NA	NA	NA	NA	NA	NA	NA	NA	NA	NA	NA	NA	NA	NA	NA	NA	NA	NA	NA	NA	NA	NA	NA	NA	NA	NA	NA	NA	NA	NA	NA	NA	NA	NA	NA	NA	NA
1.56391438560794	2.05688161154293	1.97021274088445	1.53900313142122	1.57933195349588	1.63024573878899	1.61935995873657	1.77682763760382	1.11073620412607	1.52963249363398	1.19667250593572	1.93839391090141	1.92182018617517	1.57825050220375	0.780183776211643	0.515654261028902	1.73020592098788	0.846933717151935	NA	0.909056850719056	0.75880350734919	1.33293743456693	1.37884548398413	1.36952117574619	1.51950115151419	1.08224973988965	1.68192959153468	1.75103250960144	0.715493376168423	0.518688986217211	1.72033116393786	0.487764870307593	0.790952821049439	2.20280971601944	0.645285587046526	1.67268424376685	2.00136118044416	NA	0.538168743602181	1.82910221650256
1.04579694750612	NA	0.228848938825005	NA	0.402499660534517	0.584958928552066	0.653723612680045	0.934284998459606	1.20219150438818	1.08257886674148	NA	0.914964146890824	NA	0.374048661971378	0.606145674961011	NA	NA	NA	0.447049307334911	0.552451852548181	NA	1.09022223283066	0.556821154368718	NA	NA	0.581889755687785	1.09635573153896	1.74692179468196	NA	0.445414341264488	NA	NA	NA	0.598230165095566	0.482598358777558	NA	NA	NA	NA	NA
1.36339905888367	1.17045816219487	NA	0.974161261008774	0.835350611314119	0.658186738185355	NA	0.67039692786217	0.691011210767298	0.947166386344143	0.468690260445336	0.976750945158228	0.749927778226946	NA	1.10460573918503	1.21740208493835	1.20374101355032	1.42682593183528	1.52494264184554	NA	0.753564370427873	NA	1.0108636398173	0.916873700777172	0.793617316220197	0.891563856109807	0.971312941835588	1.16608056066227	1.05689317509091	1.00299528988779	0.553136382752357	0.57260736688222	1.0107131597709	0.653632305303512	1.35849983938467	NA	NA	NA	NA	0.922115343244133
NA	NA	NA	NA	NA	NA	NA	NA	NA	NA	NA	NA	NA	NA	NA	NA	NA	NA	NA	NA	NA	NA	NA	NA	NA	NA	NA	NA	NA	NA	NA	NA	NA	NA	NA	NA	NA	NA	NA	NA
NA	NA	NA	NA	NA	NA	NA	NA	NA	NA	NA	NA	NA	NA	NA	NA	NA	NA	NA	NA	NA	NA	NA	NA	NA	NA	NA	NA	NA	NA	NA	NA	NA	NA	NA	NA	NA	NA	NA	NA
NA	NA	NA	NA	NA	NA	NA	NA	NA	NA	NA	NA	NA	NA	NA	NA	NA	NA	NA	NA	NA	NA	NA	NA	NA	NA	NA	NA	NA	NA	NA	NA	NA	NA	NA	NA	NA	NA	NA	NA
NA	NA	NA	NA	NA	NA	NA	NA	NA	NA	NA	NA	NA	NA	NA	NA	NA	NA	NA	NA	NA	NA	NA	NA	NA	NA	NA	NA	NA	NA	NA	NA	NA	NA	NA	NA	NA	NA	NA	NA
1.79560418722303	1.84592309407486	1.94970589545702	NA	1.70792351291306	1.75279843373183	1.55701293895799	NA	2.62512678747091	1.17195438164555	1.35323674894582	1.76961893739284	1.40523922483072	1.41092040867942	1.62257794383101	1.8265348072133	1.34743915573991	1.19017397111951	1.57750795561318	1.19916218595368	NA	1.31167008666048	1.42961661268637	1.16789779210808	1.46840487359869	NA	1.02319834623527	1.15093147548515	0.827432716712337	0.942702729931124	1.01275971831943	NA	NA	NA	0.538403079515537	1.23761730543813	0.58393598006238	NA	NA	NA
1.54172559244145	1.62621128576985	1.55423742947652	1.55452867679863	0.792209971256286	0.933857081942305	0.99412645953326	1.14244604932376	NA	1.2734108260724	NA	1.86273686531814	1.64976356076947	1.32398557658485	1.33896624134993	1.28283915957003	1.1306641006277	NA	1.55483859824904	1.16283028224904	NA	0.887312839621454	1.16091742077606	1.37000019119509	1.15079255017279	1.03654765088718	NA	NA	NA	NA	0.258880361730975	0.292845917925384	1.08043172690066	0.325615487655676	0.565768398746124	NA	0.519953838112114	NA	NA	NA
NA	NA	NA	NA	NA	NA	NA	NA	NA	NA	NA	NA	NA	NA	NA	NA	NA	NA	NA	NA	NA	NA	NA	NA	NA	NA	NA	NA	NA	NA	NA	NA	NA	NA	NA	NA	NA	NA	NA	NA
NA	NA	NA	NA	NA	NA	NA	NA	NA	NA	NA	NA	NA	NA	NA	NA	NA	NA	NA	NA	NA	NA	NA	NA	NA	NA	NA	NA	NA	NA	NA	NA	NA	NA	NA	NA	NA	NA	NA	NA
NA	NA	NA	NA	NA	NA	NA	NA	NA	NA	NA	NA	NA	NA	NA	NA	NA	NA	NA	NA	NA	NA	NA	NA	NA	NA	NA	NA	NA	NA	NA	NA	NA	NA	NA	NA	NA	NA	NA	NA
NA	NA	NA	NA	NA	NA	NA	NA	NA	NA	NA	NA	NA	NA	NA	NA	NA	NA	NA	NA	NA	NA	NA	NA	NA	NA	NA	NA	NA	NA	NA	NA	NA	NA	NA	NA	NA	NA	NA	NA
NA	NA	NA	NA	NA	NA	NA	NA	NA	NA	NA	NA	NA	NA	NA	NA	NA	NA	NA	NA	NA	NA	NA	NA	NA	NA	NA	NA	NA	NA	NA	NA	NA	NA	NA	NA	NA	NA	NA	NA
NA	NA	NA	NA	NA	NA	NA	NA	NA	NA	NA	NA	NA	NA	NA	NA	NA	NA	NA	NA	NA	NA	NA	NA	NA	NA	NA	NA	NA	NA	NA	NA	NA	NA	NA	NA	NA	NA	NA	NA
NA	NA	NA	NA	NA	NA	NA	NA	NA	NA	NA	NA	NA	NA	NA	NA	NA	NA	NA	NA	NA	NA	NA	NA	NA	NA	NA	NA	NA	NA	NA	NA	NA	NA	NA	NA	NA	NA	NA	NA
NA	NA	NA	NA	NA	NA	NA	NA	NA	NA	NA	NA	1.32924265398549	1.0082431498284	NA	NA	1.07990635174449	1.7758282465957	1.03797323113159	0.612027312497264	NA	0.952355075603633	NA	NA	NA	0.481935048993967	NA	NA	0.768346885038466	0.574745953497586	NA	NA	0.976640206727695	NA	NA	NA	0.962953208751448	NA	NA	NA
NA	NA	1.76817232399083	NA	0.432594986452707	0.32248950203518	NA	1.12455101831974	NA	NA	1.87669304586714	0.397669251880838	0.61930274444866	0.450714562651733	0.244732556001965	0.44402854773484	NA	NA	0.692886102863472	0.580593014333624	NA	0.443990043759901	0.852054616386459	NA	NA	NA	0.911119290144564	NA	NA	NA	0.348800622468265	NA	1.0734722435844	NA	0.408633298546625	0.338574118361731	NA	NA	NA	0.187749309993942
NA	NA	NA	NA	NA	NA	NA	NA	NA	NA	NA	NA	NA	NA	NA	NA	NA	NA	NA	NA	NA	NA	NA	NA	NA	NA	NA	NA	NA	NA	NA	NA	NA	NA	NA	NA	NA	NA	NA	NA
NA	NA	NA	1.65193177701096	NA	0.740689606135661	NA	NA	NA	NA	NA	0.966988596611112	1.21534517001178	NA	0.942651846749563	NA	NA	NA	NA	0.291709899164813	NA	0.582881839822437	0.615029114249329	0.782070700484739	NA	NA	NA	0.31799057914588	0.660416779806269	0.665570650016873	NA	0.162935431214544	NA	NA	NA	NA	NA	NA	0.40085980344348	NA
NA	1.12606057339084	0.992003718552144	1.55068868388593	NA	NA	NA	1.47810116905576	NA	NA	1.90338344318963	1.21273947206432	NA	1.66167933879615	0.949626230864032	NA	1.04083366975592	NA	NA	1.02591652636428	NA	NA	0.640493455409882	NA	1.32286925403123	NA	NA	1.49971680190514	NA	0.654461543573	0.740493329793745	NA	0.107101612796691	NA	0.81849721405909	0.433714286297068	0.826377407544829	NA	0.834677209199214	1.02189457950807
NA	NA	NA	NA	NA	NA	NA	NA	NA	NA	NA	NA	NA	NA	NA	NA	NA	NA	NA	NA	NA	NA	NA	NA	NA	NA	NA	NA	NA	NA	NA	NA	NA	NA	NA	NA	NA	NA	NA	NA
NA	NA	0.987905694341219	1.28795741852698	NA	0.57754712692433	2.36743355574594	0.677300725928894	NA	NA	NA	NA	NA	1.03348550377342	NA	NA	NA	0.590569818077933	NA	0.717769638717784	NA	0.511296577441711	0.628633049936354	NA	0.275339764993376	NA	NA	1.02452238433621	1.4115792707033	NA	1.23083630214927	NA	1.64349786134676	NA	0.258921323923156	NA	NA	NA	0.911085493220673	0.897710866064565
1.91483318649826	NA	0.915589629667182	1.28543351974656	0.976883723993156	NA	0.559947329275884	0.502955089401483	1.83262728043151	NA	NA	NA	NA	NA	NA	0.478635271556074	0.757260480903195	NA	NA	NA	0.633651609225946	NA	0.548546044123912	0.41121019401557	0.310897362489515	0.156632490193653	NA	NA	0.451864290074522	0.337060636847732	NA	0.314146723928581	0.60362337985177	0.395825627710579	0.253369891934876	0.733473132664	0.443906260580787	NA	0.369822273158881	0.466457505035524
0.508884473826518	0.616352630965227	0.604405730650071	0.208444889552848	0.29382020982578	0.414962452174906	NA	0.712439059428149	0.785842214329664	1.16603110839574	0.372748339176863	0.383764015615047	0.298067291153844	0.494891899121264	0.933692069775164	0.25493725383577	NA	0.845750318001023	1.18414869126807	1.04898057612696	0.535454528316612	0.60593935978226	0.966105445769315	0.312628172336458	0.521907055538324	0.918255736974016	1.13871278190055	0.50003856562142	0.976101758322114	0.529956555225801	0.67214202456078	0.539283152964252	0.852765195769434	0.525355781949899	0.549161974494478	0.589891103822358	0.708869683349838	NA	NA	1.0073524391784
0.927329254584746	0.785316031695331	0.32873421634143	0.415113748059507	0.651240581944357	0.274293062531405	0.14330895792322	NA	0.938509307176486	0.900336615569971	1.05671336533028	0.526047367290778	0.565570651169325	0.566370842915038	0.270597209468252	0.487279127208756	NA	0.485346870469044	1.70029106075851	0.441310909490062	NA	0.528435748694126	0.552658098916712	0.729651825926658	0.437939483339909	0.106129562136279	0.361972723332407	0.554614930586057	0.790012447327503	0.840498720992055	0.95730992984493	1.08761913707534	0.544041759589971	0.445041701561028	0.169531341792234	0.655759631467354	0.970477308122962	NA	0.387813660278924	0.824550647258707
1.81964004008766	NA	NA	1.48519316674774	1.6215263247229	NA	NA	1.56029732515599	NA	NA	1.91313806986306	1.76992208286478	1.63047258189973	1.46514245477112	0.683976404056033	0.825695668986932	1.13642254673097	1.15479275674269	0.74424025488326	0.739222559109448	NA	1.50336304460575	1.86232456894272	1.33511574318882	1.55824585547985	1.11774616382212	1.7130215367666	1.10465045431363	0.734214098987634	1.19298198519296	1.0626530560271	0.890031719570301	0.850784417895361	1.23598112034956	1.38677628824358	0.61696901992961	0.462329039770391	NA	1.52632582552712	1.54883513643949
NA	NA	NA	NA	NA	NA	NA	NA	NA	NA	NA	NA	NA	NA	NA	NA	NA	NA	NA	NA	NA	NA	NA	NA	NA	NA	NA	NA	NA	NA	NA	NA	NA	NA	NA	NA	NA	NA	NA	NA
1.47414783569753	1.37424558068182	0.993371173686153	1.35631784503118	1.12255910691552	1.20776929754948	1.3518724166571	1.43429409211991	1.48309078194538	NA	1.0046447880404	1.1869622292928	0.644128110896919	1.04931659432385	0.360560307674217	0.657154042844226	0.37145222811974	0.648121943892447	0.461163048808423	0.430996182545737	1.00014110703681	NA	0.880309196455548	0.785486959255751	0.735186780012883	1.09877428363006	0.809874302118515	0.895407335076319	0.891347510871052	NA	0.429645220497246	0.724983635691224	0.707376111132592	0.608643714736882	0.478139995983396	0.360522871462309	0.195231379305418	NA	0.212435884603552	0.258476512213028
NA	NA	NA	NA	NA	NA	NA	NA	NA	NA	NA	NA	NA	NA	NA	NA	NA	NA	NA	NA	NA	NA	NA	NA	NA	NA	NA	NA	NA	NA	NA	NA	NA	NA	NA	NA	NA	NA	NA	NA
1.12532346116307	1.08590310858575	0.656357265224338	1.17384167555046	0.551868456155312	0.621243171220713	0.803829748334467	1.05565709784221	0.464835384946423	0.902898273265979	0.92953469365894	0.450761392684873	0.734874262307491	0.243487838833353	0.509746725047378	0.714417903645548	0.905451336722628	0.976236152783633	0.457658613114245	0.741815300597899	0.219923108707309	0.193029554367186	0.222675851596704	0.531735265630686	0.472176568561022	0.576896850996552	NA	0.643187388285204	0.155726391649173	0.279151052606695	0.376072680728603	0.39816335970772	NA	0.273333759739401	1.18961947055237	1.2261500070353	NA	NA	0.548000738835034	0.621765008285824
1.68762362163018	1.78130590490354	1.81967506657002	1.5514077624153	0.963325867599069	0.82615735175856	2.40795115080718	1.34538445596719	NA	NA	1.18816948126038	NA	0.885922526877429	0.728267664188629	NA	0.874751524327855	0.866606715897091	0.941573090887003	0.33078396867934	0.692752335180285	0.521200685947048	0.828974698681566	0.919733010088731	0.657749577562828	0.576666730146158	0.708369330491717	0.996268019534142	0.538470316230998	0.649992120943848	1.32493398813615	1.63527071054075	1.81650496552276	1.02806933346708	1.06736851008375	1.10859124161409	0.616651658748762	0.757475324031264	NA	0.587466077727689	NA
0.635558568463824	0.689590769660511	0.47092193124054	0.451144610017636	0.659244330851318	0.791375211065382	0.953258283143283	1.32243818505288	NA	1.17119114265515	0.819115809986975	0.791852292763782	0.491733934129173	0.694606977844883	0.243410342854124	0.467012356704955	1.34167426193852	0.479237868884326	0.740830511553893	0.937306244984543	NA	0.623175170796121	0.632227383622321	1.7238219180264	1.83671095163238	0.567268857813985	0.595047625586474	0.759944406517338	0.260957768839255	0.220368440269765	0.585931068293588	0.849142217376929	0.443865409373202	0.380361083176599	0.263539574988472	0.523296028457659	0.792640550507212	NA	0.783459823653294	0.297489883139915
0.532043155460742	1.13188218935785	0.456545626444969	0.369177234280668	0.238491434504719	0.541022596997962	0.532342970635567	1.17839323328952	0.815395632314627	NA	0.582911494633554	1.91044458680523	2.23663299572678	0.622349955220393	NA	0.940060198919384	0.935721770298648	1.67189345418776	NA	0.549001519443123	NA	1.09204449661136	0.963582590738539	0.415383292258425	0.96930717182568	0.688861098221054	0.316527438006506	0.791666237230177	0.467221564814805	0.932410466322104	0.627350343061273	1.22193577933727	1.4225373060453	0.553061650639023	0.813000307646803	0.380693043124609	0.402489918420264	NA	0.626350277611703	0.861360581534378
1.25904388469769	0.902653752166835	1.03500578866271	1.15020525945883	NA	NA	0.756293841109167	0.612323117867125	NA	0.99525678891382	1.10940733947152	NA	NA	0.506842768157122	0.394920199714145	0.84647473235736	1.44446857000246	1.19805185163124	NA	0.372585699092475	0.785779897494594	0.617949040352285	0.300207094368776	0.872623928142625	0.315884341978523	0.470062174609907	0.790926242169237	NA	0.309443645503939	0.647792593891251	NA	NA	0.665043573871713	0.376290216184129	0.34202878120379	0.510444219786506	0.461743597693539	NA	0.616226363799881	0.871057794790861
NA	NA	NA	NA	NA	NA	NA	NA	NA	NA	NA	NA	NA	NA	NA	NA	NA	NA	NA	NA	NA	NA	NA	NA	NA	NA	NA	NA	NA	NA	NA	NA	NA	NA	NA	NA	NA	NA	NA	NA
0.573662161153399	0.286928388522287	0.648162325638377	NA	0.708223007835671	NA	0.515932574144136	0.576897041385365	NA	NA	0.439018840739273	0.624774198228337	2.10657467025868	0.939805812381809	1.03040084687441	1.52589454066124	0.895943827066189	1.26359395606734	0.406395289066729	1.42414657558627	0.774635964712652	0.594529210167819	0.486400418965017	0.734927286134547	0.703255261653239	NA	0.52981389036974	NA	0.807661003670279	0.80376768931005	0.458330806646848	NA	NA	NA	0.681033651736626	NA	0.869809585260063	NA	0.230570190612905	0.667120316280168
1.05911911734206	1.35256563836375	NA	1.52341533306926	NA	0.822636465664967	NA	NA	NA	1.86858423741894	2.05176852086069	1.33482501977474	1.10598710281365	1.12522800968681	0.975541291249223	1.33842592587824	1.13513594797674	NA	1.44423392959519	1.54679060741601	NA	1.63085767433625	1.39166618805718	1.28584357305316	NA	0.995733056970716	1.27103427685438	1.08229118944323	NA	1.37231354854373	0.885980479028812	1.01171815542635	NA	NA	0.637667890168419	1.41544963301615	0.852525410747396	NA	NA	2.16735175756676
1.15891033910512	1.03776985376831	1.24366857355706	1.61462754802269	1.35999960930261	1.41024215170844	1.37918575393441	1.76124717738789	NA	1.20099338944093	0.731094875908118	0.972688195212263	0.924286323025489	0.909464585534339	0.756078964790334	1.3510055405254	NA	0.830794208124316	0.653503404812181	1.31946099752042	1.27313877623584	0.415886411406088	1.60235852789907	0.204146576912409	0.698680139990318	NA	0.328481549829146	1.10382044626455	0.599843717081064	0.641742297249421	1.60932971312836	0.515112756691992	2.97725973507099	0.126990799008344	2.0152442928328	0.576718332498753	0.450109977873345	NA	0.637245943060408	1.63805347923217
0.972783730951805	1.54249810394171	0.818365978358882	NA	0.391943214952696	0.25008675945327	0.48479649330174	0.399668532351471	0.741994658222315	0.500737762104093	0.436366082758618	0.258683624215398	0.412331006974925	0.281443118847416	0.322304850846492	0.327018975540449	0.55520736858531	0.623076544042746	0.342162966952842	0.882636881224362	0.347226581283324	0.188816131280042	0.421976292695243	0.825717910666532	0.565241506106538	0.556838386081973	1.29456265926113	0.565855129101786	1.33500807773787	0.609977990997361	0.515413117013112	0.674200622482232	0.243785331320619	0.326192962391658	NA	NA	0.455138260013123	NA	0.6940729121751	NA
1.53468939601999	0.816526833219403	NA	1.54199709311598	1.65249387003911	1.5443879757728	1.73678038868183	NA	NA	1.79553086061561	1.23106079948331	1.2742799745499	0.459624517107409	1.24969016118905	1.09272822850963	0.742724837634376	0.8797848024777	1.19853808973202	0.805628735820003	0.330055579341921	0.975698339402064	1.37803907595016	0.564046711458503	0.586058768075009	1.22930634716309	0.743343996670605	0.617568612276316	0.754134428248689	0.86195385024495	0.710405882303548	0.453659886399439	0.768241775339952	NA	0.60135480427882	0.555929894274746	1.07060585546062	0.989386510238682	NA	0.241369474435249	0.908592763796048
1.34513239876967	1.33461055147709	NA	NA	1.02504694165297	NA	1.13156620829119	NA	NA	NA	NA	NA	0.731618341445832	0.288666744552419	NA	NA	NA	0.416173472161953	NA	0.867882588584417	NA	0.571489198644766	0.357182172277857	0.172915448585457	0.188864140428994	0.395889977824709	1.35641775695723	NA	NA	1.0861777790663	0.866269887331686	0.708780578745445	1.097505429715	0.422821113864946	1.75876160507493	NA	NA	NA	NA	0.659477528216418
1.32647304139757	0.796333266697487	0.819043660536158	1.07570390720923	1.02283103609308	1.08808561191925	1.01655994521398	1.31915080647192	1.20720929779424	1.36584390235173	1.45035847860666	1.13746810726358	1.08413906591494	0.981259421312773	0.938616971548248	0.727862852815799	0.728987395148678	1.04197554992682	1.09289231821006	0.73628454497541	1.03776426418419	0.646222261038746	0.245616412453589	0.231973979419938	0.192894733052378	0.312730060573074	0.645033922388974	0.667784306673783	NA	0.282214883225933	0.410277894331341	0.481873586630983	0.419597306102638	0.560419185389446	0.399964604435124	0.449909435657309	0.46787908381499	NA	0.344569730385649	0.491835427667161
2.38702350130952	2.53694485325676	2.71150114485101	2.39018663234165	3.08597207011942	3.15160078094777	2.29839294299484	2.59848555642448	NA	2.13388712962123	2.20016029150756	2.28836784435364	2.53196715974842	3.09478633907362	2.75002393130513	NA	2.65312879252966	2.68927275962845	2.25319344119773	2.18504228426015	NA	2.25847634297641	2.20236292130432	3.20400870381259	2.28408449110606	2.52913653394498	1.90760764646905	2.01720528632764	2.06272968338672	1.41878065278792	2.10708228693119	1.99759981954414	1.92506265076456	0.922541853151508	1.5374208459268	0.813562320228314	1.62526254274193	NA	0.604390592559788	NA
NA	NA	NA	0.47525679282378	NA	0.833099128605943	0.636128642718989	NA	NA	NA	0.578682568467484	0.949421277841323	0.701643547478929	0.50256440010177	0.855066401274202	NA	NA	0.449180589769485	NA	0.203561175564539	0.720591432128401	0.61680139740889	0.52578850314021	0.227117603889707	0.351196905240801	0.477149973065942	0.37666494959254	0.802684571014134	1.03839432849602	0.217911087176497	NA	0.582462709313431	0.542168478820971	2.0370337831435	0.489241746520579	0.200073860822867	0.587609751348492	NA	1.01987408768602	NA
2.1536371738996	1.84042464299582	1.41060867497588	1.03138653178749	0.829723297289218	0.791314490187137	1.1901612963808	NA	NA	1.59786249531605	1.47482772608372	1.50180631781517	1.60666564382737	1.52793991875117	1.29716740890941	1.37294872657637	NA	2.21146950751324	1.82887398512927	1.24511626547693	1.35081253490215	1.04908452334843	0.905592145168935	0.890054199630857	1.43192110160483	0.733577457437671	1.09495964716195	0.741414116114064	0.998668627805406	0.465873551029073	0.597516918374586	0.334659167021965	0.580492117749343	0.902158773419028	1.05525290667231	0.635090206398101	0.419398167688496	NA	1.42044183771588	0.824172897972805
1.38107885477227	1.32627058364429	1.37902317137911	1.00570183778264	1.1236182026492	0.807638973379203	0.506686396744944	0.377500895069873	NA	NA	0.352150678358906	0.511354337946609	0.213131116395937	0.396295366460556	0.327170023941525	0.306713719315209	0.199397467512639	0.152247836337027	0.799542363888888	0.597613452517749	1.88510441050844	0.94528966673709	0.895397308392268	0.994201442241819	0.703833266944027	0.831091914209985	0.80142790467691	1.155438159767	NA	0.935929309200904	NA	NA	1.12216941828329	0.850005926568595	0.496842833294479	0.60054774107539	0.473149514121587	NA	1.15652860463888	0.437622027825854
NA	0.652190868946369	0.367713851410814	0.682973731930099	0.774019405961489	1.02958095751986	1.51205847810549	1.71218056093287	NA	1.93871268319925	0.956686709420048	1.10982931181965	1.01404427407349	1.14253919437284	NA	0.554447609391685	0.667664628353156	0.570218677901341	0.771110377185175	0.138281255548907	NA	0.379590009719198	0.482544168576666	1.05983455206603	0.839352630108892	1.13480717399842	NA	0.973330343821407	1.27581945986145	1.39752480921384	1.14214327197625	1.58055230184368	1.12805454805071	0.860022703111464	0.634108247569229	NA	0.625502909246592	NA	0.974530805704794	NA
NA	NA	NA	NA	NA	NA	NA	NA	NA	NA	NA	NA	NA	NA	NA	NA	NA	NA	NA	NA	NA	NA	NA	NA	NA	NA	NA	NA	NA	NA	NA	NA	NA	NA	NA	NA	NA	NA	NA	NA
1.16465292317214	1.18617535667602	0.842249622464897	1.13228750420663	1.00899713191177	1.01432915685974	0.616188423423214	0.663766361105704	0.385012264634133	0.470844926192526	0.950595213024559	1.15591086132667	0.747719656719024	NA	0.829391126106419	0.665933716219113	1.01759397390638	1.11466421011392	0.783075455107752	0.692414298817575	0.812841158833653	0.558804756060699	0.49215879608923	0.652417952189161	0.883384301576188	0.608144402029739	0.207528493512482	0.534883023335196	0.620275302295677	0.658921249579058	0.856411551334816	0.805720733188531	0.872507288900431	0.598413537999009	0.473939297950542	0.468063288438333	0.297754166980436	NA	0.598082620894219	0.281025016084641
NA	1.5920735271462	1.27508885871046	1.35315221040236	0.988529765090284	NA	0.600815775156713	NA	1.01921338401309	NA	0.659179629648535	NA	0.468981572628888	NA	0.314006005168873	0.0603108039430648	0.277927591972513	0.248681437591834	0.853696301191064	NA	1.00899532732206	0.515984095876411	0.723405363024597	0.779087564117508	0.652268806522787	NA	1.10799374849294	NA	1.05057106174021	NA	1.19782205962478	0.277977657306591	0.45539023413647	NA	0.214640410659864	0.501119550409262	0.492667576458296	NA	0.41148789911985	0.575003914633438
2.56083071126314	2.63471226649822	2.48413999250436	2.59354007674171	2.49527308429748	2.26979500706715	NA	2.01585289635827	2.4167088636292	2.06464424770815	2.55572951453011	3.13835815465842	2.20527015519421	2.03315986769687	2.07340210974609	1.8578067951686	2.30039370013143	2.42720768505289	2.05229139221164	NA	2.53040582473533	1.53362960320156	2.04422456309748	2.12351914173202	2.33305541062544	2.29650104358066	NA	2.00988922233957	1.87112341108534	1.65438352787635	1.33338293190454	1.25162754724422	1.47547012547539	NA	NA	0.941791560068189	0.941039834723878	NA	NA	0.414246328456844
NA	NA	NA	NA	NA	NA	NA	NA	NA	NA	NA	NA	NA	NA	NA	NA	NA	NA	NA	NA	NA	NA	NA	NA	NA	NA	NA	NA	NA	NA	NA	NA	NA	NA	NA	NA	NA	NA	NA	NA
0.424048345958094	0.536725072181461	0.416434861076805	0.519099321123243	0.441829725403093	0.53935521751204	NA	0.912078611609722	NA	NA	0.652846117907008	NA	0.883388551019052	0.548612569461357	0.392670201402729	0.788341269446711	0.573126969889883	0.478068208331394	0.81396320358551	1.10528890560675	NA	0.684207614082038	0.427285755325728	1.04902289870308	0.701713989576781	0.438574014303192	0.397656412985155	0.545236667834066	0.598218200918765	0.573356158037502	NA	NA	0.159706595124221	0.443882116452914	0.6434618285016	0.536647533809007	0.449275724236956	NA	1.20328524246846	NA
0.67857914418533	0.784214363702885	0.583033397941991	0.574772584609964	0.670071661225075	NA	1.09678406588329	1.01110528163061	NA	NA	NA	NA	0.667887216308648	0.619197685265297	0.668490511981356	1.25226994339045	1.02064482291736	1.0711444452432	1.01004302187599	1.06817246645533	NA	NA	0.440025838216538	0.292576757128295	0.616591032467943	0.633519066590803	0.426877968591879	NA	1.09379665738609	1.06400649619204	1.03645892559059	NA	1.05428696624721	0.773370073187881	1.17993679621188	0.76251819440795	0.961720806301241	NA	0.976951194724534	0.543969658108883
1.33717000965685	0.525148653663259	2.05294694747553	0.966115412034963	NA	2.08672315334268	NA	1.014949844647	NA	NA	1.18630453298491	0.818025926990995	0.868421988663666	0.599602248970564	0.97445886837025	0.713903069439545	0.80647865187826	0.42285867659519	0.678414604464933	1.1520202560362	1.2647477866986	1.26860399657501	NA	1.43377579077465	1.34548032845321	1.07526018710393	NA	0.898621414783366	NA	NA	0.62048465251893	0.865340683711036	0.793111616558192	0.559438663614569	0.738802273572467	0.227577638229584	0.471038199101503	NA	NA	0.656522748076656
1.04920594266675	0.779193260315504	0.672635300476933	NA	0.586813089494727	0.693871192211296	0.450709765880575	NA	NA	0.592497005108277	0.525170184915383	NA	0.848373496979466	NA	0.462183388106818	0.481100818837953	NA	0.246909916253434	0.400741737712928	0.477668397550606	1.10933535737355	NA	0.757321418363314	0.802215593581144	0.502183391609513	0.455823586485048	NA	0.305628476903099	0.55607945588178	0.359669014479772	0.193589596810723	0.794395502904601	0.686866638140747	0.700327515562622	0.922733883748034	0.540725621335931	0.221452995207923	NA	0.131493370278996	0.739730361762294
0.502678654627481	1.12996632692716	0.679709089729504	0.734834134104721	0.352794473551064	1.84076055507773	1.3523662310545	1.55876984086574	NA	NA	1.09133811521062	0.32280189538358	1.09473669044159	0.758894479231491	NA	0.81716839316205	1.18329825348185	0.895579829472813	0.683530905372496	0.52887848875335	0.258730774573137	0.645664739900744	0.786594016631222	0.262210592661116	NA	0.463033947533785	0.794200112317348	1.0081288135218	0.672861440085683	1.79057463752228	NA	0.27870666731212	0.667817764097624	0.464020536072953	NA	1.60769974712148	0.867405241126998	NA	1.17819677487931	NA
1.13289431150456	NA	NA	NA	0.980309774779023	0.838337252995676	NA	0.953260245666665	NA	NA	0.722620900188793	0.73405373055699	0.256679757505045	0.294382471342867	0.332864020953012	0.790856117392808	NA	0.146804921500557	0.642283517053479	0.465026090002473	NA	0.400614429016888	NA	NA	0.524728211617702	NA	NA	0.420631945836606	0.68460884791866	0.647905807138774	NA	0.386398847360673	NA	0.429515393214557	0.406172196839525	0.677810616713971	NA	NA	NA	0.267027032466497
0.807438135636444	0.957986821472874	NA	0.585853652690195	0.63895180026704	0.734150924261527	0.759760436644938	0.60584429998078	0.689532139617065	0.681406753283078	0.664338019439302	0.65030597468154	0.697050364735488	0.62151294803811	NA	0.435895313949544	0.192578846477668	0.608173684273918	0.127057192226936	0.375669474107741	0.543266443288354	0.756277579840687	0.823891276909955	0.40922028838547	0.44592622875276	0.310556568734359	0.431543357919074	0.444598199079751	0.613935680580762	1.05369461409554	1.3864504806198	NA	0.961466191959293	0.712466985458985	0.25441234991479	0.0552385773136434	0.292344033650372	NA	0.334849606447599	0.218782949737751
1.38480336403849	1.37219964279096	NA	2.11203209480961	NA	2.15274768486072	2.12839738229188	NA	NA	1.83482142872838	NA	0.812160775174833	1.09061255203386	1.75982027833514	1.12300436040382	1.18701362155421	0.854569706164954	1.39885408918178	1.25324307063254	1.06236927181524	NA	1.2094491357645	1.01349755685133	1.05354315585765	1.46434709945276	1.2750895626613	0.950356895869732	1.03256205224332	1.22888352117138	0.925719132475302	0.487177828471181	0.992394989128503	1.21121222174828	1.16819378602593	1.0207135709113	NA	0.165989419170121	NA	0.488550677205657	0.629348046721937
NA	NA	NA	NA	NA	NA	NA	NA	NA	NA	NA	NA	NA	NA	NA	NA	NA	NA	NA	NA	NA	NA	NA	NA	NA	NA	NA	NA	NA	NA	NA	NA	NA	NA	NA	NA	NA	NA	NA	NA
NA	NA	NA	NA	NA	NA	NA	NA	NA	NA	NA	NA	NA	NA	NA	NA	NA	NA	NA	NA	NA	NA	NA	NA	NA	NA	NA	NA	NA	NA	NA	NA	NA	NA	NA	NA	NA	NA	NA	NA
NA	NA	NA	NA	NA	NA	NA	NA	NA	NA	NA	NA	NA	NA	NA	NA	NA	NA	NA	NA	NA	NA	NA	NA	NA	NA	NA	NA	NA	NA	NA	NA	NA	NA	NA	NA	NA	NA	NA	NA
NA	1.36345912696376	1.51118225287874	1.24675855325818	1.33161818845242	0.846612444846238	0.708379928155854	0.41459040339541	NA	0.483170206391622	0.486277587048125	0.807980833191891	NA	NA	0.767068498535249	0.825565366820912	0.945952454555475	0.777015802606863	0.729974705625729	0.77791690739712	1.09843409408518	1.0367580927836	0.765587809414503	0.436620890328443	NA	NA	0.769176032558136	0.455734420820027	1.12716355249148	0.786286837279824	0.581244094769528	1.0580979205238	0.36313369675616	0.403952357523507	1.77126592594044	0.846644021937232	0.237685448310704	NA	1.10823634696129	0.938391344943621
0.476805352993658	0.778959490270485	0.775486242922136	0.852537608686503	0.77769978045293	0.743644738722628	1.13767026534167	NA	NA	NA	0.785466614351509	1.08855635941518	NA	0.743345401850943	1.06225196598334	NA	1.15274682383841	0.801386357725433	0.614585186932993	0.547596479527356	1.22926464446339	0.768338023547628	0.291764739259028	0.68624389675071	NA	0.334694406940771	NA	0.621637849226044	0.54297117184185	0.628839857252692	0.650610235416421	0.812280293010663	0.437711982904604	0.516796910964434	NA	0.988037199825586	0.512182215558901	NA	0.39001841535535	0.804253225730946
NA	1.22116734266118	1.01842393908222	0.694924088267347	1.24830242674128	1.28905953976879	1.41839427422513	1.6295582258011	NA	1.48907938463289	NA	0.631271611640425	0.435213101898899	2.01576638914291	NA	NA	NA	0.62310913422016	NA	NA	NA	NA	NA	NA	0.736645404885794	0.57927444803495	NA	1.03968013662781	0.421369657113225	1.05376660249524	NA	NA	NA	0.628203471935286	0.438063057638734	NA	0.251018268472595	NA	NA	1.28016941741168
NA	NA	NA	NA	NA	NA	NA	NA	NA	NA	NA	NA	NA	NA	NA	NA	NA	NA	NA	NA	NA	NA	NA	NA	NA	NA	NA	NA	NA	NA	NA	NA	NA	NA	NA	NA	NA	NA	NA	NA
0.931320782580911	1.13291246225664	0.808823490753754	NA	0.933474333735969	NA	0.794206320995097	NA	0.182004206138593	NA	0.777920255886134	0.708044410419869	0.952926039692073	0.50109477804439	NA	NA	0.580995598521023	NA	NA	0.576953496184311	NA	NA	NA	0.998687222800758	0.749898482027576	NA	NA	0.951054541261205	0.116720200431262	0.421452181346862	NA	NA	0.418722032447041	NA	0.101091638556018	NA	NA	NA	0.356517614202285	0.594059202448922
NA	NA	NA	NA	NA	NA	NA	NA	NA	NA	NA	NA	NA	NA	NA	NA	NA	NA	NA	NA	NA	NA	NA	NA	NA	NA	NA	NA	NA	NA	NA	NA	NA	NA	NA	NA	NA	NA	NA	NA
1.07137955937496	1.23727225749947	NA	0.99494901787163	0.949564367960656	0.727195499893099	0.553891875582555	NA	NA	0.335880575230189	NA	1.09464287095886	0.702459511932419	0.689273570404668	0.43886224561155	0.797714447098151	0.850429659107293	0.470751738519795	0.347261105737543	NA	NA	0.864276624476832	0.845514540093194	0.584145021791573	0.427133676659404	0.533000353575042	0.727541930961668	0.820525152506446	0.801154291564674	0.698537188890681	0.540586247085871	0.516815616113507	0.605626218019226	0.758889550859959	0.829417339641993	NA	0.957933397133053	NA	0.372014183071639	0.623441978129775
0.878523596600184	NA	NA	NA	NA	0.808759914700252	NA	NA	NA	NA	NA	NA	NA	NA	NA	NA	NA	0.794062672605371	NA	NA	NA	0.79852669154274	1.0020200686255	NA	NA	0.281034032205912	NA	0.819289010892697	NA	0.707214990957283	NA	0.316797815719757	0.986151823655724	NA	0.357789968639972	NA	0.393110062980512	NA	NA	1.33800234490753
NA	NA	NA	NA	NA	NA	NA	NA	NA	NA	NA	NA	NA	NA	NA	NA	NA	NA	NA	NA	NA	NA	NA	NA	NA	NA	NA	NA	NA	NA	NA	NA	NA	NA	NA	NA	NA	NA	NA	NA
2.53359120033784	NA	1.63952226096054	NA	1.06624260750256	NA	0.994842502140917	1.14704730997699	NA	1.16171099885897	0.685369144207061	NA	NA	0.917769084909315	1.03539854750871	NA	NA	NA	1.12892605934176	1.30916197437713	NA	NA	1.25962052375843	1.77058188345222	NA	0.999245496262623	NA	1.00491015907485	0.580911082179441	0.685879841524171	NA	0.7410855645259	0.229918032735479	NA	0.979897465944256	1.1896093676661	NA	NA	1.76786545471433	0.809323633307999
NA	NA	NA	NA	NA	NA	NA	NA	NA	NA	NA	NA	NA	NA	NA	NA	NA	NA	NA	NA	NA	NA	NA	NA	NA	NA	NA	NA	NA	NA	NA	NA	NA	NA	NA	NA	NA	NA	NA	NA
1.23733877787937	NA	1.50160978442876	NA	NA	1.43963651358307	NA	1.59419093450319	1.42377511714677	NA	1.21802142222937	1.19196179930224	NA	0.443821762173088	NA	0.639119094620396	NA	NA	NA	NA	NA	NA	0.744761066652854	NA	1.11126805225611	0.921096308784288	NA	NA	0.640856774278619	NA	0.592496646611879	NA	0.640338614357376	NA	0.3559491165417	NA	0.740896237880206	NA	NA	NA
NA	NA	NA	NA	NA	NA	NA	NA	NA	NA	NA	NA	NA	NA	NA	NA	NA	NA	NA	NA	NA	NA	NA	NA	NA	NA	NA	NA	NA	NA	NA	NA	NA	NA	NA	NA	NA	NA	NA	NA
1.95318253766429	NA	NA	1.69143526662092	NA	NA	0.826774544939695	NA	NA	0.661213142316402	NA	NA	NA	0.653631065002452	0.755206612749809	0.749697996568223	0.752081472338025	NA	1.23858078655509	NA	NA	0.446899347922052	NA	NA	0.975508414170141	0.855554571282302	NA	0.732160625327614	0.746414481506221	NA	NA	0.438735603135598	0.629534015677481	0.881710673667741	0.785771080436954	0.390158666006962	NA	NA	0.563462763823024	0.809138585237028
NA	NA	NA	NA	NA	NA	NA	NA	NA	NA	NA	NA	NA	NA	NA	NA	NA	NA	NA	NA	NA	NA	NA	NA	NA	NA	NA	NA	NA	NA	NA	NA	NA	NA	NA	NA	NA	NA	NA	NA
1.5648280433994	NA	NA	0.994603113841459	0.681312067422994	0.842857500267252	NA	1.33561409158354	NA	1.22095382295218	NA	NA	0.863213910587134	0.796594005362434	0.871073886806315	NA	NA	NA	NA	NA	NA	0.237398787205547	NA	0.441416361777086	NA	0.923494264936915	1.32571906455067	NA	0.721579400596974	0.629713200820548	0.378767306081594	1.05655958054965	NA	0.653291123795821	1.0462418342202	0.795642270836166	0.563635309101378	NA	NA	0.956850129701937
NA	NA	NA	NA	NA	NA	NA	NA	NA	NA	NA	NA	NA	NA	NA	NA	NA	NA	NA	NA	NA	NA	NA	NA	NA	NA	NA	NA	NA	NA	NA	NA	NA	NA	NA	NA	NA	NA	NA	NA
1.44474638553134	1.98268222076372	1.36672910301139	1.8710804250443	1.77812601660442	1.94627193980648	1.62232745719699	1.57023606734975	2.00059732216455	2.18510908251754	0.305851286479432	2.2553091971066	0.554860464502722	0.537216275640813	NA	1.05934848365375	NA	2.23942493104457	1.76728797329111	1.81568813216174	1.43355408628882	1.39741573809049	1.35696668117421	3.11630578481709	2.2516001047917	1.81197137645846	1.40117983022029	2.23054492884894	1.55002795239176	0.437011773149585	NA	0.558691327896887	1.37125799668702	0.822080020518164	2.13978024669369	2.19076063033061	0.195972779307698	NA	2.33392779691132	2.16725759569584
NA	2.50420317194557	2.56749411511796	2.16370894587858	2.632640996195	NA	NA	NA	NA	1.67427377132042	2.14305220434151	2.09369954251428	1.93196034484761	1.58462189234849	NA	2.47115497835021	NA	2.19608244075011	2.04701014992371	1.84013178928762	NA	1.91856219662337	NA	1.97467331252481	1.28832512021046	0.609562393709631	NA	1.87606243622439	2.15733864898182	1.80816024620072	1.80955832017283	NA	0.391629629735895	1.23955339803614	1.70413568413391	NA	0.708945452749748	NA	1.86874080617087	NA
2.20867165980463	2.32525667277065	2.51215205438022	2.65172978755628	NA	NA	NA	NA	NA	NA	NA	1.96767759938324	NA	NA	NA	2.6848786006679	1.74723951235824	NA	2.18659892165564	1.3246295457437	NA	0.839690418713761	1.41345006776558	1.73289297847006	1.06818284557135	1.07879397275048	2.29712001132606	1.32657123659329	NA	1.58368761210602	1.41180487507822	NA	2.47643561246092	NA	0.696706702557914	2.16867479598496	0.512283703298588	NA	1.7068244444666	1.31454753900824
NA	1.81475296792069	NA	1.56452486158739	1.26401745653233	NA	NA	NA	0.463954120312071	NA	0.965884245597034	1.36085077729297	2.24591291407791	1.33482589081289	1.88441306126226	NA	1.63748634337797	2.78962614801939	2.22444281207475	NA	1.26176366706619	1.6749802746578	1.46741215897677	1.70786956671655	1.32623164097455	1.76736077945886	NA	2.01632859269319	NA	1.61804140950316	NA	0.420447480515503	NA	1.52361803121596	0.677237592901379	1.35482045967377	1.38243828040462	NA	NA	0.812806544057696
NA	1.11773488996642	1.00970181050054	NA	1.38534613097594	0.769800995743755	NA	0.71607835670479	NA	NA	0.965676843597285	1.11421019450329	NA	NA	NA	NA	1.96739047737351	1.10262653113626	NA	0.560769140883499	NA	0.445959945497162	0.704605968215392	NA	NA	0.479727147040199	NA	0.932857687701424	0.875465222581441	NA	1.36783846833467	0.929494444486334	1.10545296350148	0.765162366859189	0.410724938845249	NA	0.59074264051285	NA	NA	NA
NA	NA	NA	NA	NA	1.21657952648277	0.711565063302462	0.81303108724596	NA	NA	NA	NA	NA	NA	NA	NA	NA	NA	0.812491248788304	NA	1.06255278302151	0.490461451342771	NA	0.47400877762776	0.430973936230332	NA	NA	NA	NA	NA	NA	NA	NA	NA	NA	NA	NA	NA	0.381831081376289	NA
1.67659432865408	NA	1.28270068867499	NA	1.12671645365479	0.726117725510956	1.20235393162939	0.936781173329221	1.25023834184953	1.22257992055411	1.14187202635925	NA	0.8121851390941	NA	0.457576617544462	0.384664317453792	0.197628935262115	0.582556092444764	0.748902657703794	0.674143680419852	1.22978406190687	1.21420472293462	0.997247305775617	0.504375045927724	0.230579517876308	NA	0.378144006919972	0.45267230086033	0.589502538169022	0.442550575182108	NA	0.294875590768303	0.551023598892186	0.487667038642993	0.375591521308728	NA	0.522723261301861	NA	0.301266933118861	0.536427575454711
NA	1.55395935776963	1.12982973789762	NA	2.05888411509916	NA	NA	NA	NA	NA	NA	1.16047066556191	1.65212369895173	1.35166300418459	1.2944136990296	1.41819489259729	1.77514006033978	0.560675583959621	0.776708463467873	1.09021485129273	NA	NA	0.864785273988288	0.284917238260858	0.728713546905836	NA	NA	0.95804645154812	1.00339113370447	NA	1.19810085180992	0.941776747786535	NA	NA	0.840908875603075	1.68889029939594	0.523939766049801	NA	1.85626391326879	0.831336634719495
0.542335297464973	0.4002248899097	0.533609275330526	1.42896947542078	0.353696117043904	0.531669095929995	0.785421352605106	0.936751907279509	NA	0.646227822137679	0.430601135190133	0.446958293283002	0.497155406708855	0.590359024133897	1.0637615498422	1.12559720721918	0.549178965050857	0.733712309695788	0.411106069339168	0.848861484368338	NA	0.464375056729674	0.934347026279193	0.692492946221624	0.918614162760918	0.211402858238852	1.7939786507761	NA	0.764105232593459	0.598190384953625	0.8920017276049	0.509533492033527	0.609983462688179	0.686426245599316	0.561334808440883	0.828557036056355	NA	NA	0.783368010244599	NA
2.9169888167517	2.73540384302605	NA	3.10293915708927	2.978879388764	2.84327701729964	NA	NA	NA	NA	NA	NA	2.74405951983054	1.5464512232128	2.72868925938153	NA	NA	1.61150421186393	1.8000446042647	1.81683522041358	NA	2.11912119720057	1.88771438342752	2.19208975630536	1.83147594059636	1.27722191162311	1.6523091290554	1.98236777480432	NA	0.798405551866563	1.01729754723389	0.889071506029657	NA	NA	0.725589419474752	0.567552428362153	0.795907353817709	NA	NA	NA
NA	NA	NA	NA	0.61023984513116	NA	NA	NA	NA	NA	NA	NA	NA	NA	NA	NA	NA	0.633927558922254	NA	NA	NA	NA	1.14876401422924	NA	NA	NA	NA	NA	NA	NA	0.686505692847538	NA	1.16527733076728	NA	1.43551256750078	NA	0.374793082391429	NA	NA	NA
NA	1.1234354028955	0.846124101597217	NA	0.838969220365122	2.77490985918596	0.492713557923738	0.64833109048624	NA	2.94644715633518	NA	1.14766749585814	0.775894561143701	1.15576283925675	0.842123176292829	0.820831121348549	NA	0.822241728577086	0.83714598144094	0.773498608311395	1.13420910530181	NA	0.932261059775609	0.780473187484223	NA	1.09715888970294	NA	0.715456150428986	0.631339715587205	0.251744657339285	0.717716233746295	NA	0.490334645036142	1.22455015178035	0.576593611802486	NA	0.327499347180786	NA	NA	0.921114131744553
NA	NA	NA	1.50843734410624	NA	NA	NA	1.66494877545489	NA	2.20993182047932	NA	0.848783920478489	2.18833459985216	NA	1.46356616833198	0.957584439205903	NA	NA	1.12283085949715	1.05503146471118	NA	0.718873508556659	1.08886108322441	NA	1.02777308265562	0.876362658280914	0.451578413831384	1.31528284846898	1.01608028627451	0.857786767735297	0.885222738598084	NA	2.42515024342173	0.569321409465071	0.382366867607286	0.433307851311323	0.377139305910403	NA	0.118735773461246	0.756469652655527
1.15964334400829	0.875214406304068	0.574952299705145	NA	0.496136999563475	NA	0.797009653438042	1.07318530474197	2.25928517970823	NA	0.949373427558618	0.654486009568132	0.40895422180632	0.333285938219068	0.680319489383476	0.830105574019394	1.03693092708358	1.38462008522423	0.780393009346425	0.739395030788825	0.653162507017282	1.14509874658716	1.20479162291181	1.09517461432771	0.816849269322807	0.656239777998965	0.90923165079242	0.643223228074856	0.699649556787415	0.570369984360745	0.891444116843652	0.658107521038277	1.55469619196507	0.92896683317389	1.48686148035058	NA	0.831977047467715	NA	0.63517767070003	0.973912191410968
NA	0.850120448616116	1.06803876117561	0.964190628297385	0.901741546213892	NA	0.504194572203733	NA	NA	NA	0.686021535282909	0.936662190194244	NA	0.626643245441599	NA	NA	1.1018501187911	0.976766945852556	1.52671566892651	0.691673626627757	NA	0.428891502738519	0.529272842758762	0.497483762076775	0.609347798067616	0.462873021276321	NA	0.243459521707222	NA	0.478462472723293	NA	0.870420332601081	0.406610705618931	NA	0.695802394652133	0.867794992693992	0.703517599463496	NA	NA	0.500225340610518
NA	NA	NA	NA	NA	NA	NA	NA	2.9364445641055	NA	NA	NA	NA	2.83892485619699	NA	NA	NA	2.31375217047677	NA	NA	NA	NA	1.83598458677019	NA	2.27851442098108	NA	NA	NA	NA	0.829158872889209	NA	NA	NA	0.760751536267295	0.632973075307312	0.636818433486885	0.26005928225166	NA	0.0888762845768013	0.467454106417219
NA	2.02339787982694	2.27181016435766	0.806568693303429	1.96039437414593	1.47086944375251	1.64416913233325	2.66503009110835	NA	2.43867481613286	1.56893551341569	NA	1.01031735310366	1.02871710448811	1.01448927759885	0.801123863362313	1.40966029297287	0.840364538178997	1.31228247019104	1.2276042159682	1.99102185253484	1.58184006930723	1.38795199213738	1.53997230156417	NA	1.33486843336491	NA	1.41445487125366	NA	1.17403355393491	1.27812107998539	NA	1.78378227565333	1.74763188871493	1.0292940319926	1.30866902366929	1.26986341505172	NA	1.23607754893701	0.940862348659146
0.600990355162827	1.49465386403661	1.73985634366896	1.4019989995719	1.33139027856081	0.994001983615492	1.49235492570814	1.2207827485161	NA	1.35870419585172	1.09111701388582	NA	1.25639147807623	0.928144192474293	1.10194280603156	1.15065919018086	NA	0.308121273992647	0.955368002773241	NA	1.20128549108317	NA	1.49860061321816	NA	0.974163891193165	1.68441524183612	NA	1.38204089337596	NA	0.516551187599799	NA	0.523606743158355	NA	0.731632885716035	0.709293497170088	1.04181955404701	1.24437393150077	NA	1.19233247605383	1.77497264930709
NA	NA	NA	NA	NA	NA	NA	NA	NA	NA	NA	NA	NA	NA	NA	NA	NA	NA	NA	NA	NA	NA	NA	NA	NA	NA	NA	NA	NA	NA	NA	NA	NA	NA	NA	NA	NA	NA	NA	NA
NA	NA	NA	NA	NA	NA	NA	NA	NA	NA	NA	NA	NA	NA	NA	NA	NA	NA	NA	NA	NA	NA	NA	NA	NA	NA	NA	NA	NA	NA	NA	NA	NA	NA	NA	NA	NA	NA	NA	NA
1.06123314723379	1.07279417523433	1.95290879240231	0.858919547309495	1.07767735002593	0.83301059350659	NA	1.38451974862568	1.66745718996857	NA	2.65638868621551	0.973318317208444	NA	0.521905932351843	0.916178940722729	1.16700157869721	NA	0.688973023354792	0.402234440118397	1.0191656745684	NA	1.29435464218949	0.786227352363449	0.687347689956888	0.527482477299216	0.871997528538385	0.890486151799045	1.06819899671569	0.595861617029441	0.696074151544215	0.326750047371709	0.361284012049247	0.748167180496476	1.13240889188902	1.18906341270161	NA	0.512490452759664	NA	1.13322348346876	0.0572297101693243
0.630633126252087	0.619706415873293	NA	1.09443796262049	1.17581317974991	1.13524612094922	NA	NA	NA	NA	NA	0.600302376331226	NA	NA	NA	0.684672674104117	NA	NA	0.769834552264813	1.23951737126005	NA	1.14502985230375	1.27654170237397	0.871018646165531	1.44205028332079	1.45099400351287	1.07359896339722	0.64517388722781	1.14505880970396	0.599500766662065	0.432620361947007	NA	NA	0.602098223332501	0.328112219278534	NA	0.491836804452959	NA	1.74709357461128	NA
NA	NA	NA	NA	NA	NA	NA	NA	NA	NA	NA	NA	NA	NA	NA	NA	NA	NA	NA	NA	NA	NA	NA	NA	NA	NA	NA	NA	NA	NA	NA	NA	NA	NA	NA	NA	NA	NA	NA	NA
1.67158109314838	0.986591998589446	0.921730555406811	0.649235832887816	1.06411076906879	1.42243229647981	1.11538272871072	1.13561719144824	1.636971416645	1.69226302611684	1.31775488143701	0.683379146594669	0.735779380782904	1.62966103493928	1.10344124132264	1.59012902390326	1.81655123087313	1.2292026296008	0.728687015386292	1.02397724245471	NA	0.712126241720561	1.26820037899853	1.47929382150253	1.44761493040239	1.21495781145769	0.346216400380631	1.12659003298645	0.755175644609822	0.975137600963513	0.47396613146037	0.549913464008975	1.70721286815202	0.63505995313574	0.78419144016168	0.514471391311696	0.811804870308874	NA	0.88901127091779	1.29024911128144
0.584366954702114	0.849465508872379	0.750172149000545	NA	NA	1.71218647383508	NA	0.475341467462816	NA	NA	1.00015734393729	0.71603999531591	0.366975773904084	0.346426804754214	NA	0.364065848588277	NA	0.242090470737663	0.757076764420837	0.569682450208906	NA	0.46947202677443	1.37014192522132	0.13399415999766	0.324132247662792	0.454667116461837	NA	0.533356678676126	0.601875634232485	0.432596972999064	0.165705455484839	0.530683623729822	0.963497752344306	0.720222491115204	0.620008727973349	0.627248881793187	0.771280104352686	NA	NA	0.499859552322821
NA	NA	NA	NA	NA	NA	NA	NA	NA	NA	NA	NA	NA	NA	NA	NA	NA	NA	NA	NA	NA	NA	NA	NA	NA	NA	NA	NA	NA	NA	NA	NA	NA	NA	NA	NA	NA	NA	NA	NA
NA	NA	NA	NA	NA	NA	NA	0.716561989202107	NA	0.45114917806617	0.428346465604643	0.722334612241743	NA	0.774259388688723	NA	NA	NA	0.900735260020151	NA	0.721351317079088	2.15612574261909	0.577201602447928	NA	NA	NA	0.495966450913498	NA	NA	NA	0.765537214969289	0.559207712990475	0.708442701024826	NA	0.632133498357644	NA	NA	0.602362861277057	NA	NA	NA
1.60670128567303	1.2109988876665	1.10726299074635	1.03455555211864	0.932937891572002	0.677514949159477	NA	NA	NA	NA	NA	0.980641094503338	NA	NA	NA	NA	NA	1.72306649631622	1.62445965172176	1.22101102698518	NA	NA	NA	NA	0.589338087721203	0.778617177336295	NA	0.97356547989327	NA	NA	0.84872505046009	NA	NA	1.03110418306238	NA	NA	0.717200912982363	NA	NA	NA
NA	NA	NA	NA	NA	NA	NA	NA	NA	NA	NA	NA	NA	NA	NA	NA	NA	NA	NA	NA	NA	NA	NA	NA	NA	NA	NA	NA	NA	NA	NA	NA	NA	NA	NA	NA	NA	NA	NA	NA
NA	NA	NA	NA	NA	NA	NA	NA	NA	NA	NA	NA	NA	NA	NA	NA	NA	NA	NA	NA	NA	NA	NA	NA	NA	NA	NA	NA	NA	NA	NA	NA	NA	NA	NA	NA	NA	NA	NA	NA
NA	1.40936237516682	0.607544112892982	0.494143276031405	NA	NA	NA	NA	NA	NA	NA	NA	NA	NA	0.878784726153932	NA	NA	0.812950882771134	NA	NA	NA	0.705540384928896	0.962904678855103	NA	NA	1.47702782183367	NA	0.989973076701316	NA	0.716142586586344	0.572700791575929	NA	NA	0.644612825399419	NA	1.02568331516657	0.292013519138378	NA	NA	0.387547693134569
1.71384496515991	1.51682046820319	NA	NA	NA	NA	NA	NA	NA	NA	0.917852491516828	0.843829488749603	NA	0.163804828631811	NA	NA	0.843466353774486	0.640266516246045	NA	NA	1.29635154510314	NA	NA	NA	NA	0.884975241738518	0.508650006643975	0.581095264674865	NA	NA	NA	0.371408375535375	0.545018476751868	0.593461259482343	NA	NA	0.251221860875017	NA	0.637266442977476	1.00854930977168
NA	NA	NA	NA	NA	NA	NA	NA	NA	NA	NA	NA	NA	NA	NA	NA	NA	NA	NA	NA	NA	NA	NA	NA	NA	NA	NA	NA	NA	NA	NA	NA	NA	NA	NA	NA	NA	NA	NA	NA
0.471235738095371	1.2384548590087	1.14933525220703	0.401980655373384	0.730524867317258	0.982350042774879	0.920493767460945	0.601648259567925	NA	1.00364240576671	1.39737768461915	1.25277215953738	NA	0.276027164001349	1.05178465495195	1.31298507527239	1.66582793974872	1.05140056732565	0.583778658909239	0.298800358513636	NA	1.10337802477937	0.762503653084012	0.770580757457307	0.54666460184757	1.93516602442365	1.53559329703256	1.58467279525514	0.962329947699829	1.1628137758589	1.01193728470948	0.83334073915558	0.736872379210557	0.642249379299412	0.828065753619046	1.4909965465512	0.258083441882884	NA	0.423538983965301	0.175475081794024
NA	NA	NA	NA	NA	NA	NA	NA	NA	NA	NA	NA	NA	NA	NA	NA	NA	NA	NA	NA	NA	NA	NA	NA	NA	NA	NA	NA	NA	NA	NA	NA	NA	NA	NA	NA	NA	NA	NA	NA
NA	NA	NA	NA	NA	NA	NA	NA	NA	NA	NA	NA	NA	NA	NA	NA	NA	NA	NA	NA	NA	NA	NA	NA	NA	NA	NA	NA	NA	NA	NA	NA	NA	NA	NA	NA	NA	NA	NA	NA
NA	1.06029488028286	NA	1.48248039938527	NA	0.361032903669356	NA	1.15961364619466	1.5174767378259	NA	NA	NA	NA	1.50985987375958	NA	0.735789359197782	0.341618405272259	0.421964544984192	0.321327109679157	0.457764530426681	NA	0.536016798750339	0.530033721413685	0.235206173278232	NA	0.790818458111816	0.821255157029612	0.695966318915199	NA	NA	0.79522717925547	0.995611693240657	0.755587690452069	NA	0.705389248467877	0.529438442001228	0.295025862921431	NA	0.193142306382118	0.484290281098668
0.846549115837503	0.736321118178666	1.00664063682554	0.602910901310735	0.573049983268695	0.474596170673082	0.719337803719609	1.44124206339934	NA	NA	0.913010368636719	1.01227637629288	0.769054771751471	NA	1.14258387784048	0.368645266433465	0.470902721469942	NA	0.695167890948514	0.0580461221514363	NA	0.157365375784926	0.287622058933516	0.35290796698201	0.595308071774263	0.85546946428495	NA	0.76070270239043	0.665826707195467	0.781412462884933	0.500044253398283	0.78182297684501	0.897334758383849	0.754983520290998	NA	NA	0.284199448847544	NA	0.415975516103218	0.525998715933191
NA	NA	NA	NA	NA	NA	NA	NA	NA	NA	NA	NA	NA	NA	NA	NA	NA	NA	NA	NA	NA	NA	NA	NA	NA	NA	NA	NA	NA	NA	NA	NA	NA	NA	NA	NA	NA	NA	NA	NA
NA	1.21325303635172	1.06336386548277	0.77130336858383	2.02512396518758	1.03640182373158	1.31749062828066	NA	NA	NA	1.92030254178384	1.70444884915681	NA	1.40265172407806	NA	0.98721761494546	NA	NA	NA	0.516291718185605	0.876397193489083	1.11631914908984	0.688220772329576	0.849436194135184	0.891635038457215	1.21129438665431	NA	0.915847031259023	0.876012715982974	NA	1.04855482156021	NA	1.02904794058891	0.973364717583244	0.52491334787175	NA	0.664125663771874	NA	0.832959087417721	0.550948967973368
1.16259440202475	0.696671693817658	1.33056215911619	NA	NA	1.10923561130651	NA	NA	NA	1.09607629228485	NA	NA	1.73189603575265	1.22419819758661	1.29571857381153	1.05814290463576	1.01218501433403	0.576350288984882	0.775324053838274	0.286869892274929	0.726965352095751	2.19287901265018	0.91397601731451	1.1278655933606	1.34615752130293	0.147327904055317	0.59648525691459	NA	NA	NA	NA	2.05093504123788	0.347884006563974	0.124578165007969	0.138747892701219	1.08334718768029	0.54260141537987	NA	NA	NA
2.5480854747305	2.8099922642001	2.97552874401725	2.65594278216999	2.54517905564953	2.58673833226781	NA	2.61934955337099	NA	2.64425100695257	2.79407352280782	2.67404377139052	2.48163896092706	2.73183450647526	2.43418007064582	2.44337437258555	2.26524785329185	2.25502410877924	2.22011068926608	2.29479421440006	2.19519983789127	2.39581385837305	2.57426743741196	2.36415521221025	2.39759928215791	2.27453389770178	1.72187779843149	NA	NA	1.55034153586626	1.67198114237036	1.59648232082217	1.62906549396847	1.5135909830399	1.53520041096227	0.966288233989703	1.23629999149521	NA	NA	NA
NA	1.98248479309577	1.12604431808471	1.02879838517163	NA	1.01725977881031	1.5398791281835	1.26770568180185	NA	NA	0.829322232600823	0.862979624287133	1.7034355682325	0.544976844454386	0.752177640149027	0.927027195684117	0.616688422770038	NA	0.652136735299522	0.545869595409984	1.40471027827773	0.262932407827956	0.371370288007899	0.548629174755076	0.619844602035515	0.695096591785971	0.61593517591624	1.12339614226951	0.643582555349096	0.794808002956194	1.02008743859798	0.630112586813483	0.839927397321312	1.59906103896698	NA	NA	NA	NA	0.440069011086645	NA
NA	0.778959732217372	NA	0.974809174521411	NA	NA	0.516097787275004	NA	NA	NA	1.0901189562704	1.49627623045954	NA	0.867946853991027	1.20021369111605	NA	NA	1.34761116166595	1.22070241184254	1.75680769861206	0.954878729530454	1.18833285061684	1.06085204628867	NA	NA	0.939098163459938	NA	NA	1.49343420727868	0.815123925506445	0.871862491925936	1.07767785250044	0.752216672088691	NA	NA	0.76830498705049	NA	NA	1.4009811417367	NA
0.869445654362144	NA	NA	1.66508700438542	NA	0.557139630118986	NA	NA	1.87508748247422	NA	NA	0.966995220867603	1.26407269977327	1.1936667884069	1.63069230800826	1.76760580021746	1.90806299840996	2.06440059335424	1.91039552008424	1.98288299171803	NA	NA	0.954254794108854	NA	0.468220878499113	0.420549976952701	NA	0.795959194435918	NA	0.905620141701439	0.359542803047519	0.707407282759879	NA	0.443872212241726	0.531420772703928	0.856052035455693	1.38554476338272	NA	1.35860430374148	NA
0.966558291019156	0.868574336060934	NA	1.40632425067135	NA	1.36823871177338	NA	NA	1.73396770751244	NA	1.67224766670376	NA	0.691305585659915	1.19207228826406	1.60657701411594	1.28238930353442	1.29183890515331	1.16182246233017	1.3558989086846	1.97487853946981	1.68076339328743	1.33602392381882	1.11018317806272	1.14848310522231	1.42090177915347	0.830866736368289	0.500155241375675	1.08813422608378	1.14880325439467	0.835035281571954	1.37597776678858	1.10666079905383	NA	1.21199980118475	1.22752075508724	0.771525930949694	0.770430381484056	NA	0.500165084746317	0.598941410034388
1.64256804011014	NA	NA	1.37713635682305	2.19009670925207	NA	1.56094008967291	NA	NA	1.55592789227438	NA	1.5743985661856	0.755557041480361	2.8421618354404	1.16522023573064	NA	NA	1.26869537677953	1.61091669848481	1.69382159774991	1.10697141837682	1.20383017836092	0.994712061615339	NA	0.849925299889509	0.590236635665808	NA	NA	NA	NA	0.400778940787566	NA	0.817542890695917	1.26002013764627	1.99163033257121	0.660000941248003	1.58450209801979	NA	NA	NA
1.26224913591306	1.20863246527033	NA	0.806862769108961	0.82748885233347	0.819302510138678	NA	0.768251053559209	2.07150213835857	NA	2.23832671479675	1.59030585135068	1.45412286104965	1.68188187906121	1.78229909015305	NA	1.2662843539457	1.23322495858151	1.45200664377406	1.94567889741923	NA	1.11834681346128	0.892152444788409	0.741043602918839	1.50381268847875	0.880364460739374	0.626533083836628	0.410546515328424	NA	NA	0.723208095574893	NA	0.740183189743108	0.352336408987523	0.385916626197447	1.71549016402368	NA	NA	0.712122963759849	0.353105549105992
NA	NA	NA	NA	NA	NA	NA	NA	NA	NA	NA	NA	NA	NA	NA	NA	NA	NA	NA	NA	NA	NA	NA	NA	NA	NA	NA	NA	NA	NA	NA	NA	NA	NA	NA	NA	NA	NA	NA	NA
NA	NA	NA	NA	NA	NA	NA	NA	NA	NA	NA	NA	NA	NA	NA	NA	NA	NA	NA	NA	NA	NA	NA	NA	NA	NA	NA	NA	NA	NA	NA	NA	NA	NA	NA	NA	NA	NA	NA	NA
1.37383166004156	1.85230434117475	2.11159082237752	1.56084592573962	1.45599850428469	1.36815218427302	1.13682765229971	0.937787123945254	NA	1.65974367467112	NA	1.61862614873774	1.51693382778231	0.964157407901432	0.506541315233448	0.246787009336848	NA	0.316463948928522	0.532155122465863	0.134619907355532	0.691473104062081	0.95207221208021	0.46516354546378	0.147025456851188	0.895533165970408	0.472239508228814	0.650606253268296	0.847925742363762	0.523414880765344	0.605404577252035	0.242907627376358	0.415332807825762	0.955017579803202	0.142138881645889	0.74109099624952	0.736918947321403	0.554342774149513	NA	0.840268861382853	0.687050436837215
1.13042680348762	1.53201426428214	NA	1.05470902282833	0.953465010991324	NA	1.27608092729941	NA	NA	NA	NA	0.996256741068396	0.889600059324251	0.685615685430638	NA	NA	NA	0.848794694112114	NA	1.09702040904179	NA	0.650127791608603	NA	0.551104581581345	0.608481292181253	0.298342115104649	0.784009592188734	NA	NA	0.60517547599946	NA	NA	0.562426314445182	0.22475438674362	NA	NA	NA	NA	0.466305035134111	0.571184751996588
NA	NA	0.653457063381281	0.96490812800772	1.25061744773331	NA	NA	NA	1.52223951645147	NA	1.27124514517969	1.65756175584943	1.77428376098165	NA	0.623024924043765	NA	1.37713482942652	1.15868745720579	NA	1.60503679075924	0.687156563821112	0.830567671985789	0.598817032158803	0.958891870834989	0.586895040399499	NA	1.06647109333027	0.329058171687336	0.551215834056795	0.507341513684858	0.360851323492991	0.54412089251489	0.442684514773367	0.591064800235948	0.331151879303743	0.448056032724212	0.776397524587223	NA	1.20447033693858	0.887893724798942
NA	NA	1.43087855398458	NA	NA	NA	1.234721401406	NA	0.758728543892332	0.815405596560441	NA	0.669923796750412	0.543951391775909	0.433317724361126	NA	0.203579339450071	0.360471988892058	NA	0.18443697477553	NA	0.738172989844674	1.42296159139604	NA	0.68711144138091	1.00640535517162	0.92225056977837	NA	NA	0.357347732853113	0.673017881828622	0.573470657821245	NA	0.491267821304063	NA	NA	NA	0.850174667004139	NA	0.897090082289754	2.86495188485574
NA	NA	NA	NA	NA	NA	NA	NA	NA	NA	NA	NA	NA	NA	NA	NA	NA	2.14524870286099	1.70961215903442	1.94055624274659	NA	NA	NA	1.83161885833074	1.70940017428556	1.49637022324438	NA	NA	1.62635702299873	NA	NA	NA	1.39235333460402	NA	NA	1.07326881880005	0.296561598134027	NA	NA	0.461014978547976
NA	NA	0.914730101395397	1.2738068248111	NA	NA	NA	NA	NA	1.7001646036093	NA	NA	NA	1.72154704332421	2.50446168755882	1.97532725823293	1.45007726437912	1.33954246910408	1.77003014624779	2.07284675483765	NA	2.36839282093002	NA	2.02816217495694	1.58118868453044	1.80945705260851	NA	2.63942986609112	NA	3.30003367230824	NA	1.90757176689617	2.03505662488992	NA	NA	NA	2.0269518283256	NA	NA	NA
0.549468078447301	0.779760194318098	NA	NA	0.186637707177259	0.270900109529107	NA	NA	NA	NA	NA	NA	0.573037893301058	0.563929446453138	0.0574080019984561	NA	NA	NA	0.965054434148675	NA	NA	0.608027242375144	NA	NA	0.403358824887626	0.511953029470298	NA	NA	0.407609661383906	0.632253489554402	0.477115864462162	NA	NA	NA	0.568046736381133	0.669276634717288	0.496556706007126	NA	0.449287623051374	NA
1.73445139942819	1.75556714026006	1.220014615177	1.72367521171327	2.26800435709278	0.514960967386406	0.897402066490986	0.629584598316972	2.71521912222177	2.67280195078755	2.60354517310195	0.817836600969819	NA	0.709735555787892	0.326459604015161	0.834688578312124	0.900691210856222	0.829367902786648	0.509600556081591	0.594285975548702	NA	0.886904138704706	0.723698442112045	0.95943045846279	0.990068184013571	0.678974309666738	2.31698475340012	2.39802594575575	1.50730814485183	1.56849622712451	NA	0.955974778030787	0.303785133781545	2.87171765586335	NA	1.72915041717751	1.89554580560555	NA	0.387000650634164	1.92515308251301
NA	NA	1.15868287079162	1.14889873056333	0.958992364811875	1.2286358840124	NA	1.47829775580737	NA	NA	1.08604736276781	0.828093007370583	NA	0.964475051146152	0.657857387213911	1.11949844576496	0.768156676647507	0.672887251357115	0.344460626038434	0.388109913500548	1.61080023245615	NA	0.81791042409456	NA	NA	NA	NA	0.855024016881817	1.15302700526858	1.13894766900934	NA	0.996116461196768	NA	2.00122449723984	0.316085265256057	0.688774547296998	0.403965479008729	NA	0.665188903787177	NA
1.097362232276	1.28588345176329	1.60069797907119	0.348763917640691	0.795854987211047	0.956019648519062	1.1756001922773	1.26964507789089	1.00957680623061	1.48712370699457	0.977955159629882	1.45059404809952	1.35505002374721	1.01933155534981	0.717964389899114	0.884185201893819	NA	NA	1.15373514688402	0.964335068585261	NA	0.912943701619573	1.20025781163303	1.1062629351825	1.22806570613911	0.940718782161275	0.744951892743303	1.35479568557134	0.740380661148334	0.902666153300379	0.812583443336318	NA	1.15463314102162	NA	0.655471064941622	0.389681953301105	0.674851875535736	NA	0.427553509104254	NA
NA	NA	NA	NA	NA	NA	NA	NA	NA	NA	NA	NA	NA	NA	NA	NA	NA	NA	NA	NA	NA	NA	NA	NA	NA	NA	NA	NA	NA	NA	NA	NA	NA	NA	NA	NA	NA	NA	NA	NA
1.72480626070311	NA	1.6290402058145	1.68919024165562	NA	1.92639517248861	NA	NA	NA	NA	NA	NA	NA	NA	2.00475295933412	NA	NA	NA	1.13525053713955	NA	2.07484954655552	NA	0.919767926312794	1.17180697474871	0.673640847433871	0.913821803484216	NA	0.798696197149474	1.01367541696694	1.22111790354122	NA	NA	1.30174771717535	1.0548421701911	1.55252231325244	NA	NA	NA	0.542095142238194	1.11144547151811
NA	NA	NA	NA	NA	NA	NA	NA	NA	NA	NA	NA	NA	NA	NA	NA	NA	NA	NA	NA	NA	NA	NA	NA	NA	NA	NA	NA	NA	NA	NA	NA	NA	NA	NA	NA	NA	NA	NA	NA
NA	NA	NA	0.813432767451498	1.05191385355089	NA	NA	NA	NA	0.607577278226794	NA	NA	0.786164158244712	0.566880332868297	0.842823979118506	0.771868010871171	0.590931990078485	0.580754422805049	NA	0.234348649106941	1.08997996041603	1.06304022637858	1.05785633052828	0.125167314432948	0.465252956010367	1.03076456427628	NA	NA	0.838010224595631	1.30176256009898	1.22438969460044	0.862278525630525	1.35835467371741	1.07760288244945	NA	0.785630609285879	1.50983814688173	NA	1.06902484890576	1.53922629524879
NA	NA	NA	NA	NA	NA	0.322378704739466	NA	NA	2.19408341732643	NA	NA	NA	NA	NA	NA	NA	NA	NA	NA	NA	NA	NA	NA	NA	NA	0.200973092315822	0.769609807721056	NA	NA	0.661653963905699	0.81537471310849	NA	NA	NA	NA	0.556355007426039	NA	NA	NA
1.7092526667972	NA	1.19914813870666	1.35901894667859	1.15769228174672	1.25992409320988	0.929054683064692	NA	NA	0.830751265361923	0.607208676950116	0.576567622573706	0.551859949345238	0.362580404946038	0.781982807373637	NA	NA	NA	NA	1.13775522678387	1.07955076853385	0.647751078415338	0.602492069843578	0.392545152187377	0.150838594076429	NA	0.234323332596584	0.150298513095822	0.394982347032384	0.359655890501309	0.176459076712505	NA	0.488882385953009	0.924696877409804	0.382358744251068	NA	0.478063032669724	NA	0.313639485508622	0.633473938148864
NA	NA	NA	NA	NA	1.58849402418182	NA	NA	NA	NA	NA	NA	2.48653373764631	NA	1.28617770802461	NA	NA	1.48191894216729	NA	NA	NA	1.23747214803822	NA	NA	0.942070261874747	NA	NA	2.13798678961485	1.35619055580571	0.183609555008582	NA	NA	1.15546423803743	NA	NA	NA	NA	NA	0.831923835823455	NA
NA	NA	NA	NA	NA	NA	NA	NA	NA	NA	NA	NA	NA	NA	NA	NA	NA	NA	NA	NA	NA	NA	NA	NA	NA	NA	NA	NA	NA	NA	NA	NA	NA	NA	NA	NA	NA	NA	NA	NA
1.26710053771087	1.46106633745743	0.683748988707866	0.983291735256732	0.229326265395031	1.25791456705474	1.07636295144775	NA	NA	1.54074787035462	1.89913605196406	1.72502991229791	1.95324152377379	1.66922390473436	NA	1.47707849598063	1.33668824885018	1.75444212701561	1.2172139557786	0.500790754956393	1.94008520150127	1.66629139517109	2.4004057311895	2.09862097196699	1.95504872077354	2.02280553602297	NA	1.56303413263607	NA	1.33512873732575	1.50759011244757	1.35664709816668	1.13469781627112	0.97798817831692	0.822649800948577	0.924625927466546	1.20686124660484	NA	1.87902897820598	0.707916084695648
NA	NA	NA	NA	NA	NA	NA	3.22005744390577	NA	NA	NA	NA	NA	NA	NA	NA	NA	NA	2.30454334831679	2.97243873956993	NA	NA	2.31835637096895	2.12636806444397	NA	1.74760697620375	NA	1.45896570308109	1.44731997878383	1.15926776851662	0.818910079496354	0.878472905549397	NA	NA	0.625463859486269	0.680480546007947	0.439965569680666	NA	NA	NA
2.426971402028	2.25939789553959	NA	1.85076948439796	2.04666597029486	1.82725100916635	1.53708045212406	1.76764960951491	1.79585496165887	1.80189105976951	2.00741482285737	1.89540322826058	2.08359626448891	1.86521932167187	1.50123887861478	1.16983424123605	1.47772454026621	1.83146937105439	1.4690063885926	1.80839098874566	1.70536643629278	1.27993311349669	1.36504959020187	0.885453154312	0.491484186101529	0.786958375070942	0.631818359363586	0.376696798781984	0.800841390064932	0.637025675723179	0.645267312051207	0.909101788811354	0.526989968589965	0.892239056859469	0.554023118324229	1.34151504507391	0.484238058157053	NA	1.03619713987519	0.656795015443774
NA	NA	NA	NA	NA	NA	NA	NA	NA	NA	NA	NA	NA	NA	NA	NA	NA	NA	NA	NA	NA	NA	NA	NA	NA	NA	NA	NA	NA	NA	NA	NA	NA	NA	NA	NA	NA	NA	NA	NA
NA	NA	NA	NA	NA	NA	NA	NA	NA	NA	NA	NA	NA	NA	NA	1.55175172454076	1.2628980329318	1.60883595502235	1.22813181381163	1.45249822146925	0.996584397300746	1.18882761637587	1.21843788454672	0.997253558166236	0.879631056025703	1.51778546689156	0.391208614330798	NA	0.741988995738949	NA	0.364147465868497	0.377500916138943	1.00234687737149	0.699481830623517	0.66097221451403	0.74092216686158	0.86308661906558	NA	0.505390859625805	0.792649413980778
NA	NA	NA	NA	NA	NA	NA	NA	NA	NA	NA	NA	NA	NA	NA	NA	NA	NA	NA	NA	NA	NA	NA	NA	NA	NA	NA	NA	NA	NA	NA	NA	NA	NA	NA	NA	NA	NA	NA	NA
0.882319445098306	0.681357723917574	0.726129450442321	NA	0.763121111122455	0.913483725569474	0.790804601016826	NA	NA	NA	1.3606223030477	NA	1.03254450698302	1.03727453833488	NA	NA	NA	NA	1.28218832026936	1.10338177968317	NA	0.713830846818261	1.19007523526223	NA	0.688952762323731	0.743621908684963	NA	1.13918396394757	NA	0.714799736489608	1.19131256918071	1.50676987837863	1.10922042636654	1.04478149469053	0.590734811198266	NA	0.864050730890561	NA	NA	NA
NA	NA	NA	NA	NA	NA	NA	NA	NA	NA	NA	NA	NA	NA	NA	NA	NA	NA	NA	NA	NA	NA	NA	NA	NA	NA	NA	NA	NA	NA	NA	NA	NA	NA	NA	NA	NA	NA	NA	NA
NA	NA	1.22451173617468	1.71398957637849	1.56721746848096	2.12723727792095	0.802483532974667	NA	1.17780600311098	2.93278826910603	0.757118458581388	1.5586846344205	1.23492958155472	1.37813165650268	1.68865611082488	NA	2.27252418939244	1.18488072059801	NA	1.48922611225799	1.77053156145769	2.15372644446668	2.4161115537198	1.47150162831704	1.44890487080602	NA	1.76114863841766	2.6236040023239	2.62142653704276	2.67147527764665	0.635187248939854	0.47966225486831	0.591909562976174	1.76788713073868	2.14414794989457	2.52910676014431	NA	NA	2.2899829482229	1.75093513953821
NA	NA	NA	NA	NA	NA	NA	NA	NA	NA	NA	NA	NA	NA	NA	NA	NA	NA	NA	NA	NA	NA	NA	NA	NA	NA	NA	NA	NA	NA	NA	NA	NA	NA	NA	NA	NA	NA	NA	NA
1.69675690208148	2.07680071260371	2.175000427391	1.711941869216	1.77540619129398	1.77559368900344	1.50906485333948	1.70646308776909	1.21008548051194	1.6357854578128	1.26911043070742	1.9134387045658	1.91257504601427	1.56235404537529	1.29357839911755	0.635594978835176	1.71698737240091	1.18548497922156	1.91335821716687	1.02545507579196	NA	0.785834095886947	1.42182770773324	1.38182467223801	1.60346383396007	1.03535415925603	1.64982628637784	1.12696599075873	0.768160029757681	0.513799603349543	1.55760789352374	0.313955325430269	0.835230896952698	1.97549918630285	0.548346766129335	1.79805341135942	1.61885819843226	NA	1.7062679929101	1.96898397728861
0.580955675435187	1.54672632826341	NA	NA	1.3260614018417	1.83570310683793	NA	NA	NA	NA	NA	NA	NA	0.986868591804493	NA	1.07748768883718	0.830837705943738	1.39999525458013	0.85958511135967	NA	NA	0.984669496568738	NA	1.30901306232685	1.33005233699464	1.32108536108534	1.13838781216141	NA	NA	1.52061307795639	0.763810743382861	NA	0.641068760365441	2.00127114795568	0.878835577355156	NA	1.25423101636934	NA	0.623646085770237	1.02174285123266
1.31886145579912	1.21286731209122	1.07057788388182	0.711280651006567	0.421338022140014	0.837774980398435	1.03541484065973	1.02569405948775	NA	1.3445335282474	1.2840760458237	0.64097322585889	1.11389150451257	0.976807363212756	0.762213347614519	1.19473246087442	1.33022027160026	1.43461997444055	1.5085388627221	1.10473340594045	0.916136321139476	1.11644049312494	1.00516484270056	1.22928905328198	0.939681160392155	1.37597240787986	1.08042101286319	1.20290807525527	2.27179690090476	0.8769724361561	0.794081579338227	NA	0.811927956076599	NA	1.26461318935835	0.94026357681825	0.453266256339608	NA	1.14769326307574	1.15229256384874
0.705585554027254	1.97014339537321	0.854824295266281	1.06373744783752	1.20664148243165	0.835445876256993	1.05280774643144	0.668818969234088	0.634212807987624	NA	0.218057412739268	NA	0.445666026156127	NA	1.15362678580929	0.402217250245979	NA	0.62420337603564	0.79672825209469	NA	0.848850498197549	NA	NA	0.883565079126182	0.879235563534818	1.00119823978143	NA	0.736118907323324	NA	NA	1.03412910516082	1.06460378831082	1.45531925574832	0.688773894164899	1.11918466307734	1.32683138967005	0.802414215173179	NA	0.870288142633314	0.731573219611675
NA	NA	0.976598762882809	1.0318874165657	NA	0.761343731012027	0.89208374956859	NA	NA	1.63544811029929	NA	0.478083924073387	0.76998323320735	1.06549077263074	NA	0.568948546862574	0.768874188947306	0.582279750697668	0.897262379865812	0.983793951238645	NA	0.518289010425513	NA	0.530996997149708	0.56013696556139	0.545432611851766	0.478218539392764	0.598487793056747	1.67267047473481	0.695423061806893	0.636916425030609	NA	0.514201070235736	NA	0.73719998844844	0.551904370295356	NA	NA	0.641837665661188	0.478907909342548
NA	0.851780543934004	0.548706770634121	1.41683158496867	0.207968747269978	0.358610738116712	0.357176645319653	NA	NA	NA	NA	NA	NA	NA	0.226982995041107	0.469301180201232	NA	0.609465415715909	0.34977104916744	0.174237532353398	0.269420051388713	0.606501932105717	1.04883900386315	1.25995075703962	NA	1.29079511061653	1.04261654690584	0.434173345531586	NA	NA	0.0596116460576329	NA	0.780053497917172	0.381511965607377	0.703316683191079	0.751740802428016	NA	NA	0.910992137213026	0.478136311665186
NA	NA	NA	NA	NA	NA	NA	NA	NA	NA	NA	NA	NA	NA	NA	NA	NA	NA	NA	NA	NA	NA	NA	NA	NA	NA	NA	NA	NA	NA	NA	NA	NA	NA	NA	NA	NA	NA	NA	NA
2.96204138740134	NA	3.4860324301148	2.78057481423461	2.78862648459912	2.79031464410994	2.69523891334085	3.27904747919391	NA	2.91764252366063	3.08540191413247	2.75083351664362	2.72851419609634	2.50383105645891	2.30608818651776	2.37111073977006	2.30317244639548	2.29448667986972	2.27294182678501	2.25734934719781	2.30113897920642	2.09956467660068	2.03002817783346	1.81282998821395	1.60875224643531	1.58022334237094	1.71815946830324	1.27091415958923	1.21842185926041	0.836589879613913	0.949512353086848	0.939688812953003	0.940981263909544	1.17879776165937	0.684079092928376	0.647497783247143	0.860155196603005	NA	0.981424197481164	0.732641297980054
NA	NA	NA	NA	NA	NA	NA	NA	NA	NA	NA	NA	NA	NA	NA	NA	NA	NA	NA	NA	NA	NA	NA	NA	NA	NA	NA	NA	NA	NA	NA	NA	NA	NA	NA	NA	NA	NA	NA	NA
NA	NA	NA	NA	NA	NA	NA	NA	NA	NA	NA	NA	NA	NA	NA	1.70590779957554	1.62138594302538	1.03871873447601	1.33347341038208	1.74789651748895	1.54240569053708	1.55494534462343	1.66686523394112	1.20742710475134	0.649338647479077	1.70498398666159	0.628260068359543	NA	NA	NA	0.472995981266975	NA	0.806242020228525	0.519332703986843	NA	0.638871770000092	NA	NA	1.18591004580818	1.36107789354847
1.24038326611801	1.02959429931101	NA	2.62622453468046	2.82539342431026	2.01533957126702	1.70387044710858	1.92219622359086	1.52309977408285	1.82807948259586	1.42751094898066	0.283139864133506	0.9263397930341	2.18151028669613	1.65727033785323	2.13002274503182	2.32231595364427	1.73672492631627	2.11748674174899	1.30159335735931	2.02956258825811	0.980868549537538	2.09581986534442	1.38345935468228	1.46654331313709	0.838505900630436	0.927843671469072	0.936464140263997	2.53991257136381	1.12507149981696	1.58097410930733	NA	0.212084802798908	NA	2.13667229768136	0.704947668027884	1.29407422323064	NA	0.741844822240755	0.481705476385597
3.31598320520471	3.41896905087329	3.01051416847878	NA	2.51678951732359	1.8650146439687	2.06672306324664	1.82994177086835	NA	NA	1.77008500257714	1.48807029093181	NA	1.07252796155738	1.22745768289449	1.16112045014434	NA	2.3745472753018	2.9171273784902	2.24003764856842	NA	2.1412418422067	1.71847883684695	1.44628958482085	1.66624074008448	1.25899964342969	1.53431404761055	1.56024860447224	0.895843393967599	1.11425760261195	0.755133804264043	NA	1.02377365234344	1.65801261125121	1.10598903134796	NA	0.560999098871723	NA	NA	1.14778289362815
0.520392959438958	0.564779972241894	0.733291389846543	NA	0.946479714488013	1.01428716148146	0.720169039218702	NA	NA	NA	1.26269307085011	NA	0.918741908769795	1.1663475271111	2.10481965871714	NA	NA	NA	1.40158148860234	1.07451041260807	NA	0.933161616029945	0.765419542059174	NA	0.774457753954815	0.544850846647098	NA	0.557951582327311	NA	0.352063649204042	0.580578107757515	1.1315607231758	NA	NA	0.410261518374415	NA	0.655462775249121	NA	NA	NA
NA	NA	2.07895286309984	NA	NA	NA	NA	NA	NA	NA	NA	NA	NA	1.30842115102941	NA	NA	NA	NA	1.22656673921511	NA	NA	1.28691140338133	NA	NA	NA	NA	NA	1.32498867270772	NA	NA	NA	1.96397653757471	NA	NA	0.769535173003457	NA	NA	NA	NA	NA
1.89457183384805	1.70680597553329	NA	1.07998423465209	0.563148343597617	1.07394880977618	NA	NA	0.530021995695462	NA	0.585017769658354	NA	0.401576053367639	1.00637628064036	1.0150376289559	1.39709729408606	1.57606893406567	0.673500987706772	2.2296899192447	0.667944478825842	0.999391720361932	1.28342317542064	1.49479324708708	0.640915299054523	NA	0.427431387332828	1.22395588588916	1.65864320155652	1.57456033561211	1.73126237609135	NA	1.87875403431178	0.968396155697722	1.54387545074733	0.122537015437691	1.60655997619788	NA	NA	0.724783451509058	NA
NA	NA	NA	NA	NA	NA	NA	NA	NA	NA	NA	NA	NA	NA	NA	NA	NA	NA	NA	NA	NA	NA	NA	NA	NA	NA	NA	NA	NA	NA	NA	NA	NA	NA	NA	NA	NA	NA	NA	NA
NA	1.11834186978195	0.744871112287303	1.42411362757179	1.06964444291505	0.521054540067327	NA	1.1858089741727	1.14532422287498	NA	NA	NA	NA	NA	NA	0.237598457229319	NA	NA	0.876215540575035	NA	NA	0.355588761687191	NA	0.410323487713204	0.42683062799938	0.772126311117698	0.449432039030587	0.625632723393522	0.437190425225978	NA	NA	NA	NA	0.571997755162268	0.819668294835994	NA	0.835918315158316	NA	0.822571892504882	0.821575613009374
0.550950303149912	0.743703360183308	NA	NA	0.954399174118653	2.36684730924411	NA	NA	NA	0.971421134452329	NA	NA	NA	0.615134571540939	NA	0.707859231795357	0.588519952610755	1.01936747983222	0.418925274362994	NA	NA	0.895972580739546	NA	0.776986773159766	0.731097225202303	0.87958383468495	NA	NA	NA	0.846991612472938	NA	NA	0.733389506281191	NA	0.841293440146652	NA	0.557294382683509	NA	0.10925814679946	0.750848961307895
NA	NA	1.37935063065292	NA	0.459330669859848	0.960163213715095	0.490577385577808	0.704233997302829	NA	NA	NA	NA	NA	1.3847474872163	2.09880426009712	NA	NA	0.681364006435159	0.822811329293767	0.683447810235434	0.593099996257408	0.885710110773666	NA	0.625364568898462	1.01357786288951	NA	NA	1.0172109111489	0.774852942300398	0.181750230750101	NA	0.419149493598858	0.662666657835959	0.519732424381284	NA	NA	0.33337715711951	NA	NA	NA
1.79728708363857	2.17039375421283	2.19479093424038	1.82148344903162	1.74041813943667	1.89041089085716	1.57030712085743	1.51855112587704	1.07268401518902	1.67906578449699	1.31002190443266	1.9466912227662	2.09596684990119	1.61281496712326	0.838070421721517	0.601970608576662	1.77980712209588	1.12363939982492	2.02486949795989	1.18635450445069	NA	0.910239871587291	1.55745699043781	NA	NA	1.07058625416296	1.68952180020904	1.78194161712146	1.04445150724506	0.607600462026141	1.67422032702275	0.516842134358354	1.10297189099865	2.14370611992398	2.13049205943402	1.85592745782308	1.85764309187174	NA	1.74563025473953	1.30103339779276
NA	NA	NA	NA	NA	NA	NA	NA	NA	NA	NA	NA	NA	NA	NA	NA	NA	NA	NA	NA	NA	NA	NA	NA	NA	NA	NA	NA	NA	NA	NA	NA	NA	NA	NA	NA	NA	NA	NA	NA
1.309690389431	1.08521568983156	1.07863648368833	0.810266352699043	0.587829566093832	1.07783593787308	0.951863861494667	0.83883016162312	1.16776720229026	0.967804622160115	0.898331733044288	0.792909601885945	0.455881491772044	0.717770601927238	0.673296219321884	1.03825202738623	NA	1.07316997312772	1.14493459297167	1.01822305936913	0.709918044863115	1.13654914243906	0.768838548480202	0.993818511411994	1.06296616833719	0.984456733171326	1.03748010095957	1.29848318776521	1.83166455266386	NA	1.02784110323942	1.04960756843497	1.07596706855802	0.793623559667281	1.38837399184016	1.20364413238362	0.400717399188576	NA	1.67152133518925	1.15607893553541
NA	NA	NA	NA	NA	NA	NA	NA	NA	NA	NA	NA	NA	NA	NA	NA	NA	NA	NA	NA	NA	NA	NA	NA	NA	NA	NA	NA	NA	NA	NA	NA	NA	NA	NA	NA	NA	NA	NA	NA
2.99458736682015	2.03321122507641	2.42044773307731	NA	2.09653194423509	1.84307549677192	1.84424693568451	NA	NA	NA	NA	2.2163670913903	2.12517143077695	2.18149084046484	2.54307710999007	2.18604114944903	2.20167845719723	2.03020993636691	2.21345868277185	1.63285880012829	NA	1.81410675956669	1.28014386787683	NA	NA	2.06456403004136	NA	NA	2.17826138218666	NA	1.69615416855377	1.64616705676672	NA	NA	2.08097929165314	NA	2.44373739543391	NA	0.936237794823395	NA
NA	NA	NA	NA	NA	NA	NA	NA	NA	NA	NA	NA	NA	NA	NA	NA	NA	NA	NA	NA	NA	NA	NA	NA	NA	NA	NA	NA	NA	NA	NA	NA	NA	NA	NA	NA	NA	NA	NA	NA
NA	NA	1.56010093265044	NA	1.31785099713936	NA	1.29944440988068	NA	NA	NA	NA	NA	NA	NA	1.38824110825802	NA	NA	0.574482180540139	1.03319362245441	1.24694844734671	1.43971523543934	NA	NA	1.19056294428034	NA	0.900877261743714	NA	1.51824817646662	NA	NA	1.44074981796824	NA	1.47784931540458	NA	0.87864686732517	0.987787751974913	NA	NA	0.326768484424697	0.50586869534596
NA	NA	NA	NA	NA	NA	NA	NA	NA	NA	NA	NA	NA	NA	NA	NA	NA	NA	NA	NA	NA	NA	NA	NA	NA	NA	NA	NA	NA	NA	NA	NA	NA	NA	NA	NA	NA	NA	NA	NA
NA	NA	1.9550930349255	NA	1.60729276851341	NA	NA	NA	NA	NA	NA	1.20229027194969	1.04260367240083	1.18820124439722	0.468416127743996	0.31000804453508	0.681458850157199	1.96759556253157	0.766138669403317	0.332997249900223	NA	0.333502237666637	0.0494934402741885	0.230049078056541	NA	0.359973162412826	NA	0.378256403049691	0.536058619640376	1.01385565049522	0.939094873552058	NA	1.5544518435871	1.54104539117985	1.36313437982492	NA	1.04795613114901	NA	0.371144530147914	0.360349431965311
1.63405990763835	NA	NA	1.58035159646697	NA	NA	2.12767580765844	1.76853045641244	NA	NA	NA	NA	1.11251507879828	1.00196931892108	0.867205193526621	1.27386745976972	NA	0.654494114852219	0.725609503273805	1.04698199981098	NA	0.603304669507999	0.712303117982259	1.24017255864523	0.920228043821828	0.538821983274491	NA	0.369513465450834	0.346783288309534	0.565561720350669	NA	NA	0.62814979154044	0.982120548237719	0.70862948444506	NA	0.502723290121096	NA	NA	0.856642040501149
NA	NA	NA	NA	NA	NA	NA	NA	NA	NA	NA	NA	NA	NA	NA	NA	NA	NA	NA	NA	NA	NA	NA	NA	NA	NA	NA	NA	NA	NA	NA	NA	NA	NA	NA	NA	NA	NA	NA	NA
0.478615489680814	0.513386812790408	0.637909511616171	0.62761901330586	1.75977613042181	1.24469717028051	0.480139247513862	0.784787027715705	NA	0.571401824720754	0.690249392045275	0.784469942389089	0.555661919926136	0.530397749272147	2.62463603598151	NA	NA	0.853965668991065	1.23208672633944	0.912266847533266	NA	0.652210615668153	NA	0.379211403101018	0.780965245350402	NA	1.14844692609819	0.51715591787325	0.36138215291873	0.689655895042511	0.56096695681864	0.509360856096566	0.937437843580926	0.589911755199884	0.471162551997882	0.619991832456251	0.0777038148967324	NA	0.751118445197239	0.491101602182843
NA	0.966513113930535	NA	NA	NA	NA	NA	NA	NA	1.68838570712524	NA	0.974445503762803	NA	NA	NA	NA	NA	NA	NA	1.1819122148633	0.84244796637265	NA	0.673725502463154	NA	NA	NA	NA	0.736951767210554	0.769141121858264	NA	NA	0.493442045421685	0.536175131064781	NA	0.477206887724431	0.552140749217916	0.599309030726458	NA	0.585028883124235	0.84655448845395
NA	NA	NA	NA	NA	0.898260892541015	0.654149888120571	NA	NA	NA	NA	NA	NA	NA	NA	NA	0.724003830068548	NA	NA	NA	NA	NA	NA	NA	NA	NA	NA	0.416180498767166	NA	NA	0.892427335439073	NA	NA	1.17744958161872	NA	NA	0.553002541790582	NA	0.773951529449339	NA
1.01591435396962	0.752023960948961	NA	0.98118404234665	0.529978885327625	0.626987481225929	0.357682090586735	1.09322850709368	1.19996009882579	0.645620202911062	NA	1.0405270275677	0.386283475127302	NA	0.618740553723904	0.43393569175916	0.682386460858496	0.946230788517637	NA	NA	NA	0.569500619433777	0.578141802861156	0.0908092223496169	0.552651010618187	0.704550871856016	NA	1.00866120592882	0.871955935183551	0.671982018300483	1.25958435271534	0.508988036147387	NA	0.589685621790044	NA	NA	NA	NA	0.358113055589495	0.453405817511722
NA	NA	NA	NA	NA	NA	NA	NA	NA	NA	NA	NA	NA	NA	NA	NA	NA	NA	NA	NA	NA	NA	NA	NA	NA	NA	NA	NA	NA	NA	NA	NA	NA	NA	NA	NA	NA	NA	NA	NA
NA	1.7406221431309	NA	NA	1.77218619812938	NA	2.21319550494424	2.349406011985	NA	NA	2.26619100282489	NA	NA	NA	NA	1.83918850343316	1.71833828472568	1.11864696587357	1.00645143525029	NA	NA	1.4579113625628	NA	NA	1.88211219961114	2.16997786928716	NA	NA	NA	NA	NA	1.16923624704488	NA	1.53435389563256	NA	0.709708110244028	0.484704663644446	NA	NA	NA
NA	NA	1.25287002448941	NA	1.26747021329206	NA	1.59743778071021	1.16075368115518	0.537594320813159	NA	1.59341146705365	1.93017718569746	1.6458795579358	1.62024303382879	1.53630839174425	1.49916961954118	NA	0.773716317947254	0.583273769222124	0.376518548833536	1.51857830052196	NA	NA	0.55284999475026	NA	0.668810786293802	0.528268627526764	0.604802664022456	NA	NA	1.13459991039241	0.436137628797019	0.510250923429173	0.374355326575036	0.324077953004216	0.313092579517473	0.549820759146624	NA	NA	NA
NA	0.33452333422991	NA	NA	0.505240979266097	0.759952747668219	NA	NA	NA	NA	NA	NA	NA	NA	0.50471034714759	0.686000861111005	NA	0.640708783635986	NA	0.577255368865291	NA	NA	1.00638855302353	0.789559492126411	0.69228110392636	NA	NA	1.27015388947835	1.38971284720196	0.767932527945535	NA	NA	2.15873094615441	NA	0.599734584374495	NA	NA	NA	0.336458939581653	0.759708545593466
NA	NA	NA	NA	NA	NA	2.04420277463625	1.99612089385069	NA	1.85186466801766	2.12918395523176	NA	2.41912699064588	NA	NA	NA	NA	2.36221043178691	NA	2.86157126188622	NA	NA	NA	2.50851947131108	NA	2.69294575343551	NA	2.07883949613669	NA	NA	NA	NA	1.88247121776856	NA	0.178220231030701	NA	2.40081412858739	NA	NA	2.2112602704759
NA	NA	NA	NA	NA	NA	NA	NA	NA	NA	NA	NA	NA	NA	NA	NA	NA	NA	NA	NA	NA	NA	NA	NA	NA	NA	NA	NA	NA	NA	NA	NA	NA	NA	NA	NA	NA	NA	NA	NA
NA	NA	NA	NA	NA	NA	NA	NA	NA	NA	NA	1.38727637041848	NA	1.5893840495216	1.44774791822095	1.60755527351378	NA	1.31256093203795	1.52457322216501	NA	NA	NA	1.64413661476276	NA	1.69603429957238	NA	1.90711387310202	1.779230487025	1.27814012755698	NA	1.01865208422611	NA	0.794970756734243	NA	NA	NA	0.499390154290813	NA	NA	1.37267636313767
0.649817781896362	NA	1.23724402241944	NA	1.3352328345675	1.27027390892349	NA	NA	NA	1.2795099636606	1.52904277418396	NA	NA	1.26626703223448	0.573843591525092	0.566232774130087	NA	0.685029766808011	1.18677599851459	0.870953647158046	0.803424829100546	1.00449943317736	0.859164990324258	1.15753076787289	NA	0.634915173912634	0.468271303924654	0.510748166277477	0.701765685895952	0.592704195926135	1.01179911573167	0.676772393612731	0.679203139890933	0.329118260024142	0.446772815180106	0.201736113573811	0.360850428706562	NA	0.858713163447246	0.579954911748418
1.05338161950949	0.998365111127688	0.86396634310489	1.16055802741142	NA	0.588082458975804	0.546253189560614	0.483026572525724	NA	NA	NA	0.17430394380325	NA	1.90657338447533	1.60823690299891	NA	NA	0.225205204410889	1.65524147406303	0.342676634667404	NA	1.02924422381579	NA	0.692019215660214	2.09495929166018	1.7320834889786	1.21514773487567	0.855899933139878	1.01156510852115	0.318968087335935	0.409477343487558	0.377249994032419	1.13032648714267	1.73361775253537	0.968819512394167	0.28244358740725	0.490709536203798	NA	0.726996612569564	1.18315113575318
NA	NA	NA	NA	NA	NA	NA	NA	NA	NA	NA	NA	NA	NA	NA	NA	NA	NA	NA	NA	NA	NA	NA	NA	NA	NA	NA	NA	NA	NA	NA	NA	NA	NA	NA	NA	NA	NA	NA	NA
NA	NA	NA	NA	NA	NA	NA	NA	NA	NA	NA	NA	NA	NA	NA	NA	NA	NA	NA	NA	NA	NA	NA	NA	NA	NA	NA	NA	NA	NA	NA	NA	NA	NA	NA	NA	NA	NA	NA	NA
NA	NA	NA	NA	NA	NA	NA	NA	NA	NA	NA	NA	NA	NA	NA	NA	NA	NA	NA	NA	NA	NA	NA	NA	NA	NA	NA	NA	NA	NA	NA	NA	NA	NA	NA	NA	NA	NA	NA	NA
NA	NA	NA	0.698433470423701	0.631161164303789	0.828211865547788	0.815782424216048	NA	NA	NA	NA	NA	NA	NA	0.800815269071926	NA	NA	0.772693392753449	1.11812054194076	0.891337446481627	0.378397720748157	0.9526953098089	0.996602160629047	1.06869511588268	1.33734289886574	NA	0.967318735264708	1.39014902397043	1.26278648103289	1.24278666377327	1.35896414499705	1.23373905693453	1.14903113984032	NA	NA	0.674871248409816	0.789107230686267	NA	NA	1.3936198652045
NA	NA	NA	NA	NA	NA	NA	NA	NA	NA	NA	NA	NA	NA	NA	NA	NA	NA	NA	NA	NA	NA	NA	NA	NA	NA	NA	NA	NA	NA	NA	NA	NA	NA	NA	NA	NA	NA	NA	NA
1.19080746804894	0.828518871486496	0.4771550101285	1.17111450613685	0.301096873385286	NA	0.775153440935433	0.79823248022114	NA	NA	0.894869282099973	0.994040986189789	0.666386794500278	NA	0.596594436412455	0.501711613192855	NA	0.614029357810358	0.863684081246221	0.909797388188566	NA	0.982655019542506	0.947535535302645	0.706705069421191	0.987930342247849	0.705930232901435	0.397328152589554	0.632150902374309	1.07916453649183	1.02663102995255	1.25088031442649	0.389658140471649	0.817457314548788	1.03990363393686	0.815166986737587	NA	0.676934213552875	NA	0.560144864370499	0.57248470317858
NA	NA	2.88037159239901	NA	NA	2.27569267249915	NA	2.5679274172337	NA	2.69317136749144	2.35357322216767	2.62869632274177	2.37843807360468	NA	NA	NA	2.20316838944862	2.41204247205808	NA	2.31478484563685	NA	1.96451783140936	NA	NA	NA	1.90017089143428	NA	1.81515827924092	NA	1.58870262492275	1.07734996919581	NA	NA	1.61531783268796	NA	NA	0.930658003484886	NA	0.489710629377466	0.543183874603132
NA	0.813397572566411	0.536432456409245	NA	1.35318358729484	0.70176687702271	NA	NA	NA	NA	NA	NA	0.423788179603828	0.361917538685702	0.481147225097135	NA	0.473389511471797	NA	NA	0.26761981365875	NA	0.321520980287994	NA	NA	0.961268207047901	0.722542055864679	NA	0.906868255126336	NA	NA	NA	1.49936344330281	NA	1.07847111457889	NA	NA	NA	NA	NA	NA
1.10999261143288	NA	0.846467500140313	0.884317535354591	0.842761322444163	1.02045752013346	0.484457788689282	1.13510467087226	NA	0.658854754643757	0.574913763828066	NA	0.473669271188143	0.587318972905395	0.241800817930181	1.0360676723259	1.08204165663791	NA	0.512154780529735	0.633050816667939	0.823015378006863	0.492813257942437	0.806731087275281	0.710361931369198	0.432689472176474	0.449372848955891	NA	NA	1.02854450142249	0.363465270448599	0.144835827689992	0.324122181539683	1.09079465697833	NA	NA	1.556371025452	0.978714639744436	NA	NA	NA
NA	NA	NA	NA	1.63245276587179	NA	1.0917722600657	NA	2.23708974654236	1.33989579996578	NA	1.18413978873977	NA	1.40667858949841	1.37607945902637	NA	1.34377909068037	0.991328949841063	NA	0.438663133021432	NA	1.97346951707359	1.19238795434176	2.41672634844857	1.51240647858097	1.78886592887538	1.71728419129838	NA	NA	1.24746169558858	NA	NA	NA	NA	NA	NA	0.581505024833802	NA	NA	NA
0.417463260515896	NA	0.234615527617945	NA	0.911983647970903	0.923898213194584	0.866184995598818	NA	NA	NA	0.664215746830543	NA	0.627420368872515	NA	NA	0.977276917835638	NA	0.412758525649088	0.86345109318126	0.45841931615065	NA	NA	0.0609735299073618	0.351785977552683	0.672706250323534	0.794258228781117	0.275570917350491	0.459166860360037	NA	0.791344894539627	NA	0.515864761500058	NA	NA	0.502223870268105	NA	0.736249702666698	NA	0.435573298025322	0.640430066167396
NA	NA	NA	NA	NA	NA	NA	NA	NA	NA	NA	NA	NA	NA	NA	NA	NA	NA	NA	NA	NA	NA	NA	NA	NA	NA	NA	NA	NA	NA	NA	NA	NA	NA	NA	NA	NA	NA	NA	NA
NA	NA	NA	NA	NA	NA	NA	NA	NA	NA	NA	NA	NA	NA	NA	NA	NA	NA	NA	NA	NA	NA	NA	NA	NA	NA	NA	NA	NA	NA	NA	NA	NA	NA	NA	NA	NA	NA	NA	NA
0.506141051012499	0.764317397010827	0.863180633488393	0.453391811006459	0.862159399356466	0.775009271519325	0.893394666931993	1.06445354108616	1.43533392784794	0.379880446816637	0.691324655260768	0.384915693891415	1.13899612314722	1.0030842547832	0.914370777889411	0.533701506845235	0.241900616121986	0.498895589944774	0.359668078409065	0.307204697282762	0.71183252320673	0.465332061119446	0.488002653929895	0.554021921824765	0.625191453088575	0.577714826889136	0.374987778281814	0.948355432545011	0.587301017918762	0.536985954580477	0.571435422313848	0.693754439943147	0.887105738980629	0.706104555388137	0.814080786089915	NA	0.999485654258143	NA	0.882121861439253	0.832712332334982
NA	NA	NA	NA	NA	NA	NA	NA	NA	NA	NA	NA	NA	NA	NA	NA	NA	NA	NA	NA	NA	NA	NA	NA	NA	NA	NA	NA	NA	NA	NA	NA	NA	NA	NA	NA	NA	NA	NA	NA
NA	0.917913325002998	1.1023130039596	NA	0.839864881244122	0.752419615340269	1.12596745032829	1.12561499675302	NA	0.724467115589671	0.97326000876276	0.546026532898112	0.486874212694881	0.547067194316225	0.540808827731126	0.634086319902205	0.56797598684207	NA	0.475411216928544	0.274811470684175	NA	0.678439178016131	0.77379681591171	1.16569654603747	0.630091907067669	NA	NA	0.559084116352098	0.763713466488927	NA	0.451892137535065	0.76265247404642	0.844783904672006	0.544943394224664	1.18361301870851	0.960328566604675	0.649257771921906	NA	0.352406204262528	0.996644339545198
NA	NA	0.980349506612172	0.892841609736508	1.94536715627141	0.860981281352033	NA	0.834407772489215	NA	NA	NA	NA	NA	NA	NA	NA	NA	1.43851565129406	1.00400404196849	0.589713170379946	0.394043076627144	0.413541912859705	1.80864396610946	2.06140085526011	2.13875178905445	0.404730661866459	NA	NA	0.744194085239594	0.729948899968965	NA	0.477258291531506	0.566892265346933	0.550306233647508	0.267748286360341	NA	0.47694151815489	NA	0.508616091383551	NA
2.30127776890519	1.8142974855839	1.66655477672484	0.585524898504244	1.22910088871235	1.07333722386438	2.15981121731213	NA	1.62617697656308	1.65410586434085	1.36880868596663	1.24031271537306	1.02343743147426	1.11915450471434	0.635903877579997	1.30786190674412	1.15636961474752	1.34119394849146	1.04264229669986	1.19850421209971	NA	1.30304564869335	0.829711071024739	0.944381491702558	1.19818655120925	0.975579987053985	1.06943072290606	0.600384667396574	0.866159405840045	0.781093824950959	0.875887681458018	0.48024747005837	0.622947977877897	0.526691439779137	0.965087758980121	0.870600644798467	0.223502405885659	NA	0.44967774649227	0.378210036932276
NA	NA	0.66693478853067	1.14893973929433	1.10310500796698	NA	NA	0.936097695158764	NA	NA	NA	1.02180004337464	NA	NA	1.63575864432257	1.36304882063079	NA	NA	NA	1.10853016425312	NA	1.10145980044545	NA	1.11430151853011	NA	1.57846207556191	NA	NA	0.965751026313448	0.762822314368134	NA	1.02617509385104	NA	0.689128254180141	0.416239702747447	0.542401606306449	0.417484951784581	NA	0.320615800515747	0.902119561334968
0.953379098466915	2.37648516281515	2.36077695572539	0.669660885216293	0.682872973338846	1.29857016800633	NA	1.16014755558456	2.28196053562962	1.04313379794439	NA	1.16800134263334	1.45236967687646	1.09215849054796	0.729685329539272	0.994935064518723	1.11330923233652	0.804431510999594	0.789620101861223	0.511290615478913	0.906224451560514	0.504330719142716	0.415805305413466	NA	0.384941325237584	0.404241199944045	0.344699001548348	0.223869850216483	0.68512410017911	0.581506384742067	0.257208418131005	0.930414962879238	1.14491072914204	0.940033441008555	0.618010789888727	0.43386826291248	0.145510818566319	NA	NA	1.33493570618467
NA	NA	NA	NA	NA	NA	NA	NA	NA	NA	NA	NA	NA	NA	NA	NA	NA	NA	NA	NA	NA	NA	NA	NA	NA	NA	NA	NA	NA	NA	NA	NA	NA	NA	NA	NA	NA	NA	NA	NA
2.15498696127551	3.34739540522733	2.47765239777404	2.53452648478781	2.96096077449736	2.66439329604099	3.20348534984845	2.98784948761224	NA	NA	2.64420784189532	2.18321687104757	2.23234994441514	1.98024168086961	1.88323385293285	2.08712780995642	NA	2.3511504758165	2.5727095572195	2.64560729467146	NA	2.12597046320722	2.30865407593581	1.90915426878876	2.08383066700163	1.86680850899905	1.93084023370968	1.70031877809399	1.28760473874961	1.17608456654874	1.46626682636127	NA	1.64491516421385	1.26199198845105	0.198902213248619	NA	1.22045507548966	NA	0.747864249573141	0.607370531294039
NA	0.48014797498001	0.550257916697353	0.456522234026832	NA	0.910445300782582	0.864050278080088	NA	NA	NA	0.806406276478191	NA	NA	0.555532562500423	0.443059839917814	0.182605000662604	0.172252160880494	NA	0.352374803177318	0.486504693228729	0.358413716885381	NA	NA	NA	NA	0.453380727145354	0.728965896876976	1.07072266992128	0.462476383115398	1.14496404016536	NA	0.768476160042504	NA	NA	0.334642402252676	NA	NA	NA	0.486039640079005	0.633376742776132
0.67823082162099	NA	0.83653188755382	NA	NA	NA	0.575731501618489	0.540839405941268	NA	NA	NA	1.01329854246938	0.758373463370092	1.20537604029726	0.703425457851856	0.971788009003345	0.555004050002847	NA	0.673484895849523	NA	NA	0.458461041285938	0.308089903885315	0.485110859115203	NA	0.469713890580331	0.430423009408261	0.736989415631831	0.296913898076562	NA	0.565526916364628	0.597863485676753	0.274156399666271	1.04075128133508	0.24297560668787	0.467362256834486	0.294987647586685	NA	NA	NA
NA	NA	NA	NA	NA	NA	NA	NA	NA	NA	NA	NA	NA	NA	NA	NA	NA	NA	NA	NA	NA	NA	NA	NA	NA	NA	NA	NA	NA	NA	NA	NA	NA	NA	NA	NA	NA	NA	NA	NA
1.13744545293934	0.841390840021766	1.28651519922351	1.49091056359138	1.01798895787	0.911720326590988	NA	0.917310460092979	NA	0.985884174389812	0.808495993609349	0.682530366668268	0.645893870180291	0.926320694289251	0.704263007541441	0.589732405009718	0.803366075636784	0.607994226140973	0.528507106221361	0.626187129406539	1.3774872715355	0.937692245865267	0.674252898520244	0.665561796503393	0.697194684689485	0.737702300009675	0.816865163814198	0.654949047865332	0.323967768490819	0.725271430409012	0.606511368099997	0.536341475816735	0.579840914071847	0.190327357772063	0.39572564023591	0.509527112078078	NA	NA	NA	1.30349979632037
NA	NA	NA	NA	NA	NA	NA	NA	NA	NA	NA	NA	NA	NA	NA	NA	NA	NA	NA	NA	NA	NA	NA	NA	NA	NA	NA	NA	NA	NA	NA	NA	NA	NA	NA	NA	NA	NA	NA	NA
1.40293591692773	NA	NA	0.923894657783578	0.737984647359464	0.95081275955021	NA	1.08663776415368	NA	0.578384830431195	NA	NA	0.36012561194975	0.428585579939006	0.408432669779953	0.648525966445794	NA	0.817577748253044	0.891177097622933	0.845472235855435	NA	1.12144288160351	0.404103444797271	NA	0.677977966780993	0.750886610012566	0.931889627600136	1.02697705562401	0.714876671975259	NA	0.445057700112783	0.49743769252816	0.557324353586378	0.511054889449709	0.916449928898733	0.881196967082752	0.891994978425507	NA	NA	0.323952141480378
NA	0.941747664239564	0.968763314922596	NA	NA	NA	1.16735222914282	1.61465157908808	NA	2.31068100372862	1.37037495263901	1.64398372143935	1.66375357247957	1.44806281107385	1.14025933833729	0.899606688526642	NA	NA	1.17081055224561	NA	NA	NA	1.03472448095461	NA	0.710148634751785	0.454289936539015	NA	0.444111020169584	0.20253696651417	0.624974904730541	NA	0.640196401432416	0.744936135592495	0.438871380950577	0.59926318056042	0.776652677438932	0.955196356851161	NA	0.296227844085343	0.700983725352575
NA	NA	NA	NA	NA	NA	NA	NA	NA	NA	NA	NA	NA	NA	NA	NA	NA	NA	NA	NA	NA	NA	NA	NA	NA	NA	NA	NA	NA	NA	NA	NA	NA	NA	NA	NA	NA	NA	NA	NA
NA	NA	NA	NA	NA	NA	NA	NA	NA	NA	NA	NA	NA	NA	NA	NA	NA	NA	NA	NA	NA	NA	NA	NA	NA	NA	NA	NA	NA	NA	NA	NA	NA	NA	NA	NA	NA	NA	NA	NA
2.22757444930386	NA	2.41326489827618	1.22949730523707	NA	1.62283407565313	1.8479385209103	NA	NA	NA	NA	NA	NA	NA	NA	NA	NA	1.61896405632162	NA	1.95014986634602	NA	1.56795399126548	NA	NA	NA	2.14377051978315	NA	NA	NA	NA	NA	1.235341946118	1.06818894603392	NA	NA	NA	1.84762214969129	NA	1.22838730739856	NA
NA	NA	NA	NA	NA	NA	NA	NA	NA	NA	NA	NA	NA	NA	NA	NA	NA	NA	NA	NA	NA	NA	NA	NA	NA	NA	NA	NA	NA	NA	NA	NA	NA	NA	NA	NA	NA	NA	NA	NA
NA	NA	NA	NA	NA	NA	NA	NA	NA	NA	NA	NA	NA	NA	NA	NA	NA	NA	NA	NA	NA	NA	NA	NA	NA	NA	NA	NA	NA	NA	NA	NA	NA	NA	NA	NA	NA	NA	NA	NA
NA	1.73381586957823	1.2130778636874	2.00607818431676	0.989360902061379	0.770374581894636	0.54815796707265	0.403206811075759	NA	0.66955456374655	0.568258279970842	1.35036572040985	0.432948326668653	0.256866254178303	1.70395129640769	0.629686663965046	NA	0.696381349780548	0.939690879606079	0.370998785246942	NA	0.526741067837778	0.44423803112153	0.396562775993853	0.361182679887039	0.519489711183896	NA	0.497012569008502	0.922765539521967	0.830861373708761	0.618580532801288	1.04186253217342	0.453560775037018	0.348468044068124	0.441800006121194	0.578824550154019	0.108126470620449	NA	0.272929867691436	2.08653406294059
NA	0.522273748514588	0.855290660033098	NA	0.720835845881773	0.614238976771903	0.708997476914087	0.788203961517277	2.08149874107658	0.62445098114211	0.876710351683288	1.0999258630424	1.05983798667964	0.217684177755285	0.709215672264953	0.609824438550046	0.852722766823609	0.478303694540092	0.649224635799465	0.819159150490701	0.944610216054485	1.05868342909466	0.898755690853812	0.553157984181878	0.298700620524604	0.408879661796385	0.178963187733795	0.577635795349796	0.395517131731723	0.110888996973074	NA	0.399302407702197	0.232347509452176	2.20572346936651	0.754001749376554	0.174631060428147	0.366064395062262	NA	0.890192600717462	1.53112232732079
0.895639550180501	NA	1.77683432246827	NA	1.76044380436393	0.3078205615618	1.19919489110005	0.699033476167965	NA	NA	0.946812963246721	2.12185011668508	NA	0.396495873599733	0.432590852857388	0.496563458290991	NA	0.544591404749594	0.910163335317089	0.955600115031995	NA	1.12457099791086	0.718281501316965	NA	NA	0.495361251381747	0.651433202408629	0.615999149544447	0.718718580978851	0.321220920355951	NA	0.239070166147445	NA	0.757092707375071	NA	0.536555912039094	0.674851157054719	NA	NA	0.512314805751358
0.789357059974104	0.519158214394333	0.313987352166645	0.907282450325508	0.267906841299297	NA	NA	NA	NA	NA	NA	0.510886976552694	NA	0.576314691558149	0.658802285462825	NA	NA	0.879495568969141	1.00098715393196	NA	NA	0.654431034003337	0.334838975779077	0.306550575433487	0.376373399418903	0.348186733682381	0.711256667505433	0.830746901161244	0.620987379200525	0.705851967846963	NA	0.831508050236689	2.21684745936693	1.06538368468887	0.748335253363688	0.583588766564392	0.499754769657081	NA	0.405967732230191	0.537990060904698
NA	NA	NA	NA	NA	NA	NA	NA	NA	NA	NA	NA	NA	NA	NA	NA	NA	NA	NA	NA	NA	NA	NA	NA	NA	NA	NA	NA	NA	NA	NA	NA	NA	NA	NA	NA	NA	NA	NA	NA
NA	NA	NA	NA	NA	NA	NA	NA	NA	NA	NA	NA	NA	NA	NA	NA	NA	NA	NA	NA	NA	NA	NA	NA	NA	NA	NA	NA	NA	NA	NA	NA	NA	NA	NA	NA	NA	NA	NA	NA
1.01099016042992	1.05772657498366	0.929979043101489	0.900757342714286	0.596700728744362	NA	0.808833517562081	0.422065043140341	NA	0.674351083874186	0.469818224599938	0.390467874796354	0.697014102410302	0.787856610282586	0.955273938513401	1.45377061857929	NA	1.43600084339196	1.01131601502511	0.896858749845179	0.913272603253832	0.899082215148354	1.0507744941948	NA	0.954325134879213	0.34258912825649	NA	0.458452830032472	1.35924774226939	1.04880436358411	0.296804525292778	0.434813448027813	2.33821763448264	NA	0.376777893566608	0.767797574229225	0.464436335946267	NA	0.701839503922584	0.938048467667857
NA	NA	NA	NA	NA	NA	NA	NA	NA	NA	NA	NA	NA	NA	NA	NA	NA	NA	NA	NA	NA	NA	NA	NA	NA	NA	NA	NA	NA	NA	NA	NA	NA	NA	NA	NA	NA	NA	NA	NA
NA	1.2946578077365	NA	NA	1.06961015903144	0.876155927116523	NA	NA	NA	NA	NA	NA	NA	NA	0.747095088103385	0.74526197951134	NA	NA	0.978790704873085	NA	NA	0.671632196027231	NA	NA	0.681353571885247	0.432632412955512	0.620076506614536	NA	NA	NA	0.62552513057617	NA	0.665189874062932	NA	NA	NA	NA	NA	0.316775723495428	NA
NA	NA	NA	NA	NA	NA	NA	NA	NA	NA	NA	NA	NA	NA	NA	NA	NA	NA	NA	NA	NA	NA	NA	NA	NA	NA	NA	NA	NA	NA	NA	NA	NA	NA	NA	NA	NA	NA	NA	NA
NA	NA	0.879402102068161	1.39129488515396	NA	1.38107354595637	1.41720195938161	1.53012488587249	NA	1.03951415225216	1.17742486984918	0.878336008677232	1.03792958711968	1.11017541584911	NA	0.906738521586671	NA	0.881392055182227	NA	NA	1.21372746200909	0.873867691087403	0.468207271165628	NA	0.909421364524587	0.800145641489877	0.79373522567489	0.865942900887167	0.538090431674438	0.829688402937067	0.574792158811192	0.773082619163072	NA	0.603380799878897	0.470492155402146	0.358139493498463	NA	NA	NA	0.982035392518099
NA	NA	NA	NA	NA	NA	NA	NA	NA	NA	NA	NA	NA	NA	NA	NA	NA	NA	NA	NA	NA	NA	NA	NA	NA	NA	NA	NA	NA	NA	NA	NA	NA	NA	NA	NA	NA	NA	NA	NA
NA	NA	NA	NA	NA	NA	NA	NA	NA	NA	NA	NA	NA	NA	NA	NA	NA	NA	NA	NA	NA	NA	NA	NA	NA	NA	NA	NA	NA	NA	NA	NA	NA	NA	NA	NA	NA	NA	NA	NA
NA	NA	NA	2.07822989280022	1.91090534219857	2.21018036107338	NA	1.92124838994482	NA	2.3362224648773	2.22603082191146	NA	NA	NA	NA	NA	NA	1.86144163297685	2.19666149941333	NA	NA	NA	NA	NA	NA	NA	NA	NA	NA	NA	NA	1.24967438350847	1.81609232955163	NA	NA	NA	NA	NA	NA	NA
1.91821520411239	1.85510988168554	1.62461207042151	1.43368012384497	1.11770343139047	NA	0.897508829759935	NA	0.593202724096783	NA	0.318382508545434	0.654517626331079	NA	0.686166085394456	0.831488882091248	0.691384781390045	0.842732287987818	NA	0.577458949877031	0.945704390393321	0.959255194478822	1.03365008649664	0.533666600537774	0.681561285707886	0.833483605282563	NA	0.638584477305579	0.562347791143384	NA	0.668135012632098	1.06604560152355	1.04871917748091	1.04707209856883	0.652435371757493	0.673972312931171	1.01603986070437	0.632054039889319	NA	0.670284751606704	0.99509246198729
NA	0.835778696119918	1.31611286899736	1.09761350148699	1.19432880225943	1.02681494928706	1.12942283409089	1.08972970140159	NA	0.321270634035003	1.72999573044354	NA	0.777523713845167	NA	0.462555720424494	0.555726942819119	NA	1.28293785568163	1.21480548847099	0.870163104858189	1.66330340975078	NA	0.925054307974569	0.876702164372774	0.587975833155683	0.461368157097306	0.565402641581732	0.967358909681347	NA	0.690971616442023	0.537534996833305	0.536157848560982	0.519498361363677	NA	NA	0.48815911569822	NA	NA	0.448804137789015	0.550765016455312
NA	0.612892975118043	0.682119212750736	0.381126140657829	0.593149303927401	NA	NA	NA	NA	0.626150022585749	0.709138228854614	NA	0.775441638083349	0.857915609229767	0.456716913997238	0.7707857998238	0.601115227681388	1.19901654961967	1.39839344892578	0.720589470410317	NA	0.750621325437512	0.742429117412294	NA	NA	1.19349799143908	NA	1.06217821102724	1.45878144629981	0.519251605722863	NA	0.6626291933802	0.966714835825818	0.734602450042042	1.03457283388767	0.801811452574518	NA	NA	0.448963764585383	NA
NA	NA	0.938225224755884	0.796871371825101	1.04186532002956	0.0884198891473651	1.18171789687147	NA	1.0699497640942	NA	1.14234753187457	1.6797842261859	1.63533844525113	1.72737775702114	1.88111667172283	1.20343482040798	NA	NA	1.84322037486365	1.84986381362124	0.794450343605565	1.92218649407174	1.96385818945713	1.6752856129977	1.73887919416525	NA	1.56837611339149	2.21191074277129	1.07033588439957	2.74010499869955	NA	1.68601603138926	2.53336186768465	0.986681627048382	0.370319753480283	NA	0.782167484852159	NA	2.65101937210464	2.16588997067596
1.56145015854352	1.49225023756642	1.92636861116762	1.68641743611782	1.81195699601225	1.36948484041681	1.21038522614625	1.28973814961643	1.46180583713489	1.37416508383905	NA	NA	0.959083886254584	0.591401886129538	1.79963533407089	2.26522741090608	NA	0.234111492266625	NA	0.61667959352699	NA	2.09066343370167	0.818386835704676	2.26899902836813	2.27706199048002	0.888980878048673	NA	0.440238066385633	0.450373011076369	0.347332341395736	0.447084899444922	0.363158974051259	NA	0.535746273659214	0.395111515892148	0.579112318356023	NA	NA	0.68187467443523	NA
0.564783373375667	0.556046486094105	1.10118285526326	0.9934282138369	0.372672651999148	0.339816247860131	0.485507370207588	0.435585607484054	1.21902299799564	NA	0.587629352968512	NA	0.743178058828145	NA	NA	NA	1.5724892328173	0.445127514983351	NA	0.940435183951564	0.382653579735461	1.96595472774688	2.29469979807038	2.67477862031709	2.06677598579134	2.08433673735227	NA	NA	NA	2.16610322934847	NA	1.12547941316478	1.13969081788626	0.949194201765349	0.975136033096022	1.31367639513764	0.308057044974505	NA	NA	0.438685068685772
NA	1.84288343810489	0.50280001175959	0.815308377000655	0.78889043785188	0.190631565001388	0.629082987673744	0.755866129454138	NA	0.714194768131472	0.469832193141588	0.416159795742318	0.507875521922405	0.468659009684925	0.189277056573956	0.424839632524134	0.397677766487573	0.607439749575365	0.961033695349229	0.476676763033889	NA	0.412208192321518	0.586973457748701	1.06770196387094	0.776211839167779	0.457864345228408	0.819334138191636	0.465070802804984	0.786354148598227	0.388619438537427	1.64207742612339	NA	0.297944225926282	0.577659264252999	0.688623035042898	0.500461515933581	0.301404912298592	NA	0.946861105018224	1.03784823660647
0.73903161652011	1.30819396985995	1.27769642684795	NA	NA	1.50272068165407	0.948533131906607	0.895186344681995	0.531198559093419	0.400288230215803	0.536900275664036	0.52435771559339	NA	0.763951326289274	0.787809839308707	0.485077444956525	0.738560996754759	0.604338189995424	0.419563590859346	0.402920793372529	NA	0.425320388321537	0.425313406563886	0.519667287728332	0.933849237533086	1.04985749347914	1.07860053275378	0.556450169052454	0.352551754599664	0.503994593002983	NA	0.98053091872851	NA	1.38315706592323	0.658281623562012	0.417546824201344	0.227377327216228	NA	1.05961628103046	0.842523598393408
NA	NA	NA	NA	NA	NA	NA	NA	NA	NA	NA	NA	NA	NA	NA	NA	NA	NA	NA	NA	NA	NA	NA	NA	NA	NA	NA	NA	NA	NA	NA	NA	NA	NA	NA	NA	NA	NA	NA	NA
NA	0.458565726230673	0.663855068068026	NA	0.970400023892844	0.844396120879932	0.756178317912031	0.674249284047788	NA	NA	0.989428304490821	0.790213907006555	0.600273666907465	0.170534965566075	0.566748008119785	0.373608847835946	0.373308771225771	0.144947090377822	NA	NA	0.625816745187051	0.371681686089417	1.42971681319427	0.554547091825228	0.45867167362309	0.358447724243686	0.461619921249112	0.886146378013459	NA	0.77983519371264	NA	0.835686117811265	0.403209369202179	1.23764621105446	0.2830023570038	NA	0.617307829340847	NA	0.558587720053213	NA
NA	NA	NA	NA	0.374242072606785	0.558191940029505	NA	NA	1.66835564320569	2.64421468510636	1.56136601177216	NA	NA	1.58077772398374	1.40474969871706	1.5123460193761	1.48767542730032	1.41713794616563	1.16860957914069	0.878556051847088	1.52585271305399	NA	1.48832343392962	1.57489332946021	1.63629821374563	1.35154651898197	NA	0.835881654678543	0.916260550043337	0.448883459995304	0.511151073635336	2.34885474380817	NA	0.747318709136842	1.13721553960315	1.04827047242297	0.804655209369175	NA	NA	NA
0.581731821517084	0.697319387961209	NA	1.57406852057286	0.425779458607481	0.437924847451792	0.744260764667417	0.774834199701015	1.02098428444029	NA	NA	0.981879528381028	NA	1.05340193099852	0.247162459946416	0.241965229805333	0.418586267988029	NA	NA	0.831323730837256	NA	0.560637023256177	0.790106437879826	NA	1.08423278281382	NA	1.03146716908572	NA	0.84750749713801	0.888959709319464	1.09551572943835	0.484058691230311	NA	0.264956958115486	NA	NA	0.252086329893652	NA	0.574540447376458	NA
NA	0.578686790333336	0.345911293544761	NA	0.793219526820701	0.988720144764801	NA	NA	NA	NA	NA	0.261500683194503	0.582217216959585	0.299302216559507	NA	0.446910382488699	NA	NA	0.463648606793239	NA	NA	1.04267112389374	0.536374005650738	0.498716795811552	0.475842040444145	0.257766284519124	NA	0.23817779354448	0.411037229208501	0.164114638475719	NA	NA	0.620041233620593	NA	0.278483737655263	0.617783671356008	0.683737382900994	NA	NA	0.347512360087087
NA	NA	NA	NA	NA	NA	NA	NA	NA	NA	NA	NA	NA	NA	NA	NA	NA	NA	NA	NA	NA	NA	NA	NA	NA	NA	NA	NA	NA	NA	NA	NA	NA	NA	NA	NA	NA	NA	NA	NA
NA	NA	NA	NA	NA	NA	NA	NA	NA	NA	NA	NA	NA	NA	NA	NA	NA	NA	NA	NA	NA	NA	NA	NA	NA	NA	NA	NA	NA	NA	NA	NA	NA	NA	NA	NA	NA	NA	NA	NA
0.502027090551679	0.458948642124959	0.888404805261516	NA	0.843136449738419	1.077998065456	1.4121568101119	1.17405407183127	NA	0.969536296789054	1.45313932706327	NA	0.870954792001257	0.772226437290573	0.607333349368244	0.880251340076682	0.83769913031144	NA	0.834260285192484	0.703132523350288	NA	0.790339331196277	0.658398498727017	0.531957866230709	0.568067669452865	0.396564514905396	0.381861423122305	0.503862347101211	0.476838014671517	0.223528335015904	0.302248435365733	0.8363402192648	0.807059931419238	NA	NA	0.570491409600733	0.206402691077887	NA	0.391334583859529	0.581656182387526
NA	NA	NA	NA	NA	NA	NA	NA	NA	NA	NA	NA	NA	NA	NA	NA	NA	NA	NA	NA	NA	NA	NA	NA	NA	NA	NA	NA	NA	NA	NA	NA	NA	NA	NA	NA	NA	NA	NA	NA
NA	NA	NA	NA	NA	NA	NA	NA	NA	NA	NA	NA	NA	NA	NA	NA	NA	NA	NA	NA	NA	NA	NA	NA	NA	NA	NA	NA	NA	NA	NA	NA	NA	NA	NA	NA	NA	NA	NA	NA
1.07579623881344	0.642641524163074	1.28939805518391	1.22767926881793	NA	0.677314897751594	NA	NA	NA	NA	0.51841317059027	0.571619795485308	0.584310059989186	0.391213697576089	NA	0.363267451687879	NA	0.304895985420104	0.276036110746077	NA	NA	0.112608531453184	0.587700045193702	0.544202172537147	0.595818205208082	0.6014561084903	NA	0.52221166780474	0.857208056644896	0.83029235861563	0.893322040224573	NA	0.518646082104378	2.07361811939541	0.549323395334365	0.386927439031952	0.382767491655544	NA	0.45216334315018	0.649713955242879
NA	NA	NA	NA	NA	NA	NA	NA	NA	NA	NA	NA	NA	NA	NA	NA	NA	NA	NA	NA	NA	NA	NA	NA	NA	NA	NA	NA	NA	NA	NA	NA	NA	NA	NA	NA	NA	NA	NA	NA
0.999082348843552	1.25911255783815	NA	NA	1.72040047575445	NA	2.22606028211471	NA	NA	NA	NA	NA	NA	1.325716986976	0.958976481877226	NA	2.88414757568172	0.883732568129931	1.38431134175858	1.1765480513198	NA	0.873329134433239	0.796607730841886	NA	0.717720252388648	0.771630601792715	NA	1.04901054078473	NA	0.740640509376371	1.39156533161225	0.890371840191245	0.830155462690161	NA	0.868880313597486	0.572007702804799	1.41282936816689	NA	1.2369564154206	NA
NA	NA	NA	NA	NA	NA	NA	NA	NA	NA	NA	NA	NA	NA	NA	NA	NA	NA	NA	NA	NA	NA	NA	NA	NA	NA	NA	NA	NA	NA	NA	NA	NA	NA	NA	NA	NA	NA	NA	NA
NA	2.57830669706922	2.1167635719744	1.81447300136035	1.94179251954304	NA	NA	0.620804556720724	NA	NA	NA	NA	NA	1.34005003203929	1.48253013617299	1.04511860071725	NA	NA	NA	1.79800267662837	NA	0.756589132985511	1.32989935243012	NA	0.929210940674574	0.637442767799966	NA	0.842355156477968	NA	1.18716414750445	1.31013357255365	1.85513736005835	1.60160284947769	2.56043043588844	1.69118114893408	1.57319211263941	1.272449342845	NA	0.26104628901939	0.719078668600042
1.31421261383566	1.51175656533581	2.09064463373672	NA	1.57121139244608	1.16235236226425	1.26620520711727	NA	NA	1.73393974069093	1.49584086228215	1.40117148166674	1.12908232141466	0.906080367805135	0.924229124485311	0.887918564497845	NA	0.996985931891222	1.12469977776914	NA	NA	0.396733372018193	0.640358124097724	1.73289571867928	0.484100962926064	NA	NA	NA	0.987138872246327	0.915366474439068	NA	1.27528454459824	1.07649147812205	0.753601455187147	0.914576900688296	NA	NA	NA	2.21298680099605	0.354941125287587
NA	NA	NA	NA	NA	NA	NA	NA	NA	NA	NA	NA	NA	NA	NA	NA	NA	NA	NA	NA	NA	NA	NA	NA	NA	NA	NA	NA	NA	NA	NA	NA	NA	NA	NA	NA	NA	NA	NA	NA
NA	1.17268742863953	NA	0.960239729679176	NA	NA	NA	NA	NA	NA	0.592052937226692	NA	NA	NA	NA	0.712702203330131	NA	NA	NA	1.05531798002831	NA	0.730992065514185	0.419432041812127	NA	NA	0.678773036783629	NA	0.320321228339886	0.645121680730398	1.31923451211334	NA	NA	NA	NA	0.55185086613008	NA	0.511705826150398	NA	0.921109331422886	NA
0.637781596727791	1.01303207980966	0.849688550877931	0.425101760293397	0.771865527343647	0.658209596317359	1.01251351614505	0.949452360455892	0.886775172852981	0.507886181600834	NA	0.366140092279347	0.235633375207256	0.467428560377554	NA	0.406565112145448	0.65749629954876	NA	0.357526223469511	0.702757742894533	0.42297578980928	0.51188827869922	0.380908278676128	0.67804104483147	0.635995158246369	0.24635061683143	NA	NA	0.730959707601954	0.7612184860873	0.946929951283299	0.635905912466926	0.689092700578047	0.722081494009718	1.62249982599497	0.341277675898069	0.825984616162716	NA	0.92672366016156	0.616452802853455
NA	NA	NA	NA	1.43512831349506	NA	NA	NA	NA	1.10895396806826	0.546951182894029	0.979297939954231	0.572494717578129	0.527669598123034	0.568983165148733	0.521806905694319	1.37618495798598	0.826492185467051	1.40895763603176	0.689782023672318	0.675841915026299	1.03203010048198	1.18166087852002	0.935446850700909	0.96205357483527	0.742919415332077	1.45503808436035	0.767407189271848	1.01445893100954	1.11113166587192	NA	1.43614935950017	1.22194653993738	1.292609845275	1.27949543555368	0.980746387318314	1.2577947266604	NA	NA	1.39828343897897
1.25546087941875	0.705733841281156	NA	0.726254053779008	0.871903704392097	0.94836093796712	NA	0.665078903809555	NA	0.616291877929331	0.669405795478886	0.798899129535053	0.88456731839416	0.269716966183428	0.153366714703579	0.816220145721343	NA	0.242251638624959	0.297446838117118	0.755165902473969	0.672628352251538	0.256101452145893	NA	0.698953519602193	0.511744697182226	0.44837292679145	0.408627283323357	0.358411951488358	0.556236183226648	0.16365408863511	0.383471196963804	2.31216500284344	0.435887482039635	NA	0.81788462971111	1.12311051930861	0.705736703464779	NA	NA	0.676015268088449
NA	NA	NA	NA	NA	NA	NA	NA	NA	NA	NA	NA	NA	NA	NA	NA	NA	NA	NA	NA	NA	NA	NA	NA	NA	NA	NA	NA	NA	NA	NA	NA	NA	NA	NA	NA	NA	NA	NA	NA
1.64491220113837	NA	NA	NA	1.25453475960449	NA	NA	NA	NA	NA	1.38157951168813	1.2006546294658	1.42662626761311	1.40643827721798	1.04765175798721	0.89122750950248	0.838706032781924	0.817368901260031	0.743847996616544	NA	NA	NA	NA	0.670849744633878	NA	0.807973804077606	NA	0.47834658763082	0.514632438700676	0.511805244957994	0.882852074869053	0.491379856342266	0.622190194505324	0.403344214627804	NA	NA	NA	NA	NA	NA
NA	NA	0.715974667701703	NA	0.693401499820449	NA	NA	NA	NA	NA	NA	NA	NA	NA	0.158192421208783	NA	NA	NA	NA	NA	NA	2.01928260285086	0.577039826417758	NA	NA	NA	NA	NA	1.65389528259313	1.55244848606175	NA	NA	0.490807423174931	NA	NA	NA	NA	NA	0.77469913140932	0.240829112845994
0.918453829092509	1.03512004974599	NA	NA	0.603703346204339	NA	NA	NA	NA	NA	NA	0.993200973985445	NA	0.534349477857087	NA	0.644827289557546	NA	NA	0.621462502916084	NA	NA	0.896088090190034	NA	NA	NA	NA	NA	1.65248093615419	NA	NA	0.867927202031018	0.772640792165335	NA	NA	0.450013724119925	NA	0.618205054451466	NA	NA	NA
1.89554103052101	2.11498542640139	NA	NA	2.46976976860583	2.50520028364381	2.58838861641957	2.11012163281009	2.47625948617305	2.10617830516311	1.97907898517505	2.24869118543369	2.59449462377203	2.24535181792705	1.63095552115374	1.67574567913141	NA	NA	2.06385965720262	1.93592364100827	NA	1.84453961145956	1.75213584269007	NA	2.2829851148939	1.97931533654135	1.89220077999283	2.24716667302941	2.35754468107538	1.36152582890361	1.55548165550987	1.71192414338057	1.74826372098331	1.85988553530342	1.68433753943583	0.687587197695879	1.7361373244622	NA	0.364664696289875	0.718705013293097
NA	NA	NA	NA	NA	NA	NA	NA	NA	NA	NA	NA	NA	NA	NA	NA	NA	NA	NA	NA	NA	NA	NA	NA	NA	NA	NA	NA	NA	NA	NA	NA	NA	NA	NA	NA	NA	NA	NA	NA
0.503184303077947	NA	0.997949994672054	0.912008830733247	NA	1.15177431468897	NA	1.01560135906387	NA	1.25387863649023	0.690917221888682	1.07988331641539	1.14889176506015	0.763755186317129	0.900690538272536	0.947838017553164	1.04842076617701	0.848463533772097	0.857658429027815	NA	NA	NA	NA	1.0829996431841	1.10536958615748	NA	NA	0.799355577555701	0.658865928765547	0.700453651188458	0.766983030245814	NA	1.10620120112049	0.250684717728308	NA	NA	NA	NA	NA	1.09283140081119
0.799055716594667	NA	1.07497437872942	NA	NA	NA	NA	0.816226291210935	NA	NA	NA	NA	NA	1.1389565226678	1.02311542414397	1.1811254681679	NA	NA	1.25460183657542	1.11884394763467	NA	NA	0.714410063565459	0.785239192548975	0.735830365925831	0.691401910756549	0.541112512791707	0.401295062806259	NA	0.59826279174025	0.872241993368111	0.448436475336289	0.124214659044427	NA	0.353525917906543	0.296079296280118	0.336580480285162	NA	NA	0.523430017908533
NA	NA	NA	NA	NA	NA	NA	NA	NA	NA	NA	NA	NA	NA	NA	NA	NA	NA	NA	NA	NA	NA	NA	NA	NA	NA	NA	NA	NA	NA	NA	NA	NA	NA	NA	NA	NA	NA	NA	NA
0.662599231761146	0.582197806302203	NA	NA	NA	NA	0.705699392881522	NA	NA	NA	0.885846059458524	0.651424781085635	0.55833461741976	0.396685291129141	1.55405066811063	NA	NA	0.564941398956943	0.530868249055149	0.7641552427452	0.478863515036149	0.639459005122357	0.458794941107067	0.694921622205083	NA	0.369897152052977	NA	NA	0.701812318691983	0.707508333701999	0.642882559205674	0.464002958455563	0.658905909716049	0.228661102590287	0.342799058162203	0.280828414506886	NA	NA	0.104909317808061	0.655319161777063
NA	NA	NA	NA	NA	NA	NA	NA	NA	NA	NA	NA	NA	NA	NA	NA	NA	NA	NA	NA	NA	NA	NA	NA	NA	NA	NA	NA	NA	NA	NA	NA	NA	NA	NA	NA	NA	NA	NA	NA
NA	NA	NA	NA	NA	NA	NA	NA	NA	NA	NA	NA	NA	NA	NA	NA	NA	NA	NA	NA	NA	NA	NA	NA	NA	NA	NA	NA	NA	NA	NA	NA	NA	NA	NA	NA	NA	NA	NA	NA
NA	1.34916892325665	1.25733755300919	1.41907379631203	1.59612841782233	1.51364113754354	1.72612964356042	NA	2.53548861295956	NA	2.26574459562951	NA	NA	1.44146535960208	NA	0.804958033246976	1.69046421704037	1.69767178359681	NA	1.66080526313499	1.10683151847979	2.77327032537943	1.40909588566586	1.3323088691575	1.40550426863121	1.84067611528735	1.71920035332608	1.57076330352208	1.60143071171343	1.07287472309135	1.33161398902223	0.942374685498127	1.29012465115808	1.43956457144083	NA	1.59722272806862	NA	NA	1.63252713920198	2.88126575623375
NA	NA	NA	NA	NA	NA	NA	NA	NA	NA	NA	NA	NA	NA	NA	NA	NA	NA	NA	NA	NA	NA	NA	NA	NA	NA	NA	NA	NA	NA	NA	NA	NA	NA	NA	NA	NA	NA	NA	NA
0.838419706650117	0.947994997501094	1.01317603074577	0.767121620139699	0.922718133150541	0.840807668433019	NA	NA	0.423444147453729	NA	1.03861699933562	0.631710685971865	0.281422330188327	NA	0.644197026097217	NA	0.520130050936675	0.643881641535365	0.73120264425307	0.910496500238415	0.599164734290611	1.21324518905486	0.817693126396796	0.594352727846141	NA	NA	0.128094452910747	0.152459194062006	0.507296183142409	0.613116531441637	0.580559156367367	0.538948559547995	NA	0.475940492047905	0.567160536344281	0.414077623494309	0.394006981613934	NA	1.44349089202784	1.40236572650195
0.800202285815279	NA	0.904398601185667	NA	1.05297490296754	0.721727812646712	NA	NA	NA	NA	NA	0.862120462153091	2.12916789417224	1.20015122135932	0.662565227606779	0.783760122044671	NA	NA	NA	NA	1.02544989314611	NA	1.24350599456144	0.806058960728391	NA	0.987737242089057	NA	0.758052381196725	NA	NA	0.231255670694868	0.382671002571012	0.20998394636306	0.789894995007096	NA	NA	0.436494075976773	NA	0.935361585515789	0.347780491913783
0.535336606160526	0.671762189301772	0.815531595532213	0.493061320463621	0.618250511568121	1.88269820135147	1.31176926663292	0.673286239659771	0.964624657161964	0.444551819934647	0.457330416989472	0.454394623771791	0.331598767857398	0.766182004389076	0.658761367983723	0.663757610105847	0.647753814815006	0.533651008562862	NA	0.332331749949431	0.653938126821441	0.948940699782813	0.691736647063073	0.524437718344686	0.38253787966927	0.619684616288103	0.481476728811858	0.225785396910173	NA	NA	1.03972702026603	NA	1.19783087808309	0.573116361890382	0.645772103925466	NA	1.04580357313385	NA	0.307238723530502	0.359512989190205
0.899104122021221	1.04493994549373	NA	0.498287570978312	0.465263296925636	2.19227052214011	0.320766181734292	0.709197524424637	1.54695760404539	NA	0.502503750155407	0.752849061364484	0.686452386052328	NA	0.180745582437525	0.260604160190384	NA	0.354838272892162	0.468802578882401	0.29806301688842	1.01193851075786	0.56735687550365	0.430016171715402	0.679237288901831	0.776242904973348	1.02470296154315	1.05059383990301	0.553935042351314	0.752426491112218	0.74734189090771	0.675553265756076	NA	0.989646979975962	0.584978902747968	0.436539452451302	1.37432417585974	0.550307791675266	NA	0.634940671340612	0.459380864871035
0.898433257005469	0.765167262261829	NA	0.309218862521338	0.574953763130304	0.506459540516836	0.26458880049512	NA	NA	NA	NA	NA	NA	NA	0.309073873281584	NA	0.23449618995206	NA	0.631827583894343	NA	NA	0.439240521125626	0.520188544856125	NA	NA	0.340114964812255	NA	0.682609345983982	0.46530380383163	0.555610246872047	NA	0.659172021649795	0.39717382258284	NA	NA	0.86445265102484	0.63919161171575	NA	NA	0.748984230001567
NA	NA	NA	NA	NA	NA	NA	NA	NA	NA	NA	NA	NA	NA	NA	NA	NA	NA	NA	NA	NA	NA	NA	NA	NA	NA	NA	NA	NA	NA	NA	NA	NA	NA	NA	NA	NA	NA	NA	NA
NA	NA	NA	NA	NA	NA	NA	NA	NA	NA	NA	NA	NA	NA	NA	NA	NA	NA	NA	NA	NA	NA	NA	NA	NA	NA	NA	NA	NA	NA	NA	NA	NA	NA	NA	NA	NA	NA	NA	NA
2.68266089473276	2.61730975539151	2.5421403389378	2.784944597042	2.90249353129267	2.71091943335762	2.10538723755636	NA	NA	NA	1.58263356840307	1.48604224940222	1.60772360025507	NA	2.12276228186528	1.91835907665242	1.99295118954533	2.39167060631215	2.18181633621471	2.76802673761375	2.62431642162347	2.56956590004424	2.34967404786711	2.30725702473482	2.23497432097649	2.45618001058352	2.57453353616403	2.17364408349534	1.48227071753038	1.80643673772412	2.51671485902756	2.16967250719391	1.89890945962402	2.12183230024352	2.15171787527791	1.66918011059807	1.60504592733865	NA	1.82241574437783	1.08636729504424
0.960069770404509	0.630933128058849	0.39968001855259	0.333518250152466	0.217385305953927	NA	0.884615045099279	0.644498935657516	NA	0.750631875571564	0.848798822108968	0.74169665196077	0.64943317946514	0.570276783472422	0.754747224850754	0.764985439222677	NA	0.345312688806903	0.401559544662795	0.806684576708284	0.462037681474502	0.885884364479851	1.01795561770758	NA	0.326296732527307	0.356329024748027	NA	0.705825797996864	0.434531785841386	0.536625144343143	0.806141682839622	1.02756700291768	0.721791270355696	0.58613029685076	0.45200883806271	0.634457528894298	0.444218686359823	NA	0.919992742377895	0.533232356653368
NA	NA	NA	NA	NA	NA	NA	NA	NA	NA	NA	NA	NA	NA	NA	NA	NA	NA	NA	NA	NA	NA	NA	NA	NA	NA	NA	NA	NA	NA	NA	NA	NA	NA	NA	NA	NA	NA	NA	NA
2.85033682945814	1.74279952148773	2.77664768146418	2.18319125005952	2.38262627047384	1.64492315981241	1.45934963104609	1.1060891329178	NA	0.610943301435671	0.865484488997479	0.592225379096009	NA	0.572514494267481	0.821852415080058	0.772315348208131	0.775122739517926	0.449311677299144	0.746938320312585	0.916097180998217	2.47197449824173	0.781365656206553	0.461698248912772	0.463054061841773	0.431662445049739	0.316291021717017	0.456667810171783	1.01857047055456	0.576551024103361	0.699043737052154	0.729770868308163	0.494822443249595	0.315045172313317	0.530166059096326	0.555962151255802	0.668252067683115	0.339294804009105	NA	0.302674739754921	0.674269123601506
NA	NA	0.728360776924267	0.8979884719707	NA	NA	0.43560319515574	1.13694029411657	0.71672021028043	0.718399377633063	0.831141676906667	0.390152911733393	0.357697828397752	0.475150822366511	0.862441708903945	0.937472944672797	0.332153009758615	1.2808677279242	0.801364884815762	0.825914822430091	NA	0.97311054596411	0.361986612602321	NA	0.295246141058178	0.735721368211856	0.366338922981625	0.48269600953051	0.99422230795561	0.971741415969859	0.889038917565992	0.435363051950805	1.01266663526927	0.920003568041283	0.548779023360196	0.197852460489992	0.316915549128753	NA	NA	0.543838974250247
NA	NA	1.31466026584197	NA	0.971512644564961	1.35820285064529	0.935994616607182	0.8279681498983	NA	NA	1.23500684795057	1.54823829348212	1.42107935687969	0.874734864762105	1.02997315110697	NA	0.968687124066017	0.81811897354507	0.951363816225055	0.723195610013819	NA	1.2485280962359	1.27470081661848	0.954529999178305	NA	0.0869759974349984	1.04093801988505	0.340659248489018	0.599041738353416	0.558127286097272	0.581411575073643	0.912426634002791	1.00643528585257	0.644576111841814	0.825286284917709	0.596848640045609	0.792841865972605	NA	NA	0.779675383960602
NA	NA	1.62366833715507	1.14488012748006	0.833066066210024	0.756491566604281	NA	NA	NA	NA	NA	0.647354416593537	0.629163748723401	0.208938499802371	0.476224852265574	NA	1.80988976261321	1.72607546343764	1.98907401568334	2.07836941505447	NA	0.920607428808453	0.354862492643238	0.953623798443684	0.953661449626733	0.681648978371251	0.760088717204585	0.927128525922857	0.467022965926019	0.68479918240922	NA	0.951089773163145	0.762542284481104	0.28869947674934	1.77746917618223	1.8514229971116	NA	NA	1.92015274762832	0.320553229525445
0.763400880815623	NA	NA	NA	1.72993590949854	1.59011074726656	1.62782722036993	NA	NA	NA	NA	0.767936528041195	NA	0.997660779580257	NA	0.974497911954397	NA	1.04570860405999	NA	NA	NA	NA	0.226096064762647	NA	0.628202235576691	0.313973480943564	NA	1.92829385377647	0.435399081009843	0.462067985399402	0.376498943945193	0.49694322724453	0.56167662177246	NA	NA	NA	0.250332968591763	NA	NA	0.97950096047143
NA	0.511655187485313	NA	NA	0.570879683729287	NA	NA	NA	NA	NA	NA	0.51901192205628	0.859188146649658	1.99660917412235	NA	NA	1.22514568739971	NA	1.24560133660874	0.922461241897272	0.962066576633475	1.44945441397716	0.161612471482118	0.387973256545304	NA	NA	0.837897894107237	NA	NA	1.22378583827401	NA	0.64624472449103	0.949232217659301	NA	NA	NA	0.724057278793022	NA	0.431486839904784	NA
NA	NA	NA	NA	NA	NA	NA	NA	NA	NA	NA	NA	NA	NA	NA	NA	NA	NA	NA	NA	NA	NA	NA	NA	NA	NA	NA	NA	NA	NA	NA	NA	NA	NA	NA	NA	NA	NA	NA	NA
NA	NA	NA	NA	NA	NA	NA	NA	NA	NA	NA	NA	NA	NA	NA	NA	NA	NA	NA	NA	NA	NA	NA	NA	NA	NA	NA	NA	NA	NA	NA	NA	NA	NA	NA	NA	NA	NA	NA	NA
0.56341128928664	NA	NA	NA	0.528421656805703	0.746746224685783	NA	0.47110434854616	0.420193191951168	NA	0.894920778408003	1.10615607922294	1.31442069663216	0.888544899614983	0.852525391676644	NA	NA	NA	0.38133077408195	0.568837567211519	NA	0.990022243196249	0.780808582485869	0.324761788334437	NA	0.354990644076041	NA	0.573973255676547	0.232703194967314	0.243428963628674	0.325316978697681	0.654240742474141	0.880857251838406	0.595668497554268	0.967023103554984	NA	NA	NA	0.619391099800254	NA
1.03121808333812	1.38366888860267	0.957169832335145	1.29658374420038	1.00789080057896	0.639150034111509	NA	NA	0.901472915023818	NA	0.624812721509078	NA	1.09400693634835	NA	0.795375493789254	0.742847765257374	1.05328459196948	1.11543889657364	NA	NA	NA	0.606173566500385	1.22365232988395	NA	NA	0.649147921656381	NA	1.07086763698758	1.5502384477574	1.02222709265339	1.03209061060346	NA	0.617117469958582	0.402463523391974	1.13978475109923	NA	0.739535790446853	NA	NA	0.388844106355991
NA	NA	NA	NA	NA	NA	NA	NA	NA	NA	NA	NA	NA	NA	NA	NA	NA	NA	NA	NA	NA	NA	NA	NA	NA	NA	NA	NA	NA	NA	NA	NA	NA	NA	NA	NA	NA	NA	NA	NA
NA	0.587614341159592	0.872327355674274	1.24438158769266	NA	1.28183411440559	0.157905336876405	NA	NA	NA	1.64864429106303	1.3483222006556	1.97728774087889	1.42230525096466	0.866028751796163	NA	0.87067947446126	0.549944264771105	0.670975360285668	0.778468275995459	NA	NA	1.32505194689919	1.18093365361893	1.43274979761408	0.993647459590776	NA	NA	0.994891243181876	NA	0.703149263357714	NA	0.624869490509851	0.565076925673824	0.585550142855544	NA	1.05027340907534	NA	0.241982248575028	0.403517595261762
NA	NA	NA	NA	NA	NA	NA	NA	NA	NA	NA	NA	NA	NA	NA	NA	NA	NA	NA	NA	NA	NA	NA	NA	NA	NA	NA	NA	NA	NA	NA	NA	NA	NA	NA	NA	NA	NA	NA	NA
NA	NA	NA	NA	NA	NA	NA	NA	NA	NA	NA	NA	NA	NA	NA	NA	NA	NA	NA	NA	NA	NA	NA	NA	NA	NA	NA	NA	NA	NA	NA	NA	NA	NA	NA	NA	NA	NA	NA	NA
1.14401962042969	1.37718681494157	0.909659119213332	0.770597753805912	2.17948982658661	NA	1.0432759641471	1.75684443919433	NA	1.56853632234657	1.43019181114792	NA	NA	0.760140701769488	0.481159858872482	NA	NA	NA	NA	NA	NA	0.819514886883955	0.975404217797322	1.3381409330607	0.929427514838764	0.524215010909203	1.7659260955826	NA	1.10925238649961	0.895633109304261	NA	0.32504785617131	0.690393838056442	1.15870473972858	NA	NA	0.44030316647651	NA	NA	2.20534581913548
NA	0.431278544810745	0.581684203145066	0.480483482341114	NA	0.827481322625305	0.719658761921364	NA	NA	NA	0.852004392840947	NA	1.034321525355	0.758958809399028	0.506174026761771	0.53964796331278	0.592595666901238	NA	0.74131774803109	0.885912929483448	0.746892977519892	NA	NA	0.561748476974688	0.550835361495533	0.619712590767056	0.768230314196056	1.36792288012615	0.497386399322784	0.468064439363112	NA	0.316218136318523	NA	NA	0.516388399659427	NA	1.10984541418063	NA	0.63615164039674	1.1785267760124
2.06381378546823	1.8262919247383	1.94206264004246	2.04802490333551	2.2721350030353	2.10591790136079	2.21759099826373	2.33667391124513	NA	NA	1.95394958201635	2.01452396026813	1.84667295310846	1.7572802999281	1.88165981135827	2.06202039310864	2.19352704298134	1.9894152180621	2.02068730894073	1.93814842830245	NA	2.25256525041719	1.91935115958041	1.660866978034	1.54711205176226	NA	NA	1.30840634426116	1.4647778933255	1.11349687405479	1.25210687460028	NA	1.2261013824334	1.05012546077385	NA	0.83605838543006	NA	NA	NA	NA
1.00679760212077	0.69213557600997	0.754018183922057	0.521269209107471	NA	0.644712480977877	0.326219569504243	0.505250963379284	0.776604842033858	0.218513977528387	NA	0.791513362696347	0.714383367622237	0.805489733645748	NA	1.13894617673515	1.1638803810778	1.04211477729788	1.22537102402673	NA	0.580213677221963	0.947508829665077	0.675153696336956	0.440640203264143	0.750036309440958	0.896051179587299	0.743663944016619	0.367840177463927	0.355400357377255	0.993170289612743	0.669956333412927	NA	0.480412627766539	0.590683702538339	0.0606950997330442	0.344540478252719	0.292482582721343	NA	0.685928177407904	0.692849881640994
2.18447907713797	2.56554610785241	2.27113566816245	2.30987375168929	2.31736085558096	2.37810049467006	2.57081467893865	2.63593133507738	2.4591675006814	NA	2.5054794679013	2.77396190843576	2.29203931525541	2.02353208275976	1.78874131402446	1.9251025715697	1.90126750293016	2.13570797476907	NA	2.19047570759504	2.22322534878188	2.29454374385624	NA	2.12326473060947	1.70802447436413	1.79029410036315	1.40558565220655	1.14117732380154	0.918746298932333	NA	1.25394092446452	0.984528515444547	1.18835825486899	NA	0.740754522278171	1.40637745616914	0.626750173345216	NA	2.1747668620978	NA
NA	NA	NA	NA	NA	NA	NA	NA	NA	NA	NA	NA	NA	NA	NA	NA	NA	NA	NA	NA	NA	NA	NA	NA	NA	NA	NA	NA	NA	NA	NA	NA	NA	NA	NA	NA	NA	NA	NA	NA
1.4315205286285	1.54007117492405	1.81132481175681	1.94392026074294	2.16879843908605	2.14047741429972	1.82501764420015	1.8809220726606	NA	NA	1.71321153908325	1.46723214005152	1.645703366036	1.67180306567147	NA	2.36402485529553	2.32601655982642	NA	1.84613116074321	3.21603292511556	NA	NA	NA	2.43764481185543	NA	NA	1.93016220689841	NA	2.2652673277589	2.52111958833342	2.43340747408036	2.529236938365	2.3900894953197	2.45477726113708	2.74819736877461	NA	2.56318220351014	NA	NA	NA
NA	NA	NA	NA	NA	NA	NA	NA	NA	NA	NA	NA	NA	NA	NA	NA	NA	NA	NA	NA	NA	NA	NA	NA	NA	NA	NA	NA	NA	NA	NA	NA	NA	NA	NA	NA	NA	NA	NA	NA
NA	NA	NA	NA	NA	NA	NA	NA	NA	NA	NA	NA	NA	NA	NA	NA	NA	NA	NA	NA	NA	NA	NA	NA	NA	NA	NA	NA	NA	NA	NA	NA	NA	NA	NA	NA	NA	NA	NA	NA
1.20941570500801	NA	NA	1.48927842813289	NA	1.29026353030432	1.1782556955435	0.957885082243017	NA	NA	0.557486711084908	NA	NA	0.758100947861358	0.984115899488048	1.44218242366638	1.44353427808434	1.30739783971801	1.89345792409041	NA	NA	1.5920680348917	1.35657384266659	0.975431607270527	1.57050011914342	NA	NA	1.80947942117139	1.14005048989753	NA	NA	NA	1.00820249012525	0.874969960564808	NA	0.728859702126226	1.02315394093061	NA	0.538497301921171	NA
NA	0.816677218859402	NA	NA	NA	1.1596679262193	0.583838902039389	0.733570583234052	NA	0.893009873105453	NA	NA	NA	1.31897120785001	NA	NA	NA	NA	NA	NA	1.26102552269567	1.54085345341803	NA	1.76358186467973	NA	1.46742856402346	1.17755210521988	0.872734701210383	0.327823765688056	0.434592609555423	1.41913543325702	0.642850559114921	NA	0.496294794106257	0.254685495378319	0.633246779439604	NA	NA	0.687396918686058	NA
0.796911142460752	1.25710852326036	1.38230185707658	1.21243355710673	NA	1.57163638163141	NA	1.83557465752575	NA	NA	NA	NA	NA	NA	NA	2.33104445831613	NA	NA	1.37650277558406	NA	NA	1.24369818191841	0.445417277661021	NA	1.00974128473594	NA	NA	NA	NA	1.08134423370913	NA	NA	NA	NA	NA	NA	NA	NA	0.552963001598348	0.993562303799702
NA	NA	NA	NA	NA	NA	NA	NA	NA	NA	NA	NA	NA	NA	NA	NA	NA	NA	NA	NA	NA	NA	NA	NA	NA	NA	NA	NA	NA	NA	NA	NA	NA	NA	NA	NA	NA	NA	NA	NA
NA	NA	NA	NA	NA	NA	NA	NA	NA	NA	NA	NA	NA	NA	NA	NA	NA	NA	NA	NA	NA	NA	NA	NA	NA	NA	NA	NA	NA	NA	NA	NA	NA	NA	NA	NA	NA	NA	NA	NA
NA	NA	NA	NA	NA	NA	NA	NA	NA	NA	NA	NA	NA	NA	NA	NA	NA	NA	NA	NA	NA	NA	NA	NA	NA	NA	NA	NA	NA	NA	NA	NA	NA	NA	NA	NA	NA	NA	NA	NA
0.379321108688319	NA	0.648183625999658	0.465080084942111	0.261393959545416	0.317058768356048	0.719245702103419	0.960335140503333	NA	1.3690769992147	0.870905272811347	1.1328652652469	0.466848573077008	1.48909655627777	0.565418396093238	0.499275730512699	NA	0.333050753764183	0.332675085589195	0.454156572853722	NA	0.526899947905923	0.196409807114902	1.20045465704819	1.14249989383953	0.821531400558416	1.41074219018893	0.860372216677048	1.28797830276034	1.14615223288805	NA	0.925643321691147	NA	NA	NA	NA	0.799013727767532	NA	0.688224752837122	NA
1.10905357496766	0.788294103316883	0.509652389754014	0.7827154947624	0.981548133141595	1.22445287614543	1.42003905327564	1.79773937928751	0.597656960536899	1.13237419631666	1.28084006235469	0.754470256502764	0.629627063502107	0.887187215809183	1.3214985942061	1.4994003208449	1.62141102204478	1.48087799759871	1.69241347162592	1.69708577285311	NA	1.38889377731816	1.28834720610206	1.08783148600676	1.20932955650081	1.13761421808075	1.10668495602793	0.978058003915481	0.882394459873128	0.892372531480412	0.596868686787323	NA	0.466131487992567	0.310783636250414	0.285438374324477	0.489895457443198	0.246271202059572	NA	NA	NA
1.02624366906986	1.68005810731985	0.943683309074799	1.81790796532252	1.58470102054016	1.21413472869833	NA	NA	NA	NA	NA	0.812993124935225	1.01968134889644	0.66016603288623	0.839845582828053	0.831692227868235	NA	0.349550147572807	1.26920052570966	NA	NA	0.822517409203517	1.47717083484308	1.39584314485506	1.32733230127788	1.16401164210348	NA	1.06602885203739	1.38834785448066	0.750341982214243	NA	NA	0.457562401947768	NA	1.75764427641887	NA	NA	NA	0.252721437805807	NA
NA	NA	NA	NA	NA	NA	NA	NA	NA	NA	NA	NA	NA	NA	NA	NA	NA	NA	NA	NA	NA	NA	NA	NA	NA	NA	NA	NA	NA	NA	NA	NA	NA	NA	NA	NA	NA	NA	NA	NA
NA	NA	2.85476248213867	2.43663033573446	2.59117274980075	2.18493865992547	0.465437522429281	2.17064843279743	NA	NA	0.280164087281807	1.95235318471504	NA	2.55063284503909	NA	NA	NA	0.315652864945194	2.28111825484566	NA	NA	NA	2.87846584954253	NA	3.0268972121671	2.38017902437258	NA	NA	2.78664023349712	0.236194177918719	0.454440183763178	0.753364219317336	2.23056188254275	0.671843047681728	0.676142279877848	NA	0.189129788528525	NA	0.195343376341909	0.288568091297536
NA	NA	NA	NA	NA	NA	NA	NA	NA	NA	NA	NA	NA	NA	NA	NA	NA	NA	NA	NA	NA	NA	NA	NA	NA	NA	NA	NA	NA	NA	NA	NA	NA	NA	NA	NA	NA	NA	NA	NA
NA	NA	NA	NA	NA	NA	NA	NA	NA	NA	NA	NA	NA	NA	NA	NA	NA	NA	NA	NA	NA	NA	NA	NA	NA	NA	NA	NA	NA	NA	NA	NA	NA	NA	NA	NA	NA	NA	NA	NA
NA	NA	NA	NA	NA	NA	NA	NA	NA	NA	NA	NA	NA	NA	NA	NA	NA	NA	NA	NA	NA	NA	NA	NA	NA	NA	NA	NA	NA	NA	NA	NA	NA	NA	NA	NA	NA	NA	NA	NA
1.94658927381478	NA	1.25404788302866	1.21822999545426	NA	NA	1.874237991211	1.40595926696729	NA	NA	1.72294928266071	NA	NA	NA	NA	NA	NA	NA	NA	1.2450608100266	NA	1.27197573271782	1.1885000543008	NA	1.19021892304544	1.26355392040206	NA	1.38676778788581	NA	NA	0.482582434347883	0.422218551476132	NA	NA	NA	NA	NA	NA	NA	0.519880702305112
NA	NA	NA	NA	NA	NA	NA	NA	NA	NA	NA	NA	NA	NA	NA	NA	NA	NA	NA	NA	NA	NA	NA	NA	NA	NA	NA	NA	NA	NA	NA	NA	NA	NA	NA	NA	NA	NA	NA	NA
1.58779321791339	1.18653619777731	1.01230780329141	1.39825276356948	0.914763457367774	0.797147107886895	1.32622668643251	1.10550280931049	1.00627364619007	1.80564215469577	1.28328724464559	0.90567711046076	0.984797131685225	1.30860873692603	0.797461573606478	0.773648359196634	NA	NA	1.04336037725985	1.22374690364508	NA	1.2449466199157	0.962735191560472	1.0816761052737	0.834654310076945	1.06797094038661	1.02491637082271	0.724053657812817	0.952455110372665	0.653074474872763	0.46804209775407	0.656105447938236	0.859656437670608	0.535108711595766	0.638651859238607	0.583330489076922	0.908735796898489	NA	0.931547379371191	0.847165839696966
NA	NA	NA	NA	NA	NA	NA	NA	NA	NA	NA	NA	NA	NA	NA	NA	NA	NA	NA	NA	NA	NA	NA	NA	NA	NA	NA	NA	NA	NA	NA	NA	NA	NA	NA	NA	NA	NA	NA	NA
NA	NA	NA	NA	NA	1.77164964139377	NA	NA	NA	NA	NA	NA	0.726811332381963	0.735618173126549	0.462458035116484	NA	0.601607952770762	NA	NA	NA	NA	0.616876671561054	0.516253475923692	0.500637366071367	NA	0.683798203675542	0.816742731606549	0.939595700431991	1.10063285308284	0.719520507051104	NA	NA	0.692807343238555	0.848879500249642	0.721386643468923	0.662729614480169	NA	NA	NA	0.638145734132252
NA	NA	NA	NA	NA	NA	NA	NA	NA	NA	NA	NA	NA	NA	NA	NA	NA	NA	NA	NA	NA	NA	NA	NA	NA	NA	NA	NA	NA	NA	NA	NA	NA	NA	NA	NA	NA	NA	NA	NA
NA	NA	NA	1.44676332296234	NA	0.445026413420806	NA	NA	NA	NA	NA	NA	NA	NA	NA	NA	NA	NA	NA	1.27707037138732	NA	NA	NA	NA	NA	1.34962517682017	NA	NA	0.551286048119095	NA	NA	NA	0.885236780919935	NA	NA	NA	NA	NA	NA	NA
1.56701871071286	1.15058280376873	1.48898829442915	1.56368177376621	1.75776841727577	1.16055653476123	1.43315331311132	1.58253133813971	1.28135885335973	1.61280034313917	1.9106008165223	1.97176848292832	1.08666790619897	1.09811504187221	1.18057366346564	1.28512711100666	NA	1.09636314344574	0.928476124868767	0.696031057973453	1.38515648932349	1.12312096458071	1.62616813307928	1.54762436264001	1.02306537067184	1.22439786401528	0.923955578265432	1.50440747013491	1.42638438408405	1.23183414776454	1.02930769238553	1.33457928206495	NA	1.30853868146538	0.945425112953712	0.913879650738312	0.213280833444369	NA	1.3995942343823	1.13126365494662
1.07058418624837	1.22369297113031	1.42128895143967	0.883594330137671	1.16095702947797	1.25223892833233	0.802510697251812	1.20587704466614	1.1534386203642	0.722459220508608	0.148419840750091	0.67440994365488	1.13468166412463	0.918695450182113	0.395646107884858	0.778999380593148	0.280483213075449	0.275753651155594	0.431806909393703	0.250476625301813	0.679542071302382	0.232129566466781	0.385255941693657	0.370473237544964	0.297888248279471	NA	0.649086065800105	0.480635554256248	0.755510161748985	0.484863389466021	0.882316718558709	0.635219301945056	0.851052596388151	NA	2.00457973290109	1.31950680120437	0.293763573589352	NA	0.782626403153928	NA
2.5478489527886	NA	2.37374586429821	NA	1.65482479911185	2.8060252715589	1.20281708586453	NA	NA	NA	NA	NA	NA	2.19397219228113	NA	NA	NA	2.08815915167047	3.51911980805552	2.44329734047905	NA	NA	NA	2.27310510654315	2.14647292142531	1.81087678848148	1.81645511935868	1.6188989923695	1.86594137210299	1.53113110096153	2.36278695513752	1.83984813751223	0.41206925002212	NA	1.38897031045327	0.717921289915832	1.62615746247079	NA	NA	1.39481376851354
0.729627522278112	0.561572686039022	0.816106183009258	0.472724354117902	0.339589910064441	0.373258577329505	0.484425210472659	0.880614856297668	NA	NA	NA	NA	NA	NA	1.1027845647315	0.597431418488372	NA	NA	0.756852679755514	0.654563340810255	NA	0.60179416673855	NA	NA	2.49939099298657	0.393305634871583	0.522390160075222	0.566030326823772	NA	0.818649205166478	NA	NA	0.832025194896644	NA	NA	NA	0.557305364840673	NA	NA	NA
NA	NA	1.14294187825819	1.42586312144051	1.11194715945127	0.792822114287027	NA	NA	NA	NA	0.474519227363862	NA	0.484264526190195	0.513319356773995	NA	NA	NA	0.67574238253797	NA	0.971830562387299	NA	NA	1.22670880846414	NA	NA	NA	NA	1.43866426316809	1.40538941197284	NA	NA	NA	NA	1.39537151506928	1.32252885790229	1.42279128344027	1.02189445086082	NA	0.396732850315083	NA
1.00159835269101	1.20469929587098	1.09819304968922	0.793402909347604	1.03757688456156	NA	1.16774452105841	1.24560063334538	NA	0.950587308400311	0.911181359319252	NA	0.7960225709744	0.592500045429774	0.468291947507404	0.665572049010072	1.05282103490059	0.832776179718384	0.625543931766538	0.519765608179621	0.901191499183306	NA	0.715573102900925	0.642360360283877	0.298474832430997	0.526486705446627	0.226290396901736	0.570598483732025	0.650596583839665	0.779619140146881	0.31117646711299	NA	0.832738467619712	1.13352669405932	0.523906054550947	0.424547806358841	NA	NA	NA	0.385078407954073
NA	NA	NA	1.43452414111929	1.08556140666194	NA	NA	1.3451374978763	NA	NA	NA	1.64229425283382	NA	NA	NA	1.81064998382524	1.66402030179121	NA	1.71099916332618	1.51719475525929	NA	NA	1.13959799409625	NA	1.52335699045483	1.23174951218391	NA	NA	0.649763134614929	1.13535625899157	NA	1.12552212866265	1.20584679515267	1.62390276739544	1.18015966193103	NA	NA	NA	0.836582252381034	0.831579970328604
NA	NA	NA	NA	NA	NA	NA	NA	NA	NA	NA	NA	NA	NA	NA	NA	NA	NA	NA	NA	NA	NA	NA	NA	NA	NA	NA	NA	NA	NA	NA	NA	NA	NA	NA	NA	NA	NA	NA	NA
NA	NA	NA	NA	NA	NA	NA	NA	NA	NA	NA	NA	NA	NA	NA	NA	NA	NA	NA	NA	NA	NA	NA	NA	NA	NA	NA	NA	NA	NA	NA	NA	NA	NA	NA	NA	NA	NA	NA	NA
NA	NA	NA	NA	NA	NA	NA	NA	NA	NA	NA	NA	NA	NA	NA	NA	NA	NA	NA	NA	NA	NA	NA	NA	NA	NA	NA	NA	NA	NA	NA	NA	NA	NA	NA	NA	NA	NA	NA	NA
NA	NA	NA	NA	NA	NA	NA	NA	NA	NA	NA	NA	NA	NA	NA	NA	NA	NA	NA	NA	NA	NA	NA	NA	NA	NA	NA	NA	NA	NA	NA	NA	NA	NA	NA	NA	NA	NA	NA	NA
2.25865624572663	2.44758892722009	2.08025375483749	2.38225676833012	2.16636291207565	1.91963082594496	1.81544487795047	2.50063943511271	NA	NA	1.86696943477418	1.55762327782873	1.86432705395224	NA	1.79703424141915	1.70669841696825	2.27449105405443	1.82783236059544	1.45051015707572	NA	NA	1.42945467636921	1.35570198254944	1.0540021551068	NA	1.2402856074852	1.88646794786437	1.46936988358609	1.25684131997676	1.38575873804431	1.38767842803186	0.833207891758243	1.02503294317178	1.04363975302668	1.06617058087731	0.708826800912153	1.02814034941679	NA	0.754138006845871	0.924730995608721
0.739619729557694	NA	0.680748897480223	0.911474695359372	0.728343247815522	NA	0.681886145338222	0.808803085069209	NA	NA	0.717515199693971	0.686893001466171	0.717624773477032	1.01406677939785	0.855309093427799	1.02925565794488	0.91364826761019	NA	0.992003760321316	1.2984425984883	0.721776152976894	1.21391430776066	0.962656535202946	0.864914472322555	0.749770939968032	0.577890949369302	0.850993063769607	0.921288141768174	1.05795300154489	1.76250416356554	1.02768399890381	0.716250058986868	0.732467891396894	0.394809994901892	0.451364891987242	0.477742977929355	0.594141279166436	NA	0.314976836244829	0.367169774597415
NA	NA	NA	NA	NA	NA	NA	NA	NA	NA	NA	NA	NA	NA	NA	NA	NA	NA	NA	NA	NA	NA	NA	NA	NA	NA	NA	NA	NA	NA	NA	NA	NA	NA	NA	NA	NA	NA	NA	NA
NA	NA	NA	NA	NA	NA	NA	NA	NA	NA	NA	NA	NA	NA	NA	NA	NA	NA	NA	NA	NA	NA	NA	NA	NA	NA	NA	NA	NA	NA	NA	NA	NA	NA	NA	NA	NA	NA	NA	NA
NA	1.06558137725319	1.00988070666712	NA	1.10399509934771	1.32829399689451	1.10070655113645	NA	NA	1.79502846468319	NA	1.08101551818053	1.18302837916157	0.733547687487272	0.812947193562582	0.46570824080819	NA	NA	0.492042244239213	0.382808935125258	NA	NA	NA	NA	0.561080855411765	0.687520706063179	0.701575440390161	0.725161191535798	0.583638499646067	NA	NA	1.62875696962189	0.349608702670401	0.943001610171091	NA	0.349770572277411	NA	NA	0.525744619353138	0.222721212960642
NA	NA	NA	NA	NA	NA	NA	NA	NA	NA	NA	NA	NA	NA	NA	NA	NA	NA	NA	NA	NA	NA	NA	NA	NA	NA	NA	NA	NA	NA	NA	NA	NA	NA	NA	NA	NA	NA	NA	NA
NA	0.460470226109651	0.99092589403301	0.838201360196839	NA	NA	NA	0.911377278393016	NA	NA	NA	NA	NA	NA	0.776212937187308	0.9489540029589	1.25512237918821	1.44300796592983	NA	1.08463197427633	NA	0.976035426230407	0.88969407912328	NA	0.987439147431783	0.880122945207592	NA	0.838267844009544	NA	NA	0.532341547675506	NA	0.390933990921875	0.305062408046511	NA	NA	NA	NA	0.746033513219415	NA
NA	NA	NA	NA	NA	NA	NA	NA	NA	NA	NA	NA	NA	NA	NA	NA	NA	NA	NA	NA	NA	NA	NA	NA	NA	NA	NA	NA	NA	NA	NA	NA	NA	NA	NA	NA	NA	NA	NA	NA
NA	NA	NA	1.23917447194901	2.13768351885407	1.81633834346679	1.96474274548787	1.67097349282956	NA	NA	1.67516198328543	NA	1.90422348815572	1.1190905041651	1.37866812839872	2.1351278311704	NA	2.59242908556719	1.89760318088773	1.64462634590929	NA	1.83483026268599	1.3155916885248	1.98998209059171	NA	2.04455911527229	NA	NA	NA	1.62404293427156	2.18761620935573	NA	NA	NA	1.72945647826361	1.50481479233209	NA	NA	NA	1.84150346213899
1.10729890302744	1.13272390319799	1.32576738165126	0.948656553102653	0.927952643305144	1.28315121954873	0.958181180764005	1.44278046567809	2.28062398637831	NA	NA	1.50653107948753	2.15083867966437	1.93644190449	1.76994241980362	1.59578054435607	1.86527014318503	1.66327684206729	2.05413269990947	1.68370798041682	1.93629204151629	NA	NA	NA	1.97954369902412	2.14681737136588	NA	2.15175054050997	1.83391520651169	NA	1.39991050264136	NA	0.526341707986486	NA	NA	NA	0.118504488393619	NA	NA	0.979962810719821
0.513263297434477	NA	0.563066611423724	0.682734674675822	0.478408437094457	0.306617219045003	NA	1.00702309937774	0.480008613736678	1.25124861954229	0.99015865698644	1.08468286783923	0.734297768453552	0.647732266314841	0.576653985918484	0.265075410971168	0.399216794345588	NA	0.341645038981946	0.471325079454632	0.430756386294092	0.592149521043633	0.426195069800878	0.873635909533076	0.716860470975319	0.807849286728482	0.86267981078986	1.11665568632119	1.08053927895854	0.72234404783305	0.766427191787226	2.20145670338275	1.53171311242106	0.771965826402268	0.742723829000124	0.414896554867006	0.310300495441977	NA	2.19943993460756	0.818399130753953
NA	NA	NA	NA	NA	NA	NA	NA	NA	NA	NA	NA	NA	NA	NA	NA	NA	NA	NA	NA	NA	NA	NA	NA	NA	NA	NA	NA	NA	NA	NA	NA	NA	NA	NA	NA	NA	NA	NA	NA
NA	NA	NA	NA	NA	NA	NA	NA	NA	NA	NA	NA	NA	NA	NA	NA	NA	NA	NA	NA	NA	NA	NA	NA	NA	NA	NA	NA	NA	NA	NA	NA	NA	NA	NA	NA	NA	NA	NA	NA
0.722848658683893	0.600619387346209	1.9607336051987	0.659387725167291	NA	1.65538535232426	0.816430401110969	NA	NA	NA	0.701277461478326	0.903494592042613	0.975406241429255	0.662724165765674	0.800894221944401	0.171331011101171	0.324960935909395	1.66543591669126	0.907755533575442	NA	NA	0.804598782559288	0.408117592768924	0.753837651528038	0.473293132058867	0.285431975131182	NA	1.38131911773018	0.931312288555338	0.406722468724771	NA	0.0909694284177573	0.510358188075928	NA	0.558140230207897	0.48637514439021	0.0992865213507743	NA	NA	0.452967859275451
NA	NA	NA	NA	NA	NA	NA	NA	NA	NA	NA	NA	NA	NA	NA	NA	NA	NA	NA	NA	NA	NA	NA	NA	NA	NA	NA	NA	NA	NA	NA	NA	NA	NA	NA	NA	NA	NA	NA	NA
NA	0.471371481753192	NA	1.59902668477506	1.65389850701973	1.53902152003532	0.899853954781333	NA	0.837791144800133	NA	0.711980354925821	1.19939004440451	0.868850693877044	1.09315468305783	0.971001505062088	NA	2.40686040488368	1.44845076139296	1.33238109340505	0.805617979729068	0.814410130464494	0.82166133028431	0.44812035344959	0.396905872165463	0.46479947945964	0.560544816668622	NA	NA	0.486165023644208	0.228078626121675	0.713432614440151	0.614404625072752	1.09817414036596	0.997168582334017	1.78194796650433	1.50249347519007	1.25170399807871	NA	0.604651375972695	0.727919626579645
1.95518100486099	NA	1.93305996203602	NA	1.57775272329523	2.08615861400556	1.95377834594864	NA	1.55496842769154	1.93830975398173	1.96736301707165	1.65425102708178	1.6682667729091	NA	1.503183547266	1.68434107315311	NA	NA	0.665379251532226	NA	NA	NA	1.4377087259157	2.12586239614145	NA	1.23037134600388	NA	1.4677392547187	2.0254426642552	1.46796729669484	1.51630220167136	NA	NA	1.61832670486911	NA	NA	0.321122967953816	NA	NA	0.818350803602612
NA	NA	NA	NA	NA	NA	NA	NA	NA	NA	NA	NA	NA	NA	NA	NA	NA	NA	NA	NA	NA	NA	NA	NA	NA	NA	NA	NA	NA	NA	NA	NA	NA	NA	NA	NA	NA	NA	NA	NA
NA	NA	NA	NA	NA	NA	NA	NA	NA	NA	NA	NA	NA	NA	NA	NA	NA	NA	NA	NA	NA	NA	NA	NA	NA	NA	NA	NA	NA	NA	NA	NA	NA	NA	NA	NA	NA	NA	NA	NA
0.674062806659839	NA	1.26057735082187	0.914389642885494	0.553577865655331	0.566662734513432	NA	0.2972433721361	NA	NA	1.0409313837375	1.14487047678126	0.936391443413556	0.910778203568918	0.885930916509599	0.529211727236992	1.00300790544783	NA	0.708188952857009	NA	NA	NA	0.790753119134746	0.463014763633426	0.930219775582373	NA	0.638610293395039	0.585251180419124	0.939109736544485	0.374714265843501	NA	0.993187028409248	0.36120417410741	0.653049882478903	0.501831077739888	NA	1.04324369958987	NA	NA	0.246042166993784
0.394611091382265	0.46712052516123	1.00640794287842	0.670320399663736	0.218157849801963	0.235289542366666	0.334681231547747	0.638633207145744	0.729376894416031	0.931519979243858	1.48824919071769	1.85630730308402	NA	NA	1.90267744517607	1.98113478052606	0.771227304920077	1.15331775863353	NA	0.441027496837577	NA	NA	2.42006792917533	0.952160374084317	0.585799143254227	NA	1.24196791835747	NA	0.59886185544105	1.14671091833084	NA	NA	2.15075386157455	NA	0.496099325490686	NA	0.422247344014181	NA	0.471013176407967	2.34205864893654
NA	NA	NA	NA	NA	NA	NA	NA	NA	NA	NA	NA	NA	NA	NA	NA	NA	NA	NA	NA	NA	NA	NA	NA	NA	NA	NA	NA	NA	NA	NA	NA	NA	NA	NA	NA	NA	NA	NA	NA
NA	NA	NA	NA	NA	NA	NA	NA	NA	NA	NA	NA	NA	NA	NA	NA	NA	NA	NA	NA	NA	NA	NA	NA	NA	NA	NA	NA	NA	NA	NA	NA	NA	NA	NA	NA	NA	NA	NA	NA
NA	NA	NA	NA	NA	NA	NA	NA	NA	NA	NA	NA	NA	NA	NA	NA	NA	NA	NA	NA	NA	NA	NA	NA	NA	NA	NA	NA	NA	NA	NA	NA	NA	NA	NA	NA	NA	NA	NA	NA
NA	0.78911178852033	0.217274163118805	0.58361035649304	0.741539976432987	NA	NA	1.13801858147472	NA	NA	NA	NA	0.968488960740485	NA	1.13948268353079	1.29252158413743	NA	NA	NA	NA	NA	0.610653273887309	NA	NA	NA	0.604938700634327	NA	1.30905491385196	0.359677250800878	0.650215463723348	0.536141527514042	NA	0.88639442237996	NA	NA	NA	0.742767309574681	NA	0.50580279314517	NA
2.25010278251841	0.980450654412656	1.20070403254562	0.95161898521856	1.99312646990113	0.294066076913794	2.26334904087687	1.86491131545479	NA	NA	NA	NA	NA	NA	0.673570628627839	NA	NA	NA	0.66237514756837	NA	NA	0.466615515382487	NA	0.623088719707351	0.587432875849258	NA	0.370270594753983	NA	NA	0.351717037197897	NA	NA	NA	0.933060157263844	NA	0.966110673215526	0.484909938640737	NA	NA	NA
NA	0.768607479999393	NA	NA	0.614904234386316	2.0934850976631	NA	NA	NA	0.885933662840123	0.764801996675075	1.08881777620666	NA	NA	0.996873158612833	1.02278529148153	NA	NA	NA	1.23254318788521	NA	NA	NA	NA	NA	NA	NA	NA	NA	0.486377051011484	NA	0.534350358594875	NA	0.976260496715672	0.982297321988889	NA	0.89404229877439	NA	NA	NA
NA	NA	NA	NA	NA	NA	NA	NA	NA	NA	NA	NA	NA	NA	NA	NA	NA	NA	NA	NA	NA	NA	NA	NA	NA	NA	NA	NA	NA	NA	NA	NA	NA	NA	NA	NA	NA	NA	NA	NA
NA	0.573672008674108	NA	NA	NA	NA	0.492235980957208	NA	NA	NA	NA	NA	NA	NA	NA	NA	NA	NA	0.773582687328743	NA	NA	NA	NA	1.72083211432005	NA	NA	NA	NA	NA	1.05592194935176	0.26903449198292	0.844584524910105	0.619978841283432	NA	0.608709130218381	NA	NA	NA	NA	NA
NA	NA	NA	NA	NA	NA	NA	NA	NA	NA	NA	NA	NA	NA	NA	NA	NA	NA	NA	NA	NA	NA	NA	NA	NA	NA	NA	NA	NA	NA	NA	NA	NA	NA	NA	NA	NA	NA	NA	NA
NA	NA	NA	NA	NA	NA	NA	NA	NA	NA	NA	NA	NA	NA	0.496577630979934	NA	NA	NA	NA	NA	NA	NA	NA	0.465468970139511	0.32368210265074	NA	NA	0.447277803356862	NA	0.746935402524566	0.808685320904277	NA	NA	NA	NA	0.169895458423617	0.218701739676243	NA	NA	NA
NA	NA	NA	NA	NA	NA	NA	NA	NA	NA	NA	NA	NA	NA	NA	NA	NA	NA	NA	NA	NA	NA	NA	NA	NA	NA	NA	NA	NA	NA	NA	NA	NA	NA	NA	NA	NA	NA	NA	NA
NA	1.0500969565316	0.851099815235198	0.882779494211502	1.25032056181063	1.00248929512404	1.52923932613632	1.17941283992321	2.21701833067047	2.37820123231177	1.64928027140001	1.80174398987934	1.73549373874418	1.03239825111263	1.43199772975417	NA	1.86862613927298	1.92520056146015	0.83328928461325	1.50272222809952	1.41191075170344	1.82655201325005	1.36173883015092	1.40940173177486	1.47284230402045	0.85094181707086	0.744354463510371	0.716255076491207	1.25277430857157	2.21487533506722	1.48407056806597	1.70739468698793	1.51750527454325	1.17630141013661	1.20652095105206	0.539958279264196	0.323241751233832	NA	1.27882669187506	NA
NA	NA	NA	NA	NA	NA	NA	NA	NA	NA	NA	NA	NA	NA	NA	NA	NA	NA	NA	NA	NA	NA	NA	NA	NA	NA	NA	NA	NA	NA	NA	NA	NA	NA	NA	NA	NA	NA	NA	NA
NA	2.63058725926599	2.29703335684877	NA	2.35106178281685	NA	0.939090413777676	1.05190565766133	NA	3.43900295430701	NA	1.11823547593226	1.84461854960912	1.51446611416299	1.52655658001422	1.58883283466778	0.78372753594666	0.685895231979665	0.700603940238183	0.73388156050165	NA	1.85806783219165	NA	1.65497452006207	2.01527715345096	1.76052704542226	0.640834964908169	1.48854166266214	2.03529997040777	1.66973995548213	2.24116883157028	1.20243546396428	NA	NA	1.10255035028217	NA	0.514793305002054	NA	NA	0.633693613293792
1.44024611301361	NA	NA	1.49394582489637	1.75052215169848	1.63624326105841	NA	NA	NA	NA	NA	NA	1.9025244943696	NA	NA	NA	NA	NA	NA	NA	NA	NA	NA	NA	1.24397246290659	NA	NA	1.80235798156129	NA	NA	1.06794206407546	NA	NA	NA	1.03623368584939	NA	NA	NA	1.083064918682	0.585120925300152
NA	NA	NA	NA	NA	NA	NA	NA	NA	NA	NA	NA	NA	NA	NA	NA	NA	NA	NA	NA	NA	NA	NA	NA	NA	NA	NA	NA	NA	NA	NA	NA	NA	NA	NA	NA	NA	NA	NA	NA
1.83098214718067	1.84220878593596	NA	0.678322729443651	NA	NA	0.469470951024958	NA	0.735656960791898	NA	NA	0.460378506797848	NA	NA	0.81300222186361	0.764329794525542	NA	NA	1.01153244491983	0.753733652292868	NA	0.539664329389182	0.984512358797454	NA	0.400258049406517	0.345127218141647	NA	NA	0.470846045807627	0.654062035164437	0.266980741201723	0.937561786576017	NA	NA	NA	NA	0.403210955676331	NA	0.682552031567344	0.39033736702043
NA	NA	NA	NA	NA	NA	1.77090228764289	1.38334786578851	NA	NA	NA	NA	NA	NA	NA	NA	NA	NA	NA	NA	NA	2.2417162803018	1.39111892943488	2.09727877626407	1.00633183514674	NA	0.885111443392822	0.975723877409583	NA	NA	NA	0.714706723243101	0.678814477541594	0.517009876987386	0.849472005554196	0.598758072530631	0.329864213413592	NA	0.673333661215322	NA
NA	NA	NA	NA	NA	NA	NA	NA	NA	NA	NA	NA	NA	NA	NA	NA	NA	NA	NA	NA	NA	NA	NA	NA	NA	NA	NA	NA	NA	NA	NA	NA	NA	NA	NA	NA	NA	NA	NA	NA
NA	NA	NA	NA	NA	NA	NA	NA	NA	NA	NA	NA	NA	NA	NA	NA	NA	NA	NA	NA	NA	NA	NA	NA	NA	NA	NA	NA	NA	NA	NA	NA	NA	NA	NA	NA	NA	NA	NA	NA
NA	NA	NA	NA	NA	NA	NA	NA	NA	NA	NA	NA	NA	NA	NA	NA	NA	NA	NA	NA	NA	NA	NA	NA	NA	NA	NA	NA	NA	NA	NA	NA	NA	NA	NA	NA	NA	NA	NA	NA
NA	NA	NA	NA	NA	NA	NA	NA	NA	NA	NA	NA	NA	NA	NA	NA	NA	NA	NA	NA	NA	NA	NA	NA	NA	NA	NA	NA	NA	NA	NA	NA	NA	NA	NA	NA	NA	NA	NA	NA
0.639385261960514	0.552309344283591	0.541075800540038	0.976107428209639	0.731073801057477	NA	0.648456052866673	1.04069470139885	NA	0.913527953513472	0.990448924242467	1.18799569033662	NA	NA	NA	1.21740357167479	NA	NA	0.51300599852122	0.618570022964393	0.184655949654826	NA	1.13696345681181	1.28670705250475	1.60459571133622	NA	1.71831571237331	2.10198186075018	0.632612698359274	1.94433779632325	1.92393637731619	NA	0.593762768721478	NA	2.27261093310267	1.37685137078976	2.73684400666622	NA	0.827256175369024	0.653163241908785
1.39594113089372	NA	NA	1.09525360084968	0.908656661393487	0.379924736574374	NA	0.43512791975808	NA	1.46945078553936	NA	0.530667372000547	NA	0.601404831221747	NA	1.05252145521311	1.1765485566334	NA	1.01154041231151	1.46122284284637	NA	0.569757710152069	0.45921013473851	NA	0.241787958986258	0.298353283465226	NA	NA	0.793879786004155	0.289604927985778	NA	0.29402208683448	0.730898621871803	0.465125893570033	0.456949763877537	NA	NA	NA	0.195727868820472	1.1306373892811
NA	NA	NA	NA	NA	NA	NA	NA	NA	NA	NA	NA	NA	NA	NA	NA	NA	NA	NA	NA	NA	NA	NA	NA	NA	NA	NA	NA	NA	NA	NA	NA	NA	NA	NA	NA	NA	NA	NA	NA
NA	NA	NA	NA	NA	NA	NA	NA	NA	NA	NA	NA	NA	NA	NA	NA	NA	NA	NA	NA	NA	NA	NA	NA	NA	NA	NA	NA	NA	NA	NA	NA	NA	NA	NA	NA	NA	NA	NA	NA
NA	NA	NA	NA	NA	0.335972169881652	NA	NA	NA	NA	NA	NA	NA	0.548687355340395	NA	1.11545222017812	0.793453741621109	NA	0.276190422775061	0.465800675167515	NA	0.350034701278669	NA	NA	0.447470220645157	0.605455263873905	NA	0.397451807841365	0.397759973738301	NA	NA	1.32748346370606	0.982963212887167	0.219849741854639	0.58024172418095	NA	0.335398201675969	NA	NA	0.800378186176159
NA	NA	NA	NA	NA	NA	NA	NA	NA	NA	NA	NA	NA	NA	NA	NA	NA	NA	NA	NA	NA	NA	NA	NA	NA	NA	NA	NA	NA	NA	NA	NA	NA	NA	NA	NA	NA	NA	NA	NA
NA	NA	1.60564339745461	NA	NA	NA	1.41741280448743	NA	NA	1.696064057562	0.961134448845719	NA	1.40665012497215	1.17243912167594	NA	NA	NA	0.293166059270826	NA	0.796689784611272	NA	0.586072140541887	NA	0.319716717618945	NA	NA	NA	0.733291345616059	0.878404958358808	NA	NA	NA	0.375545505182631	NA	NA	1.85674213150541	0.136213908135692	NA	0.458449529080304	NA
NA	NA	NA	NA	NA	NA	NA	NA	NA	NA	NA	NA	NA	NA	NA	NA	NA	NA	NA	NA	NA	NA	NA	NA	NA	NA	NA	NA	NA	NA	NA	NA	NA	NA	NA	NA	NA	NA	NA	NA
NA	NA	2.29650752289656	NA	NA	NA	NA	1.19156565558351	NA	NA	NA	1.55465498334349	1.46027761338936	NA	1.19982068019363	NA	NA	NA	NA	NA	NA	1.39655217826988	NA	NA	NA	NA	NA	0.74055920442304	0.859479926621868	0.630250092132529	0.636525193680487	NA	0.872168316837937	1.99896631611984	NA	NA	0.492875927673023	NA	0.782297626851882	0.43438670714436
1.56306654393091	NA	1.12160211923119	1.32658619994794	NA	1.23534278276928	0.784571040022236	0.832300529161447	0.922687365000462	1.38798278263906	0.742241477958602	1.06453165004989	1.29497230984735	0.677103448262481	0.886414712015731	1.01077425700201	1.06290181788626	NA	1.1829543486448	1.15164405786797	0.959775968556245	1.1036767492763	1.37941107012926	0.653846839800827	0.818110551097773	0.812025539024953	0.682220249352426	0.892068403952536	1.04487428571404	0.93861399695914	NA	NA	0.818433052247837	0.833308157702216	0.86481207267205	NA	0.669828742862445	NA	0.849604346100592	NA
NA	NA	NA	NA	NA	NA	NA	NA	NA	NA	NA	NA	NA	NA	NA	NA	NA	NA	NA	NA	NA	NA	NA	NA	NA	NA	NA	NA	NA	NA	NA	NA	NA	NA	NA	NA	NA	NA	NA	NA
0.688671343431095	NA	0.710640782811937	0.941995891325092	0.901128140608175	0.970320693634295	0.833214764556453	0.593246535570432	NA	1.2432138689354	1.16530954810182	0.830022054858672	0.602381792680067	0.671544898604169	1.18218421611948	0.883923499537023	0.713514216156549	NA	0.816104515636195	0.325409019654766	NA	0.929749586955422	1.24914476129671	1.36895983025515	NA	1.30873520720797	NA	NA	1.08464927467925	0.659093572300295	1.20353379493932	1.90136092356507	1.4237741238999	1.28308178959969	1.37839613586374	1.67805585043423	1.05918412833301	NA	1.29346756558611	1.29571973648125
0.526008942729444	0.530405313894849	0.880558742021287	0.984457758685584	0.361719175003513	1.09162718701152	0.622041226435322	0.558189861954839	0.661516342968546	NA	NA	NA	0.883690420149539	1.24086080644958	1.31136758465187	0.563073074475443	0.647535543936879	1.38589430413511	1.10533631519901	0.860984597278864	0.928317543953606	1.0357175787782	0.879956481880583	1.13517059497969	0.577471193865896	NA	0.552038243004796	NA	NA	NA	2.40336220252597	1.61608781520836	1.43416685012965	1.11915913940698	1.4159093308532	0.894537997031891	0.0714161175977106	NA	2.82639916436479	NA
NA	NA	NA	NA	NA	NA	NA	NA	NA	NA	NA	NA	NA	NA	NA	NA	NA	NA	NA	NA	NA	NA	NA	NA	NA	NA	NA	NA	NA	NA	NA	NA	NA	NA	NA	NA	NA	NA	NA	NA
NA	NA	NA	NA	NA	NA	NA	NA	NA	NA	NA	NA	NA	NA	NA	NA	NA	NA	NA	NA	NA	NA	NA	NA	NA	NA	NA	NA	NA	NA	NA	NA	NA	NA	NA	NA	NA	NA	NA	NA
NA	NA	NA	NA	NA	NA	NA	NA	NA	NA	NA	NA	NA	NA	NA	NA	NA	NA	NA	NA	NA	NA	NA	NA	NA	NA	NA	NA	NA	NA	NA	NA	NA	NA	NA	NA	NA	NA	NA	NA
1.50912341594709	1.52823677669713	1.8922614852776	1.78998125501229	1.21933640877285	1.3279707409294	1.13784436542634	0.921952389256425	2.00908483684247	2.51600360922869	1.62832540359009	2.14638742205808	1.39353016290206	2.11016805969296	2.14664069453391	1.16219542928714	1.94421095474082	0.641859432725242	0.800852358718423	1.06231466181794	1.2668295095972	0.660841789637726	1.55101482209031	1.56349654593913	0.567338992552827	0.714570008413143	0.691210148373206	1.6069240269854	0.842022123506457	1.71573967872658	1.16410344851979	1.20960713285802	0.495318055522888	0.446609525875248	0.630023099168649	1.1702359289554	0.652301309452535	NA	0.908941289833152	0.90534975756826
NA	0.987714014848114	NA	NA	0.752446199816205	0.727620882382657	0.592491318174871	NA	NA	NA	NA	0.830425772990364	0.713890952672708	0.605124005709863	NA	NA	NA	NA	NA	1.28907547153323	NA	0.569041120058936	0.542484270368336	NA	NA	0.724779957259787	1.51968250467969	0.708686935005946	0.554486502540326	1.63583021000691	NA	NA	NA	NA	NA	NA	0.194169607902479	NA	NA	0.853300449375399
NA	NA	NA	NA	NA	NA	NA	NA	NA	NA	NA	NA	NA	NA	NA	NA	NA	NA	NA	NA	NA	NA	NA	NA	NA	NA	NA	NA	NA	NA	NA	NA	NA	NA	NA	NA	NA	NA	NA	NA
NA	NA	NA	NA	NA	NA	NA	NA	NA	NA	NA	NA	NA	NA	NA	NA	NA	NA	NA	NA	NA	NA	NA	NA	NA	NA	NA	NA	NA	NA	NA	NA	NA	NA	NA	NA	NA	NA	NA	NA
NA	NA	1.33967207905335	NA	NA	NA	0.387370237014916	NA	NA	NA	NA	NA	NA	NA	NA	NA	NA	NA	NA	NA	NA	NA	0.884602898760999	1.43969295398457	NA	0.675482887777947	1.73331043676978	NA	0.547645388456893	NA	NA	0.338774725639317	0.31870435721353	1.71673035749144	NA	NA	NA	NA	NA	NA
NA	NA	NA	NA	NA	NA	NA	NA	NA	NA	NA	NA	NA	NA	NA	NA	NA	NA	NA	NA	NA	NA	NA	NA	NA	NA	NA	NA	NA	NA	NA	NA	NA	NA	NA	NA	NA	NA	NA	NA
NA	NA	NA	2.38123056419267	NA	NA	2.19550663410028	NA	2.23432152246756	1.65965028175271	NA	NA	NA	1.50714629418154	1.61796616257969	1.2019479449431	NA	1.51052492784697	1.38509857433369	NA	2.0795536094513	NA	NA	NA	1.72143050260151	NA	NA	NA	1.35543807424241	NA	NA	NA	NA	NA	NA	NA	0.609624531890253	NA	NA	0.608997835570749
0.612605995356643	NA	0.793763875589	NA	0.894804852867011	0.489960215214751	NA	0.325119033914614	0.516912396551786	NA	NA	NA	NA	0.863725047845972	NA	NA	NA	NA	0.48558226190346	1.54111453813685	NA	NA	1.57522878920671	1.60958620008099	NA	1.45910672831969	NA	NA	1.19845808448362	0.90896054778903	2.13319647392873	0.674552426436919	0.581726801046325	0.613385829492668	NA	NA	0.625580264098187	NA	NA	NA
NA	NA	NA	NA	NA	NA	NA	NA	NA	NA	NA	NA	NA	NA	NA	NA	NA	NA	NA	NA	NA	NA	NA	NA	NA	NA	NA	NA	NA	NA	NA	NA	NA	NA	NA	NA	NA	NA	NA	NA
NA	NA	NA	NA	NA	NA	NA	NA	NA	NA	NA	NA	NA	NA	NA	NA	NA	NA	NA	NA	NA	NA	NA	NA	NA	NA	NA	NA	NA	NA	NA	NA	NA	NA	NA	NA	NA	NA	NA	NA
NA	NA	NA	NA	NA	NA	NA	NA	NA	NA	NA	NA	NA	NA	NA	NA	NA	NA	NA	NA	NA	NA	NA	NA	NA	NA	NA	NA	NA	NA	NA	NA	NA	NA	NA	NA	NA	NA	NA	NA
NA	NA	NA	NA	NA	NA	NA	NA	NA	NA	NA	NA	NA	NA	NA	NA	NA	NA	NA	NA	NA	NA	NA	NA	NA	NA	NA	NA	NA	NA	NA	NA	NA	NA	NA	NA	NA	NA	NA	NA
0.631726336825774	NA	0.969453676847708	0.64927431189041	NA	1.02655870083921	0.552603860452394	0.37468853627559	0.605959555875493	NA	0.599260668658317	0.67010451710002	0.575752120757239	0.540987518057423	0.808279986200625	0.921771229087514	1.43546079091568	1.45110387087954	0.64303975451728	0.703550462700575	1.18703470656271	0.44043449086368	0.225717097658054	0.336434771307675	NA	0.266845697730379	0.225974621490122	0.565635253689803	0.374064346510078	0.860241512638859	0.197109899878356	0.286804562384634	0.179274972572785	0.463767223622132	0.748189010142042	0.900055499948884	0.279623159986616	NA	NA	NA
NA	NA	NA	NA	NA	NA	NA	NA	NA	NA	NA	NA	NA	NA	NA	NA	NA	NA	NA	NA	NA	NA	NA	NA	NA	NA	NA	NA	NA	NA	NA	NA	NA	NA	NA	NA	NA	NA	NA	NA
NA	NA	NA	NA	0.389116193212077	0.533366536758048	NA	0.671902767993632	NA	NA	NA	NA	NA	NA	0.627581814025192	NA	NA	NA	NA	NA	NA	NA	NA	NA	NA	1.17970299052961	NA	0.740556736272704	0.706444520325442	0.632524591790209	NA	0.56633194934751	0.447620115805124	1.08455940483906	0.51056015016066	0.776814464361916	0.303267077781142	NA	0.37423309981597	0.370382583219772
NA	NA	NA	NA	NA	NA	NA	NA	NA	NA	NA	NA	NA	NA	NA	NA	NA	NA	NA	NA	NA	NA	NA	NA	NA	NA	NA	NA	NA	NA	NA	NA	NA	NA	NA	NA	NA	NA	NA	NA
NA	NA	NA	NA	NA	NA	NA	NA	NA	NA	NA	NA	NA	NA	NA	NA	NA	NA	NA	NA	NA	NA	NA	NA	NA	NA	NA	NA	NA	NA	NA	NA	NA	NA	NA	NA	NA	NA	NA	NA
NA	NA	NA	NA	NA	NA	NA	NA	NA	NA	NA	NA	NA	NA	NA	NA	NA	NA	NA	NA	NA	NA	NA	NA	NA	NA	NA	NA	NA	NA	NA	NA	NA	NA	NA	NA	NA	NA	NA	NA
0.518917090808201	0.851855512864464	0.623288250754948	0.581073594689632	0.344973878677309	NA	0.175460914422471	0.774000692855389	NA	0.659505696208823	0.574892297232084	0.484766287344498	NA	NA	0.7466968109316	0.986123851650372	0.621905296974869	0.830791964483451	0.726865787142007	0.522134925536934	0.57179240379318	0.957580100249612	0.939263100059708	0.561829726111809	0.510836176005678	0.540096004202289	0.591368988772284	0.526580853551283	0.476446567363733	0.49778131216983	0.620403082865207	0.727596328754104	0.64626332073617	NA	NA	NA	0.311330084275843	NA	0.503545925259518	NA
0.607603762909272	NA	NA	0.826794504097514	0.557922531579385	0.775084476476852	0.319639900342082	0.509348641351029	NA	NA	0.337851564310652	0.229625473159151	NA	0.39048894857123	0.428132274289263	2.04903073073787	NA	0.59534060302055	0.920950610053424	1.25950612283202	NA	0.704208826855609	0.823825945005591	0.731419887481034	0.407224407046959	NA	NA	0.20722211399458	NA	0.370885563759512	0.533083876902043	0.243931142119707	NA	NA	0.266395890613911	0.444838924341835	NA	NA	2.00309064260456	0.315690716655013
0.645110820673321	0.525328645463954	0.660788098265002	0.48201462595086	0.58225251190232	0.38444386280183	NA	1.00692289111044	NA	NA	NA	1.03902572787552	NA	NA	2.12643363302778	1.05986395678108	1.26179454727021	1.20917317766843	1.05904968600719	1.01021408697775	NA	0.674977179813997	0.453423514955627	0.844250820373745	0.476817787628985	0.543452855657985	NA	1.0495852379635	0.623258561735314	1.09329224746471	1.40682980773033	0.941209108728989	1.03400969598394	NA	0.63666633331053	1.0324179357469	0.541775988066245	NA	0.527593900588398	NA
NA	0.764681078362388	0.57554448618132	0.676514317391514	0.757270032001311	NA	NA	NA	NA	NA	1.07514527613559	0.968966367808613	NA	0.877476240452709	NA	1.14653927288284	NA	0.946834343062569	0.59789023856848	0.794687837137952	NA	0.983920589040541	1.22893936876827	1.04121427775957	0.683904961553443	NA	0.604853629649255	0.470958891485164	0.586982528370962	0.877054148119393	NA	0.99075828148333	0.895687191805705	0.701988855128148	0.616411120772328	0.247260969757165	1.01336937952144	NA	0.278121157908188	0.446023893775745
1.16098214126516	0.946536426829696	1.07727771311945	1.14379572541282	0.733079693375607	1.0770332048641	0.971399238158267	1.6489079466751	NA	0.859228449449794	0.591453883306734	0.876882918985616	1.51486148513338	1.68488985202706	1.77729056163391	0.36082971859041	0.274076102663431	0.55356311831698	NA	0.2980170704571	0.895844829998982	1.72108313917728	0.564497710060634	0.649419594629138	0.521983997089881	1.47586036618445	1.25661124110918	1.59472278106551	0.829772615698929	0.815453507122293	0.386534085661643	0.75447149283761	0.591359780381169	1.06786676718956	0.296804389934913	0.708227757624064	0.631483188492982	NA	1.40205987684604	0.732935266148884
0.696016422043397	0.686275853458747	0.880081473818571	0.604527430820329	0.534509370455278	1.5469758384609	0.468621416220579	NA	NA	NA	0.825459717009383	0.664317537080548	0.726191511662273	0.39881381011545	0.585719356435628	0.589443623476855	0.892897494125191	0.964108440291647	0.74156260636482	0.900738518136748	0.789881292354618	0.747594945173489	0.726402912383415	NA	0.532258435945648	0.604566634583399	NA	1.10479240321449	0.998529293875214	0.763401344004536	NA	0.317104381979523	0.758467619211061	NA	0.334021186397966	0.169457013245175	0.176711573525352	NA	1.09829670105204	NA
NA	1.18670308071892	NA	NA	1.99433488253749	2.34108779583434	2.49698080735489	2.29981992020075	2.34673380336805	2.52396783354448	2.47782814838371	2.03061259867065	2.13556754481445	1.79203363653401	1.7025029466428	NA	1.38551937264936	NA	2.03346606273907	NA	1.88533110234565	2.2889849797384	1.407698108001	1.65274022693517	2.02718194056157	1.81344511061283	1.99618575256904	0.644759985729516	1.46342017676763	1.76699165748737	NA	0.895738559843452	1.34629064923687	0.404688275589977	1.26958634655876	1.4360467346475	2.04995108848637	NA	2.33388088940628	0.732294466722246
2.02963970142059	1.14804626546906	1.05519899902481	1.11992454305896	1.12912894838732	0.950243935700258	0.719208976480631	NA	0.421360489368554	0.437188706850594	0.5782286488375	0.809303440221401	0.499495933905296	0.590386199836196	0.606407224501098	NA	0.605737735227473	0.437407469463299	0.67074482410928	NA	NA	0.656523273988257	0.573506220323358	0.533717971205819	0.3388871525338	0.368438947249952	0.541400231772994	NA	0.320597893345643	0.306155326750008	NA	0.196579166149381	0.686265534641572	1.05049333119566	0.622031131312259	0.529062992100267	0.416642383993088	NA	0.564968502558922	0.60571160342748
NA	1.37387782487533	1.79152369978254	NA	NA	NA	1.47383068966373	1.77909320032988	NA	NA	1.79627438820354	NA	0.932741639606572	0.797256260405224	NA	0.469788173436719	NA	0.665567008989769	0.747275113565496	0.436620677129931	1.00110210217983	1.61440867237639	NA	1.61043246930687	1.70134435462112	0.71283943204684	0.510337537521467	2.17674721275275	0.491409027369233	0.745934231851404	0.809903559819647	0.491666253549616	0.434995714919813	NA	0.569323796166846	1.47109205023185	0.877739297964701	NA	NA	1.50017850390397
NA	NA	NA	NA	NA	NA	NA	NA	NA	NA	NA	NA	NA	NA	NA	NA	NA	NA	NA	NA	NA	NA	NA	NA	NA	NA	NA	NA	NA	NA	NA	NA	NA	NA	NA	NA	NA	NA	NA	NA
NA	NA	NA	NA	NA	NA	NA	NA	NA	NA	NA	NA	NA	NA	NA	NA	NA	NA	NA	NA	NA	NA	NA	NA	NA	NA	NA	NA	NA	NA	NA	NA	NA	NA	NA	NA	NA	NA	NA	NA
NA	NA	NA	NA	NA	NA	1.20046115494606	NA	NA	NA	NA	NA	NA	NA	0.469658300415469	0.218946932415841	NA	0.303847854078189	NA	NA	NA	NA	0.468133126370491	NA	0.56217607176742	NA	NA	NA	NA	NA	NA	NA	NA	NA	NA	NA	0.287895487517192	NA	NA	0.480434085753123
NA	0.257078795753112	0.191600761944793	1.6446938983929	0.274340169568551	NA	NA	0.646495868476606	NA	NA	0.599479508969809	NA	0.583370809161217	0.78395958678479	NA	NA	NA	0.387810808862167	NA	NA	NA	0.523202178463241	NA	NA	1.1017951862193	1.04799878591655	NA	0.813844131810559	NA	0.683096011814257	NA	NA	0.361770644753706	0.761562830356219	NA	0.254469474965611	0.450177431383406	NA	0.517634247903066	0.114564973533178
NA	NA	NA	NA	NA	NA	NA	NA	NA	NA	NA	NA	NA	NA	NA	NA	NA	NA	NA	NA	NA	NA	NA	NA	NA	NA	NA	NA	NA	NA	NA	NA	NA	NA	NA	NA	NA	NA	NA	NA
0.697127186100572	NA	NA	0.688684176720929	0.354577320900323	NA	1.12595998352995	NA	NA	NA	0.556705836407072	0.33525622545029	NA	2.24070060556335	0.834883836247828	NA	NA	1.30356950805538	NA	NA	NA	NA	NA	NA	NA	NA	NA	NA	1.02406437250777	NA	NA	NA	0.661402061359946	NA	NA	NA	NA	NA	NA	NA
NA	0.917106615474992	1.21052793436809	NA	1.76433357664542	1.87433286147505	1.28524219978849	NA	NA	NA	NA	1.53366689143986	NA	NA	NA	1.17930945874254	NA	NA	NA	1.85246106479788	NA	NA	NA	1.90260745262841	NA	1.78579024805477	NA	NA	NA	NA	NA	NA	NA	NA	1.10992207433521	NA	NA	NA	0.712221588901857	1.31981254237721
NA	NA	NA	NA	NA	NA	NA	NA	NA	NA	NA	NA	NA	NA	NA	NA	NA	NA	NA	NA	NA	NA	NA	NA	NA	NA	NA	NA	NA	NA	NA	NA	NA	NA	NA	NA	NA	NA	NA	NA
NA	NA	NA	NA	NA	NA	NA	NA	NA	NA	NA	NA	NA	NA	NA	NA	NA	NA	NA	NA	NA	NA	NA	NA	NA	NA	NA	NA	NA	NA	NA	NA	NA	NA	NA	NA	NA	NA	NA	NA
NA	NA	NA	NA	NA	NA	NA	NA	NA	NA	NA	NA	NA	NA	NA	NA	NA	NA	NA	NA	NA	NA	NA	NA	NA	NA	NA	NA	NA	NA	NA	NA	NA	NA	NA	NA	NA	NA	NA	NA
0.699481543859261	1.16145665380084	0.81460957746616	0.867254582038479	2.28686262861573	2.19294054336692	NA	2.02310524191746	NA	0.575584135738201	NA	1.76685756240342	NA	1.96714155607463	1.40867001383169	NA	2.12051809838022	0.940061758500132	2.13028168190896	2.14419082847377	NA	1.98845759715312	0.892942314206855	0.954363786034481	1.01863925369158	2.01956700872719	2.42240783095474	1.25937150189177	2.08158837574592	1.43590940270487	1.62693612277914	2.35595715787704	0.703863693164115	0.88182949939932	1.11882918412964	1.17180695855748	1.09454917800285	NA	0.837141128306435	NA
NA	0.778195426571519	0.397856094500365	0.230856224047387	0.170162313033273	0.575510220953689	NA	NA	NA	NA	NA	0.314417181350887	NA	NA	0.955281304614637	NA	NA	0.758965893402146	0.286263891474575	NA	NA	0.494892344510414	0.490399996678115	NA	NA	NA	NA	0.237482836859217	1.14001573876545	0.716374873398163	NA	NA	0.118370839405528	NA	0.46935978485295	0.624912323812152	0.601698152359327	NA	0.458768790233174	NA
0.751092931432633	NA	NA	NA	0.7406606820612	0.709343648078006	NA	NA	NA	NA	NA	NA	NA	NA	0.506246560115155	2.06290698639887	NA	NA	0.400312732444023	NA	1.50592176736116	0.400496535501068	NA	NA	NA	0.819846246460689	1.51169171785066	NA	0.751005748697619	0.733056858019465	NA	NA	0.349872369644741	NA	0.878188744726234	NA	NA	NA	NA	NA
NA	NA	NA	NA	NA	NA	NA	NA	NA	NA	NA	NA	NA	NA	NA	NA	NA	NA	NA	NA	NA	NA	NA	NA	NA	NA	NA	NA	NA	NA	NA	NA	NA	NA	NA	NA	NA	NA	NA	NA
NA	NA	NA	NA	NA	1.26705634534879	0.956834559325099	NA	NA	NA	0.759048987947251	NA	NA	0.796901599066084	0.779720255877173	0.903361784336702	NA	NA	0.801935518522279	NA	1.16422127296154	NA	NA	0.68246708532387	NA	NA	NA	NA	0.85753140682683	0.824265061576843	0.577832439469992	0.726191622432161	0.790906102309145	NA	0.538400738980893	NA	NA	NA	NA	NA
NA	NA	NA	NA	NA	NA	NA	NA	NA	NA	NA	NA	NA	NA	NA	NA	NA	NA	NA	NA	NA	NA	NA	NA	NA	NA	NA	NA	NA	NA	NA	NA	NA	NA	NA	NA	NA	NA	NA	NA
NA	NA	NA	NA	NA	NA	NA	NA	NA	NA	NA	NA	NA	NA	NA	NA	NA	NA	NA	NA	NA	NA	NA	NA	NA	NA	NA	NA	NA	NA	NA	NA	NA	NA	NA	NA	NA	NA	NA	NA
NA	NA	0.656301784919151	0.542539104814385	0.600512705030357	0.746730516534019	0.5962817339603	0.67073724633272	0.465393912067261	0.620240236643485	0.531646792091518	NA	0.599916600402261	0.826161085856791	0.608210345593018	1.80973996789796	NA	NA	0.655560368154876	0.7272105037593	NA	1.16543841353989	1.11659571821819	1.18906645446151	1.24234360236357	NA	1.07695284560724	NA	0.814257592776079	0.930942846968611	0.946817799753993	0.546295757804699	0.471057023449209	0.38343691800011	0.511975516972778	0.473704140504934	0.59033452651548	NA	0.91610803777027	0.443036662050245
1.41028135568261	0.985332758730582	1.49434308061636	1.45346163132546	0.853025119133185	0.656511864688351	NA	0.412630871696419	NA	NA	1.10070419027224	0.85614227969081	0.430997633296265	0.444128598141097	0.681431667173398	0.654543209949633	NA	0.807283920658374	1.43631837183711	1.319368622624	NA	0.594420745490424	0.574492103368046	0.98614482710241	1.17036871621587	1.09925046318645	NA	2.29241031128275	0.957199916314142	0.502984792499005	0.356251429416569	NA	0.370802752596881	NA	0.356586504562526	0.414915607092696	0.601755660325241	NA	NA	0.536002608216612
NA	NA	NA	NA	NA	NA	NA	NA	NA	NA	NA	NA	NA	NA	NA	NA	NA	NA	NA	NA	NA	NA	NA	NA	NA	NA	NA	NA	NA	NA	NA	NA	NA	NA	NA	NA	NA	NA	NA	NA
1.22563276968836	1.37648547910166	1.3412977695071	1.3478015018614	1.15748372343184	1.0989205885314	1.34522145763628	1.13527477344673	NA	NA	1.23816321639515	1.64801936362701	1.71648546110372	1.70261584861077	NA	NA	2.19719101680991	2.02729883445948	1.33229907989349	1.57570586787938	NA	1.3580826950911	1.512053922311	1.14864482309844	1.45860023243398	NA	1.34824028101414	1.68018094959967	NA	1.35853735052348	1.28763063487824	1.1277067453601	NA	NA	1.52999243034389	1.43901667206718	1.05291144302952	NA	1.66151105099286	1.47155153791302
NA	NA	NA	NA	NA	NA	NA	NA	NA	NA	NA	NA	NA	NA	NA	NA	NA	NA	NA	NA	NA	NA	NA	NA	NA	NA	NA	NA	NA	NA	NA	NA	NA	NA	NA	NA	NA	NA	NA	NA
NA	NA	NA	NA	NA	NA	NA	NA	NA	NA	NA	NA	NA	NA	NA	NA	NA	NA	NA	NA	NA	NA	NA	NA	NA	NA	NA	NA	NA	NA	NA	NA	NA	NA	NA	NA	NA	NA	NA	NA
1.24422803244535	0.944606584821167	0.951523843540666	1.15688311631335	1.13163492640943	NA	0.985834065309891	0.982695738197613	1.41278324171041	1.06092817167556	1.03341457893027	1.0923545185834	0.833966886341861	1.23384188289628	1.41202898359721	1.63580548055611	1.11466676438278	NA	2.22688823220629	1.00285512581728	1.05583997196627	0.906927233522501	0.624392517796164	NA	0.576524156194552	2.44011740669187	0.729931638611754	0.871595438617825	0.793466207863403	0.787868130029151	1.58054796377176	0.929593357530569	0.285956176364346	0.947897564818347	NA	0.359688337919183	2.13505959785997	NA	0.475803803843064	NA
1.45271567882115	1.16684434269406	0.361444979572268	NA	0.802325268527585	1.01307378789621	NA	NA	0.285931379848779	NA	0.292313812175315	0.352947022586512	0.661978279044174	NA	1.42727895425962	NA	NA	0.817819832577518	NA	1.0542760501076	0.529411165108	0.579185479294821	NA	0.367312423613154	0.457334917714077	2.23091405095167	NA	0.247593117172283	0.378028630434674	0.536059573587378	0.889572938034645	0.758955542159318	0.967638646385079	NA	0.939674887569423	NA	0.728032005677534	NA	NA	0.511371561443079
0.459992488294212	0.814399107823436	0.976672858433391	1.00319566818198	2.06268030992649	0.704654668436395	NA	NA	NA	NA	NA	NA	NA	NA	NA	1.30936291190733	1.33127978151069	1.106945437696	NA	0.84621086588509	1.19764269152269	NA	0.701624451422481	NA	0.627707131860152	0.93957472100483	0.754081540803967	0.527134950751183	0.692612780691578	0.682016941806971	0.905129620907708	NA	1.0137572165458	0.298811276144303	0.409608846955452	NA	NA	NA	NA	NA
0.912492000356159	0.654717713533537	0.779418288509411	0.591697610224679	0.606246584945408	1.15173420472001	1.18103804934657	1.36913023541842	0.856960889141113	NA	1.39848088787648	2.28418621178002	NA	1.20133312223147	0.875430374728108	NA	NA	0.34525342681667	0.404715142437437	0.231639844400046	1.19597715834862	0.520733663134633	0.719958100969633	0.68883473193639	NA	0.710212497880552	0.515074864594937	1.14814106054253	0.176169646048671	NA	0.59451660158334	0.510164677197839	0.77669962544267	NA	1.16063346262278	0.820566146872054	0.23858531946601	NA	0.460719612263869	0.574819637590126
NA	NA	3.12423223769097	3.30953615549561	3.38946860063491	3.52100726037235	3.2799877289858	NA	NA	1.9476148614282	2.80756598972309	2.65100585952268	2.27807556215227	2.67021078426639	2.60010875530034	2.58623123893294	NA	2.39727883068011	2.05678561567383	2.54340006699297	NA	2.20849425680889	2.1824763320887	2.06627624829402	NA	NA	NA	1.60010070042053	1.64802434032163	1.42026880549443	1.0617330503886	1.01405193420811	1.19416307373498	NA	0.537978407377282	0.418566153485322	NA	NA	NA	NA
NA	NA	NA	NA	NA	NA	NA	NA	NA	NA	NA	NA	NA	NA	NA	NA	NA	NA	NA	NA	NA	NA	NA	NA	NA	NA	NA	NA	NA	NA	NA	NA	NA	NA	NA	NA	NA	NA	NA	NA
NA	NA	NA	NA	NA	NA	NA	NA	NA	NA	NA	NA	NA	NA	NA	NA	NA	NA	NA	NA	NA	NA	NA	NA	NA	NA	NA	NA	NA	NA	NA	NA	NA	NA	NA	NA	NA	NA	NA	NA
0.542570880582786	NA	0.762615798600294	0.954256560602504	1.11555968114227	0.814267460119971	0.672384010004085	0.637232336997351	NA	NA	NA	0.785212620862977	0.568600695580935	NA	NA	0.588935531563311	NA	NA	0.610316058169158	NA	NA	0.680533217515098	1.06604737246688	0.945950942046326	0.794924146540737	NA	NA	0.770915640967218	0.785250183375824	NA	NA	NA	NA	0.663422488345721	NA	0.978842467242218	NA	NA	NA	NA
