0.771826662556499	0.524641939295632	NA	NA	NA	NA	NA	NA	NA	NA	0.9014644062185	0.44393011710265	NA	0.675969691108387	NA	NA	NA	NA	NA	NA	NA	NA	NA	NA	NA	0.173529295815008	NA	NA	NA	NA	1.40348568548011	NA	NA	NA	NA	NA	NA	NA	1.30055176670255	NA
0.815954775238169	0.513514282642746	0.580505138329446	1.6328493599802	0.703367060559992	1.44487081177404	1.52287116654792	0.653065858129265	0.667188221754824	0.775377543422087	1.19372154192657	0.577046352980222	0.686241779136048	1.47547923713702	1.14528772823967	1.07546172138798	0.808540607892902	NA	0.353966917420115	0.925344432651231	1.18134699126125	0.820598617392804	0.447474392370751	0.890601230756541	0.701930591270594	1.04126713605495	1.36320287955558	1.04538593186889	1.2266144233548	1.29430183783981	NA	1.2420505810702	0.69370981623156	1.1895779532535	0.731237047956076	0.888951892011148	0.781189101583786	0.728322665913032	1.01834308426313	0.66512432366583
NA	NA	NA	NA	NA	NA	NA	NA	NA	NA	NA	NA	NA	NA	NA	NA	NA	NA	NA	NA	NA	NA	NA	NA	NA	NA	NA	NA	NA	NA	NA	NA	NA	NA	NA	NA	NA	NA	NA	NA
1.29218682001209	1.5187201662097	1.46946908598746	1.3057048337142	NA	NA	0.290003407024648	0.438816382683033	0.0975576050522469	0.498509450321385	0.207791196740244	0.384500430454932	0.390453810740896	0.807172530510568	NA	0.392060973661288	0.490310818112034	NA	1.45712973969339	1.30927126030314	NA	0.35125458823649	0.893518767367029	0.505471920874411	0.768843411084327	NA	NA	0.919358493024253	NA	NA	1.1251437623402	1.4905564361794	NA	NA	NA	NA	1.55716684167245	NA	NA	NA
0.489150726298854	0.851304582258684	NA	1.33496240601053	NA	NA	NA	NA	1.57498509005419	NA	NA	NA	NA	NA	0.593615356920314	NA	NA	NA	1.24199209319175	NA	1.14529185786019	NA	NA	0.724529050737347	0.431868013074567	NA	NA	1.13080529289363	0.788915421733898	0.778733851886005	NA	NA	1.00275291655915	0.572025491545002	0.717148214585142	NA	0.537243581564771	NA	0.745887507162648	NA
0.776536355403503	1.03221389655802	1.10676064868169	0.633870181218635	0.718602542046083	0.523620570118086	0.276662243998252	NA	0.573863660569547	0.500470918315698	0.40323272174501	1.91212052003947	0.738208265579788	2.12212380746564	0.626764068870219	0.131494620714732	NA	NA	0.565541398234222	2.1468160223216	NA	NA	0.337257261117515	NA	1.42832022673797	0.465006244524173	1.91553566728738	1.6306460520364	0.667599842514647	0.596986028784285	0.391722389289163	0.491928505714074	1.2200792808863	0.935001852156049	0.679258864594303	1.91635527923208	1.0128746800676	2.01615242398198	0.520871226914257	1.07047849832315
NA	NA	NA	NA	NA	NA	NA	NA	NA	NA	NA	NA	NA	NA	NA	NA	NA	NA	NA	NA	NA	NA	NA	NA	NA	NA	NA	NA	NA	NA	NA	NA	NA	NA	NA	NA	NA	NA	NA	NA
0.480138982928181	1.51851936630484	0.686018149498492	0.513389212440838	1.1367072855575	1.37514157791905	1.14650753989059	1.25238972637212	0.685534615780538	1.16892962450965	1.71226238875464	0.692669884162619	1.43142040489034	1.11337645469632	0.758747144105648	1.13358908288356	1.34394418429061	NA	1.76134909090294	1.72915737364813	0.285847027953119	NA	0.524972410180531	NA	0.26205827340674	0.31163225799317	0.705857697471088	NA	0.300079438736296	0.681640317339258	1.09785181419499	1.16993982971412	1.73396804134735	1.66527099897951	NA	0.399532307287821	0.501430587997995	0.336489148844304	0.409856829647865	NA
NA	0.651733135822174	1.2598954977953	0.655202654329454	1.00022561619607	NA	0.991035813936825	NA	0.429689584916337	1.23226496631687	0.932233300403373	0.691637082644422	0.561841577343458	0.414441532519924	0.550009924939524	0.478223056925507	NA	NA	0.10111936087412	0.604227897031818	0.91782819302917	0.486114700734163	0.211557325743792	0.495699864813389	NA	1.72492909230008	0.811926201072908	0.681595624794431	0.313229590450867	0.667064388042866	0.720177885804153	1.57761817443281	1.03585831899879	0.894431848660701	NA	NA	0.967761982285551	0.889199777865154	0.91363123261156	2.08968545272279
NA	NA	NA	NA	NA	NA	NA	NA	NA	NA	0.601694138308624	2.0075762812116	NA	0.187270135745154	0.443453854939316	0.423147247124718	0.470936290564698	NA	NA	0.302264153235203	0.192420193813549	NA	0.258973461736915	NA	0.233015437934736	NA	0.506199140747455	0.205861746327757	0.626093378789212	0.509498568434832	0.598307063540488	0.751670261441001	0.235319335365297	0.55564896293106	0.77131309455208	1.35220003687181	1.2580501823146	1.85501285672174	2.33335088711047	1.08984701563249
2.31009638308493	0.99702971954735	0.870619650060051	1.3675138284935	1.92102374437917	1.54165132201969	1.81872602840379	NA	2.13074115834839	2.37802163481273	0.747899698824484	0.766197241850697	0.809194207780951	2.13349636599748	2.44391308447643	NA	2.19252927077367	NA	0.754535281282842	2.32839124156442	2.10075600927686	2.31808220399606	0.19101406350779	2.17906410535863	2.0857064416238	0.81985610891061	2.54590091933845	2.40729177512823	0.916255665249891	2.45721615851088	2.03492823839478	0.828910036894667	2.3808511173425	1.14487116742784	2.21568732393961	2.02567491110639	2.32100085681807	NA	2.73648678810137	2.37057976701821
NA	NA	NA	NA	NA	NA	NA	NA	NA	NA	NA	NA	NA	NA	NA	NA	NA	NA	NA	NA	NA	NA	NA	NA	NA	NA	NA	NA	NA	NA	NA	NA	NA	NA	NA	NA	NA	NA	NA	NA
NA	0.910743483081854	NA	1.02541574133628	1.48611046653547	1.17035881359781	1.05858313584591	1.27387656595961	1.26236699435282	1.01468630026231	1.42600284095112	0.375959245613166	0.584947487647463	0.991028684529393	NA	0.509739524540065	0.764664966951292	NA	0.584820274774152	NA	NA	0.748092489166123	0.506538018913657	0.466162459300849	0.843372381922007	0.929399643140028	NA	0.938594755547485	NA	0.586190331209197	NA	NA	NA	NA	NA	1.21697984197531	NA	1.23661074381153	1.10414146513996	1.29778082064876
NA	NA	NA	NA	NA	NA	NA	NA	NA	NA	NA	NA	NA	NA	NA	NA	NA	NA	NA	NA	NA	NA	NA	NA	NA	NA	NA	NA	NA	NA	NA	NA	NA	NA	NA	NA	NA	NA	NA	NA
NA	NA	NA	NA	NA	NA	NA	NA	NA	NA	NA	NA	NA	NA	NA	NA	NA	NA	NA	NA	NA	NA	NA	NA	NA	NA	NA	NA	NA	NA	NA	NA	NA	NA	NA	NA	NA	NA	NA	NA
NA	NA	NA	NA	NA	NA	NA	NA	NA	NA	NA	NA	NA	NA	NA	NA	NA	NA	NA	NA	NA	NA	NA	NA	NA	NA	NA	NA	NA	NA	NA	NA	NA	NA	NA	NA	NA	NA	NA	NA
NA	NA	NA	NA	NA	NA	NA	NA	NA	NA	NA	NA	NA	NA	NA	NA	NA	NA	NA	NA	NA	NA	NA	NA	NA	NA	NA	NA	NA	NA	NA	NA	NA	NA	NA	NA	NA	NA	NA	NA
0.851265890806203	0.627495384003472	NA	0.407828227318211	0.596123286568712	0.392116048228765	0.193142639606372	0.638141416942493	1.02641971799601	0.751182945604067	0.872374815551796	NA	0.423047143593892	0.39757835036494	0.257432047080277	0.336860246603382	0.380954961822506	NA	0.207507978962853	0.496961584101561	0.929506664141448	0.532084395341958	0.434391079376367	0.406365595039825	0.51203169937887	0.728872118139631	0.811906603009246	0.620089118485604	0.486555218203249	0.413547628570799	0.325980251811494	0.51455984222214	NA	0.369161071728871	NA	0.47679019028897	0.70425076640366	NA	NA	0.623454579901365
NA	0.254067663709089	1.2013448470175	NA	NA	NA	NA	1.72387632407592	NA	0.38544006638887	0.562161548966479	1.37922694799713	0.8204672177523	0.671612786940658	1.18835788639781	NA	1.3514125739694	NA	0.642776348082397	0.393388891338079	NA	NA	NA	0.779626675493669	1.38914399585974	NA	1.8652519194597	NA	0.919311357177724	NA	1.2163264245952	1.60863072393494	1.50487707700545	1.21879370201357	NA	NA	NA	0.919459149579596	NA	0.895220251130302
0.550108563695711	0.58460110170636	NA	1.21947341291447	0.569967880968857	NA	1.59269320753546	0.524678141254751	NA	0.856990169774033	0.954833191874558	NA	0.713245210562436	NA	NA	NA	0.365869051045829	NA	0.236655423990205	0.762364873282354	NA	NA	NA	NA	0.183981120029683	1.80645843603889	NA	1.7176920828299	0.105305970355319	0.111798953620862	1.68395371508392	1.66633797420974	NA	NA	1.84485129132466	NA	NA	NA	0.714226373529835	0.652666759548272
0.637552317948004	1.23651566225023	1.42002706020317	1.15938229006089	NA	0.963740407383851	1.17404246138424	1.71815635242613	NA	1.36083708795805	1.51472162767721	1.93907945020493	1.06849365485846	1.32474928354044	0.582754413627742	1.03344243446381	0.657848387774675	NA	NA	0.874228340533897	1.41999570641927	1.2472013681265	0.862691552988901	NA	2.15817835545074	1.09525350428138	NA	1.20107655445311	0.584140316637242	1.37814096925798	1.76778525248378	0.808016319666805	1.51230166326852	1.63395810270085	1.28508867372868	NA	NA	NA	NA	0.595918806554202
1.13235693815275	1.01606743397759	0.399652387941514	0.510006039822613	0.466439177047626	0.708703688293776	0.289989843910339	NA	NA	NA	0.363721576609499	1.13867226198618	NA	NA	0.696951193214368	0.227986487318724	0.661295616894612	NA	0.252827264567346	NA	NA	0.181122427230598	0.48038389099675	NA	0.103620481560484	NA	0.655170121067761	0.61570316535577	0.468193767006473	NA	0.478308858496992	0.575262193223102	0.807517185552751	1.63230428750747	0.333668557892197	0.416678680771994	0.21487380087413	0.641554746886568	NA	NA
0.97802570484852	NA	NA	NA	NA	NA	NA	NA	1.358702473707	1.47499790041671	NA	0.55876794642597	NA	0.652121024888139	0.520454097807899	NA	0.803369769393169	NA	NA	NA	NA	NA	0.847444853345268	1.34562428003984	NA	NA	0.438775535185446	NA	0.574934159438733	1.51715223793338	1.51969027501285	2.64876731977465	1.72327967472187	NA	NA	NA	NA	NA	NA	NA
NA	1.09615987964467	NA	NA	NA	0.920523637819034	NA	0.555489904360633	1.00978542327777	0.808974174691872	NA	NA	0.690556935629906	NA	NA	NA	0.525583588740193	NA	0.1564792201296	NA	NA	0.40941764290704	0.219375717618325	0.682483867316728	0.80646125776799	NA	NA	0.718005391681842	NA	0.616757393122819	1.33684476024763	NA	0.875831840389246	NA	1.03052882346819	NA	1.48112636960076	0.786894247628941	1.58326750983611	NA
NA	0.43841366985975	NA	NA	0.404134591720705	0.375431161697349	0.550328721396189	NA	NA	NA	NA	0.825977987049984	0.96037063362112	0.569416578504257	0.92196450901482	NA	0.26508377236839	NA	0.789536147833041	NA	NA	NA	0.267176641624255	NA	0.325091747477786	0.826205619223587	0.879824278362389	0.941297532388836	0.947223926655379	1.26869978048018	0.806430798034405	0.936380930978348	0.410930873562871	0.805973871562949	NA	0.635429559543704	NA	1.14434579381992	NA	NA
0.626184092262308	NA	0.853971145162517	1.12021252795857	0.748823401852531	0.651640312425511	NA	0.413964414677186	0.369174736531433	0.179893844066897	0.304542593240329	0.437531886275508	0.645258921746213	0.481562107935445	0.449327616920376	0.212030080179569	0.238504118921018	NA	0.387030603810416	0.765627783855222	0.776028852757675	0.619922194572208	0.425952565674249	NA	0.464808434264345	0.365445278286599	0.466296101647964	0.565470128600916	0.761678447458584	0.97534093615617	1.07413848331238	0.646073167263286	0.589500159302684	0.510166443572172	0.902145012065422	1.00172631314667	0.972847593175091	1.50522385841801	1.29869886863872	0.871689944546659
NA	NA	NA	NA	NA	NA	NA	NA	NA	NA	NA	NA	NA	NA	NA	NA	NA	NA	NA	NA	NA	NA	NA	NA	NA	NA	NA	NA	NA	NA	NA	NA	NA	NA	NA	NA	NA	NA	NA	NA
0.512342074873662	0.270520202448035	0.500122817231082	0.568360384237611	0.844458785516566	0.81254421239923	1.40543164513325	1.06230014380359	0.65474920884427	0.916416922158485	2.07292508443379	1.16970308143246	0.366604414407546	2.2332351006034	0.598529672802689	0.653618176705935	0.468070109591943	NA	0.534241948225054	0.483786319314898	0.529348685190679	0.490472770019737	0.343327921344498	0.445321171965649	0.788750488187218	0.49330613055679	0.386894968441477	1.6236622946081	0.296578831384222	1.36119148341671	0.575556396372215	0.473573429965444	0.281142573734317	0.50542979736013	0.494671119565573	0.875392028815194	1.34469975679632	0.797818621616387	0.324949262937978	0.778166664171407
NA	NA	NA	NA	NA	NA	NA	NA	NA	NA	NA	NA	NA	NA	NA	NA	NA	NA	NA	NA	NA	NA	NA	NA	NA	NA	NA	NA	NA	NA	NA	NA	NA	NA	NA	NA	NA	NA	NA	NA
1.42183044901899	1.57014189337091	1.8702414028413	NA	1.67662342602961	1.61381863580106	1.56635015759172	1.92564135304302	NA	NA	1.21894860495425	1.19492071193085	NA	NA	NA	0.391188957649415	0.987770802609692	NA	1.31870790973765	0.291256004534462	1.54385771628585	0.683449980368425	0.811028736270338	0.956160358412182	0.717480735016604	0.524765750655197	0.366140594765187	0.546832317096323	1.47920979031171	1.05350833462085	0.78218784587007	1.03104882001484	0.931373990485132	1.64669911239957	NA	NA	1.1670042831487	NA	NA	NA
0.912539129198069	NA	0.683675598031149	0.512641783109277	2.47364047373887	NA	0.171507100736962	NA	0.558476867756468	NA	0.246102981721564	0.515094562062695	0.466639958462394	NA	NA	0.73616311103404	0.527100095280192	NA	0.158268675211852	0.535580075971821	NA	0.842087250518337	NA	1.15945356905209	NA	1.62018370459956	1.34884942928359	1.5167091280428	NA	NA	1.96389508498015	1.90973352042149	2.30719979080311	2.28630024915703	2.27766972885973	NA	3.18228132007076	NA	NA	NA
NA	NA	0.637955574385215	NA	NA	NA	NA	NA	NA	NA	0.466894902433047	NA	0.451200730024916	NA	0.27526300704037	0.733214437366518	0.327399175007123	NA	0.295517680065682	NA	NA	0.366494945362608	0.680635485205596	2.1857452128754	0.685639780142139	0.662372162148593	NA	NA	1.22280056644056	1.18908536250139	1.42563630540865	NA	1.10858604467342	NA	0.79481305123899	1.73691985895099	0.988441019697792	0.7542510536106	2.00828676099502	NA
0.47042516722921	0.697728769629861	0.559770375422527	0.604653617215891	0.685568930904886	0.716719375611367	0.802743953687905	1.06687532571282	0.615265097895705	0.648290215260497	1.05295773134254	0.32589622936724	0.536968712956282	0.570357979656439	0.750607639726457	0.798623590629804	0.480290902805667	NA	NA	1.0588700691862	0.280567821157327	0.564542908097774	0.398386624531276	0.995040316786522	0.0695327412893189	0.899809420071262	NA	NA	0.832960878374483	NA	0.899815585285722	0.909218255090211	0.880278780458021	0.740968983870087	1.072273189297	NA	0.632036389961763	0.640025898913176	0.448966565613525	0.989463436936895
NA	2.47874404753087	NA	NA	NA	0.841651664061142	NA	0.529453173526165	NA	0.541080053172088	NA	0.669492840687665	0.378988838790303	0.596627985912191	NA	0.283405145135083	0.21781669869006	NA	0.639719586541451	NA	0.577262847860253	0.435583948936953	NA	0.715258491125472	0.559261102805992	NA	0.568355356138842	0.81108190567393	0.850484544278565	1.16244093698373	0.731237638404891	NA	1.44185484123539	1.35278204662235	2.51419159409449	NA	1.83973162060105	NA	0.809115420002243	2.60686901377987
NA	1.3163926281035	1.46059348075533	1.08762846031598	0.288006327168045	NA	2.11573166349275	NA	NA	0.774073204075748	1.6097989582799	1.23524195727057	1.62056953815968	1.49292741481183	2.16199400505107	1.74535602587318	0.386469549448595	NA	NA	NA	0.62665890346546	NA	1.73949265977017	NA	0.403842275094122	1.83811785568039	1.61814139850257	NA	NA	NA	1.36191680553114	0.765282270848427	1.38612190337462	1.31678692204803	NA	1.58440366027155	0.525748988420002	0.488119369407688	NA	1.38899662616851
0.740488773340047	0.532026069474415	0.378537533208197	0.802349725623805	0.752257554808356	NA	0.896079683755577	NA	NA	NA	NA	NA	NA	NA	0.24830588864399	0.714323414855986	NA	NA	0.73611621954212	NA	NA	NA	NA	NA	NA	NA	NA	NA	NA	NA	NA	NA	NA	NA	NA	NA	1.30930209436581	NA	NA	NA
1.60477604708267	0.545687913011811	0.525796777603349	1.4058254402169	0.376519085844202	0.19656367210312	0.518534200729723	0.769231857165082	0.594911372151814	0.744040165143587	0.380027840139586	0.621517600504359	0.572006783210563	0.374945661191946	NA	0.198815735820701	0.146757079644128	NA	0.579925232365086	0.386927293787528	0.931320555441211	0.984691015495423	1.30085991018687	1.28334905116937	1.3823880872423	1.80186618321786	1.59828210666589	1.70737141237952	1.5959065346248	0.761286894190913	1.38474034941084	0.235164369060844	1.42645303115638	1.09971590999109	0.473265964319948	1.04218756515384	1.35093036872894	1.05804872628716	0.968231448876675	1.1344657472844
NA	NA	0.375048197411346	0.429151003123509	NA	NA	1.4207057795288	0.716444557008413	0.628852205572655	0.85536159838843	0.864104740714946	NA	0.719044017128851	NA	NA	0.708791845752719	NA	NA	0.30691826295591	0.487385341745678	NA	NA	1.10916050111929	NA	0.363391884035855	1.06981022002719	1.02774610777285	0.614639158186979	0.866091166377618	0.872649859558718	1.47050621548701	1.65142323565981	0.976621372695835	0.699058967246538	0.444382758388302	NA	0.772242632451327	1.55040504816323	NA	NA
NA	NA	NA	NA	NA	NA	NA	NA	NA	NA	NA	NA	NA	NA	NA	NA	NA	NA	NA	NA	NA	NA	NA	NA	NA	NA	NA	NA	NA	NA	NA	NA	NA	NA	NA	NA	NA	NA	NA	NA
NA	NA	NA	NA	NA	NA	NA	NA	NA	NA	NA	NA	NA	NA	NA	NA	NA	NA	NA	NA	NA	NA	NA	NA	NA	NA	NA	NA	NA	NA	NA	NA	NA	NA	NA	NA	NA	NA	NA	NA
NA	NA	1.3690806773022	NA	NA	0.693814682009447	0.45768988711142	NA	0.387839524162377	NA	NA	0.566168721445474	0.216170249709022	NA	NA	0.747650494503618	NA	NA	0.188875105625338	NA	NA	0.361929075752648	NA	0.504361493211225	NA	0.15462649501117	0.871964162252313	NA	NA	NA	NA	1.08457972065917	0.944851538415048	1.15879855378888	1.33619037396822	NA	1.5274942000451	1.42291499635078	NA	NA
NA	NA	NA	NA	NA	NA	NA	NA	NA	NA	NA	NA	NA	NA	NA	NA	NA	NA	NA	NA	NA	NA	NA	NA	NA	NA	NA	NA	NA	NA	NA	NA	NA	NA	NA	NA	NA	NA	NA	NA
NA	NA	NA	NA	NA	NA	NA	NA	NA	NA	NA	NA	NA	NA	NA	NA	NA	NA	NA	NA	NA	NA	NA	NA	NA	NA	NA	NA	NA	NA	NA	NA	NA	NA	NA	NA	NA	NA	NA	NA
NA	NA	NA	NA	NA	NA	NA	NA	NA	NA	NA	NA	NA	NA	NA	NA	NA	NA	NA	NA	NA	NA	NA	NA	NA	NA	NA	NA	NA	NA	NA	NA	NA	NA	NA	NA	NA	NA	NA	NA
0.536837381465445	0.665028323082592	NA	1.97383342038509	NA	NA	0.799736888014452	2.20582736537142	NA	2.33032497629416	2.38826994902382	NA	0.77484861190881	2.15374584225495	2.13717432247641	2.10876969767051	0.687912231330379	NA	0.172864214323747	0.270326814446808	0.898697396089916	0.648001100081213	0.333745275326324	0.505840779878798	1.01128291595608	0.70547523553492	NA	1.08732857338875	1.23947444284437	2.76383658013535	1.50969059027963	NA	1.3321581925123	0.777058374132116	3.12194669683434	NA	1.43450980136447	0.729244356233204	NA	NA
NA	0.505745453115494	1.54523895774498	0.422917062093206	0.305068486765546	NA	0.509713914952468	NA	0.50781912402609	0.0575483484107699	0.51686050641124	0.241879742133787	0.265489973060623	NA	0.194865699884178	0.190286505773879	0.601005725075948	NA	0.697906336758248	1.3077542215151	0.291894576482577	NA	0.317735173998336	0.718348731403903	0.90683829315286	0.587580669808386	0.554866229809504	NA	NA	0.625062671253303	NA	2.71891938516284	0.337089668361541	NA	1.01176080694442	NA	NA	0.898629878737546	1.60510930510727	NA
0.440927565338914	1.36703178427372	NA	0.285559903879604	0.274613788338834	0.569116115846288	0.394778365483799	0.683700713469272	0.105070013657724	0.401222850067277	0.040045654703084	0.562917663346202	1.27352522884334	0.546820867296002	0.50142095834345	0.228662101016328	0.376808428930549	NA	0.823475656756221	0.728467674845881	NA	0.86827157160802	0.721824544369994	0.226150009180427	0.771022626814858	0.285175010273394	0.793305540445039	0.555557204731575	0.425379641677674	2.29612049143504	NA	0.775071930343398	0.702565473075748	0.497369267258921	2.19515333097385	NA	0.466147062708367	0.73748371794439	0.441264350598551	0.300649314156413
NA	NA	NA	NA	NA	NA	NA	NA	NA	NA	NA	NA	NA	NA	NA	NA	NA	NA	NA	NA	NA	NA	NA	NA	NA	NA	NA	NA	NA	NA	NA	NA	NA	NA	NA	NA	NA	NA	NA	NA
NA	NA	NA	NA	NA	NA	NA	NA	NA	NA	NA	NA	NA	NA	NA	NA	NA	NA	NA	NA	NA	NA	NA	NA	NA	NA	NA	NA	NA	NA	NA	NA	NA	NA	NA	NA	NA	NA	NA	NA
NA	NA	NA	NA	NA	NA	NA	NA	NA	NA	NA	NA	NA	NA	NA	NA	NA	NA	NA	NA	NA	NA	NA	NA	NA	NA	NA	NA	NA	NA	NA	NA	NA	NA	NA	NA	NA	NA	NA	NA
NA	NA	NA	NA	NA	NA	NA	NA	NA	NA	NA	NA	NA	NA	NA	NA	NA	NA	NA	NA	NA	NA	NA	NA	NA	NA	NA	NA	NA	NA	NA	NA	NA	NA	NA	NA	NA	NA	NA	NA
NA	0.608894788666047	0.64545476102526	0.961705484972646	NA	NA	0.739599111993635	0.854079522682183	0.809140194998507	NA	NA	0.512010705940999	0.447006074406955	NA	0.535042361622868	0.63175008091031	0.647457678005654	NA	0.628724088750571	NA	NA	0.135358557073898	NA	0.379793565501512	0.286862846615333	NA	NA	NA	NA	0.559851269922517	NA	NA	NA	NA	0.279751715788489	0.29919670499711	0.808847459897057	0.933019374197017	NA	0.964074012829895
NA	0.144497772829729	NA	0.507521663278669	0.714078041487383	NA	NA	NA	1.68978224941587	NA	NA	NA	NA	NA	NA	NA	NA	NA	0.296286060629644	NA	0.445435122596301	NA	NA	1.65565216208266	0.214401290253924	0.483563170110293	0.279123052151977	0.640938419368583	1.85331782626405	0.502352660866865	1.57244901901487	NA	1.13379398786491	0.841555112620606	NA	NA	0.336180667511933	0.83985158865557	0.455652335010674	NA
1.93268009833715	1.56477658485454	0.845937300365731	NA	NA	1.7505291876304	NA	0.740006211660379	1.94100314965645	0.85564291624477	1.90185014490351	1.31571750944893	2.29647160747923	NA	1.53518229632395	1.84424525450225	0.725810368297312	NA	1.52670261224373	0.932028217255787	2.20616934169564	1.4398747209934	1.88968660227909	1.61559867602087	2.32964466127152	2.16978976526653	2.2529568869428	2.19058020730417	NA	1.80179150131496	2.01531505419439	1.97927805049121	2.22567816370995	NA	2.36923467499209	NA	2.33176359482353	1.68335588743385	1.61264912378969	1.43700996745767
0.845471407566789	0.73079606177582	0.915929794772361	0.687229151441463	0.496833639697969	0.709623249113764	NA	NA	0.955701497034784	1.09220303190537	NA	0.93342060349936	0.737152419638036	0.577160226266377	NA	0.520972564396021	0.169666033039413	NA	0.48214371686082	0.188833674149402	NA	0.203548227003298	0.544906396286276	NA	NA	1.2979633123596	0.76054863669256	0.869539702442866	0.643292654973366	0.72098356995802	0.376766959441413	0.479368673355997	0.562727306616309	0.673910411592982	0.956127744230549	NA	0.602810366234105	NA	0.993113263134025	0.750664082886571
0.370922950059437	NA	0.462264270923806	2.17570145532452	NA	0.24981202462723	0.462274221277968	0.515760817459301	NA	0.653293446475639	1.5699375148626	1.88438212519911	1.46997156836438	1.40834643026003	1.72215522577861	0.413333119648575	NA	NA	NA	NA	NA	0.386376398025652	0.571664871817897	NA	0.417823052019446	NA	1.54512589289964	0.847529127736081	1.18373574703747	0.976043436583627	NA	1.13020895199207	NA	NA	1.1851001811416	NA	1.87971902083708	1.756441594377	NA	NA
0.748011367101929	0.808197211166081	0.908534978369684	0.538511354337841	0.265344791008227	1.39524321691929	0.355665176586831	NA	0.595261654979849	0.891362904455709	1.47894112367806	0.364820149288475	0.753264318616873	1.59082836574562	NA	0.436123407866768	NA	NA	3.10087836209085	NA	0.94804282257822	1.83891902158305	NA	1.94682916330808	1.82058293816601	1.94909876376242	NA	2.16740177896439	1.7918689221118	1.76432372728798	1.55995668298936	NA	1.83955314998381	1.44323149144401	2.1140310369622	3.03606346517012	2.47945380050195	NA	2.70559236932638	NA
NA	NA	2.28698477619448	0.628483792495818	0.763444729220715	2.29882976598005	1.56108599806215	2.24429620355493	NA	0.946616723237881	0.901278388519306	0.858833937366975	1.09850595318544	NA	1.12463679909265	0.886580592989722	0.651061178117175	NA	0.475345794373325	0.564671333854762	1.70415259658877	0.892200934262811	1.04048764705127	NA	0.758044357887824	2.25281947028838	1.80614646851937	0.494384435496326	0.697260669720313	0.579598464050873	1.59139777764772	0.503532615160637	1.88403386486912	0.237980062625093	0.536782676132678	1.27386940990219	NA	NA	1.30695917785907	NA
NA	NA	2.05766756989594	NA	NA	2.13429449461932	1.45576109991117	1.47119225346509	1.58971348556188	1.40769077278997	1.08475154144983	0.93500343282416	1.40332505966843	0.941115225409262	1.88310797316251	0.637421882121901	0.297799695692843	NA	NA	NA	NA	NA	0.821149574736808	NA	NA	NA	NA	NA	NA	NA	NA	NA	NA	NA	NA	NA	NA	NA	NA	1.05366803928916
NA	NA	NA	NA	NA	NA	NA	NA	NA	NA	NA	NA	NA	NA	NA	NA	NA	NA	NA	NA	NA	NA	NA	NA	NA	NA	NA	NA	NA	NA	NA	NA	NA	NA	NA	NA	NA	NA	NA	NA
0.934420433617372	0.845765697802161	1.31625182760236	1.13964517794852	0.747813706554608	NA	0.547914590014563	0.937205167525221	0.500021529425243	0.421701502675614	0.210516490953726	0.27470968928599	0.763975764586189	0.647526928518546	0.655894844132197	0.36347148225217	0.174987547637872	NA	0.14702577366299	NA	0.660247141730006	0.78189024846364	0.880978838763836	0.535288286293031	0.486385192308391	0.577452111565795	0.467822595826378	0.441761674421387	0.579168432076409	0.688013185654934	0.553793515112334	0.368136529283045	0.321014019036148	0.28578770814602	0.913889853207414	0.912345695707463	0.756146899474965	0.495220763990743	NA	0.534306092014351
NA	0.500261280202031	0.457914478920231	NA	0.680674569280131	NA	NA	1.30547804747315	0.401756268285427	NA	NA	NA	0.59946291711987	0.0827677588972049	0.558955524921232	NA	0.352806858899005	NA	0.360426933665868	NA	0.371444957407248	NA	0.652828632105761	NA	0.311415029712333	NA	0.0534224893964633	NA	0.780137839190878	0.908587700837499	1.28285969717257	1.45756591371412	NA	2.80402691247644	0.212427904210182	0.932316067449631	1.05756095403757	0.347972991600856	0.555948795084259	NA
1.00123893217812	1.99351459373843	1.74442885122466	NA	NA	1.3933526258132	2.27686558743545	2.1299285694877	1.83793462384422	1.37588397864072	1.38358366984701	1.43219008828005	1.91304900089928	1.22484084325379	0.865321319450248	NA	0.73238065082481	NA	NA	NA	1.05298483037624	NA	NA	1.25579433030802	NA	NA	NA	NA	NA	NA	0.584632804604036	NA	NA	NA	NA	NA	NA	NA	NA	NA
NA	1.64987488542531	1.85555025834671	0.727886982590064	NA	NA	1.69746318086387	NA	NA	NA	1.7212947857662	NA	NA	NA	NA	NA	NA	NA	0.384380107817834	NA	NA	NA	NA	NA	NA	NA	NA	0.504487473162457	0.499666456977203	0.512410260201418	0.839151095630429	NA	0.357047256106232	NA	NA	NA	NA	NA	NA	NA
NA	NA	NA	NA	NA	NA	NA	NA	NA	NA	NA	NA	NA	NA	NA	NA	NA	NA	NA	NA	NA	NA	NA	NA	NA	NA	NA	NA	NA	NA	NA	NA	NA	NA	NA	NA	NA	NA	NA	NA
0.242021573674955	0.719055612107595	0.627505416010095	0.863200789867355	0.582546664183822	1.13315134116432	0.424357147226991	0.55815031201815	0.756283506401329	0.806035269427746	0.278382653308874	0.594623321120051	0.208051535949909	0.598060513508707	0.457747593796934	0.538273567480648	0.39089591714723	NA	0.553339537845993	0.867769823521805	0.149341192074219	1.43756574518687	1.19617000820302	1.28337030431578	2.18743028089129	1.57903907164177	0.788857365929016	1.35705247427833	0.744514859392844	1.30595522227968	0.679583384817463	NA	1.86981065951333	NA	1.12264353479115	NA	1.98149652883294	2.11281063472099	0.866336032628952	1.11342734920563
NA	0.381879451145512	0.307617865057296	0.551613300255821	NA	0.834287806475455	0.22920154891504	0.383582390922863	0.178846783506789	0.236206609200677	0.322330698464851	0.349507280615373	NA	1.49403451789567	0.232516629931565	NA	NA	NA	0.74514121049195	0.311869739053903	0.265476916322842	0.293510706921777	0.37552095345608	1.21186355697557	0.671830132588419	0.672295895013542	0.598726704905004	0.490299947511898	0.615916942949479	0.887453188947997	NA	0.826539525564612	0.857177952820078	0.555980779091945	0.716009567004224	NA	1.24297736880629	NA	0.629446934329314	0.783336314099115
1.66226569520722	1.70795201535657	NA	NA	NA	NA	1.63313974713614	1.73692402433697	NA	0.83543552731129	1.16167105141852	NA	0.667603574380677	NA	1.43126269020646	1.38872873913073	1.23547153083623	NA	0.204169717523888	0.41089225675766	NA	1.58924096994849	1.63602822869216	NA	NA	NA	1.80850901877453	1.4572515913749	1.5211513294464	1.7611364682763	NA	NA	1.67304635186882	NA	1.2705115751562	1.2262015530061	NA	NA	NA	2.04905288141016
NA	NA	NA	NA	NA	NA	0.392817832072204	0.460662724969004	NA	NA	NA	0.56170260608631	NA	0.383912808111277	NA	NA	0.283607308666819	NA	NA	NA	NA	NA	NA	NA	NA	1.16448868752026	0.751695547729033	NA	NA	NA	NA	1.65479692207669	NA	NA	NA	NA	0.435966099365925	NA	NA	0.817614642387993
NA	0.337933116470392	NA	0.433771398829581	0.751861272866711	NA	0.273185839220394	0.98648406680914	0.310788777456291	0.374171349566	0.303589242211103	NA	0.392327396460813	0.482716778840351	0.338176238233515	0.0922577782533325	0.528524813065613	NA	NA	0.917792514867833	0.564824190728954	0.890969171382462	0.215315475351165	0.526590270673984	0.427852649175251	NA	0.715975833685852	0.0983007238587318	0.991696885056307	NA	0.276611164814175	NA	0.393004841531112	0.416633959521191	0.632707602756451	0.454497028546456	0.425169054676924	0.339400199836789	0.25828615592285	0.846773500603637
NA	NA	NA	1.3728902861359	1.34183071134399	NA	NA	NA	1.66887606671342	2.38054394085062	1.12571657696283	1.1662531679817	1.28160309584405	0.573161721557002	NA	0.566778863942495	0.980976263313781	NA	NA	NA	1.50902663055559	NA	0.29019637511797	NA	0.818828171178185	0.579941323886562	NA	1.00225443260969	1.62832502014439	2.3411845759572	1.81686502240124	1.66396138772667	NA	0.363791735014285	NA	NA	NA	NA	NA	2.09656036644791
0.70857171424265	0.876015132418653	0.989170873164073	1.96192668176849	1.04716915521137	NA	0.907745082456642	0.812126848421653	1.26703721014247	1.04979875331916	1.09330650003793	1.1271747735432	0.588533316230361	0.621468376185526	0.652060985679872	0.571402035406121	1.31490279170988	NA	0.363494784631382	0.57934326289066	NA	0.591369429216611	1.00036860660324	1.32568786126368	0.728828437471494	0.927251835823909	1.36650267895195	0.885450055481438	1.12628073827942	0.507937701815361	0.691310090390199	1.21026329419143	1.10998820780131	1.04503708550106	1.48575541964084	1.21310299876935	1.50398513365004	1.00474499816605	1.38480848664662	1.41297287397903
NA	NA	NA	NA	NA	NA	NA	NA	NA	NA	NA	NA	NA	NA	NA	NA	NA	NA	NA	NA	NA	NA	NA	NA	NA	NA	NA	NA	NA	NA	NA	NA	NA	NA	NA	NA	NA	NA	NA	NA
NA	NA	NA	NA	NA	NA	NA	NA	NA	NA	NA	NA	NA	NA	NA	NA	NA	NA	NA	NA	NA	NA	NA	NA	NA	NA	NA	NA	NA	NA	NA	NA	NA	NA	NA	NA	NA	NA	NA	NA
NA	NA	NA	NA	NA	NA	NA	NA	NA	NA	NA	NA	NA	NA	NA	NA	NA	NA	NA	NA	NA	NA	NA	NA	NA	NA	NA	NA	NA	NA	NA	NA	NA	NA	NA	NA	NA	NA	NA	NA
2.4202012456842	2.04372161980167	2.05124925053045	2.07094797581127	1.93353837641914	0.681463559913532	1.51405974760251	1.39798282419559	1.54155392386666	1.33339242136452	1.94002951199626	1.9568785803219	2.12995108100558	0.790807621083526	1.20229463123931	0.921842982293326	0.877134628199391	NA	1.89634125641203	2.46279333952358	2.19218011040408	1.30462621471986	1.62378637534449	1.09652411424781	1.08867741218152	0.715549884209553	1.66435702956284	1.44024789124775	1.61478702025421	1.63561476229889	1.4776673041495	1.40509104235698	0.808603284706333	1.78977592146824	0.824877454228604	1.3715412255045	0.936244954439889	0.904139933253968	2.0677131326211	1.02509269803879
1.08560325569986	1.00652378441097	1.09123312794748	1.28565090786128	NA	NA	1.98927390896628	2.00890525082812	NA	NA	1.14691331679972	0.96812523102846	NA	0.769583630646563	0.833710044492026	0.562135058910761	NA	NA	0.355016277156444	0.118493357997956	NA	0.0949242972690166	0.176988151973829	0.376895049905804	NA	0.438717758037539	0.576450301923879	0.727759742185373	NA	0.590626295281095	0.821601493486466	0.862507059227361	NA	1.00301676882517	0.501502194990468	NA	0.683323526811422	0.375641854609309	0.670263007263807	0.612704604747728
1.27826347319986	0.852968584431759	NA	NA	0.843541197764609	NA	0.836224271861927	NA	1.59228877260266	NA	NA	0.63260298024871	1.23066295141497	NA	NA	NA	0.590348589702146	NA	0.597114312654016	2.51762638751163	NA	NA	0.314181916205839	NA	NA	NA	NA	0.808100949603621	NA	0.498185201329201	0.770751228011999	0.501375929396062	0.677184892201251	0.851318020026767	1.07457425825056	0.520059001762296	0.563190598418054	1.17696551157222	NA	1.03082689352037
NA	NA	NA	NA	NA	NA	NA	NA	NA	NA	NA	NA	NA	NA	NA	NA	NA	NA	NA	NA	NA	NA	NA	NA	NA	NA	NA	NA	NA	NA	NA	NA	NA	NA	NA	NA	NA	NA	NA	NA
NA	NA	NA	NA	NA	NA	NA	NA	NA	NA	NA	NA	NA	NA	NA	NA	NA	NA	NA	NA	NA	NA	NA	NA	NA	NA	NA	NA	NA	NA	NA	NA	NA	NA	NA	NA	NA	NA	NA	NA
NA	0.357322715697587	0.216116352232985	0.31912113571279	0.497593242632004	NA	0.631993722611982	0.654733074366369	0.371045179001425	NA	0.291208794994517	0.405241026862323	0.537638909957401	0.404937056780401	1.31817249328339	NA	0.133460223166427	NA	0.507566898332878	0.458160200878286	NA	0.783886977044534	0.857801130104253	1.45130882178731	2.18850601366068	NA	NA	NA	NA	2.03100636860624	NA	NA	NA	NA	NA	NA	NA	NA	NA	NA
NA	NA	NA	NA	NA	NA	NA	NA	NA	NA	NA	NA	NA	NA	NA	NA	NA	NA	NA	NA	NA	NA	NA	NA	NA	NA	NA	NA	NA	NA	NA	NA	NA	NA	NA	NA	NA	NA	NA	NA
NA	NA	NA	NA	NA	NA	NA	NA	NA	NA	NA	NA	NA	NA	NA	NA	NA	NA	NA	NA	NA	NA	NA	NA	NA	NA	NA	NA	NA	NA	NA	NA	NA	NA	NA	NA	NA	NA	NA	NA
1.79480143408127	1.60796184050497	1.50097467048561	1.65033982179852	1.47999057682251	NA	1.16032448625029	NA	NA	1.0498740739152	1.47370041193741	NA	NA	1.76538715020612	NA	1.6172843827888	2.33094117943707	NA	2.12312348307178	2.08027638402778	NA	NA	NA	1.80942563131257	1.85759781939328	1.61394239955287	NA	1.49107771136051	1.40138177169123	NA	NA	0.862632653229119	1.05588606518569	1.27806763544652	3.18230179266452	2.25472755127946	1.67339348880639	1.62064726920584	NA	NA
1.14229046410336	1.66661176625852	1.69331621435524	1.3717878488166	1.51239129844674	0.554031879096787	1.23395495946279	1.15302341113313	1.23813071873753	0.845989648379783	0.45089058246595	1.21830817818765	0.341919030220456	0.614464778732654	0.782581175313281	0.530556718760252	0.207985316236846	NA	1.2236947445103	1.4541523722275	NA	0.50054614213058	0.734870133287539	NA	0.716635913736725	0.611732513316334	NA	NA	1.09605694037726	1.83941266995526	1.12953865384307	1.77681125181852	0.988722010768118	0.981804609914999	0.513259143343548	1.14739300839971	0.798295803850489	0.656858055533826	NA	1.04256764247202
0.428705742554963	NA	1.6438602902313	0.336744828993373	0.386847493991131	NA	0.185325953335555	NA	NA	NA	NA	NA	0.21770212700015	0.425743069184191	1.51522810309239	NA	0.348322593161609	NA	1.40850775138417	NA	NA	NA	0.911048974822631	NA	0.432446284442891	NA	NA	0.72366545563358	NA	0.801824316906148	0.988648700863272	1.86528683056399	0.302153350286194	0.954291796689936	1.05563321134613	NA	NA	NA	NA	0.465376990291748
NA	1.02065990283675	0.304062011559669	0.538939397086018	NA	NA	NA	NA	NA	0.630155213216249	0.473543380857791	NA	0.503222692718599	NA	NA	0.411505627487579	0.360281430433461	NA	0.580963162483423	0.893210311049918	1.20784805878148	NA	NA	NA	NA	0.604757986809676	NA	0.870707864375884	1.17071672211425	NA	1.4015799100618	1.4442771740197	NA	NA	NA	NA	1.28296671831873	NA	NA	1.34927950003479
NA	NA	NA	NA	NA	NA	NA	NA	NA	NA	NA	NA	NA	NA	NA	NA	NA	NA	NA	NA	NA	NA	NA	NA	NA	NA	NA	NA	NA	NA	NA	NA	NA	NA	NA	NA	NA	NA	NA	NA
NA	NA	NA	NA	1.26711348192012	NA	0.509184489563254	0.196744477136995	0.314260865048817	0.509663523162796	0.311406097217075	0.36403208685083	0.406093322817502	1.21302316955032	NA	0.363388088297734	1.02910878629344	NA	NA	NA	0.433869241975273	0.298249567378575	0.853586565107431	0.912989967531174	1.05258325861989	NA	2.4685021372076	NA	0.838453497496406	NA	0.776581646815531	1.10754840571002	0.823247137797945	0.392846782296171	1.14243471561485	1.13811815753042	0.392338516304773	0.103921634032097	1.16442770962664	0.252997131802292
NA	NA	NA	NA	NA	NA	NA	NA	NA	NA	NA	NA	NA	NA	NA	NA	NA	NA	NA	NA	NA	NA	NA	NA	NA	NA	NA	NA	NA	NA	NA	NA	NA	NA	NA	NA	NA	NA	NA	NA
NA	0.553084607175905	1.07647019667042	0.794788719298268	0.605421823575855	0.87860183928162	NA	NA	NA	0.528150665214885	NA	NA	NA	0.682403491069689	0.421251378126391	0.24722990008696	0.837128139790591	NA	0.599069058479305	0.221126528365993	0.562571597194932	0.369341544520569	0.300329165675676	0.114389166754283	0.676710709167674	0.579902716579888	1.2965203403442	0.47986194796244	0.376721872878171	0.418095911632249	0.723547144880968	0.788684266468921	0.812478823186276	0.832758024335779	0.333326414531826	0.32614679546981	0.360639129406438	0.824422531899405	1.90490200274057	0.433476731149798
0.938587918656901	0.543951117174166	0.698096873610572	0.758275737746706	NA	NA	NA	1.50369592442937	NA	0.99725150465509	0.532058077157603	0.588810717396643	0.466885685015603	0.512440523504228	0.424938974257369	0.342951770417647	0.305273704384829	NA	0.298482615733979	0.861203349360044	0.675748235239906	0.498179625934063	0.75154678927237	0.769571436816056	0.63572427080527	0.561810969797034	0.427700780298564	0.529419937933036	0.362883332972786	1.00454068591693	0.599115076137303	NA	1.25300354817086	1.2146470549545	1.45640382428437	NA	0.875851719284081	0.887098356087327	NA	0.619253972764361
NA	NA	NA	NA	NA	NA	NA	NA	NA	NA	NA	NA	NA	NA	NA	NA	NA	NA	NA	NA	NA	NA	NA	NA	NA	NA	NA	NA	NA	NA	NA	NA	NA	NA	NA	NA	NA	NA	NA	NA
NA	NA	NA	NA	NA	NA	NA	NA	NA	NA	NA	NA	NA	NA	NA	NA	NA	NA	NA	NA	NA	NA	NA	NA	NA	NA	NA	NA	NA	NA	NA	NA	NA	NA	NA	NA	NA	NA	NA	NA
NA	NA	NA	NA	NA	NA	NA	NA	NA	NA	NA	NA	NA	NA	NA	NA	NA	NA	NA	NA	NA	NA	NA	NA	NA	NA	NA	NA	NA	NA	NA	NA	NA	NA	NA	NA	NA	NA	NA	NA
2.16852098040855	1.92342963249526	0.372439941126555	1.98410940760991	2.1964968743034	NA	0.518621209481066	1.15722269781496	NA	0.709026138195963	0.54197178213024	1.39940039196559	0.585247430435583	0.19493288376871	NA	1.34575341665258	0.311839830909585	NA	NA	0.62684207115244	1.94439987321137	NA	0.845497669033812	0.5608666378894	1.23110592144273	0.816810447374651	1.42866912920152	NA	NA	NA	NA	NA	NA	NA	NA	NA	NA	NA	NA	NA
0.434285250039985	0.213455143139485	0.416888674757869	0.309383702626801	0.516747111927003	0.399785237889235	0.4372978137947	0.349262863929236	0.32085006578373	0.548225724615357	1.38724314555173	0.819003564324001	0.568248767577893	0.801925495582759	0.464911915744359	0.829872464181178	0.568654790375287	NA	0.395969603182017	0.586476748418722	0.297273021632101	0.551367370590159	0.670605842493315	0.396022693682721	1.07744711323889	0.411748627119344	0.691924076900763	0.960645187890209	0.755856087206781	0.756855825700973	0.65902523979778	0.569596729905366	0.439698032689613	NA	1.26414575639451	0.435575594031957	0.596220542464794	1.30661726140137	NA	0.717449692175022
0.556915262505829	NA	NA	NA	0.493019372637408	NA	0.505118799837274	0.294628916465197	0.194430999140247	0.604736548736963	0.80419539985432	0.518414658869362	0.688128507605698	0.375783837143757	NA	NA	0.194465893527378	NA	0.7500095403741	0.666978694234517	NA	NA	NA	0.936269612183761	0.496671553355877	NA	0.607352235236371	NA	0.678324561599198	NA	NA	1.07964262400539	NA	NA	NA	NA	0.906940601696432	0.62308312207716	0.690828043326374	0.249659527778804
NA	NA	NA	NA	NA	NA	NA	NA	NA	NA	NA	NA	NA	NA	NA	NA	NA	NA	NA	NA	NA	NA	NA	NA	NA	NA	NA	NA	NA	NA	NA	NA	NA	NA	NA	NA	NA	NA	NA	NA
0.557060115976425	NA	1.47503191081946	1.00086456391095	0.8955410819424	1.09598258860658	1.23775366393324	1.19911554835265	1.13216296861454	0.981740497207759	0.794875561128304	0.366399783141981	0.777435798409077	NA	0.393774678931977	0.676026956019285	NA	NA	0.345490668075689	NA	0.604125111394231	NA	0.837288892037572	NA	0.608880767523258	NA	0.961800128800677	0.930303920159283	1.13025809123764	1.46282688027668	1.48183099087659	1.64991675907935	1.90117745925917	1.31550631589959	1.38821032501382	0.504535569740989	1.37336099161443	1.56741304148091	NA	1.5831080825009
NA	NA	NA	NA	NA	NA	NA	NA	NA	NA	NA	NA	NA	NA	NA	NA	NA	NA	NA	NA	NA	NA	NA	NA	NA	NA	NA	NA	NA	NA	NA	NA	NA	NA	NA	NA	NA	NA	NA	NA
NA	NA	NA	NA	NA	NA	NA	NA	NA	NA	NA	NA	NA	NA	NA	NA	NA	NA	NA	NA	NA	NA	NA	NA	NA	NA	NA	NA	NA	NA	NA	NA	NA	NA	NA	NA	NA	NA	NA	NA
0.507323208718566	0.732472557225682	0.803354205315683	1.38478197532447	1.33176842057923	0.916554935655826	1.03792035562524	1.1351066427161	1.05231064482172	1.04923013590327	NA	NA	0.623019465049532	0.410208733238957	0.703375018916203	NA	0.601633361931194	NA	0.458505602667887	0.491214214267602	NA	0.781423731485857	0.69258876331545	NA	NA	0.970373469945964	NA	0.878580228073667	0.923426651596199	0.964962189083287	1.01439150698819	NA	0.646874155431522	0.852208137830527	0.93465312985135	0.604920853473559	1.09029821619967	0.984503803526349	0.719306123562177	1.39973780470312
NA	NA	NA	NA	NA	NA	NA	NA	NA	NA	NA	NA	NA	NA	NA	NA	NA	NA	NA	NA	NA	NA	NA	NA	NA	NA	NA	NA	NA	NA	NA	NA	NA	NA	NA	NA	NA	NA	NA	NA
NA	0.682243708145617	0.732384856022438	0.776285010294472	NA	0.917463965230143	0.62836260098397	0.534142589905157	0.476945961732943	0.4967301622188	NA	0.351333889235164	0.381103565628806	0.744255740962596	0.787002924713974	0.53944848120396	0.105272284794984	NA	0.241153359742414	NA	NA	NA	NA	0.67538711701785	1.1013202207541	1.68231987357298	NA	NA	NA	1.30482322120067	1.46748384061943	NA	NA	NA	NA	NA	NA	NA	NA	NA
NA	NA	NA	NA	0.851161170720738	NA	NA	NA	0.577701230903776	0.377739585707616	1.89884443251912	0.8823716308299	1.20278108831496	NA	NA	NA	0.854192773017748	NA	1.03877810241164	NA	NA	NA	NA	1.52583028799802	NA	1.69071132908802	1.49824692760894	1.75920228102873	0.698613143455627	NA	1.15687709343535	NA	0.812194839433071	NA	NA	NA	NA	2.0229741101317	NA	NA
1.29308298296406	1.57571012638138	1.7013615710615	1.32759070734343	1.17738946400819	0.66358944140291	2.60785148652591	0.863010687290656	1.25281196801383	1.30637562024252	2.06095375374563	0.975655113562855	0.591924333153536	0.691447226843049	1.87254076023832	0.565402232107893	0.642495187072592	NA	1.1471778171062	1.31865950035178	1.3126909178346	0.731817498006273	0.572740238941057	0.949753700768115	1.15535817349509	NA	0.706657463627991	0.585072928130252	1.48942587771708	0.733916994126862	1.35658418699147	NA	NA	0.12438636001103	0.359837027124988	0.138562801845786	2.56036248240674	NA	1.11485845530637	NA
0.958771872333261	0.597271856618157	0.513554457213108	0.846762681795706	NA	NA	1.1377636243252	1.13667821562446	1.4408556381628	1.24264981553386	0.633018603771842	0.813117316193358	NA	NA	0.715545124838365	0.556276296615777	0.163059095599844	NA	NA	0.548049682713899	0.555809203830154	0.484500523154276	0.444387242774806	0.548370756088477	0.53479106403066	0.559991557812047	0.950357243793626	0.667506408352591	NA	1.25372582509867	1.99978911648968	NA	1.27527294052212	0.730326663989402	0.45908616831168	0.880164600162706	NA	NA	1.38977996670202	NA
0.559334094969163	2.92202027803466	1.2303553550492	0.794253933773889	NA	0.979834391152367	0.493333217254194	0.692976261777668	2.43446478240461	NA	0.605021646784681	NA	1.32829199885653	NA	0.968618975598482	NA	0.990539707813885	NA	NA	2.89418998440495	1.28426693634043	NA	0.42906839404686	0.803231295073007	0.84889290834926	0.713091682913748	0.976145214525199	0.877498912105746	NA	NA	2.073165008442	1.74947066069834	1.11634739862232	NA	2.29400900412521	NA	NA	NA	NA	NA
NA	0.944639460557794	0.985095109702449	1.34411377235217	0.821906517223973	NA	2.24473132599518	0.755046188933233	NA	NA	0.863708594976404	2.24701796829007	NA	0.557092355753346	NA	0.442915892016282	NA	NA	NA	1.94232302922863	NA	0.678827546209191	0.441957249872767	0.537195691286014	NA	0.410583757167788	1.20691060814338	NA	NA	NA	NA	0.170812477020438	NA	NA	NA	0.471730819606792	NA	NA	0.783022269430481	NA
NA	NA	NA	NA	NA	NA	NA	NA	NA	NA	NA	NA	NA	NA	NA	NA	NA	NA	NA	NA	NA	NA	NA	NA	NA	NA	NA	NA	NA	NA	NA	NA	NA	NA	NA	NA	NA	NA	NA	NA
NA	0.808419942114529	0.957388880802863	0.731303369072861	1.00967452320965	0.423187848590101	0.686255090238549	NA	NA	0.727490943057838	0.714799916618269	0.69002576148863	NA	0.648252459994416	0.461676141582241	0.658136909144124	0.477739050145462	NA	0.657957714924084	1.41170333358908	NA	NA	0.639329961465184	1.01197007934755	0.971540895325154	NA	NA	0.745842787506598	NA	NA	1.05449598490635	1.13891215015847	NA	0.932018926541111	0.434317942424128	0.539667930600834	0.710747867350896	1.16166374316516	NA	0.759203305495172
NA	NA	NA	NA	NA	NA	NA	NA	NA	NA	NA	NA	NA	NA	NA	NA	NA	NA	NA	NA	NA	NA	NA	NA	NA	NA	NA	NA	NA	NA	NA	NA	NA	NA	NA	NA	NA	NA	NA	NA
0.738427894151859	0.627093013702575	0.467588207930266	0.157138011853477	NA	0.262286684385775	0.308093621892826	0.37669619717604	0.820083472227207	0.623381648864718	0.76754393523864	0.633729260220968	0.777749883664364	0.425780487064884	0.196583325658012	0.282151923200438	0.576623336882848	NA	0.412593185605914	0.352211089928256	0.230857789489857	0.516212570857212	NA	0.482926256524776	NA	NA	0.367662273080231	NA	NA	0.662704871457368	0.848626617721473	0.455012645422882	NA	NA	NA	NA	0.903146530787379	1.89804501486116	0.637977616890891	1.3119219120383
0.666413701423586	1.01662047315439	0.969619633607179	1.37580126636098	0.781808385941105	1.37827685572849	1.25800363462883	0.968115525342854	NA	1.0050073166784	1.11280380827147	0.932758094167862	0.669175396319329	NA	0.980129073756916	0.0760548841192818	0.249922900679998	NA	0.19845067481459	0.377867168933136	0.856753907949578	0.418157770904123	NA	0.393783965857599	2.91074661501119	1.07049142577841	0.529873873179078	1.4738283707086	0.551542155110485	0.7171509816038	NA	0.719028827141726	1.16595385387522	1.05064543555647	NA	NA	1.83402397093394	NA	NA	NA
NA	NA	NA	NA	NA	NA	NA	NA	NA	NA	NA	NA	NA	NA	NA	NA	NA	NA	NA	NA	NA	NA	NA	NA	NA	NA	NA	NA	NA	NA	NA	NA	NA	NA	NA	NA	NA	NA	NA	NA
NA	NA	NA	NA	NA	NA	NA	NA	NA	NA	NA	NA	NA	NA	NA	NA	NA	NA	NA	NA	NA	NA	NA	NA	NA	NA	NA	NA	NA	NA	NA	NA	NA	NA	NA	NA	NA	NA	NA	NA
NA	NA	NA	NA	NA	NA	NA	NA	NA	NA	NA	NA	NA	NA	NA	NA	NA	NA	NA	NA	NA	NA	NA	NA	NA	NA	NA	NA	NA	NA	NA	NA	NA	NA	NA	NA	NA	NA	NA	NA
NA	NA	NA	NA	NA	NA	NA	NA	NA	NA	NA	NA	NA	NA	NA	NA	NA	NA	NA	NA	NA	NA	NA	NA	NA	NA	NA	NA	NA	NA	NA	NA	NA	NA	NA	NA	NA	NA	NA	NA
NA	2.68780598354857	0.264364826577155	0.563189604736832	NA	NA	1.3302291334584	1.05296712674104	0.819577722425134	1.08377218265039	0.770866001009015	NA	NA	2.3455583548389	NA	0.265566986634719	0.665664663921248	NA	NA	1.95456057158738	1.83771793997557	0.694342844423497	NA	2.45857659084867	0.610067191303786	0.604253139117143	1.09748618101205	NA	NA	1.30225952342136	1.62964309656776	1.34501623235349	1.26963015217695	1.98120966960429	1.94835272090122	NA	1.45426282347422	1.71595517646766	1.58525861524984	2.1376406811672
0.590164787628319	1.00279179835453	1.06987141582822	NA	NA	NA	0.935571089373119	NA	NA	NA	1.08809845732987	1.07560111730432	0.794835217420783	NA	NA	NA	NA	NA	NA	0.363031080880956	NA	0.208302667115395	0.338744518965451	NA	0.679309009337105	NA	NA	NA	NA	NA	0.892420567312774	NA	NA	NA	NA	NA	NA	NA	0.573874154567068	0.253437586929896
NA	NA	NA	NA	NA	NA	NA	NA	NA	NA	NA	NA	NA	NA	NA	NA	NA	NA	NA	NA	NA	NA	NA	NA	NA	NA	NA	NA	NA	NA	NA	NA	NA	NA	NA	NA	NA	NA	NA	NA
0.816859448729472	0.863561318988237	1.86495368031268	1.5868585617441	2.29925732601024	0.891325046620277	NA	0.586397896962656	1.233767264881	NA	0.580325497598942	0.201946562089765	NA	1.39172148008395	NA	NA	0.437746311749442	NA	NA	NA	NA	0.669969284052111	0.602596068656528	0.66680111222136	1.72820876589494	0.299083268786606	NA	1.77658057531794	2.5409474555965	2.38357655897215	NA	1.69639761287958	0.747411482528557	1.32792257999352	0.400375312406969	NA	0.526108399457125	NA	0.832771525461228	NA
0.332864977633052	0.94089493263719	0.634622343412937	0.386732197106018	NA	0.388653780306721	1.50150243396793	0.427078905525077	0.811777954564979	0.231869537918921	0.201511444313609	0.528060314403348	0.422050538739602	0.148138187773184	0.463544890518249	0.457935460098378	0.371590410503392	NA	0.233279004471434	1.08976216058854	NA	1.93911719699345	1.23145015585121	NA	NA	0.573838488444108	0.72453385073783	1.41713821159819	0.751449065416441	0.982407392206215	1.03086916296583	0.70148369751912	0.621349844253715	0.192733384930075	0.694024756457059	0.847624163554826	0.448763010534283	1.01966680703887	0.529635358303501	NA
NA	1.55403147606738	1.05968688484622	1.05237370342815	0.450755136631441	2.73199605030466	0.840111404869391	1.39160094487276	NA	2.55750086715664	NA	NA	NA	NA	1.87593619311448	2.29446280696892	1.15270980504863	NA	0.247536201439579	2.52233854748328	3.36952207278289	2.98476580914361	1.35749300331269	1.82448955060222	1.11509962270547	1.12667021367905	NA	NA	NA	0.806590061163859	3.21642818167271	NA	NA	NA	NA	NA	0.809500385194284	NA	NA	NA
NA	NA	NA	NA	NA	NA	NA	NA	NA	NA	NA	NA	NA	NA	NA	NA	NA	NA	NA	NA	NA	NA	NA	NA	NA	NA	NA	NA	NA	NA	NA	NA	NA	NA	NA	NA	NA	NA	NA	NA
NA	NA	NA	NA	NA	NA	NA	NA	NA	NA	NA	NA	NA	NA	NA	NA	NA	NA	NA	NA	NA	NA	NA	NA	NA	NA	NA	NA	NA	NA	NA	NA	NA	NA	NA	NA	NA	NA	NA	NA
0.586668724066888	0.781128237635951	0.948139594780626	0.780747145567713	NA	0.820836924111253	NA	NA	1.05478810116644	NA	1.50334311351861	0.833002513798504	0.645773977544702	0.428660522603444	0.295057396499425	0.237985025918015	0.353358459605112	NA	0.484519198833513	0.833078829667048	NA	NA	0.862411125050787	0.764406342689634	0.730175841835895	0.596911427586448	0.933219043315887	0.644891123286866	0.671473926592792	0.901986124352646	0.537983780666323	0.482281501914741	0.580391838421079	0.739175382176221	0.324964341271837	0.758809033288225	0.856450605628517	0.751346365673768	1.02415753930055	2.57370025336233
0.657583936127601	NA	0.971656777437301	0.923681574002608	0.804622187346506	0.714775175758605	1.73176378606974	0.995305211302866	0.891822230988343	0.742527789738296	0.697785886642137	0.581979591274003	0.520607421984237	1.64554836453072	1.53168557883035	1.51333319060426	1.34126361350096	NA	0.464330509768274	NA	NA	NA	0.68838249980825	0.4075775710138	0.554552154643205	0.530211588771902	NA	1.36743030395305	0.536196587927927	NA	0.593656480571361	NA	1.74328502671785	1.85021916717442	2.11159091215499	NA	2.11895277035027	NA	1.27235565241976	2.1044490298397
0.986139975873744	0.868458266284122	0.622771085846042	NA	NA	NA	0.790404253253071	1.09230437420396	NA	NA	0.789917875476375	0.547679151576961	NA	0.405141328113372	0.528566069005045	NA	0.544359931672762	NA	0.25500131264161	0.389959248989453	0.484561938831719	NA	NA	0.790443978342499	1.13854632937137	NA	0.795980478154884	NA	1.00787832103081	0.688924241011148	0.649495406076711	0.638421761686572	0.991562051499635	1.22105667174002	0.903198949396926	NA	NA	2.02295271453035	NA	0.758681472093188
0.524142089528155	NA	NA	1.03652215789085	0.780898475260205	1.09829396899659	1.22304834964992	1.02563859287293	NA	0.531494100965484	1.73921047377766	1.29754322242826	1.20550333362176	0.931873889321423	1.97169208393316	1.4730803842709	1.71110045371702	NA	0.386542360274701	1.77129658032536	0.535848693429181	1.72648599077609	1.82757323126049	0.764140319008339	0.868879007909809	NA	NA	0.841774766180228	1.18928847366166	0.811845584966877	1.16936857140117	0.362759723754448	0.414773561089784	1.89026053271467	1.65401150899424	NA	NA	NA	1.6234909554597	1.58460017131998
NA	NA	NA	NA	NA	NA	NA	NA	NA	NA	NA	NA	NA	NA	NA	NA	NA	NA	NA	NA	NA	NA	NA	NA	NA	NA	NA	NA	NA	NA	NA	NA	NA	NA	NA	NA	NA	NA	NA	NA
0.263001747616934	0.716515289814741	0.457363663432532	0.526813831485438	NA	NA	NA	NA	NA	1.9963339194534	0.404920729789279	NA	0.558567978071092	NA	NA	NA	0.302119169236774	NA	NA	NA	0.4643964462728	0.577051120292396	0.581936204978646	NA	NA	NA	NA	0.877928963350371	1.29764879067053	1.23585834237356	NA	NA	0.939649404600521	0.938603790799605	1.19876327512949	NA	1.19139950042998	1.53329705551905	1.21960911839043	NA
0.370812151374613	NA	1.20523793499776	1.36050188202937	0.867557597374088	NA	0.235449771721476	NA	0.428846259822765	0.571904631935846	0.666411382916232	0.375181945683279	0.587197506994996	0.382864177306956	0.685476993569294	NA	0.595507627135263	NA	0.346128467741736	0.382549007943382	NA	0.576709602146016	NA	NA	0.429400598892942	0.173146122623534	NA	0.74805294615764	0.522263097352406	0.949663631718506	0.618689405958442	0.722781722253895	0.493901246955992	NA	0.677820672535321	1.36423851799441	1.04851045301352	NA	0.883038864400227	NA
0.527612745049893	0.964152349679242	1.02391587887003	0.728522454321514	1.1222832204511	1.21777259324896	1.19374085044408	0.863984742055086	1.57874079541035	1.25819271706393	1.37740019996747	1.04960403820991	1.70783416419938	1.3627876259989	1.27132163655481	1.37537165290595	0.521350880035231	NA	0.977850245495168	1.01126476697859	NA	0.460769586081294	0.369289391326863	0.32522216704438	0.528248911558359	NA	NA	0.478932732160062	NA	NA	NA	NA	NA	NA	NA	NA	NA	NA	NA	NA
NA	NA	NA	NA	NA	1.53469886734422	0.956831541367546	1.16933151360575	1.09424584439805	2.56593833328379	0.955865485767947	1.24732976673177	2.42335941442994	2.28692348616842	NA	1.21025828032871	NA	NA	0.379169141923438	2.48969302202615	0.842392077870934	0.940618074643031	0.618804308624023	0.555635665013691	0.710766163238571	1.25411941392751	1.92866817507017	NA	1.18953025436371	1.35120639083413	NA	NA	0.927910678098874	NA	NA	NA	NA	NA	NA	NA
0.518058542998737	NA	NA	0.927333798843503	NA	0.895107612057072	NA	1.11362940926155	1.52168593272107	1.04797920848839	NA	NA	1.47487519152498	0.789250492539546	NA	NA	NA	NA	0.776582661946488	NA	NA	0.773378499094008	1.07021416773678	0.689708141159771	NA	0.397847112703431	NA	NA	0.75613603322127	NA	NA	0.864800191231768	NA	2.02680868062993	1.0488409864573	0.236826362518203	NA	NA	1.10475606334433	0.244121477056404
0.624520789178491	0.679547410912183	1.23228753608902	1.24158623558422	0.67814459515388	1.533021038597	0.656297061656937	0.659673762240292	0.564727628292099	0.470233977737949	0.477693314888259	0.487587956170742	0.412658280444359	1.80556426591351	0.705823267785512	1.2454615224832	0.874231936610901	NA	0.633369819088075	1.51339591202683	0.756875455676319	1.22944581751762	0.317264087696713	1.01106710116618	0.35794053613781	0.657722070912525	1.5098472106933	0.584329705481365	0.205026557246772	0.912130000405018	1.57851979433071	NA	0.402179276251523	1.46958831911517	0.934154788885212	1.71546469224517	0.312333316967478	1.62752356536876	0.801272299607675	0.319638270649834
NA	NA	NA	NA	NA	NA	NA	NA	NA	NA	NA	NA	NA	NA	NA	NA	NA	NA	NA	NA	NA	NA	NA	NA	NA	NA	NA	NA	NA	NA	NA	NA	NA	NA	NA	NA	NA	NA	NA	NA
NA	NA	NA	NA	NA	NA	NA	NA	NA	NA	NA	NA	NA	NA	NA	NA	NA	NA	NA	NA	NA	NA	NA	NA	NA	NA	NA	NA	NA	NA	NA	NA	NA	NA	NA	NA	NA	NA	NA	NA
1.12813494850511	NA	NA	1.26156092877168	NA	0.672797730168871	0.49065429999185	0.691453785140476	0.925274526986597	0.532670019236948	0.770193137436818	NA	NA	NA	1.26294345794829	NA	NA	NA	NA	NA	NA	0.376981568544359	0.318731746246307	NA	NA	0.56928526190591	0.387627872831766	NA	NA	NA	0.715110249107029	NA	NA	NA	1.10185206443665	NA	0.820996189981488	0.489873453327832	0.819425068116093	0.946871362093983
NA	NA	NA	NA	NA	NA	NA	NA	NA	NA	NA	NA	NA	NA	NA	NA	NA	NA	NA	NA	NA	NA	NA	NA	NA	NA	NA	NA	NA	NA	NA	NA	NA	NA	NA	NA	NA	NA	NA	NA
0.902428629696917	0.718845626005016	0.886580426200478	0.709221024752915	0.5267646105694	0.530260916576841	0.490437681991891	0.837158446198054	0.771380132450936	0.934402055915725	0.662885024124183	0.417939644155034	0.689396471353013	0.906858625560648	0.894486972230508	1.27819475796771	1.17797113492168	NA	0.426808008133988	0.221706124794174	NA	0.349709279224251	0.300170498077196	0.222231414122062	0.418583193488428	0.860274005417763	1.3273521993208	NA	0.706143698539303	0.726933292061925	1.33423383930368	1.54207284946288	NA	1.25180788183202	1.999090309058	0.659799105925011	2.07264087942598	1.57506901428413	0.819711349708371	1.49832989280074
0.555740079181731	2.59331220512704	1.11227373863235	0.966175835945134	2.27882843135319	2.39853248218531	NA	NA	2.06653860809431	0.790743530800485	1.32818734255106	0.610182510229895	0.703730842681544	1.72752366183082	2.48486787738779	1.74080962965594	0.131891465992458	NA	1.98931235171276	1.83507325634872	1.43106019373433	0.977600181855086	1.3848208505638	1.32628247120705	1.53896289148582	0.628773919506857	1.27964965229104	2.83594265178796	NA	NA	1.20925682891223	1.42895737770593	1.37009571501976	NA	1.30054033522774	0.675931409597195	2.14019480131394	NA	1.21104570746846	2.3132281414405
NA	0.567585846196718	0.668238957474932	0.565109511253279	0.746900928516765	0.756595336735174	1.06973422375975	NA	NA	NA	0.359592556701823	0.505160188199699	0.122660908525304	NA	0.837782511769108	NA	0.383739312668774	NA	0.479730793432462	0.348925328514206	1.10173940310943	0.600181846750115	0.550904737106427	NA	1.06428767382874	0.718360315823789	NA	0.748922530252323	NA	NA	1.07452375855562	1.7663115671597	NA	1.36905025221571	NA	NA	2.32654789524795	NA	2.38881407106247	NA
NA	NA	NA	NA	NA	NA	NA	NA	NA	NA	NA	NA	NA	NA	NA	NA	NA	NA	NA	NA	NA	NA	NA	NA	NA	NA	NA	NA	NA	NA	NA	NA	NA	NA	NA	NA	NA	NA	NA	NA
NA	NA	NA	NA	NA	NA	NA	NA	NA	NA	NA	NA	NA	NA	NA	NA	NA	NA	NA	NA	NA	NA	NA	NA	NA	NA	NA	NA	NA	NA	NA	NA	NA	NA	NA	NA	NA	NA	NA	NA
NA	NA	NA	NA	NA	NA	NA	NA	NA	NA	0.076316350478148	NA	NA	NA	NA	1.22226205567035	NA	NA	0.23127745850062	NA	0.679405200882935	0.393337739872754	NA	NA	NA	0.637535968427793	NA	NA	0.898022497890972	0.683490881141908	NA	NA	NA	NA	NA	NA	NA	NA	NA	NA
NA	NA	NA	NA	NA	NA	NA	NA	NA	NA	NA	NA	NA	NA	NA	NA	NA	NA	NA	NA	NA	NA	NA	NA	NA	NA	NA	NA	NA	NA	NA	NA	NA	NA	NA	NA	NA	NA	NA	NA
NA	NA	NA	NA	NA	NA	NA	NA	NA	NA	NA	NA	NA	NA	NA	NA	NA	NA	NA	NA	NA	NA	NA	NA	NA	NA	NA	NA	NA	NA	NA	NA	NA	NA	NA	NA	NA	NA	NA	NA
0.616373720673582	0.41694868109091	0.446454979294959	0.495430217136185	0.442225067320755	NA	0.917498364768103	1.02155871392381	NA	0.253484183987349	0.809220270830787	0.355375784978695	0.695172207810943	0.584111439582098	1.01095650786202	0.708618767117136	0.81013843989031	NA	0.426257225778854	0.254564007905579	0.302518974186163	NA	0.44936310932647	0.49839368170352	NA	NA	NA	NA	0.730218409305412	0.18197435530191	0.797336667930459	0.863817132753182	0.547561630728618	NA	NA	1.42683405947841	NA	NA	NA	1.46554499451991
0.833308163871567	1.24003700581688	NA	1.15233740988012	NA	NA	1.73109963977652	NA	2.49396683693905	0.607762590545252	2.13765692090236	0.673413844795862	2.41442862112156	0.230841815354328	1.93750580112316	0.568956459816194	NA	NA	0.172266144965418	NA	NA	NA	2.47675876119492	NA	0.948871719030216	0.79402662443675	1.43666804310337	NA	NA	1.68638205346499	1.48958451935717	0.638831148155256	1.77161684622691	NA	NA	NA	NA	1.39431402874979	2.17046944687348	2.22471783041918
0.956879175233843	1.30049447128989	NA	1.53768610246691	NA	NA	NA	NA	2.24427461606047	0.609362756944943	1.99119789487549	1.43323895855604	2.19643352783351	1.11247977007676	1.62642766343251	2.45070485423606	2.05652685668702	NA	0.27618768025698	NA	NA	2.01778712102536	1.92612261460799	2.2687727663145	0.812839533421577	0.751304945908499	0.883969478884689	0.661212602061819	1.96816465893504	1.65612725887215	1.3370291693974	2.60109930346513	1.94902726415139	1.80520225005467	2.48555300051803	2.73675855968104	NA	1.12046240131799	1.79815236150011	2.42278157980528
NA	NA	NA	NA	NA	NA	NA	NA	NA	NA	NA	NA	NA	NA	NA	NA	NA	NA	NA	NA	NA	NA	NA	NA	NA	NA	NA	NA	NA	NA	NA	NA	NA	NA	NA	NA	NA	NA	NA	NA
1.32912663230337	NA	NA	0.667524590188758	NA	0.463616776652764	0.520562947132695	0.510930457763082	0.721496723873127	NA	0.624674065979075	NA	NA	0.684495576121081	0.645838990302279	NA	0.218166869202892	NA	0.565846733461793	NA	0.804791934036302	0.532888059784256	0.453011458299827	NA	NA	0.597530606155693	1.16539397768497	1.10662259246206	NA	NA	NA	NA	NA	NA	1.44152642852971	NA	NA	NA	NA	NA
NA	NA	NA	NA	NA	NA	NA	NA	NA	NA	NA	NA	NA	NA	NA	NA	NA	NA	NA	NA	NA	NA	NA	NA	NA	NA	NA	NA	NA	NA	NA	NA	NA	NA	NA	NA	NA	NA	NA	NA
NA	3.24580742822405	1.62654929076553	NA	NA	NA	NA	NA	2.80067233112831	2.32709845826626	2.38679903733784	1.43046418970332	3.36724256261046	1.53846038227757	1.40793650143333	3.44521965995627	NA	NA	1.56414207768432	NA	NA	1.13042672765416	3.31803646853545	1.40043679228412	NA	NA	2.84712712618532	NA	NA	NA	NA	NA	0.27558653575653	2.84377714709318	NA	NA	2.27847965567762	3.15409328047846	NA	0.757993023884032
0.484910949829478	0.585985895785923	0.899412707057002	0.661069131727689	0.716055056160979	0.673342304197419	0.5327839687936	0.469543128233726	0.310255749789085	0.32640978931356	0.433112752932908	0.605373915976215	0.675353269981687	0.904454331606449	0.599194840233833	0.518152693728529	0.503946448931369	NA	0.410119554472025	0.394940477875941	0.440619138051557	0.649020036879652	0.556730187610335	0.34995207302737	0.406536090794666	0.640133699725151	0.544002403517726	0.819347596755966	0.859381559487602	1.43052729799316	NA	0.983021508305042	NA	NA	1.51641735395168	NA	NA	NA	1.57108066632885	NA
1.59928556485292	NA	1.18769359343144	0.538950136120988	1.37535066578491	NA	NA	0.689046241568014	0.665836578808815	0.690865156539869	0.556938552156592	0.306702483071323	NA	0.762079094203408	0.480000798165618	NA	NA	NA	0.651203252862168	NA	NA	0.382615942158275	0.555482025595122	NA	0.407045161363466	0.150833827643909	NA	0.616351655567924	0.453182410121543	NA	0.12759751595265	0.476119020262936	NA	NA	NA	1.69970343907272	NA	NA	0.751906166811212	0.982516622416062
NA	0.273188860759124	0.888039924473715	1.95549495253676	0.829512697745598	0.410984387307404	0.745269879521574	0.590746198457416	0.728155169204182	NA	NA	NA	0.203867774084253	0.280847964217416	0.267475045725091	0.345373322184504	0.325506165492396	NA	0.489463328789186	NA	0.755295313256823	0.31212341054994	NA	1.93278813841542	NA	1.24590274562438	0.866686043097539	0.564495688259935	NA	1.48165022562495	NA	1.22375523475262	NA	NA	NA	NA	1.50622831116473	NA	NA	NA
1.17706681114745	1.08830167330186	NA	NA	0.676725477471402	0.607358114971973	NA	NA	1.35497493892508	1.57744367748443	1.10575627441413	NA	0.65799225266801	0.775582433856777	0.839066979231539	1.09952987461996	0.56737729769714	NA	1.35544956880101	0.263008636448232	NA	NA	0.521189083549043	0.970393484008226	0.903418009356559	0.737486438642671	NA	0.707303935655377	0.839110634983931	0.576409880358431	0.933009548405574	0.62432916893042	1.32346033712449	1.15553581072895	0.630290004989697	NA	1.00170649882929	0.898759515999397	NA	NA
NA	0.997826416835759	0.938659632412186	1.08023242051153	1.7760705089927	1.29157204556887	1.79676826477818	2.24997362681	NA	1.71226612185317	0.94034316276091	2.1399444260401	2.04162112071045	2.07790333590615	0.8464328675961	1.17445151602792	1.31450140957938	NA	1.56388010212986	1.7789648775293	0.763402673171416	1.64543336575598	1.43029321521217	1.8841996162176	1.8955083016642	0.959687019788446	2.13440925732058	2.01620566159668	2.12197806195007	NA	2.17055337271416	2.03317527222511	2.27535190817242	2.2956062299448	1.71719304731461	1.82184406223199	1.98963406646523	2.03475454321693	2.14414062402114	1.77726346493855
NA	NA	1.45446067204044	NA	NA	1.56000437015978	1.72931819526043	NA	1.62119101448057	NA	1.28390244511564	NA	1.20923573924798	0.627520961280097	0.917966486813715	0.698168267981815	0.982969766654014	NA	0.169173812714157	0.724676213906498	0.699823499752189	0.719069815789228	NA	0.489970083210627	0.777586251457524	0.810266261198954	0.738533644292376	0.660549537586204	NA	0.370189725626476	0.556232791406586	0.501744811220008	0.855160805781171	0.869908516309588	2.7099999810414	0.156776712127197	1.01812553474811	0.712830881776908	NA	1.55559772691082
NA	NA	NA	NA	NA	NA	NA	NA	NA	NA	NA	NA	NA	NA	NA	NA	NA	NA	NA	NA	NA	NA	NA	NA	NA	NA	NA	NA	NA	NA	NA	NA	NA	NA	NA	NA	NA	NA	NA	NA
0.645732331083975	NA	0.711663173138171	0.833395355787589	NA	NA	NA	0.73204457245043	1.77677961891163	NA	0.749066609912169	1.63418952622914	1.02583953151315	NA	0.742051471426402	NA	0.332202187419342	NA	1.78110925674291	0.823295021121163	0.601182554295536	NA	0.55961622558082	0.752957234413835	1.03918571127915	0.307325412170785	NA	0.793693095209891	NA	0.49163662509341	0.548266224419299	NA	0.67656781379933	NA	0.599913782042632	0.6736667104107	0.511628589776337	0.711409827354743	1.53708638387247	0.618839744750645
NA	0.431742740971153	0.695807728519637	1.06470288442642	NA	NA	1.23731524029875	1.03555142542453	1.04057843842858	0.803908164172037	0.643105143064832	0.466795290273018	NA	NA	0.190126463316919	0.318228399889548	0.302089313845275	NA	NA	NA	0.884362515310943	0.785910871605037	NA	0.449657943939089	NA	0.497471089837225	NA	0.331987366273249	NA	0.793529973871044	1.76063696725569	NA	0.801022421501364	NA	0.397110752385135	0.651510159959448	NA	NA	0.888034375257262	NA
NA	NA	NA	NA	NA	NA	NA	NA	NA	NA	NA	NA	NA	NA	NA	NA	NA	NA	NA	NA	NA	NA	NA	NA	NA	NA	NA	NA	NA	NA	NA	NA	NA	NA	NA	NA	NA	NA	NA	NA
2.03936411942154	1.97547068777972	NA	1.58274473419095	1.38737554523007	NA	1.89128166337161	1.56327731029745	NA	NA	NA	0.665663471009066	0.254491346948175	1.60402823406516	1.65195607772759	1.29253207645485	1.35772901745811	NA	1.69495284412654	0.531465705605521	1.80348866538735	2.11676613645171	2.09323243625873	2.02646983497923	1.82027533192279	1.61189381583203	1.49826940538406	1.62240100634439	1.81660509693205	1.51232031347797	NA	1.53501856584303	1.0825805377059	1.51478462958003	1.73682468522674	NA	1.91310445323224	NA	NA	1.78380938241366
NA	0.778945530525952	NA	1.14383445225241	1.35952119503185	1.2597049738134	1.31663366791418	1.26622271278603	NA	1.03006207462952	1.18523041391873	0.81289952640055	0.652677308359827	0.540209711934186	0.832332371059355	0.640991826872205	0.730850756128612	NA	NA	1.97048251967443	NA	NA	0.33154676863132	0.411036971824535	0.685742475045601	1.08028301705976	NA	0.839084520243445	1.32888756478994	1.42343501639576	1.29357191957091	NA	0.891580743866929	NA	0.928768402104213	NA	0.989698288127438	0.887033414625161	0.448265420964367	0.462035983532414
0.846554774715793	0.731673632542392	0.592825848708703	0.585845751163184	0.430983998996636	1.25784972596064	1.0142823039871	1.28972018609376	0.293201872812262	0.957944395592632	0.927988278857923	0.57983865530476	0.901715178122322	0.755196242338619	0.200083222427027	0.622993863368862	0.135687101116289	NA	0.753780137480633	1.00887977852378	NA	1.05506183508703	1.11838338572998	0.640199981479923	0.732464785116267	1.17837516129127	0.821944768194661	0.823889983478919	0.503630043683899	1.11094815704056	0.553759416992994	0.689756465770597	0.507290731680287	0.655697305135307	0.86810109457572	1.13234602079111	1.27298367350369	1.38521266829133	0.856665279720441	NA
NA	NA	NA	NA	NA	NA	NA	NA	NA	NA	NA	NA	NA	NA	NA	NA	NA	NA	NA	NA	NA	NA	NA	NA	NA	NA	NA	NA	NA	NA	NA	NA	NA	NA	NA	NA	NA	NA	NA	NA
1.09233980477956	0.426923450329656	1.02960137411344	0.492936074545731	1.42500196530532	0.945638991699688	0.693806951721811	0.934568768693564	0.809780311397086	1.29841113960992	0.397417960911525	0.975291005543664	0.308661338608149	0.741221397448914	0.265847102777267	NA	0.26566976870091	NA	0.224982443203582	NA	NA	0.49818934259562	0.784070103053521	0.615133364369877	0.973550078997765	1.04257347040162	1.15833001414513	0.953994723304258	0.87413043489943	NA	1.44501790145631	0.667651228410523	1.08976172612281	0.630299097371945	0.630507144571116	0.50531876769875	0.731723848677111	0.834500079726378	0.794339921585047	0.766474063940947
NA	NA	NA	NA	NA	NA	NA	NA	NA	NA	NA	NA	NA	NA	NA	NA	NA	NA	NA	NA	NA	NA	NA	NA	NA	NA	NA	NA	NA	NA	NA	NA	NA	NA	NA	NA	NA	NA	NA	NA
0.736810572525764	0.355808301349842	NA	NA	NA	NA	NA	NA	NA	NA	0.412080538751561	0.181052948218326	0.359166460355382	0.332571815688823	0.598779353912762	NA	NA	NA	NA	NA	NA	NA	NA	NA	0.425581307743513	NA	0.396236501462183	NA	NA	0.503474482105875	0.586633512948207	0.504690970553379	NA	NA	NA	NA	0.625242424538863	0.870859103172174	NA	1.87381501359117
NA	1.63703224088739	2.65728625315355	1.75519172470096	NA	1.9777127241393	2.07332226016636	2.04996129307132	1.87409687318776	1.33427228640584	0.883469554626173	1.14373064970685	0.821468771914445	0.341156544240487	0.909990628633633	NA	0.0547502292051989	NA	NA	NA	NA	1.50469333041534	NA	1.1274006633295	0.979422001022466	0.746053412568324	NA	0.932457836014892	0.740106637605634	1.20845593078647	NA	NA	NA	0.884610373806947	1.18284911547352	NA	NA	NA	0.920267050032179	NA
NA	NA	NA	NA	NA	NA	NA	NA	NA	NA	NA	NA	NA	NA	NA	NA	NA	NA	NA	NA	NA	NA	NA	NA	NA	NA	NA	NA	NA	NA	NA	NA	NA	NA	NA	NA	NA	NA	NA	NA
NA	NA	1.25163508576114	1.32500239054448	NA	NA	1.23793929222739	NA	NA	2.37019751903832	NA	1.07648096464202	0.208173842310923	0.842375774222399	0.807366706948748	0.342637133692018	0.455852687768814	NA	0.792415130893265	NA	NA	NA	1.25265538852439	1.2191068887107	1.12662762960591	NA	NA	0.88525747833593	1.73892184214438	1.32846337637404	0.734109001776385	NA	1.19490367908608	0.81653395819333	NA	0.764350680787183	NA	1.19887535918194	0.83661650887727	1.0588880608212
NA	0.540227226243661	1.23705681026775	0.54969171074029	1.64108121896294	0.625088991336291	1.20097910212699	0.554748920488621	1.03328225762884	0.822844871484487	0.48977116479826	0.571175870569893	0.317749626504825	0.565269621805613	0.562041746013234	0.696992119859167	0.366931097469327	NA	0.617753914041784	0.756609932785433	0.342612683115011	0.68348897362322	0.93154590427547	0.468347096185531	0.66418735789046	1.3536133567433	1.09314863272918	0.412671611419069	0.689454797214106	0.450181600556532	1.31689621423922	0.594262392618688	0.882534352500825	0.84910166487124	NA	1.18595070815897	1.61298642136881	0.656614016084228	1.68877999021689	0.695203083582464
NA	NA	NA	NA	NA	NA	NA	NA	NA	NA	NA	NA	NA	NA	NA	NA	NA	NA	NA	NA	NA	NA	NA	NA	NA	NA	NA	NA	NA	NA	NA	NA	NA	NA	NA	NA	NA	NA	NA	NA
0.804771677643097	1.02821970424631	1.13881866914903	1.4532401568315	1.28080630169204	NA	1.1617337637703	1.10153246311835	NA	0.906162852817612	1.21934200030618	1.11213172286751	0.595241247390057	NA	0.691125752789766	0.483287217703673	0.279559531269217	NA	0.338678039224528	0.735780749094722	0.957558759553035	0.410147775840616	0.241939292579441	0.638718280678632	0.579316722667247	0.737593825313136	NA	1.21736823034697	0.926806966269362	1.19146615188448	1.03852887880382	1.08934566405604	1.10182945138951	1.39455380635009	1.06696703983066	0.625953377484236	1.11487386285999	0.946605139131841	0.7196909615622	1.25258070969406
1.0491165573722	0.697045170652173	NA	1.52186617756793	1.4199924235339	1.9906738841925	NA	2.20384067067816	NA	1.22451640573315	1.05301713691589	1.07474003284655	1.32116984950891	0.275312354550761	0.611587862716985	0.266025783509869	0.271829775974912	NA	0.469249445324506	0.552245908849305	NA	1.41058857737724	1.39347474804516	NA	0.755755616486765	1.03475547269453	NA	0.917439628659165	0.546681110081026	1.32351770508617	1.59454636466216	0.947838836580653	1.74843522771141	1.40516509996195	1.94830937687825	1.46246908061009	NA	NA	NA	NA
2.27766785655628	0.76673336905864	NA	0.663739160605464	0.465250873077109	NA	0.328856508512753	0.935564637431129	1.34807483557955	0.93711404458307	0.461669928253039	0.496608435440548	1.70506274187965	0.428140188269116	0.451343822571686	NA	0.485254118894861	NA	0.65211915788845	0.440698313310111	1.7318631375139	1.65730891700315	1.43039767975426	1.5701350667605	2.06431395463901	1.4441040464326	1.36477933801754	NA	0.72259763845222	NA	0.60668868666156	0.608070967284491	0.406620344429505	0.525329250834824	1.20482518591287	NA	1.34005531690239	0.985296917996071	NA	NA
0.990367391728967	0.57711708172066	0.512834556065474	0.996768527360178	0.993039768815265	1.28479678579241	0.746117475910324	1.44113311475796	NA	0.889132735536982	0.863055092736917	1.41026004090597	0.820972565209512	0.810769729855051	0.630262340290582	0.459477791014152	0.292493375554663	NA	0.533673035286942	0.626960030341098	0.495137363986474	0.706058093189356	0.619820516897046	0.793019175944317	0.727769485850019	0.876940668285287	1.07497423727682	1.06514417724395	1.25434927841199	NA	1.14317483124581	1.00435214483343	1.06179047357536	0.784874571142956	1.09130829053923	NA	1.34510739969904	1.21263645986763	1.17023525128996	NA
NA	0.625268159245523	1.798169017287	1.19801818235778	1.85342921197345	0.41332834574932	0.386510845401179	NA	1.01846146713863	0.650917438956837	0.54248797329555	1.53783469148198	1.82337261379531	1.97479233797161	NA	NA	NA	NA	1.88456851951478	1.286061505323	NA	NA	NA	NA	NA	NA	NA	NA	NA	NA	0.629659938499524	NA	NA	NA	NA	NA	NA	1.16746370101593	1.98872818274959	NA
NA	NA	NA	NA	NA	NA	NA	NA	NA	NA	NA	NA	NA	NA	NA	NA	NA	NA	NA	NA	NA	NA	NA	NA	NA	NA	NA	NA	NA	NA	NA	NA	NA	NA	NA	NA	NA	NA	NA	NA
NA	NA	NA	NA	NA	NA	NA	NA	NA	NA	NA	NA	NA	NA	NA	NA	NA	NA	NA	NA	NA	NA	NA	NA	NA	NA	NA	NA	NA	NA	NA	NA	NA	NA	NA	NA	NA	NA	NA	NA
NA	NA	NA	NA	NA	NA	NA	NA	NA	NA	NA	NA	NA	NA	NA	NA	NA	NA	NA	NA	NA	NA	NA	NA	NA	NA	NA	NA	NA	NA	NA	NA	NA	NA	NA	NA	NA	NA	NA	NA
1.24753991608779	0.984019347438933	NA	1.6233689489265	NA	NA	1.29531630534498	NA	NA	0.987595087510649	1.98437947861003	NA	0.275053944005825	0.390099403936676	1.13718539696861	NA	0.636122344797563	NA	0.108899713819098	1.07992326491613	1.01835643724521	0.583073185114221	0.861799590815516	1.64554818096234	1.59813770690208	0.401969361569219	0.825901836683418	2.81238677737122	0.224278547966216	NA	NA	NA	0.783419316957497	1.21380890995065	2.5306491963735	NA	2.24082250549516	NA	1.54716809483236	1.56070756666756
NA	NA	NA	NA	NA	NA	NA	NA	NA	NA	NA	NA	NA	NA	NA	NA	NA	NA	NA	NA	NA	NA	NA	NA	NA	NA	NA	NA	NA	NA	NA	NA	NA	NA	NA	NA	NA	NA	NA	NA
2.09172609207596	0.410895898529511	NA	NA	0.518520515611966	0.874769662008175	NA	0.490033830250004	0.630665022340523	0.90556603746629	0.272869863527074	0.430305764374823	0.989489841911447	0.480616418373268	0.333202556824275	1.05675530511427	0.126010759799523	NA	0.303560694766135	1.22898706346495	NA	0.742695549175556	0.622237843121974	0.63249909782562	NA	1.24823558899421	0.348472048407163	0.328530539793337	NA	0.482763897325742	1.19822829562499	1.44000272065139	0.341514467284462	NA	0.503442647816375	0.274359930830071	0.959146930492737	0.719950385576464	0.181066540835182	NA
NA	NA	NA	NA	NA	NA	NA	NA	NA	NA	NA	NA	NA	NA	NA	NA	NA	NA	NA	NA	NA	NA	NA	NA	NA	NA	NA	NA	NA	NA	NA	NA	NA	NA	NA	NA	NA	NA	NA	NA
NA	2.45443139067234	2.58240265975578	1.48530268062742	NA	NA	NA	NA	1.40355334226253	1.65782637612524	1.35453319697328	2.45445918112857	NA	NA	NA	NA	NA	NA	2.00689541885171	NA	NA	NA	NA	NA	NA	NA	2.28204838742665	0.890657161175699	1.62915319135861	NA	1.4611027597402	1.95257371796641	NA	1.19645040392396	NA	NA	1.18806235573009	1.15322850202387	NA	NA
NA	0.856872807448545	NA	NA	0.47467767023165	0.577763645112477	0.622508926123464	0.853146098207535	0.724518386156929	0.900473804960578	0.501509347359188	0.451703940155531	1.15392308275395	0.838461517291526	2.0171501200707	0.690659563493203	NA	NA	NA	1.49417835150927	0.979159665506949	1.97185258866758	0.453385596585603	2.4850371325177	NA	NA	2.67002814307297	1.65392425969851	1.3876617429764	NA	1.63321580402835	NA	1.4723509894187	NA	NA	NA	1.47740449054067	NA	NA	0.835207171219863
NA	NA	NA	NA	NA	NA	NA	NA	NA	NA	NA	NA	NA	NA	NA	NA	NA	NA	NA	NA	NA	NA	NA	NA	NA	NA	NA	NA	NA	NA	NA	NA	NA	NA	NA	NA	NA	NA	NA	NA
NA	NA	NA	NA	NA	NA	NA	NA	NA	NA	NA	NA	NA	NA	NA	NA	NA	NA	NA	NA	NA	NA	NA	NA	NA	NA	NA	NA	NA	NA	NA	NA	NA	NA	NA	NA	NA	NA	NA	NA
NA	NA	NA	NA	NA	NA	NA	NA	NA	NA	NA	NA	NA	NA	NA	NA	NA	NA	NA	NA	NA	NA	NA	NA	NA	NA	NA	NA	NA	NA	NA	NA	NA	NA	NA	NA	NA	NA	NA	NA
NA	NA	NA	NA	NA	NA	NA	NA	NA	NA	NA	NA	NA	NA	NA	NA	NA	NA	NA	NA	NA	NA	NA	NA	NA	NA	NA	NA	NA	NA	NA	NA	NA	NA	NA	NA	NA	NA	NA	NA
NA	NA	NA	NA	NA	NA	NA	NA	NA	NA	NA	NA	NA	NA	NA	NA	NA	NA	NA	NA	NA	NA	NA	NA	NA	NA	NA	NA	NA	NA	NA	NA	NA	NA	NA	NA	NA	NA	NA	NA
NA	NA	NA	NA	NA	NA	NA	NA	NA	NA	NA	NA	NA	NA	NA	NA	NA	NA	NA	NA	NA	NA	NA	NA	NA	NA	NA	NA	NA	NA	NA	NA	NA	NA	NA	NA	NA	NA	NA	NA
NA	0.67594194417025	NA	2.65112020004233	0.757100883937386	NA	0.570634678761379	NA	NA	NA	0.941204237915276	0.695715452321422	NA	NA	0.238250750211773	0.151000706012485	NA	NA	0.463159866952111	0.504901125596882	NA	0.827610088854569	0.503371836290699	NA	NA	0.785082929859922	0.63899095517661	0.812989165814796	0.47831215360173	1.11578906902415	0.887627520114572	0.579793860976387	0.694426352070996	1.89363936785488	0.379229486513988	0.301825507583193	0.360995125112662	1.23597212591111	0.817533916052238	NA
0.333028485921699	0.892748393315113	0.339450363482891	0.595440577212373	0.913875964163122	0.405780296852231	0.405544244711503	0.403806554541385	NA	0.864175668643009	0.570264272156748	0.563790497170094	0.494333874771618	0.647064947927984	0.627999781100761	0.564308065675864	0.240092594662	NA	0.567055423411468	0.296328658025157	0.65775459133038	0.50531792128996	1.05131384848274	0.566813544809735	0.948225445613094	1.2213723098839	1.29321883349905	NA	1.4087852162877	NA	NA	NA	NA	NA	NA	NA	NA	NA	NA	NA
NA	NA	NA	NA	NA	NA	NA	NA	NA	NA	NA	NA	NA	NA	NA	NA	NA	NA	NA	NA	NA	NA	NA	NA	NA	NA	NA	NA	NA	NA	NA	NA	NA	NA	NA	NA	NA	NA	NA	NA
NA	NA	NA	NA	NA	NA	NA	NA	NA	NA	NA	NA	NA	NA	NA	NA	NA	NA	NA	NA	NA	NA	NA	NA	NA	NA	NA	NA	NA	NA	NA	NA	NA	NA	NA	NA	NA	NA	NA	NA
0.537057968083185	0.654986466546949	0.672214782587992	0.72607111571719	0.909629480508711	0.983338227333247	1.05382044191244	0.822145209172229	0.832048952796302	0.871649812524477	0.71629944435345	0.914445530508362	0.507840594492638	0.286510249982511	0.182932817626365	0.396031046210227	0.807890683575476	NA	0.112378352060327	0.742300284361972	0.894280797521601	0.473119804921721	0.76047072818094	1.05931624493718	0.523271260891755	0.291914381489866	0.300296197725524	0.514517896240316	0.45311565712169	0.545928062088084	NA	1.06051521684333	0.479445722145499	0.94417357258469	0.618719576833358	0.518871900955132	0.241813845884247	NA	0.421959287729848	0.704211883012976
0.587977417822242	0.705168617720335	NA	0.897717137256484	0.974973258029459	1.03551820216412	0.668121198249538	NA	NA	NA	NA	0.58094250163051	0.489237256442606	0.459243236322965	0.683161760853828	0.361463538405	0.572939716058442	NA	0.324072999444329	NA	NA	0.24149360932401	0.182086766156119	0.372811077692995	0.796286511636909	0.425585635346539	0.199097110192934	NA	0.306287048011375	0.428778319834222	2.54648477882709	NA	0.330167354216268	0.393311365078621	NA	0.386506789515581	2.28316572835033	0.481644553738683	NA	NA
NA	NA	NA	NA	NA	NA	NA	NA	NA	NA	NA	NA	NA	NA	NA	NA	NA	NA	NA	NA	NA	NA	NA	NA	NA	NA	NA	NA	NA	NA	NA	NA	NA	NA	NA	NA	NA	NA	NA	NA
NA	0.990703553164919	NA	NA	NA	NA	0.671594230213847	2.44850582374187	NA	0.796185753433492	NA	NA	NA	NA	NA	NA	0.29019662441031	NA	NA	NA	NA	NA	NA	NA	NA	NA	NA	NA	2.84840820350054	1.28381455516217	1.70202157169044	1.7625254477467	0.579913504143013	3.23374015246962	NA	NA	NA	NA	NA	NA
0.876879287469342	1.07258520857186	0.331569216448716	NA	0.604070671074794	0.955415957172707	1.03657118600879	0.941019379875661	NA	NA	0.859968377237772	0.942390763743264	0.65087768613442	0.431782960746093	NA	0.233025420218242	NA	NA	NA	0.357894439714692	NA	NA	0.639534622083362	0.452947689896492	0.361336704438408	0.329374554412775	0.427537180512197	0.237566985954942	0.226707109113095	0.217322905415946	NA	NA	NA	NA	NA	NA	0.92897148851838	1.11174418157678	0.80928086825164	0.77111805353304
0.936655025249538	NA	NA	2.32024557838463	NA	1.12106006002003	NA	NA	NA	0.388205434433903	0.674809368321826	NA	0.577728125046458	0.839677164329288	0.948690880152838	0.919061192368863	0.863559466610241	NA	NA	NA	NA	0.532691869950143	0.698706763824149	0.903707874643802	NA	0.528511362821065	NA	0.763625742546546	0.834987662157888	NA	NA	0.703884624706529	0.756829716720224	2.329019443229	0.771237183368612	2.21443207566704	1.00709201533421	1.20267341666925	NA	NA
NA	NA	NA	NA	NA	NA	NA	NA	NA	NA	NA	NA	NA	NA	NA	NA	NA	NA	NA	NA	NA	NA	NA	NA	NA	NA	NA	NA	NA	NA	NA	NA	NA	NA	NA	NA	NA	NA	NA	NA
NA	NA	NA	NA	NA	NA	NA	NA	NA	NA	NA	NA	NA	NA	NA	NA	NA	NA	NA	NA	NA	NA	NA	NA	NA	NA	NA	NA	NA	NA	NA	NA	NA	NA	NA	NA	NA	NA	NA	NA
NA	NA	0.502006990032351	0.456496342931807	NA	NA	NA	NA	NA	NA	NA	NA	0.845549729373384	NA	NA	NA	NA	NA	NA	0.585765778552779	NA	NA	0.906283462646016	0.741235095487158	0.971378364563976	NA	0.773375869919233	NA	NA	NA	NA	NA	NA	NA	NA	NA	0.914246828540522	NA	NA	NA
NA	NA	NA	NA	NA	NA	NA	NA	NA	NA	NA	NA	NA	NA	NA	NA	NA	NA	NA	NA	NA	NA	NA	NA	NA	NA	NA	NA	NA	NA	NA	NA	NA	NA	NA	NA	NA	NA	NA	NA
1.02493391354816	1.33591566218664	NA	1.523487777713	1.92513242584697	NA	NA	NA	NA	NA	1.46090331209323	2.18728509388532	NA	NA	NA	NA	NA	NA	0.70771337476543	NA	NA	NA	1.22597356572003	NA	NA	NA	NA	NA	0.71310728608284	NA	0.936867355129817	1.05665019086469	NA	0.945083188064729	0.831446117170077	NA	0.722041038213604	0.787559491283191	0.59933898521941	0.911484539347089
NA	NA	NA	NA	NA	NA	NA	NA	NA	NA	NA	NA	NA	NA	NA	NA	NA	NA	NA	NA	NA	NA	NA	NA	NA	NA	NA	NA	NA	NA	NA	NA	NA	NA	NA	NA	NA	NA	NA	NA
NA	NA	NA	NA	NA	2.90508591244193	NA	NA	NA	NA	NA	NA	NA	NA	0.537718188173682	NA	NA	NA	2.45145825085317	2.51179021506485	NA	2.2091486430809	2.07283332143582	NA	0.76123520525151	NA	0.804621809003807	NA	2.12974901354253	0.767747866674138	0.903230670291301	0.937800019244263	NA	0.457251008780205	NA	1.40707252240481	0.807391519385286	0.694023182539013	1.0237401506046	1.3962698051985
NA	0.551557280641981	0.74182239021316	0.4035096965255	0.90251720958966	1.47807014738725	0.854878159998172	0.567889018361834	NA	0.773200752632821	0.497026056051789	0.370691639949584	0.353435122388834	0.267390081917573	0.332375006927189	0.236520937852149	0.0705288259904979	NA	0.151426161683409	0.539279755854707	0.800498403604238	0.134068529287139	0.183196544118212	0.631392882881834	NA	0.72115956022182	0.554985491762361	0.780319688129878	0.75082535095516	1.0392346657411	0.739411306542267	0.755196386035251	0.891625674510667	1.006767354632	1.20545889349033	1.01961843239279	0.64412691450658	0.648561245925402	0.643212432326509	0.549392186804264
1.17217281106316	1.17047752409903	1.60861712977091	0.553310436078233	1.44698341863809	1.63636454662635	1.55757829513637	0.600402504545378	1.77953971594499	0.619495721922262	0.391139130855473	0.421488503488546	2.11767270035764	2.19914264504344	2.16545505630955	0.800815176586548	0.527148100565189	NA	0.747381877435463	2.28799169084037	NA	2.37452037174915	0.893055611599881	2.04225347065309	NA	1.76244065600417	1.97534641488445	2.26627317490849	1.12349726724956	2.17133592578137	1.75611232396798	1.56070860248787	1.74700791606925	1.43125061871768	1.72956426206444	1.62799395312036	2.614491814208	2.33199028353062	NA	NA
0.680664662014869	0.574450272543764	0.491261055474213	0.82233552966651	0.866689903389161	1.44712599748905	0.645345213140556	0.704454145575067	0.526227284059539	0.197553018046484	0.411669026394976	0.762405866090922	0.449850585830845	0.466856170556442	0.450588986276338	0.256506739426615	0.229076857304027	NA	0.13790235057147	0.403079338354682	NA	0.447933088464044	0.246897230730746	0.417883828042891	NA	0.317412349446098	0.409684710295467	0.309923364389839	0.226648606084472	0.467634687651332	0.484584229181168	0.0641659364382768	0.390984737699169	0.24635609274649	0.387256200105756	0.328345016735367	0.408300039791149	0.809580308394521	NA	0.911281631267617
0.402921870263597	0.427230652488022	0.301355471158199	0.245943768638982	0.471095010044441	0.432116643580505	0.378014051783876	0.346718443353969	0.188611918608735	0.272120622478643	0.158067606676618	NA	0.542792923721346	0.171597427008632	0.366278663339636	0.638880465552114	0.562903259899545	NA	0.328187596144963	0.425698830180494	0.263715727747743	0.306378502433919	0.0732338003140172	0.074811664053044	0.386402778489795	0.177582045248924	NA	0.459232369241486	0.61654451886348	0.613791101630841	0.71968349736387	0.46036237061084	0.267795444356259	0.243934679904887	NA	0.387239741333039	0.826854856913423	0.437702937785984	0.570444086028404	0.373916410690294
NA	NA	NA	NA	NA	NA	NA	NA	NA	NA	NA	NA	NA	NA	NA	NA	NA	NA	NA	NA	NA	NA	NA	NA	NA	NA	NA	NA	NA	NA	NA	NA	NA	NA	NA	NA	NA	NA	NA	NA
NA	NA	NA	NA	NA	NA	NA	NA	NA	NA	NA	NA	NA	NA	NA	NA	NA	NA	NA	NA	NA	NA	NA	NA	NA	NA	NA	NA	NA	NA	NA	NA	NA	NA	NA	NA	NA	NA	NA	NA
NA	NA	NA	NA	NA	NA	NA	NA	NA	NA	NA	NA	NA	NA	NA	NA	NA	NA	NA	NA	NA	NA	NA	NA	NA	NA	NA	NA	NA	NA	NA	NA	NA	NA	NA	NA	NA	NA	NA	NA
NA	NA	0.842739228092727	0.806868325256041	0.926928924197633	NA	0.713159418104087	0.983587340453107	NA	0.591076338902131	2.21845536822595	NA	0.782011930668047	0.639419517795979	NA	0.345974153565329	1.6319955806904	NA	NA	NA	1.18863995944883	0.505532787624631	NA	0.927886144103019	0.422383920954273	NA	NA	0.99424146003041	NA	NA	NA	NA	1.4868203000408	1.31371548203527	NA	NA	NA	1.45207899840039	NA	1.0894531671223
NA	NA	NA	NA	1.69163321337229	1.85766550590788	1.68333275379064	1.55959964560182	1.48599950677623	1.33234159716708	1.41699122305765	1.30411258308505	0.984134502143103	0.925892410650604	0.737496364002892	0.756221333248877	0.683830203351952	NA	1.07918177285611	0.860405934108732	NA	0.786163098233503	1.76612253389311	1.1265929792941	NA	1.10092672524364	1.56986176075781	1.90688807923647	1.84420768073574	2.00131886948477	1.93619076829162	1.92700358356721	1.78136344455178	1.60961898045153	NA	1.70535158878034	1.61405610320431	1.25036462451902	1.08590164018218	1.60088562002594
0.668013761300425	1.20401752801178	0.935700275645901	0.743697280289913	1.01529308141901	1.32429278990066	1.12439101022428	0.446710165307128	NA	0.511878932911776	0.729609770555627	1.82926538064463	0.707283277125009	NA	1.30391125025822	NA	2.13973356410953	NA	2.0453342177369	0.936108032554621	1.12208281926468	1.24184542852643	1.27279995705378	0.74353147649579	1.67858266764479	0.568862106300837	0.819355959561502	1.44787315242822	1.29687674401029	0.626324499156794	0.799185749523185	0.448630418403212	0.250835972792504	NA	1.20375207813438	0.944379116437041	1.82825437937838	1.88236035527614	1.22587156426077	0.374367489714362
NA	NA	NA	NA	NA	NA	NA	NA	NA	NA	NA	NA	NA	NA	NA	NA	NA	NA	NA	NA	NA	NA	NA	NA	NA	NA	NA	NA	NA	NA	NA	NA	NA	NA	NA	NA	NA	NA	NA	NA
0.553669795471263	0.159779252733666	NA	NA	0.723129626381129	0.691275835084858	0.976613944208372	1.19831816194197	NA	1.07389267272064	0.269199418968964	2.39347930098223	NA	0.454968194748399	2.51272205437299	0.118174535736676	0.166226901990634	NA	0.4453100838078	NA	NA	0.829282213269266	1.15187639388909	0.894287576193152	NA	1.00204147315024	0.734175276465202	0.398916705327863	0.864682269587866	NA	1.17308909768065	NA	2.04909313285703	NA	1.95635835728573	NA	2.07126936281773	2.23253811698655	NA	NA
0.948184218117177	2.12109793560747	0.979584261449259	NA	1.23536840386725	1.98552250478905	2.10028447218719	1.60377376860938	NA	2.27116130688239	NA	NA	1.41163324238584	0.37003679454674	1.75187834460631	2.45012196211273	1.38561310681708	NA	1.60649234081523	0.614643517354091	NA	1.01486201194349	1.19708733656072	0.912831665112001	1.09399709618728	NA	1.02802446175404	1.90327663809703	NA	0.970371128405251	NA	1.00231587810111	1.14378434219695	1.23492178201662	NA	NA	NA	0.674008303132436	NA	NA
NA	NA	NA	NA	NA	NA	NA	NA	NA	NA	NA	NA	NA	NA	NA	NA	NA	NA	NA	NA	NA	NA	NA	NA	NA	NA	NA	NA	NA	NA	NA	NA	NA	NA	NA	NA	NA	NA	NA	NA
NA	1.61078886057134	NA	1.30394333463765	1.16908434925479	1.17259936018915	1.0736656109547	1.53845730099455	NA	1.52526827117743	1.70568031959398	1.57122551516327	NA	1.05185556764839	0.627856560419015	NA	NA	NA	NA	NA	NA	1.25066933896826	NA	0.975988298613516	0.432235399765144	NA	1.58912042016382	1.44831262068874	1.69946527362123	1.88380356976391	NA	1.71157763765036	1.15742815022568	NA	0.834630144584489	0.804637938648958	NA	0.711567079752952	NA	1.1813727897893
1.90840535191411	NA	NA	NA	NA	NA	NA	NA	NA	NA	NA	0.715672225494304	0.411706016086928	NA	NA	NA	0.513372590915772	NA	0.46902217527631	0.493485041772763	NA	0.833642861922423	0.776443707534884	0.201307900202026	NA	NA	NA	NA	0.968080998891295	1.07697180923126	0.857231349509738	NA	NA	1.57447557657576	NA	NA	0.970720844050301	0.951597334100218	NA	NA
NA	NA	NA	NA	NA	NA	NA	NA	NA	NA	NA	NA	NA	NA	NA	NA	NA	NA	NA	NA	NA	NA	NA	NA	NA	NA	NA	NA	NA	NA	NA	NA	NA	NA	NA	NA	NA	NA	NA	NA
NA	0.350470183348276	NA	NA	NA	NA	0.663957821465675	NA	NA	NA	NA	NA	0.741619431621472	NA	NA	NA	NA	NA	1.70998242417033	NA	NA	NA	0.849289799320444	1.70269044629395	0.940468546215979	0.404689851880846	NA	0.677999747415847	0.71791010541457	0.741459596402502	NA	NA	0.644124435038051	0.623086300877527	2.1488651597802	NA	0.770400674123813	NA	NA	1.12623077845751
NA	0.360950394394314	0.323740582984539	0.722880727238451	NA	1.39686139482304	NA	NA	NA	NA	0.574950897499343	2.35146205601705	0.822510995517163	0.719834039745351	NA	0.291330553090059	0.217959492152157	NA	NA	2.32047135598547	0.674842754480829	NA	0.599860515176979	0.456331566592912	0.728572614023151	NA	0.355960995585206	0.699026059398817	0.59287491130228	0.369708056857542	0.962139149695267	0.985350585743214	1.03776117926317	NA	0.992536646014395	1.5951672349674	NA	NA	0.753719762658981	NA
NA	NA	NA	NA	NA	NA	NA	NA	NA	NA	NA	NA	NA	NA	NA	NA	NA	NA	NA	NA	NA	NA	NA	NA	NA	NA	NA	NA	NA	NA	NA	NA	NA	NA	NA	NA	NA	NA	NA	NA
1.1545683246423	0.173291361897035	2.01128801343995	0.73267140937427	0.776519509340478	2.55516530815877	0.764064910365821	2.63483860193536	0.632243766697264	NA	2.05779751009175	0.790863221302969	0.618139839273697	1.47125197447916	NA	0.421010274762895	0.389726739376395	NA	0.228292660097214	0.296328405286613	1.50064547481602	NA	0.525277937769905	0.754515770488266	0.759948998993099	NA	1.70717958840205	1.69899424064696	1.87691928434619	1.69282204157161	1.39530463318717	1.85686167682195	1.00637892895024	1.69743337170955	1.34445401568571	0.745121007707983	1.29587993961102	0.758721140093761	NA	0.841546462359175
1.05130012829216	NA	0.532158678503106	0.949015382803528	0.542379294911474	1.44035825775539	0.999037788602475	NA	0.902001625892486	NA	1.2136890296414	NA	1.48805627742437	1.30692461138351	NA	1.30653664896637	1.49761555412857	NA	NA	NA	1.07079102768381	NA	1.08487754141123	0.668616923417203	1.36676413324572	NA	NA	NA	NA	NA	NA	1.59571649326247	NA	NA	NA	NA	NA	NA	NA	NA
1.25401177185461	1.29115633957343	1.50296582275846	NA	2.06531388445338	1.48194366666578	1.43550340601818	NA	1.16438495563666	1.21821020816195	1.12876880822744	2.67523605194945	1.75944380735249	0.635310878527559	0.593296915722117	NA	0.196169950586676	NA	0.231707773457977	0.982133184094295	0.891159252578103	0.956973730458137	0.379207042510969	0.941275137312472	NA	1.31184463286841	NA	NA	NA	NA	1.81565976077166	2.32499344409163	NA	1.78027265975283	1.41370711518863	0.352170446161241	NA	NA	NA	NA
0.758331891623808	0.445493898782419	0.441505741493475	0.290646023816741	NA	0.56509479301493	NA	0.70828603599985	NA	0.423643735247167	0.579210091731594	1.23654478467353	0.22732139586664	0.14908823826754	0.375319779324327	NA	0.0872937771863783	NA	0.256733780370748	0.100796765556532	0.632763030913406	0.175905513374383	0.238347168954548	1.9205433192231	0.385192935651008	0.296740519177141	0.202084653380555	0.228073341110057	0.316656506765338	0.47097399225889	0.862342792300774	0.397308792604204	0.227608683008814	0.30476597725688	0.349326094753562	0.244919154204793	0.477790780941401	0.142426696212454	1.01531516545162	0.416623388077295
0.460146918790581	1.56181343665909	0.906774476850027	NA	NA	NA	0.599767575375202	0.759723783586557	NA	NA	0.541336852500514	0.459628051180388	0.369370859804943	0.313181974708058	1.70465386176967	0.507609899783186	NA	NA	0.322619437096546	0.396880623992109	0.364756351910847	0.669514273825252	0.799764457664302	2.42356757996737	NA	1.02645880944142	1.10774787241682	NA	1.23379409931342	1.04856764025954	NA	NA	NA	1.657216453464	0.8975738070737	0.678238854504953	NA	1.2290596102734	NA	NA
0.493858456077856	0.875040229268298	0.716757328079986	1.00902900341235	0.689556357668536	0.700639038206645	0.453703108532293	0.441784243708197	0.311247662148438	0.358387357288108	0.933722470784651	0.590636284231379	1.80447304686959	0.311261533881636	0.950730654524585	0.406170025168558	0.703585874007345	NA	0.698945545555633	0.542571848764186	0.632530294454571	0.713105384491362	0.495634599650603	0.286578889127057	0.607802963437002	0.841274538018549	0.545316246139295	0.337546838115551	0.415837070306325	0.345504700500034	0.816788368623479	0.724578241254616	1.08411772608563	0.602648820831731	0.479013838063152	0.741935991748595	0.893244460111173	0.465035669283611	0.25562917272541	0.339656030089744
NA	NA	NA	NA	NA	NA	NA	NA	NA	NA	NA	NA	NA	NA	NA	NA	NA	NA	NA	NA	NA	NA	NA	NA	NA	NA	NA	NA	NA	NA	NA	NA	NA	NA	NA	NA	NA	NA	NA	NA
0.983893481952069	NA	NA	1.35078980236339	NA	0.820738630723527	NA	1.61778913318249	1.20402938591957	1.1873912078447	NA	1.69853704444416	0.972307076270884	1.10900148894119	1.4796107484664	0.830304324264941	1.86442833812559	NA	NA	0.912321679020536	NA	1.15351946635241	1.47900078541416	1.10935454249093	1.66624968912087	0.805230905699471	1.53789033262917	1.35107695319146	NA	NA	1.44670704090628	1.32551557123239	NA	1.01324355663174	1.29001760020999	NA	2.01157574706943	0.563964052695411	0.487451060272476	NA
NA	NA	NA	0.489096657205604	0.817165579250977	NA	NA	NA	NA	0.630262582083785	NA	1.38084534652747	NA	0.636487231666551	0.342949048073997	1.88378285066551	NA	NA	0.783395710192287	NA	0.661172749009129	0.316747143728142	NA	0.505780118784431	NA	NA	0.858503401986569	2.03478989576579	0.74787153806041	0.744153975744485	0.869690913988094	NA	1.10996160324935	0.716552764071075	NA	NA	0.921795207193012	NA	NA	NA
1.54872132966907	0.268086759999345	0.80880665645793	0.744234608594016	0.825976698054736	0.825294249334632	NA	0.839475517314893	1.17724954125751	0.406152944210999	NA	0.269439535123014	0.203259570614746	0.233208901139587	NA	NA	NA	NA	0.65381332746834	NA	1.64196618416901	0.91783004380646	0.4535925617272	NA	NA	0.74362567942896	NA	0.460415650073464	0.469491910022258	0.301698325501306	0.531629832356455	0.341165256290572	0.65653516604752	0.870043006282978	0.403689279542142	0.597195178449289	NA	0.43693124833495	NA	0.397024485419639
NA	NA	NA	NA	NA	NA	NA	NA	NA	NA	NA	NA	NA	NA	NA	NA	NA	NA	NA	NA	NA	NA	NA	NA	NA	NA	NA	NA	NA	NA	NA	NA	NA	NA	NA	NA	NA	NA	NA	NA
0.867478110047713	1.70769223042599	0.568187111720178	0.933397573070366	NA	0.766745202107788	NA	1.21413836596114	1.28297339041773	1.55534624769426	0.802991194465286	0.764002681613085	1.17272727712256	0.894654803558933	0.750507830292769	0.795399078669306	1.02473881583477	NA	0.943032139918597	NA	NA	0.578591131127726	0.998450599305883	0.979609878282296	1.11583638753984	1.04663410695267	1.17512832069259	1.08462961328155	1.00234330033116	1.39758885336146	NA	1.13259451628456	0.848965214847903	0.872704550157684	1.20220312366245	1.12306641510685	1.32621270788202	1.38097067897573	1.21165334421098	0.963515524367275
NA	NA	NA	1.42843080399358	1.07053877859437	NA	NA	NA	NA	1.2128341073477	0.847312262416748	0.494780953074539	1.17512359123911	2.1489241348718	1.27860707397921	1.09521054056763	1.31555396439984	NA	1.02474753283368	0.849456929632404	1.1688096563667	1.16156511528196	1.30997884283475	NA	0.754425817680643	1.16738802920112	NA	1.47277547967749	1.15501325217692	1.46104158615602	1.56004981971816	NA	1.32679072005043	0.74493035987909	NA	0.810345160545243	1.18829203156354	1.06350719989898	0.947538062994434	1.08512256009021
0.675672511962129	2.13630392600231	1.08665913105978	0.757499498502528	0.812441724647569	0.721430973837416	0.955280270307067	NA	0.3830403248677	0.495834633391465	0.714563875782421	0.827562999147023	1.38874429933717	2.63355907050443	0.714038009239192	0.279011136367658	0.171080714799144	NA	0.418299558448289	0.415446536749206	0.508111146691274	0.782943031109106	2.52692159374036	1.37734729454314	2.12289115851055	2.47420995998826	0.686095590269719	0.826285727433486	1.03764426622808	1.177463256864	1.1167168645572	3.22771675646286	2.82542602251388	2.03922351793531	0.974759736433088	2.55052679383632	1.7514818777315	1.9685006805519	1.31015969382608	0.769790118256996
NA	NA	NA	NA	NA	NA	NA	NA	NA	NA	NA	NA	NA	NA	NA	NA	NA	NA	NA	NA	NA	NA	NA	NA	NA	NA	NA	NA	NA	NA	NA	NA	NA	NA	NA	NA	NA	NA	NA	NA
0.668463061939887	0.382016781944084	0.586601154716554	0.575845459816861	0.777216549724765	0.518881691571459	0.383721773042242	0.566223579292509	0.463972686302468	0.462208287106869	0.478706374339016	0.533467287318361	0.989491031038282	NA	0.651228526558328	NA	0.425636416244745	NA	0.235516495504725	NA	NA	NA	0.749616906541767	NA	1.01816740507667	NA	NA	NA	NA	NA	NA	1.0956533748363	1.43998721414463	NA	NA	NA	NA	NA	NA	NA
NA	NA	NA	NA	NA	NA	NA	NA	NA	NA	NA	NA	NA	NA	NA	NA	NA	NA	NA	NA	NA	NA	NA	NA	NA	NA	NA	NA	NA	NA	NA	NA	NA	NA	NA	NA	NA	NA	NA	NA
NA	NA	NA	NA	NA	NA	NA	NA	NA	NA	NA	NA	NA	NA	NA	NA	NA	NA	NA	NA	NA	NA	NA	NA	NA	NA	NA	NA	NA	NA	NA	NA	NA	NA	NA	NA	NA	NA	NA	NA
NA	NA	NA	NA	NA	NA	NA	NA	NA	NA	NA	NA	NA	NA	NA	NA	NA	NA	NA	NA	NA	NA	NA	NA	NA	NA	NA	NA	NA	NA	NA	NA	NA	NA	NA	NA	NA	NA	NA	NA
NA	NA	NA	NA	NA	NA	NA	NA	NA	NA	NA	NA	NA	NA	NA	NA	NA	NA	NA	NA	NA	NA	NA	NA	NA	NA	NA	NA	NA	NA	NA	NA	NA	NA	NA	NA	NA	NA	NA	NA
0.95931907024479	0.220686912046628	NA	0.632086735983755	NA	NA	NA	NA	0.50714246859484	0.448967878648313	0.586274484535378	0.180923127038474	0.813088888838736	1.19253348964234	NA	NA	0.934359243105264	NA	1.27110122079517	NA	NA	NA	NA	1.4786318468817	NA	0.909870837548611	NA	NA	NA	1.65495808418937	1.32492451717523	0.670979277383375	1.03769611587831	0.919489166721928	1.03254707842077	0.855731524338842	0.937432117151486	NA	NA	1.74274966143275
NA	NA	NA	NA	NA	NA	NA	NA	NA	NA	NA	NA	NA	NA	NA	NA	NA	NA	NA	NA	NA	NA	NA	NA	NA	NA	NA	NA	NA	NA	NA	NA	NA	NA	NA	NA	NA	NA	NA	NA
1.70728476864927	0.606419661851947	NA	NA	NA	1.4878247354377	1.2562471916447	1.29393491879156	1.32837869934957	NA	1.41418783558643	0.717465083883325	1.33023799000085	0.181465310062204	NA	NA	0.45014242764684	NA	0.457988910880337	1.62880978922029	0.623032483965127	0.649293792180714	1.7033095160933	NA	0.606797517974808	0.380215785849793	1.22567211702558	0.678259638313767	NA	0.797527772089459	0.469469210806077	NA	1.31840044434777	0.864597930123165	NA	NA	1.14730343517148	1.52474699050513	1.31009585568726	NA
1.55752529897982	NA	0.407828162507154	NA	0.290899311118679	1.2654138277527	NA	NA	1.31937244615626	0.881475451680711	0.605924750435318	NA	0.53637883408372	NA	NA	NA	NA	NA	NA	0.465317168738369	0.408278198745675	NA	0.564679997857346	0.54534709337898	NA	0.21543289399257	0.575985678567911	0.202018356413355	0.51468602759518	0.560800314945033	0.587170871844367	0.441605329189127	0.672777749353313	0.282187738155718	NA	0.434711480857699	0.643589632561924	NA	NA	NA
0.986777797101678	1.93158720909128	2.11459532269657	0.655798064986252	0.620208216762726	0.814079929551188	2.01685895406297	2.22043759486251	2.14486612392438	0.493133531632791	0.753014255126825	0.674693030901444	0.380431613060207	0.601881240256164	0.289060566569516	0.330886963007734	1.15171011564546	NA	0.129946743141439	0.853523372883142	0.258653389078323	0.17579162438399	0.380150705120236	0.551090236706307	0.628458730044971	NA	0.844349524907811	0.966801861582718	0.85820557391592	0.974464447618228	0.891039862361628	1.01805626997873	0.443701759109038	1.02110128678405	NA	NA	1.672090333664	0.341906033914772	0.667014921960823	NA
0.930195137240241	0.805820716009309	1.07438505826548	0.645726027466285	0.717518988728158	1.37454726509911	0.459814282567062	0.603270768242493	0.79035496288591	0.263569924918323	1.45335415676488	1.15240642252427	NA	1.01726099939273	NA	0.992624065566224	0.241111576901779	NA	0.40315810100023	NA	0.741146162622536	1.22057328091561	1.13351847846067	0.497929216626106	0.423410471834339	1.15590393526374	0.827152468418243	1.08835029967295	1.09000790816376	NA	1.49920932078292	1.10511933582648	0.98003619194785	1.28408363235065	1.21967305565088	1.30730931244411	1.80076524787463	NA	0.657308319525803	1.13637822173155
NA	NA	NA	NA	NA	NA	NA	NA	NA	NA	NA	NA	NA	NA	NA	NA	NA	NA	NA	NA	NA	NA	NA	NA	NA	NA	NA	NA	NA	NA	NA	NA	NA	NA	NA	NA	NA	NA	NA	NA
NA	0.551825059823117	2.29715778464677	0.571648699179574	0.674383500803281	2.52036574008958	2.65454174400037	0.633916473730531	0.756367322291684	2.33176723758225	0.484138100480159	0.470494291806237	NA	NA	0.263058080209306	NA	NA	NA	0.773025239302836	0.191449999370033	2.16283964740565	NA	0.73082377225691	NA	NA	1.05627956843666	2.63895072310677	2.49777307806668	NA	NA	NA	1.7609241294342	NA	NA	NA	NA	1.56152822630587	NA	NA	2.45485030220929
NA	NA	NA	NA	NA	NA	NA	NA	NA	NA	NA	NA	NA	NA	NA	NA	NA	NA	NA	NA	NA	NA	NA	NA	NA	NA	NA	NA	NA	NA	NA	NA	NA	NA	NA	NA	NA	NA	NA	NA
NA	1.20640592867124	0.423670416924021	0.429327068749574	NA	NA	1.00600389553069	NA	NA	1.22046844386817	NA	0.913065886214902	NA	NA	NA	NA	NA	NA	NA	NA	NA	0.86800598460574	1.39105604459363	NA	0.807539428502338	NA	0.419854307595551	1.38733290063046	1.0796444667836	1.56420254884378	0.576117797376043	1.70423333167925	1.08698186486836	0.539901516105788	1.08564787368965	NA	1.89327427765421	NA	NA	NA
0.357447761057207	0.475767866413727	NA	1.7477802288495	NA	0.945767845299621	NA	1.48304508628749	1.4550878725589	1.56173695242545	1.2353672877699	1.23613100881421	NA	1.35732142442322	1.30577940755833	1.35608834022872	0.870854518580593	NA	0.52274190521084	NA	NA	1.10954300173057	NA	NA	1.49326859034233	1.32823966658211	1.39042252084401	NA	NA	1.66786234511913	NA	NA	1.05387694462793	1.68380810511631	2.56644733572996	0.749929920199485	NA	2.02398124687153	0.902549953867158	NA
NA	NA	NA	NA	NA	NA	NA	NA	NA	NA	NA	NA	NA	NA	NA	NA	NA	NA	NA	NA	NA	NA	NA	NA	NA	NA	NA	NA	NA	NA	NA	NA	NA	NA	NA	NA	NA	NA	NA	NA
NA	0.733604619284286	0.922987681614772	NA	0.475889983276403	NA	1.24494637515608	1.49204285121265	NA	1.87618397912694	1.9840280104368	1.98711059046534	1.53931929908796	3.02876703678079	2.05546112756779	0.205386707696636	1.41782400827286	NA	0.399427294181729	0.238929967142851	2.0648925881178	1.9541242192568	NA	0.726023518389823	0.734783771420415	1.94159289852066	2.18606882064654	0.748081644209212	1.89022147870655	NA	NA	0.648514700909098	1.04881075710681	0.290529006847965	1.04188988241281	0.193286309150925	1.28558774557901	0.812372896475879	0.118040973102052	1.0809222426471
NA	0.261729536378399	0.792395402732662	0.555028471276609	1.03331662464653	0.376707032508378	0.396608205619778	0.844583595936085	1.28972422334942	NA	NA	NA	NA	NA	NA	NA	0.837137039395153	NA	0.393780970350293	0.539992090533074	0.32312130628589	NA	0.73357044284454	NA	NA	0.421912008247588	0.943460431828084	0.536551546468934	0.458749081555437	0.498927140320663	0.157461589000938	0.135857933107681	0.554562559486873	NA	0.360016168073011	NA	NA	NA	NA	NA
NA	NA	NA	NA	NA	NA	NA	NA	NA	NA	NA	NA	NA	NA	NA	NA	NA	NA	NA	NA	NA	NA	NA	NA	NA	NA	NA	NA	NA	NA	NA	NA	NA	NA	NA	NA	NA	NA	NA	NA
NA	NA	NA	NA	NA	NA	NA	NA	NA	NA	NA	NA	NA	NA	NA	NA	NA	NA	NA	NA	NA	NA	NA	NA	NA	NA	NA	NA	NA	NA	NA	NA	NA	NA	NA	NA	NA	NA	NA	NA
NA	NA	0.247887943968485	NA	NA	0.381382834603947	0.900619575597546	NA	0.552826094917597	0.561346092205658	0.545753005595208	NA	NA	0.134081810149023	NA	0.176603496923683	NA	NA	NA	NA	NA	0.474749609014138	0.30888288625784	NA	NA	NA	NA	NA	NA	NA	NA	0.531987797793098	NA	NA	NA	NA	NA	NA	0.352083802275315	0.455335229110261
1.87582135382313	1.08182835388081	1.0973156348437	1.60967456542371	NA	1.24631834295636	NA	NA	NA	0.542627565566573	NA	NA	NA	NA	0.537184282697215	0.379316048262542	NA	NA	NA	NA	1.86846350066579	NA	0.435937329579698	NA	0.50445344736882	NA	0.790446766158331	0.73250057202941	1.53382580458794	0.38080690081035	0.774047521615116	NA	0.561355580510964	NA	NA	NA	0.990432126955141	NA	NA	0.749400783425965
1.29506546740706	0.784272406968168	1.59591213333927	1.0531105115208	1.02228263914635	1.42400775153665	2.06705380970607	2.19912888440431	1.36636901102806	0.82300011870642	1.79098954660228	1.42819780587009	1.30009722546139	1.51218715960765	1.25368080360325	0.92099377654644	1.25380697055572	NA	1.14747384366328	1.35868133703942	NA	NA	NA	1.43510156377198	0.513728347415969	0.991122685437233	1.33653452067688	1.31808690582461	1.83414003740334	0.791364196437344	0.899044018691376	1.35631669396608	0.880524893980611	2.18327511040027	1.91260950509715	1.54230293652329	1.5614442886245	0.993951898446429	2.2662508405774	1.36600158612717
NA	NA	NA	NA	0.418065275756452	NA	NA	0.397208448809369	NA	0.497448955390386	NA	NA	0.902609096618777	NA	0.336388278674837	NA	2.00628449879078	NA	NA	NA	NA	1.41443549888762	NA	NA	NA	NA	NA	2.04362227071641	1.1249949622535	0.68514935703252	NA	0.837243984781555	NA	NA	NA	1.13528616460041	NA	NA	NA	0.863375236094479
1.12885686066414	1.19183160223388	1.10973522730352	1.6201437705598	1.31220482777899	1.21391498470463	0.76951061028439	NA	1.2867617180607	0.698771766306201	NA	0.910194936840819	1.54846359726856	0.69133380606287	1.64102868163679	1.66783304349973	0.654407143338371	NA	0.968937603783124	1.36462245950942	1.38758791229056	0.415904521414205	0.963552780092751	NA	1.42155818554855	0.645298790013504	0.649212069613709	0.63827734798341	0.535109882522081	NA	0.52544588760686	0.422251166393944	0.656376838888133	NA	0.662566632381955	NA	NA	0.902335731903234	NA	0.847150736437373
NA	NA	NA	NA	NA	NA	NA	NA	NA	NA	NA	NA	NA	NA	NA	NA	NA	NA	NA	NA	NA	NA	NA	NA	NA	NA	NA	NA	NA	NA	NA	NA	NA	NA	NA	NA	NA	NA	NA	NA
1.70408668202751	1.26149558985498	1.5087578381907	1.17331737389354	NA	1.15180221369475	2.07723163886155	2.01904679618892	0.644116294369529	1.59656099935533	1.92829647132455	0.862242020284388	1.23017551864193	0.946346547698868	0.197294327408454	0.463862253672936	0.564890961719814	NA	0.346176716713489	0.795972444032514	0.679202496549326	2.01069481068371	0.942416210144361	0.680991519873841	0.672751763654569	0.71315082125998	0.495084775710501	1.66153973220316	0.634035769885278	0.523655132886597	1.26368901101877	0.729373548613786	NA	2.23382528223947	2.53441401868402	0.591146283354996	NA	2.52710166747073	2.95775072512058	1.22957420874949
NA	NA	2.09924823678096	2.03247188046789	1.8355784039821	2.14149242781059	NA	NA	NA	NA	NA	1.74977957078267	0.497886409070205	0.42575746840934	0.232047452787267	NA	2.00349789976312	NA	2.03858065576487	0.440028782067543	1.76802383781887	NA	0.858466648079942	1.90125223542665	0.788931913055402	1.80558967406265	NA	NA	NA	NA	NA	1.95736329531307	1.76959667124965	3.9322946091313	1.7412123684775	1.01863252054877	2.09779881853254	1.57242897230336	1.14622597161273	0.287212214858259
0.334551180372773	1.63812279817175	0.583793458024521	0.676868672988633	2.01671819643528	2.22566857120527	2.13624759319254	0.660272841681574	1.86671628076069	1.71542825663003	0.459639357625153	0.326001688746499	1.37431348111459	0.253121378479307	0.124679424386629	NA	NA	NA	NA	0.616069365414887	NA	2.14456091044625	NA	NA	0.399442185267778	0.791985066903646	0.53943504268672	0.749942450637158	2.20136011530865	0.401323384668025	0.626991372546885	0.320123131143069	0.672115371698792	0.612900335149177	1.03773995537529	1.55124732585543	NA	0.64235155815128	NA	0.86996827887086
1.52776479977156	NA	1.57739920200199	1.35371332009461	1.18399432292445	1.28160315804462	1.37600640827017	1.50963268622304	1.52978775850145	1.24038596112137	1.17014534518872	0.875721485499331	0.510876007087548	1.12335844295932	0.741352315858304	0.524283864971147	1.12970373375245	NA	0.140569892368777	0.494133719032288	NA	0.73355508145669	1.03863241851974	NA	0.438753129435195	NA	1.10956300586363	0.986294688436504	0.665935202825928	0.379001036840266	NA	1.06580385237132	0.950887288056053	NA	0.948753183911413	0.34319871247595	NA	NA	NA	0.75805666559699
0.274067282725059	0.244732602637666	NA	0.338523465272847	0.627040748122921	0.510771760431343	NA	NA	0.697093174246065	0.200799608940686	0.740529677786522	NA	0.414146241659651	0.837052189783625	NA	NA	1.08348097678317	NA	1.00445255906942	NA	NA	NA	NA	1.10985897782538	0.890872074930799	0.751669955998508	0.668839907049247	NA	0.553319737129575	0.599321921424504	1.26295497862407	0.554427363472893	0.998210390929876	NA	0.928159086788289	0.62038691120364	1.00857296805299	NA	0.747248719606334	1.49451339645853
NA	NA	NA	NA	NA	NA	NA	NA	NA	NA	NA	NA	NA	NA	NA	NA	NA	NA	NA	NA	NA	NA	NA	NA	NA	NA	NA	NA	NA	NA	NA	NA	NA	NA	NA	NA	NA	NA	NA	NA
2.19577890986084	1.47698236912361	1.71923433102293	0.903447429107632	1.29220251442672	0.941074966831681	1.85307318344538	1.07779963644012	0.759530528353371	1.6578978631011	1.90526004634066	0.897079680910255	0.699254205511516	NA	0.643594282671094	1.52884836196393	0.32608910214837	NA	0.735317066922491	1.54288417051696	1.80461580641512	0.55046545125388	0.952686854679713	1.31280586560127	0.495354167233828	0.255656258007885	1.58056425070804	0.312522522478863	0.188182811819805	0.569997573310042	0.424968476823955	1.53542720055622	NA	1.23812587299049	1.62790172729293	1.52737838269773	1.32668892456951	1.17040495859789	1.51681225539946	2.12316379989079
0.639405411585744	0.558553892748705	0.670130071399021	1.05531184849794	0.916549535460505	1.03749161916416	0.643011014864274	NA	0.664465564201739	0.783254397473324	NA	0.62772323048513	0.622412641660371	0.689884990797889	0.594190008090273	0.720614123934598	NA	NA	0.430338467208909	0.750975037720604	0.326147365607619	0.523542363963219	0.744423868556044	0.381039847059185	0.33518519621603	0.425852446470612	0.480717120504078	NA	0.479478111392242	0.562069561231737	0.586796122477242	0.717722411916574	0.558827193061728	0.794232590135589	0.733982394878462	1.24540125911975	0.523472425037283	1.23928641153669	0.743700460804958	0.473206010162723
NA	NA	NA	NA	NA	NA	NA	NA	NA	NA	NA	NA	NA	NA	NA	NA	NA	NA	NA	NA	NA	NA	NA	NA	NA	NA	NA	NA	NA	NA	NA	NA	NA	NA	NA	NA	NA	NA	NA	NA
1.14052801674814	NA	NA	NA	NA	NA	0.55038901812817	0.496724847512743	2.41189511279339	0.894703679548948	NA	NA	0.352859059597241	0.673054533863525	0.582143542965594	NA	NA	NA	NA	0.97402768619688	0.524697757869091	NA	NA	0.805134623855507	NA	0.711384272331365	NA	1.18463123333384	1.48346555556593	1.34717870213021	1.90358399140083	1.68697493740267	1.72473355036767	NA	NA	1.15399117335879	NA	0.996165879977188	0.64096264060027	NA
0.620849422739673	0.637083096365152	0.776707710175624	0.839500156830848	1.04278495248803	0.780073218847152	0.683342709836761	0.992807787817458	0.781563366133015	0.783386167780796	1.36740306102005	0.621930585066199	1.80480465606234	0.575787557286892	0.679687047307583	0.647997134985267	0.384642812313451	NA	0.328008666244887	0.323422938080333	0.4898921123693	0.717697453035963	0.590668487628506	0.48327607255307	1.01892753133206	0.422487683791981	0.572660807357822	0.582595280849642	0.65543429086474	0.798972249890423	0.600578493240144	0.570098257258843	0.72999502668897	0.748867830615116	NA	1.74396383426733	1.32384530089758	NA	1.76561345527779	1.58884816702759
NA	NA	NA	NA	NA	NA	NA	NA	NA	NA	NA	NA	NA	NA	NA	NA	NA	NA	NA	NA	NA	NA	NA	NA	NA	NA	NA	NA	NA	NA	NA	NA	NA	NA	NA	NA	NA	NA	NA	NA
NA	NA	NA	NA	NA	NA	NA	NA	NA	NA	NA	NA	NA	NA	NA	NA	NA	NA	NA	NA	NA	NA	NA	NA	NA	NA	NA	NA	NA	NA	NA	NA	NA	NA	NA	NA	NA	NA	NA	NA
NA	NA	NA	NA	NA	NA	NA	NA	NA	NA	NA	NA	NA	NA	NA	NA	NA	NA	NA	NA	NA	NA	NA	NA	NA	NA	NA	NA	NA	NA	NA	NA	NA	NA	NA	NA	NA	NA	NA	NA
NA	0.242393725782392	NA	0.755397096704695	0.705190038703008	0.347862688001326	NA	0.66709071685611	NA	NA	0.0525536924780803	2.09229814931762	NA	NA	NA	NA	NA	NA	NA	NA	0.927940052919361	NA	NA	0.650448812331656	NA	NA	NA	0.360524506366119	0.264867086000595	0.451282517577992	1.01448363935208	NA	0.237638170811418	2.19592702242299	1.98780806423632	1.35522020831105	1.48952062088333	0.783254274807776	1.18387438171393	NA
NA	NA	NA	NA	NA	NA	NA	NA	NA	NA	NA	NA	NA	NA	NA	NA	NA	NA	NA	NA	NA	NA	NA	NA	NA	NA	NA	NA	NA	NA	NA	NA	NA	NA	NA	NA	NA	NA	NA	NA
1.22011018559738	0.959654043030494	0.21009861049507	NA	1.07008297045303	0.975926686090908	0.783055488902684	0.554833071203922	0.904383866584032	0.958999996944377	0.899853314634227	1.03859792966611	1.09140886408752	0.966030818108879	1.08375588957076	0.889322307782226	1.09013241711552	NA	0.996325829544812	0.706723006094652	0.947550013654321	0.773098581279628	1.10992741515287	1.02935488997312	0.712838402762912	NA	1.16754299435207	0.841961258352191	NA	1.45372320632328	1.8788810145992	1.85239852206002	1.48673886413595	1.6865359699358	1.69356595614124	1.87600561285677	NA	1.91509983095593	NA	NA
NA	NA	NA	NA	NA	NA	NA	NA	NA	NA	NA	NA	NA	NA	NA	NA	NA	NA	NA	NA	NA	NA	NA	NA	NA	NA	NA	NA	NA	NA	NA	NA	NA	NA	NA	NA	NA	NA	NA	NA
0.654930791447564	0.40074965394944	0.885429134079211	1.11592923628998	NA	NA	0.981073712142172	0.958397061687424	NA	NA	0.596550691108301	NA	0.507230425084396	NA	NA	0.399672225199137	NA	NA	0.626137071694323	NA	NA	0.860924817408101	NA	0.496835543343117	3.02641712784798	NA	1.79654634883996	0.453632554080821	0.290617427410801	NA	2.94803760210054	0.375834806225665	0.403012433411889	0.517484386012776	0.432235844470142	NA	0.744816090680041	3.0277196100942	NA	NA
NA	NA	NA	NA	NA	NA	NA	NA	NA	NA	NA	NA	NA	NA	NA	NA	NA	NA	NA	NA	NA	NA	NA	NA	NA	NA	NA	NA	NA	NA	NA	NA	NA	NA	NA	NA	NA	NA	NA	NA
NA	NA	NA	NA	NA	NA	NA	NA	NA	NA	NA	NA	NA	NA	NA	NA	NA	NA	NA	NA	NA	NA	NA	NA	NA	NA	NA	NA	NA	NA	NA	NA	NA	NA	NA	NA	NA	NA	NA	NA
NA	NA	1.92339178414185	1.81912283455794	0.754057068531537	0.809427968827151	0.691827305393393	0.64319731118432	0.795343952400235	1.15096500555136	0.226537765700771	0.333945535165415	0.429750632087084	0.726108016452784	0.779064107257745	0.259505367220089	0.248123709458524	NA	NA	0.599084312043312	NA	0.785015119155179	0.296541534324937	0.552296619312124	0.28894070966406	0.877012492489013	0.521956091436139	0.879965409510176	0.617962729345664	0.658344960935476	0.571836818861976	0.428210575226557	1.12523070993481	0.506668159109898	NA	0.223529566537424	0.630445968414305	0.099495739439197	1.07880571809903	NA
NA	NA	NA	NA	NA	NA	NA	NA	NA	NA	NA	NA	NA	NA	NA	NA	NA	NA	NA	NA	NA	NA	NA	NA	NA	NA	NA	NA	NA	NA	NA	NA	NA	NA	NA	NA	NA	NA	NA	NA
NA	NA	NA	NA	NA	NA	NA	NA	NA	NA	NA	NA	NA	NA	NA	NA	NA	NA	NA	NA	NA	NA	NA	NA	NA	NA	NA	NA	NA	NA	NA	NA	NA	NA	NA	NA	NA	NA	NA	NA
0.487309317059139	0.484495530334645	NA	0.502531436607374	0.91929604664986	0.602064284863785	0.806549509285932	0.612324213274035	0.713698309026655	0.490812362024942	0.745178634478026	0.268536185693609	0.400805256687304	0.679541997998192	0.588529188816871	0.105797312443355	0.41998147181194	NA	0.221134074923752	0.477406303204701	0.847779602838846	NA	1.70245125856219	0.825694836013052	0.918086898869455	0.841684551862099	0.830004334326753	0.593823314087375	0.672948861278464	0.992289260780009	1.33498547480287	1.15007371565493	0.841912284757956	1.36166997124512	1.09360774515235	1.42132195625981	1.76983629898283	1.61841757005703	1.31285575525412	1.37474497315438
NA	0.147297837397224	0.517857541245203	NA	0.404760020019997	NA	0.70392766976768	1.75174224264836	1.80734894504132	NA	0.740567798754973	0.455857158159831	NA	1.77540539502651	NA	0.282819706606548	0.297171129356	NA	0.322460095884983	NA	NA	NA	NA	NA	NA	NA	NA	1.1835076964365	0.962016640380847	NA	0.329439214456892	0.357210420235019	NA	NA	NA	0.544864283466413	NA	NA	NA	NA
NA	NA	NA	NA	NA	NA	NA	NA	NA	NA	NA	NA	NA	NA	NA	NA	NA	NA	NA	NA	NA	NA	NA	NA	NA	NA	NA	NA	NA	NA	NA	NA	NA	NA	NA	NA	NA	NA	NA	NA
NA	NA	NA	NA	NA	NA	NA	NA	NA	NA	NA	NA	NA	NA	NA	NA	NA	NA	NA	NA	NA	NA	NA	NA	NA	NA	NA	NA	NA	NA	NA	NA	NA	NA	NA	NA	NA	NA	NA	NA
0.605124745128843	NA	NA	NA	NA	1.37959507778475	0.888383176474654	NA	NA	NA	1.1466068150994	0.739950623594274	0.735800063337794	1.88573150728162	1.14751977177488	NA	0.857980285816993	NA	0.634825127064895	NA	NA	1.68890011918676	NA	NA	1.01300430946533	1.61716666940251	NA	1.92377608513432	NA	NA	1.80944443251768	1.70582582431382	2.2167089729926	2.27464548523966	NA	NA	1.68450137012868	1.83233169679339	NA	NA
NA	NA	NA	NA	NA	NA	NA	NA	NA	NA	NA	NA	NA	NA	NA	NA	NA	NA	NA	NA	NA	NA	NA	NA	NA	NA	NA	NA	NA	NA	NA	NA	NA	NA	NA	NA	NA	NA	NA	NA
0.400601516051449	0.394910144202298	0.598274638005589	0.658952918134743	0.420431835731055	0.473905824768322	0.912409549471893	0.509918907222534	1.32556891702511	0.77718810351615	0.727009616315628	0.252112191673992	0.18881848955339	NA	0.223249940981317	0.460446251094966	0.327532021758161	NA	0.280651984823779	0.267092332042172	NA	0.0290988297589345	0.365333156617109	NA	0.533593902945656	0.386262325742397	0.419449470154633	0.381253495646325	0.801235557776512	0.667851114423091	0.861862579159528	1.12934970564558	0.834959497728306	NA	0.64500593653427	0.446750445291687	0.588142995096539	0.613453101717968	0.539556350282086	0.502036894387264
NA	0.481374660979127	NA	0.488129348888377	0.790395113011245	1.00256081708364	0.671364799388727	0.876261912027194	NA	NA	0.498210962455353	NA	0.588942481509141	0.300959712517845	1.0012235224825	0.613221276062204	NA	NA	NA	0.723331483870097	NA	NA	NA	NA	NA	NA	NA	0.993539969193637	NA	NA	NA	NA	NA	NA	NA	NA	NA	NA	NA	NA
0.546617787209057	NA	NA	NA	NA	NA	NA	2.43939796409651	NA	0.621642332189601	NA	0.475154826097798	NA	0.153591389166252	NA	NA	0.270549772424411	NA	NA	0.366216412136484	0.693913965340266	0.433424760732688	0.557196140759308	NA	0.665393591129567	0.546745697780022	NA	0.821585606892199	NA	0.829814892249579	0.53178018263019	0.932622872603213	0.451114057557642	0.434318922192981	NA	NA	1.04759874121066	1.22450056459129	NA	0.939331282832341
NA	1.45828851317854	NA	NA	NA	NA	0.600221991259533	NA	NA	NA	0.289233700597735	NA	NA	NA	0.630686420342467	0.388838014572085	0.617124141573452	NA	NA	NA	0.850097726738201	NA	NA	NA	NA	NA	1.40326170051642	0.992722594397206	1.04128756691013	1.51600236081386	1.27283174492418	1.35932849780249	1.85670038899709	1.19367784850271	1.31526032278557	0.815012955517919	1.48368555495375	1.25622743896259	1.57034117284008	1.80685902305299
1.68070413262614	1.3014155418238	0.515674568800316	NA	0.880975523112576	NA	1.1319335139055	1.60624878305505	NA	1.34752844562287	1.16485289927821	1.64571773888248	1.34177972799748	1.08105105076303	1.31172971192458	1.44325509494571	1.36716801543619	NA	1.26025786425059	1.05792247791298	NA	0.826402721791721	0.968738288622037	0.886616912651728	1.00505376671783	0.735734446092592	0.960525914385895	1.09173022383351	0.995135948832105	0.838407595453604	0.770518916563256	0.707096712444764	0.799974655994352	1.11679217230875	0.925411610919739	1.0688100233552	0.745070317041785	1.12819246341509	1.04800884466813	0.810365866523718
NA	0.632527100243445	0.628520273812225	0.861993898310752	NA	NA	0.588748967194218	1.19656136133148	1.3407923305005	NA	1.08130325247699	0.359800275651555	NA	0.538092057544343	NA	NA	0.398444160545013	NA	0.395746669410897	NA	NA	0.448698677444679	NA	NA	0.875832983431534	NA	NA	0.333588196935574	0.653043728539705	0.823828909567798	0.90705223676629	NA	0.585794240010552	NA	NA	0.619647017123712	NA	NA	0.896512736068794	NA
NA	0.495452713804193	0.0830800374436349	0.15219413219989	0.161977531365156	0.42306564117558	0.13942952019043	0.189251734138802	NA	0.26588470602435	0.630817517221577	0.650318079921681	0.494855151780105	0.65865137053741	1.36970948300403	0.478673779999104	0.401426418760936	NA	0.418325794666883	NA	0.515049720737441	0.341384363353287	0.717444633555388	0.497398000996661	NA	0.298674136754984	0.795483790764737	1.08167498826427	0.725312505655841	0.794951046124289	1.36438562595559	1.5183445355685	NA	1.12032225001312	1.55578767909321	1.56867393857319	2.01723325501889	NA	NA	2.49476116406593
1.46736623189731	1.33108861556567	1.95147309448531	1.70583550474689	1.54195672196104	1.39579323277163	1.41785597250785	NA	2.51679733124546	NA	2.26214482462651	1.96719916859303	1.48367476959857	2.39843839699808	NA	NA	NA	NA	0.60023393478949	NA	NA	0.6199989689214	NA	NA	0.595519322023151	0.657820457074854	1.79936121261877	NA	0.842781585686982	1.15038736796875	NA	NA	NA	1.2210415618833	2.00922879017096	NA	NA	0.404782985847042	NA	0.816511453926993
NA	0.21928554738762	0.864400478460061	NA	NA	NA	1.20532124577896	0.324704131304753	0.961175017521084	0.512830863369026	0.363915625502384	0.861465428949571	0.65028421351652	0.277331672369959	0.7148514486378	0.794693263823531	0.703243346516278	NA	1.2089400449718	1.18708534541011	0.791385855382215	1.6813479697223	NA	1.72122344965939	1.58925070929721	1.89464265859259	NA	1.03713498156605	1.88914881875644	0.786963008076751	1.7781962251059	1.74250933012697	NA	NA	NA	1.73590943092623	0.536674606557641	NA	NA	NA
0.562114705701395	0.575627151657013	0.652016238256896	0.880212722554192	1.5798888678978	NA	NA	NA	NA	0.552636888265764	0.431014917466821	NA	NA	NA	NA	NA	0.436181620935216	NA	0.585245617777572	NA	0.877340328115824	NA	0.887029885765037	0.876272389380006	NA	0.807078042533677	NA	0.86017824639468	1.16115169559937	NA	NA	1.63643695069693	1.28592914040789	1.47422532011301	NA	NA	2.09839454832144	NA	NA	2.30994039751891
NA	0.506510419984113	1.24778066530314	NA	1.14011498879543	1.13968549439759	1.04921116709863	0.194571936529698	1.34324500894252	1.35687449613516	0.447233345617951	0.920418806014689	0.703438443536614	0.704572345554809	0.87110261326846	0.849264395873564	1.0061966191199	NA	0.481486453614463	1.21525532719185	NA	0.359409042802423	1.18881850342399	1.07076876394095	0.525999619243318	0.668928843749882	1.03418401522701	0.657902353101946	0.815258879801879	0.903780246686171	1.01283372120428	1.4881897216941	1.54323326639802	NA	1.49568377904079	2.00025643346203	1.5737099706168	NA	NA	2.38358361816419
0.648078798303848	1.00613791414192	1.58608863554055	0.679580319697582	0.841850669648501	0.936103517110389	0.784074246186722	0.730325079847282	NA	0.908774445267861	NA	1.0227436315215	NA	0.651378194450051	NA	0.623632589072521	NA	NA	0.242839129424655	0.216787311567021	0.820716025125007	0.257921027546777	0.415981820894981	0.629884642601952	NA	0.794075567183987	1.7013014945948	1.24960434468456	NA	0.476694611605798	0.869742407488865	1.44822428073733	2.02208274265087	NA	0.514385461973712	0.168365539818344	0.97200021396514	0.52597846783777	0.500481562857868	NA
NA	NA	NA	NA	NA	NA	NA	NA	NA	NA	NA	NA	NA	NA	NA	NA	NA	NA	NA	NA	NA	NA	NA	NA	NA	NA	NA	NA	NA	NA	NA	NA	NA	NA	NA	NA	NA	NA	NA	NA
0.857142805820458	0.907161591271634	0.808423739185231	1.20837325167496	NA	1.2569757136567	NA	1.17263177846711	NA	NA	1.06467966375658	0.815948400811899	1.25532817335204	NA	0.514836214929082	NA	NA	NA	0.574739694180153	0.61880485601328	1.08308846925936	0.697678059368257	NA	NA	0.792214572978025	NA	NA	NA	NA	NA	NA	NA	0.649433289425356	1.17725513181421	NA	NA	NA	1.09893035119672	0.350458895942235	0.809304438051916
0.446099350805213	0.434455189903838	1.03363081453738	0.473060743938741	NA	0.382107822399183	NA	NA	0.53455093282828	0.686702655975874	NA	0.377891402578187	NA	0.157779694591515	0.389663142498663	0.472446996936344	0.123488101372468	NA	0.0758255875703859	1.80060656164991	0.673934505588215	1.91768152403759	0.413644522924433	0.284454613902683	0.451972371611254	0.330276718989852	1.89133583965083	0.254085954835405	0.542707510765826	NA	0.534336861654757	0.513619200527276	0.54899330539657	0.919852925173615	NA	NA	0.320414053573706	0.521163881272933	0.398123596996031	0.294121454726885
NA	1.22791615340468	1.37241191803587	NA	1.5372335819831	NA	NA	NA	0.61676324091813	1.14926757337044	NA	1.1723602673814	0.686607480916904	1.06455981658463	NA	NA	0.999607942171133	NA	0.654502015946299	NA	NA	1.21399771117091	NA	NA	0.443907161039616	2.3597387863186	NA	1.70406664657582	1.35977177069023	1.36104078172191	1.32749084107963	0.498119449838015	0.825995493676064	0.657149649436683	2.15215967156036	NA	0.879133536842433	2.06143310798846	0.912902373185646	0.680432686297461
NA	NA	0.601761793785877	NA	NA	0.507217496064654	0.724596004134726	NA	1.04609511931338	0.679459105016905	NA	0.462807094483046	NA	NA	NA	NA	0.239940096564547	NA	NA	1.9362807072044	2.09953086599392	NA	0.588913885750697	NA	0.360775317402011	NA	0.594390178143379	NA	NA	NA	NA	NA	NA	1.08477952780243	1.19182036254233	1.40845530206892	NA	NA	NA	0.369965542209889
NA	NA	NA	NA	NA	NA	NA	NA	NA	NA	NA	NA	NA	NA	NA	NA	NA	NA	NA	NA	NA	NA	NA	NA	NA	NA	NA	NA	NA	NA	NA	NA	NA	NA	NA	NA	NA	NA	NA	NA
0.415596977634469	0.435864631810344	NA	NA	NA	NA	NA	0.675366744506568	NA	NA	NA	0.583393818073803	0.467482283216052	NA	0.416314807049294	0.247080689022901	NA	NA	0.249662247527403	0.391567673241822	NA	1.10587840961386	0.542961862673317	0.413399209054582	0.640076420942526	0.697439787713501	NA	NA	NA	2.48898238369685	NA	1.17249497764704	1.37747223103695	1.24153439404107	NA	0.378756147251388	0.350904458039107	0.458196073605456	0.71617881542491	NA
NA	1.2742185400592	0.969901411280388	0.906320057800248	0.957483912875749	1.36412319780023	NA	NA	NA	NA	1.04303170450789	0.821718127851232	0.831596169346917	NA	0.63234979341943	0.227125904390737	NA	NA	NA	0.936237514720128	1.04011439472583	0.562102226215312	0.66666158364587	0.833105528866558	0.7245492899766	0.933892731758513	0.949190872384803	1.16985621832719	1.26477170760179	NA	0.47625473268341	0.917170013157307	0.710845646578811	0.923761995114069	0.435041737520193	0.545390475829535	NA	0.487207958207668	0.97125456453395	0.579373287108853
NA	NA	NA	NA	NA	NA	NA	NA	NA	NA	NA	NA	NA	NA	NA	NA	NA	NA	NA	NA	NA	NA	NA	NA	NA	NA	NA	NA	NA	NA	NA	NA	NA	NA	NA	NA	NA	NA	NA	NA
NA	NA	NA	NA	NA	NA	NA	NA	NA	NA	NA	NA	NA	NA	NA	NA	NA	NA	NA	NA	NA	NA	NA	NA	NA	NA	NA	NA	NA	NA	NA	NA	NA	NA	NA	NA	NA	NA	NA	NA
NA	NA	NA	NA	NA	NA	NA	NA	NA	NA	NA	NA	NA	NA	NA	NA	NA	NA	NA	NA	NA	NA	NA	NA	NA	NA	NA	NA	NA	NA	NA	NA	NA	NA	NA	NA	NA	NA	NA	NA
1.46968371366938	1.58893679241272	1.89010315202048	1.72136042893693	NA	1.55930925268994	1.58536851511958	1.03916082403121	NA	NA	2.30299533617266	1.74792673906805	NA	NA	NA	NA	1.75804989056636	NA	2.41928227874515	0.996924321118893	NA	NA	NA	NA	1.17555955345368	NA	1.21370667214121	1.6701116876971	1.13804743282327	1.71005205314405	1.68002407656428	1.90470386890944	1.68888487078366	NA	1.76418586641924	NA	NA	NA	1.75278726426987	NA
NA	NA	NA	NA	NA	NA	NA	NA	NA	NA	NA	NA	NA	NA	NA	NA	NA	NA	NA	NA	NA	NA	NA	NA	NA	NA	NA	NA	NA	NA	NA	NA	NA	NA	NA	NA	NA	NA	NA	NA
NA	NA	NA	NA	NA	NA	NA	NA	NA	NA	NA	NA	NA	NA	NA	NA	NA	NA	NA	NA	NA	NA	NA	NA	NA	NA	NA	NA	NA	NA	NA	NA	NA	NA	NA	NA	NA	NA	NA	NA
NA	NA	NA	NA	NA	NA	NA	NA	NA	NA	NA	NA	NA	NA	NA	NA	NA	NA	NA	NA	NA	NA	NA	NA	NA	NA	NA	NA	NA	NA	NA	NA	NA	NA	NA	NA	NA	NA	NA	NA
NA	NA	NA	NA	NA	NA	NA	NA	NA	NA	NA	NA	NA	NA	NA	NA	NA	NA	NA	NA	NA	NA	NA	NA	NA	NA	NA	NA	NA	NA	NA	NA	NA	NA	NA	NA	NA	NA	NA	NA
NA	NA	NA	NA	NA	NA	NA	NA	NA	NA	NA	NA	NA	NA	NA	NA	NA	NA	NA	NA	NA	NA	NA	NA	NA	NA	NA	NA	NA	NA	NA	NA	NA	NA	NA	NA	NA	NA	NA	NA
NA	NA	NA	NA	NA	NA	NA	NA	NA	NA	NA	NA	NA	NA	NA	NA	NA	NA	NA	NA	NA	NA	NA	NA	NA	NA	NA	NA	NA	NA	NA	NA	NA	NA	NA	NA	NA	NA	NA	NA
NA	NA	NA	NA	NA	NA	NA	NA	NA	NA	NA	NA	NA	NA	NA	NA	NA	NA	NA	NA	NA	NA	NA	NA	NA	NA	NA	NA	NA	NA	NA	NA	NA	NA	NA	NA	NA	NA	NA	NA
NA	NA	NA	NA	NA	NA	NA	NA	NA	NA	NA	NA	NA	NA	NA	NA	NA	NA	NA	NA	NA	NA	NA	NA	NA	NA	NA	NA	NA	NA	NA	NA	NA	NA	NA	NA	NA	NA	NA	NA
NA	NA	NA	NA	NA	NA	NA	NA	NA	NA	NA	NA	NA	NA	NA	NA	NA	NA	NA	NA	NA	NA	NA	NA	NA	NA	NA	NA	NA	NA	NA	NA	NA	NA	NA	NA	NA	NA	NA	NA
0.66033991780486	0.709931325923311	1.09147757295512	0.206182554547111	0.842666285681944	0.308913787766338	0.164519170975778	0.438802213474741	0.211044736814704	0.409312407904515	0.424204396125146	1.22904591263774	0.249980923168983	0.392445573180087	0.335131606237726	1.54151362047414	0.252939078601439	NA	0.469739711609996	0.695384468280198	0.417544500476107	0.677856503666437	0.866200783520151	1.01059890867802	0.707164936207698	0.532461957061363	0.779003201932678	0.82727731661385	0.609655574675621	1.45777825939963	0.521070421590064	0.827917321912749	1.76813068630153	0.584333875051509	1.14877810780167	1.22889455153529	0.812693423661483	1.04277202409093	0.36490979106944	1.49917827494766
NA	NA	NA	NA	NA	NA	NA	NA	NA	NA	NA	NA	NA	NA	NA	NA	NA	NA	NA	NA	NA	NA	NA	NA	NA	NA	NA	NA	NA	NA	NA	NA	NA	NA	NA	NA	NA	NA	NA	NA
0.489353554374099	0.584912745032624	0.865126708368296	0.339411416143754	0.921420030738351	0.374003486343162	0.287393223525656	0.198966003014527	0.138895590911153	0.379236524786193	0.507876739674299	0.413217284870115	1.23496598696701	1.3632667827806	1.44892138445279	0.537956670114775	0.312441233028256	NA	0.670733152356314	0.851533123835116	0.561300549093991	0.417522978871628	0.218606749739916	0.597539737766369	0.410344757272614	1.01117658895745	0.293705325304538	0.349585363370141	NA	0.888558033026984	0.516380171671907	0.422797410169317	0.745455228401487	0.437829026664891	0.621189560884669	0.880359076007246	0.865160718124974	0.858578200463985	0.672761695290963	0.77844524006871
NA	NA	NA	NA	NA	NA	NA	NA	NA	NA	NA	NA	NA	NA	NA	NA	NA	NA	NA	NA	NA	NA	NA	NA	NA	NA	NA	NA	NA	NA	NA	NA	NA	NA	NA	NA	NA	NA	NA	NA
0.623942244069679	0.699026566124985	0.818554126190557	NA	1.17645114792006	1.08125900538739	1.02161525959938	1.13214038116468	1.19172176559344	1.09210694874568	0.757090177939753	NA	0.571307360299104	NA	0.419610913767261	0.76517013650594	0.703154684576882	NA	0.563824640907494	0.831836378889497	NA	NA	0.271032230353522	0.858664778752531	0.736149040841017	0.567441842127503	NA	1.01454937037987	NA	1.14319615342772	0.678216754529556	0.937187742889257	1.45829758520474	NA	1.14970582375204	NA	0.610556580051963	0.98043533308965	NA	1.45700564088719
NA	NA	NA	NA	NA	NA	NA	NA	NA	NA	NA	NA	NA	NA	NA	NA	NA	NA	NA	NA	NA	NA	NA	NA	NA	NA	NA	NA	NA	NA	NA	NA	NA	NA	NA	NA	NA	NA	NA	NA
0.973829232286529	NA	NA	1.24796382407035	NA	NA	1.44233163613004	NA	NA	NA	NA	0.301586867908346	0.424428401547007	0.559499778297282	NA	NA	NA	NA	0.160354698467509	NA	0.899445699675398	0.344535090947938	0.42519406520175	0.738301472275672	0.513647646922602	0.501640941524795	NA	0.348585466140125	0.295767287681527	0.235401414805185	0.305231985509726	NA	0.601642653345353	NA	0.649591747153745	0.946717010558588	0.849552292798373	0.504458539851793	1.39819268901736	0.834704777488272
NA	NA	NA	NA	NA	NA	NA	NA	NA	NA	NA	NA	NA	NA	NA	NA	NA	NA	NA	NA	NA	NA	NA	NA	NA	NA	NA	NA	NA	NA	NA	NA	NA	NA	NA	NA	NA	NA	NA	NA
NA	NA	NA	NA	NA	NA	NA	NA	NA	NA	NA	NA	NA	NA	NA	NA	NA	NA	NA	NA	NA	NA	NA	NA	NA	NA	NA	NA	NA	NA	NA	NA	NA	NA	NA	NA	NA	NA	NA	NA
NA	NA	NA	NA	NA	NA	NA	NA	NA	NA	NA	NA	NA	NA	NA	NA	NA	NA	NA	NA	NA	NA	NA	NA	NA	NA	NA	NA	NA	NA	NA	NA	NA	NA	NA	NA	NA	NA	NA	NA
0.716545233600376	0.83444654948238	1.36081470672908	0.569167600442561	NA	1.44807947479843	1.14231840776445	0.693016094919287	0.767040378094983	0.65183482295982	0.808180880526436	1.08270760648213	1.31203414610179	1.20221000390419	0.396641766867952	0.510863832542294	0.157201969799656	NA	0.645478750979349	1.24522119531201	0.807965637747552	0.705252402629311	0.83311639081368	0.700981680852093	1.32271733088705	1.54949791449141	1.344442803332	NA	NA	1.65353918105328	0.697680746852861	1.02760392084286	0.711595977790806	1.19528886672304	1.06703160171083	0.441798357109423	NA	1.29005096752067	0.259273359204397	0.708491661289207
0.390124377987325	0.336014643718418	0.341999378387213	NA	NA	0.556382934694535	0.724351127913122	0.813194422113581	0.979098861613767	0.634004042067084	0.47547543152638	NA	0.382300805435345	0.292130912032441	NA	0.314896484098543	0.271594514983277	NA	0.55129675246633	0.298548625006647	0.578995401467505	0.439429441743948	0.365363372298892	0.214130782486774	0.17863806179242	0.125800498381147	NA	0.159739910409585	0.800551555799864	0.507281486902444	0.794462846228854	0.45048914560549	NA	0.772382365799074	1.00457320153609	NA	0.428035398206763	0.771331419058771	0.478256571429212	0.222062175848123
1.1653715256462	1.03661907458624	0.740841086358074	0.798321719544618	0.859622165749736	0.469799468773951	0.448333613190125	0.372693994711904	0.508981736087237	1.1105677712917	0.924880235759724	0.684537373481728	0.351466626443399	0.388533075669773	0.716269865608661	0.391987629666547	0.147064700089367	NA	0.851522685043657	0.995566445941448	0.437719019122877	0.508182809633177	0.578888505663348	0.586767817652093	0.798702981669393	0.837112352518607	0.293628942893857	0.867711330000934	0.217319546723506	1.04979252789168	0.449124410892353	0.247186878749963	0.395275761751416	0.413509989088708	0.22307011039147	0.594954877579982	0.452860283443547	0.313749951861333	0.194304868740856	0.365990865356715
NA	NA	1.58918952441152	2.1368793331517	NA	NA	2.49499672330299	1.58950992177753	NA	1.34900271532812	NA	1.17974294058707	1.26363304631674	NA	0.794468857923406	0.881033179697211	1.87793211123867	NA	0.754382249292161	NA	NA	1.55500189226444	NA	1.82766406896405	NA	1.71794325925988	1.51107328332171	1.44192490467702	1.58777673860529	1.60608209846807	1.23118944477718	3.18314100654543	1.01869977941751	1.39321893409101	NA	NA	NA	NA	NA	NA
1.93965297770268	1.68437373890341	1.68713273208499	1.81623214746683	1.78856352400559	0.87229580610683	1.02882330261553	1.92464589343037	1.79287496438984	1.71794121659665	1.77276287452096	1.36238337319882	1.32300484368724	1.05289055456481	0.48410013467667	0.866142173456955	1.46919042554592	NA	1.42675962725099	0.428396173215774	1.64074476886735	1.17670595989777	1.37863992673108	1.4951169963254	1.67197005985533	1.8033197611021	0.393615844624282	1.92417061891895	1.7164886055392	1.79748701624887	1.76037330401241	1.06845412887518	1.79317647443673	1.83302304230152	1.70009584061291	2.43468096842914	2.13382632914574	1.98303086050175	1.3083119967029	1.59166380137818
0.423115526906757	0.20598285397733	0.262010260534622	0.372175187934453	0.263478323098668	NA	0.137430448692302	0.444159856402579	0.268064082410344	NA	0.205641394544767	NA	NA	0.63608238426089	0.841866943929404	NA	0.179659307591323	NA	0.370231948571585	0.343748384816221	0.494886802393344	0.431021812019209	0.504417868230381	NA	0.429181346388366	0.846760235911662	NA	0.589478113648701	0.799914682615405	0.336013660651888	0.72955454249922	NA	0.323753532341929	0.349491051014333	NA	NA	0.975519998113142	NA	0.423196617376927	NA
NA	NA	NA	NA	NA	NA	NA	NA	NA	NA	NA	NA	NA	NA	NA	NA	NA	NA	NA	NA	NA	NA	NA	NA	NA	NA	NA	NA	NA	NA	NA	NA	NA	NA	NA	NA	NA	NA	NA	NA
NA	NA	NA	NA	NA	NA	NA	NA	NA	NA	NA	NA	NA	NA	NA	NA	NA	NA	NA	NA	NA	NA	NA	NA	NA	NA	NA	NA	NA	NA	NA	NA	NA	NA	NA	NA	NA	NA	NA	NA
NA	NA	NA	1.15317722429361	0.731780764014238	NA	0.7826293428629	NA	NA	0.76531278658695	NA	NA	1.97003740201836	0.78540933775043	NA	0.83249028435568	0.37091200845361	NA	NA	NA	0.166115637440188	NA	NA	NA	NA	NA	0.495001864882521	0.336090390546243	NA	NA	NA	NA	0.456170612574229	NA	NA	NA	1.07830915221274	NA	NA	NA
NA	0.161726172204927	0.875833736330399	0.460783935852354	0.51973173790463	0.720956135710088	NA	0.88319168059499	0.60664922049997	NA	0.223801421761147	0.248902851869048	NA	NA	0.188065681067008	NA	0.514173839396012	NA	0.237790969347567	0.493539918560729	0.53650375758553	NA	NA	NA	0.355647733854982	0.286402525984195	0.327488373808756	0.617788452514048	NA	0.657754858318585	1.23370321490847	NA	0.507526121111808	NA	0.985831124610746	NA	0.756320996422513	NA	NA	NA
NA	2.16605186457154	2.54628751323756	1.29694905553977	2.30138101647366	2.21247719960069	1.95873221471038	2.71446543389128	2.82202081825687	1.46587873393174	0.967744924217845	NA	1.85148305701912	2.55499649602368	0.427444803484457	NA	0.708585261735328	NA	NA	1.07560681241831	NA	0.803957701947086	0.940422066953412	NA	NA	0.886316225762225	0.866230867137795	NA	0.981961076584444	0.978675086351863	1.43478519213186	NA	0.926972186732956	1.08898213178716	NA	1.22009956330284	NA	NA	1.12510373132107	1.47085876466735
0.549088546455817	NA	NA	NA	NA	NA	1.66733056631653	2.00947457176312	2.02446155910582	NA	1.34493976516483	1.05333658260743	NA	NA	NA	NA	0.516491420351847	NA	0.51527867362336	NA	1.81610312763239	0.503362848117473	NA	0.845241956440922	0.961705166092588	1.87823258220848	1.94193902227356	NA	NA	NA	NA	NA	NA	NA	NA	NA	NA	NA	NA	NA
NA	NA	NA	0.491536311407182	NA	NA	1.41609595779488	NA	NA	0.910476433738237	NA	1.34113479596228	0.543224969295694	0.365813910220639	0.488402829620691	NA	0.496784436783722	NA	NA	NA	0.573553087442505	0.438975765438771	0.127431211525767	1.2641126434586	NA	2.39641398983219	0.468446123120895	0.410894766902749	NA	0.836294703628747	0.557467753330569	0.671373952406497	0.62862605060587	0.234694468375604	0.399164890907047	0.403670680121392	NA	0.996159265754576	0.694495229591384	0.778172207759482
NA	NA	NA	NA	NA	NA	NA	NA	NA	NA	NA	NA	NA	NA	NA	NA	NA	NA	NA	NA	NA	NA	NA	NA	NA	NA	NA	NA	NA	NA	NA	NA	NA	NA	NA	NA	NA	NA	NA	NA
0.463655619626579	1.80759783846149	1.63928959227747	0.681164868626175	0.693455726796483	1.12324767954284	0.94262120972505	1.14642050443902	NA	NA	0.833554033803025	0.375481948288895	0.546445829858991	1.4603924925854	0.897164501980992	0.444753077319329	0.179879235754203	NA	0.191052483226319	0.504392866384775	NA	0.519120816681678	0.793905082285731	0.515758060844609	0.552608439797807	0.609687448965012	0.615808762938178	1.11464958998085	0.848508160717206	0.403071717149605	1.30961140651333	0.798509262122687	0.654390234296508	0.649558831876654	0.782959124025356	1.28858567028603	1.09119341051948	NA	NA	NA
1.13372047580189	1.35050661405233	1.40900072307692	NA	1.19086135654666	1.16947388461079	1.12288443906079	1.37149243947019	1.11177602767809	1.23245283909917	1.57437585306893	1.08997709633689	1.18788051999512	0.966951460280281	1.78081372545051	0.743006333627664	0.910404979508648	NA	1.782177418466	1.11453862827173	NA	0.688813030682108	0.884360246141716	0.93545978950855	1.91378786653653	1.37019748495357	1.2772405686741	1.27963779423903	1.38686899438308	2.18244446536327	2.19321749583035	NA	1.24833967611972	NA	2.12634026469061	0.922984301365892	1.63597283269211	1.42128416075059	1.348550041385	NA
NA	NA	NA	NA	NA	NA	NA	NA	NA	NA	NA	NA	NA	NA	NA	NA	NA	NA	NA	NA	NA	NA	NA	NA	NA	NA	NA	NA	NA	NA	NA	NA	NA	NA	NA	NA	NA	NA	NA	NA
0.471253957772457	0.531499582276473	0.81628819769752	0.492238928537117	0.807129249354824	0.430399913463939	0.564114519619749	0.734988142170399	0.564730669508665	0.49501316749528	0.410530143595544	0.474507677393709	0.446296223243719	0.294409133491956	0.665683921977537	0.266742321650443	0.0771288912907169	NA	0.311247076749882	1.65122341073889	0.378162202014083	1.56233165335871	0.372737962553758	0.277016110573213	1.6971681237127	0.911013862136397	NA	1.27995455877224	1.19401398858089	1.92922077540422	NA	1.47056171285802	1.1490423158839	NA	1.17923148724543	NA	1.05321474431712	NA	NA	NA
1.35083169209256	1.2083266791945	NA	NA	1.25164443038251	NA	1.97544192198933	1.81988291870575	NA	1.19338324234017	0.942849097980535	NA	NA	1.08384428603371	NA	NA	NA	NA	0.336593218411403	NA	NA	0.665189719320265	NA	NA	0.806820733540219	0.931704240714199	1.28056761399273	1.37858895347688	1.21208636859415	NA	NA	1.38036184830474	1.37036524241666	1.58361732056141	NA	0.699223391150237	1.2269598333532	NA	1.50965628972073	1.1942553493478
NA	NA	NA	NA	NA	NA	NA	NA	NA	NA	NA	NA	NA	NA	NA	NA	NA	NA	NA	NA	NA	NA	NA	NA	NA	NA	NA	NA	NA	NA	NA	NA	NA	NA	NA	NA	NA	NA	NA	NA
0.789469444493104	NA	NA	NA	0.404996484434526	0.317011870576828	1.11049923898545	0.90434727249363	0.640863621542676	NA	0.272058808581771	NA	NA	0.269473989921694	NA	0.332151437344661	NA	NA	NA	NA	NA	NA	NA	0.877965843185182	0.553826551352972	NA	0.335432933172772	0.578619187500696	NA	0.804512659056706	0.493749017316503	0.707387730767768	0.47496740549038	NA	0.907494370790604	0.288218926681458	NA	NA	NA	NA
NA	NA	NA	NA	NA	NA	NA	NA	NA	NA	NA	NA	NA	NA	NA	NA	NA	NA	NA	NA	NA	NA	NA	NA	NA	NA	NA	NA	NA	NA	NA	NA	NA	NA	NA	NA	NA	NA	NA	NA
NA	0.592060129930347	NA	0.881420091919992	1.3228272852586	1.04813045186174	1.21639643159173	0.435561349890623	0.147766204165109	NA	NA	NA	1.37748644386443	0.14639151506	0.92308434010613	0.542901403485334	0.848551766450736	NA	0.24968562420899	1.20387264990988	1.09393995794836	0.668639982334563	1.41880555169592	1.47661460852541	0.764514691517054	0.705740707279394	0.515435706764615	0.869569881113271	0.444071991221978	0.649857383101996	0.952614010568052	1.32896324989028	1.37133071673036	NA	1.30411536619595	1.36739396943668	1.72235840874568	1.1802135169025	1.64762855373781	NA
NA	2.00829096788134	1.68946605497758	1.48800394116374	0.995862960289776	1.43511188435154	1.80643440920961	1.62829501074967	1.38768745880611	0.805130981449892	1.71063768785688	1.22652665156467	1.33299166709128	0.965653952857361	1.58201944381418	1.52352036667743	0.77797337853034	NA	1.78699857347538	0.436554288147352	1.07388708684325	1.32610061469316	0.94928359910373	0.715531171124657	0.566190143184827	1.92688131680123	1.90682029878296	2.53559621441418	1.10948231395899	1.93066770695759	2.21178753367405	1.10370119238838	0.514907674907401	1.13890081992907	0.896350637599658	1.27241797335198	0.356720448933586	0.555731211277014	1.59970123641921	1.63210130799702
NA	NA	NA	NA	NA	NA	NA	NA	NA	NA	NA	NA	NA	NA	NA	NA	NA	NA	NA	NA	NA	NA	NA	NA	NA	NA	NA	NA	NA	NA	NA	NA	NA	NA	NA	NA	NA	NA	NA	NA
NA	NA	NA	NA	NA	NA	NA	NA	NA	NA	NA	NA	NA	NA	NA	NA	NA	NA	NA	NA	NA	NA	NA	NA	NA	NA	NA	NA	NA	NA	NA	NA	NA	NA	NA	NA	NA	NA	NA	NA
NA	1.22991782313258	NA	1.24956426307919	1.45979998324214	1.94132393131078	NA	1.53239071353092	NA	NA	NA	0.921875541536709	NA	NA	NA	NA	NA	NA	0.981066369425224	NA	NA	NA	NA	NA	NA	NA	NA	NA	NA	NA	NA	NA	NA	NA	NA	NA	NA	NA	NA	NA
NA	NA	NA	NA	NA	NA	NA	NA	NA	NA	NA	NA	NA	NA	0.91923435773385	0.606936390058146	0.385116009391561	NA	NA	NA	NA	0.588009983694558	NA	0.747936930098171	NA	NA	NA	0.602906656832565	0.517875602944418	0.532311567698653	NA	NA	NA	0.230611224452069	0.95472335668614	0.600657750508034	0.614463334310087	0.428186034037697	NA	0.40188272768169
NA	NA	NA	NA	NA	NA	NA	NA	NA	NA	NA	NA	NA	NA	NA	NA	NA	NA	NA	NA	NA	NA	NA	NA	NA	NA	NA	NA	NA	NA	NA	NA	NA	NA	NA	NA	NA	NA	NA	NA
NA	NA	NA	NA	NA	NA	NA	NA	NA	NA	NA	NA	NA	NA	NA	NA	NA	NA	NA	NA	NA	NA	NA	NA	NA	NA	NA	NA	NA	NA	NA	NA	NA	NA	NA	NA	NA	NA	NA	NA
NA	NA	NA	NA	NA	NA	NA	NA	NA	NA	NA	NA	NA	NA	NA	NA	NA	NA	NA	NA	NA	NA	NA	NA	NA	NA	NA	NA	NA	NA	NA	NA	NA	NA	NA	NA	NA	NA	NA	NA
0.255932571505362	0.792752106624061	0.341330343008202	0.624183727406434	0.791187292776902	0.682024933655332	1.20130599043363	0.770214242881203	0.870234547404942	0.302633501989292	0.47339585155894	1.90131409389083	0.211747972222513	0.562019881617601	0.71952960895697	0.652243081976637	0.778675680866589	NA	0.988788430687887	0.453309844395495	1.13120833338526	0.30052662511621	0.530573426345887	0.222887918185577	0.343862573139591	0.547063554641222	0.441730802959381	0.603716501216	0.834627699654088	0.633227800442345	0.617650835333901	0.53701870068414	0.859759688536975	0.437147988969308	0.213965642397018	0.745882247047069	0.77744847858678	0.929310394154102	0.767828119801057	1.2170920785525
NA	NA	NA	NA	NA	NA	NA	NA	NA	NA	NA	NA	NA	NA	NA	NA	NA	NA	NA	NA	NA	NA	NA	NA	NA	NA	NA	NA	NA	NA	NA	NA	NA	NA	NA	NA	NA	NA	NA	NA
0.845495049004722	0.101724782566267	0.254262471120457	0.621858769650187	1.06181185590534	NA	0.60467959186574	NA	NA	0.46485354422543	0.053930991050014	0.50857464177113	0.315538941626322	0.707524566982321	NA	0.222404824094093	0.484863153145848	NA	NA	1.63885802042219	0.185644139180332	0.357938955106998	1.12184865233305	0.753311641167119	2.31539761803409	0.437764308350083	0.55576640562243	1.57610567313798	0.994462423976586	1.13083967396384	1.06024161979802	1.16204641418236	0.940610620945108	0.688263376801854	1.45765795361293	NA	NA	1.15807528709935	1.68331400504227	NA
1.61577193650085	1.05971093191774	1.48763885214814	1.77235128005591	1.24882438355742	NA	1.50812040812931	1.37779422476046	NA	NA	0.417729348001834	0.788643842735754	1.21377137535326	0.25956432347014	1.20367591500133	1.25002427732597	1.7641713525641	NA	0.945213714414897	NA	0.91385456003875	0.621623815326288	0.84201141008678	NA	1.02815490499421	1.1564820372431	NA	NA	0.702708523002569	NA	1.22266110868844	NA	0.676825456147568	0.395627750058254	0.58441702426761	0.729074654383625	1.12099526435827	1.63226938916983	1.46267859717478	NA
NA	NA	NA	NA	NA	NA	NA	NA	NA	NA	NA	NA	NA	NA	NA	NA	NA	NA	NA	NA	NA	NA	NA	NA	NA	NA	NA	NA	NA	NA	NA	NA	NA	NA	NA	NA	NA	NA	NA	NA
NA	NA	NA	NA	NA	NA	NA	NA	NA	NA	NA	NA	NA	NA	NA	NA	NA	NA	NA	NA	NA	NA	NA	NA	NA	NA	NA	NA	NA	NA	NA	NA	NA	NA	NA	NA	NA	NA	NA	NA
NA	0.672943722547043	NA	NA	0.621997635176238	1.29922949765711	0.900518911570405	NA	2.38586609365961	NA	NA	0.559874888925877	0.303618139122858	1.39180164977337	NA	0.797173198181675	NA	NA	2.1376378968726	2.41999037544941	NA	NA	1.21410609742311	NA	NA	0.473668833789404	NA	NA	NA	NA	NA	NA	0.589231078106455	NA	0.239997838909006	0.618233562919647	1.14460428991199	1.30741483918134	1.73046130669218	0.920460742627591
0.777266651024615	0.582991821953722	0.254805161034445	0.789910126850764	0.784572619006568	0.186994198442147	1.28869763646677	0.240615329486222	0.485470834335564	0.737432548540641	0.524184682936937	0.526469567659031	0.667519772736536	NA	0.977613238693306	1.94252163776379	0.701285851994389	NA	0.857940911128479	0.983429722268155	NA	0.825611307665133	0.420777805231717	0.845260503218094	1.03605586188606	1.29253253257515	1.24060570389429	1.00860912487596	1.12525263099756	1.57275816608404	1.17306114151524	1.58029499804958	1.39600985594223	0.858470720987428	1.51819369200794	1.24738210323815	0.852493030287234	1.15683327926374	0.612339374852694	1.89655665911851
NA	NA	NA	NA	NA	NA	NA	NA	NA	NA	NA	NA	NA	NA	NA	NA	NA	NA	NA	NA	NA	NA	NA	NA	NA	NA	NA	NA	NA	NA	NA	NA	NA	NA	NA	NA	NA	NA	NA	NA
NA	NA	NA	NA	NA	NA	NA	NA	NA	NA	NA	NA	NA	NA	NA	NA	NA	NA	NA	NA	NA	NA	NA	NA	NA	NA	NA	NA	NA	NA	NA	NA	NA	NA	NA	NA	NA	NA	NA	NA
NA	NA	NA	NA	NA	NA	NA	NA	NA	NA	NA	NA	NA	NA	NA	NA	NA	NA	NA	NA	NA	NA	NA	NA	NA	NA	NA	NA	NA	NA	NA	NA	NA	NA	NA	NA	NA	NA	NA	NA
NA	NA	NA	NA	NA	NA	NA	NA	NA	NA	NA	NA	NA	NA	NA	NA	NA	NA	NA	NA	NA	NA	NA	NA	NA	NA	NA	NA	NA	NA	NA	NA	NA	NA	NA	NA	NA	NA	NA	NA
1.59469013691894	0.910888871407589	1.22916526877214	NA	NA	NA	1.31585643222665	1.55318686480395	NA	NA	NA	0.800195366744803	NA	1.01628093336548	NA	NA	NA	NA	NA	NA	NA	NA	0.34037840766023	NA	0.562485614357642	1.26204687146854	0.974812140176628	0.737465340433932	0.814267986713363	0.488981777604614	1.34760987828307	NA	NA	NA	0.544471816723074	NA	0.250234241026705	0.570358068611722	1.47893722984304	NA
NA	NA	NA	NA	NA	NA	NA	NA	NA	NA	NA	NA	NA	NA	NA	NA	NA	NA	NA	NA	NA	NA	NA	NA	NA	NA	NA	NA	NA	NA	NA	NA	NA	NA	NA	NA	NA	NA	NA	NA
NA	NA	NA	NA	NA	NA	NA	NA	NA	NA	NA	NA	NA	NA	NA	NA	NA	NA	NA	NA	NA	NA	NA	NA	NA	NA	NA	NA	NA	NA	NA	NA	NA	NA	NA	NA	NA	NA	NA	NA
1.96157494365328	2.69678134795483	0.567492174703539	1.85058242879557	1.97190914219782	2.06685898682081	0.82994888822309	0.806140900732279	1.50047391492125	1.8239774436712	2.21253568642797	NA	0.599057398160349	1.04881405447979	1.166517438161	0.585900455346225	0.406815675476516	NA	1.69972709054626	2.12924125819417	1.05214281172283	NA	NA	1.62628269233645	NA	NA	0.898459638157907	NA	1.65989465650079	1.78342192347061	NA	NA	1.39121943027486	1.3612252952321	1.3030235009653	NA	NA	NA	1.66136186749937	NA
1.59984268968659	NA	NA	NA	1.1481651540413	1.15400470182555	0.885737873935567	0.829767643993542	1.92436973022277	2.02507318143044	1.68596614721971	0.612109959396997	1.54229532977649	0.30549637226431	0.141409279576686	0.14268049007576	0.535705739777615	NA	0.456343261586191	0.337383513232165	0.696200265805359	0.956895326698247	1.27774481594224	0.973544167916743	0.851994627540163	0.614314270807534	1.30144536699296	0.535976322789272	0.356775243142454	0.388253455268463	0.397293691323215	NA	0.438767557967365	NA	0.276187048767581	0.677355072122164	0.802362827077636	0.966092989683777	0.720910014715943	0.410217561961364
NA	NA	NA	NA	NA	NA	NA	NA	NA	NA	NA	NA	NA	NA	NA	NA	NA	NA	NA	NA	NA	NA	NA	NA	NA	NA	NA	NA	NA	NA	NA	NA	NA	NA	NA	NA	NA	NA	NA	NA
NA	NA	NA	NA	NA	NA	NA	NA	NA	NA	NA	NA	NA	NA	NA	NA	NA	NA	NA	NA	NA	NA	NA	NA	NA	NA	NA	NA	NA	NA	NA	NA	NA	NA	NA	NA	NA	NA	NA	NA
1.01857175598931	0.673928556361042	0.659190042860685	0.704335005357376	0.738802737152663	0.435285101483427	0.938240256344968	NA	NA	NA	1.09136708089944	NA	NA	NA	NA	1.44337444868514	1.63435871934107	NA	1.03080775927022	1.75963942283217	NA	1.85183015099245	1.53583538056985	1.45073164255397	1.59897552428528	NA	1.01954784615498	1.4610682461733	1.62498056053995	1.89457247832452	1.26124771123804	1.5206982444723	1.50254535851064	1.54119912730778	2.00857426425199	1.34423571879267	NA	NA	2.34153292557761	1.96888370615748
NA	NA	NA	NA	NA	NA	0.646147159026885	NA	NA	NA	NA	NA	0.345594925722364	0.356405657273611	0.461967171905671	0.60577436655431	0.131271127092571	NA	0.400989879203845	0.164387384289299	NA	NA	0.397468244060188	0.689970111465147	NA	NA	1.07802786735656	1.1456861994001	NA	NA	NA	1.18221254284675	0.659925178907422	0.870306300395647	1.22651807836217	0.417927711836183	NA	NA	NA	NA
NA	NA	NA	NA	NA	NA	NA	NA	NA	NA	NA	NA	NA	NA	NA	NA	NA	NA	NA	NA	NA	NA	NA	NA	NA	NA	NA	NA	NA	NA	NA	NA	NA	NA	NA	NA	NA	NA	NA	NA
NA	NA	NA	NA	NA	NA	NA	NA	NA	NA	NA	NA	NA	NA	NA	NA	NA	NA	NA	NA	NA	NA	NA	NA	NA	NA	NA	NA	NA	NA	NA	NA	NA	NA	NA	NA	NA	NA	NA	NA
0.973330613703102	1.08804790930514	0.852561906371355	1.25364903485687	0.813888747746358	1.37349334732152	1.76285749191418	1.11305354704056	1.21120514936239	1.37787148306398	1.76085984326897	2.08511674844427	1.15488024114251	0.702177367622959	0.689966570654113	0.497681068030108	0.654507082450837	NA	0.500587317957386	NA	0.844463208553693	0.266685541362641	0.82580867603427	0.837320768981871	1.02511506617604	1.45724469855146	1.0920573627344	0.574684068081586	NA	NA	NA	NA	NA	NA	NA	0.717813442742124	1.63579769365721	1.23029690868754	1.46684855266612	0.837079834511819
NA	NA	NA	NA	NA	NA	NA	NA	NA	NA	NA	NA	NA	NA	NA	NA	NA	NA	NA	NA	NA	NA	NA	NA	NA	NA	NA	NA	NA	NA	NA	NA	NA	NA	NA	NA	NA	NA	NA	NA
NA	NA	NA	NA	NA	NA	NA	NA	NA	NA	NA	NA	NA	NA	NA	NA	NA	NA	NA	NA	NA	NA	NA	NA	NA	NA	NA	NA	NA	NA	NA	NA	NA	NA	NA	NA	NA	NA	NA	NA
NA	NA	NA	NA	NA	NA	NA	NA	NA	NA	NA	NA	NA	NA	NA	NA	NA	NA	NA	NA	NA	NA	NA	NA	NA	NA	NA	NA	NA	NA	NA	NA	NA	NA	NA	NA	NA	NA	NA	NA
NA	NA	NA	NA	0.53418307624566	0.571289208018956	0.589606583443614	NA	NA	NA	NA	NA	0.444140605459358	NA	NA	1.00454828950291	NA	NA	0.394262241185147	NA	0.736849919194404	0.40540301930604	0.415797141910392	NA	0.706346465081976	NA	NA	1.08826443461312	NA	NA	1.15955863038935	NA	1.16558170775769	NA	0.659496814226352	0.0541532848729867	0.321609251775127	1.12823819547686	NA	1.14296323371635
NA	NA	NA	NA	NA	NA	NA	NA	NA	NA	NA	NA	NA	NA	NA	NA	NA	NA	NA	NA	NA	NA	NA	NA	NA	NA	NA	NA	NA	NA	NA	NA	NA	NA	NA	NA	NA	NA	NA	NA
2.14019586470511	NA	NA	NA	1.46068359233606	1.28944638068499	NA	0.984939925561261	NA	1.30703177520621	1.15193385581625	1.54391993992556	1.03643209490735	0.952913003109796	0.132484947762487	NA	NA	NA	0.498360768601336	0.916362190655896	NA	1.33182297941214	1.45972905064597	1.1292230896449	1.22722606421125	0.83007948268374	1.43763319467921	1.50243678880285	0.38121024049118	0.931134432109413	0.918886732946238	NA	0.899263935958645	1.20364429500561	0.839991215287602	NA	1.51201613852961	NA	NA	NA
1.45628043384496	1.39718635699019	1.47131004835746	1.72828933318488	1.29198812244618	1.30696491338926	0.849767712517443	0.164342804949883	1.00735457796651	0.553312065176312	0.253801262693633	0.964595717354501	0.462248853519149	0.742134190462293	0.640375653063716	0.710338912797929	0.550818170783904	NA	0.891172681086531	0.916937620079436	1.17565688350555	0.775795075694221	0.923101555768342	1.09612584485455	1.12053000957663	1.41240982142407	1.5431024338531	1.0215973624793	1.57707449539316	NA	1.41241631493458	1.75994021351968	1.11075406269056	NA	1.72439161578159	1.64851418339048	NA	NA	NA	1.59017727949512
NA	NA	NA	NA	NA	NA	NA	NA	NA	NA	NA	NA	NA	NA	NA	NA	NA	NA	NA	NA	NA	NA	NA	NA	NA	NA	NA	NA	NA	NA	NA	NA	NA	NA	NA	NA	NA	NA	NA	NA
NA	NA	NA	NA	NA	NA	NA	NA	NA	NA	NA	NA	NA	NA	NA	NA	NA	NA	NA	NA	NA	NA	NA	NA	NA	NA	NA	NA	NA	NA	NA	NA	NA	NA	NA	NA	NA	NA	NA	NA
NA	NA	NA	NA	NA	NA	NA	NA	NA	NA	NA	NA	NA	NA	NA	NA	NA	NA	NA	NA	NA	NA	NA	NA	NA	NA	NA	NA	NA	NA	NA	NA	NA	NA	NA	NA	NA	NA	NA	NA
NA	NA	NA	NA	NA	NA	NA	NA	NA	NA	NA	NA	NA	NA	NA	NA	NA	NA	NA	NA	NA	NA	NA	NA	NA	NA	NA	NA	NA	NA	NA	NA	NA	NA	NA	NA	NA	NA	NA	NA
0.488222586915007	0.65564510496812	0.336314006273073	0.297455341917763	0.174294445532167	0.364516322168174	0.639256090760178	0.467111502044752	1.11162141467729	1.73280399154047	0.870270636249769	0.602607937474835	0.39470020469203	0.481714442821324	1.53505764837938	1.42251746102652	1.09641375223672	NA	1.36566457538138	1.4192359335192	0.521344401687657	1.05885444963362	0.632913972336037	0.88815404866546	1.73575325350877	1.30892168349538	1.2597121154968	0.950154805784544	1.42927714067561	1.08144532614307	0.863378913930171	0.799898050062825	1.05464495480517	0.791498939787263	0.693432747627337	0.693690845032671	1.00821705050999	1.0894075219807	1.09781601241806	1.35955051295883
NA	NA	NA	NA	NA	NA	NA	NA	NA	NA	NA	NA	NA	NA	NA	NA	NA	NA	NA	NA	NA	NA	NA	NA	NA	NA	NA	NA	NA	NA	NA	NA	NA	NA	NA	NA	NA	NA	NA	NA
0.564579952988022	0.874559810572419	0.484016816158603	0.34141646092117	0.341909051957465	0.375732470426888	0.281092927493828	0.702745346680462	0.960813550300398	0.788813255638174	1.05627549206587	0.78372124978031	0.195160517828277	0.100227301419249	0.578217540490438	0.17853528010683	0.652378425455748	NA	0.374510708829384	0.257877513308027	0.659867304288819	0.672034872372584	0.763009606460242	0.258258722167465	0.603789200133135	0.73588293740443	1.05357635157157	0.868153734856929	1.29514201923941	NA	NA	0.695018410426749	0.750888304709449	0.752908339823439	0.820146923336332	0.33056854428291	0.89824115506422	0.328534624707557	1.08834274620986	0.642447293640843
NA	NA	NA	NA	NA	NA	NA	NA	NA	NA	NA	NA	NA	NA	NA	NA	NA	NA	NA	NA	NA	NA	NA	NA	NA	NA	NA	NA	NA	NA	NA	NA	NA	NA	NA	NA	NA	NA	NA	NA
0.725116761038195	0.842070944175951	0.36805427415878	0.552027737196744	0.289603465823305	0.449217287096997	0.603887848271325	1.06309044538081	0.292543776568197	0.578593650232897	0.459956243125453	0.980367730105862	0.734205852908245	0.426127314653924	0.503006005592856	0.494886593364794	1.02373196325534	NA	0.252611312724851	NA	0.798586953181135	1.15470723986523	NA	1.01091509366521	1.52361283975973	NA	0.983382584544177	0.745998480587396	1.33060017396935	1.42192964605715	0.580268307116396	0.284361567930707	0.960279101382342	0.617630801783702	0.888668602614389	1.0562263241471	1.41565660701522	0.624000769720303	1.2991988008554	0.383183155924366
0.679664818518816	0.749586951915835	0.919581435849018	0.45132742968997	0.797456466084166	0.448272235564593	0.397697305354461	0.478068289405648	0.27646738233164	0.456465373115411	0.324591125654621	0.353721707413921	0.211177303403808	NA	0.28544515690378	NA	0.244019799658867	NA	0.432419556150866	0.467845997381835	0.277208468901512	0.287881110673757	NA	0.406283101293618	0.594344183530269	NA	1.48480120863911	0.311705565997883	NA	0.409389724941816	0.370589500939859	0.596267513589979	0.405022251218688	0.364181928931887	0.83682614011981	0.0793572884663757	0.730597351035965	NA	0.327108740186288	1.56716839899425
1.01323847906174	NA	1.74051259194421	1.5250928663606	1.59747256831849	1.0320340496137	NA	NA	NA	0.731683952121242	NA	1.01197388201155	0.434214427706637	NA	NA	0.0885841366956416	0.534078735108232	NA	NA	NA	NA	NA	NA	NA	NA	1.80927593081952	NA	0.753505111677188	NA	NA	NA	NA	NA	0.954828409479322	0.483776180581626	0.470708683349187	NA	NA	NA	NA
NA	NA	NA	NA	NA	NA	NA	NA	NA	NA	NA	NA	NA	NA	NA	NA	NA	NA	NA	NA	NA	NA	NA	NA	NA	NA	NA	NA	NA	NA	NA	NA	NA	NA	NA	NA	NA	NA	NA	NA
NA	1.32457516596162	NA	1.53030227202146	NA	NA	1.66576120839703	NA	0.294772136691166	NA	0.483328424604687	NA	0.679735923544568	1.91525817015285	NA	0.59679174448493	1.12045242580754	NA	1.08811097269936	NA	1.35259809779121	NA	0.715668834048648	NA	NA	NA	1.75806002249684	NA	NA	1.20648887541132	NA	1.19490577190034	1.52323814558934	NA	1.93124436916539	NA	NA	0.600468516874459	0.965497436431148	NA
0.635147984651085	0.755538558537136	NA	0.992705935213509	1.20374462573719	1.4962609755883	NA	1.0423637747779	0.766899857615192	1.21770297868325	0.790096507597897	0.858987367303693	0.548173058858239	0.695993472099049	NA	0.616813740956664	0.423789245655992	NA	0.383918928015448	0.909162329519188	NA	0.595425864130061	0.508494857441166	0.357384950307122	0.335477340285989	0.613925085609535	0.651729521451697	NA	NA	0.567908384301531	0.720835557732306	0.905170483934461	0.731780817621903	1.3745516711162	0.855743554449231	NA	0.520933109337979	0.792435959222594	0.593459654112302	0.350300699892948
NA	NA	0.794462934021209	0.787350419685725	NA	1.04636895907583	NA	0.948011153222551	1.11558956600186	NA	0.570146683533361	0.420353678526788	1.10306433224228	NA	1.9227692358344	NA	NA	NA	NA	NA	NA	0.537139569338457	NA	NA	NA	NA	NA	0.646955048014088	NA	NA	0.600819810698994	NA	0.899724313493934	NA	NA	NA	NA	NA	0.822671801500763	NA
NA	NA	0.418136821488784	NA	0.644445949779212	NA	0.323603646362335	0.377761763773898	NA	NA	0.468757171073435	NA	0.600700695205413	0.624457352375199	0.544351530222914	NA	NA	NA	0.342125365133097	0.772554243443697	NA	NA	NA	NA	0.849049839068995	0.706330736990489	0.428106627384345	0.398536924133549	NA	0.473692284234358	NA	NA	NA	NA	NA	NA	0.838778972850397	NA	1.33936959195297	0.665467900306241
NA	NA	NA	1.29660800244952	NA	0.718951543564175	NA	1.33933943083954	NA	NA	NA	NA	NA	0.787113974039995	0.834729690119185	0.55481794455301	NA	NA	0.358860519587853	NA	0.531621260301564	NA	0.586672712714059	NA	NA	NA	NA	NA	NA	1.0147177681919	1.19458752128069	1.28934542507754	1.43218767147019	NA	1.71198134147616	NA	1.34698614600694	NA	2.32643675226559	NA
2.90170725346542	2.65473314401123	3.02154736830284	3.01382230920932	3.25604680225734	1.74176092140301	1.69569019640118	NA	NA	1.59513282152484	1.93442660044066	3.14534954733522	1.76699758070313	1.6378474024925	3.1187500947489	2.19983905726044	NA	NA	2.9861423314624	3.15936694118666	NA	2.71233681318662	2.60349958467824	2.77589467228958	NA	3.16475848238129	3.34481517961271	1.85707322325466	1.84431771431335	2.16672517291597	3.21247801369443	1.2737491561605	1.16968683962273	1.56976526317637	1.5889683592653	NA	1.64268241926774	NA	0.810889646736819	1.43997211201629
0.640733009417608	0.673216254152626	0.801558512891948	0.798658218843059	0.604266222217068	0.631107832584202	0.259975353190483	0.652639570001218	0.960663232910732	0.823637508209269	0.929931146649753	0.449978564714165	0.519210319121913	1.84705999975766	0.614055577806273	1.18571061390596	0.214574075997055	NA	0.973210966973921	1.2911112326161	NA	1.12388528230268	0.978489214849723	0.636187317991247	1.77041335207439	0.956724584056917	1.16899991391676	0.883528471130355	1.10772918797142	0.718797306524671	0.865789741041391	0.967390933696737	NA	0.986427323423839	0.851569700415098	1.13881349984268	0.891103544081442	0.955448587213956	1.09136128842974	0.965058880562748
NA	NA	NA	NA	NA	NA	NA	NA	NA	NA	NA	NA	NA	NA	NA	NA	NA	NA	NA	NA	NA	NA	NA	NA	NA	NA	NA	NA	NA	NA	NA	NA	NA	NA	NA	NA	NA	NA	NA	NA
NA	NA	NA	NA	NA	NA	NA	NA	NA	NA	NA	NA	NA	NA	NA	NA	NA	NA	NA	NA	NA	NA	NA	NA	NA	NA	NA	NA	NA	NA	NA	NA	NA	NA	NA	NA	NA	NA	NA	NA
0.281850010519139	NA	0.393393141999204	NA	2.01882251205645	NA	0.879821861435456	0.72489233780241	0.90368943344639	NA	0.990124763914873	0.64110015402164	NA	NA	NA	0.390496768758441	NA	NA	0.261656210419	0.171338467559043	NA	NA	1.47680647518689	NA	NA	NA	NA	0.320355239937567	NA	0.646552986039467	NA	NA	0.945216823753207	0.817156752095777	NA	0.457820202881456	0.52662214407799	NA	NA	NA
1.8550449513756	1.78237223336516	1.2984272963541	1.18985121937014	1.91472934460551	1.87867348443918	1.08676339100293	1.15339031053219	1.62715472388249	1.78269496565364	1.34322987272837	1.78049350877339	1.19204959253059	1.43387583193459	1.12414165156258	0.0661829648969714	1.38710240040658	NA	1.236526606293	1.60233285203901	1.38774784706221	1.23659598650305	1.70361742921582	0.677804470622268	0.80827195324174	0.482945882941222	0.820112803324729	0.474174525495849	1.09495066532605	0.893863047335006	NA	0.322013012584714	1.91999642395588	1.51321040183077	1.12154671227895	1.2601108922922	0.777871472488533	0.793307029991581	0.632771868720368	0.961456973553248
NA	0.743672900524349	0.558947656725675	0.577020085219666	NA	0.915515677145472	0.528308408600655	0.701089267515243	0.991649791743243	1.28830999792343	NA	0.625252001640164	NA	0.420590316234361	0.308163158394402	1.55759007505607	1.72484737875588	NA	1.59756445685447	1.42587543483755	0.843878535795401	0.223529883462685	0.618292926224264	NA	0.355901664685284	0.540206491911834	1.42085638436614	1.29224421768794	0.922471991049602	1.60890210559506	1.27911435385618	1.33730626150773	NA	NA	1.62960365409624	1.77300504096441	1.51932529646062	1.89307577429459	2.05420381088052	0.960930540760383
0.728925208894251	0.497206474156297	0.70667440326403	0.761001112618117	NA	NA	0.822660639798047	0.542763590966855	0.933226041100464	NA	NA	0.639275606593593	0.430365231081907	0.631488399086052	NA	0.425774310404624	NA	NA	0.325113960978035	1.18527077896788	NA	NA	0.511150362589887	0.589560315012294	0.642671288969969	0.989883516737927	NA	0.234022311646801	0.410789444052615	0.110261470421985	0.201848066552967	NA	0.431930509947255	0.246314103680039	0.64123228890337	0.244559343966426	NA	NA	1.97512769967163	NA
NA	1.74328940482438	0.838342992160853	1.28019365455749	NA	1.73071642349147	0.761261778393599	1.36791546462043	0.450824620899104	2.17916029552697	0.934317497627058	1.00696690318966	NA	0.794785507222057	NA	0.752010545667737	NA	NA	NA	NA	NA	0.893167880009137	NA	1.10996425641354	1.02914238684458	NA	NA	0.732024790548935	NA	NA	0.882832670038238	NA	1.49905528804871	NA	NA	NA	NA	1.52358249131089	NA	0.760350034070736
NA	NA	NA	NA	NA	NA	NA	NA	NA	NA	NA	NA	NA	NA	NA	NA	NA	NA	NA	NA	NA	NA	NA	NA	NA	NA	NA	NA	NA	NA	NA	NA	NA	NA	NA	NA	NA	NA	NA	NA
NA	NA	NA	NA	NA	NA	NA	NA	NA	NA	NA	NA	NA	NA	NA	NA	NA	NA	NA	NA	NA	NA	NA	NA	NA	NA	NA	NA	NA	NA	NA	NA	NA	NA	NA	NA	NA	NA	NA	NA
NA	NA	0.703806554911566	0.816508550384179	1.06934424607753	1.98743730373214	2.08773681990754	1.8007421630547	NA	NA	2.22352565084436	0.430209683554281	0.738189197986532	1.01691664318118	0.476307295170412	0.291628251345777	2.11121778580952	NA	NA	0.988665012917636	NA	NA	NA	NA	0.407831195077326	NA	0.777510394606563	NA	0.98586566074013	NA	1.25532815532771	NA	0.605566350569131	1.13165873713996	1.10741778011456	NA	1.08887187065816	NA	0.708718725707938	NA
NA	NA	NA	NA	NA	NA	NA	NA	NA	NA	NA	NA	NA	NA	NA	NA	NA	NA	NA	NA	NA	NA	NA	NA	NA	NA	NA	NA	NA	NA	NA	NA	NA	NA	NA	NA	NA	NA	NA	NA
NA	NA	NA	NA	NA	NA	NA	NA	NA	NA	NA	NA	NA	NA	NA	NA	NA	NA	NA	NA	NA	NA	NA	NA	NA	NA	NA	NA	NA	NA	NA	NA	NA	NA	NA	NA	NA	NA	NA	NA
NA	NA	NA	NA	NA	NA	NA	NA	NA	NA	NA	NA	NA	NA	NA	NA	NA	NA	NA	NA	NA	NA	NA	NA	NA	NA	NA	NA	NA	NA	NA	NA	NA	NA	NA	NA	NA	NA	NA	NA
1.12751944165323	1.66230455179897	1.02927636051888	1.0699094887617	0.702935893053192	0.540042868574824	1.38801645593892	0.643069193374739	NA	1.43425970507439	1.56063904386827	NA	NA	1.87099034220207	NA	2.14596340539562	1.58297609281806	NA	NA	NA	0.764608359721034	2.61591732481577	2.63839816282236	1.4218256544918	2.20186791179653	NA	NA	2.77464450648812	NA	1.65169166884432	NA	NA	1.4828757258618	2.29118585198589	0.916347518798202	0.97292061273996	1.2999064513963	NA	NA	NA
NA	1.28700459464348	NA	NA	1.23152890394008	1.0574083828784	NA	1.20754535202536	0.370933964650729	1.17036881079681	0.83818726699075	0.696891584511684	0.493796412855972	1.17017323871641	0.7127389883708	0.697468079782793	0.769000298124466	NA	0.506077160046412	0.780807552064585	0.52182258185291	0.394860647744742	0.459025643021726	0.411941194436282	0.914369304337429	0.560043516222722	0.541313875595872	0.65468517689588	0.812570322055869	NA	0.185397344356332	0.715634444817918	0.119716916477697	0.892108259212794	0.670370123231746	0.181529279381909	0.394833963409594	1.2192425701686	0.389609167764964	0.784894574466073
0.437960804239647	NA	NA	0.178173204253406	0.208898187895248	0.530842861947046	0.851507596940133	0.900099495596468	NA	NA	0.344008981697085	NA	0.732925129131227	0.342152334855891	0.349815289128163	0.229541142850221	0.243857594709682	NA	NA	0.448661288085078	0.299401467215976	0.668226477575363	0.341944531861786	0.806839335679025	0.789743391419212	NA	0.455291958151156	0.471426130541815	0.65086242965356	0.334879751046021	0.61180984744833	0.485828795954674	0.528526070334395	0.747068226261032	0.534272937066787	0.612542006582943	NA	NA	0.809422269709464	0.343351963166284
0.655668697448269	NA	1.76219400088344	0.817291533046436	1.17859933404371	1.80943018779735	NA	1.07328982511873	0.905342730541999	0.822223157983889	0.638294161520684	0.42594126821366	0.355914734686851	0.341459673165207	0.463099500397454	1.4729726830174	1.66288559390714	NA	1.37493010827349	0.628655590960891	0.516732778109325	0.991326126193508	1.03881663391749	1.18054287838131	1.26193795904043	NA	NA	0.923257739592744	1.52705646258917	1.14758850942595	0.673486940430199	1.11377387102031	1.06171468594438	1.58489991252291	NA	0.798762652444514	0.38544068333383	NA	0.691095426673871	0.991541584298312
0.360470599543245	1.11316528600698	0.666705750239354	0.837608747844731	0.405346033762208	0.72809160959883	0.300178819383099	0.575155791600473	0.370309053908396	0.481490519846698	0.515190025548137	0.388947839139407	NA	0.464099701063844	0.328128980546942	0.789343275607618	0.885196855267952	NA	0.968905859362755	0.737521515722546	0.405808549593109	0.527279951386163	0.651963245004963	0.860966822584662	0.51569658863082	0.487047341873554	0.822867242781348	0.550019535926768	1.48272612905559	1.42202215679859	0.772906812044855	1.55595289799734	1.29315074773934	NA	1.80683161929764	NA	1.67400676324045	2.12722887631511	NA	NA
1.12576240651993	0.596081685843563	0.99827602579057	0.973779018747737	NA	NA	0.888920445422238	NA	0.961141696612057	0.773906795472422	NA	0.794861067106086	0.940119881297863	NA	0.795866861265443	0.864862755397448	0.957587336917131	NA	1.76128207796576	1.01654932115922	0.69270263967506	1.61378377254262	0.500581405956961	NA	NA	0.562679657439217	0.276312317272269	NA	0.393021672400161	0.558700647980358	NA	NA	0.195243483537303	0.419059312703319	0.400439076578384	1.17011284721249	0.883806571180231	0.64115562882593	1.57922897937487	0.428513162466473
NA	NA	NA	NA	NA	NA	NA	NA	NA	0.429586589239637	NA	NA	NA	NA	NA	NA	NA	NA	NA	0.919008062099621	NA	NA	0.813305993110692	NA	0.709402234588349	0.995205538417324	1.08858263768647	NA	NA	1.33588359657995	1.04370105480818	NA	1.34576575388711	0.488502161377287	NA	NA	1.18219096507768	1.00546407659248	NA	NA
NA	NA	NA	NA	NA	NA	NA	NA	NA	NA	NA	NA	NA	NA	NA	NA	NA	NA	NA	NA	NA	NA	NA	NA	NA	NA	NA	NA	NA	NA	NA	NA	NA	NA	NA	NA	NA	NA	NA	NA
0.380946101485814	0.316698055157255	0.69707673380452	NA	0.622391752072193	0.654439292266358	1.41427158236868	NA	NA	NA	0.698958901528925	0.206468229479284	0.0678541946093841	0.337713000358506	NA	0.299506177867122	0.254637046658089	NA	0.427537903021683	NA	NA	1.94684772273922	1.00683510860665	NA	0.275916616221059	0.338751596054363	0.104823281124018	NA	0.479675104113424	0.643853018755615	0.895100787145352	0.839325437674651	0.469381290338862	0.404145748867468	1.15698303781296	NA	1.24272464138883	0.93404405625895	2.0841923047081	0.196128977406468
0.479491345315007	1.25198704067611	0.532010666951655	1.24398371842786	1.40009763772313	0.452893581828789	0.579376978215842	1.44697000006977	NA	1.53497016876953	0.718874346096578	0.5961630902426	1.19372378764387	1.19805741900197	0.163049648120161	0.612029455195868	0.510932583767872	NA	1.16962514047529	NA	0.713447606788374	NA	NA	0.979728360637374	NA	NA	NA	NA	0.979803117460598	0.876921596383032	NA	NA	NA	NA	NA	NA	NA	NA	NA	NA
0.919620107763056	0.896406253044716	1.00724991120551	0.686365266940818	NA	0.865965298962144	1.0319220709987	1.32759668631715	NA	1.01977110009145	NA	1.05920918204945	1.52602729550825	0.746571213229155	1.57321847664149	0.464822651288209	1.03050079141084	NA	1.06855214697607	0.556256325564038	NA	0.315863085778358	0.237216208487062	NA	1.401912726516	1.83999638180237	NA	0.367657270959015	0.80562369294003	0.35889834465673	0.271042620356336	0.095786901422997	0.371845265574285	0.802993329439559	NA	NA	NA	0.701227832275506	NA	0.305010463066133
NA	NA	NA	NA	NA	NA	NA	NA	NA	NA	NA	NA	NA	NA	NA	NA	NA	NA	NA	NA	NA	NA	NA	NA	NA	NA	NA	NA	NA	NA	NA	NA	NA	NA	NA	NA	NA	NA	NA	NA
NA	NA	NA	NA	NA	NA	NA	NA	NA	NA	NA	NA	NA	NA	NA	NA	NA	NA	NA	NA	NA	NA	NA	NA	NA	NA	NA	NA	NA	NA	NA	NA	NA	NA	NA	NA	NA	NA	NA	NA
NA	0.985267435899292	1.04540727639376	0.833926931552967	0.881515920128516	0.709789361544456	1.08994768752768	0.953612050675773	NA	0.934724985222929	1.63417222980676	0.521782387276114	NA	0.717230980283985	0.662745090554238	0.565484415659738	0.442177438657747	NA	2.55427209110449	0.95707452534585	0.757321858975066	0.693664061806281	0.891545815876212	0.563510405688896	NA	0.982225188921018	2.09097813363534	NA	2.52019195911169	NA	NA	2.32269708184496	NA	NA	2.48085408656012	NA	NA	NA	NA	NA
NA	NA	NA	NA	NA	NA	NA	NA	NA	NA	NA	NA	NA	NA	NA	NA	NA	NA	NA	NA	NA	NA	NA	NA	NA	NA	NA	NA	NA	NA	NA	NA	NA	NA	NA	NA	NA	NA	NA	NA
NA	NA	NA	NA	NA	NA	NA	NA	NA	NA	NA	NA	NA	NA	NA	NA	NA	NA	NA	NA	NA	NA	NA	NA	NA	NA	NA	NA	NA	NA	NA	NA	NA	NA	NA	NA	NA	NA	NA	NA
0.804749694770183	0.393170586948113	0.207635652477366	0.201359551296197	0.546683992004716	0.315446594800228	0.214732695647261	0.500217454635463	0.250990314431301	0.28740077244362	0.368896557489469	0.593135902013544	0.393584873412153	0.85724486534909	0.343657566329531	0.312452374598712	0.144773940478777	NA	0.214931134759936	0.531692344831202	0.460554012912185	0.427019176060517	0.469757944063484	0.713233034679561	0.671624087176485	0.668888380269772	0.753207657454745	0.829396230690332	0.641989325349485	1.43935858939227	0.42909002924306	0.893146359243111	1.82522179969739	0.623202466088838	0.737788943996626	1.36232027091848	0.383712300285003	1.30696677224518	0.729867590503673	0.52055020077234
NA	NA	NA	NA	NA	NA	NA	NA	NA	NA	NA	NA	NA	NA	NA	NA	NA	NA	NA	NA	NA	NA	NA	NA	NA	NA	NA	NA	NA	NA	NA	NA	NA	NA	NA	NA	NA	NA	NA	NA
0.540108679697967	0.591705135167532	NA	0.748334446849962	NA	NA	0.715970083322122	NA	NA	0.677716283584864	NA	0.584140419078944	0.444742780869331	NA	0.186651189888295	0.483699137235687	NA	NA	0.682195120685067	NA	1.14759311822317	0.683646626731161	NA	0.596228496530849	NA	NA	NA	1.61731782023583	0.95267283458107	1.13757823542162	1.29795645040546	1.48541855830518	0.953919530231491	NA	0.775780052976569	0.84374829110918	0.952836675774571	0.977140782919157	1.75579367384952	1.40899908954185
NA	NA	NA	NA	NA	NA	NA	NA	NA	NA	NA	NA	NA	NA	NA	NA	NA	NA	NA	NA	NA	NA	NA	NA	NA	NA	NA	NA	NA	NA	NA	NA	NA	NA	NA	NA	NA	NA	NA	NA
0.300025110597161	0.258523827655409	0.381251112671642	0.608869810970297	0.691138465451633	0.663418574961484	1.2132446889165	1.26602553420526	0.909303185189498	1.00164431468391	NA	0.735628927101441	0.971924124036257	0.538962895769714	0.459408092116279	0.939267292586895	1.76113255618664	NA	0.76947716392315	0.315430783195211	0.341640797574152	0.820924055108936	0.455574994028725	0.491796744022631	0.85744888281767	0.511267558219258	0.442945643899015	0.323732784351454	0.417716622610115	0.643298464401887	0.356767720361574	0.594441031268105	0.952404313892847	0.484760257686565	0.345759847702777	NA	0.671876857375641	NA	0.9143414134979	NA
NA	NA	NA	NA	NA	NA	NA	NA	NA	NA	NA	NA	NA	NA	NA	NA	NA	NA	NA	NA	NA	NA	NA	NA	NA	NA	NA	NA	NA	NA	NA	NA	NA	NA	NA	NA	NA	NA	NA	NA
0.603082877812367	0.762865347808933	0.428277899302572	0.867534193351482	1.22165596952098	1.03176889917036	NA	0.947948621412217	0.983786462781063	0.723973223392847	0.829012759220854	0.568334032148963	0.517936848231091	NA	0.416781630049353	0.520517524778389	0.543017659398107	NA	NA	0.414293514384196	0.37082912976514	1.48475158844544	NA	0.597197092527739	0.100123589513314	0.591600840941447	0.551839365377481	0.53338139042576	NA	0.735449741300601	0.441549883146949	NA	0.403272050411021	0.468213837066314	0.630861292866883	0.164738790912938	0.527979298689862	NA	NA	NA
NA	1.02219375668226	2.48144951588119	1.26476384729368	1.33264309866667	1.49879757148145	1.6657596433241	NA	1.6528629099714	1.62538109982507	1.30388801706911	NA	0.532969224576043	0.686120816494259	NA	NA	0.372869286470286	NA	0.689048906411612	0.440774159227841	NA	0.683190958548745	0.520899991029026	NA	0.786305215476649	0.766158355821947	NA	0.952170375300618	NA	1.53979594269168	0.729087507315711	NA	1.49771340017783	NA	1.67731041350536	NA	1.33582338474349	1.57049871011211	NA	1.82505876103666
NA	0.767923660987152	1.00614605017528	NA	1.16806860353976	0.887058849755998	0.991233902812444	NA	0.547956941485478	NA	0.64682906499028	NA	1.0870405812765	NA	0.967885779251444	NA	0.459286930549651	NA	0.751139922989266	0.431056038229736	NA	NA	NA	1.15728194334513	NA	NA	NA	NA	1.4841334097677	NA	NA	NA	NA	NA	NA	NA	NA	NA	NA	NA
NA	NA	NA	2.41982638477135	2.1748655057173	2.35477718595614	NA	1.8859204994724	NA	2.30510373176078	NA	2.29831713948261	2.28581571552485	2.28215714418148	2.08497447871205	NA	NA	NA	1.69858418126284	NA	NA	NA	NA	NA	1.61601254309394	NA	NA	NA	1.68830041855633	2.9553286358215	1.54982831590717	1.56674179886672	1.40902858548709	NA	1.55702133923084	1.45039787097799	1.69166734858154	0.862233367793963	NA	NA
NA	NA	NA	NA	NA	NA	1.53996656634561	NA	1.30516582407525	NA	NA	NA	0.632337231864398	NA	NA	0.808049292923215	0.669649082904581	NA	0.35506716864512	0.632471737448886	0.71369856410327	0.770955185828354	0.527939494054964	0.700763379029293	1.05659157307361	1.72320539889956	1.21764513855234	1.23288635676221	0.513440009161853	0.599508416419873	1.5496907965099	0.876321775215736	1.44234431636849	0.89053356813485	1.01858722596198	0.995410786658701	0.907448808700346	1.53304209445154	1.82291263671096	1.68696176190598
NA	0.527269558872781	NA	NA	NA	0.307570407260244	NA	NA	0.715086752911517	0.630311928775727	NA	NA	0.810179597828419	NA	NA	1.39673300896092	NA	NA	NA	NA	NA	1.88041723215686	NA	NA	NA	0.353089930634977	NA	0.424614999027294	NA	NA	0.998075536097463	0.310571810026749	NA	NA	2.12884078866224	NA	NA	NA	0.504418647075825	NA
0.629288475752489	0.917731642848083	0.523848919497099	0.806741653320843	0.487386789612809	NA	0.528607378861088	0.496052655305503	0.540903062326914	0.755640106010954	0.54075700464528	0.876970452419317	0.71252220578587	0.602202995182348	1.01241353472014	0.466640484436374	0.505767202975086	NA	0.618191062590501	0.435463038259335	NA	NA	0.375011109182768	0.490977138456697	0.551671251272238	NA	NA	NA	NA	NA	0.948324873370337	1.54469751042903	0.732588897138447	1.93354012663553	NA	1.37806760982467	1.21127938105635	NA	NA	0.853472024809386
0.438480683349059	0.69414711871476	0.620295275515078	NA	NA	0.59538372849269	0.561055938492255	NA	0.423820963926234	NA	0.689864574234511	2.77243101250432	0.190010673051635	0.47495967505765	0.121673211450042	NA	0.490156002251336	NA	0.624095454723365	0.421963778898608	0.667077712835424	1.07057625162573	1.07666810268693	0.647723003417075	1.21732194887667	1.25852530998412	2.39715540723915	1.39210646657502	NA	1.5800165895528	1.87513223894927	2.70726342897378	1.72470110346838	NA	2.19883097925546	NA	NA	NA	NA	NA
NA	NA	NA	NA	NA	NA	NA	NA	NA	NA	NA	NA	NA	NA	NA	NA	NA	NA	NA	NA	NA	NA	NA	NA	NA	NA	NA	NA	NA	NA	NA	NA	NA	NA	NA	NA	NA	NA	NA	NA
NA	NA	NA	NA	NA	NA	NA	2.50700816277387	2.0329352068047	NA	NA	2.03994978805208	1.42998837141411	1.93236888477266	0.416262224667293	1.86310503885176	2.20271582579969	NA	1.88358366641221	1.83034491961461	2.20883816265366	1.75667500278609	0.509029664567567	0.398951786771556	1.58742091118807	2.69859234143196	1.66389643946284	0.441353116597575	0.431401128499837	2.33297796219132	0.58364028900303	0.856211463766901	2.34398464925938	NA	1.35000687596779	1.09041767316431	0.94925352754643	0.667015961188488	NA	1.78781321264231
NA	1.00631006726091	0.968203118509531	NA	NA	0.88034885569724	NA	NA	NA	1.13189221420664	0.481349215371653	NA	0.649362484978922	NA	NA	NA	0.117791864624882	NA	NA	NA	NA	0.339543504583371	NA	NA	NA	0.786530098115261	0.73240145362448	0.969021003251921	NA	NA	NA	NA	0.580004462326118	0.596243295217899	NA	NA	NA	NA	NA	0.80776011923161
0.884682486652482	1.20332431197802	0.711477813077894	1.0658324272804	0.713470588668242	1.17166111306303	1.39673431047071	0.555834596112916	0.768877993432122	0.779473901233496	0.765435010489774	0.450142720080241	0.455215514857479	1.13265925260315	0.758756407681771	0.369535967230987	0.351132284193297	NA	1.37704691509347	1.17914206231955	0.304340451566506	0.934688488832934	0.705844469646441	0.73317725253991	1.26548005956594	0.948397088317419	0.64254922455106	0.988977438530013	0.777276523525351	NA	1.02821815773546	NA	1.25606396542116	1.41371771144164	1.58029132142617	NA	NA	NA	NA	NA
NA	NA	NA	NA	NA	NA	NA	NA	NA	NA	NA	NA	NA	NA	NA	NA	NA	NA	NA	NA	NA	NA	NA	NA	NA	NA	NA	NA	NA	NA	NA	NA	NA	NA	NA	NA	NA	NA	NA	NA
NA	NA	NA	NA	NA	NA	NA	NA	NA	NA	NA	NA	NA	NA	NA	NA	NA	NA	NA	NA	NA	NA	NA	NA	NA	NA	NA	NA	NA	NA	NA	NA	NA	NA	NA	NA	NA	NA	NA	NA
1.15206037928254	NA	0.914357366801986	NA	NA	0.867070535231878	1.11061355714246	NA	NA	1.21765036852552	NA	1.18014762011354	1.05665655628207	NA	NA	NA	NA	NA	NA	NA	NA	1.72256294372718	0.747130349557041	NA	NA	NA	NA	NA	NA	NA	NA	1.96570590816312	NA	NA	NA	NA	NA	NA	NA	NA
0.512516451262125	0.458050503465033	0.751412243802011	0.861486331688381	0.592814840004663	0.632405031761283	0.67024509417188	1.11044576160856	NA	1.11246461466163	0.76735648399502	NA	2.35381475018656	0.564309343357142	0.198069972178646	0.231519650749645	0.403176612527538	NA	0.466577303805662	0.619377436211901	0.989824668378505	0.325639599485717	0.413572769047148	0.0991212878988006	1.13202448895582	0.374016429244978	0.36056691223714	0.274673856992818	0.438983831766703	0.930146642314442	0.572083928072111	0.146765127541851	0.486501450725399	0.35644378324424	0.458827181467494	0.408776734690285	0.504169589270822	0.613582859043808	0.49523411228233	0.759170005222302
1.03203094002291	1.00226333752674	0.904044591014994	1.26370490396277	1.35153375953411	NA	1.49687253372662	0.696026785777767	1.45007589421599	1.37505723693323	1.11450264648879	0.338564873426661	0.304869436775512	0.394982746150649	0.576294633201304	0.75645571644427	0.693715562321718	NA	0.429496616101833	0.639463455684075	1.13617192684428	0.503069433628453	0.45602911953541	0.33143130144262	0.28670114154437	1.92211367143664	2.501453469859	1.32604304554352	1.58362819717068	1.6008803533452	NA	NA	2.43995390929133	NA	NA	NA	NA	NA	NA	NA
NA	NA	NA	NA	NA	NA	NA	NA	NA	NA	NA	NA	NA	NA	NA	NA	NA	NA	NA	NA	NA	NA	NA	NA	NA	NA	NA	NA	NA	NA	NA	NA	NA	NA	NA	NA	NA	NA	NA	NA
NA	NA	NA	NA	NA	NA	NA	NA	NA	NA	NA	NA	NA	NA	NA	NA	NA	NA	NA	NA	NA	NA	NA	NA	NA	NA	NA	NA	NA	NA	NA	NA	NA	NA	NA	NA	NA	NA	NA	NA
NA	0.657374813204081	0.566336364472769	1.15569456281491	1.11888666338467	NA	1.26154414069144	NA	1.14490058796503	1.08922862204983	0.123186761113187	NA	1.14215531881935	0.729656707144837	0.564137140882886	0.504243095194806	0.388809430227891	NA	NA	0.681749346079572	1.08689629871708	0.936855084239676	0.715878580714166	0.672411551379357	0.819956190923997	1.06858052993036	0.543375539115477	1.31701424327116	1.3199166449059	1.27925353208687	1.21959617439646	0.580703924062188	1.3554180756509	1.15916587390916	0.955661116079803	1.37542201888206	1.34294578590097	1.39569107758629	1.31729124021644	1.39473570868056
0.863187570077634	0.621699277329346	0.56109444348728	NA	0.85321217300245	NA	0.958945755615833	NA	NA	0.348247692347088	0.429826417437222	0.652001392567072	0.783589554409149	NA	NA	NA	NA	NA	NA	0.645648619213645	NA	NA	1.40713444561198	NA	NA	0.802962032801901	1.51827572736741	1.43374149267198	NA	NA	0.933969920611667	1.01910625275182	1.4693412603763	1.35912975610589	2.68987033697363	NA	1.98508023628845	NA	NA	NA
NA	NA	NA	NA	NA	NA	NA	NA	NA	NA	NA	NA	NA	NA	NA	NA	NA	NA	NA	NA	NA	NA	NA	NA	NA	NA	NA	NA	NA	NA	NA	NA	NA	NA	NA	NA	NA	NA	NA	NA
0.883645165455896	1.00010580319495	NA	1.452496368208	1.72256422539366	1.68032007657403	1.91089676148926	1.68345485971257	1.40832709469351	NA	NA	NA	1.02874377484189	NA	0.665162091798129	0.397419270834899	0.446360451686919	NA	0.63748413899593	NA	NA	0.561328148316038	0.509950652448011	0.736338444403044	0.618954703925097	NA	NA	1.0646755711415	1.05043491455413	1.07240008542653	0.911921774537997	1.05135542614872	0.888550009902194	1.24890902436883	0.798128913502065	NA	1.07899448174394	1.33037743740206	NA	NA
NA	NA	NA	NA	NA	NA	NA	NA	NA	NA	NA	NA	NA	NA	NA	NA	NA	NA	NA	NA	NA	NA	NA	NA	NA	NA	NA	NA	NA	NA	NA	NA	NA	NA	NA	NA	NA	NA	NA	NA
0.807535946437757	NA	0.269203344662209	0.544679855012616	1.07082530596051	0.46156037912638	0.607166343056335	0.748842649047796	1.21351707794419	1.19300019766656	1.33225909821426	1.25136101966205	0.983863877849484	0.52355357951534	0.723660156845558	0.663952442633835	NA	NA	0.458864189423542	0.381965469848123	0.334803374945863	0.366021907716184	0.672152206652368	0.498300809814485	0.260601744246593	0.204102871928326	0.616738420130066	0.401120589406279	0.587852891342431	0.5357130921786	NA	0.487923225788933	0.424941154453408	0.379829640182217	0.548988710237558	0.923775248597142	0.439300532852529	0.570520291718264	1.40536214322277	NA
NA	NA	NA	NA	NA	NA	NA	NA	NA	NA	NA	NA	NA	NA	NA	NA	NA	NA	NA	NA	NA	NA	NA	NA	NA	NA	NA	NA	NA	NA	NA	NA	NA	NA	NA	NA	NA	NA	NA	NA
0.692265941373924	NA	NA	0.323675771239965	0.915392355787249	NA	0.494702241982649	0.781733059987011	NA	2.09810613817267	0.579382088026388	1.10725383225693	1.39861144669082	0.822708228647031	NA	0.358753748701791	0.467072017754734	NA	0.412054357173884	NA	0.267453945944211	1.27088629349597	0.57585274092236	0.598301959610688	NA	1.07178489184342	1.19712059879758	0.933428855318051	0.8969072295257	1.14458160562472	1.03478445686567	NA	1.59824936196025	0.994542013666273	1.22206064829872	0.480009199440053	1.65189079794488	1.01462926427577	NA	1.43939934771033
0.207314614644528	0.612708295184363	NA	0.667569988882336	0.426472636786851	NA	0.776239385322391	0.367538036812172	NA	NA	NA	NA	0.148210976302581	NA	NA	0.233789120786883	0.256328516567309	NA	0.537207330897608	0.362845710967236	NA	0.366966990474444	0.872151763586732	0.54136524407907	NA	NA	0.729901357762538	0.839127636240819	NA	1.20431918528667	1.26356327996613	1.06733460924041	NA	NA	NA	NA	NA	1.93615122737572	NA	NA
NA	NA	NA	NA	NA	NA	NA	NA	NA	NA	NA	NA	NA	NA	NA	NA	NA	NA	NA	NA	NA	NA	NA	NA	NA	NA	NA	NA	NA	NA	NA	NA	NA	NA	NA	NA	NA	NA	NA	NA
NA	NA	NA	NA	NA	NA	NA	NA	NA	NA	NA	NA	NA	NA	NA	NA	NA	NA	NA	NA	NA	NA	NA	NA	NA	NA	NA	NA	NA	NA	NA	NA	NA	NA	NA	NA	NA	NA	NA	NA
NA	NA	NA	NA	NA	NA	NA	NA	NA	NA	NA	NA	NA	NA	NA	NA	NA	NA	NA	NA	NA	NA	NA	NA	NA	NA	NA	NA	NA	NA	NA	NA	NA	NA	NA	NA	NA	NA	NA	NA
1.03092789988957	1.54195832234936	2.51808284495391	1.43055119562744	NA	NA	1.1563431218177	1.12898340224915	1.13087369241955	NA	1.3508040129392	NA	NA	NA	0.796416093605935	0.355003908369121	1.40924357424337	NA	1.1184933272187	NA	1.81656703576702	0.982169893596239	0.374015638351707	0.222425885060563	0.774696925956691	0.939655380475646	0.691084146587033	1.02850771059365	0.813930657654559	0.887323153786968	0.928553756061342	1.10301809848296	0.524536486158745	0.694434459989852	0.491957749179897	0.859346754475305	0.288646827564847	0.393262324252848	1.70570753872886	0.175730638215929
NA	NA	NA	NA	NA	NA	NA	NA	NA	NA	NA	NA	NA	NA	NA	NA	NA	NA	NA	NA	NA	NA	NA	NA	NA	NA	NA	NA	NA	NA	NA	NA	NA	NA	NA	NA	NA	NA	NA	NA
NA	1.85143534213851	1.7317503737914	1.930001926956	1.84655304594459	1.62455969096991	2.21825075466909	1.94296763822466	NA	1.33427086198619	3.13112769953988	1.82933829793794	1.62416728745481	0.611458830870109	1.14005546172111	1.15743066392119	0.44524703151172	NA	0.459965373552057	0.244658552472296	NA	1.74692182612422	0.909103709338849	0.723421022640957	NA	NA	1.04024687909555	NA	0.77985401934958	NA	0.581416173028595	NA	NA	NA	NA	NA	NA	NA	NA	NA
0.927950033318562	1.35382507458006	NA	1.90374729616711	1.12861534223103	1.54942022039372	1.60563268047911	1.79108542898508	1.67318791622971	1.35875994964698	1.45616765742107	1.10012309659724	0.757173888406997	0.694878251944377	0.409617730915545	0.545801825521833	0.493198907421355	NA	0.166342633623656	0.290950553506591	1.1340379326334	0.33070600210318	NA	2.01458303536152	0.833733897686688	1.67125493245702	NA	1.28978688966329	1.30496607780929	1.43391357302065	NA	1.40054604978244	1.86886588327844	1.55950872923979	NA	1.10219887192632	1.03007421491315	1.13843500368259	1.01165345541908	1.24532892169699
0.526820304187485	NA	NA	0.559330165036305	NA	0.838704327894405	0.822765317471088	0.625518946886196	0.714794828875625	0.999755985999465	0.872938707808041	0.709293015615908	0.282046065515733	NA	0.276516986576652	NA	NA	NA	0.416709677812669	0.651224514789201	1.90654064290021	0.595904549367315	0.191018873783298	0.484817337048849	0.549137259198063	NA	0.732587201226932	NA	0.963418932329297	0.915771189992836	NA	0.367435894549957	0.26708921196031	0.408445964466755	0.623722671007346	0.297878391363618	NA	1.25400384622581	0.493692912805291	1.67068263936108
0.479462179006639	0.698197411933512	1.1258920028815	0.908082149255228	1.17764299299908	0.802436561334684	1.25396880271932	NA	1.07366232044219	0.894137076004969	0.906437969147038	1.15881619795093	1.17283149567462	1.171472223579	1.34113827588043	1.41397364455253	1.22902503801051	NA	NA	0.71024988520648	2.05612619650229	0.799194642801734	NA	1.44180126238732	1.71577291384873	1.44985110140912	2.28666905468214	NA	2.30997956971503	NA	NA	NA	0.872843416047973	1.53484885580597	2.08796746963984	1.43999083862595	1.37947343079824	1.14797619154087	NA	NA
NA	1.04184140968822	NA	1.42130126475892	1.59644691073532	1.67032990557522	1.52913567788475	1.25757826202729	NA	NA	1.10709202168746	NA	0.466439896311057	0.89428226032951	0.761458591179333	0.385130967889521	0.614042188673698	NA	0.690018145955408	0.486151713673619	0.902941259225488	0.299618982148548	0.429713458454681	0.340521200998625	NA	0.657135484835968	0.502213551800967	0.489190415248149	0.689016756929488	0.729903718183627	0.778386806402988	1.20114302013782	1.04265635608047	0.628909680999407	0.733704360425502	0.735453781810828	0.56831355546781	0.39469189806752	0.838579525308004	0.748248387151051
1.22826041464367	1.20839259474146	0.748721102424666	1.18809428519046	NA	1.03234750342569	0.931146312117672	1.19357256102335	0.80645726334101	1.06174726492421	NA	0.871911963400105	0.668119442837902	0.423926981776575	0.515807354434246	0.537987711023563	NA	NA	0.477245928229476	0.558192498318828	0.933831972373588	0.813930234713927	NA	0.885726892122101	1.10245600694569	0.826570877732628	0.657953328345512	1.0439104431242	0.854162872850295	0.499535548585761	0.263205778759813	0.84710477154555	NA	0.889630490964295	1.08298778986962	NA	0.859977617704561	1.11466974427927	0.909809813560305	0.7155077950648
0.835730696120601	1.8228546041725	1.16353383504491	1.0982003875873	0.789349696085101	2.25622857026214	0.719744808959489	2.64509915308391	NA	NA	0.658534368200872	NA	NA	2.7924704574744	0.306660463218069	0.544762592651162	0.112602847537769	NA	0.297974851439727	0.320635172361466	2.05428115339636	0.621724859383236	0.680791799783678	0.751712740338313	0.161238604796024	1.3802672278275	2.28112336787824	1.373073381893	1.15678039528004	0.992198766043376	1.43296829125863	1.68749845722007	1.32823819699746	1.38921261939974	0.998685322277635	0.864153678565565	NA	1.56119684526306	2.40253484975261	2.65236946393871
1.53066872276434	1.35132945314532	1.56559100774824	1.6419047389256	NA	1.64860272333824	NA	NA	NA	0.821429344045559	0.781179875245309	0.811224570612918	1.12540685233337	0.796880960130236	0.717263129334986	0.581934998138441	0.447569929500314	NA	0.362196526761522	0.374929942624454	0.424352280751996	0.757053555629194	NA	1.44957010377283	NA	1.12492397448635	NA	NA	NA	NA	NA	NA	NA	NA	NA	NA	NA	NA	NA	NA
NA	NA	NA	NA	NA	NA	NA	NA	NA	NA	NA	NA	NA	NA	NA	NA	NA	NA	NA	NA	NA	NA	NA	NA	NA	NA	NA	NA	NA	NA	NA	NA	NA	NA	NA	NA	NA	NA	NA	NA
NA	0.54365083170559	NA	NA	NA	0.553237963391694	NA	0.292678269685267	0.542905052586376	0.548944742454866	0.127667480283298	NA	NA	0.555373732753968	0.514339681472111	0.588710969597091	NA	NA	0.542911272755871	0.443520114926855	NA	NA	0.562330916991967	0.546543964680413	0.524786702407034	1.17544338166303	0.885252389511687	1.16644940935676	NA	1.35005346539081	1.05827888233617	0.826455839222853	0.933525330053625	0.766131424974602	0.841443288711706	0.668183359087533	0.985270662422993	0.791066071000013	NA	NA
1.5707575557283	1.67706637218469	1.01921895151583	0.44978531482322	0.831104539502766	1.20000565535934	1.44063964078248	0.950465829020417	0.808928507455499	0.422147630247012	0.676731925587689	0.748701626703213	0.191205339580564	0.35866300748783	0.909391433658475	0.527431253628124	0.300929982695426	NA	0.377480062473521	0.417505720151422	0.176524109555282	0.433891163463483	0.776437748663098	0.74799247956877	0.606143465272833	0.63222872966406	0.543481996588601	0.674121553443912	0.516589873008035	0.827600585361252	1.41896333459	1.27690423339393	1.25224221184664	1.21118377172396	1.30121671530194	1.1755088550228	1.42700527129284	1.74623558996239	1.77033947541476	1.90696617493698
NA	0.924542265347153	0.859557228427847	1.69432872502132	1.52073812927367	0.649396062631138	0.522338151830297	0.832623409692662	0.953671030378937	1.83385372512856	1.11788851565676	0.71391365330508	1.13044506638215	0.624202676929006	1.00019685099763	0.748553498256995	0.451272514531255	NA	0.534351761919858	0.355463582248196	NA	0.925172351321781	1.36274588245277	1.29942872056331	0.99861826645321	0.839953393627722	0.314186287183688	1.34301886896764	0.423053338187477	1.07722888173634	0.686070835799517	0.546404298769423	0.854762664939515	0.80998233559804	1.41113172815105	0.835399752428068	1.01988762540627	0.850273104083177	0.687348455507503	1.1813360538649
0.283179908561726	NA	1.12136339813164	0.782882742290507	NA	0.656829595426355	0.593853121431525	1.14131923355263	0.794457589324557	0.706594933781998	0.241593384186005	0.407104374823427	0.4496998690807	0.862870064020655	0.417564344878627	1.06025560183399	0.958421750026	NA	1.15002498600115	0.364815152002801	1.21012205609783	0.687906626260962	0.481572172274569	1.00141367657013	NA	0.296266910516211	0.497439919038965	0.717354300539483	NA	0.78221764334435	0.284507287773894	0.838257198555449	0.413210017059734	NA	0.525278261005173	NA	0.753413887489448	1.99596145970045	NA	1.89566305316808
0.729506226045738	1.11268542410264	1.05251525397423	0.739653718706919	0.936480434230987	0.854219570082191	0.811921485226098	1.03292508019642	1.67623338660653	1.01329437549199	0.63724759078281	0.617128693858956	0.425928339123248	0.450906346078149	0.44434830648226	0.359859983873968	0.144822329350598	NA	0.270293244419487	0.668142532288673	2.5082891331815	0.711862429488389	0.384615636991292	0.613963061217384	NA	1.54659124807593	NA	2.5218110680522	1.51928626497657	2.24143378748958	NA	NA	NA	NA	NA	NA	NA	NA	NA	NA
0.353308975455263	NA	NA	1.02850198231813	0.776717258487824	NA	NA	NA	0.746625186827299	NA	1.11233385884173	1.18047576120774	0.683188283233909	NA	NA	0.217773408169149	0.303840719737166	NA	0.661327976277655	0.650207890320325	2.7420382566371	0.62233852210725	0.491104527889601	0.695039713169509	0.829801755197948	0.546797090435125	0.426929823552563	0.382705074899796	0.665754938448069	0.408450571597849	0.69126579073707	0.442278150042017	0.628446566771858	0.266140723203726	NA	0.711085607334995	0.568963558159605	NA	0.718106364466581	0.595057631208645
NA	NA	NA	NA	NA	1.60417907351133	NA	NA	NA	NA	NA	NA	NA	NA	NA	NA	NA	NA	0.729966784214759	NA	NA	NA	NA	NA	NA	1.01563546667798	1.31233598331697	NA	NA	NA	1.05070157274552	1.15608685331874	NA	NA	NA	NA	1.05304306220286	NA	NA	NA
NA	NA	NA	NA	NA	NA	NA	NA	NA	NA	NA	NA	NA	NA	NA	NA	NA	NA	NA	NA	NA	NA	NA	NA	NA	NA	NA	NA	NA	NA	NA	NA	NA	NA	NA	NA	NA	NA	NA	NA
NA	NA	NA	NA	NA	NA	NA	NA	NA	NA	NA	NA	NA	NA	NA	NA	NA	NA	NA	NA	NA	NA	NA	NA	NA	NA	NA	NA	NA	NA	NA	NA	NA	NA	NA	NA	NA	NA	NA	NA
NA	NA	NA	NA	NA	NA	NA	NA	NA	NA	NA	NA	NA	NA	NA	NA	NA	NA	NA	NA	NA	NA	NA	NA	NA	NA	NA	NA	NA	NA	NA	NA	NA	NA	NA	NA	NA	NA	NA	NA
0.813935836865604	0.4946183253069	NA	0.665883992183661	1.40030157429542	0.536456063390532	1.49403409341721	NA	1.11945900503906	NA	3.78055121837838	0.599405264674494	0.446056553345749	2.27587178472214	0.230642315957501	0.267088512787881	1.66204859509847	NA	0.307006893861189	NA	1.08279495418027	NA	1.0514028862487	NA	NA	0.851849987298447	0.543519183376196	2.45322670129403	1.80604854247463	2.57445949399518	0.579507609992358	1.05629082828958	NA	NA	NA	NA	0.991741381872693	1.17237633333551	2.65757933647503	1.9761255385812
NA	NA	0.588943753584831	0.419475677736353	0.358228588665913	0.411361499357018	0.787604708391368	0.812821348020184	1.49174131638834	NA	0.469933272275399	NA	NA	NA	0.461977098113475	0.623925227259038	0.56038244383619	NA	NA	NA	NA	0.605279208229258	0.595343335008023	0.721622883301879	0.685988895379909	0.519287864877037	NA	NA	NA	1.41900308282378	1.09585810631781	0.766834181126253	1.0620612919607	NA	NA	NA	1.49643851353229	NA	NA	NA
1.90986423975064	1.23314311585571	1.2921812554397	0.977550491356256	1.36253555469408	1.95523204967681	NA	1.17621779965854	1.20335201960613	NA	NA	0.741656368350915	0.593558752261788	0.596522226024993	0.678081974018798	NA	0.635765355482457	NA	NA	1.33656211227379	NA	0.680033396245251	1.21877423208342	0.93365159675243	0.706146577068993	NA	NA	1.17788947218031	1.34160291913586	1.03890112038552	1.38224096124224	1.22527805632363	1.26585775208916	1.41092403062439	1.63595849017177	1.27844902549713	1.48841388264292	NA	1.38172646483011	2.03488016279916
NA	2.27084349136095	NA	NA	1.74350322349268	0.698756952369552	0.68375477538892	NA	NA	1.2200685089372	0.796806508699837	0.817560715582098	0.779392181010907	0.351099788684048	1.34134158901121	NA	0.169271992073737	NA	0.902457645874092	NA	0.960247623633734	0.624954727510283	0.674273987169049	0.358639046084656	0.32269838358526	0.261408173445963	NA	0.446396715261156	0.368087087342308	NA	NA	0.959275259725615	0.649774838836439	1.06799946283878	0.545533996829284	NA	0.237736329674461	0.877952023693441	0.201383306893934	0.582370513072878
0.781854648618845	1.1412074215819	1.39502544991868	0.836029745303405	1.20929744367043	1.22088966648711	1.64266184246051	NA	0.566172751065576	1.09718633657442	1.41514907889249	1.74773956937804	0.688136488515779	1.502610434444	0.597947321658355	0.562765390230754	0.728177161201909	NA	0.137581392841612	0.539785609228572	0.534032917480813	0.620964194852898	0.204101255413125	0.782283920675297	1.4232162614862	1.63808685261019	0.486597596503703	0.331748780223004	0.939612787714715	0.929217941085373	0.584887194541328	1.23204551073704	0.679836027285526	1.01641035518441	0.342176827160598	0.327488632276422	0.403833055254761	1.44950683642854	0.653568328283422	0.585192800618571
NA	NA	NA	NA	NA	NA	NA	NA	NA	NA	NA	NA	NA	NA	NA	NA	NA	NA	NA	NA	NA	NA	NA	NA	NA	NA	NA	NA	NA	NA	NA	NA	NA	NA	NA	NA	NA	NA	NA	NA
0.913293147574282	0.416925788082947	0.371243863287216	NA	1.93754766932173	NA	1.29872787623328	0.719860368507754	0.35644448585854	NA	0.781889136622305	0.938558559612509	1.32196898622127	0.62983215137573	0.296893983431171	0.581353587516203	0.439806685352871	NA	0.195113420130806	0.403642599677922	NA	0.326059253262324	NA	0.300750901837163	NA	1.05235563351668	0.980179915159455	0.949262755218673	1.05653356533668	0.845729761204265	0.902543016631174	NA	1.35434910319044	0.802108113908923	0.951544024513792	1.63009493859942	1.3016377610703	NA	NA	0.627910947100761
NA	NA	NA	NA	NA	NA	NA	NA	NA	NA	NA	NA	NA	NA	NA	NA	NA	NA	NA	NA	NA	NA	NA	NA	NA	NA	NA	NA	NA	NA	NA	NA	NA	NA	NA	NA	NA	NA	NA	NA
NA	0.417998385656578	0.469239625962601	0.358408831920224	0.951325983363625	NA	0.39974775541324	0.875924022838516	0.562983551681073	0.536303007109918	1.54258838250873	0.905953529983302	0.204147681346452	1.03730896810522	NA	NA	0.770033491489311	NA	0.592010898336567	0.550394998394648	0.277705213273349	0.733373849612011	0.357967827202742	0.349502972485241	0.344577386551069	NA	NA	0.32426662517754	0.515798932566229	0.414485234913686	0.373994558603097	0.454767038215344	0.701264084904811	0.332340010665047	0.62537417808128	0.614819152121118	0.445908749473376	0.502140213337766	0.107302854900044	0.225584298093422
NA	NA	NA	NA	NA	NA	NA	NA	NA	NA	NA	NA	NA	NA	NA	NA	NA	NA	NA	NA	NA	NA	NA	NA	NA	NA	NA	NA	NA	NA	NA	NA	NA	NA	NA	NA	NA	NA	NA	NA
NA	NA	NA	NA	NA	NA	NA	NA	NA	NA	NA	NA	NA	NA	NA	NA	NA	NA	NA	NA	NA	NA	NA	NA	NA	NA	NA	NA	NA	NA	NA	NA	NA	NA	NA	NA	NA	NA	NA	NA
NA	NA	NA	NA	NA	NA	NA	NA	NA	NA	NA	NA	NA	NA	NA	NA	NA	NA	NA	NA	NA	NA	NA	NA	NA	NA	NA	NA	NA	NA	NA	NA	NA	NA	NA	NA	NA	NA	NA	NA
0.877117734193676	NA	NA	NA	0.96853403752791	NA	0.696934304106451	0.847263676113038	NA	0.862123013676014	NA	0.601761345667473	0.416517670361738	0.696378050134586	NA	0.0887260503972963	0.28597638351669	NA	0.178395522170339	0.274973424925806	NA	0.385162904270724	0.374898785277346	0.448945930670207	0.503892834802748	0.488555624604443	NA	0.796013912963684	0.78250607452469	0.205873382031847	0.420772746507615	0.647229816313967	0.592264147011839	0.772157870036812	NA	NA	2.33230460127405	NA	0.661713832482053	NA
NA	NA	NA	NA	NA	NA	NA	NA	NA	NA	NA	NA	NA	NA	NA	NA	NA	NA	NA	NA	NA	NA	NA	NA	NA	NA	NA	NA	NA	NA	NA	NA	NA	NA	NA	NA	NA	NA	NA	NA
0.48947916813276	NA	2.1309737647529	0.467938308035107	NA	NA	2.21614611617912	1.62793268741194	1.60843526100467	NA	1.19534240212074	0.678207380630779	1.34986558196969	1.51616792367869	NA	0.248433016364551	0.164167539709419	NA	0.360403370700587	NA	0.542210182084066	0.842399844297072	0.451689484913297	NA	1.08979681278785	1.06880016276314	NA	0.601898982317901	NA	NA	0.942241987522596	0.782470280864884	NA	1.48306133810792	NA	NA	1.90968876235743	NA	NA	0.602527815389507
NA	NA	NA	NA	NA	NA	NA	NA	NA	NA	NA	NA	NA	NA	NA	NA	NA	NA	NA	NA	NA	NA	NA	NA	NA	NA	NA	NA	NA	NA	NA	NA	NA	NA	NA	NA	NA	NA	NA	NA
NA	1.07506900154808	1.40002524063774	1.53080074534523	1.48024170479457	1.25891050389862	1.22297148964607	NA	NA	1.01536641207684	NA	0.409049652894538	0.53049562687663	NA	NA	0.34339398397308	0.214291202174997	NA	0.874490006913589	0.733166641382517	NA	0.552502787934041	0.637045568305851	NA	0.641256087920211	NA	0.964843680660633	NA	1.19602506605051	0.947123978050712	1.54970612554941	1.04577123456672	NA	NA	NA	NA	1.15795689145256	0.707658452762581	NA	0.849623346576631
0.741290347440093	1.00743002185463	0.934420416132575	0.885711295603966	0.533245855501138	NA	1.23140478757994	0.902127692593968	2.62779755065859	2.03478250727174	2.30650508008496	1.00693595173984	0.603029484448719	0.456289375759684	0.217303680231923	0.137681840347711	0.291563504696291	NA	0.487105997977299	0.844058287326442	1.2804356063463	0.643807240547004	0.840872367950578	0.626174832492406	0.70370004718953	0.683072066786841	0.886807917675784	1.58048558202148	0.611784717207036	0.777933500693939	0.742193203825784	0.916839231255642	2.32942430668695	1.83120948757527	2.10393824608217	0.878512610152014	1.70667012306053	1.76203338750817	2.19117172060415	1.03245498796467
0.491453995044314	0.965963201594108	1.13844900990854	0.746753600966941	0.966883942337842	1.13200412679105	1.28433107557593	0.897652960706897	1.03393732529021	NA	1.04987994403654	0.862166059442814	1.13694400816989	1.28926762230851	1.05509735394143	0.704908537985313	0.333253016422608	NA	0.117026296491152	0.17237680353149	0.341896224323006	0.450989799444376	0.751773355515201	0.804428084374666	0.770487053804	0.668989971176749	0.672598121293107	0.326344250707649	0.491992337237882	0.623198733037504	0.622940246014301	NA	0.524226940884431	0.454763690018676	NA	1.08652953566692	0.716855754219256	0.450183966688305	0.592069994950417	0.30146603175364
NA	NA	NA	NA	NA	NA	NA	NA	NA	NA	NA	NA	NA	NA	NA	NA	NA	NA	NA	NA	NA	NA	NA	NA	NA	NA	NA	NA	NA	NA	NA	NA	NA	NA	NA	NA	NA	NA	NA	NA
NA	1.19426743286332	1.73650979398295	NA	NA	NA	NA	NA	NA	NA	NA	NA	NA	NA	NA	0.539554795301663	0.873434983593069	NA	NA	NA	NA	NA	1.43974071239718	2.08637309470951	NA	1.49558118769298	1.13450780022933	2.06887744309654	NA	1.89600240899748	1.88613495640185	NA	NA	1.45402380226734	NA	NA	NA	NA	NA	0.741905146870429
0.913701296303035	1.04734708899652	1.1053598054543	0.99748148759356	1.33921500806728	1.20172421088825	1.52905933558253	1.07107436880602	NA	1.46617328490803	1.34164800765625	0.698781963165348	NA	0.45285915593085	NA	0.566482122305686	0.368051893552279	NA	0.151555343811475	NA	NA	0.364538857547205	0.652749927257051	NA	NA	0.417735359673217	NA	0.39725492668305	0.210709747892667	0.372491486988188	0.230464570597657	0.796906543779658	0.0671639841585113	0.510370537347452	NA	0.462893151037964	0.52130778481167	0.424869984067771	0.794408228657552	1.46287335013662
NA	NA	NA	NA	NA	NA	NA	NA	NA	NA	NA	NA	NA	NA	NA	NA	NA	NA	NA	NA	NA	NA	NA	NA	NA	NA	NA	NA	NA	NA	NA	NA	NA	NA	NA	NA	NA	NA	NA	NA
0.28262591731982	0.643002383209159	NA	NA	NA	NA	0.275697197604609	0.394937035755942	NA	NA	0.175522036875833	0.455021232369937	NA	0.264670418933094	0.352718272702927	0.19566766497455	NA	NA	0.480838881897875	0.475738177424011	NA	0.730646037181332	0.182415267243078	NA	0.311621855290404	NA	0.422642193525853	0.792009891333799	NA	1.16869327873129	NA	1.0693325799753	NA	0.578498169174787	NA	0.979758728382783	0.994945416912837	0.766858988769931	NA	1.2605746043629
0.956361616275899	0.65127375718321	0.395104835162735	0.24271848347526	0.640600701972553	NA	0.769066510098135	0.428438423827518	NA	0.482961607007762	NA	1.3812281228262	0.942438979852897	NA	NA	NA	NA	NA	NA	1.07191065728721	NA	NA	NA	NA	1.42930153226863	1.26947275322075	NA	NA	NA	1.22364463540672	1.1073946482771	1.15754797047498	1.05729972832307	NA	NA	NA	1.00985507402961	NA	1.1381743039961	NA
NA	NA	NA	NA	NA	NA	NA	NA	NA	NA	NA	NA	NA	NA	NA	NA	NA	NA	NA	NA	NA	NA	NA	NA	NA	NA	NA	NA	NA	NA	NA	NA	NA	NA	NA	NA	NA	NA	NA	NA
NA	NA	0.627757373005125	0.504746979681088	1.85963138755382	1.14286609523062	0.39866808061945	0.480154633960336	NA	0.331441045308239	0.227235256845674	NA	0.355654649733638	NA	NA	NA	0.487825897712144	NA	NA	NA	NA	NA	1.75475238502169	NA	0.418756456805008	0.246628356939462	NA	0.551098646077061	NA	NA	NA	0.547505296467522	0.882442965206199	NA	NA	NA	NA	NA	0.414690280293034	NA
NA	NA	NA	NA	NA	NA	NA	NA	NA	NA	NA	NA	NA	NA	NA	NA	NA	NA	NA	NA	NA	NA	NA	NA	NA	NA	NA	NA	NA	NA	NA	NA	NA	NA	NA	NA	NA	NA	NA	NA
NA	NA	NA	NA	NA	NA	NA	NA	NA	NA	NA	NA	NA	NA	NA	NA	NA	NA	NA	NA	NA	NA	NA	NA	NA	NA	NA	NA	NA	NA	NA	NA	NA	NA	NA	NA	NA	NA	NA	NA
NA	0.887038426884784	0.948407908122037	NA	NA	NA	NA	NA	NA	NA	NA	0.780299295358594	NA	NA	NA	NA	NA	NA	0.749738011826571	1.01763604908994	NA	NA	NA	NA	NA	0.546180000016757	0.452421297631745	NA	0.886681588448754	1.23831518989668	NA	0.793449589330312	NA	NA	0.783917934310104	NA	NA	0.710482977356231	NA	NA
0.811553625995141	0.865601976702216	1.29997306549909	0.974796510331268	0.98677088177946	0.413253763570908	0.893046647945872	0.563483344524515	0.659931989265116	0.811294185047697	0.890683908309181	0.286724277725517	1.03834162816084	0.546605622319755	1.29485318869611	1.62089113051236	0.546641712029522	NA	0.239079315438198	0.818334574513747	0.793739801208878	0.560097102971391	0.503894397591112	0.729801670997054	0.474968183996732	0.356586665237981	0.278404641159662	0.276268903485118	0.315126469942244	0.787628577348334	0.631482509102353	0.867781882056038	0.491048756047832	0.694433426205764	0.327091523252068	0.624756608574591	NA	1.08266554873017	0.957301218391653	1.17051177265505
0.703691162580977	1.63062358537254	0.78688250662391	0.343110158448141	0.342725582008447	1.10644963998013	0.642198713624899	1.2850180753994	0.877752980438381	0.720961657753041	0.831233124127577	0.553939444391006	NA	0.625834705470012	0.575695279966483	0.913346142056878	0.371765964450927	NA	0.910647908238427	0.610511912178751	NA	0.989473042140575	NA	0.821859234838829	2.02761267684403	0.719662180194887	0.497028159769724	0.129635501846573	0.395461345086969	0.498432101481152	NA	0.978816950364096	0.221667231977175	1.24870515811214	NA	1.24822564143631	0.976950883343222	NA	1.06207193953288	NA
NA	NA	NA	NA	NA	NA	NA	NA	NA	NA	NA	NA	NA	NA	NA	NA	NA	NA	NA	NA	NA	NA	NA	NA	NA	NA	NA	NA	NA	NA	NA	NA	NA	NA	NA	NA	NA	NA	NA	NA
NA	NA	NA	NA	NA	NA	NA	NA	NA	NA	NA	NA	NA	NA	NA	NA	NA	NA	NA	NA	NA	NA	NA	NA	NA	NA	NA	NA	NA	NA	NA	NA	NA	NA	NA	NA	NA	NA	NA	NA
NA	NA	NA	NA	NA	NA	NA	NA	NA	NA	NA	NA	1.09469638748937	NA	NA	NA	NA	NA	0.45492760301821	NA	NA	0.527762725551809	0.772161344400809	0.475916743876602	0.528268302867829	NA	0.83399172857372	0.553557905420686	1.22695810723301	0.877970480267464	1.0423913131481	0.651324535846891	0.794092610609021	0.447314809673536	0.402054374528069	NA	0.81057118966364	1.26297422166776	0.664128193003763	1.55889707310775
0.538266767398663	0.372539480883686	0.598186732856198	NA	0.974512290874097	1.64170766753639	0.59058046902178	0.453220121248158	0.540859506605481	0.564435250593045	0.292396019228524	0.392101164219702	0.260282727474475	0.445329319964964	0.293414852176288	0.602326108841477	0.184405992726523	NA	0.342221575756049	NA	0.472749378750188	0.524439143042613	0.586168101008362	0.425574651761387	0.390492224733939	0.5628822201625	0.70769772006947	NA	0.544361637183394	0.590949268951697	0.750284478294642	1.45707328231522	0.918433325650275	0.84467258886575	0.568930240280758	0.616715237387115	0.777316320239338	0.621802421504941	0.558686531537156	NA
0.265386904658319	NA	0.935230978730407	0.89479842586976	0.739956532370401	0.628411207151149	0.64837216224004	1.05766789417304	0.908772494977668	1.00468491911895	NA	0.397566296228186	0.587379096831591	0.400201648980042	0.503023206334963	0.235305831855179	0.246183119005863	NA	0.324134963928442	0.276926217326121	0.536881214886269	0.477312528828636	0.483824551468794	0.426562649223753	0.536040500169379	0.902305279999094	0.380473299718357	0.48546712894133	0.332648739209797	0.792779740328431	0.531140600038378	0.582049349742982	0.552533190526585	0.309243040142069	1.52280008265122	NA	1.11943286610213	1.11037024646616	1.22953977166855	1.28483237280105
1.0304920933935	NA	NA	0.830284658233278	NA	1.10967790788561	1.2623924785709	1.12910000965814	1.2769539488443	1.04529625929774	NA	NA	2.39111991458119	1.07921734765614	NA	0.529832195067868	0.591887978258824	NA	NA	0.616541355025581	0.563237107542591	0.638510211207942	0.873111767435659	NA	0.456270392757695	NA	NA	NA	NA	NA	NA	NA	NA	NA	NA	NA	NA	NA	NA	NA
0.417353376157174	0.503537162820908	0.768082232192361	0.82200088035826	0.821545444166752	0.720485121513236	0.83379756718602	0.755826446560495	0.948628519901265	1.16014096842957	1.21495443943165	1.23080791513835	0.944807303517332	0.822444858553632	0.68773690881481	0.414693348936009	1.03957093031796	NA	0.716096193782284	0.362040001344514	NA	0.424962979289329	0.431357112597733	0.353157282717948	0.345727290047458	0.541377712177085	0.273838464263862	0.237199496433444	0.636318630917569	NA	0.314541928052629	0.223536055061616	0.863871031938643	0.279915713587021	0.513046214807117	0.879229289448398	0.751695681332586	0.667138869953709	NA	NA
0.407876228903425	0.552666287945801	0.983143403702198	0.765252351593563	NA	NA	0.530869048254962	NA	0.788892253578715	0.498120369578537	NA	0.625404073123766	1.51267458464842	1.40747383119545	NA	0.673526616369437	NA	NA	NA	NA	NA	1.71673123620811	NA	NA	NA	NA	1.03899086864831	NA	NA	NA	NA	NA	NA	NA	NA	NA	NA	NA	NA	NA
0.463172655138306	0.578146660575659	0.413424349449045	0.559009195812001	NA	0.453919829043499	NA	0.790506538729719	1.27956860749426	NA	0.0941941678033723	0.564525857277494	0.95566180051288	0.452367548027584	0.648564086941214	NA	NA	NA	0.816173045828717	NA	0.186782611149619	1.49248307136055	0.738466118387287	0.398291491848757	0.545504752867062	0.482258339892467	1.623730968193	1.20575103166745	0.4309002888036	0.327051997078479	0.975866626668041	0.27597042828301	NA	0.691534230465383	NA	NA	0.975349330804235	NA	0.726120422203054	0.60925070947606
1.61518618559451	NA	NA	NA	0.838159641844796	1.12518747610978	0.824229448729367	NA	NA	1.51496980493511	NA	0.603766327555755	NA	0.358206691852648	0.212889690991417	0.211630594586292	0.636338683854765	NA	NA	NA	NA	NA	NA	0.569154496690966	0.394449749918048	NA	0.647349350327789	1.95491731286642	2.13804440978318	2.24306345650194	NA	NA	NA	NA	NA	NA	NA	NA	NA	NA
0.908922312205211	1.117160782884	1.00073742240965	1.3642709376306	0.9717451149064	0.732532488797631	0.662626411099336	1.7827106537987	0.733082583325688	0.783355025103456	0.5443527173233	0.250909779961013	1.19096056196098	0.95820654754302	1.08129565339705	0.688365772480782	0.61752765356089	NA	1.13829699807878	0.898224174298074	1.20765608348419	0.759787904789067	0.765696507072892	0.35795204485999	1.1277636561593	0.630868528914586	1.24278105813115	0.98977539826348	1.09728834944247	0.48775352669879	1.04199646552764	0.472410656708676	0.46750445822793	0.331292069453418	1.98705161519433	0.97216878388938	1.26845357513553	1.56032185514598	0.451146904729415	0.758760957473763
0.808923516400417	0.251147057799815	0.606298735003401	0.696831826905405	0.831594961713343	0.481129503964405	0.605596674019538	0.495126333745963	0.792834650645716	0.427886761370184	0.500185029196487	0.272439761520435	0.0942635127765327	0.724373884811463	0.185905568878554	0.813564173680563	0.268078226068569	NA	0.399818673593766	1.08972617019649	2.09926541538662	0.951137158517526	NA	NA	0.164029014071338	1.15364530121526	0.727353704970428	0.546775949247983	0.840382557282653	0.525267754212409	1.12635239749323	0.651830214601186	0.978993689346028	1.04909363395389	0.89637159636517	0.731766411741631	0.564800361502352	0.847456643314505	0.723216055739879	1.15579757353981
0.298641482970685	0.615101812005422	0.308485013216284	0.0729249048314549	0.514158709247839	NA	0.209085925236437	0.366874233982143	0.761943059506371	NA	0.411930221625785	0.375229306674119	0.357450552172404	NA	0.363608148793423	0.639719110735279	0.446770771147637	NA	0.36565216429802	0.511865386814358	0.281383814264505	NA	0.545547618925933	0.625474422473631	0.398582674420865	0.497392702949342	0.237350056736131	0.238127277923	0.349745908858898	0.244045616995767	0.192540149508026	0.190142873792159	0.274876552048718	0.387246676385534	0.323360964367186	1.0033591990064	0.242574923907952	0.779368496332315	0.73447839067054	NA
NA	NA	NA	NA	NA	NA	NA	NA	NA	NA	NA	NA	NA	NA	NA	NA	NA	NA	NA	NA	NA	NA	NA	NA	NA	NA	NA	NA	NA	NA	NA	NA	NA	NA	NA	NA	NA	NA	NA	NA
0.563799946237199	NA	1.29222118760722	0.763414976717319	NA	0.834883972252058	0.811797174137479	NA	1.21710724304906	1.23970289041114	0.556975500236685	0.799856867727486	0.328193352234349	0.62915082634754	0.512445656066119	0.605658452353067	0.280349522071789	NA	0.494156090821986	0.356363833642493	0.598042570194505	0.524899358975308	0.148145897939305	0.547808958291466	0.485872115938559	0.813168693509405	0.506346460925257	NA	0.93726507959474	0.96627937090192	0.88795954290974	1.50345450043947	0.719514587631876	0.749824884645799	1.82626635848102	0.820554258087674	NA	1.47918730352129	1.03233606523245	1.56401728998901
0.531736628396251	0.216281171877081	0.419935506536914	0.548993102795737	0.652183750394016	0.526168326974433	0.25659819473469	0.377729377216212	0.549399557778488	NA	0.599856458300227	NA	0.531403235252515	0.411798897430125	0.256330098883761	0.46658008348251	0.645016483171108	NA	NA	NA	0.402183492784598	0.60795436307016	NA	2.15337430671881	0.776877926531493	1.6368548693611	0.966144865965671	1.067615795683	0.931123236612465	NA	0.93125401600939	0.969317848062808	1.47187748013278	0.867562625201143	0.791557059291936	1.32355697611587	1.43611081876034	0.842924010412994	0.659385839651052	1.29212757992708
0.722213180639252	0.749710968798514	0.668023329734689	1.32736376481327	1.12887196789086	0.986688883192557	1.30491829315837	1.22492520487019	NA	0.300995575959382	NA	0.266793881251274	0.333027615803545	0.647353140120022	NA	NA	0.473951736369223	NA	0.321315428278669	0.44135696564678	1.70116430911179	0.455873790208463	0.43760659290362	0.527328534393303	0.38931100845311	0.472830934460317	0.625591578551127	NA	0.751177709631618	NA	0.656783204878925	0.778241006483259	0.625790292794498	1.02082792511027	0.473431525069333	0.767535690523416	0.914889881979116	NA	0.795741388190846	0.811487370732652
NA	0.68867357668874	0.528441960178377	0.709870990724243	0.927372469995809	NA	0.818567044893657	0.747433482880242	1.57817004577164	0.732582819960659	NA	1.56509702745833	1.59351953464873	NA	NA	0.287000163261973	0.401074374812654	NA	NA	NA	0.935694381568967	NA	NA	1.70506946001676	1.74400854565361	NA	NA	NA	0.289062488698665	NA	0.791281088354768	1.05968743490243	1.11528178788053	NA	0.680550781960836	0.408470772425375	0.606034497768969	0.573490118256639	0.488883703076258	0.801197243487225
NA	NA	NA	NA	NA	NA	NA	NA	NA	NA	NA	NA	NA	NA	NA	NA	NA	NA	NA	NA	NA	NA	NA	NA	NA	NA	NA	NA	NA	NA	NA	NA	NA	NA	NA	NA	NA	NA	NA	NA
0.429579543144297	0.715045723179996	0.56584285822089	0.709162455632736	0.583753108715503	0.695669350610229	0.908591199498539	0.887999924501885	0.631267459701378	0.437861526690509	0.584739521859324	0.392607383581641	0.321218434417149	0.389204808516309	0.489328754001171	0.238282888028828	0.178756691166741	NA	0.589457038515418	0.897074155146881	0.412187381330468	0.779814884191968	0.813816745221684	NA	0.996165846725846	0.684676073529296	0.484308274032892	0.290067033583684	0.462799884586052	0.17174625059271	0.747019090130274	0.38502514054756	NA	1.0532886381179	0.828029517357972	0.145478448709172	0.943478788151892	NA	NA	0.861732137272144
NA	0.625118193813787	NA	NA	0.694903373927763	NA	2.32200142001416	NA	NA	NA	NA	0.431302231781142	0.553242820868374	0.203131975207975	0.610549774505791	0.372942370514389	0.333447130283271	NA	NA	NA	NA	NA	NA	NA	NA	0.525935146374602	NA	NA	NA	NA	0.922589583976039	1.66481583985256	NA	NA	NA	1.34813304412396	NA	NA	NA	NA
0.485882845294553	0.649412403991689	0.808624887874856	0.276449081476832	NA	0.535012120721858	0.615376844193194	NA	0.729862431602393	0.881161236985429	0.402193754904294	0.388364704937772	0.859759109794259	0.670436203028043	0.349009391569286	0.297381753458157	NA	NA	1.49803507192367	NA	NA	NA	NA	NA	NA	NA	1.58790053074311	NA	NA	NA	NA	NA	NA	NA	NA	NA	NA	NA	NA	NA
NA	NA	NA	NA	2.02343804983626	0.656480198083253	2.23848456992356	NA	0.792833406388297	1.31077884478264	2.43477859851946	NA	NA	NA	NA	NA	0.387411413384114	NA	0.470742184945563	0.366974369755083	NA	2.36388167707794	0.342645440504891	0.478203170528358	NA	NA	1.56641496846801	2.05394490787228	1.419019782531	1.63953716898193	2.18427420874583	NA	1.7907651212734	NA	1.82092964883262	NA	1.85267240296109	2.23288033071881	2.27839570212152	2.07173593629842
NA	NA	NA	NA	NA	NA	NA	NA	NA	NA	NA	NA	NA	NA	NA	NA	NA	NA	NA	NA	NA	NA	NA	NA	NA	NA	NA	NA	NA	NA	NA	NA	NA	NA	NA	NA	NA	NA	NA	NA
0.903358762972822	0.929697933190752	1.04037430651023	0.633855067974412	0.895789082458151	NA	NA	0.785502870032899	NA	NA	NA	0.401704791694484	0.443986885718943	0.359847722663276	0.442629598412321	0.31391933902249	0.18714353104741	NA	0.504914518660911	0.0889240730692813	NA	0.551588489268045	1.90116959897676	NA	0.660016663363277	NA	NA	0.786662299807538	0.776120073969221	NA	2.29855646545055	NA	NA	2.21374053754895	NA	NA	NA	NA	NA	NA
NA	NA	NA	NA	NA	NA	NA	NA	NA	NA	NA	NA	NA	NA	NA	NA	NA	NA	NA	NA	NA	NA	NA	NA	NA	NA	NA	NA	NA	NA	NA	NA	NA	NA	NA	NA	NA	NA	NA	NA
1.45448523713017	1.61427283828831	0.60823777031293	1.72431300298326	1.93604243273902	0.611549077232617	0.553944847364131	0.361017182259698	NA	0.439345349089835	0.365463924971213	0.598639803796527	0.357074177247899	1.83103666236194	1.45638816245004	1.82590658318008	0.731428517145709	NA	1.12066409119318	0.540738094303428	1.75145397628623	0.91013135827559	1.12138100564868	0.993549170177167	0.696450648268626	1.12164230484826	0.907946624899171	1.13278833702391	0.715312278889123	0.392077829177919	0.795136664806523	0.526921522608358	0.75902372543175	1.72487269249248	1.46583266612366	0.866836211904112	0.195565774938534	0.220187092377869	0.421425174524872	NA
NA	NA	NA	NA	NA	NA	NA	NA	NA	NA	NA	NA	NA	NA	NA	NA	NA	NA	NA	NA	NA	NA	NA	NA	NA	NA	NA	NA	NA	NA	NA	NA	NA	NA	NA	NA	NA	NA	NA	NA
NA	NA	NA	NA	NA	NA	NA	NA	NA	NA	NA	NA	NA	NA	NA	NA	NA	NA	NA	NA	NA	NA	NA	NA	NA	NA	NA	NA	NA	NA	NA	NA	NA	NA	NA	NA	NA	NA	NA	NA
NA	NA	NA	NA	NA	NA	NA	NA	NA	NA	NA	NA	NA	NA	NA	NA	NA	NA	NA	NA	NA	NA	NA	NA	NA	NA	NA	NA	NA	NA	NA	NA	NA	NA	NA	NA	NA	NA	NA	NA
NA	0.666353583670286	0.941875888657274	0.765079335344653	NA	NA	0.756431338069067	NA	0.441617666888184	0.686880553864886	0.683112016147444	NA	0.0892299747686747	0.58592401334645	0.498160935005076	0.463146651923225	NA	NA	0.295189161364329	0.760372303909439	0.596890035578159	0.423106966684609	0.800228622090729	NA	0.502490456593172	0.778459141800024	0.594429099832927	0.789352185921201	1.17593618562435	0.738399197524023	0.612874354819099	0.594678739148976	NA	NA	0.640806204480406	0.305042585972055	0.513013239168608	NA	0.502240228212369	0.472119222226568
0.470792317112338	NA	NA	0.500948166554904	NA	0.410592548017801	0.449003143460249	1.69841581877122	0.42147157836514	0.4645968351009	0.177051939964966	NA	NA	0.43344206879541	0.659955627174306	0.307861661320811	0.471615676278263	NA	NA	NA	NA	NA	NA	0.355699883181116	0.493444404024253	0.498098939091517	NA	NA	1.11225854470198	0.316447315259905	0.435340812721873	NA	0.305236304793605	NA	NA	0.63796702929147	0.36706203508613	0.37409360587693	0.28090976164836	0.871327564130404
0.605486199085002	0.623680075072737	0.525943865168987	0.648993796071229	0.598894373965008	0.322515896275408	0.604014724560796	NA	0.295331976835943	0.268188375319008	0.304551653690969	0.131473737334399	1.10977040983681	0.388405033385449	NA	0.560900654522642	0.347961622535988	NA	0.182361200647756	0.217418418799801	0.479588782294939	0.386999520401784	0.135170079667035	0.174560943851242	NA	2.11139660165818	0.888556044243501	2.37686665021439	NA	1.84064797924492	NA	1.77122186578974	1.74972633291909	2.15754427666659	2.26674939731326	2.01168686697203	2.21130262116592	2.26165457776919	NA	NA
NA	NA	NA	NA	NA	NA	NA	NA	NA	NA	NA	NA	NA	NA	NA	NA	NA	NA	NA	NA	NA	NA	NA	NA	NA	NA	NA	NA	NA	NA	NA	NA	NA	NA	NA	NA	NA	NA	NA	NA
0.625968779463338	0.377125400758658	0.681563658715465	0.619159660874144	1.1096086538307	0.642881473105851	0.840445377247149	0.261992214256192	0.481320214244621	0.953990768909975	NA	0.665567937171849	NA	NA	NA	NA	NA	NA	0.979742552087917	NA	NA	NA	NA	NA	NA	1.13717612829193	NA	NA	1.1533641278671	1.02398055789706	NA	NA	NA	1.52042712151928	NA	NA	NA	1.33376668562221	NA	1.11544182323922
NA	NA	1.35390959171328	1.46990856924948	1.29021267243295	1.60339315566428	1.39611293616386	1.53725696667349	NA	1.50913856625227	1.50087112994313	1.70190820037209	NA	1.87520615560132	NA	2.10646298746794	1.52184654325447	NA	0.736899086119544	1.71581117764405	NA	0.770443372244674	0.882307855422998	0.913183501550254	0.58061899024243	0.603551830597926	0.933081341022538	1.35433446770327	NA	0.811128315090882	0.659662791925472	0.840448715995332	1.49288078331092	NA	0.987311397964145	1.33981970037759	0.982949873099563	NA	1.39626854804015	NA
NA	NA	NA	NA	NA	NA	NA	NA	NA	NA	NA	NA	NA	NA	NA	NA	NA	NA	NA	NA	NA	NA	NA	NA	NA	NA	NA	NA	NA	NA	NA	NA	NA	NA	NA	NA	NA	NA	NA	NA
NA	NA	NA	NA	NA	NA	NA	NA	NA	NA	NA	NA	NA	NA	NA	NA	NA	NA	NA	NA	NA	NA	NA	NA	NA	NA	NA	NA	NA	NA	NA	NA	NA	NA	NA	NA	NA	NA	NA	NA
0.85444210435566	0.473642914267107	0.401580521200746	0.124826276010388	0.427511250384696	0.334653893986741	0.794338674152273	0.830001338153438	NA	0.732714219015232	NA	0.403630357332645	0.478773228075079	0.425125017102654	0.418416990071689	0.252644221905816	0.15937104981556	NA	0.510923560236881	NA	0.806922441113806	0.620152278104146	0.785397381926799	0.647600294365285	1.01640014692013	0.625300331952295	1.01797982428987	0.685842056965299	NA	0.886862666698256	0.978470724629496	1.4697558784057	NA	NA	NA	NA	NA	NA	NA	1.59168937434373
NA	NA	NA	NA	NA	NA	NA	NA	NA	NA	NA	NA	NA	NA	NA	NA	NA	NA	NA	NA	NA	NA	NA	NA	NA	NA	NA	NA	NA	NA	NA	NA	NA	NA	NA	NA	NA	NA	NA	NA
0.49588048123497	0.91047356978484	1.3757444396815	1.30279860901853	0.634588008586296	NA	0.778742486967862	1.11832762103972	1.45479158576597	NA	0.430757313714921	0.811508095587264	0.877146326086767	0.602269217527025	0.834046204816045	0.267485503259115	0.338413779811429	NA	0.587152002515362	NA	NA	0.906244630198622	0.619390725550761	0.6304692949138	0.608988820658784	NA	NA	0.241027212135961	0.168626263280253	0.25482325501654	0.732637041918247	0.656215190049499	0.174927620091065	0.41421502445355	0.219413820781503	1.06559913780914	1.53154221773158	0.405721372969594	1.20498137587167	1.57262882217753
0.368763877662555	0.411571003604456	NA	NA	NA	NA	0.787483599314257	NA	0.497207737875654	NA	0.263540952796666	NA	NA	NA	0.674981364796892	0.280481798762188	NA	NA	NA	1.00298946157251	NA	1.13425148510902	NA	NA	0.687119190153992	0.470239329240084	NA	0.44322301670303	NA	NA	1.83465715480098	1.59118739895256	NA	1.58497945867693	NA	NA	NA	1.30772358288321	0.462510573972074	0.302728462799393
0.860743748161953	1.68469353423999	0.689690776383211	1.20141371178214	NA	NA	1.26758558115554	NA	NA	1.7085654271492	1.86925103696223	1.47070035273644	NA	1.26446113376811	0.927704003353211	0.577519207186183	NA	NA	NA	1.55479991666425	NA	NA	NA	NA	NA	NA	NA	NA	NA	NA	NA	NA	NA	NA	NA	NA	NA	NA	NA	NA
1.82255749452758	1.82987899492109	1.58784861667018	1.94480771885331	1.70256700638128	NA	1.80308625276893	1.64398232137597	1.96630436966746	NA	1.80299009129924	NA	1.77040315643255	2.53387837111265	1.80658763037174	1.23599817113151	2.1506464617822	NA	2.37518058618947	1.78278338434479	2.30800401931669	2.30919927769855	2.39293300326748	1.12425254189063	2.0653353010382	2.1913675972472	2.30520735062505	1.831590850157	1.810178709687	1.89732816966359	2.45260922278069	2.17014843008645	NA	3.6576031848254	1.15814462543432	2.00182952568391	2.09229474637424	1.71065948776527	1.97873947521446	1.16706891017223
NA	NA	1.22352542191439	1.13940577919851	NA	NA	0.838738476665161	1.25761174225462	1.66327700621444	1.02039953154844	NA	0.597846435152126	0.742537280316714	0.806646629368518	0.682760765279434	NA	2.09248649097949	NA	0.835406269509919	NA	NA	0.935893047530579	NA	NA	NA	0.832989606168065	1.69746904839287	1.25686312730003	1.136301284389	1.4410546329466	NA	0.969110010886184	1.37696976996844	NA	NA	NA	NA	1.90473614027469	1.41364949803234	1.60130453655411
0.8596224337735	0.711423922398166	NA	0.602498240490125	NA	NA	NA	1.24775392041464	1.54748594759426	1.29847017293423	1.01607038247449	1.32903669751348	NA	NA	NA	NA	NA	NA	1.01015988000472	NA	1.98202600747559	0.787487099852669	1.64401641494732	NA	0.729997001457479	1.15628924862323	NA	NA	NA	NA	0.751695650482148	0.722980194312713	NA	3.05402017525189	0.914908882265667	1.52067609794905	1.83236310638076	2.27707551420989	1.72975189745814	NA
NA	NA	NA	NA	NA	NA	NA	NA	NA	NA	NA	NA	NA	NA	NA	NA	NA	NA	NA	NA	NA	NA	NA	NA	NA	NA	NA	NA	NA	NA	NA	NA	NA	NA	NA	NA	NA	NA	NA	NA
0.440179010565428	0.259041815109071	0.445850492003165	NA	NA	0.360402369921687	0.518902941828877	0.597122326448723	NA	0.376882488739184	0.232961071936612	0.107762007754902	NA	NA	NA	NA	NA	NA	0.208147049339804	NA	NA	NA	NA	0.63494783222118	0.537328733009999	NA	NA	NA	NA	1.01252429270587	NA	2.1207664841653	2.00046308656172	NA	NA	NA	2.09683679156089	1.90705795328184	NA	NA
0.726304769300551	0.913602827755631	1.32698798096301	1.08571559571585	0.940864165223369	0.916042343589204	0.755763578792675	1.25027171563411	1.47918725578102	1.63014581708257	1.66541105260808	1.30469120013925	1.06826162296473	1.14031613824777	1.27810258982935	2.04754142771206	0.635008204726321	NA	0.593198609164797	1.95927856593095	1.88817972080756	NA	0.478427632821011	0.788051259371118	NA	2.1853134773815	0.815675458887259	0.874998435541573	0.896786520946655	NA	0.913742691939949	NA	2.63400894412261	2.74448841839948	0.621369288184076	NA	0.560632738389487	1.17809086023575	NA	NA
NA	NA	NA	NA	NA	NA	NA	NA	NA	NA	NA	NA	NA	NA	NA	NA	NA	NA	NA	NA	NA	NA	NA	NA	NA	NA	NA	NA	NA	NA	NA	NA	NA	NA	NA	NA	NA	NA	NA	NA
0.702061273368496	0.916923931824186	0.751968320603698	NA	0.785340264258765	0.706668870035205	0.472714733206099	0.649306232748378	0.550151512327671	0.64035535445802	0.775842542893753	NA	0.658355248532751	0.760978657803008	0.572579364542909	0.444291693493041	NA	NA	0.381211814155612	NA	NA	NA	NA	NA	NA	0.603433645204781	NA	NA	0.79878513216794	0.522841095263149	NA	0.829760349833996	0.596234499844605	0.590775257729058	NA	0.740877194586075	NA	1.09342679173363	NA	0.970729068071658
1.34727102791926	1.25603528877415	1.40575497019243	0.412686067787809	0.284648404888511	0.7733095808061	1.13713967036743	0.740233354834783	1.11719935346153	0.523082191238685	0.385672634049745	0.753602752077841	0.668454166581516	0.571511846258983	0.449886533349301	0.358751078041864	NA	NA	0.651784810107234	0.395530843443836	0.392463639174406	1.04408704161239	0.879992273220433	1.59308682337173	1.67920076183259	1.19880814831421	NA	0.512161563809645	NA	0.50013752245126	0.976743960095635	NA	NA	0.996209079294113	0.43317325605057	0.790108916346568	NA	0.451368155743238	1.4319867639246	0.517260279846007
NA	NA	0.681052433611501	NA	NA	NA	NA	NA	NA	2.05121028449174	1.22299843315725	2.21895038105364	NA	2.41994091152872	2.11524994163064	0.300189349471212	NA	NA	2.08562039681716	2.20986935867991	NA	2.05411855992339	NA	NA	NA	NA	NA	1.03593887290305	2.4687082587464	1.83524606000904	NA	NA	1.2048115640495	1.36998774870343	2.19394674338532	NA	NA	2.21447231523387	NA	1.60958645827986
NA	1.1244905384784	2.08859492749786	2.12993118271279	1.47495537165747	NA	1.92289142392441	NA	NA	NA	NA	0.598250249438099	NA	2.34541743827185	3.27558339711146	NA	0.224488109083204	NA	2.04401548621556	1.60006964657399	1.98430724310583	NA	NA	1.35195516102613	NA	NA	0.867355302819394	NA	0.521361207350012	NA	1.50419217144472	1.40711260622088	NA	1.87945757761582	2.08601436446548	NA	NA	NA	1.49880081401125	2.03600833104536
NA	0.595028974927506	0.548106808164483	0.960677384634055	0.664966892963387	0.745462945605512	NA	0.669259731870585	NA	1.0551081149432	NA	0.636150586754118	0.449601287661014	0.727103932882422	0.653682233435586	0.546319326833388	0.230531065225325	NA	0.691120591755684	0.30167945647607	0.438770770512799	0.770041698430067	0.912037038150935	1.02825456400224	1.01531990590513	1.19670304828783	1.57543343471242	1.37973638467361	1.10308600593616	1.62908971151392	1.59813334768651	1.75210262832586	1.38061127805223	1.92296995549548	1.83502717198101	1.88563643976681	1.46113720198722	0.715838763670229	0.670667979807733	0.306407016296282
0.493019208016364	0.505859803015804	0.32334703807727	0.437536497781689	NA	0.668250507882982	0.174821246348267	0.392962610243198	0.598382107249718	NA	2.13658989550313	0.916723109799964	2.33785596050011	2.30033836685099	2.07424277837554	2.16544591558976	0.365523016446018	NA	1.43150159264858	0.480388088318151	0.902782039082095	NA	0.56870571762814	0.538229001461173	2.41175461379501	0.277295444845046	0.407150031560602	0.721463130002571	0.731032029652667	0.865025401410764	1.11454671749837	0.384611127243782	1.11682585280848	NA	0.653809592493934	0.849094025448798	2.2032535045016	NA	1.72055529928189	2.38399439824632
NA	NA	NA	NA	NA	NA	1.1398808796109	1.70338884720951	NA	NA	NA	0.864330534168296	0.498561982539621	NA	NA	NA	0.301608294619374	NA	0.902069503787175	0.837302553719187	NA	1.71903114946985	1.35472524225573	1.49971870703589	0.716908711821321	NA	NA	1.26297853927609	1.1395150122348	NA	NA	NA	NA	NA	NA	NA	NA	NA	1.06588439912343	NA
NA	NA	NA	NA	NA	NA	NA	NA	NA	NA	NA	NA	NA	NA	NA	NA	NA	NA	NA	NA	NA	NA	NA	NA	NA	NA	NA	NA	NA	NA	NA	NA	NA	NA	NA	NA	NA	NA	NA	NA
NA	NA	NA	NA	NA	NA	NA	NA	NA	NA	NA	NA	NA	NA	NA	NA	NA	NA	NA	NA	NA	NA	NA	NA	NA	NA	NA	NA	NA	NA	NA	NA	NA	NA	NA	NA	NA	NA	NA	NA
0.599102766556747	0.533745328123131	0.950467320580458	0.838860169768194	NA	1.52242364060376	1.04713818092479	0.750150679219607	NA	0.575744664850724	0.735783594938046	0.776919815962868	0.237737740335468	0.580135158034596	0.507148771003867	0.21050440165268	NA	NA	0.225298123780348	0.179065486688032	0.299258933741654	2.00578196037086	0.419436786209997	0.485719264993745	0.83950847637297	0.753051992617142	NA	1.18493715366934	0.357547622586256	NA	1.07580290779697	0.936122858070106	0.889804837722935	0.730567796999538	0.821695730448722	0.977358088574712	0.363322774258297	NA	NA	NA
2.23619736243416	2.69326381702723	0.637659760240749	0.814684992400497	0.917924516392626	1.30598483237424	0.897522412490816	0.502450887071102	0.538685406139225	0.602010167477239	0.601030361667513	0.833725851668989	0.751583320244967	1.60431401630555	NA	2.62215333630345	2.23132797041567	NA	1.0231028585631	1.1352820859602	2.45006291687204	1.8800632188965	1.7503546581289	1.63293237573787	NA	1.83931325536494	2.44419263488711	1.96069358276227	1.95741761138953	1.78298996079603	NA	NA	2.76749335183779	NA	2.74434490332593	NA	3.09790127969803	NA	NA	NA
NA	0.865660762852524	0.804906712206941	1.17344830583465	1.35582581006486	1.43396805251871	NA	0.757511424435744	0.390577711335175	NA	NA	0.419633696349263	0.309800908449525	0.397808181422314	NA	NA	0.181526449552999	NA	0.203173528974602	NA	NA	NA	0.750763651182885	NA	NA	0.838068361920996	NA	1.3680476954842	0.632791770848768	0.526224372803884	NA	NA	0.895372780406889	NA	NA	1.22675602647029	NA	0.626495910257624	0.732314915244614	NA
0.738780603451914	0.773276962587623	0.836543959503724	0.946263157426159	1.13131512340693	1.07399481263697	0.961002629255454	0.619282559124879	0.998028619480743	NA	1.03226844246843	0.653053365905299	NA	0.402469055199065	NA	0.258352868667788	0.520380599834674	NA	0.677424001637519	0.528153478790905	2.40356695287082	0.867831103269783	0.862832729719086	1.2051681318278	1.04330199868663	1.18949770421938	2.24011702107423	1.36205298620928	2.39699836858095	NA	1.74843623650872	NA	2.60289915428645	NA	NA	NA	NA	NA	NA	NA
NA	0.382451101862551	NA	NA	2.27774198703875	NA	0.364797904410879	NA	2.12198018896967	NA	NA	0.599911488424475	0.574180266730598	0.283382988906338	0.27268191838124	0.436777338914298	0.301802349123909	NA	NA	NA	NA	0.858997811296295	0.638591339870808	0.455720846963499	0.594078121256981	0.247560920744331	0.629612738325881	0.55909303562143	0.584187469926386	0.391921169481154	1.0017611311057	0.599495680762436	0.418218035260324	0.27436957455199	0.662554772692223	0.551021550617667	0.326723216128229	2.4648025623049	0.40683599769884	0.500492586712955
NA	0.570368730172005	0.549151514298882	NA	NA	1.14113478069912	NA	0.574619238135961	NA	0.605233916369626	NA	NA	NA	0.477065781874972	0.407499880135661	0.691538420025928	NA	NA	0.584564719201205	0.46755743721264	NA	0.588417966132125	0.472208782864508	NA	NA	NA	NA	NA	NA	0.519015363069841	NA	NA	NA	NA	0.627658883505782	NA	NA	1.15216641505333	NA	1.16556887956041
NA	NA	NA	NA	NA	NA	NA	NA	NA	NA	NA	NA	NA	NA	NA	NA	NA	NA	NA	NA	NA	NA	NA	NA	NA	NA	NA	NA	NA	NA	NA	NA	NA	NA	NA	NA	NA	NA	NA	NA
NA	1.49206289806917	1.26273641832914	1.00124559845184	1.03193110824998	1.02394070526637	1.25626747849117	NA	1.36512611928448	3.01995883188393	2.03142399308324	1.88253099361681	2.88581670958844	1.61470154791352	2.83405797732138	2.81626179050986	2.64265208311718	NA	NA	NA	NA	1.41123560164228	1.77705339462856	NA	1.40230720628294	1.39395559594809	1.62753094023555	1.60180753446399	1.2013910125343	1.93099489010165	1.49249892814058	1.75287561383808	1.77386893670686	2.07656320863105	NA	1.75168476808163	1.00673879020707	1.0404846038333	2.06395046014923	2.04545881140433
NA	NA	NA	0.396468498284104	0.907406533972107	NA	0.457364945532946	0.948536868649186	0.970861050745923	NA	NA	0.15363814043306	0.494890458521937	NA	NA	0.768447035294108	0.63014679890948	NA	0.184269487190792	NA	NA	0.85813914858211	1.96931684164853	NA	0.275572841094305	NA	0.478390023759426	0.474182734195979	0.390878235575092	0.766721967574232	0.793515030941063	0.910776573309276	0.670834381401542	0.647612820801781	0.464511610717161	NA	0.88068097464632	1.33761532704388	1.20362355549703	1.68029124422437
NA	1.52532813643144	1.25876606790866	1.0587253332522	0.98959310713405	0.837353843020553	1.31105087083915	NA	0.637180957810639	0.896788432474136	1.25824801092022	0.858245246780453	0.572233145875881	0.995203489294136	NA	1.28591547228171	NA	NA	1.00732220023381	0.852517257385333	0.514147619014643	1.25415134059346	1.24166448861957	1.28057624279886	1.27321833536934	NA	1.49193020324404	1.77663814019019	NA	2.08809587061988	NA	NA	1.67126894561492	2.10019207947272	NA	2.0618184907742	2.09533718697716	1.99581118495963	NA	2.47254362650019
NA	NA	NA	NA	NA	NA	NA	NA	NA	NA	NA	NA	NA	NA	NA	NA	NA	NA	NA	NA	NA	NA	NA	NA	NA	NA	NA	NA	NA	NA	NA	NA	NA	NA	NA	NA	NA	NA	NA	NA
NA	NA	NA	NA	NA	NA	NA	NA	NA	NA	NA	NA	NA	NA	NA	NA	NA	NA	NA	NA	NA	NA	NA	NA	NA	NA	NA	NA	NA	NA	NA	NA	NA	NA	NA	NA	NA	NA	NA	NA
0.405415524748084	1.15848811796814	1.41487682516064	0.961107727324489	0.237795098927845	1.18440002351008	0.975682081884737	0.469082586151235	0.468440669325771	0.444622577114033	0.459585901064927	1.7695618341698	0.500159856485049	1.46802056157491	1.17360627851886	0.554706940174737	0.530696810258295	NA	0.390951777803147	0.536651778159031	NA	0.965636651837312	0.511304516957344	1.97135688423571	1.334264615564	NA	2.38626228175699	1.5494364580753	1.05807679902825	1.46657795931463	1.73839697635622	NA	1.60730706710613	NA	2.71111631930265	NA	NA	NA	NA	NA
NA	NA	NA	NA	NA	NA	NA	NA	NA	NA	NA	NA	NA	NA	NA	NA	NA	NA	NA	NA	NA	NA	NA	NA	NA	NA	NA	NA	NA	NA	NA	NA	NA	NA	NA	NA	NA	NA	NA	NA
0.457011118570694	0.338552002559594	0.474312995995253	1.90125219044066	0.453054230370213	0.337800059326427	0.173334121535458	0.27800308911182	0.225680607591207	NA	1.50175191137639	NA	NA	0.202953831626968	NA	0.501921075254796	NA	NA	0.542269070565042	0.417117063785731	NA	1.08949574947258	NA	NA	NA	0.7808796863173	NA	0.97884209910468	1.25910104110802	1.5245087160634	NA	0.687248695207525	1.5703995776907	1.63223687195665	0.262553207562126	0.746771466510092	0.845180575967833	NA	0.87168488618335	NA
NA	1.91021375364206	1.57715329953891	1.57171874007703	0.998759231416501	1.77345589079292	1.97964970662519	1.82396525648559	1.72409297196544	NA	1.66858486502783	NA	1.58434564146644	NA	NA	2.21882072054879	2.38114158759901	NA	NA	NA	NA	1.02551257987871	NA	NA	NA	NA	NA	NA	NA	NA	NA	NA	NA	NA	NA	NA	NA	NA	NA	NA
NA	NA	NA	NA	NA	NA	NA	NA	NA	NA	NA	NA	NA	NA	NA	NA	NA	NA	NA	NA	NA	NA	NA	NA	NA	NA	NA	NA	NA	NA	NA	NA	NA	NA	NA	NA	NA	NA	NA	NA
NA	NA	NA	NA	NA	NA	NA	NA	NA	NA	NA	NA	NA	NA	NA	NA	NA	NA	NA	NA	NA	NA	NA	NA	NA	NA	NA	NA	NA	NA	NA	NA	NA	NA	NA	NA	NA	NA	NA	NA
0.302146658746384	0.35847610212502	0.545982871582873	0.356142444362946	NA	0.871300623511849	0.862029736143991	NA	NA	NA	NA	0.164831587325258	0.285202689395736	0.336730362589038	0.440823678154073	0.387930284862996	0.300428458859831	NA	0.248992263423648	0.501873709210297	0.337317395861913	NA	0.77531459358504	0.853983329510239	NA	NA	1.37454610011537	1.20606630621486	NA	NA	1.75146851842353	NA	1.54714936072791	NA	NA	NA	NA	NA	NA	NA
NA	NA	NA	NA	NA	NA	NA	NA	NA	NA	NA	NA	NA	NA	NA	NA	NA	NA	NA	NA	NA	NA	NA	NA	NA	NA	NA	NA	NA	NA	NA	NA	NA	NA	NA	NA	NA	NA	NA	NA
NA	NA	0.481178159156054	NA	NA	0.742315726467426	NA	NA	NA	NA	0.908660720967014	0.486591319579555	NA	0.512055866246451	0.415260245762595	NA	NA	NA	NA	NA	NA	1.33251405059331	0.414039488845171	0.199193942462483	0.398918968595611	NA	NA	0.553633407643317	0.242595212641844	NA	0.452665673627123	NA	0.307164925995651	0.531211137247795	0.667458363865004	0.361115428491439	0.640824149133437	0.45417931842857	NA	0.375383162789106
NA	0.633083109330015	1.278014693842	1.42811200569715	NA	NA	1.70038076690209	NA	1.37523073876598	1.25199417843483	NA	0.95273342401307	0.817057547735795	0.954268130618755	0.661651848679067	0.872395072451335	0.336216570354418	NA	0.369225869080182	0.652807440672766	NA	NA	1.21789275075324	1.13279607631363	1.02211117457537	NA	0.806218284686857	NA	1.15009078015956	0.944963126249173	1.4607450159433	1.43407852203915	1.44637839303111	1.26249665952689	1.20656829152052	1.11997507481889	0.82219151369635	NA	NA	1.61788710659367
NA	NA	NA	NA	NA	NA	NA	NA	NA	NA	NA	NA	NA	NA	NA	NA	NA	NA	NA	NA	NA	NA	NA	NA	NA	NA	NA	NA	NA	NA	NA	NA	NA	NA	NA	NA	NA	NA	NA	NA
0.634925485186338	NA	0.775331455435704	0.114983522236558	NA	NA	0.77893339970244	NA	0.502186030176599	0.579980445475638	NA	0.465645986996963	0.479419113503559	NA	NA	0.451448142758903	NA	NA	0.369850407398351	0.494591944193301	0.251592860466764	0.274162951081132	0.190943365298574	NA	0.184979442598998	0.102769991044877	0.272386587314153	0.519764151262807	NA	NA	0.760301166215565	0.874981137222976	0.656700608658763	0.784928161631434	0.496058926915622	NA	0.799586454142601	0.419392481743084	0.0922151020253744	NA
NA	NA	NA	NA	NA	NA	NA	NA	NA	NA	NA	NA	NA	NA	NA	NA	NA	NA	NA	NA	NA	NA	NA	NA	NA	NA	NA	NA	NA	NA	NA	NA	NA	NA	NA	NA	NA	NA	NA	NA
NA	NA	NA	1.12763830576975	0.990710231599199	NA	1.4620325413502	NA	1.12060221679866	NA	NA	0.619275202024695	NA	NA	0.557762599053947	0.503045159488089	NA	NA	NA	NA	1.57950999805126	0.608418668870435	NA	1.2158715754538	0.511736459485168	NA	0.443137772636967	0.640902008188121	0.250786776794397	0.477253752682079	0.580018839146808	NA	NA	NA	NA	NA	NA	NA	0.971836090171939	NA
NA	NA	NA	NA	NA	NA	NA	NA	NA	NA	NA	NA	NA	NA	NA	NA	NA	NA	NA	NA	NA	NA	NA	NA	NA	NA	NA	NA	NA	NA	NA	NA	NA	NA	NA	NA	NA	NA	NA	NA
NA	NA	NA	NA	NA	NA	NA	NA	NA	NA	NA	NA	NA	NA	NA	NA	NA	NA	NA	NA	NA	NA	NA	NA	NA	NA	NA	NA	NA	NA	NA	NA	NA	NA	NA	NA	NA	NA	NA	NA
0.518607669515274	0.892768677799124	0.986314858314811	1.29014715321888	1.14384649340014	1.04521033055805	0.856516907833684	0.778131893227695	0.988504471065525	NA	1.14270229378863	1.01807214222996	0.605224458199444	0.785747020874057	0.182127381969807	0.500374254806636	0.450021595602571	NA	0.371420252110092	0.479884867050352	0.357233607215753	0.0504605693725314	NA	0.527672838541097	0.764494977714163	0.182027888247415	0.84708829952943	0.928411263296064	1.05466663122218	0.888528428540856	0.7257616683258	0.661851937102575	0.670179250519509	0.358269589239223	0.685152504094341	0.461540457137345	0.867688399164767	0.450679565496229	0.821378323742781	0.505563137765564
NA	NA	NA	NA	NA	NA	NA	NA	NA	NA	NA	NA	NA	NA	NA	NA	NA	NA	NA	NA	NA	NA	NA	NA	NA	NA	NA	NA	NA	NA	NA	NA	NA	NA	NA	NA	NA	NA	NA	NA
NA	NA	NA	NA	NA	NA	NA	NA	NA	NA	NA	NA	NA	NA	NA	NA	NA	NA	NA	NA	NA	NA	NA	NA	NA	NA	NA	NA	NA	NA	NA	NA	NA	NA	NA	NA	NA	NA	NA	NA
0.791287066635069	0.302499497228716	0.17604127962506	0.379346231837948	1.46754876384985	0.349809131721184	NA	0.303446458856932	0.599481559755241	0.732253360370261	0.476854742990445	1.30291765697488	0.496530163637453	0.28216918676317	0.207762480435362	0.621937549916627	0.148562301071767	NA	0.262890191188134	0.188619878355645	0.463649534228288	0.176309742045487	0.333278201460096	0.625935591345551	0.154865036795988	0.446903769210128	0.981726728576015	0.145023954896529	0.524983397032049	0.489701718666694	1.3299498196447	0.857821536038521	0.289089362429186	1.4630965349527	0.463719830260222	0.641855460671176	0.359458365145234	1.26779247085196	0.648429678457084	0.74666804622311
0.46060085343375	0.524309404901327	0.376853637145215	0.327112801272525	0.776269917060687	0.868014129205659	0.509685743646439	0.90655700845833	0.558813476307137	0.574011301884085	0.374638123803362	0.728214523570637	0.453424395098762	1.60312568762212	0.329122587418056	0.943665581485544	0.924882293586637	NA	0.43204116072261	0.301595454928861	0.413788828151287	0.93140980482422	0.567257534239128	0.369396032279199	0.296644812644393	0.679278225960983	0.331560894228238	NA	1.21872602938252	1.29943534419455	0.455467550099411	1.31941664986186	0.942399304321489	NA	1.48408161248678	0.294716866269048	1.27336061171661	1.30508147833959	1.21462289154459	1.51716626583853
1.72570752140286	1.15387952804823	1.86896248040785	1.43091428295145	1.13912468062187	NA	0.277055961393813	1.28504595136044	NA	0.779591198018856	0.569820224985774	0.964156010965735	NA	1.10031933934336	0.883311098804329	0.832484406620893	1.60883622526718	NA	0.958735494798887	0.551574869071144	1.57084646418482	0.925180418395304	1.14226576523362	0.380537034409819	0.437724278835157	0.778296774299443	1.5809153348775	0.737610888306107	NA	1.16751408650608	0.902698920320206	0.281514236319726	0.554623010578288	0.571172698824284	0.622855626117967	NA	0.684947063004969	1.27537070624568	NA	0.4883218752286
1.02908154799014	0.503468053695006	NA	NA	NA	0.823749109418142	0.551509810796993	NA	0.701968577565236	0.52420453748197	0.302731335764389	0.50410980678989	0.800667638535789	0.506182018095846	NA	NA	0.207540717435185	NA	1.18351416663692	NA	1.6307547708466	1.11548980269582	0.862578249703867	1.02115430291205	1.4421900480306	0.558088120594989	1.34810384185813	NA	1.84797990018521	1.44116559842376	0.580257562527181	2.49057412134586	1.2877651181891	1.30521127272709	1.12487500458126	1.30310317430667	1.19126989105016	1.32126178448968	0.884207722079474	NA
0.398634304006203	0.653849926575974	0.704868394282371	1.14026667888419	0.932072486963519	NA	0.49535295230498	0.405780840170451	0.159635768455248	0.538830201714007	0.445826915743165	0.429700182754995	0.605937891760456	0.585655709022575	0.643305220513509	0.397543046854125	0.477496037222772	NA	0.336819183667792	0.754123033830804	0.652143804821274	0.77944122711325	1.0599084496079	1.19018769402906	0.720950383690043	0.255520202799656	NA	1.11128096332734	0.935432631360967	1.06391793316127	0.761457827892742	1.18214468002831	0.707364470700289	0.786286010227082	1.04037763646943	0.855205639306939	1.22235426858496	1.68419528810423	1.27035812303644	0.856291731387193
0.815969141436373	0.674012925077389	1.1818786654961	NA	NA	0.56584852281823	NA	0.426066844522505	0.535797905394129	0.275528810136147	0.677906896386092	1.21496342695705	0.552879404543042	NA	0.129274162132238	0.415047090134745	0.38316852306286	NA	0.273029726645817	0.408179182480144	NA	0.651195113277172	NA	0.921211389568085	0.571717988290154	0.566495350685524	0.982346501680258	2.02433188681896	0.824501605896615	1.20997697036895	NA	NA	0.70242468496951	0.571178751471701	NA	NA	1.479430762612	1.69084393934554	0.915091933660013	NA
0.624343186507262	0.433544034407756	0.747355958587821	0.892504115311362	0.318402428984898	0.720986406602096	0.950637385610821	0.680538975764252	0.963300453820656	1.00939047868423	0.892836035222572	1.02670362147709	1.07161736295593	0.946800895032554	0.770087250613906	0.879403025531786	2.5724106522464	NA	0.697614576901902	0.692865928462115	0.360432896228985	0.725837422576878	0.16881781136699	0.386577826882339	0.462873333778607	0.728921058797362	0.436992146421039	0.259624735857895	0.262477800277958	1.16177824773507	0.668471109654914	0.454849578875939	0.402332759866067	0.62095729755973	0.725107812162517	0.175779420341311	0.54539314726808	NA	0.617113016681804	0.468412787512881
0.393535445475145	0.853831807503332	0.657861759761068	NA	NA	NA	0.436669563630785	0.755225701587777	1.03485886804019	0.762370491199257	0.659268586537327	0.578062640365234	NA	0.459289099484729	0.353301329816768	0.380131275943996	NA	NA	NA	NA	NA	0.443646911028404	0.630117255230861	0.467370599592454	0.426044440018379	0.602117725999514	NA	NA	NA	NA	NA	0.675932263509744	0.612675371778994	NA	NA	NA	0.828673508941042	NA	1.03606539305638	NA
NA	0.852607609378322	1.14012686234524	1.88244751382466	1.61941728381475	NA	1.43638963738166	NA	2.06070913134829	1.59566363887745	1.07251221716994	1.28215656883802	1.42513147184489	1.25161338769678	0.900236786784818	0.582179312946353	NA	NA	NA	NA	0.830682743981542	0.38328402605221	NA	NA	NA	NA	2.40741278421303	NA	0.72194779555102	NA	0.902821814301257	1.04403629223842	NA	NA	NA	NA	NA	1.96493102121542	NA	NA
NA	NA	NA	NA	NA	NA	NA	NA	NA	NA	NA	NA	NA	NA	NA	NA	NA	NA	NA	NA	NA	NA	NA	NA	NA	NA	NA	NA	NA	NA	NA	NA	NA	NA	NA	NA	NA	NA	NA	NA
NA	0.244746614400899	0.606086074571019	0.735716717033648	0.668659819044675	0.701648537782594	NA	NA	0.98027556231113	NA	0.928299556794873	0.985515291007663	NA	0.466153308732099	0.43966331061071	0.471559096030883	NA	NA	NA	0.354270244764334	NA	NA	0.30876182206874	0.62782207287292	0.445865483491393	0.533072479397578	0.472178615721685	0.319502468808596	0.35015959918554	0.423534535727402	0.609320509918944	0.338454436299337	0.325594957074517	0.305219895893696	NA	NA	NA	1.04915494014574	NA	0.690757483178353
0.285251175537957	1.63126939716561	1.19290314850595	0.456815077888719	0.525617696937849	1.29464264503553	0.949543334190556	0.420637408941318	0.274013505540516	0.672839150254611	0.555050030743451	0.506727344035915	0.653107249060487	0.827571216841321	0.475222866384069	1.0060067989926	0.470685022981725	NA	0.405101524555772	0.302904957863793	0.600780760495461	0.207470619355129	0.204825117633129	0.139269016909067	0.376167454501334	1.2195901506605	1.20827037553485	0.475388755629329	0.540743673387525	NA	0.148496512938128	0.146280269920435	0.522230331213929	0.449307213028966	NA	0.69196795182248	0.16582453989442	0.458889211025681	0.472744767580739	NA
1.41746273173948	NA	1.12235202819459	0.711563441508865	1.24511789103716	1.34821356556987	0.412119348891951	NA	1.28632937365751	1.08390312315151	0.626263557533481	1.0722803131076	1.09186484142306	0.542371432926785	0.448812342993799	0.513585856474831	0.977208707402168	NA	0.526027151620128	1.85880576223414	0.609819396545203	0.455948582739891	0.681842453169403	0.48639738108146	0.591723166104057	1.17479168646895	1.38685705955363	0.944057926064876	1.24117381876177	1.08191490777909	0.675428275279732	1.00174065446278	1.35816860115973	NA	NA	1.30210715623775	0.997200368400069	0.943157231953594	1.03054490754036	NA
0.375995178001125	0.681928006729728	0.469252799001394	0.574501554886053	0.513169554064188	0.493658602690551	0.718622097857904	0.77154698468465	0.596240146603604	0.369763403072169	0.588737429696624	0.277011036325609	0.368424916943181	0.353180082881488	0.200831914708337	0.165875278824942	0.169695133735273	NA	0.357527467673387	0.434740148977945	NA	0.594783549884165	0.523716556657125	0.597113659244694	0.698643913631177	0.459969301679023	0.316276170982988	0.0567996289173054	0.204018282517728	0.305768858618095	0.388539131255783	0.213542522265793	0.284057098181044	0.451798615569682	0.75113567475198	NA	0.765194529988844	0.497388476945553	NA	0.884296456504136
0.588178141058196	0.838856415906243	0.565953975958852	0.391473706556684	0.649198048311294	NA	NA	NA	NA	1.71899729946106	NA	NA	0.281505261092954	0.0440237039033556	1.45564792597872	NA	NA	NA	0.219708707033516	NA	NA	NA	1.55431801959321	0.767432562763125	0.525703456501672	0.712971621051568	0.455355237737228	NA	NA	NA	0.901298754291656	0.524859244928936	0.712720900207951	NA	1.15846831414571	NA	0.643535066336787	0.962453781315937	0.968369540372794	NA
NA	NA	NA	NA	NA	NA	NA	NA	NA	NA	NA	NA	NA	NA	NA	NA	NA	NA	NA	NA	NA	NA	NA	NA	NA	NA	NA	NA	NA	NA	NA	NA	NA	NA	NA	NA	NA	NA	NA	NA
NA	NA	NA	NA	NA	NA	NA	NA	NA	NA	NA	NA	NA	NA	NA	NA	NA	NA	NA	NA	NA	NA	NA	NA	NA	NA	NA	NA	NA	NA	NA	NA	NA	NA	NA	NA	NA	NA	NA	NA
0.320200701916524	0.520098266050344	0.54858216622564	0.659632337472831	0.391598486467089	0.624716888452526	0.28302653261366	1.22252937533422	1.19054978958995	0.441616492435314	0.400418768737047	0.184326611423431	NA	0.851216768319882	0.386629169208875	0.106647046239801	0.163325863079377	NA	0.361876946077394	0.312502624915127	0.36639321041974	0.461157554223498	0.39069765594257	0.601995197655713	0.434988898077698	1.6988990065827	0.566413916016862	0.839259665636465	0.406916896447619	0.860464152936207	0.566247872256732	0.560958826089398	0.699755224877744	0.976780718554183	1.3557821439066	0.349281899189667	NA	1.14674963622025	0.268352407238801	1.63304392957127
NA	NA	NA	NA	NA	NA	NA	NA	NA	NA	NA	NA	NA	NA	NA	NA	NA	NA	NA	NA	NA	NA	NA	NA	NA	NA	NA	NA	NA	NA	NA	NA	NA	NA	NA	NA	NA	NA	NA	NA
NA	NA	NA	NA	NA	NA	NA	NA	NA	NA	NA	NA	NA	NA	NA	NA	NA	NA	NA	NA	NA	NA	NA	NA	NA	NA	NA	NA	NA	NA	NA	NA	NA	NA	NA	NA	NA	NA	NA	NA
NA	NA	NA	NA	NA	NA	NA	NA	NA	NA	NA	NA	NA	NA	NA	NA	NA	NA	NA	NA	NA	NA	NA	NA	NA	NA	NA	NA	NA	NA	NA	NA	NA	NA	NA	NA	NA	NA	NA	NA
NA	0.748709046537004	0.262833148854544	NA	0.825953137101126	NA	NA	NA	NA	NA	0.246897861387195	NA	NA	NA	NA	NA	NA	NA	NA	NA	NA	NA	0.44850084214348	0.114394866586128	NA	NA	0.504988481535689	NA	0.469769027450408	0.782776123968317	2.448107538107	2.60304073912257	NA	NA	NA	1.54222087407086	NA	1.16784562325982	NA	2.60522038683453
NA	NA	NA	NA	NA	NA	NA	NA	NA	NA	NA	NA	NA	NA	NA	NA	NA	NA	NA	NA	NA	NA	NA	NA	NA	NA	NA	NA	NA	NA	NA	NA	NA	NA	NA	NA	NA	NA	NA	NA
NA	NA	0.686543779803556	NA	1.61620069118351	1.38919057475375	0.889418873180743	NA	1.10367730005213	1.09885098656725	1.40974485138573	1.55931429639009	NA	NA	NA	1.15034491383731	0.507725050646572	NA	NA	NA	NA	NA	NA	NA	NA	NA	NA	NA	1.00391507371954	0.642633243562277	NA	0.70509146896051	1.91199069526676	NA	NA	0.900059600198244	NA	0.573933062551996	0.685983862763619	NA
NA	NA	NA	NA	NA	NA	NA	NA	NA	NA	NA	NA	NA	NA	NA	NA	NA	NA	NA	NA	NA	NA	NA	NA	NA	NA	NA	NA	NA	NA	NA	NA	NA	NA	NA	NA	NA	NA	NA	NA
NA	NA	NA	NA	NA	NA	NA	NA	NA	NA	NA	NA	NA	NA	NA	NA	NA	NA	NA	NA	NA	NA	NA	NA	NA	NA	NA	NA	NA	NA	NA	NA	NA	NA	NA	NA	NA	NA	NA	NA
0.55713718151776	0.784730172860986	1.19602421047117	NA	0.679975910657859	1.49107759438891	0.945206466045094	1.00995341412426	1.91639455665583	1.48061751458529	0.91649321548297	0.62779879365031	1.35229641153641	1.5591882780637	0.754143780591341	1.22491066845084	0.936164747965997	NA	0.778174728788969	0.675348010902815	NA	1.36634259159969	0.708871460819913	0.916228375623845	1.29188895760702	1.4565529545606	1.62273834122524	1.53623136738085	0.538966708957508	0.678723113927897	0.907082233733264	0.548507000259009	0.901617045241134	0.648497498791115	0.695213751522773	1.37091803083386	1.5655492571914	0.899733688400612	1.09071698868083	1.1925543040171
0.601989832698153	0.498181046006213	0.487507846470339	1.03174467821568	0.962590284534063	2.0479486870361	0.831184973533142	0.505412223876397	0.424417818242187	0.350511514870914	0.41206367105945	0.78748236449068	0.361157534275286	0.619969715542919	0.953298288381867	0.941409121360519	0.464499909147894	NA	0.661022327618215	1.11897019968266	0.540486323872523	1.26023877777024	NA	1.04469562070103	0.545995808017887	0.70643171742211	0.920114809825478	1.30822188559197	0.984071635797686	1.05320866558469	0.929401827711233	0.917087679533681	1.01001040269503	1.04801562953609	1.0066602071977	1.07759929228377	1.03548766768041	0.908748961025063	1.30029345240574	0.796508861134614
NA	NA	NA	NA	NA	NA	NA	NA	NA	NA	NA	NA	NA	NA	NA	NA	NA	NA	NA	NA	NA	NA	NA	NA	NA	NA	NA	NA	NA	NA	NA	NA	NA	NA	NA	NA	NA	NA	NA	NA
0.850423059537202	0.836890521023831	0.606892666706073	2.34724836148747	0.385815276555809	1.50002090766335	1.45760696533337	0.793726772074596	1.05235923846765	1.27856160477651	1.14216002174837	0.517929297413818	0.531943553892333	0.793488613448746	1.26014263464077	1.33732398593419	NA	NA	0.543821371679947	1.19594913404751	1.28345719767628	1.18593162774003	0.541961272932815	1.65739232540146	0.66825004514143	0.867377195054125	NA	0.590567075978946	NA	1.15901937518081	1.10958228965974	1.87190268197914	NA	1.46855862448038	2.37181895661896	NA	1.75533349278437	1.74780088087481	2.06980349433051	2.98727442607731
1.1012179088028	0.9500387729505	0.927672683833584	1.14594973920594	1.03575536366033	0.967625404408291	0.682923016487644	0.769041080227781	NA	1.16476866051788	0.462485254528926	0.573525448600766	0.808119353782353	0.518118421267468	0.623412947660637	0.270764882934876	0.454250427549818	NA	0.527332483590824	0.459136333058787	0.509546206490589	0.736346831240947	0.651779738830063	0.54726951934174	0.494016744985959	0.584774311745565	0.604010758122418	0.444098510975702	0.296689792951194	0.549591726043428	1.06667247924058	0.488638711781202	0.555574983208606	0.520890187284405	1.06380785964553	0.550396134804761	0.785715580269184	0.721532224925821	0.241425606773239	0.797330092045634
NA	NA	NA	NA	NA	NA	NA	NA	NA	NA	NA	NA	NA	NA	NA	NA	NA	NA	NA	NA	NA	NA	NA	NA	NA	NA	NA	NA	NA	NA	NA	NA	NA	NA	NA	NA	NA	NA	NA	NA
0.522642198327686	0.514811811534902	0.86089147096924	0.811435059340071	NA	0.743224333177072	0.455874155633063	0.575071196806278	0.351346970783095	0.390403895407158	0.623995459026948	0.738158663584579	0.999207898884157	0.891149342882682	0.370519579694419	0.37288408432682	0.426701717821319	NA	0.389987771055501	0.355023062005651	0.671888439947672	0.399368547311812	0.493882529105094	0.613247686384082	0.661639003183685	0.747238539117013	0.962736611856219	0.938852114867994	1.1068061674423	0.637363219869563	0.759029772525807	1.23365428818128	1.23186912945971	1.20143773701423	0.872655153813046	0.706966528748469	0.931565261191264	NA	0.893162907512742	0.692985704162411
0.52905675728852	0.46566390775728	0.741277941750751	0.921105069166497	0.532629868097147	0.677723076741463	1.05467333820343	1.02327142520081	NA	1.85895158593363	0.826016259023665	0.65998740319285	0.728829621687294	0.875395858772845	1.24188913823622	0.465128032171083	0.520649268609336	NA	0.546116414717538	NA	1.98258620373248	0.53350489458436	NA	0.194048155509441	0.275662219881461	0.206337659093518	2.06401628783149	0.966653975175082	0.886492058175396	0.414028613006314	NA	0.33933114966728	1.79178556747919	NA	0.655661746570552	0.392321690860508	0.639840685865404	1.13115132551111	0.879632803595408	1.02354235577774
1.40858507230801	1.74154009708983	1.92061730793382	NA	NA	NA	0.937281497099278	NA	1.00409564639567	2.04496570266042	0.51613274837014	1.02724759619436	0.458343133587928	0.685190156149215	1.99004817187728	0.982653263611358	1.88885987872212	NA	0.4246553986928	0.997215543757811	NA	0.721054290891158	NA	1.05312916439642	1.27352894975809	2.02402791326229	2.16712398042587	1.80138190405676	1.88693551704231	2.38824377291965	2.05580006777581	1.91584347059303	1.37149713373604	1.17334026799935	NA	0.85723520559372	1.42749935713978	1.19483213185827	NA	1.09483589309618
0.462850275630549	NA	0.0687449814763895	NA	0.775336998549321	0.792864574807083	0.661492063876628	0.236992020598817	NA	NA	0.545795385514435	0.933344822024086	NA	0.515839193231823	0.449613676651566	0.542243314293042	0.449616719480659	NA	0.835019965314372	NA	NA	NA	NA	NA	0.87003273522393	0.983193903949067	0.74421995277947	0.827468811843942	NA	1.53355526407845	1.05236306014041	NA	0.451927301145028	1.33555887708682	NA	1.07933979781895	1.10869049430451	0.74944306519568	NA	0.677802398807917
NA	NA	NA	NA	NA	NA	NA	NA	NA	NA	NA	NA	NA	NA	NA	NA	NA	NA	NA	NA	NA	NA	NA	NA	NA	NA	NA	NA	NA	NA	NA	NA	NA	NA	NA	NA	NA	NA	NA	NA
1.567449969996	0.203211197748962	1.36948403135651	NA	NA	NA	0.505243458137942	0.250749510444742	0.393403680503742	0.502779868914397	0.618061306426668	0.582497643968606	0.362148664522861	0.521007700280295	NA	1.35911433753842	NA	NA	0.758839629679193	1.52947499987656	1.8774237270383	0.702373043469925	1.08217645056759	NA	0.5960077749525	0.584284943404917	1.55157101775598	0.811231373784652	NA	NA	1.04726183952449	NA	1.43459516350841	1.41201416743217	0.75587787408925	0.55517913557755	0.393208133961138	0.903944965088261	0.762637700158053	1.61132313765435
0.49228941127993	0.67589770736548	0.968509019403985	NA	0.768586914400331	NA	0.466854376913568	NA	NA	0.759151918537687	0.790585063440661	0.39844974167055	0.275854126784868	0.19023323602258	0.200366946925246	0.503382717231265	0.310613086404461	NA	NA	0.459537872138053	NA	0.552077883266026	0.594555437254501	0.596387762574133	0.696305765675622	0.529119688515289	1.0474668008167	0.71907101390899	0.907819171756615	0.51283373780827	0.66290915861703	0.690999085239645	0.909422982903958	0.616419277146177	0.533748227161085	NA	NA	0.746196616028209	0.76612043963387	0.625324559887373
0.192837505862762	1.85629472393113	1.90611748271996	0.634559696002781	1.1334489229845	1.286313603484	0.608832921841882	1.87855057746087	1.44914780004153	0.66749519937445	0.445615876814688	1.44822113274196	1.26874038965601	NA	1.38247501819921	0.473076518326258	0.379383130004712	NA	0.340696387765647	0.399690125877365	0.352079656197711	0.614134546321074	NA	0.932778360200054	0.579528349273988	0.650583357139369	0.69825661571661	0.757050175315181	NA	0.704716655420219	0.511778624083038	1.24253560816515	1.03434809441268	NA	0.981107051122503	0.274891733210921	0.81664622674532	0.565606436579664	1.04776938440507	1.40417644467602
0.358976225212053	0.39457059753523	0.663421548770601	0.69513240157042	NA	NA	NA	NA	0.432429012791173	0.591179107044245	0.767344234085004	0.52015350959923	NA	0.74286132258551	NA	NA	0.469136041158363	NA	0.388254992791867	0.365199583161557	0.668990112149321	0.532023055051023	NA	NA	NA	NA	NA	2.44996366600604	NA	1.94252233549948	NA	NA	NA	NA	NA	NA	NA	NA	NA	NA
1.3239134199757	1.22339110886884	0.993538813419356	1.23227545788624	1.34635012780882	1.34690899653587	1.46730504835779	1.25240019397667	NA	1.35201317318929	1.02930778443977	1.26362709802202	0.76071722432417	0.76287201893721	2.44769551977343	1.80327475682505	0.274830745968149	NA	1.56181189039128	0.609321914696731	NA	0.277556462510669	0.520622343702132	0.574562242744124	1.48397170343981	1.08218505468445	1.03233387705263	0.659076650812713	0.49808362545612	0.939213941668791	1.49545489920271	0.744177990149404	0.969527800549639	0.534113887718103	0.606038319297826	1.65180677337436	0.927798957333686	2.04310200363226	1.65684556889194	1.43641675958622
1.00458866403579	1.83976475170005	0.774372540288331	NA	1.22117239367348	1.00081848713402	0.836671807504622	0.849005462496994	NA	NA	NA	NA	0.82317337972932	0.792729325623667	0.363484559581623	2.75205837040545	0.411322521229054	NA	0.466959410063431	0.444759558750119	0.978269040430293	0.843818388009685	0.891863132103723	NA	1.39851911146032	1.25698125355193	1.62133380223465	2.47619196751363	NA	2.69418259552451	NA	2.77476780991023	2.72782638129261	NA	3.48307359110892	NA	NA	NA	NA	NA
0.21808478718644	0.433384338186977	0.750349402977228	0.831844638566934	1.186484945491	0.733699529860083	0.719642737112228	NA	1.14375340936009	1.01795406076321	0.692360070379962	0.612155331002249	NA	0.416411967269654	0.37996290737118	0.322858570929801	0.527639242135925	NA	0.356591726422568	0.562467213069238	0.772044657726058	1.23767850540704	NA	1.10269847694369	1.00479460562982	0.688859394140683	0.542752607963059	0.95120074277469	0.920603754774468	1.53823558861509	1.06164877278498	1.1939019867333	1.1888307615167	1.50400216954302	NA	1.79958432368876	1.58623786462037	1.62766624372429	2.37931717129777	NA
NA	NA	NA	NA	NA	NA	NA	NA	NA	NA	NA	NA	NA	NA	NA	NA	NA	NA	NA	NA	NA	NA	NA	NA	NA	NA	NA	NA	NA	NA	NA	NA	NA	NA	NA	NA	NA	NA	NA	NA
NA	NA	NA	NA	NA	NA	NA	NA	NA	NA	NA	NA	NA	NA	NA	NA	NA	NA	NA	NA	NA	NA	NA	NA	NA	NA	NA	NA	NA	NA	NA	NA	NA	NA	NA	NA	NA	NA	NA	NA
2.01273533126433	0.448502769773779	0.937709520626444	NA	0.708627390665536	0.731409310651924	1.00094705450569	NA	1.9277147326287	0.435125428637493	1.52186913068447	0.315707193870608	NA	0.309481509458146	0.397971383223389	0.497161032788026	0.469353275390581	NA	1.11908303961038	1.06741314548852	NA	NA	0.895251710915065	0.434753365482423	0.781507618630492	NA	NA	1.17788404609576	1.03991687641338	0.926327287838971	0.841234416139575	0.972451473262325	1.02669593449278	0.895888599185447	0.560664379597769	NA	0.980657310030835	0.992966307588094	NA	NA
NA	NA	NA	NA	NA	NA	NA	NA	NA	NA	NA	NA	NA	NA	NA	NA	NA	NA	NA	NA	NA	NA	NA	NA	NA	NA	NA	NA	NA	NA	NA	NA	NA	NA	NA	NA	NA	NA	NA	NA
1.93389401738072	2.47158434874964	2.90474781460513	1.249804084083	2.22611909697543	1.35861519921562	1.70154196236353	3.06307686852765	NA	2.84051386046588	2.69596861440397	NA	2.28026698562292	2.52223473440671	2.00907148274798	0.876075416154824	0.320363389074259	NA	0.588153700635877	0.675949280748491	NA	0.786872693693883	0.634255485372212	0.970572756547713	NA	2.64628239619819	0.931448428539083	NA	1.69772920679251	NA	NA	1.1633482601083	1.69865057588266	1.62558833627548	NA	NA	1.64388351891543	1.48191955372492	2.83987054932381	NA
0.225385822238307	1.05746680303572	1.31457322239683	2.1357925222599	NA	NA	NA	NA	0.770483640568083	1.32113892039969	0.294877415343067	0.829112906883458	0.655124888646021	0.479374346978624	1.7368079958975	1.75049919482556	2.1335591814646	NA	0.386182078222383	NA	NA	0.96384053706084	2.51705056248975	1.20149842658664	1.80816209955713	2.07204163939722	1.55419925765144	1.59927416171768	NA	2.01828878398155	1.50417988786163	2.02582596119822	NA	1.3220351376733	NA	NA	2.52167870135739	2.16736804563729	NA	1.97074405139727
2.97357915037454	1.1505210821908	NA	0.859783153575718	NA	2.7119649556484	2.92459660573362	NA	0.587077905859207	NA	0.515507358260034	0.672245810378597	0.497780890550811	NA	NA	0.387714490248476	NA	NA	0.599901918709715	0.50430701016067	NA	0.690005605354266	1.00736443757653	1.33120394531556	NA	1.36797785822235	NA	1.20591476365535	0.532851266723709	NA	1.20837566907595	1.7074578106205	1.86230553470671	NA	1.70598144485176	NA	NA	NA	NA	NA
NA	1.5492026473836	0.713105431549488	0.806963926223386	0.576422796072508	NA	1.26106668625812	0.24019277978443	0.624842267434294	2.01271128133714	0.658672854182757	NA	NA	0.435226223104056	0.158685771177393	0.189466485284446	NA	NA	NA	NA	0.652369604279772	1.10396455677234	0.393919161197755	NA	0.859450241010044	NA	0.840528619834854	0.371322781783861	NA	NA	0.387192150663572	0.614480200656626	0.467142190179635	0.636160217170302	0.367715533709793	0.640055918049882	0.786620189114706	0.522489663540196	1.08030782021547	NA
1.34239977719334	0.610403667515989	1.04064259923912	2.43239399348608	NA	2.06786786708554	NA	0.42250686401351	0.291193218664901	0.301461140161365	1.38290404698444	0.59176306257669	0.265842790566064	0.488687336020297	NA	1.1377480332458	NA	NA	0.167128401491162	1.29335650078484	1.69316856167568	0.586040826042952	1.185136778081	NA	0.701760667099274	0.277135186917628	NA	1.32448728474598	NA	0.871330399328222	1.15340661393652	NA	0.717987774632744	NA	NA	0.362487643810487	0.741611312626718	NA	1.84448446674574	1.48932275747263
0.329379650647323	0.759658173634628	NA	NA	0.947007401585186	NA	0.51794668636775	NA	NA	0.744267835914515	0.754196785296095	0.453892725755289	0.246253553672713	0.307437255332271	0.20108682789231	0.444987472732827	0.374857467057721	NA	NA	NA	1.5919952550538	NA	0.15806159907878	0.216099080876556	0.787703019703082	0.541603269369705	NA	0.789422106148334	0.856795096304345	0.576186125849628	0.435363935071366	0.678940912375473	0.79969193249939	0.81315199407918	0.581958351856636	NA	NA	0.853936438482876	NA	0.829888230172748
0.269675180035109	0.380500564981537	0.494543454722481	0.607287300869439	NA	NA	0.568606891093232	NA	0.413835149258281	0.748526738489207	0.761567115185195	0.291082652404956	1.13329017588959	0.769745282081786	0.0802370702928764	NA	0.402796961344458	NA	0.28021442895333	0.360157320907772	0.640369405183899	0.502384495889919	0.633594036892932	NA	0.213809938236275	NA	NA	NA	NA	1.68095332009045	NA	NA	NA	NA	NA	2.07103113103188	2.38940142612812	NA	NA	NA
NA	1.21994257493328	1.15480215852754	0.621606693478392	0.917804199242662	1.30619692998723	1.07711498806117	1.19899581650723	1.26626099785961	1.36808458795983	0.928931437241036	0.84198055626763	0.936637366815981	0.41378855976095	0.977781352381379	0.356815607426579	0.396325754680948	NA	0.245428424295986	0.207841611079419	0.803468928164828	0.425810015822623	1.84788352339882	0.182037080281065	0.398245405819185	0.842278013688256	1.19357035361727	1.01492802743663	0.98091572343967	0.596870580768405	1.42810456450905	NA	1.11868602587916	NA	NA	0.727189646889853	1.09986101283089	0.539926095549921	1.25627490399599	0.594153835303518
2.15515797699367	1.15293601280077	0.963187181046257	1.16224433376762	1.26531294959741	1.25762357209949	1.46046100655673	NA	2.39365918909516	1.40151629988151	0.94233701356684	1.22245909159701	0.737504161343518	0.766699375845576	1.95031111980273	0.760633202502343	0.1788123929621	NA	1.78794495246627	0.342398518405245	1.1852507146251	0.11542975219289	1.54507949057383	1.77332133770813	1.53255423305187	1.31889105903398	1.10747673828393	0.44591552935861	0.734537006821333	1.28474015567225	0.408054644004695	0.791111443035177	0.990804211812169	0.431797361825094	1.78589320322033	1.56350396892959	0.929493739922601	1.96176131135632	1.25218345490466	1.09029709820566
0.744059707483855	0.574641922687281	0.755774230478259	0.863881567961799	0.993888395669741	NA	1.18526394300481	1.05722913239888	0.365409403846901	0.765579705712799	0.63483508010883	0.854211156202326	1.35663092205126	1.07531746703621	NA	0.536145572588517	0.101582832243788	NA	0.623371381129187	1.15807367597977	NA	NA	0.483993100442108	NA	NA	0.785610503231535	NA	NA	NA	1.5327943398024	1.07686639045618	NA	0.461460064291303	0.819762158503972	NA	NA	1.97960870120294	1.93898403853523	NA	NA
NA	NA	NA	NA	NA	NA	NA	NA	NA	NA	NA	NA	NA	NA	NA	NA	NA	NA	NA	NA	NA	NA	NA	NA	NA	NA	NA	NA	NA	NA	NA	NA	NA	NA	NA	NA	NA	NA	NA	NA
0.84147735746987	0.742244897222516	0.876955708685043	NA	1.10473312749336	1.00709435927142	NA	0.760429219537545	0.791814678382704	0.947722321844438	NA	NA	0.613906523205303	0.688694600594927	0.38477293264128	0.538900791651794	0.231656032440297	NA	0.327106691636481	0.384187856029858	NA	0.538715675318068	0.419943560401123	NA	0.614554862494288	0.641990224209652	0.448081611804946	0.569163474637574	NA	0.629612016574389	1.40283957389111	0.867616510167607	0.946947946685518	NA	0.954509191077494	2.07183320693291	2.23442682765047	NA	1.97156500343482	NA
1.14156009431676	1.46110441844524	1.40215963835601	2.23765590560835	0.585022968599752	0.425144814239484	1.1529627490862	0.960983933814745	0.625800762517119	2.2551920574678	2.19283926074833	2.29894404969782	0.720235810894217	0.804271346539334	2.53067292583922	2.82664440782899	0.358991256538861	NA	NA	0.414885766691155	NA	0.590405078456407	0.520569142767586	NA	1.01455443821415	NA	0.368642716517853	0.87128476116947	0.592845779732397	0.311793892097678	0.27582935314598	0.355805758195148	0.427473825249927	2.39101104939035	1.01133209598934	NA	NA	0.514028878218791	0.559470313128178	0.894067424265554
NA	NA	NA	NA	NA	NA	NA	NA	NA	NA	NA	NA	NA	NA	NA	NA	NA	NA	NA	NA	NA	NA	NA	NA	NA	NA	NA	NA	NA	NA	NA	NA	NA	NA	NA	NA	NA	NA	NA	NA
1.1384905287473	NA	1.6500287012427	1.32294181660465	1.97135512037353	NA	1.66861792941925	1.04339900765068	NA	NA	1.19378371488824	0.850582172488655	NA	NA	0.588086221694028	NA	NA	NA	NA	0.882041714528988	NA	NA	NA	NA	NA	NA	NA	NA	0.803925516536184	1.1662693531218	NA	1.13020124465071	NA	NA	NA	NA	0.95785033739191	0.845461542897906	NA	NA
NA	NA	NA	NA	NA	NA	NA	NA	NA	NA	NA	NA	NA	NA	NA	NA	NA	NA	NA	NA	NA	NA	NA	NA	NA	NA	NA	NA	NA	NA	NA	NA	NA	NA	NA	NA	NA	NA	NA	NA
NA	NA	NA	NA	NA	NA	NA	NA	NA	NA	NA	NA	NA	NA	NA	NA	NA	NA	NA	NA	NA	NA	NA	NA	NA	NA	NA	NA	NA	NA	NA	NA	NA	NA	NA	NA	NA	NA	NA	NA
NA	1.26873028067184	NA	NA	NA	NA	NA	NA	NA	NA	NA	NA	NA	NA	NA	0.321161760008833	1.83909032645615	NA	NA	NA	NA	NA	0.498989219936209	NA	NA	NA	1.04300517236807	NA	1.18879819727178	1.23686405499018	1.15185897610773	1.08907555809522	1.06998366525167	1.01047996252189	NA	NA	1.50124221003447	1.08454846650444	NA	NA
NA	NA	NA	NA	NA	NA	NA	NA	NA	NA	NA	NA	NA	NA	NA	NA	NA	NA	NA	NA	NA	NA	NA	NA	NA	NA	NA	NA	NA	NA	NA	NA	NA	NA	NA	NA	NA	NA	NA	NA
NA	NA	NA	NA	NA	NA	NA	NA	NA	NA	NA	NA	NA	NA	NA	NA	NA	NA	NA	NA	NA	NA	NA	NA	NA	NA	NA	NA	NA	NA	NA	NA	NA	NA	NA	NA	NA	NA	NA	NA
0.875842254535151	0.899534518172915	0.717751707306058	0.922770945519538	0.753420893192035	0.73524339698133	0.720433156423261	0.725401231397305	0.556423696227398	0.648440334576662	0.515520533572206	0.39888508952263	1.48209589963777	0.708292907217191	0.752981050109588	0.186832242729557	0.225556248757826	NA	0.58028104622476	0.807845655017332	0.488318347890118	0.333679683187428	0.548806250533011	1.50528428058826	1.73351326877717	1.03036859073089	1.11520205151662	1.15704509577971	0.407303908003934	1.54068565407059	1.45381440025907	NA	1.51706616911943	0.441897443588505	1.50415427380716	1.20906379429361	1.08904809963419	1.36400633006085	NA	1.09642950049565
NA	1.18417844955075	1.45098893428039	1.22100321003057	1.19246496468825	NA	NA	0.592431308272983	0.901093822549963	0.88012222714807	1.02865907337506	0.850555376500679	0.761365509304118	0.460705815445716	NA	0.707302929365797	0.619007625529902	NA	NA	NA	1.44153043705669	1.09674476358515	0.604396775385527	NA	0.826635997353964	0.927500412778433	0.909522880877391	NA	1.48315743117105	0.846526732753496	1.01942852267411	0.871362860943316	0.680529910480622	0.812801195210752	0.526078100036482	1.52504902004674	0.613594113620455	0.820234670623238	0.81626363011156	NA
0.254102297917199	NA	NA	1.1011511927658	1.5133197052559	NA	1.45921968456628	1.71859357931283	1.75510458916718	1.89994372688035	1.49324165449138	NA	NA	1.16005494882034	NA	0.827015992776075	0.598319613165649	NA	NA	NA	0.500454336430212	0.929380018607765	NA	NA	NA	1.71696259804913	0.741872444662223	1.02330955127321	1.28773243072576	0.988264137440976	1.13149907699785	NA	1.04085315268095	NA	NA	1.95655660506808	0.541501697984576	0.547016124026105	1.39026085419212	1.95859524679748
NA	NA	NA	NA	NA	NA	NA	NA	NA	NA	NA	NA	NA	NA	NA	NA	NA	NA	NA	NA	NA	NA	NA	NA	NA	NA	NA	NA	NA	NA	NA	NA	NA	NA	NA	NA	NA	NA	NA	NA
0.326884367394805	0.382444583609622	0.349269132416714	0.676182894323657	1.22464691018904	1.42784842826346	NA	0.707474716987057	0.540031320741194	0.563377269429574	0.55298288873446	0.492661466708321	NA	0.612781499189377	0.598845785898221	0.623351767808462	0.484526381720272	NA	0.216318605558651	0.845433574919679	NA	NA	NA	1.87164706344768	0.134975088516557	NA	NA	NA	0.819568315966651	0.983736695485459	NA	1.03068590691495	1.08834936600881	0.29760214684068	0.611336788793378	1.63031994364834	0.844979322627362	0.610962954961019	1.01917631167122	1.30389498943329
0.522384872544892	0.310518996464601	0.210730833592664	0.49299848835663	0.330742784739853	0.303564700751823	0.35582189328201	0.769179831394255	0.454679776997513	0.592114990105346	0.449518156505271	NA	0.460617580551852	0.233395884391348	0.309948014907674	0.365865014591294	1.80543006464766	NA	0.439295656630089	0.78059297227253	2.50874360335028	0.8483405724509	0.874091000405572	0.338201157356238	0.755791857328205	1.6177889324759	0.935611592260848	0.901248340703287	1.01100231464759	0.607318172791437	0.693166925179646	0.820477052947398	0.919643440890505	0.641042049792514	0.667057718134982	0.784675010821658	0.704399813014431	0.817075477181487	0.951345475790257	0.648603476799015
0.956246952070703	1.35240241972278	0.847157542790782	0.959256612396597	0.63265515948501	0.757788894739098	0.895570751590037	1.11666303237047	1.13161749766455	0.517333581505318	0.730650934878451	0.671263384190087	0.924739679724533	0.673195722296483	0.853777996299966	0.395807453741681	2.48610319903565	NA	0.464961547904913	0.793763648809171	1.1128213955279	1.14960272739745	0.411444524131051	0.538059918453408	0.86335752483685	0.940332225524955	0.347422900966213	1.19422786111286	0.616755200875888	1.82014218510439	0.666705420560799	1.03293472779245	1.11001654770142	1.65738441146903	2.15975345395648	0.653152396309894	0.632809953500519	NA	0.856709058662595	0.855532167313925
0.270948458761555	NA	2.20143533668378	1.10915658531607	NA	0.442582954774796	0.512170274617058	0.966892264761046	NA	1.57477290005187	1.26114539221503	NA	NA	0.265520232897502	NA	NA	0.302350351445251	NA	NA	0.8297596127994	NA	0.445782140653669	0.707107426580424	0.687095467034592	NA	NA	1.26223127690551	NA	NA	NA	NA	NA	NA	NA	NA	NA	NA	NA	NA	NA
0.270163888910991	0.298632763081645	0.794536320255248	NA	0.843880235136474	0.575091261778161	0.825530709496795	NA	NA	NA	NA	0.519590653209423	NA	0.350486339921009	NA	0.780926969458982	NA	NA	NA	NA	0.445713052995283	0.638800075453397	NA	NA	NA	NA	NA	0.798381333105932	1.51457939483083	2.08017411926043	1.12492583921412	NA	0.666809898095709	0.71520837236269	0.713064483576573	NA	NA	1.03586595836847	NA	NA
NA	NA	NA	NA	NA	NA	NA	NA	NA	NA	NA	NA	NA	NA	NA	NA	NA	NA	NA	NA	NA	NA	NA	NA	NA	NA	NA	NA	NA	NA	NA	NA	NA	NA	NA	NA	NA	NA	NA	NA
NA	NA	NA	NA	NA	NA	NA	NA	NA	NA	NA	NA	NA	NA	NA	NA	NA	NA	NA	NA	NA	NA	NA	NA	NA	NA	NA	NA	NA	NA	NA	NA	NA	NA	NA	NA	NA	NA	NA	NA
NA	0.696059786384553	0.78383777336809	0.705541801376273	NA	0.667023501812986	NA	NA	NA	NA	0.610574139168848	NA	NA	NA	NA	NA	0.426392611439515	NA	NA	NA	NA	0.674435393464783	1.2602227047791	0.507707953738965	0.437495511185774	0.322133928128037	NA	0.599250442841439	0.452273749307561	NA	NA	NA	0.520975426120176	0.191449176090878	NA	NA	NA	0.447209628161076	0.615207234868044	NA
NA	NA	NA	NA	NA	NA	NA	NA	NA	NA	NA	NA	NA	NA	NA	NA	NA	NA	NA	NA	NA	NA	NA	NA	NA	NA	NA	NA	NA	NA	NA	NA	NA	NA	NA	NA	NA	NA	NA	NA
NA	NA	NA	NA	NA	NA	NA	NA	NA	NA	NA	NA	NA	NA	NA	NA	NA	NA	NA	NA	NA	NA	NA	NA	NA	NA	NA	NA	NA	NA	NA	NA	NA	NA	NA	NA	NA	NA	NA	NA
0.818462981048084	0.592361276066261	0.667976967171343	1.01753681316947	1.09079434240848	1.10666739344903	0.853295465726948	0.50975913707271	0.956536817044837	1.32594009386673	0.774117947002176	1.11451952254929	0.672677819234056	0.588916898209043	0.425399450218912	0.366680157721277	0.51360063650523	NA	0.330242254795237	0.475340708012671	0.824585265499678	0.286290380031256	0.261678285390011	0.351329584809917	0.433716325299149	0.401960248385496	0.979798836678075	1.25243601615049	0.199909247815208	0.951423360981376	0.731592576538917	1.06712554185738	1.98221472338996	0.645266392397102	1.25844249213037	0.337183205652276	0.824634939696714	0.530822666564679	NA	0.838786946231062
0.599889651094002	0.969225139291451	0.639034987845336	0.775805302274951	0.780419526527846	0.507805573861958	0.311905337853201	0.336695235637729	0.364941900320027	0.76179244213484	0.527192727772179	0.591616020740829	0.935721752655835	0.633545778642921	2.00543869147962	0.346909904436851	1.55323874111983	NA	0.558838317737671	0.822233194779655	1.80350398825319	1.5988565529425	1.58624614311212	0.381949047507007	0.763888100491939	0.186398542899394	1.02747321052098	1.41811851923699	0.972220543292039	0.632287001845766	0.882607881288836	0.653480429461519	0.748648503985934	0.760322246082832	0.413230057668283	0.323237877927482	0.278643355111574	0.646324368165524	1.19902731946535	0.517178909059958
0.48232394544901	0.635735732502069	0.359856427713424	0.86298503859003	0.610788543278744	0.580204250234055	0.528004274606038	0.471164555141729	0.457134703196038	0.548448836194828	0.376001491690809	0.597597604376008	0.459478965746646	0.130981342760997	NA	0.32475861880631	0.171567506134432	NA	0.737344261648906	0.438793760099333	0.616760470408997	0.785175335260668	NA	0.44103851160079	NA	NA	0.712090225626593	0.469223433703978	1.04496120227935	0.669264667493988	0.956708198475936	1.05090173252713	0.889698635140302	0.910789426061283	1.01489888409769	1.03690986217189	0.775416692741528	1.32188243407974	0.849051690269022	0.953526378757093
NA	NA	NA	NA	NA	NA	NA	NA	NA	NA	NA	NA	NA	NA	NA	NA	NA	NA	NA	NA	NA	NA	NA	NA	NA	NA	NA	NA	NA	NA	NA	NA	NA	NA	NA	NA	NA	NA	NA	NA
NA	NA	NA	NA	NA	NA	NA	NA	NA	NA	NA	NA	NA	NA	NA	NA	NA	NA	NA	NA	NA	NA	NA	NA	NA	NA	NA	NA	NA	NA	NA	NA	NA	NA	NA	NA	NA	NA	NA	NA
0.724677895512582	1.07447055455491	0.468801896131283	0.847318306451331	0.628443494806829	0.485420503634758	0.460380775758821	0.639237543952396	0.889880001345572	1.21779719539827	0.441979610780776	0.514200500758766	0.352145291349238	0.856830476796418	1.12209857736634	0.346928003419055	1.0118804542035	NA	0.810812111767509	0.661095426962416	0.784213582177068	NA	0.492293182254771	0.614591914880985	0.358460371915944	0.298160596317239	0.286522897238259	0.547003205475254	0.637388924752908	0.248555265868526	0.464190053787188	0.408534005444751	0.360683645739605	0.312649396366984	0.200982220854304	0.236512868223508	0.559022549962656	0.167876321787644	1.00925154883614	0.388106327277227
NA	0.901305096032182	0.81154600234203	1.09826804164251	1.10895392257139	1.20183216755312	0.984435521275768	1.24504830889657	1.86194181571458	0.921687610305512	1.0143218577324	NA	1.01528155884117	1.44660830326779	1.50885305958682	1.02359510640643	1.05855030606671	NA	NA	NA	1.62345391224328	0.758522796192246	0.540034270260017	0.357802366410272	0.879274375322344	1.06470575328869	0.944195084919748	1.5327820811766	NA	0.584749537682253	NA	0.855211768301699	1.47009880092986	1.4394339275442	1.65890732229426	0.928443173866583	1.33081955256235	NA	0.949406076439221	1.15081185188919
0.74611426505551	1.04266178381878	0.715349603071941	0.881164111883462	0.842840967725582	1.98035165027069	1.36403544051188	0.901434347595697	NA	1.12295421295943	NA	1.10093023199255	NA	0.796582390291826	0.911313407020974	0.617393010467399	1.21135542621038	NA	0.473910977685477	0.401632861297054	NA	0.793235509420805	0.792288251872142	NA	2.62236924781386	0.630381284963746	0.811331445998855	1.60974058222095	1.04613883903455	NA	1.14322516762757	0.499950033932363	1.08825127586381	NA	NA	0.0352115840738587	0.474774380086293	0.484719045233704	0.536343867390837	1.12561224740397
2.56434492555889	NA	NA	1.11340040207204	NA	0.856580791846256	1.00888207158871	NA	1.34741801650244	NA	1.15721906277255	0.877107197465321	0.945854456313043	NA	NA	1.84015695450855	0.95483062121137	NA	0.603360877294859	1.67463160557228	NA	0.693414880509929	1.4675411001294	2.01794261497571	1.70845578237024	NA	1.96939879232168	1.60735718615063	2.17408764571217	2.20442485561702	0.680115202968177	1.08167145090944	1.36315180023863	1.01748654769071	1.19127013167329	1.57309171275432	1.4601884151714	1.97245221826697	1.95691418239151	1.36100370815066
0.912892448479077	0.391382479064529	0.502788085624257	0.567988385401967	0.78915642597945	0.264571838516888	0.739931024508244	0.924744475146002	1.13215533439024	1.89035059369163	0.897476157707815	0.484410344788127	NA	NA	0.228683514853661	0.330005109756219	NA	NA	0.560426160514484	1.07897295881464	2.13481430030773	0.637220180678928	1.00194409741198	0.597401064165599	1.38254130770923	0.70191836976439	0.680288560370384	NA	0.706965860749458	0.55271478913079	1.91670712042492	NA	NA	NA	1.74094161837179	1.21842497914314	1.14677730542111	NA	2.44434226403008	NA
0.380650157239505	0.686583818612892	0.522699347156774	0.359381574633699	0.746606963960635	0.74321563053608	0.587238186364907	0.806235141716972	0.166285731630027	0.440789338902788	0.910012357770241	0.804985546806424	0.688747333928146	0.456229145282044	0.673947766329725	0.095004540885792	0.854069743185772	NA	0.877864573145277	0.307840545910177	1.26500904399107	0.643106227681091	1.23333331693692	2.71566534631919	0.438603434555504	0.861828512148136	0.8256645191851	NA	1.61191574099359	1.39292125073536	NA	0.93901462659775	NA	1.61179663173335	NA	NA	NA	NA	NA	NA
NA	NA	NA	NA	NA	NA	NA	NA	NA	NA	NA	NA	NA	NA	NA	NA	NA	NA	NA	NA	NA	NA	NA	NA	NA	NA	NA	NA	NA	NA	NA	NA	NA	NA	NA	NA	NA	NA	NA	NA
1.12452097043673	0.292395426320057	0.367763319517657	1.16380057525601	NA	NA	NA	1.23729713209224	0.646952665643122	NA	0.809595220033388	0.515553213334701	0.453498395592474	0.491471963645793	NA	NA	0.529041315960383	NA	0.535824887794433	0.666181238631388	NA	1.63280956389671	0.483871806323501	0.334144959963064	0.288661638371888	0.784954784607898	NA	0.515728823034377	0.730503090353198	NA	1.15973166496314	NA	NA	NA	0.775510354151048	0.50674213495724	0.224345934508251	NA	0.250373033068878	NA
NA	NA	NA	NA	NA	NA	NA	NA	NA	NA	NA	NA	NA	NA	NA	NA	NA	NA	NA	NA	NA	NA	NA	NA	NA	NA	NA	NA	NA	NA	NA	NA	NA	NA	NA	NA	NA	NA	NA	NA
NA	0.501683917639511	0.182664312142963	0.486718837368233	0.936625229051678	0.736574420895097	0.341204177229076	0.839040970007659	0.662722501805857	0.528445734213234	0.723483693438857	0.699944369687215	0.325544563839838	0.405507882207289	1.12909780695885	0.163204824113376	NA	NA	0.463280610519442	1.30597507635505	0.74545671222056	1.20933926054041	0.732414413882088	1.04416629854057	0.990397261550415	0.907628431839958	1.11015843586023	0.888340352774952	0.778069631814619	0.84346617268504	0.897816169139024	0.550862649563746	NA	1.37296262298924	1.40548201939415	1.60285921996879	1.66804232653357	1.75294324676977	NA	NA
NA	0.396040107100727	0.731624386972471	0.502447262342574	1.13546696659724	NA	0.167773979005635	0.209269637411079	NA	NA	0.462486573453924	0.346674750855507	NA	NA	0.463616120856745	NA	NA	NA	0.390624431230819	NA	NA	0.522625025980174	0.273626443638656	0.568219129954914	NA	0.341825249514442	0.256980717783525	0.92261261402768	0.997431139538424	1.12202462817381	1.42197041656201	1.65663162783797	1.46536249098961	NA	1.0101242708716	0.718102245240322	2.13015750158644	NA	1.78831497450682	1.45038619532042
NA	NA	NA	NA	NA	NA	NA	NA	NA	NA	NA	NA	NA	NA	NA	NA	NA	NA	NA	NA	NA	NA	NA	NA	NA	NA	NA	NA	NA	NA	NA	NA	NA	NA	NA	NA	NA	NA	NA	NA
NA	NA	NA	NA	NA	NA	NA	NA	NA	NA	NA	NA	NA	NA	NA	NA	NA	NA	NA	NA	NA	NA	NA	NA	NA	NA	NA	NA	NA	NA	NA	NA	NA	NA	NA	NA	NA	NA	NA	NA
NA	0.994129862536834	0.667740016698911	NA	NA	NA	0.472457962182949	0.54628392392709	NA	1.05501056232957	1.0278662586789	NA	NA	0.723056825636321	0.382914085751831	0.502558370825359	NA	NA	0.302051524204566	NA	NA	0.722512650582612	0.65405373166641	0.502758498118369	0.662271481019538	0.319995664869083	0.544608111735769	0.950365158021873	0.302490771053778	0.496936455448603	0.409585857495995	NA	0.435163849314	0.0439775275797333	NA	0.547865190028565	0.698305814967823	1.32362326538582	0.566152488413371	0.744079307282565
1.12481862141302	1.40297597895403	0.425792505886679	1.60502848420297	0.25950177707399	2.00918282366289	0.190483627476402	NA	1.50397901001473	1.20760371565949	0.309355457216567	2.08393231765975	0.694390663868858	1.78826427709727	2.07134875883809	0.465549390188657	0.200259173786767	NA	0.694398108996814	0.607963644455494	1.56884357126387	0.718014910204975	1.14880063306723	1.69558894853298	1.68330949927195	0.36137027103145	1.8574733269571	1.11408047441036	0.862750723330195	0.966605911673267	1.67939205764107	1.6351402703232	0.796871123532401	0.816716449173582	1.78633255555808	1.21754043285193	1.97552483587904	2.47697271650133	2.38239814227263	NA
0.382608730184982	0.518920736746042	0.845490528967486	1.1690532865157	0.78757033926067	0.864583841565207	0.623785430197089	NA	0.980703237246157	0.543855338969216	0.981226546474772	0.495514291627357	NA	0.473697379719319	0.282054560237466	0.887043127651114	0.364848430532742	NA	0.558948340340942	1.15417800481144	NA	0.830924949959186	0.750121869212329	0.412405402705821	1.94691700099662	0.527669522721887	0.936648133094639	1.38099885578797	0.993456454249775	1.0628938370949	1.33159138774931	1.74047217468668	0.923172024174268	0.774410847001994	1.41302045797217	0.954418260413177	1.62304842128622	0.903800289888556	0.614022631505893	0.508050326710036
NA	0.709431792224458	0.524762856767456	0.916070675791251	0.759928842312922	1.33895836042466	1.04004258774568	0.854948900032108	NA	1.2466942430619	1.19650805787371	0.894424387311785	0.91209055453437	NA	0.714650462442353	0.524261213414064	NA	NA	0.5218176739349	0.372607442824015	NA	1.82326430151188	0.439088467278788	0.399301820939107	NA	0.709470865769519	0.788332581891654	NA	0.733551518260009	0.712905649929492	0.542247091020975	NA	NA	NA	0.757057356724077	NA	1.08787912432215	0.792059125258606	0.579038621700033	1.19908324385451
1.7062926353103	1.84175170689813	0.456355100865112	0.460316937149776	1.99555676738228	0.302132903475505	0.275119724557134	0.260863613011743	NA	0.339059157170193	0.592893194176214	0.206886999615705	2.19591229643446	0.149884387177566	0.0594492126387418	0.583894537063833	0.289831952847492	NA	0.493487652254427	0.407975545472839	2.21928956632409	0.411489416507978	0.546074033620298	NA	NA	NA	0.776821929073668	NA	0.655212329896974	0.614257838047099	0.61075409738136	0.780388835604419	0.65311810217808	0.653072837002709	0.487908577116071	0.46345641319289	0.851724591722852	NA	NA	0.752746793035902
0.725294553856924	0.622010886865764	0.637043884603277	0.830776200971146	NA	0.931664393794158	0.825583779204822	0.976093277076099	0.733446565557633	0.596486816146506	0.741772894303599	0.462106845113688	0.168027542137692	0.422409155922239	0.28098756524551	0.378061507073482	0.120314271419827	NA	0.263555588253002	0.613872031105146	0.323582177787228	NA	0.425758445351535	0.43076259987485	0.539800261884173	0.263878916675448	0.315875675840309	NA	0.249129337755296	0.344171745807879	0.399191026324765	0.339111591502675	0.7046490202262	0.610181810186844	0.498116884910796	NA	0.797229414884422	0.560713060993433	NA	NA
NA	NA	NA	NA	NA	NA	NA	NA	NA	NA	NA	NA	NA	NA	NA	NA	NA	NA	NA	NA	NA	NA	NA	NA	NA	NA	NA	NA	NA	NA	NA	NA	NA	NA	NA	NA	NA	NA	NA	NA
0.589516495060091	0.687308937765727	0.882083076253382	0.393053819430194	0.838743896947262	1.09873550603067	0.828668531844773	NA	NA	0.254278199105782	0.477573567362721	0.356366108585947	NA	0.533541856987631	NA	0.652177443803328	0.989130276500701	NA	0.490513589303972	0.404840336084419	NA	0.818086416088311	0.472958473027481	0.494146695343963	0.686726093308346	0.510416464141925	NA	NA	0.246665486074191	0.469709184583542	0.139266052334366	0.384759598696841	0.411345312856427	0.249805920568947	0.34758777665062	0.564786777022596	1.10850060228021	NA	0.292428500316505	NA
NA	NA	NA	NA	NA	NA	NA	NA	NA	NA	NA	NA	NA	NA	NA	NA	NA	NA	NA	NA	NA	NA	NA	NA	NA	NA	NA	NA	NA	NA	NA	NA	NA	NA	NA	NA	NA	NA	NA	NA
0.253564100732678	0.837713107854374	1.29947863281835	0.532875170307319	1.00921475428992	0.930648735627291	0.752536048993125	0.636381136364954	1.50731841463658	NA	0.190538796371027	1.77409377351358	0.796538400017335	NA	2.02546306928798	1.12893244277654	NA	NA	2.07292844587974	0.585354109111982	NA	1.70541895651883	1.08357370110835	NA	1.4334550899572	1.98461278703947	NA	3.17610862594834	NA	NA	NA	NA	NA	NA	NA	NA	NA	NA	NA	NA
0.979379442095764	1.17733837260189	1.65358038320781	0.574897284485483	NA	2.14413397034296	1.91981232692155	1.83175993265751	NA	NA	1.26774978579765	0.944738629892371	1.15253701689799	0.199210988368842	0.762381022377195	0.785261920110555	0.873894143263876	NA	0.424927287511346	0.512855299933462	NA	0.314976199467037	NA	0.956203411467294	0.892207753780654	1.19152067902112	0.611371540472588	0.835554178811096	1.30294284643092	1.44323695002479	1.57804217875923	1.09344210486126	2.26332112805999	1.19125514024102	NA	1.41610544959482	0.695591779234185	1.16148389111285	NA	0.886128929452714
NA	0.666788806389098	1.0673133785108	1.01463248350736	0.824556129868653	1.04524727053493	1.3669172247548	1.29249957938427	0.975132737619097	0.707374894667386	0.940359629764689	0.411965923100604	0.472153793111038	0.245729571704864	0.508682657724202	0.323169403583406	0.208620078649054	NA	0.374121844906137	0.313492158798157	0.497817768054104	0.173425145063148	0.445414133536937	NA	0.408834877397242	0.957177891360118	0.304553395809035	0.46139579099239	0.530096400988035	0.725841085985601	NA	0.7465177094194	0.532914492767557	0.566371141976779	0.892372409822599	NA	1.23491599793337	NA	NA	NA
0.388459285575441	2.08366487432497	0.843363777849169	0.556950065028668	0.593965290330843	0.438367643556777	0.834425160028591	0.848745604447343	0.578397155373753	0.771142867978948	0.55381934361465	0.429757892934113	0.665832790920215	0.229644336738005	0.559896327797665	0.929305555911903	0.815465765969292	NA	2.06769873658755	1.95462433086622	1.00411827865261	1.46918586282489	1.44507544442078	1.75757832591184	1.67097960116306	1.58735545731428	1.57896438285228	1.79038899162138	1.73414917331142	1.5470898260992	1.66415522289401	1.8056944757164	1.92295189334765	1.91535166804778	2.21063645339234	NA	2.61909968294798	NA	2.88543419736999	2.70815022547067
0.738668369124379	1.83144628594443	0.574485320934968	0.810458629418851	1.15062557171938	1.42713182098779	0.469224292167568	0.55140483122848	1.84212818996247	1.45075007877778	1.71366463090275	0.768013470897067	0.577190722998872	0.799083376821666	0.633392540292058	0.70243464466929	0.326087709882307	NA	0.202283087240062	0.36764428272497	1.17315659117403	0.904447677961743	0.341278540520893	1.47321275772829	1.03201167782953	1.15958714995632	1.51048432216493	1.24908175201925	1.88017921861399	1.08286030932711	1.07476036118089	0.8935550972162	0.924115963399817	1.16311823157599	1.31311543381403	0.495095876106234	0.922026040013907	0.102705247756981	0.225592672789759	0.693439614872944
NA	NA	NA	NA	NA	NA	NA	NA	NA	NA	NA	NA	NA	NA	NA	NA	NA	NA	NA	NA	NA	NA	NA	NA	NA	NA	NA	NA	NA	NA	NA	NA	NA	NA	NA	NA	NA	NA	NA	NA
0.684449755605368	1.13862490681605	1.40217734337602	1.5049175775293	1.35156013676542	1.66017002005974	1.29650329271709	1.07709355628263	1.32367374068532	1.16327732376193	1.01201604488327	1.55416695786807	1.18843753608233	0.999048733546755	1.76843821449592	1.02496131696301	0.783148699350919	NA	0.871690832623663	0.98259585587167	1.23593511625486	NA	0.557767318988858	1.65949825500333	1.72276050073446	1.29279928588907	1.32849269225489	1.04188440431023	0.903737197187487	1.14845391109676	0.732787726968955	1.44720427040957	1.5294151313669	1.39096776901992	1.49774343878599	0.483249967067062	0.543148153432304	0.447496856273421	0.823487959422621	0.386989866980047
0.738830829268264	0.501148358809947	0.617805831243718	0.610235242849425	0.754670035506494	0.713294794698313	0.684387012693565	0.186906415351994	0.550116952583983	0.692466697403586	0.758984665318386	0.804096504471709	0.424165468738162	0.705246529702374	0.356143759527584	1.94515248580303	0.331721975861626	NA	2.16192912897128	0.747694750959714	1.67314045712868	0.769282556887528	1.77182198588922	0.839058639737673	1.38783388681614	1.71229985876141	1.75984157293123	0.846266979643442	0.426618570811753	0.713411480192551	0.628141204428659	0.882344660566047	0.645307487032375	0.718779751844486	0.580491181487014	2.19868567457847	1.69171471477821	1.16928238990889	1.48299192412135	1.66011462376279
NA	NA	NA	NA	NA	NA	NA	NA	NA	NA	NA	NA	NA	NA	NA	NA	NA	NA	NA	NA	NA	NA	NA	NA	NA	NA	NA	NA	NA	NA	NA	NA	NA	NA	NA	NA	NA	NA	NA	NA
NA	NA	NA	NA	NA	NA	NA	NA	NA	NA	NA	NA	NA	NA	NA	NA	NA	NA	NA	NA	NA	NA	NA	NA	NA	NA	NA	NA	NA	NA	NA	NA	NA	NA	NA	NA	NA	NA	NA	NA
0.241035469401971	0.477141636575612	NA	0.282212887541785	NA	0.566648957992953	0.547430926554153	NA	0.656049683211543	0.566593141918147	0.21608215547629	0.202770113008798	NA	0.50635445338509	0.386132372769504	0.336148451401881	0.330055434753727	NA	1.15305508471846	0.0745245320892815	NA	0.325695341907306	0.314609880552758	0.908883027290688	NA	0.551485421791284	0.789882822369669	0.601703178494797	NA	0.347578715887336	0.472762593850508	0.412779707154707	0.509677706728103	0.640487148712868	NA	0.111505200623748	0.347429419918284	1.23003498800604	NA	NA
NA	NA	NA	NA	NA	NA	NA	NA	NA	NA	NA	NA	NA	NA	NA	NA	NA	NA	NA	NA	NA	NA	NA	NA	NA	NA	NA	NA	NA	NA	NA	NA	NA	NA	NA	NA	NA	NA	NA	NA
0.938229482550272	0.837961883326284	0.560376751253248	0.909616464056507	NA	1.19106953977929	0.975104406755533	0.955074086041756	1.02734606084289	0.881213057950994	NA	0.793875939340179	NA	0.495208418364973	NA	0.339819949278312	NA	NA	0.691504335804233	0.337923092978822	NA	1.02195001641842	NA	NA	NA	1.60727209353569	0.779770921491039	0.745981608245493	NA	1.05882454625286	0.486516643253064	0.403756209659234	NA	NA	NA	NA	1.86601736277882	1.4558115786577	0.876152629157035	2.25262433049104
NA	NA	NA	NA	NA	NA	NA	NA	NA	NA	NA	NA	NA	NA	NA	NA	NA	NA	NA	NA	NA	NA	NA	NA	NA	NA	NA	NA	NA	NA	NA	NA	NA	NA	NA	NA	NA	NA	NA	NA
NA	NA	NA	NA	NA	NA	NA	NA	NA	NA	NA	NA	NA	NA	NA	NA	NA	NA	NA	NA	NA	NA	NA	NA	NA	NA	NA	NA	NA	NA	NA	NA	NA	NA	NA	NA	NA	NA	NA	NA
0.620453218299882	1.06896117255602	0.856806124270613	1.63000715174619	NA	NA	1.35539710362622	0.899987393105036	NA	0.831925488171341	0.486858123954008	0.980759992829288	2.21163603258351	NA	NA	0.731500026437095	NA	NA	1.60788558662955	1.6144114360599	NA	1.34729174552126	1.00498088238147	1.01599401899265	NA	NA	NA	NA	NA	0.627161260847434	0.579469079194121	1.38033418231623	1.48109833040632	NA	NA	1.42168064081605	2.47562034151278	1.38994818514073	NA	NA
NA	NA	NA	NA	NA	NA	NA	NA	NA	NA	NA	NA	NA	NA	NA	NA	NA	NA	NA	NA	NA	NA	NA	NA	NA	NA	NA	NA	NA	NA	NA	NA	NA	NA	NA	NA	NA	NA	NA	NA
2.53065991282237	2.61933281467214	2.76303676125318	2.27984371052624	2.2415313006898	2.4316798690082	1.80324482637712	NA	NA	NA	NA	3.44206162529829	NA	NA	NA	2.85379772677236	NA	NA	NA	NA	NA	NA	NA	NA	NA	NA	NA	0.793675180540499	2.88384970913277	NA	2.17960434252703	0.952229825287302	NA	NA	NA	1.17509312893944	NA	NA	NA	1.71148050233361
1.5399761058593	0.844680839102883	0.495260935345147	0.8446337529052	1.08327647353788	0.89107009746734	1.46309477302931	0.670645695651366	0.621512249013996	1.06481487945661	1.13592518004391	0.852274121927587	0.191726471185444	1.01510177053474	0.750155063145942	0.487774058343841	0.42489068784973	NA	0.273442504058641	0.310947618452474	0.796291949283763	0.988767945377378	0.106494748959842	0.414168729545648	0.168408517833012	0.223911494790189	0.387021131814415	0.989186685557143	0.611893613593544	0.788082188183335	0.482582730277295	0.937479424845277	0.61895912455777	0.659505841178902	1.57960145167015	NA	1.0225434947748	1.16288534289879	0.64838393645981	0.948908529092108
0.501494793423575	0.618976946360468	0.739716487719573	0.480114367723611	0.511598141807596	0.747608024031304	0.97488879552773	0.734690623192434	0.570909037818308	0.265478651672346	0.256551381394479	0.181958103658448	NA	NA	0.952012168686708	0.330441660453215	0.186851574372106	NA	0.351248403038885	1.0025593496649	NA	0.850120157979133	0.918490111365404	NA	0.755018851163681	0.339351302878376	0.315360353520524	0.515761174757998	0.281468148119664	0.483479230861822	0.541345210569306	0.879709449663365	NA	0.571692553841553	NA	0.897965168061089	0.707575524165053	NA	NA	1.01271854950453
1.09136238111891	0.382798638961154	0.795980513673245	0.415490349735754	1.21199994127867	0.316310137451306	0.909987241637033	1.24279336744812	0.645324974595628	0.817769411789337	0.788654667611571	0.328143826693251	0.286397982853613	0.535295681625638	0.395535719236342	0.0974880026039326	0.16841390885943	NA	0.469770602436839	0.240540935173632	0.33641516983415	0.182819574425787	0.293339000488838	0.755972947187275	0.555548067685983	1.3032476855987	0.397528314368339	0.391696428393601	0.449217521163672	0.362465067951796	0.652099192953036	0.84785556739904	0.569899030276882	0.75436465169434	0.916158544342679	1.06143556540106	0.931031560713613	1.1109356235455	0.748761202815283	0.899307914097599
NA	NA	NA	NA	NA	NA	NA	NA	NA	NA	NA	NA	NA	NA	NA	NA	NA	NA	NA	NA	NA	NA	NA	NA	NA	NA	NA	NA	NA	NA	NA	NA	NA	NA	NA	NA	NA	NA	NA	NA
1.25734182518942	0.443221742856101	0.297811939976385	0.212280475337461	0.75716958233378	0.446936021109787	1.24335574121225	0.42804452791255	0.468433123099446	0.822673766085477	0.998957691390041	0.982720136718439	0.797370680051102	0.348506451242627	0.395299163463004	0.720900628018827	1.01111905173503	NA	0.398215478481371	0.335304512448109	0.485482312566752	1.05129014653996	1.48110156801872	NA	0.81933837682861	0.626001684787741	0.65710738766299	0.841864493815978	0.702494386735068	1.10210587131511	1.47149978108843	0.976191058479699	NA	1.81885931137822	1.01148393154763	2.4882440344364	1.76971927473955	1.94422370446499	1.74967791265896	2.34030048439396
NA	1.47614663041906	2.07696129034923	NA	NA	NA	NA	NA	0.954097742506921	NA	1.61791933836107	NA	1.47567934706534	1.54990423742762	1.69817548424117	1.3181521638333	1.96549524081246	NA	1.90072990074168	NA	1.96850449156613	2.0354411203504	2.24585377571701	NA	NA	1.81509075498011	1.58419697246825	1.3139845518945	1.2726007998071	1.66681869687196	1.59427109675504	1.6810298800388	1.26056716147682	NA	1.17369639026781	NA	NA	2.0479988034017	NA	1.73487661582215
NA	NA	NA	NA	NA	NA	NA	NA	NA	NA	NA	NA	NA	NA	NA	NA	NA	NA	NA	NA	NA	NA	NA	NA	NA	NA	NA	NA	NA	NA	NA	NA	NA	NA	NA	NA	NA	NA	NA	NA
NA	0.761720383029967	1.07284820199932	0.858044555594338	0.913951903053806	NA	1.41677266422401	1.62172551646191	NA	1.08030203491437	0.914095829752595	0.211673679695052	0.673720538784998	NA	1.10541654847473	NA	1.55084283638318	NA	1.23174816193312	1.04578557968192	0.924644093246709	NA	NA	0.576719933775151	NA	1.06413027733232	0.680367644096075	1.06242714604361	1.19102481665838	NA	NA	NA	0.931963524356626	0.870689923206571	NA	0.803895119348168	0.857030417037335	0.660232327892996	0.890965780075056	0.990900672784223
NA	NA	NA	NA	NA	NA	NA	NA	NA	NA	NA	NA	NA	NA	NA	NA	NA	NA	NA	NA	NA	NA	NA	NA	NA	NA	NA	NA	NA	NA	NA	NA	NA	NA	NA	NA	NA	NA	NA	NA
NA	0.870473862931914	NA	0.960473309304618	2.1267886784671	NA	0.990757405756071	0.801653237862009	0.837531395593867	1.04163183526082	0.903685966859061	NA	NA	NA	0.400476410535225	0.300166398153448	NA	NA	0.351158670940048	NA	0.204959623104202	NA	0.48886878978072	0.400597915772344	0.245228805461456	NA	NA	0.515021457592803	NA	NA	0.962816776008792	NA	0.853340238708962	NA	NA	1.5987212214018	1.27161577335076	1.35830376981258	NA	NA
NA	0.291021920063334	1.17598165322103	NA	1.27410197589579	0.435051570032422	0.952839893591881	NA	1.11537183688901	NA	NA	0.659846983828917	NA	1.30126126195342	1.30801789357275	0.60998231893185	0.985421830305938	NA	0.231451243635502	0.423472840799179	NA	0.433316625229857	NA	0.746150288300226	NA	0.66963352566207	NA	1.13008582327669	0.964053607361693	0.985439054336308	1.17630013322923	1.11218981811591	0.923273211112414	1.34007418909189	1.69053898395631	1.41531640581719	NA	2.02890458700949	2.39152188131586	NA
0.653048277380062	NA	1.92245987539843	1.80366020241414	NA	2.146432988637	NA	2.72231873344735	NA	1.02247217562424	0.540100279381814	0.40462098133285	NA	1.67503052136548	0.706539439252776	1.14048448126359	1.55241853055705	NA	0.598766772789792	1.45212275316458	NA	0.690233138035754	1.39651201190995	2.1331712677176	0.709319999872421	0.89171085897752	1.87044212014213	0.911455420267782	0.818756028264498	0.415646086799326	NA	NA	0.592115920809635	1.07617713226564	0.465061743163157	NA	0.480556310640651	0.736514361020421	0.595429666635127	1.00833949857693
0.567271491088383	0.231475544776757	0.454181294045248	1.02066189571506	NA	1.18496624057086	1.73889537132783	0.933862567363509	NA	NA	NA	1.07091723407287	0.663705071461171	0.356889861350301	NA	NA	NA	NA	0.9191033018919	0.494292439800691	NA	1.3700203409193	0.978748336895671	1.24306447970308	0.948791448844704	0.880654427835346	0.767451761942476	1.28408232876803	1.37690573768154	0.756922451313044	0.74042511448718	0.908592042791389	1.60121561234245	0.654073990035474	1.09459528997043	0.936696643346202	0.871668551893801	1.52590180321719	0.487551969778524	0.375558062619661
NA	NA	NA	0.736303331976274	NA	NA	0.786472453169234	NA	NA	NA	NA	NA	NA	0.457183052933124	NA	NA	NA	NA	NA	0.250216447676387	NA	0.284904096117714	0.699792251118861	NA	NA	0.318534424640939	NA	NA	NA	0.509751409216411	NA	NA	0.2528564343656	NA	0.542904890358109	NA	0.356509094990136	0.423211121669307	NA	NA
NA	NA	NA	NA	NA	NA	NA	NA	NA	NA	NA	NA	NA	NA	NA	NA	NA	NA	NA	NA	NA	NA	NA	NA	NA	NA	NA	NA	NA	NA	NA	NA	NA	NA	NA	NA	NA	NA	NA	NA
NA	NA	NA	NA	NA	NA	NA	NA	NA	NA	NA	NA	NA	NA	NA	NA	NA	NA	NA	NA	NA	NA	NA	NA	NA	NA	NA	NA	NA	NA	NA	NA	NA	NA	NA	NA	NA	NA	NA	NA
1.05447263658358	0.930085142566972	0.952049008018752	NA	NA	0.973009377233111	1.75432597644765	NA	NA	1.08173452137294	1.22563209135898	NA	0.507379884491963	1.01415560147428	0.737245239780287	0.445438462660534	0.274921198566574	NA	0.436851461195095	0.45459060741785	NA	NA	0.743449858347024	1.02043383732117	0.326980221445951	NA	0.687721626902793	NA	0.237890633619278	0.382004176069675	0.210401726167659	0.652376582325771	NA	0.458863093050654	NA	NA	1.69137911621387	1.20526003262848	NA	0.97898892165438
NA	NA	NA	NA	NA	NA	NA	NA	NA	NA	NA	NA	0.452684544067984	NA	NA	NA	NA	NA	0.198043031362757	0.508324626078977	NA	NA	0.852954808955429	NA	0.890164094725812	0.576246908905333	0.485048640436789	0.263523938355057	NA	0.962422941077695	NA	NA	0.874885956962081	0.711807078055331	NA	NA	0.304002301066983	1.02675902477995	NA	NA
NA	NA	NA	NA	NA	NA	NA	NA	NA	NA	NA	NA	NA	NA	NA	NA	NA	NA	NA	NA	NA	NA	NA	NA	NA	NA	NA	NA	NA	NA	NA	NA	NA	NA	NA	NA	NA	NA	NA	NA
NA	1.8764258409252	0.642545409191381	0.999203511828449	NA	1.23087093235733	NA	1.44437960527919	NA	1.45336295766611	0.496678196273528	NA	0.347871872020712	0.375697653886211	0.250427398362583	0.524862572712168	0.469419202096966	NA	0.724124292560647	0.642022759206451	NA	NA	0.562380135218012	NA	1.64060762562249	NA	NA	0.487502286857646	0.846286698449127	NA	NA	0.600134440411003	0.881426430043927	0.859138988891866	0.655222362342947	NA	1.49418625782503	NA	0.388498517505498	NA
1.373823468227	0.809821876297364	0.579804752231184	0.7478955845716	0.621357882122875	0.528216128633206	1.02269518479873	0.871036915510941	1.09834007262469	1.44762719551641	0.694035212893558	0.637799408851233	0.746964952177195	0.454360365990764	0.468870626615061	0.397835590851751	0.527648837496839	NA	0.708222768609367	NA	1.89519160238275	0.385506573903114	0.492482582349669	0.253723078615375	1.11474749120792	0.549593504044986	1.03725751989134	0.938610587689356	0.86982798278486	0.728229181314006	0.926219421081882	0.805642575099433	1.34775692432	0.868407021907248	1.51772536144659	1.56006443114561	1.07261577412397	1.10241881807921	0.0989150968247283	1.0816752573232
0.457030142674879	NA	0.679995168608165	0.824575460155453	0.706218655771203	0.872490338761508	1.09931428625947	0.849785211359457	1.06849534292429	0.711953059645744	0.570457198614355	0.554799845967714	0.487506177007954	0.512259904007477	NA	NA	0.665198891306444	NA	0.861290937477777	1.40886616899016	NA	0.647469641689271	1.83024758928397	0.877700395107839	0.691075236566318	0.338706583621585	0.548191527218132	0.976011440464799	0.888068407903796	1.05693480701378	1.43677249312721	NA	1.08852661574732	0.846911892680057	0.60950894452307	1.32343626843472	0.748108896643093	0.510271155827456	0.983539236954949	0.845317913806882
NA	NA	NA	NA	NA	NA	NA	NA	NA	NA	NA	NA	NA	NA	NA	NA	NA	NA	NA	NA	NA	NA	NA	NA	NA	NA	NA	NA	NA	NA	NA	NA	NA	NA	NA	NA	NA	NA	NA	NA
0.394350821685469	0.53303980183754	NA	0.931228486826088	NA	0.332397955830457	0.392049710908405	0.728117270754247	0.920303273613283	0.686848903985477	NA	0.589184595086385	0.227369544204219	0.413104138349114	NA	0.248901684275677	NA	NA	0.163311251753003	NA	0.263616718709975	0.500404691928639	0.649307499396106	1.0816753225954	0.549519094437615	0.737176673089403	NA	0.228344508597326	NA	NA	0.214165878594861	0.664148156657242	0.258032352766173	0.912649655345516	0.469389952269166	NA	1.00279342822369	1.12651208102057	0.281829203031195	NA
1.96479171347119	1.21295999154708	0.966419342168424	1.22237710098386	1.05599662258494	1.31187075675455	0.625144133520871	0.391458695364695	NA	0.57778627835457	1.32583581019379	0.82415689701846	2.42950519825336	0.755273348569475	0.329394301771748	NA	0.381196137659677	NA	0.89480102749279	1.46799505201423	0.827894491182695	0.578313505810192	0.776992508347707	0.286592667516114	NA	1.12050034532403	0.432574960916523	0.648554082948452	0.563789151962657	1.18455194773601	0.492738931497068	1.12678187343181	2.13859621724264	1.10589581720858	0.592283991098996	0.609431075758803	0.985483420793748	1.64777720187753	NA	1.47594054205383
NA	NA	NA	NA	NA	NA	NA	NA	NA	NA	NA	NA	NA	NA	NA	NA	NA	NA	NA	NA	NA	NA	NA	NA	NA	NA	NA	NA	NA	NA	NA	NA	NA	NA	NA	NA	NA	NA	NA	NA
NA	0.950094435329751	3.57678281076369	2.44060476185735	3.13611567289298	3.40753393453038	3.40957326663896	NA	2.68234553343531	NA	NA	2.53545405686963	2.60529077776108	NA	NA	NA	NA	NA	2.08762923728933	1.98905653963325	NA	1.59138488875938	NA	1.93638163047649	2.19159420515469	1.63208270957386	1.44233489403241	1.86394619427276	NA	NA	1.36100030085734	NA	2.84294229974769	1.10170127594969	1.1120259413726	1.63795140397035	2.47710833610453	1.5055368237578	NA	2.89150774026494
0.54844157787016	0.178822601765277	0.514333616136032	0.402004381908778	0.457986831915463	0.869414681876942	0.24390249938846	0.467075595059838	1.27645985560497	0.224874608230937	0.418987864396521	0.347640283376932	0.671320623511745	0.599031163497243	0.588253375330495	0.415606103285987	0.783513364123891	NA	0.501039949815827	0.427053488664342	0.811941961851354	0.505610930018273	0.63545529544279	0.424967478109927	0.895915671378162	0.641228915850098	0.656490977704888	0.627649234701682	0.803189737089571	1.16700992667202	0.532582049245316	1.11297904308269	NA	0.639541173407298	0.813043324082354	0.767189277542899	1.20825764341392	0.977848530897107	0.687210314490377	0.429949400220019
0.406227430357494	0.605300398679441	0.795997456154605	0.96121188378069	NA	0.700583390547663	1.06984771022699	0.994160351211225	NA	NA	0.610213843242286	0.288738906250306	NA	1.62704243874699	1.8202230675844	1.05677177961518	NA	NA	0.952156562473803	1.34656992320727	NA	2.00605238207724	1.76298427153245	1.43113777142998	0.949573549186292	0.400943360951678	1.29601348433435	1.13985794423222	1.88935627619942	1.80208157711782	1.65321332124971	1.39568871066758	0.690049156798218	0.867029852855108	1.3154641253394	1.06714791719722	0.692791283161789	0.631581129159294	0.51287168105891	0.802570393532243
NA	NA	NA	NA	NA	NA	NA	NA	NA	NA	NA	NA	NA	NA	NA	NA	NA	NA	NA	NA	NA	NA	NA	NA	NA	NA	NA	NA	NA	NA	NA	NA	NA	NA	NA	NA	NA	NA	NA	NA
NA	NA	NA	0.308351872481364	NA	0.492386475541384	0.262037460664294	0.407701120894779	0.453037861734056	0.298896309055036	0.232251276931186	0.22062484507443	0.292427460389407	NA	0.778940050374023	0.514113142167411	0.667675325202599	NA	NA	NA	1.14475936222224	0.701140502043263	0.283631671697296	0.117258056143306	NA	NA	NA	NA	0.416165549888331	NA	NA	NA	NA	NA	NA	NA	NA	NA	NA	NA
0.368811973326158	NA	0.651810128232014	0.971725195752295	NA	0.983799233059806	NA	NA	NA	1.23571782364805	NA	0.989418518866993	0.824888361266032	0.0902976177328469	0.370907307489834	NA	0.897583965290277	NA	NA	0.314219197149365	NA	0.423234831565791	NA	1.28754489719432	1.10496883930198	NA	1.3519054145188	0.612970995062385	1.14042382783842	1.22392874502304	NA	NA	NA	NA	0.955040884243936	NA	0.353077247414208	NA	NA	0.682465494666658
NA	NA	NA	NA	NA	NA	NA	NA	NA	NA	NA	NA	NA	NA	NA	NA	0.148969492066547	NA	NA	NA	NA	0.469250026288312	0.512359299234344	NA	NA	NA	0.337580102550469	NA	NA	0.53494935933397	NA	0.746465813852262	NA	NA	NA	NA	NA	NA	NA	NA
NA	NA	NA	NA	NA	NA	NA	NA	NA	NA	NA	NA	NA	NA	NA	NA	NA	NA	NA	NA	NA	NA	NA	NA	NA	NA	NA	NA	NA	NA	NA	NA	NA	NA	NA	NA	NA	NA	NA	NA
NA	NA	NA	NA	NA	NA	NA	NA	NA	NA	NA	NA	NA	NA	NA	NA	NA	NA	NA	NA	NA	NA	NA	NA	NA	NA	NA	NA	NA	NA	NA	NA	NA	NA	NA	NA	NA	NA	NA	NA
0.580648553848796	0.496309705095561	0.742842083184658	1.42799539773616	1.86995876144385	1.88238032223557	0.723559627653419	0.851954202763531	NA	NA	0.639595082228594	0.555139651611817	1.54143068454589	0.435143752819869	NA	0.491939430687389	0.400702984486339	NA	0.818713131809136	1.48766739940457	2.18053554628271	0.720637499134319	2.00223209998126	0.20730385713064	1.82313457500619	0.860220390846812	0.366255771273262	0.681283263322871	0.312555728121225	1.05480446463388	0.898071652472344	NA	0.90466595457211	1.19219076750275	0.801084679914623	1.48500672903187	0.742840557664647	0.863830758405367	NA	0.484385627403738
1.0097099694479	1.35396744805675	1.73514634000316	1.68354308266311	1.71342619682027	1.72487637244096	1.34366396179675	1.26721698044429	0.886422431490311	0.73827942138647	1.286465765245	0.427003219792515	1.51764112329799	0.3857745959295	0.657088748391407	0.759822992877409	0.674488076562309	NA	1.31912436581779	1.24890760258595	NA	0.581642500521914	1.39673095434126	0.135829861194308	0.753537240432461	0.391803042433722	0.525271006562426	1.22844650429129	1.05967824590488	0.980341919529995	0.956156920241046	1.66541093391696	1.47312610670906	NA	1.87086609395655	NA	NA	NA	NA	NA
NA	NA	NA	NA	NA	NA	NA	NA	NA	NA	NA	NA	NA	NA	NA	NA	NA	NA	NA	NA	NA	NA	NA	NA	NA	NA	NA	NA	NA	NA	NA	NA	NA	NA	NA	NA	NA	NA	NA	NA
NA	NA	NA	NA	NA	NA	NA	NA	NA	NA	NA	NA	NA	NA	NA	NA	NA	NA	NA	NA	NA	NA	NA	NA	NA	NA	NA	NA	NA	NA	NA	NA	NA	NA	NA	NA	NA	NA	NA	NA
0.719247005980575	0.426774813620506	NA	0.537915345150315	0.475072224796594	0.502042990831151	0.853239022871222	0.569541155970624	0.752189506849493	NA	0.936452551410921	NA	1.40023481463996	1.08118542704814	1.5687682520537	0.848807331206804	0.695677320548498	NA	0.646259323648035	0.570901008484362	NA	0.716364180397116	NA	0.679443697203207	0.942397264254825	1.40248869199976	0.339292530331747	0.199613299385949	0.438084035191399	0.367793906650265	0.377239979325456	0.478020716740926	0.53411245470773	0.224016249984708	NA	0.685440821816947	0.216606098411122	1.6290428050158	0.289489972366588	0.176194988833049
NA	NA	NA	NA	NA	NA	NA	NA	NA	NA	NA	NA	NA	NA	NA	NA	NA	NA	NA	NA	NA	NA	NA	NA	NA	NA	NA	NA	NA	NA	NA	NA	NA	NA	NA	NA	NA	NA	NA	NA
NA	0.229207800341521	0.383566648256208	NA	0.443555088551068	0.355505732875014	NA	0.47831824457934	NA	2.09301206570055	0.223579007287488	0.295917359278472	1.46379215850624	1.87485641203186	NA	NA	NA	NA	NA	NA	NA	NA	0.38558531767625	0.403135103137105	NA	NA	NA	NA	NA	NA	0.721882573187797	0.510467425043485	0.881833065461229	NA	NA	1.72884139430999	1.05447855162922	1.50696012674354	1.84163588515653	NA
1.60746030099722	NA	1.91770211329149	2.08911734557902	1.82222680911486	NA	1.59613681945299	NA	1.1440721370548	1.55112467240391	1.44086358544674	1.66953079125648	NA	0.649195745292958	0.393792666679226	NA	0.308378514531188	NA	0.917177660841387	0.82377984728685	NA	NA	0.348254401026932	0.384944026380641	NA	1.18328936690058	NA	2.23882941992745	0.4208749880287	2.16045966066835	0.58280419402412	2.19402684078731	1.81658551252392	1.38285842050692	0.381193606876911	0.499279473080055	1.88010639805603	0.898779697202116	0.936183793231491	0.816822156528849
0.897035327410313	0.687672763232926	0.562697308017075	0.521602988524893	0.89903427823431	0.898477404877143	0.611104520290907	0.861804150376905	0.60143503103262	0.71328835503747	0.410394917643593	0.725605492264165	0.90432920114764	0.327179566724394	0.395611123912149	0.727190903821085	0.313018880308991	NA	1.12842862591926	0.691533759428732	1.11402376037739	0.807243701113639	0.716828228060809	1.099438317496	0.633933808365574	1.19968571782202	0.860093470655679	NA	NA	NA	NA	NA	NA	NA	NA	NA	NA	1.89212740752612	2.52740230559608	NA
0.31081586115733	0.253725715530617	NA	1.75644261267115	0.255621410245954	0.374074224089833	0.969470236059673	0.235339287095215	0.112548561137818	1.92876818546064	0.22811644972494	0.20629679520511	1.42956363870736	1.42446173707586	0.641218344892813	0.996399020032061	1.22827262707978	NA	0.903990895946441	1.21643383837881	1.00887381818851	1.09757905150605	0.577057481594734	0.589875797928694	0.797953755234404	0.768852614005934	NA	0.459993703807041	1.27513122178212	1.00400086620339	0.667361808614053	1.49451155741963	NA	1.13516501674284	0.407944968958074	0.126880610507142	0.814973218381282	1.17642075748766	0.531470294809266	1.41586296147486
0.665568978941742	0.734428670525126	0.67175681639795	1.06030040083835	1.48619032199602	NA	0.963492027709584	NA	NA	0.900460318836308	0.859259802001233	0.661427676883171	0.877005159813295	NA	NA	0.787671080515619	0.927037420744291	NA	NA	0.712247225439148	NA	0.722425524098168	NA	0.722657005738271	0.580385255731628	0.867319386150672	0.465409298152504	0.886116047322447	NA	0.424617630119079	0.317965353354108	NA	0.623378382501786	NA	1.21317848066845	NA	NA	0.636433104655952	1.39059452913854	1.09594801029514
1.57503259911019	1.00885453503792	0.996150478468293	0.910586503100284	0.781444263976646	0.59920546746538	0.193280910502956	0.626775957249976	0.418779605151288	2.40666130164281	0.714133162692679	0.439476037234129	0.626281315400412	3.1635274989961	1.21054615410001	1.79400653235502	0.608603186879403	NA	1.41233642725094	2.12327202249313	NA	0.783856430926352	2.46829643908404	2.1638132077004	1.75157988859266	2.25929568233762	2.86140742334326	2.18405040393975	2.48124823286849	2.18407453550203	1.79123569401857	2.19968937549862	NA	0.434863918917324	1.4536402265629	NA	NA	1.26823664203188	1.48355969035214	0.940399685461765
0.663757240422361	0.492075511600904	0.660317042750259	NA	NA	1.11411475595228	1.09559068584492	1.58211235583364	1.488795029056	1.34809101284441	0.544156181723287	0.49533585405478	0.64277400017632	0.740680183636168	1.46143102301492	NA	1.15761124548406	NA	1.4115523983548	1.55339334751654	NA	0.46004659481082	0.53811550610624	0.377016908304467	0.202149144131159	1.12727743915424	0.85215055758062	0.370302804877618	1.6371944867277	0.739057737478413	0.194955087019654	NA	0.632392981516178	1.5665747183488	0.746899496441656	1.40053221470239	1.16638915239892	0.837443943222809	0.778977914533389	0.352594981485549
0.200496432578043	0.422447697191783	0.66107869774523	0.631165312438052	0.899868350028453	0.615062324852382	NA	NA	NA	NA	0.937348123752975	1.1278303900007	1.36783701085111	NA	NA	NA	NA	NA	NA	0.41245986993246	NA	1.36062441113429	1.17859734353593	1.23321820641752	NA	1.40199972793361	1.27618546477681	0.789466338832165	0.90208644378261	1.3597617643926	1.30187304822031	1.61535658120686	1.70431121371382	NA	NA	0.857727660834501	1.44695643114526	1.53766365895635	1.11130755057605	NA
NA	0.462205103220026	0.742353967198481	2.02226890426332	NA	0.501401539181087	1.08664951506512	0.578027096943264	NA	NA	NA	0.721482073399821	0.522087592699773	NA	0.597435427391778	0.548697975353732	0.179237448214719	NA	NA	NA	NA	0.10244378797178	NA	0.732725910797865	0.276919091061087	NA	NA	0.863595951933605	NA	NA	1.23874231225643	0.635096321062161	0.638742005561378	0.501228991551753	0.373012204385837	NA	NA	1.00596460297011	0.578734576130812	NA
0.175798604399143	0.358885321419718	0.789884753198338	1.09398703373624	1.02450862668972	NA	1.32001648943828	0.88673860125324	0.549475415874858	1.15440415131426	0.773327722702955	0.563172330440816	0.992784214816963	0.567290040899627	NA	NA	0.41108011415894	NA	0.474944302029883	1.56108130665065	0.765027851588367	0.328623558456826	0.754677599952065	0.935984897559581	1.36725509986972	0.365201884061745	0.699384368918638	0.899464317359623	1.79473920234293	0.817205872515516	0.847554625348871	0.699261687018759	0.870596747691947	0.880144956309327	0.780125417711129	0.399886257983478	0.251482619808576	0.923970244066198	0.534831065365079	1.33890579238885
1.30203381409628	0.315182330913784	0.17542545402873	NA	0.47664033949082	0.40415706258848	1.00664380586878	0.788731080303079	0.417819002651071	0.621833898603799	0.545930665419265	0.425911822155915	NA	0.572035004881044	0.289246603586155	0.449116179666324	0.15326958362848	NA	0.116007708260728	0.327615424094869	NA	0.321439747360757	0.101088132149129	0.397401948819163	0.144156991063338	0.252950061535656	0.542330231148466	0.528408537243543	0.760260098056725	0.9276161542303	0.655742044765446	0.577308400771685	0.635921251598335	0.769035401785552	0.404977452615309	0.425620354314866	0.343290177126927	0.60035360940013	0.280661772613936	NA
NA	NA	NA	NA	NA	NA	NA	NA	NA	NA	NA	NA	NA	NA	NA	NA	NA	NA	NA	NA	NA	NA	NA	NA	NA	NA	NA	NA	NA	NA	NA	NA	NA	NA	NA	NA	NA	NA	NA	NA
NA	1.38943265010759	1.58776624331878	NA	1.68242103275064	NA	NA	1.91542498684716	1.82682753645965	1.57283206050624	NA	NA	NA	NA	NA	1.84251701369913	1.46814601988465	NA	1.43242377936902	NA	1.76388150672474	NA	NA	NA	NA	NA	NA	NA	NA	NA	1.17134883708802	NA	NA	NA	NA	NA	0.353942503034402	NA	NA	NA
0.558823383693044	0.399902300194698	0.774718856312091	2.18575604718384	0.49907450553868	0.641065898996567	0.467476044710135	0.430667665342156	NA	0.174601228544489	0.46279657116444	0.787284326342555	0.582998526947569	NA	1.09625467433838	0.688191956829781	2.06614258159636	NA	0.476557645101898	0.781896280431167	2.08665029042223	1.02636675664117	0.926267583131991	0.920952050221092	1.04308880459196	NA	NA	0.927695747018931	NA	0.655068128864895	1.9936208028234	1.02683162896416	NA	0.885139157230113	NA	0.687694858786361	1.66232451047194	1.33753569884959	1.21477053635178	0.936155449485119
NA	NA	NA	NA	NA	NA	NA	NA	NA	NA	NA	NA	NA	NA	NA	NA	NA	NA	NA	NA	NA	NA	NA	NA	NA	NA	NA	NA	NA	NA	NA	NA	NA	NA	NA	NA	NA	NA	NA	NA
NA	0.679495760268462	0.952538175559855	1.83949700552238	NA	0.82618637749664	0.783904026336185	0.473480971116646	1.02321742018389	0.492166338090933	0.316844364856974	0.404756341191021	NA	0.518153951188582	0.520725289318674	0.234022888107218	NA	NA	0.334955286473266	0.178040988895733	NA	0.233453422552116	0.337453215495846	0.381550231990977	0.465702252318914	NA	0.375018204321747	0.602842731626253	0.658724424684167	0.618856123868213	0.317905780019258	0.578055387062278	NA	0.675191129186071	NA	NA	0.542447929743256	0.576874907516248	0.454087449053885	1.00937833632204
2.81194440790516	0.781277479432469	0.554469245722451	NA	NA	NA	0.782758040620274	0.953417455918225	0.514803728745841	0.569968126804563	NA	0.532889259082319	1.20395221771785	0.698454508697278	NA	NA	1.58328860121183	NA	NA	NA	0.374905139445498	1.61226004179233	0.683656619463859	NA	0.361559667254842	NA	2.17748724613837	NA	1.40947744319412	1.7200883593265	1.50525066390077	NA	1.54544259377402	1.49707792990186	1.10258813589659	NA	1.47259430512702	NA	1.83044773754313	2.40394605428674
NA	0.861263039982461	1.46527155975878	1.19977934605987	1.29570795763992	NA	1.1823327963282	1.00944742722118	0.848697023789933	0.93778036915793	0.740553008194084	0.889091531638294	0.855724328716047	0.608376562077887	0.558458013152699	NA	0.278430911780853	NA	0.47556603564524	1.08053331210933	1.21823144815001	0.503641725702669	NA	NA	0.877308545230974	0.763878406314153	0.749138730666273	1.56582417754181	0.714030403523885	1.88004984740295	NA	1.37949727127376	NA	NA	1.12954759117633	0.478055764005849	NA	1.7809705858318	NA	1.12745599238616
0.341076270891174	1.97890097812863	NA	NA	0.644417204873851	1.07491307519231	0.843459579374725	0.925291200977509	1.15549411953262	NA	0.380309658433739	0.849239336965697	0.656940464328473	0.791688790979631	0.515673385681538	0.102172459237614	0.174398561214559	NA	0.452414524494317	0.412733624570909	0.322759985232128	0.834940948562121	0.87675744915234	0.963281378324423	0.710866754012459	0.440000024725293	1.05701350145507	0.823469029395978	1.18499241162722	1.33496480051719	1.1262759122498	2.09117562554184	1.28510344358918	0.782852706258325	0.788605129069564	0.87171757294439	0.63191663237531	0.744405952457672	0.618122343049875	0.35075148058097
0.694976715219455	0.540555547766772	0.791098020544839	0.731827314187452	0.734496040095178	1.14906235605523	0.274518955082658	1.12694010165593	1.26239049308745	0.486286344951368	0.300012780519523	2.01415943010074	0.189676617474108	NA	0.605197309982762	0.470859418238851	0.882707898551783	NA	1.02469045738254	NA	NA	1.61365679207938	0.304568493869339	NA	0.412518360245387	0.854610335985259	1.03969330767728	NA	0.729924006139716	NA	0.974418054764595	1.24165900483784	1.54998934964104	NA	1.22568466558205	1.04097697261554	1.07289194745619	0.44563888118767	0.97886022596043	0.582840006270679
0.52306367575025	1.35981707114191	0.708548494320831	NA	0.865588818281349	0.748492455559988	0.343895043017837	0.548658949446603	0.649036526905469	0.622141733039978	0.720074866653999	0.788426987968064	0.920612568263983	NA	0.355166915811145	0.45927851961801	NA	NA	0.198503099531385	0.364516960493382	NA	0.249314008610074	0.672051965314555	0.750875100126965	0.319912280470463	0.525423905994565	0.872262969188138	1.49887843789753	NA	1.09625756409658	0.809511402576676	0.977969893243903	0.840970076881966	0.95780283527658	0.987000421711474	NA	1.31618940511658	1.43802904316576	1.07935571279728	0.928154171638374
NA	NA	NA	NA	NA	NA	NA	NA	NA	NA	NA	NA	NA	NA	NA	NA	NA	NA	NA	NA	NA	NA	NA	NA	NA	NA	NA	NA	NA	NA	NA	NA	NA	NA	NA	NA	NA	NA	NA	NA
NA	0.890049801545422	NA	0.931589493422115	NA	NA	0.664592945198844	NA	NA	0.586855877026856	0.936951627827673	0.916544960078818	NA	NA	NA	NA	0.630774496301039	NA	0.663684059261076	NA	NA	0.918670762135864	NA	NA	0.824759561786152	0.771050639066827	NA	1.49959507948312	NA	1.26157095421109	NA	NA	NA	1.19628834175089	0.898280357089657	NA	NA	NA	NA	NA
NA	0.607083891865194	0.522477543460336	NA	0.470595337560542	NA	0.477201863537899	NA	NA	NA	NA	NA	NA	1.35146527813885	NA	NA	0.327434230092084	NA	NA	0.437510320373907	NA	NA	NA	NA	NA	0.638025212451462	NA	NA	NA	NA	0.60930415150241	NA	NA	NA	NA	NA	1.05042116855763	NA	NA	NA
NA	NA	NA	NA	NA	NA	NA	NA	NA	NA	NA	NA	NA	NA	NA	NA	NA	NA	NA	NA	NA	NA	NA	NA	NA	NA	NA	NA	NA	NA	NA	NA	NA	NA	NA	NA	NA	NA	NA	NA
0.596357595807419	0.909704642209285	0.515704182090378	0.845986592111629	0.783244269866628	0.842892808445157	0.435645966309534	0.63325837399418	0.986743539811798	1.06541754327671	0.762629788811537	0.408773935417866	0.483197010945393	0.588507603113745	0.318602061266761	NA	0.602805354673892	NA	0.244069780293386	0.547155898034127	NA	0.354676268257517	0.503565281034087	NA	0.329094708903096	0.160355746376424	1.05673525145333	1.10446566390503	0.32405927558546	0.618561520162094	0.635011005704043	1.44447591780479	0.40483269344145	0.463570741216194	1.60092940322839	0.757988274666484	0.934644000003845	0.791821795161466	0.328873295598235	0.491290410962317
NA	NA	NA	NA	NA	NA	NA	NA	NA	NA	NA	NA	NA	NA	NA	NA	NA	NA	NA	NA	NA	NA	NA	NA	NA	NA	NA	NA	NA	NA	NA	NA	NA	NA	NA	NA	NA	NA	NA	NA
0.679236012030577	NA	NA	NA	0.467772428274528	NA	0.82657021594715	NA	0.235175194437241	0.308613479990947	0.486103760591722	0.59161651390485	0.7310224799968	NA	0.555509055513608	NA	0.354773847798399	NA	1.6349626611978	0.637740718688903	0.742097918111624	0.63172890457445	NA	0.671205935045826	0.859942220073645	0.878330039277164	0.796826481421774	2.06241236582537	1.29752716721424	0.735890090826343	0.835137570880006	NA	1.50042739011734	1.98900199185776	NA	1.30459587294574	1.77132926739467	1.5185070065845	NA	NA
NA	0.812815875416644	0.718108337051184	0.562655287442403	2.24257593809775	0.567666834879769	NA	1.17659293636664	1.29211321651293	NA	0.900657135621602	0.528405525702534	0.364458214689146	NA	NA	0.572719838499718	NA	NA	0.169410079296016	NA	NA	1.32411144109574	0.496772151621872	NA	0.202173205310634	0.254797673082926	0.40657815284072	NA	0.0909383806096963	NA	0.865727320660415	NA	NA	NA	NA	NA	1.35023073628206	NA	0.467729488525385	NA
1.22161729207493	NA	0.923361135018862	NA	NA	0.815641023888825	0.890967780269593	NA	NA	NA	0.889292796783991	NA	NA	NA	NA	NA	NA	NA	NA	NA	NA	1.7331361267989	NA	1.95555521443694	NA	1.77877190178687	NA	NA	NA	1.50687306327563	NA	NA	1.48198843494539	0.831452000548103	1.10289089064952	NA	NA	NA	NA	1.09712328755981
NA	NA	NA	NA	NA	NA	NA	NA	NA	NA	NA	NA	NA	NA	NA	NA	NA	NA	NA	NA	NA	NA	NA	NA	NA	NA	NA	NA	NA	NA	NA	NA	NA	NA	NA	NA	NA	NA	NA	NA
1.37243843063251	1.49466899462066	1.13299480688673	0.422635670100573	1.13662976517982	1.29377707799104	0.401249120179058	1.6933638227292	1.00428926337752	0.815851774279334	0.829107081525628	1.71604415972039	0.824706734302058	0.757739187990512	0.404582998963647	0.590024651980499	1.01401934063513	NA	0.492496553659425	1.74660184433319	1.33136912091167	1.07429743806878	1.20079232865888	NA	1.40042490968908	1.40979413035636	1.755060908456	1.08178481432529	0.967579647509708	1.66312695196393	0.980433036258044	1.5204582873068	0.727740839758214	1.6058927154892	0.982048964195031	0.981384555718028	1.29691178533126	1.14320500362107	1.3198825147883	0.273637507406185
0.722566958291724	NA	1.83371346528101	NA	NA	NA	1.25693815052	1.18849572664472	NA	NA	1.97761006097344	NA	NA	0.773518889762005	0.454330444406874	NA	1.26138104543211	NA	0.393507146888459	NA	NA	NA	0.870959890841932	1.25259635300466	NA	0.845113436032963	0.893147249748284	0.745785411065288	1.04805540491759	0.600028411392424	0.498010833911784	2.0133812469944	0.740041517466929	1.89169327796247	NA	NA	1.10835371652479	0.80725265944751	NA	0.803028893532807
0.565320456796174	0.691587803834972	0.793018853005809	0.874745018315666	1.29123022916082	1.47442525638695	1.01207655585118	0.928006931353026	NA	0.617127900541485	0.821360933727822	1.35231027594269	NA	1.36198528813754	0.826005666263666	1.09134045187663	0.342946661479307	NA	NA	NA	1.24960513888003	0.448394599700877	0.303194776450864	1.23217770190004	0.604220211612934	0.470362525573076	NA	NA	2.21718120408249	1.24671899963143	0.356942901440155	1.30616339325334	0.532221622854792	NA	2.02858859020606	2.23770280177475	1.68861291456921	NA	NA	0.439320924470104
NA	NA	NA	NA	NA	NA	NA	NA	NA	NA	NA	NA	NA	NA	NA	NA	NA	NA	NA	NA	NA	NA	NA	NA	NA	NA	NA	NA	NA	NA	NA	NA	NA	NA	NA	NA	NA	NA	NA	NA
0.780826846862213	0.892236496302001	0.697418846356527	0.784442635183296	NA	NA	1.3237475549079	0.826770275609855	NA	0.665220830115911	0.514437243381763	0.659957974872051	1.1868573468217	NA	1.08914149094477	0.950655930832701	0.985854338692467	NA	0.97308294108212	0.703285130840692	0.839813020949563	0.617006329570035	NA	1.0865120724876	1.02274791291712	1.12362178984921	1.16268690829673	0.939977113911603	1.42547507176521	1.08440409466406	1.40630980028988	1.22116451091309	NA	1.61627258774559	1.29460065874393	1.46301054523378	1.44200036091569	1.57168110886442	1.51777685407289	1.87806619763778
1.46697004940334	NA	1.16015225638567	NA	1.15202323391855	NA	1.28267132156002	NA	NA	NA	0.847854352574434	1.73345484827992	1.28206283988926	NA	NA	NA	0.982342335240086	NA	0.270019893678064	NA	NA	NA	NA	0.766694696158547	NA	0.45956109311066	NA	NA	NA	NA	1.55422691746089	NA	0.954845024030998	NA	NA	0.75869452105179	0.993828323999274	NA	NA	NA
NA	NA	NA	NA	NA	NA	NA	NA	NA	NA	NA	NA	NA	NA	NA	NA	NA	NA	NA	NA	NA	NA	NA	NA	NA	NA	NA	NA	NA	NA	NA	NA	NA	NA	NA	NA	NA	NA	NA	NA
1.66571387289136	1.66537083048793	1.3390409474009	1.67731830038711	0.918947826390022	1.02951163989801	1.0796713063906	1.12589137052147	0.984132455164865	0.992373038910312	0.84891518692467	0.624346924305586	NA	0.294314279057511	NA	0.632809984504545	0.437417772821696	NA	1.45449369521168	0.613255864618948	NA	0.700565980087094	0.900700892362399	NA	NA	1.17912356909451	NA	NA	NA	NA	NA	NA	NA	NA	NA	NA	NA	NA	NA	NA
0.284773586966121	NA	0.590492421012574	0.893278450333076	0.970167232924345	0.322685800510772	0.290379167504185	NA	NA	0.235981373743829	NA	0.88278927169963	1.55625840571802	1.51963214682557	0.967076032320915	NA	2.36296084751108	NA	0.843201684076651	2.53776518787199	NA	0.53903713186185	0.766228061998942	0.776535980299306	0.98754021845974	0.880117940431093	0.824975908419515	0.894831522274198	0.675259475735558	0.912054456985601	1.22198914493959	1.13606681105628	1.58180177677591	NA	1.13219425969048	1.93935845120721	1.54187739177809	NA	NA	1.90111508908789
NA	0.520316223482153	0.379184880918165	NA	NA	NA	0.646674114268706	NA	NA	NA	NA	0.662991141602048	NA	0.522375534575385	NA	0.375942904070863	NA	NA	0.300887514823298	NA	NA	0.375751120512976	NA	0.374153851373133	NA	0.375986128177212	0.275913183386249	NA	0.595401018989519	NA	NA	NA	0.711664817354399	NA	NA	NA	NA	0.801769481241831	NA	0.770528934931719
0.672536630627764	0.666480825993412	1.4385712117342	1.56161934390716	0.516925946501811	0.294317066450967	0.522912839007472	0.729550686479947	1.15566446230614	0.859403185254766	1.49093890663718	NA	0.496640735140335	1.17073867868238	NA	1.45013945453397	1.6586233290271	NA	1.27570222155484	1.47071028562309	0.532614536466164	1.52899905392466	1.95672730429901	1.51834405895355	1.88995898493562	1.87313414208607	1.62010069813684	1.44672776498337	2.02828998186812	1.90901292125928	1.56307149599576	1.81184924455008	1.59768066927528	1.43377201332901	1.10913039834477	1.41574597493389	1.27983318784758	1.90345290470445	1.25575957350414	NA
1.42085126499686	1.21834628609721	1.30851756154918	1.43763804034022	NA	NA	0.636862167811422	0.798504693469027	0.703643576001466	0.933899873891029	0.576204354625852	0.867808220782146	NA	0.899491123642376	0.869201530440935	NA	0.652181977435974	NA	0.365247267898306	0.344022148973775	0.878693857250829	0.631427419837147	0.350108732165322	0.401008944281674	0.84155067321266	0.764631868462311	0.874894348200317	NA	0.293606227449236	1.49203434364838	1.73480242463816	NA	1.49291399991489	0.563198776426622	1.05264764353587	0.510811983389947	0.966563788034888	1.46583600954103	0.607620091127868	0.790294177982574
NA	NA	NA	NA	NA	NA	NA	NA	NA	NA	NA	NA	NA	NA	NA	NA	NA	NA	NA	NA	NA	NA	NA	NA	NA	NA	NA	NA	NA	NA	NA	NA	NA	NA	NA	NA	NA	NA	NA	NA
0.723539627436806	1.19903680301859	1.56998623596392	0.44964880232465	2.48050225486029	0.529223847099147	NA	1.11986499073192	0.354907280547828	NA	0.961226470969091	1.46040551362906	1.4348851586163	NA	0.291570458738609	0.132475792304326	NA	NA	0.47156802623622	1.89862726145883	1.30807552801437	0.674251795637299	1.3747936120006	0.654553024925598	NA	1.28753671588637	0.456242940991679	1.0507403828499	NA	NA	1.42364834897985	NA	1.57164769967138	1.20550003824342	NA	NA	NA	NA	NA	NA
NA	2.13316217802968	NA	NA	NA	NA	NA	2.08769059348355	NA	1.8922241048435	NA	NA	NA	2.1583935981963	2.37201959289912	2.56855457709022	NA	NA	2.53982217364218	2.73667659594639	NA	3.20699983527507	NA	NA	NA	1.94758664876397	NA	NA	NA	NA	1.32761921615467	1.85964456365453	2.51085991545197	3.08669780189949	2.09686252707052	0.984718227206058	2.87530247567753	3.33687082797409	2.4304431517578	1.80196395068402
NA	NA	NA	NA	NA	NA	NA	NA	NA	NA	NA	NA	NA	NA	NA	NA	NA	NA	NA	NA	NA	NA	NA	NA	NA	NA	NA	NA	NA	NA	NA	NA	NA	NA	NA	NA	NA	NA	NA	NA
NA	NA	1.80249470203711	0.481676924060926	0.652168758015739	0.619627666538638	0.756111781490396	0.760535597689412	0.643143838964184	NA	0.680032022093249	NA	0.27500990884457	NA	NA	NA	0.911359333496004	NA	NA	NA	NA	0.35461199651366	0.648141167473854	0.770592951856639	NA	1.52988326868913	NA	1.11744457986574	1.28439408461855	0.877214704045361	NA	1.46300923628302	1.10543365136438	1.63062717343873	NA	NA	0.773971788188443	0.745066015855568	NA	NA
NA	NA	NA	NA	NA	NA	NA	NA	NA	NA	NA	NA	NA	NA	NA	NA	NA	NA	NA	NA	NA	NA	NA	NA	NA	NA	NA	NA	NA	NA	NA	NA	NA	NA	NA	NA	NA	NA	NA	NA
1.10604634413341	0.886022633287525	0.738231780724083	0.779616131968939	1.01445705132537	NA	1.13579707688413	0.986852954636072	0.642932741738591	0.895754470516979	1.04569264851146	1.0854518485298	0.450562377586654	1.20997033714911	0.592546843484629	1.00404223031504	1.02295889217078	NA	0.968635323013962	0.262470760823546	1.08887299053899	0.591038364502386	0.359169417626231	0.563344017091527	0.222306936538825	0.471282496175965	0.0855508059230059	0.56353727228336	0.402834292585868	0.486464404164748	0.691741453980085	0.475006504472628	2.0879704599507	0.242585471859778	0.743841657989456	1.23945940101457	0.948825282369054	0.73607390919921	0.38083771019552	0.613873620316194
0.928692223898297	0.799233166593066	0.930792264496223	1.15300162958198	NA	1.00741617843657	0.781350905471926	0.527533960548142	0.76786929841628	1.03567355913415	0.864516962746074	NA	NA	0.485888841823119	NA	NA	0.435617566663468	NA	1.40523716421563	NA	0.441913078821991	NA	0.483527554067788	0.501102666772563	0.511897541319413	0.921286736038383	0.936586262091311	NA	NA	0.392333239448073	0.62600669469554	0.843009549105705	0.2488595330359	0.613824293864299	0.487132029469857	NA	0.42618613968262	0.566477014343446	NA	0.797437640855024
1.0603235247428	1.49915170921559	1.50558532391894	1.00094062141522	0.629197634858507	0.988143825008326	0.753774907961168	0.83698030210213	0.98127349743509	1.38688449782176	1.87050058476632	1.67742304913849	1.76416116250836	1.98373884263432	1.91166232646791	1.52797521444064	1.39570808987771	NA	NA	1.98958132777923	0.511299890754743	1.33296936321592	1.7215169479417	1.39455646327729	1.69334234633017	1.37788717117832	1.26895050782277	1.52572719338129	1.82228704469636	1.17098082882861	1.65806008413706	1.40895199335933	2.37739596880009	1.67924070894994	1.57707362587102	0.932966251413541	0.807519732410311	1.61512549422276	1.72562992166602	0.730389585539174
NA	NA	NA	NA	NA	NA	NA	NA	NA	NA	NA	NA	NA	NA	NA	NA	NA	NA	NA	NA	NA	NA	NA	NA	NA	NA	NA	NA	NA	NA	NA	NA	NA	NA	NA	NA	NA	NA	NA	NA
1.47239746393858	1.65992729230515	1.17891154495437	0.848862326070997	1.21522563844499	1.40374696797364	1.18639684607146	1.65372454915004	0.745844949058075	1.73162387181781	2.2399411748239	2.24779565571129	0.944406262371756	0.440673209365636	1.51185133743938	0.87008229477793	0.173206363225142	NA	0.815243162401297	0.514717681703187	1.87509696244794	0.21865715760861	1.10257531551694	1.22545900142863	0.485154359179176	NA	NA	1.33485496528569	1.15348566903066	0.914438090255297	2.88330213600642	1.51806062705062	2.00819684220989	NA	2.83394970973542	1.78005308951445	1.48195555234489	0.998669902761895	2.25265471795328	1.67332089122091
NA	2.10415479568758	2.18436982907325	2.30753847189659	2.44951894473149	2.16548013683115	NA	NA	NA	NA	1.09416005030377	1.09339283825126	NA	1.00257373043917	2.15693110442006	0.605457048925685	0.407836979463585	NA	1.99798965045834	NA	NA	0.464008721186274	NA	NA	NA	NA	NA	NA	NA	NA	NA	NA	1.04232535927033	NA	NA	NA	NA	NA	NA	0.676665467720426
NA	NA	NA	NA	NA	NA	NA	NA	NA	NA	NA	NA	NA	NA	NA	NA	NA	NA	NA	NA	NA	NA	NA	NA	NA	NA	NA	NA	NA	NA	NA	NA	NA	NA	NA	NA	NA	NA	NA	NA
NA	1.71584406950352	NA	2.1315457131669	0.820761674139035	NA	NA	NA	1.59095574180302	1.59383304963552	NA	2.27876858018723	2.83853535028917	2.08511776631454	0.403194391926397	0.571829590427388	0.459118824142966	NA	2.91109223948041	NA	NA	1.28844861971744	0.872443295561211	NA	2.16845168908093	2.03650597872501	NA	2.78767114274215	2.35867863332267	NA	3.1636808209518	0.566067206100458	2.50473192108854	0.856290816512002	2.99056548676481	0.880158739978373	0.515187667697898	3.12068558395377	1.21994258783856	0.309013089247799
0.926950836297853	NA	NA	NA	NA	NA	NA	NA	NA	NA	NA	0.77256699896139	NA	0.543507008467045	0.622799972430586	NA	1.49377652101767	NA	0.256441727183343	1.25421076115773	1.1921566869308	0.251804696790906	0.957560536121177	0.395899928046701	0.475025765430945	0.800795817690948	0.746873315920124	0.894014906957322	1.06956469882448	1.15259922421366	0.977894428996521	NA	0.814184035723941	1.25304419720094	1.35953371334586	1.69634281965097	1.56672297707377	1.5641252803736	1.65837933255527	2.23091940189802
0.672943706421695	3.26063998065017	2.77519019863636	2.77435568503696	2.96682425249218	NA	0.44269825113716	3.03259819385892	3.31044061954035	2.80386441273843	2.90426544838088	2.89339522485558	2.31023268720326	NA	NA	NA	1.28496891378503	NA	2.65518340700603	2.21971539520901	NA	NA	2.91174504507209	NA	NA	2.05216286036775	2.58816798343583	NA	NA	NA	NA	NA	0.511895308046644	2.0658016583109	NA	NA	2.57963927037156	NA	0.498211666713311	2.40821010357243
NA	NA	NA	NA	NA	NA	NA	NA	NA	NA	NA	NA	NA	NA	NA	NA	NA	NA	NA	NA	NA	NA	NA	NA	NA	NA	NA	NA	NA	NA	NA	NA	NA	NA	NA	NA	NA	NA	NA	NA
NA	NA	0.553243068419665	NA	0.82098901541757	0.60773817259935	0.484617785097252	0.370346356227027	NA	NA	0.59190576605555	0.315131321644508	0.169474415800057	0.454868189615973	NA	0.440720048705207	NA	NA	NA	0.698416896745397	NA	0.747765701072266	NA	NA	0.857041048809496	1.20761796124522	NA	NA	0.51730564961181	0.527186681987772	NA	1.1577807344973	0.778894009485661	NA	0.881955227471772	NA	1.45382155108894	1.6273333748319	NA	0.804717513185759
NA	NA	NA	NA	NA	NA	NA	NA	NA	NA	NA	NA	NA	NA	NA	NA	NA	NA	NA	NA	NA	NA	NA	NA	NA	NA	NA	NA	NA	NA	NA	NA	NA	NA	NA	NA	NA	NA	NA	NA
1.53124028935534	NA	1.92218305629069	1.73010045102741	2.01294956893535	1.61695094297528	NA	1.39553880668737	1.2271719932733	1.50283134624831	1.71527207894198	1.5717759356057	NA	1.0793725751302	NA	NA	0.754828077474688	NA	0.207725210325053	NA	NA	NA	NA	NA	NA	1.0143121756256	NA	1.34859389895291	1.45623771673298	0.358975466452133	1.05635035510207	1.34936757691695	1.17617876044678	1.66921092715009	1.74218552911802	NA	NA	NA	NA	NA
NA	NA	NA	NA	NA	NA	NA	NA	NA	NA	NA	NA	NA	NA	NA	NA	NA	NA	NA	NA	NA	NA	NA	NA	NA	NA	NA	NA	NA	NA	NA	NA	NA	NA	NA	NA	NA	NA	NA	NA
0.726473025104025	0.25584175597061	0.674833804448765	0.279713182643857	0.393313348855804	0.809332360884441	0.698008073736955	0.758021624257604	0.805478856128287	1.07258213377827	0.775193452042387	1.25815537584022	0.482722627894459	0.630133312856402	NA	0.45935536662341	1.37153652846412	NA	0.87880449005761	0.676293252628655	NA	1.08139187242998	0.647195899091373	1.47700858666376	1.05312619838096	0.306190097598232	1.81708739658166	0.498863895163618	0.381532671123316	NA	NA	1.14258416377497	0.860358756521725	0.392339477872116	1.2809461155229	1.73571055111646	1.4442661237116	1.34771179059616	1.48902465386823	1.08227929847908
1.01592907874589	0.998618027888915	0.850494963852635	NA	0.894568269003506	NA	1.31593964518986	1.11363238092991	NA	0.916424898355238	1.15695882465447	NA	NA	0.54825950545013	NA	0.63526024309523	NA	NA	0.410416731930009	NA	NA	0.743114058171965	NA	0.623675071118777	NA	NA	0.448350034639664	0.521353502612716	NA	NA	0.9646575134259	1.32999167664807	0.597076435758339	1.01249791436257	0.801419028837778	0.783334556316788	0.408322405037657	0.500979227267196	0.5465538471671	NA
1.58778399299812	3.05074439274915	1.57464792187538	1.23002735167715	2.81082963215083	NA	1.69220476982135	1.7892678593567	0.885011565929883	1.35365832978027	0.953232774500593	1.54024174217999	1.40561635499855	1.76957697427528	1.61558862132951	1.87288817289903	1.98916430103035	NA	0.240644440123239	2.15726598730889	1.0143428933888	0.125006962266979	1.65045550413686	1.82420338514895	1.52216828197086	NA	1.50640773923477	1.52050757822958	NA	1.14749711619363	2.25759328483107	1.47199006618615	1.7872960070716	1.40687744519982	1.01709998289513	1.78126522287505	1.62321947772148	1.51081197535314	1.7059632188024	1.61772825675221
0.78388560077111	0.428999695721726	0.558371680022326	1.6987330225011	NA	NA	0.996728015511946	1.05430694051171	NA	0.898645985462672	0.63085517934081	NA	NA	NA	NA	0.241601819178477	0.310813275567762	NA	0.181090810078813	0.0642340588625532	1.21553299851203	0.499367300378351	0.504072841579205	NA	0.160717538163378	0.33643954121398	0.47118365929691	0.485912263148221	0.280831223617846	0.205148108063733	NA	0.691002500505227	0.470410569088304	0.551159488294896	0.315489346712545	0.545396825981138	NA	0.657569567009807	NA	0.792964127014179
0.794349083745434	0.508510233575532	0.926911653804081	1.12132306507428	1.17438424480772	1.16017884885906	NA	NA	0.264721011947111	0.616751747354856	NA	NA	0.29491109746257	0.225684465442505	0.32146722036059	0.549805107098354	0.645763731267011	NA	0.47063203514858	0.537483225631002	1.72419263543175	0.843074222002655	0.285867734066944	0.481985354155679	0.608927322912768	0.295040552362849	0.651162678793812	0.629569447913805	0.373603092888515	1.13415148895133	0.708844851498518	NA	0.852321464745543	0.756508295592068	0.611780256375919	NA	NA	NA	1.94873959558991	NA
0.417081965053783	0.728503531971729	NA	NA	0.698535554100492	NA	0.94706480377304	0.850891316528065	NA	NA	0.481107438118536	0.439764777542708	1.04640090468443	1.48554342807107	1.44008424994613	1.13434333740929	1.37122086073798	NA	0.833680482199699	0.853914994626634	1.19726545902585	0.570026019579565	1.68728165231057	0.504535984654827	0.75895697961988	0.898015837873261	0.699865808439291	0.754006679501505	0.659097817721872	0.742913422984192	0.887155826835121	0.533076781864842	NA	1.21564309178567	0.564159309655236	0.728725534743661	0.857356222560956	1.16590366601956	1.21167042116627	1.51591464988033
NA	NA	NA	NA	NA	NA	NA	NA	NA	NA	NA	NA	NA	NA	NA	NA	NA	NA	NA	NA	NA	NA	NA	NA	NA	NA	NA	NA	NA	NA	NA	NA	NA	NA	NA	NA	NA	NA	NA	NA
NA	NA	NA	1.50190670828937	NA	2.03886355031833	1.07863908021246	NA	2.01647203930166	1.99656680757466	2.00912485150685	1.59766562030924	1.83286680388665	1.73799057263339	1.4900740297511	0.47171481450061	1.55918151886765	NA	0.507507299715757	2.01369479131225	NA	1.83054546843129	0.709378716505777	NA	1.89351682873874	NA	NA	NA	NA	0.927747707690029	NA	1.13955605976429	1.30247646897464	1.1941461106015	0.71045114029249	NA	1.09958104998314	NA	2.45181517396281	1.21104843048338
NA	NA	NA	NA	NA	NA	NA	NA	NA	NA	NA	NA	NA	NA	NA	NA	NA	NA	NA	NA	NA	NA	NA	NA	NA	NA	NA	NA	NA	NA	NA	NA	NA	NA	NA	NA	NA	NA	NA	NA
1.16494651480847	NA	0.819935881802929	0.620192357962141	0.366848739024703	2.36992509322939	2.18501364002299	0.373878300897764	2.47883508295483	0.270077200397499	2.00330625549416	2.21586675025909	2.41390087012108	2.41261063085711	2.67763854005479	0.381257719124273	0.239169094829996	NA	0.448503361237312	0.206850985789929	0.42224945609574	0.856921846743981	0.485214390390907	0.402807394580772	0.513207781169304	0.489037622317937	0.808524885271153	0.696161940647452	1.19638643023671	0.616393919629624	NA	0.632150391254807	1.6360429035192	1.01329263468962	2.39406703738941	0.916264764156614	NA	NA	0.956129315831064	1.97085718098883
NA	NA	NA	NA	NA	NA	NA	NA	NA	NA	NA	NA	NA	NA	NA	NA	NA	NA	NA	NA	NA	NA	NA	NA	NA	NA	NA	NA	NA	NA	NA	NA	NA	NA	NA	NA	NA	NA	NA	NA
NA	0.714290003210991	0.548286723405792	1.10761528600113	1.39387098027873	0.636570864343311	1.03866378223981	1.24254943430218	NA	0.966633015970832	NA	1.53539520872169	NA	0.713682259203664	NA	1.24553502890695	NA	NA	NA	0.733183468168957	NA	0.86248102547732	1.08826030951184	1.16387931707513	0.795226108826004	NA	1.5931176863117	0.994015589556131	NA	0.93210949525722	0.505223104621372	0.448933909765951	1.27116990267334	0.809605175345763	NA	NA	NA	1.37815555317332	1.38053152784753	1.41889403873078
NA	NA	NA	NA	NA	NA	NA	NA	NA	NA	NA	NA	NA	NA	NA	NA	NA	NA	NA	NA	NA	NA	NA	NA	NA	NA	NA	NA	NA	NA	NA	NA	NA	NA	NA	NA	NA	NA	NA	NA
0.990027974574255	1.35999340827146	0.860044853537146	0.80230486447708	1.01783236295454	1.80870034261838	1.08770792951435	1.12392013667177	1.00612283226372	0.968892785997725	0.527038698884833	0.522689544411425	0.409156609562302	0.259921821839431	0.238503960793825	0.315077300016505	0.145306640440369	NA	0.328386320804662	0.338858246478551	0.461081118245922	0.727818662308948	0.785888480596191	1.01071581988166	0.623903923815024	0.308017399969621	0.69535085496422	0.579923024194138	0.790092911571133	1.14258380405962	0.69933825953185	1.70542104713631	1.39231023788869	1.13430974891248	1.70042536237792	1.18740149692118	1.53849580983518	2.80786927269372	2.42891907793113	NA
NA	NA	NA	NA	NA	NA	NA	NA	NA	NA	NA	NA	NA	NA	NA	NA	NA	NA	NA	NA	NA	NA	NA	NA	NA	NA	NA	NA	NA	NA	NA	NA	NA	NA	NA	NA	NA	NA	NA	NA
0.917279390060253	NA	0.441323288636119	0.359132969636771	0.877989331965189	NA	NA	NA	NA	NA	NA	NA	NA	NA	NA	0.6624697757337	NA	NA	0.239703831322403	NA	NA	NA	NA	NA	0.59368802595235	1.34164059616274	NA	NA	NA	NA	NA	0.706096153707331	NA	NA	NA	NA	NA	NA	NA	NA
NA	1.72313323827254	NA	2.06713272355733	1.72977676949951	1.82357771566558	NA	2.20528985736586	1.47243944372213	2.26065368781072	2.31871718338049	NA	NA	NA	NA	NA	0.717790127288252	NA	NA	NA	NA	1.25729496588249	1.71294584751606	NA	NA	NA	1.85740297833135	0.894681223971971	2.22230391404099	1.1852705699552	1.02649391701726	NA	NA	1.60053021444393	NA	NA	0.857747477513763	NA	1.70029330584923	1.26774270405335
NA	0.742246872942471	NA	0.635081714889238	0.727207135687216	0.865415240706672	NA	1.0446288606039	0.71591702087566	0.575730044329634	0.719240644621846	0.605768598288391	1.16525026957161	0.340899376337427	1.20119275482661	0.25411541426222	1.11231393380753	NA	1.25150298355316	0.888630056267587	0.288389434821318	1.60977224301705	NA	1.43734944880545	NA	0.98475885062582	0.784400267548908	1.01385637567689	NA	1.44501186254152	0.627252317524169	NA	1.01712178133188	0.850895430685299	1.47077656971374	0.903376004159774	1.21623963533654	0.602240702635539	1.49090100808571	NA
NA	NA	NA	NA	NA	NA	NA	NA	NA	NA	NA	NA	NA	NA	NA	NA	NA	NA	NA	NA	NA	NA	NA	NA	NA	NA	NA	NA	NA	NA	NA	NA	NA	NA	NA	NA	NA	NA	NA	NA
NA	NA	NA	NA	NA	NA	NA	NA	NA	NA	NA	NA	NA	NA	NA	NA	NA	NA	NA	NA	NA	NA	NA	NA	NA	NA	NA	NA	NA	NA	NA	NA	NA	NA	NA	NA	NA	NA	NA	NA
NA	2.14783272930022	0.350640668984617	NA	NA	0.706114900901273	0.608553641431626	0.474513915462858	0.470792046770274	0.273011008138455	0.408262348192438	NA	NA	1.55142087742194	NA	0.287045474109064	NA	NA	0.888952244390563	NA	NA	NA	NA	1.56527189044359	NA	NA	NA	0.821100887238486	2.2501305916937	2.02095229595445	2.19469919268737	NA	2.25254491454839	2.39444474987013	NA	NA	2.21877243617377	NA	NA	NA
NA	NA	NA	NA	NA	NA	NA	NA	NA	NA	NA	NA	NA	NA	NA	NA	NA	NA	NA	NA	NA	NA	NA	NA	NA	NA	NA	NA	NA	NA	NA	NA	NA	NA	NA	NA	NA	NA	NA	NA
1.36189062386618	1.42169009996726	1.04344043106519	1.21489922473138	0.958855578982139	0.922520507466235	1.0187041393431	NA	0.410028515390466	0.925047060369837	0.776177589936065	1.08403908464608	1.31346380171002	1.46783728189903	1.0578424046853	1.36438985072271	NA	NA	0.728897688629913	0.947558201790974	0.364542257250233	1.91659126915242	NA	0.83389774791182	NA	1.55083402259822	0.572384065984969	0.968900072962438	1.51053450435075	NA	0.327444195673232	1.33977614229939	NA	0.793614325475167	0.442858228333517	1.01662940802083	1.47130230191499	0.602069084149649	1.09629999578398	NA
2.75826636203682	NA	0.973409424555856	NA	2.83531885352625	NA	0.99358462429039	0.898955929356439	0.837382483284879	NA	1.04761606509881	NA	0.25403920648994	0.183635053325388	NA	0.331293890914815	NA	NA	0.725442500870018	NA	NA	0.794816308251895	NA	1.00414895495194	NA	0.834630476935644	NA	NA	NA	1.5390117388222	1.29551190365888	1.04314860642266	NA	NA	NA	1.22482746617345	1.41989571494756	2.11449048927729	NA	NA
1.20221420882625	1.94963814896979	2.09633935947035	0.791770298941566	1.70624317202045	2.14074102367257	1.58071807329658	1.36804239924989	NA	0.161675254917352	0.639705603514731	1.34289360714756	0.920580253584123	1.81733986500877	0.427107501561318	0.95249253738418	NA	NA	0.0581680901350072	1.01592687851753	NA	1.81942677742717	1.58967121208834	0.469891648745516	0.439992797429461	1.89849689087983	0.308535280648663	0.530371862866992	1.17802783833619	1.43712127254262	0.701449315861023	1.1445119097146	1.25287460999525	1.03838194937234	0.949442332344355	NA	0.945798905903981	0.363771037965352	0.78188355390978	0.575103758278315
NA	NA	NA	NA	NA	NA	NA	NA	NA	NA	NA	NA	NA	NA	NA	NA	NA	NA	NA	NA	NA	NA	NA	NA	NA	NA	NA	NA	NA	NA	NA	NA	NA	NA	NA	NA	NA	NA	NA	NA
NA	NA	NA	NA	NA	NA	NA	NA	NA	NA	NA	NA	NA	NA	NA	NA	NA	NA	NA	NA	NA	NA	NA	NA	NA	NA	NA	NA	NA	NA	NA	NA	NA	NA	NA	NA	NA	NA	NA	NA
NA	NA	NA	0.50684553308858	0.52811804389048	0.797323300204495	0.93684706086205	0.926511940333626	NA	1.05662743903747	NA	NA	NA	NA	NA	NA	NA	NA	NA	NA	NA	NA	NA	NA	NA	NA	NA	1.54300152899994	NA	NA	NA	NA	NA	NA	NA	NA	0.901457465479527	1.92379716459765	NA	NA
0.506219605852227	1.57902749514424	0.547508678514542	0.436906919306239	0.737062113217968	NA	0.308025800702872	0.674102272300058	NA	NA	2.14874898308451	2.26043822966637	NA	NA	2.27325866561943	2.02641404011072	0.49356266392685	NA	0.409232445829157	0.408838154875924	0.697053611195273	0.401174641910952	0.439707558307204	NA	0.154698697666095	1.60158453672666	1.68718561753539	1.85910045913126	1.97554874902686	NA	NA	NA	NA	NA	NA	NA	1.96697614951329	NA	NA	NA
1.78077644549498	2.15204319567328	1.83301827217088	2.92256344889603	3.02328505446773	2.39299232087302	3.24311191051391	3.17987282130725	3.2972484325404	1.79747711989229	1.5890756574556	1.95186308006411	1.66401057028895	NA	2.03096776119977	2.45495495902036	NA	NA	1.83038213874848	2.22979236785947	NA	1.41463811825079	1.75362052737464	2.19257101013969	3.42007124647836	1.45542942637118	NA	1.41029477311413	2.09598614606341	1.68952954014806	NA	NA	3.36600294315684	2.41260686303277	1.82526166348555	NA	2.20957903166517	2.37992421512616	NA	NA
0.28691849174049	0.375365169680532	0.329017094560624	0.549583094504654	0.281106622365181	NA	0.189959153273875	0.388893093849414	0.224829746648075	0.378403073213776	NA	0.0973919051499866	0.419495862211913	0.482154873847305	0.798886318223257	0.511228643293087	0.521985205755783	NA	0.0935639635805997	0.27713277477607	NA	0.278494972009037	0.665676680399513	0.38686364572212	NA	NA	NA	NA	0.354323101563255	NA	1.28256229423272	0.467247641366098	0.791054638818244	0.476907210187284	0.354535828585997	0.443655521504021	0.635137114000531	0.924559800001871	0.329052278297982	1.18994430796946
NA	NA	NA	NA	NA	NA	NA	NA	NA	NA	NA	NA	NA	NA	NA	NA	NA	NA	NA	NA	NA	NA	NA	NA	NA	NA	NA	NA	NA	NA	NA	NA	NA	NA	NA	NA	NA	NA	NA	NA
0.500034332531857	NA	NA	0.78606426647725	NA	NA	0.638215473084977	NA	NA	NA	NA	NA	0.20883758144843	0.268942222001918	0.115475142453372	0.510922367288452	0.199088645578504	NA	0.210501263998679	0.299610951917984	0.363705770192597	0.672580587094928	NA	NA	NA	0.334654094464101	NA	0.365862769068455	0.59788032139684	NA	NA	1.06699154730187	NA	0.324695239565405	NA	0.40540728102904	NA	NA	NA	NA
0.594773556491269	1.02227115715181	0.0759261104444051	0.380455245377115	NA	0.275378844249639	0.443840233018549	0.449424021409548	NA	1.24749120488153	1.09521872332656	0.684049566866874	NA	1.12882971644307	NA	1.07962621603465	NA	NA	0.341159244776884	0.588949009468594	0.404755093849276	0.696150586768238	NA	0.849138899145413	0.873241368845293	0.563698890792418	NA	0.702879093102902	1.11322119619166	0.810733528846554	0.875092545576963	1.22548066134904	NA	0.9843654669928	0.590112327002469	NA	0.918403845306327	1.30718114531922	NA	NA
1.28938664232251	0.275841487945547	0.622403573284623	0.319973740819456	0.464613756875496	NA	0.957934082739975	0.468670688288865	0.927474426341986	NA	0.916831559916577	0.592552579903487	NA	0.895740242047732	NA	0.856564401880873	0.260412829951976	NA	0.42052975770516	0.451981140707156	NA	0.869186719442642	1.24937116441453	1.08596477103022	1.50078409782018	0.504691567623097	NA	0.347047539791974	0.705396860490909	NA	0.622808799351299	1.14229286259783	0.637488598023989	1.05097520622933	NA	0.907005931689068	0.627685503352446	1.51705108261434	1.56356045198592	0.967500192084651
0.885283191240531	0.734689206712526	0.473367147033119	1.16618159352632	0.824230585163509	NA	NA	NA	NA	1.54886116123874	1.26423087375913	0.526682563982596	NA	0.405806887645426	0.40224003862871	NA	0.120262165916519	NA	0.313915139962675	NA	NA	0.562461809727339	NA	0.705018364807804	0.435378648127659	0.399574052725834	0.465670176861141	0.517589859762791	NA	0.332375729725862	0.688587727128049	NA	0.566696607115916	0.970788095519747	NA	NA	1.49863291671651	NA	NA	0.776451269250068
NA	NA	NA	NA	NA	NA	NA	NA	NA	NA	NA	NA	NA	NA	NA	NA	NA	NA	NA	NA	NA	NA	NA	NA	NA	NA	NA	NA	NA	NA	NA	NA	NA	NA	NA	NA	NA	NA	NA	NA
1.67830336440155	0.649839480493431	0.485938332766989	0.556076127055976	1.23700022758103	1.56384594129879	0.470083738328706	0.580938323068538	1.91274436839514	1.5048998616267	1.86829945648167	1.52584460858546	0.308241095357751	0.831261236163251	1.08032328019209	1.79715795423934	1.8724263482491	NA	0.553789028997825	1.67016569582895	1.02806301420166	0.932246388981044	1.12286645209176	1.55221698225974	1.94769860338427	0.582665075142683	1.54946960086853	0.373730931676371	2.01452622109702	0.653961740671109	1.01579156840906	1.31047234716965	0.737004535685416	1.82180584249172	1.80927404132758	1.2700530952823	1.42585138113661	0.700054020007327	1.28517250015111	1.21783049337999
NA	NA	NA	1.01248308448751	NA	0.986092937300013	0.832097921097381	0.715511304607796	NA	0.795292518647962	NA	NA	NA	0.747307047775455	0.864520072969526	NA	NA	NA	0.362410202696607	NA	1.12411445725391	0.469792656949752	0.716647757257633	NA	0.503647900858208	NA	0.84934230061494	1.12729311299425	1.54400988296562	1.5084385352024	NA	1.85782318550697	2.04998777137085	NA	1.5759728139299	1.69720009181632	1.53173021973321	NA	2.83055705131687	NA
0.221132762282835	0.279490331480324	0.361434468247355	0.503281555683319	0.589360434820657	0.656042040333359	0.866810561550595	1.13369976031884	0.287438762038159	1.64530301830582	1.58910643066669	1.69967196272141	1.27105452348989	0.980282021556052	0.572271115462658	0.70042452653675	0.387849139494036	NA	0.703172302710683	0.597837757162275	NA	0.409591905261855	0.487232693145524	1.1462399377968	1.18228259290361	1.1112489093728	0.81304312031981	0.800051016942382	2.09525787835817	1.82650955039875	1.33139420159121	2.67846769332063	2.19758892937514	2.52162385831417	2.35471869884044	2.23407246770837	1.68202258603588	2.99851409488789	NA	3.0062091851512
NA	0.363785748486211	NA	NA	NA	0.542988169093353	NA	NA	NA	NA	NA	0.811477963521466	NA	NA	0.28596798576704	0.287325494198619	NA	NA	NA	NA	NA	3.2350321989876	0.600097452589073	NA	NA	NA	NA	1.03815697614222	0.323298314997619	1.13683489180329	NA	NA	1.62421889259618	NA	0.527386030929378	NA	NA	NA	1.3418412490527	NA
NA	NA	NA	NA	NA	NA	NA	NA	NA	NA	NA	NA	NA	NA	NA	NA	NA	NA	NA	NA	NA	NA	NA	NA	NA	NA	NA	NA	NA	NA	NA	NA	NA	NA	NA	NA	NA	NA	NA	NA
NA	NA	NA	NA	NA	NA	NA	NA	NA	NA	NA	NA	NA	NA	NA	NA	NA	NA	NA	NA	NA	NA	NA	NA	NA	NA	NA	NA	NA	NA	NA	NA	NA	NA	NA	NA	NA	NA	NA	NA
NA	NA	NA	NA	NA	NA	NA	NA	NA	NA	NA	NA	NA	NA	NA	NA	NA	NA	NA	NA	NA	NA	NA	NA	NA	NA	NA	NA	NA	NA	NA	NA	NA	NA	NA	NA	NA	NA	NA	NA
NA	NA	NA	NA	NA	NA	NA	NA	NA	NA	NA	NA	NA	NA	NA	NA	NA	NA	NA	NA	NA	NA	NA	NA	NA	NA	NA	NA	NA	NA	NA	NA	NA	NA	NA	NA	NA	NA	NA	NA
NA	0.499014799858971	NA	NA	NA	NA	1.08288230214143	0.875249641509404	NA	NA	0.967279564075017	NA	NA	2.09672269126771	1.8033426898177	NA	0.754358961466012	NA	0.193067359484026	0.225645963873566	0.593758616008675	0.256471403564108	0.566992550862355	NA	0.332796959723509	NA	NA	0.792132576514719	0.511867524516502	0.414718859932458	NA	0.684171862964754	0.767796472762056	NA	NA	NA	2.30423230009572	NA	1.53150400943264	NA
NA	NA	NA	NA	NA	NA	NA	NA	NA	NA	NA	NA	NA	NA	NA	NA	NA	NA	NA	NA	NA	NA	NA	NA	NA	NA	NA	NA	NA	NA	NA	NA	NA	NA	NA	NA	NA	NA	NA	NA
NA	NA	NA	NA	NA	NA	NA	NA	NA	NA	NA	NA	NA	NA	NA	NA	NA	NA	NA	NA	NA	NA	NA	NA	NA	NA	NA	NA	NA	NA	NA	NA	NA	NA	NA	NA	NA	NA	NA	NA
NA	NA	NA	NA	NA	NA	NA	NA	NA	NA	NA	NA	NA	NA	NA	NA	NA	NA	NA	NA	NA	NA	NA	NA	NA	NA	NA	NA	NA	NA	NA	NA	NA	NA	NA	NA	NA	NA	NA	NA
NA	0.520372805137318	0.585518979893934	0.648023240963137	NA	NA	0.577704607649433	NA	NA	0.429492396106797	0.95626841237792	0.840180285008181	0.306831585544392	NA	NA	NA	NA	NA	NA	NA	NA	NA	NA	NA	NA	0.38294469117116	NA	0.37348698556984	0.41769253800373	NA	NA	NA	NA	NA	NA	NA	0.336085840363841	NA	NA	NA
NA	NA	NA	NA	NA	NA	NA	NA	NA	NA	NA	NA	NA	NA	NA	NA	NA	NA	NA	NA	NA	NA	NA	NA	NA	NA	NA	NA	NA	NA	NA	NA	NA	NA	NA	NA	NA	NA	NA	NA
NA	0.468843187066669	1.13917627404884	0.574958976028486	0.969274104113037	1.0087963061704	1.16721263207168	0.719820062312213	0.815539165251483	0.808815786424252	0.466391589205412	0.599000463122949	0.361736966309131	0.775567422865524	0.350827841595984	0.390675067118659	0.226845646639521	NA	0.519817113543011	NA	0.65470916967773	0.52223956596319	1.1265558232221	0.729081705624522	0.89986790262417	0.581855298224944	NA	0.662488593976622	NA	0.971729424185774	0.526025787583021	0.752309553099033	0.778326918993055	0.923669822234329	0.710020336455406	0.616464330487102	0.677288690320022	1.16547433914376	0.854895848697414	0.559122501425719
NA	NA	NA	NA	NA	NA	NA	NA	NA	NA	NA	NA	NA	NA	NA	NA	NA	NA	NA	NA	NA	NA	NA	NA	NA	NA	NA	NA	NA	NA	NA	NA	NA	NA	NA	NA	NA	NA	NA	NA
NA	NA	NA	NA	NA	NA	NA	NA	NA	NA	NA	NA	NA	NA	NA	NA	NA	NA	NA	NA	NA	NA	NA	NA	NA	NA	NA	NA	NA	NA	NA	NA	NA	NA	NA	NA	NA	NA	NA	NA
0.564845933688716	0.690413615334049	1.05276907541086	0.641811349428072	1.27972023736134	0.884363852023723	0.536087677799561	0.512140693371466	NA	0.597568395513573	0.343833886931956	0.488075046518717	0.525370128290203	0.639663621208311	0.380189638833487	0.198998917537593	0.96989523645835	NA	0.916039289856215	1.32841784849267	NA	0.664425322448534	1.06493393059162	0.763184889361797	0.499959687591379	0.646392389038299	0.66504921857646	0.429902688190359	0.42761529308972	0.847802992335211	0.942370598845457	0.460909958422516	0.832119169661272	0.585424817134492	NA	1.21884814696472	0.982835111219406	0.620326987218043	0.844794681897438	0.664413100406958
NA	0.685702811211323	NA	0.809693090923337	0.905378924980765	1.05659341149547	0.816334625535706	0.427526325936265	NA	0.42961475690673	0.357731921793103	0.313802836764636	NA	0.308078583366423	0.413487701424377	NA	0.493969094971418	NA	0.104260869520129	0.186725462877223	NA	0.195414250334271	0.502055468432169	NA	0.391007590830809	0.275680622553754	0.443134770456617	0.277451464825095	0.296204875009856	0.338573819893772	NA	0.497063163947149	NA	NA	NA	NA	0.717686024672057	0.735081760729021	NA	NA
0.461291857401945	0.903410070199681	1.1224560564672	NA	NA	0.811659752462202	0.473149768507705	0.724602322566559	1.03932009839065	0.713903548218702	0.80876998197842	NA	NA	0.626171092731013	NA	0.330142888561604	0.489525744011016	NA	0.378947395563323	0.482941456110445	NA	0.232812606339661	NA	0.258485186740627	0.464648846984109	NA	NA	1.15317518155225	NA	NA	NA	1.96402640402366	NA	1.53347610369396	NA	1.138410768843	1.93378588168083	2.08495555172741	NA	NA
NA	0.817337002376712	0.702416524039142	NA	NA	NA	2.14712128523947	NA	NA	1.38499128293566	NA	NA	0.379810492345089	NA	NA	NA	NA	NA	1.91668402111622	NA	NA	NA	NA	NA	1.61832861202007	0.512016868411599	NA	NA	0.653732896630228	NA	NA	1.27559979901393	NA	NA	NA	NA	1.79644231000009	1.64418363092348	0.283190766478442	NA
1.56572694268238	1.58899528524435	0.926507612436847	0.860091734732196	1.1202368439364	0.946385906615948	0.986061781973063	NA	0.778722654145617	0.64096567329478	0.889994303849111	0.889863299670332	0.945625974229582	1.01794473654376	1.20746973378085	1.07980420681182	1.53018112772749	NA	0.531280195806375	0.898955805697427	0.968114348469514	1.6073331573849	1.34710626132475	1.54425016356665	1.5867579916052	1.96566026166715	1.45894636646364	1.30680930974257	2.12645835363228	1.47003264071487	1.54225587148732	1.71401203450288	1.02140746772731	1.77399382348003	2.11034058025722	1.7882997660491	1.93320653421605	1.69792561597763	NA	1.1597535808
2.68519561462402	2.21882910785634	1.94874438682747	NA	2.49718125728732	NA	NA	NA	NA	NA	NA	NA	0.878340169609063	NA	NA	1.13626041763435	NA	NA	NA	NA	0.946484337156221	NA	NA	NA	NA	1.01786637894609	NA	0.562350210055925	NA	NA	NA	NA	1.32238078570813	NA	NA	NA	NA	NA	1.83404489860534	NA
0.200995433855942	0.25571424138016	0.167585921716366	0.472852558162022	0.582370941035117	0.567960943656004	0.164041490356754	0.152684604095825	NA	0.452954619037031	0.303434172575145	0.268965265498456	0.663094975473027	0.626411560575664	0.567468864850738	0.32629096336202	NA	NA	NA	NA	0.274100947054887	0.227412549135684	NA	0.335197698223881	0.441801039032959	NA	NA	0.887479628121519	1.17727548644054	NA	1.08510404327789	1.2421168151379	1.37611236823073	0.922200639532993	1.25840271472287	NA	NA	NA	1.39494766493683	NA
2.39376822310848	NA	NA	2.04786477564812	NA	1.89391839487558	1.72871876648249	NA	NA	1.60674293700974	2.04769579512953	1.71513493201971	1.98935538170775	1.79792892667927	NA	NA	2.01092734937982	NA	0.955455588334265	1.00727692164006	NA	1.39547540332373	1.19210013768401	1.35606702487303	NA	1.67001584028577	1.54460086677331	NA	0.701053086449104	1.81969383586	1.89486747884958	NA	NA	2.29002879867732	2.99598130345138	1.68603726382767	2.08951932791923	NA	1.44680152797644	1.34481358760697
1.57191966793647	NA	NA	NA	1.54410137349934	0.311207418850384	1.78733569313674	0.394657093213267	NA	0.531007118832547	1.62077588256253	NA	0.556651229901806	0.535856454109462	1.2620182786963	1.44017810686659	0.363065137299787	NA	0.443863098478282	0.157679556205017	NA	1.83827500887936	0.741988931319535	1.57141127748412	0.810892799656966	1.77660604172879	0.880594784920152	0.473335630310183	NA	1.14578155093895	1.91039202529814	1.27812766595936	NA	NA	1.09509362274581	1.18575424763237	NA	NA	NA	0.946108046744683
NA	NA	NA	NA	NA	NA	NA	NA	NA	NA	NA	NA	NA	NA	NA	NA	NA	NA	NA	NA	NA	NA	NA	NA	NA	NA	NA	NA	NA	NA	NA	NA	NA	NA	NA	NA	NA	NA	NA	NA
NA	NA	0.590004297884978	0.331798869993557	0.387564579913635	NA	0.45765050481448	0.28956751489146	NA	0.612813540224485	1.00467517753061	0.669208899320799	0.829893254846087	NA	NA	NA	0.417083890133222	NA	0.218805498035948	0.209682761631907	NA	0.392573111556122	0.837256798969628	0.789812585813442	0.525530807422892	0.648742826931159	NA	NA	0.574797972600369	0.653532024923572	NA	NA	NA	0.666037091480513	0.797187068016414	0.712228418500672	NA	1.56482150500795	0.299650309325943	0.667857536991905
NA	NA	NA	NA	NA	NA	NA	NA	NA	NA	NA	NA	NA	NA	NA	NA	NA	NA	NA	NA	NA	NA	NA	NA	NA	NA	NA	NA	NA	NA	NA	NA	NA	NA	NA	NA	NA	NA	NA	NA
NA	NA	NA	NA	NA	NA	NA	NA	NA	NA	NA	NA	NA	NA	NA	NA	NA	NA	NA	NA	NA	NA	NA	NA	NA	NA	NA	NA	NA	NA	NA	NA	NA	NA	NA	NA	NA	NA	NA	NA
NA	NA	NA	NA	NA	NA	0.749848766445245	NA	1.56498450932346	0.30930477981044	0.417538525681968	NA	NA	NA	0.329036364318309	0.279028340909999	NA	NA	0.258475652630254	NA	NA	0.347070516353467	0.28404960130389	0.347017409087982	NA	NA	NA	1.22295434238762	2.14583656268712	NA	NA	NA	NA	NA	NA	NA	NA	NA	NA	NA
0.507593627493829	2.35629688313799	0.660871440859119	0.104901299986338	NA	NA	0.604061806511009	1.09340703067221	0.991768852865421	0.460567977573456	0.398390507249813	0.312559393884422	0.181307020485888	1.01883432876079	0.724227247079506	0.634622360349724	0.613326624752982	NA	0.22621389036693	0.357274938019508	0.41203431009511	0.463499636166355	0.718547526971344	0.822011636932667	0.729245310578903	0.91951905971776	0.285488299616274	0.280623759147933	0.518593384777492	NA	0.317046708220287	0.217603824052863	0.553130343379111	0.247400955637361	0.282216314010337	NA	0.379378200909354	0.368197536207098	0.219503538117629	0.35564924893927
NA	NA	NA	NA	NA	NA	NA	NA	NA	NA	NA	NA	NA	NA	NA	NA	NA	NA	NA	NA	NA	NA	NA	NA	NA	NA	NA	NA	NA	NA	NA	NA	NA	NA	NA	NA	NA	NA	NA	NA
NA	NA	NA	NA	NA	NA	NA	NA	NA	NA	NA	NA	NA	NA	NA	NA	NA	NA	NA	NA	NA	NA	NA	NA	NA	NA	NA	NA	NA	NA	NA	NA	NA	NA	NA	NA	NA	NA	NA	NA
2.86347807425322	NA	2.6407793801682	NA	1.77949718118748	1.49529471502896	1.43827683022765	0.958342984353052	NA	NA	1.27450580365327	0.851826508523335	1.26328500188751	0.733322085315378	NA	NA	0.230865426449391	NA	NA	NA	0.703770373437624	NA	1.12041405889095	NA	NA	1.61070565570768	0.898087484329085	2.40894701965513	NA	NA	0.872013939454221	0.929820985713315	NA	NA	0.905401380924837	NA	2.87406832348924	NA	0.768862246840932	NA
NA	NA	NA	NA	NA	NA	NA	NA	NA	NA	NA	NA	NA	NA	NA	NA	NA	NA	NA	NA	NA	NA	NA	NA	NA	NA	NA	NA	NA	NA	NA	NA	NA	NA	NA	NA	NA	NA	NA	NA
2.2204023965319	NA	0.493568024649537	1.28472590191309	0.820571670633513	0.771772473579678	0.486372094433573	0.554971021118024	0.782994659974371	1.67292190424771	0.516624812569423	0.257330758784497	0.458731833418611	NA	NA	NA	0.747734493494461	NA	0.123267680375358	0.37216796195573	NA	0.679138800838706	0.347483403529081	NA	0.537557425722531	0.36236074373142	0.472571416173686	0.980452630703395	0.507420839532788	0.665598364811246	0.775717002922395	0.808083978093774	0.731493679424007	0.780535279290186	NA	1.2766484406903	0.483274913286244	0.728614192644781	NA	NA
2.18728707997981	2.39245132560836	2.44612025121807	2.35491238960069	1.15054520410215	1.08024738726764	2.21029424200978	2.74427028424005	NA	1.24491094197836	1.18068723125053	1.18201165054733	NA	2.60410327198331	1.07820684742782	2.6906751578535	0.311148213507637	NA	0.938270571267225	NA	NA	NA	NA	1.00715992210544	0.988068658839905	1.55507668483326	1.70570115519517	NA	1.41234371354961	1.67265379022102	NA	1.66043369688248	1.53843780576791	1.72560705001436	2.32441859535324	NA	1.42166741564984	0.973028558756652	1.30064071008092	NA
NA	NA	NA	NA	NA	NA	NA	NA	NA	NA	NA	NA	NA	NA	NA	NA	NA	NA	NA	NA	NA	NA	NA	NA	NA	NA	NA	NA	NA	NA	NA	NA	NA	NA	NA	NA	NA	NA	NA	NA
0.856488830093756	0.684565138386017	0.356006305289695	0.760110628872267	1.15944235415296	0.916962811066274	NA	0.741497174118322	NA	0.480774131980278	0.477225770166156	NA	0.325673548190529	0.224329652396138	0.730966160578351	NA	NA	NA	0.197838470637157	0.540323469032442	1.18788901924741	0.539920698715886	0.3819307808215	0.519247932351038	0.205885014236502	0.362193627483343	0.815009762383952	NA	0.661974297661396	0.460213964551393	0.384415445141354	0.637711547547039	0.547663765552893	0.490003663089276	0.376179857258151	0.340808701299971	0.482018209705957	NA	1.06399680338379	NA
NA	NA	NA	NA	NA	NA	NA	NA	NA	NA	NA	NA	NA	NA	NA	NA	NA	NA	NA	NA	NA	NA	NA	NA	NA	NA	NA	NA	NA	NA	NA	NA	NA	NA	NA	NA	NA	NA	NA	NA
0.451223959360844	0.541161247393575	0.468679869409511	2.23020492595478	0.664825477298315	1.99865977432767	0.873214057894042	1.32888521348396	NA	NA	0.680758434839008	0.632672140864798	1.46446011543676	0.651397985003213	NA	0.403836181325612	0.607831402778017	NA	0.414912005576521	0.819881893604447	NA	0.610079887973923	0.572359114638623	NA	NA	0.224619698722402	0.31542760932917	0.544964978281853	0.456552976565133	NA	NA	0.0555739023687174	NA	0.158370748986397	NA	NA	NA	1.14869781852941	NA	NA
NA	NA	NA	NA	NA	NA	NA	NA	NA	NA	NA	NA	NA	NA	NA	NA	NA	NA	NA	NA	NA	NA	NA	NA	NA	NA	NA	NA	NA	NA	NA	NA	NA	NA	NA	NA	NA	NA	NA	NA
NA	NA	NA	NA	NA	NA	NA	NA	NA	NA	NA	NA	NA	NA	NA	NA	NA	NA	NA	NA	NA	NA	NA	NA	NA	NA	NA	NA	NA	NA	NA	NA	NA	NA	NA	NA	NA	NA	NA	NA
NA	NA	NA	NA	NA	NA	NA	NA	NA	NA	NA	NA	NA	NA	NA	NA	NA	NA	NA	NA	NA	NA	NA	NA	NA	NA	NA	NA	NA	NA	NA	NA	NA	NA	NA	NA	NA	NA	NA	NA
NA	NA	NA	NA	NA	NA	NA	NA	NA	NA	NA	NA	NA	NA	NA	NA	NA	NA	NA	NA	NA	NA	NA	NA	NA	NA	NA	NA	NA	NA	NA	NA	NA	NA	NA	NA	NA	NA	NA	NA
0.939052934659109	NA	0.899048180615106	0.571678162220946	NA	NA	NA	NA	NA	0.716762249100635	0.651020030285286	0.683070126848242	NA	0.389474825173146	0.559151168120947	NA	NA	NA	NA	NA	NA	NA	0.498294648602642	NA	NA	NA	NA	NA	NA	1.46589957360794	0.473383952660612	0.893971732625921	NA	1.22179026442405	0.244736262021305	0.506559350921319	0.272492857557464	0.824157198760084	NA	0.603294493752654
NA	NA	NA	NA	NA	NA	NA	NA	NA	NA	NA	NA	NA	NA	NA	NA	NA	NA	NA	NA	NA	NA	NA	NA	NA	NA	NA	NA	NA	NA	NA	NA	NA	NA	NA	NA	NA	NA	NA	NA
0.476925133791199	NA	NA	NA	NA	0.998155985062602	1.08774832539047	1.41521845660259	NA	0.703373073246501	0.306868960108238	NA	NA	NA	NA	1.26595002505433	1.35118229947003	NA	NA	NA	NA	0.682914916670345	NA	0.573117792569118	0.183825241075271	NA	NA	NA	NA	NA	NA	0.798537203109615	NA	2.72157128822275	NA	NA	NA	0.961060640477951	0.736900223737806	NA
NA	NA	1.91503931540789	0.77142594114032	0.568871586740751	0.581981529979838	0.355291666602851	0.889758362849257	0.677846382254579	0.504604081453812	0.451558985890945	0.231252598050948	NA	0.558719082994677	0.240055706339734	0.492866118352569	0.317705857805194	NA	0.39817408974501	NA	0.590338010250932	0.295195802924226	0.664593570380288	2.00688457731031	NA	0.348740649186189	NA	0.506214490918503	0.758813547731841	0.762893650816669	0.522158915728202	NA	0.740078657627244	NA	NA	NA	0.929191147122863	0.802726713495863	0.667637070357382	NA
NA	2.56533763121086	1.13766497375745	NA	NA	1.48421364972155	1.19515915285855	0.839418765090995	1.10832237947661	1.57610195455577	2.61074019733208	1.18184437811682	0.811753391598486	NA	NA	1.49279033179648	NA	NA	2.79937151397786	0.782011731746019	NA	2.69862471605931	NA	0.658060952264965	1.14141823194227	NA	0.683571109503136	2.68070262647013	1.3808460057949	3.06057443771368	1.60451940183901	NA	NA	2.29492942795444	2.0455778454885	1.50848681296735	NA	NA	NA	NA
NA	NA	NA	NA	NA	NA	NA	NA	NA	NA	NA	NA	NA	NA	NA	NA	NA	NA	NA	NA	NA	NA	NA	NA	NA	NA	NA	NA	NA	NA	NA	NA	NA	NA	NA	NA	NA	NA	NA	NA
1.18539849017103	1.18485115055554	1.30795361681117	2.50786563974461	1.55234935698669	1.19327094479635	2.79544450580355	NA	1.14481913123679	NA	NA	NA	1.95168761358731	2.47196639231507	2.21588806560532	1.69125943203687	1.67112430526712	NA	1.51159079638671	1.40193096265474	2.33327869455928	NA	1.41736850131674	NA	1.44238712801009	1.4283507218264	2.1509069275645	2.19678930035346	1.86015118339612	1.780928512868	1.916283913487	1.80412306876826	1.62849683244764	1.66036073127865	2.14050578282933	1.62052358494351	1.19048687123211	NA	1.60206742219767	2.43243124526574
0.679379741716011	NA	NA	NA	0.956009457031458	NA	NA	0.986613017817186	0.894801643867931	0.969463503831362	NA	NA	1.69089974243528	NA	NA	0.695065352160139	0.430840988575001	NA	0.832854664601338	0.4580109183995	NA	0.375887623392913	0.513748841637659	0.249488337504879	1.91817032092771	0.603816738948467	NA	NA	NA	0.437889796579358	0.630488366894387	0.525622496946428	0.223323773579122	0.478140121034739	NA	1.01150866365209	0.530997610333087	0.259178748372756	NA	NA
NA	NA	NA	NA	NA	NA	NA	NA	NA	NA	NA	NA	NA	NA	NA	NA	NA	NA	NA	NA	NA	NA	NA	NA	NA	NA	NA	NA	NA	NA	NA	NA	NA	NA	NA	NA	NA	NA	NA	NA
NA	NA	NA	NA	NA	NA	NA	NA	NA	NA	NA	NA	NA	NA	NA	NA	NA	NA	NA	NA	NA	NA	NA	NA	NA	NA	NA	NA	NA	NA	NA	NA	NA	NA	NA	NA	NA	NA	NA	NA
NA	NA	NA	NA	NA	NA	NA	NA	NA	NA	NA	NA	NA	NA	NA	NA	NA	NA	NA	NA	NA	NA	NA	NA	NA	NA	NA	NA	NA	NA	NA	NA	NA	NA	NA	NA	NA	NA	NA	NA
NA	NA	NA	NA	NA	NA	NA	NA	NA	NA	NA	NA	NA	NA	NA	NA	NA	NA	NA	NA	NA	NA	NA	NA	NA	NA	NA	NA	NA	NA	NA	NA	NA	NA	NA	NA	NA	NA	NA	NA
NA	NA	NA	NA	NA	NA	NA	NA	NA	NA	NA	NA	NA	NA	NA	NA	NA	NA	NA	NA	NA	NA	NA	NA	NA	NA	NA	NA	NA	NA	NA	NA	NA	NA	NA	NA	NA	NA	NA	NA
0.809271782957241	0.288176838676778	0.599136867943771	1.15459179627984	NA	1.97976110171252	0.842643262080565	1.2055828405021	0.569941126010605	0.567249280752673	0.850584478964274	0.552599504560071	0.458998166725732	0.741075292303747	0.479090465144341	0.766431049486416	0.417491522739598	NA	0.259030984175137	0.677833279597607	0.278619234919471	0.543761665268605	NA	1.0992131092622	NA	0.748959552632953	NA	NA	NA	NA	0.945725100028283	NA	0.976171402101312	NA	0.959526895341857	0.193447979150665	0.879090049645845	NA	1.2116573000573	NA
0.55368049990556	NA	0.603938735741234	NA	0.828446029588534	0.80246512113682	0.432257165179896	0.401818414130157	NA	NA	NA	NA	NA	0.371618309660015	1.02225388129513	NA	0.166769974212375	NA	0.402050095718491	NA	0.629645303505516	0.519565964446997	0.431917760939348	NA	NA	NA	NA	0.547518670574131	NA	NA	NA	NA	0.439016430326524	NA	NA	NA	0.91063505870597	1.166092860392	NA	1.32356876085443
NA	NA	NA	NA	NA	NA	NA	NA	NA	NA	NA	NA	NA	NA	NA	NA	NA	NA	NA	NA	NA	NA	NA	NA	NA	NA	NA	NA	NA	NA	NA	NA	NA	NA	NA	NA	NA	NA	NA	NA
1.26729039569247	0.991589672552479	NA	NA	NA	1.03202175797489	NA	NA	NA	NA	NA	NA	NA	NA	0.813230610130453	1.57016846055819	NA	NA	1.94910490565395	NA	NA	NA	NA	NA	NA	NA	NA	NA	NA	NA	0.936898742872513	NA	NA	NA	NA	NA	NA	0.742006856141328	NA	NA
NA	NA	NA	NA	NA	NA	NA	NA	NA	NA	NA	NA	NA	NA	NA	NA	NA	NA	NA	NA	NA	NA	NA	NA	NA	NA	NA	NA	NA	NA	NA	NA	NA	NA	NA	NA	NA	NA	NA	NA
1.031830396629	1.20716550148293	0.281174849538185	0.582477063251948	1.11683254056074	1.20453578253636	1.08391285395417	NA	NA	NA	1.49986422427547	NA	0.248997689995675	0.442347190001466	0.511386527523956	NA	NA	NA	1.81569578140997	0.482377325889979	NA	0.250096636000093	0.334594800458148	NA	1.70927307647724	1.85932380968975	1.97466129112187	NA	NA	0.91435692414793	1.08298837060493	NA	2.11483520936931	1.2889310326732	1.51025090535097	NA	NA	NA	NA	NA
0.430269601442001	0.540205175482216	0.197845685401865	NA	0.280456701982877	0.278742652835206	0.45481221095654	0.637839311446881	0.435903823623372	0.213333734058912	0.536979165841091	0.490451445340606	0.372897974299455	0.0721421018312383	0.542268471762196	0.353226684537944	0.621970374816967	NA	0.284190296502236	0.41419973967739	0.429739437414483	0.42146736446315	0.264267083346847	0.370720564276205	0.995399967064721	NA	0.608658017529972	0.39893431630896	0.733615622830932	0.731376999314885	0.756827240679506	0.455246584362401	0.687954934381077	0.440175885514426	NA	NA	0.498281246352585	NA	0.66998403464156	0.675203678824434
NA	NA	NA	NA	NA	NA	NA	NA	NA	NA	NA	NA	NA	NA	NA	NA	NA	NA	NA	NA	NA	NA	NA	NA	NA	NA	NA	NA	NA	NA	NA	NA	NA	NA	NA	NA	NA	NA	NA	NA
NA	NA	NA	NA	NA	NA	NA	NA	NA	NA	NA	NA	NA	NA	NA	NA	NA	NA	NA	NA	NA	NA	NA	NA	NA	NA	NA	NA	NA	NA	NA	NA	NA	NA	NA	NA	NA	NA	NA	NA
1.46487577684421	0.41252792313519	0.333011475784263	0.226913893793057	0.646227872883854	0.799884211227492	NA	NA	NA	0.60986745475714	0.682235583146834	NA	1.0478362272729	0.430174234330198	0.616624285412832	0.72902353173388	NA	NA	0.4555287905596	0.59594782400815	0.289800798966537	2.00768686870312	NA	NA	NA	0.405323288192765	0.903865035645416	NA	1.51758133435683	1.27073249910184	1.29771015706089	NA	1.08422268705192	1.04371749146292	0.896615093057973	0.399286457434193	0.649348185976696	NA	NA	1.00825713817201
NA	NA	NA	NA	NA	NA	NA	NA	NA	NA	NA	NA	NA	NA	NA	NA	NA	NA	NA	NA	NA	NA	NA	NA	NA	NA	NA	NA	NA	NA	NA	NA	NA	NA	NA	NA	NA	NA	NA	NA
1.01180633130946	NA	NA	NA	0.328652452776872	NA	1.28444499113994	NA	NA	NA	NA	NA	NA	0.705203967286995	NA	NA	NA	NA	NA	1.13399630615997	0.356989797001729	NA	NA	NA	NA	0.728183063040606	0.733984109990803	NA	0.910368551665521	NA	NA	NA	NA	1.26384768450535	NA	NA	NA	NA	1.61172869305652	NA
NA	0.36322761394897	0.262528622120874	0.237704974273492	0.639491349252666	NA	0.699523590909505	0.787639110747501	NA	0.635170726334887	0.570259037227539	0.728902579789074	NA	0.68797473582156	0.370961613299049	0.810393207741517	0.458836813477455	NA	0.513433362012244	0.635685091177034	0.761425384163351	NA	0.551556169004998	NA	NA	0.891829761031427	NA	0.990659769813101	0.52192392487742	NA	NA	1.08320206124676	1.04789462817221	NA	0.90182799002138	NA	NA	1.75771208868663	NA	NA
NA	NA	NA	NA	NA	NA	NA	NA	NA	NA	NA	NA	NA	NA	NA	NA	NA	NA	NA	NA	NA	NA	NA	NA	NA	NA	NA	NA	NA	NA	NA	NA	NA	NA	NA	NA	NA	NA	NA	NA
NA	NA	NA	NA	NA	NA	NA	NA	NA	NA	NA	NA	NA	NA	NA	NA	NA	NA	NA	NA	NA	NA	NA	NA	NA	NA	NA	NA	NA	NA	NA	NA	NA	NA	NA	NA	NA	NA	NA	NA
NA	NA	NA	NA	NA	NA	NA	NA	NA	NA	NA	NA	NA	NA	NA	NA	NA	NA	NA	NA	NA	NA	NA	NA	NA	NA	NA	NA	NA	NA	NA	NA	NA	NA	NA	NA	NA	NA	NA	NA
NA	NA	NA	NA	NA	NA	NA	NA	NA	NA	NA	NA	NA	NA	NA	NA	NA	NA	NA	NA	NA	NA	NA	NA	NA	NA	NA	NA	NA	NA	NA	NA	NA	NA	NA	NA	NA	NA	NA	NA
NA	NA	2.72398208468803	2.92327923035068	3.31200465188148	NA	NA	NA	NA	NA	2.2547473619837	NA	NA	3.01909550178809	NA	NA	NA	NA	NA	NA	NA	NA	NA	2.86466087396933	0.585720456086959	2.91340112053653	NA	2.62476555770401	NA	NA	2.35164336033765	2.69091490286338	3.0825013666368	NA	NA	NA	NA	2.47055547380223	NA	NA
0.665051338494433	NA	0.419997305479244	0.526391269752139	NA	NA	0.872656951587404	NA	0.228836620704367	0.616762881554883	0.683562804084302	0.836564636730583	0.767063048091167	0.653483084308937	NA	0.653512812946958	NA	NA	1.04414725415923	NA	0.506008130387895	1.10509998478054	0.910600781996195	NA	0.839136208652404	0.724996551923355	NA	1.40734217878108	1.02762471350381	NA	1.18028317730589	NA	1.21031611869922	NA	NA	NA	1.11655201560348	NA	NA	1.44769468228823
0.860527430311234	0.794839974078177	1.63270618499805	1.19473772653242	1.37207222405501	NA	1.29515174929629	1.02738360672072	1.15214750471733	1.24056912094816	0.816317947815509	NA	0.57368239903821	0.272912696889397	0.227013723258536	0.312600490614209	0.12800905243641	NA	0.512635254680789	1.38334803087372	1.00134505056662	0.076918264503876	0.505667107910703	0.387611288372867	0.649287251521003	0.547848892058056	0.596387315622755	0.679474490643212	0.625374482499368	0.692092646791972	NA	0.702657370884296	0.484465306998097	0.420885937884764	1.72857329985512	0.548353593879058	2.00904697691232	1.48734531179727	NA	1.46164024363165
2.62897916852649	1.3612056349362	1.55859916045183	1.93750583342115	1.01733406150628	1.91749342032184	1.81498908344768	2.52378112691574	1.7819890728509	1.49221587140276	1.14140012087419	1.00018311522903	2.59311948238129	2.62773119500544	1.13970648376772	1.26879137513103	0.218638395197792	NA	1.90736151973307	2.46337528373285	0.761438177428842	0.880585447442137	2.06838979911545	0.99497994405172	1.55093997544551	1.80842643216194	1.87558774173257	1.11138687536625	1.40087324298454	1.48506180283885	1.34085942536343	1.67197596525795	1.53806486192943	2.1228023083972	1.49380148099957	2.02026844549378	1.28935993353235	1.5814657064292	1.6663122291664	1.93403027051093
NA	0.884122357149909	1.28705248068748	0.991850586239897	NA	NA	0.532559122650919	0.880909162770804	NA	NA	0.444909075976288	0.381955603444366	1.63655342891164	0.741493793173548	0.70049428000849	0.10445980800391	0.544963828770111	NA	0.614671644758549	NA	NA	0.499612904598459	NA	1.06114229013898	0.838698285390432	0.956828360169799	NA	1.21257923712271	NA	0.729649454884964	NA	1.02048158978918	NA	1.79320020829715	NA	NA	NA	NA	0.308491803107527	NA
1.06742368857448	0.817691801087388	0.427875304630102	1.35098212899978	1.65742314511925	0.699236004860835	1.16240778779892	0.668699788044653	0.383200079110064	0.884406679301604	0.957891766642786	0.602943272977171	1.05944880135463	1.09045374462832	0.713574120583363	0.287875988197922	0.82191790658267	NA	0.133733385441194	0.341724270236355	0.106354698244907	0.493095586644652	0.435236509837946	0.390622804195637	0.398053564188227	0.821686279164137	0.422576776442916	0.963706775568819	0.846895255485826	0.928902778861863	1.35779809409706	0.460249653111928	1.06383814720729	0.0804889639167779	0.529392191219923	1.24774595814903	1.38756042870991	1.05848382046113	NA	0.833380626861144
NA	NA	NA	NA	NA	NA	NA	NA	NA	NA	NA	NA	NA	NA	NA	NA	NA	NA	NA	NA	NA	NA	NA	NA	NA	NA	NA	NA	NA	NA	NA	NA	NA	NA	NA	NA	NA	NA	NA	NA
NA	NA	1.5029183460372	NA	NA	1.27733256363311	0.904232249687169	0.749023084872286	1.72477272963039	1.09050327668229	NA	1.06792198832957	NA	0.785153594774647	0.547806405152797	0.233711244406434	NA	NA	0.294586044044348	NA	NA	0.970402501441872	1.03397555211957	0.629869247409464	0.166398706868239	0.409994185633926	0.907752191253111	1.01016446572547	NA	1.62849995067072	1.63820117318136	NA	NA	NA	NA	0.2994714119007	NA	1.60261232901745	NA	1.37318530873594
NA	2.15346698544194	0.56201362953477	NA	0.735248131112733	0.582728678165303	NA	1.25617535546685	0.851102205378879	0.594217832976101	0.773411551368999	0.605442279638239	0.482816922901742	0.437439601051455	0.366366911079146	0.722516158668156	0.627465009232291	NA	NA	0.562066065110259	0.850703168702437	0.456738549169066	0.783813228631219	2.00126750652939	0.717119428498134	0.810025157442291	1.10842893724845	0.938347849632285	0.854038877233803	1.48464978274556	1.76315624827273	1.18820405865241	1.23804879929681	1.29455377696612	1.17208623327957	NA	1.41430631605836	1.60743315795754	1.94385353120515	NA
0.583542311343637	0.262290420526375	0.827645656487944	NA	NA	NA	0.251379486474042	NA	0.0962110856475263	0.508735299247482	0.534176750989623	0.809972517942992	0.304750483957202	0.429541207055503	NA	NA	0.114680607295718	NA	0.267141576728773	NA	1.3851918775889	0.440745284840217	NA	0.456391994375949	NA	0.658166418407509	0.588882601279156	1.06893013702975	0.304149020944245	NA	1.92390276159948	1.28007802622521	0.931928495193278	0.872448705292545	1.05985400731775	0.956340320837832	1.0115509671991	NA	2.52613027061851	1.68228497463703
NA	1.00601538864669	1.24724199887959	1.19438391387027	0.97661508673763	NA	NA	0.539062736699729	0.955749828270858	0.973836332980586	1.2709814045636	1.15639584361563	0.360203959738687	NA	0.940671505413644	0.691779190954982	0.66254967226436	NA	0.582826546946076	NA	1.20526777000274	NA	0.772839401447562	1.02828237454231	NA	NA	1.54046941432856	0.694130251584231	0.529352941330167	0.536015716524359	0.874404824897391	1.47452356927582	0.851002586999507	0.728243453799453	NA	1.02476829399925	1.8080299871023	NA	NA	1.2195938336812
NA	NA	NA	NA	NA	NA	NA	NA	NA	NA	NA	NA	NA	NA	NA	NA	NA	NA	NA	NA	NA	NA	NA	NA	NA	NA	NA	NA	NA	NA	NA	NA	NA	NA	NA	NA	NA	NA	NA	NA
NA	NA	NA	NA	NA	NA	NA	NA	NA	NA	NA	NA	NA	NA	NA	NA	NA	NA	NA	NA	NA	NA	NA	NA	NA	NA	NA	NA	NA	NA	NA	NA	NA	NA	NA	NA	NA	NA	NA	NA
