1.15836914310954	0.852032137212451	NA	1.02775028844798	0.716458342964194	0.552558855848854	NA	NA	1.83305430086132	0.892073328025943	NA	1.42753566454112	0.558672073210762	NA	NA	0.378509393583006	0.473332531533997	0.605292296900738	0.565743048826241	0.724443853097591	0.182682942466554	0.30364591495982	NA	0.561005370275383	NA	0.867692233607071	0.599936387932872	NA	0.459337261718961	0.576230732331372	NA	0.263424635395828	0.18238255928613	0.345765243595745	0.39963930273777	0.24901708625543	0.425337990754388	NA	0.0977651018262529	0.973316640899001
1.11516327060862	1.00711826291093	0.976525866382195	1.40870000118612	1.44953375512782	1.19141357459844	1.43759226734569	NA	0.831920426529348	1.03396744552831	1.21804960495233	0.706561942916311	0.598335764664826	0.717765977597787	0.625065502776262	0.732462745577509	0.691748255485522	NA	0.61688610619597	0.473093866987656	0.792386968520631	0.372115324779658	NA	0.736193006038779	1.01709647671615	0.31497213896772	NA	NA	0.360512081310816	0.257104102289907	NA	0.595600820024306	0.555098994598704	0.83125343884133	1.25072215878617	1.92789785551807	0.149536810287236	NA	NA	0.247556145894282
0.877362483995934	1.01121530139026	NA	1.16895196298486	0.693368018237094	NA	0.93115637038101	1.20571578918468	NA	1.41252089744665	1.60576540018543	0.67023063886374	0.954744318981444	0.690211576228766	0.53063797498737	0.95608087221152	0.687322383393216	0.443838985125242	0.92395754748992	0.781366471513049	0.762950238993851	0.695380583535172	NA	0.336626635553683	0.383260475214227	0.272117518813376	0.322635660925236	1.09591660804948	0.518440354888734	0.703913205656603	1.36608922374967	1.01560861333291	0.845936020229587	NA	0.492724183249398	1.02674742505683	1.24250451136856	1.09709395464112	1.14328482507742	1.0981098206073
NA	NA	NA	NA	NA	NA	NA	NA	NA	NA	NA	NA	NA	NA	NA	NA	NA	NA	NA	NA	NA	NA	NA	NA	NA	NA	NA	NA	NA	NA	NA	NA	NA	NA	NA	NA	NA	NA	NA	NA
0.741337751052652	0.755668047792984	0.662246824818795	0.560051112767321	NA	0.797572570180835	0.769548332031225	1.15244510683392	0.868646757319888	1.01264576558034	0.863676468105313	1.14525470445664	1.15556125128008	1.02054830212622	NA	0.811430089874273	1.22076438564536	0.842675207485165	0.745951423218647	0.737771718346293	1.44749740772236	0.599400274892709	NA	0.617357236679125	1.20117547847186	NA	NA	0.689818004462503	NA	NA	1.05872856202669	1.58324734567584	NA	NA	NA	NA	1.72110131008093	NA	1.79806663575113	2.17328598197118
1.56949812999756	1.35867386177676	NA	1.8623876067472	1.23533191666778	1.24274644271462	1.37047647609726	1.88989426647791	1.59750493967612	1.87090028031059	2.0793636886272	2.15028127347654	1.85099442575082	1.15810798468546	1.46226185711684	NA	NA	1.45571079117184	1.3532185097591	1.48352506204243	1.39939694099572	0.977353738548763	NA	0.138042254870671	0.634282440729692	1.25862802125455	0.928942044782981	1.3819227985857	1.87468195833608	0.842471396288219	1.42360677196243	NA	1.34136831814701	1.48897744111255	1.58813110053319	1.48498044140604	1.70196012462436	0.813066626183828	0.649526484292587	NA
0.586871674029617	0.797469603265983	0.628878721556268	0.717093758847775	1.24485118476552	1.16698057399643	1.14009540282638	0.769870845131093	0.933208141746575	NA	1.94113065279101	1.16493146878125	1.00097549240311	0.943790173295469	0.720711942060392	0.815363580765483	0.866642276446847	1.68359198834796	0.380462402517801	0.503481390495116	NA	0.228044844086236	NA	0.126974403690801	0.412126283966988	0.423086497122684	0.279606891370234	0.441138274884137	0.283977291257859	0.174204478459393	0.860704843919754	NA	0.765980288527268	NA	0.970136506284869	0.782401348570042	0.708178415047983	1.61944912789707	0.641949465988179	1.62240429055847
0.397917228461515	0.899548318381045	NA	0.943191734449402	0.820848245285313	0.653432261775085	0.65605124503303	0.896080062348774	0.785872405318619	0.468084638944838	0.593269677594486	0.584405439436217	1.72078585306964	0.238102807409478	0.360469370613241	0.743672216145386	0.888040427268388	1.0177201756643	1.07560945443259	0.460357483262655	NA	1.02452504072362	NA	NA	0.5247015499	1.25044275318573	NA	NA	2.07140819865237	1.35513508627898	NA	2.03698279573596	0.902374105263534	NA	NA	NA	2.19526972958398	NA	NA	NA
NA	NA	NA	NA	NA	NA	NA	0.970901153059275	1.10202800517169	0.871046359229881	0.926333018594713	NA	0.693334314420264	1.04989881670737	0.773987991550827	0.73346513546446	0.713221484646382	0.713485076688637	0.893277386445891	1.01053905848644	NA	0.601411078515218	NA	0.454809145445674	0.832827037630618	0.0889525402092982	0.3963621641922	0.591444942747677	0.359843998833329	0.441393638894602	0.366329071638605	0.771156347230381	0.459129150808386	0.94489897631178	1.74976372364404	0.693346707879663	0.51774920050972	0.763227065789914	NA	0.786508493587446
NA	NA	NA	NA	NA	NA	NA	NA	NA	NA	NA	NA	NA	NA	NA	NA	NA	NA	NA	NA	NA	NA	NA	NA	NA	NA	NA	NA	NA	NA	NA	NA	NA	NA	NA	NA	NA	NA	NA	NA
1.43784346578201	1.53884208333352	0.91925431339519	1.03056287162799	1.85373990238253	0.540262573637191	1.06971910326321	0.70293744125984	NA	1.12599220101526	0.606677202273402	0.913704325307467	1.15222955384588	1.05381409593615	0.948608155085288	NA	0.695069969974279	NA	0.704679015617027	0.798335346526962	0.262072507117684	0.290101886922176	NA	0.730493459479188	NA	0.26867244324453	0.388154322109262	0.202802058746919	0.419679941378908	0.625357313531918	0.441674515567066	0.947964294295452	0.652793318127983	0.78298075241274	1.29307174428595	1.32809854223129	1.61614146380536	1.20577191615236	1.34258024729109	2.21732344199025
0.703017679036224	0.290448611758202	0.802450886354828	0.550495835447484	0.677240724956095	1.1388761972414	0.793386801856661	0.914803940541733	0.453250894139283	0.177249648538568	0.340084674778022	0.3216301606617	0.412664631997615	0.490424971640939	0.47858352512092	0.541321095033267	0.225472447643964	0.918149775631474	0.471858808767568	0.164481151517398	NA	0.136813168534218	NA	0.301842942435156	0.230568933386244	0.378680352012593	0.669467570139207	1.22619617896281	1.20082148811427	1.10776267886928	1.08107006319984	0.95242046474722	1.51536814812976	NA	NA	1.70471815653314	1.77175464325946	1.24655702974229	0.842793975509344	NA
NA	NA	NA	0.427747698893459	0.540088942788332	0.69438771158685	0.701341748017093	NA	0.426589273712321	0.77406321007576	1.64761554110957	0.563006361864857	0.378963530876211	0.465174335010202	NA	0.328283488312868	NA	NA	1.06206795883535	NA	NA	0.435720891227693	NA	NA	NA	NA	NA	NA	NA	NA	NA	NA	NA	NA	NA	NA	NA	NA	NA	NA
0.717284613433017	0.64551315886647	0.753180242790252	0.845216281311722	1.40187456327542	1.13697587350091	0.669181961062938	NA	0.541453774043894	0.814683346397553	1.06492114541114	0.957060496090214	0.645813713963838	0.90567906304748	1.01875012419647	1.1703351464805	1.08190378008344	NA	0.871888654735645	0.650490780610498	0.556464080720973	0.479766220868298	NA	0.865388070053865	0.767999764754489	0.0512508412830384	0.464155950257073	0.602332157917772	1.30445967382847	0.86023656065992	0.735219752477222	NA	0.86823168263721	1.10616878010168	0.701723699133662	0.700132162394584	0.620465846357596	1.16966675818419	0.798499349445135	0.560047815958742
1.66302629230817	1.77715893335876	1.99921196916086	NA	0.736283811058751	NA	0.781799721067279	0.384513764638359	1.09892801880863	NA	0.936105599783601	0.930163180915724	0.700943173856429	0.604781795247997	0.756033719088297	0.969741784278492	0.761401999956543	1.48943960573951	1.30084401188508	0.370336680956474	1.40649792865262	0.862331803052966	NA	0.527746764607014	0.969184138100249	1.33109057828138	1.6151547976366	0.753571877754751	0.615778891430798	2.35920148434424	0.484556756348525	1.48978211234905	0.704073047528012	0.481220899633734	1.62851114039983	0.749600411708934	0.785012540695643	0.661681474335587	1.13166871399981	1.39816847150541
NA	NA	0.65159625684089	0.67984756902848	0.647866011166413	0.780286547824337	0.624295270139699	NA	2.02581968057805	1.61263544467611	1.17315213808262	1.58728612850425	0.618647116309349	1.90722222131793	1.66437393797444	0.766532194136368	1.79808801517453	0.382078465746405	1.01315759987094	0.345813894781792	0.467744016002429	1.68911916977434	NA	1.9134833350782	2.2866974382752	2.31889205997373	1.95925679213697	0.47654038391067	0.514591421781362	0.529419282946415	0.707638253132341	0.688376869540495	1.48796806674229	0.48789545796061	1.09828547933659	1.43675222572099	0.475036220050544	1.04975936918298	0.61385344656163	NA
0.758224924866149	1.10181632838364	2.0101643514557	1.35512236292256	NA	0.419692989735144	1.39172267931193	0.211400697213259	1.92833543056512	1.67800895554943	1.15784516146284	1.07982102343937	0.199397541602888	0.55848446006647	1.19667171602034	0.68834900105455	0.793219329783424	0.332399145238044	0.48308440359742	0.238432758132311	NA	0.348372926108636	NA	1.89707689252271	1.91325253199795	0.49916039141643	0.427352640259174	0.57437287210991	1.5473566574238	1.46206939409377	0.605668811299673	0.82895510621118	1.0110744854314	1.12111971487995	0.900807750209081	NA	0.78664567779683	0.798206271359521	NA	1.51063053948841
NA	1.69379286843804	1.54504827769723	NA	NA	NA	NA	NA	2.08660170807529	NA	NA	NA	NA	NA	0.665719355204934	NA	0.578397099203013	1.07700011591091	0.689335614074097	1.02017046189785	NA	NA	NA	0.114937366624136	NA	0.259809869027144	NA	NA	1.26760324584995	NA	NA	NA	NA	NA	NA	NA	NA	NA	NA	NA
0.48364435664852	0.712207555455844	NA	NA	0.989607331174219	NA	0.938936697651695	1.59643905529498	1.77677741827725	1.44113617660937	NA	0.9869517532031	1.81998117728851	0.851676362641603	1.31038080293276	1.74540002756898	0.995295415859484	1.16175839814197	1.14812517890801	0.873048138445904	NA	NA	NA	NA	NA	NA	NA	0.812203558419032	NA	NA	NA	1.47009239171601	1.48153718005436	NA	1.28163061617092	1.07532746162952	1.57375906580615	1.64840500289976	NA	1.60614004291959
0.600980747164573	0.881213920136196	0.222922826859869	0.971276194103088	0.317573373890879	1.19314234462436	0.811377652386349	2.68953184886983	NA	0.740607752027124	1.08347069931389	0.784868499288445	1.19211082680928	0.80845801954403	0.429615803142661	1.17782924610671	0.809184678786882	0.657068546833459	1.72366460608437	0.898265736799493	0.843674411009528	0.839476639916912	NA	0.396885426919153	0.906571969649582	1.07419957480905	0.472296424567055	0.196115305950604	0.554718895530326	0.57298668168509	1.16396663071783	0.50782225992899	0.902751095702224	0.341636176866382	0.449219514308415	0.828488346053882	0.393525521568402	0.443378330535515	0.221728207137906	1.0709324393642
NA	1.0116853070346	0.721431282000473	0.487832251076309	0.608516947410053	1.14122392095471	NA	NA	1.70641033570402	NA	1.34024364166665	0.739849836983112	0.79117129646521	0.837203798030234	1.16897136466087	1.00168115916602	1.17795242589869	1.1774789609452	0.590448183802366	0.50533123240262	1.32463523091944	0.809890719540825	NA	NA	NA	1.0672271658373	0.582219627977842	0.620608545008115	NA	NA	NA	NA	0.475924685688678	1.13873879333033	0.976918752202218	NA	0.975817409134578	1.55848054928303	1.2379825973385	NA
NA	NA	NA	NA	NA	NA	NA	NA	NA	NA	NA	NA	NA	NA	NA	NA	NA	NA	NA	NA	NA	NA	NA	NA	NA	NA	NA	NA	NA	NA	NA	NA	NA	NA	NA	NA	NA	NA	NA	NA
NA	NA	NA	NA	NA	NA	NA	NA	NA	NA	NA	NA	NA	NA	NA	NA	NA	NA	NA	NA	NA	NA	NA	NA	NA	NA	NA	NA	NA	NA	NA	NA	NA	NA	NA	NA	NA	NA	NA	NA
NA	NA	NA	NA	NA	NA	NA	NA	NA	NA	NA	NA	NA	NA	NA	NA	NA	NA	NA	NA	NA	NA	NA	NA	NA	NA	NA	NA	NA	NA	NA	NA	NA	NA	NA	NA	NA	NA	NA	NA
1.6422925431857	1.26908839337831	1.06235832529032	1.53414381746456	1.04043939415893	1.02934524193708	NA	1.41099472175404	NA	1.2471853645791	0.924051691580302	0.554593523198592	1.01750459817672	0.47899197796022	0.203042415133571	0.911128144505353	0.0897579461627098	0.1546770697935	0.993360031643048	0.628763532761064	0.649502394985438	0.912757549248021	NA	1.25607958874054	0.674972252107581	0.252926895060802	0.65881956987248	0.54758603443659	0.762639948627183	0.959944184579414	0.844676794997311	0.925507945347444	0.968684753631399	NA	1.93102823521811	0.900605670122052	0.921654794120335	1.42141608761149	1.17069913494835	1.26611509600319
0.778868493661685	0.573236346222854	0.4432196468791	0.41257730777282	0.50588051792674	0.470948859420192	0.298705231050916	NA	NA	NA	0.771214364687097	0.773390806151101	NA	NA	0.499744193097491	0.443001460722129	0.272162099167426	0.453048788455873	0.399421609826132	NA	NA	0.534710816037868	NA	1.96586309108815	0.509916774291461	NA	0.850885890474555	0.976004702197323	0.816574541752111	NA	0.554163547459085	0.96153413715429	1.17901271535417	1.66644454696768	0.464472614498174	0.472874365318693	0.603004482277867	1.20748092798755	NA	NA
0.608604339865911	0.663168649542411	0.546609292120616	0.48039646904429	0.57142926159833	0.525073570669047	0.264177765116158	0.897852469294042	NA	0.529732220431128	NA	0.269677750143338	0.330804795010461	0.287694957938391	0.206075076363034	0.340671126318887	0.451537950895585	2.04471883506266	NA	0.339964899975627	0.526849501466865	0.330568797248124	NA	0.252947186437745	0.657390675700972	NA	0.60312322508011	0.39014417714374	NA	0.547390842606083	0.615377900329491	0.861400949733182	1.91721965424006	0.676193148437297	0.425633863212939	0.682189465262849	NA	0.0720664026055861	NA	0.783043980838477
NA	NA	NA	NA	NA	NA	NA	NA	NA	NA	NA	NA	NA	NA	NA	NA	NA	NA	NA	NA	NA	NA	NA	NA	NA	NA	NA	NA	NA	NA	NA	NA	NA	NA	NA	NA	NA	NA	NA	NA
1.17680068115433	0.746638209214621	1.1638928441627	NA	NA	NA	NA	1.13250145437709	0.899123333400872	0.754356456186369	0.604105929118353	NA	0.437142733486191	0.73026904853593	0.854944933700162	0.886496709546933	1.00471085886855	0.443979246870974	0.682478633604027	0.323604637657045	0.819689959315807	0.366040728944043	NA	0.304463494909871	0.479637813199898	0.93728197335831	0.299665810963679	0.444314192955943	0.36682927048334	0.371520763593404	0.54582291911784	0.280733014327217	0.660025874945203	0.55040422008219	0.476140263687053	0.524474420897367	0.502520419496943	0.246238835429351	0.458773324247729	0.307744857220656
NA	0.392445236070756	0.324504536005363	NA	2.99042920576665	NA	0.304004011623591	NA	NA	2.71665138698286	NA	NA	2.18383913259236	NA	NA	2.37677641360033	2.1611070949504	2.08281303144706	NA	NA	NA	2.83831782318712	NA	2.89520612240632	2.97404488227766	NA	NA	NA	0.744565629838705	NA	2.52586391714204	2.41576734056637	2.55065654629363	NA	0.731786881498637	2.64322137063077	2.56802557409264	2.52943267053069	NA	2.53451784167309
0.337077107727565	0.19986879493311	0.337622557655131	0.439379134068913	0.734375362109458	0.793391091643914	0.852986104464362	0.953847209657117	0.617003182881656	0.76399633692748	0.870593338465201	1.01056869894446	0.350075096832663	0.314768154425958	0.36965492322809	0.447100747273033	0.343809961245058	0.323791662716788	0.36457519857175	0.18044122811462	0.469186421130868	0.188220523994103	NA	0.449600687569834	0.704317371584345	0.336416180883025	0.157907442534404	1.73074586191898	0.229045801490259	1.17272010717401	0.430837777709243	0.251349291098973	0.169229316443302	0.224251593813895	0.185237791107564	0.599666355153136	1.06181075771206	0.473185658708664	0.202838796523109	0.583393774228506
1.64502900240553	NA	1.99705654147882	1.78553081309602	NA	NA	1.03144470623608	0.690396468214854	NA	NA	NA	0.447082262462844	0.649803817981326	0.319777611974426	0.093200775431369	NA	NA	NA	NA	0.377230949026292	NA	0.326100777334786	NA	0.586310272838109	0.681416835452724	0.431798609441565	0.626899502285315	0.397607228513737	0.754717590233392	0.520296381131757	0.430480868015321	0.820667838651238	NA	0.883170533453918	0.961217901404952	1.01215260449292	NA	NA	NA	1.61936099666999
NA	NA	NA	NA	NA	NA	NA	NA	0.809647017553466	NA	NA	NA	0.820712539969466	NA	NA	0.682477645403726	1.56985020644949	1.09022908770969	0.959141665358916	0.940843504697927	NA	1.57233486233779	NA	0.330433767491791	0.111519987452058	0.23500975964261	0.789846844699908	0.904865247654613	0.805987852274465	0.945525364864073	NA	1.4237791279094	1.45377506711909	1.89466781429574	0.900020178948119	1.0381398620865	NA	1.93902355722922	0.665253005588194	1.94201642498635
2.04903295028667	1.84034178571741	1.38356960400449	1.52781823147879	1.06311824038393	1.4413477853599	1.24354630769743	1.08044548808969	1.06075672378906	0.601634470076351	0.66248529292656	0.774183666234746	0.551067717126838	0.732671695022677	0.701093210081081	0.884579213921442	0.457811930548599	1.08551558948456	1.05827937096437	0.706670389556866	1.98141855611557	0.0695566424211723	NA	0.197021817348483	0.731184734642244	1.05772957728211	0.686701619577665	1.36712625496459	NA	1.00885428187539	NA	0.851614925147613	NA	1.19512215318926	0.96140195123447	1.46042368369205	0.403478824971018	0.873753382931109	NA	1.181589261423
0.602412327186318	1.21725744709434	NA	0.66779581273635	0.83093116252134	0.799084740402079	0.757980176229577	1.32934868034267	1.3128062357639	1.04279115935735	0.921804691373209	0.797498823996588	0.85718390479328	0.993326264783831	1.12053614599595	0.955995718753722	0.750689312906624	0.645314239631917	0.561533627966247	0.649378191201876	0.748063704923793	0.389762693914459	NA	0.509338787173214	0.399985382948454	0.257301290492215	0.897195255593851	0.263059601299964	0.228422763663684	0.688664641507743	NA	0.975788292954203	0.782802244968003	0.670629768679273	0.517846545433175	1.16082127872042	1.16339299390463	1.15787114545527	1.99386085292875	1.57638422412825
0.657373600045946	0.877144252046234	0.448333941694082	0.477556203764338	0.289726838375876	0.377355457092948	0.413034349536214	0.740776957167843	0.421190045818992	0.369769157231673	0.719595992241815	0.409204086290524	0.748764861180232	0.908363060791668	0.527907686239814	0.398255995013638	0.178264353452894	0.375717381376846	1.48359312944378	0.692729896588865	0.452877499200842	0.181052067688745	NA	0.591234954714948	1.93053058575913	0.500292276728259	1.3184418159207	1.29149339234283	1.1545737047606	NA	0.587510380147283	0.800355321181502	0.759157306097346	0.586357808081723	0.871921008621642	1.22256548796934	0.355718786923779	0.857698359520647	0.623781668599304	0.699625066773646
2.15405423634679	1.96600239829427	1.61636013833731	0.178892098050294	0.569560093629501	1.65559348896048	0.670670025410432	NA	0.790848799279482	1.14037211896147	0.840733832626084	0.841535614007782	0.830413446934838	0.733304985640773	1.96333672492806	NA	0.767499412973596	0.751033162824477	0.6084533588938	2.25330255919929	0.500481698207848	0.586272279332214	NA	NA	0.65924938063592	NA	NA	NA	0.546936427614608	NA	0.633353355194568	0.987563701410442	1.27552401610622	1.84834334343794	NA	2.07271925788952	0.691551791417028	0.893226008078175	NA	0.582455637088513
NA	NA	0.489897227484432	0.415247503406235	1.26517592469943	0.76337091053807	NA	2.03976452181342	NA	NA	NA	NA	1.99096574482166	NA	NA	1.25010209689284	NA	NA	0.685334557500844	1.41644480693821	NA	0.51913389070715	NA	0.441185943552397	0.522991574855875	0.588987376865286	0.810119621245625	1.01549845494717	NA	0.877113834719807	0.604112260688981	0.857566970479593	1.1616081676507	0.768207962962598	0.804982912215585	NA	0.599223412551487	0.580141145473489	0.475455837239547	0.184237144081858
NA	NA	NA	NA	NA	NA	NA	NA	NA	NA	NA	NA	NA	NA	NA	NA	NA	NA	NA	NA	NA	NA	NA	NA	NA	NA	NA	NA	NA	NA	NA	NA	NA	NA	NA	NA	NA	NA	NA	NA
1.90426101822599	NA	1.49507959872795	1.14424909354621	1.00948976196126	NA	1.4294369992368	1.16030140709245	0.463186667936376	NA	0.604379251589264	0.689231141495108	0.611799596601927	NA	0.796654910536808	1.08417652459843	0.572893352676061	0.669423103028746	NA	0.297069130613954	NA	0.370633692470325	NA	0.663427940011825	0.293223169212905	0.718485004763014	0.182081758668192	0.44352124504561	0.950829162278739	NA	0.76549139207695	NA	1.19165823062202	1.22814851339944	NA	NA	0.649288480789911	0.351890725769579	NA	NA
1.18400435247122	0.92683906631598	1.44690710021516	1.17444332640944	NA	NA	NA	NA	NA	NA	NA	NA	NA	NA	NA	NA	NA	NA	1.22903918050882	1.18395766931421	NA	1.29288201963078	NA	NA	0.289901586658741	1.40911217165555	0.508131931834723	0.604219551987769	0.77152641610675	0.624630739225722	NA	0.356507411818442	0.532397229528516	0.491977006087735	0.664719071316399	NA	0.406419769907303	0.800869740686136	NA	0.613624584164705
1.13244849266019	NA	NA	NA	NA	NA	NA	NA	NA	NA	NA	NA	0.644258814185374	NA	0.645527995681388	0.526329981297618	NA	NA	NA	NA	NA	0.294186373849186	NA	NA	NA	0.571089186070477	0.291921405097748	NA	0.746310140506783	1.00486468269894	1.17959562391563	1.06583208216059	1.13519216440639	1.02384552050879	1.22766307908949	1.22690892346427	1.33377968541241	1.50437912762011	1.40554172017268	1.4723029107294
NA	NA	NA	2.93814266336713	NA	2.6943147909658	NA	2.23040300147492	NA	NA	1.76256084497473	1.31097124738468	1.00357636055711	0.903540008199469	NA	0.742794282551762	0.795120450430349	NA	NA	NA	NA	NA	NA	0.687188595251681	0.827407845203316	0.902722786094715	0.586864562062797	NA	NA	NA	1.37951792902588	NA	1.22450223368047	NA	NA	1.8414950749015	NA	NA	2.0561315083465	NA
NA	NA	NA	NA	NA	NA	NA	NA	NA	NA	NA	NA	NA	NA	NA	NA	NA	NA	NA	NA	NA	NA	NA	NA	NA	NA	NA	NA	NA	NA	NA	NA	NA	NA	NA	NA	NA	NA	NA	NA
NA	0.817051618374998	NA	1.07232567636492	0.646325357401609	NA	NA	0.261987115436253	NA	NA	1.16039512157443	0.761833738178286	0.735651022395778	NA	1.68628672400175	0.731188917826621	NA	0.247576495100181	0.171575654087012	0.644212485562042	NA	0.8308427768348	NA	0.476663254668324	0.915245022555862	1.0022569854222	0.36886224967762	0.575951296260202	1.29172208336469	0.539904036442633	NA	0.788297377132055	1.06197118195055	NA	0.364735786632281	0.272858610522789	0.81269029909521	0.872212949096564	NA	2.06146413913712
1.42179521613439	1.48246279891075	NA	1.32582986904433	1.19161910896225	NA	1.50878354801358	NA	1.81575704559068	2.04638976460574	NA	2.03874106637624	1.89173515150786	1.62663922449451	NA	NA	0.740089281923036	NA	NA	0.679626208231117	NA	0.54527887800856	NA	NA	NA	1.73574299877654	1.17019253411258	1.38104762540178	1.56645770242853	NA	NA	1.07568345250692	1.11467594487022	1.62325630414747	1.29924878763195	NA	1.83401966004212	1.51941674219228	1.07687700559301	1.20526670948037
1.07697042802323	NA	NA	NA	NA	NA	1.15521338243447	1.02969554133536	1.38191796426696	1.27026839697451	1.25334735158074	NA	0.817396700647083	0.743052127766918	0.595325486636953	0.896793013115663	0.877544226868328	NA	0.827122462724286	NA	0.500040917730423	0.487290427393048	NA	0.235974148097595	0.321724241013888	0.207185707890732	1.17289851118229	0.827062532963651	1.17536426662674	1.54540076712485	0.393818522278504	NA	1.29643839491149	0.636981650295083	NA	0.68670772866923	NA	NA	NA	0.803605775966628
2.69885362464027	NA	NA	2.56994025234836	NA	NA	1.33361829627299	2.01490105721612	NA	NA	1.62475602282131	1.28398035880399	1.00895844850162	NA	NA	1.75892710958958	1.42047013516757	1.78111710105764	1.59670933317314	0.99135706962445	NA	0.387799020547016	NA	1.58368448638444	NA	0.631242852332088	0.772069853637096	0.948863710415518	0.993086920347153	0.860565648153957	0.828212618166134	NA	1.44791643355262	0.967488333653358	1.08999722462806	1.2183812235528	1.03531451309214	1.57344278278638	0.804778170129976	1.24877942216629
0.308287057742949	0.408704702484254	0.743292302836647	0.614179925956467	1.26790285326398	0.768272824124887	1.70708460424527	0.758818179555422	0.703356318615331	0.833458889850097	1.62438385674502	NA	0.922967767062679	0.758879580600828	NA	0.235486996744398	0.711072299360053	NA	0.653034405411784	0.556755790243725	0.399391918940217	NA	NA	NA	0.361222764192033	0.811534394692306	0.526569236555629	NA	0.859049736283886	NA	1.06880680352598	0.839487199252822	0.700279791720447	NA	1.39678616041688	0.617325504986014	NA	NA	0.721463891074306	0.927549976732663
NA	0.690731786520967	1.52153682107771	NA	0.409221836294179	0.471529056952192	0.429071564021574	0.292550798547458	0.493470816838036	0.465975023544308	NA	0.976375138203101	NA	0.737848778708141	0.715042199074853	0.698559299356735	0.568796321334158	NA	0.849827590367197	0.503757795804887	0.810896447926998	NA	NA	0.370920291751425	0.311964782740394	0.493178191278478	0.36792357375502	0.950645765194092	0.573626889140837	1.12739225630575	1.18229704331917	0.764353796153672	1.00764462585144	NA	1.27838633790619	NA	2.19566827155513	1.33797793780679	NA	NA
1.25278536083605	1.0548107064956	0.848371790052116	0.665982848037448	0.334407410604525	2.32441198745817	0.455311287621426	0.772126540768961	NA	1.07329008582319	NA	0.794168584744886	0.613803501380864	0.858542918416924	0.899481430622489	0.955387943279912	NA	NA	0.766444470122505	NA	NA	NA	NA	0.264092142741217	1.67947002409149	NA	NA	0.395166178007342	0.973327227225529	0.672314587839829	NA	NA	1.430292086375	NA	NA	1.15735046900737	NA	1.14633440126571	0.967220146558723	NA
NA	1.00304022308728	NA	0.969233556976501	1.01566578856449	1.02949172727529	1.99570142977522	1.90335690646827	0.87106600574965	0.92246529594585	NA	1.12972781959467	2.07749140854501	0.504514652000504	0.29185950477483	0.538605561447169	0.254379495846448	0.35914840987628	0.18278810068883	0.672984497938436	NA	0.467302836697914	NA	0.386284862578288	0.37081591489973	0.194139282167105	0.899922703526923	0.450500271869273	1.86073107652766	1.19696663220553	2.03336227573443	1.27712322223728	NA	1.18356772130537	1.25549022105466	1.47556085263773	2.06788188080544	1.77872655401457	1.82456756894568	1.64795861610633
NA	NA	NA	1.49441484579314	1.54765803886489	1.24423386506265	0.977645356271493	0.900950908365086	1.18156500637463	0.460508103168605	0.647122039369876	1.06937000133458	0.576213135732095	0.69738626247345	0.710511475954347	0.668098658560953	0.635589644803205	NA	0.817837303178157	0.425365235398239	NA	0.16264915985622	NA	0.276375546549273	0.529317148897671	0.471963401922003	0.340854703452208	NA	NA	NA	NA	NA	NA	NA	0.821541992336052	NA	0.230796597595745	0.467603231754398	0.508774477860112	0.580664629365532
0.288375366728957	0.596454564776865	0.666557239799522	0.173745757783023	0.140809123462438	0.72105715877888	0.920597439040495	0.900183479352479	NA	0.924873332407451	0.960245591559741	1.40388603981796	0.692642525917213	NA	0.911902315870587	0.415721191160017	0.494510447506377	0.865263651493619	NA	0.490610913309414	NA	0.202609005030439	NA	0.253259460421823	0.340213150648907	0.615523079805982	0.648009585589519	0.489303297972848	0.620305403087847	NA	NA	NA	NA	1.29247453963864	1.59038723049374	NA	NA	NA	NA	1.07716043350479
0.666446927744225	NA	0.857347543094358	0.646000574209261	NA	0.721082873979475	0.818144038278924	0.709081446954453	NA	1.96711010840091	NA	0.464846781309157	0.502528753108853	1.99564213347993	NA	0.390798287961456	0.288172252994276	NA	0.831600955641	NA	0.565252300457426	0.215820061677133	NA	0.417567725252367	0.383931064220196	0.381629471037604	0.209732639969665	0.631384032265009	0.331622208885595	0.287507888325287	0.448810083183032	0.422746822784494	0.354238739820019	0.72512539950742	0.549729759499786	0.628146394375872	0.354028197304968	1.05035230580971	0.440514576913901	0.712426386054591
NA	1.75980655337915	1.82828274213131	0.52791099156682	0.805876931633816	NA	2.18628853710775	NA	NA	NA	0.802297565333687	NA	NA	NA	NA	NA	0.958183949677186	0.48894208175119	0.625577545146158	0.953009636240017	0.21218838966544	0.820190459729263	NA	0.536134457824038	0.828302552236184	0.610254301143605	0.734871409296654	0.548073967575462	0.751698205447761	0.682657691623878	NA	0.538088822400151	0.557758223230391	0.744175362036828	1.90282715470973	0.576713544680943	NA	0.568029306290118	0.464851657117314	NA
1.16442549324972	1.28837086467685	0.676569906250633	0.314973574244321	0.64396299781097	0.550047525427402	0.756869753189387	0.69836391702602	NA	1.03508229314327	0.910626595666999	0.776127440758237	0.493158091873855	0.814734422317378	0.485797405080784	0.164650043804537	0.57618775643274	0.399941997158291	0.329920047295031	0.822908300253244	0.692549314949551	0.360461961272508	NA	0.481942375122124	0.936289429534623	0.696018970914155	1.00774496061233	0.847499616774411	1.29085104154826	NA	0.98571120120652	0.845415156576599	0.909104527469701	0.642257231438594	0.930004445952105	0.392886774335456	0.412056489417969	0.477730452314034	0.386701349045023	0.6099523160909
NA	NA	NA	NA	NA	NA	NA	NA	NA	NA	NA	NA	NA	NA	NA	NA	NA	NA	NA	NA	NA	NA	NA	NA	NA	NA	NA	NA	NA	NA	NA	NA	NA	NA	NA	NA	NA	NA	NA	NA
NA	NA	NA	NA	NA	NA	NA	NA	NA	NA	NA	NA	NA	NA	NA	NA	NA	NA	NA	NA	NA	NA	NA	NA	NA	NA	NA	NA	NA	NA	NA	NA	NA	NA	NA	NA	NA	NA	NA	NA
NA	NA	NA	NA	NA	NA	NA	NA	NA	NA	NA	NA	NA	NA	NA	NA	NA	NA	NA	NA	NA	NA	NA	NA	NA	NA	NA	NA	NA	NA	NA	NA	NA	NA	NA	NA	NA	NA	NA	NA
NA	NA	NA	NA	NA	NA	NA	NA	NA	NA	NA	NA	NA	NA	NA	NA	NA	NA	NA	NA	NA	NA	NA	NA	NA	NA	NA	NA	NA	NA	NA	NA	NA	NA	NA	NA	NA	NA	NA	NA
1.66264895058656	1.00192397225814	1.10260538922962	1.67385776083166	1.52970004122189	2.39592644012738	1.45044039466207	2.1210340601945	1.98165733801272	1.04737857181815	1.44307424653371	1.61006740596952	2.17234425021782	0.845021693990598	NA	1.95651595521897	2.14151329394609	1.74530048859847	0.381315804586092	0.441547821755578	0.861674721663628	0.907536508613322	NA	0.681850422881836	0.90531765525431	NA	0.823677815602264	2.35809530673555	NA	0.254981345378496	0.278670787603463	0.790817516236379	NA	1.1768030808913	NA	NA	1.45119074907772	1.52967060288554	1.12844599277484	NA
0.638118900342873	NA	NA	0.584729132333512	0.56665236085668	0.668389739652943	0.726715395306395	NA	0.566609707109802	0.557787323546736	NA	NA	NA	0.619997168909246	0.546011512238192	0.474115567526139	0.777765108132703	NA	0.95312481111632	0.554712992127659	2.17890460115085	0.271536419658951	NA	0.819106807349583	NA	1.30097501211468	0.537834579875238	0.699582425070708	0.384886230533448	NA	0.381243289617532	0.541021895960956	0.826274096271178	1.15013147712301	0.634715232679178	0.849416420564895	0.660979707472006	0.7699438981302	0.493131255835699	0.414782139546967
1.22231532998939	0.991984900409823	1.20802702806395	1.23414492669432	0.738648882312281	0.756880264587822	0.819562605008354	0.500645252949799	0.773063001113564	0.878470518867471	0.532422438340076	0.696621501517218	0.707978907964722	0.502073961518066	NA	0.690403111596873	0.730466207151945	NA	NA	NA	0.860534771205413	NA	NA	NA	2.19030318547556	1.31464283054035	NA	NA	0.962874335168754	NA	NA	NA	2.21899829772131	NA	NA	NA	NA	NA	NA	NA
NA	NA	NA	NA	NA	NA	NA	NA	NA	NA	NA	NA	NA	NA	NA	NA	NA	NA	NA	NA	NA	NA	NA	NA	NA	NA	NA	NA	NA	NA	NA	NA	NA	NA	NA	NA	NA	NA	NA	NA
0.647616646107745	0.718063210304923	0.718868098924287	0.754741714164571	1.00600916035586	1.06994647363162	0.773571762961716	0.810564992622292	NA	0.703885004838164	1.03842690741538	0.626244249906513	0.863230204072587	0.848547402375382	1.00439807142318	1.01452659026697	NA	0.556023144619924	0.483889350057821	0.511067672439314	0.737605601812456	0.353375110725716	NA	0.475277323982244	NA	0.253091495035094	0.609272431316281	0.56059331358544	0.755716510876259	1.31537198952551	NA	1.28967129740575	NA	NA	NA	NA	NA	NA	NA	NA
0.605964578580169	0.461839486133401	0.482349261277568	1.30979084916502	1.21166705142315	1.26961900095836	1.04837356410304	1.33084031418193	0.812079415933208	1.40791502767975	0.907900400617026	0.868174531892428	0.595584985553128	0.61425596235676	1.11588978241654	1.63952076133199	0.323858403453805	0.615680971797659	0.862885966135637	1.14152297786345	0.927737294273013	1.54382364987509	NA	1.41504595014667	0.726227696350434	1.25312275287563	0.659503242712307	NA	0.61964841883075	1.14065135018681	1.71519238005903	0.557454689004978	NA	NA	0.443816931885788	1.20179540233009	0.593013198433784	0.720751414802451	0.432816212158211	0.737189496967655
1.2010201688261	1.03150430916133	1.19781623545438	1.13990234598758	0.916576228130225	0.661736507182609	0.786467735406715	NA	1.03265318152578	2.60859014752703	NA	1.17492310574773	2.154740731079	1.95684434380544	1.37227171977815	0.821506893557657	1.76081483094939	NA	0.625136605182143	1.77844850199693	0.672201461640858	0.179151427320247	NA	2.17410228184738	NA	2.24577085783082	0.53153632497833	NA	0.372369641900244	NA	NA	NA	1.04235818508586	0.531899066966081	0.524257191762032	0.407515337513644	0.609116058205078	1.70528756039142	NA	0.267029267726855
NA	0.344171023780762	NA	NA	NA	NA	NA	0.514152281358239	NA	NA	NA	NA	NA	NA	NA	NA	1.13710513263845	NA	NA	NA	NA	0.393088454116958	NA	NA	NA	0.739410912085988	NA	NA	0.387125480678325	NA	0.976786657310222	NA	1.11746401023159	NA	NA	NA	0.385300846647504	NA	0.93993857139277	0.905606384928035
NA	1.6732368953291	0.664105692260379	1.76822961975845	0.416144883091145	0.681329924774141	1.80378286692147	NA	NA	0.57232599818825	1.8971089389857	1.24892071693796	1.31709727508526	0.716993042292572	1.75623745114138	0.961185436795208	1.32348270596711	0.87421888297406	1.15420627225677	1.42739135978408	NA	0.281852920555709	NA	0.53993127499507	0.323954895331239	NA	0.558488815317493	0.639713707820597	NA	0.535089297806809	1.18844843276733	1.01968995631512	NA	0.82678460866358	1.97644168726386	1.1547037005748	0.945956756642823	NA	0.744100121331185	0.406238608801418
0.188138129592259	1.78050246777243	1.65588440294163	NA	0.692341100771398	1.10158149114696	NA	1.32236031179769	0.22044852879286	1.38189366165407	1.13590652203588	1.33091715965985	1.31518544212866	0.659700632826584	0.511421434647339	0.811065252131165	0.534658830689715	0.192413725724205	0.790788228116608	0.518756631493099	0.310664798897173	0.098841593501377	NA	0.274026998643527	0.311138511872851	0.340944745867598	0.161642979072901	0.923951319801191	0.238711995175284	0.625560678207305	0.599962031446601	0.623817008685605	0.626490588234623	0.698083641621627	NA	0.626034994722918	2.05643697498811	1.16942998774378	NA	0.905450983559683
NA	0.965244107752221	1.20724152592874	0.888116950117349	NA	0.847823496122047	0.19108034972581	0.256638209462262	0.71603849429859	0.686539443322732	0.531769275550831	0.755211153072003	0.462019594455322	0.568080117710725	1.70520612802244	0.693840333253131	0.478836062611744	0.345784291285011	1.06068068229856	0.344429323341257	NA	0.18733141999556	NA	NA	0.377342822090077	0.516000568450466	0.702088303033184	0.547179159492249	0.34511377513458	NA	NA	0.551278417613175	NA	0.792083710912206	0.446080466573331	0.85942855057067	NA	0.869573964215676	NA	1.00994641656142
0.55568223368334	NA	0.321221153009703	0.456829494166827	0.96536076295345	0.610906513115572	1.07449223241648	1.45714979743942	1.0622537560305	1.66300482693115	0.837774529355272	1.32739097015996	1.12270672743765	0.758194896730504	NA	0.756511064336949	NA	NA	0.534524176967886	0.614417132108083	NA	NA	NA	1.25365824658233	NA	NA	0.508329332624726	1.02461159205654	1.19501150217352	NA	0.563687931263776	NA	0.583614975425431	NA	0.260916938159069	NA	0.345061537149123	0.312656653985813	NA	NA
NA	NA	NA	NA	NA	NA	NA	NA	NA	NA	NA	NA	NA	NA	NA	NA	NA	NA	NA	NA	NA	NA	NA	NA	NA	NA	NA	NA	NA	NA	NA	NA	NA	NA	NA	NA	NA	NA	NA	NA
0.536132872824113	NA	NA	NA	0.81804826269933	0.711733166429203	NA	NA	NA	NA	NA	NA	0.847142924515208	0.560311227318445	NA	1.65713528983981	1.29359686769361	NA	0.380842385422567	1.73643161396109	NA	0.379893141202228	NA	NA	NA	NA	1.75653367143534	NA	NA	NA	1.1501985685251	NA	NA	NA	0.384013059832067	NA	0.953981039937977	NA	NA	NA
NA	0.439780373863547	NA	0.334780268299641	0.631049349804964	1.5716994483951	0.144200981922652	1.01971796146497	0.249470500480583	0.253179371977994	0.244390355251941	1.12853494786835	0.29408969061711	0.491958584079035	0.256561305897688	0.188917935268566	0.331724126034916	0.203063460436281	1.869079220352	0.820641896030798	0.447068718968247	0.732766949920542	NA	0.61353507914131	0.535674705742644	1.58635558904193	0.75531061366724	0.279995337594915	1.04601352298504	NA	0.156140295401385	2.17436008601521	0.358743260152422	0.329502100337951	0.555928020087832	0.296663669665642	0.517624809562915	0.351172062330233	0.3192764993962	0.74341021227882
2.21289065797669	2.23109580478419	1.78979525763606	1.67944395968885	1.6142762705894	NA	NA	1.72134317347873	1.05369588662734	1.80520933027711	0.986863230238591	1.18366627796344	1.34855485187199	0.86293463780352	0.688698099364794	0.424362780942011	0.645158169048601	0.556612279605278	0.475721436229684	0.434561947676684	NA	0.232208421271201	NA	0.402766686704675	0.601622492369129	0.745784100530874	0.997264128102071	0.359930995376578	0.39094236502175	0.806092722770967	0.446723645425935	0.832123809132707	0.293534963960756	0.487892684301233	0.379567359442555	0.660574826466305	0.584780279544568	0.553493679377858	0.751448162853042	0.655677687037639
1.94969775474119	2.02876784329931	1.57263631260881	1.55591974091927	1.50618236850805	NA	1.96802312620088	1.73322807046818	1.55471589878942	1.7259310053764	1.75027363910821	1.46576681740069	1.49065463566491	0.474560568734805	0.417399433823639	0.728880603938046	0.424303062735145	0.497638836031728	0.334433026081065	0.397741725187429	NA	0.175759412503808	NA	0.448820228633565	0.604740111699731	0.470095823875384	0.782825562508058	0.41850640324003	0.211073701151495	0.652788141511479	0.69659880357577	0.824481938391706	0.095221059442117	0.499617892489701	0.22134343926702	0.526652490802086	0.568234152402077	1.04600095444394	1.02230665752411	0.255481118328118
1.04691777713856	0.555137060695683	0.640276412197378	0.916736481770508	1.06462408682115	0.661277580192915	1.14841465774939	1.49822947479691	0.904828372441501	NA	1.32118577016665	1.44483956289013	0.914064032722769	0.587080282378583	0.603882408603198	0.391671458167392	0.673653214322565	0.766473354847059	0.254422489808311	0.502178172924254	0.634328682078068	0.314479742949762	NA	0.417482901118427	0.494695853116182	0.462788953454384	0.50061028777198	0.547801929837438	0.437179591008991	NA	1.02864680352069	1.23165689288167	1.08658458370797	1.70614582428745	1.73836244604119	1.90974907811124	1.57871413820888	2.32136932275583	NA	NA
NA	1.83055917396892	1.63259899661857	1.72857134631888	0.963126469375884	1.15002655306138	0.814771603877836	0.855651516663682	0.920427919044789	0.503566756303475	0.551789368224426	0.808644425605819	1.38424808564563	1.15437194498206	1.03872494374651	0.923952914928449	0.775781380361306	1.53138867445068	1.41471690897302	1.47131495770581	0.667365655285171	1.02947793826094	NA	0.649262973970426	0.594911584973629	0.878422541519264	0.467456269477286	0.505019681264157	0.623618906203456	0.632244821509734	0.489831114314657	0.556703932845729	1.11708943091667	0.500531414243387	1.22873263562187	0.938780739970974	0.96203578788537	1.20497304840906	1.36537866595065	1.37526674161012
1.14159669027163	0.784309582248489	1.39934203597468	0.358619204407282	0.744113565697501	NA	1.27995932683569	NA	0.952697456952123	0.883735966072382	0.889437987751514	0.667742442131015	1.5439310371705	NA	NA	0.355729432989201	0.588733929510772	NA	1.06486872688685	0.52504134276316	0.40362324893967	0.350454879942979	NA	0.345979272746535	0.410584748914019	0.198415883038707	0.363627195169818	0.695441650744513	0.306364273783781	1.55326985387435	0.314189467198638	0.731488235512805	0.468366145910062	0.559417958155776	0.243077875530027	NA	0.803355255008255	1.13787687592806	0.971777416520784	0.913821722991031
0.750269802461189	0.704524136371456	0.963005292300326	0.570180911147319	0.74797509810489	0.937440366950026	1.537505115828	1.36324658533381	0.791572278091812	NA	0.938987079407899	1.68607071090422	0.796719414361428	0.619669191136772	0.226320001697196	0.279311138095113	0.53616432524398	0.233507370525419	0.475848510833352	0.25652026374783	0.851320809632401	0.159049020899947	NA	0.67161390313932	0.612352029568983	0.493536974602239	0.250151601693771	0.480630099326194	0.460534217560885	1.0820354015067	0.851196920798988	0.743140075018494	0.931245870282024	1.01364459709078	1.18954436914262	1.35667069036829	0.981420195931945	1.5307540050988	2.13111782914797	2.06908318671338
0.354224491501819	0.643828437378191	NA	0.930940603193454	0.37560936008504	0.40338839598098	NA	0.948581332823273	0.343929781471177	NA	NA	0.992358342189097	0.587546814903677	0.817354961590263	NA	NA	0.573827898727948	NA	0.200144891945395	0.915184355070204	0.579031857008281	0.27631270140103	NA	0.812455305299225	0.472534477825071	0.273561810448418	0.348404382412005	0.706934274015693	1.06225973754784	0.610513168425643	1.32386288314431	NA	0.662467278084979	0.256127853225569	NA	0.821561273657973	0.955632395168301	0.705161243432115	NA	0.246109998002284
1.10283450459732	1.47712868880979	1.10642082164817	1.15806678286329	0.829019970731339	1.09920195632376	1.06824426837763	1.22935718442044	NA	0.822427100101919	1.06573967493891	1.2476505672903	0.951652450428622	1.2143548185899	1.23968312719159	1.13935477173414	0.881345617775773	1.05067731684976	1.27782075305868	1.42222918707733	NA	0.361745150781569	NA	0.488013716352626	0.795912177027415	0.718988031523671	0.781927481406873	0.712816702342638	0.242683108201336	0.346865163630614	0.923772757378764	0.84962991855641	1.33358852508083	0.571157398218979	0.630155450609763	1.56064502018107	1.37475991698052	1.4333101024898	0.809913833773284	1.29740617678175
1.22357491142081	1.38904763845068	0.858620913694765	0.943957910218315	0.789910902472978	1.43127141071393	1.50871881785045	1.15350337528045	1.17221112688231	1.53095568045244	1.84679216136989	1.07700579775866	0.570334677262177	1.48062277959547	1.4858351909952	1.21802720086122	1.48727141868515	1.32815963620206	1.33533937992515	1.48240745340679	NA	0.381442928131601	NA	0.269432132223354	0.307289911915604	0.679735997870893	0.444562260441291	0.666143856416386	0.844749223462077	0.946771882889966	1.15806337611279	1.64279317196393	1.56176361271458	0.935773220603467	1.93110046015476	1.71717365910329	1.1839197804499	2.31044892831679	1.46434086029301	1.88601226155018
1.23655884287249	1.11541399816381	1.01466628160703	1.24726685399201	1.40959342564352	1.44647321711084	1.37870011319313	NA	NA	1.48173743197959	1.87450866748951	0.950799867287039	NA	1.36707177953068	1.26348516635036	1.09457494525095	0.959380838380985	NA	0.928927284213892	0.806597645501508	NA	0.519766544142258	NA	NA	1.07625986251565	1.05467935380471	NA	1.07870559249551	NA	NA	NA	1.234163012322	1.17426748241482	NA	0.990653141809616	1.74294328996783	NA	NA	0.811878306317201	2.56497727042338
0.933686905893466	0.929928747293102	1.3018571382394	0.378501119466294	1.2536583865548	0.565773065173005	0.815135805238438	0.957285207298345	1.30305940883265	0.837123746012523	1.20332976287902	1.15330716529119	0.316190021287426	1.83323597153866	0.659477929180078	1.36741253742565	1.09562110577391	0.822659427572356	0.768474332217686	0.502222715160818	0.889659515822359	0.636676995065287	NA	0.847035268819972	0.767270392555755	1.289778472763	0.876727378047647	0.928217793240497	0.94456925378996	1.38771707932247	1.45899650067845	0.85757268690671	0.721211895992854	NA	0.830527412033599	NA	0.925397316227961	0.927711542115423	0.490023900773022	0.956686459013789
1.74492716548795	1.83108998304338	1.88624840981125	0.837354029667346	0.855756703721969	0.935797497830629	1.19541663716933	NA	NA	0.886181079791581	0.728312812025789	NA	1.06484195981768	0.907704872282177	NA	0.969242410883042	0.513094311583306	0.68639252427431	0.569257255656792	0.606354099409897	0.436104169955841	0.389126039278776	NA	0.661808558102563	0.405886632704771	0.323574956879005	0.927277503763968	0.789032404186158	1.06591372079593	0.989787572627028	0.698694039074245	1.08513302410667	NA	NA	1.2702536045343	1.17316067428795	0.790774279601585	1.04021226733881	0.315992059915435	0.504523208959385
1.18012561465911	1.20903687762829	1.18575003570648	1.02349548501505	0.543396704842524	1.25977187126237	0.586670725761032	0.968654525474354	0.738883442314511	0.951890527611963	1.00419181234155	1.12853006168135	1.18788329972126	1.0989687232173	NA	0.926225418924752	1.69036676443834	0.805015252201177	1.07115508848344	1.05629413203753	0.884510963002937	0.991902776144778	NA	0.943354113982312	1.75208895707141	NA	1.36662565102707	NA	1.47878537311591	NA	1.49741095617614	1.84353171677566	1.45912511622827	1.0009667426871	0.774457899453674	0.54563826524998	0.817417207842192	0.875604589571858	1.05631429820964	0.796197709776638
NA	1.38578677248663	1.20748280845568	1.01150424194508	0.864156360928537	0.842583420826854	0.764828958446792	0.469855988166723	0.524916549012965	0.619703712686519	NA	NA	NA	0.977903406476516	1.00732451458823	1.02022599891661	1.24217101301307	NA	0.849884108015096	0.869123769190633	0.819010849199504	0.525695401354794	NA	0.480577451476297	0.612801880672762	0.687502027451912	0.326146800731176	0.355142689698005	1.93427760738076	0.351400788929988	0.290227863274839	0.109526192209787	0.362714196433571	0.754459893986029	0.558541342403278	0.440781012081488	0.366592722583251	0.33774686022761	0.803399720034857	0.645194728887614
0.802119353767946	0.872553763324354	0.579549991894497	0.25006051613651	0.3446064559543	0.781963342272237	0.685330945760867	1.76745552689628	0.749814373214989	NA	1.13667718204574	0.342435470912291	NA	1.33349357622047	1.1210725356655	1.95803450297459	1.57693928237416	0.704860109798539	NA	1.52514546539156	NA	NA	NA	0.880615013173288	NA	0.41811666269816	2.21488569985809	NA	2.24876192381075	NA	0.341178990362857	NA	NA	NA	NA	0.601044271373229	1.14218798713969	1.287105914885	1.13405457425317	2.17119898203736
1.01367783924196	NA	1.27860048468554	1.11757547580035	1.17166937191863	NA	1.84062641276608	1.05986448008585	1.37491199969782	1.00165441975949	0.996247295243218	0.675967628620362	0.512100173744533	0.606704888333295	0.54703067031205	0.91621013151855	0.380137775671562	NA	0.299960606040862	0.624634894476093	0.758347981230286	0.331153291207272	NA	0.833178474400177	0.521881741709879	0.176277252423319	0.141009376824132	0.654709901042428	0.934767587221596	0.673810587279824	0.872613517362768	0.756073999561206	0.869073182156347	1.24122300684805	0.995795219025577	1.09444446349407	1.37477511220176	1.36986127233465	NA	NA
1.20684093190431	0.958317304061218	0.737651918998355	NA	0.760842116750344	NA	NA	1.12550622836754	NA	NA	NA	NA	0.799512727821203	NA	1.91237627953155	1.58493985633037	0.356342189146552	1.5873157221784	0.194684576441407	0.484581994402182	NA	0.272760135243343	NA	NA	0.468690231622762	NA	0.405019785275406	0.437864432539237	0.525198981453944	0.316946621809612	1.03196660092546	NA	NA	NA	0.768040066827417	0.682131948835348	0.713029264900676	0.968236623794621	2.18217341743715	1.12244024939489
NA	1.6307732641285	0.964216887263424	0.827603239622305	0.718284204839567	0.843766464761623	0.99442669315618	0.493062243099414	0.463432656861514	0.980878624521837	NA	NA	NA	NA	0.920119052797419	NA	0.697274789940432	0.632446612317984	NA	NA	0.911430582887754	NA	NA	0.292313231361034	NA	0.387350915789661	NA	NA	NA	0.436571941233872	NA	0.806190703862944	0.918025634205166	2.67007521333372	2.01155954081199	0.730782878153718	0.574875100276304	NA	1.22948898872557	0.986797761685271
NA	NA	NA	NA	NA	NA	NA	NA	NA	NA	NA	NA	NA	NA	NA	NA	NA	NA	NA	NA	NA	NA	NA	NA	NA	NA	NA	NA	NA	NA	NA	NA	NA	NA	NA	NA	NA	NA	NA	NA
NA	NA	NA	NA	NA	NA	NA	NA	NA	NA	NA	NA	NA	NA	NA	NA	NA	NA	NA	NA	NA	NA	NA	NA	NA	NA	NA	NA	NA	NA	NA	NA	NA	NA	NA	NA	NA	NA	NA	NA
0.378356933986243	2.90794948336184	0.344689507928765	0.354438662174987	0.767898310885036	0.532360227815835	NA	NA	0.802458099718635	NA	0.645984121675972	NA	0.618107681578108	0.620476554623754	0.622171057057524	0.547581097570953	NA	NA	NA	2.88154105462856	NA	NA	NA	NA	NA	NA	NA	NA	NA	NA	NA	NA	NA	NA	NA	NA	NA	NA	1.22049223639074	NA
NA	NA	NA	NA	NA	0.486941139711952	0.795070232189787	NA	0.535739199136822	0.578044248801351	NA	0.425850310429717	NA	NA	NA	NA	0.413936547252082	0.736130957323018	NA	0.402266933178486	NA	0.844389430660821	NA	NA	NA	NA	NA	NA	NA	NA	0.663753052605061	NA	NA	NA	0.808994049083586	NA	NA	NA	NA	NA
NA	NA	NA	NA	NA	NA	NA	NA	NA	NA	1.39817663043683	NA	NA	NA	1.01337651804869	NA	0.38340464548823	NA	0.695297777959062	NA	0.481906377675207	NA	NA	NA	NA	0.337582544641685	NA	0.335040506037571	NA	0.928442956926532	NA	1.21653578595132	1.67192673017885	1.40503441988309	NA	0.484344358092529	1.020475077983	1.07416716738266	NA	NA
2.24274327335479	2.11662649138188	NA	NA	NA	NA	NA	2.45656831943425	NA	NA	NA	NA	NA	NA	NA	1.14129581797156	NA	NA	1.87417194560979	NA	2.10226990959596	NA	NA	NA	NA	0.487796388288043	0.399919435862088	2.00336850129289	2.03952731030155	1.85268594899629	NA	NA	1.62939978933679	NA	2.1385965656544	NA	NA	1.56244555378359	NA	NA
0.559236862547879	0.514532248513911	NA	NA	NA	0.227099935222161	1.85268103318666	0.15853518113711	1.55104248681133	0.1782496003932	0.231307951399491	0.135700569838457	0.283579639277179	0.326402965610878	0.330752405200703	0.513332977389311	0.437906537777732	0.611702160659751	0.305339729666098	0.481676399181955	0.727698275320987	0.567473834289806	NA	NA	0.795364940093676	0.409492482340939	0.249166021711587	0.484831917795076	NA	1.13855551890032	1.13562968091611	NA	1.41481767409253	0.254855128961139	0.516854598982326	0.674865945611985	NA	0.606545076840865	0.848083394319495	0.816364431591025
NA	NA	NA	NA	NA	NA	NA	NA	NA	NA	NA	NA	NA	NA	NA	NA	NA	NA	NA	NA	NA	NA	NA	NA	NA	NA	NA	NA	NA	NA	NA	NA	NA	NA	NA	NA	NA	NA	NA	NA
0.744764939301178	0.645135021045177	1.07281961842777	0.702321478814805	1.39430338167321	1.10081920212402	1.53671971790399	1.5595029568877	1.47068337625575	NA	1.40310329984054	1.48496694941968	1.45377864393896	1.69998002896835	1.35218571746522	1.43731302819296	NA	0.454469290931796	1.59170702404189	1.19872311984228	NA	0.18433161271839	NA	0.390119296951397	NA	NA	0.213684092138083	1.10036355920544	1.17737636138589	0.428289934147277	1.91368664663415	NA	1.98697434713232	0.543271082481324	1.4507244947149	1.57670859597335	1.93778658374372	0.416600809622794	NA	NA
1.34029009191446	1.91776011851553	1.66134847671173	1.57929417726165	1.01808560353701	1.3868659327986	0.68132978034596	0.72381577192707	0.641631686382117	NA	1.55855190003258	1.15732902316572	1.31860667149873	0.337957284718272	0.543096173672469	1.36010399535592	1.0528530876541	0.66974243174097	1.21484962787233	0.63704248325367	1.54654113932629	0.404299349969941	NA	0.344820039214662	0.829049936555238	NA	2.16512763052551	1.99546168474355	NA	NA	1.94831103708257	1.34056536334499	1.22634657772762	NA	0.851385305617557	0.980966345824312	1.19347681337509	1.18401622149253	NA	NA
NA	NA	NA	NA	NA	NA	NA	NA	NA	NA	NA	NA	NA	NA	NA	NA	NA	NA	NA	NA	NA	NA	NA	NA	NA	NA	NA	NA	NA	NA	NA	NA	NA	NA	NA	NA	NA	NA	NA	NA
NA	NA	NA	NA	NA	NA	NA	NA	NA	NA	NA	NA	NA	NA	NA	NA	NA	NA	NA	NA	NA	NA	NA	NA	NA	NA	NA	NA	NA	NA	NA	NA	NA	NA	NA	NA	NA	NA	NA	NA
1.25614384773311	1.10385451419837	1.23230548903604	1.22793199881237	1.1301891799841	0.58941025330756	1.97077302567872	0.54617267741056	0.881617892367823	0.378170182832996	1.51544429203058	0.722351644801052	0.407899733603442	0.582132203600401	1.37942722683046	0.642392634958802	0.542709006219775	0.540149818125205	0.739058096056896	0.879768508270225	1.08682926682824	0.408333907574392	NA	0.389802430397134	0.592660446726828	0.901434962855892	0.265609581037697	0.350531424262157	0.932169075354412	0.395149794838963	0.503862128244862	0.888426603660252	1.7876794814789	0.613658139605195	0.286886441679929	0.416547179333276	1.97107485964099	NA	0.875392412452462	NA
NA	NA	NA	NA	NA	NA	NA	NA	NA	NA	NA	NA	NA	NA	NA	NA	NA	NA	NA	NA	NA	NA	NA	NA	NA	NA	NA	NA	NA	NA	NA	NA	NA	NA	NA	NA	NA	NA	NA	NA
NA	NA	NA	NA	NA	NA	NA	NA	NA	0.418022353558614	0.264706704652901	0.350431121897638	0.430101458213423	0.779639782036406	0.950609737394618	1.00839647449344	1.6995157338422	NA	1.90165030471008	2.00200646688411	NA	0.265410818172129	NA	NA	0.418543034817038	0.775898538114358	1.08942788430173	NA	1.24320920967484	1.70776483293804	1.67993975343897	1.4909867044825	1.64468252856313	1.63318880739601	NA	1.69952902872463	1.91699677421601	NA	0.59471367410092	NA
0.922367803279802	2.28729995769012	1.19552378929058	1.33645408204423	1.2513707640452	1.29143287775281	1.22842100346275	1.35344845850606	1.53553031464199	1.31323033680197	1.45386335986854	1.46685971727396	1.21685100636361	0.919505691044366	1.01486129651173	0.483502291185406	0.518371538363249	1.19220986749037	0.791653488569517	1.19920794512172	0.899902546741336	1.32744171593229	NA	0.829897822523864	0.696582892857791	1.20791506139997	1.17541347815095	1.78063038079662	1.53153506865681	1.23360381422829	1.69444299485581	1.28976440108122	1.73536451941168	1.90386175615221	NA	NA	NA	NA	NA	NA
NA	NA	NA	NA	NA	NA	NA	NA	NA	NA	NA	NA	NA	NA	NA	NA	NA	NA	NA	NA	NA	NA	NA	NA	NA	NA	NA	NA	NA	NA	NA	NA	NA	NA	NA	NA	NA	NA	NA	NA
0.635455639838818	0.677111921524301	0.614108584235502	0.540060895008016	0.45317226376299	0.995923569327888	0.399905283411629	0.591872234072315	NA	NA	0.87987694779009	NA	1.55557593267746	0.434872654105022	0.812031584336677	0.337973916114828	0.343207328964107	NA	0.556462409614214	0.392160007347712	0.391778688480109	0.343160910103431	NA	0.429168945126302	0.147882549271251	0.485839450288379	0.836371882088644	0.755913313563257	1.4137507309508	NA	1.4610258576386	1.41744556224381	1.3433920628328	0.784791280948943	0.910132088530601	0.514514155756124	0.441416664756743	0.713775490827192	0.369690050408353	0.396509947272289
2.32640575325314	2.03228478208573	2.00220074588542	2.16328891156706	2.15047644374593	2.14259105368735	NA	NA	NA	NA	NA	1.80598032928847	1.77605192447733	1.42014871366522	0.708189135737244	NA	0.402439095679837	0.417023270951173	1.99654944360855	1.64486156600011	1.63628253831073	0.436211205522779	NA	0.451881272861451	0.677828959886812	0.766262475205578	0.867634082878645	0.380389775809891	0.615532887353533	NA	1.86939777094122	1.89739375135949	1.68447035260841	NA	NA	1.30060872335224	1.61729810189161	1.38430979437533	1.18678187776264	1.22940051511036
0.647290772595071	1.62808595232067	NA	1.18885727685283	NA	1.0004912966344	1.12796605424837	1.30362884512911	NA	1.11167570158136	1.07476743177855	1.67211859262463	1.27351535996216	0.923116129504847	0.870412982647287	1.23169028771191	1.27376431509252	0.409750358519978	1.35812957936621	0.493607387802086	1.24281242733786	0.548518444831272	NA	0.987765188939625	0.880857087417504	0.460112402724539	0.433421695525976	0.884573294702922	0.647786282842612	1.05203187201352	0.588842320244452	1.06805221702294	0.390988797702192	NA	0.861590851692661	0.79563679553818	1.18013124086597	1.07554903579221	1.24868936537288	1.44978120457767
1.98067412198872	1.2923421458871	1.25303217886074	1.3136293467369	1.60410689370932	0.544569791757341	0.708187848994292	NA	NA	1.54131183530264	1.10574990433247	1.43788067550897	0.951684867325645	0.692830580513913	1.10637887488805	0.569128923843911	0.534946725951257	0.612539824998687	0.781650390133055	0.755744115910788	1.25075542237667	0.532257937513922	NA	0.24548384545741	0.422407262626432	0.281984275052456	0.570735528361609	1.33085495568546	0.278715923450741	NA	0.984886570854729	0.755980933712453	0.755499795938463	0.952029374728865	0.745923351733881	0.713572603379253	0.636733740222745	0.661232931366071	NA	0.706835458552535
0.256066942180278	0.723661870287786	0.57289600325342	0.888149291596834	0.59166030206611	0.826294266541096	0.598805537284475	0.626484827841031	0.335096913333511	0.338802049924283	0.565892543731859	0.658809867892367	0.52683189002635	0.631708904098706	0.59386302517742	0.48270733146268	0.264722154594381	0.466581933536105	0.290109853951132	0.272849136089034	0.813784963139323	0.261459048437499	NA	0.548210781103183	0.470145696624574	0.519665510613339	0.354718545872494	0.618990483090418	0.168225740544636	0.466245217092307	0.646895369491622	1.75386600582896	0.619016914701569	0.472471715609088	NA	NA	0.902492609492711	1.09484047489718	0.30532017945677	NA
0.700970445658574	NA	0.802992196674304	0.594683588032072	0.700172216186583	NA	1.00319655441386	0.817424664116193	1.01433832866917	1.15150658963424	NA	1.00818233200693	1.01003972389457	0.800910009284645	0.696208366641284	0.305187178309171	0.328872689158417	NA	0.659958541807433	0.472453812515474	1.73887831439856	0.219544436997871	NA	0.403476570949766	0.437745700278196	0.699125983463871	0.871380925319917	1.04276036317127	0.985685223734339	NA	0.970707601036125	NA	0.975173130495261	0.967392671120911	0.433931656934447	NA	0.899350702405724	1.07948979498076	0.383292732371463	0.85869632460414
0.988074199361518	1.3311124761264	1.59806274347535	1.34929183624851	1.04087216735584	1.23691892708156	1.60136826039188	1.06115868180357	1.23489133812381	1.24946782202077	1.05650534489635	0.732533974116532	1.21151023732856	1.34740094852724	1.07352845533772	0.83980815664645	1.17963504392227	1.34701771863436	1.37004333382919	0.620577987040534	0.694159947006756	0.814298382870787	NA	0.972347842630451	0.842405539781607	0.336118035600089	NA	0.658556695525482	0.503093067080677	0.334855501350016	0.314876324318826	1.09126789810085	1.23477456615682	1.22258741133007	NA	0.890246910654115	0.717145969233899	0.37536298987654	0.48424902380985	1.40528814001891
0.825561079276887	1.10706615390075	0.735030225513998	0.989064205697927	1.01283895647889	1.04595374332326	1.4832257969849	NA	1.38762887494398	0.603790136684594	0.728500731616212	0.831639780860192	NA	0.881567825767381	0.793839981104647	0.529105905524916	0.668049355278089	0.975942620646328	0.816958017761791	0.915858954011599	0.650682705171911	0.541684156293265	NA	0.319231689302676	0.443075354156414	0.275120497292949	0.502305439489367	1.19943817298286	0.505169428091401	0.618766644251045	0.811119354402477	0.753318764327652	0.725843813922169	0.453719670383026	0.739665691190535	0.792068976806909	0.745078624077425	0.378930097685168	NA	0.564221893305062
NA	NA	NA	0.737785089319218	0.760414941620195	NA	NA	2.00632968873553	NA	NA	NA	NA	NA	0.802120698389207	NA	NA	1.18579457138081	NA	NA	NA	NA	0.441115845019568	NA	0.0790810651044173	1.20545389009115	1.02108386032038	0.631241583645883	0.932627678030082	NA	1.38984754048766	NA	NA	0.907938907897296	0.737418996884984	1.31216383443397	1.02772565488262	NA	0.969486300896621	NA	0.449461513480072
NA	NA	NA	NA	NA	NA	NA	NA	NA	NA	NA	NA	NA	NA	NA	NA	NA	NA	NA	NA	NA	NA	NA	NA	NA	NA	NA	NA	NA	NA	NA	NA	NA	NA	NA	NA	NA	NA	NA	NA
0.79949907470891	0.773909590673103	1.06540873993324	NA	0.473573080975748	NA	0.367128208785114	0.4893239967574	0.41784904125152	0.36834794967627	NA	0.595331442166973	NA	0.586735089611687	0.511904145759793	0.426518920986438	NA	NA	0.852037041161475	NA	1.77549161054744	0.977197227370786	NA	0.381234103453078	NA	NA	0.295133799368265	NA	NA	NA	1.15033439787426	2.122699477482	0.793543255206893	NA	NA	1.81111300639544	NA	1.50544490709615	1.73898923845863	NA
1.4739567103261	1.61419991004949	NA	1.17478468122754	0.749015011073522	0.867389843035969	0.887577476263064	0.71855613680362	0.759064589778402	1.09864196702099	0.714309461539023	2.00726559481063	0.826809179582675	0.850250518511237	1.10333990844675	0.494135934658418	0.334292086551379	0.62983990710166	0.884693942573773	0.396540235208816	0.428317485728574	0.478631507648122	NA	0.624589658116866	0.465860332153586	0.939601031364975	0.893974619651671	1.23149186859613	1.57915713796365	NA	1.57831750132318	NA	NA	1.5001928088406	1.63792942402047	NA	NA	NA	NA	NA
0.581102848576684	1.37166400416522	0.945186427833757	1.17837062716402	1.5215916053554	1.05385867968017	0.851037266559827	1.09684974126566	1.54687790455135	0.863354626010035	1.24686541503594	1.39089052282281	0.814821975448928	0.808368077671426	0.998835866089019	0.65979668836704	0.637950073865166	0.230308024191176	0.232341194616011	0.115287399530316	NA	0.0929864231056548	NA	0.251766768464838	0.507712471889794	2.17734054704907	0.210282492159317	0.296972956905462	0.0384413269913655	0.212265474205712	0.382168411689844	0.303461270660924	0.209634241699056	NA	0.81523846970619	0.116322622133577	0.346708288381354	1.54706394871367	0.593292668445103	0.813126768768017
NA	NA	NA	NA	NA	NA	NA	NA	NA	NA	NA	NA	NA	NA	NA	NA	NA	NA	NA	NA	NA	NA	NA	NA	NA	NA	NA	NA	NA	NA	NA	NA	NA	NA	NA	NA	NA	NA	NA	NA
0.935618952566859	1.1665595661488	NA	NA	1.19443338140287	NA	NA	NA	NA	NA	NA	NA	1.01427053524071	1.02198154356747	NA	NA	NA	NA	NA	NA	0.549570393068391	NA	NA	0.377459770350126	0.298674889716026	NA	NA	NA	0.909993140894269	0.589867408120594	1.02615646585667	0.819906196172026	NA	NA	1.2177345733327	0.899776211720778	1.13085595383345	1.22871253402583	NA	0.860152048822998
NA	NA	NA	1.11240685409976	0.847991691993875	NA	0.807470410901635	NA	1.83081105456121	1.89488980043576	1.93334406097267	1.03839149682534	0.903663833659886	0.908032696923443	1.05522389727683	NA	NA	1.08036178928481	0.75988547165777	0.864901375192504	NA	0.268673000129709	NA	0.352200447090886	0.597328527478279	0.560343585640839	0.769497858372305	0.317745285511362	0.662418629170452	0.6466890167784	0.970479950046546	1.32067487899244	1.31906564389281	NA	0.500833551168275	0.791393550372414	1.01083606853778	1.45587917060371	0.661223567795679	NA
1.69922746787579	1.76083589470945	1.63924921582109	1.95425156891307	NA	NA	NA	NA	1.60105371818565	0.776317702936199	0.68724474772255	1.97003097495598	1.61833361912088	NA	1.99139075752996	1.29064028880098	1.42037745574883	0.851210630545624	NA	0.286623700284685	NA	0.713368720344932	NA	1.09583452340264	1.16019144017887	0.318982759988229	NA	1.2885949515555	1.2956138187819	NA	1.4782020786818	NA	NA	0.724984080553626	0.87694442259344	0.933651812602112	2.04628185206181	1.29289953097988	0.968934821200405	0.914908635859089
1.26027567806704	0.989142794870319	0.951908032318219	1.0419160742583	1.04154343848277	0.944570127782646	0.894757374995207	1.04518836378377	0.767525956536071	0.655118284190883	1.04072882821252	0.814381201565713	0.49839292675993	0.401516267982056	0.421320087710606	0.810854101028617	0.626862773741353	NA	0.64712187372724	0.473715582837828	0.990611575303006	0.280450145543311	NA	0.343685989273508	0.498303001515156	0.814789723595991	0.464716425317856	0.136528948205753	0.145068908336832	0.302073047137456	0.762663096099447	0.210021490106511	0.978494717289086	1.13682430355263	0.514189513906166	0.696119798671864	1.26554000103871	1.21471447273397	0.33230562216597	0.852733211810563
2.2604265819091	1.80538116917186	2.25251925747447	2.0759212058351	NA	NA	1.83020208731978	NA	NA	NA	1.20288327487905	NA	NA	1.45219418785739	1.5799248292106	1.60019482405928	1.87614274849498	1.7031380882544	1.44342489084867	1.29447389265913	NA	0.838665459258781	NA	1.41827375070772	0.460712640747753	1.28334226717704	0.756333614354254	0.720444776161545	0.709792174857711	1.7215761220394	1.23372931909618	1.74258823450264	1.4550455756515	1.74861502462115	2.00522212000349	NA	2.02186300721546	1.07395147965505	1.69040237710368	NA
1.12955100481782	1.77159414222858	1.11873886367297	1.1485934007929	1.30349523402401	1.01834724176834	1.45430922626508	0.968831239718477	1.22938681799606	1.2660108946786	1.57109022651297	1.43777945126533	1.06098733537365	1.13464554565894	1.10778702673139	0.763788975851587	0.956319154294912	1.2726000623406	0.86356171426956	1.16988769924969	0.954476666375472	1.08660636299641	NA	1.63391049061995	0.525352928390274	1.02171400691674	0.660631416327955	1.36905419455432	1.65778417511005	0.877057290819163	1.42706280880139	NA	1.47652662459249	0.988172951470985	1.1223281764841	1.59087019844487	1.22325952142693	NA	0.980960264752447	0.796934283685884
1.21139163107191	1.3929441439494	1.23984956651063	1.47564495625419	1.27269959143594	0.955848538136173	1.17266153245782	1.15899877240689	1.0480448244243	0.870270899967248	0.831230075547398	1.06225535883193	1.12470313458555	1.14941149457338	0.897778885960839	0.8813462071479	0.807437764134489	NA	0.842795339684824	0.276960504086311	NA	0.453483345062905	NA	0.303019134244195	NA	NA	0.527872247081523	0.700101550565559	NA	0.620699106150593	NA	NA	0.391617654808086	0.688960115332538	0.846686476982275	0.517896836974267	2.04443400750519	NA	0.343097343734334	0.278030022654802
1.31346574181027	0.39883055167691	0.388428117426693	0.549849829438174	0.784014413776587	NA	0.577110348603817	0.444235454092775	0.320515749770658	0.544368985814659	0.720497754082884	0.886464854490999	NA	0.154095395428673	0.942959513315025	0.725077783927371	0.22233482735899	2.58991129856356	1.04564073472691	0.425188446718062	0.310878139381272	0.519305846054994	NA	0.885222471733676	0.548545464570001	0.376143937967683	0.439289525237856	0.731869370259315	0.71957354337194	0.350520210434411	0.775228043392035	NA	0.55917224470665	0.901455294194386	0.530946793193335	0.741331026798753	0.61499857555909	0.631087286583275	1.00024488593076	0.349781140040614
0.520943080042277	NA	1.30878587412113	0.439319033388178	NA	NA	0.43218500022485	0.980895271638501	NA	NA	0.67542637111822	0.750161199488814	NA	NA	1.66936657840432	0.864522366553533	NA	0.172139068957691	0.422013393539938	1.85330420733637	0.661882500485486	0.44929500810733	NA	0.426988372855571	0.198689953555869	0.70154894460995	0.649365144900699	1.89325573309941	1.51612488533632	1.06372520322061	1.23810877668761	1.14811315142863	1.18078580363096	0.98164378779387	1.30053501688003	1.30418434958078	1.56597452204932	1.19962949687744	1.16106262988682	NA
0.429638475400894	0.68349769661045	1.08378080267281	1.27891847684596	0.632389754163592	0.487880335131399	1.5800322815102	1.6363812479211	0.616656461144807	1.527531702327	0.749197980696381	1.55158635362866	0.950066443745533	1.52512943898203	1.30062004965437	0.941315875286155	NA	NA	1.93985553483017	0.544294637097797	NA	0.79575890647358	NA	1.85639731759652	0.48428730164681	1.77341280829435	1.26520997492555	1.53673099389145	0.422944640639878	0.61376199227865	0.684693094810762	NA	0.690161292983539	0.201402913462896	0.76510139129607	2.03596168628438	0.166102103299465	0.170751969538648	0.355760435154917	0.319388621575857
0.128460033716838	0.508297477931367	0.211442436557781	0.422189983196461	0.346820264821738	0.334055814518993	0.267300989524831	0.589068000548353	0.233578829097727	0.473946135877483	0.577110443923159	0.371414244112532	0.526224262829556	0.373773900770953	0.723364619212342	0.540081318120571	NA	NA	0.409726061789682	0.414238079968293	NA	0.290302442834002	NA	0.278198472063336	1.18590705701579	1.02715317158605	1.32236098091254	0.766958034112585	0.724219529126712	1.23642623531686	0.644646271661878	0.883793206782564	0.410396696355054	1.26529836924326	0.624495473435932	0.622108285246148	0.412471421664763	NA	0.500943693735767	1.83481562732115
0.345917770997471	0.104060544166787	1.15902957016701	0.661906901312836	0.469590738302119	NA	0.310789067266725	NA	1.57024269731845	NA	0.560695432163291	0.350356544787025	0.115464469682794	0.670008622020698	0.686849750075373	NA	1.33277472594914	NA	0.537228614535634	0.881292756654527	NA	0.51242761642251	NA	0.526588363781159	0.503109039012906	0.61964191357726	0.794444181599038	0.681572632039895	1.37460967915797	1.39300499850078	0.884458550952531	0.91727659196236	0.382225379414996	0.207889909142334	0.190764198392849	0.384719616712788	0.863019498405679	0.913173397399626	0.598006066309908	NA
2.02737649501608	1.95714678171616	1.88099662333543	1.75746570818793	1.49128091812019	1.39596669698021	1.04207669184066	1.18041577319006	1.54970162513362	0.700725172794546	0.694498586742292	1.22943254196724	0.567262395072988	0.760721456927739	0.743280051557757	0.354967877579201	NA	1.76143188791185	0.318048418558286	0.371768113898559	NA	0.871416890475423	NA	1.16069404443569	1.28083535214619	0.98259153234013	0.946214209812623	0.802344185496509	NA	1.81832327372576	0.476367741772522	1.70369888427023	1.63552315654042	1.73320987923433	1.67912464255106	1.72052497962496	1.58880989322086	1.37929720852669	1.56499381694037	1.67559045295259
NA	NA	NA	NA	NA	NA	NA	NA	NA	NA	NA	NA	NA	NA	NA	NA	NA	NA	NA	NA	NA	NA	NA	NA	NA	NA	NA	NA	NA	NA	NA	NA	NA	NA	NA	NA	NA	NA	NA	NA
1.51453668215245	1.19963813321737	1.02072223982817	1.93343828648592	1.37069446834058	1.18585525046166	1.0492822340045	1.40654787687451	1.58862157321791	1.59018886804379	1.35880174361019	1.4325970866482	1.35323022379287	0.945843436051649	1.1706117695129	0.314222997867529	0.930165105777739	0.707107943111832	0.548330689503643	0.389723547390895	NA	0.621948110139318	NA	0.696046107930952	0.313167072986453	0.445287191173642	0.861797027589642	0.593242458158394	0.848217265071437	1.28886423228684	0.717526373047824	0.601532199571763	1.05830671311537	1.17504368716787	1.12637405876599	0.482688226101219	0.697006197147573	0.829548287178277	0.338259854308428	0.61934650168882
1.69269664021662	1.24341537772582	1.17826680949336	1.52200391164166	1.26135838840359	1.56266798225739	1.61089105371753	1.05164903819882	NA	1.50096034885306	1.34935775880204	1.27835246546392	1.22948093221947	1.59051857943065	0.927078716730782	1.33464927640546	0.521134255828954	0.573224941085971	1.14161900750584	0.465165601208196	1.34880144140548	0.697167586293086	NA	0.200516190444836	0.372650650371141	0.161593360326375	1.07651491306859	0.896075851144192	1.31718642123344	1.07442678618616	0.800583428911668	0.93946859791722	0.767235833140066	0.472657527532303	0.907813654173185	0.757376130263197	1.13790102493648	1.15106658519825	0.579067434911526	0.766440045632384
0.930376741914419	2.53137502721246	2.29351489084997	2.45397192682798	NA	NA	0.861285850068853	1.96551476437946	1.99431439105172	NA	2.29786716236964	2.28007895468029	NA	0.193776652846925	0.366342736946817	NA	1.6793063541291	NA	1.86376093820633	1.63164225991112	0.499162906973997	0.505206323152213	NA	0.370896969921046	0.346501086676499	0.875406021304917	1.15667726344925	0.79911212029456	1.65158661033077	0.840514951916163	0.95486669645826	1.12693822046361	1.31735521545073	1.07768053658271	1.12095157506456	NA	1.23066262698994	1.10950622015521	0.467424964560444	1.19665166539997
0.466385130208873	1.67365097217293	1.82797069887176	1.56252574526332	1.39155556736661	1.17212167357337	1.10530127552873	0.901921819979295	0.941677518916396	0.866634637071813	0.808203436768442	1.25226977888802	0.844737505655925	0.823202850009194	0.985085745534222	0.571634887627715	0.211871334004611	NA	0.295460122125639	0.368782670444471	NA	0.0685305227004736	NA	0.497187186280409	0.586017379953903	1.94640182067568	0.515966551777456	0.502253838226421	0.542785793850732	0.320734963001854	0.341570459451191	0.448019901764938	0.72686847690544	NA	NA	NA	0.897145800294633	0.606349114481576	1.32110698272019	0.864182722294017
0.756589204343219	1.01965159157448	1.17433164656386	1.49228276374993	1.57642248810051	1.1443160786804	0.934707923142146	NA	1.40910528339465	1.46582946316439	1.19113138264553	1.10833471887571	0.636423380703495	1.06404538714727	1.05434048687965	1.14639128894711	0.580968110750086	0.913114763704466	1.06812682331654	1.37249075323392	1.60419289782653	0.809461058497493	NA	0.0872127792490802	0.676421496046182	1.30920759565847	0.984510035676922	0.862372920911158	1.26250154753503	1.17647673414709	0.709176342461494	0.636786152254816	0.605960565041505	1.00812269794853	0.859199845235638	1.04904668712754	1.17962123474732	1.09265685164873	0.343043420980511	0.681346054221195
NA	NA	NA	NA	1.87283461554466	1.59852165093424	1.85995996300342	NA	NA	1.07930943895513	0.677457220977435	1.11054775284525	1.21789139714043	0.725033631816605	1.19545820357511	1.52716346205287	1.56932231025056	NA	1.12160680549315	1.10008979580574	NA	0.34753209953806	NA	1.44956073569365	1.23812829030858	0.324479325249677	0.46555976289702	0.897029222834392	1.81390566224774	NA	0.279128657344634	1.84621588932753	0.4771732415087	1.74853687376379	0.600609014443951	1.49453297646647	0.884093785132297	0.575246956866307	0.471572082368514	0.384328123799799
1.35072425319957	0.824914990368152	0.941440426175466	1.16701632984257	1.82979476120849	NA	NA	1.36417431464894	NA	1.15879363174838	0.723111831708496	1.13320733152595	0.49777187553239	0.825860474696387	0.820843000867272	0.561469178050455	0.475481196653529	0.688039793427391	0.573721663006998	0.818784547196587	1.09450564359658	0.311165891875693	NA	0.318114148947597	0.44367866592745	0.771435635396363	1.24358653601174	NA	0.833947376166303	NA	1.06250750858237	0.945519040970968	0.573246649281098	NA	0.502912188936224	NA	1.33406866409371	1.45639038103312	1.05634790160028	NA
NA	NA	0.844043092675091	NA	1.68620265209162	0.697589835479997	NA	NA	NA	NA	1.30855186988353	NA	1.08856500061044	0.967769703352934	0.859563707767842	0.60120586128393	0.515213564412511	NA	0.706843545385616	0.829013737565027	NA	NA	NA	0.38101796816116	0.907271102827698	0.811562095039559	1.04755624958708	0.728932477837628	0.742156352785096	0.843762464284098	NA	1.13588820337912	0.881279306266111	0.968502588185957	NA	0.249793954705993	0.790782840921084	0.525201732310196	NA	0.293089773474961
0.611680714544306	0.435180838730557	0.716140558623523	0.88598661076386	0.608975418339581	1.27285228093985	1.00007147532785	0.638116861662016	0.332586011258907	0.548657239849409	0.780072333239653	1.03863421768844	0.533535813458917	0.309034615873275	1.08295561849574	0.734203349431513	0.88396643005276	NA	0.857787821106225	0.661354654774311	0.404657515516058	0.186944014711501	NA	0.40070674205468	0.409862424879669	0.536862236795627	NA	NA	0.912420306103051	1.45808712690129	1.00730523295547	0.859214327086606	1.19810562651412	1.23574174922327	1.36411031924311	1.50534385825476	1.56458822970694	1.40297339507302	NA	NA
1.14116002117304	1.28751156364579	1.26478562426029	0.926408601530273	1.11707583208431	1.38533140438456	0.740132698684109	NA	0.56142284558276	NA	0.518416232854232	1.43402258013181	0.49559581146272	1.02924700785723	0.789448392787838	0.829558481012545	NA	NA	0.94880528671556	0.806528069783488	NA	1.0338161998271	NA	0.708791248288971	1.0207163772864	1.05642414417054	1.60596235431344	1.16019896184388	0.875223990993985	0.767361365755033	1.38446277390301	0.468735440109959	1.16661863191039	1.21061643513542	0.606690880456247	NA	1.00480938808384	1.22851342665299	0.881868112267373	0.264375959639139
1.36916762563264	1.7038287062309	1.67702456851982	1.5477077288408	1.39876375920428	1.53000130818307	NA	1.00632189140774	0.807927840139398	1.12771707637778	0.971328024598382	0.877555597954577	1.04417308758845	1.19953695456966	1.29103890799155	0.760642505979641	0.793548158912069	0.72714747522386	0.66129308116189	0.584129664541919	NA	0.670772778298303	NA	0.336435042347489	0.41151854458895	1.14821413759645	0.449565522792904	NA	0.751556171333573	1.63846362712499	NA	1.41890222349162	0.856634967583241	NA	0.768811398759764	NA	1.42085951477196	1.17907131505229	1.2609983215924	NA
1.5210323295068	1.64365878751453	1.80027181921178	0.746172499191907	1.22386835383859	1.29464316773125	1.43731339112184	NA	0.603761056911786	NA	0.384571391230982	0.6877219271118	0.537234901784984	0.970504252283914	0.69454556700939	0.907698739427568	0.651431841542283	NA	1.0478692743089	NA	NA	0.241775840996435	NA	0.456234296564849	1.60025891810884	1.07349269642747	NA	1.00557551365917	0.711005855957754	0.280816022068663	1.19794523269275	0.701867421427081	0.586383654945549	0.860326122805825	0.698577163532336	0.865017489843518	NA	0.95902223731587	0.408151492172914	0.524326266379602
NA	NA	NA	NA	NA	NA	NA	NA	NA	NA	NA	NA	NA	NA	NA	NA	NA	NA	NA	NA	NA	NA	NA	NA	NA	NA	NA	NA	NA	NA	NA	NA	NA	NA	NA	NA	NA	NA	NA	NA
0.938645967402321	0.821554626128456	1.15592798579412	0.750073231679505	0.829959628367314	1.41604098668612	1.20151107138639	0.983077779495899	NA	0.696458734486044	0.570950822976139	0.621065934662612	0.556032007891227	0.763659975367817	0.221761119374128	0.280216593277892	NA	0.322803577247313	0.735442455678495	0.454236223838698	0.760513270965915	0.142528954721525	NA	0.721181649649694	0.314316562831991	0.259336983231721	0.470842450846528	0.325455416103845	0.969688843989247	NA	NA	NA	NA	NA	NA	NA	NA	NA	0.941243997537441	NA
1.12702995579287	NA	1.38565926112643	1.05308047231954	1.24059025416546	1.14936848635033	1.42414681651928	1.50730896646957	1.55242574412632	1.06756810313244	0.962156216998426	NA	1.38113435241527	NA	0.210573977766485	0.42392747040137	0.47663327756337	1.25309314799597	0.223702525004659	NA	1.14304746107435	0.440939810943135	NA	0.945267679110152	0.640884463722641	0.704830914998001	1.7466124887612	0.469184144555852	1.53692303651601	1.21174993097151	0.842255203768527	0.963746682927508	0.655396681826129	0.548055069109511	1.07069653231517	0.441047834346137	0.956371714189907	0.397618053434936	0.510529611620976	0.768400434371863
1.17868040579227	1.54757189950378	1.65186504834998	1.46386236696629	2.0691945834383	NA	2.11402013034956	1.4127403488965	1.32044026095498	1.15141721261856	NA	0.762379444106565	2.16140583266324	1.51315030950646	1.07581681333345	1.4751121184996	0.916457722914992	NA	1.25656677557237	0.987928551534402	NA	0.880348843799732	NA	0.690227715112569	0.336207513021391	NA	0.38223236929712	0.735506729825156	0.79609803027638	0.967032428978696	1.18987039392061	1.25536303924493	0.498715535990709	1.00280320278435	0.554870393322136	0.82843606072362	0.545452275463545	0.784585387051326	NA	1.13755446432178
0.459400668077534	0.435779766917456	0.63313425530297	0.481873408952978	0.284295759093242	0.591630832468384	0.448070324212202	0.288131954919527	NA	NA	0.209719405808783	0.448671126063123	0.220087871109415	0.434878981214784	0.155456442805617	0.236544615285757	0.173511044193906	NA	0.141824822343558	0.214894536578354	0.114509202832309	0.0991360117933584	NA	NA	NA	NA	NA	NA	NA	NA	NA	NA	NA	NA	NA	NA	NA	NA	NA	NA
0.752145449125338	0.650230291261681	0.792525764925929	0.697070530275248	0.831194868035624	0.602402653501553	0.320181139343011	0.481486299635804	0.668037013168936	1.64891397642856	0.318192542087085	0.524358252760778	0.608236262285645	0.371478392986543	0.428094302390433	0.535968133987861	0.587269693697429	NA	0.714063492104592	0.555097890164452	1.63916888494188	0.696642252203411	NA	NA	0.791297569971186	0.517244415439191	0.572291704115201	0.330688555340992	0.258386348702527	0.174226086806465	0.225322608410198	0.488945554156003	0.407273796623456	0.529202129728456	0.289272716893244	0.765753787939952	NA	0.634229772889663	0.274357284613744	0.522295247793981
1.91387541577864	1.55326618823435	1.61604455639528	1.54852813837836	1.86014409707713	NA	1.45293219643788	1.54402387137951	1.06447609516101	0.838548177102221	2.29476779843653	0.418934601700491	0.13913563974706	0.270965428830344	2.17889235116405	NA	0.720196445811052	NA	1.07717977139587	2.15082451352937	2.00539098955006	0.899574701598808	NA	0.365921679986098	0.554951675815405	0.503427371980545	0.378831718170323	0.813295236266656	1.92975280534795	1.20961022674906	1.26942458730559	1.81646953866116	2.29914567651708	1.77161237424117	1.37864864562068	1.8281342913834	2.26967448566168	1.37586784246215	1.25040902252562	1.52301296970249
0.960671585985329	0.723168032959641	0.922044774950925	0.230190413400691	0.326388041115868	1.39132715004227	1.44094671715276	1.09318018629225	0.731299974375678	1.12353814475824	0.824712541258342	1.24386490661056	0.994958146318118	1.41237843236862	NA	1.39282443971589	0.486393099939911	1.81048070185549	1.38872351634387	1.10776923655195	1.29796194247926	0.407409186344322	NA	1.4904026390945	0.522919363862049	NA	0.820060063632351	0.785795300449163	2.10184712331026	1.51300259349419	0.849227850693311	0.979590875726459	1.67140111385752	1.13719333298899	0.986566965627726	0.868704113642603	1.54468735717697	1.40958289052914	0.962672342864109	1.31224629345389
1.22929793952075	1.23072077913991	NA	NA	0.949750029115212	1.03072233662561	NA	NA	NA	NA	1.21437694767094	NA	0.952058011538609	0.745051711178649	0.709842342106606	0.948284592190676	0.789549379994161	0.49153205859669	NA	0.666038237075415	NA	NA	NA	NA	NA	NA	NA	NA	1.2486382661468	0.977716841708941	1.29886173569018	NA	NA	NA	1.0177015378339	NA	1.30729264001309	1.30387244333215	NA	NA
0.933678145456654	1.49462601947906	1.56638502355869	1.24246682214606	1.66379541572113	1.9225422744316	NA	1.69647851250494	1.63788311738194	1.20225222820468	1.82350838041691	NA	1.57664468141664	1.20715700962133	0.295605114730197	0.338195902633235	0.136020226695703	1.26628906949164	1.71623013942534	0.436022068994921	0.190515310735934	0.392046248503374	NA	0.898259471431935	0.745613820343487	NA	NA	NA	0.629523718030026	0.90124482435451	0.994688316065138	1.14399611980601	0.757791637114241	1.62636407693284	1.18113126353235	1.20845318908662	0.867820586527972	0.80945988272948	0.338303088054449	1.46822534645941
0.863487940223202	1.04582900390553	NA	NA	0.755611603262761	0.484388150055086	1.1693762544732	0.219783983598054	1.63846046532891	NA	1.58224550165489	0.452547669308953	NA	1.45148878289564	1.64050250100219	0.865194911086585	1.47383345757439	1.3452895771536	0.720735366455001	0.980740155049674	0.601388176365654	0.531493666324573	NA	0.370438333106147	0.302437937729187	0.547097783927543	0.609092650595356	0.862059668670596	1.2780277983773	0.550586673085007	0.985823560351566	0.242083806751191	1.21519347556583	0.85255674965746	0.274421383716941	0.771492900333519	NA	0.367412693543637	0.673835325598825	0.993844285857032
0.974927138189811	1.1970978468376	0.75193868178216	1.02176938356487	0.762630842641193	0.656545162640781	0.534345974711284	0.506712053871344	1.04659822323072	1.00032729672643	0.990826422884646	0.974960530000035	0.711865485286743	0.948243272627569	1.0170847937408	1.06812007308914	1.09548022568121	0.640467689474875	0.717013923570344	0.413961923338854	0.906828800855435	0.629005545000149	NA	0.500266349634016	0.43117338266691	0.689022195898707	0.698746357720823	2.00028340237883	0.553694210031977	0.859289322757186	1.7750027036578	1.01550107872699	1.06915249598248	1.72549370927506	2.3991060906552	NA	1.73274233590705	1.99616383137314	1.29047258547519	1.33773909623037
NA	NA	NA	NA	NA	NA	NA	NA	NA	0.124399864997568	0.182493997366127	0.411093247036016	0.178615929676604	0.352085881655787	0.674274139034574	0.658142093081281	0.651700958891505	NA	1.46606219117374	NA	NA	0.321623685538129	NA	0.569153663667597	0.833970578577229	1.1138814323347	0.414770120211928	1.55308719731237	NA	1.35298811812839	1.28498034549931	1.29158893819782	1.36965087459642	1.49448044140992	NA	NA	1.72689880867096	NA	1.83181084115395	NA
1.40600538967476	1.22781240217648	NA	NA	NA	NA	NA	NA	NA	NA	1.48890667364648	NA	1.3389367389332	1.32124892508231	1.27400899483814	NA	1.12517861026533	NA	0.403230320668787	0.481968074465081	NA	0.520400090466015	NA	NA	NA	0.577992862558154	0.666523553415232	0.928112787680148	NA	0.958402388320012	1.08761640861703	NA	NA	NA	1.59298176748226	NA	1.55492464630276	NA	NA	NA
1.57004548249883	1.54618581078699	1.68215294317194	0.925581317161243	0.662625263524698	NA	0.82725306407736	2.61401952667359	0.882023742828844	NA	NA	NA	0.726474167337623	NA	0.566193616916607	2.03012962209348	2.80648412131743	2.39469636228306	0.974288257184051	2.45949833032466	NA	2.53718459148373	NA	NA	0.688739835485385	NA	NA	NA	1.01255534031318	NA	0.88844529006734	2.81131403450496	0.763819712465464	NA	1.03877128078179	0.592423681663157	0.627957544511907	1.01337970335314	0.598793141410819	1.8107643706936
NA	NA	NA	NA	NA	NA	NA	NA	NA	NA	NA	NA	NA	NA	NA	NA	NA	NA	NA	NA	NA	NA	NA	NA	NA	NA	NA	NA	NA	NA	NA	NA	NA	NA	NA	NA	NA	NA	NA	NA
0.432973714414158	0.133127356492407	0.34434708715245	1.06768259321503	0.997403251936767	NA	0.568406071163976	NA	0.72715537625958	1.07574357665547	0.820613109449558	NA	1.52212890737539	0.822274954757184	0.869090739420259	0.556730583947723	0.949099311200895	1.0783574332058	0.595363719419044	0.40419689441013	0.979379370582618	NA	NA	0.627494157988271	0.94022087443887	1.21595115507485	1.48661560935169	1.08477362748141	0.636884718743134	0.625079053251046	1.45528512819396	NA	NA	0.412779918805659	1.04289285654176	0.541585770251604	0.484437530964494	1.29444643230807	NA	1.20733636363861
NA	NA	0.725443419559972	NA	NA	2.38291338736488	2.04315130873629	NA	1.83687259810861	NA	NA	NA	NA	2.25837641841517	2.51568023768583	2.71118752517009	2.60244478707186	2.42166555413472	3.13848051526855	2.29294452332836	2.61604030792054	NA	NA	3.14061399213168	3.14381523092155	1.56560057199869	2.97777394845807	1.74660059286819	2.34014739047981	2.58883885044616	2.46037288672921	2.24597971375353	2.4090405369772	2.58280219319095	2.32799507552185	2.69120280648946	2.30097053885921	NA	NA	NA
1.40704582826546	1.61001999566753	0.655900985797969	0.636393530264554	0.888813020751629	0.776185287126129	0.818415897192756	NA	0.926777111233597	1.4342791523715	1.22771069137373	1.09914285864139	1.89942817425402	1.21272213402977	1.23561062351016	0.476266351658639	1.15651307147826	1.05474443966643	0.626069704309763	0.182556416035503	NA	0.198318502544853	NA	0.540582708570815	0.664841648786604	0.341551563673072	0.471025527155165	0.545047246764819	1.47385240201025	0.795111622351371	1.40392419333395	0.868729624805708	1.43090658456528	0.826602449598197	1.03345341140011	0.65932617759701	NA	1.38415153909513	1.15638478788177	NA
NA	NA	NA	NA	NA	NA	NA	NA	NA	NA	NA	NA	NA	NA	NA	NA	NA	NA	NA	NA	NA	NA	NA	NA	NA	NA	NA	NA	NA	NA	NA	NA	NA	NA	NA	NA	NA	NA	NA	NA
NA	NA	NA	NA	NA	NA	NA	NA	NA	NA	NA	NA	NA	NA	NA	NA	NA	NA	NA	NA	NA	NA	NA	NA	NA	NA	NA	NA	NA	NA	NA	NA	NA	NA	NA	NA	NA	NA	NA	NA
NA	NA	NA	NA	NA	NA	NA	NA	NA	NA	NA	1.39148060629804	1.77740140188669	NA	NA	NA	NA	NA	NA	0.325371008529072	NA	0.444999785584308	NA	0.257507554568818	0.305193832024413	0.389633037752911	NA	NA	NA	NA	NA	0.510537190297042	1.26095369894908	NA	NA	NA	NA	NA	NA	1.06221819169781
0.584481197983526	0.590723464709852	0.82615303739149	0.485484266552763	0.926968479263097	0.710715075050073	0.44862342387892	0.556835355824631	NA	0.914009441907029	1.86243545514143	0.755169023588618	0.741481807267196	0.85906493713009	0.960380632423532	NA	0.765893103586274	NA	0.929305867123939	0.680178964190699	0.823241880144744	0.548690895380154	NA	0.547494099928838	0.900691144525421	0.987282460216579	0.914301194246109	0.992328275202102	0.937221245806	NA	NA	NA	1.40572389947537	1.28307066840587	NA	1.32394118269549	1.64068971783536	NA	NA	NA
NA	NA	NA	NA	NA	NA	NA	NA	NA	NA	NA	NA	NA	NA	NA	NA	NA	NA	NA	NA	NA	NA	NA	NA	NA	NA	NA	NA	NA	NA	NA	NA	NA	NA	NA	NA	NA	NA	NA	NA
1.86708607965319	NA	NA	1.39724764627534	1.41796563221486	1.50116170847178	1.7961856958792	1.1894546899488	0.933644777397018	1.22627594595901	0.839909327878098	1.11853563576741	1.26567349866852	1.50876072367348	1.81041963293876	NA	1.60122375107548	1.05796369935134	1.42479425609992	1.02217160601408	NA	0.748614932047913	NA	0.475029743769884	0.555243766819343	0.552619058513539	0.476058130249612	0.850628526712389	1.25466660809424	0.95762501146884	0.728684227001614	0.497426523473221	0.705711348131088	1.92569799088475	0.594550909656029	0.970945500894171	0.391860736927671	0.725021335529345	0.354645331786366	0.40027393520153
1.48475087306143	0.967154405000132	0.778810571215853	0.87657352360288	1.3956603733502	0.555099591382592	0.504493221904359	0.721033109802567	0.667307802039868	0.687066956400238	0.778062400065543	0.893287414228681	0.803662120028848	0.659059775700698	0.83151856459487	0.925669562847385	0.930904240739127	0.878538500629879	1.16653695858004	0.468820661890642	1.07855369299553	0.342201561900774	NA	0.47539967851796	0.236615013052972	0.661081349177266	0.679211744777015	0.806592305426769	0.50023305250926	1.14039005718205	0.61635164490211	0.788799374281919	0.740456253443571	0.58097011571668	1.40989309407521	0.498894743798803	0.860308727750735	0.428904074684178	0.882961208088951	0.598911409573658
1.44214681460583	1.25345067374807	1.31574942447612	1.28909923868361	0.850477718838504	0.972220562784613	0.790595481978565	0.793285510738447	1.00304847577135	0.523725555177319	0.715638502625236	0.673188941567185	0.677007479566033	0.61389163949693	0.697369635794836	0.590934187965694	0.467624017333102	0.36293810678405	0.464514360069299	0.363498042673856	0.254230243379958	0.384453331949431	NA	0.254025265208438	0.417724381782364	0.353099931423874	0.401686437950162	0.584695125737175	0.536475604286343	NA	0.800689692389174	0.844235825874393	1.1478702866424	0.37788660102283	0.375913129091657	NA	0.450029764349425	0.772126757025652	0.680177412751873	NA
0.899218529064554	1.25163935205086	1.24510434589578	0.929129285078963	1.09329144150698	1.36513324677779	1.02155214064036	1.26630089238161	1.5138936443328	1.21240081387833	1.16171283632652	1.33848499441153	0.746738237840557	0.641930012886478	1.11594593924291	1.11830767035618	1.01136751990002	0.222926829339286	0.534336987538381	0.14988255266237	1.37331557641189	0.772828002235565	NA	0.167227732661611	0.984869979772007	0.981014509844439	0.798735607723413	1.05501957456676	1.0197263028398	1.16095237046627	1.40909836788603	1.18362056970964	1.35000015307616	1.21493580784233	1.43303374157098	1.07392498257245	0.761562056341871	1.01264949182423	1.7641523351937	0.623294331521308
NA	NA	NA	NA	NA	NA	NA	NA	NA	NA	NA	NA	NA	NA	NA	NA	NA	NA	NA	NA	NA	NA	NA	NA	NA	NA	NA	NA	NA	NA	NA	NA	NA	NA	NA	NA	NA	NA	NA	NA
NA	NA	NA	NA	NA	NA	NA	NA	NA	NA	NA	NA	NA	NA	NA	NA	NA	NA	NA	NA	NA	NA	NA	NA	NA	NA	NA	NA	NA	NA	NA	NA	NA	NA	NA	NA	NA	NA	NA	NA
1.34620707150379	1.19035518461749	NA	0.980380088733332	0.963262390714724	1.05515866727844	0.688506588723377	0.878854537384816	NA	0.283823687630739	0.30754508610636	0.51720013342369	1.60266203804906	0.946975934127078	1.03589356991755	1.47094023631028	0.615913255449818	0.637276289022867	1.14534191495559	1.0001765133268	NA	0.394120885190888	NA	0.654434464170944	1.30799019138996	1.09694576289684	1.52552465029904	1.23348011129019	0.45720399010788	1.43892903401356	1.15680570008526	1.03695387585637	0.604496250765638	1.44957551099137	1.46035613694885	1.41135666120128	1.65483143972552	1.52851995168694	3.30983999674025	1.72749262219951
1.04275910950406	0.710567552762579	1.02051162193574	0.87974979324375	0.764737302574807	NA	0.943224154559866	0.699872824689373	1.05212648304506	0.995749511823544	0.504996026055278	0.524414093241576	0.887687614105172	0.92039120704888	NA	0.551456139116559	1.33848275641381	0.399278613577461	1.10197281613308	0.984884643773222	0.239504016600812	0.664264721832785	NA	0.341604076094324	0.572465498635323	0.758514001710971	0.867958434340155	1.06182565140036	0.92221546749742	0.761375560714428	0.900490364519069	NA	1.22034079399347	1.48401678955197	1.41238097232927	1.63858424853362	1.83057467388929	1.89705717725437	NA	1.9114881070051
1.75747534862078	NA	0.904977171589959	NA	NA	0.872132486928106	1.10439218610863	1.07148528228906	NA	NA	NA	NA	0.725202622133151	0.781601465196018	NA	0.272049558229514	NA	0.940396975333256	NA	1.56746190006852	NA	0.582030536219084	NA	NA	NA	1.14399915891298	0.630023480487615	0.875323227863721	1.13797489155714	NA	NA	NA	0.884590833401454	NA	0.922750198189754	1.69285836232803	0.660191961673614	NA	0.349220448751077	NA
NA	NA	NA	NA	NA	NA	NA	NA	NA	NA	NA	NA	NA	NA	NA	NA	NA	NA	NA	NA	NA	NA	NA	NA	NA	NA	NA	NA	NA	NA	NA	NA	NA	NA	NA	NA	NA	NA	NA	NA
1.69383397798872	NA	1.55910036056642	1.02273377207864	0.845089291976583	1.24665885927808	1.34503593422916	1.11318664821165	0.500145695222423	1.56144527158606	1.67070165064231	NA	0.867663054934137	0.548400185636918	0.923691327394658	NA	0.520465565507658	1.29984239251181	1.87522609430225	NA	0.943218855615723	NA	NA	0.364496548558344	0.335856572237172	0.632020651285334	1.41285486561315	0.695473723613441	NA	0.301885779917518	0.230589268326036	NA	1.16927459456053	NA	2.02673059510721	NA	1.98249910193908	0.719623858321276	NA	1.03613291842596
0.687237805958719	1.05557785143011	1.78543477170761	0.747038468438094	NA	0.773586305133578	0.44173044180931	0.608946102690014	NA	0.542593093274408	0.490252965025418	0.764495893481493	1.38320347260955	0.518402817673786	NA	NA	0.233730784666952	0.132850410028271	NA	0.306139813226282	NA	NA	NA	NA	0.731179513206797	NA	NA	NA	0.927165687870479	0.35742993632561	0.495256922029971	NA	0.423443533472392	NA	NA	1.3333697892807	1.57205854101448	1.69437638565998	NA	NA
0.598607655624784	NA	NA	1.39137887729807	NA	NA	1.55417180829181	NA	NA	1.03931349946646	1.48495569372866	NA	0.888888741074559	1.10428677598416	0.917672545542959	NA	0.639546417115289	0.812760935219157	0.809666083060391	0.230706193557029	1.08263672287568	0.318228105235044	NA	0.934005607669744	0.899678789417649	0.783034406455927	0.50390487992129	2.49126052134546	0.961593616498646	0.938858360510959	0.657753449892407	1.32231731531065	0.369798843491704	0.372871167653749	2.19863031642264	NA	0.785276487308891	0.604005621137101	0.679931408972313	0.724130395754605
NA	1.53904787302588	NA	1.56101432436222	NA	1.11331191372237	NA	2.35139354299081	NA	NA	NA	0.744682413192537	NA	0.503047296740914	1.86011797270563	NA	0.388429081610176	0.396071704383055	NA	NA	NA	NA	NA	1.19899512894014	0.58276304292136	0.289882816972546	0.611740919656984	0.769454932686154	NA	1.06410108545061	1.13729563189001	0.98959041567622	1.20651056159365	NA	1.00155997630547	NA	0.870837668455825	NA	1.07651547261304	0.958933507703513
1.04296432140604	0.897591204699632	NA	NA	1.51778981219036	1.56056823543314	NA	NA	NA	NA	NA	NA	NA	NA	NA	NA	NA	NA	1.57437452535435	0.947803958821098	NA	NA	NA	NA	NA	NA	1.007005381064	1.49965055547434	1.6240871109356	1.14986634725674	NA	NA	1.25405303527715	0.827203466948176	NA	0.777818265523456	NA	1.05513324445851	0.810868485963081	0.508885651297275
0.542471123827532	NA	0.9661542799313	0.258152829625654	NA	0.35792721370143	0.458334167737662	NA	NA	NA	NA	0.26007892635635	NA	NA	NA	NA	0.677596463869301	NA	NA	NA	NA	NA	NA	NA	NA	NA	NA	NA	NA	NA	NA	NA	0.379621429429083	NA	NA	NA	NA	0.430111527046611	NA	0.269495493454341
NA	NA	0.157465673991886	1.1067085060787	NA	NA	NA	NA	NA	1.13999641145216	NA	NA	1.24012685154417	1.19783646532617	NA	NA	NA	NA	1.94302529791183	NA	2.80718120498438	NA	NA	NA	NA	2.13252247186467	1.93046350295754	2.19130441346178	2.50012433890845	2.38888101071914	2.33830003298013	NA	2.67864601757102	2.41053560160352	NA	NA	2.56592246683419	2.31221458043976	2.24909966391814	2.89271419837369
0.971720839031406	0.576168849856227	0.629303181502178	0.611234425898914	0.363936415733522	0.459165469803009	0.280265802770308	0.4863427755049	NA	0.346997971599894	0.282096982165762	0.463475246416694	NA	0.415202747057759	0.335891934575602	NA	0.67109756787219	NA	0.304003301702042	0.465160057360767	NA	0.160171940933673	NA	NA	0.619620799910297	0.569904178964312	NA	0.213631019223278	NA	NA	0.688025325588563	NA	0.172654792974008	NA	NA	NA	0.619119256585202	0.773665353654146	NA	0.520210557758533
NA	0.831955130865046	0.602071305751557	NA	0.434927558614731	0.609899101645134	0.494051058699614	0.646741190824508	0.811906572311523	0.901574297985366	NA	0.241669959580944	0.588593136330433	0.325521777102914	NA	NA	0.653010784001092	0.492910804412778	NA	0.626713028819409	NA	0.532817306049064	NA	0.576200478752227	0.542331086220447	NA	0.398451954344685	0.38511535137575	0.499455079370776	NA	NA	0.327121250376705	NA	0.203046552764082	0.884053590672897	NA	NA	NA	0.252453892433844	0.890985654342831
NA	NA	NA	NA	NA	NA	NA	NA	NA	NA	NA	NA	NA	NA	NA	NA	NA	NA	NA	NA	NA	NA	NA	NA	NA	NA	NA	NA	NA	NA	NA	NA	NA	NA	NA	NA	NA	NA	NA	NA
NA	1.03881563964494	0.613562005133359	0.827606910622339	NA	0.602139076216472	0.636128538771838	0.714926037513309	1.14528506012692	0.518933858357732	0.965232996824526	NA	0.241265744688672	0.296729069800466	NA	NA	1.02410559257342	0.357223729573576	0.972652843272482	0.724093059150552	0.561093477029113	NA	NA	0.520681205372977	0.505941092212951	0.312548592141506	0.38559858511069	0.551598764008483	0.409791157532003	0.589823224477444	0.438207510890766	0.519442104140222	0.702306105434235	0.195289849868939	0.420199424508467	0.721517105766763	0.242902586306058	0.619001060422884	NA	NA
NA	1.16730919628286	1.99361388308328	2.03746350953045	NA	1.01845129670453	1.31104085357029	NA	NA	NA	0.981921028259029	NA	NA	NA	NA	0.718334226720197	0.59800680597509	NA	0.603959415314824	0.766624106007551	0.666791650527079	0.146725891043285	NA	0.569321312610551	0.582081408619123	0.307257687036317	0.705933239101132	0.609737295357535	NA	0.470517951656801	0.563962810683797	NA	0.994240823647927	NA	0.502543795673182	0.569838544518839	0.990682172877289	1.50698824746424	NA	1.07125931168368
NA	NA	NA	NA	NA	NA	NA	NA	NA	NA	NA	NA	NA	NA	NA	NA	NA	NA	NA	NA	NA	NA	NA	NA	NA	NA	NA	NA	NA	NA	NA	NA	NA	NA	NA	NA	NA	NA	NA	NA
1.04531949652826	0.904237635219719	0.861170213729953	0.904664180674313	1.41822681413909	0.6770611792672	1.18201126810075	1.02156715243717	NA	0.785115787818671	0.545903710318449	0.838285345024226	0.826713296582034	0.937389195920217	1.01609618932492	1.09916957906738	0.95917279040059	0.991491334885764	0.839604478439644	0.81985067974546	0.659053619602263	0.677916753262702	NA	0.514881385212962	0.160875635142088	0.489424298131708	0.660236777446681	0.893210110810486	0.628708820825574	1.03756469787227	0.913606300242605	1.20366647714798	NA	1.16976008458591	NA	1.32450504456583	NA	NA	NA	NA
0.657919948404956	NA	0.308619531175876	0.700093670484093	NA	NA	0.20560028114798	NA	NA	NA	NA	NA	1.09539310049435	0.863682802193084	0.996377748275899	0.908199862958431	0.671471776388316	0.569323030606025	NA	0.470540003874107	NA	0.129327597485032	NA	0.383323975791106	1.05650180348242	1.00590422400144	NA	1.09935825723961	0.875514785828256	NA	1.00367048687606	NA	0.69701744640202	NA	NA	NA	0.575597301984314	NA	0.893320371630588	NA
2.93365076527909	3.18993068505973	NA	NA	NA	3.27117252036567	NA	NA	NA	NA	NA	NA	3.15340852675236	3.19637138877381	NA	NA	2.80376216877067	2.72647442716481	2.94330305587512	NA	NA	2.49992354829393	NA	NA	NA	3.0197208673397	2.98449806109729	2.59268907204982	NA	2.74794378621006	NA	3.06061525650849	NA	2.83724345601476	2.53301343256042	1.03433522434834	2.97564350535133	3.11075680491215	3.2930764835766	2.30371241620965
NA	NA	NA	NA	NA	NA	NA	NA	NA	NA	NA	NA	NA	NA	NA	NA	NA	NA	NA	NA	NA	NA	NA	NA	NA	NA	NA	NA	NA	NA	NA	NA	NA	NA	NA	NA	NA	NA	NA	NA
NA	NA	NA	NA	NA	NA	NA	NA	NA	NA	NA	NA	NA	NA	NA	NA	NA	NA	NA	NA	NA	NA	NA	NA	NA	NA	NA	NA	NA	NA	NA	NA	NA	NA	NA	NA	NA	NA	NA	NA
0.766335605969411	1.44480029230717	0.961715565826878	1.88053399883785	1.78554318142528	1.36697578201688	0.998323431878475	0.588245603532777	1.45454637709993	1.16966439455168	1.68535374998642	NA	0.611631522303235	0.601485237025104	NA	0.776965894557134	1.83165630735127	0.305822334465442	1.75708635206361	0.734788658055262	1.08676646946032	0.490008836068899	NA	0.990595545747198	0.390310625400106	0.516578023453063	0.738276552525985	NA	0.475965626137855	1.86967380771501	1.41956996828978	0.708906187429586	0.788832564419485	0.254108860667636	0.579239095878389	NA	1.21919580386433	1.29552734374388	NA	1.55117777323233
0.711701003569067	0.332195381252431	0.509807506518174	2.01333379491247	0.514000652320432	NA	0.503027728971933	0.374505556413392	1.59534120661338	0.976356561686704	1.07697329461007	0.78657758149318	NA	0.49883835905348	0.389494859697068	0.820178400753779	0.574777160312161	0.741613245014726	0.65566683130952	0.654172918144363	0.593473420436032	0.517699262332855	NA	0.804599730789757	NA	0.658020981992981	0.391402461444358	0.50588063257057	0.787553244433942	0.603188218910885	0.435077945033099	0.303470627643196	1.11079345326423	NA	0.539826480965761	0.550950157358484	1.01499879518735	NA	NA	0.970933476521151
NA	NA	NA	NA	NA	NA	NA	NA	NA	NA	NA	NA	NA	NA	NA	NA	NA	NA	NA	NA	NA	NA	NA	NA	NA	NA	NA	NA	NA	NA	NA	NA	NA	NA	NA	NA	NA	NA	NA	NA
1.42418749690267	1.58386214229575	2.07789981307155	1.42424145071471	0.509815512076914	0.97353078748184	1.57604695908803	1.52342950053925	1.50267229679046	1.26345182831294	0.822832435209421	0.995922196684253	1.26825015876147	0.937235941980658	0.902844479471392	0.81468373389672	0.603466901581544	0.956113685845995	1.02337780297203	1.68256322065586	NA	0.269327978798185	NA	2.14298505336997	0.304341942925549	0.612783998996667	0.264627726304318	0.558027634402199	2.57991064596011	1.91384744964284	1.73916827637317	1.65041577093878	1.73942476085445	2.29286968413778	2.20760450540303	0.730980472141556	1.39733328686971	NA	0.886980849145303	0.815200561903214
NA	NA	2.51498103594324	2.44288639655963	1.46582369178623	1.81328252479124	1.73246472761874	2.18339669510601	2.40828748518157	NA	NA	1.564790087472	1.5972820244469	0.39694547691825	0.846512427462616	0.602493123453975	1.63446940265355	NA	1.80094369472493	0.458880600951288	2.26650437412759	0.787443236507959	NA	0.900487195044412	0.54328385517433	1.73650370689148	1.29057802903581	1.36497290737304	1.43158207029784	1.37927539489975	0.96739389149921	1.28815362467583	1.34091119130038	0.856715226529579	1.76089447431316	NA	1.56141431529835	1.44436419709597	1.57832698360883	1.70115860098352
1.4301713441593	1.45002763042519	1.28390070574132	1.59523921869527	1.28646020088341	1.23737977944841	1.22887140972051	1.54496664052549	1.71695745882272	1.68249671940263	1.35628774064517	1.33986549685515	0.642207995454008	1.49715171296771	1.39882953182992	1.5703399012009	1.43279672854448	0.854713558144997	1.0843126860234	0.373192081639156	2.29273481635866	1.43718236298464	NA	0.369924431197785	0.218190170440726	1.88314335437169	0.567225244826684	2.09882716782332	1.85133925342283	NA	1.9642850871148	NA	1.55437901854242	1.77895273099806	2.26674296527851	1.69236975674117	1.03197573478913	NA	1.41282387961811	1.72444231171433
NA	NA	NA	NA	NA	NA	NA	NA	NA	NA	NA	NA	NA	NA	NA	NA	NA	NA	NA	NA	NA	NA	NA	NA	NA	NA	NA	NA	NA	NA	NA	NA	NA	NA	NA	NA	NA	NA	NA	NA
1.80927206565819	0.270007320067673	1.4146210497507	1.75915057881845	1.56167402120013	0.743236084978472	1.91652774344705	1.661516923141	NA	0.932108575141943	1.70420005569637	NA	2.04116731353301	NA	1.4196725587448	2.0023843823701	NA	NA	1.87512304286857	1.69702855888386	NA	2.10525893140188	NA	NA	NA	1.77891280182822	NA	NA	0.620932296620982	1.76328426237115	1.97656354235021	0.184530548962823	1.96153227060096	1.86535842187433	0.5902456018274	1.463675339173	1.60734418800121	1.67718847176336	NA	0.912985778076006
0.955295321173535	0.67935537840026	0.828368365867126	0.858801614542986	0.544139659985813	0.640354414642728	0.263701391518007	0.783162334469532	1.16781420368423	1.20891700930827	0.89272162702629	0.977457951126668	0.319587062092447	0.572202035708195	0.7278193849692	0.515618723807654	0.967677006973772	0.917398239062752	1.11835825156609	0.933959080588045	0.901943960755658	1.09807284743948	NA	0.648267391785542	0.259116238187442	0.257287902852772	1.30913755417189	1.10399794467945	0.713365596609319	0.470204315777931	0.633326728944646	0.87430615221692	0.622118344824895	0.525087649954839	0.721306378744226	0.875216197061185	0.824849768617135	0.819576383403992	0.970449188233632	0.996820128643852
0.534717555562467	0.860507805525739	0.26548222514898	0.588847048841226	1.04017118029303	NA	NA	NA	0.673919188888779	0.760351541151922	0.716094342549477	0.886255694824	NA	0.432467589850235	NA	0.60191042444175	0.721583425393963	0.620407627655705	0.578511398816378	0.716295914773496	0.952081813093664	0.720020874011465	NA	0.284488858892929	1.05001339991358	NA	0.42063088730642	0.302398670970114	0.177473298510005	0.647219831569814	0.458108121063393	0.718841360173213	0.270772039453049	0.174706735704449	0.297398819618882	0.186155137177564	0.156875283846689	0.301150544584522	0.263671779133177	0.445665812141725
0.544691497949971	0.596134943626851	0.918797618767135	0.927234555610358	0.92165513800804	2.21557797581273	0.957572693232261	0.911703234708485	1.05373731418368	1.06749572198742	1.07291228225078	0.708996474753513	0.716847655917611	0.3820687039567	0.638242682859997	0.938740365270378	0.651841366906291	0.52731954014858	0.249402040281171	0.541327519032381	0.626644691178371	0.39510325523136	NA	0.44304845287691	0.658158979909685	0.99733175080079	0.711498216372465	0.580368578513494	1.21898985557668	1.16782697405199	0.986379122684001	1.07649112302798	1.00015264827718	0.994556981621231	2.05611345479643	1.59994505541232	1.6932754121811	1.34625965302298	0.724927899084471	1.44561765347728
0.81925358527386	0.711696523657454	0.655154653935592	1.31927512454445	0.692018647540446	0.801096393383687	0.594586870781294	0.657769404233826	0.882100861816994	NA	0.637918971955581	0.878882299469422	NA	1.1148554059341	0.930223067740307	0.819034129435119	1.12700704435284	1.15041091600423	1.26062628583982	0.788794436875527	0.917459047422463	1.30184474756669	NA	1.02656937235015	0.352852266755581	1.09056288323285	0.814065677621254	1.36327696316164	1.13153346179572	0.803886507493079	1.17424823880738	0.812711182833196	1.00155907820449	1.35849706748772	0.691570280582639	NA	1.34924299721061	0.458941158521155	NA	NA
1.37590239021349	0.791030723157483	0.695615133131961	0.604077783603093	1.6271960049926	1.4649492829192	0.726021056265591	1.10025265549904	0.940159010290841	0.522610924231875	0.802834228255651	0.650211587132824	0.957614854610487	0.658044442759093	0.455541886291797	0.802587465989552	1.14952719549212	0.276036020505644	0.58683685996276	0.516564326959551	NA	0.309333601873534	NA	0.48677179149545	0.417108281565135	2.73474655672101	0.52109324171312	0.978970522493623	1.05750344259881	0.913485623323909	1.2645885204884	0.901586352609247	1.41476075511271	0.40308190771368	1.11601144060252	0.719639027480124	0.732105341722101	0.419246357384702	0.460204321787217	0.54737042826914
1.13650134412696	1.13568136529115	1.61157104467809	1.4661698932369	0.657618204219339	1.8579956510369	1.4236315633293	NA	1.45213100842659	0.814445424157505	1.13188979378074	1.33470814009273	1.2804493397557	1.15330109402107	1.12533809549758	0.878642713217808	0.680927208312361	0.88366564559869	1.2868354992165	0.824695423684264	1.40319729037198	0.729482548316746	NA	0.705906468593702	0.904736991422012	0.46353111711395	0.932938510987596	0.661104391151242	1.25413059653084	0.924506687891627	1.16735985122259	1.04776773641986	1.08440265577594	1.10600444171885	1.17922779954123	1.50015958998153	0.94595185210426	1.13851535341291	0.575497793356725	0.892012013940872
NA	0.73073426913984	0.831857002787974	0.359128091148219	1.20790675870757	NA	1.27717354359192	1.04078096017177	1.1431670747479	1.00325482958706	1.45359865745544	1.4167127710867	0.828493759928278	0.883050307275916	0.951234722976183	0.90711106137837	0.871067515365107	1.29573415481842	0.707585921249124	0.818161289286085	0.52365917600524	0.326669467463964	NA	0.349560224774394	1.16611452947046	0.808646286274475	0.657314732075556	NA	0.453962266528761	0.538511092742687	0.749607366397275	0.128337203147054	0.261452449452302	1.73800170552724	0.837309963781823	0.370350388038285	0.410111660527931	0.280985744547512	1.20933060407066	NA
NA	NA	NA	NA	0.912317091653549	NA	0.412920396430852	0.608853504734134	NA	NA	0.653307207540035	0.195535827227252	1.06239505124075	NA	NA	0.34414873138199	0.83701930642896	0.232759442934717	0.184157456693809	0.213166782441668	NA	0.163083814968645	NA	0.630185055451371	0.522001730430861	0.994368475728302	0.81824616626571	0.635933131834628	0.876993582536576	0.838945842380804	1.36976694597414	0.903272755756111	NA	1.23834006661339	1.47047301516455	NA	0.837952961282822	NA	NA	NA
1.15725356103412	1.05258111910527	0.72146222192977	1.13110053545164	1.61948665399647	1.12333832597774	0.97423735660834	2.03344815280264	1.62911909349386	0.693567611367857	0.889267153043469	0.567302783737457	1.90612370470278	1.03020439015555	0.678244785112371	0.699738156702722	0.633495791505832	2.09242482118957	1.71065927521593	0.418745277230268	0.899140204068421	1.38508528972092	NA	0.706014806287201	0.624399359945961	0.86456061840232	0.843048516108036	0.940783860500603	NA	1.1338324367823	0.106033480321584	0.290531338248157	0.221515467595426	1.02820323969591	1.30418680772793	0.961894904698729	0.476177947629396	0.498407233085003	NA	0.611146338673444
NA	0.52117112027217	NA	1.37711058046985	0.727652801206954	0.81554105784504	NA	NA	NA	NA	NA	NA	NA	NA	0.618767711313312	NA	1.52583187509301	0.211087436207367	0.975333985446197	NA	0.565484450266488	0.926619907129814	NA	NA	1.80360132986359	0.858536906462189	NA	1.01930013265882	NA	NA	NA	NA	NA	NA	NA	NA	NA	NA	0.871950274772125	NA
1.39861679396756	0.416106353621153	1.44593022560172	1.19049660892455	1.39535994913169	1.24430527700436	1.25297722666585	0.891570129784125	0.604517394262804	0.436353333756054	0.84737908540802	0.281225475616109	1.05504689497218	1.1952310940034	1.05877128638362	1.10115576960092	0.917316101796917	0.613460001196782	0.521190050782454	1.10079358381016	NA	1.69745584978332	NA	0.399390876592459	0.263619097366474	0.295594478584389	0.694705297361193	NA	0.63389778715536	0.622990975224474	0.930934405839332	0.813442086224097	0.939385980100379	1.01542933789985	1.10474651660838	0.582185631656185	1.12925664538178	1.58495591749861	NA	1.06070983220833
0.581415469402912	0.608736308653963	0.69492372326909	0.616940919291177	0.603848804036894	0.445132738430104	0.539841869369455	0.675663727211663	0.547356878601412	0.878107586150875	1.03726071661953	0.989695695688092	0.733054954133656	1.30580855480376	1.02727960058945	1.36560721891011	0.726877629026082	1.91831184051455	0.671158280418644	0.543318190982426	NA	0.327147741067868	NA	0.956625485272785	0.876323283313005	0.609006201499496	0.841052791585761	1.01001096614156	1.43152309583171	0.90548171448454	1.12929586317807	1.04392528516811	1.66980529930076	1.06121411429593	1.57471760596626	1.51226407620095	1.65748128764742	NA	2.25317793062243	NA
NA	NA	1.36614644196214	0.69580132314187	1.33818359807566	0.830211158576529	NA	NA	NA	0.662538793604085	0.739148468284844	1.39969021677686	1.67358664959367	1.93112044649608	0.926065600169258	0.521596512055964	NA	NA	0.817688076826017	NA	1.52554981141456	NA	NA	0.489626369959185	1.88486954223762	NA	NA	2.37210622746825	1.58401918562379	1.88781271785053	NA	NA	1.66137707175081	1.70551915187096	1.7438941383428	2.20092133935994	1.28940086090187	1.33980751623302	1.65226695702932	NA
0.880361787125034	1.01933757217441	1.01156361129199	0.93635754171586	1.12752398869664	0.53797109986427	0.353531023069561	0.959762215128005	1.00189577805176	1.14692317919313	0.54445448338662	0.413866609041564	1.09919687148121	0.747593488472651	0.947207752180304	0.790160713781873	NA	NA	0.763583353985776	0.992771713861468	NA	0.705261943756045	NA	0.533502075837832	0.578913184321788	0.728836057201379	0.890057398205857	0.690369705321972	0.978154950384523	0.644333545389888	0.661173814189255	0.431379736027988	0.457303063175973	0.849649519325207	1.14580002523607	1.3011656879679	0.301598678277257	1.8636746189096	0.937353827125769	0.555576900003679
0.561080567869695	NA	0.54715381055827	0.591750602216637	0.542912964575984	0.453134991499398	0.197051291804472	0.864468135843463	0.756158240669497	1.08820566486788	0.201480775240274	0.187920084117879	0.446962789524762	1.22276751136349	0.953336427398945	0.647781629156045	0.711645830929005	0.793947427051998	0.805900458171321	0.249371990829315	0.598371743096576	0.211734751645564	NA	0.399244301739838	0.644350938153691	0.710150715167929	0.511758153820676	0.615711860455052	0.67324532996043	0.691260314392398	1.29979356144226	1.46875905242024	1.21049374160923	1.25838026766264	NA	1.21471308817505	2.0700207197935	0.932657370116091	0.432317707505715	0.618951127582671
NA	NA	NA	NA	NA	NA	NA	NA	NA	NA	NA	NA	NA	NA	NA	NA	NA	NA	NA	NA	NA	NA	NA	NA	NA	NA	NA	NA	NA	NA	NA	NA	NA	NA	NA	NA	NA	NA	NA	NA
NA	NA	NA	NA	NA	NA	NA	NA	NA	NA	NA	NA	NA	NA	NA	NA	NA	NA	NA	NA	NA	NA	NA	NA	NA	NA	NA	NA	NA	NA	NA	NA	NA	NA	NA	NA	NA	NA	NA	NA
0.631621533407088	1.7018265451698	1.62685775650757	1.3678947832368	1.33504348810877	1.39188326230258	1.50099183245821	NA	0.888214456964192	0.82560951830983	0.812197926986494	0.804732814222379	0.830245159841895	0.722972292052635	0.898401988013496	0.710099606235099	0.989608695207097	0.369091173269698	0.763956704261558	0.332549634117507	NA	0.318804080760191	NA	NA	0.300099670525385	0.585260478586945	NA	0.462280346326859	0.997832974218581	1.81505572114199	1.96349205025298	0.43881868620481	0.30676491903457	0.979024814827784	NA	0.56754924033982	2.18628309735246	1.57292180578673	0.478532014222081	1.99041441628428
NA	1.12831996800002	1.29486682418178	0.764992078956359	0.502494670193326	0.820102306049	0.397913966458811	NA	0.581688022497852	NA	NA	NA	NA	1.08665052887353	NA	0.884861819401258	NA	NA	0.954349456336536	1.42520587559182	NA	0.215753840124595	NA	0.322437170658844	NA	NA	0.890677778169884	NA	NA	0.797761179925227	NA	NA	NA	NA	NA	NA	NA	1.33740927236346	0.535858647494674	2.15385477491369
NA	NA	1.61622362386293	1.79412220736472	NA	NA	NA	1.91778685005142	NA	1.69546403697987	1.71148659076769	1.78567657738181	NA	1.82289220854219	0.393171562330422	0.214764227251176	0.695485342544625	NA	1.21646683479819	0.387008360215446	1.24899209333691	0.21606495501578	NA	0.265882187347273	0.343482502440735	0.744520949097593	0.785065257842797	NA	NA	NA	NA	NA	NA	NA	NA	NA	NA	NA	NA	NA
NA	NA	NA	NA	NA	NA	NA	NA	NA	NA	NA	NA	NA	NA	NA	NA	NA	NA	NA	NA	NA	NA	NA	NA	NA	NA	NA	NA	NA	NA	NA	NA	NA	NA	NA	NA	NA	NA	NA	NA
1.37964651145878	1.59061550998204	1.30807581730358	0.945582506059382	1.84094742335331	2.12397665381531	2.17864681133229	1.44306850051446	0.603073864289327	2.12938753660873	1.96509984816104	1.41923924260726	0.540330659047405	0.737025522840757	2.44451723195253	0.346823973328476	1.63951349750828	0.495388246295013	0.605541647266103	0.259673897299277	1.81631747104747	0.398328538534984	NA	0.465486561640667	0.477508601272384	1.70740912453941	1.55239366118642	0.553391026726889	1.9051979835323	1.20011535257025	0.977193267925853	2.21656515251283	1.11603067728298	2.65989769886307	1.51629209600102	1.04439081414396	0.610970724597545	1.72255782847292	NA	0.72713617751656
0.461590326255732	0.662302535278117	NA	0.409205846095842	NA	NA	0.572421331830947	0.73074335670508	0.856068962716374	0.708936583486589	0.614318533572859	0.977788924624542	0.603534046040818	0.523289725218121	0.675738270970879	0.304290964112692	0.488772960024004	NA	0.907084750436982	0.698376803385976	0.478172527883217	1.42939156298771	NA	NA	0.302293605821412	0.557609914867729	0.927809853202238	0.979255330671788	0.599694606199079	0.56265891691706	1.19032484505048	1.20858450788163	1.03086867928608	1.10471189683315	1.04872129647466	0.955218887233847	1.28046517319949	1.08315629637111	1.2425283829031	1.42414026478459
0.304998143363005	0.65800938296829	0.707863426721805	0.648214742115343	0.956032380309853	0.844050827100107	0.69924243580799	0.331659939832759	0.375438328491973	1.07570528461983	0.818673740303603	1.15390718345289	1.36811110830435	1.67650663398452	0.99512002241056	1.49762811062388	1.19027983054581	NA	0.945665680944647	0.422963809855195	0.410231097543746	0.31350570496077	NA	0.0917138365807218	0.509130415032993	0.91518929953562	0.944480368326959	NA	0.795896191710955	0.612416582049849	0.574573011682706	0.98904023165782	0.76373537077914	0.961194618595708	1.06898220137745	NA	1.0118233923258	NA	NA	0.789642420579002
NA	NA	NA	NA	NA	NA	NA	NA	NA	NA	NA	NA	NA	NA	NA	NA	NA	NA	NA	NA	NA	NA	NA	NA	NA	NA	NA	NA	NA	NA	NA	NA	NA	NA	NA	NA	NA	NA	NA	NA
0.606401734876448	0.456893161663054	NA	0.687442048966583	0.902097025527944	0.369167038228282	0.66589746420346	1.39887706666585	0.23081728938887	0.984231937550354	1.57095755156693	0.417450511640336	0.94981275395371	0.991561475266141	NA	NA	0.520482158209519	0.115764241462114	0.640541626173147	0.383089957351372	0.776014105358195	0.182749301844838	NA	0.203349887798554	0.407645984193849	1.00507155245138	0.657270944846322	0.861864114616618	0.733300979361147	0.676359586870313	NA	NA	0.284250166206244	0.273159220202764	0.622293591838239	0.532890859034292	0.421048416196399	0.65618163695616	0.329545702335301	0.60685763256762
0.903867598493243	0.732909373270849	0.417488814970679	0.369390595024191	0.498280370045739	NA	0.56066259040402	0.617408077508894	NA	1.05572247390221	NA	1.11939259239434	0.999177628338725	0.644556945197644	NA	1.33322537635422	0.565228243634052	NA	0.471240674787957	NA	NA	0.187881201070257	NA	1.6580561899411	0.539335070721285	1.12855556647449	0.97809657642818	0.45525446863932	0.931848676984664	0.595959542084282	0.506183461472601	0.35792506079162	0.908994688747512	0.881930798645981	1.29996873465062	1.08230113309123	0.841563032508972	0.617168418240482	0.184687703870584	0.759453540101324
2.44475340568313	1.42084680297976	2.38499794271719	NA	NA	0.390069845608862	NA	NA	NA	0.132290949363768	NA	NA	1.36529750641035	0.273562272645341	0.514711665712658	0.597572312330946	0.418239144897323	NA	0.341996788818597	0.0616300461468762	NA	0.245881901811694	NA	NA	0.139703935721593	0.350090652061625	0.269577817466735	NA	0.258773786122428	0.905807656070585	0.39254546048581	NA	NA	1.55771737392961	NA	0.31343629429489	0.887836317673152	0.453422524603217	NA	NA
1.57285608317263	1.31325967949594	1.19841981057124	1.03262769532195	1.14828850325826	1.44914988011268	1.20188478179943	1.24626068247517	0.713276741846179	1.38911909968839	0.457160301316423	1.62818819187306	0.482553099770889	0.839452834799928	NA	1.5463632998115	1.07005721915416	0.924985418367455	1.53095626364597	0.745283025858333	NA	1.63639917450339	NA	NA	0.133389872222547	0.288388194464745	NA	0.426931492355884	0.534497149309017	NA	NA	0.810408048560438	0.806433045851205	NA	0.597616421734629	NA	0.907288509595989	1.08918468438008	0.636953737863198	NA
1.354189928411	2.52495494641291	1.46303473791055	1.00311069156508	1.1637688097141	1.8390945284736	1.19453509081707	1.23087776890028	0.963796997764304	1.05992423727568	0.783274920294582	0.878174266105967	0.651729978128086	0.822491596732319	NA	0.328150973327154	1.47807982395921	NA	1.35679389828784	0.871736022737433	0.546487447573304	1.90256422580253	NA	0.377157725996525	NA	0.277632296313848	NA	1.1915554429977	0.171892426168343	0.515782247869444	0.0777384937903796	1.62903599095983	1.3986069869335	NA	0.863178121459562	1.03995203346974	NA	1.41561991453689	1.41964607989727	2.48815652086891
NA	NA	NA	NA	NA	NA	NA	NA	NA	NA	NA	NA	NA	NA	NA	NA	NA	NA	NA	NA	NA	NA	NA	NA	NA	NA	NA	NA	NA	NA	NA	NA	NA	NA	NA	NA	NA	NA	NA	NA
1.23820620020884	NA	NA	1.32763757630092	1.09335796589037	NA	NA	NA	1.23427912638531	1.0823476400231	1.15991426832976	1.6648991091607	1.51587878218333	2.49064876733116	1.96284019762054	2.76786792991739	0.81087986183418	NA	0.553719267576126	0.897028483507674	0.738893584603244	NA	NA	NA	NA	0.785782072496707	1.22504570189799	2.45676852144663	0.455554031780651	0.699893269803832	1.70306718286267	1.98003839055513	1.00950562524877	2.2513420933898	1.90132904703423	0.988793009633933	2.12492972184456	1.55956142386134	1.11681431615224	2.13386988400658
0.960245257772225	0.911297447121537	1.03275188762986	NA	0.858752577173945	0.867806157447836	1.02442378827685	0.679184843347302	NA	0.614038761080338	0.756849599412914	0.836633929785361	1.01225159770644	0.90592582758947	NA	0.417025664604988	NA	0.568638857729587	0.44397720157388	0.265197162778985	NA	0.335306590518804	NA	1.29691767160304	NA	NA	NA	0.705811892989222	NA	0.773547093892489	1.05636309533517	NA	0.747990601161883	2.19883545615656	1.64982296227172	1.58218099357232	1.23647256173658	1.60300231534154	1.86761129063522	2.02389923218607
1.01604677647351	0.910634064414826	2.25665212910797	0.435968406069966	0.700261192523514	2.53276469655161	0.849110282904757	1.51555949618911	1.25222381193353	2.0492711238991	1.05784627043971	1.09917393282535	0.93732311379707	0.492153037671505	0.412091452370013	0.3798958203956	0.513263822845603	0.660207074675287	0.776434845443397	1.29137039398865	1.03272232966965	0.364024472299667	NA	0.44295296926858	0.89911696946329	1.89063175964412	NA	0.58302693501991	1.96228864877082	0.348031555578726	NA	NA	0.541795054675805	0.560412670643162	NA	0.641104772268501	0.158793659462092	2.02159391423956	1.39348986422357	1.43359645808157
1.36787874457226	1.58635546428011	1.27820346952689	1.32311102850702	0.970838118381329	1.05164326254501	0.994692961539529	1.04718647744284	0.601737109758945	0.800756042841521	0.964601637521441	0.841165510940373	1.1520971475806	1.20212830578914	NA	1.06516443619219	0.988705607573605	NA	1.20420281080252	0.483587242275408	NA	1.44539192886086	NA	0.349073932523378	0.54813834462912	0.916244296029156	0.776943949247548	0.569585590641973	1.3795299061504	0.878935032278739	0.569906276619374	0.995741732592979	0.754684319083032	1.886329977639	0.440939391981476	0.722319660483575	0.668557257176285	0.80611883015107	NA	1.17794088061099
1.75237541424906	1.7821930812344	1.67622885912605	1.444890052103	1.25773274953306	0.631089467775111	0.735539339614927	0.817756244820823	0.79843301222956	0.790938858859337	0.895476890632431	0.605131343428501	1.4653123371006	1.3896155890352	1.00068147259417	0.852322006277322	1.07326880352946	1.28165859959257	1.50485575470617	1.19756021352839	1.08351935665566	0.200159146866846	NA	0.582090058947898	0.491953014020647	0.641797261194454	0.358783645271987	0.443900747185725	0.346414894565075	0.706634713234231	0.683440377123464	0.33643772143107	0.443877629573312	0.468197037662526	0.615268979600713	0.212039186663312	0.347822800820948	0.657625761528658	0.433277506560468	0.724762388409692
0.951431277951904	0.718554480672378	0.772373675322519	0.629457168959112	0.613396695011578	0.450030050521592	0.669819695659078	1.07220162292562	0.488744661343265	0.447903142236955	0.670684139686805	NA	0.180243497821615	0.490643633807274	0.244886830722864	0.171805153114817	0.420067686318729	0.526642264423955	0.181087953678241	0.381809861279779	NA	0.364279097951128	NA	0.503176263762267	0.267641321491959	0.110745644055488	NA	0.230569697365092	1.21142608359965	0.443331750554988	0.226418847750161	0.937907634853848	0.303422195622569	0.795603327244087	0.901069703871855	0.512070143736559	0.916801120536574	1.37401428564973	0.692565030621368	0.539253638925349
1.73611916872339	1.4523280600073	1.09744371346163	1.28252749351424	1.50377626317143	1.57170631248438	1.46240001774883	1.40398200092623	NA	1.27398513293271	NA	1.19105426323964	1.188936016818	1.21955554833117	1.22216965274337	0.744952296938658	0.677952302781993	NA	0.690513857058283	0.866620586927368	NA	0.553734738365168	NA	0.371616292659699	NA	0.303567815499115	0.330998375698102	0.362856804991404	NA	NA	2.80914113424319	1.62317702898739	NA	1.03841174912371	0.88812039753183	1.11893933925407	NA	NA	NA	NA
0.985534522658522	2.03234422427541	0.617923497816213	1.89280992169657	1.09846565671197	1.87640343261669	0.827229220088535	NA	NA	2.40038767170264	1.83318574974003	1.98608422775255	NA	0.923280688020965	1.02125169034605	NA	0.629116146895822	NA	2.08008652005217	0.555975747702697	2.19104336312055	0.747215165845835	NA	0.326252695269936	0.316471577412579	0.369941132744704	0.375932216506921	0.599848208712999	0.787346388330186	NA	0.182486822656377	1.28421505357041	NA	NA	0.43751555189319	NA	1.01491036077317	0.536842802786827	0.661803591040009	0.477475312661715
0.598650131278657	0.673352148735079	0.999361006308035	0.609045367783839	0.494173647849106	0.52919388885418	1.08146834576289	0.764514757214776	NA	1.15104729233346	0.320006662626083	NA	0.982060128618899	1.06472581762944	0.843369577561786	0.334432149010189	0.486088566311526	0.926430077943523	0.525395064010489	0.801240438153039	NA	0.304742047406649	NA	0.34775938235162	0.348618278538999	0.330888920025908	NA	1.35860149201532	NA	NA	NA	NA	NA	NA	NA	NA	NA	NA	NA	NA
0.762506536658229	0.492248479208242	1.11626348557323	1.45707927294414	1.31321996043352	1.15976141215656	1.63834502071675	1.41030230481336	1.32450585429403	0.905928556116634	1.59566467130882	1.04342654421314	0.977479007698313	0.575389111132053	0.870178633371775	1.25952317189276	0.952583895132118	0.404886878475405	0.872011486235547	1.01266135578817	1.22506317898916	0.384460629527024	NA	0.289290342479103	0.440200648875664	1.05730293126052	1.69438845984651	1.29871656190984	0.854858615839974	1.13361475458209	1.2875003452987	0.970310807823729	0.758921808093716	1.31653361746346	1.09033957937424	0.918104711282294	1.10355206717772	NA	1.40081204440967	1.35141177312672
0.966001660808326	1.39575867708592	1.06429950664184	1.664757559134	1.47776700206479	1.46822895773153	1.14062850576644	NA	NA	0.968650181954702	1.56058973256582	2.19663209538032	0.698930917408345	NA	NA	1.10109525666227	0.651056342217018	0.628130606157033	1.09791276694704	0.948151770859181	NA	0.48451480953444	NA	1.61280949289948	0.425034230721588	0.545254866548422	0.666241765686325	NA	NA	NA	1.19699308832552	0.866285494378326	0.87723153710811	1.73761168355926	0.959901581056892	NA	NA	1.27568978397426	NA	1.25266970629171
NA	0.634121758369859	1.35444122748007	NA	NA	1.06424849315342	1.1341042158767	0.870355267616942	1.07837267285932	1.36755726497841	NA	1.27612806848339	0.582586004580142	0.954279469396584	NA	NA	NA	NA	0.423477331373754	0.628190972711739	NA	0.58584213142307	NA	NA	NA	NA	NA	2.32563797825509	NA	0.294979073522123	NA	NA	NA	0.45920030888844	NA	0.123743823447473	NA	0.696237953804789	0.0881304521899713	NA
0.87717666876881	1.19569194607024	0.667416657544873	1.044007916721	NA	0.661051380810578	0.540379453785302	0.399169499454289	0.511652025064736	0.664145376087306	0.685238364647801	1.02536795350506	1.30066793176045	1.12064332349517	NA	1.33691576486848	1.31586036884224	NA	1.27664729386534	0.145171830637213	NA	1.39506134215114	NA	0.147203465294604	1.44762709567159	0.371879167894526	1.04248171525496	0.736305008082583	1.67039946472331	1.85485883414512	NA	NA	1.62684637824849	1.35850312776459	1.9876071891966	1.11944596708561	1.35024187437133	1.47199954999826	1.91837435821936	1.77904331594092
NA	1.40803870329133	0.477255298898853	NA	NA	0.701377758664941	1.34477850158943	1.55454460835377	1.36390869814339	0.34669716984362	1.66502391209664	1.02145169298295	1.37424073280308	1.75513726281017	NA	NA	1.80594109051303	1.6063867400513	1.89491316964401	0.788509329339391	1.39895690548429	1.7133765611502	NA	NA	1.42415624332505	1.60370737100698	0.989809640101994	1.56907518470889	NA	1.70423748603803	1.62650334825126	1.13403999147466	2.11731660692004	1.46268101883425	NA	NA	1.53987951023293	1.44955740805094	1.89492294224812	NA
0.808668657552755	0.665475069782205	1.05515241989417	1.06844115079105	1.08099733191761	NA	0.613213696082751	0.902627024939211	0.630531815063365	0.362925950144833	0.315456815962593	0.510949203646981	0.597013273337197	0.537528517641902	0.755621798073605	0.611281866532172	0.583079814942443	0.572743166447183	0.551664207311545	0.609330503216045	0.857717780517496	NA	NA	1.49581027948342	0.422086881790368	NA	0.203113106648737	1.31416557896921	0.551362824500824	0.612093174362779	0.588022846184284	0.845200187110994	0.863214931566284	0.708398021999791	0.911812429705029	1.27623390920201	0.635236919481592	0.852672631936004	0.991681933200515	0.98030671636062
1.09533991846414	NA	NA	1.20341886791365	1.19171530192149	NA	0.884046698240401	0.898151676032007	0.832548915384555	0.997473471576698	0.796134852942158	0.399647444472759	NA	0.230856117016548	NA	0.377818432911273	0.952184869287505	1.06901830594987	1.40808992740649	NA	0.700827490026692	0.493181040573329	NA	0.863566609465797	1.09570585088905	1.39266723816484	0.828195741109622	0.82832781203402	0.692435802223254	NA	0.66781392356378	1.15897828433846	0.522034704852918	0.83787339341557	0.703539080648463	0.679842848421936	1.35153817102038	NA	1.13146026976581	0.873741609053311
NA	1.68845865073471	NA	NA	NA	1.32491736392506	0.967740741481987	NA	1.16288067728176	NA	0.479819310368496	0.927407729104069	0.974659823842741	1.09045702074162	1.04698478717162	NA	0.615020596940689	0.651829334303822	0.579835187071222	0.259966025167733	NA	NA	NA	0.660876228604972	0.646797471560383	0.818126427193592	NA	1.52685453779957	NA	NA	NA	NA	1.07085497157256	1.61444521878389	0.677166102032588	0.0646959539569363	1.12651178603384	1.22938759439582	0.445943939168789	0.701594558380332
0.5683980470604	0.86486134136761	0.559900187286759	0.869879869341637	0.299678679537714	NA	0.820850183059558	1.42511653258206	1.57407259018432	1.71259522219633	1.18731780272728	1.37891246092218	1.45955273870457	1.25347265378769	1.25623495407345	NA	0.822207404813097	NA	0.370970568146109	0.300369896908069	NA	0.179037929410987	NA	0.722920314730659	0.388666708412996	0.6622470817236	NA	0.713578495374776	0.959085239793263	0.941444589809382	1.05901824577022	NA	0.136111931350809	0.921756893783271	0.716310045438236	0.660935093770778	0.693066128339633	NA	0.926032167505093	0.296835950325463
0.912443568838566	1.4270476297174	0.625981901672046	0.445180380062427	0.393244882560365	0.407290600216095	NA	0.522169539550671	0.537612864625361	0.498917611670267	2.503118499817	1.12230681736419	0.623589800373611	0.904674402321185	0.834533311901058	0.730035694255665	1.29432270876087	1.61584666199191	1.19075111217437	0.456372661348841	0.884470107715108	0.226931521784638	NA	NA	0.617642272685362	1.1169740325383	0.397718784797714	NA	0.779453428555954	0.835844614766957	0.416978702309292	NA	1.18682289065571	0.563733009002555	0.557927526144884	1.1043985439454	1.23379224404367	NA	0.817329992579425	0.520574365490806
1.51587562405849	1.47537047024514	NA	1.21176534009009	NA	1.01017783076535	1.29767901708318	1.07988878666928	0.961300094858114	1.02879912829766	0.73909785974552	1.07219961617054	1.15759664752625	0.721381631495445	1.21252691498096	0.944601533849363	0.875183819547934	0.492194535653575	0.531768337723666	0.494583527044745	0.888195875202923	0.987965952203536	NA	0.7891242466164	0.353829677466421	0.694814167782522	0.961125120975815	0.246945024325481	0.441781683046072	0.585682303644663	0.529436508836309	0.577889189741835	0.858879253680793	0.95319716263504	0.668052730054471	0.219891940647929	0.576702602070122	0.452705922460359	1.14343184218323	0.999557499915227
NA	NA	NA	NA	NA	NA	NA	NA	NA	NA	NA	NA	NA	NA	NA	NA	NA	NA	NA	NA	NA	NA	NA	NA	NA	NA	NA	NA	NA	NA	NA	NA	NA	NA	NA	NA	NA	NA	NA	NA
1.12694806447978	1.01183389697098	0.904496864817721	0.941728331742866	0.842433087147281	0.671667939567196	0.862887096578859	0.802692987723331	NA	0.599395406820106	0.814874440815262	NA	0.717679427289193	0.356079448482026	1.34287390460024	0.640721917943971	0.977603153464616	0.600446274147096	0.571332295335687	0.788771800070788	1.35501934889464	0.620928182387893	NA	0.498625772282226	0.273411381216938	0.629928509825876	0.13400214521886	0.174370085009057	0.316217880757669	0.703969473675797	0.340885420169414	0.383710749426185	0.520648613812602	NA	0.674231567175261	0.730296538696749	0.380813834374467	0.898700307330052	1.08859621372956	0.917533162230765
NA	NA	NA	NA	NA	NA	NA	NA	NA	NA	NA	NA	NA	NA	NA	NA	NA	NA	NA	NA	NA	NA	NA	NA	NA	NA	NA	NA	NA	NA	NA	NA	NA	NA	NA	NA	NA	NA	NA	NA
0.834300501949674	1.01483339780735	1.13488745182863	1.1494679988893	NA	1.22052617137606	NA	NA	NA	2.14998684051646	NA	0.998430398369518	2.13310064663226	1.04629199327332	1.61850368963883	1.78466632958357	1.67073505181175	1.49366024747312	1.44038553099603	1.36550968286472	NA	0.754996675210572	NA	1.73802036613103	0.877411324318109	1.43232084497702	1.9265264527816	1.31395322637235	1.25210425841463	1.19105880143692	NA	1.53374908267139	1.0166140842873	1.98100935854694	1.87506284668216	NA	NA	NA	NA	NA
NA	NA	1.53876518598742	NA	0.564828592908098	0.567683020214478	1.29088625195072	0.610171088202444	1.07088525069429	0.930359358079946	NA	NA	0.448732020891071	0.474208278668961	0.419843683121308	NA	NA	NA	NA	NA	NA	0.130264440301994	NA	1.80999434892567	NA	0.0802054966002526	NA	NA	NA	NA	0.782726767526868	NA	NA	NA	NA	NA	NA	NA	NA	NA
NA	NA	NA	NA	NA	NA	NA	NA	NA	NA	NA	NA	NA	NA	NA	NA	NA	NA	NA	NA	NA	NA	NA	NA	NA	NA	NA	NA	NA	NA	NA	NA	NA	NA	NA	NA	NA	NA	NA	NA
NA	1.15542337985436	0.736503960665374	NA	NA	1.08520529894222	NA	NA	NA	NA	NA	NA	2.12696397775502	NA	NA	NA	2.35968772083916	NA	1.76096355713692	NA	NA	0.654886536622502	NA	NA	1.54474369514459	1.2630178161381	NA	NA	NA	0.600104380894492	NA	NA	NA	1.49268489878115	0.82513611608974	1.06163253021915	0.462610320289881	0.705970473614692	NA	1.16802413336213
1.35534635229805	1.63187504914318	NA	2.49095869729232	2.19434667996818	1.78104493926123	1.64600697269149	2.5506471019064	NA	0.929109939306689	2.60278186890447	1.59166163054805	0.931046521856865	1.4956750210682	1.77510969969622	0.412139191608466	0.640958184696875	2.53731995563702	NA	0.313802903365926	NA	NA	NA	0.733872529944126	0.745492713846824	1.57761373134679	1.51298434054184	0.645613692215489	NA	0.660603135511986	1.46178118873345	NA	1.00041072548054	NA	1.1753271544137	0.550786197189172	1.26619931529118	1.66163711037209	NA	NA
NA	NA	NA	NA	NA	NA	NA	NA	NA	NA	NA	NA	NA	NA	NA	NA	NA	NA	NA	NA	NA	NA	NA	NA	NA	NA	NA	NA	NA	NA	NA	NA	NA	NA	NA	NA	NA	NA	NA	NA
1.00869049048068	NA	0.970715899493531	NA	0.671648902194434	NA	0.852392827309342	NA	NA	NA	NA	0.630775589588228	NA	0.232916113632874	NA	0.583520738623057	0.576118000850087	NA	NA	0.752901474054476	NA	0.204022848512545	NA	0.456526319271454	0.741904116019427	NA	0.724640998284764	NA	NA	1.86957013770021	NA	1.30253202683253	0.518996558193072	NA	1.98625100080865	NA	0.717730115025272	1.46766047228704	NA	0.47978838840978
NA	NA	NA	NA	NA	NA	NA	NA	NA	NA	NA	NA	NA	NA	NA	NA	NA	NA	NA	NA	NA	NA	NA	NA	NA	NA	NA	NA	NA	NA	NA	NA	NA	NA	NA	NA	NA	NA	NA	NA
NA	NA	NA	NA	NA	NA	NA	NA	NA	NA	NA	NA	NA	NA	NA	NA	NA	NA	NA	NA	NA	NA	NA	NA	NA	NA	NA	NA	NA	NA	NA	NA	NA	NA	NA	NA	NA	NA	NA	NA
1.35442969101587	1.45921607948148	1.21085552250368	1.06518805385179	0.705289256799253	1.35348716266508	1.16019346822616	0.9387717455642	NA	0.414937390132823	0.268068699926777	0.824536710248849	1.01727077062989	0.908405024373676	0.968463668783537	1.0991395379166	0.892177134960879	NA	0.934073854968055	0.537306551926039	NA	NA	NA	0.448848975303927	0.558627113645334	0.817792630396724	1.2900902739251	0.634342848337675	1.09336630720304	1.13376567647576	1.13424376089142	NA	0.666039300281055	NA	NA	NA	0.258118716963024	1.63810756786322	0.874163186073073	1.78231541316689
1.36203270450467	0.744841520432012	1.07429370404145	1.59064445801879	1.42702151782793	1.14337235851381	1.11848158651979	1.16809613328344	1.35211974109644	1.47952570584614	1.43451851385181	NA	2.24004373143127	1.37899324300712	0.840709222466473	1.22284123765368	1.0261048075356	1.26941339125386	2.29821906705188	0.908348149023769	NA	0.688221844181158	NA	0.622206556840106	0.767586425756865	0.644409496662073	0.781643751358062	0.919612609030783	1.10930166139195	0.872003877924349	1.56896850406788	0.708115535700939	1.66547706168823	0.665138944475141	2.50059885965678	1.13815220266868	0.757362153436437	0.996923720752285	1.66970764714747	0.83867825188591
0.529625592452183	0.310189465562372	0.693312636361396	1.17012311770563	NA	0.542849753086972	0.601378714763632	0.672237689285813	0.523355778922542	1.005589064351	1.33812533278712	0.520597021598422	1.07855268231873	1.00383173931411	0.71208114822989	0.911369718715969	0.967326089701119	0.888790257602469	0.576416443147768	0.235044550696057	0.505877013441597	0.822620912339236	NA	0.334603290972401	0.264106488279175	0.426266178385171	0.526963714306614	1.22173510855146	0.390838650480045	0.428367084946615	1.11196116887885	0.302749046759603	0.513512953642305	0.664173354484167	NA	0.530219781249271	NA	0.819796300984751	0.665928099035504	0.425332766177422
0.603252861722483	0.788601502072167	0.55094126300803	0.569128645332798	0.781352320037281	0.598113762458682	0.941381166798528	0.767926361631407	0.814992058504521	1.33060794353047	0.847050618931024	0.708163829731449	0.652353791487829	0.718495526188078	0.699415165206681	1.3132270957585	0.704409765187673	NA	0.416146442171342	0.754698880345939	0.582648161554547	0.690340920074446	NA	0.17535293403941	0.481786002672333	NA	0.467112987253171	0.530492857760287	0.400181108572631	0.405651473071994	0.695937429350348	0.303420922314003	0.4071731080798	NA	0.238590786673663	0.911930352866856	0.726037293566813	1.42487084181527	0.532646738859427	0.44793029937914
0.410698050679923	0.45817307268982	0.414935978079811	NA	0.417000341071935	1.64154689804799	1.21636040876424	0.671658261763696	NA	1.37178031553053	0.17853423508793	NA	0.806402076424671	0.496792094876062	0.50533129015777	0.980608497448268	0.789943119758759	1.91416170073923	0.722801052273491	NA	NA	0.354525124346519	NA	0.466426054944976	NA	NA	0.955817507399431	0.771670475874702	0.483448251124223	0.829589696922107	NA	NA	0.875207761376872	NA	1.26749713422407	0.455297546267165	NA	1.74844984789367	1.80732263986172	0.87559381122938
NA	1.43460629663261	1.53207012906566	NA	NA	NA	NA	NA	NA	0.182107075692907	0.370520343759251	0.924660941671592	0.475398634764742	0.5218327971624	0.258791781940789	0.323277348609197	1.51219772612004	1.59668998052036	0.44399598820981	0.584666644160763	0.443945253519246	0.270076583742958	NA	0.96104133338707	0.472202184556378	0.61626131150288	0.624272063134122	0.624689034800839	NA	0.698732187446338	NA	NA	0.52519514037132	NA	NA	0.392892195906208	NA	0.679706907008529	NA	NA
NA	NA	NA	NA	NA	NA	NA	NA	NA	NA	NA	NA	NA	NA	NA	NA	NA	NA	NA	NA	NA	NA	NA	NA	NA	NA	NA	NA	NA	NA	NA	NA	NA	NA	NA	NA	NA	NA	NA	NA
NA	NA	NA	NA	NA	NA	NA	NA	NA	NA	NA	NA	NA	NA	NA	NA	NA	NA	NA	NA	NA	NA	NA	NA	NA	NA	NA	NA	NA	NA	NA	NA	NA	NA	NA	NA	NA	NA	NA	NA
1.87923533211268	NA	2.05692045342604	1.91800122287222	1.92855252938005	1.90801714618036	NA	1.49655091079554	1.60021571468123	NA	NA	NA	1.71006806267818	NA	NA	NA	1.73963313977864	1.50231685995249	1.56276750238866	1.52267823711724	NA	1.46228157112846	NA	1.24811534545436	1.15586267823585	1.4835568067818	1.23212658597589	0.428656697085587	1.10925171468586	0.953291055202824	1.58863243680489	1.11960891450596	1.09266505034241	0.658952890277633	1.02834017897137	1.27181755544768	1.49495892647695	1.40004565932134	0.969805912916562	1.66155017693753
0.531991600729942	0.618817759976365	0.677970761104799	0.475805735796112	0.376565968066836	0.431546207407796	0.445004001322578	0.393273856640974	0.448019927075216	0.877901805509939	0.71108900989904	0.731615560853523	0.758438465872618	0.455991017108818	0.462217238648538	0.855937783781053	0.40721790331239	0.468620004383447	0.338422935389409	0.281892613975289	0.301925193689752	0.5643931873972	NA	0.407788221863705	0.507387289536309	0.580246544238553	0.563150984669442	0.26411680164765	0.780442806294857	0.312515359130442	0.0957839172143388	0.827826623728471	0.325692157725372	0.646738174025179	0.475815772106679	0.745104654486955	0.520588275172921	0.505120616872217	0.584736030725938	0.523435926189971
NA	1.75742923163262	1.9466390512375	1.65829377136374	1.78022393040664	1.89833898330414	NA	1.8779995622954	1.76937202207787	1.88976593696949	NA	1.55261281292016	1.40338598148593	NA	1.6666098530333	NA	1.55388548349592	1.66915345539808	1.469629801574	NA	NA	0.744911923521409	NA	1.66904088521296	0.927262887899496	1.77694417833125	NA	1.69755266916439	1.73044923938855	1.57072920852016	1.69137401912944	1.95508710367995	2.04182655762758	1.10922387179931	1.03289965870565	NA	1.25763380395739	1.16398163278316	1.90188295307005	NA
NA	NA	NA	NA	NA	NA	NA	NA	NA	NA	NA	NA	NA	NA	NA	NA	NA	NA	NA	NA	NA	NA	NA	NA	NA	NA	NA	NA	NA	NA	NA	NA	NA	NA	NA	NA	NA	NA	NA	NA
0.323778749958005	1.55411248004954	0.321070046776609	0.440527928469061	0.538826650802183	0.421892357135051	0.850904407651781	NA	0.987335272045813	0.673724981003597	0.392942693599909	0.326085389992787	0.527814471036421	0.636317379492215	1.07251726467663	0.837050563414358	0.621218649876531	0.575379268676066	0.35316010509626	0.845002395100592	NA	0.617470272496753	NA	0.922229754363736	1.31924795933768	NA	1.26864832364085	0.786150734466562	1.48593317772193	NA	NA	1.03723925475075	0.707038853612224	NA	NA	0.642180722324857	0.555283716191459	1.48860724005274	NA	NA
1.65691783691517	1.76540777686245	1.80740837260198	1.46934525701694	1.3619424997998	1.41073989424195	1.20041283289128	1.41653707951559	1.34225501868019	NA	0.680465419465031	1.17816975316303	0.364961866631133	0.436484235934592	0.454387013523422	0.424585858034058	0.514099719195816	0.476886404453298	0.328864448851229	0.345300081997007	0.675175085969313	0.563282389773371	NA	0.652079095222972	0.637545457468657	0.510289495722972	0.667649373828135	0.6140214507555	0.579583168790976	NA	0.547068928203761	0.596297227298134	0.471281302773344	0.461544506491595	0.45749320408989	0.662406656889145	0.738077252673727	0.775023034029989	0.89019016191833	NA
0.391787061383321	NA	NA	0.389059807959833	NA	NA	NA	0.7322659215039	NA	NA	0.751166213924667	NA	NA	NA	NA	NA	NA	NA	NA	0.0211500180489873	NA	0.467559067928958	NA	0.331389887032599	0.611645034171701	0.853808031255493	0.231079578772362	NA	NA	NA	0.832372283674338	1.22175589097866	0.612295377265524	0.644799914743941	0.742520146960194	0.360834576751007	0.603766560538311	NA	NA	NA
0.949986451081335	0.733170253116196	0.595765380903921	0.393433012253482	NA	NA	NA	0.319143955481026	NA	NA	NA	NA	NA	NA	NA	NA	NA	0.120964227435421	NA	NA	NA	NA	NA	0.318783350008258	NA	NA	NA	NA	NA	NA	NA	NA	0.589879933628727	NA	NA	NA	NA	1.16498516856963	NA	NA
1.82470885532268	1.73129960266067	1.39612340802061	1.81024304174317	NA	1.64700765917663	NA	1.46327895262259	1.03110332676002	NA	1.16665139304605	2.58687137854451	NA	NA	0.714662309870371	NA	0.711719665889107	0.702796604935122	0.451020570205711	0.388361982915214	0.778996095451969	0.284144171901729	NA	0.626507521855829	0.467399373822561	1.36238888836644	0.95271612818493	1.25737115316953	1.274080153058	0.618016873340034	0.810685114976572	NA	1.27719638678877	1.0113422860865	2.30435088729434	1.96811260885996	0.963840623813975	1.59899377082444	1.788638827968	NA
0.848041165472746	NA	0.764021041064741	0.680145623879492	1.0813532954318	1.4583255728235	0.608876072418311	0.969847924309646	0.500610254475542	0.64925184980131	NA	1.11822996005974	0.84040803120355	0.533409052302066	0.30446192290426	0.474625274895193	0.60049206124348	NA	0.56232093863535	0.324406492853043	NA	0.202133549821214	NA	NA	0.391427673543711	0.253281189032562	0.687359013947291	NA	1.22231591879736	0.99867834903181	NA	NA	NA	1.20855441365578	NA	NA	NA	NA	NA	NA
0.434112956163154	0.572678624812853	0.972393924306903	NA	0.649200890150942	0.472387731361443	0.45553583216104	0.591821041837413	0.292518682099745	0.601445852164633	0.524313815951828	0.577822481256191	0.381764348286032	0.500008974836305	0.68245526915578	0.23139688769854	0.571443975064222	0.310460579021665	0.336067020493623	0.410676377874405	0.445937882912458	0.415480885984254	NA	0.578179924957538	0.617851238203342	NA	0.356942352975172	0.680624908194982	NA	0.696786978089899	1.05469952117933	0.983330434069127	0.735529418010625	1.06263160612802	0.803941045843141	0.886800841395567	1.40102818117772	0.940873299541617	1.56086972213591	NA
NA	0.684304015840231	NA	1.30422515418531	0.800978386254821	0.944337608961016	1.31745415008371	NA	0.357737630583979	NA	0.6593894898304	0.636884817479145	0.344672037776438	0.253139831879773	0.434007398931999	1.23613649538555	0.531587797435807	NA	0.175613259088644	0.401776795395965	0.888814739185092	0.323743282343296	NA	0.522173032542484	0.313927291188948	0.392928476257711	0.185088123198988	0.612597015090157	0.315545627883584	0.343893832827451	NA	0.437432810383579	0.308312296333978	0.181805783879538	0.428436599090426	0.181363152419707	NA	0.493040865206257	0.668277928181766	NA
1.41221935620865	0.553528616695491	0.59382443437067	0.458127139297511	0.220124564848573	0.547974889005043	0.381725887404577	0.43647364042529	0.390129148845529	0.592816525989578	0.055665159358421	0.31079451138732	0.202659876196575	0.319835765834062	NA	0.58927497431771	0.542512945152438	NA	0.588084058442094	0.358804753257376	0.805506305646618	0.67300404685849	NA	0.516620588251659	0.58654139631557	NA	0.413138223617757	0.562244576863019	NA	0.895687946744181	0.613147150197161	0.604603064967002	0.658094160546476	0.957201608749953	1.05778555563561	0.889622751216709	0.733909840501528	1.04124482259591	0.992353117513467	0.306671447322972
2.47604313461101	NA	1.65349346855558	2.17227252872677	NA	NA	NA	1.1986762787003	1.14385349000998	NA	0.789456235754468	0.733928732074852	0.68729544007388	2.70140017752744	2.78159755812188	NA	NA	NA	0.144868889501901	0.197916514002159	NA	2.38170077169223	NA	0.34956275180142	1.07671431852279	NA	1.97633487361103	NA	NA	NA	NA	NA	NA	NA	NA	NA	NA	NA	NA	NA
0.956133198968436	0.952258854944395	0.893459301575412	1.04329717932069	0.9459500206494	0.701116127879991	0.777528816786746	0.526120196604536	0.958869281215659	1.15824711831368	0.419542773699301	1.08207034316754	1.45239723725877	1.22617059734007	1.70881048982307	1.70753735499725	0.944613805537919	0.578108179115428	0.522161031896972	0.717330052691939	0.832850001986549	1.88463838834613	NA	1.80318073318356	0.665376646556411	1.52369344026713	0.883871355138891	1.82706603028645	0.547324267485604	0.535849830069832	0.938784637794748	0.760301597989597	0.370584915177256	0.569742090878889	1.36122167973098	1.35854462791183	2.40194725533566	2.1119313009125	0.520676294005665	NA
0.478648916776003	0.415270857257868	0.58323960215606	0.690481207438967	0.620660834589193	0.498101723832099	0.36572274395016	0.341716282084195	0.254543491334968	0.415863033229054	0.770296730425985	NA	0.189775803988579	0.310378807288298	0.37032831268202	0.382402740601589	0.341093146822773	NA	0.240405884927527	0.304849139108816	0.314287892683395	0.222196250310847	NA	0.924339910246193	NA	0.418642408554221	0.720188508054533	0.894044655015702	0.678013703258334	0.58098078869501	0.350587441463446	0.684740402870518	0.656560398867434	0.400722711444985	0.637711467917174	0.905160028671816	1.431675087544	0.959035263135464	0.610258511056832	0.429884868458402
0.910758791448333	1.50424526881427	0.553792695084307	0.640290173378811	0.902091595369543	0.890127654039357	NA	0.287178058122862	0.18359778396795	0.446842733052116	0.778847301833095	0.155919365038818	0.478183310418453	0.283802409906586	0.576947190310611	0.293817245949189	0.955548409530051	0.821009081639607	0.528004083905381	0.486796591920133	NA	0.405693276706822	NA	0.383267134049668	0.392984716177192	0.600236801696537	0.304521118090981	0.365881539048957	0.305719821516933	0.224594690975968	0.578488317440264	0.643369415244605	0.450416073780659	0.290697396207262	0.642433115936477	0.931648374275514	0.275650797518311	0.728346730104594	0.796286236726146	NA
NA	NA	NA	NA	NA	NA	NA	NA	NA	NA	NA	NA	NA	NA	NA	NA	NA	NA	NA	NA	NA	NA	NA	NA	NA	NA	NA	NA	NA	NA	NA	NA	NA	NA	NA	NA	NA	NA	NA	NA
NA	NA	NA	NA	NA	NA	NA	NA	NA	NA	NA	NA	NA	NA	NA	NA	NA	NA	NA	NA	NA	NA	NA	NA	NA	NA	NA	NA	NA	NA	NA	NA	NA	NA	NA	NA	NA	NA	NA	NA
0.553548764068571	1.14712616552617	NA	0.327403187226333	NA	NA	NA	NA	NA	NA	NA	NA	0.304591233470703	NA	NA	NA	0.513652499483634	NA	0.371471071793591	NA	NA	NA	NA	NA	NA	0.374529487617988	NA	NA	NA	NA	NA	0.791170095107021	NA	0.724730567739322	NA	0.448500032860776	NA	NA	NA	NA
NA	2.36024675249173	2.84398727878312	2.47907401358628	NA	2.37618706754997	2.60974627141417	2.38009383620389	NA	NA	NA	NA	2.7986930135792	NA	1.63102985638756	2.12301848365805	2.18381378118148	NA	2.19310074223684	2.08844177310996	1.21261970290542	NA	NA	1.74597193034439	NA	1.88329036695657	NA	2.3871337483609	NA	1.97618438335422	1.60272414783571	1.21316605159006	2.18656761454495	NA	NA	NA	1.29884044340821	0.56894430397478	0.673798738230047	1.37625122007348
1.72176441496121	1.57724609920212	1.43779228892742	1.72262765474308	1.56474799606662	1.5902114056944	1.50565573826822	2.19795510031377	1.88642912473175	1.81921543319025	1.84453399129143	1.5814495591331	1.42312472068851	1.59684029873402	1.63888321074498	1.30295058026232	1.80594127239946	1.89904776945901	1.57429673922788	1.48982417852319	1.89076654940085	1.60863708969761	NA	0.397738328033609	0.481358680483982	2.40503204616663	NA	1.04059333887034	2.19022396722948	1.27154362618488	1.06581254014084	NA	NA	2.0831848701631	0.969106049868309	1.62472615533742	1.44907068227588	1.43869494182604	1.34149889191184	2.16064652853666
1.09501428406609	1.04320083041727	1.11993850515287	0.974468106753012	1.18015703130841	0.86584298041719	NA	NA	NA	0.890438780220139	0.859442491823616	1.04365569558431	0.797090471762057	0.647818432868507	NA	NA	0.978102153103917	NA	0.875025955227441	1.15396290386879	NA	NA	NA	NA	NA	NA	1.3549158589552	NA	NA	NA	1.31285921498623	NA	NA	NA	NA	NA	1.24766034982356	NA	0.877324077776722	1.23238164811141
NA	NA	NA	NA	NA	NA	NA	NA	NA	NA	NA	NA	NA	NA	NA	NA	NA	NA	NA	NA	NA	NA	NA	NA	NA	NA	NA	NA	NA	NA	NA	NA	NA	NA	NA	NA	NA	NA	NA	NA
NA	0.96480991260226	0.84266365922698	NA	NA	NA	NA	1.20031680078078	0.622522619193134	1.84824580111825	NA	NA	1.95099351866535	2.02624815520683	1.77455350279448	0.409168917554144	2.38393460432472	NA	0.574178183048476	1.88451047590752	NA	0.737725655974938	NA	1.13140556967565	0.213579455959925	1.41076750891273	0.508544935257022	1.88548309928761	0.778171532675666	1.91530966380769	NA	0.375487112799363	0.777576369621028	0.274711267335902	1.96832865367326	0.422712547508033	1.70584698367407	NA	1.91847154363468	NA
0.953753121748829	0.933474391439851	NA	NA	0.683276708930101	NA	1.33743703192399	NA	0.585615930934112	0.958525854018631	0.983250617176215	1.60894694812763	0.314435382470939	2.09432997949453	0.546081183623303	1.08314292664386	1.3285251492746	0.942061823498421	0.366335462002003	0.0266861510708002	1.60423577069888	0.522105588915103	NA	0.403912467293257	0.401149372523921	0.236352368284263	1.00614825303925	0.733759788100712	0.773412763768868	1.56453777690104	1.44134212798467	1.23959504495009	2.42947858860167	1.34430846613591	1.41722039807875	1.68017455486312	1.82289703593641	1.55062333696061	2.00320701061474	2.18049497497914
1.25029587232306	0.677630542263058	1.32980990399001	NA	1.54219847350147	NA	1.58475932271868	1.07856055175181	NA	1.30966711836912	0.780236356788473	1.08903169243506	0.755359153043384	0.372626139103643	0.450078726935073	0.583295513460879	0.493219753516801	0.913614540821475	0.425834448199509	0.556872783692546	1.31347904956854	0.477267261952794	NA	0.368726472181636	0.706705144445609	0.675545566581975	0.523383175465858	0.638692736274337	0.566622824959211	0.306527316044508	1.25436596002822	1.07171056678013	1.15667102865645	1.19067569207964	0.568249439298697	1.04392481964573	0.423743809586806	0.771851735352269	0.574271576483977	0.193282877820567
0.402327794936528	0.246313963486639	0.528914735732503	0.570897389379205	0.810545860075558	0.853367172791115	0.326858626584591	0.584953526015616	0.573099119766142	NA	NA	0.456684837677425	NA	0.14703481425821	0.413802221110129	0.41286335640222	0.231707930584089	NA	0.195554189556033	0.630910160759734	0.343289054797912	0.260338056654943	NA	0.86776767469941	0.466904453647954	NA	0.312532704984389	0.90998878876188	NA	NA	1.01466608372544	1.54942994872578	NA	0.940823126968732	NA	0.958158603941907	0.725935227778808	0.725836086900322	NA	1.05675503017941
0.61632869609866	0.971703282549593	0.574420496113951	0.70494448172645	0.966210892824731	NA	1.09657256091095	NA	NA	1.12677834642382	NA	NA	NA	0.770268358778762	0.292472469916748	0.286831772921811	0.170713540473548	1.0138567635246	0.345521012161298	0.254235252683636	0.667468130283376	0.432086638828177	NA	0.573988990122782	0.279308300956013	0.26426798170921	NA	0.89139988034167	NA	0.730172773617136	1.52028642014803	NA	1.27921242021916	2.00134664201606	NA	2.17377465280342	2.03070344089686	1.66633300172382	NA	1.78844940015774
NA	NA	NA	NA	NA	NA	NA	NA	NA	NA	NA	NA	NA	NA	NA	NA	NA	NA	NA	NA	NA	NA	NA	NA	NA	NA	NA	NA	NA	NA	NA	NA	NA	NA	NA	NA	NA	NA	NA	NA
2.05476656631752	2.09031697988265	NA	1.73593707911961	NA	NA	1.69238761333063	NA	0.71692799317268	0.863435254849079	NA	NA	0.496849940839223	1.44473826816298	1.49530625591435	0.526126706465786	0.739579580161042	NA	0.288077059717482	0.266196359242309	NA	0.429177424761067	NA	0.775399386456334	1.18586878377217	0.904023943324709	0.81478489760846	0.489858873218317	1.11731640568383	NA	NA	NA	1.70819616179757	NA	NA	0.964328626030947	0.870892684554998	1.09023245448643	0.968401696632802	0.649229702784907
1.3241220040319	0.821278480636335	0.779303574910093	0.956026792534917	1.89712259761033	0.644351762641675	1.21900406765877	0.646086898101317	1.53069458891403	NA	1.05159116459191	1.38013960995846	0.50142554271115	1.03844969432148	NA	0.875371139416035	0.68928751645469	2.11994104407789	0.543069477659851	0.693212525658311	NA	0.121242625028625	NA	0.641131722489323	0.119612032042247	0.425830753926396	0.49264737296271	0.594798503756516	NA	0.568650770431433	0.455652490184429	1.15221651861291	NA	NA	NA	0.431873290647073	0.669850774681561	NA	2.36642139756745	0.845485062420815
NA	NA	NA	NA	NA	NA	NA	NA	NA	NA	NA	NA	NA	NA	NA	NA	NA	NA	NA	NA	NA	NA	NA	NA	NA	NA	NA	NA	NA	NA	NA	NA	NA	NA	NA	NA	NA	NA	NA	NA
NA	NA	NA	NA	NA	NA	NA	NA	NA	NA	NA	NA	NA	NA	NA	NA	NA	NA	NA	NA	NA	NA	NA	NA	NA	NA	NA	NA	NA	NA	NA	NA	NA	NA	NA	NA	NA	NA	NA	NA
1.37575735450723	1.08352685643496	1.2650481074203	NA	1.43674154338924	1.20411302203655	1.44747349275329	NA	0.6779700723175	NA	NA	NA	NA	NA	0.924762437116379	1.47508835130302	1.69732907593959	1.13558391954457	0.634878810083214	0.845660749293059	NA	0.725216290061833	NA	1.88632963311846	0.930938389438609	1.04393228146005	0.637100402737633	NA	NA	1.93825001393734	0.625704351606671	0.65502063882555	0.826488062804402	0.647771627056613	1.48895394448928	0.487258832145976	0.27056047163277	0.521406103086061	0.0466336461373832	0.229139490585594
1.44904047691874	NA	NA	NA	NA	0.755234954903058	0.639279855029242	NA	0.351182828338953	0.317475509041598	NA	NA	0.748725990760899	0.853785021756429	0.598703492385552	NA	0.59144449143321	NA	1.13450948350826	NA	NA	NA	NA	1.44515261954472	2.12504050162736	1.4446648393904	NA	0.733828290256614	0.498689945895553	1.03340966005104	1.03340187526235	1.12879696624727	0.768238537961949	1.11008612678064	0.962910272630924	1.19406694430719	1.15484568677131	1.57443073310323	NA	0.981288830600714
0.828777942933093	0.54666032958221	0.939284429987628	0.580635092305	0.458369423136846	0.673394018346697	1.20677394174698	0.825556596876437	1.209316850713	1.37432416289311	0.78947479366832	0.807979964358674	0.415534741977459	0.484821615321413	0.381708889877056	0.992159036739962	0.90151152964012	0.970375042759222	0.827788579888775	1.10148004714102	0.494269462821981	0.848731782736978	NA	0.812806865854486	0.713490974825005	0.822181979569385	1.39687377137309	1.1760002473227	1.23223423830486	1.34538696662069	1.26913230290867	1.10402026415695	1.8820138018737	1.111921969374	1.17076622015825	1.09702891709656	1.19980260877677	1.31264588464399	1.52048686506252	0.786434648320713
0.532569119191969	0.665571215641157	NA	0.320098970586297	0.628300717378737	0.644196352815286	0.609167819269359	NA	NA	NA	2.07568593427347	NA	NA	0.46179035455401	NA	NA	NA	NA	NA	NA	0.584961344580759	NA	NA	0.538546229329255	NA	1.38767583736568	NA	1.76376726074681	NA	NA	NA	1.34447028227941	1.86158260310893	NA	0.189622618662479	NA	1.31622594158695	NA	1.52428561513548	1.99944376947314
0.450500788854301	0.379823427150434	0.59076919101195	0.0961414611012674	0.482514634952636	0.43314014265589	1.10502744770469	0.989963872443308	1.07607065275352	NA	1.06111324160458	1.12437400783472	NA	0.5686533709322	0.564729831669381	0.413599583614644	0.296547096761027	0.64375243581785	0.331460293915729	0.138168493443894	NA	NA	NA	0.425838493644696	0.276469644847206	0.0736535176938297	0.0589629038065057	0.36483958308626	0.794988755149206	0.922872568963829	0.812594119903208	0.85422834680914	1.09769055257413	0.969778679361086	NA	0.472664545213603	0.683075014651099	NA	NA	1.12216442459877
1.33683387626081	0.876253167180671	1.04116503713554	0.804978014752937	0.801342233740968	0.645656512105533	0.66777383708693	0.256988857143553	0.387383046871485	0.402784692756814	0.577570141172143	0.305486097667835	0.339913983744593	0.179219132747419	1.39693612454233	0.187354680261907	0.184939121095654	NA	1.65095241809148	1.02983771969751	NA	1.73771878801232	NA	NA	0.295250321025313	NA	0.7521041928513	0.833355585721439	0.889543771813559	NA	NA	1.15662051846549	0.938865703470359	0.786809800923556	0.883755348246034	1.16984137662697	0.99942651510088	NA	1.66163478543453	1.39347611881965
0.689243975142472	0.182319102439137	0.251771195366847	0.484361307346	0.359096787366143	0.628711229968115	0.572165665135787	0.746291657883533	0.638913135617237	1.10162010242513	1.07816502210187	0.67791029438229	0.214302790926905	0.896876723307294	0.560864679461092	0.58079006087887	0.474032310793551	0.766187021866773	0.467979666796788	0.362177748918807	NA	0.197751349255388	NA	0.24446331044574	0.515806082449323	0.318299780737341	NA	1.62170283053761	NA	NA	NA	NA	0.31166408086211	0.756022511460924	0.809999353680673	NA	NA	NA	1.59562719067131	NA
NA	0.85397518995513	NA	0.62882599425732	0.548586481345415	NA	1.33363770631301	1.07140386553133	NA	0.634510125245748	NA	0.942462692787154	1.12559119541515	0.226544263229069	0.688247270995259	0.649464770305029	0.525551335339971	NA	0.323915421412672	0.381915432385315	NA	0.119857248625739	NA	0.576508591881634	0.956237179688472	0.570463968369322	0.466380609563053	0.47882989603563	0.715921223415428	0.61918644805839	0.51991617035547	NA	0.480834614049727	NA	NA	0.637231801789439	0.726421318870282	NA	NA	0.486673197735058
1.67140573231961	1.93015425061731	1.60753058615028	1.6611065381151	1.51525630347334	1.85434667312894	1.62317886391391	0.983861881745114	1.90330217341898	1.0262040449819	2.15291866596459	1.80331798505176	1.72573990132848	0.585508231928278	1.75427953808242	1.05210673055489	0.687499466205866	0.473194945840247	0.72912858546594	0.372144811799274	1.21245905049906	0.634263603670605	NA	0.494534292630526	0.251599684752869	0.288689895790634	1.13714618849882	0.664818916620832	1.02048109176121	0.98554319762758	0.88719463370586	0.449117614311155	0.663005400728923	1.8583152548525	0.821914632993607	0.35576514239266	NA	NA	0.858801576857998	0.823230897879715
0.420887511502758	0.406322590243733	0.220765248413485	0.657390369735693	0.834058233009585	0.586150663102802	0.710180075939841	0.926776411690096	1.46938936717936	0.529285318863975	0.361493078739143	0.338305010507767	0.143555313722462	0.456381467222389	0.371880764729435	0.572725013346008	0.676837928352262	0.31361327864568	NA	0.929267902508117	0.268851100947352	0.983700065361375	NA	0.7147909930471	0.320225014489325	0.375607140302814	0.773285849304905	0.969104555720049	NA	0.442087009985029	0.648717316634058	0.299480995357713	0.403567190109013	0.314900800245475	NA	0.53359889476967	1.00160105087822	0.315738329721318	NA	0.618179058280926
1.89684840433914	1.5365640872721	NA	NA	1.17644704416132	NA	1.06226210177242	0.841842005699772	NA	0.829220337721619	0.875295346367745	0.37600665393461	0.292746324019933	0.612114580922553	0.742713796909165	0.716272214346065	0.832458655116962	0.493623104386206	0.932895406367963	0.818114950585935	1.19559197926408	0.370351558942636	NA	0.258253619395239	0.283592950883669	NA	0.427198379279172	0.384417667276578	0.50715762298524	NA	0.670150968285789	0.476385583600133	0.455416660544859	0.50807087312978	0.811679499851869	0.623161949252557	0.721529222688103	0.731532073227563	0.640779017149658	0.593226205173626
1.40099050307334	NA	0.646773919988582	1.358892018208	0.749346987425565	1.21053516275647	1.6015410862268	NA	NA	NA	NA	0.660624526543625	0.578219365433283	0.795482967950645	0.835002689034229	0.90279436528947	0.840687481875403	1.38405867735295	0.512052804203772	0.60507137513971	NA	0.326563883869215	NA	0.196792723652534	0.271041334953081	0.465790360661758	0.852453610404615	0.378141252436383	NA	0.325545900435825	NA	0.733078905018197	NA	NA	0.4384512817458	NA	NA	0.977793709875067	0.947292529603392	0.963059521310764
NA	NA	NA	NA	NA	NA	1.37453648092729	NA	NA	NA	NA	NA	NA	NA	NA	NA	NA	NA	1.34764495622268	NA	NA	0.624367191632496	NA	NA	0.486417837150751	NA	NA	0.433546942976035	NA	NA	0.403403117104071	NA	NA	NA	1.74483268786751	NA	1.24592887978539	NA	NA	NA
NA	NA	NA	NA	NA	NA	NA	NA	NA	NA	NA	NA	NA	NA	NA	NA	NA	NA	NA	NA	NA	NA	NA	NA	NA	NA	NA	NA	NA	NA	NA	NA	NA	NA	NA	NA	NA	NA	NA	NA
NA	NA	NA	NA	NA	NA	NA	NA	NA	NA	NA	NA	NA	NA	NA	NA	NA	NA	NA	NA	NA	NA	NA	NA	NA	NA	NA	NA	NA	NA	NA	NA	NA	NA	NA	NA	NA	NA	NA	NA
2.16817201860893	2.31423327929483	NA	2.44549284761537	NA	NA	1.89868532705969	1.67091902514489	NA	2.60578178062427	2.59711739912776	2.39746740723154	NA	1.61463962343388	NA	0.405714491472542	NA	NA	NA	0.532040318739804	NA	NA	NA	NA	0.737868099932635	0.691013550977611	NA	0.628668790191573	NA	0.756986693638208	0.909684972369551	NA	1.01731618236619	NA	0.971426428750514	NA	1.23893258451693	NA	NA	0.638634066858611
NA	NA	NA	NA	NA	NA	NA	NA	NA	NA	NA	NA	NA	NA	NA	NA	NA	NA	NA	NA	NA	NA	NA	NA	NA	NA	NA	NA	NA	NA	NA	NA	NA	NA	NA	NA	NA	NA	NA	NA
NA	NA	NA	NA	NA	NA	NA	NA	NA	NA	NA	NA	NA	NA	NA	NA	NA	NA	NA	NA	NA	NA	NA	NA	NA	NA	NA	NA	NA	NA	NA	NA	NA	NA	NA	NA	NA	NA	NA	NA
0.501091044647679	0.429970935573106	1.20338797355662	0.792166956474551	0.702522742176932	0.801634022483711	NA	0.678063012712866	0.927502255397524	1.20327929768633	NA	0.609832988669783	0.731419811674906	0.495850824954329	0.538268252046176	0.460306010432243	0.358556960505452	0.852484965531491	0.309557706980181	0.361995853361073	0.895643517731022	0.296765304387269	NA	0.341866291265273	0.281289404737094	0.575976458535904	NA	0.772836264875958	NA	NA	1.02084442094384	NA	1.60119170598287	NA	NA	0.566310328907045	NA	NA	NA	0.639665031152343
2.14726481386512	NA	0.445418010442288	NA	0.406325268984033	NA	NA	0.664352395157949	NA	NA	NA	NA	NA	0.53288764831455	0.474695544115209	0.546859927567699	0.908665157750614	0.548274505044889	0.566337596929678	0.198825588670446	NA	0.360330788779363	NA	0.309095944991635	0.21623727585978	0.376220160307955	0.376896163330956	0.583183976892052	0.387944046676677	0.280806985226134	0.437257376593136	0.168269435760002	0.37851536224917	0.205361465303497	0.862959702607469	0.670807928349161	0.552414460574636	0.392472471280696	1.15498384360136	1.06559057494497
NA	2.4835545177697	3.0539955594799	NA	NA	2.56421371530085	2.82374986663575	2.88163479841789	NA	NA	NA	NA	2.49432344935367	NA	1.76796643693407	2.23855371302829	1.82962416337753	NA	2.20050914369487	1.72224505202993	1.73463061070657	NA	NA	2.09020511938947	2.62181270363719	2.55919051076735	NA	NA	NA	3.01915680855699	0.923605324921639	1.89113487933397	2.39229141861272	NA	NA	2.16258365694116	1.73331260700964	1.46358665097721	2.16298470283812	0.513633748597423
1.15803950342119	2.1708093879446	1.8036608903585	NA	NA	NA	1.44920474468506	NA	2.0019907078151	NA	1.74510449807465	NA	0.972971700541209	NA	1.79484225703977	0.530302227497597	1.55317719732761	NA	0.401155015112826	0.469734085211044	NA	0.471062835898643	NA	1.92069737777781	1.76310095067535	NA	NA	NA	NA	NA	NA	NA	NA	NA	1.71561508174333	NA	1.13522289221107	1.34805652985398	NA	NA
2.13087537795439	2.01107509323504	2.17868071506402	1.5445498058636	1.60029927137257	1.40314253819801	NA	NA	1.51423383563447	0.949423774392961	1.21576482248679	1.13165424823417	1.03145964458717	NA	NA	NA	NA	NA	1.65458603526316	0.607561305344531	NA	0.893701965671556	NA	1.31167903118396	0.577944388283016	0.631089465012882	NA	NA	0.807122802790303	1.15641640940163	NA	1.24848100340946	1.44216094901237	1.13592375723059	NA	NA	0.930333678098556	0.966743962434004	NA	NA
0.676523463573577	0.152190838058286	0.388593581171906	0.431117604169137	NA	0.564505965205651	0.68513705071483	0.429932880423899	0.69296017368024	1.07423040620512	1.18900228650746	0.402103741133912	0.585344004318988	0.480110190294381	0.548565165938645	0.832592460431398	0.901993944696133	0.81691168852285	1.20003349917661	0.465063545300973	0.8746870716197	0.269880579973454	NA	0.155810682753209	0.287071510864651	0.598308076769594	0.606916753340553	0.702286991731868	NA	NA	1.02401605146268	0.314016060066834	NA	0.421405190525369	NA	0.412030684802534	0.469922192050965	0.381994184337766	0.563420122862138	0.607331954630148
0.830074555114805	1.24728027340705	1.37635060646491	0.797594290814959	0.519829691780709	0.667512689608368	1.18973200532217	0.42772302549436	1.59114795447708	0.60196974299051	0.529425293655311	0.108765712953192	0.892550731534753	0.862835508651669	1.21067920084978	0.323863185816766	0.498521222738244	0.563242099984491	0.489454227603257	0.424572232904323	0.488484348007724	0.254950369497184	NA	0.244078348912768	0.255777044979873	0.428074065200795	0.534648398582153	0.82983705188532	NA	0.516019413886081	0.671454870750304	0.683612617670438	0.33699530988193	0.551044722658652	0.960793626200883	0.151194125305955	0.884277118545838	1.21878155964255	0.672770324056977	1.19719776892975
0.268003156843594	0.497487238219939	0.431053384453869	0.221394870754303	NA	0.412602658197533	0.781899798195463	0.506859741179064	0.949463958919072	0.476321263564701	1.29533176092076	NA	0.667513544202532	0.559372326253738	0.265648881308559	0.548854468174759	0.710829238290019	0.479213437042335	0.428942880815886	0.228797011674865	0.821372957453474	0.0954327261347068	NA	NA	0.881101863489611	1.57536846313573	NA	1.44094646183782	0.537771471714483	1.07453907433829	1.14601919694769	0.197729323359493	1.00973447615795	NA	NA	0.930673394215705	NA	NA	1.6009737123461	2.33339778040093
0.56106024927874	0.817746335200322	0.785098428513129	1.22598358737566	1.36436035848417	1.2156812261366	1.39224745555804	1.0063565998081	1.14711028259733	0.825808392311843	0.292282878832737	0.530309725892329	1.47980562675381	0.760552598014086	0.77158030307457	1.02374387031852	0.924980605971093	1.02141556865364	1.41402179539101	1.97789792573298	1.00271309531983	1.00509052405652	NA	0.849386860843829	0.59302316741786	0.928105574941133	1.1308895996893	1.6972641124005	0.665627171935803	1.54193453146983	1.9438709324564	NA	NA	1.77060551539535	0.8472591514183	NA	NA	NA	1.8407929233492	NA
1.83799154018159	1.45635230496657	1.03841791433972	1.92187795072069	NA	0.865759613452628	1.25547237015034	0.802769459686969	0.722864559615485	NA	0.4975762268187	0.894886771060039	1.02619833559193	1.3083128579426	0.930201542778428	0.939105552167074	0.809760527922218	NA	0.622121306928399	0.776435183696287	1.96773532981978	0.607107260073471	NA	0.151574452848566	NA	0.265976467397706	0.245346498657918	0.426243913042194	1.68073953147219	0.180419336743977	0.503709861371912	NA	0.677586030831833	NA	NA	NA	2.06242489815407	0.56670624450258	0.373407446527769	0.96103197498329
0.809155525020424	0.721210453489347	0.851337893422695	0.975112079236295	1.49162359793726	1.06369572841435	0.374119767015645	NA	1.37629613258828	1.21071247062692	0.813829760105919	1.20668917144043	0.918891027795853	0.746581966670008	0.493792628859929	1.10843770365955	0.835010457633707	NA	0.206215980223842	0.528997620670287	NA	NA	NA	0.729961414238584	0.233495115876781	0.544073810245383	0.854926091574248	0.763669864543278	0.788639890102569	0.360231862849401	0.825043652348458	0.346522635668133	0.520016435869128	NA	0.867915036122628	1.4156517166216	0.668701592628313	0.50041130311139	1.67733199779042	0.759750840293329
0.540883732064733	0.55625856176298	0.640549372099456	0.182471278518413	0.82572133038944	1.27205928320055	1.30332190660256	1.03310522740208	0.545432494012663	0.588216565955551	0.982597864568998	NA	NA	0.711753707820047	0.795741406838412	0.251927785913419	0.541775540798077	0.515243449732736	0.398849014989375	NA	0.42102056525571	0.365947289425498	NA	0.304180567921249	1.20322620087921	0.480251132386737	0.582567084680099	0.576900828372695	NA	0.31370362619167	0.785194389799528	NA	0.517940083862925	0.744193700011307	0.118499182003527	0.785804062590403	1.89276386513591	1.59632144464812	NA	0.896788940878707
0.592786775854088	0.535006626990409	0.366227206991317	0.288228445693618	0.156421637607752	0.794114196629671	0.320204215432142	0.826218483868882	0.368448006934298	0.59168187928703	0.714308089194735	0.741081428165832	0.657078541371026	0.870828359233095	0.728459221771899	1.53276610739804	0.642764986449097	0.441180134045922	0.128374979739529	0.0794252995028883	0.235389670251667	0.475109271752971	NA	0.321981585364844	0.423317477296579	0.491054849720641	NA	0.764024804334303	NA	0.439969095603274	NA	0.547669431279998	0.352321129321786	0.0736999226866889	NA	0.21698090521647	NA	NA	NA	0.768473022791834
NA	1.43543653369407	1.34535158273118	NA	1.21167736064784	1.34067749458035	1.57932175349786	1.4568317114057	1.43680493192549	1.52087857705495	1.438785014043	1.29433472714075	1.10531345663275	1.25585757507085	1.28372027257715	0.972354925972039	0.677150580743625	0.955971696774737	NA	NA	NA	NA	NA	NA	NA	NA	NA	0.228214604849386	0.0503771759568569	NA	NA	0.776064434320241	NA	NA	NA	1.48160152744033	0.89067038564712	NA	NA	NA
NA	1.81896705531037	0.865573909265953	0.328794636049318	0.416777747046064	0.160834244442944	0.712779170435721	0.648353316551386	NA	0.585334995022979	NA	0.436233037457415	0.779530922919929	1.81196770286335	0.643843189977006	1.35659905889126	NA	NA	NA	NA	NA	0.362597191904178	NA	NA	NA	NA	0.748419367959787	NA	NA	NA	NA	NA	NA	NA	NA	NA	NA	NA	NA	NA
NA	NA	NA	NA	NA	NA	NA	NA	NA	NA	NA	NA	NA	NA	NA	NA	0.728274044914484	NA	NA	1.10828877770493	NA	1.18659442257854	NA	1.0951998228406	NA	0.87377939016372	1.17483925687357	1.73096764205721	NA	NA	2.15456881362294	1.57382826613145	1.74306618324172	1.16785213247072	1.35629402637031	1.77378866986622	1.41171647139968	1.38135677608607	NA	0.926064021136215
1.45701696923409	0.234880632826764	2.17717432038439	1.94495435189202	2.39000766280925	NA	0.526706144422281	0.821373293483865	0.931778463195108	0.425032818509171	0.708216972975547	0.370693060906341	3.26869482434642	NA	0.429101171551992	1.08962179124317	1.2040884121107	0.785709884479495	0.307270836823524	1.9371249074187	0.250139006280654	1.43041993740918	NA	1.41412254933998	1.58385647613154	1.92286444029279	1.65736480238981	2.2327561052488	2.14725124977603	2.26815773438022	0.867260514976222	1.64333965231401	2.48961876757603	1.85358608897714	1.73207333730245	0.521995437025682	2.21223414073032	2.81792655200415	0.687340802162833	0.466022831321576
1.0992148065811	0.938899274099913	0.927108999983752	1.1564403458696	1.21831896753073	0.586808421881581	0.557763181524387	0.892797803781635	0.560812017276498	NA	0.236322459143024	0.601143674401949	0.490933432675074	0.922643765575229	0.775553743262884	1.02598878973129	1.52304321637461	1.71488332331492	0.868301931688221	0.373013972286039	0.63969509225857	1.04106808820362	NA	0.409122996810936	0.592396340664122	0.518977177570959	0.34398822295074	1.13576369494247	0.766370525251047	0.478267444390833	2.31821315120502	1.42836369578566	0.859913252361847	NA	1.22872819512281	0.940655581800298	0.851598286950723	0.974367567205404	NA	0.758923506765489
0.718981931223111	NA	0.997358051519379	NA	1.15228869534508	0.916771229629813	0.763243535614442	0.806672684458153	1.13482164083635	1.19171067489391	NA	1.10621897544667	0.765161579597258	0.871515875078114	1.14575342906697	0.795800744671881	0.659702546924801	0.545948232355661	0.409695310825745	0.810715920862649	0.831484183516629	0.104340302930668	NA	1.59414749131196	1.47769381592397	2.03516567324493	1.87711219152876	1.93363068484328	1.57193398104599	0.806806194415146	1.18797392475268	0.761918729772963	0.446514723198971	0.333813319733518	0.611929282042581	1.24610549340628	0.537451127493926	1.22909877366506	0.65025894304513	0.256214409037125
0.908131943042609	0.441890449931369	1.4601348675703	NA	0.282885544507353	0.257831195660904	1.89259915445542	0.676065504080939	NA	2.6394811208206	0.458394779115718	1.55423881194556	1.67417002395868	2.60041283815217	0.288157392322048	0.60232654213367	0.706521570182308	NA	0.292207586011831	0.435004686511964	NA	0.226421563902637	NA	1.46423473610073	1.42725706996173	0.505227858062144	1.03956730331094	1.15495621544641	1.07980856445312	0.377496139742323	NA	0.312149999662716	NA	NA	1.14096799624725	NA	0.996673356348673	NA	1.68168931954037	1.90119259329976
0.719380201369368	0.305709308120217	0.533224009864882	1.60086062492168	1.21051477399698	1.23440547980988	1.08176744922774	1.12793998399058	0.631420606518416	1.60226577517654	1.10586351985215	1.01986762304887	0.458356297331473	0.681356877518985	1.04567760319069	0.625643728761776	1.01685580267435	1.30019170132129	0.184111030351712	1.07818514504779	0.955771062974858	0.204364214084946	NA	0.252115577737266	0.300750086468623	0.427193765759414	0.948805717197481	1.41224658154649	0.600187324036556	0.596532444296989	0.791112558786041	0.339761770604837	0.73187683241393	1.068081469333	0.687951884239983	NA	0.765843092439266	0.973554794926766	0.21720758671717	0.95024227470231
0.423240137638672	0.434617006615873	0.513409744912854	0.353692519942355	0.480594438419253	0.486338291287916	0.440470176483422	0.214110701567594	0.71833388967035	0.590001500722887	0.421450712963101	0.314356733576219	0.208668576209374	0.427627063955936	0.425791565407264	0.601333046176492	0.291030875647532	0.456959287329572	0.185092346210204	0.601748967823747	0.219446764398708	0.194044386098862	NA	0.335018330369575	0.545908063052812	0.284131743628752	0.308542490811505	0.317968019686625	0.692579303477952	0.401277279296557	0.676260151436717	0.259210513847691	0.600421016255477	0.504404804485246	0.518066264955785	0.442114751849539	0.209178756767171	0.566814991316719	NA	0.377538616248178
NA	NA	NA	NA	NA	NA	NA	NA	NA	NA	NA	NA	NA	NA	NA	NA	NA	NA	NA	NA	NA	NA	NA	NA	NA	NA	NA	NA	NA	NA	NA	NA	NA	NA	NA	NA	NA	NA	NA	NA
NA	NA	1.00482864626174	1.09595969390122	NA	0.638572990855915	0.733241170244378	NA	NA	NA	1.7003508493252	1.75024325943611	NA	0.609422233597086	NA	0.893164507681068	NA	0.309416905065318	0.420091732594197	0.346903191528328	NA	0.346257248250307	NA	0.45932819414559	0.817800677286701	0.57221626696417	NA	NA	NA	0.569927236627525	0.6114174520257	0.402408557979242	0.334195278229217	0.981401693965283	0.194670764394527	0.416354364641119	0.7252411125891	0.585415639621465	0.763964241110253	NA
1.31678614351249	1.02286887134264	1.1474218683604	1.63791118140878	1.02034319789751	0.890758384025662	2.55750418472099	0.947554537682179	NA	1.36176688969032	1.0917259694116	1.04509228065414	1.32792114060249	1.9349596922193	NA	NA	NA	1.50794067399141	1.3914583343714	NA	0.389938807368841	NA	NA	NA	1.57969373448426	1.24644780010644	NA	1.0832476142632	1.16908692918216	1.49416751977396	NA	NA	NA	NA	NA	NA	NA	NA	NA	NA
NA	1.38741499451226	NA	NA	NA	NA	1.09571203283553	NA	NA	NA	2.04010945545163	1.90812251247169	NA	NA	0.863863163766634	1.02802253725851	0.647852784579781	NA	0.0882145300202023	0.682377630011289	NA	NA	NA	NA	0.491727838405105	0.315656958130149	NA	NA	0.676637986518184	NA	1.01647867051088	NA	NA	1.57351675798852	NA	NA	1.50155112765641	NA	NA	NA
NA	NA	NA	NA	NA	NA	NA	0.221609007446836	NA	NA	NA	1.2979743045057	0.47835827881532	NA	NA	0.544201422698575	0.458365071565001	NA	0.164982225472499	0.642767508915348	NA	0.232719632754051	NA	0.228563262427706	1.1406042830765	0.769039848834006	0.546984287373507	0.825464712299388	NA	NA	NA	NA	NA	NA	NA	NA	NA	0.741078110336692	NA	NA
NA	NA	NA	NA	NA	NA	NA	NA	NA	NA	NA	NA	NA	NA	NA	NA	NA	NA	NA	NA	NA	NA	NA	NA	NA	NA	NA	NA	NA	NA	NA	NA	NA	NA	NA	NA	NA	NA	NA	NA
0.809878653584305	NA	1.85633282742923	1.76523418188455	1.75359710020629	1.50891011250849	1.81163890560557	1.8292700820669	NA	NA	1.54010642380503	1.52187412347243	0.919861189236231	NA	NA	NA	0.666590878880246	0.788477214355993	0.470584450353661	1.23569492294492	NA	0.874726958703031	NA	1.07324107057423	1.42013739593908	1.95861615817849	2.02936107851912	1.50493983167074	NA	NA	NA	NA	NA	NA	NA	NA	NA	NA	NA	NA
0.497907960720729	0.306605380813981	0.279291925612223	0.830416228112999	1.03477736443246	0.763758822701417	0.591794845460367	0.711937694906093	1.70297356261111	NA	1.34899380313915	1.17618162859075	1.14158796858564	1.23291856243519	1.42879592963431	0.933695371463246	0.483804504235068	0.928088950430959	0.623789798951654	0.340608000783398	0.625449557200544	0.483978179822429	NA	0.0657626520976871	NA	0.516347521747641	0.469908521208004	0.975215231553802	NA	1.72019633431031	0.91159413674089	1.20033936403437	0.365024272343688	0.812670348820391	0.412336320379075	0.940526117299035	0.688800620482535	0.852401666084026	1.07503631406836	0.806256216229251
0.367443282519513	0.493811082294247	0.447471195368951	1.51290009569467	0.482618752713811	0.654988215208166	0.877669314680951	0.465891046366474	0.499517286628732	0.424996526786103	0.583954233009484	0.525282194626314	0.722278873700899	0.396507075975887	0.340690731633817	0.272525173587767	0.451763016586189	0.44429965695693	0.230783554399701	0.0796868373079008	0.408638569506614	0.256104041941059	NA	1.10390074874617	0.452946624458791	0.599135784215255	0.71451728774543	0.556741683238248	0.662433889166277	0.754934890215246	0.417319049297374	NA	0.760069894394162	0.686183057835786	0.364571223173893	0.327639767208294	1.31509908083239	0.861351411327765	0.438870779925933	1.78378229028582
1.17559522546132	1.45261702000298	1.31715537768425	1.40887454657554	1.26777413953611	1.43356246209851	1.16924912315507	NA	1.88907600558446	1.90665443715102	0.509551420890971	1.14220553295594	0.62197710549616	0.556587227323277	0.95706472697528	1.50624477016579	0.960424947862035	0.681589391487158	1.42498670050225	1.48837998737634	1.64473951099482	1.29624269791644	NA	0.374675375550236	NA	0.359789771433789	0.567383616486783	0.789561264722679	1.00719008846312	0.856890767062592	0.654940357179158	NA	0.915890215589961	0.824295219300183	1.1518289022198	1.13430352044074	1.14865664009879	1.41983913570303	0.628857002929889	NA
1.6228660440808	NA	2.03104828246659	0.951534341343174	1.44277694198713	0.802571923854	1.3060950416595	1.81241167901474	2.40004887143358	1.94577450284248	2.09142902712974	1.86258045833967	NA	2.65480142754874	1.47090951788455	NA	1.76892302228288	NA	1.10966406211773	1.13300712601755	2.35885106742598	1.71293741580983	NA	NA	NA	NA	1.83738417935656	NA	NA	NA	NA	NA	NA	NA	NA	NA	NA	NA	NA	NA
0.591886240016428	0.5755350373116	0.349435698491166	0.358096082289266	1.18295939087316	1.09397020835291	0.721970187751818	0.665259868584241	0.729690170727347	0.476220038439806	0.429416139574769	0.813466636787256	0.439911167998597	0.847555604112889	0.285844243051791	0.355195523528923	0.694493191215189	0.748729802184277	0.576645530322112	0.773205603848375	NA	0.508986957996959	NA	0.506708215717246	0.326686020156538	0.43520230256545	0.493690487205911	0.580468998382349	0.628730605953426	1.0195262123985	1.65780646409291	1.30899231081695	0.62969625217094	0.879044814228463	0.538210774519229	1.40653618854207	1.40642904328169	2.12938053133928	NA	NA
NA	NA	NA	NA	NA	NA	NA	NA	NA	NA	NA	NA	NA	NA	NA	NA	NA	NA	NA	NA	NA	NA	NA	NA	NA	NA	NA	NA	NA	NA	NA	NA	NA	NA	NA	NA	NA	NA	NA	NA
NA	NA	NA	NA	NA	NA	NA	NA	NA	NA	NA	NA	NA	NA	NA	NA	NA	NA	NA	NA	NA	NA	NA	NA	NA	NA	NA	NA	NA	NA	NA	NA	NA	NA	NA	NA	NA	NA	NA	NA
0.353999915908899	0.397111579297686	0.404447695058642	0.323304439149108	0.52825682270035	0.358522400519631	0.605687319007302	0.804754251402793	0.630960047682921	0.879388239044928	0.824658856977755	0.718203037655205	0.75267927010461	0.573507953040301	0.312986793848095	0.395936907935473	0.527971717383452	NA	0.642163747173909	1.12181338878989	NA	0.309171805016238	NA	0.145555890157227	0.643751964983415	0.413199289121489	0.666772400347767	0.448722705805467	0.546429161520538	0.759041205693273	NA	NA	0.426945283033369	0.975501832994999	0.684946153351242	0.554266186678025	1.2102094183661	0.579861166843351	1.17634133025099	NA
0.903292094573667	0.578713575236208	0.820234453234831	0.467738292261623	0.731162460627401	0.582900958860899	0.81785057661664	0.592950908859691	0.773050073817713	0.61990430622734	0.628638821966504	0.419093067790754	0.392302572018584	0.4725654853907	0.841134346026473	0.377865266178839	0.35184363036213	0.380278289729205	0.398365634772974	0.32513319880911	1.07398981788769	0.558143046612996	NA	0.648995071728188	0.65938718553318	0.564533312684252	0.668671574765504	0.671901525889451	0.309307129892429	0.457968907221345	0.428425316170452	0.727877442179676	0.626322422492492	1.59180010697729	0.600288902248987	0.9466123731519	NA	0.682670643897335	0.345672482547683	1.07013782947448
1.14403070420587	1.54319398646817	1.18043010627337	2.14342448740801	1.18486646239993	1.76268328561591	1.79881026720826	NA	1.13540586879209	1.61469153761407	1.23770305632293	1.02747841724184	0.711669797073108	0.849925709744158	0.528221835431545	0.577843961291635	0.589064409339823	0.739366099011767	0.554284483206178	0.776540590053278	1.11798290053126	0.422306746679001	NA	0.385736645577015	0.729951219266012	0.545357684689132	0.804439699451252	0.98014982928598	1.13859409891273	0.928706751206603	1.95478995440344	1.25192893000077	1.48422155307681	1.479057977716	1.63076472902623	NA	2.08399184871889	1.42430335070102	0.864117033517355	0.855218728284074
0.835411979393415	0.856942980740724	0.885894940945198	0.858456740500032	0.767175254184567	1.08637177350193	1.04675608607425	1.35795398491172	1.26682522291568	0.961806236850468	1.00274260120323	1.1960227811486	1.203015653085	1.31903911188407	1.60497100789162	0.568326906172954	1.10296582736692	0.964992694168523	0.727722806992419	0.909382180328192	0.699894213656261	0.62770713615237	NA	0.785720409165848	0.617891680902828	0.680519769964447	NA	0.582250100039229	0.624352450797713	1.32742251062197	NA	1.27289202019878	1.30074902909366	1.99191656486518	1.31788166859313	2.25950327547659	1.33359905511436	NA	NA	2.44728399583268
2.24244291620357	1.77511080260092	0.851029195750392	2.0858391712222	1.94022604444313	1.6432975332127	1.36287911755011	1.16958920601099	NA	0.739787641520032	1.37243970490218	0.3352379800359	1.39866084409665	1.39638566617344	1.63085317649703	NA	1.4990201044143	1.09874588488114	0.986485890044168	0.655371817765888	NA	1.49156573492528	NA	1.42412517660346	0.846074311474365	0.781280922678406	0.767340744213921	0.86183805532305	1.65809657683145	1.80912728588211	1.59924011306247	2.02098174884278	2.3973345345786	1.92936654043742	1.87461472063148	2.37457937818276	1.965849072688	2.4666333529924	NA	3.20894456573677
NA	0.801781437120027	NA	NA	0.959798117325062	1.06827933026317	0.680063812811943	NA	1.12747195608855	NA	NA	0.707030390026024	0.814210158984019	NA	NA	0.483482881482561	0.65563633097523	0.588016056003341	0.652078738084882	0.44264905194531	NA	0.461262042162011	NA	0.329542231167426	NA	0.828778920225843	0.680198885116414	0.881395095540356	NA	1.48685723948378	1.43101524202574	0.544815272191068	0.988340182547863	NA	NA	NA	1.19446922816284	NA	NA	2.15893508897866
1.94855423772824	2.27151015510009	NA	2.3710734797359	1.82812598089109	1.53978962342652	1.4526123302226	1.2874313383362	2.37585428703914	0.719162554861498	1.16531412232171	0.956557792486786	0.873464992435485	0.17950799996459	0.958890659371898	2.42846616363418	0.608088360029565	2.29844177626154	2.15818961680642	1.49675411396503	1.59688720349722	2.1143824551281	NA	0.981371306541701	1.98227448902576	2.04720449120973	0.883099739765679	1.02169366575425	0.788860720823692	1.48666642226109	NA	NA	NA	1.23778294268043	1.15402290682451	0.814609400662795	1.15055503329973	1.49943055723991	0.852030160264968	NA
NA	NA	NA	NA	NA	NA	NA	NA	NA	NA	NA	NA	NA	NA	NA	NA	NA	NA	NA	NA	NA	NA	NA	NA	NA	NA	NA	NA	NA	NA	NA	NA	NA	NA	NA	NA	NA	NA	NA	NA
NA	NA	NA	NA	NA	NA	NA	NA	NA	NA	NA	NA	NA	NA	NA	NA	NA	NA	NA	NA	NA	NA	NA	NA	NA	NA	NA	NA	NA	NA	NA	NA	NA	NA	NA	NA	NA	NA	NA	NA
1.13570734405631	1.37553784063622	1.59719815175968	1.87485966659244	1.58491557243696	1.4433263779617	1.19981624820768	1.13859406400306	NA	1.37167056609368	0.970881465057743	1.25337676097343	NA	1.08027432853121	0.198539923401034	0.404156750256278	0.602023684606707	0.388864605580414	0.558902692080533	0.312826278626284	1.81154585884971	0.438836481105463	NA	0.36514485862785	0.177696581643148	0.576598390998335	NA	NA	1.00015302572117	1.1203762195196	NA	NA	NA	0.912609566968449	1.11104700209319	0.781078015365428	1.40628696060437	0.459192613776745	NA	NA
NA	0.638730848452397	0.722838032574458	0.906263914271448	1.15221288460645	NA	0.592788119496448	NA	0.966273779751207	0.873425609588975	0.901727822546485	1.21218446917145	NA	0.931363286838466	0.936623864687838	0.494776614563552	NA	1.12547511602742	1.02527598654185	0.371973049721489	NA	1.12546293061296	NA	0.419007988838502	NA	NA	NA	0.660218239943007	1.31904079723543	NA	1.11580943246842	NA	1.66325624187477	1.66143728987794	NA	NA	NA	NA	NA	NA
NA	0.610921938769032	NA	0.680884235807694	0.813403911891407	0.714803573318197	0.654513482552425	0.812055507941484	0.916760459779106	NA	NA	NA	NA	1.51885072374994	1.41756992390703	NA	1.10101602912989	1.65897211638497	1.05843368448391	1.10128822199981	1.73762368388645	NA	NA	1.28649088640222	1.07007378737823	1.12074530093117	0.644500708317794	1.38020389489879	1.54987334403679	NA	NA	NA	1.51579932155356	1.76897370189234	1.60559545059409	1.3008948103758	1.27825652154616	1.16665527258628	NA	0.983582561279808
0.366034465467933	1.11413703251029	0.628823412119919	0.498102932855914	0.653667479206193	1.13794571159351	1.67351987564509	1.20608611453285	1.17117054051104	0.824339654103838	0.964076478369992	0.801612685230744	0.728198023846656	1.05241445135992	1.25519485274945	1.18275418671116	0.235144964628789	0.607149430928714	1.16685268699953	0.492451471371982	1.48212532311852	0.437367277081973	NA	0.598679355943774	0.395899679334738	0.651025480917027	0.734779429007485	0.56694969307384	1.25749791469855	0.192741077375704	0.401213730133105	0.974095480904249	0.3687310328216	0.935233364013462	0.644726566822966	0.619933533596215	0.563699572473854	0.848147478849016	0.526406132218081	0.665226493656997
NA	NA	NA	NA	NA	NA	NA	NA	NA	NA	NA	NA	NA	NA	NA	NA	NA	NA	NA	NA	NA	NA	NA	NA	NA	NA	NA	NA	NA	NA	NA	NA	NA	NA	NA	NA	NA	NA	NA	NA
0.447371568746026	1.12240037517905	1.26243543324547	0.814487520120474	0.744245509045599	NA	NA	NA	NA	0.783722557825252	1.01405474398166	1.45872022917637	0.888582554290799	NA	1.28826072523946	1.1964000636925	1.32460250236301	1.05801252351691	NA	0.563896036628903	1.12775650995731	0.744493638161039	NA	0.359805856530742	0.629730613564516	1.12379760120598	0.94905675203026	0.509763495622758	0.719007177533792	0.494720134845683	0.948143076710173	1.04310897466875	0.91208497761616	1.20417337084542	0.809166800680509	1.51838872378507	NA	1.12721340745037	1.08470466361557	1.1382370913008
1.02427347911285	0.743261874816551	0.8689840657038	0.980583072577401	1.44395374121431	0.723823855079118	1.33202131767472	0.756555923718202	1.25619498731736	1.18473376408859	1.09019404780776	1.0270457297468	1.05286662640479	1.32753488479981	0.796768502448687	0.90900160210122	1.05102112474619	1.56372580567067	0.711677423196063	0.710537413051883	0.665372757785268	0.957502485013892	NA	0.499140516967413	0.91752832690274	0.838469159332458	1.0192301939269	0.300912256216364	0.554430737130801	1.21808570335685	0.353040062595994	0.618947447655764	NA	0.598699623897493	0.388234677163209	0.977919930118872	1.37145277001504	1.31851498227685	1.55446782300378	NA
0.957872528798611	1.48218476733839	1.22650886410411	1.23383350584678	0.69547474939329	NA	0.686617349250963	0.986157969363826	0.597836461120614	1.10812103012307	0.434471086860725	0.408021998595639	0.455444756393981	0.646384842637232	0.55980721264656	0.916078183163415	0.620103029657542	0.784086009248477	0.715170965812055	0.576047802494502	0.741464761179052	0.262528243175627	NA	0.355263070043181	0.594889265881944	0.519520420164337	0.512579899159535	0.290787066765141	0.399379203255212	NA	0.234034254342342	0.45112068225993	0.32641648769622	1.07328186991246	1.63968953967683	NA	NA	0.962962878216193	0.783714808983515	0.664404127501345
NA	1.77153511565136	1.11953133194508	NA	0.943181318753258	NA	1.16852476286734	NA	NA	NA	NA	1.64524885470104	1.28962908951923	NA	NA	1.88348221307848	0.73952630224735	1.14502027816363	NA	NA	NA	0.586452714991342	NA	NA	NA	0.203947925841295	0.74797479483334	NA	NA	NA	NA	NA	0.756673946873466	NA	1.34936256902936	0.824255836282235	0.370224960255594	2.3620393120124	1.97936091138781	0.28082633451969
NA	1.8536651056041	NA	NA	1.25834669844509	1.49510614533536	1.02716859532468	1.43211548762677	NA	NA	1.70954768041371	NA	NA	NA	NA	0.41496590602864	0.796959635489798	NA	NA	NA	NA	0.982804686724558	NA	1.38425096744833	NA	1.09808413608686	1.05194409667977	0.334763176931216	0.970608118556236	1.15209170890682	0.328676779651181	0.914999319715672	0.466446623872903	0.699951655400832	1.58986248691881	1.25566082497129	0.835892413173575	NA	NA	0.847162321425387
0.192018637980152	NA	0.386273285247847	0.821383565753965	0.151412613788092	0.359723674104824	NA	0.863692654758143	NA	0.933041140589188	0.551902968972574	0.212472647174222	0.224519010833951	0.363004096180687	0.481384254331101	0.547149498244966	0.266236676605954	NA	0.350789938696655	NA	NA	1.70575272080318	NA	0.2415966055223	1.17475192495331	0.938831881032836	0.946849376019252	0.930466743826184	NA	NA	0.950975633291661	NA	1.12325549447267	0.872398222045871	NA	0.932281385957082	0.987424606017284	1.04832104829569	NA	1.19993723981127
1.22045161808291	1.1595517246736	1.44434902394045	NA	1.55285243431552	NA	NA	NA	NA	NA	0.90434479071095	NA	1.14625188689389	NA	NA	1.55626365261765	1.25083884403688	1.3995785145786	1.28379804362418	1.41908577919567	NA	0.889895536437604	NA	0.24981692357911	0.219294085921557	NA	0.887878962985976	1.02060489106071	NA	0.926270403644217	1.06321086238067	1.03863582450433	0.791885156269682	0.820577373572589	0.496722064660097	0.900254428013074	0.364732650252584	0.883887622566222	0.568708314119677	0.303980272703471
NA	0.562569924603015	0.840331708000216	0.853672456420776	0.736359053264117	NA	0.45152825259842	0.5975671638143	0.512335028990257	1.86366585887773	0.590367307689025	0.72816584388137	0.547724110986218	1.1462150757619	0.834894267325848	0.38448188806273	0.400973260958474	NA	1.1801407116195	1.98743173222185	0.631228252613314	0.529645287025853	NA	0.519142732150384	0.42035479808524	0.616502861269014	0.502748526052008	0.66977039194805	0.953896280590432	0.522566235067609	NA	0.753451916251518	0.588340370707882	0.53585014261904	NA	2.09844973475333	1.01677931181771	1.67362195443491	NA	NA
NA	1.76199669200049	1.13850344379971	1.24182777486571	1.08180013818617	1.918497491849	1.76448761705511	NA	1.1060939687135	1.43420481717696	1.61847856319643	1.35186847564915	1.57259425139689	1.5638612301635	1.46102705568358	1.0872173316804	1.25449922141559	1.24400043118515	1.28486194515229	0.557630267200737	NA	0.715679320631978	NA	NA	1.29471944827904	0.472705617356449	1.07162175940036	1.0628875457673	1.00848522082044	0.668403882396117	1.47179636795362	0.938621384220547	1.23365740348215	1.12919699117888	0.762466984992439	0.882219912841337	1.07954922157844	0.608709615257776	NA	1.0855029509836
1.25831872499565	0.580647283343196	0.302860602422508	0.846207721895341	1.80515085035717	1.12620125728034	1.01600613800997	0.72589835085905	NA	0.876431138178812	1.56340442896684	1.2678209809782	NA	0.916238300964984	1.24176401638896	0.746316112570641	0.819036567860068	1.57009547223235	0.580170295629438	0.571716123344206	NA	1.34030868527651	NA	0.381772678900828	0.760964176858403	NA	0.552588877807442	0.836095681758804	0.510148451508199	NA	0.683113731981925	0.570784071598298	0.201532099750672	0.670193435437825	0.492359984151961	0.3659339870307	0.365566784589454	0.313367974943387	0.611382462404251	0.667564064919497
NA	0.776652906433228	0.350057480249602	NA	NA	0.417038343415878	NA	0.209201111752396	1.12051118425747	NA	NA	NA	NA	0.849696200164009	NA	NA	NA	1.68454945136988	0.411243214053336	0.50260514691387	NA	0.523605881889321	NA	0.248513268597655	NA	1.48337546374914	0.154314553552506	NA	NA	NA	0.712724102851291	1.28252755388812	NA	1.13457723358499	NA	1.45016443250911	1.35790932899455	1.17477763990391	1.20974801833214	NA
NA	1.10734873789123	NA	NA	0.782696198459	0.646608201325027	0.669853135966039	NA	NA	NA	NA	0.102213430685791	0.470823509078654	NA	0.393004028851462	0.690630753819064	0.435614930348802	NA	NA	NA	1.41139252885913	1.28619864282374	NA	0.106002120981412	NA	NA	NA	1.07786048473334	1.15600988101548	1.9567155990841	0.862092129301379	1.23413527933028	1.29809309495269	NA	NA	0.792176356756717	0.346187176297763	1.0936935242709	0.384924304582537	1.83808645190002
NA	NA	NA	NA	NA	NA	NA	NA	NA	NA	NA	NA	NA	NA	NA	NA	NA	NA	NA	NA	NA	NA	NA	NA	NA	NA	NA	NA	NA	NA	NA	NA	NA	NA	NA	NA	NA	NA	NA	NA
NA	1.58373368409959	1.32525389207549	1.4321295539417	1.34151867574501	1.03183640146799	0.910672006602234	1.02138962016927	1.04925556155635	1.29181974245205	NA	1.18989154113497	1.21470210298629	0.716643068944045	0.684331716307411	0.472865783029093	0.564998109734106	NA	0.51843373260213	0.32735006445555	NA	0.191862824074402	NA	0.272393592913788	2.39665023591683	NA	0.868888211059386	0.983864144447218	2.06170149526926	1.71089870173517	0.608954518228808	0.421309760128245	0.344992291378903	0.788909963724703	1.85797246646127	2.38769851290138	0.398367018870652	0.611690490471839	0.325138596792837	0.585914097173304
1.49677192827475	NA	NA	NA	0.828098924617116	0.408706809738041	0.989618785496779	0.983979635038026	0.658970584961759	0.725931866012746	0.414750980807941	0.63531128718777	0.293968184759339	1.04224814658192	1.16655474504912	1.0834442539619	0.987571263854445	1.20503778679439	0.880566765898999	0.939833496882161	0.879811012455167	0.60682382360842	NA	0.554249612489446	0.719348771665946	0.62698487682901	0.343430785933568	0.715124053852782	0.891046480331402	1.35542566453858	1.1910813715617	NA	1.373365108448	NA	1.04174946009109	1.36131727398867	1.12799585141994	0.901164727285647	0.76063391175854	1.39433369691301
NA	NA	NA	NA	NA	NA	NA	NA	NA	NA	NA	NA	NA	NA	NA	NA	NA	NA	NA	NA	NA	NA	NA	NA	NA	NA	NA	NA	NA	NA	NA	NA	NA	NA	NA	NA	NA	NA	NA	NA
NA	1.14078603427941	0.901290862274957	0.734597239787989	0.630762315328451	0.563387590823672	0.70962277317257	NA	0.264093658533832	NA	0.910583353362484	0.327007717151302	0.524063605694094	0.298775543653129	0.343264741097765	0.0973130945558293	1.45129274792623	NA	0.150372262412337	0.311640641006691	0.578554591866795	0.625397296923727	NA	0.28760748966527	0.512192519065578	0.588984644653141	NA	NA	1.2246474530417	NA	0.964797784260383	NA	0.841450404090789	NA	1.42932523659609	1.99429293178261	1.71778140747232	1.59899363863004	1.50144247076012	2.39724562220765
NA	NA	NA	NA	NA	NA	NA	NA	NA	NA	NA	NA	NA	NA	NA	NA	NA	NA	NA	NA	NA	NA	NA	NA	NA	NA	NA	NA	NA	NA	NA	NA	NA	NA	NA	NA	NA	NA	NA	NA
NA	NA	NA	2.05579821015198	1.20838653970337	NA	0.978164158370779	NA	0.591404020638134	0.70691061088486	0.706544979441636	NA	0.426048608929158	NA	NA	0.59742143854206	NA	NA	1.88412140798882	1.60893815814892	NA	0.143106896830037	NA	NA	0.565474521857519	1.82710151133788	1.60290979576478	1.57418925985697	1.52700382516395	1.92675532765914	NA	1.95099946736023	NA	NA	1.97725961703395	1.21675127405525	2.23608710965774	NA	0.737853557740544	NA
NA	NA	NA	NA	NA	NA	NA	0.870363894770057	NA	1.39926996451455	0.665550970190731	NA	1.36126757104346	1.25451310134186	0.513566295691586	0.832344385264767	1.05573918440379	1.234417478195	1.08526032505583	1.11514078674352	NA	0.386442210253193	NA	0.399028314937053	1.0495089655866	1.27064642584872	0.516899164019589	0.394120217805951	0.406073255945983	0.44342674386314	0.80061144789039	0.976341916067935	NA	0.938305707522761	NA	1.17050193508643	1.02694982824299	1.28028933025579	0.957873140139677	1.03245516334665
0.905939712948689	0.732593597880467	NA	NA	NA	0.725705928951206	NA	1.08260719563522	0.946429120232183	NA	NA	NA	0.605208420505615	0.496771336851825	0.376183252721318	0.316411626084031	0.628217649820801	NA	0.256802691231246	0.403514437097181	0.39051546293065	0.241378326886641	NA	0.414271412813132	0.572471774648323	0.51314886236378	0.328145248248181	0.678447739415535	0.7553311823811	1.1583078415478	1.19564502057028	1.01662290973919	1.22255863342989	0.792239086381855	0.97357254379834	1.02868352011785	1.15179835294467	1.14915192902153	1.30321561513495	1.42230084022595
1.70372993932761	1.65956895279332	0.684051962177666	2.09008671223866	NA	NA	NA	NA	NA	NA	0.697722713290744	1.46654024587812	NA	1.91638816273257	NA	1.31632047979767	0.786499040678108	NA	0.824030241131648	NA	0.510606682763826	NA	NA	1.89435095111139	0.547132809054799	NA	0.751528120338363	0.662948931495157	0.755283791490217	0.429587310536896	0.464991343041299	0.681237540842525	0.7480205152767	NA	0.370700921578349	0.33124598429781	0.402934159906675	0.894634127930813	NA	0.307746534693914
1.52024684524124	2.07833088339289	NA	1.32161377189617	NA	1.24539716341764	NA	NA	1.70114241289102	2.06010419534664	1.95170814825872	1.77109398586067	1.60950744100142	NA	NA	1.42225643610954	1.20307805216708	NA	1.17225366330941	0.597923838209584	NA	NA	NA	NA	NA	0.504339774352296	1.12982373594681	1.09705206454821	1.36517875552705	NA	1.16397801626247	1.08722946758552	NA	1.31395870544036	NA	NA	1.54556154514843	1.14407109242302	NA	1.13151084879932
NA	NA	NA	NA	NA	NA	NA	NA	NA	NA	NA	NA	NA	NA	NA	NA	NA	NA	NA	NA	NA	NA	NA	NA	NA	NA	NA	NA	NA	NA	NA	NA	NA	NA	NA	NA	NA	NA	NA	NA
0.916146784094771	0.504933851330084	0.265026839357417	0.230315807994703	0.325402287358305	NA	0.473904765699873	0.459159734840157	0.716747444192138	1.1591594661128	NA	0.755551240270125	0.708899103513821	0.463903746944028	0.296259714517354	0.291779589772562	0.594145225152203	NA	0.456397998217468	0.65352393894314	0.426697242975748	NA	NA	0.672186506185956	1.17018878660283	0.609368932279685	0.844120972746786	1.07106283219137	NA	NA	NA	NA	NA	NA	NA	1.03034758465	1.26664474237832	NA	NA	NA
1.15226105285131	1.18033191267881	0.57410546027428	0.565844099929858	NA	0.356933260224622	0.890530219428684	1.68522089797337	1.60658955351146	NA	1.19002200333919	1.10877645583264	NA	1.13041133298413	NA	1.0657688426722	1.4445216507998	NA	0.964972533940649	0.632011151828555	NA	1.56429397985625	NA	NA	NA	NA	NA	1.68118014560973	NA	1.21178706169052	1.20742409199723	0.851349008254012	1.09298635044806	NA	1.28896741782849	1.19897258195287	1.16032605154684	1.39580924106981	1.83994687777647	NA
1.2872421918692	NA	NA	NA	0.295596676272686	NA	0.587549086281488	NA	NA	NA	NA	NA	NA	NA	NA	NA	0.663823468762922	NA	NA	0.52378096581646	NA	0.504021742768792	NA	0.15322867801558	0.536458336962159	0.455908084431599	1.72924087695308	1.5405376204506	2.0454598097042	NA	2.12220725434404	1.95789936602529	0.350919220119981	0.270992666675148	NA	2.00527488204746	1.04103888431331	NA	NA	NA
1.45539409470433	1.61720620132742	1.42022853057374	1.57876741710535	1.28643391007373	0.886845340726919	0.940036590611984	1.44604055204434	0.953779194851572	0.971204477093015	1.0475067365212	1.64329535567339	0.606520980962269	1.38389350768061	1.47817969602409	1.55378294132932	0.936053371881712	NA	1.73971092011585	0.484681127230994	1.59926543585755	0.285076443826467	NA	NA	0.154830725389053	2.09573890177558	0.229464204753568	0.331793922580777	1.96508013541607	0.450573278602696	0.321083404442236	0.977279118437562	0.832677254912776	2.24353136241787	1.76288310716873	1.75578391247026	1.04935892048628	1.67473977239447	NA	1.18109235058765
NA	NA	NA	0.981532845742854	2.08753854859714	NA	NA	1.00997510284168	0.603491813143218	1.11251844921642	1.93988343301003	NA	0.744559808971299	0.953269081944422	0.53646367306116	0.435860816932528	0.650927620773308	0.870574657686446	0.146103102367044	0.0981707333983739	NA	0.562574666722774	NA	0.17733844515027	0.253223994802709	0.505380427562018	0.978267447448619	0.418657463720228	0.702733150740813	1.14597333618792	0.86067792241903	1.24540252382028	0.485988730224071	1.12908053296434	0.97434580625787	0.766300263848847	1.66799921449808	1.55437097791031	NA	0.667068230672722
1.24657766172663	1.13289793239363	0.232983451568603	0.979704820987349	1.24348764812612	1.01067775447465	1.05743736837686	0.848039708484017	0.53040674653812	0.507392098015875	0.617914714030925	0.738330073582063	1.05162099678619	0.415550685899175	0.359285783145408	0.168194590006416	0.176820332189378	1.10709006422517	0.382923625191425	0.188870036192847	0.789467926718752	0.359061365949492	NA	0.358171415817651	0.597724036892839	0.175260288317877	0.282849278095628	0.458572756301903	0.281492924388149	0.466473690916822	0.638280940678908	0.676579567140064	0.41369038001555	0.719871661247359	0.728846783740237	0.658727356075581	0.319004831164194	0.635958318491218	0.813517913267299	0.33385787546122
0.637186889664225	0.281212514730093	0.241416485801999	0.428245629805953	0.419778546222422	0.383413872685592	0.268135230319284	0.546692294289735	0.541696813438178	0.568441461723001	NA	0.705426374334499	0.369007338875879	0.623833732287066	0.655538970168209	0.171817890862288	0.381719732513631	0.19990686240084	0.280824028028506	0.44692725134396	NA	NA	NA	0.314731114978222	0.313894862395059	0.383427494888845	0.499130583991091	0.549455629249812	0.598775459572974	NA	0.750955750617051	0.900744848658408	1.06657973223745	1.11056456854078	NA	NA	NA	NA	NA	NA
1.14885738811054	1.53019502015321	1.14707558523163	0.687013309392537	0.67999012276844	0.860251845900507	0.695424806862972	1.11673691809002	1.3757310301326	1.36387883542654	1.55131823980941	1.28166172279242	0.675671947151741	0.664272781485265	0.644427763349405	0.834997709552705	0.661936031938537	0.719592359913966	0.854625536253889	0.524370382934173	1.21741480031351	0.158518387422662	NA	0.71889585952493	0.162108907849679	0.477486561389475	0.955828351708296	0.609973500912128	1.0233119066345	NA	NA	1.20209076488949	0.418934372196043	0.757341357511513	0.48714336909865	0.608426117000357	0.936401262146356	0.716741609285054	1.21091872203549	0.258024298529392
1.53485608540534	1.27064818399084	1.5029347394403	1.33365969980436	1.4338835141873	1.34639739819259	0.625598545676098	1.51084936934343	0.329861971709513	0.662061486203401	0.282328162642251	0.564373719935373	0.604083757527423	NA	0.906344567299455	1.28166547293067	0.31346056219887	NA	0.457930550405059	0.411900830585871	0.778769629190005	0.296970159960717	NA	0.165026485291689	0.803666070678097	0.618788413323348	NA	0.663225401694214	0.370744203792799	0.581746643579806	0.518032369610788	0.496525882801188	0.585277306059832	0.97210040823035	0.834948251517641	0.722209289284381	0.560284664986833	0.906499913291828	0.524734122959159	NA
NA	NA	NA	NA	NA	NA	NA	NA	NA	NA	NA	NA	NA	NA	NA	NA	NA	NA	NA	NA	NA	NA	NA	NA	NA	NA	NA	NA	NA	NA	NA	NA	NA	NA	NA	NA	NA	NA	NA	NA
0.158338949738075	1.24464051734452	0.187606839987428	1.47173681971209	1.20288667594579	1.48919496491252	1.09823658658269	1.06092257477145	NA	NA	1.41801313987348	1.2134272288023	NA	NA	0.46507269115803	0.507979258474971	0.421379130544733	NA	1.57503322813092	NA	0.107912772458646	0.616415105417618	NA	NA	0.581198019793638	0.529204400462615	1.46911266634708	0.897645556590726	2.09181719736162	1.77378614612073	1.64163763633533	NA	1.28831967155937	1.3440196089291	1.49175853572305	1.33775060394752	1.06777325800145	1.33921185484122	2.14965370889807	0.958689836643019
NA	NA	NA	NA	NA	NA	NA	NA	NA	NA	NA	NA	NA	NA	NA	NA	NA	NA	NA	NA	NA	NA	NA	NA	NA	NA	NA	NA	NA	NA	NA	NA	NA	NA	NA	NA	NA	NA	NA	NA
NA	NA	NA	NA	NA	NA	NA	NA	NA	NA	NA	NA	NA	NA	NA	NA	NA	NA	NA	NA	NA	NA	NA	NA	NA	NA	NA	NA	NA	NA	NA	NA	NA	NA	NA	NA	NA	NA	NA	NA
NA	NA	NA	NA	NA	0.767944267518989	1.20785708336443	NA	NA	0.403908119704425	NA	1.25229025998167	NA	0.758781425116471	NA	0.661918972971748	NA	NA	NA	0.129823843070194	NA	0.365501124406162	NA	1.00611584310952	NA	1.08353876018244	NA	NA	NA	NA	NA	NA	NA	NA	NA	NA	0.434798347372671	NA	NA	NA
1.18278442947293	1.15821411322404	NA	NA	NA	1.92357631153923	0.389324969346399	0.554682020035188	2.13972493290592	1.3850918511728	1.77240688490201	1.71335470722491	NA	NA	NA	0.874911985134701	0.726754469147944	NA	0.517017581947963	0.867628743450627	NA	0.660929065032571	NA	0.409166657202468	0.726387162429388	0.9683711079459	0.488368535466661	0.713367760892066	0.806916916870273	0.691568372681251	1.23998839481586	NA	0.726371638826756	0.526395126728256	0.656569588180953	0.365025368033775	0.463310889413421	NA	NA	NA
2.06575572623102	1.05569221778742	1.20493013919878	1.71296242019747	1.20475583139357	1.80071520486066	1.43660171068712	0.932955619904646	1.2548450437183	1.16774686031424	1.43736518882351	0.414277930267728	1.51922776889814	1.17319072914854	1.59385084262207	1.17318929429603	0.953678188147261	0.70184232329815	1.28633739707893	1.2675860881313	1.46021048288916	1.57651333668809	NA	1.03829050497102	1.44009220104189	2.39105542566422	1.29423798543093	1.33245182303499	0.763654121682141	1.53232223134719	1.19590987025264	0.910108119509449	1.91017266200613	0.814370760090736	0.86522626641039	0.611929053663385	0.982380766912463	1.62143035009946	NA	1.94439863590501
1.78960015947865	1.35785648090389	1.73252545875899	1.74724343802211	1.95253572873086	1.92862347343884	NA	0.76729762420367	1.5130514663584	NA	NA	NA	0.455214634315761	2.09686693410358	NA	NA	0.106040718120766	0.595995454838718	0.498238757877953	0.640113507746046	NA	0.228688344362309	NA	0.431259966618831	2.07301529471318	0.567041398832967	NA	0.540721269083384	0.501060139649907	NA	1.00200351357958	0.652719944281284	0.629547047391997	NA	NA	NA	NA	NA	NA	0.756830331986158
0.901705511186893	0.68754550342222	0.68329081579436	1.19788628344171	0.525509063003518	0.547959079970762	0.374606002432827	0.308967866247773	0.9358324094443	0.37698209488962	0.302828274583128	0.363806556781572	0.530420789529583	0.48127185558043	0.480080168514764	0.20695995695614	0.364905943454795	0.420070210797537	0.600994013844753	0.317936962868287	0.552564356036091	0.393799907577457	NA	0.816702862985519	0.999042395287491	0.829082140148363	0.77555483207811	0.567711140890488	0.218801178374205	0.661765884204322	0.446547240409477	0.519979758255072	0.98274977644133	0.496247448223346	0.465050909076936	0.504674437248744	0.723220665697292	0.955423889671067	0.6895624644182	NA
NA	NA	NA	NA	NA	NA	NA	NA	NA	NA	NA	NA	NA	NA	NA	NA	NA	NA	NA	NA	NA	NA	NA	NA	NA	NA	NA	NA	NA	NA	NA	NA	NA	NA	NA	NA	NA	NA	NA	NA
0.807053610448423	0.44349555167488	0.468497580501941	0.483769068631825	1.248897569055	0.831191638084445	1.22951761017117	0.892955433587381	NA	0.556412484736822	0.466898585078652	1.39933458904679	1.25353051962116	1.61246874588335	0.847916705395243	1.35277487752078	1.62080232535227	0.546772161438771	0.466933776782316	0.749004809686343	NA	0.555878720669862	NA	0.335787848364109	0.736777179915915	0.605448045654692	0.719222725648328	0.720545930317457	1.00824661867506	0.818059828661065	0.717534180727341	0.422899807238152	NA	1.12962107662107	1.22454828472828	1.34952586538417	0.90061630704122	1.22721265365463	0.760178687056977	1.3322078472845
1.05871198337446	0.516628960964823	0.543541562298833	0.438887892132112	1.715777913721	0.839850641353743	0.743302684679647	0.427247155948558	0.242815424947039	0.481319554468732	0.534346615640389	0.549835142469932	0.667195073726712	NA	0.498772534904508	0.69163965092227	0.745645901077272	0.860713022925581	0.386148015106541	0.428838254858857	NA	0.211565127915631	NA	0.502568650258585	0.923507647541657	0.159876819860471	0.438777583378651	0.228794921260447	0.527384359691451	0.421019806352753	0.152994028110507	0.111462802089587	NA	0.127157509255898	0.427818275221183	0.597545030217665	0.110464326425694	0.651599065215764	0.431115526045335	0.215994352990887
0.614537823501492	0.445933479233746	0.4641944274317	0.411573247299825	0.0871607145244026	0.433403617705919	0.368363133805032	0.409702047128248	0.318018766815147	0.451550005284707	0.565339548400651	0.75823133873177	0.678602319470512	1.19840623400185	1.10531915063926	0.602145856693909	0.202032746837829	0.133824978751869	0.219815633183987	0.376577031930883	0.60565972727741	0.584476653376805	NA	0.185252971101403	0.377579121403757	0.632777232788694	0.154321090062726	0.422598743871534	0.643521736413845	0.484529828128729	0.415693166616544	0.493284698916216	0.435876975032113	0.470169837159192	0.579954741002617	0.603298765230752	0.462178679926095	0.560425786115288	0.343208569590034	0.523243436210638
3.3524071969401	3.28726491943987	3.50948007889606	3.44191300439783	2.24210649171499	2.91521981758091	2.91961979166989	2.5497934141409	2.26740278684856	2.47234783093034	2.36919542792345	1.87528576738185	2.19390701933785	1.84189076429131	2.22364271841702	2.47373729943386	2.09328779888326	3.14260976980876	0.67952329026485	3.2915762613868	0.5054140461079	2.94916388145793	NA	3.16975092431007	2.30822877607653	0.893081568784417	1.48846764239329	1.49466767209615	1.74883701510785	0.577804185441462	2.48695110383219	2.62644720613797	2.36839982842063	NA	2.31677299851703	NA	2.14417998089367	1.62811863156008	1.55964848176495	1.96647767335107
NA	NA	NA	2.06315401032598	NA	NA	NA	NA	NA	NA	1.77500013074232	1.56152672093719	NA	NA	NA	NA	NA	NA	NA	0.372182066631884	NA	1.23596301442052	NA	1.56776402412764	NA	NA	NA	NA	NA	NA	1.25320424799851	NA	NA	NA	1.86971404120987	NA	NA	NA	NA	NA
0.635480971769416	0.286840134146965	0.486512836776789	1.13471175740178	0.373974275476049	1.21525470105723	0.139992136368563	0.573798970127711	1.3956924707885	1.17230171040847	0.468606478668811	1.13499947472572	1.21224065536477	NA	0.92138859179185	0.870420006069381	0.305498286989881	0.28841266076941	0.52090489886099	0.209664255802171	0.819054645923836	0.449615836906813	NA	0.522120859537012	0.635717372129089	0.840768442974777	0.877482453551626	0.74101551893878	0.858312457485588	0.804512234327556	0.624409683447974	2.22507823868412	0.630650609087987	0.824878536339449	0.75565469232757	0.439826616193382	1.09316387299757	1.11086744339739	0.341350882483384	0.8480437868775
NA	0.862143922011551	0.907892403859304	0.759812223920074	NA	1.17379116999341	0.838251686281574	0.869453328069994	1.3948268256526	0.76468714719214	NA	0.962883941489767	NA	0.296985359663417	0.31036336561157	1.09613463058177	1.19265499271431	0.583110438103001	1.09732276758074	0.94753071114288	0.675092963562112	0.485115359492105	NA	NA	0.722291284837877	0.255521618418575	0.793117505297971	0.688923422540294	0.894932869048465	0.993915723563544	0.824475392941021	0.937822762208213	NA	NA	1.14162624713767	1.21438469376334	1.04430245845139	1.38156352412727	1.43409414022558	0.673882726771836
0.800792522377144	NA	0.637986226903409	0.358524432742455	0.677773709050811	0.823457461765347	0.818003683450898	1.06783582038031	0.792168791482117	0.479087847182986	0.576976006774313	0.463075086391693	0.640157013759203	0.386098200820434	0.141564635660408	0.477212121936663	0.116728673064947	0.485987200401386	0.401032611609429	0.593080608492615	0.473428258842485	0.275456087844257	NA	0.523716349395148	0.548406752063493	0.393008208182379	0.590910766053176	0.53415387473872	0.641559470640531	0.292416318733918	0.362799866755497	0.433409162183697	0.752255313624491	0.609409829738567	0.348951737683664	1.14643532295642	0.253199977809135	0.622307079086577	0.365544088236495	0.295904339847368
2.10595861079404	1.28331985376151	1.61644960852549	1.21048703342254	1.18253411828367	2.18605792757808	2.407398631086	NA	NA	NA	NA	1.2134582394058	1.82225926561797	NA	NA	NA	NA	0.995021860924714	0.667852614060235	NA	NA	1.27190209885263	NA	NA	2.00363355915512	1.81861862542138	NA	NA	0.566937124896239	0.939783212922551	NA	0.828981569462065	0.767704646495305	0.761226040486208	0.672747137915338	0.81001772724828	0.852113065229616	0.53248260864815	NA	0.911519895514181
0.406829623643921	0.772498501366089	0.655741883017468	0.820655996266191	0.67368025764468	0.564604647170623	0.578526838712609	0.396367732861291	0.92321587347753	0.417421967137469	0.826583284753141	NA	0.423827388320879	0.396658053055005	0.485012864848741	0.361652364161127	0.713582840333476	0.623269364921525	0.132596457255594	0.155630050221665	NA	0.365100296068295	NA	0.304247950768766	0.507054895894735	0.600925395992054	0.931245714209677	0.514660727098248	NA	1.0031782803486	0.734172057696226	NA	0.417936613306533	0.412093608379811	NA	1.17954726698967	0.373803962499309	0.703907964133876	0.940038959930253	0.965867360008182
NA	1.06251307859404	NA	0.794517783428962	1.46234866648965	1.08905528119326	1.47969069475239	1.28241929125831	NA	1.16606036140858	1.4287079320482	0.930237330722527	1.7802038000972	1.29321896997927	0.3978259569106	1.66608150916879	1.7337508207372	0.461719478102931	1.20671717459712	1.01345425941084	NA	0.923701714891554	NA	0.695285078170435	0.552703998222354	1.15221051895601	1.73226047027002	0.662285604283258	0.769492578955658	1.05840444107417	0.919559146244943	1.22932534487385	0.328641893092413	0.352621160917445	0.325868754904796	0.254665033797503	0.542131430034175	NA	0.4182738079582	NA
1.04713619784334	1.15058805214588	1.02759540469329	0.882015806023179	0.939245237888148	0.970113592519459	0.627432419429471	0.831902992621919	0.437792561081304	0.613961931685581	0.547189194578416	0.639831803696097	0.486685051847325	1.11855819800878	0.996707331537736	0.441208672388521	0.558633525099503	0.169309014283201	0.866886822912463	0.691449244581272	1.15247007180735	0.114111625287876	NA	0.209635781658478	0.46484329213232	0.182987782813664	0.497510550626584	0.944126385823469	1.0943654335345	0.830629553805279	0.659468842541991	0.440492343899316	0.688676698106848	0.487485228049822	NA	0.464993098765701	NA	0.53667747355584	0.578724602840459	0.620300595308399
1.14604540054705	1.64755381473591	1.25415040285904	0.458164356634933	1.64395254586336	1.7486251754847	1.8104229465282	1.83497499254782	1.94927915899264	0.310867148214575	1.99526398533296	1.69937846425112	1.05567226727846	NA	NA	0.750225773450442	0.706622623060803	NA	0.763124143381823	0.790510996341886	1.71392636500223	NA	NA	NA	NA	0.260216635527338	0.127409482629499	0.119684869855362	NA	0.788955210508006	1.14451177505132	0.766632901501392	0.419141596597747	0.518739132714108	0.662852036915209	1.06527236489263	1.08498527624104	0.717078429649322	1.56460750555677	2.11828199059393
NA	NA	NA	NA	NA	NA	NA	NA	NA	NA	NA	NA	NA	NA	NA	NA	NA	NA	NA	NA	NA	NA	NA	NA	NA	NA	NA	NA	NA	NA	NA	NA	NA	NA	NA	NA	NA	NA	NA	NA
NA	NA	NA	NA	NA	NA	NA	NA	NA	NA	NA	NA	NA	NA	NA	NA	NA	NA	NA	NA	NA	NA	NA	NA	NA	NA	NA	NA	NA	NA	NA	NA	NA	NA	NA	NA	NA	NA	NA	NA
NA	0.672600910229045	NA	NA	1.15939609887069	0.607649866085409	0.992222640884391	0.952606809436338	NA	0.855100954442293	0.859196910348054	0.649157254828742	NA	NA	NA	0.675628812289528	NA	NA	NA	0.911695997973647	NA	0.689046765716993	NA	0.372755533594456	NA	0.734916011402084	NA	1.080681756641	1.23048121578013	NA	1.30122069150226	NA	NA	1.56826100931379	0.444082742885614	NA	1.20862073634335	0.525537697020445	0.330700683332729	1.50459801929694
1.41675470413466	1.35607850186807	1.25935352098772	1.27867227364181	1.02686808238868	1.20691500876612	1.2915642143253	0.890214739464725	NA	NA	NA	1.35950857896838	1.96806615830431	1.18835609373393	2.26460885407671	2.0103769937796	1.55471981279806	NA	1.26561772083761	1.20519643640128	2.33682978002908	2.23764582787062	NA	0.323513989280329	0.412281241194515	NA	0.452518033850473	1.92521085727257	NA	2.3587318976617	0.178098210083026	0.488070258033656	NA	2.49926089971343	0.624114207916253	0.535550846025822	0.853502303874509	0.889372481004293	NA	0.654759588117477
NA	NA	NA	NA	NA	NA	NA	NA	NA	NA	NA	NA	NA	NA	NA	NA	NA	NA	NA	NA	NA	NA	NA	NA	NA	NA	NA	NA	NA	NA	NA	NA	NA	NA	NA	NA	NA	NA	NA	NA
NA	NA	NA	NA	NA	NA	NA	NA	NA	NA	NA	NA	NA	NA	NA	NA	NA	NA	NA	NA	NA	NA	NA	NA	NA	NA	NA	NA	NA	NA	NA	NA	NA	NA	NA	NA	NA	NA	NA	NA
NA	NA	NA	NA	NA	NA	NA	NA	NA	NA	NA	NA	NA	NA	NA	NA	NA	NA	NA	NA	NA	NA	NA	NA	NA	NA	NA	NA	NA	NA	NA	NA	NA	NA	NA	NA	NA	NA	NA	NA
1.52885609297917	1.17656067680773	1.7146815616526	1.62686106737872	0.897601362983886	1.90417391570351	NA	0.353921191502858	1.39688943550195	NA	NA	NA	1.286838999618	NA	NA	0.972080243072826	0.80694051529259	1.36304185605028	NA	0.254490943632607	1.51921407623939	NA	NA	NA	0.451699826923821	NA	NA	NA	NA	NA	NA	0.734386056439515	NA	NA	NA	NA	NA	NA	NA	NA
1.48072462474314	0.708836409090541	1.28008604993514	NA	1.01535643136163	1.65826634348901	1.49352235125672	1.46991492172321	1.44653693348657	1.01482283532155	1.03862757955079	0.887743761260861	0.665402018633139	0.51640635887828	1.00576749452807	1.51151797101367	0.431277515244951	0.488279916044707	1.36335655731768	0.461796734410913	NA	0.385868248980656	NA	0.432313040671593	NA	1.01744859167741	1.25612130486663	NA	1.86326346911534	1.73536708172065	1.54672339957486	0.808242177730298	NA	NA	1.02961411150922	1.2248600713943	0.533305657648486	0.874517693425858	NA	0.373536778854835
0.726527867102055	0.450852819727888	0.810239330362847	0.498440994505127	0.755190297409537	0.838626901418143	0.342504411394203	0.775761153529319	0.604956639356097	0.858600414312506	0.762882086027545	0.416178406353947	NA	0.426613950690469	0.40862398400121	0.153687374304365	0.64330135506387	0.614864827491179	0.487708593802982	0.330767531966362	0.326116738305901	0.295122847086058	NA	0.389055419393363	0.826025519201381	0.180721791547064	0.598289019816328	0.602583430996632	1.34154221149202	1.20141813221472	0.808060977250179	1.47327618458848	1.25043725247096	NA	1.62307719275088	NA	1.47104594888423	1.79471802674786	NA	NA
1.82605807970141	2.29991879856713	2.41288073217141	2.29133878818144	1.95874177451933	2.06247965609152	NA	2.14580522127993	2.16109018520571	2.16974698953414	2.32754763502615	NA	2.28739557578031	NA	1.90064717142965	2.17995965078415	2.13809016207075	1.52777948195975	2.0103919530039	1.94568466758262	1.87154640872569	NA	NA	1.57345151379744	NA	NA	NA	0.925305689620003	NA	1.9013959919863	NA	NA	0.495480841195503	NA	1.87826380772593	1.12222616820469	2.50943694765761	NA	NA	0.903728444338734
0.606624935303494	0.348865177160693	0.481091800561311	0.747737797530394	2.3400971000938	1.27229197922457	0.655232396545979	0.783626998358192	0.345198333879335	0.39424811297837	0.615455911984277	0.908875612655795	0.682078621060795	0.249704655020251	0.963145826373842	0.874432028050484	1.0889401656995	NA	1.1294442251013	0.98155832677815	0.332495068683652	0.347323729756966	NA	0.293479979142649	0.27819336011898	0.539648117583574	0.751162608134816	1.02914005680552	1.17796173784539	0.338227650781852	0.431299812033664	0.935400054294834	0.796024350415959	NA	0.740256019992684	1.1976701413831	1.09516975091477	1.02258289084673	0.475954969942636	0.837268543290627
0.67946800831949	0.759271611049108	0.878726247649843	0.825328789135391	0.624746401035265	1.85897781394531	0.516276742817422	1.97534883118001	0.495557539987192	0.657257485155972	0.757222921079007	0.52219340842492	0.812363025105865	NA	0.543982071339103	0.327932679563732	0.493193614398468	0.543023686788985	0.385340126355067	0.38571209668461	1.40163495130966	0.596408200269213	NA	0.452035599618449	0.575044780142239	NA	0.192635574967516	1.39411390791135	NA	0.807805644378111	NA	0.582150318293023	1.11973954210675	NA	1.68043671630266	NA	NA	NA	NA	NA
1.50594821437084	1.3516056716694	1.54786149536143	1.61328913928297	NA	1.63905000221432	1.64428674560807	1.77371984584451	NA	2.08518483307856	NA	1.70129174386003	NA	1.61001331538636	0.96041164470015	2.2428688547402	0.6782290682	1.38036629220706	1.1306577567242	1.04060828006831	NA	0.562843090457775	NA	NA	0.929079500840155	0.509115460228798	NA	0.808994892332388	1.51518338279633	0.75896932527584	1.91602916386146	2.13786055836334	1.80133403062931	0.711801974062251	NA	NA	NA	1.3519439041229	NA	2.21292483470422
NA	NA	1.89845278033015	NA	NA	0.661238622101843	0.448072264404253	0.790089409443929	0.913040218439842	0.753042117153388	0.875780929874722	0.395197615312799	1.31380168408537	0.0599200552990466	0.221430524545525	1.21711575385129	1.96755479371658	1.3266293751939	0.399204214701606	0.632157717257608	NA	NA	NA	1.70085284776938	0.77113364893783	0.688624850166072	1.11210875151715	0.82424152327384	1.66771803182492	1.46725662630535	1.68131381718163	0.262431260176195	1.34525402046678	2.1378897350939	0.806021273285664	1.68839005268621	0.667253564308055	0.704555890458724	0.602574919557243	0.669131904640649
NA	0.495053335331095	0.712572589112021	0.546684328101981	1.03674446955071	0.587253545795893	NA	0.88187763275616	NA	1.27682482216429	0.718590982972435	0.93898029462179	0.979650360461367	1.60585537472115	NA	0.639223320160702	NA	NA	NA	0.667131336679988	NA	0.662383554573186	NA	0.793510060900702	1.00147921485168	NA	NA	NA	0.527573861378141	0.498735606923642	NA	NA	NA	NA	NA	NA	NA	NA	NA	NA
0.519728222599095	NA	1.98702143583256	1.0015171354432	1.09088540208449	1.32031905860917	NA	NA	1.09033311530045	0.90041257008343	NA	0.491181521892547	NA	0.230147388099916	0.38638767759396	0.787887751900594	1.87273289234435	0.850142293663886	0.826040111474857	0.675730317179738	NA	0.291158659559779	NA	0.780922219165271	NA	2.14648500344331	2.20021091113666	1.8045932603031	1.09202247010936	NA	NA	NA	0.851194899569651	0.721160470184953	NA	NA	1.11644201382229	NA	NA	0.412250139081423
0.821001272940825	0.253301448390718	0.451950297372139	0.274780237023131	NA	0.523576265084187	0.31439898809923	0.495715495806611	0.378975305912312	0.50338118932323	0.648878747460459	NA	0.32802440244877	0.588078428013422	0.357987671198254	0.526030908908805	0.326467348015272	0.443027485754977	0.376163162397583	0.302235018849488	0.594772367134064	0.216466701270005	NA	0.315259371803183	0.362027484491366	0.218005814664082	0.270971588075476	0.374401951301552	0.427042905790107	0.988633547915996	0.503919919686135	0.414182800028546	1.38566509762995	2.04772548143948	1.68089341773609	0.888126591634383	0.48454994208617	1.101373471231	0.489487656294309	0.231542734910484
2.0256293230727	1.65837963060368	1.96741923908296	NA	NA	NA	NA	1.62635427884346	NA	1.8391990425223	1.43597359998307	NA	1.72882958661409	NA	NA	0.790540049915666	1.54047806867259	1.47070303889041	1.76663709860663	0.456116808258028	NA	NA	NA	NA	NA	NA	0.462295718349708	NA	NA	NA	NA	NA	NA	NA	1.2695632634109	NA	NA	NA	NA	NA
NA	NA	NA	NA	NA	NA	NA	NA	NA	NA	NA	NA	NA	NA	NA	NA	NA	NA	NA	NA	NA	NA	NA	NA	NA	NA	NA	NA	NA	NA	NA	NA	NA	NA	NA	NA	NA	NA	NA	NA
NA	NA	NA	NA	NA	NA	NA	NA	NA	NA	NA	NA	NA	NA	NA	NA	NA	NA	NA	NA	NA	NA	NA	NA	NA	NA	NA	NA	NA	NA	NA	NA	NA	NA	NA	NA	NA	NA	NA	NA
NA	NA	NA	NA	NA	NA	NA	NA	NA	NA	NA	NA	NA	NA	NA	NA	NA	NA	NA	NA	NA	NA	NA	NA	NA	NA	NA	NA	NA	NA	NA	NA	NA	NA	NA	NA	NA	NA	NA	NA
NA	NA	NA	NA	1.86080715499114	NA	1.71313193414541	NA	NA	1.91257753428282	1.69556265049187	1.92497099801081	1.05519907513461	NA	1.44265256001183	NA	1.76580410916822	0.873778481537197	NA	0.686046044004022	NA	NA	NA	NA	0.680877679804562	0.667284039215853	0.43632926558148	0.279891401435029	0.280820471917463	NA	1.05925899967831	NA	0.545479202143631	0.096859179739176	0.385119732939918	NA	0.334256007611166	0.662828746728417	NA	1.01139450312838
2.04377403131791	1.90220790134078	1.69513791029069	2.03322115958473	1.67598311011866	1.79332724330847	1.08952145310207	0.736924538456819	1.08339336617042	1.04493679182874	0.420231174142259	0.46512021828	1.24971794652494	0.873284620697976	NA	0.547812813793363	0.520825006814593	NA	0.509262236076622	0.425228133377583	1.97761967810901	0.498873599879389	NA	0.433760397758328	0.568335819808673	0.423073512105644	0.304305918956088	0.760893100419478	1.27813491229345	0.605356323725954	NA	1.28101422054579	1.43277270132037	NA	1.19659412199267	0.26742776279671	1.19414130233716	1.37875713117148	1.36018703941866	1.28893628867641
1.15054269184791	0.636490858241602	0.986829700770803	1.18302590255539	0.967282031940387	1.02353568921977	0.803455239062682	0.970418277522592	1.35991588443927	0.396157670355065	0.305122277110216	NA	0.494040479111337	0.490761412412246	1.18472950774126	1.09521437732466	0.980195810062364	NA	0.548603270820393	0.418687989684246	0.695907270931488	0.346198468901548	NA	1.46901426157316	0.168797004625417	NA	1.31445670045862	1.00277550325622	0.78959663935358	1.55218283502555	1.15130835534423	1.3691716424972	1.77688874331598	1.02050310526904	1.09776895181625	1.65466987653653	1.11707738784452	0.955686487750998	0.853908105136146	1.02601609708091
NA	NA	NA	NA	NA	NA	NA	NA	NA	NA	NA	NA	NA	NA	NA	NA	NA	NA	NA	NA	NA	NA	NA	NA	NA	NA	NA	NA	NA	NA	NA	NA	NA	NA	NA	NA	NA	NA	NA	NA
2.36074646286407	NA	2.1573965517822	2.1149611283227	2.38526374635306	2.16656503347211	1.89157275020241	2.11042031571538	1.39292927831459	2.20348904511492	NA	2.35687407036604	1.24399898829387	0.985974960806895	2.14002152092636	1.43856961363044	NA	0.871618318340391	1.10053152701786	0.898219546938509	NA	2.07002372102865	NA	NA	0.682507561429746	0.699604839391793	NA	0.312919916102048	1.92182621565918	NA	1.95270804956548	1.43078496694571	1.47008869631768	NA	1.96133117435384	1.67580826028067	1.58526465710562	0.885202591727328	NA	1.21517736095364
0.822937841262501	NA	0.764703887044703	0.942423622751524	0.688507718481215	2.2773545277717	0.773798733747934	0.776815562526048	0.855942989385189	1.04418270628681	0.843410158010284	1.15874762173142	1.73787219393907	0.914508516890139	NA	0.778619793124348	0.6683838920705	0.353671994121667	0.644929712296525	0.138811217756837	NA	2.12151992174003	NA	0.657041171938266	0.332900787673925	1.68473485273634	1.80856509430988	1.42829858470933	1.62600628169131	1.36927292011926	1.07619074855677	NA	0.779625369721912	NA	1.2636872077182	NA	0.675181295593568	1.20686483614547	1.13873644975334	0.931980109041329
0.614816095476757	0.288271622016742	0.472796327453202	0.252373387347663	NA	NA	1.12465282913971	NA	NA	NA	NA	NA	NA	NA	NA	NA	0.394868902277006	NA	NA	0.136655521856602	0.531837059253169	0.458562817095576	NA	0.439981919229145	0.247410973629823	0.560461889976095	0.270485018999195	NA	NA	NA	NA	NA	NA	NA	1.85547581488564	NA	NA	NA	NA	NA
1.21974541302888	1.11221014920463	1.14230440303471	1.18861651248774	NA	1.11326354204064	0.993088220547843	NA	0.686431382914568	0.405851209739532	0.977704771715017	0.692028114593365	0.602664411184065	0.510688832467558	0.561449641547325	0.624723184629171	0.822024981022906	2.16454393655628	1.32394697031041	0.680136355380772	0.884350562456248	0.617485347951479	NA	0.971521160235741	0.973179839414204	1.8089504718539	1.06141863772546	1.33875587547552	NA	1.66942652647594	1.49444991013979	1.79042159682149	1.54947898116955	NA	1.44621883114835	1.86429660887434	2.22498029864695	1.57052639983132	1.25886893600917	1.77660367964912
NA	3.02579719263503	NA	2.19999379335851	0.581858078417117	2.78326653606445	1.97616977058938	2.88853456602025	2.37811161219349	NA	NA	NA	2.16770786559342	0.340754630853527	NA	2.2498657988962	3.24444521119658	3.24708501076757	3.12110521548446	2.09430670395496	NA	NA	NA	2.74339331884117	2.21147063762842	1.4731131492417	0.390425984964301	1.32358005398911	NA	1.8536730484995	1.98756925529352	NA	2.20397033692433	2.44529080444766	2.21230344368658	2.36586550504386	2.45746747452152	NA	2.56395655799652	2.28106878196193
0.756952848947064	0.984185357057036	0.57000964588464	0.691543584272998	0.597550924469014	0.726919117111738	0.658298831045023	0.47960900658357	0.514278897769898	0.832477877635056	0.86102334247819	0.613484147463811	0.402393036015452	1.4323904718154	0.947531055564415	0.535396330187902	0.957534718642676	0.665680069221475	1.63567326822304	1.46775990612038	0.674957030644342	0.30100857035146	NA	0.160506964841383	0.555428817013574	0.317680928626891	0.284527027575792	0.73380579757488	0.812110087335194	NA	0.734524309923663	1.69353249306183	0.997360933604928	1.11255278754112	1.44414480211687	NA	NA	NA	NA	NA
0.65541069103133	0.667857087348249	0.633516936585399	0.667623910924671	0.67678274382049	1.27578687358516	0.864729682754848	0.992625595191921	1.10353755678148	0.870778780576213	0.705929408397697	0.853778994056368	1.2262562938373	0.992254561235218	0.697777838336489	0.877736591237541	0.458395400524483	0.293298215626053	NA	0.470070228265753	0.466956965581153	0.307416100048315	NA	1.40316331847719	0.73198647942276	0.108398382566052	0.624446991013252	1.05438363420982	1.399267966813	2.4038157671695	1.92134264177249	1.96054658634532	1.30186140091019	1.56935623400376	1.99646611780316	2.09992944912015	2.13413519601731	NA	NA	NA
0.41706260204892	0.477891351141866	0.996305288237858	0.549559322935453	1.52484355810133	NA	0.196223032285217	0.847688893436882	0.758264715760823	1.22637932608808	1.46517099206597	1.06485412789467	0.569951573840118	0.877809059267047	0.630621419190087	1.08040660392986	0.827249525384257	0.686694235765898	0.793086293137101	0.246990668907446	0.907150553980753	0.294509654776387	NA	0.451544842922629	0.356804383710176	1.18593121229746	0.730318780265684	0.607513476471957	0.972927210595987	0.81377384369709	0.70324853697337	1.34797193386299	1.76409952855584	1.04491603709129	1.2386489281033	NA	NA	NA	1.57716468755973	NA
1.92614735125939	1.49690355136241	2.30903754001456	2.04680579380916	1.74389439089018	1.71345551138017	1.97162271227222	1.89377678090519	2.43955450279892	1.99745837743047	1.83781875545614	1.60869790724873	1.34920952179152	1.17281110302866	1.37293394824321	1.36360678631315	1.52294288757032	1.18815366880406	1.51181911252521	0.523170359742187	0.942583644222026	0.388316614212471	NA	0.583181153925666	0.444958675777728	1.84592038869066	1.68205809104369	0.800255424407617	1.53240169588076	NA	1.87128935411917	2.28496807831214	2.47078793864488	1.47258784513927	1.06076778455789	2.22088121136005	2.15682050904831	2.80579923268988	NA	2.10381149012892
0.459584640437602	0.507043775808701	NA	NA	NA	NA	NA	NA	NA	NA	0.767196628251732	NA	1.3287179793375	NA	NA	NA	NA	NA	0.370972799704993	0.580972198299624	NA	0.972856150269392	NA	0.699803504873423	0.660380165183232	0.600323564090142	1.00765120813667	1.15800441795423	0.719810599132654	1.15246011519489	NA	NA	1.24185941905115	1.07200852274729	1.07018258001469	0.492917968634209	1.07507179541336	1.20658648107836	1.00808459669054	1.40237822003611
1.47352290622295	1.5765802788251	1.37374289206101	1.11821287259466	NA	NA	NA	NA	NA	0.938733721412322	1.17136962603488	1.07848970604165	1.54131170539433	1.39102129109472	1.68762024947517	2.54909023034524	NA	NA	2.00004656257089	2.12843889775507	NA	NA	NA	NA	1.92807186417304	2.02806959364241	1.51651809022962	NA	1.7228028236067	2.39521401552551	2.34854030115976	NA	1.60926019545476	1.64001491021651	1.85876111334039	1.92610413302123	2.18066095991626	1.89024853155701	NA	NA
NA	NA	0.57989637429855	0.589221164104316	0.599723856538356	0.689749274391881	0.152312559364549	1.09029204389201	1.14019443691292	2.00018701528948	2.40733123661655	2.0866874312527	0.533879641186114	0.500557895305084	0.733333994956701	0.463822690781456	2.74148983717075	2.22966787721942	0.536882243839539	0.34715234426068	0.768193043245913	0.2397707432241	NA	0.929993753299357	0.946070148750494	1.41808106779327	0.414020503272396	0.592628001241936	NA	0.704174179200626	0.662019698223818	1.05973198980542	0.502594463282361	0.499600271024774	1.72256120103819	0.311674601185666	0.251402477277046	0.606589321889235	0.180307581237669	1.43332550568151
0.55317036326365	0.445164070217388	1.40957941170762	0.857000106113377	0.604780515881665	1.20080798974097	1.30277416247074	1.36239885403255	0.61275038137297	0.916203470670357	1.25960279020416	1.1394585286039	1.10230455354218	1.14359982467814	1.24991973037504	0.73123012933904	0.541856039820118	0.541573069378707	0.608639341584462	0.655172076059191	0.759665426025805	0.419421262414724	NA	1.06339942442023	1.10873517112751	1.09220078818061	0.842216484083079	0.834056971252295	1.19905640752514	NA	NA	NA	1.05169446604667	1.48139571539923	0.641775859592264	0.59774814040293	0.593342833397144	1.26825653116609	0.602844796391563	1.15533188372092
NA	NA	NA	NA	NA	NA	NA	NA	NA	NA	NA	NA	NA	NA	NA	NA	NA	NA	NA	NA	NA	NA	NA	NA	NA	NA	NA	NA	NA	NA	NA	NA	NA	NA	NA	NA	NA	NA	NA	NA
1.91258888779243	1.74876335292543	1.7294832925362	1.38695955287795	1.27595258712009	0.81734844047164	0.981687559212253	1.37845331428549	1.37587009733572	1.47176820949724	1.40855432627043	1.07578344148352	2.07080216719644	1.41879783903035	1.30024160814765	0.861671897430485	1.553276374939	0.949643573697727	1.02049743635716	1.1344403214812	1.64437160101995	0.802190932951088	NA	1.05165329074868	0.710172838004107	1.26937758813571	1.0432204208054	1.08142929999215	0.868869517091382	0.741795744397821	1.14847214884074	1.63139486848316	1.32261792358551	1.61174769167654	1.18981445079797	1.94750154666137	1.85176350605971	2.00614375156147	1.23025027504883	NA
0.174779948569142	0.54142266642494	0.509525121487937	0.301116958624289	0.330514701401739	0.314192211413277	NA	1.33382809349513	NA	0.568713911484442	NA	0.459949297016433	0.602519301869298	NA	NA	1.36598935563851	NA	1.58658098199885	0.9615819918191	1.27045789073058	NA	0.826178866083792	NA	0.697139284790455	1.01815437343454	1.05221788560217	NA	0.92514666434998	1.36377490408941	1.69637151514881	NA	1.39269861815965	0.65533662444043	NA	1.82947871276638	NA	NA	1.80456511890315	NA	NA
1.3950945788535	1.12900873653866	0.773293072642249	1.01882679841818	NA	1.29769958315671	NA	NA	0.841423705627673	0.350246413644993	0.687500840920857	0.933210552277199	1.01597485148234	0.748568738015141	0.674825414861327	0.975101498228246	0.590369417092251	NA	0.368200092632714	0.66334615392313	NA	0.389574669247877	NA	0.288069820838617	0.398661160068643	NA	NA	0.913953833401655	NA	NA	NA	NA	0.808596220867888	NA	NA	0.445292196000217	1.14925839608279	0.970238515602482	NA	1.3159950687577
1.06549738891037	1.22068144781972	1.25123671286038	0.815308508067997	0.91179381482245	1.09276976438455	1.25000839319199	1.25707756869188	1.59229570198871	1.15787276369596	1.1683975376535	1.21212095543586	0.698435139525445	1.46267494532654	1.0055215666494	0.626127163292519	0.429227728734417	0.625944967310947	0.535124200972044	0.754657099022512	0.699873568447779	0.493637916070669	NA	0.388480282701788	NA	0.450865196963203	1.03339399053484	0.62933884653054	0.75811377291491	0.910623982210547	0.458828768099468	1.26607112392498	1.65122053332658	NA	NA	1.47135139434611	0.636392315635573	0.354583328096878	NA	0.502226293029977
1.02174691096592	1.1683607437337	1.19361132115024	0.716783994565746	1.09211687124879	1.57040704503341	1.16445229339683	0.960608272384139	NA	1.25628750224139	0.888598293742314	0.823734709382604	0.477673780147716	0.822829571115587	NA	0.943564784525749	0.678482934362207	0.749666777611031	0.302198259599454	0.609413713808362	NA	NA	NA	0.781231283404263	0.550219485413595	0.635605708824171	1.20802002915321	0.496044179112906	1.58370323038113	0.933263126821144	1.46788405283946	NA	1.65565159235238	0.440286425690084	NA	0.646022663333372	0.628246092544512	1.03952888348458	0.509084383679332	0.428716875202978
1.02456304953197	1.03675553894544	0.724171437345781	1.16609087176605	1.20343107524895	0.872449808283977	1.07799103774123	0.870547703051095	0.582235149645825	0.837110493188799	0.992127340825317	0.495022603950293	0.833971951464602	0.983897136949304	0.843017269864062	1.03296951269786	0.991974849409491	0.67919603084839	0.360452381126912	0.360571341735753	0.394212070121939	0.389374616430293	NA	0.162876514339413	0.299651643036222	0.464839562082442	0.782331710606988	1.37503076140016	0.644082704028862	1.26651048089313	0.584687574858578	0.852983559720845	1.04180267679281	0.640738736061787	0.705956161908764	0.957303476907943	0.935415613100625	0.58807040839735	0.477413551998738	1.06422582789276
0.802656011273153	0.618537180408231	NA	0.706880506344911	0.830252866261339	0.734595860581109	0.619874993504795	NA	0.999996933623789	0.710976341180601	1.0223993478468	0.847067209016111	1.36345384805882	0.575443716280152	0.922504925215522	0.271719619934075	0.254088420675458	0.857373325408806	0.784838064473721	0.463653535088664	0.514163250146816	1.18508726620664	NA	1.01961269638382	1.03908273944386	1.11259230621434	0.433065551197928	0.595672903223416	0.708986110538963	0.552014229589479	0.687489184418482	1.16275794639445	1.38965904476511	NA	1.3154636297047	0.882113941473998	1.04409075468835	1.3329486398403	NA	0.691164347902637
NA	NA	NA	NA	NA	NA	NA	NA	NA	NA	NA	NA	NA	NA	NA	NA	NA	NA	NA	NA	NA	NA	NA	NA	NA	NA	NA	NA	NA	NA	NA	NA	NA	NA	NA	NA	NA	NA	NA	NA
0.521464741335277	1.14837459511073	1.50611053058667	1.61926776371226	NA	1.55424888343662	1.71106785096308	2.12870985461071	1.53704463871583	1.16453447433358	1.12243915967485	1.20722413417066	1.34671825401124	1.18443593072631	1.01406006890941	NA	NA	0.501248555085518	0.706197403168636	0.611522656203166	NA	0.234494342465533	NA	1.97212960941175	NA	0.567070617927206	NA	0.824642006568846	NA	NA	NA	NA	NA	NA	NA	NA	NA	0.955815800116551	NA	NA
1.62489188068712	1.94738102679654	1.5079396802527	1.28242548029118	1.05111715470537	1.2573217634344	1.60540888596304	1.7308891475582	1.6542230852399	1.87600318332338	2.17700842816361	2.21094998148646	2.50112367158401	2.23449200605587	1.79467712057022	1.89731140571425	1.77998912932746	1.46118092987129	1.364625801481	0.816105153917068	1.02422413857763	0.766149456131277	NA	0.319150049121601	0.583557305408546	0.58823575869305	NA	0.440475216737908	0.876347218245939	0.866805242463846	0.870665729065293	0.817978329693868	1.80600857812062	1.09568941544556	1.40427510926149	1.15053909881909	1.27755649168774	1.25301906473663	0.63514196238808	0.784156693186859
0.666143830619409	1.18805758829377	2.23025606648002	2.32324663795446	0.968638266298287	1.49938272264663	0.972022402871664	0.792510811521745	1.14080775476683	1.18340655725396	1.48128838047249	1.37900053041307	1.41946978052412	NA	1.3631467303742	0.878060006642068	0.776479098293848	NA	0.8491501276558	0.720216540936911	1.04436247032418	0.575478289260026	NA	0.243860571019701	0.684924211547473	0.61688703170946	0.524443482555797	1.46069657801661	0.459487191476888	0.578980150803447	0.691269567918551	0.838288920216062	0.780490236216744	0.450515068337082	0.756690688093867	0.664260968959871	0.570309209124544	0.667637777364513	NA	0.625468429130842
0.713702832561063	0.41829283203293	0.677885953579889	0.55992870258945	0.555203268348487	0.632815876794898	0.228285003540612	NA	0.357548778099113	0.583243162418629	0.550713321494249	0.366065375149048	0.443950284759053	0.625323242248727	0.824780858868008	0.813560161949893	1.26190130969105	0.972648716613869	0.559905780167142	0.409204429802018	NA	0.0789860199533709	NA	0.834588936811076	0.46556966742694	0.265076603003237	0.327497591435499	0.418194936379581	0.882915878649634	0.567969007637286	1.23456753450007	0.476513647236381	0.584216406522752	0.557215791773227	0.987242027767386	0.784333310121622	0.502081444090983	1.10442535092227	0.36492143661975	NA
0.777618043269285	1.00332747608401	1.28483048148781	1.20158221409285	1.0756218535697	0.988167607984476	NA	NA	0.763084572939187	NA	NA	NA	0.261959999395321	0.413411134715211	0.68102841184715	0.791856127402	0.79807381235978	0.594273345035138	0.783358906030726	0.782527773954066	NA	0.451585264311909	NA	0.271757932777923	0.429691814382615	0.521062697725534	0.584500880782351	0.569711406160323	NA	0.919048896088068	1.01510368255678	1.45606379448159	1.60322789160556	1.10123493706408	1.47030760345437	1.40996311321274	1.22926959763672	1.27657542412998	1.37101696769898	0.989621190926779
1.02535470872502	1.15666302639096	0.78343276520684	1.90021027023232	0.76564433494548	0.245204761030861	1.22652622698658	0.602630765086368	1.22454567638779	0.365220986178575	1.21388990570784	0.560915125115218	1.1072079445621	0.568887470853064	0.627919959439402	0.622105831521436	0.764500485879395	0.338377913848733	NA	0.412141861338344	0.826096603087422	0.149175966025752	NA	1.20205988769861	0.341244867484426	1.05376339034179	0.801286959310253	NA	NA	NA	NA	NA	NA	NA	NA	NA	NA	1.52295336360773	NA	NA
1.14662351065873	1.65025498797499	1.62328531528606	1.6529063496792	1.31587132202309	1.4934575862266	1.26609625989116	NA	NA	1.34493590340232	1.05016964890673	1.30910621324298	NA	1.60600082534272	0.755463046609431	0.586337079567046	0.639807876961063	0.642052961939923	0.721666509971345	0.691334513043554	NA	0.136512277733345	NA	0.422167840793025	0.576064705405383	1.58325535720629	NA	1.65798782104758	1.47149636569989	1.24844206392319	1.66226759859722	1.91128978903161	1.57755244099506	1.64596749026223	1.32258668006962	1.16436621611535	NA	1.56098038468171	NA	NA
0.86805105119823	0.62239200767456	0.75110579118997	0.616896991848618	0.767347467171501	0.78499649453296	0.631814693800812	NA	0.666716649385627	1.25418142386003	1.09394603068458	0.752034913867409	0.46427364100912	0.385475838518556	0.617476760761194	0.454978281097247	0.659109422688807	0.717723195108443	0.182537092570857	0.449762587846737	NA	0.354499067116503	NA	0.601071529667152	0.889391062069297	0.597299097943397	0.722964072203884	1.31417645067851	0.879891843349444	1.29261359994376	1.37463912461017	0.67773394740625	1.24906990905478	1.17882885478997	0.481081149416747	0.486284824328137	0.816623775989038	0.604082199890082	0.2668048157763	0.319402635945191
1.83925679141631	2.48141068609509	2.70478759063471	2.82447383758865	NA	1.39272529146423	2.06050034869528	2.21432338498808	2.05096362138023	1.52744661934473	1.23858351338821	1.6148177883321	2.16779471861022	1.1735936415605	1.77702838259487	2.30522645181722	1.26374853507078	0.810236250659688	2.55495588772983	NA	0.939336856105352	NA	NA	NA	NA	NA	NA	NA	NA	NA	NA	NA	NA	NA	NA	NA	0.976995019347511	1.28786684597365	NA	NA
0.922852173660247	0.561349226164838	0.671650909341806	0.613736601593391	0.59211802157587	0.509375547695513	0.614809141881112	0.498467355144442	0.699262213296087	0.577741832650524	0.795145944083548	0.866502812080831	1.16095263852757	1.11747639269614	0.883323956555218	1.29886581509447	0.527959759373189	0.54644735496096	0.4258337324209	1.49895156590998	0.527738317550856	0.529740021639768	NA	0.303303090379224	0.831650388542231	1.17699790854655	NA	0.609417112553487	1.17516724973192	1.70805700816586	0.480492844881219	0.415557316630063	2.06109224962946	NA	0.576645839814343	0.885118431208073	0.29012319941051	0.436339973508389	0.723107716631986	0.253696857974914
0.308139929080086	0.272483613922027	1.04632941868635	0.615200419384044	0.809504021022775	0.806452231344835	1.05720010847313	0.74973332814475	0.758891283285398	0.439801944073226	0.46477882282309	NA	0.55398804325059	0.468254599612583	NA	0.164017903847615	0.297955000185601	0.16864920048192	0.391631375374278	0.880609961932907	0.528876800983751	0.621717881553493	NA	0.423427215598019	NA	0.591971306323794	NA	0.477222498398668	0.448082947703075	NA	0.426001552426486	0.884944222731402	0.303505998194757	0.577278004597436	0.733193312243456	0.801986789459141	0.839062047870211	1.0532801982256	0.982488585798884	0.887939677460673
2.27100152350448	NA	NA	1.78471964255213	1.57684391894428	1.95996636912862	2.09257697407281	1.94146912741883	1.60082315276557	NA	1.27656573207145	1.13376325551024	1.1213020330067	1.12249930900434	1.03734799672728	0.781441923520947	1.55317380519056	NA	0.699112795809024	1.84593723991516	NA	0.486653045799671	NA	NA	NA	NA	NA	NA	NA	NA	NA	NA	NA	NA	NA	NA	NA	NA	NA	NA
NA	NA	NA	NA	NA	NA	NA	NA	NA	NA	NA	NA	NA	NA	NA	NA	NA	NA	NA	NA	NA	NA	NA	NA	NA	NA	NA	NA	NA	NA	NA	NA	NA	NA	NA	NA	NA	NA	NA	NA
0.240243098631412	0.271779024171603	0.275816495955158	0.548443919842856	0.387767729644543	0.42309797586767	0.878024025682905	0.549236726362955	0.539921049557358	0.0651277151258272	0.222796564734871	0.681410233642491	1.69454076902327	1.78165731074995	0.236792393238762	0.754682339188159	0.563350956401307	1.36027525613687	1.09785749973258	0.413829615565622	1.89794086781654	0.333411991334773	NA	0.441256899294963	NA	0.57193965398322	0.689995417222158	0.850719911132437	0.94800295643189	1.13456813707634	1.19431902061658	0.851674128487551	0.845494469239859	1.02160489113909	1.03836608010857	1.71970273747211	1.64545316840211	1.29101969833025	1.71026790138841	NA
0.760288418147699	0.962127289165683	0.453478257864726	0.436285559781263	NA	0.417996167554857	0.841619750407447	NA	0.723322417429962	0.397974557342259	NA	0.795899847468785	0.844215959144808	0.658799483501972	0.610644371824094	NA	0.315454330950874	0.328204116930147	0.232858173705158	0.199137965098492	0.75279133293412	0.368443441538779	NA	0.725285721069902	0.599043170839434	0.693701139265302	0.416238384995996	NA	0.850655898065924	NA	NA	0.882068427536788	0.55073464669859	NA	NA	0.914488714989288	0.954015383941033	0.50475564494504	1.06244559498986	1.57312503959087
1.24601728947851	1.22480429530273	0.905699011126764	0.851633145159063	1.07347266444462	1.27454235763361	1.05910228475571	1.09273406601844	0.902818123654603	1.07209347953246	1.34859650417138	NA	1.1720988305568	0.704526332042759	0.876736505809962	1.40109864042413	0.462746083546482	0.969896490691998	1.03378530396998	1.39689120637171	0.745212587754825	1.42488389856161	NA	0.548689722512968	1.25951060784901	1.32290203716338	0.208132269032787	1.25490607125193	0.656799705919123	0.989782139538086	0.42069597993842	0.384988018488737	1.06223126121596	1.18201985407067	0.366518810792357	1.39790253041201	1.05740570048894	0.621255665559528	0.896868368124337	0.898708503140052
NA	1.30583457705551	1.33448940663827	0.990839771405154	1.22828700505522	1.26403247882967	1.37718349256431	NA	1.26625976210408	0.971524419817604	NA	1.05020397045306	0.989222435296545	0.766775805946958	0.554891348900348	0.471594876276672	0.528646172614357	0.741520143855483	1.09050769240391	0.921207554383247	1.03744273394559	0.240451306289528	NA	NA	0.413512661711248	0.757272718276292	NA	0.816611686474492	0.522703355050105	0.391492171730757	NA	NA	0.504687858802872	0.457893235824166	0.352309941101166	0.826276008468841	NA	0.66169935580324	0.282677645673166	0.47106309308925
2.03004107102427	1.86447972081982	1.64609158324646	1.19896903705402	1.07504558767763	0.620892482093499	0.39850199228418	0.299214069432866	NA	NA	1.00775232254938	NA	0.615828647874932	0.598077883708858	0.447394779109113	0.349672138077941	0.657332194029209	0.724773080200518	1.15369775250009	0.983021052143132	1.10794643936948	0.843184998438412	NA	2.08060920537851	0.8695558910041	1.06629444535272	0.769074350655775	0.537537319481332	1.06191456899678	NA	NA	1.41949011979551	1.32525977538977	1.04352552569728	1.91277014709835	1.72634752567152	1.71264165879717	NA	NA	NA
1.55493613554772	1.7838106286223	NA	1.39006305173626	0.850211363517519	0.909367779465066	1.59289172680745	0.490474376715048	1.04695612617878	0.795284932412875	0.622189759205976	0.446739679254257	0.27171088309298	0.661814050393319	NA	0.269349354815871	0.306965355066653	0.358133996666372	0.829109160706222	0.4093255005062	1.29532502362107	0.84586732921675	NA	0.452674767229373	0.343741601883559	0.3641951457427	0.550089862164974	1.0322034594191	0.29156086573367	0.561476242340245	0.889311231153862	0.679165756835669	0.662780262382997	NA	0.238007318210376	0.340226126178046	0.289603149823395	0.677991688406161	0.0606395718002741	0.443710930883844
0.152698695600851	0.352608555397419	0.671963649239686	0.659645891400544	0.473428026158688	NA	0.384410983598239	0.215672937231325	0.313861615576206	0.282791682625344	0.404728761489687	0.499978693017079	0.475371175029955	0.776396432686376	0.126687976497592	0.162508448545901	0.327737190668884	NA	0.266765302714889	0.249919220736608	NA	0.314146390177915	NA	0.256272105831236	1.0183491124784	0.350263294816731	0.136172937621386	0.804442165308117	0.631287981871094	0.210377248607494	0.797617101341889	0.834232410440093	0.803557547710259	0.78219283513748	1.03186016309853	0.28544919512632	1.28938196228772	1.14406949553793	NA	0.328050645992711
0.64413461982265	0.970059099039403	1.4872390575324	0.862388684245429	1.32150942486805	0.501920431990507	1.34803428047053	1.57280169084909	0.476977996797552	0.826516469948781	0.70868230431311	1.44930089967836	0.806922146731516	1.26156796815987	0.615733921467566	0.454541711893778	0.247665236205391	0.192487359006517	0.242386116492284	0.496679711880059	0.401639535295482	0.597043389811699	NA	0.898282958891426	0.696268399087696	0.741170302258616	0.628725316178968	0.236407740421109	0.340876526677164	0.69999579880741	1.03166859122371	1.33574620331629	1.10174858521727	0.55807150591763	0.450529086062291	0.441024411587572	0.478264679712992	1.33690094375515	0.564942351809343	0.654513394283148
1.09232867292056	0.765368969901705	0.966278393200841	0.876147004364382	0.517899779744778	1.15283866174731	1.13646629199896	NA	0.337672111954127	0.847970338610003	0.368011253839434	0.311261128666494	0.438877282883927	0.480853435267766	0.645051861091284	0.718842873058392	0.522298307648812	0.495583007295181	0.338986261804877	0.222998698834065	0.796475167856802	0.365858790707019	NA	0.356996061208038	0.162241763966047	0.288125502339942	0.404196981358108	0.454784081614369	0.696258758180329	0.850590871162583	NA	1.11641162570417	1.06814197075673	0.801895892628546	0.560918495121996	0.9115226939989	0.671872323423167	0.682334754542564	1.01201568935712	1.0043070887431
1.16153692276772	0.780133961337934	0.302012910009671	0.600850972330406	0.317976979648055	0.578931862789507	0.514584858343634	0.177301161484215	0.574711433403581	0.875488277636784	NA	0.270171049375628	0.800180732580664	0.650634210603733	0.771968831306999	0.235597486111339	0.70773086888981	0.654151760019432	0.600710983441261	0.682476785299804	0.389154219958164	0.254226452802451	NA	0.213909824880505	0.437291746532938	0.333829880672338	0.42539809433659	0.457564986348091	0.548537556798204	0.705857424827711	0.705539010927083	0.75016303828588	0.452749985340162	0.268597881615517	1.29370846383175	0.561766074559327	0.293440262184201	0.520089066030192	0.518133303606315	0.565911834970161
0.911428602700208	0.628921799555573	0.847391622523424	0.588296727605603	1.02237912135375	0.999175588162127	1.05482015803888	0.911225188512893	0.448150447890913	0.607875675057641	0.882925872692988	0.672824515255113	1.00230856756268	0.590880089585661	0.758872261384525	0.75805467460128	0.705857893857509	0.61524890816049	0.518153338874249	0.570154640253475	0.330913807831796	0.355382711950669	NA	0.587727879331225	0.236791555566102	0.25917589995993	0.265878764667605	0.430675388998339	0.291162896148782	0.617931906519606	0.533629489149597	0.365933260656268	0.313067402133966	0.25963856831023	0.24442100804991	1.07063061273428	1.13308224776266	0.800114774118445	0.213017730334999	0.575132905996545
0.345697171661922	0.311705281646278	0.357974046432077	1.05274277247699	0.922449421384917	1.34781952192183	0.692320592480333	0.651413717713706	NA	0.772015922158456	0.684892137347348	0.447540900072874	0.504435465408691	0.394526319818089	NA	0.556011032202327	0.8564881498797	0.549955063536256	0.417950288686827	0.638149966691176	NA	0.174858764223159	NA	0.352006424768453	0.636952887588965	0.804617623379978	0.436046803497124	0.826441565618236	0.98640585465579	0.831347307238638	0.868922554545517	0.995165166206271	0.558825354544097	1.12225309507534	0.604843327194497	0.439060478825784	0.598534684172855	0.804275862796848	NA	0.808248559799527
0.599782817080301	0.362443581510338	0.463103255411247	0.25831959362182	0.500920487303559	0.311541332657087	0.326371232300672	0.450896009123334	NA	NA	0.779019142392994	NA	0.666111568859243	0.442814986589412	0.539008405417522	1.1369799405441	1.26506766428145	1.24959032157567	0.760780613569284	0.583764644700707	0.590462491019912	0.590060777060297	NA	0.767418784521046	0.651899501443431	0.15901756347226	0.248446607569124	0.206387557268284	0.228142085794777	0.475962098685139	0.422726250837219	0.51907101909635	0.89801063725269	0.813696844234854	0.713900922156876	0.607664906773904	0.649674323809981	0.608503893102297	0.180977164014432	0.773119109904426
NA	0.329391730964033	0.319253603197732	NA	1.16241916728907	0.235295248840786	NA	0.539776793927902	0.642676820566239	0.392249744949133	1.23624516144404	0.536391113946281	1.44732236944194	0.574988827780533	0.324618966507183	0.822666777152325	0.748937214192515	1.15598200905817	0.889794412349277	0.719425831192122	0.483706258272687	0.769904588914207	NA	1.55721529490984	1.23400483433263	0.907901206496506	0.575403837767665	0.923046879221185	1.19245864055348	0.948812051124365	1.53449129394579	0.723501364416119	NA	NA	1.43543435582355	0.476398611216684	0.99219481034521	1.01173194121691	2.0941071403502	0.959378565900349
NA	NA	NA	NA	NA	0.95477908664322	NA	NA	NA	NA	1.25954620725592	NA	NA	NA	0.977115918296348	NA	1.170791140077	NA	NA	0.890209049240353	NA	0.724335961962155	NA	NA	0.278024554087726	0.850631753363394	NA	1.14102718292745	NA	NA	1.28453975936917	NA	NA	NA	NA	NA	0.746562139118722	0.840646936001467	0.691525655442638	0.978202020784982
NA	NA	NA	NA	NA	NA	NA	NA	NA	NA	NA	NA	NA	NA	NA	NA	NA	NA	NA	NA	NA	NA	NA	NA	NA	NA	NA	NA	NA	NA	NA	NA	NA	NA	NA	NA	NA	NA	NA	NA
1.88023392946527	1.53774736695998	1.49015007048592	1.62272784457739	1.53771042401891	0.997189875592521	1.00217553300568	0.947591431862943	1.06626343022216	1.1441331605811	1.04605589779957	1.10732809308936	1.22324179225446	1.11432410120236	1.04653668972602	0.86148294820107	0.905359401322055	1.00748433250394	0.781509519435823	0.929237069229277	1.50216390049506	0.771821477576915	NA	0.619693066006817	0.468911059496382	0.559236304351719	0.207638845126703	0.669665609742009	0.721183667996657	0.91256129544182	0.867563419917318	NA	0.88974858329777	1.0543407926772	1.59127213217774	1.40167658876209	1.60010917750903	1.34830802213971	1.78386196773359	NA
1.18294022514405	1.1077101921222	1.4036980886788	1.01495134476317	1.14474402738835	1.08812286159202	0.752694188034135	1.12575759088709	0.591043386259853	0.431272141985232	0.747464650526065	0.553901044317308	0.797841354685265	0.270403855296178	0.460868969336803	0.519690856395352	0.549129261065134	0.658825197555758	0.703053847265125	0.680606140369794	1.04314496767594	0.347506101973914	NA	0.292087804467664	0.560013243722802	1.26765080046807	0.553836259553415	0.669170367872584	0.28286235013792	0.56153234858716	1.07627834044415	0.783781125499648	NA	0.836633266954408	0.963912526852962	0.945813263675376	NA	0.773215857806077	NA	0.156855317520237
0.639475783357378	1.81398024732234	0.619648575925356	1.13097469906892	0.797048572721894	1.02715278263155	1.05912596890279	1.56836393985847	1.29473979797253	1.11512628384208	1.46368660335816	1.09382578512488	1.45431790052928	0.903206298839647	2.32294753438115	1.72805902540257	1.49322223843714	1.54549107422245	0.718345047243596	0.435947279572782	NA	1.44455613393369	NA	1.89101816501251	0.424188854225997	1.22004213020183	1.40205436283031	1.2640098371308	1.53780893744753	1.03149835114112	1.65508174000261	1.79794179536008	1.69578303757743	1.66361884144683	1.41246523560881	1.37285209281823	1.62189342533851	1.11779636426571	0.908863926141781	1.06356467895673
1.40207599198401	NA	NA	0.867679699703823	0.530203471595846	1.28488417937602	1.2498076118028	1.49220858186207	1.75691286988034	0.668839736396241	1.8267251296866	1.72077860656614	1.03722328730823	0.897762962186422	0.556904106255396	0.703872715762701	0.958141803303333	1.29609508310163	0.331206935299196	0.53678989685883	0.839455153112265	0.564430619657608	NA	NA	0.494964125604962	0.350580591495261	0.801822326766549	0.988795136177428	0.953908649850615	0.912229240891408	0.998497443232657	0.655328897282684	1.00337538121171	0.753950708338522	1.31569992379415	0.670593258489002	1.74519537483461	1.23705417051507	0.854566911275228	1.1279107172888
0.891423677557668	0.767984052120393	0.968158420134663	0.507220850497755	0.76712785928932	0.312962602060176	0.730329216666851	0.653826248398983	0.712752308240648	1.058212090919	0.663367107692822	0.683186354556176	1.18428895245125	0.661513176663391	0.648633053785913	0.743830646847348	1.31218419914522	1.27660831294144	0.702338193577119	0.575192051645707	0.37528630208247	0.706977999021016	NA	0.277259557759446	0.656719048667777	0.499653196290959	0.199427806378162	0.0875262009931403	0.254877878624602	NA	0.572512344583109	0.619232823031663	0.525193317564176	0.892847467447254	0.347031673473955	0.848540072520529	0.822878510880187	0.755032959653374	1.03006605365141	NA
1.00186877239058	0.694735386219887	1.34530797659217	0.55549638722247	0.865630570061078	0.633780294574973	0.961234445191205	0.291987809900955	0.658919048038493	1.49046947980331	0.870114925901505	0.327201489491933	0.618868578152896	1.22616962477801	0.814110559081902	0.608417496801656	1.18790701223322	0.481359463731413	0.697112961241958	0.464070443905351	NA	0.256117424874909	NA	0.493818702546836	0.355613963894008	NA	0.600182579081444	0.730622206758013	NA	1.19328489576605	1.11976676546719	1.41321680210264	1.02853532206365	0.999140800365537	0.746528532922791	1.12111065315427	0.587977443216505	0.281636966153409	0.939419142020889	1.11361503896009
NA	NA	NA	0.676138555651815	NA	1.19046357175938	0.603865301862166	NA	NA	NA	0.952665131252176	NA	NA	1.52144085587882	0.944623731470401	NA	NA	NA	0.451472799508642	0.297196904504407	0.482141772475327	0.531961222884234	NA	NA	0.162042400718878	0.732938278801698	1.21116653786494	0.934705502595812	1.3099251509811	1.29538707682796	0.962178601112531	NA	1.37196174210611	1.12492587703808	1.399381302579	1.56659132157697	0.985732994918602	NA	NA	0.755392982464546
1.08709230274668	1.47171458791025	1.00700162998447	1.32906504111672	1.18836876702963	1.24631684577721	1.27730810166753	1.61161563536012	1.35264789013119	1.79668572783819	1.15591049721331	0.773818724796075	0.922384980889555	1.13402210646587	1.19782374189026	1.59634483245738	1.15541362065037	1.08756177283103	1.38041248986893	0.928263723250434	0.904675610662917	0.556420933917085	NA	0.304523133546699	0.436021667214128	0.47543338096135	0.239449514786083	0.473296243678694	1.69939890417564	0.88548871354328	1.01727282716535	1.1025533619897	0.882564438055374	0.789721951033487	0.704632600630573	0.698733528487035	0.696957233276827	0.392064427149285	0.477457662726237	0.263329023363902
1.76270173816203	0.935158678611263	NA	0.939574705677403	1.08644868961061	NA	1.1203855451983	1.73177292440892	1.04392207770616	0.617327763595476	1.20832015950538	0.708697341725327	0.519810496221098	0.670651416186324	1.23743067449512	0.106545256259772	0.365276942811065	0.184507775576626	0.758157162857665	0.124692696248897	0.314180730457958	0.494920016953731	NA	0.327057999552241	0.501908794422822	0.755313731242666	0.441899510219838	1.14142650683719	0.903096034148608	1.62410194207537	0.937790254932024	1.49387506919308	1.11985958376631	1.15269263323622	1.18932751461279	0.566265848013258	NA	2.40839919785643	0.990292112554395	1.70935961846864
0.691072069925123	0.526341161980909	0.476842901112872	NA	0.6916668408344	0.272210305365239	0.528690782072079	0.651565281620463	NA	NA	NA	NA	0.967896969310178	1.4461768921718	NA	NA	NA	NA	0.88312135380948	0.60473843762516	NA	0.543008028830341	NA	0.463824621860147	0.742734302158931	0.585266567044935	NA	0.726173301680212	NA	NA	NA	NA	NA	NA	NA	NA	NA	NA	NA	NA
1.47261110997482	1.54867858249378	1.32181438803554	1.55168477757141	1.03746279302029	1.09225672879146	1.15444149567226	NA	NA	NA	0.360395305303305	0.883384869843101	0.463000512357582	NA	NA	0.590875368988548	NA	1.01230142723557	NA	0.37007785328125	NA	NA	NA	NA	0.459612523376145	NA	0.631335934876877	NA	NA	0.750232927130762	NA	1.1012284708897	NA	2.13951693480496	NA	0.957087752716888	NA	0.432187570657201	NA	1.57021621401839
0.806289976166104	0.495283758987449	0.761044228736643	0.862872922852949	0.527288734496592	0.904376157029071	0.86598147240872	1.10719046997571	0.709892204100535	0.90094922773585	0.712967908022612	0.573172066204817	0.713659734243348	0.463189480101538	0.611923839113661	0.670273005703411	0.756304222156745	0.926788217211105	0.538617553338531	0.706667298394584	0.778728627198279	0.213627688175135	NA	0.289320607506649	0.336109301886156	0.827230956448384	0.336841784989242	0.500804623364104	NA	0.427637479361075	0.574189832734842	0.396214364200898	0.956878442314918	NA	0.802894002653612	0.497323335951588	0.207913253313185	0.58236090742506	NA	0.715117662438785
1.27913856426835	0.822144718399849	0.867823534028634	0.649532908861409	0.27392241439661	0.303379682524648	0.75416375618817	0.781101245906396	NA	NA	1.16978292383657	1.35802161326325	1.16758368491593	1.28469208182315	1.38823352757093	1.2559471114694	1.02000772036301	0.600407642817999	0.54302416194606	0.29522318233992	NA	NA	NA	0.266612438881298	0.63960221362893	0.73326532411681	0.742405251274575	0.196180187163091	0.497342580312213	0.42914391612674	0.382834341682639	1.08520198308117	0.326779707295582	NA	0.868984283182323	0.470577898761749	0.841908371909279	0.575285893147274	NA	0.592075347956849
NA	0.864315679609122	0.934964647311821	0.788999199957708	1.01134229177199	0.840259945799801	0.625142842278898	0.889766894619115	NA	0.635649770739413	0.484297235850116	NA	NA	1.24341255994914	0.739023309995263	0.400656927662692	0.54136131089285	NA	0.246797490654274	0.191118832274396	NA	0.246578298642349	NA	0.501337770056308	0.794185048248381	1.01140329523866	NA	0.983893756737417	1.07162297438802	0.707993441377382	1.04898080608124	0.885346487019346	0.967224355701037	1.97262638801324	NA	0.559143049452262	0.364268664985322	NA	0.568981969051739	0.562398320033175
NA	0.50134019930669	NA	NA	1.25489846274212	NA	0.506473289382463	NA	NA	NA	NA	NA	0.554284776809916	0.384683838045765	NA	0.368546720435579	0.70746452426433	1.20446001109847	0.604444505902654	0.615139166312485	NA	0.412535385022334	NA	NA	1.08074359702444	1.34305976293632	NA	NA	0.996833323150234	NA	0.911981886531613	NA	1.29391456848123	NA	1.45944899848804	0.660116704983345	0.834188823498795	0.732817486385859	NA	NA
0.89590153828036	0.9357147061412	0.914125760938298	0.805955075998645	0.877543322689189	0.44741267450451	0.820291155848033	0.947232133733868	0.180348617166568	0.876549530485942	0.814070498300578	1.20350456069461	0.927788754068824	0.686549014854429	0.765500824932929	2.05471925121455	0.759633531605037	0.437615581746249	1.85669768584897	0.14915220622693	0.596611018340325	1.90781141011614	NA	0.897393682212919	0.361490129835805	1.53534521943913	0.430114932924113	1.07894140481283	1.24984203658195	1.09928230120224	1.43759509739848	1.73536590001587	1.23072204563264	NA	1.77344692088324	NA	2.09267443604399	NA	NA	NA
1.39456080890372	1.13158097395159	0.880312232506774	0.482112832945977	0.849500353592156	0.914672432684206	1.32997710586564	1.08030736403896	1.46109454295606	1.16684294720344	0.646826847485853	NA	NA	1.32690507954636	1.27340603760021	0.8079581461691	0.431861517702771	0.594317414327719	0.76775755658961	0.679031449994744	0.936903889733687	0.649322527688875	NA	0.283749156123055	0.53488213976928	0.872168579205515	0.752051183458736	0.78268077789963	0.959310750744763	0.936181152875118	0.627033607330507	0.729566566997142	0.793425609468456	0.655838189438492	0.875192612483245	1.30552744364968	0.934198968737217	0.854628561574319	1.32106400723225	0.870719450629677
0.887982956048298	NA	0.146219103286259	0.489870237645163	0.582822093212873	0.734761936551187	1.36798685916789	1.56014626007255	1.96136575855068	1.14428263179243	0.904094012280456	0.725569777916024	0.955891783047376	1.35915151242339	0.99468877698308	NA	0.953463799328497	NA	1.12888739879624	0.385121757094604	NA	0.139115927828094	NA	0.358893586285153	0.374819651254129	0.558091390329014	0.345436327096044	0.671999533315764	0.278512215530649	0.369329041867783	NA	NA	1.00489320344014	NA	0.354312838605655	0.580094010671963	0.49936772609899	NA	0.432753984404519	1.07432590027936
1.83612427519729	1.11680732416317	1.64083839564855	1.33376262617656	1.34304904232635	1.6503040132216	1.36622143752268	2.26740635960878	0.973855334539357	1.57559119394621	0.919239197911194	0.802107433777879	NA	1.46240797461474	1.33058806971229	0.780022800106238	1.22719367276505	1.2264084250416	2.01148461870451	1.74635434647069	0.675475039696167	0.683157713299617	NA	1.70967696450625	0.333498808980796	0.707773521329236	1.51506113527495	1.26789864337264	1.34279098454023	0.969806679933117	NA	0.307999479936153	1.07445099229074	0.507256295024556	NA	0.532306584553875	0.504903310198205	0.602681322462651	0.647238840760073	0.638277823492609
0.415315568437314	0.533256255135396	0.960863358846243	0.649223813414067	0.258758910139452	0.492471975961886	1.18979726721724	0.913494478083591	1.21962369706465	1.19799713529393	1.47080768178622	NA	0.408912961318262	1.81234587431656	1.59325358984144	0.452705414628691	1.60555393014938	NA	1.28549241580671	0.444695998715913	NA	0.678399136776172	NA	0.600408269602869	0.445530495101955	1.67336563750811	0.597702734582666	1.41489900670651	0.835437985754613	1.33970266870967	0.756592178299252	0.909700545397404	1.44307583210051	NA	1.21169897918843	1.96268680099677	1.59298671173381	NA	1.92560233807012	1.08099214705872
1.56451043100361	1.22375347887794	1.08471845000313	0.949556218710014	0.980322960147841	0.86068204069724	0.673732377537534	1.97636681093743	1.15823886112539	NA	1.20226782874821	1.11795389123457	0.623755172002133	0.677259522756861	0.610114166207413	0.541274679713562	0.629808637798605	0.730820123917163	0.966303500555747	0.784694196812888	NA	0.282789043608023	NA	NA	0.499738314463445	0.910395658158122	1.06584277283239	0.393604446208755	NA	0.698431044913743	NA	0.913338745177642	0.806552570757428	1.02685770902952	0.642631692456165	NA	2.80447574310805	0.49714162778094	NA	1.23876923854442
0.81748062835043	0.83315557283333	0.477981960952621	0.74287395877424	0.867851151141894	0.947132329554196	0.532238670955113	0.845114120715811	0.662360412826632	0.543128287254997	0.82608782066135	1.29224154314951	0.33146547180487	0.499124559707083	0.724441635443751	1.49490491112947	0.360158859017686	0.76089367820098	0.862435691385704	0.780397918067682	NA	0.408119045229325	NA	0.329231971585986	0.638720723348411	0.578087160317447	0.259892707963542	0.605150965984336	0.628177382763408	0.597982268873263	0.429975172983472	0.671697086467697	0.700748859598158	0.911283092917944	1.15192484153056	1.00489334927706	NA	1.37911741262646	0.453995031290883	1.09409790691188
0.815523598309238	0.885921995084001	0.890672811623051	0.865643134824319	0.55615951193225	0.367936653058787	0.629710926454167	0.89826265869563	0.275213894839609	0.912059310022277	0.563617578663334	0.273749129080673	0.220931557979928	0.881051982049768	0.388775384379823	0.497299066848157	0.549466781617041	0.375639639859167	0.530453583552386	0.363826647559225	0.179939382038855	0.265920846917248	NA	1.38360265732092	NA	0.305396229691209	0.414789669453302	0.34297880864377	0.948045766224929	0.785728218383768	0.954291242397065	0.767441930497809	0.429479147855553	0.487297808125368	0.572776688167044	1.70820041432178	0.473078528464094	0.504805208978479	0.637444933350748	0.396045511989651
0.396441769307968	0.437640839892124	1.00920024557702	1.56696487621896	0.536677781391917	0.208476158558256	0.954627629816401	NA	0.221358306394744	0.552607046038411	0.211392087642683	1.37910884910271	0.457405864812478	NA	NA	0.19821110273268	0.386033318674171	0.341279333642285	1.24340694629052	0.292783302450281	0.910852576405119	0.228526979786696	NA	0.428960330311804	0.702387319262116	0.851941389923468	0.67525271248716	0.671816836233043	0.942340068892752	1.03501166877354	0.163307492107077	0.812148512838265	0.884251394979716	0.534226203610786	0.297605606444713	1.2131717360672	0.722050172296835	1.12861499683436	1.18533900132129	0.679127011045833
0.715261748320694	0.966580241063217	1.08517410866491	0.422415417490976	0.475450160154489	0.37437896865972	0.96920500384734	0.822718792480027	0.909055636820132	1.17264332253972	0.953486881689987	0.531903028347276	0.13075073535338	0.306533737581251	0.627490300405957	0.620609072576426	0.734171037818692	0.408959915073213	0.661479126424552	0.807703135012014	0.655905077118728	0.261907094915897	NA	0.264083351549621	0.684156027743153	0.295950203507968	0.190145922181816	0.0935653164827524	0.434725529133851	0.55246572982056	1.01323641886154	1.01974373826926	0.689364300033909	1.58645948852995	0.48327202438247	0.605311909729108	0.452105723635966	0.960306142599244	0.289663280084899	0.713296609877843
0.567419188561674	NA	0.572617972215919	0.757188959572196	0.474051419223717	0.806354203486594	0.819429980838311	1.09946575484696	0.864214703208899	1.05194054455072	NA	0.678797271076297	0.555229576061609	0.559510736335715	0.529666445271337	0.247075498758262	0.326133332734505	0.456293666328678	0.472642742880546	0.490910092387199	0.454684359409704	0.518663650028967	NA	0.567749137599074	0.738652288731051	1.11104901566697	0.716999314184215	0.821569089478509	0.379802772827734	1.12356930141798	0.888879530026664	0.952326069294192	0.965860170348553	0.363827244391064	1.2701791335016	NA	1.22040607530197	1.08899931061158	1.32886643652211	1.0580953433095
0.962808638586773	0.887424439987939	0.910067516189992	0.853150288719208	0.922296285043239	0.83237184868582	0.57949291865428	0.743496702869458	0.668596192828132	0.482721681974263	0.503226078308035	1.46203633168385	1.08007370306979	0.739908973523148	0.830540726036476	0.803231357553997	0.977746785692208	0.911692229372568	0.511567930260365	0.577777951754432	NA	0.822917892894642	NA	0.794280017668107	0.72969679233903	0.395600767744108	0.802831697888149	0.784617636739322	NA	0.876664691684637	0.402176432739573	1.10083039385534	0.302754876429246	0.216544394014158	0.55769403867774	0.404156560476924	0.598885603901936	NA	0.92102758324515	0.740513585083046
0.824883675424893	0.780110639309992	0.937457583497292	0.533066144495198	NA	0.727300720237314	0.525609472047594	0.397928407002281	NA	1.14781230753771	1.59903877095725	1.16041716010453	1.54623318152529	NA	0.803285933865973	0.426574070155497	0.592321828799687	0.406811762252762	0.696680401246457	0.150082276915059	NA	0.466736269537952	NA	0.67157043399373	0.253487279450213	0.704234375813782	0.2590728140355	0.478690808050586	0.613812532111181	NA	0.510556754532958	0.58550277957196	0.491196855278794	0.53193088991894	0.364494161567935	0.576702653339057	0.40612543219082	0.278251027565426	NA	NA
1.04084099367292	1.02673481977511	1.09490941701122	0.686024710394819	0.868957420488344	0.423476051276979	NA	0.958818484517287	0.698400160066793	NA	0.421481187046256	0.889558091449343	0.600563018074662	1.50077387712737	NA	0.832195550107206	0.727061985181215	NA	0.829191290886715	1.73414510206243	0.647839885493476	0.576820906486134	NA	NA	NA	0.331190865158343	NA	0.466292902371754	0.73297812494364	NA	1.70910393916587	NA	0.660705876238693	NA	1.02576976271954	0.753377707092883	0.887515737986133	0.628921796686789	0.67033997457987	0.559959780816638
0.422231220572555	0.152761965696972	0.428576566146927	0.748617254890586	2.35985710825536	2.05398064756364	NA	NA	NA	2.17147885661711	0.681490538611243	0.226066903573155	0.21863601181648	0.415936519755285	0.402569795632404	1.59216625724994	1.43306064212718	1.66081970469479	0.668479384246921	NA	NA	2.01620816337606	NA	0.423862045954308	0.447738214671858	0.706199795461807	NA	0.63898886871371	0.703747922000106	0.714741991343742	0.463953138551052	2.22164426529228	2.57040947442414	1.83908721794841	2.33120264437011	NA	1.74999034098535	2.15152840445801	1.92299748915457	1.75598625763294
0.500368814135734	0.457515633576111	0.465221019494768	0.403933666723695	0.572656136247006	0.795486268385614	0.342172917722066	0.28249462633496	0.267004240481212	0.282745251710375	0.68981472551036	0.452725995940776	0.293331864586577	0.454200769317078	0.361675082851435	0.248564001861656	0.425965739463824	NA	0.585273174047436	0.567142505245999	0.452732563093229	0.293397494559823	NA	0.290829610992659	0.844233512986904	0.582328070983873	0.134558902755537	0.516323873160233	0.373348273196615	0.345071885768598	0.219677640926301	0.790241621545397	NA	0.394601742052424	0.296180698646539	0.384492815191045	0.225728681617026	0.286427487126146	0.548905318049943	0.35577326066143
0.576009995596729	0.453823879016783	0.760604144329026	0.765661519111773	0.387282853480258	0.737128538950916	0.41317898065754	NA	0.762664876312347	1.04601248407335	0.480285105102812	0.777604557059216	1.03155990805384	NA	1.02007181730649	1.27771501536803	1.28737666532291	0.843261487665907	0.616638388820481	0.256436491762505	0.595788016532475	0.287319869038599	NA	0.575463113556844	0.498333560305486	0.211407922063575	0.50221117583898	0.378737742687059	0.354592736209941	0.376910659319328	0.34963060816656	0.588909751858908	1.40287466401329	1.29861812183263	1.18987169044301	0.61116779678711	1.36421069026016	1.08727291043796	0.498135899832164	0.801810341990472
0.677325397514798	0.728413023881361	0.596526456510067	0.473448513571069	0.679666796944246	0.766439580848637	0.842330996856308	1.00977186913879	0.58920773229763	0.368949703747581	NA	0.591962594700747	NA	1.11770214027391	1.10364328594607	1.26195138629805	0.68136429270279	0.420916230976661	NA	0.585339147457251	0.903987111832426	1.08074090039132	NA	1.22355711430278	0.152546128523457	0.796960668579275	0.661055936172706	0.282716566026473	0.354513931251138	0.726483867850391	1.38869939337156	0.875789605569231	1.08839219666867	0.972403060894517	0.789660840295135	0.679137992385538	1.0802774076881	0.679796085837668	0.704546300809936	1.38398441974708
0.525806682277805	0.586388535293823	0.458499397029388	0.845660917822099	0.492852882735284	0.459684337371687	0.550469896915743	0.752287337348641	1.02360048839223	0.781165675035752	0.877310849346331	0.658702495081166	0.901289747056578	0.755037079396584	0.760233621007919	1.25221656476041	0.729072825766326	1.78156040315524	0.459876182173189	0.91088187468011	0.632422358198744	0.602182231424304	NA	1.12321894899867	0.354177089564332	0.58298230480921	0.972569040698989	0.953219242814545	0.589437165169553	0.840046832487463	0.444519365103101	1.08997907519087	0.899886663751787	NA	0.709950878516547	0.868629672696889	0.930132971955878	1.01441019170909	NA	NA
0.712079755745632	1.00531605799799	0.537687067975703	0.325245764171319	1.18093962228939	0.699688439402414	1.00998089310543	1.13730532368377	0.965106393782816	1.1624298034996	0.946065558392418	1.23053103186898	0.848686822447444	2.02728665193448	0.830441316064361	0.245353748739156	0.35212458734569	2.00142759792327	0.511537185461253	0.602509621554799	0.381780804065995	1.06997928344276	NA	0.662754016720263	NA	0.648411888432955	1.32416821053341	0.723615543129831	0.687293312016574	NA	0.552986398277787	1.44564739983038	0.654370435492185	1.45005889759108	1.3366037603428	0.947928335896983	0.924740946475535	1.48585306927479	1.71305912731569	1.52139932984223
0.956235868059312	0.381824285874075	0.680884020757227	0.622966962719091	0.545148757608005	0.584117615786887	1.83483475118937	0.818187447218427	1.85124738337823	0.871898440100463	1.53292133794275	0.201599364600964	NA	0.696449997103161	0.382402677907838	0.357800945829431	0.693401669123701	0.638068323034078	0.313992975081686	0.462679312689545	0.33178353587848	0.361972519613937	NA	0.428874797234918	0.370747413742954	0.127315545402662	0.615114905844972	0.489059524707924	0.493535561483105	0.465693320904919	0.62625002465779	0.511916149570343	0.79550570059687	0.346665458099317	0.284493210045857	0.511577600911361	0.45686047022044	0.658523280929335	0.70136397741886	NA
1.38551161220056	1.29142640049584	1.30732986808508	1.0099998344027	1.00607607088271	0.664172433975466	0.674826007731038	1.98598530380903	0.614324442888282	1.63654296636382	0.577499242038329	0.269693733788601	0.432136725698939	0.990226624144259	0.560978067661576	0.291323135206352	0.59249600159195	0.798490043593811	0.568964811406425	1.29055129012813	1.60364163839469	0.691628429556254	NA	0.657394706619555	0.62366328742335	0.905631240578565	0.366360136269391	0.434310518862778	0.837300805527075	0.646435813199422	1.517490818057	1.23772423024233	1.18600159132518	NA	1.69533702960618	1.36412290018741	1.42720216851369	1.84996342612879	2.22904342329985	1.68399544304203
NA	NA	NA	NA	0.775869414941039	NA	NA	2.04622295238121	NA	NA	0.766412468407303	NA	NA	NA	NA	0.265890009979189	0.171213243249641	0.233027023664976	NA	0.171841574516564	0.171341182425599	0.421046653820075	NA	0.71580874206177	0.818760317892412	0.833013805224898	0.564252627189875	1.11593296771804	1.65239234255497	1.11989495275779	0.710476939737874	1.510694516596	NA	1.13857896101773	1.65756948185146	1.78796939016842	1.25668393250364	2.04178884574759	0.374677071331535	NA
1.47103263408363	1.23458529766433	1.17001028768746	1.10247301417827	1.05608939273428	1.23976946537134	1.28313502332464	1.18902932335375	1.0854194404437	1.52873524406928	1.3940429131577	1.35362530938982	1.10165833297261	0.846278145400372	0.901049547617988	0.937142659842916	0.880049580199482	1.27603756898688	0.785823582487086	0.513341374744559	NA	0.407987016466247	NA	1.0232582413686	1.08583441404568	0.891862418655259	0.58986348575962	0.72069965529923	1.63955062648227	1.14954673839088	1.2364020055378	1.35397356958008	0.948865742212392	1.32033747339321	NA	1.26098607295777	1.32561695997246	NA	0.995171713315955	0.840903936504017
1.36579855393447	1.14860954133992	1.45915527717734	0.995533712140338	0.862700314172425	1.23202546805409	0.685174002490116	0.99555671165378	1.20628209882898	0.754614597601818	0.780811933638949	0.974073727816386	0.517181576765732	1.02798718508485	0.983394291643564	0.817352871740534	0.662848699746358	0.55636672526916	0.856809178951985	0.389173903085975	0.362636930448509	0.461697777014836	NA	0.178904292211492	0.676497830677982	0.595649120162381	0.527311984378196	0.933252964689429	0.883617283639006	0.629148404586112	1.18672562192676	0.539453637043021	NA	0.524848589706886	0.247621436860629	1.05058424822814	NA	0.290080528683426	0.538320495302854	0.705384672225218
0.784816227132796	0.685674239291663	0.886449362152044	0.734353652532543	0.642301184925357	0.572785696954739	1.08164751049615	1.12384291314704	0.871383455249287	1.62707567485128	1.25122368202937	2.06500760457202	1.5570828927876	1.47328235760355	0.996965046365756	0.574746588163526	0.277122889232286	0.424439402923995	0.452712602370942	0.325907708787111	0.800842638559825	0.349799391790061	NA	1.30048807223902	1.22533035047549	1.38624124524688	0.349416610047722	0.693074008084327	1.50421546899847	0.816958618690884	1.0828788119065	1.14982984420539	1.03573487699305	1.24082357940232	1.41331304738507	1.54632459126722	1.23856621404009	1.5476291247062	NA	1.82558151585879
1.64216949443537	NA	NA	NA	1.58604554421128	1.18163050723669	1.61337338282397	NA	NA	NA	NA	NA	NA	0.22447013880932	0.711043658825294	1.87675054436906	0.82701045716258	1.56916245091675	1.58910862158004	1.62406178640977	1.64454231184735	1.25237143558573	NA	NA	0.552176673073376	NA	0.673849304726932	0.680584076938472	0.763877480614861	0.83168292596533	NA	1.41527811976041	1.15180498873984	0.947278042576867	0.851894357915181	0.755810805215248	0.894983951526706	1.14128989232908	1.20070962266136	1.29613182505383
1.72586446698707	NA	1.95324416082287	1.70999592012005	1.62402143765561	1.20807461723309	0.614917506894857	0.913543842030307	1.66460793792329	NA	1.7479178363059	0.598907458603595	1.35874902434379	1.37702526868909	1.6555409207948	1.60767146363687	1.93823425073549	1.30519368945277	1.53606852202005	1.07598602712071	0.46747442352708	0.364170074615351	NA	0.626297897900729	0.520071227178115	1.2852052185569	0.402109671239202	0.976349949386562	0.766785680274205	NA	0.992952682800734	1.18849801123356	0.970449338990098	1.25654349127086	1.14824223694305	1.15382882001054	1.23437948034679	1.04739699713191	0.707177546073232	1.33841341599402
0.736447814507836	0.636603013728889	0.731862837341711	0.684333492811416	0.960870936436434	1.06337066283382	0.936329870364472	1.1836873302319	0.667703579778311	0.717158169336424	0.942808349846605	0.609323263011792	0.871926379196656	0.618227893120792	0.314900467413262	0.326698959464289	0.535156479353191	0.43738468675594	0.658638255346359	0.288115631000069	NA	0.527783161499271	NA	0.11795337703352	0.264308591868872	0.260910183327484	0.24095205822302	0.592894340482987	0.489355719813121	0.689529748946419	0.791096461268874	0.662783291557855	0.490969728666369	0.95151043452674	0.487730770875073	0.337942580398945	0.386309602021133	0.7009936399385	0.35543363023572	0.32473122669779
NA	NA	NA	NA	NA	NA	NA	NA	NA	NA	NA	NA	NA	NA	NA	NA	NA	NA	NA	NA	NA	NA	NA	NA	NA	NA	NA	NA	NA	NA	NA	NA	NA	NA	NA	NA	NA	NA	NA	NA
1.25603305559228	1.02632415343866	1.04269698128965	1.09150979388327	1.05969871240595	0.832448337377949	0.654760364279561	NA	NA	1.81985477556422	1.73197452693624	1.0319441077263	1.06050891143544	0.873281759603742	0.178168231993843	0.138714175835692	0.538629884003864	0.510567423303148	0.857562578787407	0.299705736237432	1.00757321786004	0.505879889435574	NA	0.156378488022947	0.182732983062703	0.203784146799411	0.406940058373365	0.586285920805468	1.46407680928788	0.94919540792126	0.195886188991698	1.7952067833674	NA	NA	1.51791756606354	NA	1.80859999163137	1.76609488987173	0.485741888460431	NA
1.61300723343057	1.82997775007204	1.51041821272825	1.49174727596042	1.59561964156309	1.3881964361518	1.47059915470643	1.60419125330399	1.42578646173577	1.7199190972176	1.82053395605337	1.75047699122931	NA	1.56824100262426	1.46078889717253	1.27272641209143	1.06359654248899	1.24760461044575	1.03169873301035	1.11019413222666	NA	1.36190609751627	NA	1.48845589598258	0.676226821481508	1.00844806907499	1.2278980770216	NA	NA	0.953446528478772	NA	1.27779291598119	1.45898528380608	1.6990330780572	1.69870763629022	1.47496710151478	NA	1.50117548803668	1.16536528546699	NA
1.6585985576722	1.38874645808671	1.44617390046548	1.07228355636208	1.44677382670344	1.48295741449275	1.06670861875331	1.6467715369418	1.90461992652377	1.1428717493098	1.12792559491832	1.25275482031749	1.13073087058865	1.44819362668925	0.994733378615581	1.08366451423503	0.909737708457936	0.222643033179754	0.874270460882628	0.110915470734939	0.837752602623587	0.218409592271994	NA	0.513504302695393	0.267872400009312	1.20877926916633	1.17721277816144	0.826714963433303	0.66874793911479	0.863476263912356	1.5741385388248	1.75872228128605	0.908555571057363	1.35405791373729	1.37030905001428	1.63959348715014	1.38629417712873	1.3723343924383	1.33653608579845	1.86852243294102
NA	NA	NA	NA	NA	NA	NA	NA	NA	NA	NA	NA	NA	NA	NA	NA	NA	NA	NA	NA	NA	NA	NA	NA	NA	NA	NA	NA	NA	NA	NA	NA	NA	NA	NA	NA	NA	NA	NA	NA
0.486546253990266	0.481317514872483	1.56129551965134	1.83793954579808	2.44290179548609	2.30446450267469	0.827716369194972	1.74746096944245	0.208908289482814	0.131940876263171	2.70991335164962	2.56086598193398	0.941749884029258	2.42233969627488	2.21926221840483	2.10176602392021	2.28741074786849	0.127478547837168	2.21090942798322	2.4218090915591	0.377048435371027	2.66933260083993	NA	2.33776794360719	2.45280451120245	1.88353526339935	0.788940913800108	2.13430925006312	2.42835512368187	1.66975289207908	2.87285716930207	1.608942546026	1.56903756332167	NA	2.04895602327799	NA	NA	NA	NA	NA
0.831775005700281	1.66738981192115	0.360614711921683	1.16800257745894	0.51120327886289	0.460449185703759	0.436057928756062	0.184625126312079	0.601027391846109	0.350456014713634	0.591907289894203	0.937624092267502	0.774759160020384	0.924730662232225	0.800153217130933	1.6891753635776	1.2212954275339	0.944742184766209	0.951456004246763	0.452013993857838	0.394720745869501	1.1513966028914	NA	0.508642603600054	0.95243146565451	0.948397122087512	0.817086909921207	0.586340635913969	1.37005889541014	0.325537625477853	0.946369392655418	0.692549543434321	1.05270430553845	0.417110405010647	1.04969956359805	0.875564935642333	0.996053010225693	1.06897010255871	0.748850965574421	1.14133741486257
1.03309176423745	0.806289751268336	0.830257892877225	0.917739943513538	0.945689605088767	0.90891854779061	0.869719158335302	0.73545465918372	NA	1.72969975880852	NA	0.948332228750367	NA	NA	NA	0.604265036156458	0.931923359833403	0.903113804418488	0.678407925594765	0.926609587554881	0.733381427854608	0.434203064870088	NA	0.657806165794242	0.488392398355221	NA	NA	1.41000959003174	0.796740225359662	0.279759817142142	0.481448100768824	1.44563365076383	0.438369329033584	NA	0.219097803493948	0.60821180746557	NA	NA	1.59242632338332	1.44015683010054
1.40785028374524	1.3454065939694	NA	0.524564321713802	NA	1.71850109269936	1.55990277192512	NA	1.16253684797157	NA	NA	NA	1.80757481366505	NA	1.52747130172329	NA	1.76695339224853	NA	1.07366644765309	0.258763928162544	2.07928187018441	1.60216857239456	NA	0.228687340582533	NA	0.440404742176879	0.181797084770463	0.428725192736506	NA	1.16656667136542	NA	0.600320193913679	0.331053257726913	NA	0.777533667763174	0.612165029212659	0.85472628085607	1.6706756990509	NA	NA
0.533527481552189	0.724353811193749	0.409666439582252	1.00839708059727	1.0141255168433	0.655827824148766	1.03903867689609	1.0968765414053	0.777357327666277	NA	0.964100253484827	0.658363953928233	0.975211578563816	0.456770814641461	0.827288254452073	0.774839163216865	0.379594144167832	0.223158377322668	0.464731168969783	0.761885238729192	0.769712589059511	0.468897161048345	NA	0.420493469461574	0.585507700694075	0.32676432362229	0.61117069401017	0.504327123360724	1.7745778622651	0.177403940425424	0.581340443563668	0.294821694423831	0.713489388620312	0.811553473350393	NA	0.403546404310182	0.685064949264967	0.371598778790183	NA	1.39563748330845
NA	0.615119410556096	0.586623194826826	0.50284641730996	0.364101854267012	1.37474312638433	0.518102633182681	0.50393117399936	0.952864651152315	NA	0.704280583709911	1.50579209076839	0.573170832710513	NA	1.32422834202436	0.882046852377127	0.616509000707498	NA	0.605646789584429	0.508793600226695	NA	0.276230620633858	NA	NA	1.11578954257269	0.783110659993333	0.605090272017062	0.501701229292911	0.376582114605685	1.20520076311716	1.52022967551996	NA	NA	NA	1.33061584051655	0.920545796115023	0.679916406762914	0.821747662272703	0.760609110359353	NA
0.983026043832706	1.34196046020602	0.695766138074296	0.320814104023604	0.605802295866743	0.726934186300637	0.643190059980183	0.404931750798317	0.355767692499107	0.553892527866633	0.389830066123555	1.75588743007581	0.488974247318305	0.413447590413785	0.300870304870611	0.192753452074234	0.348909226684639	0.451630288936671	0.60764711199711	1.21304251645883	NA	0.355745346814449	NA	0.511010111807222	0.407723423870094	NA	1.44636937726533	1.33042165313637	0.231328979950792	0.981462401333447	0.346219112570869	1.07914863611458	0.233951745524314	1.038790998326	0.241713901495828	0.398134807850769	0.272265370389214	0.555413068943202	0.40634861297112	0.843304208019411
0.789311091954598	0.455685265540967	1.25806862591076	0.952270295088892	1.25300400164044	0.851076816083706	0.841197006236428	1.28553805496769	1.11507536067493	0.918516141536971	1.30304701512184	1.04209425051203	0.782507236443552	0.986402926377201	0.978032870462035	0.919691356235329	1.27780372959563	1.05219297805801	0.752675002291075	1.10340703159607	1.14951281448779	0.778339994244605	NA	0.572711887467086	NA	0.58407206145973	0.546345834014365	0.634049549136213	0.872910494099516	0.777338671265541	0.481241880834378	0.605734641316647	0.489629431216924	0.814458909526252	0.312248827583765	1.2599861051453	0.968872630069896	0.62082897070881	0.788171102461136	0.795489392748443
0.260380531485827	0.314096902987503	1.17812788192095	0.914209882291367	0.961324690905047	NA	1.1292195787234	1.24981051862261	1.55924470738059	NA	0.912534177100011	1.07708835809401	1.15056409324899	0.591148052253132	0.677658339887167	0.656004303151295	0.675318849212516	0.584145769770358	0.26880208816057	NA	NA	0.383647465862418	NA	0.156805078922388	0.690700819035625	NA	NA	0.669608082556825	0.507897384721087	0.782361502282785	0.540487459078097	0.68343932550869	0.494147885020385	0.786268806851539	0.550369214256227	1.50273449863313	1.75174119758981	0.775405596323573	0.560974886361232	1.97831978227691
NA	1.55834038061622	NA	1.53983569214501	NA	NA	NA	1.45220129668517	1.44376775171468	1.56250924931353	1.48027795459935	NA	NA	1.24186260896143	NA	1.18220921253248	NA	NA	NA	1.00891464034684	NA	0.262078322533553	NA	0.367994046516975	NA	NA	1.64847824258785	NA	NA	0.888005284410029	0.672881912808508	NA	NA	NA	1.049134331814	1.28065668078672	1.15730651692512	NA	1.29040496426301	NA
0.94515339184041	1.17255076089271	NA	1.86150133284621	NA	NA	1.71828301692616	1.26661988911908	NA	NA	0.72514078172286	0.5851360930862	NA	NA	0.999019283917618	NA	NA	NA	0.784688501428473	NA	NA	0.920857554005382	NA	0.693620050761019	1.78256254155584	NA	0.758042476676847	1.02347964377805	NA	NA	0.777051535954412	NA	NA	NA	1.09331337644398	0.881694307948958	1.3330330873245	0.929579041238069	0.988173876227572	1.11392478315639
1.28461598933612	0.984952620220261	1.15921369111062	0.637392407432682	1.48163820384688	1.33667889305113	1.72102161061655	1.68655850645165	0.863480707845772	0.378013132171593	0.292737035061146	0.992664213178428	0.742927231845521	0.779704560968026	0.851674872821483	0.398683211696207	0.447301111229979	0.843297775807613	0.193914632197894	0.152940509087667	0.517175904619839	0.483585838251788	NA	1.49234597658195	1.79876890113892	1.72464650184685	1.7581893906159	1.76812320186975	1.39065275792899	1.29948820216751	NA	NA	NA	NA	NA	NA	NA	NA	NA	NA
0.849036434466236	0.859231548957945	0.876145791950406	0.776616258211857	0.733287490709854	0.715878384722935	0.788815056642503	0.48975760707462	0.373475513050294	0.620583688427511	0.712804125537526	0.837438874263107	0.868827344012674	1.03165663419722	0.870951682965773	0.542076141389858	0.395015901095121	0.441357931093561	0.544299086830516	0.704497204160238	NA	0.317774589301694	NA	0.244515151955298	0.68191392308827	0.805129567188584	0.514596246777687	0.620562038302578	0.600779203932084	0.958491415820905	0.855582672390107	0.978317467002603	1.20522801300337	1.0250836616141	0.86475435935742	1.23717961776175	1.32619795751718	2.0732634681607	1.73058741157953	1.53087642886339
0.295971866923271	0.310291912492041	1.05731941275925	1.03529692740675	0.232363285310816	1.09663847689503	1.12017866149937	0.642424750831358	0.203036925464098	0.284663934767132	0.195479999922289	0.614089779475237	0.449035248086362	0.563387223218406	0.666349884960955	0.529856347183873	0.310930104677791	0.510218586686298	0.344390345293694	0.163054327094611	0.30623144549528	0.522764780568165	NA	0.362705269610365	0.142842458572593	0.478025802019932	0.303142882596056	0.686565037565382	1.40877690240206	1.16225524159826	1.28248034838374	0.756055477149778	1.11587242578653	0.527946590442677	0.960305663751392	0.984099339336048	0.36766134172988	0.950895869484661	0.903927646715575	1.37507022931758
NA	NA	NA	NA	2.44291919586638	NA	NA	0.847467754085996	NA	NA	NA	NA	0.941989442440239	NA	NA	NA	NA	NA	0.323587889063448	0.323321890421413	NA	0.177784654654428	NA	0.358194180174027	0.512766589426224	0.34041930648863	0.733667821076926	0.932240855053321	0.805954288107634	NA	NA	1.66101269609132	1.75003914617886	1.35035426540551	1.68544271409286	1.55451004097787	1.82910016580675	1.51173133092451	0.974070797699422	1.80165298051797
NA	1.16223219478743	NA	1.31974442608012	NA	NA	NA	NA	NA	NA	NA	NA	NA	NA	NA	NA	NA	1.86016714481912	2.10837750427831	0.867779951652092	NA	1.85093927605887	NA	0.112092553216983	0.279400384713654	0.680615410624563	1.66286680471243	0.437330624432743	1.98606571347934	NA	NA	1.679831365127	2.12584715291629	NA	NA	1.78832133817327	1.44327246318477	1.73069870070295	NA	0.448481006458445
0.730672661981975	1.03228698198191	0.735117331390078	0.787135423507763	0.81117953975144	0.592357652012522	0.107784096843479	0.539589122971466	0.801428980700874	0.622363608023168	0.428658512078575	0.323608020462651	0.567721464137781	1.82573509871118	0.731543496821264	0.474358461224166	0.137861326538064	0.1278955144076	0.546934948179579	0.643706677721662	0.638923956026605	0.395483691214205	NA	0.415274225430231	0.60106863186595	0.0886692319177964	0.388001650704374	0.225045962790853	NA	NA	0.53888160894346	0.162085362625366	0.442888001416022	0.532737692027783	1.27451768480682	2.23391586120453	0.734209139657321	1.78703546748427	0.293465592904685	NA
0.711519773736734	0.427412052878469	0.560342215437335	0.511891329271453	0.531739277183469	0.503365563014512	0.666159404380521	0.929626161262536	0.988247718560329	0.949403539186481	1.00337793918139	0.888362784635227	1.04215002862089	0.905353571978568	1.02575672233881	NA	0.793054224867066	NA	0.138101123890487	0.366074527880447	2.04669908449142	NA	NA	0.483481870816843	1.06457267111228	0.128152172636356	0.309646558552177	0.892609912581118	0.273589993088606	0.426203834676028	0.656548084141687	0.681494074516374	0.553529728647975	0.483256086860204	0.521873914386068	NA	0.467621484371622	0.39829997019538	0.569034833594359	0.420073439205596
0.905314465749387	1.1806187896716	0.966282359065335	1.22061027609124	NA	1.20935098039258	2.01923414934249	0.874236670744269	0.88246784609112	0.416015239811533	1.02728060183017	0.687643629163455	0.554780661426265	0.467393185923942	NA	NA	0.774666388170561	1.27343490860739	0.950698308270199	0.312606668931243	NA	0.316438478622141	NA	0.246314058791971	0.227546730192547	0.504152544195975	0.196291645792821	0.667655320217963	0.539087727990632	NA	0.896561348654301	NA	NA	NA	0.486188686465531	0.627438603496496	0.617073088552482	0.354220442644575	0.940511548844604	0.456632235925372
0.652190599741588	1.60590324473361	NA	NA	NA	NA	NA	NA	NA	NA	NA	1.88622533435501	NA	NA	NA	NA	NA	NA	1.20226523644571	1.07188072563334	NA	0.588547849578254	NA	0.141226061668842	NA	NA	0.726955598048794	0.355870921306615	NA	NA	0.568534643971202	NA	0.865580781592052	NA	NA	1.79691379262069	NA	0.78732614360083	0.412091541368098	0.868484946500761
0.393230786706963	0.748270523453087	0.674664948760331	0.842934406824728	0.897000907592299	NA	0.767145879974325	0.705443371236083	0.649692231381545	0.673344846498462	0.711561447855929	0.599250690638124	0.708500343416591	0.524410638876717	0.457893025038225	0.744586611838206	0.757625299019671	0.903269465918517	0.610890708092783	0.617890777918547	NA	0.478278744418036	NA	0.293662654311381	0.439625919862273	0.464056675444925	1.27445736685519	0.581506471569467	0.713171892337278	NA	NA	NA	1.98992690051336	1.62080940447196	NA	NA	NA	NA	NA	NA
0.841997549753438	0.760226514166935	0.59488070048196	0.964368930168482	0.970511006012312	0.263204257355644	0.559768361995343	0.372962919756949	0.493189927450559	0.545535022618986	0.641879634551216	0.238736412995888	0.468277964858553	0.450637350147771	0.602226330255071	0.531886029540123	0.609327944086448	0.829918406310056	0.472930421511085	0.46742781931265	0.959378078015579	0.212713648211215	NA	0.747351668864029	2.11003727849281	1.63752911797134	NA	0.754886447016808	2.11167140756232	0.965455759961335	0.537347928242489	0.92449027259751	NA	0.561593221186131	0.830811617199572	0.300917925413663	NA	0.582729320179435	0.578347649919219	1.0846493919385
NA	0.846044019498467	1.26391633428495	0.904607140097976	NA	NA	1.09893884613155	1.06970360335155	0.689669805753031	0.619884576615616	0.700165811051984	0.835358809247033	1.22455281370069	0.925865112239611	1.26153698238508	0.823437952274301	1.38394658323358	1.02886243052082	1.59023415829076	0.807538026896842	0.902176008041374	0.715825850495659	NA	1.17293074726509	NA	0.438006743925446	0.770461997613714	1.38506137182392	NA	NA	0.684822366679571	0.700074341095932	NA	1.02846695071414	0.637888790800686	0.580218863851746	0.13098583446454	0.907606824255241	1.07507020441081	NA
0.810111203633236	0.903194207456085	0.676999696788724	0.923291061509625	0.744918774762712	0.741588810462871	0.434366503416906	0.226020309459761	0.130662420552125	1.56277394910101	NA	1.36506224336081	1.48604237958642	1.04995476293684	1.02094675864534	0.858879423237226	0.810261412791889	0.536344871649952	NA	0.955110853625172	0.97791468696181	0.704254335993735	NA	0.2923863656972	0.62756721314037	0.333794932132842	0.740568513614335	0.809709800245507	1.19520130957355	1.10689641211569	1.18735134333941	0.507384373308259	1.42429183781226	NA	0.50345003507799	0.694797491998136	1.11345741559702	1.10069190111668	NA	0.352389485418612
2.20176017830394	1.21918482294169	1.27660758915848	1.70525952586625	1.46718128141513	1.44403357718019	NA	1.42094383742618	NA	1.40799208877891	NA	0.934075830106333	1.03904513457559	0.960199490509436	0.79653256177794	0.621414488260904	1.60817279208011	0.860139740122882	0.397899020841767	0.672517821776824	0.656710490324541	0.451921157530764	NA	0.296068047372102	0.403472423853618	0.582612739765059	NA	0.485706273580896	0.197288154168443	NA	0.889504343669226	0.784978222919815	0.830123785461956	NA	NA	NA	NA	1.31698560921469	1.3738368048089	0.777104974377217
NA	1.84888577647567	2.08601954216107	NA	2.34231941446855	1.80515841982292	1.92879254687533	0.990997971143475	NA	2.52449788717565	2.38914221380313	2.2207948689756	1.82099228995079	1.68588739775675	0.845223161405081	1.35417761924165	0.329729273748343	0.821687873520679	1.3156827037856	0.460152573462565	1.59784140389254	0.418113722741058	NA	1.28563450913912	0.740333751931938	0.404339536532572	0.534996232863365	1.11194632448287	0.873036899829607	0.813740077981305	1.53047106746826	0.82573431888491	1.15124034572461	0.411905780991882	0.787263554826839	0.503008476063269	0.50254603358569	0.776855500979912	0.60512655728715	0.9113740006788
0.799240100941604	1.81994759509146	NA	0.30121913284968	0.406368121327295	0.421680322868798	0.495866792062424	0.446312377850531	1.88477903402179	NA	0.637615434915692	0.585431500847134	1.40470817464545	0.891814133561635	0.717391199042895	0.389795704032292	0.267830567524009	0.180940174055893	0.416600443659777	0.425341461865506	0.421225887026003	0.0944196719836989	NA	0.195834388302591	0.642761910768823	0.479713352213955	0.0922846200469522	1.21931444977349	1.4756879409827	1.11444412700511	0.840675645489473	NA	NA	0.640306635233073	0.555964180580689	0.364544995197986	1.47590937288507	1.69174025888191	0.281153467323271	1.5218321248365
0.7420527346937	1.42084789908327	NA	0.626816213904142	1.10888001867558	0.833225818228967	0.522218401297821	1.10904960508978	1.20306323716073	NA	NA	NA	1.35905352887187	NA	NA	NA	NA	NA	NA	1.40859355272677	1.31184871755386	0.516213079781283	NA	1.61770264346796	0.866295492291132	NA	NA	1.30437897987009	1.42123585076032	1.10126283700795	1.17362817341029	NA	2.73804277094313	NA	0.483481450224546	NA	0.995208662193156	0.554904880047331	NA	1.23083828203188
1.06488161226241	1.01302041627374	0.929077805674565	0.843109119765276	0.875547329771112	0.567807074751509	0.910426384200839	0.639891096803098	NA	1.39313600694789	1.48777400111883	1.34172348912796	1.86949128469809	0.548394310737243	0.932358393286529	0.933065107496677	1.31274525446871	1.14598708858071	0.585309006914262	0.514134333399901	0.884484958234974	0.414516411277464	NA	1.13016741469597	0.240443339130367	1.07106805187751	0.460386822242896	1.22354129566116	1.19702746596476	1.54213893223477	1.4198369889145	1.92817185997583	1.37346496349998	1.12988548718604	1.08246579474575	1.11181644464774	0.946632218844629	1.05875794423501	1.18041856655049	0.972381152100435
0.649684307647494	0.770781320808351	2.12489926818647	0.713251806920213	0.811102016734601	0.490945451591013	2.07765765862981	0.440441582755844	0.52253604706202	1.65148087294844	1.43447199638928	1.38091219071883	1.76773308209214	1.82257435027729	2.05956794610194	1.19085025346818	0.724549268142149	0.345495283441084	1.55470080883805	0.873318653949451	0.58550954067603	0.32710671389978	NA	0.668965884821015	0.91125958933214	0.41072594801384	1.00214003258077	0.980703266449103	0.865001826494465	0.850586864223033	0.834923336670947	1.3370835152332	NA	0.920016951154515	0.819917965184743	0.840299219126179	0.748790947365362	0.515638102839691	1.30239944239586	0.609081782796823
1.20858990902274	0.898972177029242	0.545439611054067	0.469452039191913	1.1640363619312	0.818516893942972	0.70472691070408	0.834562631414424	1.20780717725333	1.17141185491624	0.680332376855946	0.311236392287245	1.12387451474793	0.96135143280765	1.00140064251007	1.42072685749627	0.444147733101062	0.641370440551427	0.482667731616501	0.325810603154378	1.22390066377462	1.45945307435378	NA	0.868067252352205	0.763719713725669	NA	1.56112973092537	1.36934023460544	NA	NA	NA	NA	NA	NA	NA	NA	2.3190581748263	2.17976372106583	NA	NA
0.849672985850006	0.533953142176104	0.173330878094477	0.94233053389525	0.797736221502795	1.05551068690731	0.860411695350985	1.02042572726901	NA	0.769176786807376	0.697989971573353	0.851292102951077	0.924701007516509	1.42985084313084	0.835022060215364	0.587266709651304	0.39081912392807	0.211856719450068	0.788327735044394	0.512328725633534	1.25975499167393	0.254363379185897	NA	0.391494466118157	0.864920533906492	0.201523202684206	0.411988209734788	0.393082906253051	0.571042126468591	0.945641247951108	0.624864339325751	0.556933140793935	0.408763178471274	0.9300868120665	0.147233488476006	NA	NA	NA	0.489763711552801	0.653529374722596
0.300822597661532	0.295548217533911	0.542508982849178	0.603416293787679	0.845111338486635	NA	0.615845462282042	0.748756322496206	NA	0.92558506032685	0.785696952142664	0.393567654684622	NA	0.550362400911829	1.95233640132308	NA	1.46039657301009	1.19035697062854	0.0428227421138612	0.335129557704445	1.59254114803578	0.248950722099898	NA	0.125139513012553	0.536540169654694	0.24928043324132	0.295319399231727	0.360311934857042	0.347381167316025	0.558140399626321	0.768575003118861	0.687065717240293	0.649959177092229	1.19641072402355	0.94137025756339	1.15059359745848	1.37231428145305	1.62301820007457	1.80483233296196	1.54795746324469
NA	1.6905430094386	0.717813872955128	0.644231704697214	0.980985984234941	1.26060535887224	1.10795399712181	0.461506206813319	1.17145948103516	1.41759572493982	0.579671117489275	1.21284124577912	NA	0.922022826326988	0.405944223523412	0.943302833382164	0.47458797378174	0.294734122068599	0.800752152932762	0.372794214146783	1.33969969386728	0.12799141308124	NA	0.594579714753999	0.700264241958091	0.422255054182801	0.583439891148214	0.536825630577764	NA	1.18579007740857	0.611401131947642	1.05200519717011	0.885881151267263	NA	NA	1.30847158270181	1.05381972312524	1.62736416349414	1.96228922271755	1.53714533104491
NA	0.97346491509045	0.954021962664581	0.771699345336856	0.742171627186193	0.78475843874096	0.98784778490782	NA	0.719989835563595	1.2216201445203	NA	NA	1.09759846563522	0.250263042300377	1.01653756674715	1.07957338806688	0.817525374883711	1.67593439860645	NA	1.38895373175331	1.23997911384383	0.373223478993284	NA	1.28594890922402	1.201930295933	0.970534817310586	0.178773472687129	0.236560954924905	0.583169486676442	1.10624287709152	0.69107542257642	0.946025046460721	0.826866671330698	0.882998882673659	2.60056804667609	0.902015926942078	1.0137028466272	1.19176354445612	0.320921263138638	0.700946699733184
NA	NA	NA	NA	NA	NA	NA	NA	NA	NA	NA	NA	NA	NA	NA	NA	NA	NA	NA	NA	NA	NA	NA	NA	NA	NA	NA	NA	NA	NA	NA	NA	NA	NA	NA	NA	NA	NA	NA	NA
0.79798301348756	NA	NA	NA	NA	0.266814948952007	0.790538378838718	0.777463630497565	0.704626518130371	0.277764395661177	NA	1.37171701146987	1.0321889482867	NA	NA	NA	0.892998909406085	0.657593716084611	0.305512027182177	0.275468384563408	NA	1.1410859752273	NA	0.521584419486449	1.16819291688652	NA	0.703149270494788	0.58550111761276	0.731428709967921	NA	NA	0.428009822154621	0.676032487373784	0.59294537951378	0.131955299186753	0.709818824069827	NA	0.82825038048975	1.38812312206272	NA
1.74880515734035	1.90584331612958	1.79404728919647	1.88311834431678	1.97186684539744	NA	1.22061586077448	1.72310694201419	1.70612830585311	2.33741884359448	2.35063269904886	2.12547313531117	2.38569860399818	2.16082366734933	1.40766050091157	1.95739179973868	0.604357854047049	1.57415262503123	1.36954863319654	1.64783368097791	0.814755176479842	2.03132807100204	NA	1.82881425397599	1.98446383549312	1.96325961132802	NA	NA	2.08821427326433	NA	NA	NA	NA	NA	NA	NA	NA	NA	NA	NA
0.699610392634459	0.656563598807236	0.654282760229644	1.47596421095817	2.01692843132726	1.3036745522366	1.67605307367065	NA	NA	NA	2.14583893328592	NA	2.15761615897892	2.38758228463096	NA	0.846919895141409	1.73911938162943	NA	0.693093845677609	0.200537087496732	NA	0.178596377558804	NA	0.872213710998317	1.69655023925252	1.90408642059652	NA	2.43613061059834	NA	2.77271961891981	NA	NA	2.85967092837705	2.84499536966033	0.846890975156009	2.1156830807316	2.05423243861966	1.93912953702513	0.370816274689976	1.48435799490464
0.635517158319457	0.454727232412408	0.675173016996273	0.445275090015749	0.643572577350878	0.475448202932785	0.371870676441624	0.207277297448876	0.194462865465829	0.283742620622101	0.563186151889618	0.52227890334938	0.505323096584598	0.685617216703072	0.619059172465097	1.02327807621197	1.15949268574403	0.667958319416883	0.568444728158985	0.500249651665219	0.394039561282807	1.13829321617936	NA	1.63009301616142	1.55624270057099	1.52553129652145	1.15441735157234	1.29050031612577	1.72831693394572	1.73501944823867	0.697039689787654	NA	1.63746320793695	NA	1.27504742686752	NA	NA	1.25811931243715	1.5606595004452	NA
1.68996683926145	1.38614553835639	1.32268395248933	1.5522788199843	1.15839652120215	1.45834774515829	1.45585021760629	1.06399852639844	1.16277563248476	1.09419657160477	1.10875589004895	0.995556802216967	1.12155032518717	0.558782658947208	0.561726656852704	0.636091177383816	0.833987580245536	1.03514442993721	0.970260984846486	0.727072767403929	NA	0.231704871648887	NA	0.55461828760159	NA	0.685541123743623	0.736039646481757	0.689375274301614	NA	NA	NA	NA	0.836233857135647	1.73302714625471	NA	NA	NA	NA	NA	NA
0.94707511556488	0.907781937562751	NA	0.50251646878646	0.560283579157754	0.844701454600747	2.54740489634607	1.88587216482363	2.40499452918477	1.90798754157157	2.70716995963879	0.634844525441345	1.77262698180453	0.347115123730965	0.293407355898817	1.31325787749203	1.81367898615766	0.116487350890083	0.450718185712101	0.299665078858375	NA	0.521118361726941	NA	0.212198900811101	0.688719830355494	0.815948529176377	0.821306180650588	1.92017799675785	0.271578530435982	0.326091876932225	0.446817088593784	0.560511449582183	1.1270475803032	0.419722743544455	0.480076137013096	2.83157402673715	1.04493540293241	0.691853046469821	2.465127132349	0.658523640873458
0.696139124073922	1.62146657428319	1.55701667029537	1.66338310876831	0.858346110313277	NA	1.78836651731188	1.73890481672153	0.846372441246616	2.0789764001157	0.723823940975372	1.84864600008621	0.671613987333405	1.85052166889758	1.17625268911946	0.811833067237014	1.21418926581532	1.08707991313296	0.878592873590632	0.648470728690668	0.937907025494	0.42689819259099	NA	0.615055032454828	0.381271117422427	0.852564661009466	0.585793820113892	0.620597083483389	0.738353023884691	NA	0.810527054876054	NA	0.466437817372596	0.469510294442775	0.775274055672995	0.776375393288612	1.06928838358688	0.43644807317739	0.265047360460329	0.938720172850743
1.46002904623902	1.53823602422766	1.648312597705	0.796110701859569	0.770680191375376	1.13115365169523	1.36610808614539	1.15318386535465	1.76760173351002	NA	0.683936264291323	1.5663176847168	0.923607305512569	1.034913997123	1.19033306817985	1.32585169763255	1.58569611470534	1.45510764681669	1.28869177639178	NA	1.53975679482401	1.651864413087	NA	1.69262987573642	0.801747951417988	1.94663613964209	1.92223836171879	0.865323089133265	1.48420842079775	1.11274061683058	1.40886245250142	NA	0.978287916350879	1.33385448748117	1.29084024068591	0.927416763797642	1.05160180625608	0.941717486968468	1.57930334503673	1.09162131958888
NA	NA	1.48423355955668	1.4389454445523	NA	NA	1.36062517973231	1.27903591750176	NA	1.14993230823177	1.13580780820184	0.963923170366534	1.13911380448484	0.926956689171591	0.741783480397444	0.728369651541727	0.865532935283042	0.852822990017266	0.668434355211264	0.777209473332237	NA	0.500666376128705	NA	0.13341350452957	0.37269260669002	NA	0.39079637262736	0.235703348581575	0.561400389897197	0.709347545742548	0.71591304243913	0.777993019453385	0.647716634223444	1.09291442241734	0.227834147858743	NA	0.699333214757725	0.84907190550254	0.321162418037502	0.415947891249601
NA	1.24847687403952	NA	0.399196980343958	0.190952233745754	0.280539577839139	NA	NA	0.910897638467648	0.898471909205245	0.911355279208203	1.21818836927055	1.03164448275727	0.556777549276193	0.601738235240815	0.157442886725154	0.329238219350968	0.597160186589796	0.73051956115218	0.569768094636741	0.627557853739456	0.418547830426759	NA	0.316675980750225	0.238044895186907	0.377637719771145	0.731458555339939	0.52754152585325	0.584671197575754	NA	NA	NA	1.03587556647526	1.04402285871331	NA	1.44182455136694	NA	1.43974543450284	2.02829933983679	1.71700607311627
0.417893191069211	0.183440766989445	0.366409392145669	0.382351907515068	0.78718396684595	0.793178252040704	0.522406134080569	0.293349858512102	0.608977814216129	0.703083817280928	1.01814510086578	0.741487980555804	1.12439550429909	0.918827946609548	1.01880334648295	1.30047142125258	1.1042192441424	0.92054821676225	0.882649917895113	0.97729873196343	0.814825968553408	0.552426789898239	NA	0.595895085451497	0.598052470094894	0.756506317872333	0.575346733447768	0.902739200543896	1.34044069336954	1.19368510900595	0.973107121835029	0.825177234669911	1.03847428815719	1.38242844454035	0.959465077726778	0.966818913354877	0.699845227325634	0.573860073725908	0.50654327094025	0.580680148916119
0.500337475711306	1.06757835601691	1.27740575865553	0.807523219091472	0.905958382208869	0.888642972424502	1.16709943436509	0.947867120291011	0.65031628478281	0.373274793469259	0.464127280050491	1.15684589285038	0.574006163502845	1.49917315622208	1.18853285044382	0.626990206677249	0.6488724342682	1.11224702031705	1.20365299986474	0.919969407441123	0.125331377832478	0.618269016798071	NA	0.789907416344053	0.550876520210432	1.31792047458909	0.485926872898501	0.841568564725328	0.447118120516293	0.660903172336821	NA	0.455522621727631	0.367895868448656	NA	0.552160290158513	1.33222691205244	0.804205056485667	0.254414206827304	0.722460203247382	0.507960781118194
1.1761550901857	0.993461650011085	0.964857558932171	1.15534087927013	0.683055197703292	0.782228858218173	1.98807871513539	1.64744783141503	2.17936672432196	1.21726715444525	2.44490236132835	NA	0.653131503648524	1.08229333425916	1.25613084543581	1.26465713531943	0.956573519833077	NA	0.98539905150465	0.811668798904865	0.718440323006178	1.4915319184621	NA	0.371046897570584	0.32321759898319	NA	0.562456274691651	1.99953955231238	0.616973413733242	0.609921724839483	1.72450481765173	2.05254396743965	1.73076451535733	NA	NA	NA	1.64609724191698	NA	NA	0.536314149702501
0.729447564367859	1.33086889306692	0.856944049300709	0.357908560267857	1.03166206997846	0.826049904911745	0.842688599687986	1.34103119977026	0.275136977229083	1.27664589711864	1.37966987165637	1.06048294035157	1.01655047016942	0.657043878627259	0.847622713049922	0.731071731314269	0.861061836322515	0.432700660473943	0.909944991507614	0.205031418925366	1.31264346776554	0.68207391343766	NA	NA	0.702538620544818	0.619666184628107	0.365149526177858	0.460946420105395	0.620445949443059	0.556202922203937	0.303456549281038	0.758288826073888	NA	1.23291933146413	1.12460123776178	0.492287965862967	1.31032288403203	0.588056171845404	NA	0.779689621032905
2.83047118831917	NA	2.93895258856323	1.45604236772198	NA	0.415483810483881	0.444905631528168	NA	0.801552187573605	2.29832938439926	1.31682154444019	1.33612759394777	1.1255777185187	2.8613754869837	2.25895797099016	2.54554315686206	2.49150948159029	NA	2.42674549480659	1.79749663046219	NA	1.481202624811	NA	0.192079177200781	2.30827188504438	NA	1.81333220459476	2.10718498863542	1.70392969806535	2.00333641811599	2.2731178122748	2.02838758341639	1.07776425655966	1.74759971530009	1.51558669794319	1.19910303113852	1.45524272698804	1.62595054291325	1.74537544138077	1.28779927960611
1.52757458924675	NA	1.30065065987415	0.916717914374191	0.709353418695086	1.08206916204401	0.869797739961832	0.836491251395055	0.571185208876926	NA	0.477627601862041	1.06934030536805	0.909467176472061	NA	1.00996840123598	0.657368259549997	1.49798633469226	NA	0.993839544232114	1.27120788175726	NA	0.618813083887816	NA	0.8389100369266	2.6074069852299	NA	0.400912352239804	0.545360656145654	1.60286454196499	0.49364578396997	0.972574244598102	0.962731303526804	1.32233852226416	1.07634185178023	0.710884525482402	1.31348808803975	1.78890028992384	2.22429278174796	1.50321113907004	NA
0.669833416367953	0.553437555506214	0.843059164293901	0.640469494141314	0.567236995396603	2.24746533465575	0.311440581549966	0.295584912969687	0.617444488396059	0.795727265226389	0.750155720620681	0.809569384995555	1.32360904323895	1.16279927228916	0.832994703046977	1.06557418182835	NA	0.746892072712065	0.526275873677321	0.839050612756742	NA	0.212543961243969	NA	0.454044750088853	0.357863020579641	0.365332624459098	0.411475384894373	0.909623544062801	0.703959157511615	1.06099776809998	1.84491696724518	NA	0.850773176165989	1.23891766571837	1.16261035338444	1.43882767937128	1.32484957938194	1.69319300851614	2.269179308792	NA
1.25696759249293	0.636454940180445	1.0879487082497	0.527126371898685	0.396344040059076	0.746540828840349	0.482949121132483	0.356996072110778	0.492332470721929	NA	NA	0.793651413657733	0.724966542567511	0.334938430681858	0.273094832085644	0.384255067026354	0.994603879784748	NA	0.326767619040208	0.385238043615946	2.90597449340815	0.399171924380132	NA	0.216017381940708	2.05105259387847	1.08536758879773	0.51333761016336	0.251574269177098	0.274802236507331	0.395658492604951	0.690780774470309	1.10683168475902	0.924808409039103	1.10691153263415	1.35087021491343	2.64395334570878	0.241792490270017	1.70658110922864	0.691573515170971	1.13238296917468
1.50603992928869	1.3802412465128	1.12499597766173	0.796630105280029	0.996773369281476	0.864492323009721	1.31477863095912	0.99370030714528	1.49265263312044	1.92138276560709	0.926759687720446	1.1134502748013	0.727652588725287	0.780569063469137	0.987527329375079	1.46491351360992	0.611597645577611	0.803504575875374	0.39386663366133	0.668427119980344	0.639614350602321	0.226791729835635	NA	NA	0.497583836223483	0.934813984682073	0.499414411947187	0.632609220201359	0.9325156747151	0.539189141966229	0.404713232422605	0.378170158628742	0.97420686675234	0.967281964795043	0.508365595652888	0.472491255118301	0.730356387821771	1.36404364551253	NA	0.416949169987736
NA	2.41319220895264	0.76516418876295	NA	1.11374754520521	1.55628965100401	1.9483473040557	NA	1.04577786525278	0.576959553039684	0.184232455792605	0.365097254013649	0.223252324529654	0.431307571940947	NA	0.516759083276648	NA	NA	0.392665611809763	0.349651399294862	NA	0.0680419247785276	NA	0.277145025863118	0.413896979911875	NA	1.0915934362984	NA	NA	NA	0.320833093672225	NA	NA	NA	0.29380102502672	NA	NA	0.494683006416164	NA	1.07248762828897
0.459626306916019	0.231063066749944	0.386714883986648	0.207021412873233	1.5067991976948	0.245986213070789	NA	0.375543848696522	0.270497917005579	0.529949904184115	0.745109580339299	1.02578427397581	0.409602755308173	0.3411739219568	0.162337075976449	0.31960444406893	0.255294119938239	0.314313798235317	0.549448250965064	0.482372758198477	0.398984267165747	0.15887028409021	NA	0.29382075352862	0.197948816558446	0.395734443406975	0.676927824339751	0.247262824698668	0.298400301418207	0.373207725105923	1.01027975682876	0.81492782895527	0.386402461739827	1.12407546360229	0.465740453063922	0.57354975492722	0.323653477731321	0.960443021218638	0.353181100563359	0.501085448712143
0.83417728526018	0.703527740049942	0.738937575307485	0.454722421127099	1.06983047864609	1.41675162630551	0.357191983704991	0.633875239354891	0.670705284001438	1.09701022638358	0.977867019281834	0.843070471473518	0.673546823102114	0.794394476318913	0.606257035394718	1.04800474308891	0.721478209953695	0.714791187852972	0.764691360010418	0.173475201530228	0.87144368455259	0.411442052312954	NA	NA	0.513544886639585	0.412048055455026	0.413382911690336	0.470801653153842	0.733506627134169	0.358293913486558	0.525321316803292	0.376960395691515	0.357648275186365	0.155118699787235	0.54477552211577	0.36342918040313	0.379103554445524	1.03864249610633	0.583998881486081	0.212934194897419
1.03384952345272	1.54479735361573	1.27913784275022	1.16325592797666	1.02489124352469	1.10705615521614	1.33288689535639	0.856222585349357	1.00126817029354	1.34641239877569	0.805657087589863	0.753487339982447	1.18384470424172	1.08869393129674	0.756603656774604	0.683891171756015	0.708506030664449	1.07480195185009	1.40437911333033	0.74132154149549	NA	1.54019384545567	NA	1.07130422517945	0.962862865054267	0.181896912509893	0.489176531952101	0.470436550281597	0.405303248929121	0.404964918823756	0.862556287549542	0.88300571720235	1.07060376073482	0.486477001243392	1.08141980143914	0.793699135776592	1.44745507786759	1.65147908730073	0.0710814909669093	1.64633582705803
1.64936192386234	1.20556556884387	1.17297978909214	1.29239968246479	1.10698241473661	0.96310999148967	0.960484728027091	0.932413120718642	0.977018078479268	0.985756627629423	1.13006794712796	0.880741311510606	0.729519418203813	NA	NA	0.416514662303937	0.573693863004203	0.563447520356488	1.80490621952629	2.03751567920603	1.23694286493729	0.827605822150932	NA	0.223278718449184	0.383546065371398	1.17792456564506	0.653867003712375	0.446426841562841	0.720041068080232	0.428196026168068	0.443045891901973	2.17755992806407	1.58789497316294	1.7926802424681	1.6289227712957	0.84856135539461	NA	1.1625779148354	NA	NA
0.970861276105168	0.790870743981925	0.594160273565799	0.631630471907426	0.416005878600173	1.53317655615147	1.2171891593067	0.669235295245292	0.25028299245281	0.373382295684701	1.16784688082509	0.524886434156141	0.645748018920665	0.722705023023072	1.50108195180434	0.647147301189949	1.09840209836196	0.279299168565566	0.401204505074693	0.236364939448978	0.802143256163977	0.162909792797115	NA	0.28718006754828	NA	0.732930074430972	1.36434193248458	0.535493584054542	0.43491875293385	0.824072822783251	0.497847141025037	0.347621192432368	0.351259026229985	0.495541786221813	0.681527997933383	0.299688680995373	0.681197839950804	1.19188362468098	0.554031773872842	1.51751322569432
0.973975348071296	0.700140734634787	0.944988736130224	0.888571856494047	0.983820692896686	1.11219611761553	0.510589005784103	0.542368768915211	0.547961144727383	0.572795721661487	0.623879242876125	0.596985996476971	0.299263382887174	0.460135753174013	0.440122841631043	0.446837087563378	0.414615851032195	0.461729708420073	NA	0.79738909337437	0.475020176201081	0.89139750454439	NA	0.611510470212885	1.12641004088489	0.963931356041206	0.193964822251713	0.994967397417797	1.35382972017319	0.463148150086654	0.104126109188685	0.832812432871806	0.727658982811085	0.634038993799278	0.36020050461825	0.33658207006361	0.748094314235293	0.354854569919927	NA	0.476017833082588
1.00319930037834	0.94222257409874	0.851870643336502	0.704007772143254	0.276773827093265	0.591984664675302	1.04506203711494	0.566444009427582	NA	1.20811909540296	1.52641156647548	1.11115485125378	1.56451833745914	1.04739441795266	0.665600362693262	0.772580270961097	2.05405285603428	0.1592116354087	0.785047453972419	0.799569809261666	0.189556457281365	0.527271124402066	NA	0.48643991769138	0.279949386170522	0.657258095360614	0.356076070959753	0.312932247366067	0.390526230073036	0.715368744032167	0.63547816529998	0.416220193866188	0.335810324307865	0.523655052325479	0.567970473844806	0.262209779170803	0.370997878628787	NA	0.458233710064881	0.351717425467952
1.48090057034461	1.95773985276802	1.25627074095386	1.30783252609252	1.21291107290466	2.05315149668565	1.60215538183418	1.86740980672843	1.82529424069657	1.01159546921501	1.1577642297237	1.26482799460712	1.45050458200912	1.41691727694334	1.22695701012346	NA	0.64248681151367	0.350693562910524	1.21423187932782	1.03020940735458	1.58273359167219	0.878988958039768	NA	1.37170532080806	1.85446665740783	1.78653389432595	1.03455121395197	1.13512998268908	1.03117936525852	1.20297292959909	NA	0.974386460121405	1.39702519274556	1.34713570783631	0.919671827538157	0.584014723280549	NA	0.639586899544228	0.908848451126448	NA
NA	NA	NA	NA	NA	NA	NA	NA	NA	NA	NA	NA	NA	NA	NA	NA	NA	NA	NA	NA	NA	NA	NA	NA	NA	NA	NA	NA	NA	NA	NA	NA	NA	NA	NA	NA	NA	NA	NA	NA
0.985715541395792	NA	1.17679501140639	0.697888802320373	0.952711436933956	0.92430516095784	0.467160139365302	1.514258457064	1.51373481607415	0.647239740078468	0.451502509875294	0.902425627602383	1.08127066602631	0.478436143086043	0.806654433811051	0.637557464576059	0.658302104493669	0.643043830394113	0.41302071763046	0.653353511875852	0.150959877283277	0.631739161954607	NA	0.911285789655598	0.519725311768214	0.434669099042819	0.893878996306416	0.645463772148135	0.950128929804	1.18314040592449	0.74003445106162	0.858739628395349	1.17076317430596	1.82945925791852	1.46993521080812	0.946997439102574	0.735933451310174	0.436339115131805	0.420092906078148	NA
0.4308509574716	NA	1.30233219907682	0.612425133349326	0.51098119623398	1.41050890967541	1.08753088716446	0.254042084002417	0.444595717858809	0.805692343470908	0.699592008674678	0.65786401550407	0.791450839503233	0.943252378158845	0.498300655025433	1.12891998423803	0.617825435244259	0.193170031568874	0.339658318286228	0.438103341805242	0.733147376095492	0.3883376758607	NA	0.169371237049788	0.536997723890782	1.32719879239789	1.32871472305458	0.590732790423086	0.675127647497662	NA	0.266645712147243	0.230693624056271	0.41618452382845	0.254467722355695	NA	0.485031121511502	0.328757885649472	0.302335058206029	0.279597932992194	NA
0.800961235751751	1.2813659561004	0.798412878759284	0.664573926483153	1.16924283558287	1.25392604507534	0.449343303813903	0.515451188666819	0.202462596793152	1.17131780950632	0.957400688760407	0.598163940035152	0.593005045270382	0.473124981665685	0.630558852914032	0.50276258622424	0.327268244527792	1.08665541021751	0.403836289755254	1.01421405844376	0.738669353444237	0.439768570405955	NA	0.965969804129781	0.871336996875736	1.17278663036015	0.63612073632446	1.1655954790539	0.640719460952329	0.594201147032036	0.326015775521789	0.528090063738061	0.664486774792725	0.559800860857207	0.458266224794359	0.695123184916503	0.238114971881811	0.437327044838754	0.889894840873111	0.774924673725002
0.512669108869316	0.853106827750081	1.0797895296902	1.16171021184082	0.63093129232014	0.956224218847126	0.993734844266747	0.584221324305224	1.05200867641588	0.484741476232315	0.758421354652125	0.943443502570445	0.494901695443962	0.696977251668294	0.794650640351802	0.580878393597662	0.710929672875554	0.337990594860524	0.350534524285919	0.307445047728978	0.618443284956586	1.58318361190328	NA	0.198679496559212	0.861573832146931	0.610413159972846	0.255303313058556	0.749265687656658	1.77143113126917	0.928247653966228	1.38826499033601	1.28680233949056	NA	0.271041245623038	0.472404938574127	0.440079927868343	NA	0.146954248932999	0.441187521081217	0.866328830399932
NA	0.961457825539713	0.978738320621244	0.938855811215003	0.808860322165917	NA	1.15827115716997	1.24857909837835	0.857879381090531	NA	1.15567693025518	NA	1.22650429157734	0.813644692645426	0.735595620908647	0.856420710271651	0.946048522924807	1.17128753645035	0.640833449924742	0.533611411300149	NA	1.82273388691077	NA	0.357848762141919	1.19084478618278	NA	0.475824565302159	0.441440238267272	1.4222835332557	1.24988665377499	1.23278070633923	1.13469497837748	0.767487575227224	1.16175898995266	1.1040119212452	1.44344238031663	1.35791349231576	NA	NA	NA
NA	NA	NA	NA	NA	NA	NA	NA	NA	NA	NA	NA	NA	NA	NA	NA	NA	NA	NA	NA	NA	NA	NA	NA	NA	NA	NA	NA	NA	NA	NA	NA	NA	NA	NA	NA	NA	NA	NA	NA
1.2174421717375	0.761885000220854	1.28764503235632	0.752203397530068	1.31665745903754	0.690197895332514	0.983944908105145	NA	1.67159621760004	NA	1.03944275622939	1.32238315414501	1.00928055361485	1.20040204298327	0.78881399955348	0.894508955989679	0.664392826719506	1.07751870912314	1.27762304019303	1.01660076885701	0.70142965000927	1.27127191393334	NA	0.515679058501937	0.739438561401385	0.680495212674907	0.726805844960696	0.695685118160984	0.548165890431898	1.07670773633606	1.03763851775855	1.78429102038088	1.16354902217424	1.12712100050958	0.958008173588744	1.10744178764588	0.941300215444132	1.17913117263208	0.896771036328216	0.71346537434971
0.210428184006245	0.473421476232411	1.11574256994676	NA	1.10917021384365	1.68297626071068	1.47385530373033	0.856689182300655	NA	1.70581437566059	0.564387815348467	0.227898068835294	0.583151852120258	1.04989646189504	1.02112975997862	0.537278356321258	0.926923959539728	0.662558637131533	0.314584464286187	0.287481011515764	NA	0.499954522069126	NA	0.359238288836344	0.358265199720884	0.603154158203509	0.610310739212525	0.511572170869365	0.989008806037618	0.77444783600512	0.505722365510111	1.02602497894891	0.800029306622429	0.290014576677982	0.485497879346668	0.437170561831706	0.715403375429614	1.46382217528045	0.447763333101512	0.464443090660659
0.217985312587259	1.76545223967893	0.791543139647457	0.673683644834042	1.5572267156652	0.813855681867477	1.10994468123935	NA	NA	1.67154733613499	1.64820997823943	1.45518397433842	NA	NA	1.58571271109697	1.35937793069085	1.12789813601548	1.28138314520549	1.62217783795791	1.02691213679675	1.35414912296716	0.320920769877434	NA	0.636962240434328	0.531536643393627	0.61092699886075	0.32535180609621	0.361234603591844	1.46525222850322	1.5140806930949	1.6732531609785	1.5338396325905	1.60689772483832	1.43774519346322	NA	1.43800245320107	NA	1.36592635758018	1.33476028480765	1.7858955726605
0.849849720270346	0.485778176754416	0.705124764513297	0.38292917526844	0.236043954506113	0.394580420841939	0.834653610650567	0.358959211420601	NA	1.40723079645583	0.532138685167608	NA	0.525375351971765	0.395242917962718	0.764841564634391	0.787163273813743	1.02227477345725	0.256429384455094	0.757357708264801	0.873382126219639	NA	0.491587688969721	NA	0.37369570077352	0.262529274091641	1.74626931947457	0.213047205723688	0.283123370434686	0.445096427131827	0.497079736308551	1.82834149389814	NA	0.891547577127479	0.923969917255255	1.74854058575664	1.69140592546772	0.194427806494348	NA	NA	0.356304842035425
NA	0.393479652295055	1.17058316485342	0.991889835164403	0.744259380273821	NA	NA	NA	NA	NA	NA	NA	NA	NA	NA	NA	0.640401191109844	NA	0.836726709875076	0.522894034436327	NA	0.334841065218765	NA	NA	0.359606239060381	NA	0.37366499380225	0.168538051477842	NA	NA	NA	0.731226859291927	0.483214434085098	NA	NA	0.523030903980155	NA	NA	NA	NA
0.259931272652029	1.1709412747212	0.851712549412371	0.792172600896545	1.13549899753314	0.529907265027544	0.818772317755301	0.420469375081067	0.571154124688995	0.260098865917665	0.333477412242075	0.498039829717508	1.20752998711053	0.489003662465532	0.758387142890809	1.29797249071817	0.629178289323354	0.351957618162976	0.250759558978233	0.49231652342166	0.388362772050831	0.43139355985049	NA	0.869540030097149	0.624045779257901	NA	0.645664832834198	0.333583520189851	0.445758491170356	0.465650976682834	0.372868466507257	0.669500726463011	0.324026403420725	0.285300387862055	1.2351459778411	0.657801238260732	NA	0.966049687497731	0.807084731410028	0.473454242241145
NA	NA	NA	NA	NA	NA	NA	NA	NA	NA	NA	NA	NA	NA	NA	NA	NA	NA	NA	NA	NA	NA	NA	NA	NA	NA	NA	NA	NA	NA	NA	NA	NA	NA	NA	NA	NA	NA	NA	NA
NA	NA	NA	0.332899529439495	NA	0.639438182628422	NA	NA	NA	0.615784041610842	0.615422513308129	0.65075087705387	0.358983797071819	0.633970255973874	0.701126205443078	0.631807262017286	0.171974180496091	0.482211966832903	0.423751984226687	0.345965959970224	NA	0.276176344106941	NA	NA	0.814602880456308	0.380810934375987	0.870861497644999	0.624393558509167	0.542440098737441	0.738591656674926	NA	NA	NA	0.3917468939156	0.274607062101573	0.834736948086749	0.476317406051802	0.389921219511483	0.506860046950016	0.279870576663353
NA	0.335742616490102	1.29122653020061	0.420457281770618	0.25604351547275	1.21862525658933	NA	NA	NA	NA	1.50978591524241	NA	1.37012187328233	0.304722765395906	NA	NA	0.525485435269181	NA	1.96586579126719	0.370994401806267	0.523489224691253	NA	NA	0.792632411534368	0.378799150754473	0.596169515134056	1.34321368068933	1.54252852648489	NA	1.53657926652459	0.635564696400318	1.39966376662181	1.0908876020531	0.980790317742184	1.68393563933493	NA	1.66617318127297	2.0431226638363	NA	1.86768580077534
0.561337570575087	NA	0.583428782216015	0.765106723024957	NA	NA	0.66692449003278	0.65161040316028	0.533669803585178	0.389544970858164	0.296160577608027	0.614715857904112	0.34532503593015	0.264320069921541	0.304180669632498	0.366588473604856	0.322476047748918	NA	0.272210028549152	0.398880856102627	0.410667673127881	0.218260039396171	NA	0.0577699323141129	0.411456619876763	0.356129836132918	0.446785712392041	0.639103548856438	NA	NA	NA	NA	NA	NA	NA	NA	NA	NA	NA	NA
1.47904165763118	NA	NA	1.02375697582797	0.421557034870676	NA	1.02132195124179	NA	NA	1.66312522699754	NA	0.854858866106723	1.36442436015341	0.911030517695825	0.767916259063509	0.817915813840236	0.655807644653237	NA	NA	NA	NA	0.645866331545636	NA	0.727091685843232	NA	0.612717277971241	NA	NA	1.13103976922496	NA	NA	NA	NA	NA	NA	NA	NA	NA	NA	NA
0.415248286602888	0.469229181844078	0.607212931983807	1.35806270905021	0.879472275451994	0.877537697438122	0.866807328032161	1.11469656250164	0.854173273960649	0.506662121814894	0.811132089648145	0.425110392488938	0.568444528051754	0.528493803269009	1.22537079961019	0.983674701046536	0.985538571412245	0.872111217730529	NA	0.655348764310606	0.526344306208904	1.29262793703975	NA	0.713374622815238	1.01425585660894	0.912637563960436	0.380988892602799	0.795945497340394	0.444962430923245	0.568918158056059	NA	NA	1.40410482594476	1.12387302591626	1.25518455858866	1.8755677322813	1.20843921144746	1.78411415536279	1.40479429173832	1.65065788484458
1.8540886153198	NA	NA	NA	NA	0.547984215881147	1.00195758308309	0.740187483390816	1.73995932552955	NA	NA	0.640286184396102	0.760833532989435	NA	1.61715888702065	NA	1.86652780675732	1.23408832827831	NA	NA	NA	0.922603708763659	NA	0.154992215605945	0.534479028707128	0.506669078795405	NA	1.09749150704439	1.24981643282369	1.59186951165778	NA	1.29488980298888	NA	NA	1.04061444721802	1.96876200773258	0.339627563061628	0.614793271201509	0.35064103172716	1.01691312494086
1.29119184004022	1.09700779103761	0.74037061451334	1.3572185417373	1.51017962697577	2.0179653941028	NA	0.626933719750453	NA	0.570240803437343	0.361716661242665	1.15970189706262	0.334729005123076	1.23796543494369	0.965128018855903	0.385706357445506	1.08887977228384	NA	1.49288199805426	0.507983517683042	0.310345501098222	1.28315431606998	NA	0.51845478519325	0.429487467590834	0.715115220468525	0.281526538901795	0.908749881070226	0.629785576124173	0.894556241737789	1.03811595292481	0.977032326363553	1.39921157756576	NA	1.43879021305091	NA	1.4939648911745	1.63464721005753	1.59271337490407	NA
1.44946226605157	1.11359234296607	1.8637290734166	NA	0.784112072794698	1.96506651292879	1.35656551240173	0.662223843781337	2.08906833248787	0.428086929791183	1.49181014300384	1.34034305656278	0.927865839800586	0.337395838424892	0.95280904918636	0.366797536369824	0.571293524471089	1.16282144665833	1.57528835199799	0.649643290630006	NA	0.321897070885803	NA	1.58433086763703	0.800087118059484	0.889057051681792	1.29529235624289	1.27445143790574	1.39105773566649	1.29730564144873	0.949491086379548	1.40912229880924	0.92858559145951	1.0111296627744	1.16821327718198	1.27832271689902	1.47707510958734	1.21451824787744	0.708251557984938	1.61204591719788
0.429011009045579	0.672097703478827	0.327067712814847	0.954723159949988	0.869064759222365	1.04533949053803	1.16009383817189	1.08675817461156	0.374436358850838	1.51598021010036	0.41384292615936	0.244519572055837	0.71819462682192	1.55969660310772	1.14052875914838	1.42406549599981	1.43680921596875	0.873863564952055	0.321652885036062	0.244854973355431	0.417901987608911	0.554261041913999	NA	NA	0.35238375047433	0.506978434844347	0.505545308149447	1.04268112463787	0.59971077196769	0.164946293685659	0.451672307556621	0.448461512332579	0.914534626954693	0.348735717284189	0.382538331399517	0.393542568511966	0.501401577700994	1.17324013094421	0.419622106396216	0.235056633089981
0.410401572803534	0.54494266250344	0.569282876952098	0.730793721446569	1.06577619099432	1.01889976529416	1.23361714179732	1.05539937106364	0.660264794438365	0.64931996612561	0.701605911303411	0.691311365797738	0.589401521932572	0.972919693516923	1.67018234542766	0.60900248729374	0.802553257235628	0.961465197414446	1.14287285459334	0.879811811111762	NA	NA	NA	0.904663268583911	0.936060564607004	0.763511787726273	0.804192672217665	1.15359840721357	1.0114193246223	1.1749458799332	1.02904943869575	0.850206873185177	1.27901517073814	0.669463084072536	0.9482244802421	1.26614997348481	1.44859523923032	0.920713286713481	1.15308453504024	0.887638057545597
1.22562513371837	0.655465565396942	NA	0.889403213030767	NA	NA	1.28653004048611	NA	NA	0.756232220546945	0.573974417014789	0.818604479021117	1.24667957077958	0.781188038050674	1.04407071689868	0.751184190701904	0.845986953248148	NA	1.16392389102654	1.26780107368694	NA	0.894099237234643	NA	0.380687513138069	1.42696577837003	0.327347186193328	1.02470346681238	0.332722671785256	NA	0.935048590559585	1.04638971097661	1.03642607379431	0.775999283737997	0.600766428852531	0.423769123203957	0.621690873217979	0.554064646305799	0.50333348982195	1.26791580656844	0.841917955837501
0.814525112222605	0.972219735916792	0.729755720508566	1.0559162769875	0.81846236009301	NA	1.2578616803518	NA	1.53357529499732	1.36658443362015	1.959838466076	0.902265023930963	1.23189221011431	1.10945331143759	0.900536182875928	0.979160101794078	0.739659850704422	NA	NA	0.922797761974744	0.934895180142528	0.568427868372551	NA	0.775710198636352	0.574032005369311	0.578202177462817	NA	0.793385888396958	1.1205729453496	NA	NA	NA	0.771652760718607	NA	1.00200951146796	0.606952108192583	1.32780100205291	NA	NA	0.514066117810396
NA	NA	NA	NA	NA	NA	NA	1.05855522307527	NA	0.524081207929785	NA	0.512812339246148	NA	NA	NA	0.635552516951524	NA	NA	NA	NA	NA	0.50817969771587	NA	0.559407499923778	2.14647954876136	NA	0.989006277190018	1.28030546792723	0.800617166295578	0.929762952187968	0.566351923036441	NA	0.985369916023912	0.326868983963106	NA	1.5750611878264	0.851863754899102	0.865403971993887	1.42455816874149	NA
1.14565287848628	1.03828269816839	0.90748068039324	0.96580978898759	1.16733284298704	1.16679108750829	0.967113580571306	1.23294889497099	NA	1.41513964993844	0.952618407111568	1.10706573303568	1.04929440042936	0.852095398909394	1.02999910544785	0.806407657501654	0.961003685643364	0.614691763298622	0.599511278956923	0.994599411800017	0.798521777471527	0.360560262900231	NA	0.40529006598362	0.604734284793736	0.663420427811705	0.700218915865586	0.784348219073022	0.554930692217229	1.1158689640726	0.847460003944154	0.665151707137356	1.06507960013975	1.06773474012045	1.50832530239675	0.884753509425813	0.710414906643994	1.22680241504405	0.55243622115278	0.759412969141667
1.34320937329438	0.724511888989539	1.19100661534989	1.02141057028489	0.852386554588155	0.847075749455702	0.853544545853803	0.89629379240484	0.956880076378305	0.941413827112703	0.86290980982738	0.812588790502351	0.947180599180648	0.566785492239766	0.771954643866046	0.391580991783249	0.447188727719288	NA	0.893774987170589	0.493472991611707	0.581219777664873	0.439438720021044	NA	0.652590895165848	0.424594734173109	0.584001756701162	0.443079196518269	1.16420890773883	0.564628492562504	0.319923912973166	0.353972435866992	0.854155857245496	1.23454395240962	0.98499881091943	1.15238935683383	1.44401625070653	0.846278903403083	1.27255881069047	0.603809206314629	0.75929941454287
1.9275530479906	2.335714647495	NA	1.62961228017441	0.715615178318111	1.12405240800429	1.10432637169459	1.38806865188333	0.898044429699803	NA	NA	1.05286594741628	0.923179923011953	NA	1.74490660201167	1.48583580041005	1.19584713095933	0.732419956784726	0.913158353163565	NA	NA	1.4211267610717	NA	0.174287023909335	NA	0.724744611729086	NA	NA	1.61845631565776	NA	NA	1.1027775538084	0.527728563104417	2.46480530453615	0.612833306492357	NA	0.911110892389423	NA	0.365934938424291	0.92020528018078
1.30846856056617	NA	1.65540233732549	0.740612422727638	NA	0.708947869545973	0.771223522571064	NA	NA	NA	NA	NA	NA	1.65329447748626	0.981033557905195	0.568929584795867	0.94105419598459	1.27872420409623	NA	1.50539139145003	NA	1.73762222697233	NA	1.18797778320943	1.47675683865783	1.41681596558295	1.4153508108707	NA	0.91503404352029	NA	NA	1.6031244604667	NA	1.54427764400118	NA	NA	1.88249232881929	0.78263612078123	NA	NA
0.959398060792857	0.999781218508676	1.6682923292509	2.50789313412644	1.81647591051655	NA	0.966479256026841	1.3810068108887	2.17426785087205	1.57544410566829	1.53403710630213	3.17507932698725	0.82916491587207	1.39463854262669	NA	1.20054675197726	2.26154104175591	1.36985474543082	2.78909578756432	1.32621491312097	1.9201945965578	0.894200700340981	NA	1.79700951944307	0.962631513878267	2.31031588817139	1.90188716824317	2.3131613413869	2.48738555545886	2.53563823043358	0.246839831263986	2.12340509775147	0.868695521529414	NA	1.25283491852905	1.5600315234663	NA	NA	1.22683889838007	2.40998768701521
0.717960403750738	1.85154059221045	0.676735852247599	0.490944529301618	1.58271429338306	1.83259804094543	0.623304818172296	0.98597237986635	1.16332850600269	1.40745257295204	1.93488075212975	1.55325261877923	2.2102279401526	1.99530865188509	1.51410767144026	1.15225668434329	0.916990940427531	1.07015567021661	1.0627667548648	NA	1.6029765019852	0.382873101372014	NA	NA	0.765035126591903	0.395966789890108	NA	0.44819752732911	0.65022156625729	0.995588413690449	1.53654337428083	1.51777112645576	1.17419258084916	0.604441627888417	0.672468942489087	1.51651351303287	NA	0.875930012774503	0.992933012844909	NA
0.642252206444335	1.04151869955614	1.08599996229735	0.621074154991103	1.11598106794464	1.06265323957724	1.39088543269628	1.03153368354013	1.18777083725361	1.85146895828536	0.819244046012153	1.34705941606831	1.28167192288986	0.421328707375756	0.608346402778602	1.27152538700605	0.571304917335641	1.61176143778437	1.14773848338191	0.853896677082381	0.547862559296191	0.793283140132722	NA	0.443852092943838	0.9930768316358	0.549819781542528	0.985609221641949	0.638112701233227	1.13754205288253	NA	0.758226009914021	NA	0.8485774674688	0.3415547004787	0.988540643278035	1.08508871880543	0.715168037671189	1.70110797924805	0.763392215790651	0.971838123793817
NA	0.329250544875469	0.15853461380202	NA	1.00009135665404	0.450871739195444	0.268882126714486	0.832086028816136	0.438237426403835	0.628619625781352	1.89401034183722	0.544248349083642	1.27424068670057	1.38679086405382	0.663462339522446	0.678936499200736	0.81538475673099	1.54933456658042	0.766048090544984	NA	0.292415838488794	0.857996645674983	NA	1.42329213161258	1.35788783330623	0.791110548483301	1.01339388718474	NA	0.891028016985368	1.01649234012936	1.60979604415338	0.650139461399048	NA	NA	0.715810859496779	0.367411555869119	0.854251061241687	0.829939713383691	1.6517688957008	1.18206741619181
NA	NA	0.669117617819669	NA	0.626638642319669	0.347062484399157	0.370552979758267	0.649820406361217	0.79132781503416	NA	0.671358967683115	1.21669637869389	NA	1.44691092679208	1.03190770194955	0.557130449841882	1.17916452297178	0.975562917950273	0.605644109445382	0.238024292543533	NA	0.596265651902329	NA	0.36734959816164	NA	0.572851767172574	1.57502301132271	0.540595395427098	NA	NA	0.475014217851431	0.737580857989049	0.688949157436647	0.386548425336251	0.551702162511504	0.443702767595144	1.42746757751344	0.631747531254756	1.31420006994469	0.249238741774233
0.777374011382988	0.997787457054035	0.542812062079542	0.992748325144973	1.15424170029727	0.915133437654982	0.755079421592992	1.12001272241072	1.21490380057181	1.74701587602131	1.23553333536272	1.8005927879176	1.93710787515174	1.68312407055497	2.02471291805698	1.14112024424754	1.60344064333444	1.27819119146448	0.495561622305669	0.373370258155104	1.58760912040324	0.933117104159784	NA	1.1107809511527	1.47870174399195	1.8549593591852	0.411909241354098	0.831612167760712	1.50963847285395	0.535848882297025	0.739011228292523	0.79041304281498	1.17205701315395	0.854402239910717	1.6393841976313	1.24545499132643	0.594928315774395	1.44107169781951	0.74162314967194	0.973937904277919
0.491177812717886	1.41525557169166	1.7886925202774	1.12465892269863	1.8450199159937	1.66537934408401	2.1789397122717	1.38141733563745	1.45996382787901	1.38435068885109	0.741829201773381	1.45977970703545	1.60867336108987	NA	1.34341061282132	NA	2.30029294979202	2.62053443475416	2.38695648491204	0.977163888245286	2.62357773146292	0.910314312814653	NA	1.76758095237392	2.11011455440262	2.26854297776799	2.46352536478045	NA	1.63798075843766	NA	1.0304677854097	1.63076988138175	1.97727255035113	NA	2.03723047317727	2.50408882432935	2.12091726447727	2.56946335941429	1.74531941769957	1.52688585634953
NA	0.875405823615961	0.838018280374185	NA	NA	0.639280246052285	1.74004118879354	1.13901564781172	1.08623785599647	0.605623759614614	NA	0.928754708545069	0.914769142035196	0.869420886313759	NA	NA	0.972530705559213	1.96469931786343	0.815581387507266	1.66205585156987	NA	2.45272254009145	NA	0.302218494603538	0.365960445765496	0.750367112760532	0.716503448214148	0.92451443356528	0.465462813706617	0.732612149228465	0.888525543419162	1.79981223297581	0.326549775566441	NA	2.0105659409085	1.0218528686198	NA	2.29147388725985	NA	1.9904453854457
0.859986749816002	1.6725355019564	0.964393186305264	2.31489741131785	2.28141389812299	1.58886997810652	1.86641357220987	0.694838459446195	1.97983269503076	0.820211175006561	1.67558303093215	1.41730619977257	0.293142111689117	0.534670203992911	1.84051375495874	1.270089319491	2.17388847718676	2.17860697356959	2.34165743256654	2.50808679865499	NA	1.67984063472223	NA	0.357951694318845	0.941644892199959	0.577830186764602	0.589297331989496	0.220406592086635	0.30158335377542	0.473293112974956	1.1022102387102	NA	0.583194845725599	0.423522486291039	1.12211082837563	1.183924042935	NA	1.66383937702785	1.27399102817798	1.04104580088662
1.13311880139219	1.62839391696161	NA	0.828775522686132	0.76079151653626	NA	1.34913136966668	NA	1.28341474047018	1.17127066750369	2.397773592232	1.03082841283575	0.966385341320989	1.03322883643848	1.12987677435192	0.754714516104499	0.708774595729836	NA	0.966157717514588	0.863711221996318	1.30258723460403	NA	NA	1.20284631514491	0.539065110556078	0.457441131809611	1.07104210254458	0.746813595727447	1.1499842834448	1.46574568344498	NA	0.628983511024977	0.833889440865056	NA	0.875496925270129	NA	1.2808054071866	NA	NA	NA
1.14416662532401	1.03215846110944	0.94227741016612	0.842176685082603	1.17794215164962	1.08460396519958	1.05369023403119	1.13229987205498	NA	1.58405564612189	1.13498406326998	1.04471916862414	1.2103179856086	0.947891209320694	1.02026470242473	0.888355001738916	0.88545571900723	0.659340230439298	0.523442263384989	0.988513351092343	NA	0.391372024952233	NA	0.561502230653339	0.788329150029198	0.703969459241554	1.00815582339635	0.984856645844433	0.597631517723997	2.16743844900043	0.904455335516157	0.812077567892505	1.00444215759707	1.38170789878982	1.3787327574108	1.19957384155719	0.845517763980939	1.08513555588386	1.41989385224306	0.605998543950144
0.413068838595626	0.415554094852584	1.05428927104541	1.27571329429477	1.12757720574205	0.716818979496848	0.751749159984763	0.747194537926427	0.863959342485121	0.736030545260498	0.750984790819926	0.711485812203607	0.55871653715487	0.441367692490494	0.691101021068975	0.661545576238151	0.541369340242792	NA	0.685992449874716	0.967912971104397	0.475748526121608	0.717686663054284	NA	0.513554457652052	0.269897255052333	0.518430259113455	0.431152623802917	0.589676460762714	0.345180985458197	0.379504120180166	0.500573968006025	0.77275491206949	0.177440726543993	0.80781104487283	1.0816942173831	1.63135292832781	0.914426723449744	0.921431523341443	0.624746706952981	0.644214583085637
1.52506957101342	1.87322561828822	NA	0.93485138931673	0.481541027555189	0.372884323329313	0.629531652035235	0.398214689385631	0.882759102158443	NA	0.380094450106442	0.743024704734842	0.529274471096285	NA	1.01526255275131	1.47494215251587	1.2881921591438	NA	NA	NA	NA	0.990475900476176	NA	NA	NA	0.361287191057537	NA	0.879737533332059	0.53764367801425	0.554425219873095	NA	0.782903894560441	1.79881727806129	1.71246901728215	0.501782777593633	1.81274891728328	0.282172363178479	NA	0.497530929198793	NA
NA	NA	NA	0.998903298893238	NA	1.20160092409813	1.56288552361914	2.1796763780767	1.93950274843108	1.6698663157068	1.52919607304787	NA	1.06819641400127	1.04026115395196	0.61966260251223	0.869584276925302	0.702645711617685	0.59816468579567	1.10626808937044	1.18230100099247	1.69569463017381	1.38539084557843	NA	1.24491400475555	1.91303245418705	1.34479397591817	1.29743925105874	NA	1.30777179758009	NA	NA	1.38111698252026	NA	1.35396597137607	NA	NA	1.7785631163497	1.40471149844737	NA	NA
0.411880952338988	0.731285370694834	0.931402828619138	1.85035829493528	0.987960883926324	NA	0.782426218958922	1.36033981313809	NA	1.27428556745969	0.856425267299287	NA	0.563598145501138	0.771920773934222	1.08809130647142	0.5250207910418	1.98835748789397	0.536042604791447	2.12323102299225	0.929228522296713	1.57222451914228	0.645237941408808	NA	0.790762429751318	1.03960020785851	1.29091006920918	1.57040926966276	1.46469167908448	1.75016165393471	NA	1.08899240415206	1.6865783973355	0.145240041585257	NA	1.50201811943314	1.36689446083609	1.02263100758209	NA	1.0665740567038	1.87144725891358
0.933412334009725	2.53543124902859	0.596418077264466	1.70096466162818	2.10404961825307	1.97122905957981	1.32852208835422	0.75470535846119	1.20654738999147	1.14301302469926	1.33085783853026	2.79408844113239	1.74465955749964	1.52820694580054	1.28346092598659	1.40685505458518	0.811514617542928	1.17109332973127	0.724777264566103	0.330924861307193	1.2748738014814	0.408437488162061	NA	2.6655018406393	0.302221430011524	2.05673517328936	2.45232042483613	0.413358941408719	0.72070684587362	0.675466182770126	1.10579697799313	NA	1.23217070976132	2.78118745972302	1.1956505240464	0.767159631951534	1.59017477003699	0.380316613286645	0.900692755064937	0.993837378542313
1.75510498613516	0.719663517325935	1.47795425710756	0.977447704539758	1.00228779415569	0.964261377329803	1.39841233117358	0.908937412284911	1.10660360034242	1.65201669408611	0.614747071373543	1.24887421219007	0.718259498663326	1.11809550236604	0.997952399136523	0.996790110336094	0.730647113581496	0.460743135715273	1.28403890561143	0.439029547504721	0.586268391527411	0.359597877565347	NA	1.60534971395209	0.447852887666971	0.268188173296108	0.429513498350074	0.959228307061334	1.54298192628505	0.360741907715569	1.11776551546093	0.822224402190447	NA	0.488226210325183	1.77614572237025	1.45968594728197	0.689067065767011	1.69793726443592	1.22928842686373	2.18319825082828
0.553343287619314	0.212761968776933	0.302268854634932	NA	1.01099832600843	0.218171506996342	0.284734720753926	0.548533215166448	0.521598633368449	0.451402621590996	1.08674821542357	0.540300493510056	0.584673293534439	0.76418678588378	0.534561096782145	0.817593820469062	0.730856860443458	0.597834776508203	0.905845736266172	0.77768423803085	0.167897651050775	0.895491441506345	NA	0.93818778685094	0.650423634212068	0.665209708927494	0.778882498025732	0.936670838513802	1.07363552477904	1.06920590981382	1.27438765189544	0.73568958866723	NA	0.538294433542387	1.46004925779789	0.529453145748788	1.11102671145484	0.602252848203914	1.66378931044814	0.827539122705468
0.767686899125622	0.720087316492192	0.58203617828714	1.27069796069717	0.624117735237689	0.859127477268121	NA	NA	NA	1.34379824166752	0.639468436126207	NA	0.540540574925889	NA	0.765384674160275	0.768435850546215	0.671570407553974	NA	0.601655145158839	0.381596720615798	NA	0.314142234891409	NA	0.165757401166976	0.321870942511999	0.415409407572913	0.305478648808123	0.680732389823645	0.491646537431664	NA	NA	NA	NA	0.821295660853064	1.08525558576498	0.725067568607113	NA	NA	NA	1.28729241434534
1.14649368029211	0.696524126211679	0.419385157117899	0.85006022873945	0.940516750741091	0.881169151348319	1.08324776105062	0.943761450712895	NA	1.10614040905111	NA	0.659414677575915	0.436103363095953	0.773047110462338	0.801762094756576	0.835253092704537	0.283057044749323	0.412510211568812	0.501995957158034	0.346041525873664	0.78352961474982	0.232295098985723	NA	0.243600879201204	0.876132890654626	0.358666996350065	0.258150173062799	1.02349272210599	0.444215322863879	NA	0.996467843010176	NA	0.40209358245913	0.723081943841324	NA	1.53549792678183	NA	1.85404352204171	NA	NA
1.40566743041222	1.34012933187245	1.23484951530326	1.22275801798159	1.12948882570856	NA	1.72705294293794	2.05295510839199	NA	2.92657748845907	1.30637756904064	1.31004176968151	NA	0.61555344415194	NA	0.390808823829801	NA	2.24111343009242	2.40769956626627	0.24846897618854	NA	2.20260692267216	NA	1.95014748269225	0.963871608558116	NA	NA	NA	3.14153947263568	NA	NA	0.775850511511803	NA	3.17888525222327	0.498284137195743	0.606241786819837	1.54999175278266	2.61941587498232	NA	NA
NA	NA	NA	0.324273909492615	NA	0.249486380290755	NA	0.544163435352458	0.579399009106463	0.63599768538437	NA	0.755648372892561	NA	0.576193144211581	0.523559370059548	0.192500795658722	0.24271179932059	0.59339012488094	NA	0.500255668967509	NA	0.471420669928757	NA	0.293201582506651	0.28908508761518	NA	0.862484015040339	0.430293072451617	0.567239925913936	NA	NA	NA	NA	NA	0.463574679582469	0.438345819327879	0.606088141226559	0.262548734277478	0.263269775564265	0.448048700492161
1.00840356620988	0.965907957700632	0.677622094595759	1.26007640971961	1.40235395329268	1.04669737742876	0.836638984836795	1.15430437486749	1.36927244626752	1.79979205693162	1.214293323085	1.97323669695099	1.79011066737113	1.87888848514375	2.1408524882947	1.35584692969267	1.70432114818018	1.394779682555	0.508911702678018	0.527695436675621	1.80114913325594	0.740396075380745	NA	1.28373376120531	1.13915447632423	0.386549526592035	0.304367103565774	0.610702604376606	1.57234659075933	0.571417081278247	0.707299420149655	0.880688925251437	0.95954481579897	0.876800302551327	NA	0.842922319630208	0.480489529451804	1.78594676661218	0.800311016390928	0.596287134045807
0.538847303051199	1.28397689635577	1.67704512643749	0.818692723383209	1.36493557738283	1.21454560974185	1.20587048391831	1.19728725383562	1.07495737258413	1.19282701031806	0.921332674553007	1.25355981812074	1.13458091822371	1.46559229994803	0.833412125570679	1.59378099942029	1.39739514629844	1.74273410739551	NA	1.72281475598206	1.40973031251366	1.64021371679192	NA	NA	NA	NA	0.54005055921399	NA	0.991934360331501	NA	0.481140834765234	NA	1.05852294959326	NA	0.700752552208692	1.48167212839906	0.798849650246637	NA	0.728815334264336	1.44651592405154
NA	0.960934675635428	0.863478754675096	NA	NA	0.730745883486341	1.54588988160784	1.30895409204897	NA	0.796223270630475	NA	1.24215182830384	0.865498245435443	1.1145770448653	NA	NA	2.02482584404106	2.04456859026233	1.94617634210027	2.05663201332031	NA	NA	NA	0.539785439400531	0.159335071156058	0.812051457803554	0.571473972414963	0.995239649281009	0.414681026766533	0.707544911786704	0.8989435072957	0.608151024544367	2.71910623386803	0.701104497835699	2.1096738473602	2.02813584570255	NA	2.48023460101129	2.03591098806986	2.02219949130244
0.887075237906114	0.75671826245869	0.897191787088729	1.58921657594112	1.44357576410751	0.362790485878908	0.46080043194151	1.92709877101958	1.22304652170431	0.444126075558003	0.530900129833647	0.533207233586939	1.07476464284297	1.028704455645	0.528637978811968	0.950977204112221	0.681142623824324	1.44098614280398	0.335810482175879	1.3250139205013	0.63815643750958	0.700248908695996	NA	NA	NA	NA	0.666971653242644	1.13608963523382	0.839618918790365	NA	NA	0.763461796129421	1.02634548803722	NA	NA	0.550834917072494	NA	NA	NA	NA
NA	NA	NA	NA	NA	NA	NA	NA	NA	NA	NA	NA	NA	NA	NA	NA	NA	NA	NA	NA	NA	NA	NA	NA	NA	NA	NA	NA	NA	NA	NA	NA	NA	NA	NA	NA	NA	NA	NA	NA
0.744653222450597	0.619428581415245	0.886419932629076	0.612530954243139	0.776268732385281	0.939087423079711	0.554474725339723	0.772938776482321	1.04315981959985	0.479581646830087	0.966074518807564	1.01950175530965	0.492891576201045	0.594785272863723	0.505728846961972	0.364440870599235	0.34354481367578	0.34732604882807	0.318314430897981	0.417966924367314	0.241317510964095	0.334103784299844	NA	0.702894662761974	0.701164746814227	0.630313382954339	0.233068067773774	0.334468976393016	0.839649519402138	1.06501830216623	1.0393209171379	0.780148850704601	0.716347924511519	0.656065124436094	0.975967905967969	NA	0.925286536929559	0.954051144664892	0.281406400324065	0.576466326466469
1.33516217765353	0.773420228873079	0.794890394051543	0.902735905733225	0.958121504960586	0.776911776553235	0.825750987353619	1.0995302942791	1.0446479975932	0.840203053147656	1.01335786524346	1.06955977542865	0.966597404735432	1.21243215150193	0.865823175269709	0.956368224008887	1.00982803126682	1.14734604097912	0.45434476923903	0.178002034679826	0.788298363281347	0.226901663460195	NA	NA	0.749917697641997	0.287636187334256	NA	0.554213485643985	0.826871627129923	0.811897989892598	0.744156230178873	0.647365763052613	0.778142450864922	1.10405536420967	1.32856055444555	1.44825355893553	1.04475415935688	0.691590519671733	0.577056558048767	0.86593905412994
1.38568966052585	NA	NA	NA	0.892785728571874	NA	1.4591923047685	1.57172103082355	0.944116711397449	1.26551395240866	0.736279874888853	0.890769656512205	0.763351909447229	0.896120342285259	1.20682093944353	1.08756290511938	1.18101925189498	NA	1.31619625592824	1.07320148758231	1.0635647179677	0.819106509373146	NA	0.463108428887725	NA	0.483259919600044	0.69721690398611	NA	1.27562266349726	1.44422198873508	1.4169708991654	NA	1.34285739436526	NA	NA	NA	NA	NA	NA	0.486931770025493
0.492493117858315	0.820462410875291	0.369244490288055	0.520324692880991	0.442963878349042	NA	0.463847096698318	NA	NA	1.40942955816876	NA	NA	NA	NA	0.765157258038093	1.45119362332772	NA	0.410479182728344	0.673040541397793	1.11134752956865	0.414892926143205	NA	NA	0.730495071409074	0.770708237676851	0.526159179445956	0.563224071664637	1.20525454535875	0.63095122245523	0.501094827152483	NA	0.514318427866981	0.464469282887554	NA	0.291162467216957	0.7401316949934	0.60808624325577	1.5834241412802	NA	NA
0.790993261754718	0.587042063559558	0.879550254053015	0.860532272389577	1.50042545884586	0.774615501883213	1.05609249843087	0.816952867341645	0.622736137105723	NA	0.37013030767176	NA	NA	NA	NA	0.230458801354343	0.166591943218229	NA	0.353654032838966	0.235725221511254	0.323125525672844	NA	NA	0.444518034970384	NA	1.677732819244	NA	NA	1.0969362856763	1.14785729761546	NA	NA	1.27290533668097	NA	NA	NA	NA	NA	NA	NA
1.34557641867187	1.57264054470122	NA	0.866084742831011	0.869778643657918	0.351704674797836	0.578973909406699	1.46215584595338	1.38943389540663	1.2112972829399	1.12935916427033	1.16437162891745	NA	0.904760905399184	0.42436569757914	0.887696541772302	0.247323308392794	NA	0.841066879326101	0.457488910678205	NA	0.216676175805122	NA	1.19254979368644	1.28116274646196	0.958018091038214	1.56134936688642	1.01010879187722	1.42265067562927	1.52923921600175	NA	0.609340723166736	0.377259614547353	NA	0.668965197678639	NA	1.0876762202636	0.409984172267696	0.376415514577141	1.35282101848716
1.59699397123347	1.48358725064035	1.45634123563659	1.55800240928839	1.54530698575184	1.52158139861525	1.51740905702858	1.61419119364241	2.03258200796297	NA	NA	1.07020042095674	1.28924821107146	1.90360726743861	NA	NA	0.96723149702744	1.57272734918531	1.3695273070601	0.813458434660758	1.66806059077123	NA	NA	0.60504829585737	0.645114133975391	1.01800881543763	NA	0.840419957367653	1.41735487923476	1.37838809936949	1.41133444044715	1.01349703892961	NA	1.34367296235679	1.54104014025539	0.777386057787424	1.71122480807497	NA	NA	1.93395271814289
0.814643375455681	NA	NA	NA	NA	NA	NA	NA	NA	NA	1.91807651866478	NA	2.12349857510843	NA	1.10834570626592	0.559691087544399	0.545697190417394	NA	1.70958889314595	2.13132328348407	NA	NA	NA	0.259293650367317	0.151037334532609	NA	2.33145341960379	2.40826162298969	0.733492754639608	0.270652167146411	0.364645391121136	0.339519137775963	NA	0.169762272197553	0.455901948884041	3.15833655656651	NA	NA	NA	NA
0.631031532484705	0.790448967588379	0.882202616563989	1.40917334827461	1.3345731500854	0.602568766296233	NA	NA	0.78048314725316	0.768018535093996	0.68064895202497	0.711675879178136	0.667698479082046	0.829043825949228	0.400306179404445	0.4747772575983	NA	NA	0.336974740624886	0.730807582876173	0.595576442583918	0.484893417559572	NA	NA	1.02253268423378	1.55560970271195	NA	1.55211985281085	1.93190422974454	1.82667234525604	NA	NA	NA	NA	1.74608835202669	1.65254291646089	1.31705823761729	1.75550476225024	NA	NA
0.688612487681914	NA	1.05565493340199	NA	0.434158411029573	0.625079384023813	0.55480356881523	0.576272434874532	NA	NA	0.308542078890217	0.450962845264594	0.505723629842487	0.374530125945583	0.280337176894783	NA	1.25507082457309	NA	1.10826477309	1.76643416710705	NA	1.22535728708533	NA	0.334792682493937	NA	0.44224996105096	0.310774098258727	0.468509460594141	NA	0.686149644577735	0.731069867933446	NA	1.22988394981669	1.5499074675938	NA	NA	2.21741584504954	2.12291577015104	NA	0.758236544196239
1.07018222062809	0.970650586903317	1.11328051527755	1.27600299361062	0.933735530708997	0.736402166290207	0.858705985761587	1.30810305337299	1.06737395281639	1.06904286208996	0.843604548028542	0.83956158410552	1.81989275448144	0.658829598410699	NA	0.611795897476795	0.406478339727234	0.756740551904104	0.533456680821864	0.492268297897472	0.811255176649235	0.448410335331294	NA	0.516318461701534	0.21460904893561	NA	NA	1.02261162061091	NA	1.14660204771633	1.48664140094234	NA	NA	1.18067634226866	NA	NA	NA	NA	NA	NA
0.935894342649348	1.43916752998104	1.75538905103204	1.41212551487614	1.16266792235882	1.04594863665271	0.533480964820165	1.11397906466702	1.45558181000786	NA	0.879064103431727	NA	0.976491377031982	1.24063181654405	NA	1.39650081134025	0.896373373208852	0.787535669188461	1.23018042552509	1.72146144942012	1.30880075343244	1.27205966426654	NA	NA	0.870092995921083	0.350779396631334	0.603562275311481	1.34502867927683	1.28459604160797	1.16422901119366	1.26329657759855	NA	NA	NA	1.67191294770408	1.62447001643424	1.3803022724477	1.15217978079495	NA	NA
0.79097797987244	0.493642392237089	0.434876605500676	NA	NA	NA	NA	NA	NA	NA	NA	NA	NA	NA	NA	NA	NA	0.859448427011592	0.503522671561306	NA	NA	0.405168027664671	NA	0.151997355480896	0.252011203525532	NA	NA	NA	NA	NA	0.703142864815456	NA	NA	NA	0.913588828893371	NA	0.946289090928385	1.13289893632207	NA	NA
0.304581542282239	0.418007928253028	0.603949065554635	0.914804499536042	0.463754374157562	1.23785608190648	0.926788884493384	NA	1.16805795610513	NA	1.43761820234477	NA	1.1176893238799	NA	1.24227973058713	1.24037232452683	1.42602906923599	0.645365907780945	0.296083584875827	0.150373560034336	0.881413085685011	0.30594667026223	NA	0.241756304784458	1.0154254029786	0.365330415215513	0.402892090777746	0.45555782232648	0.155379007345769	0.360575600511931	0.569606319048115	0.428524025832866	0.433092523275722	0.658917229089476	0.466721304600098	0.739853134268692	0.27242482206446	0.280516645917924	0.0643141046556308	NA
1.37868725753	1.46153806585086	1.55438062468757	0.681273531036452	0.608991882188813	0.557186787654963	0.554256162232737	0.453875013203809	0.603733683467748	0.552931728931791	1.8847580613626	1.79092886568138	0.70352473053485	NA	0.412628310222103	1.8396151927342	0.529142143797617	0.504872487379257	0.153530803162367	0.273312408203814	NA	0.229814102318663	NA	0.380059916935781	0.768145474910183	NA	0.391039642138579	NA	0.950248148927152	NA	0.764396835056915	1.0407383550338	1.26932385925994	NA	NA	NA	1.41818900140163	1.8794552857483	NA	1.68733718861903
NA	NA	NA	NA	NA	NA	NA	NA	NA	NA	NA	NA	NA	NA	NA	NA	NA	NA	NA	NA	NA	NA	NA	NA	NA	NA	NA	NA	NA	NA	NA	NA	NA	NA	NA	NA	NA	NA	NA	NA
NA	NA	NA	NA	0.672798946107735	NA	2.60695617104093	NA	NA	2.8045987363654	NA	NA	NA	NA	NA	1.172515384167	1.02203806761542	NA	NA	NA	NA	NA	NA	0.506459528177405	NA	0.620609252222971	NA	0.846797252013324	NA	NA	0.767667911859817	1.81770237097942	NA	NA	NA	0.898756564387216	0.687660667549011	NA	NA	NA
NA	NA	NA	NA	NA	NA	NA	NA	NA	NA	NA	NA	NA	NA	NA	NA	NA	NA	NA	NA	NA	NA	NA	NA	NA	NA	NA	NA	NA	NA	NA	NA	NA	NA	NA	NA	NA	NA	NA	NA
0.781220086038851	1.24374779925933	1.00575775689866	0.820155120194239	0.93113842068758	1.01382501079452	0.718718742636751	1.02466555490888	1.01428258884359	0.539447806010676	1.06785893706647	0.649914650203641	0.667004556275803	0.327432804380827	0.598316435963549	0.425524073599598	0.730068878380667	0.38803225226309	0.393250524892852	0.488013177830948	0.911100899281405	0.817178830789169	NA	0.521071514982816	0.758662287842431	0.694850809720468	0.327669617014494	1.00883770904978	0.599686027985621	0.674581423909196	0.481297044818183	0.71241172671534	0.702657392035415	0.333433789554243	0.538060017916795	0.371256662586145	0.39728832713716	0.754400941437776	0.495645997245715	0.444868526914461
1.80426096371364	0.747608771991658	0.486675214433673	0.40753325416278	0.460955920718748	0.897204242994202	1.10120942623082	0.676749910912628	0.668278606954707	0.748765702624547	0.307646770073609	0.496160923197631	0.634280627114682	0.717065441613913	1.02019450060613	1.02375238486304	0.933889127154973	NA	0.725902278307495	0.765315333797512	NA	0.673336518237241	NA	1.16924624246165	0.576687214859064	0.525494439323296	0.463106038107998	NA	0.521141389833262	NA	0.742864913786819	0.619043346011807	0.231020984076909	1.10481598522116	0.800408762077772	NA	0.797620603183237	0.576302352102499	0.304996940335953	0.338911127174349
0.495227148064173	0.853677457630832	0.686616776906144	0.521407145020647	0.98552439127583	1.01416875214066	1.12408662457198	0.417722607507003	NA	1.03738297071859	1.0068106142784	1.19605944087646	NA	0.84589606337021	NA	NA	0.929283055555076	0.666871160595555	0.697482592812085	0.348899737683112	NA	0.360033937478642	NA	0.343907171700671	0.915952570332719	0.84642728424301	0.598370847055797	NA	1.04268071626128	1.21806105538841	1.17184531582578	NA	NA	2.51662721145539	NA	1.6789811896513	2.17479984919433	NA	2.48639595411234	NA
1.91381489294568	1.35577957769376	2.03058373910299	1.96817750830624	1.9461323564364	2.03318860462846	0.832965841579882	2.22079886691895	2.01123216265952	NA	2.07598420381018	1.85643182707345	1.94292712838055	2.29410587016911	1.98436296370745	1.42531975972476	1.71554482284185	NA	1.76907441468162	2.22362773801261	1.89732410696878	NA	NA	2.38917263338052	0.751995479211224	1.24282579940298	0.798367748341562	1.31823307567866	2.87642653465318	1.51471320246694	1.25490547918365	1.37824618083111	NA	NA	NA	NA	2.77909777624052	0.742611883316947	NA	2.32597776049453
1.28403034265373	NA	NA	NA	NA	1.59797224078829	1.42688040645572	0.326985440268669	0.501394560319648	1.29174828833054	0.893770102348985	0.202824754575316	NA	0.823776406771851	0.703552910435371	NA	NA	NA	NA	NA	NA	NA	NA	NA	NA	NA	1.09812208389413	1.03132229454819	1.24949712089164	0.885613642121675	NA	1.59952281799044	0.686671865743763	NA	1.19397226614117	NA	0.365695617269241	0.287692645019728	NA	1.09606988214045
NA	NA	NA	NA	NA	NA	NA	NA	NA	NA	NA	NA	NA	NA	NA	NA	2.27723610133091	NA	NA	NA	NA	0.549772552831809	NA	0.469511708151332	0.565725154392022	0.85830249141152	1.17268982346933	1.27419902902828	NA	NA	NA	NA	NA	NA	NA	NA	NA	NA	0.183442143812847	2.23719825891767
1.67454509424775	1.25530959344148	1.00026823476978	1.05476183003761	1.44390751496821	1.25500036430017	1.24236234050489	NA	1.14279718625411	1.00086713873436	NA	1.48928319691257	1.63810138312843	1.22501544881229	1.19407487796996	1.2674696848135	1.31595695568314	NA	NA	1.18900443877053	1.39694620735542	0.887190759786504	NA	0.710192266507804	0.955173653336206	1.40359915447259	1.39086526596071	1.19008797901666	NA	0.916737437528105	1.12980308499622	1.09134991389689	1.50690218682258	1.06872235234353	1.20743025437178	1.76708247092231	NA	1.40138431302361	1.02366006444814	NA
0.777290215656034	0.742753577593001	0.476460515281829	1.36855943772819	0.813308328593497	0.589266291581708	0.476473632375974	0.456729009299825	NA	1.63932990126238	0.862410999688811	NA	0.877889045170588	0.959293861978595	1.1782774083843	0.506816002327152	0.553928649576196	0.209624878483136	0.344592967022335	NA	NA	0.377019158023526	NA	0.477722467697305	0.701929839866664	0.497763718298695	0.248118834809077	0.181684411722485	0.444406809672522	0.712162342529597	NA	0.515363110630939	0.600230878387547	1.1793645064077	0.972186371144337	1.10474278827621	0.683515796000086	NA	0.586465062214542	0.552775876434155
0.883206697681903	0.477367199601578	0.632175962538816	0.893030013770257	1.04712109695279	1.07071724886311	1.341781991238	0.280353762972757	1.09637055078972	1.45786087480982	1.29985543778631	1.14333811483717	1.26619291023114	1.58908230050185	0.40955663520574	0.463117484262072	0.298523816481095	0.246788105061493	0.49301791508546	0.402254453183464	0.653990666836953	0.262196997887761	NA	0.524210420547306	0.573347892288274	0.596814465279959	0.974737427923335	1.22053367465613	0.131137696008362	0.967980269393497	0.853563743915699	1.01188195428749	NA	0.587594936509129	1.18776806721617	0.54178923898716	0.952577459199269	0.715829710655473	1.02980996548203	0.731165421424907
0.622844011123711	1.34744484916791	1.49050407406769	0.808262913730401	0.587463802761625	0.677482654490776	0.34760342872371	0.469538191830207	1.04759100017014	0.815046046534192	0.657533163685518	1.35880287219914	1.32511623807394	1.32916390859575	1.48290365488937	0.702712805284141	0.384613611735072	1.85388405814815	1.3805172030081	1.24120561851084	1.09083396267532	0.606856258802055	NA	0.652440958248026	0.774039810089788	0.951628528870744	0.735855328360086	1.00411663562975	1.35501500746599	1.43919871413056	1.66020492678352	1.48938716552859	1.26035126241169	1.13029338048391	1.79099032790628	1.83706704917033	1.26289366253351	1.92481024933307	2.00063061342765	NA
0.397199939182095	0.69062051048865	0.693104780151443	0.521489173361859	NA	NA	0.371132688266615	NA	NA	0.522805599253077	0.678718876770651	0.424163315758527	0.495462891001017	0.68248204845582	0.902954392580336	0.902771347931747	0.630793849865132	0.80586582382607	0.523010487351861	0.775691354490868	0.831207018970153	0.417396332217335	NA	NA	0.154927891902448	NA	0.310155716538866	0.680510255466446	0.965245166646199	1.01999066593154	0.683780267539589	0.90168095703805	0.936986908104102	0.983251355577308	NA	NA	NA	NA	0.3481349310426	NA
0.384805535490247	0.433156922917838	NA	NA	0.537233326647646	0.714267474429279	0.842025557406518	NA	NA	NA	1.8757373532354	0.278381977425395	0.233494267581736	0.26980088999126	0.486292828500111	0.638871452742772	0.566523333326597	0.355645186899098	1.76878013321454	NA	NA	1.92842877275061	NA	0.78884209651162	0.798892828908011	0.562494732688363	1.35441608974386	1.04605320219873	1.64369438904919	1.23550158817281	1.17097613558752	1.67155546402838	0.773468638052723	1.36194134364726	1.45226580568406	1.87784934539163	1.07809775371076	1.7627078619853	1.48159283610578	2.02107408441691
0.612300014513778	1.16064118811636	0.513710692566672	0.6529638749468	0.366428005980953	0.466472803812027	0.538080471165442	0.22664573784514	0.43037734302239	1.21026456399444	0.402735493125602	0.260148524391217	0.161306858475947	0.554012665012965	0.683417412442855	0.200302365525222	0.713270965947792	0.464280409825647	0.486356464481582	0.348676676446867	0.574198497238515	NA	NA	0.375491082107797	0.614697392399358	0.634735621986453	0.325727639427043	0.422333991841648	0.346740655832771	0.337484620529862	0.773560306606736	0.789054707661994	0.406012141447055	0.658347197196578	0.636656583118544	0.387802351115644	0.573368592505269	0.362935243173696	1.2377017978153	0.606920664905448
1.29790699027724	1.23323058949337	1.21724148504675	1.19006940633109	1.10360346053028	1.07217758364496	1.10810310927165	0.947981289852893	1.13021156979414	0.708652022942302	1.30866766370785	0.786284935290583	0.598892433174282	0.23012772155446	0.508141930549477	0.843137014939713	0.612805295085663	0.167499914683894	1.65501476414174	0.379489836568499	1.62477963341494	0.114113735900322	NA	0.195337553721799	0.429362603484842	0.166254315262449	0.489277318533677	1.11413697345794	0.362870294043049	NA	0.616853367075552	1.35514235509177	1.17490943864881	0.657802404781572	NA	0.694816843628081	1.67393138141229	1.09704433821879	NA	1.6743953502074
1.63980439185119	1.33990379742958	1.39815662835206	1.4807856162347	1.49592127668154	1.39290438644056	1.2541924435809	1.77219962469902	2.15001333733342	1.91671852472657	2.14150170419576	2.79497932881894	2.55999295626012	2.582201840428	2.65213926982692	2.38568289896831	1.98470615247569	2.28115400719914	2.13778419544904	2.01121410105027	1.20309762738979	1.79486574050083	NA	0.723744007189526	0.406573853471191	1.18248318231942	0.672593487649657	0.318850942043865	0.809967697199173	0.886443364757523	0.774630225878627	1.21384985388078	0.163583347084946	0.4542315709825	NA	0.366136305566224	0.369602679548686	0.701786783728737	1.67800640037628	0.227177482048604
1.0074734929418	1.24708175945824	0.658473514899467	0.712202064570499	1.038721621905	0.940756370118415	0.54715059772579	0.607998246312205	NA	0.548371800856652	0.520201419591442	0.637820421480017	0.817332151821362	0.571578967199414	0.79711823047288	0.605324299734373	1.07338483643923	0.398062731742907	0.920941627301462	1.04792418688119	0.267683166040881	0.708627575709732	NA	NA	1.05289894510491	0.984287775966175	0.48946381731274	0.560638890674049	0.511545049126024	0.365659022915314	1.3624788506234	0.853265735504492	1.1071289376165	0.376936375367762	0.123676432642614	0.584323605693991	1.64305559725621	1.29659318066346	1.25038992120073	1.72715721030307
NA	NA	NA	NA	1.91206428914688	1.96383843360896	1.93974267916476	NA	2.42063715230275	2.31180474791218	NA	1.73352571883772	1.66515984625367	NA	1.73384154315668	1.05516853398046	2.04610899763975	0.944930852054909	1.97144433215766	0.353784607591597	NA	0.604016984961196	NA	0.773235442787556	1.08206625378615	0.513684502789245	2.15486101571168	1.79149732664237	1.92840228332954	2.12920510880239	1.4686085652074	2.174749814277	2.24565125443972	2.08178453161511	NA	0.583016262012425	2.12923318821766	1.77176776105454	2.85829511106945	NA
NA	NA	NA	NA	NA	NA	3.50869612715333	3.65722355597575	3.24308897759205	NA	2.35954591976723	1.97141232528425	2.38745286572639	2.19775753847295	0.501724651677623	NA	1.9359581405047	2.30318805936361	1.52185188453581	0.983060757190464	NA	1.08327074688897	NA	2.2467413216808	0.859643696267595	1.87434541847366	NA	NA	NA	0.745205069237509	1.41144276967948	0.518182436946249	1.65036713727666	NA	NA	1.15225197121458	0.37824970367995	1.24218122974522	0.453680328111668	1.27791834839885
0.169063415653381	2.0801438103499	NA	NA	0.559119534403252	NA	0.797907403593766	2.07444570582208	1.42535039697064	1.2499530162408	2.05057992246524	1.61438238372563	1.14343910061677	1.33523062484948	1.5807682006547	1.61286785553032	1.47942423422711	NA	1.27846566805723	1.8802323081121	1.92007342026225	1.78116303003209	NA	1.71380600740884	1.40141025144891	NA	NA	NA	NA	0.929868813501103	0.8759305593394	2.02813078358566	0.765025933021569	1.27141072026123	1.63742778492319	0.898806808746133	0.957937246843895	0.638608702942744	NA	0.838244666517044
NA	NA	NA	NA	NA	NA	NA	NA	NA	NA	NA	NA	NA	NA	NA	NA	NA	NA	NA	NA	NA	NA	NA	NA	NA	NA	NA	NA	NA	NA	NA	NA	NA	NA	NA	NA	NA	NA	NA	NA
NA	NA	NA	NA	NA	NA	NA	NA	NA	NA	NA	NA	NA	NA	NA	NA	NA	NA	NA	NA	NA	NA	NA	NA	NA	NA	NA	NA	NA	NA	NA	NA	NA	NA	NA	NA	NA	NA	NA	NA
NA	NA	NA	NA	NA	NA	NA	NA	NA	NA	NA	NA	NA	NA	NA	NA	NA	NA	NA	NA	NA	NA	NA	NA	NA	NA	NA	NA	NA	NA	NA	NA	NA	NA	NA	NA	NA	NA	NA	NA
0.689956708603272	0.406730191749188	0.621570912561312	0.639518469906194	NA	NA	0.257208789669438	NA	NA	NA	NA	0.968224949770853	0.758056651568792	0.709109641144621	NA	0.243586149036007	1.00519208050409	NA	0.559210969993628	0.420888820418315	NA	0.349730773492929	NA	0.479718964314608	0.267259875758781	1.35201688689081	0.344144572485916	0.498293321179216	0.925842354807538	NA	NA	NA	NA	NA	NA	1.25050580760704	1.24714374425105	NA	2.26433167801231	NA
1.5447010026975	0.745324234178839	0.624443504817602	0.549787585223875	0.3005859502202	0.334771734803116	0.654755983251202	0.409012905364636	NA	0.769000831522768	0.697818252052021	NA	0.27804975245794	0.920792885367847	0.186204527501357	0.667777012495937	2.89890992392498	NA	0.288179661245634	0.410879452720827	1.25741052406546	0.307121794352928	NA	0.325124328276402	0.621415643085642	0.813879318240497	0.889747642012147	1.13376434986669	1.01719447139232	0.571649932214868	NA	1.46683656231661	1.38163358265431	2.790990048201	1.22555956577664	1.04173458349513	1.03967377225186	1.48520552226425	1.08309868968237	1.29215918620291
1.35859640570821	1.99285651477923	1.33464477077749	1.65426427093749	1.28873870473744	1.4011560597492	1.16409941590288	0.835068568530692	1.18908840840291	0.98100447553789	0.888119726136582	1.38698622419256	0.942328428991532	0.725178977121411	0.896686024971058	NA	0.463968519473437	2.5165662334622	1.48082449680944	1.18909939995992	NA	0.85034343945253	NA	1.12379129860566	0.820085529025344	0.474192360236609	NA	1.0850957217939	2.29254754910185	1.44600690598132	NA	1.79394915587831	0.990426431859582	NA	1.65307218012627	2.49514615829933	1.19661369437933	NA	NA	2.7302560377366
0.871549532357585	1.01258172527269	1.09045929991379	1.48459928521995	0.762999310068556	0.420781907185308	NA	NA	0.994639979666293	0.739944913021665	0.828350769339913	0.517381783388469	0.611893916043492	0.279869238578425	NA	0.440130864119862	0.405626647148183	0.861116000105628	NA	0.194496462849446	NA	0.292414959788331	NA	0.863292248709323	0.661248447989131	NA	NA	1.22496719616286	NA	NA	NA	NA	NA	1.53087320487717	NA	NA	1.51869023513465	NA	0.507719085915998	NA
NA	NA	NA	NA	NA	NA	NA	NA	NA	NA	NA	NA	NA	NA	NA	NA	NA	NA	NA	NA	NA	NA	NA	NA	NA	NA	NA	NA	NA	NA	NA	NA	NA	NA	NA	NA	NA	NA	NA	NA
NA	0.806938750542363	NA	0.422580159999971	NA	NA	NA	NA	NA	NA	NA	NA	0.704005544842492	NA	NA	NA	NA	NA	0.492367945568425	NA	NA	0.248780075483093	NA	NA	0.263342491189834	NA	0.282017926510234	0.67313168238428	0.919044239860728	NA	1.12246116443533	NA	NA	NA	NA	NA	1.52544312996134	NA	2.43301867098256	2.45229333774901
1.57165847121586	2.17691739495621	2.27834717674003	1.46556794827331	1.53325161444979	2.0715181723242	NA	1.0847216871925	2.16757545687194	2.39063082693736	1.39455672474731	1.60999212328495	2.11500555874315	2.25406215036538	2.85267148728912	1.30110740107489	2.43980096607319	NA	1.3051949090699	1.51759030661095	2.33798151534242	1.22583212591461	NA	1.35583662941515	1.63132136318357	1.31678577750919	2.03235922772944	1.59587435327066	2.58996546609612	2.2045500471741	1.67743036106115	1.74185672832292	2.47473151757344	2.31116628855051	1.53068150132439	1.96784665716616	1.6521432721591	1.56603740425067	1.51801368370038	NA
1.82347709470683	1.53967129200686	1.32212206548087	1.60932670427654	1.38060122257244	1.2707772487428	1.1139215897587	1.21560178683978	1.23241689478118	1.32592713771424	1.27730907432422	0.936413529730067	1.2538297779511	1.13592979218777	1.25034670229361	1.11833572936107	1.53098337460317	0.862155687007849	0.45475898687587	0.915024910821611	NA	0.58073352210923	NA	0.252155733950606	0.468895561053423	0.53297260675247	0.764527145851174	0.976846899004733	0.939728499424794	1.3226864414748	1.18639583280513	1.11576603404232	0.895814656758761	0.868682689629986	NA	0.920854154799702	1.01642469995303	1.1449376119059	0.957561841712259	0.858213489750743
1.31813661671362	0.486806142732435	1.52295941615298	0.969170299602584	0.706255257242215	0.647868787713582	0.646306039387023	0.644887820997013	1.36049534045821	0.575483543569939	0.756571496957201	1.0544032664606	1.04008448057897	0.508701605248802	0.968162171171737	0.3661729588501	1.20357479206735	1.21548941907124	0.380339660549947	0.402326495027033	NA	0.150514870710009	NA	0.732737280278326	0.509299031346576	0.72036858413326	0.709956016910893	1.02885153954922	1.04095022046908	0.917020394541043	0.551164078570285	0.615611650003812	1.10528728706888	0.683146652879416	1.16675492324095	0.962896376099755	1.1581854562093	1.42223449865598	1.4585246936604	1.48748893770692
NA	0.56742312858602	0.888150888089602	1.07348197201263	1.03607319432883	0.741988191985384	0.76387745598151	NA	0.542545753403274	0.736031915229763	0.653333853978236	1.09555355772473	0.692777332438081	0.608466571026638	0.545204050786901	0.488866878057382	1.13354805886263	1.14166806477311	NA	0.447852523452538	0.574493612833835	0.507411352514269	NA	0.295703389301656	1.11804295197274	1.5916095290573	NA	0.927396326312055	0.582971835562816	NA	NA	1.6267715505502	1.10245197856168	1.18527104084755	0.357448308385389	1.25504862000509	0.833492474021633	0.0702582473646824	0.15942792629009	1.63317511326458
NA	NA	2.35264585911814	NA	NA	NA	NA	0.994764066108361	NA	NA	NA	NA	NA	NA	NA	1.3481320577301	1.48478358151943	1.66455702859399	0.835401438824808	0.691225311370441	NA	NA	NA	0.340801586799494	NA	0.25198946050546	1.31333606414669	0.664274223355934	1.18799375438839	0.839634965626369	0.839478434869475	0.541381099025339	0.503911552988895	NA	0.636623982015941	0.340710553463907	0.35631432745476	NA	NA	0.705747192556248
0.744476846271074	0.673220866515243	0.805683736396935	0.407011993386024	0.753304481378886	0.261451636823799	0.527080928588205	1.26884817432343	1.31844284131435	0.550390483017593	0.51510109644626	0.467371187130466	0.478009555902555	0.550908099353439	0.348989173080339	0.429796432528657	0.314085523063275	0.309552198574929	0.438815240293792	0.399166056882401	NA	0.472882263528313	NA	0.353491507245341	0.70002079349395	0.691969358715456	0.91416308438076	1.08674649725568	0.752906084798271	0.823474036606133	0.64961621862497	0.503556868684847	0.475606530916752	1.05803690388339	1.34147771171324	0.65663732328914	0.685133246878656	0.811413050238273	1.28362318286822	0.798870312650037
1.92092441101347	1.32959007015954	0.516751972483373	0.524922841505252	0.349099738444223	0.947665505417125	0.955791360604015	0.529077740421499	0.587036315838099	0.555740557930274	0.642526010179308	NA	2.52807206129525	0.543179501956199	0.498224517938977	0.874793259222545	0.368162787703983	0.578964694480178	0.561377613783571	0.557276931922104	1.05453288852893	0.573141679686053	NA	0.952132976171543	0.574984074540368	NA	0.542122097567951	0.915447522613253	0.594964751643457	NA	2.4766841013767	0.557872555844533	0.447005489123294	1.30988526950803	0.823478618305598	0.326617572758034	0.74161709631364	0.647800204754307	0.646215689323636	0.688344306867464
0.709888531455994	0.779491515396541	0.775027600509384	0.694917750597265	0.542714805239733	0.419635056154318	0.419668472125328	0.31642976149512	0.514830656564758	0.415596539355998	0.690853947349838	0.912566994283102	0.699534358635535	0.527907416527873	0.647184724989206	0.645157131201925	0.732781840953892	0.706329116492213	0.944648983997693	0.293057590415578	0.176252311481746	0.446079878314665	NA	0.463233915787791	0.652078736410623	0.869033972358835	0.702992732694503	0.429415891909044	NA	0.729966091091633	1.99922577171047	1.24943226372398	1.03236501133801	1.51785026228818	1.28803179622161	1.11363216803769	1.22795825870313	1.02721986515077	NA	0.935484338655482
NA	0.823392942363678	0.780119876218389	0.452780831219872	0.647477192205602	0.804492375098532	1.77504447039783	0.740551158747139	0.665177067772965	1.80802945043586	NA	NA	0.767767570780222	NA	NA	NA	1.48155090412618	NA	0.568846169827987	NA	NA	0.27706030819359	NA	1.41819602868371	1.28261779717711	1.23602042232049	0.927413362305338	0.771582760516277	0.660211800811452	1.02267246744496	NA	0.850555043416107	NA	0.36931829405398	1.07735926006385	0.400114982754839	1.46775730198552	0.802508398837333	NA	0.738991313903319
0.962524570810801	1.52225930598467	1.5652858988849	0.81268321741492	0.694472075703468	0.665496557889904	0.538115340492713	0.517631342036762	0.91986683349715	2.15905155113229	0.971158094898966	2.06315346662701	1.03775346905555	2.78287304078914	1.13456526534865	1.00746921948221	2.24723910478843	1.02191551734008	1.76733301227412	0.910979380896882	2.3824575372871	1.36455303708997	NA	1.89335042695461	0.454632673831289	1.41692781802908	NA	2.48046558743731	NA	2.83790901723791	2.84412611865601	NA	2.09219538239221	2.83891658555429	NA	NA	NA	NA	NA	NA
1.71330276054406	1.81534753626876	2.09875823595607	1.4600631561305	2.0284410301847	1.91354885440782	0.877328362333316	2.19449235918795	1.80230797905201	1.70674637977747	2.4277823431103	1.95643393174771	1.77852001086413	1.51881848747883	1.17497782740576	0.697223215437235	1.39139088660197	0.452449615128328	0.3154533470317	0.782241322318943	0.848324094025404	0.236663011131025	NA	0.861443273049713	0.251087766185762	0.483229008860779	0.357820518475239	0.398799561863299	0.488419402403333	0.665184086446008	0.37331363916152	0.406390667073146	1.59500064683712	0.584869952450664	0.266972650175777	0.496454206993175	1.04607923359095	0.431565471278294	NA	1.05833419097464
0.89482512433904	0.7570741902539	0.800633532178125	0.806095498474885	1.1366443306016	1.38700448772945	1.22531958995752	1.79874631341298	1.52079203830835	1.23520089162727	1.09430009097572	0.818143377718669	NA	1.39504214452332	1.39770626830075	1.16918159420319	NA	1.09687508179923	0.554488261102446	0.394236645189029	0.376877116060808	0.243593618191779	NA	0.32354665241453	NA	0.93740572423662	1.00367641583398	0.527086999032279	0.66547165478223	1.20833645274768	0.72890070788304	0.992938566412065	0.700556721015952	0.451676552056887	0.633377860527386	0.739611415952116	0.824498782512417	0.81379845360311	0.854739081429718	0.376860554020339
NA	NA	NA	NA	NA	NA	NA	NA	NA	NA	NA	NA	NA	NA	NA	NA	NA	NA	NA	NA	NA	NA	NA	NA	NA	NA	NA	NA	NA	NA	NA	NA	NA	NA	NA	NA	NA	NA	NA	NA
0.462974563692994	0.518462196409577	0.554704961055048	0.376442187896628	0.396743546477055	0.463782836732286	0.772148470006111	0.95141312960721	1.26129451890735	1.45103576818444	1.17521698990793	1.13530297127832	1.20794181963365	0.883657307333012	0.605696051877193	0.53152514387972	0.767757560773961	NA	NA	0.808177183781403	0.781143560009843	0.387196071751935	NA	0.827204990972346	0.831050776041263	0.760416223257768	0.67927226603117	0.798538218599738	0.759607045690892	0.918047201406813	0.466051512741129	0.823292407880655	0.53188516439715	0.576832304177049	NA	0.53115467618808	0.486239833808355	1.43841679181481	0.843304298530698	1.06650247069969
1.74381546531964	1.87024555071489	2.19186634220886	1.90616895575655	2.0945316021446	1.89913100409292	1.91809153533535	NA	1.93947607302427	0.768564971669414	1.66116288321048	1.29794650206306	1.61250312754307	NA	0.844814056283719	0.596558121265293	1.3505087714121	1.27968495141171	0.627516857646937	0.54199657320073	0.604659005656292	0.292818042091735	NA	0.663038565495124	0.496460786987986	0.493803544947376	0.361038121882524	0.461100578326284	0.460671054132698	0.591038383900783	0.355560792068099	0.60547687112442	0.464543836920393	0.699917275928497	0.856843692264867	NA	1.21129952813514	1.82288197795456	1.76753490328168	1.50172325729351
0.580147413523009	1.70722775724167	0.455190939560238	0.736065673494842	1.13699869160262	1.36063348124548	0.234105723611054	0.305653355141888	1.62596425712901	1.49220607527432	1.53497800427912	1.06351164995213	0.798720292501709	0.537048537587095	0.362206320823027	0.592925219148055	0.21515170773324	0.321858897033716	0.282829580138998	0.583523950936612	0.913356656632904	1.12848660433274	NA	1.56758047203506	1.15890619390148	1.29068234509517	1.65691935429012	1.40126713808965	1.71601736109135	1.23232918305825	1.20923705752969	0.560001994292554	0.580067536520907	1.34863484732775	1.42733389418823	0.517326780549799	1.06433933420424	0.297746847171895	0.401175659877731	0.76091655092814
1.13370845001305	NA	NA	0.74850951745065	0.915473350342094	0.461423094933641	0.519875490336116	0.342339757088549	0.598567340834807	0.590911437689149	0.63751763089167	0.812716051621616	0.459364881812043	NA	0.630153101148257	1.00533876150147	0.865449250101529	0.721460898088198	0.587168235898421	0.540286011693667	0.67147994306386	0.307666686258536	NA	0.396096660615113	0.486684780264891	0.55903103588256	0.386757644872763	0.595446301932864	0.425843558958577	0.302791603705979	NA	0.161599708355043	NA	0.67264520217693	0.586321053396771	0.790079040249991	0.534008717233193	0.741072056538113	NA	NA
1.21738333399777	1.33902745871067	1.53209937566455	1.3119604340264	0.860995343038882	1.1935345726396	1.06453405036169	1.00671560940731	1.15951519111452	1.05666458249867	1.03774722008773	0.862292119681764	1.23956208070312	0.681624873152649	0.746471088333321	0.395756658145708	0.642935357946638	0.250934756895431	0.467125530758281	0.355065699407286	0.148331149100844	0.985115440347312	NA	0.887830406699861	0.797506124464808	0.254264610367913	0.212097186380693	0.376756805260025	1.23467128742496	0.594606492057181	0.400799731660264	0.769628215774999	0.400715449135958	0.273766652804746	0.933775219803058	0.602696024997064	0.331061622495279	1.22754163342572	0.9145991451954	0.621703645251081
1.23771983232334	1.54233433956124	1.11394425302406	0.457850965701395	0.512607970025908	1.02973973492063	1.27907684491673	0.657636219014141	1.49262203627685	1.06004937235281	0.166762830093118	0.774585430698965	0.913535206627615	0.815184085497365	0.715952509568563	0.796372787185461	0.619526365738645	0.656401047525975	0.620655498097659	0.457657811591541	0.713597035733561	NA	NA	0.445903739179584	0.76389320303227	0.568537440372694	0.251066952854854	0.205444392582084	0.566000518536621	1.81232892674304	0.897691304162725	0.573387606495108	0.299110512703725	0.618310042126563	0.530891262951142	0.993250024199855	0.801915720812417	0.954158223078104	0.359850226188414	1.0251589029448
NA	NA	NA	NA	NA	NA	NA	NA	NA	NA	NA	NA	NA	NA	NA	NA	NA	NA	NA	NA	NA	NA	NA	NA	NA	NA	NA	NA	NA	NA	NA	NA	NA	NA	NA	NA	NA	NA	NA	NA
NA	0.949398185659775	0.945547041004862	0.946488600217803	0.903047888071192	0.435101626314167	0.869349308488269	NA	0.811497143841779	1.15060893616313	1.29030381620764	1.3117033253241	NA	0.841100595984668	1.92740329320825	NA	NA	0.795206697595164	1.11970153083223	1.4953339641434	NA	0.55322171801491	NA	0.234340533284023	0.398134215483407	1.57856075628375	1.73846085523592	1.42196953175095	1.3680936040491	1.42392031748149	0.83754281341763	1.13609973326447	1.32884836647733	1.32849519749246	NA	NA	1.08249232548405	1.69834101250911	2.12178239151488	1.84725987148808
0.976834509552624	0.931365819401305	0.770315088138482	1.18655020196317	1.38952479916669	1.07502002988373	1.52316675605405	0.90166250106842	0.676318469362132	0.717031957182052	1.08306377620032	NA	0.713177626149143	0.672136366011127	0.653389579222579	0.505057129460816	1.16465546303865	0.60438289382929	0.910510797902576	0.457100099475619	1.04795021295924	0.29969521222015	NA	0.341764293208415	0.514379532629804	0.429192386245672	0.569016719193412	0.173374684091471	0.615044647725198	0.570268192239414	0.45208752387108	0.695036641353035	NA	1.0681242652047	0.302380382271326	NA	0.596703515659708	0.987110758476573	1.00343777843047	0.517110328977495
0.924454910963257	0.563111736111668	0.694795543255602	0.856437844772244	1.23884793050469	1.12711446454235	0.303419537762209	0.740817901284086	1.13260268422423	NA	1.29186587731395	1.14413052500772	0.60131240774541	0.51725552325484	0.49086703542701	0.428734959876702	0.640721785046577	0.656351803249001	NA	0.95233782122524	NA	0.490400173613573	NA	0.436960016770667	0.456743116240386	0.258386648576597	0.626216881867952	0.589707333427755	0.658074756372917	0.744516466639582	NA	0.891201406153205	0.540426889103419	0.329393333535485	0.989149264789107	0.600820009185817	0.868582148602926	0.518902965893802	0.284250013258957	0.598836487072692
NA	NA	NA	NA	NA	NA	NA	NA	NA	NA	NA	NA	NA	NA	NA	NA	NA	NA	NA	NA	NA	NA	NA	NA	NA	NA	NA	NA	NA	NA	NA	NA	NA	NA	NA	NA	NA	NA	NA	NA
1.41167196082163	0.856960130009428	NA	NA	0.863566123621836	1.56223323934008	0.660899943783039	NA	0.838433757937434	NA	NA	0.806812949396211	0.830709496891589	0.712374108631397	2.27228539794285	0.656468723147107	NA	NA	1.01527015778923	0.514824744203954	NA	0.106102199607443	NA	0.32258528741678	0.479971762896459	0.397960329936847	0.389713330386835	1.31090348090099	NA	NA	2.19765718325237	NA	NA	1.45270747166546	0.903424754730503	1.20251157194375	1.75485701125857	1.22984250013016	NA	0.804010050468355
1.14338081290509	1.60318680051547	NA	NA	1.94953955307707	2.01966639372923	1.7970498318164	NA	1.81644718054501	2.50908168204337	2.8446866005633	2.35323662115517	1.64754646798423	NA	2.00708512068655	NA	2.15697467670889	1.25651378609704	1.47004207785864	0.38230171582859	1.77296305017097	1.19397990288432	NA	0.777175124092942	1.04369598192059	1.13523386461861	1.03725406115117	0.559264511038882	NA	NA	1.50591718733433	1.14164021382896	0.721605323352416	NA	1.74086353199407	0.596954708824076	0.804523709914725	1.38611004164999	0.946114812914157	NA
1.40016242614203	1.35533543314411	1.27368381329974	1.48668976220997	1.35913557236511	1.44470760997736	0.640239986416822	1.84561554851976	1.05332852535365	1.24422527768659	0.756206335354448	1.0902297892251	1.19458810620688	1.0411505080438	0.799747202771157	1.46179392167397	1.03610072975343	0.336847920955175	0.137538011883116	0.227021514430873	1.40637092693446	0.414655026961	NA	0.303821528814216	0.753684765747594	0.732072824270818	1.18487652334	0.67887756337263	1.46669236219252	0.475482568713321	0.590566982416067	0.628233357592495	0.486849256620039	0.57733475386239	0.818983622449869	NA	0.89441512113905	2.39085824086373	NA	2.341962669581
0.640849581410851	0.730847270582287	1.48809730335563	1.07328473610787	0.457056161216272	0.715276637572386	0.718716490353079	0.914425322541855	NA	1.17416380984178	0.649254244137664	0.776650096251921	0.887630023238691	0.530481812550183	0.375402798656204	0.673320357619493	0.981398229164332	0.735227561916934	0.704253934016421	0.77060115272651	1.12996991463962	0.245968469903473	NA	0.530501842116431	0.613614966863751	0.346337599565369	0.0684898101947355	0.679460199844269	0.839932336504769	1.24011981488379	0.667570417016107	1.10649623290217	0.589124899249373	0.479711144797811	0.969269859364542	NA	0.605978470471151	1.04599943589808	NA	1.21594639360033
0.775854604290252	0.807140353345883	0.972432492960335	0.84591537955663	0.535030468811108	NA	NA	0.70436540122655	NA	0.529545233841103	0.503612136810662	0.779992070817682	1.21319042420066	0.424388449046591	0.828055015131353	0.957237306156809	0.782458180888768	1.04749708084201	1.41599789030171	1.2125473279966	1.0690345048565	1.01460640000788	NA	0.220258425161919	0.677657546962785	0.867224335638357	0.629753685258408	0.97813433607528	0.78613995990034	0.843129992104562	NA	0.52064392111527	0.579082355119413	0.858612857445385	1.33501628073515	1.97138332007438	0.644936464715164	NA	NA	1.82574226004936
0.977649081472397	0.514655274479219	0.542741782325232	0.539828482455899	0.938249584105463	0.39973932162642	0.658023336295153	0.984537113927521	1.59262005131968	0.868014524605926	0.498394888495574	0.471579884227688	0.396356303241205	0.546491000430963	0.51948611106519	0.354152721642866	0.337569632346978	0.276647242484706	0.830039601761919	0.423149172233142	0.201574138992242	0.302290725968504	NA	0.583597833665765	0.568402878057216	1.22005386225324	0.34626996177915	0.194263179335632	0.261786869456996	1.00978309104722	0.734263867228586	1.79573941013838	1.45206063929004	0.872120384623268	0.992789209179872	1.04995129462854	1.17052906960472	1.30944992876568	0.809839103144869	0.95423146163263
1.38290445086749	1.48392080248953	1.3474201378013	0.770799094899992	0.659001105688997	1.32848707108011	1.4321810765392	0.870349215931062	1.0513636219337	1.28062441037608	1.2379749806226	1.42586219316794	1.34469391908113	1.25222140888332	1.59839817066635	1.70552139405531	1.09335844516557	1.12888579935742	0.940149554872758	0.532767629191541	NA	0.454731785063035	NA	0.457340217194598	0.29013129168179	0.890506309811928	0.932474501164896	0.81394927742587	0.907199767695198	NA	1.45746463517503	0.515706634376513	1.12642816681709	1.0255384731011	0.531565250414424	0.792836030160282	0.711799427118169	1.0379070681512	1.07774836450969	0.510297002526678
1.89362638819976	1.13434145006844	0.927576036820532	0.618717535857799	1.32261092966143	1.09724119903012	0.344087376324781	0.628597837779076	0.421948775108345	1.37415291910744	1.54251925042601	1.59024321342328	1.13450693859197	0.946467904102751	1.05081245992336	1.30058848858904	1.55398589616729	0.800608977898218	0.605356260489623	0.540566860458647	0.76712502947105	0.8157763548379	NA	0.234242038109239	0.182761505100976	0.971046659283718	0.434269887685383	0.401329663118851	1.45286517691523	0.379633163812585	0.877785192422431	0.508770731861504	NA	0.312488407747351	1.01330044860773	0.69916497854453	0.608290225801126	0.652510168661842	1.29300811114989	0.475502966910204
0.378140567089213	NA	0.579244477741745	NA	NA	NA	0.252291871790823	0.636724798846141	0.986439405595383	0.557080660488446	0.917340638730724	1.13859729642965	0.957907786574208	1.01061424394167	0.896015187423322	0.874745504977186	0.757241794977047	0.431707610575771	0.339232997536757	0.801327481501937	0.701120959392107	0.5334136870121	NA	0.443915953739544	0.653132200822959	0.691850942530362	0.850164283958429	1.28403353511377	0.578415312427223	0.940159352883672	NA	NA	NA	0.975614431534599	1.37040580300515	NA	1.04151361150359	0.720489988302622	0.879130262516576	0.615933617604686
1.47536294481172	NA	NA	NA	NA	0.877183862565832	NA	NA	NA	NA	NA	1.32045067038933	1.25048393742233	1.17680165996922	NA	0.695286219551221	NA	1.31436477409739	NA	1.18987429541867	NA	NA	NA	NA	0.670914438796301	2.09595196149139	NA	NA	1.6409828726497	NA	NA	NA	NA	2.26925788945524	NA	NA	NA	1.65904200533847	NA	1.12020077290094
1.2141199282677	2.05572005015634	1.49643585339859	2.42509291769433	1.7324619930938	2.04718595745544	2.11306259388563	2.26685322435795	NA	2.69270259512101	0.892742479238353	0.768012340901166	1.4120537289953	2.32270765693523	2.25159345772012	2.55404307737502	2.33324107193565	2.49159007212062	2.58256378757322	2.59148251183665	1.5951140148474	1.54884071463078	NA	0.225762425923972	1.80006328720568	2.49149845690646	2.3514319013249	1.65799985961565	NA	NA	0.818051890825511	2.28230947093932	0.232568087821235	1.99605046500453	0.407672007276293	NA	1.79790895510344	0.619953660646109	2.33166308453027	NA
0.44194874169601	0.215773730991973	0.576780663686843	0.734139062733444	NA	1.62504640714304	0.404919640071708	1.8532162713994	NA	NA	1.41148347303544	0.218188935314767	NA	1.20956414077131	1.09947442001709	0.847853004373008	1.07244668326132	1.00276057618374	1.0275496325816	NA	1.52718876208017	0.188173390377467	NA	0.29526178837079	0.77012644835488	0.726990751403909	1.57070667384778	1.67905271782324	0.85934669291443	NA	1.81311354385595	NA	2.06309513563089	0.498049017606843	NA	1.61425459832193	0.916308041171706	2.0116222115779	0.36634558762125	0.335823352130797
NA	NA	NA	NA	NA	NA	NA	NA	NA	NA	NA	NA	NA	NA	NA	NA	NA	NA	NA	NA	NA	NA	NA	NA	NA	NA	NA	NA	NA	NA	NA	NA	NA	NA	NA	NA	NA	NA	NA	NA
1.20958189450722	1.19091352658116	0.790023029120182	1.0779273149619	1.47720826680637	NA	0.964549091097687	0.829125321906137	NA	0.682401264682213	NA	0.417318528094864	0.784915217133917	0.834856366590906	0.648282653780638	0.381140160157092	0.558413236866136	0.324431457172702	0.519637626512508	0.880326571953856	2.17156631451425	0.569590594625047	NA	0.577632811670416	NA	1.12474416153146	NA	0.461971542621978	0.52385540602913	NA	0.970553801694215	0.25923234390097	NA	NA	0.54072136785056	NA	0.44363086250903	0.735269631642399	NA	0.488093278085586
1.10917169839087	NA	NA	NA	NA	NA	0.600707763373333	0.817442159678989	NA	NA	NA	NA	NA	NA	NA	NA	NA	NA	NA	1.49460004936963	NA	1.6556476533717	NA	NA	0.801881664525032	1.06753743584866	0.767355146105957	0.985543721703113	1.15620361385011	0.808316641889291	0.858936100417263	NA	0.841199190712534	0.566649273409613	1.0281793282986	1.29568018453798	1.17487168808897	1.02109778586659	0.934707733301605	0.996538262343101
0.953353652537265	NA	NA	1.34541654029698	NA	NA	NA	1.20323257349804	NA	NA	NA	NA	NA	NA	NA	0.406438982154083	NA	NA	NA	NA	NA	NA	NA	NA	NA	NA	NA	0.458108740745347	NA	NA	NA	NA	NA	NA	NA	NA	0.212586214255126	0.828401339488411	NA	NA
1.00628358665385	0.790370441282157	1.06903264281447	NA	0.349116209662621	NA	NA	0.231139094038915	NA	0.328505983878149	0.436262808915348	0.271445662939986	0.293200479690719	0.451852209579538	0.461881954472047	0.547643709058753	0.371051900623894	NA	0.394286126743766	0.598308663615764	NA	0.569141499550003	NA	0.240293366045217	0.843557132943328	0.567205150623948	0.265104307957753	0.38732860711379	0.579551238624662	0.780829758865615	NA	0.430072765696499	1.01079634455608	0.801330110703229	1.1004733814572	NA	0.286100078696483	NA	0.495149695880868	0.448817606803822
0.699138058324214	0.41625471767226	0.647121894817472	NA	0.605045036513043	NA	NA	0.833946838702756	NA	1.0684722521834	NA	NA	0.966309966871433	1.38580721401918	1.00394930072648	0.792546159925064	0.63192292550122	NA	NA	0.195244702724741	0.344858226085863	NA	NA	0.666440428993612	0.586389548469099	0.252663360816338	0.904816416502842	0.295547544182961	0.681657912857871	0.794845126908266	0.550491233731034	NA	1.02287156392392	0.780592230896766	NA	0.835825198350115	1.13118490080627	0.911779478999317	0.880277077501544	NA
0.502601508396049	0.554387026318977	0.956649838144245	1.07760857268234	0.715779831683788	1.11489528730429	1.03294433472913	0.842095970290886	1.43646049397488	1.39714275795955	0.88712051024291	0.897384384056843	1.14287462429705	1.17596117597499	1.35102699177452	0.880047160691106	1.18630843356786	1.05662972706659	0.877253367943673	0.229611045164233	0.769913543071421	0.600038716058485	NA	0.20749360551956	0.236253770383363	0.434774874245855	0.105055611543441	0.373315590189382	0.09097602858491	0.169085530977824	0.19896118604356	0.76316907832811	0.15301370089909	0.217762456688898	0.746197764917617	0.611177536671573	0.536247172246707	1.01126657428896	0.600156187465943	0.260210112219723
1.60838590153382	1.02340407044868	0.889937156037059	1.06655503572803	1.00324741215591	0.869416787169609	1.3612791227502	1.24381938168879	1.43959029416932	1.7761044379999	1.09196720999393	1.03681570502331	1.11811344960983	0.807796257098759	0.809262415539933	0.812818890995841	0.927264254130063	0.464459032558705	1.01507805334809	NA	1.99789210755818	0.134975562690285	NA	0.543826565734143	0.923830354590298	0.462645189531989	1.07352229253651	1.02731936354777	0.947881374278773	1.03224435212967	1.58898666304899	1.04648172020086	1.54183295923633	1.12278914258901	1.62033307352937	1.69444100710321	1.09819675157726	1.20009239083061	0.468281264336696	1.21590904223017
0.948162191879175	NA	2.29780830913707	1.74486231655595	1.59818498739854	1.47785240768086	1.41636438089432	NA	0.440702459141119	0.556992261514488	0.95318211252169	NA	0.304451336636757	0.655393554034508	0.527259195935192	NA	1.95544031061467	NA	NA	0.663769806040105	NA	0.732916307276686	NA	NA	0.403214389494077	NA	0.655188920577998	0.900779061359331	0.737832951795206	1.11001925080243	0.714086930544016	1.68899752132623	NA	NA	NA	1.42904079413227	1.30481432001675	1.07237968572222	0.799736280072819	1.62168261947998
0.961597240817941	0.719224222892451	0.887586953417041	1.26691392904896	0.975434920026282	1.08779253791581	1.37562565219373	1.21759862020141	NA	1.82905868142076	NA	1.45195638367978	1.06411013239529	NA	0.927971373614437	0.42545881689419	0.565731411688971	NA	0.463769261143874	0.598464157013221	1.08438369391064	NA	NA	0.788279919750456	0.922630724253471	0.349039176910036	0.820967189321727	1.50119822083444	1.45436777828595	0.632038000594787	0.697241686522135	1.45248512292809	0.407741024899535	0.750219249988861	0.438855136133941	0.23792879949604	0.22552413452444	0.291052123611727	0.301796929162518	0.344459285503813
NA	NA	NA	NA	NA	NA	NA	NA	NA	NA	NA	NA	NA	NA	NA	NA	NA	NA	NA	NA	NA	NA	NA	NA	NA	NA	NA	NA	NA	NA	NA	NA	NA	NA	NA	NA	NA	NA	NA	NA
0.798467303844697	0.95795827603236	0.8444231220502	0.951406144053606	0.628616987831951	NA	0.685542995812489	NA	0.533501984959017	1.381834280858	0.814028980165087	0.227184893078267	0.613829647864886	NA	0.792738967295862	1.62352232164556	1.05991543963666	NA	0.966619927160484	1.21130125867603	0.99421971616047	0.261153307138792	NA	0.354210890811719	0.39703863262734	0.16506406830041	0.564699650072101	0.510586167106832	0.452165828284432	0.669905258222584	0.249177114671573	0.514524537499476	0.693079075903961	0.308177106907464	0.545823188147107	0.547896849850111	0.455193230701479	0.579027405670217	1.18917481179405	0.665973080744878
0.448686750851294	0.839661537611977	0.757278536070991	0.559351958688834	NA	1.07566176585644	0.703550179253409	1.22801700752571	1.51091817928007	1.05460930543869	1.08294544086562	1.27431632600517	NA	0.976279227305935	1.15120664719352	NA	0.566106678139554	NA	1.00287885160978	0.859594661653586	0.878067918171258	0.525319679431268	NA	0.214262667683373	0.234144738052205	1.10226929298652	0.680260018385241	0.911412958241108	0.619047302016214	0.534721303340717	0.543591946678935	0.428038003764206	0.563603686986812	0.594754222194206	0.710080822839385	1.02175743898803	0.989893744787487	0.577606537455577	0.605554394040852	0.547472775875869
NA	NA	NA	NA	NA	NA	NA	NA	NA	NA	NA	NA	NA	NA	NA	0.545207215338991	0.894566491975598	0.490176631750416	NA	0.330496685706894	NA	0.415802085239998	NA	0.231426824946384	0.872068451032848	NA	NA	0.758918143590355	1.20031704635829	NA	0.748290516096251	NA	NA	NA	NA	0.647523317573599	0.805354503277765	1.5254591788279	0.477063306295523	1.03925083604554
1.38912239867289	0.691746803421977	0.728642470604867	0.695537915339229	NA	0.855106018954927	0.688541606913867	0.702090210693582	NA	0.437653688049062	0.625263406211697	1.14180137229405	1.46774982444822	1.04847750600789	1.23256776033905	0.714065818666873	0.730347449726815	NA	0.616348620043814	0.535264567811874	0.251195458460155	0.090212665967481	NA	0.572672088743405	0.17734342206433	0.374718604499624	0.811800907120124	0.401506750655486	NA	0.424780746639282	0.734622670578066	NA	0.631861192219637	NA	1.09163557008299	0.757607591602071	1.31299262929579	0.783867544824702	0.466563676647921	NA
NA	NA	NA	NA	NA	NA	NA	NA	NA	NA	NA	NA	NA	NA	NA	NA	NA	NA	NA	NA	NA	NA	NA	NA	NA	NA	NA	NA	NA	NA	NA	NA	NA	NA	NA	NA	NA	NA	NA	NA
1.01092071615222	1.46142355329046	1.43087832711294	1.04417053188424	0.31240406722982	0.611102443615823	0.991857583009443	0.712617257007363	0.661145374072678	1.25773895123673	0.663207734613946	0.747006491106039	0.794893800856033	1.43642397164042	1.75235912385456	0.584208349486694	1.79582618282164	1.66266584549135	1.13033933080535	0.564313130811058	NA	0.674446237525751	NA	0.201922136497347	0.374891578586824	1.49443875128421	0.677329839196717	0.829904706647374	0.745553047388402	1.21271815358133	0.840995321823172	1.2201314846829	1.01515757344585	0.820650732344464	0.916224351894341	0.751003934721279	1.22783323431328	1.17638017601095	0.836675960304434	0.732924415916802
0.96672399508767	0.698277105441823	0.366134941909808	0.901821772730487	1.15835360832891	NA	0.719979174440528	1.16114894333659	NA	NA	0.450937838273192	1.233160124825	0.833464030265879	1.06227504192431	1.6366835308452	0.585455986406136	0.650293771477198	NA	0.570383343480425	0.296362969266956	NA	0.276418686354973	NA	0.415010935220685	0.833621900768013	NA	0.990841221269206	0.54987310471549	0.69229797963383	NA	0.545806613771974	NA	NA	1.1129996820289	1.19955779748744	0.795154443534749	1.6730944764847	1.27384132046073	NA	NA
NA	NA	1.96101261625958	NA	1.73165218963273	1.83082689317836	NA	1.55150177255815	NA	NA	NA	0.914034761020495	0.577947736380131	NA	0.750773731354689	1.00146578194165	0.848775261112051	0.399067922564267	0.304166291776673	0.507898279133055	NA	0.274551140071775	NA	0.615438705509519	0.971936012626566	1.2584858187944	0.908474364709368	0.275733281876146	0.534244682487653	0.380098165777164	NA	0.499619136593433	0.485045975488806	0.54904341907461	0.562073784205812	0.243568979685387	0.697573790976367	0.602529841187676	0.381270911099038	NA
1.43923379445434	1.54033717279318	1.5841943196392	1.76115201074275	1.62443546661275	2.10636112612371	1.57158906774863	0.867416088844017	1.53624243903479	1.86841288705682	1.34397813434717	1.54992023269605	1.00677629552641	0.958872433303624	1.30692975577275	0.533881021106667	0.365888385227674	1.05426551946339	1.12031912192666	1.37447570470341	NA	0.848265651925099	NA	0.611702315111655	NA	0.659875619361302	NA	0.0872356320374221	0.322708421157501	0.410173763864308	0.923082893872611	0.326093206399319	0.794072548332353	0.602985953664867	0.882508317432288	0.679047808455194	0.325121387860361	0.467852288042178	0.748041363330655	0.760096557858319
0.984656807057574	1.11803538539882	0.409409471432981	0.489571925636386	0.221532676556728	0.486176537558802	0.438635535779501	1.11790032409912	0.690355826824163	0.675230069438864	0.464473349921275	0.214330779866836	0.369772824819337	0.74612007565292	0.0815730957632349	0.216883369596789	0.677192964810859	0.663138855641549	1.40192239969477	0.286324416459115	0.998361049865938	0.527161528478489	NA	0.118218725871697	0.240540251604581	0.401419862757997	0.265046575242282	0.183078184227289	0.48169294131529	0.651527083014127	0.409426712973979	0.42649869031735	0.478026773669325	0.794722376870141	0.6561454059089	1.36140081711269	0.763941614027201	1.30050783710937	NA	1.59976304553
1.07660895036688	1.33571781739697	1.3325794530196	1.53059252047832	0.824890177036127	0.889817825421576	0.993204850697737	0.944067388322501	1.10436399385529	1.40135960284528	1.40546830300672	1.25585374346462	1.09461446635783	0.716761483736891	0.523082038874231	NA	0.250321442551248	0.742190779033076	0.83772638004887	0.901287113683828	1.1392582824173	0.652834258669273	NA	NA	1.09424154979841	1.36546843986428	0.571853777727138	0.441117071989711	1.01963287034768	0.550929611278352	0.761609376115632	0.712353751333214	0.748451402140568	0.665555609993636	0.827815964578442	1.20074444538179	0.990399462733465	1.14256724966609	NA	NA
1.77479362727783	NA	2.0571452570107	2.27499419175174	0.892048098864451	0.907007295120442	NA	NA	NA	1.07364673632236	NA	2.06348668361413	2.05132435828518	1.51235425749371	1.12256506228347	NA	0.632232428378557	1.44619070870431	0.413399539598234	1.6813886474051	NA	1.094862514967	NA	0.606817021652074	0.446981383748634	NA	0.512386211062381	0.998862361272745	2.46008905418182	0.755445615973454	NA	NA	NA	NA	1.58328251060877	NA	1.73533806439285	NA	NA	1.02247838051364
1.00505346835893	NA	0.98230525094639	0.280966749587629	NA	0.913178471079182	NA	NA	NA	NA	0.538462693381946	0.633461705801691	0.60745583865784	0.525826115134453	0.182471638709534	0.401136856697024	0.530216256518667	0.714313403664996	0.596664960223648	0.608824127581358	NA	NA	NA	0.614015393050036	NA	0.833489895218663	NA	1.03579908995582	0.418854869513612	NA	NA	NA	NA	0.351301339884556	1.00930712888784	1.20085457744236	1.42123120865353	NA	0.261761791375774	NA
1.14248069964984	0.434042592100946	NA	NA	1.24492038651181	1.2526422909956	1.41820356467673	1.0632731737054	1.51564216582106	1.52132424098153	1.38155272093392	NA	0.910276889539398	1.2988578575393	1.51555446054541	0.617757915856973	0.68210698192475	0.784180591152718	0.634818586652451	1.59997136843222	NA	0.694559398395569	NA	NA	0.683216491857529	0.365947282270314	0.281605832183974	0.30903235383442	0.759772367572484	1.42492302160822	0.817551778050822	NA	1.28297328785075	0.874835380071059	1.29291019485838	1.83956799624874	0.665527408712191	0.192760647041163	1.29981138172684	NA
0.397147604792718	0.517947300195644	0.564122111243266	0.575037708089133	0.975543606074269	0.973383282183419	1.11269424807503	0.990693579821602	0.990305204751185	1.09932108285578	0.355725564616274	0.735166300249303	0.528024959950937	0.750703161004682	0.930311053764196	0.950271983217881	0.311398238396977	1.31725330204173	0.176810753874708	0.292300042707542	NA	0.316262869068931	NA	1.25033830226624	0.964209049249722	1.30467248137397	1.32105013705234	1.68751780412008	1.31312200906824	1.57552790908633	1.57600579394025	1.90372898349011	1.45987287530517	NA	NA	NA	NA	NA	NA	NA
1.53101404221546	1.52592554786809	1.68186893236595	1.91195319317905	1.54626793785792	1.91197614243566	1.68327263847023	1.43368587432338	NA	NA	NA	1.46647895190671	0.752294891426809	0.769213943411492	0.271409856597942	0.377117596079518	0.710376550271401	NA	0.717437497338967	1.13979890481144	NA	0.296320227487808	NA	0.462261612106191	0.46680030936994	0.764960010165263	0.957797670421364	0.585646875623413	1.28738342592077	1.45394950746463	0.419504171864902	0.709050930954989	0.168675957498843	1.14523909549834	0.259437638306046	0.294170817761262	0.726982371310552	0.8121043397083	0.614108508581844	NA
0.567834612680574	0.828200511757177	1.23722085828458	1.7376889062651	0.689691102437239	0.694819850626645	1.14264434217011	0.868840248186855	0.786821279606945	1.79659019995931	0.546795846982298	1.03207909928201	1.40928890697057	1.6582951174481	0.713238878768139	0.87974400958226	0.3880983860617	0.534582170283909	0.836559437089641	0.518751515283644	0.925508115535768	0.344722354448686	NA	0.405124326482588	0.718614417470493	0.206092177958156	0.263290245014043	0.12244022945856	1.11102748194733	0.723134413856229	1.87484357635688	1.28809939599058	NA	0.970505357899185	NA	0.715837535793261	0.688932114679122	NA	1.96583084727271	NA
0.72765416957683	0.934297341608473	1.14206285203696	1.06055438280912	1.09385981771841	1.27737571466699	1.19732347863663	NA	0.856633338888959	0.8756046326555	1.16235868149116	1.11824559533309	0.861886570749672	0.900541389580703	NA	1.20129485059531	NA	NA	0.696553038725669	0.482980715882045	NA	0.324966212160543	NA	NA	0.321318127812418	NA	NA	NA	NA	NA	NA	NA	NA	NA	NA	NA	NA	NA	NA	NA
1.54066531280608	1.25565961800947	1.43022202102958	1.29271367734476	1.47429581352317	0.667676599751164	0.82144709508077	NA	0.784917687304043	0.900659154643125	NA	NA	NA	0.560450805816931	0.342052881046222	0.464492543488193	0.385219376728209	NA	0.843257640426827	NA	NA	0.324352665335842	NA	0.811322631069607	NA	0.859709167648318	1.09197704371674	1.82601949344212	NA	1.01733044694364	NA	1.71112965021577	1.38583812729218	NA	NA	NA	0.449115458459041	NA	0.16160278412383	NA
0.560101384364334	1.573788177364	1.88276572003961	0.905227376646333	1.60748024125528	1.72276633680517	1.32466630433203	1.04147753761163	1.21402681513869	1.48025578994904	1.47297390614933	1.74302248983956	1.65142902352232	1.61095653983378	NA	0.43581310529147	1.39743606267008	0.787991026913564	1.06101018555786	0.992072760617036	1.00909791066965	1.45269271864938	NA	1.70440557892428	1.91740158216573	0.0902013013081595	0.515553495223144	0.252422203647937	1.8812579813858	NA	NA	NA	NA	NA	0.871600674496076	NA	NA	1.85816414510982	0.849801736618077	1.37161591101241
0.785935617503087	1.18163536012858	1.29306458111152	1.11978863193488	0.734999231001601	0.856208619227982	0.794068889865092	0.478186279074096	0.545098379647113	0.720461003942478	0.457164229392921	0.752513327716351	0.365559752483845	0.478843963637631	0.969773631766367	0.770902482894216	0.652229567610094	0.516248157441288	0.556004250057124	0.527568243806092	0.40964700980722	0.28588140854564	NA	0.15940193406152	0.352646690328254	0.491913213621488	0.275008707905852	0.459103202899454	0.613836947782614	1.06057260606528	1.66524346863406	1.45339365718096	1.32043371510339	1.35060717884385	1.26499530302706	1.27299753112487	NA	1.08210575859246	1.09472998810616	NA
NA	2.17510097914829	2.11670641427429	2.01538011552941	NA	2.47438895433124	1.98891014368201	1.64010205800326	NA	1.21646122238079	1.80546484371114	2.49793605584801	2.01206448485123	1.54799852297514	1.69442754252133	1.80244320799717	2.26053887852409	NA	1.16607127612052	1.66817507934124	1.69425956814698	0.779500229445711	NA	0.220344317475331	NA	0.36758976722803	2.05967699656034	0.558957834207986	NA	NA	NA	1.26544154800261	1.37736103050273	NA	1.89236009367948	1.43029407833623	0.96778294632232	2.09334096168746	0.904704754921846	0.559421543075832
1.05945485656193	0.703503487483287	0.648513975017199	0.246012522075303	1.33949120791589	0.694893987812724	1.01310032687468	NA	0.784652599617947	NA	NA	0.997826526151081	NA	0.840342127182616	0.370462097748052	0.361957889989618	0.418039239281968	0.676038822992332	0.533897695773677	0.0715653695759368	0.932623066775866	0.157997590967445	NA	0.65894942064856	0.400846134994836	1.11055154654561	0.661285760752377	NA	NA	NA	NA	NA	NA	NA	NA	NA	NA	NA	NA	NA
0.949797024466398	1.17267390194947	1.89865040330883	0.561595429346943	1.07715825221054	1.19738782554181	1.79049305211716	1.23845606836144	1.16408203232388	1.35175651537281	1.13785273098604	1.13192761709866	1.26018886714139	1.41949305668542	1.27540179686973	0.773787086444049	0.917412097457791	0.453419264591278	0.352604827170776	0.709767489739508	0.781833539007911	0.67433045531403	NA	0.577763100003528	0.178889298634181	1.60899895706512	0.730467898671741	0.66049979996814	0.805244455426684	0.3290074705869	0.621597968203933	0.905257770398624	0.663135737632581	0.34849607842652	0.733953118695384	0.973173759854535	1.81934260650609	0.571314222772656	0.698449006519927	0.457313358702464
0.949994181901462	1.10514166726747	0.960671592055383	1.1606349524485	0.617535239953332	0.662439800758198	1.30238594169214	0.820489054949776	1.38580515273985	1.32647649597806	0.705636567910249	1.29504894634549	1.43544844954767	1.49316687074788	0.975036369020441	1.14632505677332	0.605037226689253	NA	1.06575990847405	1.04636138558753	1.02355335713748	0.271429001272355	NA	0.529442387516088	0.468272557696087	0.627792625509416	0.601301301936639	0.928675952298926	0.797236169104437	NA	1.91083071052582	0.857253758516036	0.517688536179743	0.527414130389872	NA	1.07013479955425	0.842110779060206	0.738149646565103	0.926653357248911	NA
1.30241361825755	1.02177120454168	1.00351697688603	1.57071797344137	1.60578018966167	1.23800149611941	1.5891304047247	NA	1.84169369669546	1.66547866187472	1.29041419906656	1.11920982241587	0.944519285932413	0.772268514636621	0.903963175045736	1.11680448098847	2.0062164526699	2.13536685679483	1.80966411190693	1.72608059501318	NA	0.26953739518934	NA	1.22934257549223	1.4793619350295	0.480384145556647	0.64750225884899	1.18112307464655	0.376162647905871	0.955524663677869	0.234675945251749	0.735731776949362	0.957081396663823	0.768425316134758	1.0532059114556	0.298599042760691	1.10684880432546	1.33861516913222	0.352768792775678	1.50602679809037
NA	NA	1.2340351257506	NA	1.47055055087707	NA	1.12109055806898	1.24188632918759	1.59946316729477	1.42629416862994	1.34550759380018	1.0535720370787	NA	NA	NA	0.419943201391082	0.278312739143299	0.417768633059418	NA	0.429467042564336	0.905386111259886	0.326736060910283	NA	0.277765318293639	0.183929054788859	0.126674958545559	0.407237887326863	0.449144640252326	0.524462748990197	1.02880769716887	1.20570649378124	0.468731868976201	0.62940483946027	NA	1.0461070344774	0.844684021387415	0.855791079293969	0.874227750550229	0.586002028864351	0.683490671160171
0.570332671150914	0.469891765490232	0.978480924933217	0.715176434623515	0.81447099218959	0.693048600018766	0.789052584130547	0.85101119600792	0.456595323176999	0.601640124777863	0.195737717894825	0.337030907474314	1.19184313443291	0.680215976915681	0.783730558001117	0.960423808904301	0.359357982056582	0.424051061663839	0.217780379979243	0.338090977943414	0.835552550082172	0.319938382967994	NA	NA	NA	0.152204553285625	0.142864066823356	0.470022010657024	0.895584891162268	0.649791801968533	0.823206908828775	0.283994215966321	0.578470448781362	0.589986606686524	NA	0.467360224017383	0.486813574180271	0.653043010543138	0.558215983432415	1.09715510681442
1.3147113375041	1.3268639211493	1.25913035267949	1.68691577759872	0.456178571435067	0.850532600612095	NA	NA	NA	NA	0.907611903985128	0.792590027658667	0.471607903771093	0.309209772727479	0.800908357366464	0.779972427560662	0.724905482355069	1.1067971628513	NA	1.0367841374209	NA	0.632854095526687	NA	0.834324771652326	0.93401601293622	0.158217709898029	0.380830016879275	0.22504365379213	0.263683358402394	0.381592405968208	0.274373235424864	0.350237727011231	0.407408396498928	0.323601534404987	0.434800272761158	0.225670978672243	0.973740698404728	0.494483508680849	0.2075721484609	0.366977167331147
0.583260774234198	0.557262977638414	0.640581089291702	0.641250126967844	0.575821712465773	0.638633601361353	0.641167122722312	0.556730887368163	0.645938607204471	0.365503621782402	0.405835177387962	0.932187428183069	0.4627746200208	0.492969546168058	1.0425690008405	0.74137141528218	0.349342613531421	0.393573803507604	0.293038366757705	0.320069081544814	0.43864671715604	0.336970862935075	NA	0.372156548200866	0.477547272533044	0.501422537274287	0.309798509610039	0.264294230734079	0.374665854265386	0.579603457750665	0.211735438314442	0.49406986962111	0.561683621842817	0.573525445973401	0.307520790202128	0.260363446375311	0.47293372288149	0.190537412210737	0.478503389866387	0.209569388228444
1.2903417907139	1.74452107720552	1.27729053556504	1.22446737080692	1.01400949457489	1.0800464347255	0.666291342718752	0.884643473851272	1.02627248236465	NA	0.683642252768663	0.441630733815017	0.636247607578837	0.777870186251261	0.913889545484674	0.682232051109881	0.634292804758634	0.62247424720138	0.676416867918583	0.274104649820691	0.450599958392385	0.458354213169012	NA	0.675161495659085	0.797257823318926	0.646531688823925	0.758807692440197	0.677158887375773	0.721664342922303	0.845220146154054	0.966023233775409	0.888108054406716	0.76857812743409	1.23057382509098	0.769985090793179	0.451209980255566	0.270624437367867	0.834912518141319	1.60837835680963	0.690728219541647
0.833254983788081	0.995019090166267	1.48416066608039	1.53798555637898	1.13616583553828	1.28657105158374	1.37751155942168	1.10070612483597	1.8358463486113	1.88532929776894	1.78707080794128	1.88190293828522	1.72389897659438	1.21163765458524	1.75017821426017	1.08922103736581	1.08123293681903	1.02480864583449	1.04796199460343	0.889997527268943	1.67644507708384	0.821645840813723	NA	1.09516573356679	0.31895580870419	0.291022476861167	0.764117279488715	0.898414155781632	0.817108457369389	1.41089441112849	1.33395552021785	1.03557133953366	0.953157672847541	0.447918285012052	0.90408812992744	0.937075788212935	NA	0.635654438153773	1.72659573490868	0.94994225340352
0.95317173378019	1.24637123883775	1.41069231974339	1.7368836141598	1.09886665115309	1.15357509791211	0.634395927282709	NA	1.37167645817939	1.52190212086128	1.26826561283752	1.20133053585256	0.948114182009317	0.604900483242065	NA	0.486805012438108	0.311254051026613	0.902601784059625	0.66222148123851	0.38974930231023	NA	0.372957734535946	NA	0.166874882167945	0.311681584214009	0.612198057066011	0.317892605227185	0.843179034763494	NA	NA	NA	NA	0.535455398472512	0.532966769564193	0.631792869801654	NA	0.781087128495965	0.821272151159109	0.448273663548186	NA
1.31663076110517	NA	1.32979219165468	0.967265462614032	0.834384032904782	NA	0.940238367249879	0.647255849648904	NA	0.980858533508517	1.40949092269385	1.20488606796681	1.10461488108132	0.951336623905553	1.0834310428074	1.39851541345827	1.20893689237357	1.48383475862653	1.16960733268673	1.08078324383043	NA	NA	NA	1.66132770655448	0.820295442317866	1.18976440913658	1.03268557698496	0.801324616369664	NA	0.688261799439948	0.962764474681289	0.735331694916511	0.972130920162916	NA	1.05148976952902	0.618417348726712	0.612257293038445	NA	0.496205307738699	1.20925240970832
1.54151853204305	1.4960302562346	1.28004603965373	1.39167783026078	1.87313270133926	1.24433865392251	NA	2.09322226488095	NA	NA	NA	NA	1.81717408353555	1.22899431156792	1.35592388885942	1.61634594918394	1.95358893257326	0.409012924260826	0.613435062280268	0.619731114896612	NA	0.87239572252702	NA	0.73111362602002	1.38642356819132	1.35960394247748	1.81287322387152	1.56062110535855	NA	1.75671568914942	1.17562703034983	0.691578897047293	1.63811164006809	1.77468930191474	NA	1.17287653378259	1.05206756312384	1.09698007567789	0.129467840185301	1.24180223621225
NA	NA	NA	NA	NA	NA	NA	NA	NA	NA	NA	NA	NA	NA	NA	NA	NA	NA	NA	NA	NA	NA	NA	NA	NA	NA	NA	NA	NA	NA	NA	NA	NA	NA	NA	NA	NA	NA	NA	NA
1.38890642857457	1.14321179552243	1.88051016536752	2.1122236455607	1.47212507492068	NA	2.02267689162526	2.02865833344857	0.765951100987966	0.704834775587926	0.719004282868635	0.651094914223506	0.470268040834662	0.431414208330958	1.01994865865823	2.04926635181059	0.592659452295884	2.39707795261659	0.298008663479966	0.633450799145949	NA	NA	NA	0.353614857358496	NA	0.541774443042578	1.06494201357552	NA	0.939809735770668	1.06048732682527	1.10964142053654	NA	1.40302100995205	NA	1.43646948145448	1.65812824583283	1.43102691468972	NA	NA	2.32400385346657
1.9443504618586	1.38742153163237	NA	1.80959410191643	1.44871662872989	1.2000906353478	1.72930131616126	1.99559567090569	NA	1.69188623488323	1.07859031072376	1.28233632290984	0.990094604209719	0.835787562744366	0.917888590085108	1.34658384898937	NA	NA	0.904236300169526	NA	NA	1.15610642325001	NA	0.554691525554309	0.816927608970554	0.649447438480983	0.602466212842615	0.676119759529317	NA	0.7754944693677	NA	0.571400808646892	1.95582127583979	NA	1.48610858897965	1.18587582989385	0.999384068524366	0.912725451367749	NA	NA
1.56288961215347	1.70227185655656	1.32321499220004	1.20718143905007	1.20997608811149	1.56061482784188	1.39115398610708	0.936658419291349	1.32750265133784	1.43941601258683	1.75261855811199	2.0195356584637	1.36820322279678	1.58119358728639	1.42411943783837	1.09499776171473	1.36205685052127	1.27542071298104	1.2008263872624	1.9242444576094	NA	0.313609869730625	NA	2.18910576134571	1.29419377368503	0.833348934621762	1.21673141360987	1.62436487617727	1.32001792037094	NA	0.75686022468853	0.87658737392476	1.21796655069349	1.10658713681345	0.939104947393676	1.30473196913599	1.25469350186598	1.39164883457448	1.98214357065098	1.21301148756528
0.775461109507728	1.23878467211149	1.44213724590534	1.61053402342431	0.903747707573379	1.88483019818678	0.601482256557947	2.14163315546556	0.452370843594831	0.122857763566498	0.0629612741360181	1.63398624148113	0.406583081367493	0.692373913897925	0.615391874251814	0.819186288958898	1.08107321649883	NA	0.348662980513431	0.939547318243973	1.77793066361531	0.356571662800287	NA	0.239365771970884	0.318877894694365	1.06405919049517	0.831389822753725	0.866004305162896	1.66917773043272	1.26432739903493	NA	1.26487098538766	NA	NA	NA	1.77825727723859	NA	NA	1.139438914109	NA
0.801409525465019	0.863687951222354	0.624705848737358	0.771896511679257	0.751858723918765	0.614005053775681	0.423416158984223	0.572787577473617	0.424634925663504	0.389031863830509	0.489359293829348	1.39260856398028	0.362413633472227	0.932438535420305	0.763160651698727	0.789643014511671	0.677408353963454	NA	NA	0.583759727389033	0.500147800780557	0.27771548580745	NA	NA	0.396195036738975	2.1145079165809	0.143889510508117	0.374494769646389	1.54268124372641	NA	NA	1.43386729493425	NA	NA	1.43599691746997	NA	NA	1.44173784204781	NA	NA
0.187187326427395	0.982082429358535	0.979319515021981	0.572473757424295	0.845908202597681	1.01049225108684	0.932840941459425	1.31663825363307	NA	NA	1.8605607233276	1.93897382262875	2.13980111536731	2.06381032407222	2.06144508934352	1.77372730191428	1.75911956787608	NA	1.28259242651952	NA	NA	1.81072711290547	NA	0.69439284564639	NA	NA	0.529201716580165	NA	0.750963564947772	NA	1.08031912181644	1.1197708176856	1.05298417588116	NA	1.05298173662473	NA	0.773269053760382	0.36387302758842	NA	0.799586490848405
0.679740520578268	0.737142963840063	0.990917511673731	0.733507910518112	0.38800644453291	0.719752378370778	NA	0.641381395914644	NA	0.908816685298275	1.19817550262147	0.511248408689586	NA	0.782586534392269	0.641006893041239	NA	0.582714010335705	0.526753605386454	0.374900285866589	1.74821858240992	0.177342476015211	1.54550404307237	NA	1.10818632294813	1.76731160496867	0.911583039967835	0.249414877255969	1.16830634444151	0.56820163067687	0.291020199320869	0.225929825038795	0.27202919429434	0.491465440793643	0.438526733561887	0.94209618292904	0.256678204914551	0.15497513547254	0.398312339092595	0.448215076959592	NA
NA	NA	NA	1.35335525935818	0.76914188822385	0.717105583896738	0.892737094992308	NA	0.21844121481944	0.895182995284237	1.09892794545444	0.574965252899483	0.632913332782954	1.85065602758486	1.71115981241602	1.36354660968518	NA	NA	0.962612401936985	NA	0.654843185187646	0.761197268156292	NA	0.297844473258803	0.607849486499937	NA	1.01470359209329	1.05819970376164	0.674861116434186	NA	NA	0.957669161657435	0.393365682895832	0.75614342905961	1.0142645268789	0.607545291326393	0.925893223821031	1.55146695223082	NA	NA
NA	0.512051932148145	0.730301517103995	1.67103522647117	0.44033475668568	0.329511020153426	NA	0.179367956583674	0.592558864853767	1.01015765619713	1.87622380582783	0.621157333788369	1.71749161123166	2.37014314091434	2.00196287275442	1.14612320000916	3.31462234548431	NA	1.5994780666048	NA	0.375786565326904	0.389190101114901	NA	0.245815662929873	0.721208393119899	2.9756611353819	0.486823664763754	1.20319499758085	0.372745146997714	NA	NA	0.647304275781263	0.479422029618548	0.34447770082344	0.515493745235086	0.6100729455826	0.845530130921752	NA	NA	1.1920052199862
0.564982709667003	0.758274150226279	0.463329949945357	0.854721144695414	0.571031895720776	0.68580712329204	0.310684835144657	0.998170700244713	NA	NA	1.13521922490812	1.12816545945937	0.864633936186883	0.684718258279782	0.860752490425321	0.490149405447981	0.413543832378088	NA	0.248159228196514	NA	NA	0.400250257220164	NA	0.452948917145031	0.458817723171511	0.422273068860456	0.407016961243703	0.88976794691127	0.231369359521769	0.469827502957012	0.525221860702755	0.215071691316786	0.527741503609243	0.543731523360881	0.877184898653929	0.268645784208956	0.667636473962722	NA	0.585372847690989	0.707591208863059
0.570247379873274	0.523635242812514	0.572638450594341	0.509720665797747	0.888923643348421	NA	0.813658023014822	0.262641494523	0.475931623530955	0.559783390554302	0.314982824880274	0.236339090987516	0.536702257172231	0.328517956666304	0.374559446240763	NA	0.269130333960298	0.474911096638912	0.541721893009806	0.407892819837127	NA	0.33429845388607	NA	NA	0.745434599147763	0.598843329544998	NA	NA	0.220841545364215	0.899243855207024	1.00003832872501	NA	0.732940915297137	0.637168959032255	NA	0.830036436441114	1.08968055242756	1.10087009513769	0.24575952510156	0.462281617670432
0.745509609531221	0.946815255055821	NA	NA	0.887259794892616	1.02840465734313	0.317014409700713	NA	1.37639833126414	1.72664751718546	1.09292437645701	1.02931717248067	0.931271344384687	1.40545174119491	1.9074131994324	NA	1.75161131900757	0.167855209271033	0.949809717858128	0.695502986337931	1.17306662975025	0.381804742117962	NA	0.344910952564519	0.515402028765468	0.445095382755099	NA	1.28887425103992	0.879221436724976	0.984738906160669	1.3751368747791	NA	0.756337685687244	NA	0.68530437261293	1.04576945605214	0.993675883063169	1.00962049265014	0.984014852395364	1.08871937005379
1.15306499641697	NA	0.889785692078773	NA	0.962841593424047	0.938388268389123	0.855788258971316	NA	0.754993452730941	0.962334546018539	0.71160852710019	0.786120872648264	0.354347868174151	NA	NA	0.432312032774595	0.536721298968953	NA	0.485679518388158	0.391414564385221	NA	1.22345031602606	NA	0.485862155925139	1.46270284722938	1.70002160915136	1.44852683090127	1.89011072534835	NA	1.52394516565574	1.6596480269815	1.55090067540951	1.86637848242159	2.08189608107587	1.68208964022162	1.47174447916482	1.7125217909912	2.10796858644006	NA	2.2734051301955
0.988496884253435	NA	NA	0.491989839594307	NA	0.589896219411433	0.393200629694332	0.884333009287394	NA	NA	NA	NA	0.857607439467273	NA	NA	1.70731092605517	1.53069748008448	1.26683782945209	1.15230990896111	0.828662216284061	NA	0.650838148572784	NA	0.364901533293075	0.805587639372404	0.322895401707915	0.699551626413299	0.219805913488588	NA	NA	0.52474458293905	NA	0.243041320946417	0.604250296586304	NA	NA	NA	1.12840903278424	1.28113496169386	NA
NA	NA	NA	NA	NA	NA	NA	NA	NA	NA	NA	NA	NA	NA	NA	NA	NA	NA	NA	NA	NA	NA	NA	NA	NA	NA	NA	NA	NA	NA	NA	NA	NA	NA	NA	NA	NA	NA	NA	NA
0.613156533930492	0.45091597440666	0.31230411042859	1.17068576855331	0.699668514917489	0.569385327115526	0.956746789936502	0.778087801984994	0.500717740989975	NA	NA	0.762703391418177	0.722338390107875	1.29758847321191	1.01740349961373	0.752206123776868	0.628202055330655	1.13246409773906	0.831681672003226	1.02460182890363	0.813135101082531	1.41647268455007	NA	NA	0.408453615483264	0.503494981683761	0.613190647051803	0.267306784171387	1.04459945675174	1.10307061457272	0.83219089898413	0.508990669111857	1.21644884315673	1.27883373417418	1.03821988901847	0.829459782807105	0.584000472115561	0.350361273787782	0.706185164317138	0.907315009276673
0.408288762316625	NA	0.415186044806305	1.02563555113373	0.449288356478224	NA	1.44160527744942	NA	0.528875836252188	0.362839272095311	NA	0.625821583938603	0.803314204964324	1.09249277685881	0.64703289065445	0.538181694063104	0.532018239987613	1.7564527456884	0.606172830902112	0.897782395210501	1.06075620981113	1.78594749199329	NA	NA	NA	NA	0.394889237797281	0.569051904751664	0.882817402410939	0.670013605303803	0.912201688589442	0.846775881677968	1.11874676453907	0.759887218742523	0.204724854353285	0.678549380550996	NA	1.0629991698299	NA	NA
1.83830795028369	1.59451799627143	1.72060836659568	1.69874119724533	1.48073653532458	1.40976919038052	1.12332937378715	1.08410419425981	0.83978644503265	1.1426231113169	0.942894122688471	0.657452104237848	0.527795585266167	1.30770543423299	0.603824643237877	0.791282255600248	1.18005712568939	1.33582326333084	1.17248283828264	1.33630731432913	0.668485463473442	0.484258705589845	NA	0.313407049951781	0.559106312973835	NA	1.05337114074588	0.865487072516575	1.00112189068741	1.33770540682064	1.63085940469953	1.53418328143563	NA	NA	1.85476707406293	1.96186558683961	NA	NA	NA	NA
0.548100668207676	0.538729273674858	0.755270039582308	0.534820951332885	0.120772747315465	0.694674699192091	0.587367411192342	0.766258319954053	0.609017300849881	0.759760639497854	0.999478925006301	0.564759733049093	0.687900919517338	0.535382163083482	0.423277071277577	0.387174337926106	0.569046956080214	0.419219417875525	0.362951371964208	0.403070814223985	1.21154322054899	0.135940525523431	NA	0.139306929834223	0.298567613917868	0.381661602753515	0.489611491506357	0.318483072059113	0.433073516509909	1.08373510201431	0.895071618302385	0.364450101921735	0.308565916138929	0.22709287241538	0.430531572574364	0.308583692170701	1.09085644800061	0.442908494742003	NA	1.42279177980023
0.823580572736625	NA	1.46693344786694	NA	0.978655117548083	0.635981255990687	1.28622437320723	0.90791513614033	0.755310805999164	0.798302794140755	NA	0.865534867391485	1.31084751194053	0.740908373821207	0.924433222114576	1.16037271349485	1.77387875685032	NA	NA	0.903126493591806	0.343892961835373	0.341168139886941	NA	1.7996815086161	0.629374797516035	NA	NA	0.993551240959411	NA	NA	1.0481340382234	0.806115439112253	1.97991992811894	0.905888661097565	0.587502340792116	1.79217961073674	1.66820129843472	0.95099973359107	0.692704377198858	1.23612599007843
1.28567988652809	1.07664871465267	1.15161497085151	0.8780678812336	1.00307485808547	1.01894161614878	0.85835327921617	0.974679700512857	0.654446678709706	0.423983310234577	0.360063487785948	0.569258653575617	0.614904991626437	0.695695044273351	0.767570341166322	0.747523067397161	0.894900738724673	1.01867790217181	0.754450130011061	0.424525067182675	0.992322984620738	0.68142746034012	NA	1.05547984215776	0.611511038376135	1.08310409012075	1.12006786423936	1.3694675790271	NA	0.97992953335966	1.46116427284441	0.792396625825325	1.1242829843089	2.28929107508636	0.723157502800019	1.18898261744493	0.717543035838037	0.804193264219734	1.02624750823082	0.85963845561537
NA	NA	NA	NA	NA	NA	NA	NA	NA	NA	NA	NA	NA	NA	NA	NA	NA	NA	NA	NA	NA	NA	NA	NA	NA	NA	NA	NA	NA	NA	NA	NA	NA	NA	NA	NA	NA	NA	NA	NA
NA	NA	NA	NA	NA	NA	NA	NA	NA	NA	NA	NA	NA	NA	NA	NA	NA	NA	NA	NA	NA	NA	NA	NA	NA	NA	NA	NA	NA	NA	NA	NA	NA	NA	NA	NA	NA	NA	NA	NA
1.79274012868595	1.84729606010931	1.42776081801878	1.52866078443856	0.718932976806556	1.34999330990713	1.36353898845	1.26030210082512	1.46475057663243	0.38859770613939	1.59671912498642	0.828407334362627	0.928063093322364	0.737709483797409	NA	0.886137888339906	1.69892469885762	1.38065979072089	1.24789730819663	1.27160600688456	NA	0.756186352873858	NA	0.774973110951062	0.50069727598838	0.575613305705435	0.806892075449977	1.04423245416686	1.17081647083729	0.897505305787079	NA	0.714416148629666	0.782347856336608	0.727223639405175	0.823762677321028	0.673949138059773	0.927328629286159	0.640159303452079	0.913710906201982	0.745519996467411
1.03252535734141	1.33821401780354	0.569497129547309	0.594104152850905	1.19079718927608	1.04418785950862	1.27041387009907	1.3029606954757	1.49224120615049	1.38620619168831	NA	0.724092252021583	0.915006496060035	0.521808447648709	0.550750372901077	0.962535994693761	1.30060356145786	0.781541610465771	0.327980970739061	1.2184821440018	1.07044836539383	1.20973014004379	NA	1.04209327431688	0.543615283264122	0.737636593811246	0.839207837389836	2.14349420534334	0.646425908472274	NA	0.483686604162523	0.385387881450923	1.25536839462073	2.11954836474906	0.469525654403167	NA	0.63910329788395	0.864654455306712	0.874240713195827	1.03216106387883
0.554692275347724	0.543950353947967	0.689798579620727	0.34030874728346	NA	0.565894152196673	0.365711409417079	0.70599497472189	NA	0.986789473266959	0.984476345236026	0.328299502977774	0.351605720279109	0.956332667177094	0.177030188174926	0.24371789536364	0.425567866290845	0.347833363070535	0.363994937295297	0.313582832523331	0.228016859078368	0.398064872398266	NA	0.0571868303384746	0.396231082594386	0.177089731407942	0.336330021367417	0.437903638615203	0.248810997247845	0.699525854693895	0.436986320440452	0.443093495111069	1.01472507035238	0.222161504821834	0.748114866327954	0.900114643954038	0.930977981166661	0.64876325279537	0.376486716230551	0.781929300788746
NA	NA	NA	NA	NA	NA	NA	NA	NA	NA	NA	NA	NA	NA	NA	NA	NA	NA	0.242144132147288	NA	NA	1.56476505905948	NA	1.69827083916998	2.30849886976505	0.311594470821108	NA	NA	1.35860503037021	NA	NA	NA	NA	NA	1.18988562448132	1.08045342565845	1.90764917096439	1.17982747269491	NA	1.40302704241844
1.22634223191653	0.612033325848621	0.885745087777301	0.998915057826227	0.850171596041255	0.817153368660831	0.963466996632778	0.871033207743527	0.145621774022536	0.839048452237542	0.789149488919192	0.82119807168367	0.641073415849959	0.451096477598473	0.3490804140086	0.78020431684635	0.470539092256394	0.677962786222345	0.786785954527385	0.448491757789287	0.783272937642014	0.652748175635558	NA	0.252839740454173	0.84563241693066	0.38788935632133	0.417863450484397	0.328209128043872	0.235947661337076	0.604144275755677	0.409511345144198	0.584459887640861	0.255066882576131	0.266002709070136	0.866126958139281	0.553918269297958	0.948610548951108	0.778576073971607	0.575674548239371	0.445000399023734
0.870459831972197	NA	0.791692052047054	0.640418341045644	NA	0.948409499303846	0.708796922191935	NA	NA	0.711359373292106	NA	0.644277894835513	NA	0.841704441424973	2.12794024200555	1.13778248413395	1.51942245674039	NA	1.08830208524152	NA	NA	1.18317866081636	NA	0.503854565814435	0.766547153271789	0.947066310612332	2.1472715491152	1.06801568558074	0.914533861322566	NA	0.868891842409391	NA	NA	0.952761956767845	0.609721962166187	1.20826399492226	0.801299260732868	0.912814194712982	2.13421111359271	1.44785398100668
NA	NA	1.87099525802997	NA	1.64471919944373	NA	NA	NA	NA	NA	NA	1.01132234427857	NA	1.11558017690428	0.872822809679769	0.684469177239544	NA	NA	NA	NA	NA	NA	NA	NA	0.354866771986988	NA	0.421322234503053	1.00180612298013	0.571144886263098	0.710297821184345	0.470327440975208	1.77309032774591	0.952247655716956	0.835913289155841	NA	NA	0.300039255241718	0.497122208647839	NA	NA
NA	NA	NA	NA	NA	NA	NA	NA	NA	NA	NA	NA	NA	NA	NA	NA	NA	NA	NA	NA	NA	NA	NA	NA	NA	NA	NA	NA	NA	NA	NA	NA	NA	NA	NA	NA	NA	NA	NA	NA
NA	NA	NA	NA	NA	NA	NA	NA	NA	NA	NA	NA	NA	NA	NA	NA	NA	NA	NA	NA	NA	NA	NA	NA	NA	NA	NA	NA	NA	NA	NA	NA	NA	NA	NA	NA	NA	NA	NA	NA
1.33142341812354	1.09503847446693	0.951523721398623	1.0200401786473	1.20742984394999	NA	1.30067767193752	1.01673825881532	0.74990890949143	0.83735606864299	1.19595000133121	1.2770050566991	0.204922158333937	1.02873692966438	0.815667978296255	0.978682150046078	0.860142153975245	0.338731736337649	0.609468372994883	0.139936266229721	1.31696032784679	0.38252122377713	NA	0.285279883087446	0.175001643184541	0.418141903272046	0.383733959463545	0.505453184212295	0.638521195819754	0.495940259322589	0.95088728315662	0.694520949669107	2.05346137677869	0.513914748616671	0.985993902513297	0.579035722357729	0.931723523776641	0.820845852622103	0.689105055910887	0.578386726009098
NA	NA	NA	NA	NA	NA	NA	NA	NA	NA	NA	NA	NA	NA	NA	NA	NA	NA	NA	NA	NA	NA	NA	NA	NA	NA	NA	NA	NA	NA	NA	NA	NA	NA	NA	NA	NA	NA	NA	NA
1.14398161635343	0.583090646363098	1.37911704301493	0.788362770033594	1.05464168802965	0.883147333705032	1.16815609716685	1.02750622103939	1.283791169442	1.36831090571221	0.540371074009798	0.471620549551308	0.0577709831993149	0.344717722430876	1.07503268198194	0.893595810183916	0.645765433312753	0.920203349536632	2.5574441297155	0.832412762850722	1.73049880614029	0.643677913997264	NA	0.607104855957499	2.09121523336547	0.671894848451833	0.814374471683553	0.634799135860725	2.68694723675014	0.671578831751619	NA	0.556288683097784	NA	0.987694583959866	1.05320564871326	1.77704147845946	0.927896470578729	0.626199749938256	0.346071028631446	1.32137899725471
0.383926117562672	0.237122211777332	0.106688080595451	0.0812225777980768	1.84626762299716	1.77129376523168	0.654233855963553	1.95315748919768	NA	NA	0.3839538475541	0.323999311317229	1.12988243721871	1.15761002130314	NA	1.12607451769653	1.99992894498425	NA	NA	1.1560437895881	1.26649584704199	0.734543330975598	NA	NA	0.51647518077203	2.16134614194188	0.139490555564006	1.85602026762616	0.289383680319369	0.189727369480551	0.257039769146546	1.84704393644366	2.64423409334261	0.812400575277726	0.235808856333326	0.41798225473076	0.677583501887473	0.596651564873159	0.413409580677754	0.597209990898511
NA	NA	NA	NA	NA	NA	NA	NA	NA	NA	NA	NA	NA	NA	NA	NA	NA	NA	NA	NA	NA	NA	NA	NA	NA	NA	NA	NA	NA	NA	NA	NA	NA	NA	NA	NA	NA	NA	NA	NA
NA	0.863494495916591	0.96947854070086	0.992421195111869	0.746320323244126	0.462580502486785	0.649095757227251	0.798435995885292	NA	0.860416337544339	0.783322469808131	0.616791540257495	0.538612848041101	0.360871561161313	NA	NA	0.26956560536755	NA	0.414519388306458	0.408453632136654	NA	0.168615024033087	NA	0.52273457491011	NA	NA	NA	NA	NA	NA	NA	NA	NA	NA	NA	NA	NA	NA	NA	NA
NA	NA	NA	NA	NA	NA	NA	NA	NA	NA	NA	NA	NA	NA	NA	NA	NA	NA	NA	NA	NA	NA	NA	NA	NA	NA	NA	NA	NA	NA	NA	NA	NA	NA	NA	NA	NA	NA	NA	NA
NA	NA	NA	NA	NA	NA	NA	NA	NA	NA	NA	NA	NA	NA	NA	NA	NA	NA	NA	NA	NA	NA	NA	NA	NA	NA	NA	NA	NA	NA	NA	NA	NA	NA	NA	NA	NA	NA	NA	NA
1.2866620174956	NA	NA	NA	NA	NA	NA	NA	1.89452556178874	1.89096442750327	NA	1.28198111600559	1.22742903671884	0.946546023230314	1.00679973870818	NA	0.604858476834809	0.903072831736129	0.692918145453177	0.336677595131439	NA	0.743885198565891	NA	0.538204248556302	0.844875332838363	0.301647780669905	1.0063941036059	0.539085666968809	1.30305632572711	NA	1.33122213294767	NA	0.921993253006303	1.35669003744224	NA	NA	NA	NA	NA	NA
0.507736965282003	NA	0.688243900002951	NA	0.414606776193595	0.753887440495501	NA	NA	NA	NA	0.44412866374874	0.753920595283668	NA	NA	0.374891729970455	0.635817315026345	NA	0.805179523794514	NA	NA	NA	NA	NA	0.824122274549084	0.835748632894356	0.545082595340671	0.447647956778006	0.560116343247411	NA	NA	0.392456656705848	0.308938245449841	0.416639501006678	NA	NA	NA	0.523609246340518	0.432161589982323	0.274763951196877	0.82403372709127
NA	NA	NA	NA	0.287099850071994	0.656234638521839	NA	NA	NA	0.294675844216004	0.290908217647005	0.517753058043488	0.420170203388653	NA	NA	NA	0.293044344350969	NA	NA	0.329172704832273	0.298776635067128	NA	NA	NA	0.640445033588176	NA	NA	0.119769228944638	NA	NA	NA	0.592255110172055	NA	0.366184853622954	NA	NA	NA	NA	NA	0.520477767439883
NA	0.968343593172035	NA	0.578830250264931	1.04676555953628	1.21992537351177	1.1606400076771	NA	1.39600352409076	1.13482463950259	1.53478513711215	1.66286639267926	0.947658261235888	0.623159309064342	0.646478211771627	0.562101631669863	0.820701165262449	NA	0.236672137475528	1.98571545129174	NA	2.09088812294603	NA	0.427449318223077	NA	NA	1.45142173128665	NA	NA	NA	NA	NA	1.12166491093777	NA	1.13122651789061	1.26467617708344	0.873893346606306	1.47274348429774	2.56635564951773	3.22102905685451
0.572299461917637	0.988096537245711	0.431438495127781	0.707370109189589	0.818740942221787	0.676213646574421	1.26850182582469	0.909170470602625	1.12090087353819	0.790708968946405	1.01641365281798	0.844375986069266	0.736176148087064	1.0876729858276	0.823009794390629	0.487163966621464	0.859546289159676	NA	0.543743976519149	0.417481367564496	0.866541356443985	0.314184557608717	NA	0.330910949938589	0.369485081983811	0.194156342543927	0.121842685438942	0.49578659833243	0.865228972897164	0.374125947758464	0.721888320826265	0.698516383607198	0.450168205508423	0.702934459721641	1.16626312123153	NA	0.674135079602978	0.752843714158069	0.259306807135206	0.292661760021475
1.80144285878902	1.4954074133948	1.21383377136687	1.50369969041533	1.35526622888406	1.24102170881132	1.43533906923744	1.3465362908566	1.25530363702768	NA	1.048281793703	2.00921086364976	NA	1.02157964716425	1.6045834045366	0.999624969548812	1.79384690026252	0.673179300081139	0.247350083529746	0.264947515165495	1.45922391168921	0.127128516687442	NA	0.555528408331916	0.469819804172175	0.414673734063469	0.375515746399038	0.472999975200949	0.99303919821799	0.753863845724561	0.622070133538217	1.31330207001154	0.910604315868636	1.07517745674824	1.34300654155218	0.788209543625426	0.875428791733141	1.14893493762612	1.18549167935994	1.06377616100057
0.589562584571763	0.771667967089614	1.05529637384144	0.696694647987881	1.68305643438487	0.827537498886436	1.90970346000915	0.613274497389414	0.532425247820399	1.34433155967286	0.794546011523606	0.357147707911259	0.336831387593192	0.503642933397584	0.734816708174258	1.8665367219258	1.51208693790886	1.96740141768391	0.359091094056708	0.344828656254606	0.705374570593536	1.50231710270454	NA	0.40196355034454	0.325130249142771	0.326933132388498	0.337487623656885	1.07203063415561	0.342164830573045	0.540851720726015	0.586744998556501	0.535996826165374	0.719962426101178	0.462327109821693	0.477964972544898	0.775231536695579	0.766025671426286	0.873980549254598	1.19194873090109	NA
1.22382286761707	0.749457790886244	0.796558161574043	0.818005029413355	0.890852147151184	1.02061580849647	1.19516443852512	1.13121910608165	1.24895341443474	1.30079036968008	0.968435473118237	1.39388017322424	0.71867851423389	0.825419656909253	NA	0.883440265146756	NA	0.610368756055851	0.972175554132603	0.801381403981359	NA	1.18416330311963	NA	2.31338785786732	1.07054674638435	0.819305854748518	1.95304171825012	0.719660822460165	0.686373392308631	2.16709358712692	2.24245552973927	1.07169868986003	1.20354673357557	0.820374151802128	1.58993045294415	NA	1.66739250916377	1.60388531032091	NA	1.4895189462898
0.671780251854714	1.49450195987508	0.810924982914893	1.19670733387527	0.498222878682528	0.766905337439752	0.557857343442896	1.19864708552427	0.696717082247152	0.502724855993536	0.842924321634511	0.633552578701308	0.519050399363722	0.985026953942259	0.66400798811006	0.987119095271281	0.642078509511103	0.351620574588519	0.325235236515822	0.234800024344827	0.621533517869702	0.339227426770567	NA	0.71250246807337	0.678439142373277	1.77856806634857	1.27411399380836	1.42173261844254	NA	0.995030029390528	0.952827320110415	1.39439540012672	0.517620635987929	1.28877876003745	0.874049072658597	0.640241567942171	0.750630906943765	0.730373642649785	1.55544601462812	0.267467725838977
2.17319582895683	1.96339249974894	NA	2.32119381182702	2.08371301734456	2.27223232057738	1.9136778550938	2.37549535646253	2.38034213623649	1.43711823324525	2.18384837023738	1.78505197500513	1.73430323579432	1.67930677123863	1.47838155367504	1.23755390913265	1.28525810784323	1.42255106644112	0.964561651682678	1.00319898937287	1.87633335469996	0.302156584579895	NA	1.59250858551863	0.282291905974066	0.584008972456669	0.62967087153891	0.82124635062373	1.34413139489621	1.14939512352086	1.1002013159774	1.21779378578353	1.24520119535665	1.154849104341	1.41410298983961	1.23018979130114	1.24393813606804	1.62320735528939	1.09458677841443	0.751913559354944
0.710231678902713	0.636326022884398	0.898541626001964	0.63291971236614	0.802808359777901	0.572471059137876	1.17489966009221	0.51150747092492	1.14135301775761	1.16328186884013	0.853597083835581	0.824449013327201	0.965180206366016	0.753247298053924	0.869878914477537	1.09632964340087	0.769716740690345	0.455864066613119	0.607976719814876	0.398033622944432	0.356878520419734	0.34712573081423	NA	0.344045011826519	0.564687320358321	0.382560723337976	0.580225818388827	0.522489382203167	0.139554389093579	0.428317364725301	0.460455031036123	0.439396329592109	0.381906657349948	1.05635783593753	0.691686781372615	0.359794414079178	0.503960212483237	0.900537941702932	0.67076935270723	0.908834475198892
2.06709692896976	1.72864652251477	1.47406877646004	1.68194236712267	1.77149663967574	1.58614288623536	2.12788336378694	2.42042007817123	2.13152957511699	2.21359592638332	2.6233265583644	2.38859872401092	1.99752155313564	2.88445332651142	NA	2.45081396378262	2.3221191884202	NA	2.38994213669199	2.40908192675391	NA	2.48665117808699	NA	1.77272039343554	1.67940872496424	1.60095525041761	2.4235963567187	1.34545795957684	1.9794597469425	1.44902060000569	2.16354519391345	1.49307960019033	1.9058005481121	1.7856677654101	NA	2.04775562298429	1.81035111256481	1.81417986889449	1.66987004384827	1.54483431782914
1.19309213964135	0.354647825145913	0.381511017035852	0.459521024118361	0.386015310714208	0.249083032801294	1.4161649607338	1.35145296703562	NA	1.21527250224445	0.838219972059217	0.372149463328978	0.805095581105339	0.586938683116075	0.310869830227931	0.509704492031871	0.205160602721491	0.912474804649773	NA	0.257993484514188	NA	0.377515307629528	NA	0.381376200998308	NA	0.834578843432094	0.56566030277024	0.535074939865088	NA	NA	0.926465530015069	1.80792188540687	NA	NA	1.48163181630427	1.32395021996949	1.17729953688863	NA	NA	NA
0.628431474338309	0.304303816790512	0.144798232821673	0.136483985036588	0.690794288936384	0.758121982473301	0.409642599239724	NA	0.449907248380582	0.595633765273615	0.545678222537613	0.57001041534248	0.670061285250625	0.851758609156656	1.08782323302867	0.895005428802522	0.925627431706503	NA	0.491097673075631	0.719828982534016	NA	0.77483105590493	NA	NA	0.731812627438776	NA	0.468434690389224	NA	NA	0.249010787017279	0.866107186580953	0.307982478334381	0.460381049761806	0.243111419700352	0.963351892242356	0.529732070646599	0.446407308118879	0.527545728903757	0.0901747615423491	0.350627572401892
0.902190332029004	1.154831826612	1.07410196679602	1.18144023867529	0.865812045692538	1.52161760852043	0.161914144276961	1.18311544473888	0.820930247077146	1.30111467085119	0.573210273576785	0.865758054700437	1.0882664937363	0.800947303586283	NA	0.250773948631436	0.441963219583453	0.267129178373515	0.375324988067971	0.897771719625296	NA	0.443220238054043	NA	0.814134297334566	0.735048335458578	1.00412242576429	1.32977857516237	0.628527293221395	1.17852585387056	1.39681041935309	0.763419964370873	1.0103785934094	0.534619682922643	1.11537170331449	1.32336937271632	0.415512055682927	0.426050694543678	0.589824827909564	0.679847733744861	1.10245920148445
NA	1.11306841947154	1.28914954438352	0.654949092343215	1.23419547723138	NA	1.08180598867783	NA	0.717808843483877	0.783776183342092	0.593424738876637	0.750978747461422	0.719468981836304	0.910794082348217	0.519749999500163	0.974590459413509	0.165923438150129	0.203960240942294	0.583263145349977	0.22638322399874	1.4286497686775	0.379378381541211	NA	0.5805955500023	0.656167827320122	0.913558150730515	0.899616564647173	0.395873793996854	0.664732665736309	0.317266687774877	1.19919441321929	0.674862809682543	1.09989843248568	1.02938072533561	0.662549946182576	0.82324885149167	0.926040412501025	NA	0.366694487827471	1.01769130679112
NA	NA	NA	NA	NA	NA	NA	NA	NA	NA	NA	NA	NA	NA	NA	NA	NA	NA	NA	NA	NA	NA	NA	NA	NA	NA	NA	NA	NA	NA	NA	NA	NA	NA	NA	NA	NA	NA	NA	NA
0.731157111107964	0.642802039737493	0.65112141246221	0.700225817641939	1.17471389907637	0.954447002531614	0.438532171465445	0.504280313442591	0.738633067092524	0.419947087809312	0.509600098379123	0.96238308258841	NA	0.992078571037834	NA	0.256723838913413	0.517454310715825	0.466621372805508	0.367071071999893	0.38221080039207	1.2250910478876	0.394921295593284	NA	0.378081472514532	0.238191938039325	0.808470591389178	0.395229855621495	0.776069202604416	1.11952651827244	1.03298246933017	0.834765527722642	0.355780196922622	0.530246667000402	0.536790181069815	0.928904304843323	0.834495038649425	0.568136120945963	0.186202192363778	0.512552710304265	0.80690009333208
NA	0.597765384271173	0.660791329998884	0.414207611681301	0.669557844805931	0.756769881634491	0.809923879703663	0.867514588764207	NA	0.535955267785295	NA	NA	NA	1.23485371636658	NA	NA	NA	1.02633544544125	NA	0.372904906399567	NA	0.312661858675993	NA	0.339239863627888	NA	NA	NA	1.83249211704028	NA	1.09939323759953	1.34273223313169	1.15887609127608	1.30169988179707	1.51943501349514	NA	NA	NA	1.9733711505838	NA	1.61739940526453
0.933547268453849	1.75828091608447	1.51863010501281	0.907653480231354	0.982093366609619	1.65104008812666	1.50418076762475	NA	NA	NA	NA	NA	0.279662401303324	NA	NA	0.422262343970051	NA	NA	0.667950882570971	NA	1.51572528337121	NA	NA	NA	0.512977990391773	0.399309526465635	1.9012564662812	0.394297616309358	1.59813927437137	NA	NA	0.738087909539415	0.449206026193584	0.128283026365328	NA	0.219967862790388	0.0895868718534303	NA	1.81607459785788	1.75909117933117
1.16319777651483	1.12947012803708	NA	0.93444379326153	1.26810678873332	1.37568097964588	1.5968114908477	NA	1.73136546658355	NA	1.06065682730163	NA	1.75901970032013	1.12461248365676	1.19799696685915	NA	NA	NA	1.12140734876423	1.06010646946067	NA	0.413420521929768	NA	0.791959372622995	0.672875363421721	1.1254488414839	NA	0.805873557244116	1.32973109711549	1.62952261416051	1.0601999100058	NA	0.72796276222581	1.3887584223727	NA	1.36370517311706	0.752945387871092	NA	1.05881194337634	1.31520120370175
NA	NA	NA	NA	NA	NA	NA	NA	NA	NA	1.56581387768077	1.16639304648893	0.337497339680393	0.343421875917183	0.945344753064418	0.216383255962953	0.563403853858698	0.234466671393993	NA	0.659343660043475	NA	0.525209456897648	NA	0.771044005171698	NA	NA	0.871225611128239	0.663115129622906	0.663759428908675	0.679095804409895	0.420179240863073	NA	0.824390320304211	0.505848710549302	0.888083959593621	0.54961415556395	0.742309846852646	1.20644181043662	0.55236328755973	0.36819576250451
0.319578298053273	0.834824090255836	0.719820833954014	0.57458090658088	1.09911565910578	0.788734039592206	0.710596148700288	0.5851850153899	1.40685031528006	0.798324861606038	0.550420995364615	0.814431904788344	1.22864010674986	0.573535754550049	0.804601507367388	0.889878200904298	0.699794195467426	0.895342150321736	0.686414420527882	0.565835887892188	NA	0.70515089342926	NA	0.434023762083929	0.667263010321543	NA	0.712025872376846	1.2441533987502	0.884545474711423	2.2644566528824	NA	0.199992804444484	0.331955238344989	2.35490485820244	NA	0.796271792987989	1.3708760549618	1.27579383619757	0.565905536700559	1.3825523719824
0.334605395712056	0.50350215513393	0.564345757123459	NA	1.18557278039159	0.736392385750176	0.657337630556838	0.750251900335448	1.01366679167236	0.797943654767355	2.0098992027524	1.57835360681676	0.66992378863649	0.80757489401665	0.71843361344182	1.63925304323069	0.975711545627605	1.64909441742074	0.673594049348308	0.88151903494027	1.79801798154613	0.182403190511096	NA	0.338633187904028	NA	2.01144779658662	1.19857853240573	0.882498253924125	NA	NA	1.96927750182345	1.97102237367118	0.501136690755807	0.572669050661327	0.190328388607183	2.07629917197969	0.534274220987643	1.24151879054132	2.29143073082555	NA
0.966972439595596	0.959501148557186	1.01691669625295	1.24492573885469	NA	NA	1.08255772288508	2.21112279463911	0.925587182217273	0.805586823257897	1.77753408242237	NA	2.01094466496605	NA	0.745045264069141	1.15302769735406	NA	NA	0.488009168765564	1.39677040641794	NA	0.745776331828788	NA	0.481295625878817	0.539948818630893	0.905740083778497	1.01042974710865	NA	NA	0.405719595760863	NA	NA	0.755220679650252	1.0567948725309	0.538492791224155	0.282418798143117	0.720454520331738	0.637721500973948	0.846248285361452	0.543996491005936
0.791714954605536	0.645166583956296	0.959144347347728	1.80102747929702	0.75933967540687	1.16488325999925	1.13364179708553	1.05788470091301	0.667932879668387	0.524957469567081	0.880652912713784	0.900554145159648	0.462446442199891	0.719398630860732	0.550761206232783	0.497275232108985	0.199493801285653	0.585759080595862	0.66348192557479	0.451230507897149	0.809505281114854	0.23099347977861	NA	0.200893210163791	0.478506498320469	0.605749463709613	0.27687251603542	0.600607698825675	0.641123984579933	0.794532014040034	0.960236763690263	1.56893093779594	0.849065180101408	1.13066731979016	0.786385359658605	0.805262972914002	0.899717177532591	1.21101649807529	0.693512876471296	0.610258504068909
1.28619976659207	1.21543530529189	1.29013031225873	1.08014730357666	1.10589403390523	1.09681087313436	1.24018297649578	1.25190555639357	1.8893913543672	2.63222555095857	2.36878678107213	0.656003837484668	2.50167545926804	1.98243017527284	2.69398200454442	0.743723340742426	0.882688425164074	0.751879821553491	2.34760228880432	1.89719177184044	1.23823937924662	0.319519482994605	NA	0.521275981710142	0.594361248697408	0.979095842287796	1.4878470812708	0.719413242187663	1.20438708124963	1.65197048543409	1.04481893012967	1.2326579300628	1.49766175293882	1.27289119127051	1.32737933965634	1.63882128509002	1.22182562948476	1.56968831140984	1.3943403815507	NA
0.802479196866016	0.727488548506573	1.58156885009856	1.81141412039783	1.55889079177292	1.54381383641405	1.60512211015779	0.218458143328896	1.02951298768378	1.45031479635544	1.30666970943607	1.67992841157164	1.8925695527148	2.02717391117301	0.569751945167033	0.41802138413516	0.297927422104214	0.683215341930968	1.30956510277707	1.5456535004946	1.02451483721531	2.29086281863572	NA	1.18311162486449	0.301877146004941	0.856202764067856	0.932876233275539	1.51164144722155	2.03687202612535	0.229629753512254	0.54855396834804	1.04290349848268	0.935169622984748	1.31626850198208	0.646229159087885	1.40739503600448	1.45726590012086	1.07678933426663	1.45395768752817	0.458596998627407
0.377162268392709	1.07212975859995	NA	1.67867661259717	0.743287541607115	NA	1.12086747827132	0.936732361901926	0.457633035251344	NA	1.0415635249677	1.17071226719005	0.912621706194112	0.479678828226425	0.85280233934694	NA	0.555749978947316	0.505692793939021	0.563586289695809	0.733920563743474	NA	0.175251603092845	NA	0.333414203960995	0.797493140195905	0.892675262418342	0.832819711086246	0.864718710239551	NA	0.507639334753753	0.855035088957098	0.865933534743203	NA	NA	0.837361238922105	0.931836581975045	1.03957043267374	1.0009835735378	0.635616703607303	1.19475943507212
0.745552374620002	0.643649500539967	0.43077213035075	0.446752075201536	0.462968561891893	NA	0.472847770446801	0.587954440864929	NA	0.88836634545042	0.252200485245952	0.127851316874939	0.281307496055615	0.418285333273062	NA	0.497626755786832	1.52067491950812	1.5014229756805	0.543886704839904	1.32663975846317	NA	0.533992620007692	NA	0.224291101064239	0.597316241681667	0.971044982008194	0.827111476966664	1.04770886956384	1.13827118509299	1.23429099661985	0.715918297732484	NA	0.870080798052854	NA	0.979250328888249	1.24459866368755	1.01304681548403	0.458367141524864	0.584968865034961	0.327940185380676
0.515960639532102	NA	NA	1.07783171672314	1.98064922003986	NA	1.89538691614677	1.71220003557442	NA	0.455984863430805	1.03656811210454	1.61380153404469	0.32731056002025	NA	0.778826368743804	0.479482319540805	NA	0.456878459644253	0.428446832564543	1.32375527558596	NA	0.638610757874684	NA	0.43793085564684	0.409915500305515	NA	0.193715330942036	0.3888890319747	1.45071996993668	1.74831604503809	0.891546201907146	1.44273847532	1.56138354286971	1.32377116575939	0.737273219517828	NA	0.73751772049783	0.409259678122776	0.578286450940505	0.795904227070465
1.41724250720016	1.16854161557331	1.32040618669493	1.44936494209072	1.05906207505962	1.0435924869872	1.21631191269287	1.33772862149902	1.50324422104258	NA	1.38767118114042	0.998012475133962	1.33322653232051	0.95444062530639	0.734764916349913	1.39897042064304	NA	NA	1.13255631942692	1.38129183937831	1.47472061331872	1.91778181262609	NA	2.21697933617446	2.16643481095874	2.19988734878396	NA	1.03322105940182	1.17244181443904	0.909003280105764	1.02393677153524	1.13435395742465	1.1156034090841	0.941428102751018	1.68144754129419	1.35394922061151	1.42796308892705	1.79823084468226	NA	1.77531732993659
0.72007939981888	0.685655547239392	1.0595354772161	0.399895426547842	NA	0.719680868380919	0.966484724318818	0.86485856875994	NA	0.700907255451261	1.00496150716551	1.21973117141324	1.22889092191501	0.910169177396964	1.25449687613596	NA	1.01885094701743	0.939511353396159	0.906053772181543	0.783223343703161	NA	0.551078799104454	NA	0.110219165660968	0.399883070773295	0.361485256374567	0.765485777682124	1.27738312059108	NA	1.52270024988101	0.324676844776278	0.522602837471856	NA	NA	1.04555557928248	0.735523379933993	1.50091453455989	1.8380584155523	NA	NA
1.07880188937725	0.5587050884912	0.521270013400263	0.395738186969354	0.51970951502291	0.616384437877467	1.05822778298344	0.956334619444921	0.624745989350006	0.645009265609283	0.901082082475644	0.813221674459305	0.949313591459779	0.818172275238064	0.706220490191013	0.897410632588892	NA	1.31089323721822	1.25607364454104	1.55813660056892	0.896121182266016	0.729010545790074	NA	0.835853163516852	0.817443914042416	0.955196993223246	1.03363744275988	1.08564041414205	0.787926230822864	0.817924209966191	0.966406618441579	1.00894810824389	NA	1.27042755226125	1.51796294893217	1.87122151593583	0.993561408752843	1.14192754577631	1.00997253096243	1.59656988889342
1.23780295306574	1.43714381033485	1.26202964838449	1.42786088502072	2.11472872490562	1.41686516539231	1.42180370619898	1.29896038468573	1.44553663302566	1.26791224322985	0.984446808751182	NA	1.24769960046815	1.29679505439827	1.47835316745238	1.45495857942638	1.2051843666925	1.59093332597803	1.7300083686283	0.809697779581666	1.40482319729759	1.47462794816733	NA	NA	1.45193204451867	0.271348969205718	0.728917702429983	0.327974730288291	NA	0.63591864323611	0.305433528619128	0.514561161827065	NA	1.2930946315184	0.897692286703901	0.834092169934042	NA	NA	NA	1.52742355421804
0.794084871788185	0.843371723042189	0.692471927933464	0.935970812724436	1.00856432809411	1.03618423482984	0.821460780885796	1.14843317935918	0.806739093513493	0.996344378179397	NA	0.515714119440182	0.492737499315494	0.829849236689363	0.750912183859873	1.15090352493961	0.674457913174816	0.479512741583181	0.748576474072465	0.713290593322053	NA	0.327216576431652	NA	0.109064838618668	0.424784774693976	0.830564870406821	0.991352460754288	0.525997655581244	NA	2.0598347757406	0.664348456313376	1.60334050805333	NA	NA	NA	1.95456986744524	2.06868298854032	NA	NA	NA
0.996141572281211	1.1234900811052	0.810253745013624	0.661350217992431	0.691504577772798	0.714898109992566	0.771193306585051	0.733001746229394	NA	0.68030639368664	0.988148037601261	NA	2.0166881396164	1.02932843883661	1.83165600543327	1.09536176619056	0.693241157628488	0.738249747240336	0.385119492940825	0.663457145013416	NA	0.378009660216899	NA	0.223649500853724	0.509955759801387	0.596543000474886	0.39018797974418	0.578509796651934	0.831591614549068	0.825076002880007	0.297412617412347	0.349553511703626	0.511600744051866	0.702268855747271	0.59313736252477	0.841600036495031	1.21227699880481	0.787599516991253	0.79844888338122	0.509276627813511
NA	NA	0.627639926998592	0.7427081456546	1.50927480416658	1.48998274811223	1.70439392857255	1.10188416805542	NA	0.135630068484122	0.477958301005951	NA	NA	0.969268235678873	0.893898193074911	1.04689278511534	1.10263238163605	NA	0.765959737324704	1.32430316389123	NA	0.441743478889458	NA	1.07417733808985	0.194432017393161	0.643556155145928	NA	0.189167040056769	0.06963453865758	0.376895353286517	0.448738125725531	0.590952551448135	0.77585050250366	1.00030755165908	NA	0.84821651609508	1.26667452427288	1.0756347173769	1.289933899679	NA
2.74335906312877	2.51861796515201	1.90179310785301	2.0519896271553	1.87663762691206	NA	1.92658007730277	2.05873835511752	2.08875471379746	1.13265213091637	1.79734604004542	0.933805470638132	1.60424980599369	1.45831555230861	0.609187846823252	1.29587165348268	1.11341578717457	0.901472392697118	0.702376003012613	0.988639120433021	1.02674677225836	NA	NA	0.23839594116514	0.668494816784507	0.420844843632242	0.401955929970175	0.623341409127304	0.270905126193194	0.530994864734084	0.715006971655932	0.384722077382375	NA	0.931216531633413	1.63515720752286	0.596256903333231	0.680285173483176	0.683944723128308	NA	2.20838415355795
0.132594875712781	0.256330756335229	0.423629436777047	NA	NA	NA	NA	NA	NA	0.867680710919403	NA	1.00170164014652	NA	NA	NA	NA	NA	NA	0.859315564403676	0.59883048322738	NA	0.646297530324992	NA	0.777327588728537	0.500013945468489	1.53066163306737	1.79154757917354	0.336632497230227	1.53606610805183	0.456366386792479	0.559760611806365	NA	1.00521928221256	0.721278234321276	0.291858935770914	NA	0.293363905132115	NA	NA	NA
NA	0.281252101038707	1.57473416799953	0.237708904760849	0.649348226465049	1.50093528902693	0.40185970650632	0.684486800372502	0.934538325970157	0.32778616429913	0.499782780619162	0.592029731835515	0.343089699786532	NA	0.383939592829887	0.0296011171865617	1.2582912223569	0.492466637603286	1.26002531030575	0.865145869528385	NA	NA	NA	1.15771878744038	0.257237373646389	0.535186139679379	0.789232183300235	1.12223564988752	1.13377592956095	0.47279458311941	0.216190326416612	0.901852698130215	0.522845952784439	0.720536004068428	0.651248422769248	0.433285167508507	0.567691991078639	0.679423979083769	NA	0.847129388151692
0.585931600444255	0.907185924467779	0.479134429407371	0.835153233226381	0.481421290639199	0.901327431297227	0.72163295153829	0.803650894347333	0.938103057591558	0.393569075682592	0.81377709676174	0.587834641319843	0.684224104003844	0.67220689626272	0.515967259901395	0.859455871287056	0.848431897370079	1.05897240780157	0.204394998543106	0.762230684652471	0.400520518085396	0.260165739475821	NA	0.488179358286184	0.852158013892289	0.576369597091146	0.441022739694232	0.612550141188575	1.87873794291733	0.99964857974339	0.605154340807471	0.412254464691742	0.707520198620778	0.834304755233795	0.726044307958032	0.309228618070722	1.04056959419504	0.956666713033803	0.546751026021303	0.632230147095071
0.597703250831798	0.565077343993746	0.279337352525279	0.891276372002274	0.219158806439769	0.200965086644235	0.376060247099643	0.644508176415367	0.48066678822134	1.1489410075888	1.0661784901396	1.17006800265814	0.781981998814855	0.541526874910861	0.3050100096171	0.351894962655692	0.39440598044728	0.459507875810859	0.307908978028607	0.227194951845091	NA	0.26130896139425	NA	0.696044658086467	0.830390048076244	0.791423742282961	0.361800513557908	NA	NA	NA	0.910141757934104	NA	NA	NA	NA	NA	1.17694018034048	NA	NA	NA
NA	NA	NA	NA	NA	NA	NA	NA	NA	NA	NA	NA	NA	NA	NA	NA	NA	NA	NA	NA	NA	NA	NA	NA	NA	NA	NA	NA	NA	NA	NA	NA	NA	NA	NA	NA	NA	NA	NA	NA
1.86144079755247	NA	NA	1.03017843982575	1.20962109100559	0.991921754328528	1.02946542163569	NA	1.48964711978201	1.07299413385722	0.851120992348518	NA	1.35657143910408	1.21812284295648	NA	1.09086552397431	1.14026300715528	1.12103029316194	0.776051652358981	NA	NA	NA	NA	0.532132475002719	NA	0.351665981822065	0.827897688628165	NA	0.70319097108057	NA	1.00626473749474	NA	NA	NA	1.69341096774566	NA	1.53986633587996	1.92496961433957	NA	NA
NA	NA	NA	NA	1.99641823751921	NA	1.25367910712629	NA	1.8029072889388	NA	NA	NA	1.7936335391496	NA	1.55330898277545	NA	1.37333535524361	1.37909247440981	1.58467431170115	1.42813669356497	NA	1.38058221753973	NA	1.02571440300754	1.71166502902169	1.32414244695476	NA	NA	0.507693505399816	1.12320068059007	NA	0.519020117922165	0.548232715812773	1.22552986935522	0.338388213157688	0.384452321069573	NA	NA	1.46448557187162	NA
0.727652866857912	0.664819638893076	0.919319397205343	NA	1.18976723218156	0.595200668533143	0.698893420960075	1.12880682621257	NA	0.895492084234632	1.06714255529459	0.993026419832362	1.12817461013404	1.34527930665412	1.26225088439275	1.48392398810065	1.63244979525533	1.15342827403881	1.7225110801748	1.64216738763098	NA	0.827566102693755	NA	0.671986384173748	NA	1.11158896433285	NA	0.91186269557758	NA	0.47604038763485	0.809326475806814	NA	1.7623322193079	NA	0.561357531836886	0.71706827353614	2.37071405601614	NA	0.401683918032734	0.371424059249658
1.55748033723918	2.3985784209753	2.18579438104273	NA	NA	1.40973376301597	NA	2.01546356237668	NA	2.24818877240692	2.12627014798297	NA	1.28596637579654	1.49393190700287	2.04370369730444	1.16246316020008	0.646608580988458	0.555721769424904	1.03118073432528	0.95864976755853	NA	0.709349550200327	NA	0.141262064859607	0.337702942107703	0.76850782012472	NA	1.69514618446506	0.938612196164355	0.679929492568984	NA	NA	0.957734217511133	0.367470240566053	NA	NA	1.26528564526831	NA	0.707128026319982	0.656840203736102
1.06604272617484	1.01826502605859	1.26615416619525	1.09462986758484	NA	1.30208969193529	1.35922004418946	1.48044962969759	NA	1.61757478515261	NA	1.20626514388945	1.29879107067441	1.19490243992691	1.32631731439621	NA	0.972872464385922	NA	0.537227583254902	0.062545555034187	0.549916304753126	0.165935673301882	NA	0.559611039211315	0.490250311769278	0.585805796617962	0.663678045840903	0.592139259369669	0.740224137165623	0.994911014048274	1.05361881710992	NA	1.48405217985534	1.49417109672297	1.63234171386448	1.56530591979808	1.18135648637852	1.5321658534274	NA	NA
NA	2.59581188371106	NA	NA	1.14092280130735	2.75464504739731	NA	0.526739550576594	NA	NA	NA	NA	NA	0.972262574607322	2.55455401047853	NA	1.31871868858632	1.0283883613923	1.40952416723045	NA	NA	1.97073616866497	NA	NA	NA	NA	0.850204345972345	NA	NA	NA	NA	2.30433955468785	2.4211594302867	NA	2.29794395093659	NA	2.24714803622066	2.36494668350405	NA	2.5931452397075
NA	0.647681723658478	0.809701209098124	0.592799774010104	NA	0.580373617600181	0.656712490747778	NA	NA	0.500379859736385	0.776127075916007	NA	NA	NA	1.26095131043388	0.525382042468267	1.14303097356576	0.518260254956141	0.471623563986912	0.488985835079442	NA	1.40499755849386	NA	NA	NA	NA	NA	0.505712127335588	0.270874770830369	NA	NA	NA	NA	0.497532042831421	0.493765767007024	0.270415363876302	0.476275383511382	NA	0.50228888913821	0.654503874696149
1.06938700813128	0.74370540558627	0.742830481814224	0.806682134991638	1.05583115515304	1.17171910888646	1.27644294607352	0.984901763993505	1.02561954580236	0.888935999192337	1.04007701050217	1.07114738506823	0.828228720235532	1.01468647722502	0.885487691582669	0.7185637752646	1.32971266318234	0.726577078242148	0.804770674351322	0.438486307256704	NA	0.299842300256391	NA	0.500002098681961	0.689327392796235	1.2621024322995	0.511772260490084	0.639948627802135	0.547837014960744	0.783629045219637	0.996437769577112	1.31381552095008	1.18107630052297	0.605234196976849	0.966099051191767	0.997967180903694	0.501014767123409	0.888614768129439	1.14853547660958	0.307670674306225
0.71509552622676	0.677358017292576	0.414393670116167	0.499175127172482	0.115090149099586	0.6424507032336	0.587709797545151	1.00966012743471	0.896612931903099	0.37598157697302	1.38506668774699	0.546421044686922	1.90616813393343	0.767052454551316	NA	0.652071608023094	0.519070484698928	NA	0.547373138510185	0.38852424158017	0.444363293438697	0.497592494913493	NA	1.07374427996643	NA	0.747689305915642	0.499251996062827	0.802464928803241	0.48508036902658	0.653215157795081	0.588132347520298	0.33271180166198	NA	0.438511137071451	1.67134721473138	0.730824114680785	NA	NA	NA	NA
NA	0.524190576237453	0.884511488376461	1.12002320079413	NA	NA	1.43988765354514	NA	NA	NA	NA	NA	NA	NA	1.28462576631678	1.20499277210774	1.11971035262208	NA	0.92733992035923	0.687760799421582	NA	0.697403631966794	NA	NA	0.755192672300424	NA	0.681832322224806	NA	NA	NA	0.244291742595719	NA	1.89471058028039	1.10049376229792	NA	NA	0.491988304843902	0.751531163556352	NA	0.90024856001028
1.15545498868981	1.45752833378558	1.60704431459755	0.620468719538506	1.81486689859563	1.90451420683208	0.774911860551051	1.14321562487865	NA	1.22188088176942	1.02570063471877	1.28575827316503	1.2811991546591	1.42473151505007	0.841965346800387	0.913448799339406	1.44798041502283	1.0043363986228	1.45799013698739	1.66768289914919	NA	0.904752465061016	NA	1.25754157791114	0.826739684733318	0.495213517452807	0.76787510022392	1.06591057465808	1.25442021839791	1.42490063676816	0.818671152397484	1.30826697098969	1.62488938073634	1.25758264585232	NA	1.69699096602794	1.61456721597527	0.627768753679555	0.595734507902698	0.637374724645157
1.10421586698667	1.48588595003588	1.54606408162823	1.24237527084671	1.25710891490142	1.45981042445174	1.41284197362792	0.870245315592295	0.606248571399225	0.583716007543078	0.740631479927957	0.780507344054966	0.440974951786127	0.642773419408155	0.401811103249002	0.34538862945324	0.171414717070744	0.48032105725134	0.434720993839856	0.552109322378659	0.787441338517115	0.720319809175282	NA	0.469971083062943	0.0865485407226714	0.36228675723301	0.11802027961961	0.34824009440474	0.61944069319198	1.13194219708144	0.241153495472807	0.818882166360009	0.5769507068448	0.554405667104795	1.30503145134483	0.0876463449737004	0.271947187191078	0.397932488769657	1.86883609225345	1.32109887827802
0.855354257393083	1.21648477406816	1.23222673631285	0.948740954425504	0.80799502795219	0.784114384908182	1.02417686715717	NA	1.64218007805831	NA	1.37971990635983	NA	0.615668678065063	1.30739100910309	NA	0.412138687329793	0.6361696923127	0.495959923621993	1.86065831937794	NA	0.74642926459654	0.331827428969341	NA	0.272777906077239	0.523672271903221	0.880986203968303	1.0094125699206	0.710831763099974	0.91111920995557	1.03476403542856	2.49466154353587	NA	1.20934541223053	1.95197922490512	1.12519873439517	1.10324116279157	1.41020834746515	1.47388711656939	NA	0.623837366870369
NA	2.63133489711998	2.79175155804049	2.5881866115954	0.630148461641515	2.41158561058241	1.13094613442671	NA	NA	NA	2.73830865481856	NA	NA	0.833974692589081	NA	2.93162090031434	0.986803870313777	NA	1.95207726929216	1.48701095433493	NA	0.372672755493441	NA	0.160464509686518	0.432118645710523	0.726964910012695	0.263788493558049	0.43881338820325	NA	NA	NA	NA	NA	2.82314387568356	0.615820404310539	1.16937902837262	0.878955351039207	NA	1.81467967096305	NA
0.421376825067553	0.620184193529601	0.487025106312907	0.440865973083429	0.772188120322287	0.913539534664594	1.13475012317997	1.29072137418881	0.89581701790359	0.396250125258916	1.28207836327839	0.816827827753708	0.876831378827118	0.928636493576991	0.801548359183686	1.06317974211882	1.09399824561892	0.833324585326081	0.854588528182482	0.968504342268187	0.759605510746661	0.268715021582701	NA	0.363076781671611	1.82562631277987	0.189177417500206	0.326785207746342	0.518885292805212	0.487703112090809	0.493976924590237	0.664714041215398	1.17889509792282	0.524805045695948	NA	0.471004341230047	0.411454984930898	0.413942354547309	1.46506814432861	0.38289334570617	0.562810564821304
0.430274023986529	0.479877307657336	0.572497023960267	1.12780770486663	NA	1.15656039498022	0.740684466253264	NA	1.11481165524507	0.854400880691028	0.917102622758525	0.828103668397631	0.79770369825405	0.471892454001415	0.628176855332242	NA	NA	0.290571129786056	0.463125157897444	0.127885376751203	NA	0.361454701210015	NA	0.461942297969972	0.425727110147718	0.150215652807561	0.11140640366067	0.351049023878691	0.550292612179179	NA	0.817469604561113	NA	0.801812836908359	NA	0.298640981841263	0.509875009537347	0.848390903590593	1.24764072762557	1.16850759960932	NA
NA	1.69095075337864	1.65058013446193	NA	NA	1.38433168345012	1.43084606653215	1.63209456017136	1.33279720630225	1.16965834541467	NA	2.11744346225757	NA	NA	NA	2.43890202693329	NA	NA	NA	NA	NA	NA	NA	0.503897149627699	NA	NA	0.653642678086412	1.00607199549405	0.819346176433163	0.671917283200262	0.734329731435406	NA	0.573540272384412	NA	NA	NA	0.579067281974438	0.765464162692985	0.574113078056627	0.827084339353582
NA	NA	NA	NA	NA	NA	NA	NA	NA	NA	NA	NA	NA	NA	NA	NA	NA	NA	NA	NA	NA	NA	NA	NA	NA	NA	NA	NA	NA	NA	NA	NA	NA	NA	NA	NA	NA	NA	NA	NA
0.668762624221252	0.715800432928189	0.658890081296597	0.675759078576371	0.614619162277736	0.711122813919036	0.960608222391062	NA	1.28565381534543	1.02963615330901	1.16945050190538	0.86674309895482	0.467364644632341	0.503629510728685	0.467750277602359	0.445692675125153	0.365271854438241	1.27045238413007	0.838326755203948	0.449062197569428	0.675765279634517	0.464468239372919	NA	0.221246016028245	0.324647558258079	0.595479897573004	0.467845152736609	0.0559020236906815	0.7576695650623	0.619966166452624	0.456011117072089	0.355094475746187	0.341977407842463	0.659740076080417	0.828026945097762	0.784172760715842	0.95381248744955	0.436075408233883	NA	0.603917267530439
NA	NA	1.0135479249123	0.197241961757234	NA	NA	0.674803578379534	1.32882378381836	NA	NA	NA	NA	0.790296672031294	NA	NA	1.3781731729685	1.29206232788129	0.284932396152434	NA	NA	0.518420859890274	NA	NA	NA	NA	NA	NA	NA	NA	NA	NA	NA	1.26854634059713	NA	NA	NA	NA	NA	NA	NA
1.24655771151793	NA	NA	NA	1.03815494641937	0.967402823529218	1.27032140269861	1.00937503259015	NA	0.824799510116108	0.993327443134285	NA	1.18904958673783	1.16205582712101	0.903712781375027	0.908442380206617	0.615424739712622	0.699767816286448	0.952786479533281	0.60456754246569	NA	1.17792075909526	NA	0.93169897947896	0.899985053568483	1.15452938493843	1.26781570246971	0.693858843171884	NA	0.738153987197974	1.30867564958236	1.51456787882825	1.59553876930739	NA	0.458657793030056	0.552522093204322	NA	NA	NA	1.10890371627474
0.706606340629954	0.797523481248326	NA	1.11077717599707	2.07702366761932	NA	NA	NA	NA	0.852242222637861	1.38613019469038	NA	1.96303589997827	NA	NA	NA	NA	NA	0.663538926466011	0.769298237623572	NA	0.547242884137062	NA	0.362207331144237	0.332761670136224	0.314545273627567	0.452797713679182	NA	NA	NA	NA	NA	0.803363559046164	0.574196752961724	0.455657564521971	0.449736391457168	NA	NA	0.508182562245149	NA
NA	NA	NA	NA	NA	NA	NA	NA	NA	NA	NA	NA	NA	NA	NA	NA	NA	NA	NA	NA	NA	NA	NA	NA	NA	NA	NA	NA	NA	NA	NA	NA	NA	NA	NA	NA	NA	NA	NA	NA
0.764121327562048	1.32955984199608	1.06768221826263	1.20455106117301	1.23137477948441	1.10935848126859	1.2694502467862	0.900652167224211	NA	0.458382868854986	0.605636668193116	NA	0.613728183598409	0.484553833380413	1.05569170041554	0.814224112986954	1.06518051275536	0.99727241216951	0.839068921395331	0.734855476792459	NA	0.338999998533559	NA	0.137830336305775	0.0764242186477372	NA	0.306500818269849	NA	NA	0.5594626909889	0.94261847352892	0.507566582752227	0.712451516709888	NA	1.01503994709089	NA	NA	NA	NA	NA
1.23022213367773	1.02822046154793	1.06950717182041	0.499212372260039	0.489685428456422	0.608094579892964	0.983749253976892	0.827317665374629	1.1578005708733	1.20852040807063	1.20448455494211	1.05454875950519	0.857713169224066	1.05342249875449	0.962366762891212	0.937694128654213	0.907190284678723	0.96298333151467	0.67031130701393	0.810250513022314	0.707283366598928	0.364761197071698	NA	0.359576001426271	0.456582332826882	0.236484401629181	0.127913737804438	0.42707197415362	1.42017623208272	1.45247840123784	0.728859034583201	0.407573961450647	1.43846295277292	0.902900740469338	0.518264587282168	0.569390689849291	0.789471342570916	0.61182466841932	0.632321146301712	0.410943351113659
1.62344123694632	1.73179696417815	1.68291338651767	1.26024340039817	1.23734838712253	1.00440280393337	1.52550537216751	0.748238759212233	0.911692475209313	NA	0.536697108733213	0.535333902493057	0.985868022231547	0.787983872750627	0.398310233218759	1.13684500317502	0.763339687018284	NA	0.670752979361141	0.561340120427551	NA	0.899836730867748	NA	0.629640632787504	0.814563797881425	NA	0.558695689443317	0.975760384115365	NA	NA	NA	NA	0.212328241897561	0.336982355917207	0.279498847494053	0.932333380225218	NA	0.696801644165878	0.737902997868571	NA
0.875209078977757	1.95755010856826	1.01401121222785	0.420979210532259	1.52555452823055	1.96973913628358	0.465384194666339	0.454066078180076	2.14766111008099	1.17028473476071	1.01445910388638	0.654930035456247	0.557997903867031	0.675129980174222	1.27058180854145	0.438382263869374	0.501752759112827	0.24340279046252	0.340527123530081	0.361284471577282	0.48832527542812	0.342282256352873	NA	0.740411960013882	1.10865825730886	1.30518577799956	NA	1.00466352963647	0.698426413473818	0.285916870787049	0.260803226428151	0.303957102699894	1.50328060949723	0.191901430350633	2.1131927310227	1.09869323528218	1.84357712334635	0.0994611365822365	NA	0.289469894220527
0.916444432046964	1.51523398707639	1.16699619915702	0.760473186401257	NA	NA	1.26971131427602	0.956331162042302	1.26589988099394	1.72616059029306	NA	1.12977458201256	0.75783363398629	0.869695898725684	0.55081966772179	0.628378745804616	0.849610112954141	1.24863196866638	0.915663591192708	0.512816870508445	NA	0.534553061452597	NA	0.286081381667036	0.268626242905563	NA	NA	NA	1.00953918266529	1.01036226962326	0.708829871216378	0.928915649762087	NA	0.558028765552818	0.585674010444292	1.4519592470795	0.51825282828973	0.460808057559921	0.466819805618212	0.336198268227168
NA	NA	NA	NA	NA	NA	NA	NA	0.983777390036568	NA	NA	1.4845018200843	1.78141677390003	NA	1.48932283824162	1.19707447804986	1.32386758757248	1.37550633849551	1.34342580845639	0.813545366152934	0.36559604592977	0.621159622384996	NA	0.392416038860979	0.663159241232274	1.31413249454412	1.07694655200138	1.08992965126982	1.28291028467868	0.882871998202604	0.88688041411387	1.09552774947038	0.886528824170087	0.832186218256225	0.646558899108118	NA	1.07973659084176	1.45595457702681	0.625656986761644	NA
0.966162315375032	0.958344544280541	0.83102948720881	1.29109869633297	1.25112319169461	1.04231198286525	0.997182472634422	0.800621705850158	1.0945017684121	2.01126845073128	1.10622136484616	1.88308380567452	0.976435623857789	0.857482818357894	1.29344521036477	0.768631538684517	1.43969206244996	1.84733894839793	1.08356218714337	1.1712492872017	2.40620456757752	0.631312041587514	NA	1.0594250269693	1.53543781697195	2.00004719938819	0.676842344530273	0.866455560991221	0.956537378930976	0.690883729280255	0.69287656616281	0.801457734273401	1.19586523557756	1.00605205618471	1.12014297098294	0.926818941221604	1.21847606802436	1.02270759582188	1.50068342695243	NA
NA	NA	NA	NA	NA	NA	NA	NA	NA	NA	NA	NA	NA	NA	NA	NA	NA	NA	NA	NA	NA	NA	NA	NA	NA	NA	NA	NA	NA	NA	NA	NA	NA	NA	NA	NA	NA	NA	NA	NA
1.13775230274954	1.59386445705653	0.627716015495742	0.850733194319892	0.760677471287092	0.435658951961898	0.461057981068742	1.25649669394715	0.849138850584585	0.576381684864637	0.650198480391421	0.311859537795259	0.832744216691127	0.356372454298761	0.277425488121381	0.893651774651324	0.913621343121964	0.32133250482875	0.52302123498808	0.759948015157908	0.749990593410258	0.528089061115864	NA	0.349548540180204	0.371482655034316	0.444517789131027	0.20392760859672	0.283223248788206	0.323746068173503	0.441608721141261	0.390922785533461	0.420934307147093	0.517852167323909	1.20382839378667	1.60627309157622	NA	0.640723967670594	0.882304374648956	NA	NA
0.99391617679033	1.12234938006769	0.335132097619909	0.750114743826944	0.733075414210664	0.541425253267823	0.607035149428737	0.38816540204546	0.452902476392907	0.488373754018025	0.500171375343913	0.498742053438163	0.497976795737218	0.390503356276581	0.252128320119051	NA	0.334438680802947	0.21291514113823	0.133735261215759	0.36194048283381	0.615881160731322	0.418214629109153	NA	0.363690098068353	NA	NA	0.329879618928301	0.424461971346054	0.471707509717815	0.246001961613862	0.680300959937831	0.501531045462169	0.844073063271882	NA	0.698861117077155	NA	0.841327474723079	0.679356988643566	0.605646218290896	0.33418693975107
2.25623093890852	1.82127626772553	0.392597081999366	1.52289865791152	0.529728621060449	0.768323675769521	1.37525589218662	NA	NA	0.783776034686215	0.873444838822364	0.708076566709381	0.590702618271375	0.502248595648125	0.417210693248299	0.834356545970737	0.836654570511529	0.551899852753296	1.4107858736775	1.40191666321761	NA	1.46486550086111	NA	1.03334359144561	1.46798123042693	0.316678324374233	2.16587374305304	1.96120755868119	0.610751018466606	NA	1.87684066974372	0.48388812882068	0.961140099932314	0.679399115247943	1.06670904997109	0.813231123971846	0.85392371598725	0.571782620554019	0.283008870481233	NA
1.08356844264608	NA	NA	0.803873828411331	0.715626176734246	0.456558420451218	0.524895374379226	0.440135468978736	NA	0.669245192771902	NA	NA	0.816977861150377	0.886940535155587	NA	0.773854769844651	0.374214266151544	NA	0.456250128586232	NA	NA	0.508664675160907	NA	0.273593993069986	NA	1.02260623484496	0.22307509246163	0.666232531937845	NA	NA	NA	NA	0.585803733382466	NA	0.268141702695859	NA	0.601156710311321	0.372791717484419	NA	0.195686560183781
NA	NA	NA	NA	NA	NA	NA	NA	NA	NA	NA	NA	NA	NA	NA	NA	0.671008582220054	NA	NA	NA	NA	NA	NA	NA	NA	0.659894080716343	NA	0.779594755171366	1.96680568013914	NA	NA	NA	1.6224183239446	1.43420506217491	NA	1.91278899976879	1.92660990329674	2.27352450225928	2.24959274527143	NA
NA	0.77299936120376	1.68513820982227	1.55005738060599	2.17705701381935	1.29130965402762	0.456498033892659	NA	1.36656438597208	NA	NA	NA	NA	0.417871978837268	NA	1.31070894701924	NA	NA	0.372710888719783	0.39188537411576	1.49298239990397	0.26124169737006	NA	0.336006221963665	0.554813547760529	1.06908020864996	0.829840166572351	1.03155548501127	0.897819042762908	0.842110818198787	1.35696125958259	1.11826208495755	1.00975658843653	NA	NA	NA	0.927652139497507	0.260126003517045	NA	0.430188396260733
0.60223661308591	NA	0.39801397931963	NA	0.690242774588963	0.342411739318808	NA	NA	NA	NA	1.67294317961726	NA	NA	NA	NA	NA	NA	NA	NA	NA	NA	NA	NA	NA	NA	NA	NA	0.605644673630856	NA	NA	NA	NA	NA	NA	NA	NA	0.462236832843977	NA	NA	NA
0.576590825407348	0.967507970058757	0.852797355102252	NA	NA	1.30959576086587	0.785690471346168	0.409706605472361	NA	1.26999978102138	0.890055759419474	1.21064425054483	0.648714500620827	0.78264687204385	NA	0.251152803826526	0.976028833623256	NA	1.00664807781262	0.190379578482754	NA	NA	NA	NA	0.655926785291944	0.69152201282498	NA	0.140542529947097	0.381878061449446	0.853051906187339	0.361387722259857	0.159946621473737	1.3066113006751	NA	1.61339696106918	0.722866051512466	0.628433093685256	NA	NA	0.688293679982392
0.576663225976332	0.713918547289652	0.702042059757029	0.326253012526399	NA	NA	0.542542268585511	NA	NA	NA	0.713142032079146	0.473746193201541	0.59012828095754	0.72265959638711	0.50393158862367	0.593675082728187	NA	0.397943459127084	0.291960902889938	0.435850761281634	NA	0.127674099513819	NA	NA	0.200412974774024	0.374994215919884	0.346400020072487	0.622317152199467	NA	0.700413281039998	0.664192921685138	0.465185556263922	NA	0.992138247440827	NA	NA	NA	NA	NA	0.281511638273401
0.566396074191387	0.943001232288406	1.07360061772904	0.965708655717061	1.14503701717339	0.52664747898661	1.14519097682703	1.06131981987468	0.778446917676572	1.29509557957504	1.30180700373744	0.564602191122154	1.38864207527611	0.320720318270886	1.17728695322434	0.829002128379648	0.57533416878039	NA	0.270184189026611	0.276603997269824	NA	1.31522033127329	NA	0.499671343871578	0.774762545166984	0.833604151523488	0.670697462482367	NA	0.892869141641329	0.986291552108617	NA	0.608849104253572	0.415102726765757	0.422215962068575	NA	0.91763593688926	1.03395227251771	0.874570665684682	NA	0.683517844873574
1.10627649156418	0.914076917462885	1.2498683186089	1.22758107183049	1.49930025298375	1.64232875544406	1.09358589669252	0.8626603053904	0.837249869036005	1.30471979666266	1.63131763825397	1.62316919445361	NA	0.965082110434432	NA	NA	1.32662361633566	1.11750547604593	0.819989512469707	0.926169908495966	0.696209627479173	1.08489094034288	NA	1.48286512079693	1.22874775113236	0.649861920292601	0.903960540598421	0.944898517282741	0.520385866927209	0.753890074920852	0.909215190233734	1.2270198451309	0.825918897237799	NA	NA	0.619632426940585	0.653106607502124	0.904005356542441	1.1029069101711	0.875902581851956
1.38640799293432	2.45980660818548	1.74698204183712	NA	1.32640254464554	1.39923241483292	1.78916935953615	1.58781101968679	1.56152994054555	0.974368092883579	1.2047863613912	0.743776643542642	0.807274112647078	0.448534492329713	0.648329815223776	NA	0.310646115704597	NA	0.155313366893977	1.89562079877096	1.47294640043114	1.31123445780099	NA	0.901540254029354	0.913118985340713	1.17171894141372	1.00532605212024	1.09827415182889	0.999928350207128	1.20157232566642	1.05789914271312	1.04586634180125	1.21915140079125	0.875008484552885	1.28371319149359	1.10314792491403	1.2919624579214	1.14040484843006	NA	1.30106176646534
NA	NA	NA	NA	NA	NA	NA	NA	NA	NA	NA	NA	NA	NA	NA	NA	NA	NA	NA	NA	NA	NA	NA	NA	NA	NA	NA	NA	NA	NA	NA	NA	NA	NA	NA	NA	NA	NA	NA	NA
1.15669514706297	1.12174712428735	1.30115309728559	0.894444662193429	NA	NA	0.520059328779743	0.396402609564446	1.43971674186513	NA	NA	0.850369192777459	0.938342755924308	NA	NA	NA	0.822118720423212	0.418500934165639	0.290409601753329	0.604932178934142	NA	0.530132294982376	NA	0.405549218034403	1.60666330929152	NA	0.439223807413728	NA	0.595680737923642	NA	1.01287420531136	0.8419830244219	NA	NA	1.01735498043026	NA	NA	NA	NA	0.49439346098122
1.9527403198099	1.7058673345769	1.67897740302507	1.29714515369458	1.42285776755132	1.269498724229	0.895838867558485	0.948711415216331	1.49225979254211	0.652980102527821	0.743557273685581	0.590822160972526	0.464702302096361	NA	1.07853235095996	0.706166364803337	0.695795463589574	0.583646405407718	0.568492053557568	0.449860153216595	1.04732667104546	0.303739595906731	NA	0.435616237627653	0.260539985616204	0.564555284591071	0.548583047052419	0.695365337741862	0.802600997346708	0.939498888081867	0.737694403116929	0.971650015115956	1.32157899641321	1.08104193616886	NA	0.818542664877904	0.867603727993622	0.987425688982748	0.669570383206177	0.713879777025646
0.540014872247282	0.706136682662975	NA	NA	0.733009516135224	0.881675851041365	0.72173953687966	0.535488111153939	1.30128109254368	1.03194182498012	1.41417122937059	1.35133355769736	1.1780020577718	1.07066216175423	0.816559054453946	0.702346624271772	0.885235248380647	NA	0.801071353053274	1.26614620640873	NA	1.37290393717382	NA	0.62938964550822	0.649528664033794	0.60191120931235	0.813133370607483	0.546658442063514	1.04999888747868	0.698072805062563	NA	0.450966181987952	NA	1.47101732380666	1.47891260759453	1.33887661031192	1.37442065569815	0.836218250437348	0.525369624529686	0.267226465739411
1.22741011839233	1.3146002039622	1.10208367827824	1.32151607890553	1.17725563503255	NA	0.982674481047419	0.914251943657477	0.80113245930246	0.808854286454366	0.811842459093634	0.66835312587336	0.738355734690922	0.607060640386172	0.62210744915082	0.548075244824246	0.614667012141939	0.517550555539958	0.711893639218278	0.608397706854557	NA	0.237024936325846	NA	0.125161275906247	0.213535805532725	NA	0.559959796062736	NA	NA	NA	NA	NA	NA	NA	NA	NA	NA	NA	NA	NA
0.403262662236267	0.356059032008913	0.817713509641925	0.770068802809925	0.974454695257801	0.468235446893009	0.819905751031908	2.14743451051264	0.854119543798894	0.4062244854277	0.313774291727385	0.350344540119432	0.446278156113991	0.341656215489719	0.285473171710761	0.195174122647124	0.532765182224669	NA	0.612277108778414	0.626099394478411	0.404403754523209	0.332469122247894	NA	0.273621089890364	0.39585136711367	0.677765626798372	0.659186616342396	0.917950923866344	0.621047744839837	0.492639439250056	0.734576746540594	0.726068990408801	0.672580590830587	NA	1.23565224361608	1.17585893915388	1.29653195138588	1.27136768407817	NA	1.93996392770138
NA	1.41060370123062	1.36860644620974	1.31984814584736	0.716702980045425	NA	1.24300191520017	0.409304402973305	0.622629018752873	NA	1.30022514879347	1.58021864595325	1.19547502867587	1.13362876468621	1.30770559755258	0.48397443293915	1.49865265592508	NA	0.706183524077863	0.485270157371948	0.860389122053137	0.282292379858175	NA	0.288377402802177	0.262477192022086	0.591147677328697	0.466332216267098	NA	0.581979423665671	NA	NA	1.05809131393083	0.908942831811963	NA	1.42956283619124	NA	1.54800939449381	1.56535511512058	NA	NA
NA	1.21976721857991	0.550387502727659	0.558163385857414	0.620923193360371	0.762329186449041	0.697263506724713	0.56577552422433	0.775760704246672	1.54694767710485	NA	1.51428086323863	1.08173904658594	0.472486316370805	1.1958537398545	0.601877078164633	0.778222505658811	1.05012834441221	0.839742005862783	0.586201987886281	0.95391068829797	1.18916534440412	NA	0.605052662990778	0.34833915019729	0.545440668696099	0.67370851600125	0.555039735790164	0.603656162115231	0.582171497450074	0.516435034373814	0.621004831366824	0.381407166770463	0.641828979277833	0.377985666495867	0.889555405117592	0.238333675219645	1.57075129198349	0.384262368292311	0.237139723724701
0.516071853003746	0.423952151429206	0.198981060089193	0.253517608625031	0.694753819801766	0.622676115450039	0.565839623023794	0.924981356498613	0.847831158488754	NA	NA	1.37652599224173	0.923741623858018	0.636384402929895	0.819041561405414	0.590019985612299	0.664198851971771	NA	0.392106062896122	0.404590988142904	NA	0.226524533808887	NA	0.47830583606587	NA	0.411888542808072	0.480910894763468	1.14769129920332	0.823695235299067	0.281576454830457	0.320972445584973	0.377680806490055	0.303886829653828	0.589520507761682	0.338129709557124	0.318243002076843	0.44195388091773	2.12433488023578	0.414488028231305	0.252799408299905
0.471043824943579	0.277465728948358	0.274432035672357	0.243328376041728	0.162187811417879	0.219163661555752	0.166719379476161	0.725847038788584	0.643370179038968	0.94576109704851	0.176456185011066	0.706189048965145	0.57694020523916	1.01179023779647	0.684604644847308	1.05335527461879	0.455324036696188	NA	0.505852986374455	0.953293008292073	0.570518693392036	0.20473082983642	NA	0.0752622179994635	0.581068534777943	0.614909408554138	0.585810448939641	0.218574442710143	0.275626434463133	1.26794119850375	0.635233418062632	0.668640343416163	0.958259030663822	0.550147369264717	1.1219867744783	NA	0.783491198355585	2.05077584060681	NA	1.07737576160832
NA	0.62424760144565	0.714648715708728	0.573903094025169	0.663239897396057	0.742969733214029	0.499464470094343	NA	NA	0.639586288482216	0.859699075437434	NA	0.733131995301521	0.382958639464398	0.984521311075872	0.216844790598899	0.238055133008596	NA	0.301337450067397	0.435675868255954	0.273852136371523	0.354131863077628	NA	0.305869205610932	NA	0.395420482225889	0.724254068862685	NA	0.638477592440334	0.863423398549294	NA	1.79841455500688	NA	NA	NA	NA	NA	NA	NA	NA
0.352451121999755	0.346714506492926	0.566512330551855	0.789816391140681	0.590373687076245	NA	0.908680067242327	0.679518609177354	1.32046346988584	0.779443891031137	0.987140276847262	0.79769208905658	0.951485467333608	0.840464408327645	1.31344331481396	0.50918267044262	1.20856700524304	0.979997212738534	0.65874493856003	0.977298889455624	0.825609581734041	0.636677992590482	NA	0.240219736671947	0.611991266092411	NA	0.340065278080151	0.704687445758193	NA	0.457941997367616	NA	NA	1.08750424724953	NA	0.539873264031407	0.539599449547541	0.729660715469633	NA	NA	NA
1.01800986728933	1.78912523399038	0.875338339143241	NA	1.50426312481091	1.61608012144721	1.19648989197803	NA	0.571239622268193	NA	1.85134372843258	1.62340179748095	NA	NA	0.573215198018951	1.25837046054157	0.858348828432763	NA	1.5909477644643	0.51164413840627	NA	1.04404417567474	NA	0.572445333329547	NA	0.693647986685169	NA	0.870892783088259	0.710636832644423	1.57535856648301	0.968660453660255	1.01194377245501	1.0769733759194	1.00550554563014	0.877940687269988	0.69887168977425	0.265615334688149	0.570827723485897	NA	0.861543895526287
NA	1.17310617384417	NA	1.45457920576104	NA	1.02314947639568	NA	1.59745443604145	NA	1.32375332236035	1.06198289984554	0.838008356375049	1.62384928449403	0.962767309578131	1.07990217979427	1.06349587633439	1.00413957439632	NA	0.817032366712209	1.08545356002256	NA	1.15208193935801	NA	0.437787646157989	0.399291724704964	0.76855825599398	0.499573390780614	0.490510391423572	0.383548090091085	0.694483751810782	0.693290840728598	0.695066044459478	0.71481563845669	0.313926569377152	0.7133465818643	0.985958688261846	0.709142850302329	0.601901811751375	1.24386528648561	0.740705741706912
1.14054801554172	1.1336862672352	1.54085095485398	1.11278710539448	1.59372063419488	0.502015915396996	0.935741890404235	0.970021969997721	NA	0.954947268810758	0.945158015350417	0.850568880774996	0.844388103542566	0.867343776567361	0.959689774537839	1.57218152394916	NA	NA	0.589399267903434	0.358132607400761	0.301710780996382	NA	NA	0.394866461883969	NA	NA	NA	1.10678810474185	NA	NA	NA	0.344134300711077	1.40474572599291	2.07916648545391	NA	NA	1.28838087583476	1.15934331104349	NA	0.708547871265045
NA	1.02514106290049	0.399531099833532	NA	1.30545270894685	1.06797254385956	0.624449081914585	0.840780928026827	NA	NA	NA	1.32435525652178	0.450918008068406	1.10465423476777	NA	0.289910015897281	0.880442030237173	NA	0.802135743914234	NA	NA	1.08145767671856	NA	NA	NA	0.582386468774418	NA	0.873208485616938	NA	1.00340197853829	NA	NA	NA	NA	NA	0.356789747122164	NA	NA	NA	NA
NA	1.15597778445837	NA	1.19746454810292	1.08115023858713	NA	0.151305702184993	NA	NA	NA	NA	0.701409041866299	0.776009556612355	NA	NA	NA	0.295432036088611	0.231730899788771	1.95942198447013	0.41712262233618	NA	0.385166378936233	NA	NA	0.502961528879252	NA	NA	NA	0.911476439838189	1.10978157989906	NA	1.10176190686502	1.34774395484415	NA	1.3312240455675	1.40376450799347	NA	1.37375574714263	1.38281013292028	1.37453768558904
1.69341614301217	1.46447075212388	1.49786438658048	1.77261517063045	1.56228906972837	NA	1.63408682028854	NA	NA	1.087681520143	0.384218709050007	NA	1.27061995347685	0.944518141499098	1.50665025891396	NA	0.92898512182671	1.37534619749871	1.45264531531645	0.745150411873992	0.889517880395019	0.400292725953875	NA	0.703046385162204	1.70862101249092	0.463308184062456	NA	NA	0.566256104426698	1.31605171048483	0.791150654393051	1.44589004822118	0.615127419794268	1.18512132393792	1.15701458600772	1.18822863208581	1.37516839062788	0.285685178881055	0.558962122729764	0.365913876826376
0.685139419947684	NA	0.251373128423412	0.310734381788195	0.354366038680914	0.574234171669994	1.06934821093315	1.37879664256643	1.36706399048261	NA	NA	0.983032398578109	1.22192552619973	0.986712491664025	NA	1.70204866497164	0.988237499179882	NA	0.862480360992635	0.787812058473432	0.581462493993595	NA	NA	1.01919438083988	0.525975442280017	0.643929029516814	0.406105886711397	0.977931095322498	1.25238897636711	NA	0.942724936468044	NA	0.869539614117744	1.03741540920978	1.19550209439182	NA	1.10869744052788	1.04520412395771	0.374611574138767	1.73830735605054
1.24116055325119	0.941364324382667	0.906144793041398	0.968570151180857	0.643936083063818	0.605122203166404	0.844620695434695	1.06425186860506	NA	0.763729051022465	NA	1.88438152169885	NA	NA	0.999486268773848	0.950876966137026	NA	0.342776435812605	1.01402922468538	NA	NA	0.356892108916779	NA	NA	0.587705248712623	0.32917286235451	0.44134057545369	0.405365766245954	0.727255459451571	0.527092983189759	0.365552797282344	NA	NA	NA	NA	0.859988401315923	NA	NA	NA	NA
0.502540856594615	0.533137011498136	0.549216827554475	NA	0.636886796325252	0.591233940424123	0.53501547393838	0.441680679052174	1.00387673114592	0.466356806296384	0.630248765253738	NA	0.367571527418521	0.480383384048395	0.245790134683415	0.481794750808664	0.474817524389265	0.868024127549977	0.510782006642999	0.560453487888876	NA	0.623258938515646	NA	0.296160682123767	0.392549970935432	0.503124347835136	0.679344681837183	0.456461839234684	NA	1.08704782860108	0.559586361635634	NA	0.878681353839325	1.02140860814738	NA	1.34144588137061	NA	1.699480488443	0.912285655258747	1.06871760139406
NA	0.986571830718826	NA	0.638156575171367	1.28596371750513	1.25716580047732	1.56427051332292	1.22967615847693	NA	2.24115751952792	1.49326262617698	0.872977098096972	1.41379190611955	1.07481135837614	0.581222396053309	1.88666591644194	1.20151246829173	0.486826864661733	1.17545252273925	1.12747047539135	NA	0.993973084219766	NA	0.403772035289063	0.443264086003898	1.05738467279112	1.44848858757988	0.554810085117114	1.11694947771986	0.645309263895506	0.709515285414821	1.39816380566405	NA	0.267953788340938	0.401620417099858	0.282699667532154	0.18449954108843	NA	0.2367113323913	NA
NA	NA	NA	NA	NA	NA	NA	NA	NA	NA	NA	NA	NA	NA	NA	NA	NA	NA	NA	NA	NA	NA	NA	NA	NA	NA	NA	NA	NA	NA	NA	NA	NA	NA	NA	NA	NA	NA	NA	NA
2.92519372644026	2.81722354053097	2.12646869350362	2.4005206543414	2.13813616031434	1.95405668451967	1.95515394099249	1.77034607874929	1.90061860596957	1.95423620455746	1.65451911145179	1.59337363638593	1.77596429555816	1.35087266677351	1.80830264171356	1.5397308552756	1.4920525224771	NA	1.90334202679139	1.1756802016259	NA	1.12554221854921	NA	0.973827332975149	0.569455300338878	0.430319382089832	0.348491109466088	NA	NA	NA	0.939687907721942	0.737597903770985	0.815723807336838	0.997435034011731	1.16177063273109	0.751569671974006	0.613090118172439	0.742496599174209	NA	0.94925731595849
1.28728448557869	1.24860788065998	1.38848760361326	1.28186292981962	2.04726768577741	NA	2.52607250063818	2.01480730576737	1.6083167468382	0.878812453082542	0.446620061015251	0.744646822603582	0.720639578037103	0.678168908828033	0.466179620501518	0.706201627885394	0.80712649016243	0.695652890372589	0.854833284008015	0.872325335040943	0.99291846016552	0.319123791605045	NA	0.932899733188285	0.60909415071989	1.46089524551464	1.40644865305584	1.99104560158775	0.58693085389173	0.886623112428153	1.34212185687456	0.572975762834981	0.510248675247952	1.86804310441672	1.62581482844353	1.06834899886435	0.878979674429562	0.807277438907741	0.528611651320275	0.524252254655564
1.09186113032387	1.35622600201465	NA	1.11397645678058	0.909783419629761	0.993191639333056	0.536829399983832	0.565375896819663	NA	0.352395000051872	0.275890416579518	0.471699000683632	0.741580930421486	0.572791588203773	NA	0.98920974174917	1.29963144682094	1.42229112090213	0.489265114621169	NA	NA	0.599389404583998	NA	0.318507506675153	0.248512635438268	0.366287106758723	0.721966737327981	0.521762973962003	0.65005023675925	1.21499114877623	NA	NA	1.67450369317928	1.84421991153414	2.03701519231286	0.522973068923247	1.98203183314177	1.9161406033093	2.04496590360313	1.77723010424256
0.625032356711724	1.04432351096388	0.368892687051899	0.866938824566096	1.05303987741646	0.48052622579053	1.1407146179881	0.550459878237709	1.16379831734827	0.946217512903899	1.23497662552204	0.630065345816428	0.626031330523175	0.596694423453584	1.35402600639424	0.992313217600542	0.578721212501161	0.639306168279535	0.679826924514969	1.35179462050961	0.587829689874232	0.560330209898925	NA	1.06018018053471	0.613072104599973	0.286085972892413	0.721360346993698	1.01552777171726	0.940830509026131	0.789862920223623	1.10981371370778	1.06624606259417	0.568183002777686	NA	0.608011363067246	1.13008365663989	0.761958810255908	1.1139169052775	NA	0.960243241550317
1.23939346987823	0.374827785364696	0.514750696022063	0.0751699803882278	0.658903602730184	0.596994248858603	0.525215447487819	0.731486029622255	0.868114790218265	0.945248027177867	0.803690581671347	0.717245017471072	0.748567785468324	0.787805624468895	0.368074840266523	0.519248107434644	0.624584907621779	0.632213691043924	0.527922365284888	0.117136350254076	0.715231856733749	0.167919901185058	NA	0.37067886615345	0.401572305545211	0.477858793743574	0.263643572494414	0.58451008265294	0.659435281897677	1.01270465465504	1.40447267723718	1.45039943134514	1.17649340510228	1.44864286275956	1.63123599522155	NA	NA	NA	NA	NA
NA	NA	NA	NA	NA	NA	NA	NA	NA	NA	NA	NA	NA	NA	NA	NA	NA	NA	NA	NA	NA	NA	NA	NA	NA	NA	NA	NA	NA	NA	NA	NA	NA	NA	NA	NA	NA	NA	NA	NA
1.20284094039409	NA	NA	0.904959974374258	1.22421803767031	NA	NA	NA	0.764175997586594	1.30914648359529	0.892872420067442	1.33748507529448	0.853143854118774	NA	1.68209323052095	1.54762240902965	1.68857578652535	1.31350578059578	2.02261920613807	1.30932177052691	NA	1.26462951933559	NA	0.461942884167233	0.676108927357211	NA	1.07851447763848	1.07432201447359	0.862423893005575	1.40283869579594	1.66762858008487	1.41796873779425	1.49819956663935	1.62374075225585	1.40097859546529	1.43337968280222	NA	1.3186549424877	NA	0.775647374868953
1.69863911333587	1.13161239522942	1.1061991777686	0.677991033097425	0.83577538377247	1.82355384682651	1.79101255857898	0.959931721199427	0.525721838278994	1.45105975212399	1.73622258197798	1.49669497783991	0.557587728705707	0.125857482558623	1.66092228001136	0.948413819734135	1.26884124124823	1.64449405589534	2.01967546611646	1.23559110374398	0.877132576784487	0.703388709447264	NA	0.710532390960222	0.9908849900022	1.15757128973951	NA	NA	NA	NA	NA	NA	NA	NA	NA	0.973148271263514	NA	NA	NA	NA
1.06371038935624	1.29881092542363	0.539724873752894	1.32349241919759	1.61743017033566	0.66767784140254	1.12470996817258	0.737123277645287	0.538054800647807	0.643049077074573	0.638275200652633	0.335643980658719	0.987081635936866	0.962290424776788	0.381439740378301	0.313117684420169	0.771352132542091	0.410470411621646	0.447966942623092	0.101577915069942	0.370683694130024	0.209220099301464	NA	0.192788955128268	0.330265637280704	0.742527976001786	0.38973370679742	0.742188265051547	0.750640096219332	0.618927480198611	1.25215926383074	0.516664271499091	1.10994097269238	0.469927625186869	0.666882087428663	1.26865443992472	1.40393299496063	1.05840720111731	NA	0.599285692526485
1.12623728561706	1.47219027280654	1.25352378685471	2.06703177113906	1.06984758943129	1.83552988703604	1.10532600764379	1.0792573709933	0.997071270473157	0.856255374367108	NA	0.506607023983373	1.22164467294951	NA	0.950589672359074	0.657252428138525	NA	0.892356457136171	1.95578930930089	0.840921462727026	NA	0.612970498309675	NA	0.721358135593533	NA	0.399558130916965	0.864304122231039	0.498524673924182	0.768579135432431	0.869830640822555	1.05122463094876	2.17778595792206	NA	1.14878282246494	NA	0.728654990046604	NA	0.953312412785572	0.779253440812021	NA
1.2195531782112	0.807454104584251	0.905357964659848	0.833904952267934	1.12870682630697	1.0208887436529	0.916500040304546	0.640587318278161	1.71690632207142	0.567623898465229	1.11880383713441	1.18230941444918	0.475751240036981	1.48723457269164	0.305227973457099	1.78820387470364	1.24116946770467	0.670878519416322	0.442528018147618	1.08575413537429	0.597479761985407	0.416553083177284	NA	0.682250732770456	0.274798564980065	0.100442070830624	0.177122945776884	0.877436586329375	0.792567608925151	1.05372745972955	0.346299085225773	1.32042027392653	0.385018506693144	0.522898481423155	0.28505881299601	0.521514110488154	0.931010186263194	0.549443954514754	0.858511565611412	0.639069212940984
3.4491170014008	0.831634597521251	1.01307801734252	3.13867482181608	2.80156915410075	2.86521596218502	2.42123736982124	0.936006871507098	1.00402592856891	0.700026487005942	0.985810419283003	0.992904122091002	1.18158976094642	1.54762627781402	1.69270158891776	1.61884134506229	1.95189417115392	1.13104924074475	0.81647349454292	0.731600502334158	0.491366120289146	1.66993103537865	NA	2.16505090028763	2.45690296087097	2.2770378973014	3.2237783529448	0.894014917516403	0.516126001226735	1.65676287920316	2.85395424815935	0.400042195860576	1.21328893529732	2.79225379560327	2.86154828389475	0.41129219287398	1.808780319521	NA	3.32207785609664	1.18297321855633
0.35437960436872	0.768723602137158	NA	NA	0.466762219426194	0.33804406634099	0.687016294623127	0.471774439171559	NA	NA	NA	1.57353139969449	0.749098939608074	1.46682522653006	0.948648988756249	0.838083368658389	1.24221446011782	0.621715260100695	0.33597694452349	0.51503013115719	NA	0.342370581295642	NA	1.49018763121379	1.87304653402355	NA	NA	1.27999604021369	0.785723155673743	1.36931514915183	NA	NA	NA	0.321765331809708	NA	1.66115654110082	1.199417530507	0.817121752884452	NA	1.55035450620688
NA	NA	NA	NA	NA	NA	NA	NA	NA	NA	NA	NA	NA	NA	NA	NA	NA	NA	NA	NA	NA	NA	NA	NA	NA	NA	NA	NA	NA	NA	NA	NA	NA	NA	NA	NA	NA	NA	NA	NA
2.18817421303635	1.70147156961178	1.24284600093253	0.695084579555888	1.5442875055148	1.40928784382116	1.58486130599184	1.57199346678389	1.73998822813958	NA	NA	2.23107004123593	2.61259708549944	2.63593698161347	2.46287987007959	0.445422258768133	2.57690931383778	2.22878583153275	2.04237532648963	1.47729301328068	NA	1.96335774419544	NA	0.904589305849087	1.20810690848027	1.01285107117106	1.23806699624531	1.58272457551838	2.38077822489185	2.10450772283044	0.569661785500166	0.587096181406452	1.01403160619951	1.88747930887024	1.68709792458792	2.15712977014982	1.60328666704192	1.67434443976852	NA	NA
