1.76719000656076	2.12397735356982	2.19715113669146	1.99507553939727	1.90510535512199	NA	2.16924190748175	1.90047734802513	2.13605555643659	NA	NA	1.84888114539865	1.82841579901031	NA	NA	1.5207451611484	1.38545186568702	1.46609716351488	1.76240027635556	NA	NA	1.65794780121959	NA	1.80127698919662	NA	1.28632973623466	NA	NA	1.83914363359981	1.47755806401317	1.56975581253786	1.58092855131892	NA	1.87517228470523	NA	1.33445994831514	1.40603704661299	1.45044246431537	NA	NA
0.875546361176577	0.36178838776501	1.80250234813552	2.26737715757589	2.38439272155528	2.59706611261416	0.403257177755191	2.31299541195689	0.347928197284327	2.114290423549	0.202056868391155	0.31498283092026	1.48430552282773	1.04461799139971	1.74153743860607	0.966040373663142	NA	2.13035851977072	2.0781906076059	1.94080594167223	NA	1.59901302195364	1.55721974247714	1.51872126987719	0.314583864130551	0.58496278608632	0.134942662207484	NA	0.288515213748514	0.659746474600583	0.628533055812445	0.355712634325487	1.0591216112845	1.81816120367756	1.45526836713487	1.80544838515433	1.06465219317891	1.08718459918715	0.584566861368058	1.29770667474638
1.34889260630942	1.13529443544796	0.836888016088879	1.41003168490253	0.718489954196163	0.864261299779006	0.384991058837944	0.678250030973729	0.721725997433622	0.742647275540745	NA	0.827501567708321	1.36260278874747	1.62114788673099	0.671307378554	0.526306092241384	0.72910386025429	0.687540249710434	0.372191625276314	0.992559198283923	0.827487106528347	0.708213566208453	0.856729026564541	0.322115693065657	0.586551998546268	NA	NA	NA	0.274611985835069	0.288306261798737	0.323863042013919	0.339739990169919	0.171365543303012	0.30209518489416	0.272827384210746	0.38526978152017	0.473357432017883	0.288646413502884	0.861223763107321	0.635774148645821
1.04524619395637	NA	1.55159110689994	1.05501551859151	0.914299140359459	0.528024416537437	0.749079752801735	0.772442761354965	0.366075775443591	0.761829504838569	0.854702844178837	NA	1.19730934641004	0.518011911798206	0.396763144563098	0.520091568470115	0.579579736956047	1.2049632250847	NA	1.22502875093538	NA	0.95501019610315	1.30801246229397	0.783776505897122	0.894499473824168	1.03103105338854	1.01453683634212	NA	0.645330128858905	0.605841355987404	0.608292057008117	0.834273423833593	1.10234046396186	0.298100008811571	0.684579410626685	0.329494993641684	0.109936467861025	0.278807222231014	0.408014041640067	0.421945678217664
1.29184394197517	1.0700808440458	0.984541835604271	NA	0.709325555804613	0.784138035837925	0.527703760595036	0.843687991374513	0.907029554486961	0.548358834084936	NA	1.05500298956945	1.24488351331359	NA	1.04735120084099	0.668226493326969	0.811574458100735	0.598608709673145	0.494122603048151	0.642589653062928	0.576879773255073	0.641950785317842	0.493744022690461	0.325467592605651	0.588349422223535	0.700351923896633	NA	NA	0.273617797812864	0.421847422661354	0.18742357786291	0.374494121178598	0.24211192754636	0.24028515527291	0.286458117351713	0.259338898484614	0.52889501102324	NA	0.251863488166464	0.33019598682282
NA	NA	NA	NA	NA	NA	NA	NA	NA	NA	NA	NA	NA	NA	NA	NA	NA	NA	NA	NA	NA	NA	NA	NA	NA	NA	NA	NA	NA	NA	NA	NA	NA	NA	NA	NA	NA	NA	NA	NA
NA	NA	NA	NA	NA	NA	NA	NA	NA	NA	NA	NA	NA	NA	NA	NA	NA	NA	NA	NA	NA	NA	NA	NA	NA	NA	NA	NA	NA	NA	NA	NA	NA	NA	NA	NA	NA	NA	NA	NA
NA	NA	NA	NA	NA	NA	NA	NA	NA	NA	NA	NA	NA	NA	NA	NA	NA	NA	NA	NA	NA	NA	NA	NA	NA	NA	NA	NA	NA	NA	NA	NA	NA	NA	NA	NA	NA	NA	NA	NA
NA	NA	NA	NA	NA	NA	NA	NA	NA	NA	NA	NA	NA	NA	NA	NA	NA	NA	NA	NA	NA	NA	NA	NA	NA	NA	NA	NA	NA	NA	NA	NA	NA	NA	NA	NA	NA	NA	NA	NA
2.24583516802896	NA	NA	2.51596811441954	2.15630285453286	2.75989555211658	NA	NA	NA	0.888811675670646	2.46696495763797	NA	NA	NA	NA	2.44859601685063	NA	NA	NA	1.88506407074099	NA	1.76750766050542	1.06843225418471	NA	1.74920766094721	1.90753297861022	NA	NA	0.290514545951052	NA	0.925672317514385	NA	0.401078216659396	NA	NA	NA	NA	NA	NA	NA
0.710085091218563	0.903168777657163	0.84830888255056	0.993484193673621	0.873531422335202	0.985660342013591	1.08241739269777	1.29361452646415	1.28561358403761	0.942575185060044	1.00543958488044	1.30570791991545	1.13592676493196	1.32093920865011	1.14253272519123	1.05886768737227	1.00980902244178	0.949626466013251	0.96884873104553	0.697008950064949	1.1682065814714	0.752204691142741	0.535054258710283	1.37602281081708	0.97055992941001	0.867271087573942	0.677765180529404	NA	0.60935884956875	0.584025397242444	0.368976387855749	0.501674504871204	0.500286881141398	0.281399326666087	0.163740298266903	NA	0.585578911109435	0.420248840864364	0.160004677256203	0.291878593766991
0.617666317803698	0.86829540248491	0.986859809250845	0.808772214821431	0.900139384949945	0.977032628027744	0.751748766569736	1.02003132964947	0.999426923344501	0.869144493369055	0.746922513856773	0.915993152815762	1.06992115105247	1.07697931732329	0.964546671281811	0.933688798180508	0.794730712573976	0.935306946382643	1.29303960420648	1.10164752503021	NA	0.981526264049668	1.03595851533331	NA	0.701587077590288	0.524294920645243	0.222402451344138	NA	0.334755021942089	0.604320080703382	0.865555305523832	0.706014823811504	NA	1.23950455825408	0.516770421624086	0.94661498297128	0.778737161173726	0.2950932458682	0.54707386579269	2.38306823639724
NA	NA	NA	NA	NA	NA	NA	NA	NA	NA	NA	NA	NA	NA	NA	NA	NA	NA	NA	NA	NA	NA	NA	NA	NA	NA	NA	NA	NA	NA	NA	NA	NA	NA	NA	NA	NA	NA	NA	NA
1.21129142422965	1.34214336105961	NA	NA	1.04090923760952	1.13813756668233	NA	NA	1.55364160984556	1.32384203091493	1.33890487635403	NA	NA	1.81427275274137	1.50773863928819	1.10224937003885	NA	NA	1.04067310571089	1.22668404294526	NA	1.26820421772116	1.72732955877501	NA	0.948351194347172	0.945277643721572	NA	NA	0.434882545473328	NA	NA	0.296915905549367	0.63046287427814	0.484438317128436	NA	NA	0.433082007606076	0.238075743710067	0.950402638887755	NA
0.8345410210455	NA	0.934068615311513	0.761284492753562	1.16437358940606	0.726774575638448	0.910097087369115	0.814766094242459	0.746098412416143	0.931175838993122	NA	1.31756551037518	0.934915289276645	NA	0.947817307872515	1.00595959016113	0.768058941232471	1.03067477149628	0.894028069873541	0.665989499342531	1.35533101730682	1.13980694674143	0.633711113695769	1.16071584257693	0.587932761072057	1.34324311972168	1.11322502420228	NA	0.789747043449254	0.981224950525998	0.934408627921076	0.772561623994581	0.553375609281917	0.336172556876047	1.07749086546258	1.19433625759634	1.67640371659859	2.08668541454846	1.19073030849993	NA
NA	NA	NA	NA	NA	NA	NA	NA	NA	NA	NA	NA	NA	NA	NA	NA	NA	NA	NA	NA	NA	NA	NA	NA	NA	NA	NA	NA	NA	NA	NA	NA	NA	NA	NA	NA	NA	NA	NA	NA
0.329267307002432	NA	0.741167688646829	0.804741170594769	0.941768617114056	1.02408258384652	1.16874341835607	NA	NA	1.11560204256664	0.494929241326003	NA	NA	NA	0.598630043613315	0.693585402629944	0.198015097119212	0.324768369459993	0.226076514171297	NA	NA	1.20007468408886	0.370319256213358	0.378974046847192	NA	0.6001159991753	2.21589067932067	NA	0.926058115518575	0.875705009664294	NA	2.20215959221777	0.821283599716554	0.423767146517987	0.931233313007692	0.23855558545819	0.369138957015757	0.528813198722586	NA	NA
NA	NA	1.29197323269038	NA	NA	1.35392589779917	1.91155380766233	1.38763590168367	NA	NA	1.51605872100798	NA	1.3568209598908	1.18567345223744	1.09082555329001	1.2206190043522	1.24354769166089	0.915791536401038	0.915945406011556	0.766261762850964	2.05680456930558	0.528571271498685	0.747107056986756	NA	0.605003219992203	1.17471188712302	NA	NA	0.46259939682782	0.347762913726071	NA	0.256927029637887	NA	0.16444767901203	0.390238967370496	1.44102454956875	NA	0.488127462108474	NA	1.29636069766681
1.21412072654865	NA	NA	NA	NA	NA	NA	NA	NA	NA	NA	0.643547678589123	0.825234834094145	NA	NA	NA	NA	NA	0.497984006405142	NA	NA	NA	1.45281459906662	0.981666615819486	0.83546345526797	NA	NA	NA	0.613406786215404	0.65965776793637	0.695640331916563	1.10285530931599	0.70899776602056	0.695451498677973	0.297100077187119	NA	0.669015779614739	0.393315146838412	NA	NA
0.851378457584678	0.653907563223786	1.19399245833748	1.56586391198227	1.4661262959947	1.46267199652096	NA	1.2262237849998	0.56059862640431	0.407563702569889	0.886784954296663	NA	0.493904517001265	0.567489282871556	0.855243075019164	1.07416037912328	1.31289541550421	NA	0.664113516252977	NA	NA	1.58051484331493	NA	NA	1.12030611044974	1.10711355420286	NA	NA	0.425941078357043	0.689988659225029	0.505616252511538	0.607818216497807	0.848200688012859	0.565728202724271	0.751386760057146	0.273751000067397	0.740862369948592	0.695076334099446	0.406783131714451	NA
NA	NA	0.694344498548355	0.446155622239259	1.49573832300604	2.25775598034799	2.37171916268553	0.753809312645316	0.599213782113689	0.554884246843676	0.566464152892467	NA	NA	0.273679518273634	0.587702272397597	0.296447629126542	NA	0.515947889781369	0.32566613860158	0.379370661596374	NA	NA	0.415902188467407	0.567934459166564	0.348302413278807	NA	0.336267252004428	NA	NA	0.850583009224858	0.263199581626207	0.733640890538864	0.160400819837266	1.75157053918408	0.794081810219094	2.28521747617208	0.784425268959706	1.6525322503423	NA	NA
0.584246388830135	1.34929240837961	0.550232288296498	0.849367556428567	0.670153412000558	0.649631721253286	NA	0.430895590956128	0.816572736201192	0.743988029645607	1.59307424688131	NA	0.63403229206519	1.22374719646217	NA	NA	1.00821207054784	0.831142993917494	0.87228763171361	1.21842195682686	NA	NA	1.08146458086291	NA	0.743392318149736	NA	0.993163895991046	NA	0.748018241182723	0.927985816910247	0.984722527634292	NA	NA	0.241157734382129	NA	NA	0.664611620059754	0.518667084831225	0.361667074576042	0.413510917578594
0.8165612217754	0.746221802997021	0.979287108592168	0.962250222796074	0.833963273048473	0.604808955024439	1.00182608227202	0.656864594019732	NA	NA	1.0634022078411	1.34195423241788	1.46100629717027	0.817419296313568	0.719950778167711	0.578239967771353	0.781500644830126	1.04383728926118	0.930814642501379	0.905293959897357	1.00669756963298	NA	1.44124164849183	NA	NA	0.651550855954361	0.828668739430916	NA	1.21046006158185	0.298310591717181	NA	NA	0.828744102954358	0.429121880929966	0.426598391222758	0.317030711048083	0.3728970954789	0.985544165724651	0.552810952177858	0.341482607031013
1.97313373657173	2.19719953122758	2.46074667349007	2.09856107800405	2.25655160488428	2.6032145596484	2.3907951687792	2.37096421588972	2.23734429765449	2.25553318823127	1.85334831541733	1.91918319438197	1.7293549855367	1.89340400343097	2.16174727452316	2.25270992073227	2.34901193419503	2.13926295054338	1.96302406759088	2.07357763968566	NA	2.24456285392899	2.09431903780054	1.98975405834484	2.13563809102734	1.89422023657341	1.8995363454902	NA	1.98361638164746	1.18609121833678	1.37397355571854	1.46757289110213	1.55495439495299	0.998189256336189	1.29434589789182	1.07081989723199	1.21045906003853	NA	0.584646660082979	0.672590546401249
NA	NA	NA	NA	NA	NA	NA	NA	NA	NA	NA	NA	NA	NA	NA	NA	NA	NA	NA	NA	NA	NA	NA	NA	NA	NA	NA	NA	NA	NA	NA	NA	NA	NA	NA	NA	NA	NA	NA	NA
NA	NA	NA	NA	NA	NA	NA	NA	NA	NA	NA	NA	NA	NA	NA	NA	NA	NA	NA	NA	NA	NA	NA	NA	NA	NA	NA	NA	NA	NA	NA	NA	NA	NA	NA	NA	NA	NA	NA	NA
1.0558507458987	1.4092829473327	0.668073344981439	0.645988695254341	0.554173926508424	0.602633282938504	0.616432973826765	2.58434595617497	2.57737221091083	0.888906462349669	0.851766908610537	0.726946739594655	NA	0.938568048122037	0.802757900963154	0.216589700934077	0.189201556673812	0.244743039000156	0.289216352358796	0.977341507283993	NA	0.699414546173655	NA	0.132200299001893	0.202808783885884	0.301765929659679	NA	NA	0.568069197916285	NA	1.09167226186164	NA	NA	NA	NA	0.652763260660999	0.625300606761526	0.407165785200888	NA	1.44657626115128
NA	NA	NA	1.24774313145593	1.66398016968181	1.15325649897067	1.15704461731229	NA	NA	0.786380313764111	NA	NA	NA	NA	NA	1.23685506224579	NA	1.5614284491051	NA	1.65284559897154	1.07773802903343	2.41164310169404	NA	0.348258722715883	0.308262803882205	0.563529001233389	0.80403979908719	NA	NA	0.983744842475975	1.49327325541542	0.744921428940125	1.50551950595967	1.33747305079396	1.11889774873676	NA	1.49019693048982	1.29574314997323	1.59529242431735	0.943339625521733
0.803742318417919	0.846002612497189	0.6196220212904	0.633592908110816	NA	0.47223587245663	0.779268742622491	0.836499167315316	0.664739891760956	0.533038008502942	0.383510584441629	NA	0.451716514124275	0.196455678349278	0.582359988929841	0.561436488139982	NA	NA	0.787746004853755	1.39486217850032	NA	1.42409427022737	0.612015292948637	NA	NA	NA	NA	NA	NA	0.525502503941326	NA	NA	0.668332829812386	0.348197991651614	0.470367286094279	1.44385605021428	0.447339445996356	0.430259011025402	NA	0.544046890299141
0.893555396110182	0.665458469124321	NA	1.19188919467807	NA	0.951753132504506	NA	NA	NA	NA	NA	NA	NA	NA	NA	0.511100631329657	0.689997551396342	0.486559321843438	0.396980640711461	NA	NA	NA	0.331284679466661	NA	NA	0.887146967707667	NA	NA	1.12599979454106	1.11336348904012	NA	0.754988827546889	0.462267358254303	0.373693428233035	0.556516342316564	0.970634913468812	NA	0.649818145716589	NA	0.760182487948419
NA	NA	NA	NA	NA	NA	NA	NA	NA	NA	NA	NA	NA	NA	NA	NA	NA	NA	NA	NA	NA	NA	NA	NA	NA	NA	NA	NA	NA	NA	NA	NA	NA	NA	NA	NA	NA	NA	NA	NA
NA	NA	NA	NA	NA	NA	NA	NA	NA	NA	NA	NA	0.873424105042522	NA	NA	NA	NA	NA	1.57606014824805	1.70031741331035	NA	NA	NA	1.4878435875758	1.44231369235803	1.34442431575022	NA	NA	1.08856958223545	NA	1.17489074788478	NA	0.918967604358651	1.0219912889238	0.637086554035055	1.1715938669025	1.23801464157121	0.982572827421393	NA	NA
0.861538340634233	0.703710726960716	1.71468735271603	0.709763826163007	1.00125530064343	0.992888080351385	0.762872019930506	1.06049303072772	0.959828213465954	1.07944847718266	0.752683114984827	0.953051135205449	NA	0.433587279475943	1.8074822167347	0.358694801387726	0.601324774831554	0.846621170075761	0.535841380798819	NA	NA	0.623423450350214	0.925712005119373	0.523142244074747	0.283065816296864	0.262293471900218	0.3120890791882	NA	0.567837591815215	0.76878243433453	NA	0.573554237635767	0.719048217415498	NA	0.18022895968091	NA	0.574497016253994	NA	NA	0.727474020630277
NA	0.842317530904481	NA	NA	1.6730274640753	NA	0.860199565466497	NA	NA	0.926298456214399	1.0413338390209	NA	0.419607899077109	2.22501119619521	NA	1.51244225517784	0.519739477526813	NA	NA	NA	NA	NA	NA	0.848473623114032	1.15893294708231	NA	1.17030266376156	NA	0.715138210158691	0.421037902971603	0.554110084609995	NA	NA	0.744486378886434	0.501503560225679	0.439651863268349	0.542046692411602	1.03021462300803	1.09521646977932	1.03199421302656
0.689094450447077	0.381227822164698	0.635199876318371	NA	0.78074090703025	0.728454608704115	NA	NA	NA	NA	NA	NA	0.706871391889845	0.850628704014655	0.603078300702952	0.328427487621163	0.581267532588957	NA	0.914441203828204	NA	NA	0.27385357275746	0.610986348316656	0.65868123988595	0.525296933872822	0.594728298907528	NA	NA	NA	NA	1.24991859521822	1.27108033957652	0.669804791172802	NA	NA	0.721120464707436	0.582205223817443	NA	0.882169298150102	0.744689659567507
1.16947505519782	0.721499559808437	0.879344802568107	0.981927694794951	NA	1.09009037115188	NA	0.291986181774792	NA	NA	1.45582467759771	NA	NA	0.602105510654527	1.37307184647359	1.32804553917496	NA	1.08010471302307	NA	1.17516552666928	NA	NA	NA	NA	NA	NA	NA	NA	NA	NA	0.338148127777043	1.19497781737706	0.433527574939435	0.835064044837834	NA	NA	NA	NA	NA	NA
1.2934001637207	NA	0.883131882743877	NA	NA	1.84728608715748	NA	1.35913985174754	1.12339994909769	NA	NA	NA	0.796351469976428	1.07366645794198	0.793705377655585	NA	0.580992502160608	0.351211735598205	0.390347579226155	0.524916552817603	NA	NA	NA	0.657119020843428	0.346141940590067	0.699220952677701	NA	NA	NA	0.7372133364008	0.498528678470326	0.643647608939305	0.629573117294684	NA	0.42059258639877	0.798771652346721	1.04102159944338	1.91724251516902	NA	NA
1.10065241663657	0.861038640448771	0.566479103498675	0.508135190066419	0.414748654986464	0.162041271319469	0.0804701289079365	0.158478605801227	1.7028806159722	0.674967065986912	0.932841331834924	1.20010150647795	0.874815688760906	1.04331824351756	0.996538779678578	0.818638577775814	0.802725229747999	0.821168924055064	0.762862603802661	1.09057421662638	0.768090217800997	1.05307751189957	1.34599996008694	1.90092276794798	0.546015250214663	0.710652577381707	NA	NA	0.142056541427375	0.744165417402144	0.79636608027105	0.8411948775297	NA	0.575718893553093	0.557548417090286	1.39814968786918	0.578767177377094	1.14705065720562	NA	2.30966433847516
0.282933250792355	0.750241104826367	0.482164130057429	0.317098808460227	0.50218331750038	0.624695634087309	1.08584496867404	1.13282706983598	NA	0.706693465402721	0.906515633865192	0.910441394660672	0.675939320360705	0.528173915681985	1.03712697859612	1.06082605558436	0.776309735242537	0.756537166614239	1.05913735511258	1.1231495689949	NA	0.903825801113167	0.858826798933677	0.609410780135889	0.99693495055919	0.626548366014816	1.44880400997462	NA	0.473166877527582	0.664696226645134	0.969872658513744	0.895566040681682	0.992769173059795	0.564991702449237	0.424051805113685	NA	0.66425589785062	0.445882746423108	0.831122842084969	0.795383699468678
1.05564878872562	0.808232143850737	0.823867154114798	0.787659954456522	0.901511176034006	1.01217527823863	1.22077226814381	1.69451919912406	1.02488881639206	1.53616557930808	1.27777437475821	0.997617261763471	1.35903108682141	0.728192259373221	1.02478316274062	1.02951505433972	1.1499276375764	1.05616522218159	1.14983103162722	1.16799791602064	1.05085368320332	1.11528657416593	0.906246110794619	0.565206686492688	0.988113690293245	1.3624648479175	1.10185521601774	NA	0.927158509917592	1.09168986843483	0.834688543013619	0.817122094311465	NA	2.004585050958	0.509840226774668	NA	0.720103539885666	0.496802916797978	0.60766962523307	0.386525007341077
1.32392195349369	NA	NA	NA	NA	0.694922620053468	NA	0.4270269947201	NA	2.37339970671425	NA	NA	1.6487024030234	NA	NA	NA	0.7536690801266	NA	0.618433009036169	1.38716550035706	NA	0.90459344758002	NA	NA	NA	NA	NA	NA	0.897503260380515	1.33705532872724	NA	1.0383070590182	NA	NA	1.08648848995318	1.97150750298699	NA	1.50482056653714	1.60380093973097	1.94526200251382
0.932117396046273	NA	NA	0.706419666354283	NA	0.58312230641883	0.771161444634046	NA	NA	NA	NA	NA	NA	NA	0.461492842851073	0.837667527506373	NA	NA	0.125936808384572	NA	1.49827606446348	0.433357714864467	0.350220863384563	0.501510130681124	0.691810011431004	NA	0.184233563802741	NA	0.287910731178308	0.390464293575219	NA	NA	0.488391091441637	0.818157825376199	0.732309855414598	0.582645037159376	0.203535876622655	0.291975396571077	0.671042945966067	1.87381611710254
1.37841866892302	1.02567275100503	0.881589877753963	1.15964970505855	0.822901663411351	0.651950086570644	0.607058885668328	0.967394209656055	0.757125076224337	0.871565486190738	0.937423377066454	0.673214140377675	0.937911365785241	2.04316411650551	0.460238176524585	0.898676642315416	0.374290787940657	0.518317289751706	0.487104972454356	0.688871263939375	0.748674566844731	0.669202786757206	NA	0.62750508824833	0.546618797331765	0.449099342258407	0.403477508975021	NA	0.40279576099533	0.442435246775044	0.863290040959051	0.563695259831305	0.475163203068332	0.745246013266782	0.815739597073801	NA	NA	NA	NA	NA
1.06599003360135	NA	0.379802189971179	0.570533804664298	0.636717694775727	1.04910862591102	1.19284585158816	1.85601455904533	0.687180740181813	0.526538352348022	0.802770574926192	1.24818103020941	0.536050041757738	0.855864084961111	0.904140069442435	0.775611033227134	0.408406493940214	0.720153300628028	0.705250373659423	NA	NA	1.08648324228161	1.45177462643535	1.25724631026619	NA	0.634462503154069	1.04109000307006	NA	0.419635471440771	0.482815641558563	NA	0.698990291745864	0.445885639776349	0.569904511838236	0.367958449834437	0.450420701596463	0.882748024994721	0.604994714612218	0.625233029107106	0.757577675590541
NA	NA	NA	2.90147377836004	NA	NA	NA	1.11377525047682	NA	NA	NA	NA	NA	NA	NA	1.33187264085402	NA	NA	NA	NA	NA	NA	NA	2.60337004688951	NA	2.94835956725591	NA	NA	2.33669168694783	NA	NA	2.1269619879975	2.47272901316467	NA	NA	NA	2.75108980620763	2.56502192681174	NA	NA
0.692113746312011	NA	1.16533755308838	1.04042941354192	0.856921101009939	1.01352618550393	NA	0.890709082050794	NA	0.604200323640889	0.654974131411944	NA	0.545761227987876	NA	NA	1.28628704968875	1.24450216731229	1.09434698793558	0.981914266606673	1.01782613593947	NA	0.196176205685291	NA	0.584735192976694	0.900724203733562	2.25047480715283	NA	NA	0.153168006852984	NA	0.349797950076313	0.331423454523307	0.398382193093934	0.917055608974442	0.582964985379482	1.17275518931778	0.687220995575363	NA	NA	0.8116540642526
NA	NA	NA	NA	NA	NA	NA	NA	NA	NA	NA	NA	NA	NA	NA	NA	NA	NA	NA	NA	NA	NA	NA	NA	NA	NA	NA	NA	NA	NA	NA	NA	NA	NA	NA	NA	NA	NA	NA	NA
0.866574747342044	NA	NA	0.856053560816425	NA	NA	0.791079885458994	NA	0.938623754963026	0.681065742806462	0.615860776951095	0.494794239948169	0.525962131681981	0.931266035038421	0.891257180718588	0.599843823763612	NA	0.428152323848009	NA	NA	NA	NA	NA	0.813847036220273	NA	NA	NA	NA	0.957500448246786	NA	1.14039006193855	1.01248663680873	1.34629670528775	NA	NA	NA	1.229449454264	1.61447815798073	NA	NA
0.733976199103599	1.12237139901533	NA	0.923663185627039	0.687871140225189	NA	2.3151387701883	0.938578871406191	NA	0.24759421845386	NA	0.748408007590637	NA	NA	0.863562332248255	1.24748309389174	1.42744028132762	NA	0.629147942541233	0.991246498452491	1.18500299220273	0.57503425518522	0.790543102971582	NA	0.694101905611777	NA	0.869008899366882	NA	0.279261966034548	1.15614452440148	NA	0.757705215378371	1.86035249195728	0.425139829035284	0.626566495978742	NA	0.71364696380257	2.24218632590373	1.86340808185957	0.617093665070593
NA	NA	NA	NA	NA	NA	NA	NA	NA	NA	NA	NA	NA	NA	NA	NA	NA	NA	NA	NA	NA	NA	NA	NA	NA	NA	NA	NA	NA	NA	NA	NA	NA	NA	NA	NA	NA	NA	NA	NA
1.39427426466334	NA	NA	1.67381922757577	NA	NA	NA	NA	NA	1.46266155922012	1.32230663936091	NA	NA	NA	NA	NA	NA	NA	NA	NA	NA	NA	0.94035589719115	NA	1.12636402910736	NA	NA	NA	0.265764820289721	0.286388588825514	NA	NA	0.679547199317585	NA	NA	NA	NA	NA	NA	NA
1.81588368778623	2.15693761290115	2.34760668132052	2.52117164947406	2.68783491813412	2.36628998483762	2.12320739862715	2.25307370949586	NA	2.32988423906162	2.50351812975124	0.668522624252688	1.46409808231776	1.34521526681875	2.00127451017294	1.91207966815231	2.44872918501637	2.07399338811573	1.27818992405804	2.47617671486145	0.386477485297115	2.48081030582997	2.29541098761369	2.30492475638528	2.28106897383413	2.04870717548739	1.79279380480804	NA	0.612625184893551	1.54226845399619	0.689577266186369	0.770312555783552	1.67380642674216	1.63364609085728	1.07774287481517	0.569582595333899	1.28368726493357	1.67699681028564	2.21381836172534	1.19214639316307
1.34246799181371	0.735948370734529	0.652007663540918	0.450294059480134	0.452089586596266	1.35682964934329	0.704495318641931	0.941752080266458	0.685422965431314	1.15725476412474	0.436509827309502	0.826901710031967	0.442137141145416	0.97909086588367	0.458228877014948	0.322221393357785	0.335850914004606	0.367376027998194	0.895595627056861	0.599819931384804	NA	0.91712331326007	0.884313813244528	1.05712332687755	1.30762110524786	NA	0.226209550158808	NA	0.311198600217219	0.97313613110328	0.516880550508717	0.696981551574663	0.187152807079738	0.478979908710165	0.429561016832588	0.370137678034847	0.624777461391372	0.891092858513703	0.154943551276363	0.557022798388105
0.83641020915311	0.653715556803024	0.506683104982944	0.281926955672299	0.382929932052082	0.654829302907777	0.459064402876476	0.258906845364208	0.657708986487274	0.774397870814862	0.499322761293437	0.451369037611895	0.255361168540346	0.555721637227835	0.72927008247406	0.989053363455845	1.23115263158227	1.39109027356467	0.621364077203402	1.12632105562119	0.811844327457811	1.07407075322372	0.603359152079696	0.451543627363613	0.687194491498046	0.916589323239568	0.787921782141163	NA	0.731000815902135	0.365477610657421	0.681924442717856	0.593122462686887	1.00577795976999	0.198362610833712	0.577840381693101	0.925622233555242	0.928101119622441	1.04897418633263	1.08033965693401	1.08549837020694
NA	NA	NA	1.50605853029852	NA	1.31593408267488	NA	NA	1.31143785626568	NA	NA	1.38685651633768	1.25918781352422	NA	NA	1.34947854416167	1.24299166223818	NA	NA	1.19157646215213	1.47222822911003	0.81644491811869	NA	0.891856951048951	0.786577476347768	NA	NA	NA	0.317562262750431	NA	NA	NA	2.87314463988795	0.496583569310638	NA	0.732536636706931	0.45871946542328	NA	NA	NA
1.32997929968077	1.47709203067816	1.38244855044777	1.41636947987779	1.31113181862454	1.49132860545428	NA	0.532868773855438	NA	0.473725413766163	0.662717670934658	0.279682079190029	0.4502700810734	0.371067374511407	0.406235097181228	0.827619782928052	0.630909232261076	0.910405389368732	1.1942746981824	1.03919991584138	0.849288982036678	0.773132791760815	0.69560269471499	0.88066087912317	0.786146183721176	0.628042127586438	0.502769820547725	NA	0.793525624774862	1.34200157160755	1.2015163243995	1.31649517307398	1.34699644596201	1.16735495919444	1.24690072467491	1.17127150284285	1.0789682828809	1.36623192826159	1.02635170147506	1.60714735036517
0.498351905170496	1.16009223949507	NA	0.663906310086953	1.13645755724711	1.07716496519351	0.989298019874255	0.496983569228531	0.763014326530537	1.24745205517887	0.722391339740261	1.06755046722202	NA	NA	NA	0.575909473832762	0.612164644807751	0.381480556091914	0.781582062424694	0.196713288564327	NA	0.380243549404804	1.10802095220375	0.81404808844374	0.863899422203188	0.820385185018715	0.363154435878265	NA	NA	0.886843389686661	0.844967473968552	0.334766822340442	0.758058201620456	0.638767355059667	NA	NA	0.462176973425183	0.826700121097115	NA	NA
NA	NA	NA	NA	NA	NA	NA	NA	NA	NA	NA	NA	NA	NA	NA	NA	NA	NA	NA	NA	NA	NA	NA	NA	NA	NA	NA	NA	NA	NA	NA	NA	NA	NA	NA	NA	NA	NA	NA	NA
1.27774305461284	0.280919896115431	0.568031170966098	0.511504341166596	0.444464366787154	0.469440730533157	0.886230337510285	1.26527421855028	0.26847689848716	1.03624555226652	1.15694212456763	0.710769866913961	NA	0.87014435288302	1.93121533062316	0.394612310736783	1.49582130737813	0.715903102305233	1.0919759440647	1.41456680446616	NA	NA	0.935891361319699	1.13219411872878	0.64819465116628	0.77298373219236	0.354774552789905	NA	NA	0.628010637746763	0.53602664051976	0.577075265204075	0.469058401839835	0.375887119642197	0.501032476712018	NA	0.671718822476498	0.416068153163614	0.65766660867221	0.696964713022826
0.640999894394785	NA	0.923235533894934	0.9603593540329	1.42507553836691	NA	0.764246230364889	0.466675162128963	0.181602673008505	0.602593447436071	0.790986144160689	0.539744531920234	0.365614651541838	0.575046948302349	0.637961800214431	0.72143180423416	0.811688720108615	0.942412377045775	0.879503615841064	0.940404069855096	1.00300174644313	0.442753422437112	0.491206576061029	0.797433227976	0.764839274459678	0.694921618860087	0.334556359976945	NA	0.296329314335041	0.317129438678328	0.123333038122092	1.57749944540115	0.38100357419488	0.111278923476004	0.842674227024891	0.257930917216143	0.264629814678511	1.16227970933283	0.432578867564475	0.653676504573624
1.02882077424199	1.30449289300977	1.06369346955254	0.767089939069736	0.634275599029833	0.496809013135484	0.473307116473292	0.593619606431573	0.908191291399473	1.34354886237	1.26396015538198	1.05912360327912	1.20779547654661	1.63374003058292	NA	1.2332521009072	1.0849799783932	0.609773288184814	0.618312298764674	0.947852874280113	NA	1.13726147642388	1.03395723340557	0.711262665855609	0.443764247680566	0.314906966410248	0.602424857328161	NA	0.311127757803601	0.47672804628534	0.882945203744624	NA	0.494472629927053	0.436065901374507	0.413608272824599	0.283802134216385	0.590367768307248	0.396865100706446	0.393159445806474	0.551398665641778
1.64596748960605	1.50150382312947	1.2482391944221	1.04061636749762	1.1508147816248	NA	0.920451991642247	1.08059055854481	1.79889769100157	0.446171689616402	0.660765447041622	0.833063360559699	1.38583468451297	NA	1.27816540156497	0.779982316477382	0.454886689824493	0.769115400500578	0.693602395927721	0.731912958687224	NA	1.51436236840735	1.34095675395554	0.875202940314128	0.740889314954856	0.734033425273536	1.53453246613827	NA	0.526346190614101	0.60091138271528	0.751777733292855	0.280872605703139	0.248846488894556	0.720400094813662	0.646199255334962	NA	0.519986311805012	NA	0.161648423166	NA
1.41522695356052	NA	NA	1.08103361616884	NA	0.780855841944119	0.482304748821583	NA	NA	0.819160085360496	0.9960867085105	1.30368421550395	1.29546458875627	NA	0.942867363286616	1.08893853682962	0.829342139958523	NA	0.937883565057114	NA	NA	NA	0.65267481389144	NA	NA	NA	NA	NA	0.849132012942686	0.729743049994842	1.23671847006794	1.44967106380573	1.24882257109715	0.438136763370254	1.17108232848265	0.489785053103354	1.62488962876139	1.24613688079242	NA	1.13077341717971
0.857349463455703	0.515817725017584	0.419434468568788	NA	0.34960834619759	0.450997714195938	0.831112615380994	0.510160814868779	0.220684773013405	0.445480040445511	0.378679157947017	NA	0.777304270542479	0.571819022695298	0.674066231925712	0.512086848403454	1.0431625998135	0.293564886918289	0.246794396174726	1.34742051128433	1.09519717605055	0.590807753979795	0.496451020599634	0.528213187789142	NA	0.26529458730584	0.231347837810871	NA	0.594289066355864	0.613075512750301	0.806505584793116	0.402513996584708	0.422125821794031	0.814857898550263	0.764144854834182	0.463704131910272	0.503857392701399	0.626765487547726	NA	0.301224624801571
NA	NA	NA	NA	NA	NA	NA	NA	NA	NA	1.08950148690168	NA	NA	0.855919761240892	NA	NA	NA	NA	NA	NA	NA	0.826474944643501	NA	NA	NA	NA	NA	NA	0.741520431532061	NA	NA	NA	0.266371976075297	0.302319211044509	0.319023170984151	NA	0.799455808781479	NA	NA	NA
NA	NA	NA	NA	NA	NA	NA	1.58811386788517	1.64846138680283	1.41700454732402	1.09428515966533	1.17705021635905	1.22865786216241	1.62625628621496	1.40855382713864	1.46647128878737	1.81691622662019	1.38379570640351	0.862435158050536	0.591848637240757	NA	0.390784923132885	0.521047724583849	0.445735882549999	0.397760829990972	1.34899241350653	0.387840193758296	NA	0.292255668062482	0.457769227774817	0.588199954869173	0.229821148630557	0.267192428855202	0.219801692564229	0.614767657863138	0.559183835064001	0.537400620331568	0.631224279509034	0.623397210389201	0.232997013354695
1.58183635708437	1.5853250099119	1.95258863146494	2.00284998992042	1.69509759761446	NA	1.86828044503757	1.82257133916425	1.82591357783164	1.89899840237456	NA	1.68653635980259	1.77862810721482	2.07036308384182	1.94920863328001	2.01504898452238	1.66434726535592	1.78094121883733	1.50017439050361	1.57669737479064	1.62570589405432	1.50358441658613	NA	0.962790106829522	0.751537885629648	0.759957732599902	0.581674800773751	NA	2.09589798398031	0.547220850230077	0.573025134237164	NA	0.821298000510587	0.440280549161871	NA	1.29193947304093	1.38719372650047	1.27978584324116	3.23476450534627	1.19911595566708
0.612197887142368	NA	0.850401158731724	0.849818177463887	0.926172921508078	1.18209053230436	0.748444590314886	1.17280556240175	1.46306883903188	0.584277382863798	0.79954737931768	0.555120758517304	0.566019155745119	0.592013497536078	0.57195472771728	0.686164459719463	0.721213880981724	1.0625799641869	0.996353567149448	0.745471625158078	0.924838848993899	0.298732859762433	0.568162554306172	0.308794212136485	0.355121713951903	0.334533873524637	0.597524448792147	NA	0.364256974028252	0.588262625138193	NA	0.600292200193948	0.863195604256392	0.970370971265035	0.535104415704961	0.690153031790225	0.354619897133442	0.386547277285102	0.695885323123423	0.821156637238667
0.799741563720216	0.932654139942263	0.88200423905576	NA	0.686742748201383	0.703089191102986	NA	NA	0.54502411973674	0.603404462956084	0.374882262325281	0.344444126214803	0.560223518307398	NA	NA	NA	NA	0.525185323281434	0.719417119313781	NA	0.697462113706014	0.67317514803694	NA	0.724634641250032	0.365480210076807	0.365666488337155	0.365583133606932	NA	0.290439119342331	NA	NA	NA	NA	0.614561593511315	NA	NA	NA	NA	NA	1.77161139986975
1.282627454615	1.36346512721981	0.948156547637862	0.95265793987181	0.566944230077535	0.955275228488564	0.810975847613507	0.888412947843904	0.853102984797125	1.17888887745878	0.721355851037304	NA	0.445694710494736	1.11490937915731	0.954407710487242	0.896292841256541	0.545992519673326	0.814681678430793	1.00797022392691	0.751169097907359	NA	1.10341866860408	1.02915317789791	0.61837583539376	1.06769909030928	0.66364147066735	0.974570366133506	NA	0.421164126085901	0.515181631867457	0.844167963830108	1.04706445496699	0.927783887625075	0.669247817621705	0.967701944333505	0.619183659280693	0.838698370030504	0.575956139726246	0.663299951892545	1.49517655806939
1.26201939301064	NA	1.28265981806092	1.46641003348154	1.77438587322401	1.63725024184407	1.75112896893295	2.21979701049499	1.107564274212	1.45200843927343	NA	1.65761719703214	NA	1.21083671472082	1.18324316699767	1.46397018260216	1.7936651468472	1.72158102501968	1.31996016414719	NA	1.62549766864794	0.862875517149111	0.694406424775792	1.17479029251479	1.07622759991599	NA	0.998620881881265	NA	0.555633403686113	0.712390543720676	0.599777936359781	NA	2.0931127992851	NA	0.510704382822665	NA	NA	NA	NA	NA
1.47245257611056	1.54809120810089	1.67460602043382	NA	1.40380543451648	NA	1.25169624961161	NA	1.66300271847049	NA	NA	1.78290000283949	NA	1.75854166193918	NA	1.8505848250641	0.900145613696109	NA	1.68843511608284	1.07369772709493	NA	1.34527212686528	1.19411350757672	NA	0.743013602656808	0.345591652045095	0.44675986693262	NA	0.312853398854023	0.48002782854336	0.680644112429649	0.688794622304343	0.743465059979378	0.192702090432581	0.470692814655213	1.137647985862	NA	0.335363240439609	1.27788053906547	NA
NA	NA	NA	NA	NA	NA	NA	NA	NA	NA	NA	NA	NA	NA	NA	NA	NA	NA	NA	NA	NA	NA	NA	NA	NA	NA	NA	NA	NA	NA	NA	NA	NA	NA	NA	NA	NA	NA	NA	NA
0.312602628026117	0.562982149973992	0.725866216363804	0.492842015219097	0.550589417715911	0.825980566783526	0.0467661028599795	0.563402289265981	0.761270336777592	0.422716165981398	0.474512595949096	0.746782935155981	0.749453172483513	0.445102467492927	0.62023591756524	0.721376848703646	0.301598137114689	0.446713310772342	0.376572034579448	0.274322144353142	NA	0.38390813418758	0.379629792070844	NA	0.438546522643129	0.121663435286581	0.287805015997501	NA	0.423048390546355	0.556542910462595	0.957587702388066	0.982009321422498	0.779316847859608	0.560517199148066	0.590089239261793	0.313514995195549	0.842634874888912	0.944236429771642	0.707763653531925	0.764217987864715
1.52573314502425	NA	1.50966114831651	1.35653137280953	NA	1.00647836945323	1.1365917288394	1.27244221810577	1.93648388351085	0.945795576051757	0.656189545536968	0.798545581138156	0.452393170825391	0.934652341050716	0.759472780530706	0.949467930489762	1.14701794228681	1.25525603775081	1.1363379378514	1.06153784471805	0.985691080161517	1.33842643704773	0.74268364968291	0.686611963801004	0.622319873624057	0.863029567873387	NA	NA	0.949396801798829	1.08565160961546	0.952658834217204	0.741061524858306	1.11586339854701	1.55352092580391	0.742015853240099	1.05501408677946	1.14426158869664	0.976529017853168	0.729660839086295	NA
0.496387788512715	NA	0.471636778674704	NA	0.232438784204856	0.189018889542282	NA	NA	0.226900777470492	0.423232370832773	0.390807270117139	0.411809256854273	0.646473712979751	0.62696290627692	0.636872155831099	0.91098079161237	0.615414569362108	0.562145367325135	0.774005999163204	0.414187668144614	0.766029338996713	0.407045889671352	0.274235752736443	0.739528017619384	0.537942584756192	0.189141014745709	0.373531398219675	NA	0.265469471822864	0.799302096660387	0.709694394608197	0.865800220805547	1.1483082314784	1.27341538863292	1.08795557617769	0.447049086497382	1.46042575925467	0.635997524710955	1.33081893726101	0.368416346255859
0.432649859643024	0.533045170323404	0.542954051976558	0.481442604919313	0.520304135214523	0.402437608931114	0.761390992198391	NA	0.368482814794207	0.779151658884316	0.663817830411958	0.551008435522844	0.758318530259011	0.850185624910175	0.897811716338251	0.695675517992176	0.581229714503234	0.818498842192036	0.950809958755011	0.478225159563253	0.635377225960277	0.716475010026183	0.465944776025144	0.406642075905309	0.367106472900592	1.31549931616011	0.470731206797569	NA	0.611825421454743	0.730580568112593	0.336409153317077	0.851958681286707	0.885510228616952	0.431018403344862	1.15190158206643	0.805496631256719	0.840199475757614	0.694042031437778	0.918337235467857	0.584896415071889
0.310493232459439	0.50136218870985	0.662847973870416	0.455599972074615	NA	0.777574600554323	0.0941317534056902	0.557333679793042	0.726355734589129	0.370061577573238	0.531030618128293	0.676352185476312	0.599913102689874	NA	0.511064193897943	0.675196972574718	0.616698025403536	0.485336534910053	0.382492084923408	0.36739053118902	NA	0.805400395175928	0.583111724528732	0.532167164125375	0.319842620096755	0.162154222693558	0.381229888041924	NA	0.303293175193551	1.01044832717959	1.17275494950439	0.424107992410043	0.63882524691739	0.906842683795768	0.643305124028116	0.360529459345058	1.04421954661392	0.653231191608821	0.802045815059789	0.381955854804755
0.685966737266806	1.24136946035947	1.43957117953102	1.39288613345202	1.6605906747973	1.48692685116234	1.58163180011958	1.54053834282518	1.35516290437182	NA	NA	NA	NA	0.300239473570843	0.30923348237681	0.384846912076543	0.48258368037992	0.514704830265508	0.476502011067772	0.254423699707606	NA	NA	0.595712823295367	0.390811628156345	0.813707406891923	NA	NA	NA	0.907868574285198	1.06255168050896	1.33537491659956	1.34329272232137	1.16117732556299	1.41297743390385	1.21450450249152	1.10759792459901	1.43618767425092	1.44016388988425	NA	NA
0.977588422100105	NA	NA	NA	NA	1.62095944551485	NA	1.73231974924405	NA	NA	0.698662732606181	1.15436954656131	NA	1.36924096494502	NA	NA	1.27522696719791	0.893152473282767	0.692592391123342	NA	NA	0.583489744722728	NA	NA	0.407928899734511	0.441781695572486	0.233732182400745	NA	1.70314155124924	NA	NA	NA	0.764073024773144	NA	NA	NA	NA	NA	0.404484899176786	NA
NA	NA	NA	NA	NA	NA	NA	NA	NA	NA	NA	NA	NA	NA	NA	NA	NA	NA	NA	NA	NA	NA	NA	NA	NA	NA	NA	NA	NA	NA	NA	NA	NA	NA	NA	NA	NA	NA	NA	NA
0.688711252119209	NA	0.483270748741756	NA	0.433062420620729	2.37124004379946	NA	NA	0.881859535847608	0.936097887795286	0.446588808331442	NA	NA	NA	NA	0.510369269962606	NA	2.18343672900487	1.81681883299713	1.38800748241561	NA	0.413117171615098	0.70503630747043	0.657287843374338	0.657240980738006	NA	2.11708904198123	NA	0.302581641393724	NA	0.341277567033621	0.343529268284589	0.594666156746819	1.21942205326605	0.819816584537283	0.552052694324813	0.904259833868207	0.839670218250753	NA	0.350700465528605
0.625473260267781	0.829208802434483	0.939938965486245	1.60002199911229	0.652878510333962	0.439387911907234	0.209008770239192	0.362520118333806	0.219015046299663	0.734144686862064	0.357024969493243	0.929024435109317	0.596809923797132	0.301703923300899	NA	NA	0.575839691696475	0.493007782357743	0.759080300158136	0.571097880918011	0.904028735005994	1.09430337809193	2.02296240015258	0.976602787579976	1.26739478239417	0.900679367142015	1.15884767922848	NA	0.130041866085031	0.677142487118357	0.23713161782425	0.461619408727336	0.431270557786711	0.427353743877962	0.174284463796175	0.382165286374729	0.177583311225651	0.309561524977357	1.70530566647646	0.467767294301127
0.961008059940601	NA	1.96057999376674	0.827413605984611	1.24713088500324	0.853187501886287	NA	0.824739809324785	0.931756176505098	0.926380111330662	0.823087825657199	1.42442357153115	1.41128069892625	1.08305326550678	NA	0.734173684613047	1.10556195391667	0.759387369218242	0.724260008729232	0.876087499884016	0.962561395388081	0.493521287902848	0.423917767786865	0.379720746058906	0.439260957813511	0.307473859113771	0.303917138393239	NA	NA	0.105324597141915	0.514895761418923	0.406794783051782	0.868609194120674	0.611814092766807	0.220196157640644	1.18028215866396	0.340156942532989	0.544956071909385	0.470577166338915	NA
NA	NA	NA	NA	NA	NA	NA	NA	NA	NA	NA	NA	NA	NA	NA	NA	NA	NA	NA	NA	NA	NA	NA	NA	NA	NA	NA	NA	NA	NA	NA	NA	NA	NA	NA	NA	NA	NA	NA	NA
1.17678765062949	1.90295747639427	NA	0.706348450506065	NA	NA	NA	NA	0.797570933604391	0.578190369767543	NA	0.853418066540764	0.364884473291834	0.476331586835227	NA	0.610704303242846	0.831788726183138	0.803244821150047	0.752800167654107	0.369763924552638	0.55909307523696	0.385630487407616	0.248985187945875	1.2960658098122	0.237821937124385	0.410280025083105	0.497172801209542	NA	0.995391050847826	0.829046312193858	0.707915273080115	0.643488320078226	0.526725508710216	0.691618037020371	1.16816018491907	1.24929363177124	0.900280603473781	1.25901520887453	1.34651962701876	1.56923627750933
NA	NA	NA	NA	NA	NA	NA	NA	NA	NA	NA	NA	NA	NA	NA	NA	NA	NA	NA	NA	NA	NA	NA	NA	NA	NA	NA	NA	NA	NA	NA	NA	NA	NA	NA	NA	NA	NA	NA	NA
1.22807016584243	1.19008853507391	1.78718764966097	1.6533518786511	1.5190871262809	1.65125033980336	1.62584857347268	NA	1.82439410143702	2.82038813169902	2.05676959324592	2.46813622624528	2.55217945510192	2.19385662558295	2.79752276413533	1.85518019194856	1.81746850943689	NA	1.48590444551619	1.82054871882115	2.73669355079929	1.81496272171051	1.72981813366909	1.69816057584515	1.70876945493441	1.51576980139716	1.06682640582241	NA	1.24113206419988	1.33559074610076	1.12695186427386	1.09676602337365	0.908473897251539	0.884184414824604	1.15310794767451	1.38352703291617	1.39490065742979	1.32103040574752	1.54085251893349	1.26183127861814
0.261015389285371	NA	0.367458648860585	0.901960209364582	0.852436116081952	NA	0.430926623839206	0.376697492934167	0.133965264660626	0.435986931159328	0.393713653293519	0.095143604673932	0.741291413056571	0.484197570024497	0.459421555323646	0.218371424295437	0.430969821529522	0.442633246828512	0.70722595183286	0.301656689685128	0.425457188740516	0.609208020731492	0.406771131087334	0.480688550108159	0.467228159384462	0.426401962521555	0.28848330656742	NA	1.83315671189479	0.636073929232562	0.71221917155102	0.802776000313845	0.833210678380262	NA	1.34218115941457	0.745138467283894	0.81894161630472	NA	0.800672906541036	1.3691295313453
0.97062335342301	1.4060334562456	1.36516024990103	1.28576278233137	1.71976798832824	1.56442497745741	1.92288276186947	1.38097992542914	1.75631755555864	1.99222509256012	1.8706531238628	NA	2.09955356730216	1.0363655455641	1.31707405571033	1.59135698732925	1.05230724150293	1.32393531949098	1.30021701658094	1.38402279116283	0.974288421556177	1.42388410627109	1.28081017046836	1.22381146286751	1.22626979055402	1.11750570806024	1.54643131133634	NA	0.185505115367648	0.605419346318329	1.52820527076101	1.45225535853629	0.488106862299731	1.71433373023945	0.357003284098306	1.57104416488323	0.941823126550305	1.22155858813361	NA	1.07410974077114
NA	NA	1.0621096065358	NA	NA	1.09644436434225	1.55443700915766	1.99469309735443	NA	1.19744457716586	1.50541846348483	NA	NA	1.40578573752732	0.865829927229124	0.693118459948279	2.57578425745124	0.982367375072129	1.40071103714194	0.710049985522541	NA	0.632075519452356	1.59662375851157	0.677145063960655	0.581863597319341	0.667265762506634	0.234155500830845	NA	1.07415761309598	0.984630456156782	1.1035804433017	0.935863040551623	0.606761223837017	1.79676976304546	1.40627337766781	1.63502116847368	0.737951044661399	1.49987951280421	1.11845530566365	1.01865851778498
0.794549474173825	1.12118138067587	0.838034374335625	1.00283803845367	1.26810896364169	1.24356854459571	1.11848976347947	0.890035575522196	0.786205720149551	1.16460565063365	1.43825501086117	1.37349250950233	1.842852937898	1.23152170146053	1.12912892717468	0.879219649068827	0.954413359129943	0.971699519558005	0.516938666906576	1.019662446339	0.795827486196211	0.46714169526497	0.540767891289319	0.673587504614128	0.615900339154552	0.329860086249439	0.344502884034011	NA	0.319577935885087	0.52306962735668	0.969840316346223	0.810082240642766	0.900561820580264	NA	1.84809014833267	1.99688227307188	1.44864582514175	NA	NA	NA
NA	NA	NA	NA	NA	1.78374445489294	NA	NA	NA	1.25370026033477	1.86535898034683	1.66721940483267	NA	1.64000170534643	1.33292736638467	1.32365410241374	1.41245103245579	1.45482427242389	1.04628886657115	1.33795329385606	NA	1.05642431001828	1.07638213958392	1.05477881540127	0.563473921531366	NA	0.621302834418078	NA	0.328763387913412	0.588301799895624	0.510449902411424	0.954472438884111	0.761081378028055	NA	0.8559617328395	0.459841698142052	0.754893983139443	0.704145509930122	1.1788973581044	NA
NA	NA	NA	NA	NA	NA	NA	NA	NA	NA	NA	NA	NA	NA	NA	NA	NA	NA	NA	NA	NA	NA	NA	NA	NA	NA	NA	NA	NA	NA	NA	NA	NA	NA	NA	NA	NA	NA	NA	NA
0.406249885219138	NA	NA	0.733628973508581	NA	NA	0.842009748771253	NA	NA	0.379721188345735	0.560409583049757	0.234024780144818	0.577396061014348	0.360761340144045	0.569210130799027	0.258720411404937	0.353027785684662	0.243786755611735	0.64624372170861	0.605736187767807	0.433479565326296	0.305102293500178	0.206078954508009	NA	0.610488765888231	0.306738397099162	0.314923807750558	NA	1.80446819227807	0.743719987696176	0.832213097982908	0.690957006991911	0.869216730206753	NA	NA	0.412852701641726	0.775607076870011	NA	0.84819761996174	NA
0.234907589440897	0.424876966291431	0.346742321260553	0.345937795445216	0.536557761463861	0.615396512617019	0.739323571011145	0.331559149218719	NA	0.517983080305105	0.800013356275001	0.901038524990519	1.1318811969119	0.651380821953904	0.630168550013393	0.82919893847056	0.91011386573683	0.623690306200932	0.36384099903636	0.596509718595316	0.634676221279513	0.375226465242864	0.657670933534637	0.674324129047084	0.612476985869714	0.246102831641238	0.271538972845685	NA	0.28387089185924	0.294612613850352	0.555480367602581	0.520571688331168	0.704278606103564	0.47165677721612	0.821742019429034	1.6396249155233	0.95447181886544	1.4058318045237	1.05571130683641	1.54343702833298
NA	NA	NA	NA	NA	NA	NA	NA	NA	NA	NA	NA	NA	NA	NA	NA	NA	NA	NA	NA	NA	NA	NA	NA	NA	NA	NA	NA	NA	NA	NA	NA	NA	NA	NA	NA	NA	NA	NA	NA
1.89796177958663	0.527105643162461	0.611597489777583	2.55250119223413	2.38411056035406	1.95414604453795	1.96486819691821	1.99294314067721	NA	NA	1.78741925391416	1.88549668704518	2.08572157277345	1.80895377615407	1.74338492714538	1.73161818791228	NA	NA	NA	NA	NA	2.25080444586186	2.19327047813238	2.01678332487805	NA	1.83661941028705	NA	NA	0.70896650167439	0.566902538140604	0.756509184672796	1.3229792127437	1.06760444667617	0.977473937868009	0.953279218817804	0.988320516506019	0.471836545508516	0.785168488210307	1.02430328322908	NA
0.844182652319892	1.07375541149609	0.986299424580412	0.824224077051254	1.63133344122917	0.98742762687015	1.14185973048622	1.03282226613758	1.29870620036989	NA	1.02363798117807	1.26085916129999	0.970929907613645	1.04993382821994	1.19574554162195	0.639791051262588	1.46926658680628	1.17698891822264	0.835313175089909	0.979323463342145	0.964525660283998	1.01228743242831	1.6325410803034	NA	1.23922783159063	0.968416719669268	1.81369499436266	NA	0.347237975099787	0.510352475257721	0.36916199679604	0.993403586641192	0.791048346692068	0.465196806983651	0.536754521141893	0.848623852774923	0.99024273629846	0.99440666180369	0.699040021335902	1.06138592497031
1.01403919342646	NA	1.68370834996162	1.65907306790421	1.53035109329121	1.73813453480197	0.650304228606678	1.44032799938912	NA	1.3679514411826	1.48822565321617	NA	NA	NA	1.99506290612305	1.82208164492728	1.6578945606447	1.71500279047113	NA	1.09757004661197	NA	1.47442400704418	1.02399279126967	1.62706050111268	1.1403001601992	1.07479595870836	0.986651789638062	NA	0.411906226033349	2.31547046942259	1.81865292373912	0.414964917927535	0.948955065151316	0.953759020974556	0.870438899175606	0.81961856175733	NA	1.48106018244235	0.878050072984685	0.53707656454823
0.776801823997186	0.854350144280828	0.87340832779185	1.16496425700079	1.04754389890889	0.976711784300305	2.08682854688617	0.627404815147402	1.96012012481467	0.744850020652189	NA	0.596385445806144	0.887142469842016	1.34312027431733	0.498477906702602	0.938092255998578	NA	NA	0.521273430259937	0.729789156501534	0.876579905546812	0.458392050158173	1.25158412672762	1.43859675884635	1.19301260349641	0.656562569161243	0.907179896680643	NA	0.281942376718685	NA	1.9746369840367	1.92383519956898	0.606176823037462	0.615185149203637	0.421565291076391	NA	0.34035832343311	0.127920771308072	0.357981059634805	0.358188513316759
1.23963234587078	1.13522441572489	1.22937005599117	NA	1.49131535133623	1.26587394926878	1.17669784862912	1.0340384633079	NA	1.42484276984066	1.38271932236322	1.44520626582607	1.54504830777847	1.14619847202046	1.2065031295176	NA	1.29168809105067	1.48124821261523	1.10731144833918	1.2781083983862	NA	1.27856129878608	1.52077456650973	1.43931737301914	NA	NA	NA	NA	NA	NA	NA	NA	0.73151761392667	0.843442863861844	NA	NA	NA	0.433633970046491	NA	1.65128039828356
0.954569627601658	NA	NA	NA	0.976741117398889	0.689875077127034	NA	NA	NA	NA	NA	1.06502021971256	NA	0.835846122792745	NA	NA	NA	NA	0.652033519910963	0.515752745604724	NA	0.700778775066532	0.365953414993864	NA	0.4077136494106	1.10953449801007	0.789871955332972	NA	NA	NA	NA	NA	0.17362733070151	NA	2.24104096899174	1.07916654464743	1.92900164523177	NA	NA	1.1838239013704
NA	NA	NA	NA	NA	NA	NA	NA	NA	NA	NA	NA	NA	NA	NA	NA	NA	NA	NA	NA	NA	NA	NA	NA	NA	NA	NA	NA	NA	NA	NA	NA	NA	NA	NA	NA	NA	NA	NA	NA
0.522078682900331	0.753034638376423	1.38281592641045	1.68740898952901	1.00462454850739	0.983521655313175	NA	1.22765342134069	1.07323626394112	1.22352374331639	0.994149034693904	0.902776734114021	0.7521107582233	0.665067571128837	0.890465049385772	0.997836218691149	1.35207258816393	0.686986811042976	0.373418111937589	1.31583524495183	NA	1.0119977314259	0.858948593205516	1.38099303271111	NA	0.813874632037209	0.366586535341487	NA	NA	NA	0.19100308796021	0.662869286080267	0.715512674333155	0.349080159542654	1.28174040342425	0.905945603722266	1.18172321027288	1.21809015193454	0.743621588467801	0.482565290988396
1.5949695488521	NA	1.88468959147822	1.61070837137556	1.35373469880726	1.51277243406166	1.2735407734782	1.60689544795358	NA	1.54851715788845	1.22685781237395	1.15578094668888	1.17403184269799	NA	NA	1.25986751594875	0.731948415975238	0.754264629631421	0.928796099958041	NA	NA	0.414758885848004	0.441504242511478	NA	0.595457305036155	0.756922053300225	0.435205816535128	NA	NA	0.295264514708283	0.211419548899362	0.265516186213825	0.449957710094148	0.714268214696601	0.512736737890431	0.743356107918063	0.747324369566087	0.949774737067646	1.14561924139463	1.12499822576393
1.68375110099314	1.865205529467	0.787595965613622	1.53007909316917	1.51001010645939	1.84761361879176	0.489255507529001	0.650402358610628	0.848702076978881	NA	1.077117458661	1.28714097143037	0.605728849549291	0.434414583169468	0.551821642061279	0.611024212979444	1.49357848491394	0.792868340332081	1.20415019368879	0.9618247025544	0.537477627183357	1.15619117527661	NA	0.789272491517362	1.28404842455215	0.698682044624063	0.377173849209998	NA	NA	0.605735328791495	2.26414283204647	NA	0.271690762138324	0.438900905313983	1.1035811828194	1.67846030973408	0.349593263735612	NA	NA	NA
1.29175359517185	0.800927074114053	0.91170133676651	0.875904174380024	0.912515450733835	0.773646273178777	1.41270851855729	1.17759885007024	1.17962776727136	1.05914714501397	1.3940705099536	1.23459482857269	1.57739479425063	2.03047395727397	1.24646790624832	0.762993107828004	0.904252020699534	0.974346258513267	1.17223937056461	0.616732625158157	0.890682986267556	1.10977212306079	0.628894932132703	0.705841019439118	0.980167428654216	0.901166111135472	0.754052283403241	NA	1.28252362040326	0.896632592860874	0.3043140606627	0.273056072836511	1.3369317616416	0.550360431639575	0.560069424773076	0.476714893815211	0.573498476992659	0.698873597328967	0.893999962693007	1.00185578560359
1.45272528954985	1.77641588566359	1.19777484038846	1.41945001918144	0.815001993606352	1.18566804920563	1.08397955122252	1.07242971086807	1.50984970878136	1.1090695074054	1.30596886269875	1.03433944806676	0.857099160167846	0.766810596926678	0.87560944381202	1.31096237937993	1.30591783242802	2.28301570084235	1.31912230923467	1.22140158844332	NA	0.734424466131303	0.626934195837263	0.7018414755921	0.346380217701857	0.201226924698761	0.66437912771502	NA	1.77466024131595	1.26718044626438	1.62961855929537	1.48869867265331	1.54004212250082	1.09330789736048	NA	1.19448981976189	0.988369985039706	1.79231822799919	0.616931464892942	NA
NA	NA	NA	NA	NA	NA	NA	NA	NA	NA	NA	NA	NA	NA	NA	NA	NA	NA	NA	NA	NA	NA	NA	NA	NA	NA	NA	NA	NA	NA	NA	NA	NA	NA	NA	NA	NA	NA	NA	NA
NA	NA	1.51945784442838	1.92536937586922	0.973930756042795	1.22465407028399	NA	NA	1.16135256461134	0.86406166366415	1.98099109898708	NA	NA	1.37874387946448	NA	1.71530168655514	0.865999667648949	1.35598402393027	1.023965531701	NA	NA	NA	NA	NA	1.07329725274175	NA	NA	NA	0.423789801235796	NA	1.03512933266669	0.734488071765537	NA	NA	NA	0.870330076040962	0.747517609800037	0.860169255850838	NA	0.738886223344066
2.13896414138064	0.148075150721871	0.743141926155571	0.811331899079891	0.618256776537329	0.0949366901060711	0.247248948464822	0.218244430709684	0.281749711076721	0.125409496020336	0.212296089109203	0.478782148250772	NA	0.431238679068476	0.599988813812235	0.247063290349426	0.592658254126465	1.11485501004182	0.99580541670654	0.669355836625227	NA	1.11281359435916	1.2051678732057	1.2264228179883	0.851562569994045	NA	0.569310332778555	NA	0.201846297583758	0.424151364893466	0.382650488284291	0.38268710398019	0.824565167855775	0.474370219055591	1.27686700916092	NA	1.24584486261744	1.04545435035453	0.943704891920537	NA
1.50742659025063	1.66058224953072	1.30195354646066	1.57205057964884	1.46083708199605	1.32284165008274	1.69119358741391	0.833483846603277	1.28601536559249	1.37059419066607	1.38567770094668	1.12785840772138	1.13210251893944	1.17778952248731	1.0776060027397	0.921737656591157	1.18870311423214	0.603687220026908	0.508549303596647	1.1561348583063	1.17974680314636	NA	0.977071021957516	1.28969068814188	1.88490124583427	1.09410605975694	1.08359727072139	NA	1.19770437959327	1.03027420483781	0.530691433217699	0.877954193867798	0.709823294556069	0.797392127771404	0.760615126011117	0.634184249994649	0.503909349490448	0.777914811000382	1.37291716368187	0.373000993058632
1.599469406838	1.41166887925338	1.1397388760217	0.936202197333244	NA	1.07093669878583	0.973379320891115	1.12582395802173	0.861564926051501	1.09633663287945	1.95524496280578	0.350202521168188	1.05728281939697	0.441767512286204	0.208565222750361	NA	0.677548653788107	0.509992699464399	0.636149941452889	NA	1.78268725231518	1.04391157069772	1.24253806942088	1.01374630512667	0.506831004684907	0.769767891153711	NA	NA	0.697476682779031	0.476756465721405	0.768848517607216	0.262269843124784	0.495207426174703	0.382989648976484	0.593951018782764	0.28558710406781	0.670374496229211	0.557108746411418	0.829626294311005	0.525984234779993
1.8650654166278	NA	NA	1.08123021604801	0.306512294701692	NA	1.8752472241901	NA	0.476565600010777	1.21123038601835	0.245995398441466	0.281948356546616	NA	1.08812964578996	NA	1.20253631126076	NA	NA	NA	0.879590148300346	NA	0.899421700669757	0.812735573455857	NA	0.508979514320477	0.585098090746099	1.117573432666	NA	0.633837361174731	0.956553143626579	1.98293043842193	2.69572063240676	0.557235485142688	0.75431187472802	0.197636081554204	NA	0.393017601190985	0.336908631256868	NA	1.59136522675515
0.621453471947389	NA	0.328192150392153	0.618171758445171	0.806858614366441	0.696331066569194	0.776537926098564	0.590251598104125	NA	0.672549469211643	1.22391054609749	0.97956458479554	0.926006598506004	NA	0.86342783947794	0.912858136712978	0.922163267552453	0.928043318175636	NA	0.357561243043446	NA	0.930109441696984	NA	0.736477793697773	0.676340080370735	0.669264401841317	0.677013044153125	NA	1.00475617885526	1.0438367489214	0.953569209291668	NA	0.696954914983415	NA	0.542919664794792	NA	0.807221770081504	0.737437502886837	0.860007989374002	NA
1.58523641498376	1.57925624333263	1.1506097369739	1.33270093797625	1.08683287779163	1.13923324572628	NA	1.16893496253714	1.30921292613534	0.941707141817517	1.27280390535695	NA	1.32360324019361	NA	0.625594605459867	NA	NA	2.68301613947105	1.1404172714046	NA	0.740966614786144	NA	NA	NA	NA	0.513898608745574	0.172787526180707	NA	0.765706512189663	NA	0.243419834527278	NA	0.379999044822663	0.732848889745292	NA	0.764448782860829	1.79652903989054	NA	0.667345716053066	NA
1.61387345929809	1.04214894797874	1.44268395971974	1.58337079016243	1.67271038808028	1.35450004774516	1.12199474750589	1.51290614735253	1.68673186312195	1.61071546421395	1.70129573271828	1.41109499776083	1.3684296639716	1.28458392618347	1.37413223590608	1.41967993671319	1.29325378991493	1.30479169955887	NA	1.01360399652463	NA	1.34396045220654	1.41640465550026	0.703192174552082	0.7724400665583	0.951535281784849	0.529991949182302	NA	0.180842125685879	NA	NA	0.648901874839561	0.643188766697709	0.506250757571374	NA	NA	NA	NA	NA	NA
NA	NA	NA	NA	NA	NA	NA	NA	NA	NA	NA	NA	NA	NA	NA	NA	NA	NA	NA	NA	NA	NA	NA	NA	NA	NA	NA	NA	NA	NA	NA	NA	NA	NA	NA	NA	NA	NA	NA	NA
0.664634628182276	1.18935771742693	1.14759178960898	0.343769873482939	0.613727914051464	1.19826774238793	0.627727663528492	1.22329907679702	0.73463970538005	0.972030502131751	0.937168767251261	1.03243015678879	0.971384741017563	1.2573366249613	0.949983898726376	1.16808386055675	0.368550135881314	1.67555241946297	0.321787365967747	1.14352037733801	2.07120627983864	0.305516164581951	0.567131872542555	0.449544460678516	0.993975774041801	0.715486273766505	0.404957873790123	NA	0.609692516453153	0.781880519785229	0.641553375055389	0.341897280095871	0.714241438099366	0.898882807361953	1.07784807310386	0.806409022673856	0.522307758609848	0.439926288789949	0.465872802099464	0.425146559641265
NA	NA	NA	NA	NA	NA	NA	NA	NA	NA	NA	NA	NA	NA	NA	NA	NA	NA	NA	NA	NA	NA	NA	NA	NA	NA	NA	NA	NA	NA	NA	NA	NA	NA	NA	NA	NA	NA	NA	NA
NA	NA	NA	NA	NA	NA	NA	NA	NA	NA	NA	NA	NA	NA	NA	NA	NA	NA	NA	NA	NA	NA	NA	NA	NA	NA	NA	NA	NA	NA	NA	NA	NA	NA	NA	NA	NA	NA	NA	NA
1.20257267963011	1.6843388582601	1.72918218866455	2.12184492835796	NA	1.64149270812285	1.54002902656881	1.59055751398874	1.85507276200324	NA	NA	1.38807833449984	1.41289359774801	1.59536580688033	1.3312972509895	NA	1.0721683700421	1.1190798377956	1.1737533836215	1.13032582723176	1.21540776616613	1.06290787907667	1.16060648373307	0.809590001874606	0.360987225347587	0.464040329775763	NA	NA	0.524985119522824	0.479440939626341	NA	0.677231091613428	0.582753234709101	0.590967282494299	0.943047393230379	1.2547104781334	0.919119140259077	1.23603848853956	0.426098599364871	0.999398165864475
NA	NA	NA	NA	NA	NA	NA	NA	NA	NA	NA	NA	NA	NA	NA	NA	NA	NA	NA	NA	NA	NA	NA	NA	NA	NA	NA	NA	NA	NA	NA	NA	NA	NA	NA	NA	NA	NA	NA	NA
2.85690626781631	NA	2.6331799085688	2.46757129435181	2.76293940388272	2.38657446453434	2.44759469182968	2.02956225259074	2.39641316276916	1.36455698232361	1.2213891725103	NA	0.721019863820698	0.68952394032035	0.253053831741656	0.809096132486644	NA	1.75473390054923	1.89014355851856	2.10733731036265	NA	2.09247912412791	2.58275285254501	2.3446161593562	NA	1.17695897836031	1.52976050548406	NA	1.84000068628925	1.16032231538601	0.931054940017246	NA	0.593051928995853	0.53484606615272	NA	NA	0.871586320737765	0.848014714797745	NA	1.25731563309564
NA	NA	NA	NA	NA	NA	NA	NA	NA	NA	NA	NA	NA	NA	NA	NA	NA	NA	NA	NA	NA	NA	NA	NA	NA	NA	NA	NA	NA	NA	NA	NA	NA	NA	NA	NA	NA	NA	NA	NA
0.313861927477089	0.532837800454539	NA	0.443692217177401	0.791354899264616	1.21704332768859	1.24495396072135	1.27704333266858	0.922619720976529	0.616977319309943	1.00365840764574	1.40444723336608	0.94633299371896	0.900400589380133	0.936392464166602	0.864648287780943	0.470676561335782	0.78331155938932	0.708772946163027	0.726139504603192	0.642843171593632	0.269330015473356	0.618967956998865	0.680350353950741	0.764320396051835	NA	0.424146024451276	NA	NA	0.369393825584264	0.674308187711179	1.53879832902394	0.770489641616394	1.05869957945467	1.1715656195675	1.6171714552023	1.89814872944984	0.969946807136042	1.10245173504644	1.22178907709063
0.959475691225612	0.486315879331031	0.656519350754998	1.68087975217128	1.63395146599583	0.540017266499606	0.41042375352028	0.340747870061227	0.388892405073055	0.442396583652599	1.16850210669179	1.50021019643475	1.35181847465611	1.64190698522446	NA	0.880802300567369	0.767869288462189	1.45953547537893	0.984059782015698	0.824584953287987	NA	1.07322322110588	0.510788299945067	0.695654669667659	0.299573134172844	0.210283866035038	0.412680967635097	NA	0.26904893731538	0.340035941422964	0.555488344284132	0.908100293156297	0.284924653093763	NA	0.423073753244005	0.723950520786802	0.961376502491772	1.04479654819476	0.847187793155178	NA
0.52482197414343	0.71204612647373	0.507435078726398	0.703350617276729	0.611221176359623	0.190274221254945	0.3687722175349	0.426759179881142	0.347257520174494	0.619241884607244	0.631372678253533	0.741203603681804	0.769951020282525	0.44625704308433	0.404294940462663	0.578781342366683	0.484033421452921	0.487525203062203	0.736737588038419	0.877849250573612	0.435325912797262	0.645420918112088	0.808162853463023	0.500015574579921	0.640605473255991	0.399413038494516	0.590949106906945	NA	0.520473856070215	0.854288259433521	0.632557195679786	0.675439212403588	0.973147299843553	0.687482795286663	0.578549691735892	0.845729699589872	0.87293549122554	0.806709623999034	0.58039553166214	1.13191206946834
0.751816665319662	NA	0.499176920195738	0.800374318541422	2.01657772725519	1.04069911234236	0.936084406007204	0.486294642374978	NA	0.507952229641406	NA	0.975130529348955	0.828529847896475	0.904010603237553	0.64139923899264	NA	0.932629702890635	0.680830983873995	NA	0.635134917334053	1.10490975114023	0.410134941058161	0.876000104241269	0.128866275310312	0.627062359417317	0.911160809140587	0.692617992861777	NA	0.34818998375758	0.247911002881685	0.643615102146347	0.248407097195237	0.330979020460811	0.429240358631091	0.981201988560143	0.783752514992747	0.740452427738564	0.644271360831659	0.697225536473841	1.05698076056695
0.351259363803825	NA	0.643784608705101	0.846772011530125	0.92290270275265	0.956461886276093	0.965975571536563	0.98019963114333	0.703195113114202	1.31279375614686	1.82525721720202	1.68400120372241	1.96634729459076	0.556459672761676	0.346399008810862	0.373326094204115	0.368384270196871	0.773690325165849	1.96946514109938	NA	1.05893564281051	1.01635790096619	2.09270755261515	0.71301411800263	NA	NA	0.325693739013139	NA	0.510254280323959	0.282641914084247	0.532263617903191	0.293496942545312	0.17939618717227	0.437805868508823	0.451686681138465	0.610402870900518	0.625627004666992	0.620923801827275	0.825516996507825	2.06252554882871
0.578446367748303	0.422516391836241	NA	0.659319121661464	0.57852254524647	0.430373844618686	0.208077219973117	0.47383099603268	0.521399205083535	0.45593327055695	0.406854855256004	0.921961223833314	0.478574817802164	0.493159966894886	NA	0.240616337485504	0.296774537294574	0.0375598948303218	0.898400626916726	0.617600640754264	NA	0.499295388792571	1.23601683790656	0.816348655215433	NA	0.278998541198171	0.422498137230727	NA	0.965541909344828	0.859327690597002	0.858071135035348	1.02086946716295	NA	1.32800243310582	0.891576138074327	NA	0.863588558940889	0.440895866884142	1.40641841801023	0.28773063434286
0.496663485327848	1.00201576252235	1.09788622535244	1.38187604718888	NA	1.3235991871609	2.01985062968105	1.22641466634149	1.59529917996481	1.54411712918556	1.60734314108605	1.20419858778079	1.37146578072398	1.51564353600681	1.19651224394425	1.32347298482513	0.916977835970866	1.54743262054272	0.780579799029267	1.00200493744854	NA	0.951868574977707	NA	0.730219933578258	0.329458220602734	0.676272526631285	0.340117192007988	NA	0.737238315316431	NA	0.686247758346112	1.0564519063481	0.876981200893957	0.983859539291831	1.23449410405866	1.474405495569	1.13945022960831	0.346872704883319	0.536994892621657	0.434600746862241
1.01385098552495	0.79671762860995	0.69514786900027	1.1599279846046	1.11126381756442	1.32982717981935	1.12672803793537	0.952368128717369	0.506502720697465	1.07165665807299	0.895412251360072	NA	0.920023244435276	0.723383680384153	0.77384901126539	0.811266418131741	0.918426718789947	0.657534409646925	0.804955739590415	0.588559814970054	NA	1.05409726652522	1.00555426008619	1.18079918556855	0.968003760736443	0.971111170825943	0.588431802803805	NA	0.909314864808464	0.682736706778501	1.31807902959533	0.848523809557949	0.934833541678268	1.46489633952902	1.10340418291993	1.43203568803723	0.719061571414731	1.54290459520032	1.97842713035089	1.02955185947786
0.719522146073393	0.878704647636961	0.772582423800523	1.0493743215875	0.767528652630598	1.5365928395776	0.551380826876404	1.26691189604566	1.74699700863047	1.3239508527905	NA	1.44467560871365	0.73742996634129	0.655094045110572	0.987552156520535	0.808016925568282	0.629339900562516	0.579932235553928	0.41933701431586	0.473115659750687	1.69273815431255	1.94776981962806	1.11327765365311	0.657926929815512	1.67202923784819	0.58770758136602	0.501654579717205	NA	0.756531763766776	1.49494203190215	0.427083543564737	1.26119026491135	NA	1.17738994513496	0.866224052096514	1.71124902026825	0.866728217180576	0.67827653935638	0.515640862831387	0.297444258514113
0.986248677007404	0.634458874393723	1.34516489865007	1.28944130591062	1.16976360724621	0.678214559986968	0.786785727611336	1.3504323829033	1.59477840955542	0.92600578319969	1.45511144125536	0.587064094279084	1.0070201069298	1.08729107835539	1.28247033371678	1.03659594496872	1.41957695118779	0.871034528743034	0.814761938452711	0.779598393750379	1.08023186245558	0.511031164279928	0.578070110223983	0.594535001509478	0.482819737235942	0.921209986863983	1.61479961244096	NA	0.644973757562865	0.622595448213631	0.767476897978547	0.779979878297393	0.559682740946992	0.441952807536476	0.238538025905212	0.304781241005358	0.543017869633	0.628521110065815	0.494489566439941	NA
1.52495721765912	2.02903177982276	1.75317191861509	1.85527641554269	1.20314156457497	1.33169759611486	1.02973254820811	1.18172320417557	1.16885219582792	1.21650991415894	0.979604661602767	1.30507967255116	0.655854826732067	1.06885875427561	1.15524237816858	1.24391816272875	1.38015591491121	1.01401159608904	1.02895525861825	1.23454710155056	1.4872765002922	1.34711735330221	1.24329052869967	1.79793975874797	NA	1.69930363727438	1.28780073795271	NA	2.10606821868199	2.71570677502464	0.702451239135125	1.03722288335659	0.848133721968923	2.19213772988403	1.05071638897185	0.794971774564962	0.637899064967882	1.07311490104154	1.74878257871164	1.86645964689271
1.10612326797603	0.836781468385009	1.81689031752816	1.7629078697665	2.1458697242766	1.59552381417562	0.258598587253244	1.05599068445421	0.708863713269459	1.32310943285289	1.36784591179112	1.4531395524236	1.67156515949991	1.42091620150289	0.973078603134538	1.24931194768171	1.48684447348553	1.38584036826074	1.19516898604551	0.325620597140647	1.85674138817004	0.531349629275041	0.217714090572444	NA	1.9568269164248	1.23950838423536	0.901107441713754	NA	1.00014200956422	0.790639209856644	0.897709636140376	1.32961047657259	0.951737729964898	1.37262374558309	1.28634413102441	0.884613660482365	1.02791724936517	0.434868993604025	1.39727029573801	NA
1.37451802395066	1.06596140410583	1.16030654718017	1.10781183178725	1.06713701326878	1.40978861813806	1.48471721906657	1.09950809993738	0.984400752346534	1.25661095778274	1.01259774859398	1.34721952768354	1.21361583864146	1.01042487008111	0.541246091931061	1.14658009087563	0.53259114927156	0.641642899953646	1.40635498877188	0.278490940722702	NA	0.84111710709206	1.1586288737894	1.06459699542768	1.03539867221272	1.86763325385848	0.191736200259882	NA	1.35434122889286	0.743003947789755	0.877115643711954	NA	0.631585894065773	0.446824828271507	0.644405441839713	0.481221966637542	NA	1.27507637152555	1.01537323998884	0.221570980303255
1.07771612855695	0.853722674277225	0.933624258349759	1.04816723515278	1.47162034188432	1.18915902655081	1.43149431086417	1.09085556326792	NA	0.916193198959786	0.716731528906523	0.833076479862053	1.24660614721413	1.42508154386675	1.51444876179409	1.34569523670086	1.32622682423354	1.0619162598847	1.49355035683105	1.25555956101021	1.16785690410002	1.33096944399789	NA	0.941498002818457	0.743379547235844	0.594019951894232	1.01653368356186	NA	1.36211839471819	0.613665194528712	0.872252803046593	1.0821663474841	0.691740391347722	0.781653557708756	0.635722223086496	NA	0.576941797113298	0.420929922365688	1.31371444924833	0.875106906237843
1.26668705807931	1.61261301692135	1.93389802282672	1.18646491426295	1.55185532789117	0.835378858887264	NA	1.27304620905899	NA	1.05438132432566	NA	1.07552558591241	1.7097129449432	1.2247284027996	1.36795240568532	0.9774583435552	1.0377718779327	1.29747407204436	0.978026860658516	1.3592651178419	NA	NA	0.724086967618499	1.04657556737067	0.555171079081445	2.40684740499496	NA	NA	0.177964607702784	0.295640067665458	0.727540183456836	0.395681909447804	0.507393967565783	NA	NA	0.838222013378	0.856039396747279	NA	0.821492562514617	0.180436118290444
NA	NA	NA	NA	NA	NA	NA	NA	NA	NA	NA	NA	NA	NA	NA	NA	NA	NA	NA	NA	NA	NA	NA	NA	NA	NA	NA	NA	NA	NA	NA	NA	NA	NA	NA	NA	NA	NA	NA	NA
2.26157127859468	1.91774966483724	1.17520207780555	1.25912863921487	1.04752567626084	1.21170193138752	1.6329033638551	1.29914264982849	2.42011692797134	0.798013032857349	0.953388980040478	1.63404558661645	NA	1.20366174581491	1.42877596467654	1.2795172002884	1.6873766630889	1.83439575620513	1.08219545251322	1.75138219086613	1.73169596857163	1.07127012050138	NA	1.75050234053624	1.3102481130183	0.932422610680725	2.10193251046464	NA	NA	0.671386963400239	0.249620130553381	0.273479748464507	0.640287973354107	0.63277211364719	0.732503152660785	0.798496750771175	0.675841039636853	0.92935290502143	1.56227920074719	NA
NA	NA	1.4860742506182	1.64501505062053	1.59900218353097	1.53161985904264	1.33523864394546	1.76571430498308	NA	1.7251287595214	NA	1.22247491108319	1.18642383109084	0.683549996956057	1.382037466423	1.15503314289389	0.980445231449934	1.40307852322895	1.03526694092253	1.70407469414015	NA	1.41753300877555	1.25077871599933	NA	1.22760229067873	NA	0.715527478490649	NA	0.0859545362580432	0.316539142687115	0.387553495308949	1.30677677514849	0.534649353287427	0.433440937709748	0.68093022094129	0.558971789337362	0.279786794899553	NA	0.548989885370067	0.976129469895361
1.18514844590616	NA	1.7103158514413	NA	1.11129862661998	1.38427465561998	0.663718703980888	0.66056619421349	2.18254951893323	3.104551100528	2.37194501572964	3.23616686860776	3.33250368866859	0.504736164844385	NA	0.746753907675416	0.591280481389358	1.27427903853113	2.26904280936317	1.92110844555133	1.29348073478822	1.88246543732967	0.912998794824919	NA	0.798930234695966	3.42837720962357	NA	NA	2.31553430007469	NA	0.832289057246362	1.06849444009534	2.45330578867663	NA	2.9790298668633	3.30140421047867	NA	NA	NA	NA
0.92969276637267	NA	0.907328803519257	0.901547133440775	1.25351707579386	1.24460015595264	2.10285510328861	NA	NA	1.59671231034056	0.736365077569517	NA	0.464135203294788	0.402162811286928	0.422621145550954	0.553546014871549	1.03602315499149	0.655182601500974	0.77222649782258	NA	NA	0.620212230402653	0.620510375422144	NA	0.321756825232863	0.325743492044183	0.574118201344835	NA	0.771321542564866	0.847691214695381	NA	NA	0.800074834169758	NA	1.23738193219519	NA	NA	1.24859278137837	NA	NA
NA	0.343454885378339	NA	1.33818531562115	1.30901338896203	1.22839997459191	1.0439802868308	1.07696875486111	1.23925736366868	1.04268195593137	1.21631272511934	0.815916260545091	1.1418003775612	0.982739705118481	0.879100883393809	0.927015581175469	0.867139946509073	0.637446198985771	0.694258238488234	0.601385670282716	NA	0.341971543444757	0.35467473657476	1.07658625362634	0.749522471644838	0.493242770535477	0.448091317235161	NA	0.356251210491929	0.609112768309054	0.711541647674744	1.09029188464845	NA	NA	NA	NA	NA	NA	NA	NA
1.05379122931392	NA	0.711654600953578	0.838956076570098	NA	0.581132113441907	NA	1.11651826393154	NA	NA	1.56055880899522	0.594056550927687	1.18185320762161	1.61677249620068	NA	NA	1.26994733132701	1.8623780395169	0.476664563493234	0.260508526048849	NA	0.525349169337098	0.773471782357149	0.704301063140407	0.823045552557303	0.91542127906842	NA	NA	0.482451004416544	0.250830978620244	0.222143974151991	0.634983619885194	1.15542486216669	NA	NA	NA	0.567959056145416	NA	NA	NA
1.07953809446762	0.878802998480214	1.47754703036568	1.58595306895532	NA	1.9620931525961	3.33108511863954	0.810347946336537	0.505701302356701	1.66029026849364	1.78542121727963	2.14229132774781	2.09574081426135	2.17637664433126	NA	1.68738696783437	1.35953946899558	0.571424641296448	1.20911987472405	1.95902515726008	NA	1.69240522204662	0.874864641224382	1.48452069929756	2.12348410162802	3.40876584965795	1.88000113069396	NA	0.431944508803291	1.18311800558898	1.71965829061228	NA	0.632585230121572	1.63403349655846	1.25624159189966	2.00662264616025	0.400264386025825	1.86317398398656	0.901558844313426	0.766065012319816
0.748635515053946	NA	0.531483359991692	0.90031357799991	NA	0.243302187198998	NA	0.276910597702454	0.27370567123311	0.511668238844968	0.681232398547567	0.460616338775119	0.430887890895496	0.554900725303012	0.73897121523475	0.941109299914831	NA	NA	NA	NA	NA	0.299798418834194	NA	NA	0.464035595796801	0.757396569932108	0.380147006265606	NA	NA	NA	0.251378590327724	0.74322144012423	0.894877706519631	0.363309711048794	0.420029536990046	0.335634898329487	0.428894532229032	1.18079085579656	1.014007104405	0.664767575182498
0.506830122857061	0.520528156289602	0.988314858501108	1.0400067441854	0.842608822956383	0.411681802699862	NA	0.803347675865394	0.275313071570884	0.81194247869894	NA	0.83723157894771	0.671199715426509	0.313328161767875	0.686423537822564	0.859764178641656	0.894609593538863	0.806980740987007	0.485820151853033	0.414125434502507	NA	0.696380836965731	0.839897009297921	1.08591560037716	0.923773731235173	0.757803456017193	0.576313465042454	NA	0.503263962020288	0.276312049468356	1.0528395123498	0.644001129477124	0.493818018464885	0.333407137197428	0.1696959404653	NA	0.535782685215263	1.38808209236279	0.754820489399796	0.508031001895918
0.767841689003715	0.482838530506139	0.444114846629341	0.928981837251329	0.654799757907986	0.648868534869951	NA	NA	1.18382467422718	0.691008312938384	0.232331340787053	0.606228304181339	0.176188946507475	0.615628454930293	0.994206641811728	1.02979242020697	0.912965974359262	NA	1.19291307983362	0.965069542107785	NA	1.04414635725784	0.811903767793083	0.601700515809176	0.530633308817742	0.587302343986769	1.53245723166356	NA	0.584494303745462	0.294963934467865	0.441004779755091	0.935133800240343	0.830250569290192	0.812837059393606	0.838438881379382	0.760543012448758	0.824909692448232	0.817576790428112	1.55699160025909	NA
0.293337423766506	NA	2.08320245926317	NA	0.928976669195894	NA	NA	NA	0.911367049960829	1.29293004765026	NA	1.27610872971242	NA	2.20041345144284	0.674846753843493	1.23591460975809	NA	NA	NA	NA	NA	NA	NA	NA	0.711792671341585	1.01587689914885	1.07309693145553	NA	0.670909187729457	0.7357901733345	0.846537275026503	1.27355746806575	1.12183792469658	1.26810549203262	0.670943004672801	0.525634651498399	0.621662124645858	0.371689858584219	NA	0.373064965841343
1.04029347718725	0.736028236649732	0.715032443559367	0.865229088138085	0.856914958668025	1.14240989940123	NA	1.04153394706783	0.388218508387185	1.08759198108948	0.354811493642634	NA	0.638603838212573	0.658700732525941	0.549166943921656	0.671825764901345	0.529294060545634	0.693871970062231	0.661900725924095	1.08721792624091	1.24348301227632	1.41323725837089	1.20712173718916	0.724855282726257	1.68242398757384	NA	0.422113737332732	NA	NA	0.735212759459673	0.899704937076745	0.911945352244187	0.570178607785553	0.575629900185841	0.948006845024333	0.767897041545389	0.785618681086188	NA	1.41926949625703	0.513302518256479
NA	NA	NA	2.0408082607798	1.91508310304406	1.93180713042779	1.55052150006332	1.88622103546893	1.84548704054694	1.96932362352256	2.04585890269548	2.44611839417657	2.15186288622991	1.38894114716531	1.19628562717556	1.57631857217151	NA	1.54766855136413	1.2505057493577	1.42505471226564	1.74166302246859	1.51147378246169	1.38022019038127	0.872793199087814	0.875390058339771	0.873796877088391	NA	NA	0.398211674008912	0.428350548528669	0.384252127630499	0.716177171185538	0.35643197032865	NA	0.205304451703385	0.552342001131036	0.987565249092903	0.860270818502745	0.479725852453651	0.656133110177672
0.430913487413482	1.00278889626447	0.723217361445628	0.913027558267734	0.650199815706858	0.758047818140762	0.51475145595129	0.857965176970468	0.329389845461588	0.417349761033358	0.353815367376616	0.513507807962273	0.597402208529246	0.422114633924714	0.363332120571132	0.651472056180899	0.37574168742698	NA	0.677036771776081	0.843106451543907	NA	0.745079564902768	0.492827381300645	0.874037425243729	0.602561475953976	0.739883703434614	0.568315482494836	NA	0.534980829666368	0.897597661015836	0.985801649282283	0.741412125591732	0.773670135060928	0.894875421156509	NA	1.3108778796361	0.945906853091919	0.901148418491563	NA	1.09478124698433
0.73914249495624	NA	0.753919139694885	1.00544213226998	0.696751721706632	NA	1.02241634797087	0.809854601780554	0.820913412348466	1.01539185260934	1.43203705246715	1.40704208973712	NA	1.55571929458711	1.62175808886144	1.05687527444252	1.29590565408878	0.986039972497975	NA	1.27245168962064	1.66154317525844	0.583778500940135	0.380116540599069	0.459060563547319	1.25545653993977	1.00674413975623	0.413493061021595	NA	0.379456190388035	0.305510976930951	0.582379424324195	0.700059543060734	0.294738219432101	0.206955056204273	0.550422979471697	NA	0.601776516325417	1.12073614438786	NA	NA
1.13406312660452	0.815777033561544	2.38854988213328	NA	1.31370435158813	1.36257266522986	NA	NA	0.793419602728312	1.66061916672567	0.587974005130503	1.31633263871956	0.437700696096031	1.22319526490805	0.985802669675051	1.38933986947843	1.66194823123934	1.09356460098191	1.73030511478508	0.884520518073027	1.72646707208634	NA	1.70660336537679	1.38185438331991	1.50365662097036	1.32838282164065	0.394276797295511	NA	0.431196780001152	0.83103377528555	0.607592906813495	0.658329201325144	0.660447666179022	0.77135578857615	0.969133100096835	0.801653107056587	1.26610797967215	0.905281306613654	1.72554427021151	0.825191109934198
0.97808990709491	1.12984096849788	1.07792373249322	NA	1.81890661173163	1.48243776883598	1.55632451875657	1.53375107595257	1.64274484150675	0.896931048946967	0.659564750729087	0.972493357149714	1.13938019581229	0.977486688040704	1.34937255845964	1.26867528024962	1.26339823287029	1.47547030120302	1.09114416812446	1.15597169699187	1.12060277977909	1.34826393299999	1.15070833945721	1.75566517607231	0.849594844344624	0.469755631485265	0.746059481997793	NA	NA	1.37035617339026	NA	0.627358439209279	1.19427650269929	NA	0.448756254040914	NA	0.922543144522965	NA	1.0606580268943	1.97331217750837
1.11412793912174	NA	NA	1.33099975702979	1.81614190873248	1.89390477570555	NA	1.86105122133629	1.19448134916318	1.13303611287896	0.973664011777906	1.32626971933915	1.17301060709618	NA	1.48637805601795	1.84036537137277	0.966016632532858	1.54673112889894	1.33687472290208	1.71028866480468	NA	1.2873192940195	1.37155527000177	1.09600514890916	NA	0.701660656157928	0.762474485170264	NA	0.345340040355527	0.376921133481746	0.308470617033957	0.368982106638049	0.588214665776095	0.341041383048912	NA	NA	0.484215926282891	1.05097798834729	0.525047930100108	0.859860737388268
NA	NA	0.286575737301577	NA	NA	1.67066849039734	NA	NA	NA	1.20409208862911	0.655287754415859	0.936792479161229	0.990844313648216	1.12871517573265	NA	NA	NA	NA	NA	NA	NA	0.75272660028774	0.72739720516377	0.706806268065833	0.609337444289486	0.395634216969359	0.411073817799536	NA	0.91390292582533	1.06862066246085	NA	NA	1.19876466759306	1.06587062037505	0.993515866001268	NA	NA	0.658508067227293	0.497658422660915	NA
NA	NA	NA	NA	NA	NA	NA	NA	NA	NA	NA	NA	NA	NA	NA	NA	NA	NA	NA	NA	NA	NA	NA	NA	NA	NA	NA	NA	NA	NA	NA	NA	NA	NA	NA	NA	NA	NA	NA	NA
0.427624279604526	0.604578033960453	0.615921125978057	NA	0.84507749764353	0.470020175204619	NA	0.618793623828908	1.63412180491395	1.3642138440484	0.532053336308228	0.738626185476979	NA	1.20172813005417	1.460545954	1.23173902527967	1.35421267060535	NA	0.83107581422041	0.960516382075666	NA	1.40302596977734	NA	0.536059983811451	1.86975405581333	1.28851502990617	NA	NA	0.486753733245834	0.693067430337755	NA	0.98459172813124	1.41460564899459	1.70043010646207	NA	NA	NA	0.919866208116862	0.510776753209291	NA
NA	NA	NA	NA	NA	NA	NA	NA	NA	NA	NA	NA	NA	NA	NA	NA	NA	NA	NA	NA	NA	NA	NA	NA	NA	NA	NA	NA	NA	NA	NA	NA	NA	NA	NA	NA	NA	NA	NA	NA
0.618809041695608	1.37067668388134	0.474195535035275	0.356945513626308	0.462369234495917	0.558043170482805	0.45662100917587	0.594387898297319	0.655682009599579	NA	0.730622010618847	0.554137698055914	0.287603388037948	0.559277663443565	0.754696465936004	0.650723597707866	0.812221623822423	0.833026459383053	1.06473446467962	0.897851257319996	NA	0.502747100568854	NA	0.745644478348099	0.597507626910891	0.339767320539503	0.25826159152438	NA	1.16330358757324	0.982867457752691	0.607474407519895	0.417100908650927	0.344895091385614	0.837888395738688	1.21950595626448	1.07954905427044	0.602188048856921	0.330768148482625	0.561165195773803	0.470853703952413
1.83444237489753	2.02679072842831	2.1997805351626	1.63999729137751	1.96803298700417	0.684828254847622	1.40159223684756	NA	NA	NA	1.70320428039673	1.58347476649266	1.9223916771001	1.44554900765194	0.906041028608951	NA	NA	1.44438709590834	1.24915363917858	1.19221826242591	NA	1.39421446719332	NA	NA	0.811566352633749	0.547941798199339	2.2182632442751	NA	0.718708915353591	0.448738863556275	0.677398264194746	0.510704562824736	0.24160876236497	1.33589568641868	0.685097586193618	0.593558678861943	0.744464931362926	0.893741826257974	0.845132443865312	NA
1.18172671674348	0.908699421805766	1.04268010379205	0.981606127259409	0.925483633631396	0.840936314533881	0.87123834199828	0.775054646725149	0.539600926125399	0.783197887563161	0.678679097897274	0.851486474755346	0.515802660749664	0.689065074099516	1.06563372070583	1.13421134440954	1.08733514050639	1.04831346342718	1.20161820465228	1.05212637239503	NA	NA	1.36878333191661	1.29115316274103	1.08653926249534	0.878323884438048	NA	NA	0.723155907227557	NA	0.999428783850249	0.532746698854143	NA	0.876105074428668	0.794459293083167	1.46666826675703	1.03867868788301	0.891394485323515	NA	NA
NA	NA	NA	NA	NA	NA	NA	NA	NA	NA	NA	NA	NA	NA	NA	NA	NA	NA	NA	NA	NA	NA	NA	NA	NA	NA	NA	NA	NA	NA	NA	NA	NA	NA	NA	NA	NA	NA	NA	NA
0.784158881067613	0.649136213631456	0.421193846705396	0.786898645293798	0.84746918996659	0.643766613924609	0.394820832505548	0.704248397622993	1.1999725043665	0.649481870588833	1.08471212311087	0.703083714282726	0.435297959119372	0.693846316514209	0.808900619574958	NA	0.451438828781861	0.669704048136976	0.467981170208768	0.568377016770299	0.557751573951701	0.810659820937196	0.865155661394702	1.05255037707769	0.655535867344893	NA	0.367529704915685	NA	0.45965523680788	0.660457240593461	0.645793261650521	0.816391907843087	1.09869208087214	1.3138388588732	0.76277071946845	0.524191471224551	1.10227082902966	1.23624585048002	0.573590343459821	1.05394898013978
0.85434936474455	NA	0.414300339354788	0.733928638411986	0.533267253151124	0.718766413666359	NA	0.591885467872128	2.38723053779767	NA	NA	0.982179191249176	1.00071419694404	NA	NA	0.672483588778439	NA	NA	0.201671256584591	0.587418328631322	0.739111070484506	0.983495863465348	0.700011513605446	0.723524572995945	0.994050884773991	0.681293528771623	0.574583690102448	NA	0.542928584331447	2.7441807934904	0.775244048347365	1.2081085587303	1.14291148744512	NA	0.935411997470798	0.769632917727689	0.840422158446984	0.830655987665832	NA	NA
NA	0.886052684655704	0.265908786736722	0.848747140740379	1.0763148140001	0.73913660875026	0.79515547428559	0.894967132270851	NA	0.681271239928115	1.18773504701417	1.5351423644256	1.22391493794738	1.17040652130469	0.556978440481672	0.427991746281261	0.997339999922222	1.36026622311317	0.575080652702008	1.51719816887166	1.26732947298607	1.17882352679273	0.640098233824599	0.335445411135062	0.668034177346488	2.28720064780315	NA	NA	1.01378379241135	NA	0.377891515996864	0.545747317197229	0.440615851275537	0.356491065623951	0.614084355982581	0.732836031978024	0.242668486079658	0.209311933708972	1.87137132530737	0.590319980350759
0.294809594411351	0.406949356856527	1.19464445139806	0.661183899198628	NA	0.611794444333147	NA	NA	NA	NA	0.327231623845814	1.64045718621975	NA	1.27868233713938	NA	NA	NA	NA	0.33927531448189	NA	NA	1.12457585728648	NA	1.00649907543753	NA	0.683225961928763	NA	NA	0.285049047617417	0.266320789511306	0.659538590938047	0.155800003151769	0.730685233689572	NA	0.443213095352795	NA	0.944895197697385	0.649117224469817	NA	0.920420979542995
0.61597825991205	0.903876366652258	0.870723434732464	0.469286803254644	0.291026421446563	0.379910116482877	0.907194514633369	0.934401752442526	0.61134617557497	0.231091921514727	0.447352478175641	1.47579394895344	0.516230328632032	0.512771562766768	0.628774487622121	0.63290095902972	0.219814507787849	0.177883268411825	0.423329296053088	0.478292833463172	NA	0.756959794306141	0.413524817090236	0.419510379728615	0.332741643808033	0.561241250332965	0.265868721499146	NA	0.702942983125791	1.04218705126724	0.671640011189941	1.12261268886408	NA	0.832228152332383	NA	1.26752323274971	1.23083916775686	NA	NA	0.572637050795841
1.17734637979843	1.71259082563167	1.71608253985315	NA	NA	1.60329362060099	1.41246519286128	1.50937810002484	NA	NA	NA	1.44901814482776	1.33903577962773	1.59190499165337	1.22840042718161	1.64121176255586	0.907544452127746	0.956852044710339	1.26619761994331	1.00921840035573	NA	0.899539182543989	1.04436297520573	0.863230285098429	0.602894737780102	0.516218975045137	NA	NA	NA	0.577455888298199	NA	0.263849136221507	0.698779224876647	0.594204294787511	0.824365107561534	1.02699960183377	1.36285125426925	1.21634765084368	0.637588195839224	1.08130520608382
NA	NA	NA	NA	NA	NA	NA	NA	NA	NA	NA	NA	NA	NA	NA	NA	NA	NA	NA	NA	NA	NA	NA	NA	NA	NA	NA	NA	NA	NA	NA	NA	NA	NA	NA	NA	NA	NA	NA	NA
0.390617916841977	0.687393820671783	0.894256789271964	0.528383789321159	0.718862872245992	0.72569640259481	1.10778441169556	1.14959676863542	1.06401044251008	1.07359318637809	0.968311237651954	0.83631254175797	0.767742429736608	0.870155088033584	0.739096390827105	0.751354038021404	0.678430944398141	0.769430810576298	0.872961557647205	0.769603826272996	NA	0.757783853890149	0.164464341945149	0.511752762911161	0.552653405874102	1.06651011329551	0.65467134315415	NA	0.132257990017098	0.644346960514817	NA	0.572297390418787	0.433687528695645	0.878616032957184	0.884798280300242	0.392619123061104	0.455711926055789	0.13150804796239	0.60164967593018	0.791503351962954
1.34023191413408	1.28578242745458	1.09785915194509	1.3168786806716	1.47685226290133	1.37574482706241	1.80685287583233	0.991788245950529	0.882547703090927	0.907398775089429	1.0005640542256	NA	1.05969890691911	0.646535867387808	0.889825687900495	0.657119438280516	1.19126942662385	0.768923131043299	0.77434103525652	0.956751869868596	1.69696371517252	1.0622446578693	0.795701955159508	0.755496046005979	0.89619347486386	0.683833822132328	0.477736234482553	NA	0.449237730957276	0.506276313378742	1.08378459396989	1.04281684494119	0.745408116963751	0.356055691067614	NA	0.605035669759891	0.770576226280068	NA	0.623384381219921	0.742575137138065
1.05804901885437	1.02351344614351	0.676073384880774	0.68159116550672	2.05336273465194	0.316996845140122	NA	NA	NA	NA	0.854825632036656	1.23904615505625	1.04336650649292	1.20320828789621	0.800090109694841	0.972559184482575	0.932753142212647	0.949318861947135	1.20300329756215	1.24886155641841	0.754679856917919	0.980996585390034	0.970755968794979	NA	NA	0.403250816446418	NA	NA	0.377120401149161	NA	NA	1.09731150270782	0.772467715720455	0.937172814753334	NA	1.15609012087402	1.2073226307967	1.58695088148644	NA	NA
0.539546106814743	1.55365245698084	0.424669453995727	1.16132625600637	0.893976662412711	0.404703757129005	1.01784258019739	1.20024910377367	1.47723020733181	1.51072195759017	1.08298089724136	1.03875494405574	0.887633841909656	1.18292808318002	1.3104499188207	1.27797509925452	0.882790484216236	0.925384520039906	0.823681867198685	0.350995507057157	NA	0.412656139575286	0.441728637325609	0.509182077435374	0.814358051518965	0.807949332310522	0.622217752325294	NA	0.782476832246526	NA	0.647343174075273	0.558862433671811	0.687015619333152	0.583164899556827	0.562304454514122	0.294805627956988	0.58411318366	0.450385097002217	0.486671996646567	0.389798928359477
1.62670348874264	0.741476406606352	1.80256702838573	1.78726648604219	NA	1.40336805150343	1.82026948672976	1.02844995777146	0.889690319324048	0.52476251701948	1.3290980237179	1.0157174386896	1.66046900657	1.0847923196942	NA	1.47931402843108	0.965621512792109	1.28785193512906	1.45120448555849	1.03470048281688	0.514970187146611	1.31312895051961	1.11237691776596	0.759694691983775	0.962806577528243	0.854231078545462	0.490013619654193	NA	0.0899911957472639	0.518968282518256	0.559867494895554	1.44414770874698	0.997718216570549	0.399371298391876	0.304628897370605	0.424146663505809	0.567836115717342	0.589101820029143	0.573829143257718	NA
0.791281744987676	0.591973578629267	0.736745599268553	1.15138205642749	0.855823257944109	1.12262932988593	0.73314353106075	0.691328692875551	0.943477726722191	0.691758093291105	0.618160725597079	1.6588008657005	0.244424031125	0.236904411342883	0.949049133856731	0.539367750137691	0.425291267344997	0.838557194042507	0.519644521675656	0.266301747182022	0.757275905105441	0.504822149293598	1.84230936488471	0.900802792269815	NA	0.244743725385653	0.245639067863135	NA	0.494816689577644	0.598123532010678	0.632041055049816	0.404671423072577	0.70625642809094	0.43285953883279	1.56676919300054	1.62099705691092	1.50908696871568	1.73232657176924	0.793676136609902	1.01375299431969
1.69910708460784	1.71476376854618	1.59830768395993	1.58778245644832	1.45032497500624	1.71315051660973	NA	NA	2.42634916336457	1.12785025062286	1.56802505835173	1.92518717216615	1.69798541819211	1.69227897266435	1.1216755572994	1.20969577821901	1.16874129195098	1.30722166880591	1.3117648362617	2.70652448786516	0.748080960526007	1.24811257616647	1.63874128046732	1.33080116911615	1.34999920965497	1.67819025265929	0.643650118296945	NA	0.786471234860071	1.01764604087053	0.521238377663389	0.261360338279216	0.580377581276889	0.980374644022747	0.984645910059542	0.375896686905619	NA	0.832814927001044	0.51738103277108	1.16225414662915
NA	NA	1.00655066401318	NA	NA	NA	NA	NA	1.04407425545789	NA	0.927727394143115	NA	0.77537985520665	1.17445711758498	0.965465429263142	2.31260189536385	0.265122029050266	0.662302140033167	0.726515627740413	NA	NA	0.827104976181667	0.324618704964816	0.902121299750376	0.766755079877791	0.578870752394334	NA	NA	0.972858672307982	1.08289401926297	0.914033180703566	0.942951436336297	0.758076213769487	NA	0.754405537632613	NA	0.376036885957988	1.70607035166389	0.748521864047927	0.728005580222689
NA	NA	NA	NA	NA	NA	NA	NA	NA	NA	NA	NA	NA	NA	NA	NA	NA	NA	NA	NA	NA	NA	NA	NA	NA	NA	NA	NA	NA	NA	NA	NA	NA	NA	NA	NA	NA	NA	NA	NA
NA	NA	NA	NA	NA	NA	NA	NA	NA	NA	NA	NA	NA	NA	NA	NA	NA	NA	NA	NA	NA	NA	NA	NA	NA	NA	NA	NA	NA	NA	NA	NA	NA	NA	NA	NA	NA	NA	NA	NA
1.49600405667108	NA	1.37060014809832	1.19177016129546	1.101391694693	1.45758682468921	NA	1.8979074938769	1.59371452544321	1.74490575544371	1.36510534296562	1.62900550543777	1.42970332641132	NA	1.67947599564787	1.97837264815248	NA	1.54147037217542	1.33336148287675	1.24220901466536	NA	1.72259162303192	1.49681748053567	NA	NA	1.11908635422301	NA	NA	0.121352398704727	0.382420471532316	0.492219082594692	0.403062948596839	0.173404445629965	0.547714836063573	0.879716545726083	0.823280883157792	1.03914417721535	0.27772756963809	NA	NA
NA	NA	NA	NA	NA	NA	NA	NA	NA	NA	NA	NA	NA	NA	NA	NA	NA	NA	NA	NA	NA	NA	NA	NA	NA	NA	NA	NA	NA	NA	NA	NA	NA	NA	NA	NA	NA	NA	NA	NA
0.922330406841925	0.873313835393243	1.02590475183988	1.09390545820772	0.974569795237095	0.887822968555246	0.810672594382538	0.683402261872705	NA	0.959443879871624	0.528959741585079	0.519168670091263	0.716470202553452	0.888222154839264	0.979805862133347	1.0604634159698	0.825678171315318	0.774955828936737	0.744944350655597	0.765241012643193	0.609535162758502	0.836023449266924	0.608004876114177	0.815951573144099	0.933964336741211	0.693766580067858	0.347022952666271	NA	0.395610542530298	0.312899593353502	0.394984491962541	0.433901269625832	0.678066841630743	0.697975113141352	0.624442028450785	1.38164410154294	1.09769458787274	1.97012151447549	1.0171850978852	0.973206823154234
1.43256142959201	1.97471641259278	1.44632398101921	1.29739295848023	1.15906968568624	1.05580030452354	0.958506111910785	1.00504792383414	NA	1.21616127066031	0.771369578532611	0.90356438242334	1.17502471583126	1.2659305199764	2.31605033789409	1.84988015594058	2.48553636473212	1.70619098727876	1.43336451650004	1.13809176786109	NA	1.43192769207456	1.10521230460682	1.22594276964557	0.839477370028186	0.887259580070468	0.628459093988811	NA	0.401190197541853	0.647996074473787	NA	0.778965911748468	0.716276862671553	0.877009993785176	0.475622787940729	1.33910433811495	0.46697690211932	0.310103836886139	0.77045342637184	0.732830697593064
0.457655006625553	0.506255839453202	NA	0.464901318141456	0.538207648653094	0.543619227870155	NA	0.458590406988548	NA	NA	0.846769295466736	0.573220280215654	1.08544878887268	0.867976538009418	NA	0.831418924108587	1.39495033065369	NA	1.01059010502942	0.947803843096221	NA	1.00625728183383	0.514339845684271	NA	NA	0.531652282161458	NA	NA	NA	NA	NA	NA	NA	NA	0.540847068336747	1.12963871884772	0.317971968532626	1.13200566735898	0.30203957521372	NA
0.24807658941011	0.789770372232153	0.528709121281373	0.446515472306457	0.448078026898191	0.441338453284692	0.333126448976248	0.654851268639338	0.411225104905324	0.300749792774987	0.649309904544951	0.575632261131134	0.496315278197711	0.573412553221	0.626748114250696	0.364873086404667	0.296302070873483	0.557249957752166	0.645467855788954	0.33913655500119	0.506862771822396	0.887960478158096	0.663116926121208	1.2640805282013	0.728022487919896	0.200797524092229	0.221883488172062	NA	0.71645376341982	1.60198095158424	1.02232957073533	0.22223171153768	1.52486295888313	1.39515359431064	0.768691201685836	1.06519449776952	1.10150170668681	1.39720873682605	0.426549586083454	1.05050006232458
2.06267020839397	2.15223682719951	2.16077539711901	2.38677227621476	2.18202240058346	1.93919204056465	NA	1.74891886223868	NA	1.96566773078074	1.77978458896966	1.74084033173691	1.84461702850304	1.79026162092907	1.70946168320377	1.71805238622482	1.70356805094448	NA	NA	1.45793405909807	NA	1.24687902275411	NA	NA	0.923592647872288	0.252959265824902	NA	NA	0.385580230276181	0.510845601465243	1.03163072232409	NA	0.641307269841398	NA	0.942369981863822	NA	NA	NA	NA	NA
1.34741444909527	1.17751472628799	1.25576791191252	1.23282392196721	1.48882810620682	1.02629396026467	1.24167667292262	1.36961982537145	1.17587600812399	1.34483780695195	1.20682335394853	1.33474040094466	1.06146857673552	1.00289929213066	1.70539208322382	0.926796184100894	0.688297967517624	1.10028068441693	1.2440623031263	1.15137916704899	1.09027007075815	0.994383297769197	NA	1.61021470027522	NA	0.701975905072745	0.705040891741029	NA	NA	NA	NA	NA	2.19803737292727	NA	NA	NA	NA	0.304339909650862	2.13638263268946	1.8071228690311
NA	NA	NA	NA	NA	NA	NA	NA	NA	NA	NA	NA	NA	NA	NA	NA	NA	NA	NA	NA	NA	NA	NA	NA	NA	NA	NA	NA	NA	NA	NA	NA	NA	NA	NA	NA	NA	NA	NA	NA
NA	NA	NA	NA	2.43231554895849	1.24344569324223	2.52597803975953	NA	NA	NA	2.55036421695956	NA	NA	NA	2.83264098744194	NA	NA	0.773293867213367	NA	NA	NA	NA	NA	NA	0.53245693621527	NA	NA	NA	NA	NA	NA	NA	NA	NA	NA	NA	NA	NA	NA	NA
1.03719208285034	1.17437447980607	NA	1.2248550620241	1.19014231322874	1.23068103126524	1.21047729783181	NA	NA	1.32917567105109	NA	1.6213719309403	1.38144929321957	1.59985638093245	1.54461213333016	1.87928978326353	1.37655640870575	NA	1.22418156539036	1.24150178656409	1.26226682632017	1.28089024703421	1.31078936882332	1.15488835418964	1.50140310058842	1.46334561947314	1.036974124707	NA	1.12665186090549	1.08270868266028	0.96957864666907	1.15795601202139	NA	NA	NA	1.73685699308286	1.79023604245308	0.810456934868888	NA	NA
0.656532495198401	0.499123478869745	0.793747825861321	1.01528506218152	0.879393904962023	0.792356817916363	0.521182571039256	0.502331086323694	NA	NA	0.264249090132225	0.453513925735722	0.652729068293245	0.453684336179741	0.448097327664792	NA	0.58784740757031	NA	0.494263211560244	NA	1.81282922218986	0.936466622341467	0.982186410812665	0.951933563247471	0.526399602141219	0.542964513913074	0.368777093155987	NA	0.420492148555746	0.425447026910327	0.660723380328151	0.335463462451312	0.301268634356994	0.335294781840277	0.507633524368695	0.182143408297269	0.256909009691835	0.245602098160709	NA	NA
NA	NA	NA	NA	NA	1.16984882515255	NA	0.685468695747105	NA	NA	NA	1.17152612277903	NA	1.77743793406243	NA	NA	NA	0.780123810100494	NA	0.734173336093081	NA	NA	0.995643798325581	0.584347143899153	NA	NA	NA	NA	NA	0.404615611990752	NA	NA	NA	0.690760562789251	NA	1.14689300483749	1.39523753882736	NA	0.714711514900458	NA
NA	1.03643695358062	NA	1.27771977368111	1.30789923067695	NA	NA	NA	NA	NA	NA	NA	1.34346857657295	NA	NA	NA	NA	NA	NA	NA	NA	NA	NA	NA	NA	NA	NA	NA	NA	NA	1.5733343799382	NA	NA	1.50478907775271	NA	0.500387322475939	NA	NA	1.05322265027137	NA
0.69984498072559	1.36478909804724	1.14088800627846	NA	1.31186917107	0.674463671072342	1.48129708229637	1.95385609818695	0.917236506045018	NA	NA	0.77760397224525	NA	0.543332267465327	0.980342544845559	0.81116567874699	NA	0.472896506721831	NA	0.570446504356412	NA	0.647131214552896	0.49520454631299	0.587752767819568	0.589858959038166	NA	NA	NA	0.43207707727177	1.04316910877219	0.696041223543472	1.53313746711904	NA	0.714973052453485	1.24285016112219	0.495142212141444	0.361850570913853	NA	1.46025870756192	1.16002177954131
NA	NA	NA	NA	NA	NA	NA	NA	NA	NA	NA	NA	NA	NA	NA	NA	NA	NA	NA	NA	NA	NA	NA	NA	NA	NA	NA	NA	NA	NA	NA	NA	NA	NA	NA	NA	NA	NA	NA	NA
0.423206019787503	NA	NA	NA	0.714476077216541	NA	0.736577944571383	NA	NA	NA	0.260052387690791	NA	NA	0.669674192229179	0.518279676401352	NA	NA	0.422990865341991	0.875105931667228	0.360368101282689	NA	0.502055112519676	NA	NA	0.497776924139839	NA	NA	NA	NA	NA	0.86798233413539	0.696652647589598	0.669874948223837	0.556047544766059	NA	0.366110158579916	0.545669043003688	0.739506124141879	0.32915378515839	NA
0.839417891295526	NA	1.05508399616273	1.00125778601256	0.810802124264273	0.651130956810903	0.663248233930012	0.445431617490381	0.70297285223787	1.1464361923725	1.09092284716604	0.833676799415178	1.11646741087305	1.08468154171348	0.673290199799377	0.379944336865246	0.721848655738653	0.902845668700672	0.75075151171723	0.696221015366728	NA	0.675584196377075	NA	0.402187187917506	0.671488803296877	0.83550698019763	0.327238472989958	NA	0.428042278338277	0.650747339382381	NA	1.06757685532376	NA	0.385609059798152	0.848941885615656	0.983461664875869	0.979663479265333	0.561660097475216	0.639632565511513	0.68937145230779
1.07451759240704	NA	1.50126822360673	NA	1.21141789642182	1.38256271802163	NA	NA	NA	NA	1.35956671097959	NA	1.94507614673582	1.61900136620324	NA	1.09916941891925	1.19883524921499	0.997215601206819	1.58017342567527	NA	1.05041476581458	1.19538389169181	NA	1.11531579205706	0.677468304077764	0.554215009086893	1.1255135720437	NA	1.99595419701793	0.202585467259976	0.582320390943738	0.594729595063329	0.757586246270471	1.16707213206776	1.07173444555248	0.968543283804093	0.797276267455499	1.27384110496468	1.50154315755566	1.61476539571734
1.27380474791401	NA	1.52671233759405	1.70087856441297	1.75298978592223	1.39463738135541	1.34312526599627	1.27337730560618	NA	0.677662037850369	0.839899124031107	0.983286030154839	0.733995774092493	0.806805392207452	0.9185589351175	0.986285610798698	0.857387817487877	NA	NA	0.729589128442329	NA	0.711369583562089	0.876605716409021	NA	0.92613328584726	0.783786327487337	NA	NA	0.607878671427509	0.916199607589478	0.869704386947789	1.03636584400524	NA	NA	1.20906518772669	NA	NA	NA	NA	NA
0.798758699406847	1.04065680652407	0.693480959153459	0.681694279707453	0.82205344105729	NA	0.559021802719947	0.855635306596692	0.810524213332341	0.6840130893798	1.058813957315	1.00050201136416	2.30198183961197	0.828013791981461	0.993665092447796	0.532895597597102	0.381027824555513	0.539806958662405	0.534911361937768	0.277798083056783	NA	0.414830436717554	0.606475575448804	1.007217143323	0.695731513720089	0.194119522267519	NA	NA	0.492859841371694	0.375173668416029	NA	0.588004067360933	0.616899421494956	0.729220427596448	0.238276644800299	0.170450938557733	0.357976377820869	0.620492215034383	0.481216708775189	NA
0.976574924512925	0.982942396471077	0.816275596966554	0.582659438018585	0.453668329654158	0.629885690996726	0.86820855152419	0.680553177858121	1.02408885730507	NA	0.634978719408048	0.693983196447965	1.04001157913043	0.35227414921153	1.12289658400756	0.951856840558068	NA	NA	0.640086431389774	0.934172671195423	NA	1.41780892241337	NA	0.847710080903855	1.01299918526319	0.564773626375527	0.691522902575219	NA	0.631930813556969	0.642009550641717	0.418232504777647	0.116114793521716	0.127423375283995	0.577179468641417	0.385522061371291	1.03367869351588	0.362980058397121	0.603470714890945	NA	0.263707743492761
NA	NA	NA	NA	NA	NA	NA	NA	NA	NA	NA	NA	NA	NA	NA	NA	NA	NA	NA	NA	NA	NA	NA	NA	NA	NA	NA	NA	NA	NA	NA	NA	NA	NA	NA	NA	NA	NA	NA	NA
NA	NA	NA	NA	NA	NA	NA	NA	NA	NA	NA	NA	NA	NA	NA	NA	NA	NA	NA	NA	NA	NA	NA	NA	NA	NA	NA	NA	NA	NA	NA	NA	NA	NA	NA	NA	NA	NA	NA	NA
NA	NA	0.629294240444927	NA	NA	NA	0.610548386474219	NA	NA	0.536032639749345	0.697635084543976	NA	NA	NA	NA	0.537876183353279	NA	0.788988310413809	0.515255698474781	0.400348782377217	NA	NA	0.103574298017691	0.460848367041846	NA	0.645673809963131	0.506008685198154	NA	0.599441434358913	0.745751584669952	0.398933425968279	NA	0.706372448184789	0.301348449703849	NA	NA	1.00801104926451	NA	0.676869957212606	0.437469769622167
1.85524525292421	1.71833860258453	1.61044994447346	1.86124592830035	1.36007030940546	1.35649073343178	1.22650717673488	1.49929483851639	2.00884592203192	1.68244883744867	1.72650313001061	1.52588042891479	1.18106341056073	1.53694372912062	1.98867564656115	NA	NA	1.94174519874429	1.89752342836685	1.21706387733974	NA	1.89502967746744	1.9578792157039	1.41362977608201	1.69403673273194	1.25235838502095	1.083389525235	NA	NA	0.432149557636653	0.175453014753449	NA	NA	NA	NA	NA	NA	0.557971998494429	NA	0.961030319506225
NA	0.595044015243579	0.324732721804757	2.38538001964955	0.9670652311133	1.00167823863497	NA	NA	1.99888781283888	1.36832463663614	NA	1.86931276014657	1.09965623366183	0.365800614292218	0.792287143733081	1.31124027109968	NA	0.296844470999129	0.283841152737175	2.44851004952888	2.61718183709028	NA	0.644223438258398	0.530403328556648	0.703595467198576	NA	NA	NA	NA	0.277933407602752	0.425627991408147	0.491854975211275	NA	0.190346891921889	NA	0.246896125448551	0.684812851095437	0.355697640065794	0.280317303078023	NA
0.91360161450195	0.828775048698022	0.799610342493324	NA	0.915028691618506	2.29799647210861	1.73903507768858	0.38405257194393	NA	0.560725008486187	0.521524818248439	0.728602736422086	1.2499169936341	1.03102322125556	1.29472171982661	NA	1.22137405739682	NA	NA	1.48957587511729	NA	0.615528126262431	2.39076009053018	1.75619152466842	0.437787236582803	0.427124826628178	1.00893033755169	NA	2.18472651895995	2.5152565767191	0.329630230007964	0.772660400598813	0.443585193821637	0.892178226283519	1.26672762598381	NA	0.505782221423387	NA	0.652333483244567	0.709007928531204
1.59793543453697	1.53571335906733	1.44332374486866	1.40124529966514	1.33483454530784	1.36086922465908	1.11870917260574	NA	NA	NA	1.23938787054988	NA	NA	NA	NA	0.847488582711899	0.870676884634284	NA	0.796596144155285	NA	NA	0.485647360785673	0.391774872012905	0.801442131426452	0.57615005431212	0.58599879017646	NA	NA	0.615065567101921	1.35879927180047	NA	0.661144813844526	0.979238122973386	0.525234440504588	1.34911611401412	0.147311027283504	0.824822745834094	0.707895378424343	NA	NA
0.539290985723445	0.406211607454597	0.857929778749216	0.356064589620714	0.579654882220267	0.226710322678419	0.651978125954417	0.65516396556024	NA	0.107617610680103	0.491856861096013	0.569752136281268	0.783150445619091	0.767851039684673	0.545899583948252	0.614946687901433	0.582932974103243	0.766581449978673	NA	0.474237514883694	1.41684025010071	0.592942684209588	0.959126669721704	0.607211132777356	0.704644666299716	0.653547522507195	0.336366394534232	NA	0.807436473883626	1.74622690671014	1.15445578695659	1.14681657094376	0.656761968511158	NA	0.452507636392815	0.541123595641138	0.47838156081312	NA	0.50074368983007	0.203164675146047
0.33551396428785	0.735516200520044	0.644246632641898	0.658448780311107	0.820002302159512	1.00899940882793	0.849782132501694	2.52329367993975	NA	0.368040357403747	0.250681025648507	0.559502773381358	0.531132282966287	0.431987503720489	0.320715685558475	0.594401240442058	0.470272939577001	0.964424971379771	1.0380309110488	1.00654844737505	NA	0.752979814136045	0.733759567011943	0.471364320262286	0.270152993432315	0.699070192890645	0.684841096137869	NA	0.747178779084946	0.658563715956893	1.31972437792218	0.496891189115492	0.492286132600211	1.31624990037026	0.641253673787536	0.696541062468112	1.02218923299645	NA	0.82572650752723	0.82682213369279
1.34015985557676	1.36587104169203	NA	NA	1.39013604763081	NA	1.10831605161964	NA	0.856940383009181	0.837808674684508	0.774675923150469	NA	1.04294308324608	0.887919262261568	0.78229899881141	1.12696669134232	0.682457980410112	0.566131821103028	0.770888464837445	0.981106410528354	0.673528429422076	0.970196745521486	0.8179592427265	NA	NA	0.738277127804769	0.694505589040528	NA	0.661069125919387	0.427860194119632	0.590203445286184	0.557364019690354	1.29130162079187	0.457254006511857	0.561504591671529	0.508216400578177	1.09110049320407	0.666065995088039	0.172905479260169	0.47369051876551
NA	NA	NA	NA	NA	NA	NA	NA	NA	NA	NA	NA	NA	NA	NA	NA	NA	NA	NA	NA	NA	NA	NA	NA	NA	NA	NA	NA	NA	NA	NA	NA	NA	NA	NA	NA	NA	NA	NA	NA
NA	NA	NA	NA	NA	NA	NA	NA	NA	0.575031557261816	NA	NA	NA	0.50369539764495	NA	NA	NA	0.531501248630067	NA	NA	1.510105498594	NA	0.359637026333519	NA	0.194240317861743	NA	NA	NA	0.422087822264429	0.592462051663133	0.846568899903035	NA	1.03387855067404	0.492975620410097	NA	1.03696318148049	2.86862276455684	3.53810968949896	0.523018711460445	NA
1.88318759671823	NA	NA	NA	0.65573187533795	0.220794901791813	2.02610843341669	0.586822743765566	0.339147230321074	0.449684286432072	0.48116144535392	0.501696852726091	NA	NA	0.83462754115949	0.918344487931106	0.978852298461756	0.69832850828713	0.96299353520391	0.749305844084647	NA	NA	0.588282481024008	1.01596305528827	NA	NA	0.740416993402838	NA	0.313032169897322	0.749402824714744	0.375724539220378	0.569395619357774	0.836857627965393	1.0205158715944	0.950103334340361	0.789453348839303	0.837484963810316	NA	NA	2.10616143178617
1.42896989876133	1.71494500934034	2.21320822964737	0.757952069944977	0.589166813398926	1.83129705342365	1.67166994868594	1.80365552668266	NA	0.378213908969283	1.89549680647583	1.93368017844803	0.991371996798424	0.400993163924872	0.83337658222921	1.05198143227774	1.05818413874486	1.26814439221798	0.792428366425698	NA	1.61161330944737	1.08956526485677	2.01829027116501	1.00825710808878	0.676810026396557	0.647124313902266	0.484308164023556	NA	NA	0.415080293624495	2.18909515952806	0.510605603046171	0.489902956574741	0.471242704536708	0.671015842261757	1.84322768892808	0.192613222938224	2.0950690529477	0.732505885841086	0.788271373427077
0.783146606446915	NA	0.83598037445809	0.574408215821789	NA	0.595499528706409	0.697561202969602	0.957928374251801	0.746802149026412	0.56214630603665	0.700231050080691	NA	0.722901755861077	1.05731937673795	0.915111561117219	0.806793849555023	0.935545997647913	0.719781819844965	0.981650787089507	0.602173826168123	1.23598915968128	1.13746004169826	1.42760681054483	1.24575923251522	1.32253920046551	0.913846184288896	0.487717729121434	NA	0.276567419939823	0.131312343413319	0.554106723569994	0.380031899567571	0.836620902746844	0.94789091482028	0.53404906834617	0.591618394744549	0.537495887989785	0.330486105308608	0.197055283030395	0.247683388557343
1.17770975706315	1.50137939081723	1.40992848277233	1.09864874650588	1.31501740382262	1.36105422565594	1.35877344311338	NA	1.64628026012814	1.59433519155634	1.19882997935366	1.2236158961435	0.766610691187603	1.11730067815956	0.870338561065645	0.842337870321608	1.36086157683826	0.7406421215751	NA	0.465792109487895	1.14861357490138	0.526932615164734	0.492409679764624	NA	0.33289604565576	1.75843368160494	0.649966936500098	NA	0.349321731108306	0.44643299448598	0.521109680093272	0.733798843006358	0.371045459317122	0.49446481185929	0.196309043134776	0.72726694912627	1.31927535335055	NA	2.38511783607831	NA
1.9177589225698	NA	NA	NA	NA	NA	NA	NA	1.24824093892923	NA	NA	NA	NA	NA	1.68194070301422	NA	NA	NA	1.9420173333174	NA	2.44216093971177	2.2107773862923	2.0283680224965	NA	1.72217977150501	NA	NA	NA	NA	1.31787843414131	NA	1.6406666863758	0.504783570931866	NA	1.77159337748924	NA	2.11723400299944	NA	NA	2.4804628588176
0.435652849532622	0.728244327244137	1.12751108603626	1.27810819426882	0.876614886859964	1.22170092800277	0.547833402269479	0.607641551179701	0.623273257507064	0.613662406470047	0.60527359718264	0.791968049198984	0.746552392507902	0.819263552334252	0.678547704778789	0.941738908961157	NA	1.35985186685278	1.37305496432031	1.15942473065366	1.45894713340477	0.691307829604666	0.438272362415261	0.392601156718125	0.485840484922977	0.626626581289252	1.66601524384635	NA	0.494837944196956	0.428823885552678	0.480027890045759	0.899095715594839	0.812870138471583	0.969753076856423	1.24781083671298	1.08212642358694	0.781228334992176	1.35820191784168	1.44635654735988	1.23854295432192
0.944891605287421	0.968256274064363	0.975148635412655	1.08015327878587	0.890299369290294	1.0985018249585	1.19082742350035	0.993457496431486	1.00880961618595	0.722353601139497	0.557668802536183	1.18931708650475	1.26742500457575	1.17965459349745	0.870228312908605	0.753213225133908	0.780278179085525	0.969967179846993	1.07741845642188	1.2275204516092	0.968003474566511	NA	0.988686414592034	1.04955211360514	0.570778454901304	0.388663986138697	0.199111048112827	NA	0.463984589107853	1.2058249416831	0.748773946391866	1.46673231922796	NA	NA	1.02732122159968	0.960087141323619	0.820265545654325	0.625760461754882	0.797815175285316	NA
NA	1.54668134723875	NA	1.52446688026321	0.994248118146653	1.07116651015734	0.818441972159122	0.698474359532726	0.99539250974484	1.36876585137815	1.39448420591422	0.893658277011417	0.686804715104981	0.466296206287489	0.518689902072536	1.14939136542146	NA	NA	0.901949429295157	0.680564815446933	0.388893212433169	0.681956323733933	1.36112643710912	0.897020065062261	0.970333210893774	0.510813353459552	NA	NA	0.122694990974718	0.147413849938588	1.07211289950628	1.40253250503661	1.8396329525308	NA	1.99267314530691	NA	NA	0.762895967535392	1.70975091801943	1.4176675255282
1.07753051114719	1.32328841599835	1.54374311742454	1.10859418025303	1.22665041145707	0.9997128621454	0.736332134815866	1.2012790857899	1.0376228850058	NA	NA	NA	1.06726380064595	2.04017854363524	2.02749374985353	0.877264327481507	0.667102227645141	0.926874617105898	0.943709619852002	NA	NA	1.18210597615065	NA	1.43811555582489	1.56590540440521	1.06121918766492	0.949340289302683	NA	0.498775763448687	0.631480110823351	NA	NA	0.550593665425456	0.808555557090803	NA	NA	0.777769508487663	NA	0.167109331644568	0.450179877529498
0.847052319188077	NA	0.824663536017743	0.882714803897267	0.602307939117943	0.815095955144951	0.586910660581334	0.578538634586487	NA	0.465483750953279	0.198678656708187	0.37794798364087	0.70348259851887	0.624573232477071	0.60065773899034	0.984372757569815	1.31082521413594	2.06062000704762	0.72138769116726	NA	0.358487207951257	2.97948472626097	NA	NA	1.76752179688529	NA	NA	NA	NA	NA	2.03666267327901	0.37083489382869	NA	2.20983277720228	1.79029095257941	NA	1.9402378634834	2.11943970311432	NA	NA
NA	1.31821801137762	1.28357721211264	NA	1.58863939132993	1.42640856156987	NA	NA	NA	1.64149709868106	NA	NA	1.59298218303941	0.934860876612662	NA	0.931770693659378	NA	0.916632682495559	0.832682072828208	NA	1.46708128401936	0.76268253291718	0.678184222440141	0.748482093398918	NA	0.529666099375215	0.630230624148674	NA	1.24761132730803	0.283893450239508	NA	0.477904678298791	0.868695999214587	NA	NA	1.50184476920326	0.303744132768114	NA	NA	NA
1.50056482146989	NA	NA	NA	NA	1.53594365036203	0.667323998234462	NA	0.405237187008565	0.824118289027002	NA	0.532927585997757	NA	0.672232105249516	0.450045584808529	NA	NA	1.19913771868575	0.719906034910454	0.478323970927521	NA	0.785612524965562	NA	0.556062948431706	NA	0.671833488491096	NA	NA	NA	0.830923219804946	NA	0.895464265867927	1.12525950961225	NA	0.627045786807427	0.824775664195324	0.2515369201462	0.508929569949526	0.417773996738351	0.38306095589808
NA	NA	NA	NA	NA	NA	NA	NA	NA	NA	NA	NA	NA	NA	NA	NA	NA	NA	NA	NA	NA	NA	NA	NA	NA	1.87179647465237	NA	NA	0.237900359266806	0.238405920427359	0.431051603459208	NA	0.563933313183228	0.880857699185714	NA	NA	1.85582370994624	NA	NA	NA
0.531849991899798	0.911849188438769	NA	0.384965073120066	0.623354995312156	0.779405859021989	0.8466785252813	0.842486145228585	0.83576224368646	0.649476003154264	0.635375002671611	0.879660774708924	NA	0.484588375821785	0.729454402396936	1.09780431445516	0.927983585412841	0.543213713494016	0.417636974163746	0.504921955627168	NA	NA	0.667130992591613	0.396712014777057	0.454267118758888	0.416033024830432	0.65037133123361	NA	0.487893760570487	0.41111923124417	1.06904782339517	1.09246713342415	1.03027909032885	0.886955434894777	0.945264153265121	0.65387157371167	0.831624803894167	0.779448665775758	NA	0.315745644083376
0.669584481036981	1.03114569695927	NA	1.83748973550397	1.03928655362084	0.884533851622466	0.787085444534276	0.669816345249531	0.794011530712517	0.866625795247671	0.943230846421079	1.34328090877329	1.30987326363523	1.04110693030214	NA	0.862239691740433	0.727178115771143	0.68526913900325	0.816128975262326	0.784571550121323	1.71377016991112	1.03096537118005	1.14964614986434	1.14177333927251	0.646996762998488	1.00356346905725	NA	NA	NA	0.900898830560783	NA	0.696635336147754	1.53678947949931	1.37448521419366	0.428618264353852	0.534113162923948	0.710879821104473	0.0905698953388984	1.03119331230278	1.39964571619839
NA	1.25175136136373	1.14646872834258	0.487290951173324	0.898586410159938	0.76621421307432	1.40154382668315	NA	NA	1.38892517671518	1.5473345157893	1.2013829847098	NA	1.27578249570244	1.30191024204418	1.57165428372826	1.14877077417164	1.07952182864586	0.721036042635968	1.64870993703283	1.33432969666158	0.415652222829586	1.05693077165836	1.34150729991697	1.15093009264056	0.591569819148377	1.43354045080228	NA	NA	NA	NA	NA	1.38687364340605	NA	2.01504547181153	1.46095177380991	NA	1.76494221295729	0.63371254476752	NA
1.53874623249691	1.33696014478864	NA	1.51457986686086	0.973391157093121	1.03550690175901	0.995243834891257	NA	1.35225960671266	1.53075065203613	1.53987339411755	1.46425454491153	NA	1.43922797085026	0.969153792467346	1.12685157956939	1.1317312615623	1.36314248567601	0.854295761814539	0.702288568270019	1.21167579383794	1.13901116475248	0.827146382165093	0.984278947116536	1.02093623496876	1.23334041074919	0.822473523911443	NA	0.268930181856848	0.671844928019918	0.740993316995684	0.255101747028248	NA	1.19482110464237	NA	0.14377651695598	0.287443502786083	0.862392728468732	NA	NA
NA	2.64672905798517	1.86940272312447	1.55715259613563	2.35456179806042	2.31763977432665	NA	NA	NA	2.57052737356669	2.33755143771238	2.67352948243313	1.42566328016769	2.39711945231451	2.05149581525304	1.99980444091849	NA	2.90002844366128	1.99232936129536	2.92267206063376	1.34431265371146	1.62048636183554	2.40626944232751	NA	1.6815380562378	1.57132746251116	1.11156030641573	NA	1.19977919730227	NA	2.31109795265201	NA	NA	NA	NA	NA	NA	NA	NA	NA
0.303478601144114	NA	NA	0.920977249503257	0.983041311527745	0.856307277137685	1.56929727889599	1.22619142692641	1.13803242828666	1.35216468507616	1.1662058635172	1.02032113363255	NA	NA	0.7392648171653	0.672129591352623	0.707686861354072	0.573455621142709	0.470513044565091	0.784806196772462	NA	0.966424183770745	0.846560911472589	0.543067752572398	0.767024793833131	NA	0.629519135137561	NA	0.573528486790733	0.582889771330901	NA	0.937469284135372	NA	1.11093278230106	0.36759796568177	0.535856162577378	0.39327016365619	0.503385271160707	0.647295278233491	0.412706927577215
0.860542350533417	NA	1.25351710687283	1.43637621279039	1.16954475220707	1.09540871430497	1.0128543773891	NA	1.00559126497629	NA	1.22514438547385	1.2246430857338	1.6686667741703	1.30555598817422	1.2373566891833	1.17909219938463	NA	0.92009971131504	1.06147877939739	0.876949801027309	1.06572769541546	0.711667647005437	0.727612886608328	0.584881089747375	0.973281105174576	NA	2.43896120846794	NA	0.806436346462284	0.375704817612814	1.10134097132085	0.546305250159624	NA	0.517318484712899	0.391616394596813	0.258525417028135	NA	0.638623604591713	0.557510764322007	NA
1.231164134145	NA	1.35084410341404	1.44002029504865	1.98572342805743	1.41515705506302	0.846427927600963	NA	1.01613075817379	NA	1.40022436743309	NA	1.35913538749071	1.53264347534575	1.11746805317705	1.01411152272727	1.06527414031996	1.14383568960087	1.17171808052888	1.070729574834	0.99027689416586	1.35919216737454	0.65113799786787	NA	0.924685073997415	NA	1.28751629977971	NA	0.37925097058766	0.584143250127445	0.457639579207444	0.150545850148173	NA	0.609558809929085	0.751569860542794	0.701119882155209	0.66976516766498	0.949373591406128	0.226396257317596	NA
1.01804150694433	0.984175641888029	NA	0.930181997933872	0.899113686364448	0.436585250205069	NA	0.274010290852979	NA	0.554530435044386	0.422247300543199	NA	NA	0.491695782651159	NA	0.963204649591096	0.46363883236144	0.370464161500087	NA	NA	1.02480039542132	0.894387350844522	0.912879739954508	1.00060427216672	0.787410914600103	0.435336341344265	NA	NA	0.54575202914787	0.894976441762961	NA	0.344768640016335	1.1449979809218	0.354397212372385	0.695508030737191	0.584977390113121	0.811801310171167	1.05204248560663	0.962607092167664	NA
NA	0.937682738935021	0.804619753389079	NA	0.279593620028586	1.19900462488854	0.906143800568932	0.972317116396953	0.402537194747032	0.347323843533997	0.686795813476661	0.876725847584267	NA	0.628328171659153	1.01401967566271	NA	0.52003423790158	0.747656873795702	0.963621325631525	1.03329072703633	0.378793569279991	0.984122604354573	0.671002233748507	0.534211106517906	0.447793508495913	0.56953465896969	1.50440311743342	NA	2.18368812467928	0.200990663016626	1.89352089916235	2.51694918503839	2.38377789770193	2.60477745359348	1.66311568417642	1.27926614989994	1.77696493968088	NA	0.813454322613992	NA
0.614739868642699	NA	0.777278056949428	0.733260965582907	1.01106698830213	1.03320148225755	0.468390355103621	0.924348293346411	1.02424017269759	1.2558839165095	0.564134397405478	0.65269363729327	0.747911205497564	0.405944533207184	0.712765184732964	0.520902591828702	0.729498175359781	0.660867719278033	0.414034778042497	1.24007489318968	1.23294412026889	0.712012832365715	0.425449106649522	NA	0.5107207956865	0.490305073592686	0.278009968740103	NA	0.388656498993788	0.300214490212545	0.510123944804632	0.528286497523907	0.377524061315763	0.505051849495172	0.553443434529747	0.680909986264546	0.27892190462115	0.857476157851078	0.825673223161863	1.18841725032399
0.522749475848723	0.813798118270255	0.694941279250561	NA	1.40514475381647	1.46836305301732	0.819288751186082	1.29796261655708	0.915167104973353	0.77001440383056	0.839689085114136	0.832103254250774	1.10273396438585	1.1021805394617	NA	0.71949203903945	1.09740779787206	0.359063647643557	0.310610608809269	NA	0.897461302684608	0.726271264737983	0.62428074592411	0.733732420783159	NA	0.709334334881937	1.05453356965449	NA	0.329969953582814	0.703926133617155	0.815438343187677	1.54751258659271	0.715677125914077	0.735368101016708	0.971755631504015	0.356368262103271	0.937115909810143	1.05033388887146	NA	NA
0.710462216177862	0.731267578298869	0.730944771703609	NA	0.763512810312721	0.459419573541114	1.44668338701047	0.753620751712104	0.37488593184594	0.53096545082779	0.94422502313921	NA	NA	0.357006718318281	0.340387741123982	0.654785101471315	0.433359657309626	0.36456572339609	0.26430304816151	NA	NA	0.534825726104508	NA	0.561161337567671	0.376309715116148	0.762701690699348	0.560017358204302	NA	0.766978832672101	NA	0.43987941494215	0.393638617147858	0.26172127574323	0.265571078041648	0.503512771312792	0.207493827026591	0.889711521765393	1.19417206530686	0.473948292420941	NA
NA	NA	NA	NA	NA	NA	NA	NA	NA	NA	NA	NA	NA	NA	NA	NA	NA	NA	NA	NA	NA	NA	NA	NA	NA	NA	NA	NA	NA	NA	NA	NA	NA	NA	NA	NA	NA	NA	NA	NA
2.04636406469158	2.68061045347883	2.62065142999488	NA	2.3908694905772	1.78487463021719	2.37292269806968	NA	3.34514823726014	2.8837349803572	2.8104167136365	2.3865914675069	1.56181434122361	1.76822486159597	1.84401051890344	1.9946944125196	NA	NA	1.28377400048411	1.3774015038219	NA	NA	0.888359478073165	0.991861556698922	0.938925703640705	NA	NA	NA	NA	NA	NA	NA	NA	NA	NA	NA	NA	NA	NA	NA
NA	NA	NA	NA	NA	NA	NA	NA	NA	NA	NA	NA	NA	NA	NA	NA	NA	NA	NA	NA	NA	NA	NA	NA	NA	NA	NA	NA	NA	NA	NA	NA	NA	NA	NA	NA	NA	NA	NA	NA
1.28088996345448	1.14318878169649	NA	NA	0.262945933935981	0.74090940242338	NA	1.85039785060412	NA	1.18258874270666	1.16883611421431	1.00475652720966	NA	0.924922198664059	NA	0.943163847021324	NA	1.50393599188987	NA	0.572998941026156	0.61943198481598	NA	0.718803668700647	NA	0.538916066922265	0.250147135305457	NA	NA	0.64510757326423	0.762103341833881	NA	NA	0.887144171551599	0.931237230355628	1.71293448360699	1.55764137866487	1.73314662840475	NA	0.832266593008121	1.75073560458612
NA	NA	NA	NA	NA	NA	NA	NA	NA	NA	NA	NA	NA	NA	NA	NA	NA	NA	NA	NA	NA	NA	NA	NA	NA	NA	NA	NA	NA	NA	NA	NA	NA	NA	NA	NA	NA	NA	NA	NA
0.737137834781127	1.1252529642537	0.966627486743651	0.568386209309793	1.19627610152194	1.28746499025033	0.605638843601869	1.53925830223672	1.06516997736607	0.964398649261348	0.856513244754321	0.72018471725421	0.979691437512472	1.24537614108269	0.985876979929635	1.13337755843816	1.30675228510041	0.364712638899993	0.460842236418918	0.937632784850462	0.930489676093686	1.39111944618886	1.54927820587227	1.50126149743891	1.50135762684509	1.40148382783925	1.29957755737646	NA	0.396348838599972	0.401162830096219	0.2969933718233	0.195432034958053	0.596361731684252	0.700296247062094	NA	NA	0.754544731492094	0.82031148182793	1.31053751862495	0.943787308753556
0.629674903433302	0.430480371096462	0.687127742900378	0.753218815962687	0.606983576775879	0.61825515820493	0.342118349250547	0.903657230989966	0.322875325020375	0.45613327019112	0.775987843057205	NA	0.602045012550083	0.862381573363825	0.477969067240742	0.612513721925465	NA	0.767444228303634	0.976479588470994	1.1055719844647	NA	1.24324316314244	NA	0.901084394306607	0.76369471597251	0.61630359536584	0.412093951985016	NA	0.769636734486065	0.470499828748122	0.567617130041165	1.3119922656606	1.35123068232895	0.899150141026373	0.643083112306966	0.703143293486109	1.25597084473521	1.24725821009464	1.6151493058661	1.27926301860798
0.15024976865781	NA	0.427496228512518	0.528200342273839	0.607527822947118	0.579486666253025	NA	0.525566415254164	0.594821258620097	0.467398799628415	0.298070746197378	NA	NA	0.511374253442478	1.04628864461968	1.1303840763807	NA	NA	0.285905071026883	NA	0.527391353373961	0.696537512265994	0.548979273160976	NA	0.365485424954919	NA	0.520741028564537	NA	0.702435198720339	0.773860813261138	0.25395672594299	0.707724301887597	0.468908865247008	NA	0.473966289319264	NA	0.438785703705853	0.686052188449674	0.438640390173923	0.603631046981023
0.389336160368341	NA	0.523102875346869	0.838630128087978	0.903931614389248	0.903250624997861	1.0876103707422	0.676700737924968	1.21381679707833	NA	NA	0.249845430186752	0.453929400138364	0.455096324849083	0.765080148190787	1.05384425295982	NA	0.455856101944369	0.364767361163471	0.332421591119625	1.45103401670715	0.747506038542423	0.966929208277648	0.76985655502632	0.614412299603781	0.340044543491764	NA	NA	0.255849209002006	0.525787158071759	NA	0.263631350466516	0.520421603260944	0.426603788926241	0.619357884519904	NA	0.951052728709646	0.923034476366857	NA	0.461559667768298
0.349844749292038	2.56252319931531	NA	2.42624856569225	2.6641318115345	2.43874958620541	2.31423167534487	0.901818870043111	0.389143477604864	NA	0.47456228375422	0.313898864819541	2.13729812267991	NA	2.00448020393482	1.06684585524786	0.3697656222095	0.613921714731857	NA	0.325658225747802	1.03256877963641	0.487495971427482	0.804398608807244	NA	NA	0.288136947006421	NA	NA	2.54090632278787	NA	NA	NA	0.549773217222089	0.452127590294718	0.549703432679001	0.433229114595523	0.276912749888178	0.395323250861878	0.121906714289446	NA
1.23502664982326	0.973063563187549	0.985387602682856	1.08166055735285	0.937837369595684	0.925285343116121	NA	0.40829087816026	NA	1.14789845701679	1.24511330160019	1.23276904388575	0.947401086021768	1.38488174016419	1.27062712176584	1.91717808283763	1.22454929213528	1.81086086994041	1.51030883866809	1.82128190640916	NA	1.41591923704344	NA	NA	0.792288621450014	0.364924149729919	NA	NA	2.24294979089224	0.367502568973765	0.269112524392934	0.421015907388497	0.907032388578072	NA	0.699209376720455	0.356396791256407	0.590041549797246	0.731851187469698	0.782175964846992	NA
0.519311993411226	NA	0.420856609061465	0.506325009140326	0.889683878595789	0.491607541324093	0.563196411714562	0.73096340153327	1.83101925410769	0.725531490349642	0.268786915265735	0.665834317350933	NA	0.485561723947736	NA	0.368807562443715	0.360862884869649	0.667268610196236	0.928572837932365	NA	0.439166656292005	NA	0.523899643934957	0.847718921377282	NA	0.335490945598015	0.319206841368879	NA	0.265194294515621	NA	0.792485939706901	NA	0.914943011928283	0.874307573294924	NA	1.26790778371093	NA	NA	NA	NA
NA	NA	NA	NA	NA	NA	NA	NA	NA	NA	NA	NA	NA	NA	NA	NA	NA	NA	NA	NA	NA	NA	NA	NA	NA	NA	NA	NA	NA	NA	NA	NA	NA	NA	NA	NA	NA	NA	NA	NA
0.95608511556185	0.615655892577324	0.664697266075156	0.231224145931117	0.712615346823042	0.669582588315767	1.07119386296066	1.24493628387921	0.689724885529847	0.355469940164007	0.406949501138544	NA	0.137121300147188	0.396678657651547	0.367848765174269	0.266713181253779	0.589718493096274	0.413300908821203	0.129431111804836	0.699207081121402	NA	0.828921051790154	1.28904698651063	0.628063887954517	0.613468480194496	0.691656134653141	0.251949256096542	NA	0.544437795995774	0.259894676609715	0.692890071733506	0.841798410738147	0.530894120134259	0.361837284729661	0.897168091242178	0.519582357175253	0.597541605835689	1.15488320243963	0.475285821670833	0.405688619119481
NA	NA	0.815500538689576	1.06247348561564	1.14609242324085	1.49776507286238	NA	1.31482436777324	NA	1.67063298512501	NA	NA	1.9584753295942	1.80967000228042	1.97764315643424	NA	1.40034739095771	1.10103591364376	NA	NA	NA	NA	1.2850005580839	NA	NA	0.844147000371312	NA	NA	0.286947481193013	NA	NA	0.368270585658547	NA	NA	NA	NA	NA	NA	NA	NA
0.685743158990114	1.11192310485531	0.647649033947658	NA	0.595508083051735	0.877937548757072	0.552366327108593	0.82019311801691	0.912007083709025	0.822770771831935	0.752952526396722	0.770660909416981	0.785188925634737	0.996821697718461	1.01176475030969	1.21039261833063	NA	1.61565676307804	1.04670523842647	0.81849997545932	NA	1.07282208468774	0.912609767335747	0.782563816590586	0.646605257466173	NA	0.546823643036803	NA	0.512798011060502	0.487737351813722	0.525137487184643	0.492069938855078	0.568793757182035	0.693646750449893	0.430237879577291	0.780233497690848	0.643013410858619	0.73582091598392	0.669621866322061	NA
0.746365520332785	NA	1.45692558275841	NA	0.971398414672073	1.16907138939929	1.26150554349167	1.35972670118901	NA	1.35550936098631	NA	NA	1.16309912948502	1.16669321059511	1.06611427647291	NA	0.379688048883609	NA	0.468693676136516	NA	NA	NA	0.654033628311209	NA	NA	1.07470495398574	0.867911868185669	NA	0.698436424702804	0.636355837717879	NA	0.525913805195391	0.501906495357021	0.72164074315653	0.993418963011963	0.527211359100925	0.825019751177821	NA	NA	0.979958339282319
1.41266857101895	NA	NA	NA	NA	1.48059162819368	0.892345199837953	NA	0.748774493091361	0.906613160571649	NA	NA	1.01837724080451	0.689327657731983	NA	NA	NA	0.898203592466306	0.617544588295373	0.455234422817868	NA	0.537894539746274	NA	0.46984257101146	NA	0.482633586076228	NA	NA	NA	0.703602270214552	NA	0.785756933183121	0.643631829356969	NA	NA	0.486512450830227	0.471203651994257	0.619724248550551	0.377919492102606	0.799118635747519
0.92821134564338	0.949400021405859	0.884576570916941	1.19500745544451	1.05982660299055	2.20927706063886	NA	NA	1.21780743941715	1.39579139355363	1.36040932046748	1.34000543436491	1.15066412605745	1.48623550259082	2.07639661855616	1.34515117748065	1.55789281064867	NA	0.931751059302784	0.80568171093338	1.06931333841671	1.0584058236704	2.19570407209089	1.24789049145388	1.29799393246531	1.09666468340214	1.06445147987435	NA	0.17817767439969	0.253002695209989	1.86544388460361	0.861711509765395	0.46019436082171	0.782822091484707	0.609854200351175	1.55503999446549	0.475369010521134	0.940397550488341	1.26451416515929	0.676782721462961
0.614053767659126	1.20683324964957	NA	1.00064495344301	NA	0.868785523696139	0.973087088797555	NA	0.739963539285677	NA	NA	NA	NA	0.31511739831299	NA	0.550780966821286	NA	1.00432886009054	1.0135992377904	NA	NA	0.406093433066669	NA	NA	0.182954618661004	0.278167886032543	NA	NA	0.329031721972178	0.221523921801188	0.745660500713429	NA	0.470186016508255	0.485261017537919	0.326916169241443	0.353922886791064	NA	0.639670823057357	0.93819395456666	0.497437714096313
NA	NA	NA	NA	NA	NA	NA	NA	NA	NA	NA	NA	NA	NA	NA	NA	NA	NA	NA	NA	NA	NA	NA	NA	NA	NA	NA	NA	NA	NA	NA	NA	NA	NA	NA	NA	NA	NA	NA	NA
NA	0.792837438335439	0.408254927254845	NA	0.74387876344191	1.18044447521163	0.740473797609401	0.258394338406661	NA	1.58146122844402	NA	NA	0.971528859305071	NA	NA	NA	NA	1.2003538062659	0.979496450551674	1.18344605029253	NA	1.24404802882787	1.32826960995267	NA	0.965605221097347	0.729071288282449	NA	NA	0.513770759511821	0.27774092370323	0.211454332267278	0.55416415532247	0.286808124791967	0.305122295834457	0.284535252982407	0.712877164680179	0.573974973204774	0.112655331499164	NA	0.70196056664022
NA	1.23446041290411	0.188887230955032	0.396624471019941	NA	0.666913259708879	NA	NA	NA	0.698921967379084	NA	0.864314065116986	0.227170355178344	0.498242944795849	0.395960576457566	0.593664691468371	1.4449075932807	NA	1.27937784977032	0.646934644592494	NA	0.994165050708614	0.724592798269995	NA	1.47785779489523	0.388321161935503	0.288341045341364	NA	0.0275395165905462	0.305435436883043	0.244767459128158	0.220665553968798	0.555667266081697	0.484682457544322	0.63395953054989	0.392144556562282	0.763937334207741	NA	NA	0.576254736300899
NA	NA	NA	NA	NA	NA	NA	NA	NA	NA	NA	NA	NA	NA	NA	NA	NA	NA	NA	NA	NA	NA	NA	NA	NA	NA	NA	NA	NA	NA	NA	NA	NA	NA	NA	NA	NA	NA	NA	NA
0.987580090008867	0.85507843549485	1.20868546728852	0.623698023154755	2.15821214803224	1.16056507439836	1.28617306424259	NA	1.30268823921778	1.51209015062293	NA	1.91974023521279	1.49821747927337	1.25651775674201	1.21229500178315	0.909374206166752	0.643891792639734	NA	1.14523960685835	1.32992180401599	1.15245239285958	1.58728103800846	1.05607618776366	1.99423073263391	0.610277904313546	0.20348559596646	0.779313394495455	NA	0.337450235876301	0.291416660600463	0.700031563104299	0.599046594805469	0.778598192505885	0.353525058230736	1.10175978291774	0.966677325287722	0.985645169638449	1.26649940459034	0.9570039362705	1.21847272740252
1.54660718631922	NA	1.26371855386607	NA	NA	0.478960547901647	NA	NA	NA	0.508267660606662	1.39304110669671	0.570971197070865	0.848538745076195	0.445690164426838	0.666615221962068	1.16804868281128	NA	1.51544346036618	1.11654313250838	0.51076548706691	NA	0.556346841194648	NA	0.391851258895642	0.589135264208247	0.476097884192883	0.252672470346827	NA	0.396825723351188	0.374998013131565	1.1798157664099	0.909511996218093	0.428132567986258	NA	0.59364097357624	NA	0.209990745355495	1.02615002725159	1.41544122101083	NA
0.443138712222419	0.248937327073302	0.19795444616333	0.330028362866292	0.295421850012778	NA	0.345312331543142	0.237452789494941	0.284431777947842	0.365519900339842	0.798364508744749	0.84095727373654	0.622854314939643	0.569406096121452	0.418818941348079	0.436857185419469	0.771039718325683	0.653807870641288	0.779794204799581	0.336393428180634	0.791822760631419	0.252152129235762	0.52487503455018	0.692640531677228	0.810243101118546	0.733190433454131	0.715496991329137	NA	0.794669999533385	0.522875248763067	0.265272679392319	0.760157768186885	2.19882083134957	0.983981427238433	0.882200089447518	0.754522709565709	1.14976349825751	0.61713660604237	0.67067418364543	0.272639329334963
1.0829789930952	NA	0.895120229787191	0.949181009172909	0.729342456855716	1.29977361897696	NA	NA	0.418988074036271	1.50780187909994	1.39886040025449	NA	1.62084202280696	1.88689048238631	1.05997545994741	0.659751262259071	0.335016849077814	0.348270064640331	0.544592268093087	0.45651288241619	1.65491201856291	0.634438424582942	0.70235259424741	1.06721834468142	0.434055704563256	0.40850856713233	0.879248813271532	NA	0.874544621962218	0.924843804552436	1.15354129316287	1.99609244258749	NA	0.668202804768965	1.05912415561921	0.584347159976877	1.11438686318271	0.878646636230296	0.788083838939894	1.30705125226876
1.00710551850868	1.65806806417437	0.436160670751685	1.10830712280222	1.19521152424477	0.159897590369005	1.68499192873655	1.3387989914473	NA	1.69029240324018	0.702986215846531	1.04419292019972	NA	0.667431672895145	1.11183803049854	NA	1.14982924726645	1.52199401022485	0.873899828793758	1.42625812790708	NA	NA	0.756084260849261	1.30703034887542	NA	0.760398604957886	1.16105685145876	NA	1.08554243858687	0.448184232125015	0.544259907180888	NA	1.08061593642678	0.567653025131222	1.18632310433782	NA	0.685240368544638	0.580235915573272	NA	0.70832848339313
0.790018308415742	NA	NA	0.995793734948387	1.0062399244248	NA	0.98196085104914	NA	NA	NA	0.740150144799501	NA	0.842788732240744	NA	NA	NA	NA	1.01286063789722	NA	NA	NA	NA	NA	NA	NA	NA	NA	NA	NA	NA	NA	NA	NA	0.646061602441079	NA	NA	0.739308136204664	0.772054205489065	NA	NA
0.23905160556041	0.0893881556895332	NA	NA	0.888131313017705	1.60730809898092	0.472742180347376	0.817446847836135	NA	0.975898067306616	1.38116616014636	NA	0.624865441028871	NA	0.588576385560547	0.48071734885924	0.792663584059326	0.830023577240021	0.540807445147786	1.30184307979047	0.656621762489762	0.832733098999813	0.649696417434112	0.539588954948653	0.793672223016272	0.492372121123924	0.340127143557355	NA	NA	0.437508272466053	0.266878182067577	0.756674234488634	0.359857677494771	NA	1.00919412259269	0.146294100776288	0.805464975756474	1.00517784403257	NA	0.735157783369579
NA	NA	0.891878079156235	NA	1.03007129659107	1.31527406533459	1.3009198509284	1.05431398619758	1.14592101685818	1.03617818314045	1.18534829166658	NA	NA	1.17782956444556	0.858626290677444	NA	1.05171542034656	1.32830306217585	NA	1.78343482445658	0.757984517154332	NA	1.12237038420274	1.47960274932119	0.776946948285354	0.935957260232897	0.483747850139281	NA	0.52598242988839	0.82984961232684	0.622970891637296	0.771053452799235	0.775172635450233	0.590700114999307	0.524671814190318	0.658937906511255	0.216251251016218	0.380126636243849	1.67713273490974	0.282859934232997
1.84389399450962	1.4322197093747	1.42478025617893	1.05179366437346	0.953740249968932	1.0794914837603	NA	1.66156278110894	NA	1.63453967196197	NA	NA	1.07213920553719	1.19229289494769	1.18672771353081	0.950623854532227	2.11477570428741	NA	NA	0.993115826212613	1.64776289743536	0.515736992428108	0.759528035255297	0.927865529337872	0.508536567643782	0.27214825735773	0.414679988461393	NA	0.384998903884074	NA	1.23072195495241	0.528938817615074	1.18838007520964	0.776425482834022	0.504211328933425	1.31243167823325	0.597020925905778	0.641541915450654	NA	NA
0.782505594984576	1.57868608230876	NA	0.674239960199777	1.02750025446023	1.02419856135145	NA	1.25518741256818	0.847615231680259	0.765127740641154	0.90110656026584	0.867891024655251	1.02653265119656	1.51067203087735	NA	1.09616381039072	1.29166642790146	1.45635515288413	1.62014205777731	1.40392198155468	NA	0.496511373016343	1.68594913299585	0.642616135810087	0.276092418803098	0.588078438052706	1.75180198629973	NA	0.551977460085172	0.573000731655017	0.859599083568405	0.592441688370832	0.78297797322688	1.17944913198929	0.901033136351074	1.14466909465447	0.268710728994986	0.419802908962275	1.29167531094608	1.86772056562351
1.39682605747774	1.52607162804931	1.4725324666005	1.269946624574	1.21668245466154	1.37972020504975	1.3834956036932	NA	1.05463531061801	1.35098270406814	NA	1.49912243832022	1.58327925093036	1.74333134260324	1.57388907347954	1.61213957633831	1.39135006043894	1.10430945553662	1.39701097583487	NA	NA	0.601089632881983	NA	0.880225447218693	NA	0.662775189005972	NA	NA	NA	NA	NA	0.845499075941484	0.590429967342089	NA	NA	NA	NA	NA	NA	NA
NA	NA	NA	NA	NA	NA	NA	0.637328718523043	NA	1.91931721435296	1.14794677459017	NA	0.302917458464202	0.212916974292204	NA	NA	0.736148067156137	0.751917298035706	NA	NA	NA	NA	NA	NA	NA	0.689714225235877	NA	NA	0.260429047851314	0.285478899380877	0.571538050699377	NA	0.619899581231719	NA	0.873151579865835	NA	1.18831514675441	1.2555203544287	1.26995823638501	1.54068071399556
2.26945722028902	2.14314357687952	0.877420980477988	2.56665549137272	0.561590404594904	0.203760707750416	1.13806925911936	0.807647116053792	1.16097882273963	1.40012424446283	1.27276777541905	0.86164722103993	1.04035692731348	2.01990844369031	1.93484114410807	1.73507960092803	0.964816327083511	1.33777479881413	0.765408363517918	1.14645390489064	NA	1.44507169635383	2.09803882153695	0.527825639668154	1.28156029755949	0.977085845718413	0.520617528929611	NA	0.881251667312406	0.399706354929592	1.86041525131122	0.607005027124051	0.943318785976149	NA	0.644830000125879	0.699403783650219	0.864196937430896	0.353869875002487	0.666622679930789	2.36538728260206
0.925961589934447	1.26100398734247	1.06395521817591	NA	0.599563406041152	0.814441036214328	0.529208735953638	0.92318862418975	NA	0.882411080047391	1.09234695600449	0.866660937171056	1.00609032717283	1.38646581218508	0.507018848903749	0.810081931930999	1.06226055649111	1.00801195653428	1.77520347936299	1.43649364486139	1.79492455133442	2.28907714065377	0.879626241798648	0.76842947637555	0.75901597376588	0.744594941349292	0.39777088243887	NA	0.259389965747734	0.40522343309337	0.583730144111109	1.70482434401614	0.662380487588327	1.55178653705425	0.707311461836863	0.846151675365391	0.438838799400577	0.349445396945531	0.200540995518954	0.314626932234711
0.800657872735229	0.651619669538162	0.823299820099387	0.931446735652537	1.12802518877416	0.622853302838947	0.51533562462671	NA	0.342272556656927	0.915134908991722	1.21317019256385	0.852644633698869	1.05598116563035	1.27521924901359	1.37863375015794	0.826234647295003	NA	0.810091039860439	0.635917579676402	0.710723112039292	NA	NA	0.750122374277219	0.93659628844613	0.388196515199557	0.191323257278653	1.01556423231365	NA	0.253517032663879	0.508183870937572	1.11825526974824	0.577398948261115	1.01268406241117	0.280514141431104	0.359657260807515	0.376287541912386	0.716382637163087	0.358790690605656	1.02226640998437	0.527769099516737
NA	NA	NA	NA	NA	NA	NA	NA	NA	NA	NA	NA	NA	NA	NA	NA	NA	NA	NA	NA	NA	NA	NA	NA	NA	NA	NA	NA	NA	NA	NA	NA	NA	NA	NA	NA	NA	NA	NA	NA
1.0098632995669	NA	1.10388341346686	1.5628120178899	1.37572678538166	0.957041713346403	NA	1.28315848725982	0.754023021996027	0.715109669184147	NA	0.44558262530589	0.521292732007783	0.627998557739705	1.04981896934231	2.20485914329593	0.434880941777334	0.177116323618018	0.391394039528427	NA	NA	NA	0.387934799555375	0.648229890674256	0.332391263938153	0.763158754160839	0.579702250440445	NA	0.38794974141653	1.15359594372115	0.31343491703104	0.848331316188294	NA	NA	NA	NA	NA	NA	NA	1.42698019390654
NA	NA	NA	NA	NA	NA	NA	NA	NA	NA	NA	NA	NA	NA	NA	NA	NA	NA	NA	NA	NA	NA	NA	NA	NA	NA	NA	NA	NA	NA	NA	NA	NA	NA	NA	NA	NA	NA	NA	NA
NA	NA	NA	NA	NA	NA	NA	NA	NA	NA	NA	NA	NA	NA	NA	NA	NA	NA	NA	NA	NA	NA	NA	NA	NA	NA	NA	NA	NA	NA	NA	NA	NA	NA	NA	NA	NA	NA	NA	NA
0.864346212633347	NA	1.76102445560701	0.85141676557005	0.688090313782476	0.496998110609692	0.663652029165339	0.58039579045305	1.09926347050972	0.678802628676442	0.509022311980956	0.928932892810477	1.13216597484199	1.1112480491329	1.08219443959999	NA	0.745000173529105	0.965206330462564	0.733027075675745	1.56300386692098	1.02768581906385	0.710321015819519	0.698872275416363	0.632522954757445	0.378216132142783	NA	NA	NA	0.0861385605066307	0.621946196577692	0.314609090958126	0.526120025688536	0.782008769332775	0.520433700741803	0.955341009825268	NA	0.747970848611617	0.690990472090932	NA	0.604958993446692
0.68638952367742	NA	0.489395786114508	1.03356877353425	1.11271592449753	1.22292200184263	NA	1.19951059045337	NA	1.36398913474494	2.38653214816392	NA	1.14805824398549	1.1036510841488	1.22841210300891	0.861829376827583	0.526330172568853	0.248560260243314	NA	0.366753407501371	0.237405318604408	NA	NA	0.626773448591142	0.248880389190054	0.85716627373847	0.349180847909845	NA	0.343696628614865	NA	0.379925265235987	0.522297917828497	NA	0.38399788459593	1.01225940742872	0.457963457932671	NA	0.720255895436819	NA	NA
NA	NA	NA	NA	NA	NA	NA	NA	NA	NA	NA	NA	NA	NA	NA	NA	NA	NA	NA	NA	NA	NA	NA	NA	NA	NA	NA	NA	NA	NA	NA	NA	NA	NA	NA	NA	NA	NA	NA	NA
NA	NA	NA	NA	NA	NA	NA	NA	NA	NA	NA	NA	NA	NA	NA	NA	NA	NA	NA	NA	NA	NA	NA	NA	NA	NA	NA	NA	NA	NA	NA	NA	NA	NA	NA	NA	NA	NA	NA	NA
1.75014708747869	NA	1.83546488941976	1.89319234949474	1.80803984526851	1.82637055070309	1.69988377734672	2.14524451971488	NA	1.63301038552201	1.43737868570707	1.47974050870239	1.3439339198791	1.83196018136147	1.59638609091058	1.57215069979379	0.932671508528818	1.41680060025941	1.48118722868406	1.55237338417962	NA	NA	1.32074140104008	1.10765184434295	1.09761480816019	0.968327951430439	1.56435465244011	NA	0.930574628139612	0.569324697551744	0.684642918539151	NA	0.46125091029717	0.694563368681486	0.374338699797589	0.424190996798882	0.848384113303165	0.367490603265628	0.356007236110105	1.53898243645838
0.357516304482526	0.675378927096257	0.711708577049933	1.0172476893142	1.26245024577455	0.492120520047374	0.507664974151521	NA	0.788628072920155	0.565572963556873	1.11035872097965	NA	0.739887306681648	0.935467931321469	1.12753849946879	NA	1.29586407498902	1.74163768380466	1.37208869973475	1.01367572890587	0.829586503704553	1.14787985340214	1.01180515718544	1.00722859148492	0.634216775374504	0.347763765054947	NA	NA	0.760656014382507	0.728283560055698	0.519868692028437	0.391146857607066	NA	0.55496203827443	0.895479679224935	NA	0.501635898567288	0.359504400571393	0.725032695112812	NA
1.7801785453953	1.52708529719228	1.70949264436616	NA	NA	NA	NA	1.99053290917226	NA	NA	NA	NA	1.81053301015252	0.437808266021246	1.47387620055457	0.308452280167082	0.288066526802179	1.61738303563816	1.66366490190595	0.574338114855188	NA	NA	NA	0.233703955894877	NA	NA	NA	NA	NA	NA	NA	NA	0.98855171419668	NA	NA	1.93032854073287	NA	NA	1.30883784829746	NA
NA	NA	NA	NA	2.2599930088752	2.43604103670102	1.97446509174638	NA	NA	NA	1.24581758251582	NA	1.92571524368618	NA	NA	1.70436546830471	1.75540574191831	1.94057874005384	1.72666491129102	NA	NA	NA	1.07373776979891	NA	1.88123934389465	NA	1.22222554443183	NA	2.05282170578995	0.631139044396056	2.00068595559477	NA	NA	NA	NA	NA	1.26039340565795	NA	1.33767392219044	1.2070097383305
NA	NA	NA	NA	NA	NA	NA	NA	NA	NA	NA	NA	NA	NA	NA	NA	NA	NA	NA	NA	NA	NA	NA	NA	NA	NA	NA	NA	NA	NA	NA	NA	NA	NA	NA	NA	NA	NA	NA	NA
1.40631487983631	0.859515448398846	0.133702059232149	0.444258724721462	0.827314241386103	0.664010347655152	NA	NA	0.0537074803816176	0.436560932422198	0.325587519983154	0.518139084404895	0.433387143427444	0.381884452898126	0.299705425351866	0.230769289388961	0.476627529937316	NA	0.421212587577646	0.59106171431749	NA	0.774041507184809	1.13206667714622	NA	0.850054790966982	0.565538804001897	0.282153068058725	NA	0.504522885430984	0.26638189722945	0.326525740836818	0.87633265815435	0.825158814485776	0.608092172242023	1.14837478443088	0.657661857040163	0.746648915366631	0.720750138658163	0.383061683494634	0.654401691478773
0.487283223697227	1.59427039141296	NA	0.488888137865579	NA	0.661712791295868	1.90643444390512	NA	NA	NA	1.03040640473888	2.03283191769727	NA	NA	NA	NA	NA	NA	NA	NA	NA	NA	0.141301414514358	1.25674939733781	NA	1.59460821168841	NA	NA	2.09341792865273	NA	NA	0.293190119099458	0.247323842112367	NA	NA	NA	2.2245903648246	NA	NA	NA
NA	0.777164984938385	0.809294473406959	1.00847447745206	1.42437441162521	1.09062107426896	1.47432332691163	0.707443309887285	NA	0.701790674761613	0.968423874648437	0.588842449408336	1.18933724220461	1.1940934634314	1.33091937764242	NA	0.705068025728645	0.598137571732108	NA	0.574531447497864	1.20970979944793	0.538527864816314	1.15901296632588	1.16872391107984	NA	1.16632587600329	0.592001560141673	NA	0.350288599768537	0.639351936889004	1.40645969876595	1.09737372400383	0.984268806175466	0.77991854454948	0.406054210514116	0.641717681752926	0.660475694319268	0.702221580748544	1.11642515776856	NA
1.93364926196165	NA	1.8760219659866	NA	1.65896939332042	1.31025883536054	1.48145474859282	1.24691556215012	1.34036929643852	1.25727439788407	1.07452479143481	1.52906934165297	1.37984626861057	1.38050143162108	1.41896235138701	1.07653909307926	2.68487772829654	1.06009505680398	0.63175588418201	0.662908738452163	NA	1.16573897002087	1.24643276593739	0.968354939814423	0.743151263937972	0.681046520887244	0.683972385066387	NA	0.374774080136311	0.445375866992697	0.903266724833587	0.733367846453222	0.585602975738163	0.833854788888347	0.620529317726894	0.400364921332459	0.198168092392032	0.332172094044074	0.482192941335421	1.6448847336853
2.53519100401892	2.35499072623389	0.573426527626943	1.74905984168131	0.566466094304244	2.19643137657275	0.860172064046556	0.591811321032036	0.158020411991103	2.56120293050614	2.31610545775292	NA	2.23930791211297	0.220190368200641	0.233211773020349	0.149855114486279	0.419471240974782	0.612250000647282	0.958907913484244	0.419096034829088	0.272662912806322	0.733661044714448	1.41875498964816	NA	1.13441582851769	1.34257865943488	0.265382660228953	NA	NA	0.388885096143344	1.81011741826538	1.2869331603206	0.432643664278485	0.894466537994145	0.771378095297001	0.614297496613828	1.15227713105952	0.372656407409723	NA	NA
0.536365057549803	NA	1.35286018122891	1.82368706367383	NA	1.13492889624062	NA	1.15476426323741	NA	NA	0.313213118312934	0.851349428051716	0.731050592402954	NA	1.18293802355932	0.76132646896704	NA	NA	NA	NA	NA	NA	NA	0.75673601710336	1.06967542510697	1.79234501993154	NA	NA	1.19858366153946	0.432940184629964	1.12835508795895	0.838894499453811	0.320752697897466	NA	0.70764418304038	NA	0.44655269160464	0.324230478221905	NA	NA
1.40546688426289	NA	NA	NA	1.45827923772055	NA	NA	NA	NA	NA	NA	NA	NA	1.5109040283381	NA	0.961870355755764	1.16413161358359	NA	0.928758535542317	2.10974463331864	0.778515021228118	1.35002360498231	NA	1.53000448131203	NA	NA	0.867723268558869	NA	NA	NA	NA	0.183002641626377	0.459025686751289	NA	0.387838777860413	0.495676210599298	NA	1.26437226122394	1.9766425628567	NA
1.21570599129228	0.552559165894143	1.2666840709615	0.669388621929176	1.09111491772928	0.671892053193939	0.862097095551484	1.20970508825592	0.911690764386619	1.05151519437439	1.15217268075003	0.979857577369969	2.39807109514576	1.29862139841643	0.823389267774964	1.1248189023773	0.890762060467911	0.350709673077535	1.15748587918339	0.665845539711343	0.767986294336362	0.943936496011949	0.764673692968912	0.495027720950561	0.849521472433323	0.537274737094302	1.11377356968235	NA	0.570275687726656	1.43985602587161	0.687945816861082	1.60677213626646	1.0137184840678	0.942570013425101	0.82771610439709	0.853749221703299	0.441445300542418	1.14447397821027	0.443034200745181	2.59211476159944
1.39416785389303	NA	1.51585719893412	1.05927835465709	1.04582800423791	0.916165054082056	1.22974390074593	NA	NA	1.43874059417745	1.33943977162003	NA	NA	NA	1.46241577770936	1.08350665714381	1.42060086004715	1.38466159673729	1.22479125178862	1.06415622755283	NA	NA	0.940891339886625	NA	NA	1.1150522633157	1.05935033476979	NA	0.460820837863154	0.825628084935109	0.740362921589847	0.495923163442819	0.817529821339314	0.749393890221946	NA	NA	0.479697389497846	0.616657016378202	0.213129076604902	NA
NA	NA	NA	NA	NA	NA	NA	NA	NA	NA	NA	NA	NA	NA	NA	NA	NA	NA	NA	NA	NA	NA	NA	NA	NA	NA	NA	NA	NA	NA	NA	NA	NA	NA	NA	NA	NA	NA	NA	NA
NA	NA	NA	1.28946516824796	NA	NA	1.57481372114296	NA	NA	NA	NA	NA	NA	NA	NA	NA	NA	NA	NA	NA	NA	0.446979336043673	NA	0.924710746972568	NA	0.816420344991757	1.08060489366869	NA	NA	1.13099482059469	0.902038220855949	1.06738762819978	NA	0.614552888422172	0.614054322054628	NA	0.815162729618264	NA	NA	1.50263456545106
0.891394172352684	NA	0.961104268890639	0.637983319363234	0.940780407596064	NA	0.844678010617656	0.876693080616741	0.813475706094447	1.01042913050049	1.08816496412715	NA	0.964852271437348	0.685522787694031	0.386155157267917	0.576090620919789	0.63671129148619	0.484590990022764	0.513712791593497	0.459121681767733	0.724914752658186	0.554589907912628	0.842322425545136	0.766727709484592	0.763904545138634	0.648216177417348	1.75190700777122	NA	0.395162156560077	0.372093654891662	0.308087775888398	0.165528775069365	0.763421874953673	0.514592323372438	0.41309204195619	0.284329558281575	0.436226866715681	0.358472785995761	0.206681774219371	1.42790910827861
NA	NA	1.10089896050108	NA	0.922970617400566	1.33529224955682	NA	0.904651381619593	NA	0.566789293777438	NA	NA	NA	NA	NA	NA	0.737084249664082	NA	0.904679258956422	NA	NA	0.956014291978991	NA	NA	0.981191850777736	0.776096306449492	NA	NA	0.11319472324471	0.294557548760185	0.313283459354073	0.230469538630787	0.259684428233345	1.04114659183346	0.597163242126446	0.445591056711752	0.497525263710688	1.26711073962506	0.788364732598607	NA
0.778847503382048	0.874100859812289	1.14925715574119	1.11777227433951	1.1880626270059	1.18627940514016	0.934802750671987	1.17963910409401	1.03032464505764	1.23605848348322	0.97409336024477	0.592842679419331	NA	0.415185748486332	0.498741298811024	1.01014672410457	0.61918077978409	0.793650773608396	0.849101304666964	1.12996549846395	NA	NA	1.05378122922977	0.869009337687105	0.785348308788378	NA	NA	NA	0.545948723405046	0.351714900080168	0.253196870987689	0.420809021178989	0.489532271172544	0.488199860655297	0.568987226403169	0.688983113390233	0.723838752424653	0.651089718466625	0.569097658964678	NA
0.384040000741713	0.972853665021759	NA	0.336069555914147	0.482168788778315	0.70975534142271	0.707493584447233	0.570859691127794	NA	0.208582761963853	0.559089444796216	NA	0.940022016419656	0.584425145070963	NA	0.542050202548041	0.183194189160224	NA	0.700763729965138	0.987983221601079	0.495192577831103	0.945063591137651	0.781646965017307	0.910012290242237	0.927252169732285	0.880634569300824	NA	NA	0.208864546378086	0.295220794248237	0.771980219111763	0.468408010636986	0.354796902788784	0.374922628021614	0.957579848357561	0.905191092276641	0.668031467940478	NA	0.635326615574141	2.1292195924428
0.583053471271462	0.73718002872824	0.754569563280231	0.877815480625274	0.901704777422775	1.16587371642418	1.09818086747037	0.655564063259618	0.568425347077507	0.579076547443337	0.899541008812333	0.73125478002961	0.512223060248158	1.20395180246435	0.662917102036662	0.739379389481508	NA	0.527855655501451	0.565461065479817	0.89937289640084	0.767286089852647	0.370120107357179	0.599714388913492	0.429154099737669	1.00295196301166	0.856757689132522	0.451408040118303	NA	0.755813702930651	0.864723158601343	0.824913422424807	0.849801043912024	0.888796165470843	0.846770980666134	0.894477293252241	0.738704828804189	0.784731007308707	0.623322125977439	0.795161875011317	NA
0.614711309002976	NA	0.908957724928331	0.949436525074993	0.634336716380782	0.88175637358147	0.4900517235792	0.584381194680772	0.494702668936069	0.28330722448871	0.587596924495312	1.08897594617983	0.802896551908974	0.459069281023574	0.527254140531229	0.910136137156498	1.19855144962669	0.293338358456939	0.886009806664386	1.2459234288301	0.335694969334285	1.33616173909583	0.617486754785573	0.57038311719526	0.820912896554852	0.939911772157134	0.55771186946453	NA	NA	0.623911020324024	0.786622668813201	0.388014861337753	1.39991508881696	0.757421868076432	0.441623285031064	NA	NA	0.543132626309878	0.497641634973472	0.978539289324002
0.751701920034052	0.589445749737471	0.663026732924254	0.962381402039801	0.74692284254285	0.722698412029081	0.635723197200391	0.644742787537826	NA	0.737879171469074	0.418229160440514	NA	0.927580824028723	0.462552202481131	0.393904679061349	0.797629633950168	0.541230969205879	0.429181858319826	0.369484563246352	0.571372894829255	0.772587697047494	0.833837916366991	1.46870499092131	1.06001022012564	0.521854245472787	0.634850031787561	0.512979314774672	NA	1.04850035233468	0.288424394285044	0.521134583883203	0.464904278793637	0.246765107487148	0.689508037942807	0.615056284676048	0.425598403576952	0.730791466836652	0.729139933825756	0.243555234558358	NA
2.36661177548773	NA	1.57137457697933	1.47699908517966	1.89328790687149	2.01335825590176	NA	1.84881342087102	1.1384837347037	NA	1.78072404342122	1.42558909721198	1.55893262641684	1.93274345778772	1.75489752175297	1.71244305019906	1.4603376288386	1.75503108657872	1.39459854169177	1.36248579636767	NA	1.21489721634987	NA	1.37515554627036	1.05468493531323	NA	NA	NA	0.553092230535505	0.664363524708333	NA	0.871748127072744	0.541018734576686	0.51523713833263	0.679465303225509	0.796646300296768	0.449931632677645	0.477754119641154	0.589250494788199	1.22536422913092
1.61419877265013	1.58400700398675	1.27821333147842	1.31377511256029	0.724276514024173	0.726081977744888	0.663855417596752	0.746094627340118	0.786075622486972	1.95146374980216	0.264158304844406	0.360002706428343	0.827920625809882	0.301143542945466	0.48696066013981	0.83819799683612	0.490043439387687	0.737100594922911	0.354262737167836	0.440264172038136	1.34968572792984	0.413639283050937	0.750799291341723	0.331758517221573	NA	0.202147711305585	NA	NA	0.449691936286165	0.167795550385408	0.374243838710799	0.500655872469355	0.293160724651191	0.296123611827931	1.06443270586949	NA	0.742807757337149	0.209607892090106	0.587257815756478	NA
0.263174286892348	NA	1.06311577100228	NA	1.37631588223213	1.92897316483954	NA	NA	1.64927841397601	NA	NA	NA	1.59219409228278	1.5965300355535	1.35241349470857	1.08767341260335	NA	0.605353859999458	0.662459480092431	0.852742506641738	NA	0.185013004729032	NA	1.17298056266815	0.508849755103557	NA	NA	NA	0.766178997639836	NA	0.71828966796302	1.31419324254976	0.969365872586938	NA	NA	0.517518150809959	0.54895557236105	NA	0.762392289625472	NA
0.716349207816722	NA	1.30212676359432	1.99710176997929	1.54306238884347	NA	NA	NA	NA	0.518603218233458	0.752997678848725	NA	0.813470616086595	1.27090989011255	1.41949112725039	1.78660750961659	1.83276844369375	0.991568541728896	NA	NA	NA	1.83374821188949	NA	0.594242425439926	0.932090595131827	1.12357423838575	NA	NA	0.408164483373869	0.63583692595348	0.36291462708327	0.529321615401364	0.648488250794694	0.465341312506823	0.332302009004472	0.304689244650861	0.285600653209785	0.437873750518595	0.206772109012066	NA
NA	NA	NA	NA	NA	NA	NA	NA	NA	NA	NA	NA	NA	NA	NA	NA	NA	NA	NA	NA	NA	NA	NA	NA	NA	NA	NA	NA	NA	NA	NA	NA	NA	NA	NA	NA	NA	NA	NA	NA
NA	NA	0.439685538427229	0.685045957770901	NA	1.87219298623263	NA	NA	NA	1.07954560428094	NA	1.19334630565035	NA	0.716027878019869	0.461872347355864	1.10462300011485	0.675189941491466	NA	NA	NA	NA	1.70084206845523	NA	NA	NA	1.08877010805509	0.816725138949805	NA	1.16637917072246	0.286894288543597	0.821570502144824	0.426461264384746	0.545391901767586	0.550273358028112	1.32474723953728	0.62618069895388	1.84317090562993	NA	NA	NA
0.439547655858192	1.53538614376752	1.89402353364705	0.21320131332698	NA	NA	1.76669775494127	1.98054077272573	NA	1.76447300302375	1.19714591993841	2.089625053179	2.00085150819017	NA	NA	NA	NA	2.05799459404565	NA	NA	NA	NA	NA	0.99525103079429	NA	1.60782235408701	NA	NA	0.69379411195973	NA	NA	0.397979726636703	NA	NA	NA	NA	NA	NA	1.71652592621677	NA
1.1778927626548	0.885047539158631	NA	NA	1.99063254275813	0.992469585030428	1.16443396210004	1.14508497730287	0.890178312194272	1.03522817932956	1.32712221820366	1.38093716710417	1.21462651803796	0.784530321619102	0.4894937015681	0.509771175261841	NA	0.706338117384026	0.55931768275029	0.251297581887656	0.476555561671279	NA	0.627207391799614	NA	0.788742689522363	NA	NA	NA	NA	NA	0.553039236887411	0.932317626324441	1.11237424427944	NA	NA	NA	NA	0.553520364397711	0.534716345757098	0.651242607521719
NA	NA	NA	NA	NA	NA	NA	NA	NA	NA	NA	NA	NA	NA	NA	NA	NA	NA	NA	NA	NA	NA	NA	NA	NA	NA	NA	NA	NA	NA	NA	NA	NA	NA	NA	NA	NA	NA	NA	NA
NA	NA	NA	NA	NA	NA	NA	NA	NA	NA	NA	NA	NA	NA	NA	NA	NA	NA	NA	NA	NA	NA	NA	NA	NA	NA	NA	NA	NA	NA	NA	NA	NA	NA	NA	NA	NA	NA	NA	NA
NA	NA	NA	NA	NA	NA	NA	NA	NA	NA	NA	NA	NA	NA	NA	NA	NA	NA	NA	NA	NA	NA	NA	NA	NA	NA	NA	NA	NA	NA	NA	NA	NA	NA	NA	NA	NA	NA	NA	NA
1.42159859153255	NA	1.23059942400587	NA	1.49393800327196	1.48171983441429	1.40427077564293	NA	1.3251732247042	1.29092112724124	1.01980319786424	1.26682090052926	0.907804878756601	NA	1.05670250984202	1.23445952549816	1.29049666378517	NA	1.23174579118056	1.17555484067789	NA	1.17835130163092	0.72205833787554	0.602861597316557	0.662840277549042	1.54531616993053	0.307578693717294	NA	NA	0.751273450788529	0.687087456501839	1.09016835960665	0.60696703216307	0.791028241840881	NA	NA	1.10125451747465	NA	NA	NA
NA	1.89168871132283	NA	1.03731927480773	0.656281291810653	0.787156979532506	NA	NA	0.258213576624317	0.371925359595839	NA	NA	NA	NA	NA	NA	0.723158938278539	NA	0.673907955764639	NA	NA	NA	NA	NA	NA	NA	NA	NA	0.353110060335823	0.68694422540172	NA	NA	0.72647832157421	0.934000144850395	0.734110428736792	0.99637176936375	1.1413218676188	0.332661815497414	NA	0.746904647643035
NA	NA	0.151595206455106	0.863514742368434	0.395510413156728	0.414365129018134	NA	NA	NA	0.352196523227727	0.793700032091016	0.41700946892655	NA	0.284073209671084	0.51640391913966	1.08519483424619	0.561496687866632	0.499414072879007	0.374965681608776	0.440383776768663	0.359730202578369	1.10663342321217	0.614384744635287	0.578823803763878	NA	0.251789426958113	0.444086234157132	NA	0.954352452877202	2.0669167244954	0.613162063348365	NA	0.601936769246906	0.367534042280783	0.296626461133001	1.07899251777192	0.686807293270895	0.554923025948916	NA	0.523176062288592
0.718804145632544	NA	0.980553808935437	NA	NA	0.577497487991227	NA	NA	0.706834358720508	NA	NA	NA	0.878481713853298	NA	NA	0.810304143358171	NA	1.07079962087509	1.02548963580311	1.13471817234166	NA	NA	0.566905623261842	NA	NA	0.637621766926095	NA	NA	0.781758353778142	0.500630868410453	NA	NA	0.442713287556998	0.844878588191097	0.70758371504205	NA	NA	0.966265151431981	0.743452399561505	1.35530881285911
NA	NA	NA	NA	NA	NA	NA	NA	NA	NA	NA	NA	NA	NA	NA	NA	NA	NA	NA	NA	NA	NA	NA	NA	NA	NA	NA	NA	NA	NA	NA	NA	NA	NA	NA	NA	NA	NA	NA	NA
0.924764070847799	NA	NA	NA	NA	NA	NA	NA	NA	NA	NA	NA	NA	NA	NA	NA	NA	NA	NA	1.00466128441336	0.432848738522919	NA	0.599092620517747	0.673276504721847	0.758070188202693	NA	0.274691309622916	NA	3.03735458049209	0.524753170187203	0.87644006373032	1.24474087977122	0.807145113727729	NA	0.534964628891995	NA	NA	1.38600904357494	NA	NA
0.598206975870514	NA	0.574784905174375	0.341049277777709	1.18462072276648	1.41392503964048	1.54349464844179	1.28682058384927	NA	1.33782387735362	1.36059949790414	1.38379245638878	0.592124369174344	0.601938242780098	0.64450756580616	0.539286777838185	NA	1.32041304465398	0.224165889797748	0.503277849987697	0.496434380165378	1.04643823079222	0.962516777403626	0.324662470426955	0.932243152986382	0.467179892615756	0.198952350739687	NA	0.206189201405121	0.627030806285977	1.1289863837817	0.873395526474509	1.17638117955405	0.170608997418287	NA	0.468442604212406	0.497676921645749	0.429076466332881	0.616480783515467	0.672676110493232
NA	0.746138312769285	NA	0.740694069924605	0.655616617937161	NA	0.529661950272464	0.542336066708962	0.971652444029629	0.829007464308972	0.919833984936426	0.799791697787075	0.602608717478392	0.646871370279319	0.704344199239096	0.834563931764747	0.628263409149283	0.740502023220634	1.16436879652339	NA	NA	0.472806700769782	NA	0.919411346965539	0.700209146285896	NA	NA	NA	0.495655915151847	0.533478161919559	0.268677085219411	0.8304605623832	0.623635004872424	0.744866144070691	0.561460855277761	0.363677174224756	0.614883129653203	0.316686641331236	NA	0.449689983552013
0.624066738922939	NA	0.797006854175777	0.663037209452853	NA	0.927502910106056	0.766617728245237	NA	0.435555600065966	NA	NA	NA	1.29960258758238	1.05657651529773	NA	0.858428035462696	NA	0.86700943166443	1.3334522265919	1.36526371614969	0.679249185400714	1.37850452169706	0.938888468210308	1.31592407860456	1.8836136496365	NA	NA	NA	0.53103655889721	0.470230910938232	NA	0.495008899826922	0.158967309396431	0.566031361824842	0.676952924472537	0.876973835591272	0.534331093268941	0.613347649219509	NA	0.997879248341869
1.29782653833748	1.41760512900175	0.818882586229721	0.704249608018258	0.607158184741091	0.483583935428925	0.826495080127643	0.446964266976131	0.450658233633647	1.08320162222143	1.23137344631064	0.898940836167574	0.70162975152466	0.731455937281322	0.799400333980554	1.01057600056335	1.43719333978305	1.81084711595001	1.72713114834061	1.31297007103883	0.733340594144608	NA	1.32257250036791	1.103235408695	1.42331080031866	1.09549154760085	NA	NA	0.81927819508225	0.951648538593832	1.90113694281777	0.693698027250149	0.708763370877272	0.769899476918604	1.05563864771046	0.697339389087388	0.710276749156862	0.919064137646511	0.626234712342121	2.07288820861574
0.253771458771762	1.13687577565074	0.101111819990697	0.6878207245705	0.656238206449331	0.377883497569976	0.398726324655939	0.475706221143073	NA	1.17514199563994	1.14709771324344	0.377542534657851	0.721262814621654	0.508273239254837	0.469120038153091	0.400924441403784	1.01022108709927	0.90268069606148	1.00977900213257	0.829182734671105	1.16964975010359	0.44465553703299	0.663964602038424	0.572560402916422	0.471943978271963	0.499540632711351	0.742013309770147	NA	0.946045358413882	1.18811174153325	0.753655798019169	0.951524088632183	1.06328894186802	1.02776117064433	1.28690056952769	1.26025009928334	0.912967376105857	1.23026664004814	NA	0.608112939874413
1.25221968167199	0.881008587746556	1.1855668914131	1.13820125125253	1.57050317971799	1.24335667407456	NA	NA	2.53691000275419	0.982920003723244	1.11423496354098	1.12014723165418	0.639809811263038	0.952787439057551	1.09740846970055	0.90688474626138	1.18720684508195	1.15414601245968	1.31973710504465	1.18246973898856	1.50961331276052	1.33959427797617	0.974961202828122	1.22036267877864	0.949970129986272	0.972761015181655	0.817191806185151	NA	0.29153018177605	0.64700508549895	0.112858046483558	0.258143545134309	0.170424347751767	0.398960859046921	0.51010703253314	0.80426448923548	0.437766471449423	0.697588489861708	0.803718717399593	0.714156034752789
0.397317180178522	0.468382728746114	0.323402773943704	0.413958288972599	0.93214129968684	0.654000903057654	0.76142554888705	1.92328969979136	2.08413337022098	0.809854695020003	1.06149851386701	2.5222054535887	0.675100268286107	0.890702241741186	NA	1.72711371901588	1.78140936673421	NA	0.942155568441889	0.513948120311838	NA	NA	0.713464840971823	0.579294039223541	NA	NA	NA	NA	1.66542423672245	0.322980108719122	0.638677875374778	0.985545990428585	1.10112037888372	1.30326528055165	0.919248620594147	0.93702317741598	0.919519955173393	0.578191188776713	1.01093890599055	NA
0.584105746496992	NA	NA	NA	0.719370883862101	0.693525496065082	0.480693786717681	NA	0.787655561468293	0.498331287579572	0.433369162628419	NA	0.474714110824079	0.364822023415817	0.432070207376711	NA	NA	0.141265194316687	0.515624146004649	1.41884131527707	NA	1.08408417744332	0.282963445615456	NA	0.428106189553386	0.79251052795655	NA	NA	NA	0.109022076640477	0.253910961680602	NA	0.541484388711273	0.299987442869786	0.199178945842678	NA	0.344539383849393	0.629805611671981	0.383966769043673	0.540255075247765
0.631294953742094	NA	0.634663750994208	1.29121314135743	0.973341724105817	0.951416830557472	0.716192933142511	0.708909943609224	0.983356379471253	0.623091020624954	0.803692792514272	NA	0.863411897687345	NA	0.466242746019332	NA	0.736075896132759	NA	0.625464406011886	0.845541806946705	1.00924708095145	0.816139632083713	1.63732059401414	1.10073687699964	0.776701299790859	0.584146644034151	0.802550707751204	NA	0.277996521080503	0.323956578296051	0.422483669857151	0.548214335206212	0.369467140287691	0.488246932786122	0.959250003855904	0.524630721142264	0.927014422265887	0.524034772527276	1.18807607964424	1.3167562566494
0.789302422259651	1.04611212119675	1.17099868637824	1.22393531692794	0.705358043571792	0.736138955051379	1.37161223269923	0.410415315802266	1.30882741793809	1.14336493143694	0.763555448070053	0.435579906519272	0.457359727245834	0.681222273584271	NA	0.652662867067202	0.72851243974953	1.35761298308067	0.396366833019987	0.266161100377698	0.783604735547872	0.449547889157881	0.172287714392031	NA	1.09915667322425	0.127750852758292	NA	NA	0.33378908099194	0.523950383354774	0.683934571403592	NA	0.774207130151077	NA	0.58897011086509	0.979869165308527	0.418593755520816	0.906672021009539	1.09886224866302	NA
NA	NA	NA	NA	NA	NA	NA	NA	NA	NA	NA	NA	NA	NA	NA	NA	NA	NA	NA	NA	NA	NA	NA	NA	NA	NA	NA	NA	NA	NA	NA	NA	NA	NA	NA	NA	NA	NA	NA	NA
0.890773592144029	0.858093893822749	NA	0.961486951100907	1.82947033823167	1.71149738283739	1.98080044667641	1.78735630685463	1.95056933260794	1.25387065830814	1.44247652339798	0.880482371158311	0.891029747821618	0.503238342680565	0.978602940124342	0.754190217921872	1.29073271460898	1.34782935604442	0.95717527715395	2.08787693704165	1.36647625425652	0.814889789421165	0.917820919887371	1.084803077887	0.66767106431361	0.889375394418324	0.899220076511605	NA	0.466768047238042	0.607671027677277	0.672966998253437	0.289718350716378	0.410669094831375	0.710312751153109	0.858259303363267	1.10300401889868	0.888188302028651	1.09007907522689	1.31782410889378	1.0359138139387
1.20086728988094	0.917218917747639	1.02231896710925	0.394257592356632	0.478876718932618	0.502858430038197	0.58201954247116	0.407127186676278	0.397825776833897	0.430589225597741	0.297933131186825	0.300004498506014	0.37735520344227	1.19148133283976	0.263219035872238	0.597435939920129	0.209649502370577	0.390162457014693	0.332050594176577	0.212634885422319	1.09684362229499	0.194034433982054	0.244232140718289	0.2201592613914	0.342198330582993	0.343343926977664	0.281631838880906	NA	0.533943279610453	1.58820823710604	1.25381591912588	0.352449024027439	0.631070197399105	NA	0.545916161924259	NA	0.423914859017576	0.234416357166678	0.864586835014508	0.163014729986906
1.21488413106831	NA	1.1222257556531	1.25554236962319	1.29142957236118	1.02105661375798	1.42403096239506	1.51268848971843	NA	1.26132963211839	NA	NA	0.842671615727492	NA	1.05099914071661	0.827634904450566	1.01791002450073	0.683619676312349	NA	NA	NA	NA	NA	NA	0.847337912261135	NA	NA	NA	NA	0.468059212175301	NA	NA	NA	NA	NA	NA	0.555381413705717	NA	NA	NA
NA	NA	NA	NA	1.00933749236949	NA	0.98519566474031	0.945382233394326	NA	NA	0.998448973289571	NA	NA	0.883538929119781	0.759338712156755	1.19236186164643	NA	NA	NA	NA	0.525501053562712	0.575154268239064	NA	0.483184769525348	0.576664826056839	NA	NA	NA	NA	NA	1.1399798713786	0.654056487930226	NA	NA	0.453494285668277	NA	0.813435473756062	0.67054148513932	NA	NA
NA	NA	NA	NA	NA	NA	NA	NA	NA	NA	NA	NA	NA	NA	NA	NA	NA	NA	NA	NA	NA	NA	NA	NA	NA	NA	NA	NA	NA	NA	NA	NA	NA	NA	NA	NA	NA	NA	NA	NA
NA	NA	NA	1.41516237849843	1.7732704769977	0.622162745825345	NA	NA	NA	0.83910688565201	1.34872420261299	NA	NA	1.72917162806276	2.29868489994342	1.41600449288242	1.23420625021587	0.763348142056473	1.0307830489826	0.939421038264686	NA	NA	NA	NA	0.704329079333027	NA	NA	NA	0.458381140962378	0.502668136755126	0.276890365667121	NA	0.228875388495011	0.414950061674042	NA	0.901083142916475	0.412122482010461	0.312228338815854	1.01734732840025	NA
0.413320197561008	NA	NA	1.00192940052141	NA	0.661050783973634	NA	NA	NA	0.624906693526911	0.402089616374637	0.517957140667825	0.859597458554654	0.859224120294435	1.05334402269117	1.45680420593575	1.33495059517458	1.34949809693773	1.521836990767	0.926923232799998	1.10419331474216	1.37403695489076	NA	1.17146327791327	0.796299266605323	0.875140616993233	NA	NA	0.290500133008335	0.373312126834105	NA	NA	0.441849722573959	0.597260269503603	NA	NA	0.564021227735755	NA	NA	NA
0.288630126793573	1.19052354688231	0.565353004456176	1.13932403097697	0.833516392132786	0.424917609539202	NA	0.7285511863616	NA	1.14876226308793	0.952893784384955	1.0511513498308	0.463716522783961	1.03260561809366	0.634509673709389	0.429729160905804	0.551570004443848	0.260439081057078	0.683350799792946	0.935127393003189	NA	0.54296014366574	NA	0.440722130059024	0.575063937210105	0.671835014352528	0.604544525915949	NA	0.178311358605909	NA	0.657882848364575	0.919144621287081	1.15623387848691	0.886225916887752	1.0012089740124	1.27172163770611	NA	0.904253065343628	1.0750868847627	1.14198902938135
1.51766648966326	NA	1.40145779950745	1.46574673523261	NA	NA	NA	NA	1.31836546729521	1.35088496633672	1.52044930749256	NA	NA	1.15994441335819	1.58131341533985	0.777304067894303	NA	NA	NA	NA	NA	NA	0.92147229475536	0.771269271918534	0.885564951745268	0.658669396959433	NA	NA	0.361986514736747	NA	0.242508460886321	0.494643738095352	0.664553857130486	NA	0.629267965375637	NA	NA	NA	NA	NA
NA	1.68492241830746	NA	0.359846350179938	NA	NA	NA	NA	0.789260429295339	0.549145569773518	NA	0.250162277148876	NA	0.833641252809108	0.875679727911833	0.308636941569604	0.781094580472899	0.554580648556928	0.981605302047549	0.190760792579952	0.156412654154343	0.756003102796582	0.462744037787375	NA	0.268566870761978	0.705319109419669	NA	NA	1.23795930875307	1.31867190563118	1.62602415751956	1.24313368466768	1.00470134709787	1.01072102361946	0.360452459324081	0.566907400563357	0.625669993212463	0.643781047305703	0.912321690149798	0.840218818675467
NA	NA	NA	NA	2.04019035317444	NA	NA	NA	0.742619821281488	NA	1.70291630380312	NA	NA	NA	0.868514269714834	NA	NA	3.0841641482013	NA	NA	NA	NA	0.855486377956976	0.67188929745809	2.92992832864336	0.359320478905813	0.533172834074956	NA	1.85249933056619	1.41434124998116	0.577956697712321	2.77822419928944	0.674417777760836	0.554590272232467	NA	0.626038921324149	NA	2.50279895134062	NA	NA
NA	NA	NA	NA	NA	NA	NA	NA	NA	NA	NA	NA	NA	NA	NA	NA	NA	NA	NA	NA	NA	NA	NA	NA	NA	NA	NA	NA	NA	NA	NA	NA	NA	NA	NA	NA	NA	NA	NA	NA
0.654259000950463	NA	1.99784491805594	2.28906628718058	1.85786465689473	NA	NA	NA	NA	0.501925897513552	0.674829805685036	0.916236067980752	NA	0.592375472999693	NA	2.7570529561309	NA	NA	0.117624873608132	NA	NA	0.204772215171326	0.305738693178092	0.462024822508521	NA	NA	0.442233465273864	NA	NA	NA	0.666424176784662	NA	0.857036889354683	NA	NA	NA	0.781984526080114	1.76975993245201	1.02701617102892	NA
NA	NA	NA	NA	NA	NA	NA	NA	NA	NA	NA	NA	NA	NA	NA	NA	NA	NA	NA	NA	NA	NA	NA	NA	NA	NA	NA	NA	NA	NA	NA	NA	NA	NA	NA	NA	NA	NA	NA	NA
1.20434780055591	1.93922821390478	2.32031837205794	0.795928794778899	2.30991412827713	1.50551560425742	2.52860247685068	2.66399785673836	2.29496588767306	2.387225992738	NA	NA	2.27076144500559	2.97032125603772	2.91305063564711	3.0629151891256	3.08826007461823	2.48174294970005	2.11404044472321	2.06199606738257	NA	2.01971981749623	2.88724729565606	2.67231158658529	0.808498261374622	3.09936672589703	NA	NA	0.37199529026994	2.95298529815153	1.97782955865028	NA	0.417853805276817	2.91972366941492	0.852851790510647	2.62730432516956	0.223810803171366	0.855247977676989	2.04486695094303	0.751071631918913
0.730608990314042	NA	1.90099393466796	0.774495711243437	0.951282741576858	NA	0.931422423164054	0.486760457195827	NA	0.189540942135616	0.39652971360584	NA	0.600895884436379	0.526262177566321	0.568556371041541	0.646831746224881	0.695873814623177	NA	0.830702910140628	0.325543013608229	1.021914260611	0.453637635830332	0.696437610568201	0.437132169482934	0.739161028532621	NA	0.601514142542991	NA	0.393776127579338	0.437083183931386	0.397006317376414	0.46300179759309	0.39705578165442	0.537345570573446	0.628831814649064	0.661385962687455	0.822359748975225	0.89910418183078	0.820657612982402	NA
NA	NA	NA	NA	NA	NA	NA	NA	NA	NA	NA	NA	NA	NA	NA	NA	NA	NA	NA	NA	NA	NA	NA	NA	NA	NA	NA	NA	NA	NA	NA	NA	NA	NA	NA	NA	NA	NA	NA	NA
1.17391759443472	1.10911906074851	1.27648134554643	1.43224781660459	1.72896652577541	0.726810938699603	1.10523320804223	1.52899163255987	NA	1.39877670508579	0.943590422688404	1.21834499392957	1.2918168504071	1.03001146136646	1.43736086055119	1.35222560251122	1.13963064587181	NA	0.38891914211001	NA	0.553164819307259	0.456572653704467	0.637215032269795	0.653054379253763	0.413799707888112	0.264501550550469	NA	NA	NA	NA	1.14510256272187	NA	NA	NA	NA	1.36274376882647	NA	NA	NA	NA
0.71899502189576	0.760869202212239	0.819124497037944	0.758707861477583	0.845164865152208	0.841417009496847	0.465799624942349	1.31583263940642	0.932038934969344	1.02626653709835	1.10166069406965	2.01259553321544	0.887003431595794	1.05332923050455	0.799096403908026	0.462515570827522	1.02286025782661	0.885129735040106	0.631902729316607	0.581888089260634	0.56257766608963	0.925473679426036	0.804313182926057	1.02709395857191	1.33250401817312	1.4106500945639	0.983663798628399	NA	0.831777644950609	0.744278459011515	0.280200103169017	0.35609875525365	0.445063219476464	1.21663642571149	0.529540828978575	0.32207292959547	0.321982436792234	0.2004931760306	0.47257162114585	0.226673511811478
0.482307158507834	NA	0.621207526764104	0.520523491028895	0.371573758327901	0.344912917777878	0.635830277868872	0.752463556770932	0.776910994675845	0.569211405916126	NA	NA	0.243366582444814	0.438544280386536	1.2074486166444	NA	0.381767005446395	0.569725986804673	0.562169211291339	0.493204396686487	0.493363902625929	0.570788957370905	0.209020613259308	0.437351327629347	0.314816854460202	0.497449093746817	0.354267428045982	NA	1.1926166931717	1.11927627214317	2.15105015794386	1.03169143073594	0.878286627353778	0.733983664903071	1.09696448010296	NA	0.985817064114151	1.17316106014095	0.62528509312728	1.00513467973165
1.99205340335678	1.76654673521036	2.20035426735309	1.93151518126652	1.49205224609107	1.51772102112171	1.30041415292848	1.33338129664635	1.52914631717705	1.40929075011489	1.19461129037071	NA	1.42544782308643	1.14951697088644	1.36296357880327	1.55184881272736	1.94080318075634	1.10036185079148	NA	2.19283094872119	NA	1.29045252790765	1.5973353591467	1.02669958704605	1.0906232213826	0.673454287990884	NA	NA	2.38128388112142	0.276899887973227	NA	0.635729987710382	1.09162237058369	0.679588358543705	NA	1.11332555414806	0.955232088429096	NA	0.976263685641807	NA
0.62290037577462	NA	0.934685480715382	0.987095323999038	0.8541006987701	0.862339395063572	1.20890285859099	0.658998381184615	0.431966202685636	0.651470219761005	0.43299320284356	0.334291459070129	0.830465461552311	0.346601876642572	0.256259084372958	0.805586399802276	1.03667844255902	0.523480810953863	0.486664550269575	NA	0.512187182029318	0.65957948892842	0.597428493692006	0.787279002181744	0.534238468017638	0.323130982303545	1.13429606838522	NA	0.280710581964544	0.468138505135081	0.245110214280921	NA	0.501712371243582	0.484233196354385	0.92362701010169	1.00978109727472	0.557569309624488	0.619213786718979	0.373168049721385	NA
1.21538421800955	1.62495537123323	1.33530928251499	1.45872795531707	1.5446117150012	1.88197300589109	1.78378096561672	NA	1.2818340768432	NA	1.52050760608888	1.39623668602232	1.15543064482969	1.56394410304988	1.67423029771391	NA	0.590578236309747	1.20795850934916	1.5372598362237	1.63093054396091	1.51314467297175	1.39509546957876	1.60835523326715	1.45641888304825	1.17977830583108	1.12299001569043	0.998008318487967	NA	0.578555593779505	1.30714891550954	1.28868118487966	1.06359579929352	1.07352938527262	1.11633399553779	0.924258189346762	0.725769239208558	0.959048501869524	0.617374873013229	0.477568287850754	NA
1.50925962291425	NA	NA	NA	1.18932812284731	1.6849631607745	1.54370831804004	NA	1.10328738019469	0.614138236207695	1.56305697238504	1.31397833460116	1.56832998546737	2.84598786831319	2.67914309179486	2.6520434278427	1.84894916359416	NA	2.77675700134936	2.79217963086436	3.17945384111008	2.14249890352671	1.88974826588691	NA	1.89152262091958	NA	NA	NA	0.251612679613361	2.14745691145023	2.24979452505997	2.13734054718389	2.58424319866875	1.98504180088645	2.6983815343255	2.2270353748677	2.46144983465775	2.27775701481053	NA	2.08160156477492
0.707339514442824	1.30672411470136	NA	1.27741521295912	NA	NA	NA	1.72346645460386	NA	NA	NA	NA	NA	0.225278150548339	NA	NA	0.814433487788659	NA	NA	1.05404534740987	NA	0.790307710441361	NA	NA	0.45333256513768	1.17123406308969	0.957195093885404	NA	1.3252799179409	0.379810861745395	0.986495399836092	0.954050392298918	0.92546334599255	NA	1.09385105254552	NA	1.86344121280123	1.40173028992385	0.6646964196302	NA
NA	0.695044535881322	0.829233024670504	1.08173579134998	NA	0.400417095262768	NA	NA	0.64632692541081	0.555642690570289	0.51110067425421	0.764035174865806	NA	NA	NA	NA	NA	1.02104240415952	NA	NA	NA	NA	1.01544204286881	0.85012484162721	NA	0.775866357285304	2.04029158280388	NA	NA	NA	0.695505255401418	NA	0.760066869640032	0.523787804264947	NA	NA	1.20226064875999	1.13845537044621	NA	0.853500743695228
1.10435213609513	0.86947399110243	0.745279563340259	0.625185150779935	0.683048343237188	0.751189974875448	0.810760053276461	0.519335147573859	0.569569452888054	0.876487389039813	0.395270099070902	0.491276611005666	0.725139322511051	0.432929020920379	0.263078099033861	0.85817739542422	0.2811121738075	0.942979138949789	1.11329505634954	0.421621862184619	1.97267098760897	1.13710419769145	0.643460067003617	1.13341546318779	0.841452391949419	0.433975426213941	0.429207913977475	NA	0.617715220094569	0.661348724774831	0.575117334452229	0.927784518751271	0.709835832782805	0.796239476536148	0.63408925346445	0.648904932339098	0.913872596066165	0.938240303097702	1.17276080665911	0.504045839148637
1.55834361843258	1.3540403954961	1.32278938603092	1.61996847468549	1.67085095794117	1.22490132480575	1.05893944846522	1.38477017537305	0.583859447868429	0.664646603348096	0.42293642487542	0.871297192989507	1.36493898802435	0.873820664373431	0.889802267081026	0.825246286914664	0.368421754753849	0.49418799368035	0.44948006580127	0.635625643630749	1.26552669648168	0.949263179831303	0.365441587219506	1.04833968542371	1.2480222884935	1.15599463619344	NA	NA	0.582172096450617	1.18843648165074	0.741865740742472	1.24422230354805	1.29625749048468	0.345522667030705	0.341469967498061	0.748192660829243	0.776620510864716	0.808626508067148	0.858007707501176	0.809486590192756
NA	NA	NA	NA	NA	NA	NA	NA	NA	NA	NA	NA	NA	NA	NA	NA	NA	NA	NA	NA	NA	NA	NA	NA	NA	NA	NA	NA	NA	NA	NA	NA	NA	NA	NA	NA	NA	NA	NA	NA
NA	NA	NA	NA	NA	0.599183658865869	NA	NA	NA	NA	NA	NA	NA	NA	NA	0.7719908360085	0.257415948127736	NA	NA	0.677184111001189	NA	NA	NA	NA	0.414501784921062	NA	NA	NA	0.358210341044875	0.766233626659704	0.638282768631171	NA	0.714797352279402	0.565630434016796	0.652659292546319	NA	NA	2.10113409467239	1.44899887245466	NA
0.957572817816283	1.20707014480268	1.42304367168659	1.01397278360615	1.4593608750153	1.04481318006315	1.24022508124845	0.862545472389152	0.790361732833481	NA	0.878723286194788	1.08608351650429	0.936205301161804	0.783045555546291	0.712557468133632	1.1601279026347	NA	0.944936422619683	0.782762964401446	0.766262991826551	NA	0.75819160560196	0.797981060649227	0.405949958881069	0.51801393579267	0.556920127694793	0.762471327052673	NA	0.774445846032013	0.150452802325124	0.41701322703654	0.177077153132581	0.281791923712441	NA	0.780601787164797	0.654203322426344	0.453554343378734	0.329092396371072	0.191022785754667	0.223831638406804
0.30942746566313	0.658187119896603	0.950295387113439	0.578928174904187	NA	0.453013090206942	NA	NA	NA	0.645067451242974	0.674231979651994	0.583325593169325	0.640160802199999	0.903848640841264	0.762964150129937	NA	0.41705354046094	0.165372776985161	0.485554954989841	0.479377588252827	0.371623556732807	0.969129842852453	NA	0.94523562259326	0.872740915884491	1.04143188980084	0.744290734521598	NA	0.437547347283012	0.661118124687259	0.823521639997253	1.16830938448523	0.911727319452206	1.05114311879012	1.05122247268139	NA	0.907678279817334	1.17631715438583	1.48714908537673	1.16031030392662
0.819274740026628	1.01844578197858	1.28405188949224	0.903045248150166	1.10789103375505	0.867577297005832	0.797731349797662	0.686737730645535	1.0184404041826	2.42969955444942	0.871397573179096	0.837102465758945	0.966582377234235	0.758131147603216	0.814814382245686	0.639925571492806	0.962759718170801	0.815195858380075	1.04943411977807	0.824663649266784	0.773745061912986	0.48367068047406	0.607032389864409	0.463710152904345	0.262174397865769	0.510776887129046	1.34952464173065	NA	0.404551722294733	0.710419872721284	0.841304479123613	0.397839570782357	0.621595145864657	0.790229198478124	0.510031401336066	0.914259916690426	0.793438785371536	0.199289214627719	0.624031128214916	0.957567298669766
0.910616602221382	2.48797932879871	1.31281690944078	1.19123600114789	0.781772364709102	0.956142116788119	1.17408304521125	NA	1.13344136146813	1.09432223170749	1.03823987446043	1.60387769984218	0.869358062793391	0.845195622425071	0.781845849906037	0.57939641014931	0.555507103054837	0.571584418973307	0.459551707838175	NA	0.820813467651586	0.607472096452307	0.284122078368386	0.945498306169431	0.516339199072974	0.471377242929688	0.249395101991937	NA	0.253960604307526	0.329928869954328	0.786694727415526	0.37384228142771	0.496428473095753	0.647034500820532	0.655365981030391	0.665116603651825	0.770580981084887	0.699231618104397	1.18727137431691	1.22924973916381
0.923125992264489	NA	1.2463482412965	1.02204041381639	1.21021348420726	1.26835545623962	1.25070967420824	0.31097080601718	0.714666452519671	1.26679304056986	0.813067739226827	0.74258257182405	0.57699268489147	0.728844620593265	0.550798002210657	0.906205654367367	0.80020050652327	NA	1.08059320643883	0.924233733103447	0.474652345620027	NA	0.787403901724272	0.860935665200173	0.652362617957296	0.681100922394486	0.771168602813542	NA	0.630751865252493	0.739165558268301	0.501069765810451	1.02753303995465	0.346112157595966	0.485087494633901	0.776149344265668	0.564759318983366	0.652038345460786	0.511456530047525	0.636522438366773	1.18870715048881
0.458207051455385	0.346493266419659	0.584306821828214	0.513793427365268	0.822127289481491	NA	NA	NA	NA	1.0854262617643	0.844005074811084	NA	1.09963197775627	NA	1.51640544818182	1.26873051864399	NA	1.35070962587949	1.38167748099614	1.4477969016594	1.51116154406705	1.73863540569549	1.11438368701806	1.4297179879035	1.02329946701005	1.23192965548584	1.03341989951075	NA	NA	1.36556888765834	0.858805872483753	NA	0.732375004149466	0.379880317239275	0.883188688544262	0.620073120090355	0.415669547487773	NA	1.10020535832942	0.56247722257148
NA	NA	NA	NA	NA	NA	NA	NA	NA	NA	NA	NA	NA	NA	NA	NA	NA	NA	NA	NA	NA	NA	NA	NA	NA	NA	NA	NA	NA	NA	NA	NA	NA	NA	NA	NA	NA	NA	NA	NA
NA	NA	NA	NA	NA	NA	NA	NA	NA	NA	NA	NA	NA	NA	NA	NA	NA	NA	NA	NA	NA	NA	NA	NA	NA	NA	NA	NA	NA	NA	NA	NA	NA	NA	NA	NA	NA	NA	NA	NA
NA	NA	NA	1.1071000512665	NA	NA	1.5445631246978	NA	1.15341951507996	1.06708187960001	1.07174080624193	NA	NA	NA	1.03594408497872	NA	NA	0.690964742861017	NA	NA	NA	0.886324257339633	0.672873123173099	NA	0.995208408090051	NA	NA	NA	0.694981452652466	NA	NA	0.785875767787039	NA	NA	NA	NA	NA	NA	0.770594038895065	NA
2.0664719713276	1.75368281778708	1.97249630150124	1.84076829714944	1.95550747983402	2.20933972029873	2.21833027673593	2.22784281620368	2.19520769509956	2.22856784938063	1.77626128091185	1.66230354766816	1.8969942646762	1.67346219670867	1.75279329468169	1.63985863376132	1.55986129228162	0.956712143458261	1.50072131799771	1.16127640420515	1.42855818644965	1.40854480414988	1.43758676372	1.15588831549503	0.844806201807262	1.14733425473754	0.877352922910368	NA	1.20095907814765	0.50317010610927	0.724318657306371	0.862854494002272	NA	NA	NA	NA	NA	NA	NA	NA
0.68001554291655	NA	0.864077117069892	0.879251039779158	1.24111508746024	0.415674676381086	1.31525757714811	1.41035414587988	1.06130653505689	1.09303390296371	NA	NA	0.99765946114277	0.749708378789614	NA	1.46796039252226	1.20262514109838	NA	0.997733009320205	NA	1.79167941933495	NA	NA	NA	1.03174250876005	0.691140276000714	0.954501892846591	NA	0.892988691169673	0.506171496909901	0.600602023980297	0.64984886392737	0.805890892473968	NA	0.787318256255371	0.883020037732227	0.363844581958175	0.593348082691395	0.863016938493589	1.11335870010786
1.73636378361504	1.79657825858597	1.17678863448565	1.15213443005039	1.23570590900924	2.66817943809793	NA	0.967220721242233	2.73470596184809	1.05673620625079	1.00121683318268	2.55475451097708	0.845161487872194	1.12078968487144	2.28019782962238	1.79053497277374	2.0721654320832	1.30905599891607	1.57282462229634	NA	2.52084770273327	NA	0.706210548638406	NA	0.723127668095727	2.01340023500264	1.22461975397328	NA	0.152621578074816	NA	NA	NA	1.19887836206557	0.804143598785804	1.6234593246333	0.960116177883243	0.400726638424996	NA	1.51578994378269	NA
0.733540441959006	1.45128406613405	1.61151359374685	1.3452884895154	1.28453838093683	0.990598763579277	1.03798344326849	0.962747601983775	1.13693959941746	1.28708835919169	1.10163726639639	1.04457897748843	0.723606815509384	0.909913364446851	0.836682446063577	0.986687047717373	1.36705906341666	1.39165394977218	1.20395047169086	0.902993502343774	1.28589640418426	1.29734098719125	0.968771222915788	0.759872142706136	0.623320560324504	0.631985313019267	NA	NA	0.941981925881234	0.582950088150931	1.02633533298524	1.41359594717383	0.960605538997689	1.15707389999913	1.52427911753663	1.78691498610824	1.37621658816516	1.85174498329133	NA	NA
1.22285997174575	1.4735256177603	1.51844997022219	1.43475354978283	1.5943860947656	1.58531963581152	1.68668360931653	1.60534318334962	1.71560071499627	1.19264343537104	1.33357974450961	1.33734140397202	1.57003674820405	1.37394632618285	1.47855979809954	1.65092477322959	1.46437476841432	1.07139972199652	1.73919627391287	0.938225185307131	1.12651939667071	NA	1.0198989764642	0.426526895130443	0.842719154659136	0.687613376105876	1.32775206811588	NA	0.417549717753168	0.872444914166332	0.955774949122231	0.668839224214525	0.528012464408999	NA	1.01770602183241	NA	0.835825359487307	NA	NA	NA
NA	0.2221576715862	0.874948605121183	NA	0.767716081228673	0.836458971976191	0.636031770852525	0.814531817003955	0.873937641276576	0.871257728251728	0.566052067659798	0.274657924058062	0.461982675927326	0.655618347015412	1.10052080098106	1.30308380945364	1.48420073377836	1.45681503380977	1.22347119430523	1.05910086598777	0.410009622626367	1.08060607004124	1.9237257793184	1.00860256207424	1.60941525343001	0.577949853688404	0.495830479196797	NA	2.00287003998278	0.906164667487077	0.950809374125864	0.528683540511231	0.723070251921855	0.517839082906351	0.873284574734723	0.560754931048541	1.54538173995407	0.761912357230558	0.426517446821491	2.19452477375572
NA	NA	NA	NA	NA	NA	NA	NA	NA	NA	NA	NA	NA	NA	NA	NA	NA	NA	NA	NA	NA	NA	NA	NA	NA	NA	NA	NA	NA	NA	NA	NA	NA	NA	NA	NA	NA	NA	NA	NA
1.24742535705107	NA	NA	0.368565327707621	0.931493336212086	1.71483599069979	NA	NA	NA	1.62110320193061	NA	NA	NA	0.629549369468264	1.31136247139699	0.224507501772316	0.369191239244484	1.67097032363415	0.739780955951283	0.568717477103063	0.815251139830884	0.692481753164662	1.40479741671846	0.525039217349201	1.21581917671125	0.95523196852121	NA	NA	0.70308098399637	0.899131888878216	1.1914833780291	0.884352398323326	0.977580268128413	0.525784682340971	1.50891962681042	0.524069844064291	0.509380119390723	0.595488371878838	1.32392410898062	2.02114665096969
0.816821259289641	0.489153421155436	0.341040578537522	0.500272811919352	1.31440023426741	0.573269513537848	0.667457668589906	0.518512949837394	1.15863662369764	0.956277158138757	0.744190785114932	0.780672060800374	1.07951502321949	1.10993761441206	1.08210079761296	0.658251185371315	0.499069206389837	0.615583449441802	0.720550165091045	0.671145830056891	1.29500661201538	0.502473894090799	0.751861324782253	0.596021237857514	1.37819084507926	0.39028097144473	0.335183773056821	NA	NA	0.560764946590631	0.791932658760211	1.24504268737094	NA	NA	NA	NA	0.931641248252303	1.45779397957584	NA	0.910834402504659
NA	NA	NA	NA	NA	NA	NA	NA	NA	NA	NA	NA	NA	NA	NA	NA	NA	NA	NA	NA	NA	NA	NA	NA	NA	NA	NA	NA	NA	NA	NA	NA	NA	NA	NA	NA	NA	NA	NA	NA
0.621715060546062	NA	1.32872649195893	NA	1.16825150826653	1.36959284938371	2.25515281745755	0.83627117737242	0.662930194653224	0.607843325294776	0.906795922392664	NA	2.32366969852158	NA	0.952643643333067	0.75513397688025	0.415595973809638	2.02334360448311	0.631074013871623	NA	NA	0.202982782994412	0.175738614322	NA	0.456394826088725	NA	1.35643136842636	NA	0.568432710349206	0.333608872089047	0.34127554170685	0.506932409008469	0.353019007722637	NA	0.608099308555172	NA	NA	0.640022167064237	NA	1.2535609076148
0.581304099672381	1.08216368683178	NA	NA	NA	1.20779933162263	NA	1.05951262352041	1.2114811385257	1.16418442369704	NA	NA	NA	0.544209446702559	2.49596367521975	0.868350472129193	NA	NA	1.13906942686117	0.96561167991754	3.14964885035804	NA	NA	NA	NA	1.02778008110673	0.722667639900559	NA	0.53921229667945	NA	NA	0.391942786877885	0.360007378286532	NA	0.409120222902462	2.3208652976001	NA	0.308526553764128	0.74624783281018	0.538590912644137
1.25769615773502	1.5613467650596	0.771293642523854	0.522622314123065	0.88358774678592	0.854474425275608	1.36750845974155	1.50652291129424	0.73037339478619	1.11407076248042	1.09410826146492	1.53185522474231	1.55936335368188	1.59284652927501	1.47218722152261	1.01439689236083	1.09986476564775	1.98840811447632	0.608693030606563	2.11381331048055	1.66341601038206	1.16279132765714	1.75821056377874	1.64559818551486	0.83197954788076	1.21458588329724	NA	NA	0.349326407328158	0.656705599800504	1.19603320342661	1.19657616477462	1.33464885048573	0.526341952098311	0.161579197396111	0.942562112302193	1.22618911641143	0.655805521643798	1.08289851465819	0.907480329630088
0.632127742688403	0.473950920258054	0.389336856757305	0.663670575716937	0.584661178227488	0.586572310001227	0.970256970393915	NA	NA	0.589557505835405	0.756490788517279	0.913664181098772	0.376803754146614	0.520185053228374	0.658230163421027	1.00026231447841	0.965186283959692	0.772668914456909	0.822105881244864	0.790149964587682	NA	0.8267978187689	0.630004918707165	0.671935286841112	0.675848756382485	0.627190641067716	0.821428843569862	NA	0.280635625535244	0.474529882830161	0.51123050646572	0.590553202381516	0.519461261927019	0.667634816688714	NA	0.0968653600231491	0.816751661385821	1.79308492680188	0.548851913960799	0.558466480608182
0.542040524415703	NA	1.20106570121476	1.21161922091017	1.01101213209411	1.4643302909457	1.33975994047813	1.21928706500456	0.925514333055235	0.98183168133318	1.41960039065413	0.847977097064583	NA	0.464937401843942	0.503702198085057	0.524448737364505	NA	0.556563372840842	0.662019174572189	1.47861296071704	NA	0.729608342657658	0.213325204967921	NA	1.00536664007513	0.861140458921643	1.39407538435198	NA	0.250443965707607	0.162007428135166	0.618500551461289	0.206161736528817	NA	0.575303380004547	0.838387834280363	NA	0.816602378277124	1.6044944776179	0.581115637220885	NA
0.632842892686705	1.12430275114878	0.521822347299046	0.692649228961536	0.472813123662797	NA	0.759704077784626	0.541339772507996	NA	0.754970772858067	NA	0.737097313663585	0.735158121632312	0.963477269186231	0.646524871541336	0.67224369632852	0.736735118494635	NA	0.402071634659215	0.524675747301315	NA	0.331914427378253	0.346512893563931	NA	0.212823818072529	0.661103550505374	0.220136347736907	NA	0.441735371426197	0.424082378540476	0.596101468008485	0.825945051925222	0.530606727961558	0.434455352282193	1.00266689478985	0.620678925237604	0.907134398664243	0.792135408403438	1.23421435578115	NA
NA	0.118607609138306	NA	0.874616558030746	0.758337970227358	1.11728675035232	NA	NA	NA	NA	1.60293218827071	1.77960432866175	1.68562369398426	1.63577891391414	1.7363384777717	1.49822953423776	2.15400078842119	2.07495260839681	NA	1.58447989283694	NA	1.9351266437909	1.59776896814667	NA	1.19564703145457	NA	0.628360238221842	NA	0.432633470577608	0.842769420639217	0.954601870535815	0.611085068950035	0.404991332720323	0.734328617240326	1.44755836430098	NA	NA	0.797265413083252	NA	0.473538146666663
1.1550134702601	1.22982040664513	1.35371879415884	1.22371326715761	1.29596056151939	NA	NA	1.15309107952417	1.10087797399803	1.13811532431069	1.2442466572483	1.27585860923843	1.33819817958133	NA	0.783891632267964	1.08864620371497	1.02955829123244	0.884278855150302	0.913568648489109	0.99655943213872	NA	0.827213125317904	0.674319537945619	0.532069772349327	0.617354854139283	NA	NA	NA	0.107899292214353	0.659880125048325	0.872071602432214	1.30941188562041	1.46552148242448	1.14502490967087	1.30815803167553	0.651175764668498	1.21673998917721	1.16910985196073	0.760633465815991	NA
1.94518815146339	2.05019205042684	0.729264005472169	1.37508481872695	NA	1.01533871969757	1.1622372395531	1.02931050825919	0.885729027013967	0.781697940650989	0.908295916765062	0.800012047263793	NA	0.839156387460949	0.761680785196749	0.588994678856346	NA	0.461701894978963	0.905429121355619	0.915070314491503	NA	1.60009421419757	0.652286432982055	1.29575779223881	1.43571976626539	1.92186050544305	NA	NA	1.98716335040362	NA	0.176921511569146	0.351441243439384	NA	NA	0.45796038910728	1.74842099570111	1.77936081414814	0.945129819376523	NA	NA
NA	NA	NA	NA	NA	NA	NA	NA	NA	NA	NA	NA	NA	NA	NA	NA	NA	NA	NA	NA	NA	NA	NA	NA	NA	NA	NA	NA	NA	NA	NA	NA	NA	NA	NA	NA	NA	NA	NA	NA
0.556825279085638	NA	NA	0.431425429093842	0.431477341710032	0.556576279237323	NA	NA	0.776838510241597	0.862451605373487	0.994046164273508	NA	1.28767379745898	NA	1.20610899608167	NA	0.725018593263735	0.81529475554004	NA	NA	0.623126884966897	NA	0.629765338999183	0.938708024267072	0.632525024120715	NA	NA	NA	0.421076073172988	0.585380107193861	0.599806115473148	0.520297137538947	NA	0.422783329586095	0.507234268913654	1.07304898892925	NA	0.626753060130691	1.17209965321703	1.02644540417966
NA	NA	NA	NA	NA	1.57435758960554	NA	NA	NA	NA	NA	NA	NA	NA	0.849319700866145	NA	NA	1.19865017702554	1.28773531447742	NA	NA	0.875240425127349	NA	NA	1.02419123243098	0.614070025607903	NA	NA	NA	NA	0.560027746429124	NA	0.781950653603675	0.618288645393406	NA	NA	0.781271429693925	NA	NA	NA
1.25484275120942	2.84118094114491	1.26564828209456	NA	1.93770528216899	1.8647033423556	2.31867031623129	1.57605723873472	NA	1.74869318008259	2.72311176222314	NA	NA	NA	1.09953643041835	1.19830918388194	1.28268771534356	1.09932003998805	1.45852431649158	1.37328965151956	NA	NA	1.13747764522336	1.13871610774082	1.18929110543767	NA	0.838852293752489	NA	0.614167583143403	2.80033246912079	2.4816509775503	2.55688418853877	0.700422928699701	0.980065482856739	0.900007885603044	NA	0.476822123670149	NA	0.455207998285776	NA
0.426366916624153	NA	0.579556376312606	0.54185621619165	0.700606762395029	0.680611049544311	NA	0.451672050030843	0.903397834165646	NA	0.578372505486781	NA	NA	0.575674258994624	NA	0.430305637334638	0.33916336061878	NA	0.434689304768558	NA	NA	NA	0.894994604650791	NA	NA	0.340689887902331	NA	NA	0.629810264420477	0.567825774591038	NA	NA	0.635282404625089	1.13069875997207	0.888569574578269	NA	1.13435798306022	NA	NA	NA
0.868287928060172	NA	1.08500734528388	0.823485894096501	0.479208338360079	0.788580522709445	0.586262825533399	NA	NA	0.588096535569443	0.564652955639474	0.607258613666359	0.591192593322649	0.19050269526037	0.315974340466769	0.609658388258377	0.484497566726746	0.664470194156656	1.01976588730408	1.20361212740191	1.89882142499702	0.781226620380894	0.397682072079952	0.275130705976318	0.132525085699881	0.252249888957853	0.341041445672079	NA	0.267679650017916	0.515166864231646	0.435248860952774	0.563195973381359	0.71840758492795	0.601276871686498	0.87559764025106	0.778128266490585	0.62109924715099	0.618604520326476	0.951043650034279	0.230773480013518
NA	NA	NA	NA	NA	NA	NA	NA	NA	NA	NA	NA	NA	NA	NA	NA	NA	NA	NA	NA	NA	NA	NA	NA	NA	NA	NA	NA	NA	NA	NA	NA	NA	NA	NA	NA	NA	NA	NA	NA
0.653509775137365	0.781003131337419	0.48780486629757	NA	0.956365287714457	1.23017422780635	NA	0.806275549735384	NA	NA	NA	0.9254300386199	NA	0.315238547715564	0.354122500312913	NA	0.603101668777363	0.734530599942845	NA	0.534262535371344	NA	0.370964024513659	NA	0.598909289230959	0.314613348732955	0.358037606558874	NA	NA	2.47428913223377	NA	0.714458601572593	0.75221415346065	NA	0.43428923355415	0.239302989151111	NA	NA	NA	1.57751629315777	1.56531233993831
1.72845874076799	NA	NA	1.01720928815084	NA	0.354020696188624	NA	NA	NA	0.888359669278041	NA	NA	NA	NA	NA	NA	NA	1.40459569555377	NA	1.480336670276	NA	NA	0.969055715992226	0.447925012930792	0.535045015761671	NA	1.02604571119071	NA	0.384565613043332	0.711662268724924	0.175076070838776	NA	0.332085427508407	0.49371159716784	NA	NA	0.326781765345049	0.479922418318043	NA	NA
0.823647244212919	NA	NA	NA	0.968928217563584	NA	NA	NA	NA	NA	NA	NA	0.784381245781498	NA	NA	1.23387313938228	NA	NA	NA	NA	NA	NA	0.459164039948092	NA	NA	NA	NA	NA	0.862065404602164	1.4124271091773	1.40589593688655	0.902507625565456	0.858398921746231	0.573909632976723	1.03556264031272	0.625653975936668	1.44074820612272	1.66015765505355	0.219988555697132	0.512624234121996
0.969479882433503	NA	0.67008231153422	0.88104464449945	1.21313274715785	0.764090560290132	0.671254195796305	NA	0.466445022687654	0.660776800112244	NA	0.737720597990241	NA	0.528475694262786	0.398417152860177	0.404931261870136	NA	0.568725780499254	0.934561543738487	NA	0.70161482480483	0.986945133836595	NA	0.7489009910331	NA	1.38309687676441	0.647659202391154	NA	0.172141572665499	0.194687124039501	0.504132556984609	0.868908242549803	0.839683951339082	0.273523841218576	1.01584463158982	NA	1.13092183054866	0.527379912103845	1.76721089013241	0.487544243752435
0.96101580170279	NA	1.02734710849571	NA	0.912389383101315	0.800683131156466	0.877925601719443	NA	NA	1.82692577384288	1.58281986714354	1.81038027423287	NA	1.10588053579344	0.946869213422351	0.997682291795	0.684748444129312	0.528439947987977	0.744000472896833	0.697562745784901	NA	0.148269023290594	NA	0.37463034254748	0.545504055090838	0.384754788315094	NA	NA	NA	NA	NA	NA	NA	NA	1.29827119982287	NA	1.39204021384621	NA	NA	NA
0.997834988995788	NA	2.10893300435748	1.13222181536194	0.947477621153385	0.858826464241169	NA	0.556626011920355	0.924122160795575	0.81285584977095	0.970607764965003	0.666777411568554	0.80134758406007	0.774770321399402	0.69870913769343	1.18433397226964	1.18687818339242	1.31851301195371	1.49461376096628	1.27675458636245	NA	NA	1.56570351276686	NA	0.694737596140405	NA	0.514393235209104	NA	0.808937648638734	0.364463825601578	NA	NA	0.528789716546442	0.666405974796722	0.749783882591114	1.19206511696751	0.522943232603011	0.296386187969815	NA	NA
0.668023853921402	NA	NA	0.414925933606521	0.32782643731601	0.576029234998792	NA	NA	NA	0.738796607497587	0.523500939625417	0.478003729170737	NA	NA	NA	0.672729075544007	NA	0.844150528252539	0.663137970974492	NA	NA	NA	0.947420829262479	NA	0.915566922389133	0.385114530133361	NA	NA	0.750067715750124	0.782730514534894	0.681261995356198	NA	0.722107124402719	0.813103474117945	0.740221678522012	NA	NA	NA	3.19864049709287	0.610365203674435
NA	NA	1.18226407990048	0.782294050458887	1.19957280392908	0.515359617184399	1.0210000613028	0.287660688225783	NA	0.72266106232059	0.74259521491429	0.455812692650157	0.244399088537703	0.930160486395281	1.0968149766917	0.808475711456487	0.16270866447413	0.21395078122237	0.988877868287927	0.777520459836715	0.531906212900152	0.609427922531537	0.617161808754705	0.532881738983389	0.458173156358571	0.645249212844847	0.508125533291865	NA	0.452675724040946	0.712642355225712	0.850140000772194	0.574014018980942	0.711915322684279	0.671537602554127	0.474041346252877	1.12096551302154	0.559214142138769	0.812566236815661	0.536855834796242	0.418805935445338
0.864541996855635	1.51045433007075	0.729839951859071	0.268744364040925	1.42637805724862	0.126585221410342	0.743228041222322	0.496863042185603	0.575890697898756	1.26834192921576	1.03849293834904	1.98355627586711	0.677281432477378	0.586864837236491	NA	NA	1.69517502343057	NA	2.2066693853608	0.716724328334063	0.187702858549767	1.95433464720838	0.57955772602745	2.58400277524895	0.345303918856927	NA	1.13808468580469	NA	0.951292904008653	0.497613965568986	NA	NA	NA	0.651933633040494	0.76610654362759	1.50499299775724	0.116051697886868	0.387982970261375	1.51594533525807	NA
1.25451650207269	1.20655963080441	NA	0.99810223153407	0.959415522239074	1.36453056498815	1.35330221592987	1.06298154008196	0.852742710843464	0.885686667991472	0.767600874527287	NA	1.09196722534729	0.88288062477027	0.845438712114385	NA	NA	1.36049303933352	1.32014825691891	NA	NA	1.35666501035346	1.41370841942118	1.45348856830423	1.00480022432891	NA	0.565209368428141	NA	0.580017273327301	0.508419483748824	0.646723849902644	0.713080554081062	0.445356273668044	0.70649022817274	1.09965277979753	0.793372384316383	0.509801603749445	0.614821604650296	NA	NA
NA	1.65910699158725	NA	1.75663468101973	1.69483668542887	1.38185600554631	1.21340545653539	1.15507156325438	NA	0.967179804972027	0.812706270641824	NA	NA	0.549813918689716	NA	1.08863437100328	1.06405511846636	0.210440391192438	0.180892357068972	0.634580287912972	1.21535347684099	0.508478635607711	NA	0.327791524835159	0.412559165450273	0.556090813226956	0.657425482416187	NA	0.171343821587674	0.51743457961358	NA	NA	0.857801911726868	NA	1.29605902520204	NA	0.662289799549686	0.896532437815406	1.84362733112075	1.58778105846506
0.671295433833179	NA	0.692443869938071	0.968360480895285	0.80172238625941	0.851824322981337	NA	NA	0.738795948846344	0.581036678749637	NA	0.625361469364718	0.484857120722069	0.589025751216781	0.843326000618688	NA	0.588008477157416	0.496303432127101	0.750132735825719	NA	NA	NA	NA	1.23682313436663	0.305388707065025	0.577724357515611	0.226787128636881	NA	1.16403854461304	NA	NA	1.1050311104538	0.934043974030768	NA	1.11961944573852	0.714069868593631	0.799337992202868	0.375167981455071	1.62621767372573	NA
NA	NA	NA	NA	NA	NA	NA	NA	NA	NA	NA	NA	NA	NA	NA	NA	NA	NA	NA	NA	NA	NA	NA	NA	NA	NA	NA	NA	NA	NA	NA	NA	NA	NA	NA	NA	NA	NA	NA	NA
NA	NA	NA	NA	NA	NA	NA	NA	NA	NA	NA	NA	NA	NA	NA	NA	NA	NA	NA	NA	NA	NA	NA	NA	NA	NA	NA	NA	NA	NA	NA	NA	NA	NA	NA	NA	NA	NA	NA	NA
0.59680504078535	1.00345541227981	0.16605060800432	0.36788531053288	0.457495423803185	0.685580648452043	0.752292441158652	0.779502647769109	0.862835528379782	0.85879256257833	1.04691599124308	0.655672279608147	0.52955302690127	0.683952609685019	0.501519156675217	0.562318616005962	0.511668476985326	0.382946384047068	0.417630200884633	0.337020403182737	0.585336894568924	0.668470561388767	0.0182414401277568	0.448709390408498	0.244849688764081	0.145340837804166	0.514148110610131	NA	0.584943506990861	0.505394143650932	0.46826713570406	0.349373485243295	1.2789947607487	NA	0.409051603758649	0.496326998001763	NA	NA	0.972893191794988	0.936266672543621
NA	NA	NA	NA	NA	NA	NA	NA	NA	NA	NA	NA	NA	NA	NA	NA	NA	NA	NA	NA	NA	NA	NA	NA	NA	NA	NA	NA	NA	NA	NA	NA	NA	NA	NA	NA	NA	NA	NA	NA
NA	NA	NA	NA	NA	NA	NA	NA	NA	NA	NA	NA	NA	NA	NA	NA	NA	NA	NA	NA	NA	NA	NA	NA	NA	NA	NA	NA	NA	NA	NA	NA	NA	NA	NA	NA	NA	NA	NA	NA
NA	NA	NA	NA	NA	NA	NA	NA	NA	NA	NA	NA	NA	NA	NA	NA	NA	NA	NA	NA	NA	NA	NA	NA	NA	NA	NA	NA	NA	NA	NA	NA	NA	NA	NA	NA	NA	NA	NA	NA
0.951522552381783	0.748483969756085	1.08509280359666	NA	0.503666244455907	0.61938840948075	NA	1.04727690320133	0.72026523064795	1.01578091712037	1.04532429309113	1.36445777333455	0.772836894020998	0.921689894762732	0.914760906284022	0.692702883138939	0.864632664942546	0.701370108165573	0.572582841656488	0.109243897190115	0.816107576378058	0.95679473111552	1.10902609415262	1.2262035994096	1.13008822901025	1.06341551791966	0.485371670715757	NA	0.689526096038757	1.01032697360998	1.10389519124265	0.628128644467057	0.556389781761935	0.53188756000602	0.454438761800562	0.321366541623548	0.433445624245051	0.523354028023676	NA	0.180516620198965
1.5520196315589	2.53328160670728	2.41125760999976	1.87162077772394	2.20291592332852	2.32457153227925	2.07803223352366	1.94012507829282	NA	2.11680099267859	NA	2.20534833463778	2.28290579610698	2.30373941345752	2.20184721120996	1.64788441788887	1.97228621652224	1.94853644840372	1.92766686361721	1.98984387430138	NA	1.33183190479179	1.44911830103	1.14759149861267	1.49702316712912	1.43626074406983	2.31916997012221	NA	1.6014873047728	2.1228944254444	1.30673135214221	NA	2.1942297990824	1.98609335389192	NA	2.15440405825116	NA	1.25118446705139	2.15366053043225	NA
NA	0.479621601327852	NA	NA	NA	NA	NA	NA	0.328999853816588	0.373487299064315	0.361729838968323	NA	NA	NA	NA	NA	1.92823089620797	1.21007732444427	2.11292358974069	0.888526061283541	NA	0.523830323230407	0.684528449673958	0.540770836483699	NA	0.217034341215615	NA	NA	0.116978367393296	NA	NA	NA	NA	0.860576334855013	NA	NA	0.417801134368079	0.718735051065823	NA	NA
NA	NA	NA	NA	NA	NA	NA	NA	NA	NA	NA	NA	NA	NA	NA	NA	NA	NA	NA	NA	NA	NA	NA	NA	NA	NA	NA	NA	NA	NA	NA	NA	NA	NA	NA	NA	NA	NA	NA	NA
0.949849324235363	NA	0.9212305739034	0.480730822120725	0.757948598893281	0.471590576417535	NA	0.681757231956361	NA	NA	0.425266391237678	0.872019166296026	NA	NA	0.810759495005593	NA	0.570026392887606	NA	1.68977327014006	NA	0.968538196638504	0.962205766542502	0.930784938022469	NA	0.588166137218359	0.421431036108108	1.09426944717393	NA	1.43767961967584	1.18879137743412	1.23745286300017	NA	0.44874102169008	1.31411046914924	0.824048061916058	NA	NA	1.45576719281347	1.63280663146812	1.2944543989413
1.0142112774057	0.946212280891914	0.859511283323887	0.997840526136517	1.09827151545392	0.783267072844003	1.07984698888602	0.721160449549607	0.94939855455318	0.914750287551772	1.0646435368999	0.91160701267652	0.784203641636815	0.958924541441165	0.657854067418009	0.521116984354633	1.26751988612939	0.853079838415409	0.81212563931722	0.711812826489991	NA	0.990664600820997	1.89852246879756	1.01018339077745	NA	NA	0.722493267131434	NA	0.960521497885923	0.710147504210553	NA	NA	NA	0.608713961546805	0.652409446558921	NA	0.829538760648198	1.06953512080307	NA	NA
1.1563421834569	NA	1.21138766610875	1.39222468719199	NA	NA	1.21296437518377	NA	NA	NA	1.16478441121439	1.47591856650011	NA	1.41825575849712	1.21239887415139	1.00835158487838	0.724589234369098	1.08207869674942	0.77575987921215	NA	NA	NA	1.12387051355399	NA	0.954881462287129	NA	NA	NA	0.265834426348982	0.961732328629185	1.7839849191357	NA	1.17896715512284	1.41987233817711	1.35880364294844	1.00433095498372	0.800296998432689	NA	NA	0.673156641683017
0.543687371472647	0.892215576997996	NA	0.695538124167208	NA	NA	NA	NA	NA	1.91519940193	NA	1.75247096876461	2.03170977957122	NA	NA	1.07579579282599	1.10616981041122	NA	NA	0.901676607124605	NA	NA	0.689190547677783	NA	0.521956100079027	NA	NA	NA	0.796470273380645	NA	0.982379062100727	1.11219503449706	NA	0.563197954872264	NA	1.18534384342612	1.77299322266799	1.36752760565366	NA	NA
1.65125640997939	1.45931734313421	1.09802919714398	0.831736102599402	0.895455642068521	1.46395071940187	1.10006842210064	0.995970460344602	0.985930379225506	0.758791111015021	0.939039274677701	1.59330938395177	0.991949488768096	0.513899398185182	1.09674162191686	1.2744334886132	0.594802197111577	1.58458963727093	1.30587340078779	0.429156022380778	0.475242563403213	0.769983660970578	0.794102550196137	0.807081744145699	0.985124765690501	0.440547861963061	0.79792437214644	NA	0.635298232434737	1.05159959165609	0.622175941109704	0.92100499460465	1.12411139956553	0.907696016811021	0.535706678406941	0.524264954232352	NA	1.51379305647436	1.39096291014976	1.4324037229526
0.874767217145416	1.29039472441703	1.55866925724077	1.11143205223091	1.34210972165177	1.20850526637741	1.36308668063888	1.36613452930316	NA	1.16294141856584	1.06229580366776	0.690516448551228	1.2380282266775	0.724805959887927	1.30015039093878	0.8260961262031	0.875277227943106	1.47484221586299	1.27106019576225	1.44232658721991	NA	1.07592665697161	0.986936856455138	0.94590350795071	1.84563396751646	0.818820954544073	0.734514882783571	NA	0.115176297947634	0.192558890278833	0.573366146563969	0.464935180708535	0.623560432570374	0.923898462651683	0.679650300304699	1.00551395159805	0.585950568818178	0.573065207787867	0.71741238677426	0.999723175875787
0.794387541908564	NA	NA	0.784456097305628	NA	0.528952079300405	1.90147405012614	0.347201525277043	1.99795672657128	0.297966811545462	0.404618418237185	1.81288212308786	1.7378671034164	0.599014934070047	0.397963566218385	1.07046268146867	0.314584221247732	0.416742825435965	1.62509178293824	0.112198731237865	NA	0.92655708106162	0.544390704931834	0.20400990127159	0.122295338746508	0.346898575636123	0.291941374696003	NA	NA	0.230547600256741	0.630850925898599	0.513358438280897	NA	0.709519685468083	NA	0.458455293505971	0.523472134490119	NA	NA	0.399221817741061
0.934813570584495	0.882191418932517	0.767916128102167	0.486811878489443	0.582699369708366	0.366606869516063	0.672509908618876	0.538753170205666	0.635572945871143	0.401368980217952	NA	0.582520976645931	0.436300021368394	0.657145260178381	0.685123504435724	0.554738704888668	0.834437941931035	0.691690133766666	0.981619341478	0.571905201944373	1.89565942925491	0.583814736582828	0.621701774702051	0.428679125895541	0.75703146767759	NA	0.343791447376695	NA	0.735784502196317	0.826009703448129	1.15766271548525	1.35289782151746	1.62729290700546	1.54374077340056	1.04685038436002	1.42030496035773	1.1914745007327	1.07125031846794	1.5414049228999	0.848738545566491
0.820276526915413	0.996618852803256	2.01228301118359	0.675376737717194	0.540154340684269	NA	0.696626333892115	NA	NA	2.02694541479059	1.36242180271674	0.838109007709745	0.98234096439847	0.969621690596227	0.95131414706841	0.772571727561828	0.757228273669577	0.391544990394129	NA	0.504432963121454	0.718692745993197	1.0888456132149	1.23942981140575	1.13126282808735	1.28078669520729	0.710874722491846	1.04121877281386	NA	0.403702385508745	0.791181719505061	0.424583785466546	0.343453534760621	1.13849758535716	0.522917081722211	0.719880418093022	0.531010381748818	0.225135817054816	0.369164493899553	1.85837353069232	1.78806508317672
NA	NA	NA	NA	NA	NA	NA	NA	NA	NA	NA	NA	NA	NA	NA	NA	NA	NA	NA	NA	NA	NA	NA	NA	NA	NA	NA	NA	NA	NA	NA	NA	NA	NA	NA	NA	NA	NA	NA	NA
NA	NA	1.66522920038891	1.57538795790388	NA	1.70240399883449	NA	NA	NA	NA	1.0726096947402	NA	1.46195525229108	NA	NA	0.968077258951024	0.864649579490449	0.88327966173192	0.494954582508541	0.760747518351963	1.25833997513181	1.05992301613323	NA	0.520851634354833	0.846937457175682	NA	NA	NA	0.445361045087116	0.494566227561485	0.374882697218831	0.592952716695415	NA	0.754294838894578	0.560921823269412	0.953603066373676	NA	0.963749294911418	NA	NA
1.50473600870395	NA	2.22263955165042	NA	NA	NA	1.45072989552769	NA	NA	0.774499971477114	NA	NA	2.44555610426681	2.29790222502052	0.93687354271138	NA	NA	NA	NA	NA	NA	NA	NA	0.681062118631426	NA	NA	NA	NA	0.388661486147148	0.494933362631073	0.964290786259386	NA	NA	0.728942183673639	0.843799135091442	0.996662935116894	1.95542762098052	0.823670433417236	NA	NA
NA	NA	0.989363049535913	NA	NA	1.17971167662251	1.67939470600259	NA	1.3789795315801	NA	1.13482240226269	1.6085313853975	0.827230726076315	0.816123733514853	0.649342907846384	0.633113171546513	NA	0.595770810598746	0.304124992056694	NA	NA	NA	0.748107423831173	0.89567716137069	0.616155989114511	0.597852714588878	0.196384518945286	NA	0.373862292933503	0.740382500540252	0.230882220758734	0.653925732204484	0.794837830444932	1.02667666497616	0.942080658189547	0.94369957461858	0.893365618144602	1.36497291433406	0.916466870187488	1.34006366282463
NA	NA	NA	NA	NA	NA	NA	NA	NA	NA	NA	NA	NA	NA	NA	NA	NA	NA	NA	NA	NA	NA	NA	NA	NA	NA	NA	NA	NA	NA	NA	NA	NA	NA	NA	NA	NA	NA	NA	NA
NA	NA	NA	NA	NA	NA	NA	NA	NA	NA	NA	NA	NA	NA	NA	NA	NA	NA	NA	NA	NA	NA	NA	NA	NA	NA	NA	NA	NA	NA	NA	NA	NA	NA	NA	NA	NA	NA	NA	NA
NA	NA	1.32190234878693	NA	NA	NA	1.28547030454545	NA	0.869925210281099	NA	1.02696656208748	0.932747041828983	NA	1.21080265452597	NA	0.873027554050808	0.939315164468729	1.11819032109208	0.949205564462719	NA	NA	1.06495092570733	1.36378780477218	0.814704823095284	1.03898831178693	1.45823549369654	NA	NA	1.05065850079	0.782058594569241	0.49892383378676	0.6707785462706	0.71155909501667	NA	NA	NA	0.891988745503456	NA	0.833359351004648	0.863047126520994
0.950963309159662	0.629911774526707	0.594690900932235	0.807814815296119	0.420347551853746	NA	NA	0.867966299468536	1.4181377997324	1.43738586468132	0.871467590880559	NA	1.11579916058345	1.28058958632589	NA	NA	1.21130405330093	0.901921948319205	0.648902994676159	1.16866127600576	1.67759647062721	NA	0.417508483213702	NA	0.761962512600732	NA	0.983255287248781	NA	0.375378056606455	0.86195174265546	0.68256192352428	0.896020302375995	1.12706806770658	0.623687476611529	0.610187783646476	0.574485378236739	0.371181345519087	0.192773323335739	0.89175156847905	0.548292636223293
0.705480706950754	1.06689994843246	0.87307035807456	1.03382815616666	1.42930805330426	NA	0.442390981144327	1.22537491607266	0.576055847970223	0.902479291830909	NA	NA	NA	0.855926192583432	0.673032491207933	1.05227395618689	NA	1.56998513771934	NA	NA	0.50571786808467	1.11776716871095	1.21750154645331	0.701654058449341	0.988883962519796	0.901524630882056	0.616279776040625	NA	NA	0.46881233204092	NA	0.426088545287298	0.833085245384458	0.304856266982887	NA	0.921882786341145	0.175871543464224	0.706243335484127	NA	0.980506719764177
NA	0.695439961570437	NA	NA	NA	0.81133266710258	1.87437903937679	0.365868639000938	NA	NA	0.204951333204664	0.30206652288863	0.430703951189959	1.77041965978714	0.839287492521913	0.702955793913675	0.552521194370889	NA	0.227674799202488	1.12586611380935	NA	NA	NA	NA	1.86144664264213	1.12668143916194	0.658109121829489	NA	0.362431447093759	1.11096867657879	NA	NA	1.78487235939423	NA	0.635602592929229	0.464334156428722	1.04581658280078	1.05743566105547	0.801759450648431	NA
NA	0.650913619953622	1.00709002609411	NA	0.808379665718137	1.81751158996148	NA	NA	NA	1.1730542393659	0.316276876440976	NA	NA	0.674145069423824	NA	1.05089189879107	1.11264322106636	0.605237613577395	NA	NA	NA	NA	1.26674879593071	NA	0.863849698681411	NA	NA	NA	NA	NA	NA	NA	0.806690637540252	NA	NA	0.333687018658722	1.07978002868187	0.518481655254176	NA	NA
NA	NA	NA	NA	NA	NA	NA	NA	NA	NA	NA	NA	NA	NA	NA	NA	NA	NA	NA	NA	NA	NA	NA	NA	NA	NA	NA	NA	NA	NA	NA	NA	NA	NA	NA	NA	NA	NA	NA	NA
1.45960545502239	NA	NA	NA	NA	1.25011735192154	NA	1.06083214573924	0.952664535903281	NA	1.09287604129016	NA	NA	NA	1.00797846473982	1.15404182262656	NA	0.690388362297541	0.522424923649454	0.7183830748715	NA	0.971607448631045	1.19635827485752	1.0919282017177	1.6937754549629	1.3442033941338	1.27541967922533	NA	NA	0.380946489882922	NA	0.9313613229715	0.92049511459782	0.812217908443822	NA	0.354955919961154	0.702997651998849	0.919148910438232	1.14952436823043	0.708973785414689
NA	NA	NA	NA	NA	NA	NA	NA	NA	NA	NA	NA	NA	NA	NA	NA	NA	NA	NA	NA	NA	NA	NA	NA	NA	NA	NA	NA	NA	NA	NA	NA	NA	NA	NA	NA	NA	NA	NA	NA
1.56431332626235	0.54484345386741	0.852852251823688	1.87462579367115	1.75614617236237	2.19080170113224	NA	2.14543096610399	2.16783369481986	1.73249300505696	1.75781495791682	NA	2.05640509856108	2.48346619100599	2.29446378864917	NA	2.76943144957711	2.30592739842703	2.27487105364228	NA	2.25612711585234	2.53626709029155	2.49201666914901	1.9731212062747	1.9018046631219	2.56106225869545	2.03836918290646	NA	0.182709205882544	1.12002741552113	NA	NA	0.242632364237143	1.99042448252511	0.508314830865519	NA	NA	2.4058879407866	0.693949683467365	1.59084471265905
0.644406327900212	NA	NA	0.691551004415512	NA	NA	NA	1.67865596937395	NA	1.40772221957498	2.00347385695407	NA	NA	NA	1.15330772777112	NA	0.594137242410167	0.652910065936257	0.717238348759163	NA	NA	0.614848138320044	0.455529058409255	NA	0.460841244295043	0.475761167608968	NA	NA	0.164464728431064	0.14740545609911	0.584344672301881	0.285839449618674	0.585638529126618	0.790147946029485	NA	0.397702788861588	1.60895902599928	NA	1.01885842972888	0.301946436854625
NA	NA	NA	NA	NA	NA	NA	NA	NA	NA	NA	NA	NA	NA	NA	NA	NA	NA	NA	NA	NA	NA	NA	NA	NA	NA	NA	NA	NA	NA	NA	NA	NA	NA	NA	NA	NA	NA	NA	NA
0.982154974748695	NA	0.615425131669232	0.915275687430316	NA	NA	NA	NA	NA	0.754030852881292	NA	1.36769615909881	0.236980086411836	0.0608865258535848	NA	0.40449560910479	0.397639334460438	0.35606619347301	NA	NA	NA	NA	NA	0.405581114189425	NA	0.814653344927752	0.233788946420615	NA	NA	NA	0.644174157383245	NA	NA	0.384767833227992	0.261328187556857	0.429018137225753	0.623564937013811	NA	NA	0.273867963937818
0.982391060339213	NA	0.976532433459576	0.890354056832387	0.753002180248056	1.02268658085541	1.16858702608983	NA	1.13362518209096	1.00184875040775	1.25087110436218	NA	NA	1.44995063375801	NA	NA	NA	NA	1.72578895013079	NA	NA	NA	NA	NA	NA	NA	1.34289787224013	NA	1.47067681462648	1.38582718950161	NA	1.31400932356626	NA	1.04238298828611	1.1638247996803	1.03259958120327	1.3379176215896	0.920589119186978	NA	1.18982506340398
NA	NA	NA	NA	NA	NA	NA	NA	NA	NA	NA	NA	NA	NA	NA	NA	NA	NA	NA	NA	NA	NA	NA	NA	NA	NA	NA	NA	NA	NA	NA	NA	NA	NA	NA	NA	NA	NA	NA	NA
0.479198399724714	0.828259647418395	0.304526667121276	0.535983584623728	0.0645000463092581	0.78279548230412	0.975082571111382	0.732357882664048	0.45086206295611	0.885246725591752	1.08291091081626	1.17331919952392	1.0644894866661	1.46999642579635	1.26683651651691	0.874266802337462	1.0449322691463	0.783693515262058	0.663931096308639	1.25922079528331	0.403943671559427	0.550182098600818	1.00723139613609	0.943572895125741	0.966405400643832	1.3237067151508	0.981857835612573	NA	1.55058903088708	0.948654783596699	0.43793506951907	0.62297193827225	0.546414625303325	0.876126148292307	1.02830833590793	0.63473523240271	1.41122744030017	0.535076472685183	1.12941172086964	1.51540374557346
NA	NA	NA	NA	NA	NA	NA	NA	NA	NA	NA	NA	NA	NA	NA	NA	NA	NA	NA	NA	NA	NA	NA	NA	NA	NA	NA	NA	NA	NA	NA	NA	NA	NA	NA	NA	NA	NA	NA	NA
0.864598932044799	0.89629040733555	0.844210472696769	1.02846609800031	0.82735786962296	NA	0.845039275594302	1.95395099957975	0.639597810898052	0.870880574986536	1.00903557044663	0.77538304122858	NA	1.44249997885639	1.24634180219731	1.38581661019074	NA	NA	1.18268894343293	NA	NA	0.906654650714762	0.456942000828294	0.591273780210559	0.888292512930183	0.770658174225991	0.648315180674915	NA	0.390717901451454	0.405698877925843	0.810606033151954	0.702357491014553	0.730252169475831	0.540644152736537	0.902552667340777	0.586444055122947	1.00201016421043	0.764486283152105	NA	NA
NA	0.650812427628156	1.27727504481629	1.39425579532408	1.76842122030291	1.72515730083842	1.31611459769523	1.08291306977773	1.32712608503826	1.10497101782983	1.2678177132674	NA	1.43315055175192	1.20943135521742	0.857532019686618	NA	1.5087428020896	1.62198018367933	1.41336099722511	NA	1.6297687443286	1.41447650307605	1.07501771043037	1.03996403246794	0.960080568978121	0.974008366418331	0.617182255609204	NA	0.777378230571023	0.575585064669097	0.508720706262932	0.278157016697636	1.10344440955406	0.226140610033343	0.372123672049867	0.603839837625996	0.644859241007492	0.485207992619869	NA	0.320094879486375
0.683351332736613	0.428695246412939	0.661215987552206	0.590008927144148	0.584628054469889	0.343346191877838	0.44560552990028	0.403412368208586	NA	NA	0.278567600487338	0.179874091222396	NA	0.587410001261769	0.498738958059627	NA	1.42838257344269	1.5790167576103	0.978942652637552	NA	1.13197453716425	1.37928920114649	1.04644944739295	0.85901738028075	0.893302073080054	0.749335149988148	0.861894722697503	NA	0.992686658454116	0.572850939647751	0.247414255576656	0.673810792022429	0.73941882055669	NA	0.408637352742207	1.1361023288319	0.412345165313797	0.564479424324941	1.0411525892273	NA
1.61447718776247	0.991891919906931	0.975992280828163	2.14191518455692	1.10317158608238	1.16979254567846	0.905050067010023	NA	NA	0.776973814900203	NA	NA	0.696643669673042	NA	NA	NA	0.757001854561794	1.16575552540173	0.988460502033229	1.28709333400492	1.07988212210177	1.36351437152278	NA	1.39952090179609	1.87602698299178	NA	1.18192844634292	NA	NA	1.20058469825166	NA	NA	1.09879054275533	2.20144747063408	2.62692358900337	0.974238539358317	2.8652259663123	2.57168002045674	2.18659389267557	1.42910082903645
0.708849283336002	0.294061187714807	0.832740498237869	0.919371681471638	1.36053523549153	0.753752261888899	0.644668029701807	0.70499317348192	0.341350532296641	NA	0.87047008046188	0.834792735689028	0.368057451733862	0.67507114051294	0.898044595828415	1.080637108601	1.12044661203293	0.744321216632544	0.622980725911544	0.593756386331885	0.514087115757411	0.569349906009665	0.412281994734904	0.417291873644126	0.608835325534888	0.402484238506492	0.757362977381727	NA	0.526699350565857	NA	0.44353748025862	0.522843707696148	0.52651535015298	NA	0.742118476625271	0.768236118082992	0.885457639406911	1.05158592619268	NA	0.240225464545418
0.496281734319925	0.393824798459953	0.16955966051385	0.449840569820328	0.488927489165564	0.289207082435222	0.759491485023361	1.31999744491698	2.10503852714131	NA	NA	1.03647294523453	0.64784781386884	NA	1.1449510802904	0.705169571531865	0.586364053473148	0.153145370599098	0.150661699033176	0.674071705096177	0.895585040569476	0.709898551434976	0.0539762124734429	0.482956976374483	0.624499489823832	0.601087800384645	0.264522136338191	NA	0.696509528157441	0.937448363718042	0.668137715665128	0.761634629038565	1.50025911624383	1.20123999857843	1.27635293017919	0.714822508890942	0.529930820121077	0.799731476924568	1.29045415198747	0.779712980586403
NA	NA	NA	NA	NA	NA	NA	NA	NA	NA	NA	NA	NA	NA	NA	NA	NA	NA	NA	NA	NA	NA	NA	NA	NA	NA	NA	NA	NA	NA	NA	NA	NA	NA	NA	NA	NA	NA	NA	NA
1.05128417256693	NA	1.19397199308588	1.56385714658231	NA	1.26472431027725	NA	NA	NA	NA	0.86749572768983	1.1624634776327	NA	1.26962975914298	1.0305181876105	0.815711156784744	1.12733363028889	0.979196931106044	0.764693767626859	0.593119350148064	0.550693852997968	0.889145097641966	0.558470681505464	NA	0.441757531258835	NA	0.202316769276216	NA	0.448863369731458	0.510086088383299	NA	NA	NA	NA	NA	NA	NA	0.73544804907255	0.623898455834465	NA
NA	NA	NA	1.66937289786232	1.43625120125939	NA	1.24702212640286	0.963468155584292	1.17560176874185	1.61753009181671	NA	NA	NA	NA	1.13697965782534	0.95032133588122	1.21165754559498	1.12973577652169	1.02672858391378	1.4641256387817	1.2138404574061	NA	1.5250043721035	1.43953616470234	0.900871945236857	NA	NA	NA	1.15481097851118	1.34096653273793	1.21173464613983	NA	1.61253340452631	1.02240963206597	0.802065383474372	NA	1.60909308037098	0.850612883220187	NA	NA
1.00844425560785	NA	NA	NA	0.724557646199524	0.650572163456191	1.01094513904844	NA	NA	NA	0.441647716167745	NA	0.467333814055676	1.0108705659171	NA	NA	1.03797369746734	0.621344290011332	0.532059345815022	NA	0.282551692037682	0.590467556037925	0.461532743558914	0.196109632181799	NA	0.415759552751174	0.56303974124486	NA	0.590838513888367	NA	0.117758243203126	0.36753404039265	NA	0.463642762854542	2.14723811555238	0.510835760461111	0.245304243046061	NA	NA	0.290794143628803
NA	1.51693700438606	0.973119496120336	0.371708369672187	0.460280096121873	0.724397546068939	1.27912709976452	NA	0.886991094976259	0.847909765097647	0.576324830416992	0.343464654708929	0.733580846388277	0.321937088734802	0.479055395964278	0.661656149896825	0.371061078340745	0.532343232364817	0.665135710253521	0.837176445887042	0.478000359986212	0.782429826396577	0.937460966290856	NA	0.684283243390729	1.46347385330042	0.540689207454501	NA	0.878390559861421	0.347011112105003	0.50799809371629	0.329077564134141	0.250275477606572	1.17363766232878	0.490350233866756	0.754647635378293	0.267843252057699	0.265940889685832	0.311483668703595	0.650923481146208
NA	NA	1.06693331979622	0.743787761624107	1.0416495534161	1.01003226381179	1.61064950691172	1.55229623738978	1.37881092406479	1.82751466222467	1.51837092843604	1.31701786487542	1.16104706028018	1.39875628923924	NA	1.31503672707641	NA	1.42875132963077	NA	1.61643486286983	NA	1.04885627144863	1.48102867538886	1.80507542313973	1.65213114471194	0.338010461651848	0.453070233632816	NA	0.340611123723296	0.144692817411821	0.657307446192245	NA	0.730407278416275	NA	0.274827313533291	NA	0.789579301088567	0.23379323278384	0.51229333486117	0.620538542167416
1.41888864203935	1.61142778628011	1.60737556448708	1.43791978326111	NA	1.44907611645177	NA	NA	2.00187977336738	NA	1.24759564054223	NA	0.927230151886165	NA	NA	NA	NA	NA	1.32038146110873	NA	NA	0.790583453602505	0.478136356630057	1.31878492553617	NA	NA	0.395542525837389	NA	0.722847668067415	2.31923057583715	0.804747570268812	0.898196263660051	0.803006759415103	0.328954487165912	0.485746722636412	0.61522296218772	0.438143825396929	1.07628404386003	NA	1.19940585730898
NA	NA	NA	NA	NA	NA	NA	NA	NA	NA	NA	NA	NA	NA	NA	NA	NA	NA	NA	NA	NA	NA	NA	NA	NA	NA	NA	NA	NA	NA	NA	NA	NA	NA	NA	NA	NA	NA	NA	NA
NA	NA	NA	NA	NA	NA	NA	NA	NA	NA	NA	NA	NA	NA	NA	NA	NA	NA	NA	NA	NA	NA	NA	NA	NA	NA	NA	NA	NA	NA	NA	NA	NA	NA	NA	NA	NA	NA	NA	NA
1.21229061330281	1.2039484172658	0.807591221507929	0.916538739673112	1.23367086740016	1.07487389762362	1.39108636105719	0.916039489144317	0.892026941696468	0.936788612404594	0.846506876426474	0.62445047845417	0.6775861417947	0.204440936902821	0.557983803774657	0.106070377950003	0.636092375547237	0.328808436711859	0.65268496259031	0.36118999430285	0.738959219804485	0.23606258173762	0.54359958554481	0.812631367208545	0.280934976017936	NA	0.772067112132549	NA	0.419717548236027	1.30521140890508	0.727273048520042	0.274939220921617	1.45072193982526	NA	0.669943743757904	0.255219486778068	0.428157512107962	0.995606813849769	0.47453234811362	1.07099287798204
1.3349872640262	1.33403459281344	1.05894425062652	1.57879553671531	1.66898555801326	1.87167771582217	1.82984807774836	NA	NA	1.24529480838815	1.20717784188309	1.28536333906493	1.35836781318704	1.28178645347506	1.65889951571561	1.87998644346396	1.48708247163806	1.69689502135028	1.48682957237692	1.29673437041087	NA	1.38828304298892	1.26537715367554	1.25170503274939	0.794016459269862	1.09940113011703	0.64334542412163	NA	0.433657515769997	0.705631855089525	0.661949100824948	NA	0.913510824916647	NA	0.34471416348701	NA	0.844544360759174	0.668869603436404	0.780008419530471	NA
1.87991802389422	NA	1.25992022695623	1.30032385960769	1.41315437876603	1.3422939056626	1.26522631638983	NA	0.864307019419188	1.02327468878266	0.739961947935922	NA	1.26728380123787	1.39210873014899	1.43132845083882	1.36222973318283	NA	1.390662554976	1.15352518105027	0.818977496639898	NA	1.27667041759017	NA	1.13070441468423	1.11957098681552	0.922030339061701	0.945212546443055	NA	0.162959267143231	0.222748065918084	0.68608672676304	0.325537121313844	0.104267694901466	NA	0.800104548102021	NA	1.4393238041101	NA	0.333645193589596	NA
0.717533599266327	1.21865638897284	1.36008984148369	1.18260370314702	1.08605060866037	NA	0.7248802606412	0.752518243123928	0.642795308824559	0.490404883633693	0.534882044095406	0.549778852293535	0.550133528180448	0.706689129447247	1.01037688126802	0.804022152899922	0.802788797921711	0.766220350305738	1.17912967099333	1.37784137887123	1.24256053219955	0.655985419248708	0.699752837639131	0.64094115869182	0.59988644730598	0.475867831793202	0.481244423543926	NA	0.40992123915098	0.45970340285094	0.181673028643701	0.724957078546844	0.721841225127349	0.550938362554282	1.35124867361673	0.856571333564149	1.04678136194351	0.802623229991073	0.6756320006094	0.531021304972612
1.00461932712057	0.770571400118946	1.33166762162551	1.51360673418682	1.14907625214862	0.543741982817036	1.03030370537034	0.737276899973442	0.799618632095037	1.00468253408849	1.31249416312473	1.42935477859965	NA	NA	1.38543065368132	NA	1.52620942977854	NA	1.40091936915949	1.29972125734751	1.61654112126937	NA	1.28184592503064	0.438077729338065	0.623465502056227	0.458961605307563	0.716549173985564	NA	1.05113233613288	NA	0.677912610785771	0.72575525326297	0.532777821355516	0.723293120382153	NA	1.49350133414686	NA	0.983621634282318	NA	1.27620886292496
0.187265768370022	0.690495040658079	1.0503077871156	1.29941847794662	1.66666219907843	1.61785482274888	1.64921205309194	NA	1.12353385353014	1.26264037985588	0.805393848691271	0.698112382929669	0.385390177597114	NA	0.52234376762047	NA	NA	0.290740103211308	0.749160148193701	0.904986999560753	NA	0.526187072171252	0.687122764821412	NA	0.391624496652548	0.253700409840706	0.539043986157112	NA	NA	1.03436072211848	0.509524007991918	NA	0.427547860128496	0.607253175802128	0.235024961324676	0.848058278307428	0.184588802939037	0.452450198309081	0.815926034924521	NA
1.23668470085685	1.3401364759411	1.36694127454755	1.35387291619272	1.57843892639372	1.28412123630089	1.53337380708393	1.43384692918551	1.17511347905703	1.75243035654736	1.76580910397423	1.58974548487041	1.456454463407	1.36028760763394	0.767224507899846	1.29741046033438	0.987659662947501	1.27066010238015	1.17520069818474	1.14035243297432	0.762130954052255	1.09450352059995	0.719504094884241	NA	0.895526145597898	0.870575482290224	NA	NA	NA	0.664176312706047	NA	0.824265824118585	0.794944110647235	0.929029613392911	NA	NA	0.909524754632444	NA	NA	NA
0.9522202457647	1.21287625025013	0.979927301657942	1.12439013710473	0.70850772995341	0.919630090787989	0.658768005529711	0.411026595817663	NA	0.785823187449947	1.1265738970056	1.46575245486098	1.16701077402407	1.2591263011718	0.726273794829786	0.849133922266437	1.26718256234651	1.17451851192387	1.21143641394035	1.51383260245479	NA	0.601184605671691	0.893506874222956	0.82442309028199	0.585787645001627	0.441606720580009	0.907132992604006	NA	0.51142674160643	0.319031946072503	0.433145576242899	0.539430964186579	0.963463792559995	0.624078743457016	0.352598231477283	NA	0.307516783965025	1.20286678007271	0.831737670165544	0.596916895608096
1.87600310279687	1.28935273054477	0.839228388366041	0.813678066711534	0.329268293718803	0.46786474240812	0.766782019449802	0.719179207964979	0.828680956798799	NA	NA	0.802233197661689	0.704479119111983	0.614415259593988	1.31969963657449	0.399043281236284	0.410141067317737	0.375419402275436	0.42513149206597	0.792850141837486	0.56762074180492	0.980028004885268	0.89649622940659	0.807178093311705	0.583533284190808	0.645574086887063	0.357541228418552	NA	0.627689130022049	0.858607113436115	0.83153762397108	1.11314821950899	0.858213422890701	0.872190168184497	0.973269176012839	NA	NA	NA	NA	NA
NA	NA	NA	NA	NA	NA	NA	NA	NA	NA	NA	NA	NA	NA	NA	NA	NA	NA	NA	NA	NA	NA	NA	NA	NA	NA	NA	NA	NA	NA	NA	NA	NA	NA	NA	NA	NA	NA	NA	NA
NA	1.09823227833162	1.26428925818572	0.771904835417709	0.672142038337188	0.489696930207139	0.329494414579668	0.357699666124939	0.979603951313172	0.396788196402862	0.409740117355386	0.330568132268543	0.479597443483289	0.746339971390092	0.805545687301516	NA	1.02401150232722	NA	1.08118244193146	1.29521191735498	0.944308624575851	0.776363486489376	1.32756066655191	NA	0.443931269309362	NA	NA	NA	0.243333468042567	1.03106521521807	1.04111579737051	1.16725337937523	0.615739073767906	0.641758629441318	1.02222361616413	0.588259007940167	0.281843599968217	0.154987306975344	0.741987817517459	NA
NA	NA	NA	NA	NA	NA	NA	NA	NA	NA	NA	2.41907959516628	NA	NA	NA	1.44719609703374	NA	0.732082599705515	NA	NA	NA	NA	NA	0.164598988148451	0.565971979454254	0.784550057369223	0.596092433087236	NA	0.615136690933902	0.533745111821241	0.595579979203496	NA	0.667617556873092	2.18180066777524	1.47444071752791	0.459744004388927	0.675777232409623	NA	NA	NA
0.517669008289705	0.612528183692186	0.800555034439689	0.816052099757574	0.920404667446769	0.751379149799745	NA	0.906674897194064	1.12260957628434	1.77805344271982	1.5202509508601	NA	0.987003262136571	0.965740837726611	0.859548110316803	1.20487076062461	0.982628805054097	0.783654979301451	1.30926718898483	1.30034238706852	1.14512716146338	1.77054712444883	1.25501499860708	1.04407251476736	1.02891658073742	0.390076412164918	0.25312265414299	NA	0.291269692315939	1.12112397345619	0.793812025016248	0.46463750867289	NA	0.777471011184584	0.92023545435417	1.04745789591686	0.823849005091196	0.413221684489927	NA	0.822892990738573
NA	NA	NA	NA	NA	NA	NA	NA	NA	NA	NA	NA	NA	NA	NA	NA	NA	NA	NA	NA	NA	NA	NA	NA	NA	NA	NA	NA	NA	NA	NA	NA	NA	NA	NA	NA	NA	NA	NA	NA
NA	NA	NA	NA	NA	NA	NA	NA	NA	NA	NA	NA	NA	NA	NA	NA	NA	NA	NA	NA	NA	NA	NA	NA	NA	NA	NA	NA	NA	NA	NA	NA	NA	NA	NA	NA	NA	NA	NA	NA
1.20955016770242	2.19070733835917	NA	1.78240728469437	2.09756972835219	1.51100371750277	1.37266336365141	1.31469337354663	1.91015791090322	1.62665607632635	1.70725758531936	1.98078412355534	1.58800835017098	1.47563098220034	1.6117649117833	1.79083909982874	2.00329063802113	2.3408759680793	2.30142720168747	2.32835486184313	2.05666046808694	2.45952445219291	2.37618964017283	NA	2.05602456038947	1.1337887971325	NA	NA	1.28192313825062	0.120117706359722	1.06205655036268	0.745452968668909	1.09987537547571	1.40615114978266	1.05593930114843	0.94312125651731	1.02181077190728	1.63760418822667	NA	1.39262773526759
0.479663776577536	NA	0.708502447991322	1.10647531062767	0.642823972351915	0.943362834063017	0.483541678927937	2.11320777385178	NA	0.387550273852268	0.698799674666933	0.525876095978508	NA	0.729102567772922	0.499283771002527	0.747263275285239	0.784676464259631	2.2489430823074	0.825428213649173	NA	1.31052759505282	2.119123161309	0.525553391827742	0.330389671584516	0.796302938436063	1.89958776232133	1.74564621079999	NA	0.436155068482449	0.819376103519806	0.449796713280507	0.475053378912013	NA	0.498067124459967	0.814921878929285	0.382978194994189	0.742026895852695	0.699747143454476	NA	0.44000521778533
1.42651619349453	0.915316768574527	0.872591382609931	1.66247845867028	1.55164288197101	1.55432764043361	0.637111017214089	1.51331213061279	1.18369965792263	0.522524478252719	0.554245344949752	0.226142503199071	0.155550148225917	0.871294170043804	0.461015627641252	0.487219697322282	0.485995923101551	2.25838504622423	0.553186205150455	0.840691796699167	0.277440483975609	0.587016690913896	0.18294488685143	0.30452676693556	0.603484389503687	0.542978384485869	0.455260295853055	NA	0.849989722863218	0.354199109134603	1.46096329162817	1.0498493283061	0.270407841219211	1.28671711201386	1.10575266864263	0.361880641040187	1.09988879900623	1.38152436336109	0.253512787544408	0.286747545395134
1.54751470550759	1.19050900198666	NA	1.26087146544136	1.74044970741337	NA	1.97416524382936	2.08896561764433	1.88987040824881	1.57646020089111	1.40698369699049	1.14007099496782	1.14064458214414	2.18559126754074	1.42338989804227	2.30491036303303	1.70428636040863	1.78654861222657	1.4334116300163	1.62712628716426	1.76836500914342	1.30198629862142	0.856479989725657	0.931089587979403	1.15720082657564	1.12281844866331	0.482693503428404	NA	0.750155973365467	0.713694671197764	0.628285883955895	0.807721263109989	1.22847749806406	1.01211593970646	0.900392616485451	NA	0.262330349155636	0.448993997591073	0.24854641589533	0.821080082881297
0.704363991621522	1.12126498303265	0.6141379830598	0.895597968413307	0.794190679213502	0.94066153656226	0.465637646889547	0.565126323607118	0.502348754422173	0.298542692824543	0.646170922812795	0.568744722172193	0.643253242411803	0.846390949220156	0.85327795428282	0.421142725496796	0.576879468928415	0.25308347242884	0.578530788950653	0.533271181773932	1.70477473639796	0.405015909213964	0.551896171262104	0.701363737681762	0.661490273839295	0.803704556974671	0.437657804697239	NA	0.182302720124016	0.701585559926574	0.470112990192037	0.859704209405715	0.651416358709559	0.885609479873767	1.03197023983309	0.732913848616052	1.08519291679374	0.686849643081177	0.426774774378111	0.694754611895918
0.912945468087309	NA	0.591721179058711	0.678102510290892	0.668230357198424	1.52090423706658	1.28160189005485	1.44759967638047	1.21939061699523	1.56021003336109	NA	1.84339571554815	1.44975631407238	1.60227698975444	0.998958819877554	1.0879425320741	1.52346506713352	1.64993726196902	2.54828004452066	1.09372348782555	NA	1.86126315577435	1.67072362895181	1.43191388237841	0.809921053294742	0.445247102964421	NA	NA	NA	0.722351957074889	0.686595063752734	0.19459122492334	0.219743735267423	NA	0.497349894215072	1.38371849658397	NA	NA	0.537637306291144	0.229050668246049
0.94521557933176	NA	1.15657096258841	1.11804096042433	0.828559622997593	0.726069239644736	0.857756516946319	1.21555048982562	0.641107537671787	0.65753771523119	0.714069234223147	1.00550331739898	1.20286046506234	0.799391830727026	1.150937594818	1.0917807622962	0.934575074503128	1.02933659554777	0.970449602872854	1.30199449135152	0.698468308274773	0.572379072687816	0.492752903736478	0.603426467413242	2.39274059825337	0.763611844986589	1.78358073804159	NA	0.456722904668957	0.616707515858136	1.6686456551651	1.2796998965204	0.90843780512457	0.475612362187582	0.368853127328295	0.852656904898108	NA	0.947116315882442	1.23506319028684	0.25760888517367
NA	1.07652018999211	1.72486289046447	1.02016465401007	1.19991374299225	1.55466978868933	NA	NA	NA	0.807260689218983	0.901765283792477	NA	0.774376136071814	1.70314198377728	0.954188234969862	0.997867192682461	0.763415134904011	1.77165250984066	1.09907017820267	1.82300889907529	NA	1.18967209421144	0.672597354366058	0.891746761042351	0.646495204637882	0.591291873202671	0.530680404355324	NA	0.767879204518491	0.645528152440093	0.844033475049283	0.826993128025827	0.821819501336193	0.84074364295667	NA	NA	0.937295052477702	NA	NA	1.05855029380193
0.562366101018088	NA	0.442806923025463	0.618989666414442	0.811261441196214	1.71611827788845	1.31117664587392	1.50711401316695	NA	1.22536970374784	0.700119524959762	0.516875083452323	0.209327041037921	0.145478755761669	0.658071200467877	0.846109008824434	0.699797393154767	1.09313447799598	NA	0.667550246019893	0.469027151218971	0.507205636065162	0.569254624128403	1.04320152552821	0.928808020510156	1.03840755415606	0.599541700805436	NA	0.93683802888806	1.30825323162789	1.57269891560001	1.40641728658711	1.49084102017724	1.0296908657855	0.787107030146997	0.462068743237561	0.331011062312855	0.935713883955701	0.769343803131712	0.473890268386286
0.701961241837717	NA	NA	0.613404302737593	0.657678434225803	NA	1.03507619992446	NA	NA	0.746193096764193	1.33290174391187	1.12050684876854	1.28186396859914	0.515923535171544	2.0820307428512	1.13415177365336	0.439340888583361	0.98425830611407	0.845929976340792	NA	NA	1.06115117830453	NA	1.31650492049752	1.04901782924206	0.947924405409142	1.06573092890414	NA	0.758053521656658	0.464404513375709	0.737185442192923	0.414408339106471	0.670108956373543	NA	1.55317070693884	NA	0.807502443438172	1.54564658771553	NA	0.634843722111347
1.31152024804671	1.11207939331685	1.31468278668099	1.55467481613701	1.47804535593662	1.58956231481154	1.21138063152116	1.42723364654035	1.00355943971574	0.964064201560879	0.839198717626289	NA	NA	0.985517409272554	0.944088332887943	1.08601837548792	0.915887349948235	1.00165946660836	0.578890380714518	0.836587377690309	0.925915190656511	1.08379692911836	0.419440108814761	0.451738223619188	0.690727807846411	1.07595593529099	0.513473459990683	NA	1.17118965206522	0.7712950035924	0.406950502476844	1.06791329645997	0.846623249327985	0.507473049785482	0.395608964356436	0.487631161007922	0.511976726923462	0.727936380827485	1.86272718030102	0.711986232525369
NA	1.35531741753791	1.07663195519738	1.4612582764082	1.53381366744757	1.4368698637504	1.33848888142272	1.40916602453212	1.10058800694201	1.25841963726338	NA	0.887537170786579	0.965691699215438	1.39921075878241	0.934785846472775	0.643466036961022	0.904495917809625	0.974965139927602	0.771131397735581	0.922418650559713	1.13837397308833	1.12991403096512	0.789531816797192	0.588574152049513	1.106584354025	0.706290478221597	0.802241252077461	NA	0.351244848311365	0.377878279053742	0.48351111834754	0.944343177461591	0.722228557710335	0.544053658505342	0.925196774919929	NA	0.794588565360752	0.786019795305793	1.39826998947267	0.765671235656097
1.22204130652348	1.18003127978512	1.35589380541441	NA	1.60861902638464	1.49079199284439	1.32943613534804	1.22426785842047	0.955088405542543	0.891508577588194	1.24724793321336	1.15231137695277	NA	0.724443124517849	NA	0.269268388999968	0.473847217126861	0.756647849253867	1.01009699677394	1.01352347209675	NA	0.844725943646527	0.792977145335171	0.606820964816035	0.664338821428341	0.713249697017895	0.819494130742283	NA	0.615317192799202	0.481704545010378	0.776650008884498	0.859242416285572	0.653955168718283	0.568389704582028	0.524239033199682	0.542066315932212	1.00569131422633	0.980815664880075	NA	0.249148984157922
1.19050370044479	0.848655378738147	0.905097478009239	1.07524813156336	1.04601809532891	1.45293357341535	1.07085564051416	1.40343214224974	1.53779485500561	1.86348565760577	1.54984395461884	1.55492945362547	1.4918916168719	0.934946331093855	1.06219455938051	1.4733765709048	1.64073835582139	1.46739683134509	1.18492937791387	NA	1.63137118649035	0.700179205726803	0.616815636301967	NA	0.700283680406007	1.10368043352888	0.927446548317844	NA	NA	0.386916314487016	0.79887132319716	1.10689691522984	1.35653017841093	0.892251818807388	0.995228390828651	1.16564536800114	0.877674544947062	0.924114605915815	1.0958188656866	0.895507335972174
1.41457274553669	1.53697990248744	1.73321446924996	1.17698873546051	1.30481835052643	1.3258018753958	1.42398231680308	1.24601486175277	1.15374751357747	1.57021977565952	1.42483423078314	1.23296470998068	0.980898608844255	0.820515942518581	1.12001968223738	1.44679132017075	1.35212479985658	1.29413208629749	1.22929984551252	1.09707578340905	1.03812009748582	0.483129097253783	0.826710934486097	0.413091732132368	0.370472647945675	0.351423318406101	0.218590895491391	NA	0.260377532771868	0.361476910948049	0.345513678295887	0.875633234632513	0.788390455028538	0.775994586220856	0.831401044540326	1.19761273840413	0.839060589902559	1.29634721157123	0.489908876938155	0.679927647693509
1.41324543158654	1.72920194567289	1.55622618534984	NA	NA	2.13391837852447	1.87187676715804	0.431735984792203	NA	1.45203595928201	2.32837277494699	2.58185485816783	2.20858401021123	NA	NA	1.87217244124469	2.5336680712077	2.21244526993847	1.83477219425722	1.6973257816081	NA	2.46756562366624	3.17364469436404	NA	1.35007837678594	2.17689303941145	2.23976188134999	NA	3.37037853440166	1.23269491547073	1.7550965136542	1.65291406041491	3.275284319992	NA	2.08689870012048	0.939935787984299	3.40571380033902	2.98724895902276	3.73394942823547	2.15676372080938
1.63171089106051	2.13029357907149	NA	1.07463315717678	1.15093138097914	1.5069010466105	1.24769083733639	NA	1.19612308013939	1.77649449150503	1.28081820897891	1.29946365708492	1.64802157883934	1.80727781386598	1.17515963307784	1.55323390630714	NA	1.20888764761329	1.20416123794565	1.15653549329002	NA	1.57397867501115	1.57467536267397	NA	1.15520856977621	0.841038309757011	0.358879584559581	NA	0.554710017468487	0.764600869909474	0.510556259732161	1.14216521392389	0.666971088164409	0.684969335233789	0.955439528882459	0.724725839760484	0.782865152715194	0.549392587128047	NA	0.327563269273203
0.834534099807654	NA	0.94242081968072	1.16064133944463	NA	0.767151358116693	0.803782153302428	NA	NA	1.27954414753271	1.6553718958488	NA	1.41315450811926	1.25398925789372	1.11457342754178	1.00020238543562	NA	1.83934232974091	NA	1.53000142158558	NA	0.993219198002219	1.07096954962903	0.896887642734966	0.634265936811062	0.607778709053532	0.271678541232193	NA	0.269227597870386	0.569106011212466	0.518791080956955	0.927636212932191	0.389627846198674	0.627810403852543	0.159095946045371	1.42180577557215	0.395509934303611	NA	NA	0.756152478266077
1.15178081330303	1.51994491136791	1.42581052200769	1.4603738365429	1.73689661988121	1.74624645207796	1.39023969311968	NA	1.23675068326833	1.40116909908173	1.66414275316007	1.65676385878544	2.22261402722385	2.04928466833564	2.34614278466468	1.70765495869453	1.34828680498386	1.09854281095857	1.04662095863672	1.00155415820357	NA	1.22953351270243	1.21583686269183	1.01874553460355	0.942905462998766	0.456006244616748	0.613809413515365	NA	0.43059783213869	0.856510882039296	2.00489608437135	1.92322166225024	0.835595608516285	1.02610854982666	1.89923494933186	NA	2.19995307171888	1.56433912125098	1.64328426343553	NA
0.867629505234421	0.816831220703775	0.696671292436132	1.78892904272624	2.5033252275299	2.11022246087061	1.89453298980926	1.5088808214113	1.41903711398381	0.773588013274485	1.17329977227834	1.44792099002626	0.77403601413149	1.18843081666039	1.65335504041156	1.06991652880844	0.664863302525504	0.800879067188267	0.780124582441607	0.559870743411507	0.716564497014397	0.843652914941748	0.623419036477344	0.606142228161278	0.491961762949437	0.563401788458557	0.176769207488447	NA	0.183588190350138	0.850744783053087	1.41101258963074	NA	NA	0.747976602946434	NA	NA	NA	0.617073113277016	NA	0.532300244611804
NA	NA	NA	NA	NA	NA	NA	NA	NA	NA	NA	NA	NA	NA	NA	NA	NA	NA	NA	NA	NA	NA	NA	NA	NA	NA	NA	NA	NA	NA	NA	NA	NA	NA	NA	NA	NA	NA	NA	NA
0.683901605435469	NA	0.408274911943797	0.407778132936127	0.3840172797153	0.538104410686484	NA	NA	NA	0.919462773934667	NA	NA	NA	NA	1.2083600499501	NA	NA	1.23838351677877	1.13395375014572	NA	NA	0.604025901455711	0.952202064098477	NA	NA	0.355475130251908	0.360142682420261	NA	0.360636349490297	0.678665617945382	0.210497613273975	0.460975047433386	0.567167536599271	0.477889925805718	0.700047156971234	1.02713631120657	0.494540374259495	0.19087864686451	0.740388084756627	0.610868421635841
0.917904872703056	1.20105543082916	1.50152985264901	1.03116121079329	0.992906574461929	0.881299368287962	0.689431732124585	0.526934442170521	0.193871074684461	0.518055333183211	0.771759679767973	0.728279787217842	1.96232329735266	0.959404173156546	0.747281973609554	0.335935606564733	0.646814063842609	0.833694114238064	1.18842786911299	0.982392341730601	0.693370208606399	1.47188926109865	0.887623419942756	1.6925965267353	1.3740395101001	0.730034015437665	0.531655428301475	NA	0.863380125223985	0.493968280725218	0.579600047945288	0.838441996508841	1.1085562405007	0.76066203369161	0.877575998727467	0.991018408514048	1.09964847173912	1.10687390685242	1.07066552487069	1.24998125485838
0.474698173728408	1.65970732752046	0.508269371678505	0.679342937756623	1.18382915822876	0.875752586921424	0.515807931764882	0.459504367413973	0.648642323184108	0.694207676938909	0.771026770006519	0.49652268825048	NA	0.669536167774282	0.38744180440249	0.455654523742111	0.349161072635176	0.6047127066131	0.514888018882316	0.606345598171499	0.560192008984381	0.673907744209286	0.6086435337929	0.484103195632874	0.218749127704186	0.483101423595335	0.44112637742086	NA	0.470228654686622	0.502863974779787	0.40736784145829	0.50617135047365	0.71833515776026	1.05710709206339	0.83229959124074	NA	1.00956113052261	1.02153314187749	NA	1.15008198699988
1.37823399012091	NA	NA	1.16090509398137	1.03024351918451	1.39629363922731	NA	NA	NA	1.42749840412033	1.40898408040461	1.40142550346517	1.13477102461292	NA	1.56263880442462	0.990780116748237	1.41056650364888	1.27242537322084	0.34974023059114	NA	NA	1.12491250898401	NA	1.29252268107064	1.09554299593831	0.808337429891851	NA	NA	0.463591353671235	NA	NA	1.18018560458021	NA	0.456212668028052	0.591106344612522	NA	0.418195189827805	NA	NA	0.224219612846139
1.77195263032815	2.02694037251599	1.82061733801265	1.65935851319017	1.95789559145158	2.11795255769054	1.92663242985539	1.98190551748157	1.97736978148805	2.13147824501565	2.28789211197085	2.29148337214138	2.02314615982893	NA	NA	NA	NA	NA	1.66607303189508	NA	NA	NA	NA	NA	1.58477628031214	NA	NA	NA	NA	NA	NA	NA	NA	NA	NA	NA	NA	NA	NA	NA
0.858184560144479	1.28597369166452	1.54646387847207	1.31843814382448	NA	0.789999819902282	NA	0.555352279788397	NA	1.18823681272915	1.28219322110055	1.38705456542032	1.23926346723268	1.06137223468082	1.03023923376045	1.03140254251375	1.67011493555243	1.80138488284213	1.69039420461219	1.53351570028954	0.895666139704067	1.24171953903927	0.893361783782137	1.04794566363743	NA	0.436316619108277	0.483404758357822	NA	0.651254348590455	1.11381788393418	1.53647204653184	1.95680493965762	1.47824895609972	0.981623291187165	1.34324421428655	1.28099234588522	1.39104710261437	1.24602537781779	NA	1.95802881775722
0.209321301856814	0.569608783994068	0.226425404561664	0.201272533191867	0.856644323182754	0.436487641908362	0.650706433361931	0.302783779587583	0.445341265548174	0.460296278134795	0.656429710911165	0.847391188255235	0.760887287331536	0.528579440397129	0.719278453380656	0.387298725393065	0.306914677636516	0.364143620064575	0.498383513387799	0.367732101281406	0.83766337842229	0.88600455312644	0.579488672971847	0.621389854777503	1.31293638703575	0.725677714687946	0.661618065731864	NA	0.083092431825545	0.299872693309735	0.435147238604271	0.203545665244377	0.140786563973888	NA	0.396964158464028	0.253946569630459	0.370224188066497	0.562253281333363	1.07053374038878	0.459614591661985
NA	NA	NA	NA	NA	NA	NA	NA	NA	NA	NA	NA	NA	NA	NA	NA	NA	NA	NA	NA	NA	NA	NA	NA	NA	NA	NA	NA	NA	NA	NA	NA	NA	NA	NA	NA	NA	NA	NA	NA
NA	NA	NA	NA	NA	NA	NA	NA	NA	NA	NA	NA	NA	NA	NA	NA	NA	NA	NA	NA	NA	NA	NA	NA	NA	NA	NA	NA	NA	NA	NA	NA	NA	NA	NA	NA	NA	NA	NA	NA
NA	NA	NA	NA	NA	NA	NA	NA	NA	NA	NA	NA	NA	NA	NA	NA	NA	NA	NA	NA	NA	NA	NA	NA	NA	NA	NA	NA	NA	NA	NA	NA	NA	NA	NA	NA	NA	NA	NA	NA
1.00600870907752	NA	0.748243968313309	0.831673937945077	0.723817744657104	0.642698985092257	0.614029887497389	0.904786405130675	NA	1.09155165189886	0.933706569969705	1.05855098242283	1.37459989137523	1.67982089407481	1.65091423333141	1.50834973413066	1.22314595313425	1.27973762234169	NA	1.04911238392034	NA	1.03070349761709	0.883881593316457	1.10831958521368	0.744158663203508	0.707554305184363	NA	NA	0.543821833196203	0.621286219939525	0.575097997265572	0.726317172948029	0.706137841833931	0.589687647802693	0.398657272248072	0.632584617148065	0.151384273653781	0.604194082347389	0.89654164780233	0.63387061461452
NA	NA	NA	NA	NA	NA	NA	NA	NA	NA	NA	NA	NA	NA	NA	NA	NA	NA	NA	NA	NA	NA	NA	NA	NA	NA	NA	NA	NA	NA	NA	NA	NA	NA	NA	NA	NA	NA	NA	NA
0.25489484588194	0.203882692397179	0.508036374450808	0.459582965543704	1.31542375999286	0.23209688859196	0.468769666716354	0.434298955318876	1.30217705689661	0.622397035616085	0.398628023379872	0.292651444105807	0.388132828755162	0.689429531605553	0.597359153781052	0.526469150177236	NA	0.635048414512866	0.448800421790363	1.96249213410186	1.04897824899901	0.456808220409251	0.44266897704078	0.952719806599657	0.258827941711219	0.567572773874205	0.244561641366583	NA	0.706484117430262	0.988446800667722	0.161627152923164	0.675646841817741	0.970333276398862	0.609766161391347	1.10267045586123	0.873157887811273	0.537825517616772	0.551655906586875	0.353355420957841	NA
1.15906551071896	0.624773477863166	1.50727133254618	1.83610705214205	1.27638049188964	0.841861661353557	1.04128570140648	1.34762548972827	1.08034321962169	NA	1.36269618936166	1.20010244493684	NA	1.72706401048748	1.31442978433745	1.4307452539297	NA	NA	1.32237620050907	0.820070931270153	NA	0.683683999238152	0.39542237595359	0.316945960418408	0.569285472911544	0.587657557684307	NA	NA	1.34374164428235	0.884434238418184	0.675171330961987	0.921729317914629	0.994582264805537	0.930530876264916	NA	1.0471821642617	1.20528726394029	1.19001814256796	1.32541485825149	NA
0.536976180160033	0.596698684373806	0.589439318510129	0.73945306551295	0.646285815299586	NA	NA	1.02850181147057	1.32526900620854	0.805649795421212	1.03412254890656	NA	0.81322266927907	NA	1.84005469211485	NA	NA	1.22142533888233	0.875706409536037	NA	NA	0.433611023963793	NA	0.535016429837654	0.478970403283476	0.607700152462202	NA	NA	0.210139499359193	0.432294709967167	NA	1.00449316780581	0.811060008851798	NA	NA	0.461548888028244	0.361675696283477	NA	1.69405646209405	1.43607473984502
0.797117988916779	1.19488916506585	1.48245639432591	0.947696729114345	1.33849576858655	0.529128473745385	1.87662269247123	NA	0.674626476283549	0.849690364336656	0.841031699819987	1.91492431160361	0.795940245516685	1.37506750059195	0.586666841459469	0.571248997524276	0.40379483321872	0.324422027429358	0.419735806791581	0.668887441935494	0.514665436362769	0.624679574352654	0.245135468448847	0.852392678795989	0.700770214975056	0.814308197386163	0.613311060901807	NA	0.312776562531213	0.777069100045875	0.383890148793811	1.34085196863851	0.923169334064675	1.16945987903523	0.521711437907577	0.435840822102535	0.499830989972859	1.72905033729543	0.80615323313797	0.777287249290761
0.570253680463609	0.681827512511694	NA	0.598399734138218	0.691506646311209	NA	1.28510868516932	1.55813034987845	NA	1.60142500516673	1.72465617217164	NA	1.53547415246457	1.36887505419741	1.40704518729974	1.19738563806588	1.2870963776368	1.25753747699893	1.13258957603988	1.10361186532475	NA	0.863493122425499	0.984277232858884	1.17386574244271	1.06473690000563	1.13239586422097	0.975416864058732	NA	0.678729280781145	0.430492841679531	0.321628251634245	0.568837618564131	NA	0.742667186284406	2.29336602270456	0.372873993517003	0.516895868857559	0.484389536789842	NA	NA
0.71896087386596	1.42410275086516	1.63552493137711	0.52113339620534	0.458176638709883	0.417846933122474	1.94286483341663	2.01719467105151	1.09548143845378	0.772931735144382	2.19094170037579	1.71771280991264	1.36978924205993	1.30919266111276	1.23193768064008	1.93868409821014	0.914479283639266	1.10534775409854	1.3285150962906	1.44216122684318	0.648117720942812	1.76773812362782	2.11402733597767	1.84717099264442	1.77726721057213	0.681418712913293	NA	NA	NA	0.521809016306424	0.599204334344745	0.796238054548195	0.660296302494571	0.942557160708996	0.822022225524327	0.626844683356752	0.496778899920559	0.663996969459292	0.953928671891714	1.91500359752285
NA	NA	NA	NA	NA	NA	NA	NA	NA	NA	NA	NA	NA	NA	NA	NA	NA	NA	NA	NA	NA	NA	NA	NA	NA	NA	NA	NA	NA	NA	NA	NA	NA	NA	NA	NA	NA	NA	NA	NA
1.07498016089622	0.597279414345758	NA	0.326018465310714	0.447550428789532	0.182324974813833	1.01521985378447	0.836385475405453	0.897163555066347	0.710265761270827	1.86432602797009	NA	1.38977535334061	1.20243269351726	1.0843948454456	1.38471342194711	1.61779776544974	1.46361858373594	1.11197634893371	1.11813552214724	NA	0.83332364875211	0.635299035119195	0.698564211865054	0.555496693922159	0.660136346632458	1.11310089166122	NA	1.41374356426525	1.41446179947738	0.64746532776333	2.13251161543765	2.03993334254459	1.89590653452684	1.76753577403845	1.26862377653671	1.60540474037148	1.3905107848406	NA	0.854903492998715
0.895719157314374	1.14471977542396	2.00133451242291	0.519459112829616	0.365839292291434	0.212521196256515	0.244549857946796	0.584848620923822	0.922710310487841	0.851816621184453	0.611345878775096	0.310127717719301	0.620149306620299	0.751650102709431	0.247100972811129	0.292217559619598	0.526849157670795	1.8486634926265	NA	1.3671180997404	0.42982462799591	0.786052079646288	1.07707007047079	0.490817260774182	0.725370424105291	0.3882168771085	0.477074317072289	NA	0.324467426164175	0.393695613399594	0.243424664215831	1.19313392092153	0.484433670969203	0.457474967280641	0.621651759140198	0.69495239489578	0.964104927073069	0.652825350719868	0.359719866504299	0.63690458993502
0.42677860542671	0.441864940787027	0.325479035003249	0.198960096763894	0.268362120966581	0.317687530295274	0.826504549529125	0.488407245792491	0.5489130341091	0.23883306199436	0.504560273340863	0.433530694399029	0.634528666357569	0.730604801804159	0.785320245162552	0.238755149468369	NA	0.296874128234579	0.5169036893604	0.27881427923127	0.331710391734879	NA	NA	0.688270917286498	1.07728571745975	0.597622200317527	0.229437720471108	NA	0.566142617395729	0.44524219730108	0.93403395010776	1.37277978949153	0.96791288350614	0.381515631834571	0.846182846205405	0.389575673782133	0.594146041388534	0.905183681149523	0.255066182353382	0.399727050902404
0.784098518265653	NA	0.91769009377936	0.796997615687808	1.03270119865028	0.571836377239962	0.562654526924678	0.672326552196692	0.831620462739099	0.675555771285897	1.07679573944479	0.898896947671617	0.80373913786766	0.757345112400564	1.05352414878112	0.846143196844897	1.25561311640617	1.05985727484212	0.607990048517902	0.31800893682007	NA	0.855700474826006	0.893811507734629	1.35555483874181	0.563550489965907	NA	1.27685367303177	NA	0.817311389098326	0.713099403770048	0.917962185992112	0.601466017900234	0.472457325681939	0.487019268391742	0.812925471956642	1.17776570146723	1.22913754727825	1.01708137391589	0.950880689157829	1.45997356257425
NA	NA	NA	NA	NA	NA	NA	NA	NA	NA	NA	NA	NA	NA	NA	NA	NA	NA	NA	NA	NA	NA	NA	NA	NA	NA	NA	NA	NA	NA	NA	NA	NA	NA	NA	NA	NA	NA	NA	NA
0.447581582389982	NA	0.326849311009615	0.264602815115667	0.295568084142082	0.531660934788308	0.10612439168077	0.248663405915922	0.448870573415356	0.44472034580016	0.411545959424481	NA	0.265707609887881	0.484328434747263	2.44029320269605	0.876487728687549	0.609990881916485	0.226976488810783	1.33187464623111	1.17370004330977	0.300314482347413	0.287924479474442	0.281780799641417	0.168863800745902	0.323233820413995	NA	0.122118708111425	NA	NA	0.649925067937355	NA	0.421684861488134	0.434945046008393	0.538031833102242	1.31715409321085	0.970908137360596	0.926403338016416	0.944964900377079	0.890017702073764	0.688670917063455
0.563456568232283	NA	1.84975714025084	0.968579607719053	1.44403130708827	1.3623594546667	1.91989783201662	1.3749414055274	1.25013569841728	1.76146276418271	1.00268249774246	0.438266335295152	1.02264779183911	1.14446272932325	1.42581395692913	0.353161154615083	0.471695092498388	0.588605896365253	0.521413193293524	1.04317601884944	0.804916719350357	0.698180627513952	0.394761566674941	NA	0.848722500744221	0.745766416008895	1.79784042654791	NA	0.940295197639211	0.879866740171218	0.697204599323121	0.583558349890213	NA	1.16518781152977	NA	0.822914310515372	NA	1.76817426784253	NA	0.170929262327661
0.680565996045033	NA	1.34487129191264	1.06755333902338	0.679653358248974	1.06438905779026	1.31802422503432	2.28847577749879	NA	1.11807659636858	NA	NA	NA	1.67946909824036	1.43534295604175	1.0468466670469	0.398018026090639	NA	0.975528431396765	0.984218227976885	NA	0.536448652356348	1.02785338153776	0.893454292092375	0.860740319783736	0.915199149564638	0.5991756708704	NA	0.354106292065769	0.80859850272834	0.634499293508712	0.353322282190586	NA	0.423899422370314	0.474138802029897	0.457156651497353	0.482564055886929	0.738192467524753	0.444670893826962	NA
1.22851129394803	0.406307749141831	0.998944834235288	0.658533697965765	1.5968204253355	0.546572645650821	NA	NA	0.428223858990796	0.316862828790477	0.274151972501532	0.992755107407117	0.778975389876575	0.538313607171027	0.902743275859185	0.540799160620149	1.0966658587407	0.40222604878745	0.757165896515479	1.25125240145295	1.78948453701821	0.563353297665998	1.57960966992379	1.5431390779289	1.06737348413067	1.11470622672233	2.17796314730848	NA	0.82468257846456	0.604671968357849	1.06578896309754	2.01492728862159	1.05449062352529	1.13585341443644	0.532919146823196	0.835336905239421	1.20484980197501	1.18697956722897	0.44550016688518	1.47182647641712
0.763116940812732	0.939078440771639	0.951059569194073	1.86195669459137	1.09547929883878	0.687539523502874	1.76859849269703	2.28963248612335	1.52955588085015	0.98096642627556	NA	0.862363064750801	0.726424608804325	0.404449760012708	0.494541760586381	0.715467953557491	0.482804689787535	0.237970085040378	0.448516598537272	0.521242139788935	NA	0.43003794563018	0.353196352002839	0.417926585818847	0.451087940753999	NA	0.32472465283096	NA	NA	NA	0.454533278552576	NA	NA	NA	NA	NA	NA	NA	NA	NA
0.941645282485946	1.92992371642232	0.753604729120112	0.725269007902772	0.976168728158492	0.63722504988213	0.998637245795227	0.574464956482688	NA	0.556329409479635	0.359420092736221	0.705929727777059	0.368955154344404	0.536414354005599	NA	0.791391844618984	0.594781875883046	0.408704112500088	0.520258790878341	0.728176754323533	NA	NA	1.12282178341772	0.986125681542144	1.32963858902256	0.888152102633069	0.546122723047873	NA	NA	0.809901508025599	0.505317926312383	0.426609645071848	0.568261786707214	0.429094522694502	0.447037686127248	0.689004961537234	0.519144137576241	0.613642631904328	NA	0.55160818062661
NA	NA	NA	NA	NA	NA	NA	NA	NA	NA	NA	NA	NA	NA	NA	NA	NA	NA	NA	NA	NA	NA	NA	NA	NA	NA	NA	NA	NA	NA	NA	NA	NA	NA	NA	NA	NA	NA	NA	NA
0.658726665517	0.494441483248613	NA	0.888787649914229	NA	0.467182568373194	0.486794921120721	0.391941343981688	1.10054227661055	1.0717424202575	1.32152003407568	0.853493301951797	NA	0.944061007936688	0.763721842535533	1.12933296347378	1.32452718037228	1.23465891226653	0.584596268097983	0.839833206092655	NA	1.43440543518445	1.03579557099668	1.11862924693348	0.778010855443433	0.662239036035286	NA	NA	NA	NA	NA	NA	2.15659871891559	0.474215631152342	NA	NA	0.442411338842564	NA	0.710327045517597	NA
NA	NA	NA	NA	NA	NA	NA	NA	NA	NA	NA	NA	NA	NA	NA	NA	NA	NA	NA	NA	NA	NA	NA	NA	NA	NA	NA	NA	NA	NA	NA	NA	NA	NA	NA	NA	NA	NA	NA	NA
NA	NA	NA	NA	NA	NA	NA	NA	NA	NA	NA	NA	NA	NA	NA	NA	NA	NA	NA	NA	NA	NA	NA	NA	NA	NA	NA	NA	NA	NA	NA	NA	NA	NA	NA	NA	NA	NA	NA	NA
1.22426514546291	1.86605901041392	NA	NA	0.753588744643284	0.450859296477085	NA	0.262389871370123	NA	0.696669980974787	0.574532427332975	NA	1.0797196889698	0.641308500261349	1.45640538561316	0.77403642131158	NA	0.77196103228092	0.730420271754989	0.67054861101026	NA	0.864986830386486	0.884493197602852	0.650393534970241	NA	1.66557311915845	0.715528039299895	NA	0.340641647835291	0.4644021157759	0.59001167673035	0.324894438609086	0.640494012087875	NA	NA	NA	0.782176116859124	0.706452409897638	NA	NA
0.911819684051879	0.685239344712446	0.495756508441167	0.663703597435047	NA	0.756053932154694	0.851021034520313	0.870866084629003	0.884130670248589	0.788289644406545	1.71058711310452	1.50853398512894	2.29290759676398	1.06542968493165	1.40628728141607	NA	1.27139315690788	1.12636039119212	0.741529536146663	0.552051415273483	0.942497412049272	0.456777631439093	NA	0.238088516655136	0.57382623391319	0.800783788440122	1.95770911182263	NA	0.332111755038601	0.694818724135898	0.616998973708093	0.662452880374039	0.272182332603764	NA	NA	0.746763821657729	0.488306005644483	0.560144762241491	0.441751011973981	0.439693914190163
NA	1.94830486198819	1.75378239775415	1.66924402299777	1.97902101801638	2.10652252921449	NA	NA	NA	1.74561774553473	1.46505926173821	1.30483514602153	NA	NA	0.741520932677346	1.11568079576895	1.72126380715199	1.14751501769077	1.16845737708161	1.01225505098693	1.86901515616415	NA	0.61011120565271	0.93718665652353	0.57956022084505	0.730194654482983	2.13556312321577	NA	0.844800239506078	1.23631139883773	1.42918286356617	NA	1.10057625649035	0.818225938061632	0.584545911934248	NA	NA	NA	NA	NA
0.774389997006439	NA	0.648383362780497	0.674662531449069	0.809005567766417	0.762735271567147	NA	NA	NA	NA	0.753484179942766	NA	0.565135045107007	NA	NA	0.884124344657673	1.02088208517723	0.81360918363248	0.892826376991582	NA	NA	1.47835542186107	0.866105992115598	0.941664817572955	0.987617889878134	1.16478321494793	NA	NA	0.158038188278787	NA	0.571073096860864	0.728375477031542	0.397789719564154	NA	0.700785772643032	0.191482915446848	0.917808564848327	NA	NA	NA
0.790435692735143	0.675239391297822	NA	0.764544285359168	NA	0.93756951846727	1.03527217698321	1.19403452473026	1.36381289950847	NA	NA	1.46100096113222	1.54796977232405	1.92869146784355	NA	1.31636942628571	3.22650302945443	3.23041566832031	0.582434675384799	0.827173928190229	2.93658818002266	1.43848334726563	0.596711899712976	NA	0.556080838753592	1.0387338144142	NA	NA	1.62528453903827	1.9418758773964	NA	1.63749836839451	1.90040734219784	1.64007663002542	1.38195990423712	1.08048331164748	1.00208397741024	NA	NA	1.35483888355098
0.681421479953435	0.844350420902308	1.00186706152676	0.391131712578635	0.603837816166258	0.821529604141309	0.560089403139417	0.386134136597333	NA	NA	0.592379322891089	NA	NA	1.01890167859407	NA	0.538488975307945	NA	1.02391016760774	0.834164537671456	NA	NA	0.871442394927009	0.7946552721927	NA	0.714910335886109	0.387393095758352	NA	NA	0.579215493431705	1.37120006274928	NA	NA	NA	0.829526758486625	1.15854488645588	0.858833184860267	1.23965031414744	NA	NA	NA
1.12409801839685	NA	NA	0.525237916904666	1.16253406684968	0.697118757003894	0.946831020520592	0.980285699773834	0.913898869904016	0.970721919646225	0.895809014696472	1.23466478382373	1.47559252288135	1.06997938600559	0.777408258733576	0.465278747576784	1.05517176772255	1.1249146078805	0.905572234093826	NA	NA	0.902395928774322	0.90528857320407	NA	NA	0.971477170537687	0.760905891425794	NA	0.54954995114257	0.971286310880575	NA	0.558170244158521	0.636809326657534	0.720690575925772	0.846347186252094	0.578452922955282	1.05639711552513	1.56451385667526	NA	1.24236736574097
1.07201860567183	1.33382705738226	1.69800190829763	1.08956829590639	1.37666868980727	1.21285806199446	1.20010276598493	NA	1.12152418966468	0.704043412281291	0.498961082693154	NA	0.694101758274447	0.939517141616722	0.77196620320705	0.895628657139933	0.773947302738711	NA	1.05955514695583	NA	NA	NA	1.03804381991762	0.966532511070149	0.631733496207868	NA	1.05144998460738	NA	0.729781692368495	NA	NA	NA	0.87402284090083	0.475687528340347	NA	0.70659796666267	0.649814647490196	1.24165014789396	NA	NA
NA	NA	NA	NA	NA	NA	NA	NA	NA	NA	NA	NA	NA	NA	NA	NA	NA	NA	NA	NA	NA	NA	NA	NA	NA	NA	NA	NA	NA	NA	NA	NA	NA	NA	NA	NA	NA	NA	NA	NA
0.760863738824915	1.50967694935733	0.594918695973921	0.787442306463781	NA	0.292163056262457	NA	1.05700341985314	NA	0.710615245362083	0.196445351216584	0.521407137018442	0.708998961142266	0.892595138380381	1.05769247842772	1.09166271800409	NA	0.982632846067914	1.1246257918507	1.07188979547685	0.437187224719197	1.01657605845479	1.21431853085495	1.18793035177537	0.490911001941328	0.739367803070327	0.742224201002594	NA	0.934848326510507	0.707120591392346	0.721124973104177	0.786367016744332	0.669545036581215	0.420894140037974	0.231479457199138	NA	0.684108760700447	0.456784965348318	NA	0.569724538433519
0.900902959351932	1.32031222679745	NA	0.602691333583108	1.06345505245315	NA	NA	0.493820904433495	1.12252023010222	0.238156318663813	1.95020539653194	0.669300180864079	1.28961019160796	0.716065974818302	0.723608094572936	1.47053146888537	0.904927623646582	NA	1.337376193373	1.75578366420558	1.47141526866349	0.963870498831052	1.17784297049492	1.87589208485574	0.404105146426556	1.15483461127432	0.307220717762909	NA	0.376979908717054	0.768568709725709	1.15284764433847	1.07225130026111	0.546419604708534	0.69771699084147	0.428309142417401	NA	NA	0.637155807955904	0.878562598127466	0.240564100538071
0.167480731704754	NA	NA	1.021537097511	0.826011351524384	0.564250508010053	0.897703475626465	NA	0.841504722129406	0.511196733136148	0.599839905257312	NA	0.917372644818272	0.82213037533519	0.787902227901916	1.09724223781577	0.941733440274746	0.62939959774231	NA	NA	2.20672051312316	0.469919882620658	0.436040738295472	0.665556528901882	0.882579912337048	0.665056644148153	0.975182570862042	NA	NA	0.477987634157662	0.454925223983068	1.91873321965017	0.495150627737948	0.349572166590919	1.02134130346034	1.39861471886113	0.371264923596343	1.48094597229142	0.856676203083332	NA
NA	NA	NA	NA	NA	NA	NA	NA	NA	NA	NA	NA	NA	NA	NA	NA	NA	NA	NA	NA	NA	NA	NA	NA	NA	NA	NA	NA	NA	NA	NA	NA	NA	NA	NA	NA	NA	NA	NA	NA
1.187196135282	0.722925553635821	NA	NA	0.575224023565138	0.915089401060217	NA	NA	0.396834724299266	0.893840873033064	0.745547608410623	0.523137191605121	0.599812504601081	0.233118009147023	1.03345337830424	0.223596709080675	0.438238612596963	0.311018988711811	0.43688038891385	0.141575848980393	0.719432745284508	0.690335295898254	0.410399579107948	0.739737007980983	0.469992474622837	0.398655184329573	0.703567216831919	NA	1.33814782476159	1.46728243392286	NA	1.1802889506982	1.62931462070737	0.939699184890187	1.24677268027955	0.732072955045452	0.622321501842856	0.79648157232323	0.885133302961825	0.761780819114235
NA	NA	NA	NA	NA	NA	NA	NA	NA	NA	NA	NA	NA	NA	NA	NA	NA	NA	NA	NA	NA	NA	NA	NA	NA	NA	NA	NA	NA	NA	NA	NA	NA	NA	NA	NA	NA	NA	NA	NA
0.857454010233466	1.01247428869133	1.12130368252209	1.047428865213	1.69795660650725	NA	1.13461118753085	1.02768238428057	NA	1.58122196053579	1.48360735746262	1.33169651579959	1.42434444936897	1.83361090332568	1.28019506697527	0.950358073583676	0.568935562372228	1.14958719251931	1.12733064825342	1.02399410293521	0.921688386870977	0.943927862847648	0.81173956822589	1.28496149433598	1.30158728768449	1.00098570020848	0.839616483714401	NA	1.00164253502829	1.342374476643	0.342349052473523	0.0986155400657995	0.660295192646364	0.318691728352473	0.329760673191168	0.323613250163335	0.768845004273841	0.347674022513247	1.10140276295124	0.976202947089514
1.2261144512802	0.831081770194814	0.13564918678759	0.241803563681739	0.46002117219826	1.54293830969335	1.02647843016005	0.669346418872295	0.63547852888788	0.931064117530737	1.13738050356641	0.742867681266873	0.372975800328925	1.69888561712176	0.17820764842081	1.51841929600018	0.990993823434501	1.26874681139354	1.38906279776134	1.33855319128397	NA	0.677317049804904	0.627491998631687	0.592237662182534	1.13778213326385	1.05310254419926	0.589120353168362	NA	0.650707373983684	0.660417542105017	0.262576487476872	1.04418224650427	1.10520091040602	1.22360830383256	1.02081066065413	1.27611145135754	NA	1.60641786862771	0.832510892096923	1.24583156540522
NA	0.640559753982751	0.896377279636715	0.803181272596913	0.894868372755788	0.702023862500906	0.571724593029168	1.11822507266555	NA	0.652565985219073	0.542110009145893	NA	0.56403728078079	0.71930880121901	0.771480394521963	0.622623774009291	0.653656489046757	0.750041908535139	0.673003900842422	0.667061319395968	0.974692861758511	1.04310992688488	0.439891640126222	0.821059317874657	0.93841352923619	0.794507405644301	0.785197869631658	NA	0.995337629558604	1.72893160496899	0.638898850480512	0.541722891584044	1.00644273642355	0.643088246601006	1.46832535229608	1.21484998093378	1.14736195057562	NA	1.22072799249558	NA
0.737574849729335	1.08798588567687	0.787677081806765	0.855006352559572	0.927767981534309	0.621418914977966	0.562455223543083	0.694798119459616	0.828629161349637	0.630521208292474	0.787133649997097	0.464880295358322	0.580924289247701	1.04108111123452	0.849898417286088	0.966492861807868	0.833217404757194	0.824222089566472	0.907008453214871	0.781874684556744	NA	0.997933059961567	0.851909705442097	0.955037085096016	0.781974235491509	0.787336423714192	0.531740801345623	NA	0.313494110316201	0.401720375190875	0.29994271417399	1.12094963658012	1.14939575801946	1.30394386278191	0.610031835338977	0.708066600552555	0.978379250960988	0.961897802266528	0.899405135036096	1.10915115561356
0.105983899173639	1.14210125667389	0.845471713094047	0.669026987172828	0.466605523132578	1.31468247475676	0.713617575690907	0.38648148909557	0.772105338345548	0.449030080865783	0.620554463365916	0.355058436300975	1.29096635793722	1.02055730809741	0.574870119410871	0.232377833339468	0.653964936106833	NA	0.397449503300315	0.808448345006647	0.867705727197179	0.809562941237223	0.639406328811458	0.658967667942241	0.590348014765062	0.640275658338229	0.325513286815354	NA	0.225426430692835	0.24344327841105	0.435326647272194	0.689246940453284	0.453298631134879	0.658282407732081	1.07335681177318	0.353984514600218	0.604938851606553	0.676266826670914	0.717265940572227	0.563098188378543
NA	NA	NA	NA	NA	NA	NA	NA	NA	NA	NA	NA	NA	NA	NA	NA	NA	NA	NA	NA	NA	NA	NA	NA	NA	NA	NA	NA	NA	NA	NA	NA	NA	NA	NA	NA	NA	NA	NA	NA
0.65107332549671	2.10644479539522	1.86013730364646	1.08775737486868	1.11375317767962	1.85269761747752	1.14212707669892	1.22509957211345	NA	0.847403760569209	NA	NA	NA	2.00716619428861	1.45351056574075	1.89938661548132	0.856753720912877	0.833762551869472	2.19077129616462	NA	1.19896894869409	1.2318194862492	0.599346655971301	0.827068620176373	0.377149220868794	0.712462771215704	0.393343784748403	NA	NA	NA	NA	0.367421608416007	0.197383138265017	0.471159951369111	0.739072107675562	NA	0.543044431834424	0.753593393333522	1.43593050381185	0.204001351077598
1.04780470218206	0.79959092521315	0.770686062529796	1.23182427543527	0.816134464614203	0.720701820010283	NA	0.839074917250249	0.69891300272637	0.94776252850146	0.769933223995707	0.555324061994817	0.656708876212591	0.542183160381357	0.320991470716388	0.615951090613119	1.34277803162095	0.676986723946744	0.585440177360852	0.395266682642673	NA	0.642704899551752	NA	0.840831856958175	0.944494715681377	0.572127489852283	0.460289759647417	NA	1.01975200973076	1.22402219776841	0.674577647306506	1.08457399884173	0.756467036097614	0.56515455259147	0.481172192296217	0.384923664486352	0.348606910411047	0.92895861122802	1.34034429159296	NA
0.93919066683092	1.36261784824028	NA	1.35935587515538	1.08943314356678	1.31247602774599	1.48174117334939	1.46470922230598	1.33959854055424	1.28162248082837	0.998575996164623	NA	1.26058215394243	0.847010480332481	NA	0.647030818453032	0.804525156825026	0.988380239841588	0.795114091095131	0.618697379810376	NA	0.820576199777143	0.719384806680849	NA	0.647442528139428	0.869278178686618	0.383237839506158	NA	0.341726257970176	0.453906517804487	0.817028269273789	0.669232855569052	0.658132646771607	0.724169341354783	0.608957877441081	0.530538641005041	0.498679661098201	0.358415057862494	0.459128450681774	0.406832588381547
1.20456393974301	1.34023572099244	0.867610050136417	0.920685142396109	1.08523777017894	0.712081024728547	1.19691154212358	0.943412141282303	1.09642410751058	1.44135754231012	0.769795248692742	0.704739902314159	0.905869341516421	0.752151169405486	0.570121904491665	0.604786909750496	0.968937193997834	0.714938084457273	0.827142002423092	0.716248901332664	0.900854598000932	0.821740045548524	0.897295571491018	0.881558378839819	0.677218461132548	0.842330274287762	0.817099968103364	NA	0.414944590991252	0.601615702887621	0.650713584109706	0.499308759961566	0.419684046555995	0.653570627219345	0.326731914805257	0.483427121727468	0.691488167991404	1.12154021287478	0.916040342564845	1.29578662999275
0.501167246120435	0.618425369160743	0.827331895959137	0.680741987100724	0.402853062196042	0.459264499854894	0.659204407834374	0.333748320977339	0.65200532503436	0.73065080328094	0.303340967705052	0.479149320356888	0.954470051192868	0.853287958320454	0.552894686849014	1.04957122528727	0.880549383859708	0.83647337785319	0.784330579576082	0.374584686740657	NA	2.14420114949925	NA	0.508797019899128	0.477317418507188	0.600066231542142	0.652953069463736	NA	0.278451717349096	0.287664531918275	0.541937534978513	0.344448768010051	0.694683451857836	1.37420761126185	0.592378700153107	0.511930040386855	1.06329753175739	0.884044955220526	0.686338899501709	0.870005347756205
0.527753987125584	0.452649384152606	0.989565795956019	0.942318289304214	1.1020387436163	0.911915109884643	0.68028209396948	0.616214291661241	0.610192829716177	0.238526226739322	0.366834489909952	0.3484521992133	0.506659463702808	0.730591534346469	1.00536741935522	0.760369287282345	0.950737054710208	0.445781855423768	0.574399661192705	0.466393537422323	0.666072724180945	0.794136922006978	1.01839517219598	0.842151612724404	0.791900632268285	0.657800782355903	0.403624787152492	NA	0.628439306956641	0.657877759996838	0.95704363334179	0.372596667310955	0.558599216458312	1.09642297662437	0.611895577348198	0.627446751639882	0.591121036939546	NA	1.08139454789681	0.955182393407787
NA	NA	NA	NA	NA	NA	NA	NA	NA	NA	NA	NA	NA	NA	NA	NA	NA	NA	NA	NA	NA	NA	NA	NA	NA	NA	NA	NA	NA	NA	NA	NA	NA	NA	NA	NA	NA	NA	NA	NA
0.648061520361284	0.583199389868386	0.464709626409507	0.418251221711753	0.438870207636921	0.463089496252655	0.808928997530366	NA	0.907675896231209	NA	0.740100167448363	1.03114957954088	0.516283905770928	0.591777945933192	NA	NA	0.651349142481423	0.93964941836114	0.654055023377802	0.756171513397623	0.702360352625314	0.939552544658603	1.7191355883892	NA	1.5470167774608	0.952590588240207	1.50076335708009	NA	0.317307682261272	0.304231389137284	0.440237050821911	0.577081437614527	0.395151175314993	0.356012512137883	0.519098988804126	NA	0.788143250646441	0.470538647605004	0.418084721403395	0.808317351903465
1.35434124761545	NA	NA	1.42108876475869	1.18737932500173	0.554323521625648	NA	0.827312619645681	0.942592447803828	1.23541989471933	0.864343464951863	0.387286785935032	0.904816544930168	0.457187181737013	1.11916487757309	1.33653573893369	0.441981492850879	0.402998130187245	0.802498717873327	NA	NA	0.330444332224147	0.514441475405674	NA	NA	0.69510873591421	0.398269451095875	NA	0.346153136858025	NA	0.674465385524643	0.166078287083907	0.307184354810251	NA	NA	0.729170021941633	1.43292217274453	1.30180820307056	0.807553034380777	1.46020172367743
0.353996482151537	1.79883881836492	NA	NA	NA	NA	NA	0.41980603518227	0.536584501631766	0.30637924277865	0.401114417566649	0.37120160845934	NA	NA	0.458694143034892	NA	0.501373833241906	0.348253110182499	0.2028469801641	0.181440755546636	NA	0.203547046994086	0.301560751191438	0.567908403152377	0.238686827500382	0.330737153918206	1.18841931507695	NA	1.60639295037883	NA	1.81542271209691	1.18869759443627	0.722477721082619	0.229988728983931	1.02268308725172	0.528075644436864	0.40949744433605	0.402052052845648	0.261829696909735	NA
0.735440360907322	0.590564776786403	0.474363182399745	0.276529510301817	0.36725975725752	0.669023549522068	NA	0.491650799577772	0.696798122650811	0.636925185085246	1.65756636782779	0.823572923904364	0.502898187227934	0.348780273324611	0.238456890011178	0.712518251180014	0.661900616867304	0.385969879006498	0.456249352111698	0.708718527635504	0.540196807574684	0.423880488139419	0.15420385255966	0.410008920082966	NA	0.194874921256596	0.361258403455596	NA	1.04502794915341	1.08050448115647	1.03203638610298	0.913333205664274	1.33367453084608	1.33868091516761	1.19520744579943	1.0894471260892	1.03168019115	0.937410889687969	0.589005146950138	0.964482582688094
1.13886523208922	1.22526268884904	1.60188231980381	1.55816300222791	1.31144697968977	1.19660679834831	1.0973878900305	0.949024666180613	0.406333209673964	0.999629268509449	0.623698598474309	1.14694683539575	0.707226992898797	1.30093952398259	0.960292547027941	1.33242228433027	NA	1.5582695875241	1.72643066637026	1.73998700249375	NA	0.114795389404205	1.00361392040704	0.776547903660125	1.08611446311942	0.69294599972444	0.976115227258853	NA	0.718911847275596	0.518495458909344	0.284364423029395	0.205711270646232	1.59824906063031	0.793640697629591	0.404063890507326	1.11852328644989	0.209514504176968	0.581104731761666	2.24184461506387	0.40783332347421
0.194210512162559	0.667976984349819	0.663012056203593	1.08035970896702	1.08583235713178	0.650008838892344	NA	0.516676613774301	0.727435438159818	0.42277661500935	0.606969347205737	0.854361560220282	0.554148485204079	0.601927420993447	0.697174766097141	0.600834395514816	0.311002854197099	0.612759059537631	0.632652469584726	0.316335205698129	0.357614371487714	0.653684569009643	0.398719581048395	0.395058670974031	0.469787577029004	0.723286300859939	0.612665348920637	NA	1.13008285323887	0.453139218731036	0.619505380097951	0.56571890838216	0.459735913319371	1.01380126610152	0.805885362604217	1.15291502590428	0.94676074339174	1.05272711691847	0.837653116564467	1.50058169015176
1.19939614224611	1.63775703894397	1.63155489780215	1.71873051425891	1.53044358030001	1.43493670946277	1.55852056307217	1.31870881168245	1.6183201591449	NA	1.04232787379468	1.23382451835164	1.21365584894501	1.58133143917725	0.882630568111479	0.715191102904735	1.15153276567378	0.661272737624544	0.534068321307765	1.41315979650097	1.05563487278439	0.659426956735957	0.736647087875961	NA	0.795106210320346	0.630030360666941	0.641572747221472	NA	0.185747600178628	2.13546898806809	0.450273810322511	0.640391132989402	0.561744838022406	1.02702370520492	1.04645701954866	1.19431131436791	1.08311776593668	1.0307242897177	NA	0.399409366289504
NA	NA	NA	1.37036871756138	NA	1.37259440565529	NA	NA	1.31331163849561	0.739211159985716	0.210660677128948	0.39592824397965	0.60719910308133	0.335681364252082	0.564368338741828	0.837501745493569	0.575577804897154	0.708774539799616	NA	0.794521236914423	NA	1.24664474256794	1.21571868476991	0.985110815254607	0.678679922272401	NA	0.757492865425626	NA	0.659021731451116	0.572953250309161	0.342168988137945	NA	0.583213013033106	0.542710545322403	0.493415969746067	1.71051989745969	0.488028047157369	0.492534746870992	0.312548017502572	0.267690500356135
1.65736668330617	1.29644077757822	1.41784195642703	1.81068840193897	1.46090808632126	1.45316347208386	1.25389474789592	1.49663179560734	1.68674080285241	1.76719860828121	1.49572626865454	1.58169948690978	1.09681929897768	1.35319157943062	1.56981396920334	1.56861214476799	0.497353982847943	0.403796251718278	0.360055673832372	0.585503930560106	NA	0.625904020992916	0.507376918925121	0.383783721096769	0.51611326557859	0.596956207655894	0.42341671028348	NA	0.264304151022446	1.13457622615665	0.634352262546231	1.25060246924076	0.834841790467307	0.476697874299331	0.641716704193922	0.465871759319321	0.936056079016847	0.429461251745176	0.49273667212339	1.12673340743367
NA	NA	NA	NA	NA	NA	NA	NA	NA	NA	NA	NA	NA	NA	NA	NA	NA	NA	NA	NA	NA	NA	NA	NA	NA	NA	NA	NA	NA	NA	NA	NA	NA	NA	NA	NA	NA	NA	NA	NA
NA	NA	NA	NA	NA	NA	NA	NA	NA	NA	NA	NA	NA	NA	NA	NA	NA	NA	NA	NA	NA	NA	NA	NA	NA	NA	NA	NA	NA	NA	NA	NA	NA	NA	NA	NA	NA	NA	NA	NA
0.303215724323022	0.739814011959006	0.537091443215492	0.459988920174539	0.555156682441485	0.764575533171109	0.596985229814688	0.621003277579087	0.167224803523524	0.527739689306279	0.561310118475547	0.32812156658475	0.525339572162144	0.744563256845747	0.793866927786697	0.437534091738548	0.514518061851802	0.546064747777929	0.571211148079675	0.785288358978105	0.367932058729672	0.934078780446377	0.560395673267749	0.789148453033126	0.584916074803981	0.730534954701306	1.69337993637299	NA	0.490492838611637	0.493716469286709	0.881131009538054	NA	0.73700244743029	0.673548412972346	0.727917450634096	NA	0.682925892036732	0.88045690725521	0.401170599662272	1.08882124484278
1.08608567435714	NA	0.749482535984449	1.82711171990819	0.686367038933809	0.830179328842259	0.773155430662273	1.08655322310205	0.737151938229642	0.847600476803849	0.741051885704636	1.13273880009685	1.09946140266301	0.946738534331488	1.01971523735293	0.477561450241196	1.01954110136394	1.2189395346896	0.65564439283272	0.886175454977369	0.592139986411063	0.385114565529393	0.559766294589388	0.398798466659005	0.359945126317993	0.32989169911148	0.219163285070874	NA	1.53522291100529	0.598431542693756	0.527480636822194	1.26477202253519	0.360054702422242	1.60224686917301	1.57531371230116	1.00050370465114	NA	NA	NA	NA
1.58138018062753	1.38512944499205	0.703193087598007	1.01810917350734	1.05890631611129	0.920300849074801	1.22702873541856	1.46368484581923	0.841651787169304	0.768233171851593	0.514056194263069	NA	1.01135675519586	1.34313384704597	1.30250472126108	0.864828138532147	0.39222508335762	1.01433291411839	0.700589315043135	1.02086609556393	1.41526288843074	0.73053680140297	0.676622356134174	0.372713134437007	0.275563881635772	0.779881196835402	NA	NA	0.356760562903595	0.207041987418878	0.567850042234066	1.12272626642156	0.627343240192088	0.762307785636366	0.539354831431262	0.701080574272474	0.689312043401818	0.682031487410208	0.472284018509277	1.47628842857698
0.425601515134199	NA	NA	0.813683394387693	NA	0.796437971823476	0.802610689206269	0.714483989094518	0.402192567851556	NA	0.621419139384469	0.520022939505846	0.718958843052074	0.612041235748767	0.56606368071875	0.63519874930914	NA	0.798376097480481	0.812250232412648	NA	NA	0.41984795909049	NA	0.592428429613996	NA	0.70423548466784	0.354051313057343	NA	NA	0.987653580732338	NA	0.321019657514356	NA	0.352504512736136	0.716897062744939	0.816772355885647	0.490536745679682	NA	0.299249609422431	NA
0.907691221694126	0.412295784695726	0.925945611612534	0.884175503245965	1.0082376631165	0.868828745932169	1.03261476148555	1.12482799090554	0.893488738117992	0.971179995579448	1.03685232086562	0.987043988792499	1.17459759760824	1.23270257189482	0.465148061475908	0.59597794690103	0.47318045658427	0.487184490902201	0.965429192377486	0.786544267319055	0.705825297881446	0.402274594728266	0.832407496040842	0.778792003178409	0.641563134725932	0.68528423866399	0.191944934051712	NA	0.441523468885377	0.528860381564376	0.167251786243662	0.130194348637928	0.189824642877512	0.604744825615309	0.666684992816143	0.595278214212252	0.543424832633639	0.639196415537002	0.740168114253814	0.684767591751034
1.78391307133509	NA	NA	0.952709954099724	0.747233363778528	0.966632189746233	0.896419661880571	0.70224666818468	0.760265200542292	0.862935093701231	1.05317258056624	NA	0.79381755473515	NA	1.13726390194763	NA	NA	1.00701817509675	0.930448783893124	1.09784033263665	NA	1.04951017752168	0.367088335839297	0.750080361555704	1.64768989676839	1.37093531146742	0.976249823227568	NA	0.990138136305775	0.979313548429331	1.09009212614016	0.836030215078771	0.560089486322037	0.470478183468695	0.967352243843018	0.999523491846623	1.28351887512807	0.746090275463062	0.715002474082332	NA
0.651582322954778	0.841805370752929	0.0968427122204789	0.409634201425946	0.241526763521801	0.695379301152731	0.817455296955093	1.2994559750018	0.948387246601275	0.610619468278812	0.378490357751466	1.28931979375735	0.938714204694734	0.410946787789237	NA	0.536206820766887	1.07788039880983	1.26600539928473	1.17706226816066	0.75679283590098	1.18083050186658	0.996147172803625	1.30475564205446	1.48275250747692	1.23271699322265	1.08327774087462	1.05885297696262	NA	1.2014940921686	1.89883510782906	1.12378209642467	0.781699672764348	1.09848924701963	0.650863109477764	1.12635380435001	0.841520237454275	0.763848180668693	0.639656492260741	0.580187687085676	0.889323136080096
1.220987032302	1.23557395088849	1.21217345777888	0.706429501861847	0.922896108206225	0.994621093523349	0.813436445074438	1.21063700028163	1.438164917195	0.639921423763398	0.754285983855286	1.17656445873422	0.957169777405922	0.943527690459305	0.708490318574307	NA	0.504097518418398	0.808743926607512	0.475048587031973	0.893156473554261	1.00896356045561	1.00263370483725	0.857235721105852	0.552467113395407	0.759691730253765	0.451533107605973	0.478563934179713	NA	0.217417806375127	0.428642698353926	0.872403213351635	1.13718549573514	1.17484198577089	0.65610501696828	0.769328490600693	0.954955256426565	0.644353047146068	0.596012422282824	0.619192488292778	1.17875629455104
0.982278802432987	2.13087627993667	0.681415423112744	0.345780225136425	0.459663214458246	0.571124352379125	0.736078489990264	1.37277439636818	0.914823817124559	1.77098626634344	0.382945971108048	0.77934029219636	0.602162282390462	0.651473922214818	0.611908702269351	0.402582775498197	1.05766466624091	0.292542515604233	0.179087348214927	0.437597525055388	1.69386027896212	0.593618148431742	0.388355579499171	0.715628504471658	0.513390243683246	NA	0.0933630760381091	NA	0.334535962606065	0.420873084391773	0.505621871097737	0.551192784384423	0.477407211701541	1.20307556620931	1.01030907469453	1.01487026952938	1.19691421148792	1.3443418028037	1.47319986181452	1.60889091366061
0.382125762271288	NA	0.465733836347566	NA	0.441387130438356	0.637101563604186	NA	0.467083232242379	NA	0.548890637180609	0.709806801890855	NA	0.870640741478437	NA	0.783917104188979	NA	1.07258568302853	0.634018396704	0.539513955575825	1.51496238770755	0.686547195723126	NA	0.776678835256003	NA	0.270245904384382	0.539591151005451	NA	NA	0.389534790324641	0.53430345224211	0.547652061207843	NA	0.459455222112387	NA	0.864930940513452	0.302999709041411	0.323153759655272	0.599076915646372	0.771390699261945	NA
0.975037826545308	1.12230571253784	1.07508873364656	0.512367557005415	0.865710424262951	1.05111853842498	NA	0.714228969903249	0.68789533046727	0.739177444563071	0.704761700528621	0.514111195952663	0.530550350771143	0.585322172998521	0.67156991867906	0.780793237822669	0.675363685788905	0.716082092179542	0.571175474579042	0.66393032977447	NA	NA	0.427712870102348	0.61159433796147	0.939488033904241	NA	0.498515776290132	NA	0.566135495971745	NA	NA	1.71236705228644	1.30868904841108	0.270669027675729	0.369055678331715	0.281885373915845	1.08879811872269	NA	0.235531284522726	0.324539641623578
0.982458954180318	1.45524876302885	1.21823808721337	NA	1.04913291053756	1.16106855672773	NA	0.801989741442643	NA	1.35792326335993	1.14501976175899	NA	0.509645311527179	0.258696488151224	0.507380930152855	0.808232891967656	NA	0.71267211304917	1.00357020219389	NA	NA	0.8510050336927	0.895560999140398	0.915174621382777	0.794501061000654	0.801811032506972	NA	NA	0.791313452774068	0.703377471764214	0.713736709719029	NA	0.628637793316326	0.902308864518255	0.28662711290897	0.553666956995796	0.237678869247562	0.935029427754417	NA	NA
1.04447008039214	1.07261574474959	0.783242207246387	0.680837711433183	0.754505134739319	0.859040381325956	0.746301232843007	NA	1.05401363603415	1.16326946605258	1.19733528335393	1.38101090656048	1.02490708084644	1.03863158419356	0.888093487361418	1.09526807119222	0.826107769870347	NA	0.58492546948242	0.358837878434075	0.794724189292423	NA	0.632208012623431	0.434767918075775	0.78275202837519	0.277188119355902	0.346353168393321	NA	0.702651356891936	0.425816283802211	0.408781931404901	NA	NA	NA	NA	NA	NA	NA	NA	NA
1.39914035606497	0.743488634913309	1.4673748577256	0.926535332852912	1.65505585940015	1.50073176317712	2.14906527136133	NA	1.55923589514812	1.40720449017328	1.89820313227678	1.4488402415224	1.35737270873605	1.23507295174272	1.07580134111337	0.950521032526861	1.37682576236179	1.83997045966093	0.518803945734769	1.20057850005686	NA	0.751554045861107	1.40522866434401	1.05153954770534	1.01272169568907	1.02233832900929	1.0494959159303	NA	0.392781646259125	0.61375648626344	0.542742450195648	0.220692143486338	0.30147125304349	0.497086652970733	0.79420532768243	0.968092090167632	0.17210530278135	0.394461160669757	0.795050845556273	0.697322395377073
0.575663872922322	0.902919055792461	1.29799717445058	1.45001716793279	1.46928518327459	1.29007017604668	1.14797045690914	1.20662669879058	1.04073974042658	NA	1.10613267581629	1.10439246488451	1.18523284686473	1.10414903662549	1.11026092396923	1.47126216790501	1.14451467542744	1.02479607048478	1.38546940719343	1.10073678611667	1.42302347655126	1.37320422197811	1.40780147760618	NA	1.00004360126348	0.805356786988931	1.11286950891859	NA	0.666797680860586	0.664176344993989	0.625515819486049	0.789287273747722	1.8756815588749	0.531266035274145	0.420381957472544	0.713464070914745	0.585775925805172	0.406296847859589	0.544846203600465	0.692026668350234
0.897245399160321	1.33281081649941	0.746848396183681	0.675549459060329	1.47222876897929	1.06718495148317	0.469072670603056	1.20694801297436	0.701047111326457	0.501735646547744	0.77550408302161	1.41319791535152	1.20418121340811	0.939767061886676	0.555471643468507	0.666990728517336	0.943288901868992	0.607761777360938	0.986720066960212	1.99165648506527	1.0198873637285	1.41958898630478	1.37693459717965	2.17638002592986	1.17433990812298	0.947311142347622	NA	NA	0.506139077987924	0.239664525561068	0.285043072519072	0.775043114612608	0.311658142385815	1.0141766587729	0.534354238864991	0.848508769638116	0.589340042773712	0.906734125443038	1.26762646371445	1.13280626691949
0.416373978711979	1.14758582316934	0.217343664040972	0.551487297885913	0.57753519948298	0.92714464573926	1.16986420013312	0.916159401833339	0.769044307585486	0.501553553049837	0.416476963105231	0.403209274243869	0.431668293249195	0.656366319536949	0.529001866454119	0.61869390388952	0.845923850848872	1.11014750618882	1.04227374382675	1.32895670786547	NA	0.593965514684715	1.58012139436746	0.50398620046993	1.0414074768433	0.56661136496554	0.437812898770339	NA	NA	1.42776879460181	1.64954295419098	0.640569115562081	0.863149942742037	0.707480298595857	0.446229264999388	0.738822940343892	0.244912052556214	0.704583926102974	0.350053110935668	0.324899544793085
0.936121307945582	0.44162657982604	1.05475109951915	1.36449342665348	1.11949322077848	NA	1.03297720729364	0.990599180255508	0.61161490903066	1.23903656236435	1.02154321561428	NA	1.05108494514143	NA	0.938743199027465	0.645978067744913	0.854426741206622	0.977982963840834	1.79437218778345	0.792303715058682	NA	NA	1.22440084675433	0.723690872780124	0.934003386761759	1.0512198865736	0.751932488503975	NA	0.686592992649714	0.803190143126664	0.816746416794284	0.949357243359857	0.772323346060794	0.748018947561677	0.571704847195372	0.436075986180604	0.718558569371138	0.910295135239831	0.67886239653187	1.08109046525548
0.994942846831335	0.974868337585427	NA	0.799471536774735	1.09820968960788	1.09882114518443	0.921414747642118	0.66612942099415	0.655011805345844	1.04174727969367	0.452231440588867	0.734643641412548	1.117720319372	0.84497913258199	2.02685813309459	NA	1.06991247524625	1.19580686858141	0.651658272842808	0.543800584167417	0.906693905267748	NA	NA	0.392309785904641	0.502002762780831	0.539443635396585	0.398565856524283	NA	NA	0.775309076995246	0.334263646685708	0.51177662041585	0.845143249846976	0.708952439621976	0.232676222736939	0.911776643433167	0.76230261865354	1.2181417139556	2.75984597674985	NA
1.36906564427581	NA	0.706957492659804	0.897388381169949	1.20340542684751	NA	0.969287065058134	NA	0.813974602982971	1.49056857080422	1.01520368410432	1.39975820100569	1.37254874502235	0.868915165386127	1.14821912319757	0.741825956560853	0.583087993591479	0.644432073515058	0.701011451058579	0.776085482708685	0.544581627623412	0.993410220961594	1.04467836693045	0.397528440213434	0.455142547756824	1.23008981959231	0.321999298252616	NA	0.447368650458219	0.261390684321986	0.452750939892509	0.621822515585932	0.656962396379178	0.326481453018052	0.470977025501067	0.522155063730394	1.14705306267235	0.295150324544792	0.334709120646914	0.457801526598473
0.430935110399415	0.884599079398817	0.65942692499466	1.03867856775518	0.707788907319136	NA	NA	1.41618400067117	1.36551956394435	1.12637265797249	1.61949983877857	0.946369030673473	1.11809182137277	1.62699852396712	0.899901706168874	1.63190220661617	NA	1.19214972421243	1.23648628875888	1.72831468518538	1.45464696747011	0.550579609525643	1.42806323745323	2.01933951868402	0.917694879110783	0.655183924964382	1.04499650064137	NA	1.74165115935275	1.47449911867297	1.78718692596322	NA	1.23546321719569	1.80991377865399	1.81646935570868	1.91632879593993	2.1255989495281	NA	1.73579094308025	0.754857924381182
0.705251508437089	NA	0.805904760610458	0.820495775248777	0.884199349479217	0.211678805675506	NA	0.816082410994168	0.681785957361553	0.675947661766903	0.426018853267996	1.00619691264547	0.496872359611433	0.933765882795347	0.744228572752536	0.901002511698042	1.18982051007018	0.808340410153234	0.857400340542349	NA	NA	0.877319200482203	1.03020818395718	0.821644848606079	0.571962974563607	0.610320527718394	0.63903923490137	NA	0.592362888655539	1.1137617539549	0.590972285117518	0.921791206087064	0.294500078317036	0.898031190318534	0.52388542251834	1.44117212377343	0.770511865644009	0.939807838793371	1.8990985222153	1.77424619668512
0.638089363116195	0.508248065400455	0.509011371809925	0.523544397564417	0.105406228928765	0.23570258785833	0.23698662894088	0.377942651072208	0.424629783402653	0.85038921599789	0.78615914022236	0.469331687002583	0.395892215635201	0.338445224917063	0.293687065023074	1.12667582975512	0.86466522104218	0.625543684661894	1.0012510057838	0.87993145064499	0.618653764902477	0.534907086492046	0.552244253800446	0.37216178206911	0.310928285168347	0.593331015420288	NA	NA	0.299874985961307	0.310987686282325	0.820380074026134	1.15897870707558	0.855065356740333	0.54995074424192	0.312012890560306	NA	1.07483247762602	0.857350419139174	0.341808132592345	0.468955565983409
0.256513366899092	0.653467243036794	1.0540223172849	0.894664158922399	0.82157353675595	1.13059888517826	1.07922917426652	1.39519367365994	1.59605087815654	0.786203303768565	0.441233989699954	0.277126014917023	0.369831383628934	1.0280671125051	0.579001277382441	0.262558951633091	0.256979442580405	0.865647009328556	0.942286615214002	0.565315907300728	NA	1.42010066657576	1.24411814460622	0.999904133116095	1.02862192018547	0.538401388366961	0.374960465225633	NA	0.644233005079408	0.763962569371656	1.29459598919791	0.582212499269909	0.668819772852732	0.750020516618191	0.235296441170576	0.55023229112131	0.565665594535091	0.667498806968089	1.04181313921854	0.724306469437323
NA	NA	NA	NA	NA	NA	NA	NA	NA	NA	NA	NA	NA	NA	NA	NA	NA	NA	NA	NA	NA	NA	NA	NA	NA	NA	NA	NA	NA	NA	NA	NA	NA	NA	NA	NA	NA	NA	NA	NA
0.378614965767973	1.6426518498081	1.76518420700939	0.502268952717644	0.762794755432367	1.03953618007067	0.804837661103377	1.07918143831665	0.590414544547926	1.19755342740612	0.321430344202686	0.707582589024574	1.31411138505444	1.21986645786072	1.12178941395412	0.949760246271647	0.849687618865832	0.673172745796654	1.0752757275096	0.6626866138595	1.8910573926133	0.367828172157324	0.131093664983739	0.450091643848381	0.286715953626474	0.547162882571338	0.883477485656828	NA	0.0164421528860179	1.53647505448603	0.727467812143537	0.78554008320897	NA	0.519020841915292	0.595846625423895	0.705968224189703	0.621712696294144	0.945748772594859	1.38996967843566	1.28422358672466
1.87731172296941	0.962213400083852	1.08686303756721	1.13719063110223	1.13497481385962	0.680254598814919	0.909919945280419	0.892515197125099	NA	0.626506865075328	0.373887392952784	NA	0.407220402437045	0.834643870496672	NA	1.11346281938536	NA	1.21716825268532	1.09140099247768	0.533715201262511	NA	0.760535903586787	0.939744443253956	0.724697027028947	0.716561067151472	NA	NA	NA	0.46954512897366	0.420882687538378	NA	NA	0.979519405606109	NA	0.960719516011606	0.947932128706829	1.03801758038878	1.12278148124952	1.67415886504116	1.61932502358529
1.55276570135053	1.85267731180563	2.16119000984824	1.37567216074236	1.48847278180566	NA	1.0316763021374	NA	NA	0.965651937485235	1.25575592599483	NA	1.80998476593715	1.39119273968132	1.30546926072675	NA	NA	1.06291725484022	1.70172652080487	1.18972180751178	1.83104766495506	1.43933457521755	0.954137629267847	0.682753305954289	0.362678166271312	0.404864183499801	0.483749972103803	NA	0.859102725976192	0.736917768286096	0.606296898767705	NA	0.357337755382333	0.987634762540235	0.414168475056604	0.746892326508635	0.50232165532056	0.47267512221261	1.18717104186863	0.71906843360302
0.416252083604432	NA	NA	0.360781847760526	0.639934767391557	0.403868720881413	NA	0.723643586717295	0.801842621477052	NA	1.02066404556203	NA	0.446692182371642	0.910028255443931	0.303653564905931	0.951066531418187	1.37241627047941	1.62912106276096	1.79733962742347	NA	NA	1.11525438284855	0.678958667767415	0.854474834207103	0.600084358320149	0.163225819002333	NA	NA	0.589222172301736	0.214893377893562	0.388217863067704	0.603174026463996	0.473383034415018	0.203947951755441	0.671383662683218	0.722819591149564	0.595782909739896	1.20709922150612	0.579829446624335	1.14643332064014
0.795086384090413	NA	NA	0.857746362378259	0.664007984441077	1.40070867381588	0.621094731021142	0.856196526615223	NA	1.36571549699043	0.867166657346227	1.19268881297019	1.52092123059616	1.84608733973903	1.80041979542764	1.76481551079166	1.49002285583256	1.33446272169584	1.44593199428012	NA	NA	0.990028057662246	0.949023487391213	1.31572782105986	1.15834791728419	NA	NA	NA	0.529931731130191	0.709604459032923	0.811884761407161	0.553788520424567	0.520812269949045	0.640709126844747	0.208755100343081	0.802200686904727	0.385884686574439	0.497942672311418	0.715815194773374	0.624010827582584
0.975932776473845	NA	0.790382667125285	1.03256535766425	1.09441896683013	1.2242315978682	1.32067417927935	1.0889662805728	2.28839281545491	2.01836510770399	1.22212163649239	1.42851492300729	0.617874765382568	0.847343237380623	1.03804407971913	0.760253573373213	NA	0.661189375013878	0.776421297533867	0.630511629778427	NA	0.466339376719654	0.865292506360414	0.67371756564029	0.871989313327986	0.554819945892793	1.58846227706526	NA	0.473251988604084	0.678622280990216	1.03777458848606	1.11945277368688	0.876528064987693	1.38015801207111	0.892584339074138	0.479531828797141	0.549656570228914	0.867106456889783	NA	0.41838639138066
0.632595834454801	NA	0.575463183656723	0.406697618582476	0.688624966609612	0.723336657854791	1.06732164059234	NA	NA	0.862591017884032	0.49001160229498	0.665097909865661	0.790927486536201	1.01890708487858	1.51007422899223	0.933091686832647	0.350959871054245	NA	NA	0.68042838386491	NA	0.175197534223151	0.944829176712243	0.279933348476556	0.170282391881015	0.654050668207592	0.864821548979799	NA	0.695490507849354	0.929267254106887	1.81543478818425	1.16989575413935	0.785181850568212	NA	NA	0.557044150983903	0.740906995722539	0.566662859148363	NA	1.88286315231645
1.29645618194257	1.4510463873417	NA	1.47904870093984	1.25097781947251	2.23455290383965	1.64088141771684	1.32612150371221	1.72123996856833	1.3658998266472	0.704378263904613	1.10360561471039	1.45580783967307	1.18203892558484	NA	1.21709086595965	1.82933709129088	1.37899285584051	1.19452427462068	1.82623626547609	1.1854971576078	1.05971274849965	2.11347311390245	1.00560360836806	1.07336183095469	0.879771901366128	1.26066730018159	NA	0.394149934678767	0.357280800315121	0.849359139986799	0.668816079585209	0.542030645016139	0.799983490995794	0.625707649065146	NA	0.488616430461629	0.441134687158966	0.213358312903993	0.325455805646738
0.875773967193593	0.934494363109946	NA	0.992278040417396	0.841074206355178	0.616452392026894	NA	1.64607076675815	1.51880801418952	NA	1.91325671127905	1.20054526480928	NA	1.17896613047049	NA	1.05429161461229	1.0160388115173	0.728923583081729	1.04072622021471	0.346740523513679	NA	0.14811141634375	NA	0.273908011224787	0.752587390360518	NA	NA	NA	0.90670522499033	0.527620776041954	0.737772603611331	0.680161864662574	0.481010233536572	0.647650971495475	0.501562733312522	0.18824357083172	0.822997124768086	0.804150069663924	1.02646655994154	0.975366291320687
0.716511038101666	NA	NA	NA	NA	2.34845921761998	NA	NA	1.12091323008128	1.2439939382277	1.44911422087802	NA	NA	2.33677138887954	NA	NA	NA	NA	0.778856803729408	1.48349529179017	2.27885439257337	NA	NA	NA	0.479843471960062	NA	1.61347552393269	NA	0.356642929497608	NA	2.77909231597452	1.72048255418342	0.30611137934345	0.700078163905702	0.630905710804309	2.02345150372141	0.646204689164439	0.699396246189229	NA	NA
1.29615128877586	NA	NA	NA	NA	NA	1.92151292016822	NA	NA	NA	NA	1.48029268135717	NA	NA	1.50559465462295	NA	NA	NA	0.86571463955331	NA	NA	0.718251421984127	0.484836623459533	NA	0.217795130748841	0.406341240262117	NA	NA	0.358462979106927	0.497498351863421	NA	0.800128484613868	NA	0.891787453146419	NA	0.97271365145071	0.873374279894249	0.464745979244804	0.936787002812412	0.536223518359701
NA	NA	NA	0.23253531667012	1.12531676405595	NA	1.55433587771674	NA	NA	1.43158434732386	0.64996443102817	NA	0.625063599022389	NA	0.809324192098461	0.700594236702009	NA	NA	NA	NA	NA	NA	0.54977908401979	0.923137109858584	0.871156820656471	0.567722948947308	0.293756912339205	NA	NA	1.81310925429493	NA	0.408820927493024	0.406758886723165	0.805946027775655	0.938312804270494	NA	1.73700985932762	NA	1.38411838596955	NA
1.40889461903791	NA	NA	NA	NA	NA	NA	NA	NA	NA	1.48720986790324	NA	NA	1.48679341219231	NA	NA	NA	1.03617458448376	0.979899239387996	NA	NA	1.72188673133581	1.0902493480054	0.866329279124762	NA	0.472560942292804	0.571353390972711	NA	0.66390246453491	0.966910984975872	1.70775284289957	0.909824290524802	0.450720452929107	NA	1.30077430326007	2.31908013266358	0.985858924936032	1.087185668208	NA	1.03790095255758
0.554766183323961	NA	0.991353478272293	0.767569254752196	0.510809430679021	0.605852136745497	1.57951210088366	1.68985839864676	1.01642401488132	0.602810271264814	0.643134053126584	0.579670990564686	0.576644027056085	0.750917319904981	0.75023070557452	0.921573942383051	0.847508484887322	1.92603747873211	0.677317299154836	0.513639986619888	0.912042440052171	0.690793950283586	0.725065368649229	0.556860300152176	0.553788804381646	1.21371699035644	0.524304902811289	NA	1.65348211616196	0.327798421976143	0.643780910162513	0.366861982430871	0.773805533142228	0.562788430008361	0.204667927680027	0.538199486001115	0.458511414171751	0.905344942434152	0.341398449464947	0.709361642400364
NA	NA	NA	NA	NA	NA	NA	NA	NA	NA	NA	NA	NA	NA	NA	NA	NA	NA	NA	NA	NA	NA	NA	NA	NA	NA	NA	NA	NA	NA	NA	NA	NA	NA	NA	NA	NA	NA	NA	NA
NA	NA	NA	NA	NA	NA	NA	NA	NA	NA	NA	NA	NA	NA	NA	NA	NA	NA	NA	NA	NA	NA	NA	NA	NA	NA	NA	NA	NA	NA	NA	NA	NA	NA	NA	NA	NA	NA	NA	NA
0.679477321395982	0.656729509030916	0.420336194840272	NA	0.56519229940846	0.135154822482761	0.354522824559883	NA	0.427419671964175	NA	0.616729241696423	NA	1.12250625149176	0.540079751288507	0.399938719646974	NA	0.168203219875586	0.946309405721814	1.33575742557917	1.75430415165387	1.0229774483619	0.981933110174575	NA	1.00844978429918	1.3805893352298	NA	0.940912258157445	NA	0.327301756100432	1.34199330675538	0.576777044034578	0.337024933581057	NA	NA	0.266511558505689	0.34618123470416	0.690703434492922	0.746138101966357	NA	1.07223292970226
NA	NA	NA	NA	NA	NA	NA	NA	NA	NA	NA	NA	NA	NA	NA	NA	NA	NA	NA	NA	NA	NA	NA	NA	NA	NA	NA	NA	NA	NA	NA	NA	NA	NA	NA	NA	NA	NA	NA	NA
1.04415068563866	1.11263760447972	1.04631662581292	NA	NA	NA	1.01056632723453	NA	NA	0.72455557140602	0.359521498737913	0.928247196840371	1.00105036731598	0.906507215204231	0.831857982436337	0.836355020645976	1.01676137802802	0.97628966573005	0.976490826996468	0.752705727290825	1.78854795153262	0.184459353282598	NA	0.198553041316696	0.498451509144255	0.336332978515284	NA	NA	0.443634780996825	0.195521681615761	0.492805099398142	0.734099707072988	0.275763116163494	NA	0.817116337144069	1.25449925977974	1.06174717813441	0.602958060864852	0.509016246183654	0.542406280919174
1.38896497458586	NA	1.60013785629081	NA	1.78280491505378	1.30254534238409	NA	NA	1.61404810212614	2.07227117044199	NA	NA	NA	NA	NA	1.47307918906564	NA	NA	1.57084465481109	NA	NA	1.32853449022358	NA	NA	1.20567153676526	0.922103827404438	NA	NA	0.511069511074718	NA	NA	NA	0.210785091510131	0.930505533416754	0.724397484171167	1.21472942486938	0.617791178513075	0.832759554815958	1.20212923052071	1.28384009044133
0.737047146451798	1.1067957296194	1.41327286686793	0.790966645644748	0.652290221611574	0.496634565547296	0.790842564027346	0.637538821559446	NA	0.678592992529786	1.33543616012625	0.87893392626547	0.990001730713937	NA	1.53651673411622	1.75622098519747	1.97566426018132	NA	0.883082346645019	NA	1.72499221746917	0.954830221467382	1.67748187060244	0.71116065625616	0.97198446281084	0.502183191633537	0.453857367663207	NA	0.568659635749923	0.464976892169574	0.571328720293182	0.417642248050892	0.647539621169035	0.499709460287516	0.347887995224093	1.06385366221984	0.54381651092433	0.331766877397881	0.601404321281058	0.965936669264405
1.35058538871012	1.52357040790854	1.10579034508139	0.786496584526283	0.936886956254669	1.05891457841826	0.664247650708085	0.613334123029792	1.42292450041803	1.64361191812952	NA	1.82211579804209	1.29142965925578	1.29757649760503	0.818573640361046	NA	0.92891485606068	1.03721034767709	1.38716671389544	1.29324477503435	0.706352397755814	1.03152776795037	0.482142812478206	0.31670230843833	NA	0.631790494811861	NA	NA	0.704407675699083	0.966496865898321	NA	0.829730799062489	0.600089813063586	0.600408297352879	0.774121346267826	0.909158940086313	1.04910748161961	0.550695759540567	0.391986504622034	0.628178168834229
0.309959790467386	0.464962648199876	NA	NA	NA	NA	NA	0.530922357338052	NA	1.52196022453607	0.280154383044889	1.55542575250734	NA	1.02146462144832	NA	1.2701137987785	NA	NA	NA	0.493787753496649	NA	NA	NA	NA	1.60247307264065	NA	NA	NA	0.100267985157437	0.681126066053788	0.435790239399915	NA	0.239133866761519	NA	0.338866908166486	0.92049458943215	0.30801393137473	0.476752549276627	0.469240981066744	NA
0.849866999690482	0.723201783949721	0.597086515799416	0.984617558793592	0.606572292047871	0.501464698751372	0.919203333726866	NA	0.971106239220728	NA	NA	1.95044524065452	NA	1.12124952876252	1.12953865916085	0.664740252791097	NA	0.982232584314255	0.967700203412476	0.933896352354839	NA	1.04753353097214	NA	1.20381942848472	0.69351657185766	0.651948083046913	NA	NA	0.249918546083609	0.412207225848652	1.14397179828262	NA	0.819115701973796	NA	1.33651904362933	NA	NA	NA	NA	NA
NA	NA	NA	2.54821183450895	2.33736394617856	NA	NA	NA	1.7205536616376	NA	NA	NA	2.43430204086646	NA	2.34340910311687	NA	NA	1.56893177428386	NA	1.77276631810757	2.99574178579139	NA	NA	2.37379881083414	NA	2.26693707180364	NA	NA	0.550417472065948	NA	0.322421448361421	NA	NA	0.242213727904741	NA	1.02177420452977	0.712692634353706	NA	0.347939874663741	NA
1.25474605048877	1.41731290550043	NA	1.36851471860884	0.990735129073033	1.30181871828962	1.60978737683405	1.08779350082455	NA	0.660108507914542	0.974858445337297	0.937137680062766	0.939565836424453	NA	NA	NA	1.52581897782446	1.45060662331401	1.90618730832492	1.72296106068236	0.827486563103528	1.49117805404377	NA	2.11366104468789	NA	2.02897201199726	NA	NA	1.99681124318398	2.04490535342821	2.18969757037422	2.38175152138594	1.61153445610607	2.47597855412188	2.27679949148092	2.57347718482806	2.80114939601269	2.40955243911326	1.9877589031355	1.78963623634309
0.711626996619169	NA	NA	NA	0.985177001376634	NA	0.65523458807752	0.551395937454468	NA	0.736876641041727	0.996273355184302	NA	NA	0.684510478720567	NA	0.715027553016633	0.735471904885369	0.951869047150238	0.772830093256765	0.940532575879175	NA	0.707938075183012	0.57946575764357	0.443703452735678	0.379746646415322	0.512303971207899	0.897274304871096	NA	0.643090975485866	0.467078459367612	1.00345863069547	0.480676159494805	0.33189576943526	0.719185778062792	0.503330804679379	NA	1.04651918432175	0.248567881203755	0.382107625662629	NA
0.172659469258843	1.41036673035773	0.940075521958568	0.826559548734902	0.869736272740726	0.861309494137264	NA	0.966728484939045	NA	0.623171926861322	0.470382330377281	NA	0.514592581315163	0.652905054071209	NA	NA	0.608411121261989	0.456248606845479	0.473429946736007	0.303874290623203	1.30246468231575	0.762560814273437	0.465364767570194	0.974416067918663	NA	0.765832311478511	0.576849346302457	NA	0.916356952953936	0.412061762009462	0.740170578941731	0.240902297791804	0.608821411415948	0.436908989868262	0.227515171721626	NA	0.524364552742821	0.812986825343106	0.267139058096108	NA
0.274742462109317	0.353338807361982	0.686227243072249	0.679381538216498	0.369472160434716	0.325902983295767	2.00772350828312	1.10158202905043	0.575927519443622	1.22306274933608	0.702701308002629	0.679914699435361	NA	0.300197058352422	NA	NA	NA	0.301013686275228	0.533550089315985	NA	0.884473184271415	NA	0.991887045355959	NA	0.548920461471478	0.448063345024958	0.495846134542351	NA	NA	0.772156989619662	0.581281016222253	NA	0.480290996532881	NA	NA	NA	0.731537265734499	0.674752688497946	NA	NA
NA	NA	NA	NA	NA	NA	NA	NA	NA	NA	NA	NA	NA	NA	NA	NA	NA	NA	NA	NA	NA	NA	NA	NA	NA	NA	NA	NA	NA	NA	NA	NA	NA	NA	NA	NA	NA	NA	NA	NA
NA	NA	NA	NA	NA	NA	NA	NA	NA	NA	NA	NA	NA	NA	NA	NA	NA	NA	NA	NA	NA	NA	NA	NA	NA	NA	NA	NA	NA	NA	NA	NA	NA	NA	NA	NA	NA	NA	NA	NA
NA	NA	1.63143689356643	1.94354980748869	1.44089109790179	1.27582711957852	NA	NA	NA	NA	0.834901910839202	NA	1.52159389703943	1.61690033659614	1.51340543316895	1.29477011459269	NA	NA	1.18552200617616	1.10213126055264	1.21972321369406	1.06942573214192	1.27414724942295	0.795931163237451	NA	0.83022889527716	1.94206497716458	NA	1.27243875399277	1.56039740775271	NA	2.27347655598108	1.42089147902351	NA	2.42039630976667	1.0362774531623	1.83321084983114	0.516388777877127	1.23595169855395	0.430521949867679
1.24018320868985	NA	1.12302147054843	1.15346825168817	1.39907777247087	NA	1.09299439016779	1.63213660592587	1.43569086845829	1.71275562774379	0.526833629126144	0.950429506341097	0.540257138983681	1.10673643485532	NA	0.780299049716743	NA	1.07410424987527	NA	1.2159319943456	NA	1.04714979387086	0.903120683719237	1.12164440962147	1.0978073632729	1.01362246117882	0.520611750949404	NA	0.505280865740451	0.447070109833669	NA	0.613137820517561	1.56894343065942	2.40064020592814	0.46661655568782	1.28322189043157	0.819438000787857	NA	0.607706178288729	NA
0.954558040355685	NA	NA	2.04962489554342	2.11063662018031	0.475417091970212	NA	0.657593067158686	0.71882969008491	NA	0.987165588575833	0.50191214157079	0.795976873121775	0.75725675929562	0.292965078294803	0.566895056162314	0.421953569011008	0.796507891384391	1.69650273262676	NA	NA	0.832600095128444	1.09208231855602	0.779225659978849	0.52182916155083	0.309393008384187	0.25397680419535	NA	1.61675843934314	NA	1.85410237403531	0.64872271904312	0.693815430915247	0.436174356611092	0.471200078639894	1.7917136038967	NA	NA	0.551659229045686	NA
1.291424629373	1.04742344337635	1.04625857210245	1.04146388299073	1.36401993634054	NA	NA	1.14124846556989	0.929903518414366	NA	NA	1.17010653982941	NA	1.24571400036556	1.38545576153465	1.585072902448	1.86119210680517	NA	1.07179348235897	NA	NA	NA	NA	NA	0.765497343241299	1.20676205440849	0.917979064037822	NA	0.258482807316719	0.261054487203086	0.72399683661516	0.574701108802138	0.843079559416099	NA	NA	0.544414756409873	NA	0.853425863982847	0.50227367850401	NA
0.345230351927037	0.794175160397669	0.788081572442299	0.581812688512563	0.550615307245706	0.600532392158207	0.732447805090785	0.894766848579978	0.347815083775858	0.870363273151779	0.336794294765355	0.157069698617529	0.309236532374208	0.370757891169691	0.537180910842013	0.114853216331653	0.230895270746998	0.627971328357226	0.379743511458416	0.563616351310014	0.30979402442672	0.290825487100215	0.597470196918052	0.727293549484446	1.12441717631015	NA	0.707722214987004	NA	0.46634043162101	0.536378839884721	0.743805242517528	0.693733827923147	0.41200628262405	0.534700625965165	0.264404580565766	0.656772188655343	0.638273669577425	0.961558222222903	0.616051874022639	NA
0.663575218166061	NA	NA	NA	NA	NA	NA	NA	NA	NA	1.46195689782562	NA	NA	NA	1.47153972416455	1.06577061554563	NA	NA	NA	NA	NA	0.502139624634622	NA	1.05426529311062	0.982373931066342	0.797869277548232	2.30842862264769	NA	NA	0.763844674500574	0.335421251333621	0.5590196209071	NA	NA	NA	NA	NA	NA	NA	NA
1.25873265351477	1.19723201093151	0.938606696315971	0.872119234779825	0.916234522495571	0.867874155465299	1.13331350080977	1.11725409664993	1.07707312487575	NA	0.775189555181822	0.737268687285681	NA	0.955212346330882	1.45172578403923	1.57290792673979	1.54053290837079	1.21953222118703	0.818662300535632	0.814048336818251	0.911005217691825	NA	0.710095775515518	0.93633750610557	1.06690666179139	0.864178057416766	0.26128557757009	NA	0.411889359224067	0.477006356174738	0.478053791472606	0.382858937056599	0.534211285399309	1.06027096676039	NA	NA	0.617630399333383	0.728081617759156	1.23168450808329	0.419461678344943
1.86714067021876	1.78578415311974	1.63079577013866	1.85560191912737	1.8303854656521	2.62668851126757	2.35104229216266	2.76379556047763	2.63642004313945	2.19614495982645	1.68184950512513	2.42648259089145	2.90288624762759	3.36503098358924	1.62582617047183	1.41152902427722	0.87773257697414	0.622149692340323	1.47072377166445	2.64025793413313	NA	2.61394794442254	2.66211137940267	2.63064536017251	2.38065333261595	1.92336744119126	1.84248248571941	NA	0.86815756557609	0.767618895175511	1.5295740250527	0.979611312376023	1.105332853863	0.264448273834091	1.0444141347955	1.82390806751083	NA	0.851676259906107	1.67721887736921	1.30295574837807
0.369640497039812	0.542482711179258	0.982819130754509	1.1247367866697	0.754503284285148	0.816416817373997	1.21234981728298	1.90687695784085	1.27156837581487	1.099728791254	0.599754428718166	0.826134924429486	0.787180245000456	0.319273029334205	0.894743869165712	0.502095002529112	0.656040231784471	0.247595508543708	0.313686857602475	0.954409528877124	NA	1.56295142703461	1.14510566713879	1.56005528425877	1.06037644286396	0.33532966159165	0.529537024494504	NA	0.77607384726701	1.19497043426636	0.826436932167107	0.744649131530263	0.75366704179869	0.985260206100797	NA	0.653485708841475	1.2859260324542	0.832607831652326	0.334161481972726	1.19140622933132
0.863457366892044	NA	0.621767183621991	0.883332965781154	0.798374617233885	1.76403788244841	0.503485527516546	0.584404780149622	1.12046029664114	NA	1.30322468612965	NA	1.20901182016395	NA	NA	1.09100019156765	NA	0.828868755999332	1.0965398557502	1.7015441018961	NA	0.674044754065682	0.612961608722848	0.369658834919994	0.338700049822516	0.406887479406341	0.641307238156171	NA	0.579086589531455	0.346952250042768	0.596387370294731	0.27512714172557	NA	0.818122844300339	0.36596357518216	1.18923181073849	0.225404955603092	0.470292976359159	0.48383030546359	0.628786239252044
1.06885061610689	NA	1.00630015186633	0.711442930115925	0.712124249913346	0.751891238499787	0.984275760041829	0.657556391473649	NA	0.173389866697452	0.354643516134186	0.312063527356836	0.451261794389251	0.615400466865873	NA	0.593474628990074	0.543971465343314	0.346606815494222	0.474852602909426	0.633295429075207	0.525560072290919	0.772342559628373	0.400976142597687	0.378486499026357	0.230331922297281	0.38170783901668	0.283172251188229	NA	0.634236932640675	1.18061401664884	0.850458989981805	0.985500966061635	0.457369870679872	0.789528819707575	0.691863366010567	0.990196294213886	1.05541122693019	1.22274461700739	1.42119306808863	1.03520838359326
NA	NA	NA	NA	NA	NA	NA	NA	NA	NA	NA	NA	NA	NA	NA	NA	NA	NA	NA	NA	NA	NA	NA	NA	NA	NA	NA	NA	NA	NA	NA	NA	NA	NA	NA	NA	NA	NA	NA	NA
0.184051075103607	0.209262472335309	0.502112663743348	0.746648861427113	0.445357736464607	0.264942460401864	0.483297038732942	0.274293223858623	0.566107810169186	0.762445852567593	0.608218056029563	NA	0.609433502700119	0.405158190031794	0.49264456331573	0.388821293462886	0.408986648464125	0.292864608902972	0.347924786548829	0.315539043043765	0.534340009467274	0.684541641787046	1.33150767584296	1.30180782192218	1.40047835785011	0.983549204543621	0.621197614841834	NA	0.673763646020775	0.867988297459207	1.12619742560473	0.610600796416866	0.668275323611141	0.679231929187885	NA	NA	NA	0.935208202713687	0.693145515357247	0.55080073083052
0.451477450155644	0.514326674417794	0.604672909929426	0.964903993077502	NA	0.846905163577998	0.379674234502476	0.574890973952039	NA	0.575269695798706	0.976717816787007	0.835506107762141	0.538744695338619	0.760718162587291	0.906938309265362	0.600370998324953	0.281943654206524	0.227940861232864	0.359930495832707	0.359419981114659	0.777040827450924	0.585944129575445	0.699371866539625	1.05118487890625	0.50472589524446	0.477765903387229	0.431639658612271	NA	0.405347962002677	0.374883308419331	1.13343973429275	0.531150975258399	0.466669586721946	0.866868176724829	0.922735078898829	0.428350797513679	1.27570819699772	1.19753953698138	NA	NA
0.470433229399213	0.790069628214828	0.711305092535301	0.705064239047181	0.370594359941987	0.850971145193087	0.336301484444741	0.823211318587555	0.723548493151719	0.493483043022443	0.666598117052583	0.405911374420317	0.240342779952133	0.550323483843886	0.277916826918396	0.47439687505174	0.902790884888497	0.772461969759502	0.661278177734096	NA	0.499666289001067	0.56960355654467	0.602808463306779	0.599022684560508	0.335378613706713	0.220488535540478	0.68560195167531	NA	0.309558226835646	0.32289883052006	0.583733050095549	0.7759077700687	0.224927765072088	0.484281105103592	0.581107515320265	0.205705543036082	0.480896971589987	0.644846488284604	0.40976006425109	0.714752050956099
0.290988763914887	NA	0.712068019051013	0.635629360366905	0.604745111114264	0.868718132461496	0.864030221046972	0.540684533809572	1.47877224311688	0.270656054289185	0.556338578386059	0.550570132421787	0.427495718421242	0.586192603822013	0.58680162932156	0.321439511757015	0.372370631562887	0.817627931181157	2.5914299880365	0.504431356411407	NA	0.171521610583411	0.482008885374319	NA	0.280754271527259	0.672669990894657	0.193546798880889	NA	0.270654898085655	0.745995261436476	0.766324726408344	NA	0.302042135395344	0.821393934052379	NA	0.535758706949975	0.458860923761796	0.562574914042321	2.70306178381989	NA
0.991088862073651	0.825606621372812	1.05730184298258	0.6836430312248	1.07289811124427	0.755018510127397	NA	1.18765052954853	NA	0.91227165481946	1.06249704645459	NA	1.11360582650129	1.01881023770411	0.729079738110203	1.01267192607184	1.0769494811485	0.940912281316542	0.923555753591177	0.815210324933401	NA	0.676412516981758	NA	NA	0.45810268991461	NA	1.12397133753647	NA	0.293800536434364	0.691080533889587	NA	0.631589862387337	0.459072719761918	0.469619991267201	0.763778589825135	NA	0.678058546333432	NA	1.12161130014817	0.980546409341972
NA	NA	NA	NA	NA	NA	NA	NA	NA	NA	NA	NA	NA	NA	NA	NA	NA	NA	NA	NA	NA	NA	NA	NA	NA	NA	NA	NA	NA	NA	NA	NA	NA	NA	NA	NA	NA	NA	NA	NA
NA	NA	NA	NA	NA	NA	NA	NA	NA	NA	NA	NA	NA	NA	NA	NA	NA	NA	NA	NA	NA	NA	NA	NA	NA	NA	NA	NA	NA	NA	NA	NA	NA	NA	NA	NA	NA	NA	NA	NA
0.549427187210923	0.280296271905205	0.35969609964392	0.459475114355619	0.383581094788082	NA	NA	1.18478930104106	0.466018719733509	0.674347775116443	0.874439709098237	1.23572709001032	NA	1.50833788321542	NA	1.50441406893742	NA	1.45817905829564	2.10858766112475	NA	0.49821501151346	2.25385097058365	2.01821367127559	NA	1.70530646659194	1.14527958532898	NA	NA	0.799167412249656	0.745286523768022	0.424962460468696	0.786803922141888	0.876020456961629	NA	0.996570450939915	0.65071663378551	0.664240166409117	NA	NA	0.64825063660584
0.861917823954677	NA	NA	NA	NA	NA	NA	NA	0.679926433017005	0.549047925004588	0.359196972117854	0.713439150365073	0.575421393631739	NA	NA	0.687745669062633	0.412858908512881	NA	0.480815291678258	NA	NA	0.411157899630973	0.645365684313188	0.33924969565005	0.509239889476564	0.464114927539993	0.408265569471422	NA	0.420692364134589	0.387913373729644	NA	0.247254871410282	0.363397606690755	0.135487787437167	0.377530732335663	0.730823662371755	NA	NA	1.09831513470959	1.4794521858257
0.400671079744715	0.886871827316543	2.11455269000728	1.36765325968171	1.67597775299799	0.786439037488644	0.580107978087776	1.87266845840421	1.66543443695181	0.597972206040966	1.95709697666127	1.87006738950067	1.09243524135833	1.3150187178889	1.08002826644109	1.25975323881216	0.517417221512964	1.56635955571021	0.785788950250706	0.363344499778425	1.43336919117168	1.43902704235561	1.30018137420425	0.772064390415861	1.27614118959735	1.30584234110313	0.570234386437651	NA	0.922274386250657	1.41354585124346	0.735265319114305	1.33842751841904	1.0171209913489	1.11015506535583	1.20761791158156	1.57270896630561	1.23484386499006	1.07299387433951	0.227235573519264	1.37578056407013
NA	0.32170149146009	0.640142453107032	1.43104902701775	NA	1.89689789944774	NA	NA	NA	NA	NA	NA	1.7120638858628	NA	2.27798197893435	2.38339597091846	2.98045447902389	2.55050916506996	NA	2.46200645384762	2.36079145449278	2.2289454994466	1.84447180435042	0.150372992717448	NA	0.713035504538068	0.530371443362178	NA	0.308535659391985	1.07589876644994	1.03843505350977	0.940613057015992	0.657195349369325	1.29399478861038	0.792409109495343	1.41378352008924	1.62115700551369	0.637954326663984	NA	0.618305760985977
0.36326083450115	0.472351051732867	NA	0.963926493762059	0.858862624409788	0.378093104789991	0.328642355428074	0.642935708163817	0.61228536567262	0.666965253049088	0.908420333817585	0.825987664176983	0.737445971085943	0.886347023593552	NA	1.11356025733383	0.927122859737743	0.731017527671206	1.01414126029082	0.956801164999944	NA	0.888194552465171	NA	0.554044609014972	0.796456009526407	0.844307250499999	0.308518805252885	NA	0.450438983324775	0.671136284893213	0.776783185160123	0.811217911915728	0.690833673384084	0.368774799965189	0.239947788566612	0.793804257104097	0.307265570997496	0.155291089000824	0.176042185926402	0.269195648298745
NA	NA	1.03354575383553	0.664750269581974	0.739048485362835	0.835821450307967	NA	NA	0.938760547709698	NA	0.862659179754598	1.14135759067702	0.232700521060995	1.2287269505266	NA	0.771236731651963	0.752063418790601	0.38122173396615	NA	0.752958390512642	0.707141623208145	NA	NA	0.958823488940482	NA	NA	0.380792774456404	NA	NA	0.499403439420098	0.987075523451237	0.96849752268882	0.72466340034421	0.527759327342263	0.315909722904104	0.641255140479104	NA	0.572893225176525	0.290824184198515	0.541788063967198
0.281810469130694	0.537612536727943	0.691045671784709	0.535269716414947	NA	0.322401736022639	0.845942183381292	NA	1.05639251317181	NA	0.423528541685823	NA	1.00640473304128	0.612058792948678	0.383411644192699	0.640048890623982	0.399632762833465	0.620788307115243	0.841952343113319	NA	0.669112887674702	0.504254645514474	0.671194600441354	0.664963875052948	0.867496052362867	1.00999461598925	0.246952150278874	NA	NA	NA	0.329284005751791	0.716170170641925	0.806309930226278	NA	0.602182172070208	NA	NA	NA	NA	NA
0.709056482571589	0.597962499621873	0.910813357118013	0.801074349483628	0.730527257977977	0.687751264927345	0.750083472052787	0.661252416123949	NA	0.792604436121725	1.02559679649146	0.520013073123397	NA	0.321743893708881	0.531093020026066	0.126049392780717	0.411598494256117	0.602342804618843	0.931336469035487	1.00114843845051	0.449458216631242	0.785993042667292	0.550399736029047	0.572259196131808	0.743416206106988	0.38051997149368	0.285936061523341	NA	0.957104626772473	0.854113487903304	0.780058967635943	1.13097303823077	NA	NA	1.16969203026332	1.02752284808357	1.06616859703085	0.911123680773642	0.982958569367407	1.12262504411315
1.47234278538014	1.29184145365335	1.22227901425845	1.5328646119443	1.28410814693894	1.407161460879	1.23761818180112	1.08997412957339	0.675336030944228	0.514449203227382	1.24924363807348	0.890671877530661	1.03797667126963	1.19860709452099	0.880514090956117	0.681848867194535	0.887476390307676	0.849460736929657	1.15347827088052	0.93389521135483	NA	0.913528707757503	0.981924031717492	0.166107690349371	0.849088247221149	0.101546199130705	0.488767091789856	NA	0.682987914621039	1.40932639710495	0.799616659036643	1.5312009188284	0.794039712606975	0.600287185319369	0.838372913624227	1.24799102747363	0.548658452997778	1.32842564893543	0.972228361220635	0.613328937909394
0.679332622440431	0.768640952161587	1.03006111076957	0.745905383096057	0.313754131671161	0.36242928329552	0.452728672903049	NA	NA	0.373087076177318	0.407995705110069	0.564660684123355	0.619176655219143	1.32720329114064	0.868152255560906	1.01371196145642	0.868987669414779	0.905932687794246	0.730235723127963	0.993445537529892	0.778811107392568	0.76939865658262	0.808358458733245	0.901438211693405	NA	0.799008836299772	0.812892737508582	NA	1.27952487604431	0.452500152883649	0.647883524775705	1.19196530164124	0.322599108427713	0.728389005059218	NA	1.31812120108386	NA	NA	1.78074306614183	1.4847824135403
1.50279485576715	0.932238782728269	1.50663147648378	1.04212893513472	0.837812771129359	0.608457637721087	0.670296943591912	0.790848280177756	1.11555649450178	0.765549717104273	NA	0.888739351776537	1.02243341070945	0.336562921378689	NA	0.903133450586211	1.16419928143796	0.856311281706458	1.202613475221	0.610415072758073	NA	0.58550777170475	0.445720923701328	0.468790000969331	0.38972925506584	0.235015595543802	0.602655693857385	NA	1.15322252876777	0.946970511816803	0.737471826521614	0.625360929024132	1.05213305111272	1.11287137845927	0.948650257614716	0.486432385776173	0.606926284107644	NA	NA	1.17308833591581
0.741451974512135	0.541936533970103	0.570710995226026	0.894040469065347	1.07427518503323	NA	0.898232668485465	NA	0.821876130752974	0.711954602448832	1.25012441904454	0.951995232519598	0.764128494074034	1.01947639595831	0.717424646667909	0.784525851039355	0.797279358101636	NA	0.510089019752182	0.335218307701351	NA	0.777680336095112	0.656087467484458	0.506071642072611	0.519950927928652	NA	0.924683337801387	NA	0.512721761499347	0.107726125497311	0.731768090369718	1.46698871597866	0.881319619351737	NA	0.861293527815132	0.617758071080435	0.488762796678448	0.514740348939249	0.284528835243916	0.214986703520726
NA	NA	NA	NA	NA	NA	NA	NA	NA	NA	NA	NA	NA	NA	NA	NA	NA	NA	NA	NA	NA	NA	NA	NA	NA	NA	NA	NA	NA	NA	NA	NA	NA	NA	NA	NA	NA	NA	NA	NA
0.464749693444288	0.323544049444034	NA	0.78610771465968	0.660441109748098	0.207394012957305	0.874314300050725	0.419831412831047	0.424695804722917	0.329235620413944	0.515023068286339	NA	0.299560861099031	NA	0.707623207380786	NA	NA	0.402570755147033	NA	0.770978054563345	0.590486568131197	0.671283759754343	0.537467654595751	0.606003958305622	0.311699710050779	0.705743624612413	0.580763996060573	NA	0.594346502433583	1.04339133517183	1.06972594080332	1.47447394200346	NA	0.392588727644026	0.743456522558714	0.708261868715417	0.941505908970087	NA	0.371106561167022	0.655146068991141
0.301050081087634	NA	NA	NA	NA	0.631477152007262	NA	NA	NA	NA	0.668072585011966	NA	NA	0.932694315898502	NA	1.08664601682853	0.959943702112068	1.70168319788933	0.806268601336918	0.915162764218813	NA	0.726677443004038	NA	NA	0.526275092327792	1.90950470703819	0.5219497499984	NA	NA	0.525604352570321	NA	0.411238851605084	0.441255220325942	NA	0.317566391441907	NA	0.125222419340011	0.547074304408823	0.74250701154079	0.33505141073805
1.54401826839911	2.10143086554371	2.02390984467443	1.88080748422036	1.64134238829948	1.27192455198455	0.898975444548723	1.10114397428584	2.51758038826891	0.888125516415711	0.600989474770748	NA	0.69270113940703	0.697394613323278	1.07740957131272	1.39945901404665	0.307405229993078	1.24113400023471	1.4112135574137	0.366778483767793	NA	0.976197452422846	0.743685803621514	1.10004271777089	0.549555732690115	1.43064960319244	1.26191059547968	NA	0.599477784199932	0.675855886877353	0.734846050061076	0.934678312071943	1.13408150669952	1.43326012050118	1.10112123988823	1.07183980263597	1.07335320710107	1.34939352227858	1.88147791837253	1.50381230490264
1.24049515942142	1.24516498906057	0.931351324253852	1.04278332507795	1.19748789059402	1.5946435301459	0.717592823154533	0.746845724952605	1.05350420686067	1.43908830160835	0.864539115167215	1.59077263391653	1.14104794343677	0.65510667018661	0.777998977304264	0.612659925450945	0.59793959722753	0.455733616353406	0.718050798382497	NA	0.252708336327148	2.47531893886573	2.23547001893285	NA	0.786033828711033	NA	NA	NA	0.285569853889955	0.360142526702024	NA	0.269715343487525	NA	0.413940706380207	NA	0.517012407660119	0.547533734703525	0.521447217248872	0.823733601537612	0.670132738471155
0.266889535171728	0.293544057709977	0.510572917597339	0.529276878191482	0.791772083519882	0.818901653781396	0.645598719101592	NA	0.371946837103594	0.453275032807425	NA	NA	0.6228513307025	0.727999821326469	0.590190507110631	1.07227744457511	0.542254627774115	0.456399716777889	NA	NA	NA	1.94710188305774	0.755541400661825	0.472419364479427	0.364330262758332	0.232335485487431	NA	NA	1.10660204922353	0.426687757314196	0.482836140621999	1.10361569571042	0.492112773133778	1.23935981499027	0.347619388194342	0.919037812135718	0.566681598226962	0.842300006512386	NA	0.7300001415334
0.796131429681889	1.00111670634175	1.0670084447143	0.828239781764537	0.668122756264769	0.589587026522953	0.481422072631366	0.908007104391803	0.57508534822576	0.326102280613642	0.562717086405149	NA	NA	0.699285231237977	NA	0.569918788700358	0.504188068018645	0.758508731728602	NA	NA	0.593040549890781	1.26081737936284	0.730501245965521	0.996055741254875	0.718718795041634	NA	0.314202055095575	NA	0.32673889852481	0.580413351883879	NA	NA	NA	0.610738187990526	NA	0.892222874129258	0.822242523322467	1.14262998659055	1.40134728320323	NA
0.747217726601471	0.88134660318872	NA	1.06132488129353	1.0417909975728	NA	1.45170407471314	NA	NA	NA	NA	NA	NA	NA	0.96784142319274	1.19004751484214	0.856741487030114	1.19322880051638	1.02533456932532	0.699066157845944	3.22739344826398	NA	1.17709514729091	0.686482846381411	1.17302780281591	1.198673179727	NA	NA	NA	NA	0.53298782473474	0.972909664020401	1.07548342792932	1.16827377455181	0.686708515425632	0.686812868045906	0.882008429771203	0.925288000210832	0.570248285009318	NA
0.545850435394097	NA	NA	NA	0.473124406640418	1.52973513155153	0.628820639920949	0.702613830515764	0.292896217309887	0.310734835590957	NA	NA	0.360145810686751	0.304795321530281	0.407716322980328	NA	NA	NA	0.493601277932872	NA	0.193794083851482	NA	NA	0.724843790388379	0.426160535482994	NA	NA	NA	0.295805311483463	0.355865901730566	NA	0.251157807453498	0.177890900537658	0.307630603358622	0.63140942270624	NA	NA	0.962894292475153	0.4706092836666	0.685712488634666
1.22041952948858	1.00500575944578	1.04507510713741	NA	2.19075441892605	1.21005830018528	0.854799990607105	0.872307959401242	NA	0.770716614214974	3.04262033907595	0.851307961413156	1.07172235347643	0.807181991498038	2.90425044985749	0.83478264471737	0.747323370708483	0.675052502089803	1.13118178400725	0.880197193008899	1.31036589617759	1.54947186924355	1.61114739564469	1.69543580126784	0.3738128435021	NA	0.604510450797629	NA	1.38216623169768	NA	1.81634855609835	1.99466488467048	1.98875661180974	1.41923706257035	2.10123843499181	1.68200612084124	2.29260545525536	1.68793676702361	2.2727212044646	1.60855427577275
0.57004748784271	NA	NA	1.09758564973382	NA	0.252989714629098	NA	NA	NA	0.86012428603618	1.04571706830391	1.31872001875289	0.687258307715988	NA	0.336070463791508	NA	NA	NA	0.637967873292812	NA	NA	NA	NA	NA	NA	0.673142925180512	NA	NA	0.843613764429837	0.536693649837002	0.59394696900238	0.811054604541854	NA	NA	0.622454811397485	NA	0.931413809747646	NA	NA	NA
NA	NA	NA	NA	NA	NA	NA	NA	NA	NA	NA	NA	NA	NA	NA	NA	NA	NA	NA	NA	NA	NA	NA	NA	NA	NA	NA	NA	NA	NA	NA	NA	NA	NA	NA	NA	NA	NA	NA	NA
1.74028319927262	NA	2.2542480497757	1.670609246939	NA	1.13650384513919	1.56517503849338	1.3717672052941	1.4755121998564	1.667230180702	2.08236580014496	1.7960329142513	1.83534367964529	2.06108390191118	1.88783478468293	2.04315654978638	1.95298998831735	1.36774088794536	1.41224631269874	1.88576771712433	1.67716872920041	1.75323712845745	1.6461221512941	1.02623723384731	0.806784145098249	NA	1.43852320443801	NA	1.78738065540424	0.383261282148968	0.373773444576183	0.661583204880715	0.981124121109466	0.713922752577568	0.932661784302412	1.16589306523836	0.90417327900171	1.1856086051734	NA	NA
0.716926965512674	0.666750029748793	1.1465380949837	2.05106725202145	0.350088705204084	0.672680484207374	0.98717538716155	0.288724244464369	1.61505460170531	1.9436346769475	0.291855160939667	1.55315183260743	NA	1.36069506167426	0.824053594820231	0.600564900649424	0.918631362607271	2.23598494211532	0.510287254687616	1.8313009413832	0.462753056531003	0.610435143372586	0.275793966796207	NA	0.36235550396018	2.12758685848392	0.51314815834943	NA	0.670138874495908	1.6025021545363	NA	NA	0.441496523910444	0.614864430695672	0.651256934885424	0.239354911453815	0.520891651204975	NA	0.902647146416936	0.969090198308147
0.399684037379435	1.0307767548767	1.19361123964038	1.15129937002837	0.623296186704759	0.836440629990635	0.57445249216733	0.775843991514985	0.683584371130098	0.610931132592511	1.05304246747144	1.24558241942345	0.920009619661392	0.820837893013446	0.54117478472274	0.992949304770306	0.849975894817793	1.46491875898344	0.478066849806239	2.11973122878152	1.08281495659515	0.686209041385279	2.11821498611833	0.499048525652242	0.638328175067833	0.646217796800926	0.434430091499467	NA	0.435532536086823	0.416008963865192	0.350237336431695	0.519789315969599	0.662189960376096	0.405103174256462	0.650438191263158	1.15228852514001	0.715466602969822	0.538098188057364	0.753408893966678	0.741508045204304
0.706006697179252	NA	1.92365316001146	1.15605821935708	1.41666627754197	1.05519740267784	1.23970091109029	1.11515868673152	1.12767173044091	NA	0.767851448041277	1.40087144446306	1.54857664773908	0.404179596063118	1.18915445057528	1.12038476989398	0.757671063097074	1.04859693291853	1.14512275650285	0.728453372690788	1.61824508133651	0.807938398226641	1.01419387943199	0.709670781311704	NA	1.64133512794693	0.158361073584551	NA	0.855724994712679	0.809386424389323	1.08628323912584	1.20973982186857	0.556795188290847	NA	0.647234413394905	0.764977216044482	1.26739515669505	NA	0.385752453471111	NA
0.567163669886415	1.94893276061836	2.01091954685182	0.899248668646085	1.89695965482701	0.760303687791779	1.19876019441877	1.57036742112527	1.61508770704302	0.551919785033964	0.848168011879774	0.640241824108683	0.866000068062685	1.53221670498433	1.02559765363973	2.02755349175175	1.04536629406057	1.6116080830745	0.893392680740332	0.890925698731599	1.19652818723103	1.33727453101777	1.30497254622158	1.33677842463892	0.70090392113441	0.504253465248025	1.82023754837603	NA	0.323902145479541	0.631735924445517	0.417594264002868	0.721500371134462	0.526686995504491	0.544762040437265	0.838832410010565	0.617746769859223	0.431081896566686	0.711054938983347	NA	0.504604841825881
1.91747075543043	1.76050609964598	NA	1.47633533065665	1.59128000734186	1.37216147476665	1.09189468007597	1.28397317608342	1.32573852876244	1.33792886065281	1.56350787495322	1.44389194676288	1.63285945504443	1.43635491873109	1.1245872142222	0.758228659231292	1.05867161278275	1.42786056914116	1.06873265407916	1.45166407279251	1.42434364524751	0.881972761384556	0.948317139746461	0.627861248800174	0.212329273292186	0.4925023352876	0.351702492562375	NA	0.330755495095506	0.719575096235501	0.899931748706231	0.901485396802299	0.433957200089065	0.667980000109359	0.424122465307227	1.25787672333418	0.638209588393956	0.343717860673723	0.972738006653094	0.300773520821839
2.8937378441949	1.55868181518148	NA	2.20820816673515	1.66121266510936	1.62050892765381	1.20047379051223	2.82552618606099	NA	NA	1.94176409636742	NA	1.42748954505645	1.82282546750601	NA	0.859214459408695	2.14721378288823	NA	NA	NA	1.90492065319574	1.23662019611559	NA	1.73430063837401	NA	1.95996086979896	3.47457184668146	NA	NA	NA	2.02549895629566	NA	NA	NA	1.481209231083	NA	NA	1.66639234775289	NA	NA
NA	NA	NA	NA	NA	NA	NA	NA	NA	NA	NA	NA	NA	NA	NA	NA	NA	NA	NA	NA	NA	NA	NA	NA	NA	NA	NA	NA	NA	NA	NA	NA	NA	NA	NA	NA	NA	NA	NA	NA
0.308840335137795	0.833729878985697	1.08882843906984	NA	1.22104116249009	1.28743019171084	0.840049755354693	0.593681558952542	1.23389462285332	1.99069684427028	1.02353968232853	1.17302493227893	1.09156224843979	0.766368701315933	0.403836486054994	0.701488099807784	0.673915784709379	0.32501797893364	0.421774136653374	NA	0.496510562597857	0.110720629584133	0.141206528005252	0.467760364640115	0.839086635440602	0.307296778244744	0.252041770770647	NA	0.196424020757371	0.562391074905704	1.89887205014835	0.506012997286997	0.576426824772846	1.13453127577857	1.35548634310696	1.24605930026866	1.01608032223003	1.50223401374435	1.62948054161501	NA
0.289753157203481	0.304180293652561	0.641548781700518	0.628792232987343	NA	0.353179018007738	0.488859762798967	NA	0.0804822184686552	0.283202504003175	0.566686899225195	0.604651277831794	0.626817469242426	1.23262872233723	0.826449692984213	0.914981461966627	1.15123015909345	0.687100151936108	0.613074513199739	1.34451323134817	0.286921355954934	0.630521131147139	0.79596807168922	0.754851588809769	0.605517064118506	1.88224938675445	0.409587025076558	NA	0.527273785084657	0.479083388632423	NA	0.665066292316258	0.798323761454009	0.890415939055798	1.06621174986162	0.998493306837269	1.75581882840203	1.16050690679926	1.10630594795944	NA
0.578420729416825	0.886073845720491	0.9584248562471	0.72710649616993	0.761449183908986	0.511002626222547	NA	0.392977617439854	0.199575255777567	0.487380165142441	0.361035229906598	0.741534825543798	0.73579653612547	0.435768193239464	0.279564642657092	0.548268779021394	0.57191030215404	0.699220274923735	0.516015494575698	NA	0.614395977939796	0.656233033350376	0.848020303860046	1.24793201703942	0.817234047778208	0.503738985394706	0.442095436753736	NA	1.12625813781332	1.28838194734866	1.14548502463024	0.999506193676176	0.536264371020211	0.780057784104397	NA	NA	NA	0.505782108447343	0.867507932875938	NA
1.18459196195604	1.60616409428121	0.664117773871729	1.02027523387938	NA	1.36857584014042	1.53977633099996	NA	NA	0.608513976727493	0.639408844178689	0.642307508614919	0.518271709153586	1.51020198930015	1.44534524903903	0.776856468599292	0.648705150347496	1.43213052601427	0.475675506788601	0.484012558907843	0.974259359277841	0.583925081697872	0.470388535747671	0.843717366712857	0.32540827255005	0.433116813313069	0.184190691794974	NA	1.03155971953459	0.851286210004937	0.948551419819791	0.337035136929502	0.948504666860474	0.668176931495556	0.322116120206663	0.544651708282781	0.286930538896941	0.608911362810426	NA	0.172191921822107
1.63245500728428	1.50779941360754	1.27579604924548	1.66267281190772	NA	2.31507853170988	NA	NA	2.14288642392827	NA	1.52742245437908	NA	2.07202536084508	1.8235250152326	2.30535210645662	0.868502925726461	NA	2.23953034080632	2.19184921116541	NA	NA	0.296737935397057	0.446525206818604	0.460975913768841	0.233584532621302	0.283158727003913	0.499227039283392	NA	0.531391558968912	0.367093365088532	0.513244803278537	1.36066140738236	1.19095084145753	0.448913384627885	1.61773626231957	NA	0.467070611027116	0.64488702476465	0.761766873375837	0.375025833474689
0.947188497701071	0.874755868392071	0.879564105216592	1.03925824970099	1.28261653139489	1.16921506572194	0.520495629249297	1.67248781653422	0.834832560734901	1.07869486242859	0.900992437811817	NA	NA	0.644998172038395	0.679969447300706	NA	0.541402806981072	1.48287600960117	0.417300983718644	1.11086727327885	0.506723207209963	0.759609684390541	0.582150674225837	1.02318919954029	0.969492996239344	0.994157940055984	0.519557872426952	NA	1.15669888592679	1.16725048175061	0.904217372448256	0.52552098542212	0.818905488677109	0.256944335595911	0.463263171794352	0.443315521396347	0.431620496326967	0.708422177340119	NA	0.897358167455727
0.579426318700244	0.301936038356045	0.332835183720044	0.0810663397387162	1.62127326035846	0.992317287334398	1.57744027423717	1.23783824213205	1.35583051047873	1.5416832391429	2.07773468709933	0.666770523335919	0.664530549370668	0.476596136628066	0.254710027973149	0.377880306659227	0.566957651976507	0.547943211495032	1.13352719897171	1.18461066636518	0.91082096937383	1.44340806803168	1.00258113673142	1.61622629074406	1.55527036528002	1.2239528929318	0.597985736858302	NA	0.461691434251665	0.534626575026829	0.890748829234355	NA	0.493618278641495	0.331766003807558	0.754078208120791	0.912789371979944	0.785948409041755	NA	2.02581250191968	0.887974906087805
1.08865706441624	1.13329861104125	NA	0.60147548905555	0.456205316823661	0.249186934300227	0.311272290211414	0.690217326295151	NA	0.79873588393941	0.974755215646878	0.505344044395198	0.736208679288981	0.662439197831981	0.507718259618791	0.430553102075956	0.438977153543138	2.07611889682609	0.960595388341074	1.42306723657231	NA	0.876077899076176	0.938260736746222	0.514585421070657	0.786223291951542	0.23579223702926	0.160212560282181	NA	1.17419494810855	0.610139660822513	0.227220901010682	1.25842341094411	0.740189184280834	0.319940495476027	0.730754698842187	0.613292788625927	0.902212921524665	1.48568020983637	0.45196712782672	0.865329663189467
0.120874347455113	1.32648227318398	0.388253474674301	2.47565386274419	0.585336851838683	1.65220515676115	1.2490847959052	1.31134530990272	1.14150676649547	1.03457917115263	0.407838414970469	1.01059735652532	0.633329002115321	1.31691448768521	0.828781171993263	0.583724654030417	1.62068707468676	0.360302498188133	0.53748815620715	0.702505782457821	0.422722901370874	1.57873888250609	1.5063872562196	2.04343313686313	0.94162876119396	1.53414260392312	0.266250899875046	NA	NA	NA	0.976142668265028	2.86451448919247	0.978282335923843	NA	1.3107534406155	1.29592347941512	NA	1.22368409304244	1.65003924231647	0.363271349930052
0.549623337555441	0.551283159676831	0.845037612219865	0.633100841831635	0.559872741645155	0.586542397026859	0.704417587886285	0.812503875207332	0.443554018638561	0.45493533448219	0.38567210753333	0.350021588835848	NA	0.382224434582447	0.318278475893575	NA	0.869063387938824	0.378688890725448	0.529162552623113	NA	NA	0.143293072741269	NA	0.597495060263937	0.67839632754556	0.42663410185646	0.602194303220798	NA	0.305758881212218	0.312027565026012	1.15460761548028	1.52393185899019	0.532536550519716	0.91688807179099	0.749828376889796	0.964517482485224	0.591566492443899	NA	0.70582589562465	NA
0.941768993110178	0.583754931245642	NA	0.669591639751806	NA	0.624919514623922	0.195869575660586	0.292961404503015	1.27985246392236	NA	0.727172708863867	0.465041635169819	0.649870402111843	0.587694636248539	0.31624475933717	NA	1.46268812726065	1.12272197075781	0.840259683814922	0.8214689982241	NA	NA	0.546338724614267	0.796494892867871	0.64833675939469	0.563619736891231	0.451971509471149	NA	0.772529232874013	1.13556502684719	NA	1.07588146116866	0.768073376360112	1.1488741159774	0.720083922501631	1.33500471592462	1.23100470224087	0.752670227358656	0.725693041031884	0.826369507426783
0.916513335258332	0.620611601729946	0.400328027818587	0.951700213611007	0.72912161791066	0.607173082471828	1.08516810732328	0.719761141328497	0.990678041159628	0.983852037484269	0.810584226534472	0.391501542006735	0.575107597699683	0.563011550460471	0.626078890462403	0.690010717959868	0.866759219197653	1.15309106570426	0.790058440207175	2.19649863570364	0.649256796220977	0.593521693562031	2.14964570899497	0.450598858410585	0.718535394869759	0.655718577574206	0.729090581379927	NA	NA	0.330486666729694	2.16890607114747	0.0384688230914775	0.849059305196421	0.297370506098804	2.32006242759174	1.50028448609723	1.12643276359451	1.1338800081624	0.868803077589525	2.49873269419449
0.568523534196997	1.14175368830979	1.19159972956707	1.04507103090471	1.05509465668788	0.482836262779948	0.56406029543634	0.631694339853688	0.624403474341884	0.700937691132661	0.529747695734926	0.896406482624132	1.89908391037344	0.354810474558177	1.15327657398375	1.37133637418179	0.441039207276004	1.18479678414522	1.21962278679341	1.48484364046669	0.800365355705148	0.242342986462263	0.3655268502705	1.69502437546927	1.04192932937567	1.98636500476519	1.18540632323828	NA	0.2437443966375	0.723155168080927	1.67931394954958	0.59051196147401	1.45859373587153	NA	0.656951778019261	1.34869630590018	1.66541902623143	1.79471699370249	1.32214888211604	0.591128032982305
0.745550897621996	1.21922184013324	0.613435034844843	0.683189537145891	0.608681190896626	0.601474381995402	0.741452934106127	0.573783653250489	NA	0.46350005261981	0.447154103067916	0.290284706686002	1.77629020073913	1.54090461824592	0.392785458133897	0.523685124039751	1.19024154232828	0.578501133302928	2.35581753057578	1.63805881318062	0.330923304697056	0.761657031217931	NA	0.375959481669381	0.597191127701279	0.529571490599897	NA	NA	0.635005692519144	1.07270003616176	1.09059966223325	1.19243168026183	0.859715110204201	1.68135019523095	1.6773120162578	1.22332747750053	1.25306735344567	1.37609940916024	NA	1.820673016972
0.35966002629351	NA	0.469603784058157	0.297293568944711	0.729383905457711	0.281994586981142	0.407338659527003	0.358759252534055	0.415930355551085	0.384137727103802	0.938021162111729	0.718243611555057	0.0771059191904193	0.313741814288441	0.289109396623554	0.252736833283619	0.617406784782734	0.4057938399406	0.464120635469781	NA	1.06928291631654	0.318711000229134	0.654820488886238	0.463345729608767	0.985623051236599	0.796457573099572	0.77941816857847	NA	0.616781128513026	0.938066708774631	0.599329239574826	0.88143293094896	0.591595130329818	0.295039273053024	0.693252189262068	0.424520868403571	0.536724500119688	NA	1.3275171452112	0.911018935181211
NA	NA	1.3852581280931	NA	1.13421071648439	NA	NA	NA	NA	NA	NA	NA	NA	NA	NA	NA	NA	NA	1.21660538568363	1.57070341983487	NA	0.831954221800728	NA	NA	1.02435362869021	1.12040985696582	NA	NA	0.560071185164326	NA	NA	0.36001247038003	NA	NA	NA	0.428936651038172	0.993458365822993	0.546875360028207	NA	NA
1.55466102686253	NA	2.16378690196166	1.46421006865287	1.39373234860238	1.39751428643488	1.31737891147238	1.84067762686632	NA	1.52885554942755	1.67522452153794	1.35435613549449	1.368406571354	1.13467946045129	0.967954313513094	1.02325626078032	0.948032378037992	0.984272320836845	0.922328937880704	1.07365323804433	1.01203718118274	0.780554132407883	0.711708240323503	0.621841942617724	0.793750768243877	0.407582359609165	0.453952617270474	NA	0.238320860807286	0.450615242093409	0.401114579652092	0.633213449512377	0.513130932115523	0.674665713200437	0.675704008483026	NA	0.643305936780449	NA	NA	NA
0.175135356781313	0.297341931175553	0.640488144667821	0.649041478531657	NA	0.395273490177353	0.382700256391032	1.86233204575925	0.203121891374623	0.306976568742363	0.487069553072255	0.484603019595013	0.533376273997541	1.07678019333443	0.636917612253271	0.729787071970568	1.01049229519487	0.53388028685473	0.479647696305985	1.09114810925161	0.420834782994127	0.769883683072908	0.803828744579552	0.785018690880251	0.38149655725555	0.201626173545495	NA	NA	0.524080103958254	0.206916563353984	NA	0.380180681440599	0.670504141219229	0.457768143696343	0.354635851662874	0.189056098702716	1.49092275870892	0.407240388931715	NA	NA
0.436024724960584	0.786932337297327	0.808042128939303	0.682465290739169	0.642600067527661	0.362827828878639	NA	0.261182185216272	0.283440054899026	0.680712908095593	0.49575910639221	0.821568279277014	0.738708207343953	0.668174722598662	0.347146129473163	0.60501265198189	0.624237839257912	0.803983338922233	0.575417349645866	NA	0.606914518251516	0.681904113320423	0.745453923154916	0.78340733557165	0.477286103559401	0.322182641901248	0.339588717833434	NA	1.055992638259	1.31500646958973	1.15090991272944	0.966826403403402	0.84329293766372	0.653887134755309	NA	NA	NA	0.422551738772127	NA	NA
1.29240850027967	0.579998241601528	0.962402953045667	0.982706933021163	NA	NA	NA	NA	NA	1.02141826791981	NA	1.10512614029038	0.877278504859013	0.839864859388098	0.681989218139048	0.804046099149677	1.10192757775498	1.15052746729452	0.87269100918498	0.916844527455577	NA	1.55629661467295	0.680692975233677	0.793638844641149	0.712317720972755	0.449439756621732	NA	NA	NA	0.679418590743207	0.523677191245653	0.679653208013054	0.865789911814505	0.973164674268931	0.835151476652407	0.938318420944528	0.696708053610352	NA	NA	0.764898572985508
0.375647360330249	NA	NA	NA	0.962612686342677	0.47532027071079	0.0774075762884416	NA	NA	0.796081008456781	0.978525899629571	0.486839937293156	NA	NA	NA	NA	0.632986802573087	NA	0.675240725615734	0.731152705275048	0.350343874063618	0.483813879517853	0.618232504508827	0.747376942206993	0.425398664909728	0.753632492474179	0.6117024434174	NA	0.983858181042893	1.50949924682439	0.846509146718872	NA	1.34260479403537	NA	0.483866178926657	NA	0.778344982947843	0.928680702787846	0.573423010119266	0.447997793851697
0.950662192248551	NA	0.686428964173464	0.977614408053912	NA	1.29786608423582	1.34409245382041	NA	NA	NA	0.93920156435713	0.597837117637713	0.322872918340223	1.35424368093779	1.15308033014698	0.942826854136334	0.665258518190534	NA	0.440810793303642	NA	1.20881935333654	0.766482720519509	0.576128413138309	NA	0.482451955362341	0.713461164213896	0.34224797631073	NA	0.888504115608692	0.634969307394463	1.4221752979468	0.432654351048562	0.555104891126387	0.549784427932232	0.419995193217254	NA	0.984459126142872	0.877621758615528	0.855887667867813	0.64535081402052
1.27213637573637	1.35579158452065	1.27310837132548	1.31202617097625	1.42126505182257	1.39738121545006	0.798149524592588	0.965281923656105	1.25377082886202	1.5260902376647	1.08217660408969	NA	NA	NA	0.617457333192553	1.76482840539269	0.513061609079387	0.466412472812007	0.814831087219203	0.716125320393839	0.863770148012834	0.592055951579687	0.622472837856696	0.976226706082392	1.08214694649545	NA	0.278473778085778	NA	0.503864878655688	0.96833741792088	0.859601497504258	0.45088242142139	0.730793842891663	0.629181994133367	0.338192047898231	0.75312480862346	0.349620098675969	0.80661857593718	1.00638472211332	0.78676229382252
1.42797215231891	1.68551516252568	0.791952021521958	1.95213477095672	NA	2.04750715116457	2.72448856584928	2.47639504243395	1.29256994848031	1.89574943834901	NA	NA	2.02635130740175	1.53195316113692	2.39545577914274	1.46311913647283	NA	0.978696014157284	1.98031174245354	NA	2.59399079620233	0.160011200109973	0.607656569041214	0.702429415640658	0.342564590374873	0.373241859932434	1.08331423722013	NA	0.780289115976713	0.601795199601863	0.648286746776186	0.640915420365246	0.706863021303966	0.0202496625485841	0.790629375123001	NA	1.10532027054078	0.803825340602811	0.558343574297939	0.523450240535904
0.641675253611238	0.523743095184704	0.409090476292623	0.222319337047407	1.76378678191436	0.952113733131088	1.59852010363717	1.84872976575358	1.66470342702716	1.45896257608744	2.05072248740449	0.611186897811589	0.666174078607689	0.562326056020784	0.309233749421947	0.259184719561006	0.555137014109601	0.498784601517229	0.312074658202806	1.48872925375256	0.966903889154049	1.47014923632462	1.15716322196885	1.66352950041345	0.769165198922147	0.846904090039351	0.733642893446856	NA	0.432806338113846	0.631151422604786	0.836509013015978	NA	0.471892046110433	0.447300769919313	0.749955802268178	2.01891766270375	1.40632748617657	NA	1.07821665045978	0.911337283770799
0.725076346028378	0.873855078555413	0.486138451721587	0.293860926295552	0.452970464104465	0.546890593421838	NA	0.416391841207958	0.346674766413335	0.890124348206368	0.422038027450637	0.355822350474568	0.558976771370452	0.55255034222325	0.438993103966484	0.266234321880162	NA	0.549589895379589	0.26370808553756	0.161692357987857	0.557810203463573	NA	NA	NA	0.622917741984542	1.80941772423888	0.735164006634211	NA	0.766403963385799	0.771043559755887	NA	0.891468473866718	0.902623371548238	0.782877580197044	1.28137130710148	NA	1.41260432071907	1.04449749775711	0.424788268716854	0.302910010818329
1.12816858730805	NA	1.18054643446493	1.05253126755175	1.21706701759868	NA	1.61387145861474	NA	1.250039620843	NA	2.00727379048769	NA	NA	1.17567825501133	0.971009258285769	1.37040809192328	0.663888228981418	NA	1.01795444520495	1.29279591863667	1.19158213091267	1.41102040128655	1.22141024871534	1.27532882587698	1.07782837084237	0.900454628072082	NA	NA	0.395462480532307	0.775359160575025	0.49229093736693	1.12529952240768	0.61903699906868	NA	0.739944827131814	NA	0.50694354150316	0.334841491318865	1.25735912780685	NA
0.26330334281572	3.01828718476887	0.534417529257954	2.56705689262734	0.545629656592716	1.54761968081902	1.39079525541213	1.45695784622127	1.43735403126982	1.07181148361582	0.494282396277469	1.12624871347449	1.17685274601075	1.35006559289733	1.74943720169204	0.718430611478791	2.5590566611622	0.515456026520989	0.314401187514325	0.68368172652555	0.650073992107747	2.26463728839848	1.60679192876657	2.60010391427826	0.881714868824013	1.36780998061548	0.827173326544082	NA	NA	0.348868698156961	1.2876497609358	0.444135710377382	1.01936050266629	NA	2.63674207327476	1.27605827337859	0.938914430980919	2.93928900201607	1.03191505249259	0.347030555556135
1.03861725591782	1.29405745506321	2.26695207684559	0.605912488235611	0.396589105672194	0.306431097146443	0.513950427473017	0.697271101281958	NA	1.11008730348231	1.19409152870545	0.379034778793469	0.722091006441312	0.673545126199607	0.324613593742536	0.523155086076074	0.562553840887049	2.12205351298764	1.01396928999258	1.34050767520854	NA	1.12842384086275	1.13040207919386	NA	NA	0.637700721058847	0.385391849214959	NA	1.0553248888597	0.323331435552209	0.38774945680947	1.19533238357979	0.506527174239743	0.357453951693462	0.581276639393064	0.551724634088272	0.839516767827079	1.62593672806055	0.222509243000883	0.617179145170006
0.351897365832637	0.515311382229392	0.755657531898084	0.78309347996514	0.335069122300246	0.492159633222294	0.564677161079115	0.80395257672908	0.612100948632921	0.443226951512116	0.749991517705059	0.59808667997965	NA	0.333900792622643	0.472134138093516	1.84016996152725	0.691422332510419	0.684835676038741	0.414894032434882	NA	NA	0.129158497650263	0.384656914771471	0.452263423152332	0.383873260882972	0.470912193931088	0.663317176107611	NA	0.416945574764111	0.258586029682628	0.794635025012705	1.45051830581454	0.579890999282377	0.78622103253643	0.622829662895312	0.638467370157827	0.429146459936268	NA	NA	NA
0.760806743213667	0.683783398252594	NA	0.853503992208922	NA	0.62679092322898	0.34139167910906	0.73505508213789	NA	1.16255292911791	0.427060410867549	0.808045611792245	0.471919128276467	0.473178167303214	0.317477441217034	NA	1.02206413031471	1.11216316334014	1.05363777153975	0.781654433071427	NA	0.338320524355019	0.618907977497217	0.756422667093674	0.554972364846125	0.66056632347678	0.384838180630599	NA	0.517538557302597	0.906215670896034	1.03969316923667	0.87267357933821	0.693530864737981	0.719989911284123	0.388272011734082	1.18050741356942	0.93993596617571	0.666655810042014	0.639834644325944	1.05454278324001
1.07925961275375	0.697951342694104	0.31907431833758	0.973518937762513	0.863262335431324	0.625422352886144	1.18189974957682	0.796777812069246	0.869105083990254	2.15493378839898	0.96615024427262	0.512489125453174	0.737234907568361	0.655467590955532	NA	0.696798101273882	0.979628858658527	NA	0.708081475490949	2.2968056036637	NA	0.556002195928056	0.488496043490439	0.640908950696469	0.84701487857457	0.792503531056213	0.764613168935754	NA	NA	0.279719486481029	2.20984368122331	0.0652076025087815	2.46104053368101	0.310514266866428	2.36448076676573	1.57636925601019	1.31243732331481	1.85752669937385	1.00829821625757	2.46573522652976
NA	NA	NA	NA	NA	NA	NA	NA	NA	NA	NA	NA	NA	NA	NA	NA	NA	NA	NA	NA	NA	NA	NA	NA	NA	NA	NA	NA	NA	NA	NA	NA	NA	NA	NA	NA	NA	NA	NA	NA
1.3176901507665	1.82048070653833	1.89315142747346	0.938441554879478	1.94458536926444	1.55856819604389	1.84478408676479	0.957571619305268	0.740167294087852	0.610282039294792	0.569962899635366	0.748066677015093	NA	1.00469277790316	1.74550715934816	0.948676204167145	0.491014799639397	2.57844585015368	2.15224167906643	2.01149752497754	1.79537015244296	0.548491804644725	1.66343028333052	1.66524467185856	NA	1.99429049433125	0.230451626954502	NA	0.200202645684528	0.606432444877079	1.74265445811272	1.37520644671103	1.72923673707473	0.886020572439466	2.61817844392879	2.14187182809106	1.62185502960203	1.49056912174568	NA	0.995615887405039
NA	NA	NA	NA	NA	NA	NA	NA	NA	NA	NA	NA	NA	NA	NA	NA	NA	NA	NA	NA	NA	NA	NA	NA	NA	NA	NA	NA	NA	NA	NA	NA	NA	NA	NA	NA	NA	NA	NA	NA
0.965253282772841	0.713044540696102	0.585834863046576	0.489057706845735	0.348912375091632	0.356731156458827	NA	0.646714038137947	0.649632034809575	0.653424622988747	0.333880182833266	0.489864440111476	0.703150591734966	0.803600367884711	NA	0.824187113875904	0.808806262396496	0.839570551988792	1.06905720707986	0.512688912996793	1.08875823833151	0.678788041050666	0.584040214658313	NA	0.869833220427716	0.541452174289362	0.364760599974651	NA	NA	0.831795167692497	NA	0.60998123288347	0.645364807756361	0.494878083403281	NA	0.792680831882615	0.171018459958323	0.218603955232851	0.326350163744537	NA
0.428190380192158	0.220462261837841	NA	0.536621833160383	0.555129206196586	0.749000068910323	0.784881349640899	0.310245946222361	0.344785151415028	0.251477157834894	NA	NA	1.49026199672551	1.1088322539287	0.839681114518014	0.818985168093998	0.348926061304157	0.773756180685319	0.798406251174845	0.792865631257721	0.673992537292142	0.976395526311427	0.345785777717616	0.435558935881151	0.456217074827897	0.0946226078935214	0.285980191333102	NA	0.635133941787701	NA	1.00480827590588	0.575315070482743	0.652619828004718	0.494251304803985	0.242927627910731	0.816065721151987	NA	NA	NA	NA
NA	NA	NA	NA	NA	NA	NA	NA	NA	NA	NA	NA	NA	NA	NA	NA	NA	NA	NA	NA	NA	NA	NA	NA	NA	NA	NA	NA	NA	NA	NA	NA	NA	NA	NA	NA	NA	NA	NA	NA
0.769010883094469	1.18857007180252	0.827154478004231	0.763091048432159	0.697167520549934	0.6322012158568	0.895213634793748	0.292077945631508	NA	0.399220395050411	0.332428989102521	0.303946616241839	0.769916952855535	1.49962822986794	0.76477051647703	0.611808210378171	1.37584604265255	2.04129215035618	2.49085378411749	NA	NA	0.831965148596789	NA	0.424208024508346	0.57960661770141	0.629527216460072	0.597112719580347	NA	0.746857800394692	1.06538925500812	1.06625231363654	NA	0.652257435436963	1.49766933244936	1.98762526225974	1.61668192839737	1.08899799172696	1.3789796475364	NA	1.8522067091488
0.359692070978165	0.898711262942863	0.906267951348506	1.4801679401108	1.27164366570578	1.5268482995741	0.906731934401252	0.577139390357767	0.959617601380703	0.492993876273357	1.38389758463082	1.27333120066673	1.49344088061627	1.56546665124798	1.28281542806641	1.80534707465485	1.7164020410341	1.44204236195937	1.17139155957501	1.37126912669536	1.03551694661124	1.0333128551486	1.19739078614129	1.05201027580086	0.862184546544656	0.467186533690417	0.334183598837038	NA	0.468244402056316	0.563202287871864	0.341794071037924	0.484046041396258	1.0498152976145	0.781312928861846	0.933126946978447	1.41345674946084	0.400332248750685	0.258464442637009	0.203739189437258	0.413135011270609
0.888522694881375	NA	1.25330753727438	NA	0.798220498700762	NA	NA	NA	NA	NA	NA	NA	NA	NA	NA	NA	NA	NA	1.17964845049793	1.24467480770915	NA	0.487647052556044	NA	NA	1.09609509645826	0.955938769045447	NA	NA	0.598850942286159	NA	NA	0.336357968362531	NA	NA	NA	0.718210518370176	0.8274755368601	0.600080445808507	NA	NA
0.538475852733229	2.16236334881209	2.26696637005422	0.476578702315614	0.352448462465899	0.269335810998766	0.452837282059806	0.582018712253407	0.978460360523453	1.06635648749366	1.14749903911816	0.482352809250931	1.17707360503996	0.347292087718496	0.383910125800408	0.509149510509467	1.02114540063951	1.31470082923857	0.483450115337994	0.657793790466805	NA	1.61060818126567	1.39648757368757	1.60849871512017	1.49472604367524	1.43497948296055	1.30520610962716	NA	1.18934672653085	1.29586486315261	1.42892280797181	1.23489891569616	1.70018196804638	0.890432271456431	1.909371790268	1.81563548455408	1.46105836028802	0.830750746972572	1.75062716297155	0.915715689731176
NA	NA	NA	NA	NA	NA	NA	NA	NA	NA	NA	NA	NA	NA	NA	NA	NA	NA	NA	NA	NA	NA	NA	NA	NA	NA	NA	NA	NA	NA	NA	NA	NA	NA	NA	NA	NA	NA	NA	NA
NA	NA	NA	NA	NA	NA	NA	NA	NA	NA	NA	NA	NA	NA	NA	NA	NA	NA	NA	NA	NA	NA	NA	NA	NA	NA	NA	NA	NA	NA	NA	NA	NA	NA	NA	NA	NA	NA	NA	NA
NA	NA	NA	NA	NA	NA	NA	NA	NA	NA	NA	NA	NA	NA	NA	NA	NA	NA	NA	NA	NA	NA	NA	NA	NA	NA	NA	NA	NA	NA	NA	NA	NA	NA	NA	NA	NA	NA	NA	NA
0.837739163235161	0.413006943156072	NA	1.08784978529802	NA	NA	NA	NA	NA	0.267849138429583	0.489285975258757	0.33299298367404	0.337086038219844	0.671741075943015	NA	0.488838610000797	NA	NA	NA	NA	NA	NA	0.404739556475312	0.279309639757982	NA	NA	0.300989465120946	NA	0.733273239215517	NA	NA	0.837128771991936	0.292326555411441	NA	NA	0.267463721611199	0.586058025575312	0.358255181102779	0.553564609331457	0.356578539480114
0.838110863167203	NA	NA	0.874732267884875	0.748142529283354	0.765051164217451	NA	NA	NA	0.938941754467625	0.753608094237098	0.795339330405223	0.962065775499897	0.986923723798684	1.19926698830414	1.12876585953302	NA	NA	1.03705311022137	NA	0.569696786858857	0.732801282612526	NA	1.26933032064731	NA	0.827473603971018	1.11772551517109	NA	1.36488062048349	NA	NA	1.48836742466257	1.65719441759224	NA	1.30982441140522	NA	1.49238557232782	NA	1.55569382281213	NA
1.2780868092792	NA	1.26298983912738	1.0493149965866	1.09362145179064	0.83585986186178	1.4985040917931	NA	1.32313125114219	1.36428281253019	1.16062504469682	1.48763426447189	1.36289514230782	1.71682427290481	1.96318686505571	1.27142927033926	1.34548529824895	1.17959023995637	1.32279558846285	0.930772809153457	NA	0.711319641454172	0.965716737502792	0.539089868808433	0.335761024044993	1.15187885755621	1.30176290519803	NA	1.03368988031405	0.886342042024949	0.482440029960337	0.576538529700688	0.616297869595267	0.350833797443591	0.786780734510808	0.966707983481166	1.37291776294037	1.09100804335428	NA	NA
1.83150562557744	1.80184220162249	0.790568877800016	1.84710962083131	1.73008821458833	1.12356064308918	0.613050794943149	1.53384596189113	NA	1.12589352279141	1.72470624791157	0.890970095620509	NA	0.348759022995729	1.1910126541685	0.784599272622546	0.749050468265988	0.583299500291996	0.811429545772374	1.6927498177282	0.688829447859131	1.13894371076451	1.18182878400805	0.360332157469766	0.325445588067973	0.470522964926327	1.02272792659141	NA	0.341920506387462	0.282224260506283	0.904795466555859	0.814254660051454	0.624833238723908	NA	0.722515020817492	0.780668644309563	0.524745552406322	0.374193106820792	0.385451197105911	0.485307005477051
1.05989359681021	1.32671054482179	1.22330400945503	1.16082755135804	1.43109035104585	1.55308718005327	1.34751897177766	1.38101328304813	1.16406103678406	1.0240418674021	1.1858400388822	NA	NA	1.85573391897927	1.87014842713467	1.48779388398399	1.33577484968388	1.61360208183596	1.54630714797112	1.07764087057307	1.73853233247287	0.869494609472111	NA	0.848687465473404	0.570499711492118	0.884687911736771	2.23369051157833	NA	NA	0.347671408697962	0.56587684960277	NA	NA	0.609835556136551	NA	1.19293370536531	0.871497475744318	0.614449652292358	0.75367909887022	1.33389986542793
0.758582720728006	2.09398398593394	0.757165909974757	0.947064992620744	0.971093129165376	0.79455856996237	1.56423484951847	1.52794529620721	1.21242685783132	1.21454918076536	NA	1.25938360422379	1.11789011159814	0.953971245687933	0.815907682207744	0.884821219137237	0.174726568997671	NA	1.7659056569193	0.539321921294017	0.860058474701176	NA	1.02408316673801	1.00581855332558	0.799457305075267	0.758965341606533	0.702065917496261	NA	0.59322347111217	0.287092886103851	0.641852955224535	0.738507048311022	NA	0.557436775700218	0.634510685216732	0.652575945683392	0.282975741291021	0.761308662640284	0.502404539195775	0.856389861852022
1.16357765816654	1.35779639722295	0.812635598367427	1.21383300579492	1.3853958807469	1.33531269083586	0.987802346652608	1.05872851750043	1.89223162800077	1.20138510213746	1.49495182286516	1.62613193582991	1.02706392034102	1.19340158098221	1.150451932	1.01125290400265	0.860410577505733	0.813285994594784	0.861645532036413	0.917013093117584	0.821169622348069	1.25296711838543	1.15785839964237	0.723885001432864	0.82707737201288	0.806071243333195	0.310206143854251	NA	0.37483628922172	0.600373493042218	0.808534397528625	0.68079030225562	0.921815765195004	1.10526581965463	1.58064964118267	1.54283151652388	1.13992987343263	1.10314149567162	NA	1.74443998824424
NA	NA	NA	NA	NA	NA	NA	NA	NA	NA	NA	NA	NA	NA	NA	NA	NA	NA	NA	NA	NA	NA	NA	NA	NA	NA	NA	NA	NA	NA	NA	NA	NA	NA	NA	NA	NA	NA	NA	NA
0.36446258392157	0.329127928130015	0.575008470981078	0.683380765511962	1.19293787760445	0.692823216429101	0.416193562015261	0.371775955220667	0.274379510113605	0.285066545550482	0.30419896893871	0.412522460159415	0.667714760994287	1.01948410011946	0.806983031861883	0.960174352223667	0.562560730282097	0.641540715825575	1.11478349427102	0.571302216364699	0.916141361773254	0.399713169055264	0.941307897389551	0.368560594065268	0.344123259714023	0.319962918017137	0.313115150110133	NA	0.241179670905339	0.289971325566017	1.57767839052397	0.676418338513053	0.874779982456432	0.671730658974846	0.812182528207619	0.81230100979575	0.916850960583204	0.541334053264233	0.660747140285747	0.774132662267191
1.00256106129991	0.97945854362505	0.931218004562658	1.14095229862517	0.694030051651772	0.947562241164993	NA	1.07644288639412	1.55861540532889	0.802261277847666	1.20843200270887	1.32310498269724	1.84485044051799	2.22204858856241	2.10769974641542	1.04539644932283	1.42574986989747	1.60910739477626	1.23126825044337	1.36877739748908	0.807527343898149	0.97373599931281	0.817597800982692	1.20360989006765	1.15493667198554	1.17823862676261	1.36580485051183	NA	0.591172476248891	0.552568796586872	0.139015015097279	0.65443374770916	0.7938606797301	0.804392080648657	0.462478537415642	0.665826840382672	0.725625608950542	0.897633120387428	0.498161133344794	0.852195271615426
0.698949345356553	1.74167684227253	1.44983979946824	1.32478651911923	0.723378358111382	0.774646404631943	0.598717181069005	0.523276051203738	1.12584197329762	1.22705219496638	0.663355307110961	0.888586736986356	1.79805625914115	0.565175966914793	0.697853663540541	1.04787479119046	1.68546985827327	1.2470278908541	1.47507590909629	0.832408769771629	1.12979472390538	0.977300248079809	1.05075836350744	0.926296084742653	1.04041546316898	0.926907439351752	0.68708609689828	NA	0.361481632067456	1.48195961675132	0.2329753189517	0.968731126535231	0.862109825953411	NA	1.06606004484625	1.09958048079563	0.506350282246421	1.01755933061522	0.490915862718511	1.10255851964206
0.191429738681162	1.02767982244989	0.757137291892799	0.632605398679559	0.788420030993884	0.763521700977976	NA	0.826629529816371	NA	1.12289567978146	0.90961014026394	0.893874947712547	0.82058856098363	0.569546139650989	NA	0.63313771720574	0.705168240178126	0.734032093445274	0.453458433486945	NA	0.384113956158321	0.355379788841967	NA	0.854639934778202	0.498024616516979	NA	0.229267854852689	NA	1.04716095296182	0.303950137094839	0.837828828083042	1.08197514029964	1.19381907098734	1.1064867956424	NA	0.884123068101801	1.34507083153056	NA	0.331658352552364	0.370088158699201
0.624973435739967	1.48050387031614	NA	0.854746266842689	NA	1.34549642223762	1.09374325566785	1.2167010181425	1.13653564793023	0.703340664189271	0.815535187933536	0.695101884234726	0.426709646345039	1.12538104442728	1.02546984531313	1.64638402490634	0.780011951614316	1.25015081268018	1.17030280964379	0.865826694354644	0.642652944780843	1.18780357250002	NA	NA	NA	1.04592265756483	NA	NA	0.195097362692658	0.785439369257944	0.414312881789034	0.68925828410081	0.562690985310951	0.863532119175608	0.296425317156178	0.170142842984483	0.945505829074189	0.805216937617387	NA	0.195815994571945
0.31380616125939	NA	1.16805616162018	0.869472593116106	NA	NA	NA	NA	0.773373500022192	1.0367877105202	1.13873673811481	NA	0.850939401036244	NA	1.22042398632798	0.804990744203236	NA	1.00086264415878	NA	NA	NA	NA	NA	0.58640599001921	0.878864567887692	0.718626282957809	0.312260638840211	NA	0.527247177474116	0.651083309569638	0.845080323426129	0.984511571393727	1.14973730220314	0.445836730722199	0.617739717266805	NA	NA	NA	NA	NA
0.653041416085549	NA	0.974871308696709	1.48848079503782	1.01552882197363	0.997627858524733	NA	1.10039853689211	1.14643052183484	NA	0.919733381136566	1.19033287429617	1.29561963205184	0.925013226801769	1.04444897108148	1.22314435202099	0.955172616925815	NA	1.33247733417015	0.660225607164417	1.97108501621327	NA	NA	1.21594369167115	NA	1.15059875738935	NA	NA	0.590358542805759	0.633023875767556	0.749582617189049	NA	0.900602749613995	0.685595526446762	0.880847582955693	0.612026691478558	1.80976010248079	0.901462425142475	NA	1.57190271333488
0.809867755608773	0.671978332547222	0.718994748612888	0.581594125505168	1.12720484326438	1.18297717716024	0.91309278412019	0.51442649278775	0.833898190876817	0.907023178487599	0.963783396912157	1.03422587830845	NA	0.696420033152401	0.831048585137062	0.664702625471778	0.242005401993574	0.764493444175119	0.734743490952993	0.773014358321874	0.572153958785595	0.928710846071637	NA	NA	0.647704397324105	0.562643662196882	0.514466028455245	NA	0.159517191439829	0.503967459731105	0.734906091532256	0.966420046317	0.474116119858138	NA	1.11774580069519	0.820301849823543	0.96904333953239	1.55310032738122	1.6453900118076	2.0241009532936
1.17914037594552	2.7028538176997	2.85532180347405	1.91079081448602	0.86662352297922	0.826091428172215	0.884262325327327	NA	0.635365270598495	0.353480235342431	0.318843283759572	NA	1.75383704235045	0.818295897871456	NA	1.25835803454704	NA	3.1092646506393	1.61108083180703	NA	0.818152249615172	2.60039164125765	NA	3.03099579299603	1.57505357188509	2.81952164826401	0.256819590756772	NA	0.382030861038501	0.188219911247682	1.36887088477612	1.2208541151027	NA	1.1967582319083	0.222882584994046	1.364906064209	0.891050769653318	NA	1.73552340518451	NA
NA	NA	NA	0.548068141993052	1.32925658633931	1.72436465237346	1.30636753953325	1.34383846693091	1.19562804229743	1.1618425872955	1.15382257695026	1.31902533423686	NA	0.713149784286939	0.64754756697	0.960742224110979	0.455059333128172	0.467457996781729	0.911154047115761	1.17203705278355	NA	1.47561970278225	0.842816404882479	1.77352399143353	1.14488683309609	0.83998169173004	0.461627309744065	NA	0.35795550895296	0.508078888541092	0.6451519534824	0.852828848056327	0.736545851576811	1.26018227535382	0.584824130833067	0.338091270163556	0.472736775064685	NA	0.921302840669731	0.0998230273849711
NA	NA	NA	NA	NA	NA	NA	NA	NA	NA	NA	NA	NA	NA	NA	NA	NA	NA	NA	NA	NA	NA	NA	NA	NA	NA	NA	NA	NA	NA	NA	NA	NA	NA	NA	NA	NA	NA	NA	NA
1.35832862021234	NA	NA	NA	0.93149873846847	1.62613860429173	NA	0.94578454396008	NA	1.2086230738422	1.37253394016565	1.27839574780592	0.818752286152345	NA	NA	1.5417789426183	1.06543333637176	NA	1.53822050727177	1.02822513746581	2.73587969339417	1.34346696835714	1.37478150637721	1.18996309876139	NA	1.79046682800895	1.24967660140804	NA	0.354262782196643	1.6052412224287	0.808339356495124	0.772821587675928	NA	0.562359260725451	0.570152606582927	0.8845674365409	1.49804610823445	0.895814356775223	NA	NA
NA	NA	NA	NA	NA	NA	NA	NA	NA	NA	NA	NA	NA	NA	NA	NA	NA	NA	NA	NA	NA	NA	NA	NA	NA	NA	NA	NA	NA	NA	NA	NA	NA	NA	NA	NA	NA	NA	NA	NA
0.883139545902969	NA	0.579970217383607	0.69755504045614	0.438357090010428	0.931958412371225	1.25598900029041	1.45033813433279	NA	0.652742927552547	0.590762568274825	1.64572083681532	1.57060596812219	0.541421973901734	NA	0.943756422875357	1.1000606741544	1.43645234886445	0.56561276146966	1.02262775011865	NA	0.127853912889529	0.701329048720861	0.378430340268135	0.298574840734386	0.614718087681661	0.231640524937376	NA	0.335390372891694	0.499763386469665	0.422213640747229	NA	0.244354536912058	1.54158072135959	0.704583710155802	0.3254259389385	0.371630260906468	1.07447302103646	NA	1.2947169149467
NA	NA	NA	NA	NA	NA	NA	NA	NA	NA	NA	NA	NA	NA	NA	NA	NA	NA	NA	NA	NA	NA	NA	NA	NA	NA	NA	NA	NA	NA	NA	NA	NA	NA	NA	NA	NA	NA	NA	NA
1.51078132719752	0.645247657371582	0.627928514140222	1.57770592551246	0.332702664943181	0.98664586885457	1.4338042941336	0.968492026114088	2.30761584791594	1.39048535934813	1.92707444335119	NA	1.76722497458508	NA	2.07837690460049	1.14451788411404	0.280163541150699	1.9275915681715	0.632017958982494	1.20326992044449	2.39866485309695	1.03540812450366	1.64281043382313	1.2588271041425	1.23305397520758	1.20007653855659	1.259413660973	NA	1.40383382689926	1.73424397415131	1.73431121428585	0.397671497686795	1.17875979772666	1.76152003034072	1.34317841979515	0.526697950569361	0.320304882481894	NA	0.276046534105643	1.62157681120767
0.756784920982312	0.782008621353145	0.839781189670424	0.594140906716827	1.26357427428938	0.867815468471474	0.614954707777155	NA	NA	0.571831976636154	0.529735908315674	1.48183161260752	0.841435302081974	1.51895472518505	0.946353887874107	0.715193461001993	NA	1.05112435549023	0.168607787999698	0.716979078234806	NA	0.298440093093241	0.832755750955273	1.18334017127273	0.423324558891792	NA	1.74698310308192	NA	0.202659098190363	0.286548929334909	0.153750931184096	0.337359644844659	1.5268201038028	0.148036360722205	0.493580152295143	NA	0.364794397024478	0.231760903839209	0.263338159569846	0.70115895050064
0.28730630820543	NA	1.17576259103712	NA	1.19640007754754	1.18547587672289	1.2629804261765	1.36049902041808	0.907871770600836	0.561069313434076	0.648986013678902	NA	0.928437582849978	0.837740849241296	0.541358644091993	NA	0.478273067946034	0.831312612231738	0.908832094318677	0.913382759514413	NA	NA	NA	0.508293753359082	NA	0.601353250402274	NA	NA	0.383970930079536	0.8463708024269	NA	0.600902826603164	0.860429826272989	NA	NA	NA	0.687690563310487	1.14493105000183	1.14427869736081	1.34722001525396
NA	NA	NA	NA	NA	NA	NA	NA	NA	NA	NA	NA	NA	NA	NA	NA	NA	NA	NA	NA	NA	NA	NA	NA	NA	NA	NA	NA	NA	NA	NA	NA	NA	NA	NA	NA	NA	NA	NA	NA
0.42481700323214	0.931231710411825	0.805977474333957	NA	1.15667078450507	1.00766111158347	0.927490036185352	1.17410565438163	0.614712952974179	0.603941752111987	0.965126650787462	0.793259172660709	0.926489833238662	0.966771855543253	NA	0.735539039323188	0.721305977426619	0.704719024635984	0.62847014342552	0.382432456028035	NA	NA	0.122152444418428	0.0816237581936228	1.24169568719741	0.475190947341383	0.174820379406609	NA	0.192524805061204	0.54607381148809	0.648756123828539	0.763350904353123	0.855441624342137	0.74906916840186	NA	NA	1.08766658153325	NA	NA	NA
NA	NA	NA	NA	NA	NA	NA	NA	NA	NA	NA	NA	NA	NA	NA	NA	NA	NA	NA	NA	NA	NA	NA	NA	NA	NA	NA	NA	NA	NA	NA	NA	NA	NA	NA	NA	NA	NA	NA	NA
0.93408912488102	NA	NA	NA	1.83050959429053	NA	1.8082883084199	NA	0.770596692128782	0.735019817414246	NA	NA	NA	NA	0.713918435080328	NA	NA	0.166263361175477	NA	1.22345596594951	NA	0.232226406709011	NA	NA	NA	NA	NA	NA	0.52480451832209	NA	1.01678689842085	0.985738754689949	NA	NA	NA	1.01965339456716	NA	NA	NA	NA
NA	1.0588995186797	1.14731955629361	NA	1.97742773051845	1.86204982208548	1.93448117485203	2.04857060689728	1.5729306832135	1.93606564782799	1.47031417878746	0.83318760937821	0.513140193547217	1.4131623117489	1.60571530294422	1.79195023842427	1.78528963247502	1.18314734420649	1.68776758085486	2.10345652600295	1.67064842607347	1.28075887911888	0.508099143343231	1.21835994853161	1.48728369440003	0.851572772337648	1.12842345566507	NA	0.310828655720436	0.788095937338052	0.637436769506295	0.671427872534707	0.575474647970125	0.669060875499892	0.539709322801451	0.897877022314971	0.646209932010747	1.26050564827097	NA	NA
0.837058874551958	0.792526111476853	0.844274180110729	0.304165376598248	0.862323234875863	NA	0.80495219122932	0.87849942885174	NA	NA	0.398923866348231	0.927671455327527	0.874772248038394	1.26086102074061	1.11592708950722	0.982430363778024	0.80690245833565	0.668555751143423	0.568410609403071	0.631482067294705	0.788056022053127	0.459549947946192	0.829526167411292	1.06532956083657	0.687991627029371	0.619508563411699	0.332513047664071	NA	NA	0.289211375702763	0.242138916442549	0.600151269219385	0.993588329938252	NA	0.642140592148352	NA	1.46058545243052	0.894213012771524	0.705862095166379	0.479569853658169
2.28466424540481	0.495006323875851	2.23774201382598	2.01611605898354	2.18782121123102	1.75246021692418	2.41364504224094	2.47971506109588	1.56966801533598	1.38787069516195	1.93162337350304	NA	NA	2.01673098578361	1.71035426672787	2.48943837905764	NA	1.60285897597593	1.68848387989097	1.59599223987599	NA	NA	NA	1.66646678165837	1.73180791189655	NA	0.898418929814219	NA	NA	NA	NA	NA	0.908387410029854	NA	NA	NA	1.36805572639098	NA	NA	NA
NA	NA	NA	NA	NA	NA	NA	NA	NA	NA	NA	NA	NA	NA	NA	NA	NA	NA	NA	NA	NA	NA	NA	NA	NA	NA	NA	NA	NA	NA	NA	NA	NA	NA	NA	NA	NA	NA	NA	NA
0.646459048409208	NA	0.689862436195262	NA	0.809894991199149	0.811837282632446	0.70827463566661	0.861937027287203	0.663782032744146	0.696131483745213	0.362310458701612	0.701752454622632	0.640278237694737	0.275176591970143	0.873704055549728	0.716793611076935	0.424107765794504	0.625523403166706	0.475163769172115	0.958416179481219	NA	0.760394330018741	0.656347950727578	0.417813279919015	0.604402872659024	0.442684041447343	0.399963779933097	NA	0.541512481564993	0.307156452612201	NA	0.405411651780638	0.380357648703498	1.01746629161715	0.542498872185185	0.914582248255232	1.10344471162678	NA	0.197241983974158	0.699109579891698
NA	1.20722408621998	0.562102835189192	1.23308568359229	1.04869251644894	1.17508408738018	1.62529606542731	1.2744900110014	0.86455023996533	1.51560960113582	NA	0.248660139551891	1.18319229449383	0.635076168041397	NA	NA	1.34273858318861	NA	NA	NA	NA	1.03837418868038	1.29751451591344	0.917094306173091	NA	0.6346813699922	0.490112268861834	NA	NA	NA	0.497477794362923	NA	0.799885271629775	0.795926524042381	0.366772313653132	NA	0.718458581220715	NA	NA	NA
0.804699490564049	0.36526983099404	NA	0.304308981300814	1.8458409928847	1.17727581956295	0.763029450140264	NA	1.34707931975537	0.781203791971416	0.92056282255516	1.03166761031766	0.96854064414931	0.68692052172367	1.2723765275462	0.626978897581215	0.833229477919725	NA	1.36575609037083	1.53179842475938	1.23915577954007	0.633529646981794	NA	0.768256915810228	0.835584322138415	1.06486687662112	0.411151747448671	NA	0.569497150353533	NA	0.813774025213297	0.792102873155433	0.280438071203014	0.307719368442681	0.621101207595799	1.12679728072029	0.339784761564028	0.734566921990636	0.306724744730223	0.568407562934349
0.203343447539714	0.657213836007799	0.489849769905045	0.706743342394317	0.711106088109984	0.942881311675216	NA	1.07787063700761	0.601940968477712	NA	0.332496099037633	0.609454981667226	NA	0.331574486783154	0.475780046904325	0.92992247059485	0.768181013403261	0.616081988980216	0.297925331899895	0.621399366873941	0.55690854816508	0.809207457012672	0.88693692498063	0.813059828127673	0.546812699674041	0.593519593135485	0.601928167306037	NA	0.692090713214603	0.655654184015355	0.989233710934306	0.698958468836022	0.172463690462329	0.855351478377755	1.16573557122429	NA	1.22233881327634	NA	NA	NA
1.47780475171951	0.9555469772891	0.880307255811686	1.2527959385389	1.27206149345066	1.35842814959064	NA	1.63773633354266	NA	NA	1.3366704076037	1.57921416085502	2.93536881396486	1.52958460163921	1.42759613804272	1.66826326872779	2.79805170200699	2.33302888460997	1.41165575237088	1.76201384016802	1.72726859118951	1.65877010816062	1.30806669948551	1.24176237787624	1.74371663571321	0.93568943793491	3.06571070461155	NA	1.66687131760066	1.78584244375067	1.54021159783829	1.60975506321396	1.37685241787771	1.38951778127273	1.46381534214324	1.8354187844232	1.43009277977646	1.90507427657345	1.73606548542479	2.21315224591953
2.50252571813352	2.49604345827891	2.37051253763698	2.25086086139835	2.07895262769742	0.465522912654483	2.0389763096206	NA	NA	2.13748122224395	2.49419650704674	2.12003730196598	1.73153582617346	2.51445341366456	2.74226747724129	2.50825375295018	2.80408404025918	NA	0.906985589232615	NA	NA	1.68170028118063	2.30555344086511	NA	2.39437445903413	2.52917297007946	1.8532008203179	NA	2.71761728758636	0.653901545526308	1.37364686213005	NA	NA	1.735091136034	1.65657969532803	1.90037254654146	1.69534010042308	NA	2.25998089021124	NA
0.504518035394208	1.39042019829559	0.459410494784947	1.49051975718973	0.722766016640819	0.946094216804325	1.49384759858181	1.62545274462364	NA	0.804184173008148	0.973009550609586	NA	NA	0.681327731258656	0.474439995877781	0.743002724893023	NA	NA	0.57051069107898	0.662370808780066	0.700671627675858	0.374334944213232	0.236966141453708	0.631617102033481	NA	0.442985619859446	0.471985263432962	NA	0.687324020851226	0.79519285175185	1.90471936573425	0.855139372666829	0.291314740514793	1.11462062861078	0.484482698700755	0.619823804785483	0.257582665405095	0.886435249293361	0.624567845884703	0.192015683384286
0.707115566658044	0.806396023535647	0.342339708104987	0.535651539185465	0.410540276191071	0.477729653637516	0.4492732555951	0.86751741885664	0.71628448125737	0.6938354420892	0.819995459325728	0.734458541044895	0.554690382348635	0.489716905059947	0.413541190176856	0.230559697019537	0.127836903273284	0.350234987252957	0.581976723659081	0.850689550717495	0.503974042138304	0.624323220805928	1.05103924988852	1.08369345126872	1.32380225868156	1.06236587378711	0.724966522219021	NA	0.501650092421303	0.925979226372681	0.834860962478307	0.896376646070435	0.60167512362962	0.240397136804711	NA	0.517741982345941	1.03563103623849	1.23160221438518	0.884227279599529	1.3776078602238
NA	NA	NA	NA	NA	NA	NA	NA	NA	NA	NA	NA	NA	NA	NA	NA	NA	NA	NA	NA	NA	NA	NA	NA	NA	NA	NA	NA	NA	NA	NA	NA	NA	NA	NA	NA	NA	NA	NA	NA
1.09597425574979	NA	0.754542520685132	0.584792669701423	0.224259972742377	0.484543354178794	0.63917718342651	NA	0.550342765135027	0.741340784595672	0.633593679995331	0.330271485520424	0.614521510373887	0.634618557602716	1.02619222610042	0.964143922718229	1.00284531874873	1.03534364165848	0.68089179748527	0.38646898640125	NA	0.263623051420314	0.793996283893034	0.878301693643476	0.508855186981499	0.50367034449656	0.631530652940909	NA	0.192813519006553	0.737393996472744	NA	0.109245103165728	0.23432678987915	0.350137645886121	0.276630213903626	0.382899728281015	0.406762202855253	0.524862998197971	0.768790499259187	1.03675400667486
1.30159555810431	1.58471103313498	0.755769488876286	1.18241623312588	1.23771148472476	1.92098714029299	1.75601275214752	1.67846846327025	1.43087462758704	0.813008128286503	0.89679081194945	2.27675857884169	0.902845879361976	1.02334827280234	1.33785070046444	1.41104371540366	0.993797251698697	0.702495307320678	0.704881410950186	NA	1.11214262318241	2.10671645290662	0.873667513029211	0.97167428815154	1.17400363937925	NA	0.620217912698276	NA	0.632083654826649	0.456717328064463	NA	0.550707613916652	0.667930293633139	0.520874127178616	0.226715898958839	0.838732506624681	0.391639089206717	0.425531390060899	0.559533914987124	0.533662730103475
1.57271087018293	1.16205484682388	0.811678997063626	0.756362474624251	1.28763074148323	1.32152392109276	1.15379809238133	1.45799107155508	1.23266822582696	0.996375905680752	0.88221899047826	0.872825496599247	1.10311683448885	1.34616539837989	1.39832771064053	1.53894032745527	1.53315985351317	1.34677049075569	1.01148339948562	0.675086811817387	0.806399952139648	0.82757916008535	0.818537376549068	0.863490586294847	1.13476142946914	0.839347719495133	1.04417533770926	NA	0.156106035804973	0.312903498668567	0.60518784715598	0.703127692068295	0.586565159694648	0.626002213755232	0.651707920381025	0.433550673577445	1.08064095268209	0.731021727199784	0.515726400096916	0.306946161044291
1.29832406404768	1.45987660351127	1.41170603427462	1.50972204789548	1.54496132543851	1.46565999075305	1.33428134378433	1.20670086349822	1.3377455601059	1.04008222634671	1.04224430184546	0.788040075697671	1.0177886379621	0.852792645910875	0.603162591619843	0.813601031532226	0.433283522600752	0.509663272985889	0.392526660837544	0.300344214752451	0.96970603759079	0.480564293750979	0.768807540811548	0.950881381995178	1.35726930614343	0.834788497168127	1.07457240107178	NA	0.178669579497431	0.341370890197418	0.61141732071938	NA	0.357799842298201	0.263179924126347	0.561433842851428	1.08806021045428	0.985747773391202	NA	NA	NA
0.804432349735227	0.972520617887687	1.41559536498902	1.62280880748226	1.15405702977965	1.77037667043621	2.12907781803532	1.2128724076092	1.1655875300635	0.926158454741265	1.18628441437805	1.19477732221647	1.12060078459849	1.10385718886282	1.1393313866223	1.14069380348283	0.858980288785916	0.651188817804212	0.721270439439489	0.731057229331776	NA	0.836153234980724	0.828052300995891	0.406867363994096	0.606447159366003	0.289051203404609	NA	NA	1.50943994771078	0.795308976941278	0.792590339218063	0.886383153168947	0.707197939518764	0.577752445148946	0.896661659731603	0.604052292699939	0.483238207587455	0.618753903662033	0.502753653405244	0.923781502253708
1.84253076828999	1.56301141806327	1.52545835360085	NA	1.03937827851824	1.40025700577306	2.35778346862651	1.45996822623058	NA	2.52240315027599	2.25966841947828	1.67904472340687	1.37509851450445	1.86530900327458	2.00319897409191	NA	1.65343014857882	1.37443824521417	0.550845657368447	1.17746557161253	NA	2.58667418990701	NA	1.19012774585552	0.235569322720718	1.16637527449719	2.74717096281468	NA	1.36620858976359	1.44469702061031	1.45941671827345	1.53104175390445	1.74078754523834	1.67539142713364	1.19703877135087	1.35084332751999	1.17446774264205	1.30157798129535	NA	1.44740145056621
1.26658516471403	0.968070280280943	0.783018298361708	0.967837017677994	1.65762017901698	1.35663973936277	0.868411114768295	1.92930288584894	1.75937964983024	1.41784416160977	1.64501874139127	0.693365586323891	0.983874316046348	1.37676162771541	1.79279199009651	1.91905114504323	2.04817716412449	1.58220798254563	1.01110135852227	1.28773613900848	NA	1.22302457240213	0.88308214717611	0.781491079445149	1.07248667914582	0.91099554880462	0.55407130466204	NA	0.635810151350976	0.718932395168805	1.18037508934349	0.583590914571166	1.87278914952318	1.03774689917532	1.18301010572698	1.13282608125873	1.44888007819066	NA	NA	NA
1.33839108232684	NA	0.683815290867724	1.07633857554621	0.855319527208576	1.49167628198214	1.55858871789287	NA	NA	1.23674914937271	0.946843896471524	0.865105442984386	1.19184621273084	1.52461074313653	0.762672313686509	0.911572677869574	0.253275422152502	0.660699998236456	0.829323097668953	0.61003879810181	0.741122141330274	NA	0.885404326305814	NA	NA	0.45024761151381	0.297881431602014	NA	0.376397079732111	0.197316685828134	0.424330647534557	0.456106015383821	0.272530346014886	0.436060793869623	NA	NA	0.7795651018442	1.29775802887168	1.1728856976785	1.21982719484705
2.19348500855215	1.5604838837676	1.09740915121615	NA	0.720140701672278	0.649815711882081	0.572672790519261	0.229878386619867	1.86873524727516	1.77702569713951	0.317365693468278	NA	1.45997627303768	1.54116946905781	0.247628996741015	1.59841312804859	1.64153748325052	1.81946853638476	1.88167892837646	2.21159212201645	NA	2.21933063888236	NA	1.16844156765742	0.334740434901741	1.18603662569048	0.237860744927788	NA	0.704549979322476	2.33662356582677	2.2451065080089	1.96970850338714	1.67829372227151	2.63943977590936	2.49922999111814	1.9294255793295	2.19477808949911	2.37289796203321	0.887317902918263	2.13800767424596
1.47637185185586	1.74330748483191	1.80482955109984	1.76035495382523	1.21809622205379	1.22200711004	0.938002433347232	NA	0.465670128690043	0.394488193128754	NA	1.32519133776447	0.96448602694853	0.898001269101424	0.667375107634373	0.649581094287165	0.669653499802138	0.974118530116684	NA	0.845200442124973	0.669169680114296	0.607489627025864	0.802020453073869	0.60554202245834	0.907164102186866	NA	0.374649484893434	NA	1.30258198628882	1.26343623554867	1.20389303643326	1.21785198550413	1.03104651961558	0.919777606852555	1.48864665180878	1.49719849506352	1.59918515252248	1.62261782573863	NA	0.532065016997271
0.681776094476699	0.410081395384942	NA	NA	0.48703282935598	NA	NA	0.779235732773796	0.443232683281636	0.490220364105799	NA	0.320877930718727	0.178300254237554	0.470774235944979	0.265394240589557	0.272614239910355	NA	0.728524422952128	0.304756490976133	0.78620284777287	NA	1.20233961323279	1.62716165481911	0.847414307452338	0.669378046176052	1.95415687676728	0.371591741458112	NA	0.626947336553687	0.530108813964684	0.559146182797977	0.587172980867045	0.492246994307479	0.710910228846261	1.71699377879274	NA	1.00093105840137	NA	NA	NA
2.12614580958001	NA	1.61658941543695	1.56025783170076	1.37285293979314	1.23115708026865	1.08044255655229	1.43442059385316	0.662172830492862	0.584161422187606	0.914745194391414	0.892393312058298	1.19896663948047	1.85062205663212	1.08386728402714	1.20635048809639	1.06671847275867	0.958891709451803	1.54043795581331	1.51248160975215	NA	1.07608525851028	1.76380356725305	1.74186434822293	0.527971947486911	0.798860520152276	1.310760654035	NA	1.76812622404722	0.169456015485583	0.237739118828556	0.157599865601405	1.54422483826627	1.66724682262693	NA	1.76478121266501	0.627596379381328	0.638303204924074	1.44512092687747	0.665578580448386
NA	NA	NA	NA	0.43543074364331	0.646805312719482	NA	NA	NA	0.201707076108256	NA	NA	0.383610308335147	0.366563052391378	0.863316805938617	0.698018376844317	NA	0.578523727153622	0.648101518117621	0.234283014187017	1.78590488363254	0.408642178415996	NA	NA	0.350321835055475	NA	NA	NA	0.221840790068292	NA	NA	1.26057469732677	NA	NA	NA	NA	0.47368115944388	NA	NA	0.960991820518431
NA	1.26001322122282	1.34241549467993	NA	NA	1.05906100856685	NA	NA	NA	1.20664088724839	2.25963602933626	1.39300361595045	1.01832572133046	1.34959960740836	1.52074402459027	NA	NA	0.920208177613236	NA	0.659260137029825	2.48838628597678	0.290329807295502	NA	0.491362677949601	1.06821779082798	0.530103408016484	0.556757798292498	NA	0.599388917115458	NA	NA	NA	NA	NA	0.867013581777077	NA	0.626968278280246	NA	0.738078187310808	0.811260284717238
1.42317274891671	NA	NA	0.521286534285545	0.297040069641786	0.401191475842168	0.373527137103762	NA	NA	0.818512213422151	1.07714852311799	1.73783653490494	1.56437348049739	1.27043848773987	1.26918355215032	NA	NA	0.80189102934985	1.82917775252293	NA	NA	0.882165755715756	1.29373852688904	NA	NA	0.810494193233936	NA	NA	0.386339769500705	0.280361098754024	0.612754924340677	0.262836297247723	0.273645077758925	NA	0.352224959481409	0.940480188280382	0.478289743257426	0.989680163313556	0.776651553349648	0.955435044700679
NA	0.76078407375862	0.767258979487448	1.79785700998765	0.602505766414295	0.619743311956883	NA	NA	NA	1.90905284494562	NA	NA	0.356607520646183	1.74384663230725	0.26974362424623	1.06843233913386	1.52618010106272	1.65720149594064	1.80646613714039	NA	NA	0.792388324437287	NA	NA	NA	1.70015950318099	NA	NA	0.325127393920758	1.44441427864431	NA	0.541728092212149	NA	0.466930768812618	NA	0.721233422972366	1.47160071877327	0.416906729181707	1.53514511480993	1.23084572610205
0.722875488000327	0.891247330814043	1.02716033128594	1.16303155484523	0.995621677485906	1.07964755365308	0.681126904662789	1.26454434519479	1.39089780424997	1.17263169036587	1.15499276336689	1.43484657535646	1.67795099485755	1.27712387833498	1.24361974219737	1.31043504037749	0.899679106177314	0.525620163987401	0.982578482765944	0.973910801572502	1.05965186418268	0.740273001506123	0.659020698244233	0.680491064086017	0.8857060930251	0.419412839843751	0.371445097952752	NA	0.342654419776496	0.558578859536396	0.506353439350528	0.406680667338505	NA	0.400201221617319	0.637638851877492	1.75762426849965	0.844011976621961	0.575451260667703	0.270884729417386	0.436359648579159
0.635231649600071	0.554547759634172	0.8604109193536	0.515843252984652	0.625617169772427	0.540422253814682	0.646280329310997	NA	0.670971089680922	NA	1.45981691846274	NA	NA	0.528259924767502	1.00606979458028	NA	1.12484803144679	1.05920119972872	NA	0.956474409082489	0.686879632488998	0.848842647823773	0.990080092344154	0.635934857706725	0.795625414912225	0.52853790333019	1.29560721252998	NA	0.776101913690356	1.10041670510811	NA	0.69213119121729	0.732969691621567	0.266012774163943	1.10512584022579	0.544708523496985	0.309915287387817	NA	NA	NA
2.41472320297073	0.312180900136652	2.02339916798979	1.50859842439557	1.65033231364089	2.29261028547583	NA	2.41058286550891	2.19303075139955	1.85253801574297	2.21986917899328	1.91170687389391	0.838519991139111	1.03683556568793	1.71785147259244	1.12273458329704	1.99883410929246	2.16056684497045	1.34221690698894	1.89256199628876	2.03269185815806	2.53817032356186	2.70684660177888	3.0955758852244	3.13752097194323	1.28256332075916	2.61695068259873	NA	2.28219173580096	1.95746588248956	2.52231489870307	1.76372960346297	2.23339418128282	2.13847982772295	1.94630155467028	1.96075288645669	2.11472231826551	1.39318563890334	NA	NA
0.810793725378688	1.18794793333065	1.31118554893124	1.14806958323275	1.46634865621585	1.30726373897423	1.98434859694483	1.34254357714374	1.16047018343777	1.30458121039685	NA	0.905389673331418	1.05880624620565	0.72600161266147	0.800703441307127	1.03053886016664	NA	1.28380548851283	1.20050853910811	1.03469711116939	NA	0.794643022922249	0.705289035992946	NA	0.288661606585094	0.404029983985557	0.334080591472286	NA	0.211767962387739	0.587944562128517	0.579430050044014	0.258594269905372	0.900787277940427	1.85241756986053	0.871389967918072	1.1379350427703	NA	0.42975544044457	0.961187987708758	NA
1.76034562533747	1.17545822329746	0.817214256224135	1.44320234756347	1.05279462413001	NA	1.41676604207625	NA	NA	1.53288228216673	1.13736199909774	0.822232720812938	0.872188632596835	NA	0.843363620066174	1.38863436846352	NA	1.45409142196692	1.13167733539094	NA	1.15731720649425	0.624624632534701	0.738827662488824	0.671384585672076	0.318390556872111	0.243508032285553	0.440485428790794	NA	1.68346584877718	NA	0.650538351494601	1.65966408324085	NA	1.91125868253699	2.10594427276947	NA	2.25483124701816	0.922387749695086	NA	NA
NA	NA	NA	NA	NA	NA	NA	NA	NA	NA	NA	NA	NA	NA	NA	NA	NA	NA	NA	NA	NA	NA	NA	NA	NA	NA	NA	NA	NA	NA	NA	NA	NA	NA	NA	NA	NA	NA	NA	NA
NA	NA	NA	NA	NA	NA	NA	NA	NA	NA	NA	NA	NA	NA	NA	NA	NA	NA	NA	NA	NA	NA	NA	NA	NA	NA	NA	NA	NA	NA	NA	NA	NA	NA	NA	NA	NA	NA	NA	NA
0.743765016868282	2.37118817876347	NA	1.02961996987706	0.647714359204379	NA	2.13230199453438	0.612561600466477	1.24134841257692	1.50586644443784	1.8749522235202	2.10022982954868	NA	1.97721742372506	2.01189801939561	2.28397327760444	NA	2.31697789841772	NA	2.10186793322355	NA	2.21055314761456	0.838282188745161	NA	1.04019577103425	NA	NA	NA	0.532756586709116	0.212429441569243	NA	NA	0.378262111942202	NA	NA	NA	0.535319571380644	0.44499322690787	NA	2.38646692776075
0.616978408851727	0.49640141541832	1.54538572061794	0.657227554554541	0.92928578030813	0.915307934992131	1.65215644939989	NA	1.36628672351866	0.746584002294552	0.598357456312076	0.531416009037356	0.744927942008229	0.616211064642013	0.533641482979161	NA	0.913279269631504	0.784395512724749	1.08689375504236	NA	NA	1.89348012034833	0.885129684399642	0.992758066631547	NA	NA	0.533769574840338	NA	NA	0.67689334422687	1.97212804781419	0.496666493026637	1.20048144894703	1.12946759873091	1.11671323474465	NA	0.940702610373441	NA	1.62637122244025	0.47673499333333
NA	NA	NA	NA	NA	NA	NA	NA	NA	NA	NA	NA	NA	NA	NA	NA	NA	NA	NA	NA	NA	NA	NA	NA	NA	NA	NA	NA	NA	NA	NA	NA	NA	NA	NA	NA	NA	NA	NA	NA
NA	NA	NA	1.61002588977365	NA	1.18565208191193	NA	NA	1.16203886627323	NA	NA	NA	1.63750124199811	NA	0.92173361399728	0.921051390841947	1.0037316614729	1.02663682543222	2.80679451028474	NA	NA	1.19610783130519	1.23812404452973	1.52189488716367	0.304407232464315	NA	NA	NA	0.436183117239723	0.144572060087362	0.323194673799171	0.327331632655074	NA	0.423411792962502	NA	NA	0.313425227957448	NA	NA	NA
NA	NA	NA	NA	NA	NA	NA	NA	NA	NA	NA	NA	NA	NA	NA	NA	NA	NA	NA	NA	NA	NA	NA	NA	NA	NA	NA	NA	NA	NA	NA	NA	NA	NA	NA	NA	NA	NA	NA	NA
0.339541270890239	0.336910626868326	1.71668113921719	0.570822818327522	0.633197348505306	0.667818713904755	0.57480497547579	0.713890225057761	0.633060499280637	0.568237915234046	0.778458686026342	1.28969975569981	1.0557928987505	1.17581148944826	0.645090333866483	0.291831882762413	0.825523565400384	0.540330355472527	1.17919424709154	0.384390748297931	1.21786822715382	0.837102475157665	1.40112941031233	1.05243473554512	1.22029222782204	0.723679291547993	1.60464146124082	NA	0.538447794276856	1.21095868210687	0.701834943753125	0.648931032319156	0.721571557743086	0.610844489735406	0.58838585248416	NA	0.674493648838379	0.655462992110349	0.965309451452398	1.4618994815284
1.04427428410004	1.48156120192115	1.34229641285408	1.22329454882032	1.3415149642793	1.19212719732158	0.55015271879765	0.57437266590956	0.949283898330199	0.603064710365288	0.821578175797836	0.865024396001958	1.04305123507457	0.882087262906716	1.03744288051961	1.448618208047	0.957017477839129	0.309641276529975	0.254616404871603	1.01231470804621	NA	0.671818589657778	0.822157987265366	0.654963805892455	0.784758122150587	0.875311664363182	0.531980144040242	NA	1.11302626279204	0.574691436196969	0.474176244359466	1.29974237595903	NA	0.238315661922629	0.210990814443022	0.268273150259266	0.57121713161616	0.70874287193298	1.48632618746304	0.712976858000131
0.408501838342383	NA	NA	0.28397610640338	1.30768966740835	NA	1.13712509462338	NA	1.93723008076343	1.548996283612	NA	1.7969574282369	1.29103156704261	1.30595684699603	1.09834305477319	1.26891886292101	1.04238317077687	1.01014647901838	1.56687944503945	NA	NA	1.54663598049115	1.48612953104225	1.38901717376134	1.55454480186984	0.758644944909531	1.30175255498621	NA	0.510783750814508	0.46181495067539	NA	NA	0.896710443586588	0.656172968817274	0.745829029036975	1.39820251265178	1.03563431475694	0.900414010313847	1.42402232310446	NA
0.597914273929199	0.493364739559728	1.20855152565193	1.19208299684324	1.46612179222462	0.975434461766979	0.966638606828696	0.654839111440907	NA	0.839686509360094	0.929345367301184	1.1700237401772	0.993503485492029	1.74408228253896	1.45613981763072	1.27795073609962	1.80102902008575	0.874551401220931	0.972868931097373	1.31728735054625	1.67581254250456	1.06756549020456	0.924079530912958	NA	0.52230862887401	0.249518840475845	0.228290335611992	NA	0.530857673850726	NA	0.639359455739048	1.22030173781488	0.637116852868136	1.18923985661641	0.545962733392446	NA	1.34683564498764	2.11712456948028	NA	NA
0.269243876421332	0.450694329396113	0.679174609753775	0.372061205819934	0.227106720107783	0.522251074701169	NA	1.10837591419505	0.433192109405169	NA	0.521437183050821	0.830645957858068	0.782888958519368	0.783646724187263	0.575372425268698	0.757332480713176	0.323049343585847	0.734206721845664	0.605414231562482	NA	0.591133561087478	0.749779008481854	0.48282429833111	0.16897977963498	1.46077711409777	0.458231955656882	0.649753281213438	NA	0.849555119403701	0.81002747044887	1.03902233614963	0.801016987865039	0.51218283471709	0.264459023904118	0.393661329146887	0.566460678668906	0.53384393695136	0.58901566986746	0.765537485727623	1.82117388898717
NA	NA	NA	NA	NA	NA	NA	NA	NA	NA	NA	NA	NA	NA	NA	NA	NA	NA	NA	NA	NA	NA	NA	NA	NA	NA	NA	NA	NA	NA	NA	NA	NA	NA	NA	NA	NA	NA	NA	NA
0.973875159068604	1.21300700970672	NA	NA	1.22980551156562	1.72946684381912	1.56952776837047	NA	1.45778113909409	1.37349312500811	1.45432119606873	0.998198124401372	1.02986722757402	0.950388819994801	1.27954112727927	1.32517394153776	1.52731135193004	1.2306442683135	1.6245485795082	1.8435796035681	NA	NA	1.45418558439706	1.36651188557526	1.82508518124315	1.47573931359084	1.53202816741018	NA	NA	0.692163908132891	0.678729671243643	0.777756308165442	0.638384752706054	0.972205764256175	0.347179249040827	1.49450641836334	0.906355610739412	NA	0.772095236915738	0.902750767565814
NA	0.84049649369353	0.946977801163963	0.993837716258384	1.13019885100697	0.496066930566126	0.938533528222353	1.47707937103653	1.68994368224999	1.50707087140197	1.49595035623024	0.998978165150393	1.14323434269807	0.999296830023759	0.855855697835067	0.970258652476525	0.698306844553262	0.757758950562192	0.823628896055105	1.08279225289557	1.46863353445194	NA	0.565592903347914	0.286941131478586	0.523958697621466	0.474787765787564	0.814352252362302	NA	0.333864632399046	0.914539741368553	1.18673331867665	0.885429489213212	1.69693082859484	1.22091456015145	0.631809777597717	1.10489970960655	1.39546585945954	0.502155351347957	0.533874404223849	NA
0.422678361720111	0.55273021791336	0.246825730827963	0.803434471970747	0.971502965127441	0.692127685858336	NA	NA	0.865392928244708	NA	0.582133521704585	NA	0.60890701580006	0.943967098775191	0.775430606930018	0.822360894446027	0.737005984632566	0.596019650700997	0.812254205155159	0.41555027225886	NA	0.959294451095258	1.47212543372083	1.1174420504131	0.963232476069338	0.702003996873314	0.398821640073446	NA	NA	0.33644993845556	0.485441802565135	0.496665382966778	0.862630159182712	0.873035579805398	0.615979689572917	0.849041891671203	0.455978031230589	NA	NA	1.4747953320875
0.819916030392172	NA	1.21596901586382	0.889740322016521	NA	NA	2.53342591055022	0.785102278538105	1.05442075781743	1.18386909275929	0.833724690560779	0.736317411245849	0.719620603330622	0.598656734224839	0.314769472339072	0.530326686723532	0.662344488717042	0.494296579276413	0.254977697028558	0.777220249216386	NA	0.598576013592063	0.964330250268118	0.579216923025167	0.678219781014727	0.693361041860124	0.173480121286705	NA	0.639083687496257	0.930688295371071	1.15398836288299	1.1694336262051	0.912966681271323	0.760646422277907	0.645130332284856	0.386180694815377	0.469865157622172	NA	0.445889443954687	0.519501399395875
NA	NA	NA	NA	NA	NA	NA	NA	NA	NA	NA	NA	NA	NA	NA	NA	NA	NA	NA	NA	NA	NA	NA	NA	NA	NA	NA	NA	NA	NA	NA	NA	NA	NA	NA	NA	NA	NA	NA	NA
1.45154045455911	NA	0.769675960645141	0.458520342251051	0.403666449701008	0.75385696424678	NA	0.6651594925144	0.857949764225593	0.83733721598106	1.15579196001367	1.28744680318876	0.994838556388465	1.27385065305497	1.08629502528164	1.15757595170321	1.28920984455362	1.05252771227002	0.880780633878259	0.989525316301191	0.866894577553996	NA	NA	1.0421874823797	0.569093255092548	0.308586564798158	0.180575491357027	NA	0.541691181356705	1.80248353877252	NA	1.40010757350356	1.07331977299456	1.18686355328006	NA	1.07825218417341	1.01019003518934	0.746705588637086	1.12674108897062	0.831337906579961
0.259918893776324	0.336854853055271	0.749700035538758	0.758118354564101	0.793686737674397	0.609813254904821	NA	0.237140851847582	1.0028676566502	0.759007191919594	NA	NA	NA	NA	NA	0.701535538366828	NA	0.689632610292283	0.613129767773276	1.27099857641154	0.734993696730324	0.251177805614613	0.206568087996521	0.238444144846728	1.82840365139399	0.673381383799144	1.98501710971686	NA	NA	0.272831634890963	NA	NA	0.51032059254818	0.338013852456024	NA	0.404135981726712	0.766839540997687	NA	NA	NA
0.776311908864506	0.96275666137385	1.28759170736946	1.34609757486077	0.952095304862666	0.843807136353159	1.62882929619818	NA	NA	1.29733133303751	0.942618544898464	1.04822748128756	0.731583890503721	0.563859021624588	0.502838499348619	0.649212614015573	0.692300706917149	0.781822251560443	0.888795288015763	1.04715950447973	0.997073787701392	NA	1.574368102884	NA	1.42536878615664	1.14097617459996	0.898157081329531	NA	0.279306983862538	NA	1.22785305216913	0.765279761800619	0.61451019007042	0.627358789007695	0.695191138966493	0.726319907231911	0.987513561195923	1.38320397611506	0.896287276847047	0.892517855570205
0.603899877595499	NA	NA	NA	NA	0.423556563162252	NA	NA	0.391844426659059	NA	0.918556348840115	1.10205217627604	0.862965876581963	NA	NA	NA	NA	NA	0.592301058805496	NA	NA	NA	NA	NA	0.69124659679845	NA	NA	NA	NA	0.713554025811125	0.492332153940003	0.241846884274165	0.429406516736872	NA	0.89594973033341	0.486351141567226	0.273933460597761	0.626035406663301	0.272520650628526	0.627233122950147
0.999571128301687	1.11793925057905	1.14540094842616	NA	1.08611394520199	0.694356619513842	0.464008633419058	NA	0.580197574307216	NA	NA	NA	0.654524016596362	0.714616987095136	0.734357394849182	NA	NA	NA	NA	0.71697415737199	NA	0.654273204556764	NA	NA	NA	NA	NA	NA	NA	0.314408262360502	0.466132311301996	NA	NA	NA	0.579703804904481	0.68091193305153	0.778081756261223	0.823177141316236	NA	NA
NA	NA	NA	NA	NA	NA	NA	NA	NA	NA	NA	NA	NA	NA	NA	NA	NA	NA	NA	NA	NA	NA	NA	NA	NA	NA	NA	NA	NA	NA	NA	NA	NA	NA	NA	NA	NA	NA	NA	NA
NA	NA	NA	NA	NA	NA	NA	NA	NA	NA	NA	0.294987881736812	NA	NA	NA	NA	NA	NA	NA	NA	NA	NA	NA	NA	NA	NA	NA	NA	0.311072318981554	NA	0.455982641959829	NA	0.197805790511781	NA	0.376748018466782	NA	0.123447660553587	NA	NA	NA
0.827377683141646	NA	0.644476421298777	0.895532349450707	NA	0.416821517708481	0.181367568586048	0.341622491685785	0.223701541728561	0.561469772716681	0.731774144423647	0.506648935466457	0.472985142525922	0.522541762237025	0.687955936771277	0.788646297931086	1.21258234822239	1.49217019622084	0.795797432316525	1.15288297174048	0.46879034445852	0.681114402664922	0.794491833696779	0.653496421314023	0.604762422234489	0.591687445987254	0.647706814447248	NA	0.323197069356103	0.358185174719067	0.281959565360537	0.740888902970632	0.616271788231281	0.723034931559987	0.855696520045444	NA	0.913040375456146	0.867739885672489	0.731693368432337	1.02857255364054
1.0703545688736	NA	1.83266827460453	1.09953225961029	1.28296740841839	1.18570170437168	1.27752505405652	1.65929575360591	NA	NA	0.996209136058879	1.1195293757516	1.1977836920056	1.32785819103953	NA	1.51316480732151	1.80070174939964	1.58993626305551	1.64222527913148	1.4699782739645	1.27127782214679	1.19882378987074	1.48533360135672	1.18999021970581	0.987615971815803	0.832038487153933	1.88923038544165	NA	1.82782997013444	0.513214563336272	1.58623146604846	NA	0.439351528898199	0.820311167619436	0.353002177516842	1.27760549372729	0.721156084401662	0.692665066034426	1.81902240779054	1.52722515761598
NA	NA	NA	NA	NA	NA	NA	NA	NA	NA	NA	NA	NA	NA	NA	NA	NA	NA	NA	NA	NA	NA	NA	NA	NA	NA	NA	NA	NA	NA	NA	NA	NA	NA	NA	NA	NA	NA	NA	NA
0.798844208446976	0.288921627725683	0.707600934228954	NA	0.898891094140013	1.16400428863806	1.13146455867267	1.30509241176975	NA	NA	1.28520053973435	1.19221054824735	1.42055513601482	1.07847715556001	1.35293820476566	NA	1.24150316142915	1.34896631341834	1.26195966702892	NA	0.790121439575772	1.21748668215703	1.31403156926748	1.0744793842598	0.638864337106434	0.35710840462529	0.308422148571982	NA	0.257868196018364	0.399819214296751	0.483575207023863	0.426378171020321	0.379623756587198	0.324042535444203	0.517586576539316	NA	0.605507437542763	NA	1.03120087739249	0.861340615898612
0.217630109788287	0.669438263362996	0.778651846267009	0.106348728531927	0.362413812193985	0.191925086661259	NA	NA	1.41383872098395	0.807352030530977	0.614486191893463	NA	0.724300202795655	0.562801880558905	0.513436549552578	0.765485456256958	NA	NA	0.753346494190421	NA	0.225535693891835	0.681614007453523	0.68192289431622	0.446166954146937	0.404130260000066	0.781301186706894	NA	NA	0.339497361136202	0.531617495380117	0.472456002924216	0.741313146377214	0.802312379344385	NA	0.532892065762125	0.669279273250813	0.147858243452098	0.36764863614488	NA	NA
1.8334262991612	2.20977704236263	1.91448329360705	NA	NA	1.61075042342457	NA	1.40860386235698	1.40424851371707	1.5990613258512	NA	1.91098321874575	2.03102205683832	1.45910468752286	NA	1.90147234052595	1.7839141646999	NA	1.30608085735584	NA	NA	0.339003572431732	0.312846026282182	0.600010344397536	NA	NA	NA	NA	1.52536267932085	NA	1.7029527972335	1.82681913684489	1.74826543200718	1.96803468227632	1.84609205218888	1.59868319662464	2.15084427897507	2.09933301245767	NA	2.34922852184778
0.789739661933423	1.60915256562969	1.50510964745779	1.23833744702499	1.37931938579963	1.3000432918709	1.2607843527175	0.768531992035674	0.924308606780066	1.14555243156799	1.11990685972508	1.1708806810627	0.636882778769925	0.786998658014191	0.68693420992002	0.900890371361296	0.611624939434047	0.361200626737818	0.739156773665111	0.934552554336346	0.67546224700218	0.602190237381227	0.653724623131602	0.678825711629044	0.670022067053426	0.517042706262858	0.373743771915177	NA	0.957112022331818	1.32562440209044	NA	NA	1.31917651474008	NA	NA	1.01646545400327	NA	NA	0.821162028639061	NA
0.527672602552211	0.380304906118003	0.656350662437384	0.681526728222523	1.10268632847203	1.24386662973108	1.09071162777996	1.31132841515734	1.12388367735551	1.2892437489259	1.29616404691654	1.32490176370469	1.17437654506863	0.921166986406393	0.942293427624455	0.846201347557912	0.898042319485844	0.402706822843785	0.848572752689621	0.533828575371235	0.961675303362098	NA	0.861239548853155	1.13668078226181	0.977998199827826	0.921732909262883	0.728339530047988	NA	0.554009467952987	0.574955887757814	0.588903396331814	0.360818442633787	0.619652593281008	0.480577585492581	0.312185088606961	1.4263203983118	0.864702715351742	0.80570225327054	0.704295115334092	1.41530928931001
0.674406382009753	0.941222465813905	0.563756683094382	0.853269836552994	0.97450745886309	0.316376122233828	0.404126426177525	0.55238884478505	0.343237116956656	NA	0.908571333930775	0.757192879109913	0.471446368893212	0.39888492681119	0.595973530573329	0.695846951006084	NA	0.921456417020559	0.994277346353277	1.26847439842337	0.742062261038031	0.978297420285015	1.11284298464236	0.993569773041712	1.12191969223375	0.824015342664929	0.809949590925824	NA	0.671052572877372	0.375917550412038	0.285961701463267	0.241773759560258	0.551018203580439	0.543248935845766	0.501747542089115	0.652442550231136	0.643580100758681	0.482262755852336	0.393050841693478	0.380983040519226
0.697513697889182	1.27104234367796	1.21417292309675	0.515526385959543	1.34844997040059	1.13488041328563	NA	1.30019350331855	NA	NA	NA	1.79730422065659	1.5361250494381	NA	NA	NA	1.02580915788115	0.774639697088683	0.943391944445159	NA	NA	NA	0.99758103607513	NA	0.781497282804463	0.726450302208155	0.570406903726993	NA	0.296778655313397	0.335773575044942	NA	0.666692466802925	0.707027370054877	0.816970062546082	0.415478044548753	0.359287027661911	NA	0.913291628164655	NA	1.23003117126629
NA	NA	NA	NA	NA	NA	NA	NA	NA	NA	NA	NA	NA	NA	NA	NA	NA	NA	NA	NA	NA	NA	NA	NA	NA	NA	NA	NA	NA	NA	NA	NA	NA	NA	NA	NA	NA	NA	NA	NA
0.623294587226249	0.251896017276617	0.438356208233604	0.552428102299554	0.608748042221106	0.607792812270555	0.515322633747859	0.377034649067659	0.945047696309723	1.33970062728488	0.61283006002644	0.556520627688014	0.696571105307588	0.478169320559018	0.104712789217109	0.720427570461504	0.568710807153912	0.522378643974735	0.462680953136479	0.254111052970297	0.598788650110342	0.65270649518442	0.81471316587018	NA	0.633895899437208	0.611221782576883	0.361984742724773	NA	0.264292376881932	0.50304609666355	0.578029945942232	1.11520502378516	0.966353977580914	0.88872924357698	1.20324049085055	1.0443667476701	0.439169960301336	1.3540053436963	0.517318387087813	0.464317223778349
1.75012639794785	1.40944010363533	1.72438816300559	1.31857062468901	1.88159581383495	1.00791871575882	1.18351536312822	1.27433035814263	1.13787344622497	1.98664322842731	NA	1.05611733286955	0.372841948924333	1.15406390689746	0.999809723516049	0.996311127925081	1.11318276806926	0.805762022678495	1.1499079200892	1.00825030933049	1.29667528380066	0.571261805635658	1.37678628877928	1.23971874722159	1.29146396766196	1.19299374279264	1.25436359823229	NA	0.525584670776877	1.01861995251553	NA	0.811785816103474	1.05329922373023	1.03015600212211	1.49370409746352	1.79718970793928	0.746546288546402	0.971192727425463	0.93967641730457	1.34391941021098
0.61750764038111	0.883092842334809	0.975468575829965	0.657172069011599	0.471409301990772	0.266105287787779	0.216936635803616	0.17491441044876	0.454120331105553	0.714087856046044	0.650290202182717	NA	0.583855005315412	0.894795492894026	0.826846357987481	0.867828263276983	0.316206569840106	0.455481692211506	0.590440955008584	0.507385909412627	NA	NA	0.478725236642727	0.243506993607413	0.394500826183273	0.424756104146731	0.48735596495807	NA	0.324204160082615	0.28481621974362	0.814511505517836	0.707387574048743	0.594486064392781	0.509251932305495	0.574797388104612	0.119541991078424	0.315792196766863	1.02970051497388	0.993777303747905	0.993801562073367
0.34195070806304	0.989862652919569	0.832589054139651	0.520174829880264	0.589154897899764	0.798027983255661	0.706941966671544	0.650634198781029	0.883125506087405	0.192871336391587	NA	0.831451379502346	0.866591613016703	1.37153396215744	0.313777025781387	0.543257493592763	1.6127229950479	0.722357121124398	0.57375146731909	1.15210870870811	0.693747752504802	1.25897129379112	1.0157355330814	0.99408834476167	0.808769465010609	0.647231238156718	1.44607171060618	NA	0.292556372046432	0.563293336622845	0.683450271588835	0.907057862924489	0.891209612513788	0.745651949955241	0.460088913758351	1.09580890838369	0.786587295750653	1.59417562362043	1.44525020034515	1.21828237836935
NA	NA	NA	NA	NA	NA	NA	NA	NA	NA	NA	NA	NA	NA	NA	NA	NA	NA	NA	NA	NA	NA	NA	NA	NA	NA	NA	NA	NA	NA	NA	NA	NA	NA	NA	NA	NA	NA	NA	NA
0.714268883798541	0.765278485397986	NA	0.360131689880586	0.451364338029534	0.771870136812282	NA	NA	0.66335180478737	0.48087934514934	0.225044653971786	0.598564344873772	0.583172824725862	0.552804713940027	NA	NA	NA	0.960038026108278	0.878211319416465	NA	NA	NA	NA	0.324219031093807	0.490474665680823	1.30174261254348	0.552061050514215	NA	0.165881071739316	1.06152705098123	0.749368604325454	0.667127063658956	1.05399617154452	1.32696930792015	0.363771649899806	0.671186706584362	0.771657065852825	0.237069229049039	0.140551315226134	0.287481113712765
1.19706973953521	NA	1.66049125062732	NA	0.971328481479612	NA	1.67354499476456	NA	NA	1.6979514813988	NA	NA	1.58752669938712	1.41253472107193	NA	1.16079941628061	NA	NA	NA	NA	NA	1.77500083044872	0.614981530774611	NA	1.24038882393645	0.987026765130249	0.869563348334229	NA	NA	0.298543090218808	0.500639112522922	0.397689307275612	0.554521885938715	0.603382015021822	0.262253359804823	NA	0.76508283193293	0.788510561621457	1.60388729552434	NA
NA	NA	NA	1.03105978571388	0.8200535919502	0.599749170631241	0.442051356262196	NA	NA	NA	0.684355996545987	0.74610261292159	0.215279631268268	NA	1.11176246474743	1.15259169932571	0.707919580916701	NA	0.753834063324681	NA	0.378393804222801	0.795819911025208	0.661616322149478	0.356905967560365	0.372263392485407	0.411173233170086	NA	NA	0.136438597735541	0.43158162694489	0.412568718588746	0.353683629558737	0.270492565114533	0.470602287404781	0.363519735915322	NA	0.718102459430577	1.00947059713629	NA	1.05162204278564
NA	NA	NA	NA	NA	NA	NA	NA	NA	NA	NA	NA	NA	NA	NA	NA	NA	NA	NA	NA	NA	NA	NA	NA	NA	NA	NA	NA	NA	NA	NA	NA	NA	NA	NA	NA	NA	NA	NA	NA
NA	NA	NA	NA	NA	NA	NA	NA	NA	NA	NA	NA	NA	NA	NA	NA	NA	NA	NA	NA	NA	NA	NA	NA	NA	NA	NA	NA	NA	NA	NA	NA	NA	NA	NA	NA	NA	NA	NA	NA
0.953984586837101	NA	0.569889170438806	0.93190085711756	NA	NA	0.121842061974468	0.549406380601159	0.478098995305806	0.587964575357833	0.994725320615451	0.769861246297895	1.17722324514706	1.37176007239899	1.39864241314479	1.31721449880756	NA	0.504132400726295	0.682431062126711	0.444187281149612	0.927284197070561	0.855709588846434	0.951266718879218	0.663850984690569	0.486860310426362	0.394961938606149	0.38758642494631	NA	0.384587653331593	0.651828611248058	2.15687638359659	0.186908244616746	1.33510714975924	1.11036369628382	0.674495029705085	0.918085305287172	0.904497030618023	0.70215808220519	1.57192798500046	NA
1.27626155524965	1.031728756715	1.38382535378161	1.17888801865879	1.42646937803776	1.03485829486575	NA	NA	NA	NA	1.30836249841913	NA	0.981524056077663	1.07069500909668	NA	0.69415820310588	NA	1.35351546019474	NA	0.516734637826772	NA	1.14545529041089	0.623157254879209	NA	NA	NA	0.995060656213214	NA	0.812470272834888	0.941960971530203	1.1822205261091	1.05292576058223	0.871247616178281	0.974156378683548	NA	NA	0.782577745450465	1.06888366901041	0.643756679293735	1.24614673816682
0.640615811979016	NA	0.747056073591662	0.536233247103838	0.752268659613649	NA	NA	1.05779998768384	0.998225289728334	0.751687366731331	0.470404697085454	0.338811490764272	1.70657182122675	0.406137624472681	0.62142908663883	1.09033009945402	NA	0.667185076958808	0.443800070098777	0.652020835259732	0.807939797877633	NA	NA	NA	1.19391080994721	0.905880940680881	0.762532806174507	NA	0.0851726221659059	NA	0.750231635244699	NA	NA	NA	NA	NA	0.499890543458776	0.409604729216938	NA	NA
1.10498112224118	1.21843574325053	1.45222752099415	1.45393019496739	1.73923817430518	1.72913192095249	1.70459000964862	1.74570830961342	1.88703141656909	1.08304498425671	2.15753048258147	1.9586138312929	1.89291881624582	1.86734449832614	1.85370884779355	2.17539817934516	0.670990410352636	1.43338245941271	1.15149483406809	0.633660521545892	NA	1.64741751672316	1.44385361868485	1.02779677432848	NA	1.27102288722784	1.57729304182887	NA	1.01362459550088	1.25271956251685	1.03014867502801	1.25505980753303	1.24765936791495	1.61933668460616	1.28974533225483	0.902304025971376	1.34596113573046	0.672696161279819	1.79897988622161	1.35060101559604
1.02681964039748	NA	NA	0.796187477207831	1.47657120256712	NA	NA	0.611791486357121	0.490220746170382	0.404079679376775	0.301526196904498	0.479421986991258	0.573618127105072	0.62738437837641	0.80726159420544	1.0593624374939	1.39298149091953	1.5452767246199	1.72426601540035	1.6035684020543	0.52150683809164	1.0725044620048	0.509762709023132	0.551610115366997	0.254002472056561	0.271441932371589	0.460843040955656	NA	0.444848066143213	0.515711840084386	0.768744711419012	0.883958459152553	0.84155129589798	0.849999496447441	1.00003216390208	1.12111974295534	0.893694470432838	1.01691481387095	2.53942453927365	0.854852852826568
0.873619077041564	NA	NA	1.08258194067415	0.769823695510552	0.574680892711466	0.802791441251761	1.15396070033828	NA	NA	1.22110307202034	0.5306365135694	0.943175051760434	0.48889535757542	0.505296258508832	1.35991763232344	1.18716470447221	1.21389673387847	1.47919841327716	NA	1.23324511141087	NA	0.763063776638732	0.595390402697722	0.465846860235286	0.400503533520601	0.495604266136276	NA	0.447567895311734	0.736425171628532	1.65301735309175	NA	0.664509263606983	1.23750175976713	0.51510536273747	0.240385596201158	0.800336839990911	NA	1.0879614410695	1.61473555194778
0.542294287744825	0.745042033308096	0.74256352540818	0.830298328055393	0.877106386314705	0.515269478669979	1.0016940947094	NA	0.695217754687269	0.754291582405733	NA	0.77793041612682	0.599039185513224	1.0900226168442	0.766073610646827	0.471349745392632	0.256777003498982	0.392155862096437	0.57221280024276	0.798187201162315	0.787273254318572	0.88625968221507	0.970714076847448	1.00988031584597	NA	0.369931210361274	0.505247347423987	NA	0.762158030806669	1.0523658821874	1.08179752794467	1.74494780685028	0.924289758122027	1.3526799748843	0.852597146541666	1.16980554338234	1.64476453996216	1.43514681292376	NA	1.54735644053527
NA	NA	NA	NA	NA	NA	NA	NA	NA	NA	NA	NA	NA	NA	NA	NA	NA	NA	NA	NA	NA	NA	NA	NA	NA	NA	NA	NA	NA	NA	NA	NA	NA	NA	NA	NA	NA	NA	NA	NA
1.49705981751407	NA	NA	NA	1.54870413994284	1.18736003368519	1.00884301732121	0.905930771898389	1.87842170345156	1.60289587579615	1.57641083913314	1.47057716198361	NA	NA	NA	NA	0.827048372562244	0.935361931509	NA	1.24534943235362	1.50901720196825	1.32708723692484	1.47732351527978	1.69437559775574	1.53797215825751	1.6146437274237	0.764168032273979	NA	0.621284390308556	0.813618071626179	1.30018822218198	1.14441022745264	1.06642040275977	0.787458658303946	0.906962104994926	0.71922239367177	NA	0.410102568421182	0.527268472092997	1.3323566508889
NA	1.29440868599075	2.32299550036016	2.39901972857177	0.732007563675619	2.78868495069285	1.73651882781207	NA	NA	NA	NA	NA	1.96966363641125	NA	NA	1.90964001659299	NA	2.56838382741622	1.20588009349338	2.16587318312725	NA	2.58354053606638	1.64631698246074	1.65974594945916	2.04181341727837	1.1451089387307	0.980652340474602	NA	0.453010244576403	NA	0.432884183955943	NA	NA	NA	0.259422151396518	NA	2.98988539642016	NA	NA	0.371568324721725
NA	NA	NA	NA	NA	NA	NA	NA	NA	NA	NA	NA	NA	NA	NA	NA	NA	NA	NA	NA	NA	NA	NA	NA	NA	NA	NA	NA	NA	NA	NA	NA	NA	NA	NA	NA	NA	NA	NA	NA
0.411732137995505	NA	0.601364216170884	0.371094420747256	0.313569480135934	0.470999738975268	0.26185693117143	NA	NA	0.29132754332514	0.703294336815204	0.90404475790532	0.549956545773024	0.431282189314943	1.46621280062287	0.382287743484858	0.457000589324889	0.519963109448834	0.781365841560064	0.782185690000494	0.741347380623603	0.280338688302329	0.327157570549272	0.48730478589958	0.440900367982497	0.51913690610531	0.262757863263429	NA	0.862270163306718	1.39913083022432	0.426788519280376	1.41137923335371	1.01472167530156	1.54943887773081	1.70676191933417	1.60217308382911	1.84843777910345	1.76894847434869	0.733397302114175	1.49410197902682
NA	NA	NA	NA	NA	NA	NA	NA	NA	NA	NA	NA	NA	NA	NA	NA	NA	NA	NA	NA	NA	NA	NA	NA	NA	NA	NA	NA	NA	NA	NA	NA	NA	NA	NA	NA	NA	NA	NA	NA
0.873241149762943	0.816537056843161	0.723484531007948	0.96484015368675	0.824524357875373	0.759110101854387	0.626882713616923	0.644546875760183	NA	0.925737553730032	0.793132773154946	0.663457108015015	0.532290305564998	0.743391433097679	0.871130263890087	NA	0.661460074500244	NA	1.59134696327396	NA	NA	2.01260533715141	0.299039587792549	0.130686396213456	0.21162002701013	0.492468438499659	0.190493961842025	NA	0.970249294985456	NA	0.562711257991939	0.664606742800644	0.536993055042901	NA	0.202287201206622	0.955356281065122	0.786595935859981	0.857052507959194	NA	0.475900922005259
0.762720987870309	NA	1.18973689528252	1.04072217006332	1.01759407718495	1.10086224376098	NA	1.29919966216003	1.17890085729644	NA	NA	1.28458989446618	1.28386559735359	0.957162420713342	0.920863292182596	0.970566402956202	0.850630547669804	0.698542250102479	0.707134883134386	0.90271802173601	NA	1.10307761531477	NA	1.03824838904488	0.788040755340049	NA	0.60358050717656	NA	NA	0.644697231891498	1.10650195868573	0.436589794981836	0.87983957418559	0.764446369057021	0.991139452557608	0.690807342422616	0.547050499597434	NA	NA	0.74258647922347
1.1966948430771	1.04072628813154	1.12341877588854	NA	0.655882586766844	0.508520008748892	NA	1.50009985449779	NA	1.09874154388858	0.989657974213436	1.09566356009948	1.21957369721956	1.05068571150223	NA	1.23895627029383	NA	1.83370696605584	1.69540008890976	NA	NA	NA	1.07662799252838	0.816601386294489	0.976301029790192	0.850098070083862	1.37203132612789	NA	0.263186248391162	0.708626930404678	0.940446761667064	0.565663621970167	0.374613955289224	0.433471932883977	0.663643160053935	0.317523216476178	0.200599432762583	0.419908563179293	NA	0.649985873953712
0.960061609797362	0.986729093624812	0.631961833140878	0.428659760231719	0.495037726928433	NA	NA	NA	0.621984642023793	NA	0.759298267440812	1.18347518726852	0.534583524661873	0.618380382931835	0.306343995314961	0.676828503263327	0.486377515271905	0.906341345762196	1.54591288203603	1.50782699865034	NA	0.62325371070912	NA	0.920708333647853	0.926587513064893	1.08865515805212	0.778514190813666	NA	1.16950448198365	1.05028931263751	0.92477835086179	NA	0.637998279859551	0.3234830920452	1.53280689926813	0.687693251070518	0.572102763893897	0.784609765925243	0.401221795706751	0.768610521303455
1.46419405358461	1.63758486270405	1.83917830355843	1.43311916318342	NA	1.10574151764577	1.16266840996535	1.25392081617187	1.18847998343277	1.05653340677017	0.735899865014455	0.764278957715226	0.671055699993826	NA	0.924282503987183	0.776259551403293	0.862170896558826	1.19733158197489	0.751515219053148	0.91134959073908	1.03632575234898	0.896801032616256	0.937055368484625	0.706487119429334	0.67744930887763	0.515444884980466	0.70077359052147	NA	1.09604253996229	0.838683837562975	1.04487292644642	1.03972038343491	1.28154199085659	1.54501191154923	2.41905342512622	NA	2.05271951628827	2.14617083333703	1.63020917796733	1.8794797011245
1.07172788392704	1.88776600314962	1.5459912096892	1.25326440493737	1.4072897142108	1.29294625331483	1.04077649826359	1.1396677009649	1.21587627484982	1.94915500831166	1.15665081778817	1.81990573851669	1.288582643033	1.31494468490628	1.01542210544695	1.04583229319994	0.682870031015054	1.00859730282586	1.61067438817311	1.81568167976209	NA	0.542069563424016	0.859135465416233	1.04256280602909	0.834467455015529	0.637728417920376	0.27427403309185	NA	0.381965895752157	1.24961899822105	1.50176084930548	1.78161884012818	1.42910328730237	1.70086500968259	1.82207313407416	NA	1.74399665023541	1.6455501309796	1.73322493670337	1.46382585952584
0.798675173795869	0.867795128793211	0.375700966482845	NA	0.70610336661742	0.751919887073595	0.606381533128426	NA	0.654309194432684	0.460746422448983	0.517267922469594	NA	NA	0.425829667767118	0.402506698068756	0.450843025935412	0.520130074162256	0.967842452142828	0.55131409859297	1.04153136677419	NA	0.454471822898185	0.441315017325829	0.262325102821426	0.533976181004187	0.629052654733884	0.609584447523097	NA	0.524381574883391	0.499950213060821	0.88463587500193	0.834104387915637	NA	0.801755067748097	0.927840248835884	0.960635263424006	0.821356735473702	1.42394477803482	0.537301711403725	0.407911284889923
0.515619272968669	0.894696145560377	0.901921158756522	0.316567817512666	1.0594688712136	1.23254124114965	NA	1.27084140843369	0.704140380830105	0.854610949354176	0.6317784166792	0.637798439669098	0.674643353368178	1.27307897303759	0.580392239176105	0.56591306852483	NA	1.28979926785354	NA	0.62840364937971	0.798634461289503	0.44168743981444	0.516177904687189	1.52812936925174	0.293536054906543	0.489751950248766	NA	NA	0.282797177116343	1.7110111607557	0.42976679297348	0.558075419784585	0.525329691812452	0.673919617631562	0.0691047809645461	0.305648826020123	0.468915751781951	0.742991839132878	NA	0.413030680982893
1.37927719548112	1.21016441402222	0.753808405895263	1.32583114795571	1.23316043864664	1.24790793973024	1.33257760563167	1.01498920416901	1.37677664226901	0.807075666048831	1.25189867768446	1.05619624419578	0.483541318123817	0.813101790522431	0.999990003639093	0.998150140051264	0.862948020448374	0.454957894061249	0.570377482197499	0.913341601828301	1.1824641882027	NA	1.22346538288242	1.04279739875587	0.664608878260385	1.32972004415753	0.416847260111201	NA	0.693269043193725	0.301851596338155	NA	NA	0.590274480200118	0.541886942870284	0.735100166466628	0.593546467217964	1.16778249061191	0.0989991801058733	NA	NA
0.733799223365607	0.919062657206459	2.7195042395255	2.23519985709369	1.84201045577786	1.70301932460556	2.01298834441918	2.06655412253383	2.03283827866063	2.35943736992316	2.6413565395043	2.11446971516436	NA	1.40757598882505	1.86261497839301	1.50778290386962	2.34756361482641	2.43364720416767	1.15262803668359	1.19205377816747	1.5769288981586	0.598989244698993	2.17424575406075	1.56703109171843	2.07295606331735	NA	0.892013017186915	NA	0.87187224104816	0.616328224968036	1.33825414783381	2.76232223205843	0.840818527066295	0.629122138003463	0.829578014001595	1.39842327986743	0.490621332832886	0.524132352657024	0.643699192657436	0.540656745901327
0.973295132568152	1.11585976806582	1.15830082433462	1.0237677358961	1.15160842407842	1.13860378443459	0.910625271907748	NA	0.781948772715597	0.822469431066015	1.10026619961277	1.17138523985133	1.26683146360274	1.85986653550836	NA	1.64387289238935	1.19900762459654	1.40920604189842	1.30471021521451	1.12406922863521	0.912829775419423	NA	0.939001567762479	0.519424482161082	0.534855075938106	0.400889341150303	0.401870308518391	NA	0.38385302319134	0.918951437038916	0.62222996451121	0.615988808021904	0.739944791930523	0.658623279390455	NA	1.14660179379302	1.30885436777857	NA	1.95134178661111	NA
0.390462226308841	1.02848445935273	NA	0.977646837961703	NA	1.06823676105771	NA	1.07324282021168	1.56642617419833	1.33999309706788	NA	NA	1.18859481061896	0.889863998317014	0.651951484114285	0.703402651772002	0.956783693486077	NA	1.24637667012328	1.27993159625708	NA	NA	NA	1.85719359786788	NA	NA	1.15603164317373	NA	0.601833214561441	1.07359464137663	1.41082289475301	NA	NA	NA	0.315676300062108	NA	0.931707860870434	0.694623620296385	0.657312880308951	NA
1.0606035872868	1.49415586888264	1.13852236803656	0.903486433803939	1.11295180538004	1.17077711748594	NA	NA	0.491405517383772	1.14694614164205	1.18176701412426	0.710830861996684	NA	0.794386961889204	0.968376027719737	1.16904381750061	1.26089488031097	1.10756318416239	1.07215896234787	0.970441062331051	NA	0.988912985430041	0.752705587756705	0.828292213327139	0.749544234642431	0.874075004804178	0.529952674886179	NA	NA	0.610049372662464	0.593614789610681	0.340790068880634	0.637925412259607	NA	0.509194948068657	0.960186850556709	0.845858159612285	0.354182339963245	0.23619123070549	NA
1.11641362422868	1.47687234556137	0.843810236416655	0.300241127059813	0.451222360023317	0.445618125829334	0.498594455267304	0.483715722022126	0.818168253258312	1.18852703791101	0.589550120487119	0.622012087104174	NA	0.724836095385357	0.709757981961264	0.727733719381907	1.00304547182952	1.15563483014345	0.979896063197553	0.70272000835021	0.27595554209231	1.09938193995386	0.557647820992615	0.24389490339041	NA	0.573955500356633	0.60964536130897	NA	0.880294281529968	0.938426620353542	0.411742787653124	0.636834570603279	0.716285715603522	1.17843431553976	0.685363700267581	0.852596546119438	0.974467531849698	0.952537607669211	1.28456662423883	0.780068408041709
NA	NA	NA	NA	NA	NA	NA	NA	NA	NA	NA	NA	NA	NA	NA	NA	NA	NA	NA	NA	NA	NA	NA	NA	NA	NA	NA	NA	NA	NA	NA	NA	NA	NA	NA	NA	NA	NA	NA	NA
NA	0.54853379576603	NA	0.833985960114562	0.451044939411765	0.803309685199642	NA	NA	1.09088467907165	NA	0.736579164668444	NA	0.641420409206523	0.708896372274563	0.583254141339093	NA	0.482329322485877	0.864424775472475	0.908929579719997	0.803721403020176	1.07332740975038	0.855894109480588	1.19971187024919	1.25388530740085	0.654424259120767	0.804043328407913	0.688187142714133	NA	0.426772547336013	0.322999807268338	0.34985802011341	0.315160791466855	0.587181571264717	NA	0.453161511979311	NA	0.496803753261834	0.432555559641492	1.18476734596664	0.367743173446508
NA	NA	NA	NA	NA	NA	NA	NA	NA	NA	NA	NA	NA	NA	NA	NA	NA	NA	NA	NA	NA	NA	NA	NA	NA	NA	NA	NA	NA	NA	NA	NA	NA	NA	NA	NA	NA	NA	NA	NA
1.15930858938726	NA	NA	0.865441695765694	NA	0.713132552247406	NA	NA	0.925479778609715	NA	NA	NA	NA	NA	1.256081892079	0.940116955239778	NA	1.02753452500088	1.38014096050661	1.18973088392513	NA	1.16487065402773	0.881199882942388	0.807083319990866	NA	NA	0.753171848314246	NA	1.33719281567674	1.5919713618345	NA	2.32036330426978	1.1527261473409	NA	2.37084313918277	2.23067369470969	NA	2.74561922694419	1.59082985716038	NA
1.48125121116988	NA	0.860231428807467	NA	1.30235986742997	1.33624860111692	1.25889277370184	1.2385890161673	0.994670833126508	1.31875757940609	1.3522889296317	1.28596563061344	1.00229409210041	1.37463927696396	1.07596997980789	1.21433548240659	1.31620265270733	0.894447837105305	0.854871559335236	1.30422199670404	NA	1.13286975607628	NA	NA	1.23302805654705	1.36703594881081	1.60323441731867	NA	2.0963775296738	NA	NA	NA	NA	NA	2.09825880232108	NA	NA	1.62217833529212	NA	NA
1.08307410528378	1.13428723052653	1.23068832760852	1.18436168551866	0.957804334286451	0.729264240167378	0.725979690703054	0.908108370914123	0.689086215168183	0.568410396590215	0.623601143329112	0.749778136575881	0.81962242434697	1.0155143191297	0.954425259390674	0.82537254406971	0.815843371062359	0.779403353758129	0.863507011975607	NA	0.822883979825674	0.778283116405972	NA	NA	0.565998017017853	0.317185337714842	0.600906397167221	NA	NA	0.524434215220075	0.890208152184402	NA	0.437312179440663	NA	0.360157967277966	1.36874491225995	0.913058066468183	0.292363452930829	1.35621051286627	1.20280073923727
0.333723235115758	NA	0.649055391848562	0.590752112480342	NA	0.225597214497771	0.380719551835408	0.200328134418173	0.260157114907044	0.297087048211564	0.426069902721459	0.376827605748355	0.297904030191682	0.279564079304555	0.509302393534472	0.867064753920272	0.997126691384132	0.644397687640833	0.811510716373229	NA	NA	0.825013002250777	0.22353038218078	0.348043109131035	0.582491296991885	0.416034170225446	1.10080212480873	NA	0.173323982756637	0.580801589137342	0.708555887322375	0.987760319225125	NA	NA	1.56737736012194	0.882763416168835	NA	0.821981034011704	1.85240612284712	1.80357992393717
NA	0.471449614801567	0.631595917982381	0.665943194049983	0.447297505350504	0.659149016873072	0.903183540477775	0.567451646921532	0.357797329134755	0.265631683894605	0.202824411652359	0.367855048629401	0.838065722909369	0.533442350867366	0.443570819505884	0.888265759132947	NA	1.44403257747764	0.831544641185094	0.966886059314262	0.611690751020278	0.295253076627145	0.598720613417068	0.547880933723027	0.251625515034774	0.149820960785365	0.255072854955932	NA	0.376589678613156	0.382073630373777	0.879152612346309	NA	NA	0.845214994922679	0.706595538634085	NA	0.493580792076661	0.341054917557276	0.378856563205564	0.209174954337052
NA	NA	NA	NA	NA	NA	NA	NA	NA	NA	NA	NA	NA	NA	NA	NA	NA	NA	NA	NA	NA	NA	NA	NA	NA	NA	NA	NA	NA	NA	NA	NA	NA	NA	NA	NA	NA	NA	NA	NA
0.927694423195108	NA	1.44450374090835	0.87216752722324	0.848064225111667	1.23826576928723	1.5178525125032	NA	1.34435879807452	NA	1.63917105876996	NA	1.28478497481978	1.57196077103066	NA	NA	1.96031723498393	0.649484761336332	NA	0.280578361757351	NA	0.643381740843315	0.921604054943683	NA	NA	1.85136473582048	NA	NA	0.502945564569071	NA	1.9620287399926	NA	0.570717617920784	NA	0.563946856098312	NA	0.820954921207829	0.813549115531908	0.402941585521372	0.564552340014948
NA	NA	NA	2.02892184688757	1.64286560816489	1.2793174770235	0.995027330490981	NA	0.757413537148815	NA	0.763741353357385	NA	NA	NA	0.904136810258747	NA	NA	NA	1.8045606489948	NA	NA	NA	1.76535022649748	NA	1.09771485038248	NA	NA	NA	NA	0.290904021305329	NA	0.776788698472892	0.574124226959185	0.561588929236211	1.02770350072531	0.682897698420033	NA	0.633995239041147	NA	NA
1.14209383088653	0.800878592176165	1.22269747600804	0.95197996660384	1.54390930977077	1.42691038358	0.475093263081867	1.74485659641531	NA	1.85443466216863	1.62073339569222	1.66209601525467	NA	1.31312696492651	0.844065132418333	1.11725178599576	1.04587206683313	1.1302093836445	1.03724196700026	1.39445886596989	0.672282827343978	1.38460681601288	1.09490343778271	NA	1.02622854122273	0.784602651608277	0.762914062054463	NA	0.236096736081231	0.349205909294693	NA	0.518413643842456	NA	NA	0.650969624026839	0.466812092724819	0.641472423886675	NA	1.13982387408896	0.748236405410492
0.35741068748557	2.02791048319043	NA	0.7512245021617	0.748084855366026	NA	1.10869028099801	NA	0.177388882651519	NA	NA	0.476629543710185	0.495541028762949	NA	NA	NA	0.460162090399709	0.430105704296561	0.461267995431294	NA	0.537191978184835	0.565804585711913	0.477364797876401	0.387371985878483	0.554409779485134	0.497941496842033	NA	NA	0.956693425882222	0.37716180462171	NA	0.431686661162553	0.324671517937908	1.44677990576667	0.644207865478954	0.48462935743832	0.170128258012048	1.60468797797371	2.16270900395503	1.87783513144965
1.29893131452784	1.17804346865407	1.54754867472949	NA	1.39654230559424	2.8447579993944	NA	NA	NA	NA	1.69547680249802	NA	NA	2.70242553172308	2.64617710232657	0.834500399176384	NA	NA	NA	0.795680921635292	2.65306331249583	0.339816153554414	2.32049674269819	0.666193664330182	0.235303967285196	2.39293464129162	1.15429655880161	NA	NA	NA	NA	NA	NA	NA	NA	NA	NA	NA	NA	NA
0.197072105848919	NA	0.982068983425131	0.490605772888322	1.42262194716733	1.11992211392965	0.962610078474725	0.993969265730384	1.20532042321141	1.18441223014994	1.30356153804	1.09373800365565	NA	0.516222653725209	2.20309109219484	1.00210138097668	0.417258970867	0.832357388123584	0.362046350322444	0.188494007722504	NA	0.755812826156777	NA	0.375982283767302	0.774055877186917	0.631101810071068	0.172189885103945	NA	0.439486553841355	0.513618274102218	1.01741668758442	1.06679159100859	0.575796402438523	1.02386403149704	0.564010432765159	NA	NA	0.43797830587048	0.73790710363136	0.882702060823182
NA	NA	NA	NA	NA	NA	NA	NA	NA	NA	NA	NA	NA	NA	NA	NA	NA	NA	NA	NA	NA	NA	NA	NA	NA	NA	NA	NA	NA	NA	NA	NA	NA	NA	NA	NA	NA	NA	NA	NA
1.04976423851896	1.02847184918094	0.986519899832691	1.08567408610679	NA	NA	NA	NA	NA	NA	NA	NA	NA	NA	NA	NA	NA	NA	1.21578077667445	NA	0.947466571515566	NA	NA	0.949157982192673	0.661663573677994	0.702714982241784	0.810413270772378	NA	0.289568021996737	0.292347906769776	0.208354016369899	0.423813432502611	1.03194935177658	0.561754842405458	0.233755696383065	0.835612858474806	0.450943394777196	0.191589255867458	0.430963682011972	NA
NA	NA	NA	NA	NA	NA	NA	NA	NA	NA	NA	NA	NA	NA	NA	NA	NA	NA	NA	NA	NA	NA	NA	NA	NA	NA	NA	NA	NA	NA	NA	NA	NA	NA	NA	NA	NA	NA	NA	NA
NA	NA	NA	0.804333842336581	NA	1.09623400477847	NA	NA	1.13954076836536	NA	1.35748291386484	NA	NA	1.39083358030702	NA	NA	NA	1.16923709457672	1.01343381154876	NA	NA	1.06468005428843	0.840644127963647	NA	NA	0.239384768659856	NA	NA	0.695533454134124	NA	0.816295637378687	NA	NA	0.751821961646936	0.873056992657088	NA	1.00359312708983	NA	NA	NA
1.24997034669739	1.05882211336328	1.25000701913603	NA	1.19061587077804	1.14374719935493	1.20969484725622	1.61793766663192	1.45542811332518	1.22779424591908	1.01212314560679	1.12914015357005	NA	1.53407274550438	1.27240318507034	1.29665224483788	1.49532682179587	1.7863998569439	1.21305403816532	1.2346215001599	NA	0.931492793431332	0.83323419510908	NA	0.70760306719109	0.486138875151215	0.50202591501638	NA	0.479293317921087	1.11662224516715	NA	0.604094565814581	0.764697394090313	0.769170127046691	0.59203706340026	NA	0.433294241716251	0.58804957839079	0.553517161304896	0.552597123396476
NA	NA	NA	NA	NA	NA	NA	NA	NA	NA	NA	NA	NA	NA	NA	NA	NA	NA	NA	NA	NA	NA	NA	NA	NA	NA	NA	NA	NA	NA	NA	NA	NA	NA	NA	NA	NA	NA	NA	NA
NA	NA	NA	NA	NA	NA	NA	NA	NA	NA	NA	NA	NA	NA	NA	NA	NA	NA	NA	NA	NA	NA	NA	NA	NA	NA	NA	NA	NA	NA	NA	NA	NA	NA	NA	NA	NA	NA	NA	NA
0.684765043010197	NA	0.613017919882287	NA	NA	NA	NA	NA	0.372196294544945	NA	NA	NA	0.913326955576955	NA	NA	NA	1.36255956543452	1.35371750287223	1.83290325271884	0.901634384164525	NA	1.0204650581458	NA	0.704252732237868	NA	NA	0.455140588826237	NA	0.382741643864351	0.484099640660109	0.502565029151021	0.572617637210713	0.592686119016515	0.512617998066139	0.478301381876525	0.206747056285389	0.29339251517377	0.468890227450936	NA	NA
0.450064647198478	0.532429009965095	0.972796829129274	1.42575224385469	0.943671236702431	1.45969231545351	1.12907408148997	0.988432165667369	NA	1.5678478295128	1.30853775433752	NA	0.90257961581339	1.30607154151702	1.16108333202139	1.00626430896147	1.27745153955	1.15000001924581	0.91063617421855	0.665453496961121	1.12014352265769	NA	0.99760279497362	0.991838834314846	0.895373772975561	0.479186627282379	0.402140419048356	NA	0.568225136425509	NA	0.291513628958494	0.749156725675934	NA	NA	NA	0.152213679642056	1.04204819212177	0.577640817359905	0.717192424164644	0.397250780445282
1.16275289471779	NA	1.40597016897916	1.29423240781857	0.791986425966342	0.690026032377025	NA	1.39217345470236	1.68551257691006	NA	2.25064575776124	NA	NA	NA	1.79647232239767	1.56565010607271	1.05464712673456	NA	0.912081406323333	1.11764546276707	1.42701935115425	1.41224210846344	0.937151857953378	1.09196632336342	0.800260085745946	0.684500268453324	NA	NA	0.508829006140746	0.343125298104733	0.610836750919659	0.529091872888479	0.392484634690843	NA	0.368252333123473	0.271884858134997	0.487417774313113	0.710392177005832	0.874990012465578	0.436237286204496
1.25586661398565	0.936534232712616	0.61800321791021	0.775738148948813	0.906573785911941	1.0848675889339	1.13101529129508	NA	NA	NA	NA	1.13677867828516	NA	1.04296097624971	1.00059713788917	NA	NA	NA	NA	NA	NA	NA	0.68808178868719	1.15625351887856	0.792728052219938	NA	NA	NA	NA	NA	0.432913329639928	NA	0.64485907275136	NA	0.530634133054461	NA	NA	NA	NA	NA
NA	NA	NA	NA	NA	NA	NA	NA	NA	NA	NA	NA	NA	NA	NA	NA	NA	NA	NA	NA	NA	NA	NA	NA	NA	NA	NA	NA	NA	NA	NA	NA	NA	NA	NA	NA	NA	NA	NA	NA
NA	NA	NA	0.734424246894048	0.571622617921525	0.497532822421707	0.75048678568159	1.033155226215	0.908708351681686	NA	0.788383433697967	0.992290558290464	0.843042153654431	0.90581078518591	NA	0.983475355547119	0.656829464545544	0.738143927076705	NA	0.804501910361588	NA	NA	0.814876565720248	0.339220233507229	0.497990240757405	0.265223246296575	0.447794526648939	NA	1.16755752808949	0.54104970261746	NA	1.60967794820372	1.38064593413059	1.5503633188448	1.38785292433151	1.3267025240468	1.22305115314566	1.4771681100113	0.941138919590202	0.501836616222299
NA	NA	NA	0.31409576776068	NA	0.540593119275456	0.628007447031188	0.63786489244631	0.30000884470455	NA	0.599245474410294	0.469643646965352	0.490862208731085	0.474432830171356	NA	0.770436635426885	2.18735283014551	0.358506380505937	0.770129238654113	0.704832495952045	NA	1.037951207181	0.863672798748468	0.871987225135464	0.842447071710693	NA	0.583161063902652	NA	0.160125867117989	0.369707466526123	0.409685560775228	0.694244375924402	0.304919599695366	0.155503315100999	0.681966721875384	0.613212637067801	0.559802317368458	0.184940297858992	0.289970632183232	0.593164645108276
0.565117822549031	0.792129850715568	0.670116036186092	0.616044480557443	0.324982525466421	0.325078521524753	NA	0.840548148983615	NA	1.15399952126912	1.30786404295081	0.87529776715756	0.712340896068219	0.615509994047164	0.492635374232465	1.02195160225688	0.875229760642229	0.854818054144642	0.946622649166673	1.01072744193504	0.807487278100075	1.07614810096105	NA	0.558226068272713	NA	0.923699005156897	0.653671139588849	NA	0.596157795689755	0.68157386965205	0.574602747869364	0.677793311148247	0.636951628664306	1.16088027270565	1.0286623741053	1.85934574980648	1.16852531527905	1.37456691507448	NA	0.889541336291019
NA	NA	NA	NA	NA	NA	NA	NA	NA	NA	NA	NA	NA	NA	NA	NA	NA	NA	NA	NA	NA	NA	NA	NA	NA	NA	NA	NA	NA	NA	NA	NA	NA	NA	NA	NA	NA	NA	NA	NA
NA	NA	NA	NA	NA	NA	NA	NA	NA	NA	NA	NA	NA	NA	NA	NA	NA	NA	NA	NA	NA	NA	NA	NA	NA	NA	NA	NA	NA	NA	NA	NA	NA	NA	NA	NA	NA	NA	NA	NA
NA	NA	NA	NA	NA	NA	NA	NA	NA	NA	NA	NA	NA	NA	NA	NA	NA	NA	NA	NA	NA	NA	NA	NA	NA	NA	NA	NA	NA	NA	NA	NA	NA	NA	NA	NA	NA	NA	NA	NA
1.65358510376053	1.28285360247442	1.46368401100102	1.07342279432144	1.27838260991991	1.63955558621999	0.604294299171568	1.16676866551732	0.979733372591705	NA	0.735173804293487	1.16126280985513	0.820323045385403	NA	0.521765947032362	1.01319413505583	NA	NA	0.516737542636241	0.479591002875243	1.36007571562903	NA	0.742629518994961	0.13847204789513	0.331754942094917	0.0930551100238919	NA	NA	1.18840769038223	0.959584199644093	1.2970956974535	1.44856085816316	NA	1.42334904845008	1.29725692434405	NA	1.54685566522067	NA	0.688998540279329	0.634449383545982
1.44464320086355	1.42376180958315	1.62757296950409	NA	NA	1.56248486389692	1.41851861501928	1.64103462163987	NA	NA	1.48819025544016	1.10762507853396	NA	NA	NA	1.6468710086173	NA	NA	1.69771334975984	1.47045397697413	NA	1.24082204177682	1.19303947310014	NA	1.09444103434146	NA	NA	NA	0.64880266104451	0.841351068328665	0.781663307318545	NA	NA	NA	1.25771173264708	1.68729789573977	1.48764681099489	NA	NA	NA
1.85673135134827	1.26287299979759	1.8500216730517	2.03028531421996	2.17734685141007	2.07207539306254	2.03748281352702	1.91581506481573	2.56229305306644	2.24977130177972	2.93496933342034	2.74416800079471	2.50610591267752	2.43423891439178	2.25869251398986	2.44440034311662	1.99530619847671	1.71077783077987	2.01933043161296	2.07627679835327	1.99151508593549	2.01116117464585	2.07471553377497	1.75521594986379	1.87018994822967	1.18695590380753	1.66569279342301	NA	0.978366846558406	1.27589046684538	1.4370645213698	1.28407249173548	2.01107167526919	NA	1.54403992379842	1.98065136906054	1.74845843484621	1.97834511182892	NA	NA
1.25490421445283	1.47766041549432	NA	0.957328783295502	1.18630573716937	1.229578511702	0.889604348023152	1.26328210553942	1.54307079769469	1.8185129326855	NA	NA	1.57943440929319	1.52179205434584	1.47498659504514	1.09586139441071	NA	NA	0.543637914604974	1.02562250741595	NA	NA	0.879923929341769	0.84038938438248	1.17448952776913	NA	0.57826083372838	NA	0.51740128514899	0.869157637270732	0.74981560296048	NA	0.717824174356874	0.718382653522613	0.555793131190695	0.552090631899942	0.903478591524759	0.998224124189508	0.926556661053065	1.40830943674616
NA	NA	NA	NA	NA	NA	NA	NA	NA	NA	NA	NA	NA	NA	NA	NA	NA	NA	NA	NA	NA	NA	NA	NA	NA	NA	NA	NA	NA	NA	NA	NA	NA	NA	NA	NA	NA	NA	NA	NA
NA	0.885220327565854	1.4420861828848	NA	NA	1.14723858116639	0.247113230797965	0.61913580457101	NA	0.533280776616307	NA	1.94662861070862	0.731678791067616	0.113675261866493	0.24465151267635	0.229279008590401	0.229566351387021	0.754650378992555	0.438639342083383	0.585837282701369	NA	0.678811365904945	0.464167907273145	1.35812316182891	0.670377178477623	0.448457338141643	0.404373390731757	NA	0.923961343004978	0.245385159354353	0.354053266306551	0.465844703683455	0.84850191199858	0.624611533869314	NA	0.541312211638577	1.09904204735231	1.11893992010103	1.33203735637427	NA
0.527114942451172	1.1164253508191	0.76301413504472	0.954228724414415	0.701965206119839	0.953407017225792	0.692326864609986	0.859389012909242	0.428520903760458	1.88120604459681	0.610299276748327	0.742475807127153	NA	NA	NA	NA	NA	0.704688745212522	1.32670812486724	1.41827218604623	0.902796848425294	NA	NA	0.960889581321764	NA	0.263611709141528	0.538200216185322	NA	0.241918869829592	2.17097560599873	0.499409757877994	NA	NA	NA	NA	0.267739617262938	1.11011285092191	0.827562418404898	0.958905656762853	0.842364695692503
0.863779157150009	0.982127691528859	NA	NA	NA	1.6414691657541	NA	NA	1.89944358035111	1.61965976152905	1.37196928115104	NA	1.37698354717658	0.982817456772102	0.858879639730649	NA	0.463023524784144	0.786495018619051	0.493884986165943	0.561065246545392	NA	0.669109352034105	0.615482964803992	0.690968160271667	0.799905128588873	0.816523486147074	NA	NA	NA	0.448385665487812	0.403363253041904	0.383792177976827	NA	0.71530647173501	1.36976720382402	0.620032560120476	0.683582150443252	NA	NA	NA
2.43478070421477	2.25987383228305	NA	NA	NA	NA	NA	NA	NA	NA	NA	NA	NA	NA	NA	NA	NA	NA	NA	NA	NA	NA	NA	1.13675758481141	0.814263946865946	NA	NA	NA	0.462007423659925	1.15062111500021	NA	0.803967604371365	0.638762850687454	0.582137013682974	0.59995874855155	0.461026600069414	0.167965273949218	0.410423512003254	NA	NA
0.952914075171077	0.883466822313357	0.884614355436191	0.927394011077111	0.985361104301721	1.29437122133425	NA	NA	0.844296545542231	1.09315665200574	0.838351256157213	1.44086000831879	1.25184030205158	1.67674137655704	1.7495353938264	1.45998712357119	1.5183573669611	1.01713071970459	NA	0.991702689303179	0.959673383886874	1.27429486657124	0.620610229067609	0.415300391643845	0.613175105880726	0.484481364178348	0.289631749134254	NA	0.570192610834818	0.906518430120494	0.917892170470598	0.730506542954021	1.08933673415338	1.76480714749658	1.24323461431359	0.744778064446248	0.661290158169086	0.881956226830354	0.920029664200036	NA
0.267642939283039	NA	0.307638785958461	0.479405851912437	0.66613416839404	NA	0.713967565477805	NA	NA	0.829017704809545	1.37461099935518	1.14311285833237	1.25286023901214	1.72555277876231	0.582252625442361	0.506921365090939	0.367212350567969	0.601126312118084	0.114142854280341	0.587186865903835	NA	0.586824621651623	0.5903966323485	0.399646588776039	1.26711239291023	0.812305172323742	0.582271242876859	NA	0.642141093289629	0.641964736535267	0.919880044519081	0.314531318840622	0.432104500385226	0.54691303734288	1.00754930453771	0.698462202072019	0.814246906150263	NA	0.872942277125685	NA
0.559700950435602	NA	0.47110207935115	0.796702440832547	NA	NA	0.572493789382049	0.862777589027344	0.977831193610943	1.49666104377877	1.16451816203123	1.20717066161721	1.33049373575155	1.14611179690352	1.33388520077001	1.13167331007659	0.594934728253899	0.558006578444773	0.569849575379658	0.345085117097388	NA	0.312705066467392	NA	1.18887615991485	NA	0.866168724404523	0.407953892266595	NA	0.294377403672869	1.00917231172	0.58340408216264	0.675763049303008	0.548826950316761	0.818178098355804	1.05837087783354	0.756868839515056	1.03286307721366	1.00428335661715	0.768005303339467	0.851642405003366
NA	NA	NA	NA	NA	NA	NA	NA	NA	NA	NA	NA	NA	NA	NA	NA	NA	NA	NA	NA	NA	NA	NA	NA	NA	NA	NA	NA	NA	NA	NA	NA	NA	NA	NA	NA	NA	NA	NA	NA
1.25698973753375	0.942739882335978	NA	1.11700143073013	1.38032199628242	1.17344253375878	NA	2.19492922030827	1.94403676318491	1.33746288972377	1.2693670945795	NA	1.02916331778148	1.12107178984887	NA	NA	1.34575646518304	0.742690457621241	1.26212499905891	NA	NA	NA	NA	0.709536503748765	1.79371295509063	NA	NA	NA	0.723547768440313	0.879449380232948	0.709880352687775	0.96993158137445	1.21913081352709	1.18468014045897	1.21939967655868	1.36931724787897	1.37028330643521	1.55215559729189	0.830428153722797	NA
NA	0.518097515945723	0.751920345982126	NA	NA	NA	NA	NA	NA	NA	1.83172286097916	NA	2.02574441052904	NA	0.545708420190688	NA	NA	NA	0.609626375782511	1.18743549535422	0.200815366143291	NA	NA	NA	1.49170993650272	0.516136503349158	0.345560857656979	NA	1.70632444723629	NA	0.844234425825048	NA	NA	NA	NA	NA	NA	NA	NA	NA
NA	NA	NA	1.39391079921335	1.36386106855788	NA	NA	NA	1.21744954130758	1.08315157636821	NA	1.07227472467369	0.635467976611011	0.832292008061099	NA	NA	1.09404597833692	0.895654960076444	0.837727972760159	0.811065585143215	NA	0.957873415429112	1.08049407123866	1.12105170168679	1.16279826605336	0.498274916133037	1.51602692342652	NA	0.313760603456708	1.77191693115243	0.614797986422746	1.07363037569936	1.06136870947143	0.302924764586251	0.283315519411514	0.432934501014047	0.446401189214568	NA	NA	1.03774534687539
0.82927502627777	1.03542034675251	NA	0.771609590825393	0.60881196566571	0.634937401352045	0.768484867610691	0.538792228464679	NA	0.517224399858511	0.435713106317856	0.489701501741171	0.589812916882307	0.850207906253866	0.137515783916554	1.20785798757541	0.200939060526055	0.332779210215882	1.17263943296783	1.25364111260178	NA	0.757860214828269	1.12121034868769	0.915344560153192	0.483728584326369	0.779215001515301	0.221472341390917	NA	0.371889257200826	0.559274421261978	0.744247209433907	1.19845735071684	0.913090016833862	0.951998997036938	0.916427891419919	0.756667161540121	0.735057302709478	1.19053952609271	1.25887317603258	1.40173648360366
0.960722494821784	NA	0.940496036239713	0.804579109487902	0.908489008764359	1.30501791105536	NA	1.04044420683	1.01007210709718	0.669715218123617	NA	NA	0.655083009265053	NA	0.554450123601069	NA	1.24844050184209	0.234620665573671	0.507235619442613	0.988568223246799	NA	0.841865662775582	0.855084105727935	1.01824557405494	0.907954939831648	1.10290677710735	NA	NA	0.356566449849852	NA	0.337495389911961	NA	0.667991810513595	NA	1.09576934452785	0.935485366201377	0.757004258488625	0.920775748510867	0.362681350434642	NA
1.37714595487526	NA	1.47589664602377	NA	NA	NA	NA	1.92334381794523	2.48435560116907	1.42567523651207	NA	2.22573979013953	2.05901530127887	2.21923537262695	NA	2.36586750191663	NA	1.78912337548831	1.78837300201487	1.81999485943876	NA	1.43642393388967	0.554146859359009	0.824511850760821	1.99346293555505	1.20588145300032	NA	NA	0.565710986301479	0.789561359059456	NA	0.929810683434596	0.643558971986728	0.96016283188241	0.226306711378531	0.740770726677205	0.525442207581152	0.194873515182282	2.25234406317244	2.31696085148749
0.655501653349237	0.672047943148976	NA	NA	NA	NA	0.500408372860128	NA	NA	0.326100354958333	NA	NA	NA	0.877187538522141	0.925939774532339	0.953240303751851	NA	1.15529905491345	0.835888958845409	NA	NA	0.908212133256771	0.413238390338491	0.681432396665687	0.652456423389835	NA	NA	NA	NA	0.561458590039378	0.797603255251428	NA	NA	NA	0.332610744556155	NA	0.527754066111189	NA	NA	0.525525561542258
NA	NA	1.5496166365347	1.54324676942002	1.52399649625132	1.50005752474497	1.70881190827942	NA	1.41565707962209	1.103360537016	NA	1.27169450083081	1.12993299098294	1.19620209743905	NA	1.35984726372264	NA	1.49381719832102	1.16974720761227	1.22259491107942	1.33772588612072	0.849159817316571	0.927127318923021	0.681688306009819	0.510463410335397	NA	1.37639958285019	NA	0.592666618897092	0.811839512269673	NA	NA	0.735487242592139	NA	0.992761511192136	0.396226054996543	0.469063517985005	0.53729547169661	0.310206382686379	0.820655534916631
0.648988476938252	0.381506927836151	0.455028930522709	NA	0.684440960514913	0.961395372989701	0.759441791602499	NA	0.304652120924093	0.525297819968156	0.519801899938709	0.577006764368542	1.03688887246169	1.0170279465536	1.0274347184188	0.486628469539725	0.482260927605432	0.65010255823294	0.846339041587733	NA	0.860769307375596	0.567056224514879	0.616798651078643	0.823773296129524	0.88247815244029	0.602835683369921	0.493617741290503	NA	0.428745786069898	0.637689437143682	0.548337173615594	1.04266176018802	NA	0.891700467206533	1.12159145818385	NA	1.07922338367223	0.894556443034474	0.974835313619287	0.960044481767645
0.597524846984642	0.47723068486205	NA	0.760880100176776	0.511601427235345	0.626186077779446	1.33666273824507	0.562394332342297	1.08292416805432	1.1389023375629	1.20320959895169	1.46615374976611	1.12902135066361	1.43457466006395	1.56307495456728	NA	1.04381478265343	0.838632005645764	0.932160422849662	0.751345252113173	NA	0.774858255717259	0.946490721149053	1.01504098712375	0.869328546691248	0.81393756989292	0.429776418630835	NA	0.50337432522229	0.690562185564835	1.09515452496113	0.334684161964582	0.593722644446088	0.451283480394315	0.522653786406281	0.361291606538367	0.447977064100589	0.242180706460142	0.611719214202718	0.653805020381484
1.9022498389216	1.51536391918907	1.615540705115	1.56932358389404	1.59841573547141	1.47804863352578	1.47801294907607	NA	NA	1.16914975372121	1.04571609607221	1.17350073407887	0.943962585511206	0.943045242529637	0.97542064490743	1.07972056794656	1.08480998703192	0.953956397585529	NA	0.624074946273685	0.926314462625613	0.585135570448019	0.404553919643231	0.580460659064309	0.688758287168228	0.865354116033146	0.521754814434842	NA	0.371315116547594	0.474000325493192	0.696428986332574	0.224816508559451	0.525744411541307	0.259851955314939	0.619109648577275	0.812269754235729	0.924862358610193	0.857144159977334	0.712017357214632	1.0437751187469
1.80579438862954	2.20143319891235	1.94828010413564	NA	1.52792213099609	1.5609709191899	1.40028050199732	NA	1.37507482123278	1.67418831649073	1.32740216419752	NA	1.86808866691493	NA	0.467682401881893	1.71434723940082	NA	NA	1.85987976102227	1.89119142222692	NA	NA	1.591580814763	1.7337235778595	1.76672422433643	1.41025487150474	1.55534362044497	NA	0.542002249822069	1.09499651706694	1.2913306582817	1.62729222346743	1.7178517487482	1.3208557273362	NA	NA	1.12813444899928	1.33924205963516	1.9463976606173	1.25297815724413
NA	NA	NA	NA	NA	NA	NA	NA	NA	NA	NA	NA	NA	NA	NA	NA	NA	NA	NA	NA	NA	NA	NA	NA	NA	NA	NA	NA	NA	NA	NA	NA	NA	NA	NA	NA	NA	NA	NA	NA
NA	1.06692542479334	NA	1.37488634133024	0.953954044995077	NA	1.1474302312529	NA	1.05650000615109	0.90525440468943	NA	1.10792878619687	NA	0.99950970284141	0.903024329118829	1.51776397880498	NA	0.870000141327858	0.732276320562082	NA	NA	0.765942760835758	0.94732032305111	1.16214335242564	0.818371118070237	NA	0.836921563385469	NA	0.144205474093414	0.436609683612715	0.523412032213729	0.762182801516202	0.371985796078056	0.661313434451566	1.6821892596163	1.62008346140991	0.804330518709133	0.734488249218286	2.17463857890435	NA
NA	NA	0.689921282682247	NA	NA	0.619963793539273	NA	0.61836006244726	0.759977579717809	NA	NA	0.930009375876466	NA	NA	NA	NA	1.55700968808272	1.65425585751379	NA	1.06257929061398	NA	1.25660851436283	1.05775204003636	NA	1.2817626902356	NA	0.539598171663604	NA	0.258572148490852	0.239893371388274	NA	0.604471103698458	NA	0.69605426923025	0.530586869412603	1.39100915641082	0.293562455271612	0.742846082578441	NA	NA
NA	NA	NA	NA	NA	NA	NA	NA	NA	NA	NA	NA	NA	NA	NA	NA	NA	NA	NA	NA	NA	NA	NA	NA	NA	NA	NA	NA	NA	NA	NA	NA	NA	NA	NA	NA	NA	NA	NA	NA
0.930452573540239	NA	NA	0.590013837897517	0.126907951892079	0.84185483399133	NA	1.2678845107524	1.11654752531857	0.982657343142526	1.32322713147142	NA	0.957843128118173	0.872255301822125	NA	0.646026156175363	NA	0.612821154446723	0.783034561284107	0.826704279058514	NA	0.83354827952083	NA	1.07711914799829	1.25787194801955	NA	0.604879340366851	NA	0.457237783939454	0.252659550359424	0.716199242048402	NA	1.08938163918346	0.244117056472803	0.347113304902089	0.522623813169079	0.701743387137893	0.887854705410034	NA	NA
0.793159850218494	0.597381277723769	1.16223317093044	1.02680794439878	1.17433005580895	0.83142282469621	0.822802089999904	NA	NA	0.902666070690826	0.506627277431153	0.807509063482813	0.843487536795212	0.870941712543634	0.657146297643562	0.402693156774349	0.806066526570473	0.924354825319556	0.620355040760805	NA	0.684078248666299	0.799894710669489	1.08005291758128	1.04901404750485	0.952692833479482	0.672724729478151	0.517482531532044	NA	0.761248351885728	0.456742488314625	0.74208999704673	0.389519229967241	0.584260753007787	0.423644444976802	0.37448855805425	0.809942722837439	0.627271177796746	0.837986124954755	NA	0.894600008467213
NA	NA	NA	NA	NA	NA	NA	NA	NA	NA	NA	NA	NA	NA	NA	NA	NA	NA	NA	NA	NA	NA	NA	NA	NA	NA	NA	NA	NA	NA	NA	NA	NA	NA	NA	NA	NA	NA	NA	NA
0.852004581229086	NA	NA	0.755705043382269	NA	NA	NA	0.755888856791487	NA	0.388692320358397	0.17199649133458	NA	0.298072019835033	NA	NA	1.0207149912792	NA	NA	NA	1.0308294261323	NA	NA	NA	0.494752827687637	0.625863016628703	0.357382843112412	NA	NA	0.281443475843592	0.524209611434237	0.58378384814147	NA	NA	0.496851542015354	0.97466840015209	NA	1.11200082901438	NA	NA	NA
1.72554168500627	NA	0.624443739386231	0.796641262969365	2.030816816941	0.564362266204423	1.81584724375944	NA	0.621253877355573	NA	0.742512421166917	NA	NA	NA	1.32473650864814	1.16705265076945	0.603961041393686	1.79488463100742	0.626709312305263	0.505616427269552	NA	NA	NA	2.1730250994923	1.18187146681645	0.879677128927198	NA	NA	0.213727181602022	0.219907408343138	1.05921521516089	0.468595271777871	0.819720432791397	0.414692027360952	2.02775047795049	0.379649617391433	0.630538971552077	1.14352440234098	NA	1.02541019408652
0.945251894686731	NA	0.923842976545611	1.99727174316144	NA	1.07031070097177	NA	NA	NA	1.06269340632376	NA	NA	0.651050648628628	1.81967541445399	0.511034102180626	NA	0.940364982297226	0.767785895906224	0.98647089871162	NA	NA	0.993014932895269	1.09933974176791	0.900371726644939	0.639232288104087	NA	0.535346643961166	NA	0.441909889968949	0.33742732452341	1.30416813497173	0.56688778584805	0.425675845124216	0.162017881115649	0.840566220438896	NA	NA	0.865306357552506	0.805130987363559	0.901145066764603
NA	NA	NA	NA	NA	NA	NA	NA	NA	NA	NA	NA	NA	NA	NA	NA	NA	NA	NA	NA	NA	NA	NA	NA	NA	NA	NA	NA	NA	NA	NA	NA	NA	NA	NA	NA	NA	NA	NA	NA
0.748431365730235	0.940376507626571	1.03256993974335	0.780809948754816	0.47405093753676	1.02237440201961	NA	1.03964830522189	1.24797174352525	0.706823853670378	1.08460947201736	0.789233320974379	0.408675315121024	1.00499008459224	NA	NA	0.678714458627675	0.616398531140716	0.606162146190721	0.697749293684442	NA	0.344220127790652	0.377651536664052	0.330245564844973	0.639032463884162	0.649914533130882	0.542509593357419	NA	0.794191898782272	1.06535709313156	0.88721042371498	1.09665028122956	1.32563745705891	NA	1.12345353028886	1.10143124662978	1.24753968450243	1.63268361766027	1.97641499842463	1.92999105977407
1.92901510449891	1.7476296677326	1.59334547116344	1.70544794991511	1.81919875573128	1.49261549677396	NA	1.99606365747445	1.80436919858143	1.39289873404333	1.16243455964346	1.21396678228355	1.3252443621491	0.935468612308125	0.683834834352342	0.75208772905458	NA	1.13802351848228	1.42318366870909	1.19299520270769	NA	0.598198384378468	0.553215101237691	0.603262365178884	0.447817378077505	0.224885747833449	NA	NA	0.825747502134175	0.965420830942096	NA	1.19794664547413	0.737033807284189	0.871024906644204	0.645412912991711	0.822701995320547	1.00934546515088	1.04482904092564	0.960077895126192	1.46094556535367
NA	NA	NA	0.677068087980677	0.451660522841103	NA	0.491795897979493	NA	0.929601807981774	0.802413496695621	0.811685634828908	NA	0.486590819926563	0.453407061687878	0.527303412921731	NA	NA	NA	NA	0.409724111384231	NA	NA	0.761595146255105	0.613975843753649	0.836320617203889	0.44921498926156	NA	NA	1.29008709872799	NA	0.766626557160566	0.945658180393254	1.14725351819568	1.26304432822757	1.62860044340444	0.913733780316057	0.980209727076404	1.46293664369751	2.30285160549826	NA
1.68646483751571	NA	NA	0.618677035837304	NA	NA	NA	NA	0.818320912020312	0.367201927859154	0.615725387215096	NA	NA	0.655829572270842	NA	NA	NA	NA	1.21111241145373	NA	0.759755612386376	NA	NA	1.10344830487439	0.0875513990328326	0.103087930842447	NA	NA	0.812559422864658	0.659852756519109	NA	NA	NA	NA	0.819704902621347	NA	0.50083578258426	NA	0.289598186942044	NA
NA	NA	NA	NA	NA	NA	NA	NA	NA	NA	NA	NA	NA	NA	NA	NA	NA	NA	NA	NA	NA	NA	NA	NA	NA	NA	NA	NA	NA	NA	NA	NA	NA	NA	NA	NA	NA	NA	NA	NA
0.474983003474941	NA	1.40899223168439	1.3880937943303	1.36042302221485	1.08922529358679	NA	1.32386948203922	1.03276553363309	0.573384888950615	0.996267521195591	1.32321842088681	1.47101618916634	1.10271675632589	0.554733575522262	0.631417138273985	1.00670286098375	0.870615042507846	0.882682180699525	NA	NA	0.796945811153355	0.639708319089546	1.27102614368524	0.739585499653926	0.628334978009683	0.381384954191856	NA	0.287282397544173	0.21828639438348	NA	1.21203452374804	NA	0.805910500015418	NA	0.612138934816519	0.359253392159016	0.65825311234706	NA	NA
1.2889193076077	NA	NA	1.90310732616351	NA	1.72518319772801	0.99516479142543	NA	NA	NA	1.60179336666555	NA	NA	1.47747898166951	NA	NA	NA	NA	NA	NA	NA	NA	1.2442623728431	1.56297759090958	NA	0.661679142160972	NA	NA	NA	0.125306428611373	0.485977866068175	0.742602619663284	0.800498143705434	0.948679458862345	0.598286274823974	NA	0.267735598506981	0.22023189669949	NA	NA
NA	NA	NA	NA	NA	NA	NA	NA	NA	NA	NA	NA	NA	NA	NA	NA	NA	NA	NA	NA	NA	NA	NA	NA	NA	NA	NA	NA	NA	NA	NA	NA	NA	NA	NA	NA	NA	NA	NA	NA
0.552196767108056	1.74424950012864	2.06301905731612	1.7403496136655	2.05236372199248	2.11246585840158	1.64197439198569	1.89684725793711	1.61575006005169	1.85087195773054	0.813392155902563	2.16938835440228	1.55779766278166	2.09486421485432	2.39172806937658	2.21673487837483	1.50566309283816	1.35649981102856	1.26493032353246	1.07972515316411	NA	1.70635016150829	2.69313938116742	1.72986731825569	NA	1.37231368718069	NA	NA	1.44220285773496	1.40281342113856	1.70920193319518	NA	1.43854226137242	1.48670257790783	1.44090847224939	0.69704161947096	NA	NA	1.99467709387529	1.39439639056534
NA	NA	NA	NA	NA	NA	NA	NA	NA	NA	NA	NA	NA	NA	NA	NA	NA	NA	NA	NA	NA	NA	NA	NA	NA	NA	NA	NA	NA	NA	NA	NA	NA	NA	NA	NA	NA	NA	NA	NA
2.01369225435965	NA	NA	NA	1.80892722609551	NA	1.58899925521424	1.58801462650305	NA	1.62479305342597	1.92465966553413	1.8264468974827	1.58350040552418	2.53655966591314	NA	NA	NA	NA	NA	1.82408007496907	1.28607035258665	1.17258372720765	0.728236021582971	1.23156148311085	0.76407873530152	1.1029622770146	3.29128960788631	NA	1.21337639521655	0.720090267332707	1.24590395142884	0.649351075375134	0.709281338823784	1.25353396471489	NA	1.98707224059334	1.0493188817705	1.42628246681971	0.887950187361718	0.913826343234019
NA	NA	NA	0.973797643317978	1.07949585536137	1.23824401940332	0.849945326308908	NA	1.06313699231765	NA	0.819496212048564	NA	NA	0.857263517024081	NA	1.0932591462177	1.32758340078304	1.08791878661268	1.15537341482947	1.29651822363024	NA	0.828344602980226	0.727056703082941	0.759934079773385	0.855665475229436	0.441283668571792	0.351350758319528	NA	NA	NA	1.15028721587606	NA	NA	NA	1.56295822588663	NA	NA	NA	NA	NA
0.330164972300416	0.655185499458096	0.736007898647213	0.549064034465197	1.06155063996856	0.832043007274246	1.15645612474538	1.20220330066888	NA	1.06474969706265	0.584995616541539	0.691169961003041	1.29947193562601	NA	1.01699610246649	0.700465223100346	1.17482913430969	0.778943287923173	0.807628285062068	0.89853787328815	0.618710833188162	1.31374529083708	0.989917875550045	0.665224801330063	0.66531227540258	0.564283167329662	0.728372789861279	NA	0.749317116636788	1.09304992264684	0.983426028597337	0.720941174150692	0.869274031477178	NA	0.971015116843694	0.547240120478321	0.567890775098633	0.735096289321151	0.992183321831183	1.5123816188946
NA	NA	NA	NA	NA	NA	NA	NA	NA	NA	NA	NA	NA	NA	NA	NA	NA	NA	NA	NA	NA	NA	NA	NA	NA	NA	NA	NA	NA	NA	NA	NA	NA	NA	NA	NA	NA	NA	NA	NA
1.22070058556369	1.20891396712918	1.20878554364106	1.16909378083535	1.16254871314583	1.04487140995321	1.94670189603271	NA	NA	1.26763121324154	1.11301968712455	1.36894708049812	1.55485035123823	1.25430291213262	1.2203609070785	NA	1.27213418426503	0.998733299966018	0.969391783205939	0.855876503860155	NA	1.03628933086327	NA	0.60292592116959	0.520731104223612	0.561723251938396	0.234179490008562	NA	0.302409708811127	0.399910242327604	0.25579616976851	0.491990811827273	0.413696990702906	0.356648016061309	NA	0.319938580385468	0.112165341127842	0.340896054104151	0.93757117662217	NA
1.09207313052695	1.07258868779535	1.31187776782616	NA	0.910544130675026	2.14003472449316	NA	NA	NA	1.42097142265482	1.55955547870746	1.37597840328509	1.7243936661778	1.61079407171103	1.45759513984051	1.48273877213433	NA	1.67446062762404	1.55060704262188	1.41409772552877	NA	NA	NA	0.964686911934981	0.803259995056564	0.469921631515463	0.147681641670633	NA	0.464456785080731	0.221058928814178	0.555849313765878	0.481689681327418	0.913340149529028	0.483291145746338	NA	0.625821651090207	0.81487514893087	0.84652927555604	0.527274242363242	1.05914280559071
2.18793376589472	0.74545089679597	0.919213064731212	2.31767485780012	1.55206423571957	1.87266868536237	NA	1.64827768309988	0.610740120614476	2.23106653220934	0.659378365352157	2.25639370880724	1.95604624253426	0.45362116295078	0.429043521009668	NA	1.2507431658883	0.556279492278261	0.553094738498337	1.12470735994748	NA	0.71042113557703	1.58977577123031	0.782627466334582	1.23704766538686	0.576852372803718	NA	NA	2.27081610430379	NA	2.95076204608054	2.2101330063626	0.839674274197442	1.79558776204222	2.09561539332374	1.74818170727092	NA	NA	0.802584874572182	1.32802130955687
NA	1.27247583949085	0.862359330035602	NA	0.537262580489441	1.27217743107968	1.56020915260226	NA	NA	NA	0.410314271892967	0.457740537793815	1.1241442960002	1.41023899128812	1.29891860193756	NA	NA	1.01900511281105	1.2725201935589	NA	NA	NA	NA	1.39124177453911	0.966955455471093	1.07527543664641	NA	NA	1.02458303147022	0.494443767905147	0.714400625762522	0.758706202468082	0.749977857177165	0.643077883129348	0.0284252815574845	0.188434024338905	0.567760675217406	0.61659331117474	NA	NA
0.761548886492302	1.08455284627715	NA	0.78984990768546	0.611137519341072	0.482251119720776	0.828096338387365	0.646585053502947	NA	NA	0.482071801462917	0.548017832240988	0.879048843055014	1.04913860429651	1.2255049678036	1.43531610561168	1.19088311518967	1.97643339431893	1.30284591072251	1.4325776860707	NA	0.862552627133754	1.15370151793895	NA	0.549671791784184	0.829110545601515	0.168475729152589	NA	0.510054812553177	0.692003485313488	0.705943930005309	1.19438328029419	1.05107973162271	0.763428196361685	1.09103771369673	0.696140583794526	0.788791596794502	1.3130456863162	1.06962386584919	NA
NA	NA	NA	NA	NA	NA	NA	NA	NA	NA	NA	NA	NA	NA	NA	NA	NA	NA	NA	NA	NA	NA	NA	NA	NA	NA	NA	NA	NA	NA	NA	NA	NA	NA	NA	NA	NA	NA	NA	NA
1.4872503040716	1.65830534294304	1.51197465075892	0.577342186785795	0.740716668781342	0.570815373682662	1.87833638438427	0.828314689690518	NA	1.76010388403566	0.767985826182529	1.45803296574836	1.52951610234196	1.7150926141609	0.375283868650056	0.590313318443304	1.48384125787493	1.52595197165557	1.38148969482895	1.67219061392841	NA	1.7977081754901	NA	1.27316673195106	0.973619055910049	1.00414963249867	0.830145133447367	NA	NA	1.54427351151779	1.17798865708162	1.10212424688474	NA	0.987606423215041	0.469544424657488	NA	0.959724761662159	1.07976594727753	1.76471174445772	NA
1.30175262130248	1.21851682799116	0.66471839038527	0.946694505752787	0.907532404018457	0.786751170308265	1.05615188143623	1.76622832941147	1.23809198964637	1.72214209051565	1.45839965833774	1.29245213634081	1.6901967732795	1.41696354432749	1.9979758146662	1.50541009160874	1.71551848076598	1.90059758577324	1.86541551665405	1.80506358319596	0.840267591628579	1.42154818745592	1.49653943399269	1.53071025473557	0.865060831364209	0.528544612458011	1.88951313954826	NA	0.47074314578764	1.52529944465757	0.240837929319498	1.03017257539978	0.409009739419109	1.65955612970769	NA	1.22863081868991	2.38021306094116	0.865951718938643	0.959315750156986	0.852121647102138
NA	0.670050885120606	0.486688767243272	0.569777120517039	0.846940044093503	1.04388331815138	0.893863819488243	0.923657487121852	1.12124564691438	0.956122533423979	0.51509010075012	0.36322720516817	0.413133117021179	0.669753394138067	0.777949313065015	0.599550331765039	0.554402932501599	0.467888525409428	0.512865935188361	0.612979203771499	NA	0.89331998626063	NA	0.673439672545476	0.530040992265581	NA	0.22188322030163	NA	0.774651394767009	0.646421914053425	0.749063981207973	NA	0.491104672915928	NA	0.393501277903974	0.17702230218645	NA	0.474910559164255	0.493814064079778	0.602129662917637
1.01266967608606	0.743833055192986	1.14474463497833	1.09408336726437	1.01327901597606	1.16259087127695	0.980782994720236	1.87478695285465	NA	NA	0.376355706449254	0.528073810452667	0.788526668480481	1.04957695560372	0.424442679237887	0.434363353328627	0.778232715768294	0.980518452319734	1.02558376613274	1.08975257660069	0.93995523768202	1.03895594606527	1.15649519067975	0.693443756557195	NA	0.800901403919085	0.5589550966683	NA	1.44325161496934	1.03429243873456	NA	1.24948470364998	0.711984040823371	0.481230200596229	0.893293331315201	0.776096824217071	1.34079798182937	1.64337028687313	NA	NA
0.969555506171186	NA	NA	1.13661016299306	0.704869462801403	0.490336133035207	NA	NA	0.570734889636249	NA	1.2167817075358	1.34726848082095	1.14487849190335	NA	NA	NA	NA	NA	NA	NA	NA	NA	NA	NA	NA	NA	NA	NA	1.19285045145355	NA	NA	NA	0.423019638089684	NA	NA	NA	NA	NA	NA	0.196899526586515
NA	NA	NA	NA	NA	NA	NA	NA	NA	0.453678153266646	0.415382485080311	NA	NA	0.368443466735484	0.823698327448474	0.916812630246157	0.879583205468828	NA	1.01419194509048	NA	NA	NA	NA	0.929974073325145	1.15645827815205	1.25053453876647	NA	NA	0.868244823352239	0.516796659080547	NA	0.307877303811864	0.677912275220188	0.728657474855355	0.956169838451721	NA	0.920900805053012	0.84074653244525	1.02478605925997	1.600348728576
NA	NA	NA	0.933519207010493	NA	NA	NA	NA	NA	NA	NA	NA	NA	0.258556196657814	NA	NA	1.68812319536696	NA	0.615672284522032	NA	NA	NA	NA	NA	NA	NA	NA	NA	NA	0.410918971131508	0.32338225839846	NA	1.03710888734811	NA	0.785366373303581	NA	1.1335042654794	0.698249659142262	0.567902049461662	NA
0.389496972961368	0.78156792035618	0.837294728378163	0.782584401538663	0.683646719399031	0.584944414277068	0.540018924963823	0.697528406690846	0.539329177745341	0.776390437170662	0.637060520113484	NA	0.416500161680747	0.416464971890943	0.534065045906213	0.449247300776391	0.365072018842304	0.27097639438905	0.38496478459703	0.527259934138319	0.195105017004561	0.323555837864025	0.310285609665313	0.537614111144189	0.10466329339052	0.357634358119788	0.486926176312889	NA	0.283623621677619	0.408022607482891	0.243070711624779	0.805960998299304	0.74252465568145	0.426590279978367	0.510026183840834	0.302887654604177	0.69781303065377	0.783850281143921	0.303101382459547	1.80992269427819
0.60358448181456	0.298160090456897	0.78004872829339	0.456585385775093	0.657198349628041	0.721969325088944	0.308057172364345	0.536560380475079	0.379825091812519	1.39474808915882	0.957881310231825	1.05124528735062	0.777431386904669	0.697699918333243	0.923804003947445	0.770547433110952	0.544946579212912	1.36027475480223	0.333311368223572	0.967096598867787	0.460286886084162	0.408452158276421	0.530510267554637	0.664423771390101	1.14324552337267	0.840254966052354	0.901576021012394	NA	1.00081899875918	0.117889942073957	0.459224189105574	0.410851230594872	1.32326458585105	1.07533749359801	1.10427106819576	0.55771903223891	0.946554117011267	1.46624152529708	0.649533524179557	0.696693669485076
0.738704253111784	1.14142933448278	0.799031764864362	0.684047776424754	0.824998014289672	0.897949953947548	0.676495737281699	0.935739950325498	1.2349837218788	0.839605373799254	NA	1.51528651270298	NA	1.21061206250744	1.4637060741864	NA	0.799436202545624	1.44335384259809	1.18491144135996	1.16968480690098	1.32080723602789	0.798665165421401	1.1870814521227	1.3040162577247	1.22792903843525	1.62461466395315	0.768430234883164	NA	1.83325956097074	0.394903653486148	1.07304551467449	0.427088262495736	0.20792601776238	0.732284173817551	0.339780745830445	0.899155337770742	1.04822647822127	NA	NA	1.37488919916909
1.10314763366757	NA	NA	NA	NA	1.03910465422293	NA	NA	NA	NA	0.440304764461116	NA	NA	0.454965303048267	NA	NA	NA	NA	0.75026022305647	NA	NA	NA	0.913183440358881	0.679429022464821	NA	NA	0.713048459977148	NA	NA	0.651411808190841	0.439996361051013	NA	0.758960695559913	NA	NA	NA	0.61454006851087	0.227239321118659	NA	NA
0.980972508804415	NA	1.1167542414887	0.798045772477014	1.4970767076251	1.298794423428	0.760680405358245	0.668600213617184	0.34955860491393	0.868144146628605	1.10587797387311	NA	0.671367218495059	0.717894333740667	0.635496842197223	0.722249085415587	0.878193795355102	1.05375467445279	0.456487685230025	0.545963947987492	NA	NA	0.802378307939278	NA	1.23264272692921	1.24518642685547	0.734628174565761	NA	NA	0.321192945856624	0.756504826935953	0.345524871241294	NA	0.415144153667892	0.804786470568708	0.66587529067164	0.519419173299686	0.662240817990804	0.404450782418682	NA
0.550239804066312	1.56086678736709	1.31790681771471	NA	0.857243552850536	0.223815676615819	NA	0.332294598320474	0.627777664157015	0.790977701678823	1.020876525321	0.677681071243296	0.740591492389949	0.641494432621776	NA	0.76253497057437	0.917044895087408	0.663017805404019	0.687510121683094	0.780433398220184	0.879136393143644	0.776226447643714	1.02181121587309	0.839073896298418	1.20706981344098	1.10970227265466	1.01008002116355	NA	0.806461696490704	0.706609173105076	0.413623648925371	0.213667052431915	0.711731287809439	1.32375715792089	NA	0.104625597299393	0.406344647737207	0.132247459332188	0.30432571254853	0.413915935260705
1.05094029136346	NA	0.960855319918282	0.948495211096403	1.6473137484325	1.14973456566372	1.48311157682065	1.57593242532153	NA	1.89721474082578	NA	NA	1.37596218319689	1.5422213441556	NA	1.65664444900585	1.03181884065771	NA	0.834101822105044	1.64925848022069	NA	NA	1.97314520041528	NA	NA	0.648039190825988	NA	NA	NA	NA	0.233708463348545	0.506210173262748	NA	NA	NA	1.17163581929196	0.903621942132751	NA	NA	NA
0.730739337705387	0.726942220766631	1.46159394001687	1.66030477964102	1.69261214679194	1.91518621775067	0.237309253770336	0.314461761381562	NA	NA	0.823593946146908	1.72658641807728	1.49461312359071	1.61756382040017	1.51411335830615	NA	1.34415578186629	1.2858975206028	1.47623723492495	1.41238638717393	NA	1.96500016558333	1.71733565870782	1.52736183766041	1.50561592613658	NA	1.89537974839452	NA	NA	NA	2.43055045660183	1.86722298817956	1.82284473653222	1.87049175037743	1.57683729009766	NA	1.87420318245897	NA	NA	1.842891965232
1.03607909921367	NA	NA	1.05509048071439	NA	0.800937799316269	1.4203913881639	0.814877303824087	NA	0.442599725565268	NA	0.787322516648807	NA	0.732022746265292	0.965703505191771	1.03728879986214	1.25603795107273	0.785082454246385	0.611474371450536	NA	1.22351942645417	0.820342522579459	0.629215361524978	1.07590227234395	0.466123256093221	0.47517104787366	1.2779842830386	NA	0.59977680215836	1.13261506388636	NA	1.15069430520116	0.866806157560905	0.492729457622017	0.403036499590988	NA	0.631902374545448	1.06571816977854	NA	0.252459736481221
0.318972014517737	NA	NA	0.499601217053568	0.286699041043553	0.418199861054058	1.18680077675054	0.357084272479952	NA	NA	NA	0.437417095937768	0.449253498351361	0.172272631862278	0.358336616922856	NA	1.02697007049537	NA	0.616213855854979	0.501248405500741	NA	NA	0.613458487499925	NA	NA	0.644189688740452	NA	NA	0.708975624979746	NA	0.424279995006025	0.618690408956218	1.03890848141422	0.398433161795705	0.315318970840802	0.391642594592641	0.546614870674181	0.817778978223319	0.194230986381165	NA
NA	NA	NA	NA	NA	1.09000568706535	NA	NA	NA	0.712542109910557	0.885599249770131	NA	0.620229594647408	NA	NA	NA	NA	NA	0.586111812732223	NA	NA	0.486886082749624	1.844788987497	NA	NA	NA	NA	NA	1.56813074994325	NA	1.51742233423935	1.002517534758	0.988861329192811	0.387084764381831	0.659686542841787	NA	NA	NA	2.16469712010873	NA
0.945861164850664	1.12882724983714	0.989924761688059	1.24839672778359	1.16931375401841	1.04991110215922	NA	0.913928659098893	1.18837483487606	1.37633603579221	0.967879930466588	1.4017324465344	NA	1.0545198767536	1.38668522619542	NA	0.808650237588735	0.486836316985042	0.650988025340312	0.658064225350879	0.883630757574009	1.46726378414084	0.84828056208028	0.694200518372415	NA	0.433854626479089	0.970217358537063	NA	0.534873066983437	0.381995296020918	0.754113156770589	0.122733005974792	0.549202812346713	0.25195440515617	0.474071242561571	0.240256895305693	0.28062237365169	0.470717598282518	NA	1.26046841163415
1.09003555800072	1.23542448632352	NA	1.81286592084382	NA	1.62649795056405	NA	NA	NA	1.8759342965316	1.71458233031695	1.42031167469651	1.62428717683215	1.71774770958587	NA	NA	NA	0.629013188604331	0.954788830186583	0.860122189289466	NA	1.11908100212999	0.768844022953039	0.842565337512232	1.03345757257227	0.529434676924994	NA	NA	0.249380818574479	0.356194842010705	0.459106909560982	1.18259502481155	0.170255820825527	NA	0.700066034154783	NA	0.730660034027899	1.25097690564076	NA	NA
1.09213439754723	NA	NA	NA	0.432480370209923	0.526038472275814	0.268865575292858	NA	NA	0.627853622257155	0.849672919661629	NA	0.384184447867144	0.382525613587882	0.493065395392158	0.665089565254022	NA	0.460119607340358	0.414506116934801	NA	0.858233776866714	NA	0.909148014016931	0.560850404853741	0.26536311962009	0.489843836289429	NA	NA	NA	NA	0.500359146854249	1.0220601728341	0.579625149313534	1.25038397596021	0.626495775718764	0.226158669743906	NA	0.776256828258527	0.516029197012188	NA
0.871966024002928	0.411051129266963	1.23092665690604	1.41273209420798	1.18607197921567	1.27365472873836	2.0937893237539	1.31218323672281	1.29935617059061	2.9294582965966	1.13106879973963	1.34901079148778	0.999069176271962	NA	1.16196549170892	1.08628118482417	1.09966593548533	0.646486830402459	2.63695160740866	2.57022427878009	1.02851333879601	2.71532959882524	1.22680052525431	0.994116665251217	1.21539806392166	0.899810939334736	0.721757710925082	NA	NA	0.209282869658476	0.408505438998106	0.34125752779258	0.379991021037911	0.807835087226209	0.792446587741517	0.559889421761755	0.468206449192307	1.11664194488103	2.32791601500643	0.865688327305214
1.49009550236631	NA	0.149839243121729	0.783930786726316	0.708938741229823	0.355991501237868	0.488629385582885	0.873329048547166	1.12818359087134	NA	NA	1.16257906390299	NA	0.300747225280892	0.840544139625564	0.771662057426472	0.888844833173004	0.867142419916668	NA	NA	0.614293318375592	0.559668243152086	NA	NA	0.479838151810553	1.38693719446314	0.203919328568771	NA	0.237634745423002	NA	0.891556771684078	NA	0.750588865879378	1.09510849818921	1.21824659212246	1.40464123821351	0.816691119277141	0.757490290202765	0.702839053394779	NA
0.928058768235489	0.881615717635744	0.674895855061399	0.65099826941126	0.500436430836521	0.491897936547517	0.511756723857848	0.544529528405443	0.763045307176401	0.359648480226948	1.21096752128566	0.772151317816725	0.670706820945034	1.06307395423535	0.41031273705467	0.857316317353947	1.09084353891342	0.629437873016148	0.617858484783964	0.834207771544615	0.762505301912737	0.793394402916879	0.291531640833604	0.717224343000918	0.382332207059886	0.0533956371253111	1.77406095869777	NA	0.46681697409633	0.738658873845574	0.566656938502086	2.04842630038304	0.562277146182635	0.27974242216574	1.83894487215339	NA	NA	1.49962050785837	NA	1.78005373370679
0.591047974249683	NA	0.559349820747755	0.390731217977445	0.3658312983503	0.455356333112682	0.496056753204206	0.518390871314736	NA	0.72454982536181	NA	0.704586756733741	0.285813155008631	NA	0.994440976453322	0.978876648468893	1.21747163429043	NA	0.733262988873252	NA	NA	NA	0.673352210684128	NA	0.707891740269276	NA	NA	NA	0.415045974130466	0.338744893675397	0.556508809431136	0.601356154723457	0.941660478638359	0.703909510686212	0.442265598821755	0.367050262407879	0.45419190585906	0.8124981233339	0.804526523974586	0.424479305515023
0.704354719656219	1.03769576452573	NA	0.851582835823764	1.25517015120121	1.9203807579643	1.15153726638474	NA	1.62989380764415	NA	1.29465133718405	NA	1.45123191802749	1.30342084895095	1.9689079295208	1.66950930598007	1.7376729177112	1.24721976037122	1.1295312385055	1.54365917705038	1.92825447551797	2.04611728484906	1.72657006287297	1.35342101138935	1.28854715042041	0.948310433540657	1.22400369303585	NA	0.589511610984557	1.38567113955092	1.22119753658788	1.58612887227906	1.68764958584048	1.34661090323257	1.18516748463929	1.29916451385403	NA	0.234326884909877	0.599593830701038	0.487727933945668
0.917812068829353	NA	1.14101917024016	1.31022748379509	NA	0.953839321431338	NA	0.202559159692616	NA	0.71334449097466	0.98539651980518	NA	1.21825981267914	0.557523143303638	NA	0.360553841128871	0.795765904938897	NA	0.705635670836134	NA	NA	0.57666092149193	0.202477464857624	0.551423798353494	0.2565982043222	0.426673549066996	0.493284059325672	NA	0.343696763405768	0.645450386271248	NA	NA	NA	NA	1.25977992393692	NA	1.68387587290042	NA	NA	NA
0.917232664290419	1.02454351915184	0.957026889325657	NA	1.33591947186014	1.62354023372935	1.98963553743763	NA	1.85452295334362	1.58449899126727	1.39198869616917	NA	NA	NA	1.19747532169681	NA	1.14777066976805	1.4284516183692	1.02535246748391	NA	NA	0.288853641559536	0.66556350571703	0.410209528157129	NA	NA	NA	NA	0.265579218158456	0.433809528239037	NA	NA	0.839733182562143	NA	0.656222452412476	NA	0.468863374521458	0.763886383936186	NA	NA
1.29242812610974	1.47885888505894	1.41417086553677	1.39308045946948	NA	1.84548545361652	NA	NA	1.44783635607658	1.57642317097797	1.77553746321875	1.73447483434427	1.7024156921356	1.87758904135307	1.30321057378887	1.29420228052816	1.53154988896463	1.10353273422113	1.16865293215536	1.15016564290363	1.14415050701116	1.02742204625273	0.931769674860758	0.851624151426862	1.20885951551301	0.757528069523886	0.856107782216459	NA	0.312413269462358	0.939297265230168	NA	1.05537398811759	1.04287856758936	0.561460973117342	0.44734815562809	0.380862304459959	0.336912977782236	0.777842179376538	0.470699653412598	NA
0.55422788120326	NA	0.549602632567067	0.697438409973746	0.468261809219711	0.516501302430711	1.05959786918803	0.94017694017608	NA	0.608404879456951	NA	1.24456103624613	0.90646210785878	1.05830247770489	NA	NA	0.700802782833846	0.778121580164537	NA	0.996963105418511	0.711205009343628	1.26686427321565	1.01499121870279	0.995935975969304	0.863142799346976	0.593460702243915	0.658735309445722	NA	0.485263041859816	0.612416343843736	NA	NA	NA	0.600015660609074	0.307922519509938	NA	0.623039952637726	0.474705941712261	0.274801506209992	1.42547741272158
0.505363627283408	1.04019484334271	0.753104977077531	0.864801726013954	0.853245859002783	0.837944918810172	NA	0.80147628294705	1.06997852421793	0.548658812435068	0.985621838141991	2.16178132781163	0.650171733191184	0.813595545939219	0.603702824475677	NA	NA	1.05982973249972	1.19682155827933	1.31697557086899	0.954675748995796	0.66763693284472	0.383163383100643	NA	0.517694702464233	0.510945204067998	0.454080592894102	NA	0.411210448237733	0.686534330655532	0.627895290125319	0.730305136359874	0.539067749595976	0.745311200178668	0.930620263197775	0.633359798822078	1.01206037855032	0.886794615344542	0.594832019977531	0.576139315172473
NA	NA	NA	NA	NA	NA	NA	NA	NA	NA	NA	NA	NA	NA	NA	NA	NA	NA	NA	NA	NA	NA	NA	NA	NA	NA	NA	NA	NA	NA	NA	NA	NA	NA	NA	NA	NA	NA	NA	NA
0.378612229818539	0.462935687717752	NA	NA	1.27788243235584	1.13695914223574	0.438968305715869	0.747785037199331	0.575945579870787	0.621902549546378	1.56592764791365	1.07495934005859	0.415561178407868	0.738393356648865	0.89134998162532	0.363047950656426	0.416638328669757	0.203973518240426	0.442282912169368	0.425314755214135	0.518751020669978	0.850270541483464	1.05790710030046	0.801009243157838	0.885154534781514	0.96915146364974	0.605928772112732	NA	1.06717529972701	0.975912233193785	1.06967874900199	0.754145472637498	0.51651887657429	0.625818617325271	1.49005068659027	1.69997491734744	0.865785270140857	0.814341673334718	0.366932129134721	0.876299459953381
NA	NA	NA	NA	NA	NA	1.8585378180424	1.90094267247057	1.37132645962254	NA	NA	NA	NA	0.628651371522102	NA	NA	0.659946856143206	0.433826965448073	NA	NA	NA	0.68241584806182	NA	1.84970794526563	NA	0.909145549373797	0.6542354683127	NA	0.642396299342944	0.206865174707426	0.637843746460938	0.657525927416052	NA	NA	1.50694737144673	0.706461766741357	0.893958783043179	0.850951944737286	0.784153430313254	1.32292902344391
NA	NA	NA	NA	NA	NA	NA	NA	NA	NA	NA	NA	NA	NA	NA	NA	NA	NA	NA	NA	NA	NA	NA	NA	NA	NA	NA	NA	NA	NA	NA	NA	NA	NA	NA	NA	NA	NA	NA	NA
1.59146555485706	NA	1.46036420577379	0.4373301917735	0.368490831436612	0.451685035376747	1.23149505809232	0.607439116744851	0.952895718637082	0.455203484896249	0.503945083508105	0.704330000714333	0.753367309737034	0.994930207562574	0.587763745069805	1.43137665894637	NA	0.879980663170237	0.774896295266574	0.894384459823443	0.85261932235675	0.891523382580747	0.696529097378085	1.44443056087291	NA	NA	0.195866283618992	NA	1.32411687076578	0.323032435872113	1.49644993303038	1.43717247611348	0.659708769427501	1.1570912082426	0.954434413494984	NA	0.223070603474499	0.801635608774024	1.04056464911329	1.15802524679562
0.951110230174404	0.912216469645282	0.969709309101536	1.17245013583639	1.04493511174118	0.761616378489147	NA	0.252199564224939	NA	NA	1.79180672433541	NA	0.462436688795964	NA	1.55034922929127	0.81296999151665	1.06615643312371	0.609394480667992	1.35437151049404	NA	1.20340039349251	0.855176698063129	0.899753831578891	1.0317884744372	0.558044722586834	0.412814242407118	0.40671529491377	NA	0.692726188229839	NA	NA	NA	0.299988092511855	0.586233924764683	0.871110300495986	0.611068183368592	0.538670095322993	0.696731647163697	0.500595941218176	NA
1.80729795457838	1.2564554646526	1.26096780827089	NA	NA	1.33196672198064	NA	NA	NA	NA	1.20491110412223	NA	NA	NA	0.991486678324992	NA	NA	NA	NA	NA	0.819678564117135	1.47661228461703	0.959165670293657	NA	NA	0.129558863000094	NA	NA	0.779736939284153	1.00034094613826	NA	0.891743507787407	1.34415156324622	NA	NA	0.974153146841732	1.14280326728587	1.11040653375274	NA	1.0713439667048
NA	NA	NA	NA	NA	NA	NA	NA	NA	NA	NA	NA	NA	NA	NA	NA	NA	NA	NA	NA	NA	NA	NA	NA	NA	NA	NA	NA	NA	NA	NA	NA	NA	NA	NA	NA	NA	NA	NA	NA
0.913530524755408	NA	NA	1.01651856269879	0.712706435207758	0.809226148228046	NA	0.734767369992632	NA	NA	NA	0.735061855887301	NA	0.708372363165555	0.697529559121068	1.1876468833288	NA	NA	0.3249181344903	NA	NA	NA	NA	NA	0.362017802190405	0.683349686005598	0.343466438853057	NA	0.348292374075005	0.58706947434081	NA	0.520226958539635	0.431875052375593	0.51062650888247	0.474343120139577	NA	0.349799614523127	0.942063367848027	NA	0.176827787433304
NA	NA	NA	NA	NA	NA	NA	NA	NA	NA	NA	NA	NA	NA	NA	NA	NA	NA	NA	NA	NA	NA	NA	NA	NA	NA	NA	NA	NA	NA	NA	NA	NA	NA	NA	NA	NA	NA	NA	NA
0.697140851692913	NA	NA	NA	0.618917874387818	0.615551151887963	NA	NA	0.65820637004324	1.09240477311498	1.13306292231398	NA	1.39271221338466	1.56334380238893	1.99634512508507	NA	2.06359274825441	1.18578759610632	NA	1.07476918230621	NA	0.80393112096385	2.47138989116989	1.19458370171774	0.84840518001374	0.639087354204325	NA	NA	0.451610874089301	0.734443561115032	0.705766509228204	0.585863923797956	0.41001412582936	0.375758364769683	0.469949402646096	0.372503554776188	0.103578671503483	0.635074293655453	NA	1.37590558371412
NA	NA	NA	NA	NA	NA	NA	NA	NA	NA	NA	NA	NA	NA	NA	NA	NA	NA	NA	NA	NA	NA	NA	NA	NA	NA	NA	NA	NA	NA	NA	NA	NA	NA	NA	NA	NA	NA	NA	NA
NA	NA	NA	NA	NA	NA	NA	NA	NA	NA	NA	NA	NA	NA	NA	NA	NA	NA	NA	NA	NA	NA	NA	NA	NA	NA	NA	NA	NA	NA	NA	NA	NA	NA	NA	NA	NA	NA	NA	NA
0.48430498456726	0.406762960385297	1.11593206458753	0.947016855612337	0.0778070748517706	NA	NA	0.48095180558344	0.536126389216611	0.633222305334556	0.498537655908804	NA	0.691502289732183	0.800219946108256	NA	0.170831602680321	NA	1.94397585330876	0.295297797393782	0.38679610594956	0.622943699421784	0.454607388033372	0.787195732090562	0.59889122406252	0.664817018290393	0.209938334218868	0.409479957291902	NA	0.568689841565017	1.08271741748565	0.640411743298888	1.04540600709083	0.614258968862094	0.415786828666331	0.686857963352508	0.495804167388354	0.552628046776767	1.34076533441852	0.409862287179138	0.562604801971559
1.07441190795885	1.02961280672478	NA	1.45570347524909	1.2655058574643	1.1829911143577	NA	1.44527321743272	1.26024029277155	1.11027344710439	1.17717245107787	NA	NA	1.17725497656699	0.793766098184941	0.792425463411238	1.18710454547589	1.66259851658629	NA	1.79176045307564	NA	2.0012187728099	1.54871051023226	1.11201924565752	1.09393159375303	1.08065532222878	1.10330537002969	NA	1.04405386315659	0.359753581513196	0.341827091543488	0.442251053984246	0.455037648501166	NA	0.21729501745338	NA	NA	0.670254850372487	1.65268719378126	NA
NA	NA	1.56420404177951	1.10620916047912	NA	1.35041380480542	NA	NA	1.44316535648441	1.2325314600403	1.51664746377249	NA	1.38685441140735	1.39363508526924	1.77612431354616	1.17972092958083	1.64794008910284	1.18446915311282	1.65742087991059	1.54862473906023	NA	NA	NA	1.28369329992148	NA	1.40292634545913	0.63877635804329	NA	0.399690292200057	0.289229459119799	0.841187855372318	1.40575382264408	0.663332158149469	0.958252192286711	0.677765723391649	0.39428725971801	NA	0.500478941142995	NA	NA
NA	NA	NA	NA	NA	NA	NA	NA	NA	NA	NA	NA	NA	NA	NA	NA	NA	NA	NA	NA	NA	NA	NA	NA	NA	NA	NA	NA	NA	NA	NA	NA	NA	NA	NA	NA	NA	NA	NA	NA
0.965291127032324	NA	NA	0.883716871802936	1.13792626764363	1.10906868677031	1.06358049798886	1.21371596509791	1.3165312116484	NA	0.381351057103568	0.403497234627438	NA	0.877536202263831	0.910827692787216	0.792363867649481	0.81407231213108	0.879108085607203	NA	0.980772467599768	1.45314825947724	0.898084338026784	0.942938929600611	1.24191931936143	0.566363589830455	0.389137190269059	0.161769606724511	NA	0.469522230924273	NA	0.642825702528037	0.718453392720188	0.663957457158129	1.01835509885756	0.964341455282594	NA	NA	NA	1.06926014252643	NA
0.551202779775492	0.968043352470553	0.833905013290733	0.803506827764964	0.794323169868308	0.839983583034769	0.60207962991217	0.550258236073836	0.406884382567462	0.144376783228724	0.896057301085264	0.706805073965476	0.229404718418148	NA	0.887870851645932	0.67517994091137	0.205581108085998	1.12782793551277	0.518867770924132	0.263521742281145	0.254300142116845	0.874109185969703	1.18993497433114	0.361908610655518	0.577184917753602	0.398329341112617	0.366091677759288	NA	0.56552601747358	1.32424184671391	NA	1.34760630883065	1.10556824483477	1.38766303609339	0.198326406759854	0.239890485047839	0.670690144457696	0.899166528232145	NA	NA
NA	NA	NA	NA	NA	NA	NA	NA	NA	NA	NA	NA	NA	NA	NA	NA	NA	NA	NA	NA	NA	NA	NA	NA	NA	NA	NA	NA	NA	NA	NA	NA	NA	NA	NA	NA	NA	NA	NA	NA
NA	NA	NA	NA	NA	NA	NA	NA	NA	NA	NA	NA	NA	NA	NA	NA	NA	NA	NA	NA	NA	NA	NA	NA	NA	NA	NA	NA	NA	NA	NA	NA	NA	NA	NA	NA	NA	NA	NA	NA
1.10914725924054	1.22806751748351	0.803798627715761	NA	1.7557321839238	1.5614358721874	1.59532321643451	1.37167432028577	1.71162549322456	1.72536681206569	1.42657767634848	1.54429532355902	NA	1.66602449907434	NA	NA	2.07066727040311	1.8986594318805	0.636825430559312	1.36667388439509	NA	1.53593529496902	1.04706063259866	1.24216664502297	1.1462551725854	1.16482130820505	0.355410916639122	NA	1.58102244681018	0.852690159998326	0.800689899948137	NA	NA	0.977312891166151	0.476661789847349	0.491416520588376	1.17303851889082	0.281049169997981	1.19058444249685	1.02366291812909
1.12542220091573	0.921355363535173	0.553914057379975	0.429203792837139	0.837951193307781	0.938528884841697	1.2595672856644	NA	NA	NA	1.42791729848214	1.91594242457537	NA	0.432587481439906	1.03135944701984	0.842142515552883	NA	0.346854822321623	0.500990910026885	0.17091160391539	0.699290738599156	0.323503999767958	0.992424403913968	1.05929896248276	1.3222413057952	1.31875811368307	NA	NA	0.886593471214957	0.619100792833158	0.796041129643549	0.92555100612124	0.726209550133709	0.941629521855965	NA	0.791715935229505	0.975422864799049	0.726405309098658	0.910865098327599	0.829430501491827
NA	NA	1.22939165432122	1.11025222309884	0.718926851765621	1.12925723559718	1.02045470849216	1.00467197804425	0.895767446016666	0.710623272923544	1.15356905324138	NA	NA	NA	1.57730168308978	1.15817840124435	NA	0.791040949611814	0.754527847647327	1.35565956459948	NA	NA	0.864413346492844	0.608805434871046	0.984512838698407	0.381940517450659	NA	NA	0.297106735986693	NA	2.45958858115226	1.84554637906528	1.47848246292222	0.500939331322781	0.659354883657936	NA	NA	NA	NA	2.35219793347313
NA	NA	NA	NA	NA	NA	NA	NA	NA	NA	NA	NA	NA	NA	NA	NA	NA	NA	NA	NA	NA	NA	NA	NA	NA	NA	NA	NA	NA	NA	NA	NA	NA	NA	NA	NA	NA	NA	NA	NA
0.751418637687426	1.32637081426041	0.947278676012451	0.439729453171839	0.735116193983933	0.460335016401231	NA	0.76733726749875	0.62446890423994	0.359707817604272	1.63315350807355	1.56091942575896	1.04920155455961	NA	NA	0.85598143500687	0.599779005623679	0.672432825344015	0.620549030979813	0.667455169631037	1.21233895268019	0.609305870984493	0.915852933419771	0.439939333909111	1.09184635693007	0.924461777109072	0.261360391427392	NA	0.885708800195167	0.643457678397531	1.04911139123621	1.451978282881	0.905303532656452	0.769481028152179	0.498262586855162	NA	1.12440478880706	NA	0.891982029783773	NA
1.76826138667335	NA	1.12695556606062	1.31106576332747	1.26132005587363	0.993713435188471	1.23434853467232	NA	0.640956855316042	0.764872366929157	0.749653220850483	0.952484890544171	1.07139624841471	1.286857387774	1.25683515217688	1.24192571536315	NA	1.2769538828224	0.814529842023594	NA	NA	1.09029715769038	NA	1.27142005616098	0.584725823673958	1.3075008368801	1.0557642271156	NA	0.437019947294888	0.25337807612995	0.436624025957794	0.408647904277474	0.503222604165182	NA	0.754196275471793	NA	1.35561011030335	NA	0.798046988505223	NA
0.770728810404023	0.531035200543327	0.578537001920975	0.391846890906127	0.498193609708311	0.789017383695784	0.440990611662025	NA	0.551535984928871	0.812626044227425	0.758797609099012	0.919664715880706	1.05279755345445	0.990682603804082	NA	NA	1.25490618300935	2.31850054143403	1.57113209093486	1.26858993591578	2.04222790183278	1.00945526446702	0.767118675961944	1.18924185394911	1.22519550043746	0.811563684653425	0.722756765129734	NA	0.32183732244463	0.724222773504833	0.543864665548551	0.232887319977233	0.486680736421221	0.897426500482356	0.905725346551658	NA	0.997938107859208	1.31632013945795	1.11754951314912	0.979538978811271
2.09586545602033	NA	1.98638730060675	NA	2.18791250029948	NA	NA	NA	NA	2.03877812029135	1.46429032230128	NA	0.7635346644106	NA	0.660158724504986	0.547595308168141	0.754845712288217	NA	0.833944978722366	NA	1.82739540946715	0.499138666820422	0.711434803523823	0.705685082490531	0.939647150325307	0.632646118795379	0.401769166867753	NA	0.232687069775086	0.293908492378188	0.309438664735141	0.384802899546516	0.153634881246116	1.1830647321806	0.440416995120212	1.05743866232655	0.617154009797334	0.465532390144651	NA	0.822704659746805
0.271790218695697	1.82052377466126	0.188608130537301	0.241591639724111	0.388703441800411	1.44257978375296	1.60963094032329	NA	1.06922968988168	1.46664515245688	0.743021108614348	1.02011543303918	0.562405395416764	1.33725436866604	1.40280530271594	0.284664675638988	0.225348940459746	0.158490983444036	0.320255371297441	0.397192857914188	0.459054201953693	0.353007227909342	0.451409163543852	1.54695776983627	1.74668780557126	0.462334403771589	1.98058370039513	NA	1.25402154332401	1.59410401957016	NA	1.67370627077544	0.603054623770132	0.69994210187048	0.33753170435541	0.464065468675639	1.11607798792432	NA	0.466308305310581	0.357648901118126
1.19529721605996	NA	0.836941266719798	0.542656767201415	0.340997522105922	1.98533229779337	NA	NA	1.65474827623839	NA	NA	0.311601461750779	NA	NA	0.277762587385484	0.340040658341412	0.209663089306947	0.369212281587736	0.293703800235125	0.111270112297386	NA	0.405872646801871	0.594746248011606	0.247724059886302	NA	0.140480017493038	0.216184617017687	NA	NA	NA	NA	0.186312340650789	NA	0.316785114430506	NA	0.633092692519599	1.35174545870063	1.79236598455248	1.10672484218387	0.320883672292329
NA	NA	NA	NA	NA	NA	NA	NA	NA	NA	NA	NA	NA	NA	NA	NA	NA	NA	NA	NA	NA	NA	NA	NA	NA	NA	NA	NA	NA	NA	NA	NA	NA	NA	NA	NA	NA	NA	NA	NA
NA	NA	NA	NA	NA	NA	NA	NA	NA	NA	NA	NA	NA	NA	NA	NA	NA	NA	NA	NA	NA	NA	NA	NA	NA	NA	NA	NA	NA	NA	NA	NA	NA	NA	NA	NA	NA	NA	NA	NA
