NA	NA	NA	NA	NA	NA	NA	NA	NA	NA	NA	NA	NA	NA	NA	NA	NA	NA	NA	NA	NA	NA	NA	NA	NA	NA	NA	NA	NA	NA	NA	NA	NA	NA	NA	NA	NA	NA	NA	NA
NA	NA	NA	NA	NA	NA	NA	NA	NA	NA	NA	NA	NA	NA	NA	NA	NA	NA	NA	NA	NA	NA	NA	NA	NA	NA	NA	NA	NA	NA	NA	NA	NA	NA	NA	NA	NA	NA	NA	NA
NA	NA	NA	NA	NA	NA	NA	NA	NA	NA	NA	NA	NA	NA	NA	NA	NA	NA	NA	NA	NA	NA	NA	NA	NA	NA	NA	NA	NA	NA	NA	NA	NA	NA	NA	NA	NA	NA	NA	NA
NA	NA	1.35428604480079	1.16624382941533	0.866365639346146	0.751543711312293	1.06534077833339	0.624922447587851	0.881877600015745	0.861029076777777	1.21217149513432	0.610838249732476	1.04979319621892	NA	NA	NA	0.472370286552244	0.434519785434744	NA	NA	0.719649463076352	0.901142917953655	0.742472549841754	0.632798018706745	0.645452772331529	1.61215225801904	1.22947077199447	0.603373761675537	1.34871513707678	1.15460802780599	1.35303130099353	1.07333902413086	1.11197090671581	1.1765606281767	0.66257964281293	0.810150512029912	0.979165414478257	0.796178791848773	0.549392002279995	1.01709306279654
2.00996195113645	1.95283329013403	NA	0.499567980453265	NA	1.55168931842719	0.245714874810987	0.210394620073729	NA	0.712190511107254	NA	NA	1.05032898246964	NA	1.22450724706631	0.922535259805874	0.637617572239816	0.66734398591398	1.33480336569897	NA	0.494225210563648	0.332594077059133	0.27362102287973	0.716142424051436	1.88672099672724	1.84282266001326	NA	0.727533682043327	NA	NA	1.51194136258986	1.23577951693674	NA	0.724756702432826	NA	NA	1.37449894495886	NA	NA	NA
NA	NA	0.74810032680929	0.890678795565608	0.987803291218635	0.925723320133832	NA	0.339093280557359	0.30958372517771	0.462516589833355	0.671162299487935	0.191762282531708	1.0969015119013	0.545236925462358	0.238959709696843	0.317614634231377	0.657893703825124	0.331930039724162	NA	NA	NA	0.706600075016328	0.393997539248259	0.623573288942124	NA	NA	0.372620368063417	0.631415155693445	0.490870695659784	0.909757970692254	1.00014443624535	1.02633406643054	NA	NA	1.13099606843945	NA	NA	1.47579640929571	NA	1.00830419374204
NA	NA	NA	NA	NA	NA	NA	NA	NA	NA	NA	NA	NA	NA	NA	NA	NA	NA	NA	NA	NA	NA	NA	NA	NA	NA	NA	NA	NA	NA	NA	NA	NA	NA	NA	NA	NA	NA	NA	NA
NA	NA	NA	NA	NA	NA	NA	NA	NA	NA	NA	NA	NA	NA	NA	NA	NA	NA	NA	NA	NA	NA	NA	NA	NA	NA	NA	NA	NA	NA	NA	NA	NA	NA	NA	NA	NA	NA	NA	NA
NA	NA	1.62505443186321	1.65850018115746	1.52260660676932	1.85067443963123	1.57518162465763	1.60987114126165	1.75222710717852	1.72488170589862	2.06277252769923	2.08394967254017	0.947850894960137	NA	0.598158848769642	0.351297005735822	NA	NA	NA	NA	2.17588416510929	NA	1.37786366643626	1.24966784501529	1.93529096980848	2.04608894131608	1.95139268702678	NA	1.8342952303326	NA	NA	NA	NA	NA	NA	NA	NA	NA	NA	NA
NA	NA	NA	NA	NA	NA	NA	NA	NA	NA	NA	NA	NA	NA	NA	NA	NA	NA	NA	NA	NA	NA	NA	NA	NA	NA	NA	NA	NA	NA	NA	NA	NA	NA	NA	NA	NA	NA	NA	NA
0.781423045855466	NA	0.939367376691077	0.874664294755051	NA	0.757188336691379	NA	NA	1.33484296368491	NA	NA	0.550418049297782	NA	1.06899849211668	NA	1.02517146622617	0.565577795625348	NA	0.461160532429431	NA	NA	0.593080631595048	0.567072702798808	0.565356990629834	0.559337058966312	NA	0.479944761903692	0.491417440637866	0.867284584291961	0.788026801427036	0.777161264276825	NA	1.65385909334585	0.705510212842084	1.3328342870517	0.825276818797306	0.488602934228912	0.570849659428172	0.476882243274822	NA
1.32868583790882	0.224273734903242	0.71398280028106	0.166142468635279	0.35752958905357	0.324671644377113	0.528304859513061	NA	0.466654806021848	1.42740816411492	NA	NA	NA	NA	0.316117353766184	NA	1.33456168125105	0.154517902884637	NA	NA	0.398909107905796	0.253952570364275	0.452935498844842	NA	NA	0.621452706558674	0.289320968169623	0.884046211990543	1.90920689040569	NA	NA	0.312661336901835	0.462285183381986	NA	NA	0.672297371441555	0.445447330010291	0.469279809492011	0.647711190313966	NA
NA	NA	0.526342182212735	0.56305169480017	0.5683445085078	NA	0.190186541539838	0.286221719393155	0.421041094328206	0.644498777864487	0.2525824950866	0.37816422891582	0.681169297485824	0.445726834578221	0.426040190475135	NA	NA	0.158312152872912	NA	NA	0.47591055093706	0.508798764211807	0.705997803279175	NA	0.246958312016698	NA	0.654669865620088	0.538355493053139	1.07847926273945	NA	NA	NA	1.20524008270093	1.20513904594625	1.39227160842208	1.58854919887044	NA	NA	NA	NA
1.43050170788905	NA	1.27497610815819	0.760956698063395	0.68876829127881	0.725322539524062	0.244190789313856	NA	0.0962146698621172	0.261373222757709	0.211810536926179	0.110136016665013	0.0872240326626735	0.415591683931089	NA	0.341226737329329	0.625901950307748	NA	0.506844518454301	NA	0.961365313054099	0.311886507173419	0.602033769367577	0.736851946664088	0.297988209242688	NA	0.909754644515975	1.14617931677892	NA	0.310663841861983	0.59000841472091	NA	0.975784796560507	0.713918661867795	NA	NA	1.174490165006	0.617852730888336	0.428430322734995	NA
1.29992577070624	NA	NA	NA	NA	NA	NA	NA	NA	NA	NA	0.44039802395885	0.235587853448198	0.0962792430895031	NA	NA	NA	0.372543147156159	NA	NA	0.382667737146835	0.466666073567507	0.785726196315505	0.994213228699643	1.18807052910408	NA	1.39305848333808	1.58300840844215	1.36432470800177	0.786357030910542	NA	NA	0.770019293941852	0.987659869702195	1.05408521559171	NA	NA	0.567743825226849	NA	NA
NA	NA	NA	NA	NA	NA	NA	NA	NA	NA	NA	NA	NA	NA	NA	NA	NA	NA	NA	NA	NA	NA	NA	NA	NA	NA	NA	NA	NA	NA	NA	NA	NA	NA	NA	NA	NA	NA	NA	NA
NA	NA	1.39568224099739	NA	0.869589837126158	1.2651925052761	NA	1.49215288247084	NA	NA	NA	0.282653090041581	NA	0.365541563299381	0.262050064886673	NA	0.830211198289187	0.238500471827122	NA	NA	0.127057783322266	0.264508610321685	0.738052025168551	NA	0.235326988641731	NA	0.327667288658638	1.11587186082904	1.0591779504229	NA	NA	0.891429570978443	NA	0.935116289174387	1.67752621035205	1.16830096223749	1.66166549042525	0.450137488125198	0.610384922025926	NA
NA	NA	NA	NA	NA	NA	NA	NA	NA	NA	NA	NA	NA	NA	NA	NA	NA	NA	NA	NA	NA	NA	NA	NA	NA	NA	NA	NA	NA	NA	NA	NA	NA	NA	NA	NA	NA	NA	NA	NA
NA	NA	NA	NA	NA	NA	NA	NA	NA	NA	NA	NA	NA	NA	NA	NA	NA	NA	NA	NA	NA	NA	NA	NA	NA	NA	NA	NA	NA	NA	NA	NA	NA	NA	NA	NA	NA	NA	NA	NA
NA	NA	NA	0.345601039827388	0.199614981566376	0.333988011343105	0.0993717002537418	0.15207110562607	0.144052511113463	0.203621564527696	0.530637412798666	0.120246745165482	0.409435604790987	0.0911527128879823	0.0862389581786534	0.102530719677145	0.179063324900067	0.0912989813615415	0.220420940445295	NA	0.136360122220259	0.179283768496681	0.364344453159722	0.328137102896723	NA	0.605707782770807	0.517871150484859	0.245068864542501	0.397487209850569	0.122247841906176	NA	0.223697287214798	NA	NA	NA	0.218655575646095	NA	0.406893672497071	0.547754416414661	NA
0.931050010006496	1.05433082919895	NA	NA	NA	1.4517835629597	NA	1.31182206061545	1.38661527034367	NA	1.08224666601714	1.01250024143347	NA	2.25314379047496	0.79200474061911	0.791106131848973	0.427119552090698	0.521240472504718	0.626091776094464	NA	0.702794690281044	0.238368978042306	0.894246947164352	0.665828798400721	0.795973437545858	NA	0.6681228630639	0.515992633302701	NA	NA	1.89432618528064	0.827007066652666	1.26856504622833	0.670909213230757	0.343434238242181	0.437416076928694	1.33853390445625	0.735203265575486	NA	NA
NA	NA	NA	NA	NA	NA	0.296353954146595	NA	0.444318842468665	NA	0.240422647832612	NA	NA	0.29683918334616	NA	NA	NA	NA	0.184100805327091	NA	NA	NA	0.745011726114458	NA	NA	NA	NA	NA	0.454233212121669	NA	NA	0.725283716781119	0.483310010753199	0.512449730901338	NA	NA	NA	NA	NA	0.665397010637496
NA	NA	NA	NA	NA	NA	NA	NA	NA	NA	NA	NA	NA	NA	NA	NA	NA	NA	NA	NA	NA	NA	NA	NA	NA	NA	NA	NA	NA	NA	NA	NA	NA	NA	NA	NA	NA	NA	NA	NA
NA	0.413023292603489	0.312510726711545	0.0908188910018828	0.641812490227587	0.642847385061735	0.965085740877102	0.602175209156568	0.346262895322061	0.696691348544597	0.382852038358013	0.588774556643881	1.06875709708622	0.708966571262991	0.182288197822917	0.254912270861767	0.295761793323858	0.374823653853513	1.33435566373092	NA	1.58975942832543	0.790462370152694	0.768056443033967	1.5935078867304	0.986315091985736	0.394156278969609	NA	1.5573192289844	1.16414309624409	1.1196883670313	0.536904043106724	0.837005005208797	1.12273945282189	0.962961274053305	1.11517136342643	1.07627195512074	0.613551480921736	1.39968330301816	0.718465073941872	1.12253000171395
NA	0.708544556981651	0.867126972450007	NA	0.887240056207482	0.532742411473902	0.44586375406832	0.288761757963547	0.445856191297992	NA	0.580892988878412	0.468142113335736	0.452960940804585	NA	0.329765700619624	NA	0.395809616704359	0.441547108865113	NA	NA	0.714505725147386	NA	1.17058950425061	1.44551339116857	1.72371418424569	NA	NA	NA	NA	2.02660885728678	NA	NA	NA	1.45095653053862	NA	NA	1.03336496357125	1.03529634285217	1.0236020632267	NA
NA	NA	NA	NA	NA	NA	NA	NA	NA	NA	NA	NA	NA	NA	NA	NA	NA	NA	NA	NA	NA	NA	NA	NA	NA	NA	NA	NA	NA	NA	NA	NA	NA	NA	NA	NA	NA	NA	NA	NA
NA	NA	NA	NA	NA	NA	NA	NA	NA	NA	NA	NA	NA	NA	NA	NA	NA	NA	NA	NA	NA	NA	NA	NA	NA	NA	NA	NA	NA	NA	NA	NA	NA	NA	NA	NA	NA	NA	NA	NA
NA	NA	NA	NA	NA	NA	NA	NA	NA	NA	NA	NA	NA	NA	NA	NA	NA	NA	NA	NA	NA	NA	NA	NA	NA	NA	NA	NA	NA	NA	NA	NA	NA	NA	NA	NA	NA	NA	NA	NA
NA	0.687365333855867	NA	NA	0.555367942091865	0.553742267102025	0.604768122548841	0.664374877877801	0.563696633090938	NA	0.51040932837572	0.509809593593185	0.463118475507292	0.607257589236001	0.247966126222151	0.299111713536229	0.0853963499520374	0.352552512392843	0.294797991269173	NA	0.576658337217317	0.320399889961218	0.378613462639373	0.372823419585885	NA	0.230163431511367	0.43193464926976	1.48453923222403	NA	1.93770612237996	0.710175061168973	1.57336810240677	0.434944888471062	1.86530936000379	NA	NA	0.296767244918988	1.56834624095445	0.135429049536311	0.239104471490735
1.27692059620677	0.740674760486635	0.743923735013173	0.584957345816711	0.972767847995147	0.321599055811966	0.604979701787997	0.334583727654857	0.640816456025073	NA	NA	1.28581770910829	1.09713060739798	0.788665059060986	1.62443264885341	0.504143859962908	0.786576115615917	NA	NA	NA	0.347663540282372	0.146636574154904	0.205859107740028	0.516626680488652	NA	1.32526505751668	NA	1.0694012680891	NA	1.317421560115	NA	NA	1.44011629593175	NA	NA	NA	NA	NA	NA	NA
NA	NA	NA	NA	NA	NA	NA	NA	NA	NA	NA	NA	NA	NA	NA	NA	NA	NA	NA	NA	NA	NA	NA	NA	NA	NA	NA	NA	NA	NA	NA	NA	NA	NA	NA	NA	NA	NA	NA	NA
2.14963637240332	2.39420570398984	1.47140111490499	1.92998108519163	2.13871076361125	1.99811005389955	1.40763379919181	2.24815541150404	1.82046618754347	1.03141816435216	2.32715960393901	1.52283157941072	0.764809817327749	2.01425171611852	0.650939596747103	0.841075325736578	NA	0.336320632475207	1.6152181103406	NA	1.5467969104956	0.769118724879604	1.82703527346283	1.35646094965944	1.39370361550263	NA	0.752727638928605	0.710539521662123	2.43284217906471	0.874591104783522	2.12174527569884	0.595821346272827	2.25414478962567	1.42626845255675	0.522634919854434	1.79585975021071	1.96650211038788	0.153976381955776	0.578735834744981	0.219716458598494
NA	0.827059978332962	0.406208638858429	NA	0.390923206487185	0.205810060768356	0.364018232681362	0.074742723358817	0.376147697446109	NA	0.340264600615174	0.682292645419813	1.76155451693718	0.355406103264448	0.615261452509443	1.64703984722708	1.39049611129714	0.256608884514613	0.377316691475188	NA	0.203855918706402	0.456821678884343	0.545152251685462	1.57266665699524	0.512707195125506	1.44824060870049	NA	0.392676415726571	NA	0.403171152939588	NA	0.491735651634595	0.713227081162873	0.793654812993584	0.624623454839742	0.79809971703685	0.445151876549193	0.466861826417255	0.423128896022413	0.579608831790542
NA	1.71170262731634	NA	NA	0.70879255783447	NA	0.263726088738252	0.275266966861073	NA	NA	NA	0.797061671602074	NA	1.16715713824692	0.892444318822141	NA	0.610598283978153	0.470520980852895	0.396191109886841	NA	0.20311380585544	0.247004016328404	NA	NA	NA	NA	NA	NA	0.889013918962895	0.352785835114623	NA	NA	NA	NA	0.726523814680552	0.43803751652561	0.534150896452431	NA	0.427172433780903	NA
NA	1.67650219442754	0.483611701522989	NA	NA	0.595845040260916	1.62125817233636	0.831023288045254	0.549352519833473	0.664393563978872	NA	NA	NA	NA	1.41324749771427	NA	NA	NA	NA	NA	0.283042426837107	0.627427988905829	1.6863657409375	NA	NA	NA	NA	NA	NA	NA	NA	NA	2.06695591400496	NA	NA	NA	NA	NA	NA	NA
1.09868232916625	1.17411380039125	0.937332628937879	1.24022756301243	0.89616700766052	0.888790972584116	0.544808350206348	0.355754770662025	0.161716669133274	0.633491819852094	0.510828422017927	NA	0.393976511789447	0.360938663703697	NA	NA	0.31808174413709	0.362037567845653	NA	NA	0.198589031054253	0.552539770236864	0.57933848205035	NA	0.188567446919447	0.396565703489927	0.433333827764629	0.723743578310236	0.976463408346705	0.415621523313326	NA	0.387985945156162	0.646326444563306	NA	0.805776336996182	NA	NA	NA	0.598822906618208	0.596413449919619
NA	NA	NA	1.12151908965713	1.17970816406724	NA	0.887959358638265	NA	0.653560528614565	0.754935336940883	0.735520842455692	NA	NA	0.476284839824539	NA	NA	0.346813980885958	0.350772593104903	NA	NA	0.500858204239486	0.250106516524359	0.233619671566031	0.490454710254463	0.354494384048158	0.555695124596774	0.443266037149015	0.930845359074476	1.00407449188952	1.29294728826435	NA	NA	1.51176005277491	1.77205606028329	NA	NA	NA	1.88083492088162	NA	NA
NA	NA	NA	0.982553912376371	NA	NA	NA	0.294901055534406	NA	NA	NA	NA	0.430582505265135	NA	NA	NA	1.52730428337171	NA	NA	NA	NA	0.910499835164917	0.723228252535116	NA	0.662790034048997	NA	0.823815069503027	NA	0.880889057256435	0.623845874645667	NA	NA	0.966607817998923	1.09891425511166	NA	NA	NA	1.42203255059704	NA	NA
0.469810094796886	0.636379564991295	0.601549335689194	0.459512866838263	NA	0.796050165501757	NA	0.385796398916319	0.280175671537767	NA	0.387309316225184	0.592471499445207	0.688125341065919	0.435028402489977	0.734866631151575	0.528305055593886	0.598342735746372	0.172181602135425	NA	NA	NA	NA	0.923446840397911	NA	NA	NA	1.23068727197967	NA	1.87421792564373	NA	NA	1.99050284557762	NA	1.6258885296245	NA	1.81094693827229	NA	NA	0.806510798868478	0.785368813879034
NA	NA	NA	NA	NA	NA	NA	NA	NA	NA	NA	NA	NA	NA	NA	NA	NA	NA	NA	NA	NA	NA	NA	NA	NA	NA	NA	NA	NA	NA	NA	NA	NA	NA	NA	NA	NA	NA	NA	NA
NA	NA	NA	NA	NA	NA	NA	NA	NA	NA	NA	NA	NA	NA	NA	NA	NA	NA	NA	NA	NA	NA	NA	NA	NA	NA	NA	NA	NA	NA	NA	NA	NA	NA	NA	NA	NA	NA	NA	NA
NA	NA	NA	NA	NA	NA	NA	NA	NA	NA	NA	NA	NA	NA	NA	NA	NA	NA	NA	NA	NA	NA	NA	NA	NA	NA	NA	NA	NA	NA	NA	NA	NA	NA	NA	NA	NA	NA	NA	NA
NA	NA	0.857611585300984	NA	NA	0.61790066467672	NA	NA	NA	NA	0.418328466600087	NA	NA	NA	NA	NA	NA	NA	0.229498557352385	NA	0.368509798807775	NA	NA	0.718551688512581	0.76017783705606	NA	NA	0.862410546316695	0.982622322448856	0.875442491113094	0.795120909917032	NA	NA	0.82791157687814	NA	0.881550328945342	1.40655433400361	0.960291337213692	NA	1.17506036718175
1.62221742431492	NA	1.75376552105424	NA	NA	1.70246223959821	NA	1.69241254225555	NA	1.38123159075815	NA	NA	NA	NA	1.53731376407898	NA	1.40394148739103	NA	1.48213303381116	NA	NA	1.05773119106507	0.169443273231877	0.792969565679056	0.46230477278613	2.91860641208194	1.03895606380529	0.581217278977993	0.897097221101114	NA	0.971610803862967	0.791987625294532	0.578111389535996	0.731724202363032	0.586762386781003	0.534152710583803	0.735054768609495	NA	0.499069388719644	0.509922286418382
NA	0.712601942510104	NA	0.629590932131966	NA	NA	NA	NA	NA	NA	NA	NA	0.865384774694514	NA	0.848518641454835	NA	0.515480533152338	NA	NA	NA	NA	NA	NA	NA	0.315753073192249	0.50726870118226	0.578396141852985	0.783922958078411	NA	NA	NA	NA	NA	NA	NA	0.365767822702767	NA	NA	NA	0.197065141190775
1.95810345094454	1.92923092225549	1.60156004824774	2.40521830894096	2.11627573385897	2.3944849659529	1.81457614168468	2.2936842270743	2.44307639406189	0.816479420998658	2.21398513743185	2.35604841569183	2.45757049830609	0.346481500992576	0.478200173634775	0.665603102580704	1.38323485948962	1.98392493800782	0.318052700407828	NA	1.78905030630264	1.13014377987107	2.32133123393182	0.852549808067995	1.53552176656245	1.37724946315641	2.10380902616277	1.83492151317387	1.79796170988016	1.58998513610761	2.15532880207364	2.01616564375387	1.70541889639653	0.471881986543099	0.374458243231336	1.03387267913586	2.23553556109694	1.56026973843084	0.512780458000249	1.27322140983559
0.802399125176481	NA	0.57260853649198	0.417266468165636	NA	NA	0.565859534646069	NA	0.301106499502241	NA	NA	0.787706180755481	0.819977534326797	NA	0.750818159436573	NA	NA	0.139029711589926	NA	NA	0.397747369509976	0.479243694994253	1.04160160142189	NA	NA	0.399431255899383	0.952991129724121	1.04446251357375	0.257676973624522	0.221538877313899	0.799503825752068	0.508023153368952	0.413891281743406	0.575569727887305	0.832676088119856	1.76068731421385	1.07448620872276	NA	1.0170047218864	0.832847038197968
NA	NA	NA	NA	0.265109797221245	NA	2.17563366494701	NA	NA	NA	0.848041469720955	0.999762466286363	NA	NA	0.971082265319253	NA	NA	NA	0.620164376929385	NA	0.140414324333621	NA	0.649635263056066	NA	NA	NA	NA	1.02073447794692	1.14570707257647	NA	NA	1.0241372503652	1.67144824585781	1.57596372656603	1.98931106170085	2.04600235878821	1.79629074644729	NA	1.80650115091276	NA
NA	NA	NA	NA	NA	NA	NA	NA	NA	NA	NA	NA	NA	NA	NA	NA	NA	NA	NA	NA	NA	NA	NA	NA	NA	NA	NA	NA	NA	NA	NA	NA	NA	NA	NA	NA	NA	NA	NA	NA
NA	0.450250053619678	0.291341700741491	1.09240769069903	0.769167682163598	NA	0.847042590219274	0.714827922700653	0.817489630286852	NA	NA	NA	1.07826248281327	NA	0.715307930849536	NA	0.845833538038764	0.318498917330136	0.178008814037415	NA	NA	0.479655865312865	0.64264715326312	0.67954763616418	0.45011844531875	0.688698979418761	0.598902638099168	NA	0.496495598130568	0.515873132854654	0.880708011079311	0.422370847260197	NA	1.18602187036869	NA	1.4580076061652	1.0418817991252	NA	1.05286180190628	1.25686759331076
NA	NA	NA	NA	NA	NA	NA	NA	NA	NA	NA	NA	NA	NA	NA	NA	NA	NA	NA	NA	NA	NA	NA	NA	NA	NA	NA	NA	NA	NA	NA	NA	NA	NA	NA	NA	NA	NA	NA	NA
NA	NA	0.909186945862018	1.27909669617339	NA	NA	NA	0.432830692048793	0.338164066789605	0.371643452991434	0.443827091448239	NA	0.145753354226691	NA	NA	NA	0.55785398635736	NA	0.58512064108264	NA	0.304285950031465	NA	0.558194326218435	NA	NA	NA	0.725170564359702	NA	NA	0.388192583602234	0.717296094474469	NA	NA	NA	NA	0.697958269599877	NA	NA	0.798050310463316	0.597957813945118
NA	NA	NA	NA	1.93024448610544	2.71794450657899	2.66742777156168	NA	1.77733639764745	2.32593179955112	2.20291167738741	0.79135799523362	1.19263192973098	0.483575827736203	2.14752414411386	1.5686259921005	NA	NA	NA	NA	2.04750275449348	NA	NA	2.48975547124041	2.23164285227549	NA	NA	2.39631288474304	NA	NA	0.647262163818374	NA	2.5588688023957	NA	NA	NA	NA	NA	NA	NA
NA	0.795229259689811	NA	NA	1.63887670253663	2.07598828632933	NA	NA	NA	NA	NA	1.98742463198039	NA	NA	0.52737741115309	0.868697084788382	0.426951656597553	1.58279871747588	NA	NA	1.21130633455334	NA	1.40000531018547	NA	NA	1.28162864087807	NA	1.6386809513452	1.39336163508486	NA	0.529891816980782	NA	NA	0.656834585276543	NA	NA	0.682304093916297	NA	0.262980022303371	NA
1.6328362963031	1.29050895682873	1.55463721251194	1.55887088636048	1.04261002294407	1.28098289626652	1.51876665173226	1.44320876201453	1.18819914383811	NA	1.24935028945299	1.4446735255192	NA	1.01223442497259	1.00656647295175	NA	NA	0.266439895293387	0.753549963167949	NA	0.457172701947046	1.18248611587918	0.52416568913836	0.425269952905195	0.507471121769152	2.414768257504	0.424722363676077	0.539312453542531	0.861671731858725	0.868030131021116	0.655589052381166	1.26780928373189	1.83949612592361	NA	1.63359852641746	NA	1.40133546119917	1.56392116978373	NA	2.16987681653511
NA	NA	NA	NA	0.974628162700504	0.619851150142513	0.500355896398697	NA	NA	NA	NA	0.821817549297953	0.203602246527665	NA	0.435687721863816	NA	0.300663274758392	0.488063116081599	NA	NA	0.173244802573722	NA	NA	0.600364361169315	NA	NA	NA	NA	NA	1.22532178902072	NA	NA	NA	NA	NA	NA	NA	NA	NA	NA
0.0895095361807626	1.3215841017763	NA	NA	NA	0.292792104139211	0.61230031603462	NA	NA	0.441127256253215	0.321770026891121	0.416076333533171	NA	0.368949438694504	2.31247078800227	NA	NA	NA	NA	NA	0.550925726874136	1.02072879952968	NA	1.09739663471341	1.38470112119226	1.79346951283217	NA	1.84530581016812	NA	NA	NA	NA	1.76225275133444	NA	1.78945471705838	1.48318694188943	NA	NA	NA	NA
NA	NA	NA	NA	0.774792963874025	0.984215231985965	NA	0.675163071262957	0.620726220638228	NA	0.533309124266092	1.31350418790704	NA	0.656603060489892	0.5136894231877	0.307677584882955	0.249870267342562	NA	NA	NA	0.721463091227699	NA	NA	1.13254260321462	1.18849737565411	1.0640342419888	NA	NA	NA	NA	1.38133277239902	1.25978331190976	NA	1.96371759215414	2.02837194540246	NA	NA	NA	NA	NA
NA	NA	NA	NA	NA	NA	NA	NA	NA	NA	NA	NA	NA	NA	NA	NA	NA	NA	NA	NA	NA	NA	NA	NA	NA	NA	NA	NA	NA	NA	NA	NA	NA	NA	NA	NA	NA	NA	NA	NA
NA	NA	0.520282357031745	NA	0.289095730817653	NA	0.43904452355905	NA	0.586946746079104	NA	0.777386129305609	NA	NA	NA	NA	NA	NA	NA	0.769397644083314	NA	NA	NA	NA	NA	NA	NA	NA	NA	NA	NA	NA	NA	NA	NA	NA	NA	NA	NA	NA	NA
0.818692092046252	NA	NA	NA	NA	NA	NA	NA	0.452026183049064	0.68299510272963	NA	0.544686223135231	NA	NA	0.44402125642908	0.26280776919449	0.1242210108465	0.154720540909719	0.170591999833858	NA	0.46257861987752	NA	0.979927391517425	1.02582033499554	1.02090186944138	1.36993227345662	NA	1.13344210824037	1.22192170641302	NA	NA	0.930103663440867	1.08767804011876	1.23632633979967	0.897660481992588	1.10830553405804	0.975156797438907	0.406727828699837	0.95336118827812	0.767216714133499
NA	0.601342013320865	0.306096389302843	0.391713790782543	0.217746026704406	0.426930308960766	0.586476105341178	0.479889288679838	0.482089797747984	0.526515580416123	0.693532647097135	NA	0.241025799407061	0.303452858836963	NA	NA	0.294253061941177	NA	0.116745537497258	NA	0.826693207722323	0.839189119090768	1.02649624403216	1.0261705497465	NA	0.836829699035936	0.900765909775726	NA	0.404509982536294	NA	NA	0.319392873255449	0.334916265153043	0.244643476754334	NA	1.11285575156743	NA	NA	NA	NA
1.43621327119466	1.33750803369982	1.4821270119562	1.33180827220347	1.18518083019095	1.20894056998234	0.989399798398527	0.969781170818958	0.817669611046218	0.876793192944237	1.04108917633221	0.871919940615206	0.734633490066482	0.587674510778573	0.56611979431635	0.740986118810339	0.633662376585492	0.369127793718016	0.581086129483726	NA	0.402977626218385	0.220953399239972	0.467936701160795	0.527351146871938	1.15058962792456	0.875201244552947	NA	NA	NA	0.644468484538601	0.494618149299945	0.490950322013541	0.354902777947279	0.617904823070487	0.555768981807674	0.405691172744397	0.470373806787297	0.660906604601264	0.368833951985878	0.407308153744161
NA	NA	NA	NA	1.11198075352265	1.37645896684453	1.02253786570542	NA	0.849667947799473	0.79882089888877	NA	NA	0.941502912927888	0.722947676727928	1.33960915838347	NA	NA	0.23158957327434	0.412577056307288	NA	NA	0.404507176534502	1.19232770013911	NA	1.98346638718627	0.927340688469862	1.56970426547106	NA	1.27996259595267	NA	NA	1.30161183460606	NA	0.612466927126871	NA	1.39772824217218	0.83905797056465	1.21905529394519	NA	1.29063888345223
NA	NA	NA	0.957157087961447	NA	NA	NA	NA	NA	NA	NA	NA	0.676286399248351	0.58481453814812	0.417413130995318	0.429295136929637	1.3998771736957	NA	0.183473124811842	NA	0.469497341164686	1.05774176114833	0.716575591441247	0.529678781583765	NA	1.46360845281656	1.05935810501758	NA	NA	1.03584356828428	1.64738999431611	0.949401147515807	NA	0.818210118773338	NA	NA	0.479441895578634	NA	NA	NA
NA	NA	NA	NA	NA	NA	NA	NA	NA	NA	NA	NA	NA	NA	NA	NA	NA	NA	NA	NA	NA	NA	NA	NA	NA	NA	NA	NA	NA	NA	NA	NA	NA	NA	NA	NA	NA	NA	NA	NA
NA	NA	NA	NA	NA	NA	NA	NA	NA	NA	NA	NA	NA	NA	NA	NA	NA	NA	NA	NA	NA	NA	NA	NA	NA	NA	NA	NA	NA	NA	NA	NA	NA	NA	NA	NA	NA	NA	NA	NA
1.89127285057988	0.435604686789719	0.345829100602699	NA	2.40656202689545	1.33039801929195	NA	1.60062390806217	NA	NA	0.593036394988573	0.243155387159644	0.775294759401148	NA	1.31551756177667	NA	0.472930770079267	NA	1.1008517491977	NA	2.05952745846926	2.01782708204375	1.0727029717787	1.68828460672997	0.982966878076853	2.00631051678327	1.60674665045666	1.39774245168748	NA	1.49043241581631	1.62514963192394	1.71516686907369	1.84425109018198	NA	NA	2.29223387909016	0.763055156876322	2.25130303329863	1.20608711701008	0.751807740947667
NA	1.46323968432925	1.47841523170485	NA	NA	1.09236819414335	1.52713734656587	1.34818532193958	1.10490815549895	1.33376090116918	1.26950295195296	1.15857556768997	NA	1.03870265184114	1.16192742425229	NA	0.806639535350206	0.525223941349136	0.293800356606274	NA	NA	1.30012580803481	0.214562817338251	0.865648297832648	NA	NA	NA	NA	NA	NA	NA	NA	NA	NA	NA	NA	NA	NA	NA	NA
NA	NA	NA	NA	NA	NA	NA	NA	NA	NA	NA	NA	NA	NA	NA	NA	NA	NA	NA	NA	NA	NA	NA	NA	NA	NA	NA	NA	NA	NA	NA	NA	NA	NA	NA	NA	NA	NA	NA	NA
NA	NA	0.883704063956202	NA	NA	NA	NA	NA	0.732142588435873	NA	NA	NA	NA	NA	NA	NA	0.307209173347845	NA	0.554625441028125	NA	NA	NA	NA	NA	NA	NA	NA	NA	0.841349757369502	1.08143722070396	NA	NA	NA	NA	NA	0.765385218312797	1.16231698667259	NA	NA	NA
NA	NA	1.21484856474108	NA	NA	NA	1.96716815878054	0.566078999057266	0.807118085544487	0.684508492580134	0.827389939985102	NA	0.497342527823471	1.62843692272682	0.782050771816309	NA	0.440967734889619	NA	NA	NA	1.44343372751669	1.43881405230384	NA	2.03825004579495	NA	NA	NA	NA	NA	NA	NA	2.37186427074107	NA	NA	NA	NA	NA	1.9553790251952	NA	NA
NA	NA	0.964543538321585	0.428907761106495	NA	NA	0.160503986649611	0.277018395412629	0.362910302096589	NA	0.239408913820804	0.261515650572367	0.321376321480381	0.252846342482456	0.314612885243176	0.571135251302766	0.411075298433204	NA	NA	NA	0.420388692479407	NA	NA	NA	0.351884079959302	0.501769682954229	0.494745563257339	0.615303488572796	0.448583605904998	1.27826320711491	1.38163443717015	0.445042295335735	0.772911075886923	0.772896420942291	0.897719437551674	0.634781001587048	1.59766769873667	NA	1.04290075546983	NA
NA	NA	NA	NA	NA	NA	NA	NA	NA	NA	NA	NA	NA	NA	NA	NA	NA	NA	NA	NA	NA	NA	NA	NA	NA	NA	NA	NA	NA	NA	NA	NA	NA	NA	NA	NA	NA	NA	NA	NA
NA	NA	NA	NA	NA	NA	NA	NA	NA	NA	NA	NA	NA	NA	NA	NA	NA	NA	NA	NA	NA	NA	NA	NA	NA	NA	NA	NA	NA	NA	NA	NA	NA	NA	NA	NA	NA	NA	NA	NA
NA	NA	NA	NA	NA	NA	NA	NA	NA	NA	NA	NA	NA	NA	NA	NA	NA	NA	NA	NA	NA	NA	NA	NA	NA	NA	NA	NA	NA	NA	NA	NA	NA	NA	NA	NA	NA	NA	NA	NA
NA	NA	NA	NA	NA	NA	NA	NA	NA	NA	NA	NA	NA	NA	NA	NA	NA	NA	NA	NA	NA	NA	NA	NA	NA	NA	NA	NA	NA	NA	NA	NA	NA	NA	NA	NA	NA	NA	NA	NA
NA	NA	NA	NA	NA	NA	0.54031462924101	NA	0.477159885883229	0.404342505486378	0.0769529081924352	0.296478684534236	NA	0.66621856966317	NA	NA	0.181051006365488	1.02670740218775	NA	NA	0.429449094704617	0.558567357217749	NA	NA	0.779739113002626	NA	0.876200481718712	NA	NA	1.26682028250991	NA	1.68247786153597	NA	NA	NA	1.4695063701944	NA	NA	0.565919774480324	1.41925414688451
NA	NA	0.498673657407426	NA	NA	0.666158660180284	0.934097286238926	NA	0.399587632662678	0.616903507215884	NA	0.407548302012277	0.885078563800594	0.558033213865431	0.618903340039234	NA	NA	0.446215239054128	NA	NA	0.652066215308828	0.893876863836504	NA	0.920881166406439	0.576680027160076	1.17285105638225	NA	1.15724035224509	1.60752114679919	1.52385781236715	NA	1.57866955847462	1.3769828733149	NA	1.84676313599001	1.33609535823563	1.78720682092084	NA	NA	NA
NA	NA	NA	NA	NA	2.63212860236135	0.201170150090582	NA	0.155707972779345	0.142464884687922	0.490790420690604	0.574473095404819	NA	NA	2.37436349946808	NA	0.319937687260351	NA	NA	NA	0.336271341472301	0.50395986330757	0.869939487651226	0.953401391151172	0.985328198293617	0.62409839852919	0.997484857023924	NA	NA	1.22236606523866	1.21403482992268	1.45741269093159	1.25996133731129	NA	NA	1.19917869149013	NA	NA	0.837768037513461	1.18767990138216
NA	NA	NA	NA	NA	NA	NA	NA	NA	NA	NA	NA	NA	NA	NA	NA	NA	NA	NA	NA	NA	NA	NA	NA	NA	NA	NA	NA	NA	NA	NA	NA	NA	NA	NA	NA	NA	NA	NA	NA
NA	2.60044348669197	0.807420144779111	0.623770735886319	NA	NA	0.741605709675776	0.674883754058457	NA	0.390627334286805	0.36245885414254	NA	NA	NA	NA	NA	NA	NA	NA	NA	NA	NA	NA	0.313976164058602	NA	NA	0.802440522191583	NA	NA	NA	NA	2.36513879007888	NA	0.800571207253622	0.909298428955432	NA	NA	NA	0.451766633339345	NA
1.67913650595942	1.62612700361667	0.564927111418386	NA	1.98325926835946	0.645277337193992	1.14823902937432	0.900679210490921	2.24680009492282	0.616214931831942	0.767496944015692	0.52062156355426	NA	0.37230349716115	0.482064663910609	NA	0.536567313396633	0.265967923040955	NA	NA	0.928089693462605	0.348547143686499	NA	0.396523550019489	1.33752590552959	1.84468923809627	0.742261610103108	0.560264750174468	NA	2.62971474496	0.48984678312263	NA	0.390981770445919	0.731732735236224	0.574777752633542	1.71346106374409	0.277044892489983	NA	2.04556955777563	0.785337381223803
NA	NA	NA	NA	NA	0.554647901946286	0.340452107941261	NA	0.343607981009227	NA	0.922124657739189	NA	0.650824036562243	0.928506195784767	1.13160100546053	1.08944880707465	NA	0.537921326033062	NA	NA	NA	0.751850239130451	0.707085806699602	NA	1.27382272089171	NA	NA	NA	NA	0.890379801951752	NA	1.14928335056507	0.589709603580444	NA	NA	NA	NA	NA	NA	NA
NA	0.833914668576158	0.721504139659166	NA	0.871829568891207	0.625979638198548	0.517533941653976	0.353493485283949	NA	0.303455168128256	0.696194480644134	NA	NA	NA	0.348826071108443	0.810342069622158	NA	0.173450381487781	0.394862424693353	NA	0.0466952854959665	NA	0.645702800763391	0.726025832117117	0.720608653513479	NA	NA	0.827762649720212	0.657190360199825	NA	0.422420304891662	NA	0.381001613345056	NA	0.549970442979998	0.512806762604623	NA	0.823600297488645	0.986903403168107	NA
1.18073248699702	NA	0.497299828477988	0.684122073251832	NA	0.789529055107133	NA	NA	NA	0.503220070132131	NA	0.360503398264168	0.756013576802103	0.443955127088983	0.677111936388866	NA	NA	0.561100754146734	NA	NA	NA	0.917225142189991	NA	0.923903184585321	0.736360621907311	NA	NA	1.11670675287552	1.40986261539766	1.62091626557186	NA	1.64569960212768	1.45286640783255	NA	1.9930584066733	1.55250200972153	1.5972048013155	NA	1.66144421897761	NA
NA	0.55103780342747	0.647415968882136	0.46786494476212	0.542575088279048	NA	0.523129912626085	0.380720229098245	0.0890157299309905	NA	0.265848572753921	0.460027448913665	NA	0.431049121084321	0.521813463611645	0.628871171046661	0.402209023089109	0.22324250834312	NA	NA	0.252677292232035	0.219210446032378	0.342797638225873	0.714577846515178	0.643606073583206	0.250034282145771	0.304072850622655	0.510572045657294	0.539704356126071	1.03532614076029	0.896767367640857	0.893942605746726	NA	NA	NA	NA	NA	NA	NA	NA
NA	0.974446417950937	NA	NA	NA	1.26728325734301	0.987664024565466	1.33639419242662	0.704454510493279	NA	1.26077604334388	0.854242740668602	0.975911992952846	NA	0.774810031711876	1.11616446895178	NA	NA	NA	NA	1.25455333798802	NA	1.79176572436086	2.34010909976551	0.659430000653305	1.50682988963283	NA	NA	1.91737505126051	NA	3.17802501326675	2.2556448828384	NA	NA	NA	NA	NA	1.09318099576301	2.52521979863208	NA
1.25677658718992	NA	NA	NA	1.01511135351886	0.932972338907442	NA	0.258128363059622	0.770969569009053	NA	NA	0.351610720082238	0.582273952761055	0.555470469486249	NA	0.566356807999552	0.674026706167672	NA	NA	NA	0.46844693445278	NA	0.667288846730448	0.404183524594542	NA	NA	NA	NA	1.39274257747681	NA	1.11404961878748	1.13312556809723	0.889685840246827	NA	NA	0.971488555836794	NA	1.71930111092606	0.833313979025533	0.705487886699968
NA	NA	NA	NA	NA	NA	NA	NA	NA	NA	NA	NA	NA	NA	NA	NA	NA	NA	NA	NA	NA	NA	NA	NA	NA	NA	NA	NA	NA	NA	NA	NA	NA	NA	NA	NA	NA	NA	NA	NA
NA	NA	NA	NA	NA	NA	NA	NA	NA	NA	NA	NA	NA	NA	NA	NA	NA	NA	NA	NA	NA	NA	NA	NA	NA	NA	NA	NA	NA	NA	NA	NA	NA	NA	NA	NA	NA	NA	NA	NA
NA	NA	0.66171667890762	NA	NA	NA	1.24291777111367	NA	NA	NA	0.342846443927125	0.28039139086905	NA	NA	0.238745777283874	0.477822112262629	0.348755652709475	NA	NA	NA	NA	0.623453024339708	0.529399583547452	0.962869611929198	0.829953507811129	NA	0.66024146304487	0.731302299566311	NA	0.724547667984392	0.643478521913296	NA	1.0142222428394	1.12323874580907	1.48974341870232	0.921024293632623	1.10544603568228	NA	1.16069571296986	1.13724210138032
NA	NA	NA	NA	NA	NA	NA	NA	NA	NA	NA	NA	NA	NA	NA	NA	NA	NA	NA	NA	NA	NA	NA	NA	NA	NA	NA	NA	NA	NA	NA	NA	NA	NA	NA	NA	NA	NA	NA	NA
NA	NA	0.597830255349817	0.635023944938187	0.895412025030598	NA	NA	0.425473412222802	0.60224787602893	0.420643212954049	NA	0.235807694785889	NA	0.246315408508593	0.347199535343511	0.240623393066256	0.415991117680125	NA	NA	NA	NA	0.564484913015079	0.277190351429915	0.168659366466139	NA	NA	0.47795818820533	0.697551092706689	0.690083791981653	NA	0.59592110552137	0.914736148636633	NA	NA	1.01840354706969	NA	NA	NA	NA	0.477177896956828
NA	NA	NA	NA	NA	NA	NA	NA	NA	NA	NA	NA	NA	NA	NA	NA	NA	NA	NA	NA	NA	NA	NA	NA	NA	NA	NA	NA	NA	NA	NA	NA	NA	NA	NA	NA	NA	NA	NA	NA
NA	NA	0.448906595464894	NA	NA	NA	NA	NA	0.450478937693674	0.602625233756235	NA	NA	NA	0.561096634691405	NA	NA	1.14634311519734	NA	NA	NA	NA	0.314716839930617	0.664954029776545	NA	NA	0.311444613939539	0.762734997486143	0.642329186621094	NA	0.782321286736502	NA	0.763497011988857	0.580775348940165	NA	0.75191661584642	NA	0.290977150929826	0.465190166947048	0.276683428714526	NA
NA	NA	NA	NA	NA	NA	NA	NA	NA	NA	NA	NA	NA	NA	NA	NA	NA	NA	NA	NA	NA	NA	NA	NA	NA	NA	NA	NA	NA	NA	NA	NA	NA	NA	NA	NA	NA	NA	NA	NA
NA	NA	0.536728572521308	NA	NA	NA	NA	1.43623672241056	NA	1.47155891389979	0.72500690267351	NA	0.708878899683572	NA	0.427948022490639	NA	0.535226985664899	NA	NA	NA	NA	0.900778781216494	NA	NA	NA	1.0284456435957	NA	NA	NA	NA	NA	1.25111623746845	NA	NA	NA	NA	NA	NA	1.05360240081032	NA
NA	NA	NA	NA	NA	NA	1.71426859260314	NA	NA	NA	1.81561688290073	NA	1.64886901793306	NA	NA	NA	NA	1.9751107817048	2.42536844332086	NA	NA	NA	2.21315814756673	NA	2.48051880832082	NA	NA	NA	NA	NA	NA	2.4209056663971	NA	2.62403075433622	NA	NA	1.82329930337477	NA	NA	NA
1.75688164972371	1.1648513182792	1.3209611131419	1.60371474459284	1.2838655360036	0.443458072938624	0.59007369514079	0.716466082398074	0.580340134461785	0.977902731911642	0.856883948374454	NA	0.552067287310257	1.00207395077983	1.17002593964574	0.909881674172556	0.970561964718516	0.982498964543525	0.686540943386652	NA	0.750844371476778	NA	0.681910954606394	1.19635834662676	1.06010131383757	1.57107488167073	0.929319553146873	0.911950960374187	0.572054011347499	0.66942614543362	1.09912237008571	0.656609666618651	0.776192988086197	1.09509392178465	NA	NA	0.802899667789995	NA	1.14010136575512	1.34083946146177
NA	NA	1.12784758646151	NA	NA	0.609940088956781	0.250872170436367	NA	NA	NA	0.468808475050937	NA	NA	0.392881187698465	0.546762767097865	0.60692874040195	NA	NA	NA	NA	NA	0.284158146603104	0.391658788300192	NA	NA	NA	NA	0.86419785182506	0.54013589743806	0.645331051979687	NA	NA	NA	NA	NA	NA	NA	1.63521654897322	0.506180348320024	NA
NA	NA	1.50055486912536	1.23598368518607	1.30854254363763	1.27100383524485	NA	0.424901474518031	1.35498280313657	1.23485257770379	0.832249573643258	0.683743904479023	0.607104883857864	0.616162486587098	NA	0.910978152701437	0.203745874539641	0.0432766171011949	0.562612546140412	NA	NA	0.332713910758197	0.765432736644064	0.898870487663475	0.232199837227289	0.310265303977383	NA	0.599588510235211	2.07953441207681	0.382941912409986	0.858600825220075	0.67645623886631	0.802421967870268	NA	NA	NA	2.13697622469723	0.637046048112415	0.828085816138049	0.562228816653529
NA	NA	NA	NA	0.932844032221362	NA	NA	NA	NA	NA	NA	NA	1.05702297192561	NA	1.10918924876932	NA	NA	0.817931357837581	NA	NA	0.427107760753295	NA	0.353830276694773	NA	0.569344240313184	NA	NA	NA	NA	NA	NA	NA	NA	2.1550037718284	NA	NA	NA	2.1730519744069	1.1778503746288	NA
1.49779914712074	0.61248984939378	0.831947676300952	0.957735833889875	0.880451600596364	0.299398602099546	0.720662412889719	0.246768016726548	NA	0.315861480067768	0.509097391643883	0.547531572930167	NA	NA	0.557426948033459	NA	0.50398326965831	NA	NA	NA	0.280926077407703	0.317693423084845	0.258791855912718	0.394178002556612	0.633916471191782	NA	NA	0.554779770377059	NA	0.465551032629863	0.894561551529014	0.249924284789689	0.492689148659107	0.458952396523962	0.480216561766201	NA	NA	0.637191817366601	0.650902654446128	0.944063174137971
0.753573001048556	1.41587784704203	1.0204897481902	NA	NA	1.21423966297532	0.693383361076858	0.724554501921899	1.6453690286612	1.51233575729009	0.750804925588659	0.914469166483703	0.410317363090203	0.521199472117545	NA	1.36975028462093	1.38155372869577	0.622234025586019	1.24539838910399	NA	1.22325069394706	0.581655612884768	0.665751947718029	1.66284364759555	NA	NA	NA	1.02400219550499	1.16366274299968	NA	0.989514737227097	NA	1.07222130559212	0.584509762004652	1.50794589767559	NA	0.585318317584156	1.22804278659296	1.28002058086648	0.785813429008386
0.4099216363586	0.4302267703173	0.641366074732865	1.70840172297511	1.6842055863199	1.40515918793647	0.79394736294387	1.47493751997456	0.214264043486563	1.61305733494952	NA	1.42100155740249	0.743043754215726	1.46523230182797	0.617676595213535	NA	NA	0.468840768523312	0.233162937385509	NA	0.166176594850838	0.174286629134863	1.09062584382231	0.303750734212324	0.306875755703159	NA	0.99328292444026	NA	0.354084786352651	0.216992150648658	0.323336340960231	0.507285753127705	0.0789997923271994	NA	0.19950172749234	NA	0.232807360726713	0.284631262936604	0.325017054081817	0.372841951369932
2.42716113473966	2.35777686563696	NA	2.02866447809603	NA	NA	NA	NA	NA	NA	NA	NA	NA	NA	NA	2.21339460188394	1.80018070696358	1.79058973392145	NA	NA	NA	1.04592346897669	1.19864162630415	0.864395942708364	1.50404073361989	1.3375264070444	NA	NA	0.375108201018497	1.90707433141883	1.85353501569902	1.62936343701016	0.45261214968881	1.67323937586681	1.05638796477185	0.928970421949791	1.40226032103434	1.17040172869262	NA	NA
NA	NA	NA	NA	NA	NA	NA	NA	NA	NA	NA	NA	NA	NA	NA	NA	NA	NA	NA	NA	NA	NA	NA	NA	NA	NA	NA	NA	NA	NA	NA	NA	NA	NA	NA	NA	NA	NA	NA	NA
NA	NA	NA	NA	1.51416738932769	1.25476689231989	NA	0.973566042122053	NA	1.30269546111162	0.930440928364742	0.662653553354856	NA	0.40567128067659	0.69275123532022	NA	0.417662965691111	0.422295778159553	NA	NA	0.185507902454946	0.600191367295036	0.187350505858009	0.352881525260233	NA	NA	0.354736143444987	NA	NA	0.797942048354097	0.821314336877348	0.88890636394693	NA	NA	NA	0.76284987107834	NA	NA	NA	NA
0.979762428425751	0.993887913692561	NA	1.88491717418692	0.925490741526473	NA	NA	0.505472075553448	0.985217905949701	0.967767703444458	NA	NA	1.70045478396629	0.54613446316893	NA	1.09353366048461	NA	0.654423831840918	NA	NA	NA	0.746228300040092	1.15692575670042	0.923016078910651	0.838352386258358	NA	NA	NA	NA	NA	NA	NA	0.509829351688857	NA	1.54477221974715	NA	0.770163948459422	0.718633224785659	0.622046989306834	0.827568702589759
0.604494944419632	NA	0.494273703598458	0.633638130996414	0.687871115994852	NA	0.344505985160732	0.291382118537636	0.438267960231222	0.336622603435813	0.570822697540624	0.272203769537605	0.448785932965695	0.373768541332217	0.662397227493461	0.548738113496604	0.365566547299531	0.258097191121845	0.921025847994339	NA	0.195571862711135	0.394525352476378	NA	0.269465252472382	NA	0.682317751391807	0.360134366255719	0.511873827533561	0.455600184307123	0.134038864725561	0.195381178970195	1.11327354656348	0.568657821939779	NA	0.996242078158601	0.961555427004084	1.00536794262356	0.831567749078596	0.509526740241056	0.897376646061422
NA	NA	NA	NA	NA	NA	NA	NA	NA	NA	NA	NA	NA	NA	NA	NA	NA	NA	NA	NA	NA	NA	NA	NA	NA	NA	NA	NA	NA	NA	NA	NA	NA	NA	NA	NA	NA	NA	NA	NA
0.60558548196292	NA	0.533224663543444	NA	0.912488700742832	NA	0.924933579180154	0.906995797663919	NA	2.0287785601816	1.06531122521417	1.2415143994602	NA	1.06167217737861	1.03436459274515	NA	0.878677368007819	NA	NA	NA	1.58572570466992	1.08543433882869	NA	0.612430374692421	0.564040041485794	0.837897306134286	0.979369616923445	1.55795510263725	0.853523496336271	NA	1.02731184446826	0.96798603707577	NA	0.967989766062555	0.867490314147646	NA	0.827772263007965	0.555667064682686	1.02428802573827	NA
NA	NA	NA	NA	NA	0.704279725923676	NA	1.15086774421598	NA	NA	1.18357438003244	NA	NA	1.70409672908898	NA	NA	1.17709914940754	1.07722348154198	NA	NA	NA	NA	0.405313827225236	0.284359155495427	0.335298009406664	0.377174586129091	0.794354450906972	NA	0.87596783780472	NA	NA	NA	1.20778186472764	1.21472153600141	NA	1.82691765701769	0.92683698046984	1.33579259727767	1.09648269069686	1.02017747574554
0.814398914768144	0.263294092315599	0.629097641104762	0.798529429529672	0.839128512489811	0.96917528106443	0.897625793282032	0.946727406086525	0.925768208362754	0.962564833379291	1.1054996900563	NA	NA	NA	0.386980203240066	0.105203349689968	0.247697900228535	0.193696290210026	NA	NA	0.452721703225575	0.366755680634073	0.399124222121067	0.468176850414799	0.299278277688491	NA	1.13921581086047	NA	0.161499687890364	NA	0.768164811088854	0.844631022497577	0.586239024352445	1.40129828987036	0.884967714884632	1.59866261573718	0.194160115020789	1.27631091121508	NA	1.15219194053088
NA	NA	NA	NA	NA	NA	NA	0.411948317823333	NA	1.85315483646905	NA	1.65328127990213	NA	NA	0.689863259328172	0.421181458344459	NA	0.850130474902748	NA	NA	NA	0.772906662779381	NA	NA	NA	NA	NA	NA	NA	NA	NA	NA	NA	NA	NA	NA	0.742519830742118	NA	1.13412661611282	NA
0.625553401404066	0.529566280146612	0.96275993453161	NA	1.42404066233821	0.315301348975036	0.886281327654893	NA	0.344514682565099	0.56526760881795	0.974557470755286	0.988592964547597	NA	0.573235470622418	0.693608721457586	0.386946384449958	NA	1.01857961759481	0.529172914832693	NA	0.210221827748446	0.255185900957708	0.600342253591283	0.648154208353518	0.609425984043673	NA	0.289897023389178	1.10091674723674	0.553932138678592	0.429613638640696	0.755301508660989	0.278340776970278	0.954737825973822	1.1869313015042	0.380968019571806	1.15140637003049	0.487368439558113	0.880637120481439	0.437388301697896	1.4658188742337
0.834254119486668	0.465704395545837	0.525848647182853	0.557371648814554	NA	0.988194452244448	0.955973246172417	0.605689200947359	0.637348353129281	0.750563869724568	0.898909781225778	1.09631219315235	0.518766033386978	NA	1.12936693054879	0.571835364120177	0.766810881034136	0.498107066090395	1.24616705966742	NA	0.473663291382886	1.13812270223956	NA	0.727197466825966	1.03056050510217	1.42835942834397	0.70156489943996	0.401878433266325	NA	0.755205723217538	1.17945438169597	1.02839263948155	0.680098469708388	1.52331609570381	1.07065099336436	1.63681347083921	2.42345526064106	2.81186515869153	1.56436716372959	NA
0.16169032977077	0.625365213862407	0.790255650970141	NA	0.660847125973498	0.702267231400227	NA	0.463989105583313	NA	0.355134515631451	0.55113113362869	0.445290193213723	NA	0.537913057743471	NA	0.732348629804447	0.435913166061887	0.301634121070492	NA	NA	0.710918917951559	NA	NA	NA	0.827033354430636	NA	NA	NA	NA	0.7233418919732	0.39634591877624	0.393626915132345	NA	NA	NA	NA	0.718793608320137	0.943606187989689	NA	NA
NA	NA	NA	1.10714008591405	0.65049405377252	0.657352651206072	NA	NA	NA	NA	0.673124734013474	0.707690711958469	0.620134242234256	NA	0.561900202177619	0.456491116966996	0.654676827583125	0.884291643095942	NA	NA	NA	0.721382166595563	NA	NA	1.33321513851657	NA	NA	0.867957836371581	NA	NA	NA	NA	0.280581264865745	NA	0.864074444479816	NA	NA	NA	0.706674044091875	NA
NA	NA	NA	1.28627744507219	NA	1.9341386186186	NA	NA	1.88106796446497	1.8903238399956	1.84344334049385	NA	NA	0.544120875376577	2.15830950256513	0.402139610492383	2.3497444149607	NA	NA	NA	NA	0.262265235001274	0.415609579407857	0.255356503612071	0.39577249016956	NA	0.706480793390406	NA	0.565049782898698	NA	NA	NA	NA	0.623956759815885	0.670986056244706	1.02931769283938	1.01261139488621	1.08092816838115	NA	1.37674990713685
NA	0.665487657053514	0.328798418467418	NA	NA	1.00589391588424	NA	1.14796967646012	NA	0.63267108171192	0.670721782766849	0.708551128118469	NA	0.988189534347892	NA	NA	0.92824062868573	NA	NA	NA	0.434553489311458	NA	1.14429761640397	NA	NA	NA	NA	NA	0.996205536059199	1.31077715786646	NA	NA	NA	NA	NA	NA	1.79124809138842	NA	NA	NA
NA	0.926928747376232	0.794028867861899	NA	1.62226540513476	1.12436276029597	0.79999599770178	0.598102944835093	0.683957962537938	0.69978616861937	0.319469588583405	0.477562612079777	0.696405061303672	1.13294922672382	0.47703306063037	0.630942304223705	0.554724153080202	0.586977402736066	0.339977890695354	NA	0.460851686763787	0.86758287831819	0.830639125816694	0.670968476280096	0.610582046716435	0.372406635467297	0.304573606659055	0.565130104836805	1.0996913141465	0.394963444115362	1.82471936625778	0.252859391623358	0.91616401166849	0.60412529250622	1.08126338139023	1.21744715593843	1.11690332216044	NA	1.02157492759784	0.49221310713052
NA	NA	NA	NA	NA	NA	NA	NA	NA	NA	NA	NA	NA	NA	NA	NA	NA	NA	NA	NA	NA	NA	NA	NA	NA	NA	NA	NA	NA	NA	NA	NA	NA	NA	NA	NA	NA	NA	NA	NA
NA	NA	NA	NA	NA	NA	NA	NA	NA	NA	NA	NA	NA	NA	NA	NA	NA	NA	NA	NA	NA	NA	NA	NA	NA	NA	NA	NA	NA	NA	NA	NA	NA	NA	NA	NA	NA	NA	NA	NA
NA	NA	NA	NA	NA	NA	NA	NA	NA	NA	NA	NA	NA	NA	NA	NA	NA	NA	NA	NA	NA	NA	NA	NA	NA	NA	NA	NA	NA	NA	NA	NA	NA	NA	NA	NA	NA	NA	NA	NA
NA	NA	0.556409718828461	NA	0.34751578757547	0.457419855315789	0.638918985523654	0.432072400297684	0.215514178663961	0.865063355772153	NA	0.369329442967741	NA	0.337441303629701	NA	NA	0.105087638182629	NA	0.596256085930843	NA	0.365049089686697	0.229350892842041	NA	NA	0.605664345817816	1.72907478871996	NA	1.10126384895745	0.656161635329263	NA	NA	NA	NA	NA	0.892110777419552	NA	NA	0.887078827634257	0.623157096002375	0.631064279997831
NA	NA	NA	NA	NA	NA	NA	NA	NA	NA	NA	NA	NA	NA	NA	NA	NA	NA	NA	NA	NA	NA	NA	NA	NA	NA	NA	NA	NA	NA	NA	NA	NA	NA	NA	NA	NA	NA	NA	NA
NA	NA	0.549951245954225	NA	NA	NA	1.03926547802556	0.618679955997361	0.69870087382122	0.499906519018463	0.803627265868382	0.611188005859629	NA	1.5375788229138	NA	NA	0.99046424404797	NA	0.313417008501877	NA	1.13977139336686	1.24897392804362	1.43413800911902	NA	0.919563565763133	NA	NA	NA	NA	NA	1.99634275663031	NA	0.638238548172415	1.13269516142076	1.48389473622954	NA	1.25877595976262	NA	1.8651597513349	1.5841905249647
NA	0.886503214124277	0.867423761204009	NA	0.590145225775428	NA	0.984533281488626	NA	NA	NA	0.924053287005873	0.906415216129776	NA	0.884873270416178	0.994043313237251	NA	NA	NA	0.815273346636117	NA	NA	1.24347959386714	NA	NA	NA	NA	NA	NA	NA	0.96453800279575	NA	1.58974132428569	2.43127061671266	NA	NA	NA	NA	NA	NA	NA
1.1462575591838	NA	1.55160506160276	1.65528960960521	1.52389676095257	1.42019590014619	1.47715332412695	1.60909409115092	1.7326021584304	1.34707025546324	1.45480792441166	1.20610127818784	1.21511673785547	1.09687106775345	0.895854378556456	1.1128367985409	0.227968197288471	0.229165603080423	0.384057974139752	NA	0.391063735658982	0.258735446788234	0.0982426820152028	0.503161653141565	0.558391130040784	0.299967586465146	0.441612810097883	0.358875434635589	0.666030292271168	0.752699861164437	NA	0.56330651525422	NA	0.628289441431394	NA	1.20360892805608	0.636760449175359	0.466129747394279	0.509708291881711	NA
0.881752705999398	2.02883493500335	2.32603505600406	2.3729415902601	NA	2.6586504964166	1.92125551423662	1.88942136592791	2.66624567214932	1.76568995177723	NA	2.22319750901428	2.55134363441424	1.40185157953106	2.59539240847308	1.31877533853916	1.32735718439002	0.108515044592696	1.53029363235019	NA	2.32122918217769	NA	0.73338649277404	2.30222583819494	0.682771110388477	2.44501246652132	1.78614705589908	1.14241772869456	1.00756570870476	NA	NA	NA	NA	NA	NA	NA	NA	NA	NA	NA
0.684769409480825	0.80196589055796	1.03483172887343	NA	0.754128934465933	0.52476798890636	0.60119325588316	0.266445645795068	0.191003285747979	0.317567976631976	0.21840690462534	0.797466542179914	NA	0.861922047534604	0.353553469825261	1.45786159481053	0.478925603731239	0.29095337071418	0.403548295051419	NA	0.246754070900847	0.722491293592962	0.410877441247711	0.428254315189044	0.579084715816143	0.28573434598193	0.330191209604926	0.689682529224654	0.85617603153869	0.333117086594721	0.31139158234297	0.489588050127458	0.640033174150647	0.557205568042388	0.542471051329902	0.995591122301827	0.944513408881634	0.939522791694979	1.18313383880052	0.915904070116818
NA	NA	NA	NA	NA	NA	NA	NA	NA	NA	NA	NA	NA	NA	NA	NA	NA	NA	NA	NA	NA	NA	NA	NA	NA	NA	NA	NA	NA	NA	NA	NA	NA	NA	NA	NA	NA	NA	NA	NA
NA	NA	0.653906801209382	NA	0.695156924793446	0.909922833670579	0.92331098009521	NA	0.904043377345441	0.472608618761349	NA	1.3079898307713	NA	NA	0.758034712235608	0.761167699550677	NA	0.554962528993116	NA	NA	0.400585141974503	NA	0.818058916589733	0.763450350909388	0.951498253111664	1.04272547376282	NA	0.888921714380172	NA	NA	NA	1.73986481007229	NA	1.22157637880798	1.71232764227591	1.31194292170823	0.595878251477715	NA	1.65033339053568	1.87439366538723
NA	NA	NA	NA	NA	NA	NA	NA	NA	NA	NA	NA	NA	NA	NA	NA	NA	NA	NA	NA	NA	NA	NA	NA	NA	NA	NA	NA	NA	NA	NA	NA	NA	NA	NA	NA	NA	NA	NA	NA
2.13541353326736	1.31633112499162	2.72834495133552	2.2800209865918	NA	2.00562529841158	1.45394520085578	0.503056886806115	1.09231454205098	0.708984796572845	NA	2.12946783468078	NA	1.49248351413942	1.57599838553999	0.499802832321908	0.560357712671185	1.13477469919311	0.898142712386665	NA	1.81699161526251	0.738090992689163	1.60123818083043	1.2877719799066	1.7313549470891	3.37939343834637	1.87014507377782	2.09455929057708	2.07248035142851	NA	NA	2.63665692412719	2.43467466664837	2.32626260234517	NA	NA	2.66936462286655	2.9592770771287	2.42004495849881	2.46347978731582
1.44223135098575	NA	1.79291365496052	NA	NA	1.02631691322788	0.732649155544548	NA	0.987611136398565	0.404929476630274	NA	NA	0.610698673948925	0.405549484871777	0.333035516037244	0.797818564781646	0.399817840292856	0.46301809572993	0.521188492116976	NA	0.475520637698557	0.253863845867131	1.38777597450111	1.34493591755121	1.65100888862696	1.17712244083602	1.18836114796225	1.05341264664104	1.3141265082128	1.51475857383536	2.47781608058992	1.45422968398531	1.08170521558907	NA	NA	NA	0.985697675261681	1.58147088658523	1.87879664044011	1.66015414639931
NA	NA	NA	NA	NA	NA	NA	NA	NA	NA	NA	NA	NA	NA	NA	NA	NA	NA	NA	NA	NA	NA	NA	NA	NA	NA	NA	NA	NA	NA	NA	NA	NA	NA	NA	NA	NA	NA	NA	NA
NA	NA	NA	NA	NA	NA	1.38382682833728	1.28416177898551	NA	NA	NA	0.810569853828739	0.752264391862714	1.14149537984088	1.27846406118391	NA	0.99264849246396	0.411113696541403	1.49239480820142	NA	NA	1.1681486919679	NA	0.355424273670014	0.827821735441909	0.86469983230144	NA	1.40098113501435	NA	1.42006649773246	NA	NA	1.60620624415941	NA	NA	NA	NA	NA	NA	NA
0.417172710524836	2.06092215308048	0.654408036745819	NA	0.74481854661082	0.669167278357085	0.194839486271015	0.466074944821117	0.397097239524901	0.348099548966584	0.380009944542833	0.284329468075784	0.413381665617677	0.636693940333878	0.729846851597703	0.490958852414366	NA	0.739112903334309	0.670145369407706	NA	0.228574554560266	1.19812186107328	0.918570113883802	1.03299086139137	0.893350070432944	0.617791364902381	1.23291803288731	1.19008448880433	NA	NA	1.40234568560998	NA	0.255084998562478	NA	1.2588909214882	0.868364740265273	0.192246502207254	0.431682194959308	NA	0.685278585449649
1.08200846322677	NA	0.476733114653823	NA	0.417809258310699	0.62425794244297	0.331073692981841	0.552346120312421	0.245489770289818	0.312862848894985	0.30237791733408	0.641779638917505	0.434061993442711	0.376043173352597	0.859396144016251	NA	0.292003850190953	0.561370125155657	NA	NA	0.0888464456399509	0.437052084233896	0.412462521628686	NA	0.368370356534137	NA	0.332817513683007	0.504277145378095	1.24500182762752	NA	NA	NA	0.604305028787808	0.993793893508167	0.344799414882103	0.852131259267792	NA	0.736654554916384	0.828377867165919	1.06121135941046
1.93217273331606	NA	NA	1.174642148774	NA	NA	1.05310741238347	1.5092960601646	NA	0.364265908651379	1.99517262556796	0.671695197047112	0.60906242773015	0.604625055993318	1.72002848212332	0.227022520722073	1.46463910892208	1.7751418587707	NA	NA	1.92919006877065	2.0774371800871	2.30814238211913	NA	NA	NA	NA	2.1660944388427	2.29953964780515	NA	0.599822862415988	NA	1.49343085287667	NA	0.344111958496423	NA	0.259508442954186	0.566386787319642	0.777747357675659	1.31821335576594
NA	NA	NA	NA	NA	0.431719833750546	1.42320361683917	0.427069733945599	0.492237289395548	0.522814007461697	0.388686265826199	NA	0.795250783525614	0.693245351434369	0.562444728182513	0.961643223710377	0.44357754586478	0.328532365387859	0.470689086059877	NA	0.601135109604069	0.579259642190357	0.257011080692978	0.470642846051772	0.38048377656976	0.49847141489397	0.348910282646506	NA	1.17904623570806	0.73195551894052	0.922607839874903	1.06257088414853	1.16642295004503	0.900637426695958	0.829971667602208	1.37224221017484	1.25038673728119	0.886759590942018	NA	NA
NA	NA	NA	NA	NA	1.82030350237762	1.28818415851499	1.05979173390437	NA	NA	NA	0.982043142692745	0.959860398958132	0.741125205046971	NA	NA	0.796794976720305	0.513228231850462	0.984426647809647	NA	1.11570064349958	0.858131068418111	2.10497579610912	0.596012542481297	1.79825135111222	2.15151138912089	1.20004801772438	NA	1.42393431782405	1.02378519582826	0.758237990030325	1.96970643727652	0.561730737392664	1.72423303195832	NA	0.56556762922322	1.26789268861038	2.06032514056986	1.16551296157428	NA
NA	NA	NA	NA	NA	NA	NA	NA	NA	NA	NA	NA	NA	NA	NA	NA	NA	NA	NA	NA	NA	NA	NA	NA	NA	NA	NA	NA	NA	NA	NA	NA	NA	NA	NA	NA	NA	NA	NA	NA
NA	2.37803267618812	0.984982756247715	2.4050645369789	1.48352578380982	0.749179829218918	NA	NA	1.41508524350905	0.29472081592702	NA	NA	NA	1.24552115187999	1.49844628545055	1.51562055813868	NA	0.492767174256192	0.579124380183788	NA	1.55458591938084	1.7330780044789	2.28620732213376	NA	0.496974210821763	1.19703729770556	1.45709625770025	0.894297720110853	0.567983821498958	0.36272595466048	0.588200960763461	NA	0.477803602900709	0.660834966356412	1.85457189301846	0.664101278338752	NA	NA	1.81255749679469	0.947793162886107
NA	NA	NA	NA	NA	NA	NA	NA	NA	NA	NA	NA	NA	NA	NA	NA	NA	NA	NA	NA	NA	NA	NA	NA	NA	NA	NA	NA	NA	NA	NA	NA	NA	NA	NA	NA	NA	NA	NA	NA
NA	NA	0.511509503745265	0.396953888709443	0.869400243175266	0.434852305098825	0.504514417507172	1.58735058887624	1.68402396062833	1.25660640341189	NA	1.58736573318003	NA	NA	1.05173004200852	NA	0.318684381244349	1.30040617493905	NA	NA	0.816469889907865	0.614319811423001	1.57045438113499	NA	0.870862667187827	NA	1.14505256789726	NA	1.18918544455679	1.11148661044646	1.58696339114728	1.52320440543468	NA	1.28733349714076	0.847122459270493	1.27812333216748	1.11722199996401	1.24289820607706	NA	0.852935041242986
NA	1.35583306555833	NA	NA	1.43352844601208	1.1608165354599	NA	NA	NA	0.528653428238621	0.891788496958161	0.493510319717274	0.468634863982167	1.91050278870738	0.456329414878908	1.47579488201863	NA	NA	0.619757003694368	NA	0.709046765080789	0.743316438722083	NA	0.882137419180523	1.06489631422143	1.12738651629386	1.83416488466058	NA	1.54340612833222	NA	1.49404183416982	1.46456712189934	2.09539838330953	NA	NA	1.94566842195546	NA	1.26731372710065	1.67627800916557	1.5091145343756
NA	1.10836527860985	0.88411348328859	0.858830579491251	0.755373529626981	0.118508920822745	0.5143232242309	0.55027785064393	1.16386816851064	0.999691212294635	1.62375402499981	1.28283709525003	0.393727182231336	0.937321639270171	0.567611880202116	NA	1.15023484399566	1.43015680613389	0.625137503416543	NA	0.368910310052071	0.902948443809914	0.91349516163607	0.762629573601611	1.49062016604831	NA	1.5301627905083	1.07377201476469	1.43042267644067	1.16507204709397	2.22834391742181	NA	1.50991822022051	NA	1.11118344083205	NA	1.60880590304271	NA	1.13534247309771	1.06602134171299
NA	0.887022133534547	NA	0.701792461338461	NA	NA	0.300624076989713	0.35711503911493	0.318834670598336	0.766739060823434	NA	1.05876385748159	NA	0.383519273072042	0.514605488026325	0.281593594291719	0.311383558216096	NA	0.357412630153231	NA	NA	NA	NA	NA	NA	0.761314116282981	NA	NA	NA	NA	0.93647316784673	NA	0.835086577357781	NA	NA	NA	1.24655964943593	NA	NA	NA
0.734244756338259	0.369811813708082	NA	0.358662329956069	NA	NA	NA	0.598803567075215	0.403602501886813	0.978650302223991	0.663646161600505	0.508965985995979	NA	0.908890703428507	0.909821056693317	NA	NA	0.848042963102666	0.50197959508558	NA	0.265895323639862	NA	0.345847138444475	0.54464768154767	0.384091604512757	0.565519959302742	0.773115222201943	0.715062227989853	0.881768139333695	NA	NA	NA	NA	0.452369304135177	0.70787867837975	NA	0.740638562238041	NA	0.948818638531543	0.704770701648314
NA	NA	0.422482819408298	NA	0.813808756598079	NA	0.28259206485264	NA	NA	2.5114910356101	NA	NA	2.47765058173654	NA	0.573779960710226	NA	0.43123791365184	0.397279694784309	0.195417688803539	NA	0.978040308944483	NA	NA	0.916564889792573	1.25123457988361	NA	NA	1.80401302722216	2.24014118424917	NA	1.11462486511727	1.31595828442068	1.62865736099901	NA	1.84783292164495	NA	NA	2.05652671902452	1.63327997872565	NA
0.952299151766088	1.13332957206094	1.37518536848908	0.457168248614106	0.339352096194092	0.233343512195522	0.330620398610165	0.304625623965997	NA	0.476484446298844	NA	0.607635480749723	0.629330653300623	0.41302294482579	0.559228559498497	NA	0.403612974340777	0.284377982765622	0.596907364217778	NA	0.333991072553737	0.410058541203065	1.15347496905055	0.596326638075351	0.248880615008573	NA	NA	1.07350745822682	NA	1.19961506804496	0.625088507412775	0.654378275781774	0.35458661087157	0.250555610291914	0.390153025098619	0.693966987673217	0.314668522793669	NA	0.441369545981944	0.290903748338885
NA	NA	0.665397612668052	0.327879827116343	0.295866986250256	1.09362001069144	1.28630240856256	NA	0.431503795123506	0.796717148599562	1.22820799804463	0.540244812611028	0.465608538004726	NA	1.95171160894812	NA	0.483537898549365	0.401851899273451	0.107778643664935	NA	0.458935055710727	0.544215485583793	NA	1.18230137523396	1.15748937177924	1.50130431620953	NA	NA	NA	NA	1.33070211907638	NA	1.13365749582236	NA	1.49086197523236	NA	NA	NA	NA	NA
NA	NA	NA	NA	NA	NA	NA	NA	NA	NA	NA	NA	NA	NA	NA	NA	NA	NA	NA	NA	NA	NA	NA	NA	NA	NA	NA	NA	NA	NA	NA	NA	NA	NA	NA	NA	NA	NA	NA	NA
0.913942547053751	1.871175409781	2.18954144885145	NA	NA	0.820396602409613	NA	0.604889407978845	NA	NA	NA	NA	2.06881082108911	NA	NA	NA	0.600445311939046	NA	1.5270542158096	NA	0.387047514356174	NA	NA	1.17002325593569	0.718154880161668	NA	2.15273557048629	1.32351581180889	1.96267161703823	NA	0.76608192256533	0.995414159964059	NA	0.186447874429881	0.480668775729967	0.667185016691784	0.497746545096714	0.634354643933036	NA	NA
2.10632169473803	NA	0.400595979796994	NA	1.3362118632641	1.09563892976591	NA	NA	NA	2.81742453770154	0.643411170796873	0.505791445676122	2.07718560781607	NA	1.22595528122535	1.36709248766002	NA	0.294478610013908	1.08697896906906	NA	0.926012271267929	1.84129920729737	0.39242939637512	1.13892498156667	NA	0.41291613869544	0.270126350400822	1.1623320839501	1.35272241661495	2.63372509945393	1.66302361352277	1.14298201038838	2.07227074855563	1.77024322551691	NA	2.09891054653033	2.16518225124907	NA	NA	NA
NA	NA	NA	NA	NA	NA	NA	NA	NA	NA	NA	NA	NA	NA	NA	NA	NA	NA	NA	NA	NA	NA	NA	NA	NA	NA	NA	NA	NA	NA	NA	NA	NA	NA	NA	NA	NA	NA	NA	NA
NA	1.10996913366	1.33321339768838	NA	NA	NA	NA	NA	0.641820771295198	NA	0.390916590519208	0.100114186869128	0.355185420026849	NA	NA	0.799349218578357	NA	NA	0.459805168684895	NA	0.354480348087376	0.483568315087334	0.959806435352328	NA	NA	NA	NA	NA	NA	1.08822223698295	1.43624547846076	NA	NA	1.43568466319327	1.40066712983618	0.976226972871536	0.975301085443903	NA	0.565024860083885	0.808522314220381
NA	0.442252290110329	NA	NA	0.227330727691223	0.3218640920038	NA	0.538072019645853	0.316209335828324	NA	NA	0.454981449343548	NA	NA	0.593870034647587	0.774291582208934	NA	0.513026166672215	NA	NA	0.20437253938689	0.485834510604402	1.70394852313227	1.11811033913249	1.12506554819073	1.06685443540057	1.22696147293275	1.59644912094419	1.287315721925	0.976415520934495	1.48312281603396	NA	1.90903536349842	1.76203768598426	1.90888889918124	2.3049645139854	2.07477571339696	1.55663975155348	1.38752106261954	1.45313408793779
NA	1.26175506433435	1.4799371533893	1.64069471782973	1.63046528944434	2.07205416508929	1.72653055577819	2.21159913267645	1.62415051745505	NA	1.49886017006677	0.766132037906933	NA	0.296389215601308	0.978954194875296	NA	0.730735822891478	1.31750353185024	NA	NA	1.33068596202951	NA	0.449276061539638	1.97208393048279	NA	1.59518080156128	1.76130130312531	2.10067403415496	0.435801715736692	NA	NA	0.649078851608718	2.34360153357115	NA	1.69937533649573	NA	1.95571942884138	1.56318959796645	2.00184074479528	2.54501791942748
0.317622408882908	0.548350022721909	0.874291404635166	1.10410706662851	NA	NA	NA	1.00232051919746	NA	NA	1.13331290622424	0.984416402391803	0.974349523660733	NA	0.762589419527624	1.16285814357975	0.462356998939213	0.602972199426327	NA	NA	0.346407960073863	0.434703841789231	0.513876254526673	0.980656702471029	0.677072266377012	0.967047727100287	0.820224388455257	0.850852363232869	0.672901584222626	0.731162428124341	NA	1.53202282704782	NA	0.895596774767625	NA	0.770951504433049	0.891347173837521	0.881014386639183	NA	NA
NA	NA	NA	NA	NA	NA	NA	NA	NA	NA	NA	NA	NA	NA	NA	NA	NA	NA	NA	NA	NA	NA	NA	NA	NA	NA	NA	NA	NA	NA	NA	NA	NA	NA	NA	NA	NA	NA	NA	NA
0.265254185880227	0.457906761750621	NA	0.876311571782512	0.693895290494993	0.445351646935207	0.339588628442052	0.420340295298378	0.512648280288753	0.867689792517437	1.53587708116223	NA	NA	NA	NA	NA	0.30798622636081	0.175708468721199	NA	NA	0.199704077650374	NA	0.46448539615245	NA	0.637239780554784	NA	NA	1.29624398084051	NA	NA	NA	NA	NA	NA	NA	NA	NA	NA	NA	NA
NA	NA	NA	NA	NA	NA	NA	NA	NA	NA	NA	NA	NA	NA	NA	NA	NA	NA	NA	NA	NA	NA	NA	NA	NA	NA	NA	NA	NA	NA	NA	NA	NA	NA	NA	NA	NA	NA	NA	NA
NA	0.809502346344974	1.24463356977534	NA	1.09164572742428	NA	NA	1.15379480546049	NA	NA	0.435488707277952	NA	NA	NA	0.847153026168344	NA	0.393285367199855	0.822286834777884	0.715113383466961	NA	NA	NA	0.945005773644667	NA	NA	NA	NA	0.991467682417503	NA	NA	1.72517706535794	0.751936144994444	NA	0.840477159571019	NA	NA	NA	NA	NA	NA
NA	NA	NA	NA	NA	0.744531335168516	NA	0.4142022593996	0.792357397922984	NA	0.795424086447913	NA	2.47687509961994	NA	0.794991386693052	NA	0.826783120016424	0.385077892286462	NA	NA	0.335604263320665	0.358529327124503	0.365403582434819	0.31800462215912	0.267702509104684	0.349902348247996	0.514116573255068	1.02632243051092	0.511096078128531	0.25482148482832	0.595227765565223	1.39258057698645	0.963232444366941	0.617262278089749	0.78317559956598	0.892216400258124	1.10988882862179	NA	0.231450454469901	NA
NA	NA	NA	NA	NA	NA	NA	NA	NA	NA	NA	NA	NA	NA	NA	NA	NA	NA	NA	NA	NA	NA	NA	NA	NA	NA	NA	NA	NA	NA	NA	NA	NA	NA	NA	NA	NA	NA	NA	NA
NA	NA	0.676143862657377	NA	1.3074074290066	0.6652463401838	NA	NA	0.562649695866012	NA	NA	1.34018302723396	NA	NA	1.2865815252812	0.589992335010028	0.582746676354868	0.39544380251349	NA	NA	1.76070909292527	0.88018818325573	NA	0.313106165307471	0.739564636979714	0.649694158616011	0.832126701801209	NA	1.14595648082485	NA	0.463561602128658	0.798617130740326	0.967800200814218	NA	NA	NA	NA	0.218491553897443	0.637755843443121	NA
1.74624210718026	1.58321749899263	1.27757356719665	NA	0.258368031480846	0.589189413082961	0.72238451876053	NA	0.829591055971277	1.03152492238929	1.1720769271583	0.970367673920888	NA	0.892261501955316	1.37056060254854	NA	0.385333745778387	NA	NA	NA	NA	0.287192615361984	0.26155460640302	0.841297443178617	0.364385105032553	0.740781454447287	1.21198013564031	NA	0.75523390470132	NA	0.783268638644672	NA	NA	0.694153459896983	NA	0.181585723857955	0.472232628039396	NA	0.666819729727106	NA
1.26815754852868	NA	NA	NA	NA	1.09432509241915	NA	0.741930038255323	0.405240186167486	0.188203552850595	NA	NA	0.394310030485197	1.36552419369724	0.602299938854138	NA	0.57262048958222	0.0876588288343528	0.425803491599892	NA	NA	NA	NA	0.166280613267377	0.526039308503184	0.676112265933654	0.467086191620398	1.1458745599273	NA	NA	1.65025937196525	NA	1.3043693616532	0.938856886300785	0.390393379721324	0.838056432264942	0.267944708895289	NA	NA	NA
NA	NA	NA	NA	NA	NA	NA	NA	NA	NA	NA	NA	NA	NA	NA	NA	NA	NA	NA	NA	NA	NA	NA	NA	NA	NA	NA	NA	NA	NA	NA	NA	NA	NA	NA	NA	NA	NA	NA	NA
1.40486088081917	1.30752814401851	1.15964072996804	0.226800990495514	0.289407145269244	NA	0.45312422012216	1.03511393760261	0.993905960775583	0.761028005447209	NA	0.72873308214907	NA	0.610910156318137	0.657711191178973	NA	1.46043906236617	NA	NA	NA	0.737078366082321	1.10530220870005	NA	0.783597085923491	0.834488431654212	NA	0.914577997805556	NA	1.33339365279954	1.36254467250912	1.14132396994016	0.481984679386005	0.701018462546146	1.19808346438329	1.18150157357197	0.793058538396519	0.928415411606053	0.521981454952306	0.508436152038038	1.12184001430284
NA	0.833025185129478	0.804182489626427	NA	0.780276796460324	0.584127591224235	NA	NA	1.31647689183396	0.18491038221961	NA	NA	0.142205395216914	NA	NA	0.234622268922712	0.31591635969109	0.340165335372506	NA	NA	NA	0.772001468275776	1.40233593094867	NA	1.322955131662	1.75701403913759	NA	1.82560950838639	1.52151789791248	NA	NA	NA	2.11693875718783	1.85393260638219	NA	1.30207815232094	NA	NA	1.47317418657058	1.22452308978611
NA	NA	NA	NA	NA	NA	NA	NA	NA	NA	NA	NA	NA	NA	NA	NA	NA	NA	NA	NA	NA	NA	NA	NA	NA	NA	NA	NA	NA	NA	NA	NA	NA	NA	NA	NA	NA	NA	NA	NA
NA	1.2647260850748	1.15483042926196	NA	0.920039796104682	NA	0.801592810214234	0.659993648056392	NA	NA	NA	1.20331927339516	NA	NA	0.453903047372744	NA	0.419224527985332	0.408414504934253	1.09955297641666	NA	0.450336692351371	0.410274302965147	NA	0.426635624657587	0.422760647468545	0.437434079971033	NA	0.87187311476151	NA	NA	1.01857056757613	NA	0.572291805578649	NA	NA	NA	NA	NA	1.09738296699227	NA
NA	NA	NA	NA	NA	NA	NA	NA	NA	NA	NA	NA	NA	NA	NA	NA	NA	NA	NA	NA	NA	NA	NA	NA	NA	NA	NA	NA	NA	NA	NA	NA	NA	NA	NA	NA	NA	NA	NA	NA
NA	1.48880236513468	1.20222841096697	NA	0.903729452039464	NA	NA	0.824225291456574	0.670350558642723	1.06564328110261	1.18836119902266	1.25199013456288	1.301032858405	1.16443690399134	1.42739948562714	0.498279471488909	0.181239965523914	NA	0.526403917906245	NA	0.826614281924993	0.947821455780878	0.820281370093619	0.909614289569598	0.670730298852406	0.558433752856902	0.571446900824172	NA	0.683128466809474	NA	0.81486926095137	1.05242182744649	NA	NA	NA	1.06652008258829	0.561464824005282	0.939676487684288	0.620017792661257	NA
NA	NA	1.54164006159078	NA	1.03105871279169	NA	NA	1.4283858608008	NA	0.683775617453517	0.525708165555249	NA	0.499121813008931	NA	0.814391697590661	NA	0.884103518406712	0.604786266007315	0.782984064694119	NA	NA	0.261892378925114	0.372997072387535	0.5476991445405	0.456935387806421	0.5863975845133	0.755616069410712	1.19888132353968	1.41079269908911	NA	1.45002270676565	NA	1.73434667678094	1.58320071850547	1.59710342861209	NA	NA	NA	NA	NA
NA	1.48068001751224	NA	NA	0.780686341806189	0.590003581661749	NA	1.59920300188464	0.534288034642009	NA	NA	0.198637151660164	0.228284323090547	NA	NA	0.595278902774868	0.256501445671581	NA	NA	NA	NA	NA	1.16837677747881	1.9337683802642	0.720578148584837	1.40892987057767	1.23886950985354	1.12650814723476	1.5050611883819	NA	NA	NA	NA	NA	NA	NA	NA	NA	NA	NA
0.291005474934585	0.335861251963254	0.603385909411219	NA	0.490162615234742	0.841315900955692	NA	0.637430918889809	NA	0.624323817858787	1.02301258886627	0.229299045450111	NA	NA	0.575494799244697	NA	0.254945724045739	0.293745883935993	NA	NA	NA	NA	1.19762711938768	0.976861554691203	1.33668755620108	1.71768428518764	1.24297857616478	1.31699545486942	1.18048192205383	2.1550231770576	NA	NA	NA	2.09628643017124	1.82723162600117	NA	1.94875887062693	NA	NA	2.16423326592378
1.33399642139006	NA	1.05692472144555	0.931436369770349	NA	NA	NA	NA	0.692235114651544	NA	NA	0.513021920501433	0.269176343639195	NA	0.982930722675691	0.459021807206359	0.572773559878951	1.09902608787332	NA	NA	0.917205627611342	0.532828496196317	0.590324732594911	NA	1.25857355971496	1.06576269053003	0.915984106458246	NA	1.03049139404273	1.76307710625934	0.87315156623476	1.09172942271928	1.28265688110988	1.05220791141639	1.20695683442817	NA	NA	1.16597989447749	1.07778841874905	0.820970999627557
NA	NA	NA	NA	NA	NA	NA	NA	NA	NA	NA	NA	NA	NA	NA	NA	NA	NA	NA	NA	NA	NA	NA	NA	NA	NA	NA	NA	NA	NA	NA	NA	NA	NA	NA	NA	NA	NA	NA	NA
NA	NA	NA	NA	NA	NA	NA	NA	NA	NA	NA	NA	NA	NA	NA	NA	NA	NA	NA	NA	NA	NA	NA	NA	NA	NA	NA	NA	NA	NA	NA	NA	NA	NA	NA	NA	NA	NA	NA	NA
NA	NA	NA	NA	NA	NA	NA	NA	NA	NA	NA	NA	NA	NA	NA	NA	NA	NA	NA	NA	NA	NA	NA	NA	NA	NA	NA	NA	NA	NA	NA	NA	NA	NA	NA	NA	NA	NA	NA	NA
NA	NA	NA	NA	NA	NA	NA	NA	NA	NA	NA	NA	NA	NA	NA	NA	NA	NA	NA	NA	NA	NA	NA	NA	NA	NA	NA	NA	NA	NA	NA	NA	NA	NA	NA	NA	NA	NA	NA	NA
NA	NA	NA	NA	NA	NA	NA	NA	NA	NA	NA	NA	NA	NA	NA	NA	NA	NA	NA	NA	NA	NA	NA	NA	NA	NA	NA	NA	NA	NA	NA	NA	NA	NA	NA	NA	NA	NA	NA	NA
0.449965842318043	NA	0.737387473887289	0.782063014857177	1.16087724297947	1.02839962257843	0.257751762251693	0.419919144425931	0.230360998515043	0.297366045795713	0.345140323932065	0.905811813665338	1.46367434450221	1.64895277433739	0.513320425983479	NA	1.1319678736525	0.44198600147009	0.14698897253652	NA	NA	0.192115583453268	0.251382097849455	0.412399162429343	0.476326181341977	NA	NA	0.718389848880825	0.929913397574623	0.816420136562624	1.10912759616346	0.727326372199708	0.646907654725458	0.732567864538667	NA	0.671018670327462	0.455357683033444	0.667168479488282	0.511498085109527	0.653212684222498
NA	NA	NA	NA	NA	NA	NA	NA	NA	NA	NA	NA	NA	NA	NA	NA	NA	NA	NA	NA	NA	NA	NA	NA	NA	NA	NA	NA	NA	NA	NA	NA	NA	NA	NA	NA	NA	NA	NA	NA
NA	NA	NA	NA	NA	NA	NA	NA	NA	NA	NA	NA	NA	NA	NA	NA	NA	NA	NA	NA	NA	NA	NA	NA	NA	NA	NA	NA	NA	NA	NA	NA	NA	NA	NA	NA	NA	NA	NA	NA
NA	NA	NA	NA	0.426207755554062	0.471971084476946	NA	0.375963208021798	NA	NA	NA	NA	NA	NA	NA	NA	NA	0.361099546946693	NA	NA	NA	0.499150300643427	0.655400460256787	NA	NA	NA	NA	NA	1.58265117460678	1.34278570086837	NA	NA	NA	1.35789102758696	NA	NA	2.17975433922122	NA	NA	NA
NA	NA	NA	NA	NA	NA	NA	NA	NA	NA	NA	NA	NA	NA	NA	NA	NA	NA	NA	NA	NA	NA	NA	NA	NA	NA	NA	NA	NA	NA	NA	NA	NA	NA	NA	NA	NA	NA	NA	NA
NA	NA	NA	NA	0.365718879279666	0.519459419386166	NA	0.383332402482914	0.704683423388898	NA	NA	2.71456769196804	0.241386590816354	NA	NA	0.453717090147226	1.59422376159285	0.28963692873461	NA	NA	2.72160162801607	0.721824657120821	NA	NA	1.63684274178047	NA	NA	2.34400880428955	1.34072616343304	2.57000128598792	NA	NA	NA	1.24971835744868	NA	NA	1.95004054289128	NA	NA	NA
1.30126510316335	NA	1.64017873759349	1.48710557162109	NA	NA	NA	1.59953687700229	1.32095237479083	1.2734031496871	0.761835131484631	NA	1.28433965067976	1.56067774466852	1.89326489927934	0.791326814863072	0.274475406476348	0.415742222470241	NA	NA	0.480977699267737	1.36690934123202	0.254842084064927	1.16609607713186	1.48575593322438	1.34321329451903	2.15506931992519	0.671153050484185	0.817861530207479	0.818358225205879	1.69298323827551	0.568645040268219	0.880006244688231	1.01156623220261	NA	0.762130532642842	0.563107568822809	0.922699615762109	1.15917420763861	1.03279040161546
NA	0.71880135166972	0.460393575914715	NA	NA	0.500701029631103	0.40351393063385	NA	0.544537440306144	NA	NA	NA	NA	NA	NA	NA	NA	NA	1.65761340844561	NA	NA	1.39720303018771	1.3214487528501	1.77940421090238	1.08830514498422	0.772231489311813	1.39384864320164	0.995812712620819	1.43577668721113	1.08654711346597	1.45109555218492	2.34262544046203	1.62318659032439	2.10600411767582	NA	2.12468126777409	2.12509195407593	NA	1.94057151152102	1.93034680602254
1.30762958972641	0.799527596802287	NA	0.524403443046744	NA	NA	0.384461644516864	0.984295309316868	NA	0.2079772591274	NA	0.464488628245348	1.97281132020761	NA	0.441296390190437	1.02946265795962	0.429329013434623	0.403545878186513	1.60301319945648	NA	0.334022209121686	0.239109928707943	1.6330448308285	0.22835247467761	NA	0.100768495421137	0.109748929111141	0.268149758148131	1.77722594456545	0.295592864127554	0.767638067246852	NA	0.848867484593127	0.954045739372867	0.852957377613336	1.6306470675842	1.22496171517518	NA	1.25901415210848	1.29797809321388
NA	NA	NA	NA	NA	NA	NA	NA	NA	NA	NA	NA	NA	NA	NA	NA	NA	NA	NA	NA	NA	NA	NA	NA	NA	NA	NA	NA	NA	NA	NA	NA	NA	NA	NA	NA	NA	NA	NA	NA
NA	NA	NA	NA	NA	NA	NA	NA	NA	NA	NA	NA	NA	NA	NA	NA	NA	NA	NA	NA	NA	NA	NA	NA	NA	NA	NA	NA	NA	NA	NA	NA	NA	NA	NA	NA	NA	NA	NA	NA
NA	NA	NA	NA	NA	NA	NA	NA	NA	NA	NA	NA	NA	NA	NA	NA	NA	NA	NA	NA	NA	NA	NA	NA	NA	NA	NA	NA	NA	NA	NA	NA	NA	NA	NA	NA	NA	NA	NA	NA
NA	NA	NA	NA	NA	NA	NA	NA	NA	NA	NA	NA	NA	NA	NA	NA	NA	NA	NA	NA	NA	NA	NA	NA	NA	NA	NA	NA	NA	NA	NA	NA	NA	NA	NA	NA	NA	NA	NA	NA
NA	NA	NA	NA	NA	NA	NA	NA	NA	NA	NA	NA	NA	NA	NA	NA	NA	NA	NA	NA	NA	NA	NA	NA	NA	NA	NA	NA	NA	NA	NA	NA	NA	NA	NA	NA	NA	NA	NA	NA
NA	1.72544055711425	NA	0.310333203789189	0.179511844608555	1.45943260690976	1.20556917806594	0.527884271003431	0.501322032761973	0.83922843964665	NA	NA	0.641585008359506	0.334292446551118	0.460380292999638	NA	1.15921933084357	NA	0.575859601312126	NA	0.301067514525373	0.540994518346332	0.441776063912773	0.628510126667894	0.80436943811783	0.590321162742161	NA	1.32594500637632	1.04116789072124	1.39607102747641	NA	NA	1.25476544633395	1.30959393790504	NA	1.54730217906451	1.88789632880686	0.720155117029684	1.29851716339839	1.40934138512296
NA	NA	NA	NA	NA	NA	NA	NA	NA	NA	NA	NA	NA	NA	NA	NA	NA	NA	NA	NA	NA	NA	NA	NA	NA	NA	NA	NA	NA	NA	NA	NA	NA	NA	NA	NA	NA	NA	NA	NA
NA	NA	NA	NA	NA	1.50903867230194	NA	1.27232717259314	1.35193023425025	NA	NA	NA	NA	NA	NA	1.13256179782618	2.12620268247237	NA	NA	NA	NA	1.25463541250683	NA	1.0857296306146	NA	1.55442557578771	1.25376313365659	1.36524026387787	NA	1.09649096029482	1.47562642818139	1.15397404709498	1.43778333811588	1.56038629420231	NA	1.11505870119541	NA	1.44742343940532	1.55847945063117	NA
NA	NA	NA	NA	NA	NA	NA	NA	NA	NA	NA	NA	NA	NA	NA	NA	NA	NA	NA	NA	NA	NA	NA	NA	NA	NA	NA	NA	NA	NA	NA	NA	NA	NA	NA	NA	NA	NA	NA	NA
NA	NA	NA	NA	NA	NA	NA	0.70283893301715	0.688074582470187	1.67639791279609	0.638009295339928	0.563085649700847	0.397972095149153	0.590833326489562	0.860919147185707	0.371951290795207	0.310003425102234	0.32278701426613	0.664658402489425	NA	0.207895256346588	0.816418352962423	0.572237689573168	0.529617942874006	0.985493618261969	0.655661042670598	0.655913913316082	0.348402848886164	0.595767797109425	0.231659243604117	0.368417143030216	0.748405857518108	0.303300499313285	0.240845719119547	0.238033201479872	0.66998600635253	0.680769183539002	0.366937440441641	0.271879268485396	0.401868443204453
NA	NA	NA	NA	NA	NA	NA	NA	NA	NA	NA	NA	NA	NA	NA	NA	NA	NA	NA	NA	NA	NA	NA	NA	NA	NA	NA	NA	NA	NA	NA	NA	NA	NA	NA	NA	NA	NA	NA	NA
0.565750846463326	NA	NA	0.625434770782281	0.721509352038971	NA	0.488503070557046	NA	0.706961474438463	0.395984194535311	0.310944357843936	NA	NA	0.326246333849035	0.504984662960521	NA	NA	NA	NA	NA	NA	1.09820086629022	0.299395674839378	0.454140510511733	0.565247299663872	1.7973954978497	NA	0.887603100269464	NA	NA	NA	0.754513580243212	1.51872822807895	1.59738834756258	NA	NA	NA	0.309208657202083	0.774715787909206	1.79082954301977
NA	NA	NA	NA	NA	NA	NA	0.174403420494821	NA	NA	NA	NA	NA	NA	NA	NA	NA	NA	NA	NA	NA	0.855889135655532	NA	NA	NA	NA	NA	0.441598577655503	NA	NA	NA	0.89340913355614	NA	0.600753897728239	1.53127750865257	NA	NA	1.46837144544254	NA	1.16002845266796
NA	NA	NA	NA	NA	NA	NA	NA	NA	NA	NA	NA	NA	NA	NA	NA	NA	NA	NA	NA	NA	NA	NA	NA	NA	NA	NA	NA	NA	NA	NA	NA	NA	NA	NA	NA	NA	NA	NA	NA
NA	NA	NA	0.462288691046033	0.409318321230602	0.327994822286267	NA	0.530711841168952	0.225257723027752	0.724711574562029	0.390234619497391	NA	1.38276116668386	NA	NA	NA	0.425370915471945	0.22649664288804	NA	NA	0.428576140260826	0.488744524174434	0.63173054295568	NA	0.647768918281962	NA	NA	0.872464050732351	0.631434773351352	1.10878847543439	0.932440031187395	0.860032140309629	0.686874425084191	1.14839592023747	0.863008826994494	0.817446199470724	0.877059501276088	0.775833633114404	0.794686336712907	0.809761457297174
NA	NA	NA	NA	NA	NA	NA	NA	NA	NA	NA	NA	NA	NA	NA	NA	NA	NA	NA	NA	NA	NA	NA	NA	NA	NA	NA	NA	NA	NA	NA	NA	NA	NA	NA	NA	NA	NA	NA	NA
NA	1.10143144601435	1.15505113475278	NA	NA	NA	0.729322659325739	0.594866580367443	NA	NA	0.537790873593093	NA	0.459007431480707	NA	2.60381678774339	NA	NA	0.284177843732288	NA	NA	0.114639600127503	NA	1.12761741866536	0.692239255460966	NA	NA	2.50378919447643	2.51906779871583	NA	0.7749819136768	NA	NA	1.11530054200171	NA	NA	2.46447391143336	1.34297093220507	2.33961531217424	2.34761131450167	2.43971392967411
0.42142982704943	0.439621224977066	NA	NA	0.448003820906968	0.262485407884773	0.578146075887295	0.384231022688773	0.339835578013062	0.292056230306695	0.354185627062296	0.325706566088442	0.780657590507297	0.485800088524144	NA	0.141658863348051	0.322265265398786	0.420280930816412	0.233663120634691	NA	0.21947025247181	NA	0.2100156547481	NA	0.441552599816021	1.00163546093971	0.975246288727634	0.816948891697128	1.06263633522458	1.19585342708888	0.948251418258059	NA	1.54320149467156	NA	1.39415625359998	0.935816969913136	0.829178405256286	NA	0.598595741769625	NA
NA	0.731493982212267	0.434595540608211	0.816876432849888	0.721466142770849	0.674565147510275	0.741451333543503	1.0009562470547	0.786221379311068	1.06427904420182	0.581527035455043	0.144774903368811	NA	NA	0.45315503316623	0.602514954421376	0.475781474541876	0.664005627022519	NA	NA	0.301072817644248	NA	0.557858488399435	0.325823295398405	0.416445195413142	0.852409016424557	0.977304213184689	0.954401566632645	0.781698373327541	NA	NA	0.843781430847601	0.965836931025601	NA	1.15406322915745	NA	1.36849855526319	1.58728844003715	NA	1.54966337711229
NA	NA	NA	NA	NA	NA	NA	NA	NA	NA	NA	NA	NA	NA	NA	NA	NA	NA	NA	NA	NA	NA	NA	NA	NA	NA	NA	NA	NA	NA	NA	NA	NA	NA	NA	NA	NA	NA	NA	NA
NA	NA	NA	NA	NA	NA	NA	NA	NA	NA	NA	NA	NA	NA	NA	NA	NA	NA	NA	NA	NA	NA	NA	NA	NA	NA	NA	NA	NA	NA	NA	NA	NA	NA	NA	NA	NA	NA	NA	NA
NA	NA	NA	NA	NA	NA	NA	NA	NA	NA	NA	NA	NA	NA	NA	NA	NA	NA	NA	NA	NA	NA	NA	NA	NA	NA	NA	NA	NA	NA	NA	NA	NA	NA	NA	NA	NA	NA	NA	NA
NA	2.61941688947754	0.343405779193106	NA	NA	0.439599236973861	0.370896238279953	0.219200102685351	0.157401912693078	2.22896037077924	2.4994776113681	2.55107966742723	0.514628255487607	0.391798037472134	0.162130862580626	NA	2.57779645694756	0.502828941571125	2.26336630768581	NA	NA	2.8802957759091	0.721814730708644	0.498519304038707	0.559541452671646	0.838131839147942	0.721978214748642	NA	2.42872566044113	0.129752253394266	1.28497431869558	0.107032919832551	1.75245260528862	2.84676373333401	0.436976382828927	0.922694208248286	0.490887221368035	1.64074370388553	2.01408902547588	1.90372259661886
1.02028379154328	NA	1.46642112478126	NA	NA	0.172617144824281	0.559712152637776	NA	0.230580765671153	0.419761849306619	0.523434578660265	0.277954622979107	NA	NA	NA	NA	NA	1.93173973401007	NA	NA	0.547462818534075	NA	NA	0.527864007448426	NA	NA	NA	0.617620592652886	NA	1.97109072558139	NA	NA	NA	NA	1.97119058794853	NA	1.33727998019769	1.15118823218362	1.16042544156994	1.15646147604621
0.9482240467569	0.552538553133058	0.647947123834547	NA	0.947639052304	0.865136503332878	NA	0.15852641929394	0.797464273962949	0.44366820742306	0.384092133432386	0.841231012917589	NA	1.34488153963388	NA	1.17664525916777	1.37052768856557	0.435275848655028	NA	NA	1.65074060456838	1.75466371406877	NA	1.43354255061282	1.18832720675411	NA	NA	NA	NA	NA	NA	NA	NA	0.817719092925205	NA	NA	NA	NA	1.15905568859552	NA
NA	NA	NA	NA	1.74624777791868	0.47298158266722	NA	0.562550748006971	0.539505466583888	NA	0.368967442199981	0.753514373043191	0.792535019485913	NA	NA	NA	NA	0.573633931416849	NA	NA	NA	NA	0.237058406238013	NA	NA	NA	1.93128106989213	0.598118205678137	NA	0.834228905427855	NA	1.02667388502372	NA	NA	NA	1.40065793334923	NA	NA	NA	NA
2.96955746880254	2.68573729776306	2.86543504519438	1.89311941333964	1.06910257262659	0.753186821306603	0.503913263155873	0.44194315505253	0.43554686436048	2.22389332563809	2.67451743976684	3.1867373859199	NA	2.82778258054651	NA	NA	NA	0.264085265063124	1.04276226194937	NA	0.62345335046483	0.327057894610401	0.195453994058705	0.24360147016594	0.0787091564939154	0.295918604812625	2.15698977235598	0.532368767622778	0.324473491463034	NA	NA	NA	3.13388837130997	0.412877247678052	0.694622715942107	NA	NA	0.605628668422286	1.05238782834788	0.963303249172564
NA	NA	NA	NA	NA	NA	NA	NA	NA	NA	NA	NA	NA	NA	NA	NA	NA	NA	NA	NA	NA	NA	NA	NA	NA	NA	NA	NA	NA	NA	NA	NA	NA	NA	NA	NA	NA	NA	NA	NA
NA	NA	NA	NA	NA	NA	NA	NA	NA	NA	NA	NA	NA	NA	NA	NA	NA	NA	NA	NA	NA	NA	NA	NA	NA	NA	NA	NA	NA	NA	NA	NA	NA	NA	NA	NA	NA	NA	NA	NA
1.2307509191527	1.33387930279809	1.27540604835073	1.1865360827081	1.43831745802027	1.43605437944425	1.45731042498209	1.24616099527304	1.26193864390608	0.575576743104583	0.776828965549255	NA	0.64598990552881	0.716332816034291	NA	0.402377311825717	0.604956443874113	0.667032434067337	0.412961112540177	NA	NA	0.70843917649739	0.712042270906193	0.833246491867508	0.844779533979742	0.676554998196992	NA	0.714937435637455	0.438251789596179	1.53952562808117	0.179238925615273	1.46666279684696	0.332438695022746	0.942152451445738	0.568683085258993	NA	0.347706147968286	NA	1.08453139392423	NA
NA	NA	NA	NA	1.48127820020997	NA	1.86292535912078	1.63679044639114	1.69212531820984	1.55587912186707	0.99091897232516	NA	0.961924690217573	1.01146117001598	0.961823598940201	NA	NA	NA	0.480817470314861	NA	0.710532724491849	1.38499566255535	NA	NA	NA	NA	1.44205914592532	1.18527179879264	NA	1.43427299481003	NA	NA	1.77654372061073	1.75319287996501	NA	1.51453642307193	NA	NA	NA	0.672852868189221
NA	NA	NA	NA	NA	NA	NA	NA	NA	NA	NA	NA	NA	NA	NA	NA	NA	NA	NA	NA	NA	NA	NA	NA	NA	NA	NA	NA	NA	NA	NA	NA	NA	NA	NA	NA	NA	NA	NA	NA
NA	NA	NA	NA	NA	NA	NA	NA	NA	NA	NA	NA	NA	NA	NA	NA	NA	NA	NA	NA	NA	NA	NA	NA	NA	NA	NA	NA	NA	NA	NA	NA	NA	NA	NA	NA	NA	NA	NA	NA
NA	NA	NA	NA	NA	NA	NA	NA	NA	NA	NA	NA	NA	NA	NA	NA	NA	NA	NA	NA	NA	NA	NA	NA	NA	NA	NA	NA	NA	NA	NA	NA	NA	NA	NA	NA	NA	NA	NA	NA
NA	0.35168443369555	0.604910591970799	0.820166836323196	0.89871542807147	0.725407935673493	0.248570157232177	0.928824288554769	0.593829347457902	0.326055906362536	0.880713243207825	0.647239075622643	0.977345701080559	0.370063697778492	0.238348708338202	NA	0.539299750754655	0.609719055609974	0.903715294022819	NA	0.989212102193736	1.09587197880446	1.12011539545355	1.19518473067083	1.14791833141138	0.810188901853584	NA	0.762927247494154	1.11690614362462	0.692112879023551	0.373592210220645	0.711145118370677	0.826225316439213	0.461334188244546	0.804938005119672	0.846491984728937	0.25356987388521	NA	NA	0.501018113743255
NA	NA	NA	NA	NA	NA	NA	NA	NA	NA	NA	NA	NA	NA	NA	NA	NA	NA	NA	NA	NA	NA	NA	NA	NA	NA	NA	NA	NA	NA	NA	NA	NA	NA	NA	NA	NA	NA	NA	NA
1.01914079148032	1.127954057507	1.27170358283565	0.788687701512357	1.40201700225293	0.56095659480813	NA	0.664478001475763	NA	0.851949278264686	0.521186093974491	1.14487004900306	1.28023846891173	NA	0.51338391507886	0.493108991104317	0.349780292757572	0.719110405255887	NA	NA	0.998124869504166	0.813577961525906	0.968817058736855	NA	0.95489310671569	0.843432186574904	0.719700050615264	NA	1.23883490945765	NA	NA	1.1946303420444	NA	1.08473257932	1.23486584209859	0.525335257003818	0.839271981294677	0.67400760905409	0.44838405966602	0.872730157708399
0.592432026105093	1.16352168221137	0.601807796655968	0.547683515934813	0.523210739709158	NA	1.554718085834	NA	0.232222884961894	0.495690764777487	NA	0.718072761317985	0.620445347967486	NA	0.605703146293339	1.99362829579877	0.326125204949998	1.97886988206537	1.7248360051368	NA	1.71836710430106	0.704990628265056	1.88219630878837	0.640726862741991	0.573539327392846	0.498657543451131	NA	NA	0.815828244392991	NA	NA	NA	1.06657842749827	1.02072455940899	1.70526518047054	1.97485879459681	0.373776382957648	1.95622467640148	0.277659146340143	NA
0.847949136863318	0.620739326334968	0.525152313589987	NA	0.615159794482509	0.735799178460398	0.814245270593886	0.823511812795817	0.641677000387185	NA	0.713558274419197	0.437101804357551	0.225739763860245	0.162158153170103	0.347889766858251	0.15318560014257	0.437578109178187	0.448847024954937	0.318128309463788	NA	0.407431844363525	0.293878484761837	0.345571097736591	0.536940819069719	0.553710860558213	NA	0.700270126721331	NA	1.00561350879113	1.33275594764419	NA	1.12676761530333	NA	NA	NA	NA	NA	NA	NA	NA
NA	NA	NA	NA	NA	NA	NA	NA	NA	NA	NA	NA	NA	NA	NA	NA	NA	NA	NA	NA	NA	NA	NA	NA	NA	NA	NA	NA	NA	NA	NA	NA	NA	NA	NA	NA	NA	NA	NA	NA
NA	0.619610869196225	NA	NA	NA	0.603663238952688	0.642139681357388	0.642815992871247	0.873266063203307	0.768241008386253	1.57748675512416	NA	0.61753140260343	NA	0.318993078130581	0.574208515317375	0.535819075347054	0.447306140349159	NA	NA	0.19336384429752	NA	NA	0.564041412722129	NA	0.681747137363161	0.616465120736057	0.47477299136539	0.673080919375242	NA	NA	NA	0.890742648879394	NA	NA	NA	NA	NA	1.12714394470736	NA
NA	NA	NA	NA	NA	NA	NA	NA	NA	NA	NA	NA	NA	NA	NA	NA	NA	NA	NA	NA	NA	NA	NA	NA	NA	NA	NA	NA	NA	NA	NA	NA	NA	NA	NA	NA	NA	NA	NA	NA
0.427211475408078	0.531028248922517	NA	NA	0.288886919925544	0.821109774982525	1.04331797750519	0.64706669912329	0.520707183260491	0.533240111641564	NA	0.415221588933196	NA	0.263779530474959	0.471893275008912	NA	0.496013143224125	NA	0.713713054910737	NA	NA	0.660137636694912	NA	0.871595872952236	1.49282464022991	1.59909751181478	NA	NA	NA	NA	NA	NA	1.22250696097266	1.10797644588536	NA	NA	NA	1.45115376300407	NA	NA
NA	NA	NA	NA	NA	1.39676608998661	NA	1.01872868469708	0.855966168957797	NA	1.84168683003452	NA	1.68171354456539	1.11436757591575	1.40156083857442	1.49110324797706	1.64594079972038	0.985314895318158	NA	NA	0.589529912394188	0.752998786784267	1.99467589953382	0.349885703614534	1.31192795073016	0.915148614577646	0.586268876540674	NA	0.678448052858381	1.58365852674457	0.741262505772256	0.937436070442882	0.824945338140549	1.16622296731282	1.18243878755076	1.17856050949568	1.26095073802146	NA	0.838700872687379	NA
NA	NA	NA	NA	NA	NA	NA	NA	NA	NA	NA	NA	NA	NA	NA	NA	NA	NA	NA	NA	NA	NA	NA	NA	NA	NA	NA	NA	NA	NA	NA	NA	NA	NA	NA	NA	NA	NA	NA	NA
NA	NA	NA	NA	NA	NA	NA	NA	NA	NA	NA	NA	NA	NA	NA	NA	NA	NA	NA	NA	NA	NA	NA	NA	NA	NA	NA	NA	NA	NA	NA	NA	NA	NA	NA	NA	NA	NA	NA	NA
NA	NA	NA	NA	NA	NA	NA	NA	NA	NA	NA	NA	NA	NA	NA	NA	NA	NA	NA	NA	NA	NA	NA	NA	NA	NA	NA	NA	NA	NA	NA	NA	NA	NA	NA	NA	NA	NA	NA	NA
NA	NA	NA	NA	NA	NA	NA	NA	NA	NA	NA	NA	NA	NA	NA	NA	NA	NA	NA	NA	NA	NA	NA	NA	NA	NA	NA	NA	NA	NA	NA	NA	NA	NA	NA	NA	NA	NA	NA	NA
NA	NA	NA	NA	NA	NA	NA	NA	NA	NA	NA	NA	NA	NA	NA	NA	NA	NA	NA	NA	NA	NA	NA	NA	NA	NA	NA	NA	NA	NA	NA	NA	NA	NA	NA	NA	NA	NA	NA	NA
NA	NA	NA	NA	NA	NA	NA	NA	NA	NA	NA	NA	NA	NA	NA	NA	NA	NA	NA	NA	NA	NA	NA	NA	NA	NA	NA	NA	NA	NA	NA	NA	NA	NA	NA	NA	NA	NA	NA	NA
NA	NA	NA	NA	NA	NA	NA	NA	NA	NA	NA	NA	NA	NA	NA	NA	NA	NA	NA	NA	NA	NA	NA	NA	NA	NA	NA	NA	NA	NA	NA	NA	NA	NA	NA	NA	NA	NA	NA	NA
NA	NA	NA	NA	NA	NA	NA	NA	NA	NA	NA	NA	NA	NA	NA	NA	NA	NA	NA	NA	NA	NA	NA	NA	NA	NA	NA	NA	NA	NA	NA	NA	NA	NA	NA	NA	NA	NA	NA	NA
2.32187519172392	NA	0.729609978613636	NA	0.60644866677786	NA	1.24631417906034	1.37310224889399	0.338811593255415	0.439034678410677	0.681378573846861	1.3909003444583	NA	1.68460459127975	NA	NA	NA	0.431783565755147	0.321823389823576	NA	0.416337869445453	0.372685777823207	0.56469511048566	0.57308232414539	1.42713174267442	1.51979995840957	NA	0.720395213003852	0.564369609724471	NA	NA	0.423749705114206	1.21768033663357	1.36779762744998	0.729009649719972	0.726497227828281	NA	0.405114945646101	2.63350722347601	NA
1.03432903096859	0.576588600485889	NA	NA	0.999155269207547	0.950481050527609	0.374498554291773	0.153025901936476	NA	0.189804749507022	0.263652613079688	1.07306003450819	NA	0.244910818694913	0.431944051614272	0.505048684030984	NA	0.272020676748776	0.278971110412095	NA	1.01621443910394	NA	NA	1.43692132584697	0.593623830353578	0.763903668019378	NA	NA	0.955043974694068	0.70294019478185	0.898186799717752	NA	NA	NA	NA	NA	1.23560794505899	NA	NA	1.09287225857758
NA	NA	NA	NA	NA	NA	NA	NA	NA	NA	NA	NA	NA	NA	NA	NA	NA	NA	NA	NA	NA	NA	NA	NA	NA	NA	NA	NA	NA	NA	NA	NA	NA	NA	NA	NA	NA	NA	NA	NA
NA	1.18904514362643	0.939424456570223	NA	1.01882682272608	0.917352196079197	1.19435558546077	1.09756419597917	1.12989858057494	1.11194578455422	1.00516934563576	0.595658954793497	0.974536662757134	0.775644019101152	0.323404593031814	0.324564089926722	0.246719281604816	0.223207802979089	0.30878672230868	NA	0.265649904321761	0.212018811219187	0.259936443189718	0.299748274975281	0.481349117155264	0.113779630354899	0.559941652792634	NA	0.424194087509642	0.525019066960954	0.265615766362648	0.386337107321994	0.782339885615038	1.38102560294238	NA	0.316270595011737	0.498134057702377	0.953417616667398	0.518671137035663	NA
1.87632302831401	0.786368071541471	NA	NA	0.87830551343664	NA	0.327397318217373	NA	0.731565402604979	0.44257543779845	NA	NA	NA	NA	NA	NA	NA	0.418345099525857	1.92902620834709	NA	0.302860579597672	0.257663401697696	0.183962765953395	NA	NA	0.501585226958351	NA	NA	NA	NA	NA	NA	NA	NA	NA	NA	NA	NA	NA	0.654225341270314
NA	0.167667895724482	NA	NA	NA	0.581158170845508	NA	NA	0.630129154419138	NA	1.15491651962562	NA	NA	0.788924289263383	0.99689447411808	NA	NA	0.497005244953843	NA	NA	NA	0.665923225203616	NA	NA	1.36388652963021	NA	NA	NA	NA	NA	NA	NA	NA	NA	NA	0.918098214801055	NA	NA	0.95204411445897	NA
NA	NA	NA	NA	NA	NA	NA	NA	NA	NA	NA	NA	NA	NA	NA	NA	NA	NA	NA	NA	NA	NA	NA	NA	NA	NA	NA	NA	NA	NA	NA	NA	NA	NA	NA	NA	NA	NA	NA	NA
0.524204435407785	0.545028719357044	0.359565759409275	NA	0.570178232227444	0.244956667591213	0.820187465407931	0.588032898033368	0.240571261336929	NA	NA	0.570898910061535	1.03124932039106	NA	0.749706541333676	0.326222342822482	0.581745545727469	0.268430095286934	NA	NA	0.107265654360158	0.324633294141663	0.244861131414526	0.543780200629487	0.814617748496184	0.550211146430267	1.05636942374292	0.818893998927631	0.509667110359385	NA	NA	NA	NA	NA	1.02474918801919	NA	0.479004800487911	NA	0.914278421097728	NA
NA	NA	NA	NA	NA	NA	NA	NA	NA	NA	NA	NA	NA	NA	NA	NA	NA	NA	NA	NA	NA	NA	NA	NA	NA	NA	NA	NA	NA	NA	NA	NA	NA	NA	NA	NA	NA	NA	NA	NA
NA	NA	NA	NA	NA	NA	NA	NA	NA	NA	NA	NA	NA	NA	NA	NA	NA	NA	NA	NA	NA	NA	NA	NA	NA	NA	NA	NA	NA	NA	NA	NA	NA	NA	NA	NA	NA	NA	NA	NA
NA	NA	NA	NA	NA	NA	NA	NA	NA	NA	NA	NA	NA	NA	NA	NA	NA	NA	NA	NA	NA	NA	NA	NA	NA	NA	NA	NA	NA	NA	NA	NA	NA	NA	NA	NA	NA	NA	NA	NA
2.81585332469794	2.03827404557423	1.28298561017537	NA	1.3089696683231	2.86306105362735	2.16317437425037	2.03196131047832	1.41753248113919	2.17065053840156	1.91033869019899	NA	0.498948570215933	NA	1.34440203890439	NA	NA	1.32087419597819	1.32614039976316	NA	2.07917783545034	2.15020627144836	1.96298961187606	2.40795323365263	2.35742073605265	1.87608275020038	1.97479502400436	1.91588139889105	0.328948160586654	1.82960636958224	0.913542553017958	0.569452429055012	0.818439988861404	0.79062230882543	1.33095681046565	0.657116305710324	NA	0.875384238990436	0.847949869430591	0.940233252644959
NA	0.983308405301647	1.13508145195185	NA	1.1335032674651	1.12355741629941	1.4516646029591	1.26046487042571	1.35107858799908	1.35090369679679	2.15239330968792	1.10655112151905	1.04143983162003	1.02793508156228	1.17635710713311	1.24299408080202	0.303604410296678	0.685175885236327	0.303800093726518	NA	0.868778724868038	0.721375801032615	0.668327490204082	NA	0.344054248382444	1.19536274340855	NA	NA	0.958082277806025	NA	NA	0.796765012075838	1.6317184896559	0.650709829625589	0.707827993661349	0.752634525680656	0.742768940770355	0.352153253075915	0.529308893448196	0.420426215824501
NA	NA	NA	NA	NA	NA	NA	NA	NA	NA	NA	NA	NA	NA	NA	NA	NA	NA	NA	NA	NA	NA	NA	NA	NA	NA	NA	NA	NA	NA	NA	NA	NA	NA	NA	NA	NA	NA	NA	NA
NA	0.315497412631781	NA	0.373019696222785	NA	NA	1.00156003509211	NA	NA	NA	NA	NA	NA	0.980826581140914	NA	NA	1.04584554292108	NA	0.361334209057945	NA	0.676239468334266	0.288374032396009	0.758191367969234	0.682075579959873	0.895103883031496	1.24004404533959	0.621190108444324	0.635843752301454	0.755515396722739	0.183459340763956	0.679760357923076	0.606459692701259	0.945501820902833	0.587478857682227	0.934814084536759	0.725751005922817	0.547879831429379	0.763703837829413	0.729615318030943	1.5684915891695
NA	0.938770018595127	0.447664250776428	NA	0.163408765932415	NA	0.352641417121261	0.215151347963893	NA	NA	1.03182775408829	NA	0.420809519423903	0.532364550916307	0.660960416790961	NA	0.482284890678196	0.392815489077218	0.502871351920868	NA	0.115605165623031	0.112764420502611	0.596149007333315	NA	0.602403218686092	NA	NA	NA	NA	1.4711534595364	NA	NA	NA	NA	NA	NA	NA	NA	NA	NA
1.27891127501574	1.31496043170662	0.804351641785527	NA	0.743241148340298	0.503339918313179	NA	1.69164442117096	NA	NA	NA	1.64711570928812	1.73659653300363	NA	NA	1.84080965581677	NA	NA	0.596497254691185	NA	1.54523877342245	NA	0.864862856680177	1.52903614085594	1.61626623518828	1.34139991588413	NA	1.60930828994885	NA	1.7177426470367	NA	NA	NA	0.97983881208629	NA	NA	0.870797993346974	NA	NA	1.12370310476741
NA	NA	NA	NA	0.499568390406462	NA	0.769835057723887	NA	NA	NA	NA	NA	0.508852986947325	0.704397560501883	0.67685501235724	0.897714980283515	NA	1.61715084643445	NA	NA	0.285926129087197	0.330456379149394	NA	NA	0.978120125818541	1.35723896749568	1.13692588422862	NA	NA	0.7422604072811	NA	NA	NA	NA	0.824405260105796	NA	NA	NA	1.43499036761029	NA
NA	NA	NA	NA	NA	NA	NA	NA	NA	0.50074958517249	0.839981186128598	NA	0.295390627282478	NA	NA	0.516289971640862	NA	NA	1.45385384229352	NA	0.43681227022183	0.768159107866829	1.06787062447021	1.23111845761399	NA	NA	1.44053802849059	1.70925730350316	1.60052356597031	1.37365444456017	NA	1.53266952094698	NA	1.79488588600396	1.55282742233363	1.99906310511309	NA	NA	NA	NA
NA	0.945577224896404	1.69171459996267	0.578055368168471	0.737436965470583	1.22006012555196	0.412770409014239	NA	NA	NA	NA	NA	NA	NA	NA	NA	0.520160773878998	NA	NA	NA	0.320927648766019	0.345033108470712	0.473498658445216	NA	0.967716020919063	0.817141745049794	2.26910888115503	NA	NA	NA	NA	NA	NA	NA	NA	NA	NA	NA	NA	NA
0.812697251801766	NA	0.9663180803086	1.20182404184817	1.05410328142766	NA	0.917312268494335	1.40542194306139	1.28600908790723	NA	NA	0.493524627600575	NA	0.382023174211253	1.72879187005415	NA	0.134616944100083	0.351758868037532	NA	NA	1.44026121125591	NA	NA	1.94429099234488	1.61688361216741	1.68362222734025	2.01936523798512	NA	0.877159154817645	1.37172928364079	1.47307905664315	NA	0.713796984319293	NA	1.01314775508217	0.897471553906969	0.430619276888853	1.26905470391679	1.63940675153084	1.17703418838993
NA	NA	NA	NA	NA	NA	NA	NA	NA	NA	NA	NA	NA	NA	NA	NA	NA	NA	NA	NA	NA	NA	NA	NA	NA	NA	NA	NA	NA	NA	NA	NA	NA	NA	NA	NA	NA	NA	NA	NA
2.1406981636962	1.14250685641059	1.3799740640168	2.28898750750205	NA	1.27555693468653	1.17075439573401	1.24714457204812	1.73223486460661	0.940430508940258	2.00189967097078	1.28406020445839	1.81537650936887	0.907040007263645	1.20781948523734	1.33287415248698	1.1991558516727	1.7048076795269	0.74541468959564	NA	1.83809735165419	1.8283782028593	0.371978372320882	1.1252079582114	1.03108253518579	1.62296375757358	NA	NA	NA	NA	NA	0.541950743044852	0.567173061705723	NA	2.51774213499903	0.464083896187175	NA	0.948503591488145	1.17314105173862	0.545512814837835
NA	NA	NA	NA	NA	NA	NA	NA	NA	NA	NA	NA	NA	NA	NA	NA	NA	NA	NA	NA	NA	NA	NA	NA	NA	NA	NA	NA	NA	NA	NA	NA	NA	NA	NA	NA	NA	NA	NA	NA
NA	NA	NA	NA	NA	NA	NA	NA	NA	NA	NA	NA	NA	NA	NA	NA	NA	NA	NA	NA	NA	NA	NA	NA	NA	NA	NA	NA	NA	NA	NA	NA	NA	NA	NA	NA	NA	NA	NA	NA
NA	NA	NA	NA	NA	NA	NA	NA	NA	NA	NA	NA	NA	NA	NA	NA	NA	NA	NA	NA	NA	NA	NA	NA	NA	NA	NA	NA	NA	NA	NA	NA	NA	NA	NA	NA	NA	NA	NA	NA
0.574544043887282	0.966506318713857	0.407846021402737	NA	1.04887969592902	NA	0.920914789146363	0.647563412624347	0.705078701635923	0.896763760800021	1.11176154397618	1.17219534765149	1.14637640791936	NA	0.935473963947384	NA	NA	0.502928937717241	NA	NA	0.41484972045573	0.598556996589062	0.157218069328615	0.439460588848459	0.584469627077069	NA	0.69845492953966	0.511664370731917	0.711927998321332	1.18883386642609	1.30515564747742	1.01741557015438	1.48310628069278	1.23571051704175	NA	1.21491488373423	1.2443560536713	1.50875721176625	1.43214024809237	1.14512933052491
NA	0.543947302178017	1.22773575607911	NA	1.07916731611127	1.54158979649018	0.901459089888449	1.73777161864374	1.0993859174451	0.834231287676561	NA	1.05216023112904	0.996561244799911	0.506690444450065	0.348092734318213	0.137842467423674	NA	0.257582957429794	NA	NA	NA	0.299311076748631	1.01035558930992	0.240687418246398	0.708343994678952	0.43399585497891	NA	0.204655611184104	1.81890764376227	0.715742120983763	NA	0.156251901538528	0.489644221358168	NA	0.383729207890793	0.457356401601114	0.986912008232705	NA	0.946710942667526	0.948098896986797
0.821573966679664	NA	NA	0.614708373686904	NA	NA	0.760746139730794	0.904061072302628	0.806235723364875	0.473303240418074	0.764149514020244	NA	0.383295471227287	0.716946030576831	0.962901907972528	NA	0.750131731908678	1.3979877834022	NA	NA	0.613003184730073	0.528169145339391	NA	1.15597209411196	1.2908526742361	1.19191335803944	1.4985349437054	1.44232798282065	NA	0.652021391187551	NA	1.42169441606902	1.66593949549825	NA	0.979471679284288	1.09161801056046	0.929895682467908	1.50386818114392	1.39273201499558	NA
1.86262765603003	NA	0.990485809431944	0.970246044830822	NA	0.732046015082271	NA	NA	0.243193093958467	0.347793008643903	0.512422505090314	NA	NA	0.575307675952743	NA	NA	0.329567363026451	0.250125377588449	0.589879676719908	NA	0.550134860797521	0.488716771879912	0.310364688185902	1.47063756305958	0.459811325609211	0.914771195478325	NA	NA	NA	NA	0.240888168549089	0.481321294103261	0.798350851679961	0.923505731012526	0.899561367186191	NA	NA	NA	0.296595616285398	NA
NA	NA	NA	NA	NA	NA	NA	NA	NA	NA	NA	NA	NA	NA	NA	NA	NA	NA	NA	NA	NA	NA	NA	NA	NA	NA	NA	NA	NA	NA	NA	NA	NA	NA	NA	NA	NA	NA	NA	NA
NA	1.39672348466915	0.941998468297288	1.14476066810987	NA	NA	1.18493003139935	1.06528680435913	1.04240551093422	NA	NA	NA	0.776205466478034	0.514543374295101	0.708771305886873	NA	0.38689980188885	0.224794666374862	NA	NA	0.364457030813029	NA	NA	0.547457547016207	0.484530073042663	NA	NA	1.0318912517996	0.262630506660207	NA	0.612815247010221	0.744108156112067	1.24790529178992	0.535562158918864	0.5550210841453	1.10992757449062	0.646112803955758	NA	NA	NA
NA	NA	NA	NA	NA	NA	NA	NA	NA	NA	NA	NA	NA	NA	NA	NA	NA	NA	NA	NA	NA	NA	NA	NA	NA	NA	NA	NA	NA	NA	NA	NA	NA	NA	NA	NA	NA	NA	NA	NA
1.50407152594243	1.10712199898949	0.900225672039402	NA	0.987097864900346	0.556361864047076	0.314654133917827	1.44826678831963	NA	1.39858643025111	NA	NA	1.60058065132599	0.57420538130926	0.394252307774503	0.424918724534497	NA	0.249634414005402	NA	NA	NA	0.132408763813268	0.872572779383722	NA	0.175359670250415	NA	0.577495835244544	NA	NA	NA	NA	NA	NA	NA	NA	NA	NA	1.57727147381475	NA	NA
NA	NA	NA	1.12180695829402	NA	NA	NA	NA	NA	1.11333311542774	NA	NA	0.915590917391877	1.80451066941756	1.69812939689031	2.33904332483073	1.38067030451667	1.47443933132726	NA	NA	NA	0.395366990272887	NA	NA	0.607764437459024	NA	NA	0.367364853235146	NA	0.277324450448605	NA	0.518478403319633	0.346156272754418	NA	NA	NA	0.212422672605895	0.0822983127670674	0.223090636436003	2.48900378682976
NA	NA	NA	NA	NA	NA	NA	NA	NA	NA	NA	NA	NA	NA	NA	NA	NA	NA	NA	NA	NA	NA	NA	NA	NA	NA	NA	NA	NA	NA	NA	NA	NA	NA	NA	NA	NA	NA	NA	NA
0.510430468904862	0.72671021121242	NA	0.683014034133713	1.70970109942456	2.02037751385209	1.08657439778924	2.12358625212756	NA	1.06203167364849	0.637311963060894	NA	NA	NA	NA	0.879245528727405	NA	NA	0.502536626279185	NA	0.813020629912829	0.262200601287897	0.540521205463418	0.192536008330198	0.5375531219338	1.79317019585323	0.685586804009628	0.276276224270928	0.617755338629399	0.6723824586159	NA	0.837901850956754	0.654862820149259	0.766803376043485	0.724517790939726	0.419890411432979	NA	0.687905811632399	0.819184219048468	NA
NA	NA	NA	NA	NA	NA	NA	NA	NA	NA	NA	NA	NA	NA	NA	NA	NA	NA	NA	NA	NA	NA	NA	NA	NA	NA	NA	NA	NA	NA	NA	NA	NA	NA	NA	NA	NA	NA	NA	NA
NA	NA	NA	0.492580729095367	NA	NA	NA	0.423662544243292	NA	NA	0.560751299803559	NA	NA	NA	0.375297805030436	NA	0.271790814130915	NA	NA	NA	NA	NA	NA	NA	NA	NA	NA	0.952558526042799	NA	NA	NA	NA	NA	1.77243889153736	NA	NA	NA	NA	NA	NA
NA	NA	NA	NA	1.41435559977742	1.81607012748821	NA	1.72191035887319	2.00832084462782	NA	1.00350240485283	NA	NA	NA	0.307591295305683	NA	1.22554521928201	0.743240347551753	0.58223661233625	NA	2.04269977185557	1.61809636420565	NA	2.96561785640498	0.482547883647796	NA	NA	NA	2.62814002486546	0.295160946493658	NA	0.326401453008326	2.80549398646945	NA	NA	2.88776626014011	2.39945145762196	NA	NA	NA
NA	0.521461826025921	0.247562814638407	NA	0.716286345778626	0.923020695373454	0.833885490551333	0.856231837812108	0.637896922489917	0.821610459115089	0.898555739356805	1.16789621886327	NA	0.550886984578931	0.589448789060783	NA	NA	NA	NA	NA	0.494447268565505	1.77243500990056	1.7324519079405	1.19194798845801	1.20706000126609	1.11668971003649	2.22600791204693	2.36672911771809	NA	0.83102978416378	NA	0.863768171806288	0.796384623284027	0.658034238252601	1.03915367199297	NA	0.954351132820746	1.23660023763928	1.26449084955399	NA
NA	NA	NA	NA	NA	NA	NA	NA	NA	NA	NA	NA	NA	NA	NA	NA	NA	NA	NA	NA	NA	NA	NA	NA	NA	NA	NA	NA	NA	NA	NA	NA	NA	NA	NA	NA	NA	NA	NA	NA
NA	2.46385190407823	2.58070456492267	0.682168081744287	NA	0.488044129964118	0.819955294583464	NA	0.421624455087744	0.601644757018236	NA	0.574535461574627	0.603271945743724	NA	NA	NA	NA	NA	NA	NA	NA	0.30899444548027	NA	NA	NA	NA	1.04742203955228	NA	1.34705530881783	NA	NA	NA	1.97645385163291	1.99363008827679	2.00066205565308	NA	NA	NA	2.06221855500778	1.03197217885314
0.845246560070419	0.998986474075458	NA	1.50418152747246	NA	NA	NA	0.671020927599047	1.00734285230874	NA	NA	NA	NA	NA	0.381575957745391	0.221979347355281	NA	0.148946683760941	0.300034759053617	NA	0.62117126854338	0.560730490782847	1.09990933172032	0.86910921571336	NA	NA	NA	NA	0.900748766691972	1.07271866311838	NA	NA	0.938867147006688	NA	NA	NA	NA	NA	NA	NA
NA	1.1040697937234	1.44143225203175	1.09312081910864	0.877799072565048	0.726093318083705	NA	0.543367555261084	NA	0.907153642113144	0.548916229993072	1.04784587050282	NA	0.639013954051538	0.78734429242259	0.880777496100933	0.943574849366148	0.924791657970627	0.881476869346438	NA	0.487335113190182	NA	0.652459753027532	0.820635319916599	1.03694498143424	1.02735250303461	NA	NA	1.45684640822104	NA	NA	1.41237795411738	NA	NA	NA	NA	NA	1.50821354382996	1.51355433508975	1.52919769516761
NA	1.23239624112681	0.29323818625545	NA	NA	NA	1.87976388079766	0.33317703150375	NA	NA	0.441200498655214	0.337490230845	NA	NA	1.37954368618846	NA	0.116238911276037	0.554983266142468	0.978312853228056	NA	0.948719074943253	0.701820313362618	NA	1.64403372815198	0.712405474456067	1.81742530843554	0.825993253262908	NA	NA	0.609952793085368	NA	NA	0.985715206687333	0.998329459931231	NA	NA	1.02989780663312	1.00412612536368	0.383332118762782	NA
NA	NA	NA	NA	0.882050898518609	NA	NA	NA	NA	NA	0.684809261729427	NA	NA	NA	0.518027985753731	NA	0.233115103486704	0.320989341575102	0.467678228812639	NA	0.551485790566777	NA	0.948732017315816	NA	NA	NA	NA	NA	NA	1.20575943730593	NA	1.42828164193295	NA	NA	0.84436146102141	1.24698629215462	0.747764748012926	0.71629251687344	NA	NA
NA	NA	NA	0.776001063653323	2.35106643567857	NA	0.35901530024576	0.338749574465489	NA	NA	0.576156299169813	NA	NA	0.443398075797294	NA	NA	NA	0.773856605582871	NA	NA	NA	NA	NA	1.10593268840761	0.749674853384052	0.712658925073876	NA	NA	0.812991562881725	NA	NA	NA	NA	NA	NA	NA	1.54174542924371	NA	1.57727280510032	NA
NA	NA	NA	NA	NA	NA	NA	NA	NA	NA	NA	NA	NA	NA	NA	NA	NA	NA	NA	NA	NA	NA	NA	NA	NA	NA	NA	NA	NA	NA	NA	NA	NA	NA	NA	NA	NA	NA	NA	NA
NA	NA	0.440438260830343	NA	NA	NA	0.182934178180646	0.220922038491606	0.212060417329381	NA	0.181100830993298	NA	NA	NA	NA	NA	0.59755050333004	0.655890761340177	NA	NA	NA	0.322030936198447	0.181107724368286	NA	0.503824544188957	NA	0.731474325146178	0.846957652335218	NA	0.392470213715195	NA	0.68584896402936	0.311262701941578	NA	0.317203181419069	NA	0.882175122512713	0.462932015052356	0.78999841385568	NA
1.56176715543812	NA	NA	NA	NA	NA	NA	0.56776879279341	0.108790490795921	NA	0.171685884276885	0.781965727300916	NA	0.297861883455272	1.65702921382345	1.53348047350771	0.415943413625393	NA	NA	NA	NA	NA	0.916259956222991	0.583721097645432	0.882505846492415	NA	NA	0.340634813699829	NA	1.06840419627828	NA	1.37298798339395	1.02497047893127	0.718841920950225	0.762851115594731	0.950509368769838	NA	2.04191276850216	0.616780095338755	NA
NA	NA	NA	NA	NA	NA	NA	NA	NA	NA	NA	NA	NA	NA	NA	NA	NA	NA	NA	NA	NA	NA	NA	NA	NA	NA	NA	NA	NA	NA	NA	NA	NA	NA	NA	NA	NA	NA	NA	NA
NA	0.603531797509869	0.548178260472562	NA	0.502236431519151	0.37821551653259	0.200212386646937	NA	0.267987071979766	NA	0.156767130260023	NA	NA	0.344941410446532	NA	NA	NA	NA	0.664202142434102	NA	NA	NA	0.493310855954614	0.372464629321078	0.344699037143049	0.069287180331709	0.492956490274795	NA	0.582577736776886	0.177920389991306	NA	0.495307319564223	NA	NA	NA	NA	NA	NA	NA	NA
1.65393711097102	1.39678296495289	NA	NA	0.904439125552554	NA	0.613695352792306	NA	0.814377598571603	0.879982291663062	NA	NA	NA	NA	NA	NA	0.588770707016716	0.37004171302613	0.538061147084228	NA	0.318209739331129	0.284175464840295	0.49649566231342	0.418323638542453	0.297508309164321	0.918772638166918	0.726673395586936	NA	0.613893659280597	1.63936517924435	0.936653389105082	NA	0.893231647455502	NA	NA	NA	1.59222094350167	NA	NA	NA
NA	NA	NA	NA	NA	0.687878712560348	0.303974757731035	1.38553051041102	0.3734517254211	NA	NA	0.401790526843818	NA	0.274242965763542	0.993574211462581	NA	NA	NA	NA	NA	0.615952882930401	0.685374986593229	NA	NA	NA	NA	0.692765667380781	0.592169319990966	0.896186330736164	NA	NA	NA	NA	NA	NA	NA	NA	NA	1.48295129560994	NA
NA	NA	NA	NA	NA	NA	NA	NA	NA	NA	NA	NA	NA	NA	NA	NA	NA	NA	NA	NA	NA	NA	NA	NA	NA	NA	NA	NA	NA	NA	NA	NA	NA	NA	NA	NA	NA	NA	NA	NA
NA	NA	NA	NA	NA	NA	NA	NA	NA	NA	NA	NA	NA	NA	NA	NA	NA	NA	NA	NA	NA	NA	NA	NA	NA	NA	NA	NA	NA	NA	NA	NA	NA	NA	NA	NA	NA	NA	NA	NA
NA	NA	NA	NA	NA	NA	NA	NA	NA	NA	NA	NA	NA	NA	NA	NA	NA	NA	NA	NA	NA	NA	NA	NA	NA	NA	NA	NA	NA	NA	NA	NA	NA	NA	NA	NA	NA	NA	NA	NA
NA	NA	0.628863197863349	NA	NA	NA	NA	NA	1.22770934753059	NA	0.433559274869764	NA	NA	0.725931488125829	NA	NA	NA	NA	NA	NA	NA	NA	0.8274275376128	0.77225088748055	1.05910696683632	NA	NA	NA	NA	0.946774521841851	NA	0.739155674424988	0.979109958241693	0.655183126383204	NA	0.783054887228871	NA	NA	1.04412146481778	NA
0.795683975274931	0.581208435242794	0.483843286278328	0.508491706310592	0.549830696812523	1.34148898535588	0.792499278064272	0.556465308492978	NA	0.439473860008559	0.388322786510226	1.67494745076068	0.911307007656541	0.92520325284978	0.806906705883955	0.747010535382599	0.737664815099836	0.573814138470421	0.379416157093236	NA	NA	NA	0.890399961978345	NA	0.308558883077463	1.32770951456106	1.62326921810644	1.39895933057802	1.38894166402962	1.64212467741772	1.5473731862917	NA	1.61171324293014	1.8406496677782	2.0045167111354	1.94061423052518	1.91913007140127	NA	1.99363142078853	1.6570420868339
NA	NA	NA	NA	NA	NA	NA	NA	NA	NA	NA	NA	NA	NA	NA	NA	NA	NA	NA	NA	NA	NA	NA	NA	NA	NA	NA	NA	NA	NA	NA	NA	NA	NA	NA	NA	NA	NA	NA	NA
NA	NA	NA	NA	NA	NA	NA	NA	NA	NA	NA	NA	NA	NA	NA	NA	NA	NA	NA	NA	NA	NA	NA	NA	NA	NA	NA	NA	NA	NA	NA	NA	NA	NA	NA	NA	NA	NA	NA	NA
NA	NA	0.373037846819301	NA	1.50936961024507	NA	0.586235887748295	NA	NA	NA	0.703878302918377	0.864605136581569	NA	NA	NA	NA	NA	NA	NA	NA	0.742260690617807	NA	0.826893485108011	NA	NA	0.203119137798891	NA	NA	NA	1.32500119183835	NA	NA	NA	NA	NA	NA	NA	NA	NA	NA
1.01999284824846	0.843965830854933	0.289541051424821	NA	NA	1.28678936188547	0.25872993311033	1.02843484085289	0.208598284529725	0.470386598176702	0.920283139542169	0.667175907656708	1.27538025967561	NA	0.135009522920762	1.48262924589205	NA	1.25010575141559	0.312672189522102	NA	1.41518188135508	1.72143431086171	1.65138724926988	1.94009234898313	2.02568551126566	0.438558347754189	1.91480566595038	1.68174705992614	1.66853186168462	0.960791622517424	1.86151996883795	2.00692996926695	2.12706298463384	1.91449158206087	2.26408495049805	NA	1.81330849974059	1.97118664507619	1.92618039724009	2.61288086403774
1.47367271497226	0.877623889937622	0.287835021874321	NA	1.08148676381046	NA	0.357247105518469	0.36215092679459	0.8910458463016	0.4613782331115	NA	NA	0.469807328200833	0.452439359232409	0.287826200637085	NA	0.571482223450004	0.321955329416699	0.116554099267087	NA	0.267539158336127	0.400987532346717	0.405259806365362	0.438853593463212	0.27116153583181	NA	0.654648540058768	0.876008931064562	0.791985125250712	0.845611972904253	0.787636948113837	1.23854030645597	0.734376039019077	1.06355696615358	1.78181205491945	1.39385749303557	1.80306673285173	NA	NA	NA
NA	NA	0.494177617023778	1.5002945053205	1.60685054346719	2.0955907152575	2.63903898919614	NA	NA	0.648614293874218	1.02763281340725	0.719173355981508	0.490221705766531	0.818529406438553	0.74930793149075	0.803111270826712	0.473349757794001	0.461413756417356	0.663958372046816	NA	0.608442820650558	NA	0.360307431540521	1.08008883563082	0.282327158002657	0.458630229706711	0.788583130565458	1.0338764435701	0.965699711454019	0.537573038309628	0.79761630204001	0.374247806105106	0.529585215863821	0.612743677621486	1.56093209924843	NA	0.772895052805987	1.49315008103087	0.979899192308062	NA
1.10776767990347	1.4537318129398	2.20062628996884	NA	2.15550027087367	1.71784193519452	2.36355417769655	1.40096927012748	1.80259084450304	0.65771815341878	NA	1.75472897789708	0.955881282443539	NA	0.490226210714259	NA	0.280559890387719	1.99836564462875	NA	NA	0.547105710723009	0.741978509259906	0.454983754561845	0.60758401562229	0.572221460634121	NA	NA	0.7473327118099	0.355225754192939	NA	1.06949914630248	0.904695771141511	1.10687380527013	1.16524813929317	1.42334468222051	NA	NA	NA	NA	NA
NA	NA	1.44465088906452	1.14342548335222	1.35134732477333	1.48560611843044	1.11103615154871	NA	1.38262590498855	1.39580375427025	1.3814323803165	0.437983534765236	0.74627182252592	0.934893202392316	NA	0.823349582983463	0.738173421621494	NA	NA	NA	1.4464075647324	1.48653611030374	0.624333381555954	0.455865615173642	0.588546406164033	NA	0.941333319230087	0.758944193378384	0.523133908012769	0.631618414230151	NA	NA	NA	1.58199183866808	NA	NA	NA	NA	NA	NA
NA	NA	0.455635726782877	NA	NA	0.181389103333216	0.500474984018159	0.445767918848731	NA	NA	NA	NA	NA	0.570307130189673	NA	NA	0.37692953277638	0.784613689770561	NA	NA	0.379728992552944	0.464565417203489	NA	NA	0.577651752715862	NA	0.201660806214737	NA	NA	0.496365387884658	0.436578028685758	0.296871629988741	NA	NA	NA	0.554670450897225	0.402832951944857	NA	0.719676311552001	0.783743310695928
NA	NA	1.3867288403665	NA	0.696435867507788	NA	0.685702675439168	NA	NA	NA	0.265262010067723	1.3431476227097	NA	0.0816052455976416	1.6019391895621	0.381645341333346	0.202295852245949	NA	NA	NA	0.524231076812686	0.456035418664688	NA	0.477408677317858	0.264526199501478	NA	NA	0.373119329675791	NA	0.155164013065512	0.702204618321602	0.231383393131977	0.385101062108581	NA	0.300208680677533	0.423851695594814	NA	NA	NA	NA
NA	NA	0.784820325755337	1.8308246132299	1.14969034439354	0.901486223100436	0.621800933747411	0.811972369514513	0.720404246374705	0.983973198411728	0.54650075345976	NA	1.50210485114118	1.20071436448183	0.351027883321855	NA	NA	0.337378055886948	0.554935861306181	NA	0.576910161701589	1.39397201367636	0.805468027778965	0.993481739384719	NA	1.10962260446653	1.39277549313923	1.15066631119257	1.04546143317525	1.28300653719086	1.88480527109241	1.56703471470379	2.17782855537566	1.01799085949329	NA	1.24934291812454	NA	1.01787561036547	1.41225349871746	2.0692274076535
NA	NA	NA	NA	NA	NA	NA	NA	NA	NA	NA	NA	NA	NA	NA	NA	NA	NA	NA	NA	NA	NA	NA	NA	NA	NA	NA	NA	NA	NA	NA	NA	NA	NA	NA	NA	NA	NA	NA	NA
NA	NA	NA	NA	NA	NA	NA	NA	NA	NA	NA	NA	NA	NA	NA	NA	NA	NA	NA	NA	NA	NA	NA	NA	NA	NA	NA	NA	NA	NA	NA	NA	NA	NA	NA	NA	NA	NA	NA	NA
NA	1.24668121671255	NA	NA	0.880351560990598	NA	1.10058704895909	0.783104257690133	1.16920475398029	NA	NA	0.912702984808215	NA	0.871470028125141	NA	0.46152595307176	NA	0.402461538287131	1.12481377899871	NA	NA	0.225839337539769	NA	NA	0.48994259999474	NA	NA	1.06880091469191	0.756940200668258	NA	1.02461841827976	NA	NA	0.905330726580447	NA	NA	NA	NA	1.25698880765768	NA
NA	NA	0.479913081982871	NA	NA	NA	NA	0.974427588928494	0.519925934420532	0.588736692101457	0.563841621942261	NA	0.620250809590427	0.63076125566085	0.469304080015783	0.509236456467695	0.386060102171105	0.30310273875512	0.232206439160179	NA	0.886701303046283	0.201551959559871	0.901608768573599	0.313693935806696	0.478122621628819	0.880919690658921	0.709056203829413	NA	NA	0.507641153001345	0.51630559087379	0.757447373094639	0.889135606757146	NA	0.833463954000663	0.328607128203441	NA	0.521831561456093	NA	0.308986953829743
NA	NA	0.94660704648028	NA	NA	0.470459810181409	NA	NA	0.334975625977135	NA	NA	0.179911477124626	2.35068734861855	0.195298826229995	NA	NA	0.112780517750064	0.373629568661202	NA	NA	0.375199401760923	0.278924827322695	0.413729537459508	0.342909089123818	0.322639391097939	0.638260357743418	0.794085491161582	0.570857848741912	NA	NA	NA	0.694655455576528	0.676096480527006	0.44462645807189	0.673655687478406	0.640296433121743	0.598173757994196	NA	NA	0.337440115856322
1.40498110183399	0.528193046272655	NA	NA	NA	0.225420716814971	0.277244335625783	0.707800570111841	0.212530136536627	0.432729992888609	NA	0.536543633066296	NA	0.52190485568184	0.053127791324265	NA	NA	NA	NA	NA	0.651704522503589	NA	1.31354868996954	0.908107704200602	0.449331198552885	0.127060138248304	NA	0.767269110870371	NA	0.817672801959489	NA	0.540904275917288	NA	0.985297497319283	NA	0.696405760733374	NA	0.801982359005352	0.600217343076657	NA
NA	NA	0.735204137671896	1.11759923557588	NA	NA	0.763638847832499	0.984350478188424	NA	0.337532105492679	NA	NA	0.693690163408849	NA	0.766365644067938	0.696063211639605	1.53932377671429	0.334023187462789	0.40037013133629	NA	0.875299557297821	1.50557963365954	NA	0.762211480443091	0.615356563652874	NA	NA	NA	NA	0.472036298885915	NA	1.016276221732	0.755249602208701	NA	0.510493978199413	NA	NA	0.748764421161504	0.661721601718211	0.424402215175016
1.09984406671112	1.65562494407409	1.77203118095086	NA	1.17879941580691	NA	0.815275857419948	NA	0.409722515830989	NA	NA	NA	1.89522826612807	NA	0.403330351196531	NA	0.607280753337334	0.242592806541515	NA	NA	0.654422763034982	1.37043252993584	NA	1.787194236555	NA	NA	NA	NA	1.05955918831467	1.22670043592494	NA	1.89210695031564	NA	0.873561220266878	1.78823287258301	NA	1.04311785477381	NA	1.50089755603664	1.32324027484168
NA	NA	0.555930040413554	NA	0.603014738268534	0.523058556852607	0.819971639707583	0.388211721651581	0.422047738339224	0.834326129065621	0.193478230807742	0.434632438706064	NA	NA	NA	NA	NA	NA	0.424092104274372	NA	0.326970346125533	0.236380870459154	0.583145464141119	NA	0.462906098157679	NA	NA	NA	NA	NA	NA	0.990194468770235	NA	1.47359038196713	NA	NA	1.03271501811491	0.854173594243112	0.943475204676542	0.832647289121014
1.74174357910011	NA	2.01261751979017	NA	1.38309896325681	1.68442834194387	NA	1.49108023841439	0.945829101208958	0.811357518772184	0.777368927856523	1.38698898379214	NA	1.14289591317604	1.1196479475311	1.46667837829944	0.614170509436813	0.642120229625716	NA	NA	1.34456343609243	1.44695344045689	1.26624451507368	1.05344744639574	0.943168193001202	0.556408725756681	1.24756953072685	1.03847654112057	NA	2.4545225357751	0.340313648572387	0.460727677768342	NA	0.4841708423953	NA	NA	1.78422515666332	0.584057976489114	NA	NA
NA	0.472601051970404	NA	NA	0.571254456534776	0.591822135317228	0.447431811746935	0.998140854855998	NA	0.722608082700955	0.527863990322323	NA	NA	NA	NA	NA	0.65205725852811	NA	NA	NA	NA	0.182473063133859	0.660990990108841	0.499796739342771	0.796916424524088	NA	NA	NA	NA	NA	NA	NA	NA	1.61673519361992	1.68438490596759	1.71210732560813	NA	NA	NA	1.46210452010483
NA	NA	NA	NA	NA	NA	NA	0.282655489272067	1.57930101829408	NA	NA	NA	1.20563492709826	NA	NA	NA	0.834097922923632	NA	NA	NA	NA	NA	1.1602531200179	NA	NA	0.629634694234769	NA	NA	NA	NA	NA	0.59748593541166	NA	NA	NA	NA	0.638466982497355	NA	1.33519239415323	NA
NA	NA	NA	NA	NA	NA	NA	NA	NA	NA	NA	NA	NA	NA	NA	NA	NA	NA	NA	NA	NA	NA	NA	NA	NA	NA	NA	NA	NA	NA	NA	NA	NA	NA	NA	NA	NA	NA	NA	NA
NA	NA	NA	NA	NA	NA	NA	NA	NA	NA	0.257738616161599	0.130254790001902	NA	NA	NA	NA	NA	NA	NA	NA	NA	0.426433670116332	NA	0.470794874425032	0.923413132029031	NA	NA	NA	NA	NA	NA	NA	NA	NA	NA	NA	NA	NA	NA	NA
NA	NA	1.32301852363987	NA	0.93820224712592	NA	0.669119151912449	0.697083079414587	NA	0.612856777846377	0.632338664939792	NA	0.376633604692009	0.516670613679008	NA	0.368228324859099	NA	NA	1.34590466493469	NA	0.560519675497819	0.860572171525286	1.02546696282252	0.978813625553515	NA	NA	NA	1.65676332309515	1.51760039554398	1.57558702794217	NA	1.42220143742167	NA	NA	1.58125844633803	NA	NA	NA	NA	NA
NA	NA	NA	NA	NA	NA	NA	NA	NA	NA	NA	NA	NA	NA	NA	NA	NA	NA	NA	NA	NA	NA	NA	NA	NA	NA	NA	NA	NA	NA	NA	NA	NA	NA	NA	NA	NA	NA	NA	NA
NA	NA	NA	NA	NA	NA	NA	NA	NA	NA	NA	NA	NA	NA	NA	NA	NA	NA	NA	NA	NA	NA	NA	NA	NA	NA	NA	NA	NA	NA	NA	NA	NA	NA	NA	NA	NA	NA	NA	NA
NA	NA	NA	NA	NA	NA	NA	NA	NA	NA	NA	NA	NA	NA	NA	NA	NA	NA	NA	NA	NA	NA	NA	NA	NA	NA	NA	NA	NA	NA	NA	NA	NA	NA	NA	NA	NA	NA	NA	NA
NA	NA	NA	0.69926580989622	0.790101149044824	0.177313429044625	0.455510391337635	NA	0.402752486609334	NA	NA	NA	NA	NA	NA	NA	0.93306703694981	NA	NA	NA	NA	NA	NA	NA	NA	NA	NA	NA	NA	NA	NA	1.4561701662996	NA	NA	NA	NA	NA	NA	NA	NA
NA	NA	NA	NA	NA	NA	NA	NA	NA	NA	NA	NA	NA	NA	NA	NA	NA	NA	NA	NA	NA	NA	NA	NA	NA	NA	NA	NA	NA	NA	NA	NA	NA	NA	NA	NA	NA	NA	NA	NA
NA	NA	NA	NA	NA	NA	NA	NA	NA	NA	NA	NA	NA	NA	NA	NA	NA	NA	NA	NA	NA	NA	NA	NA	NA	NA	NA	NA	NA	NA	NA	NA	NA	NA	NA	NA	NA	NA	NA	NA
NA	NA	NA	NA	NA	NA	NA	NA	NA	NA	NA	NA	NA	NA	NA	NA	NA	NA	NA	NA	NA	NA	NA	NA	NA	NA	NA	NA	NA	NA	NA	NA	NA	NA	NA	NA	NA	NA	NA	NA
NA	1.39277170692937	1.10199474196919	NA	NA	NA	NA	1.48267499719005	0.917339633521319	NA	NA	1.67690626200909	NA	NA	NA	NA	NA	0.369376033105748	0.796469712098056	NA	0.644218462753337	0.895836429833328	0.676426389227908	0.552018126364262	NA	NA	0.755556134323087	NA	0.457773736875737	NA	NA	NA	NA	NA	NA	NA	NA	NA	NA	NA
0.855237599265238	0.457176863188382	0.852598766702237	0.679708925244585	0.748293453561798	0.913467411295783	0.667815872509425	0.908063613062538	1.20179361482141	1.03692709805149	0.612942574463607	0.900855276214063	0.794621249762576	0.265091259233474	0.461188001274283	0.548438351089799	0.789487792987276	0.484968835717402	0.342043962484196	NA	0.233104222104458	0.410164573379593	0.072635130264248	0.212713552582436	0.217280819408701	0.365628456724693	0.514404805510632	0.380337926184844	0.4249866011928	0.593514054861506	0.677995926262828	0.703859466998462	0.732327500205936	0.532901024078786	0.65606647798273	0.520968530938203	0.446700528173995	0.509975092911834	0.404351720820464	0.49201310946089
NA	0.820298879848649	0.608779645149772	1.0531333684361	0.598642703259158	0.737511173636586	0.3203637364698	0.202491112428255	0.338097503501108	0.562794063509531	0.32984463902626	0.478860658232677	0.57050316216678	0.785336420082688	0.63494841712969	0.808229001009876	0.664154911655956	0.575888664826191	0.847814959732409	NA	0.667967735209458	0.893492955086648	0.840036651705449	0.745706482260274	0.772933573790101	0.884666268206211	1.29251969804309	1.50111040435166	0.979852702118076	1.17157375093879	0.801074365992535	0.798054150129022	1.41861733405109	1.47532297628851	1.82401923361385	1.35878141790058	1.92626299571174	1.27036034770127	1.1153455967442	1.33668461377007
1.16806038786106	0.431601735761819	0.19411738271355	NA	NA	0.700721463085819	0.674253857231455	0.33917124193093	NA	NA	0.778487284587113	0.535583226390937	1.7100759468244	0.678714132103156	0.523704819855601	0.532365949890154	0.415126191704804	NA	1.44465778293999	NA	1.67305106994992	1.72300443108258	0.294230767636297	0.680703286233133	0.0735122744435946	NA	0.784868889767188	0.22458167776538	1.18306849574636	NA	0.237099868874859	0.64004188915157	NA	0.507843902984097	0.433419077700762	0.53175906429724	NA	0.739191902600498	1.13095343853621	1.13404308969826
NA	NA	NA	NA	0.730947807780861	NA	NA	NA	0.7709442297376	1.52366587612639	0.855261894922593	0.872112839470937	NA	0.0930336641250995	NA	NA	0.353224289247182	NA	NA	NA	NA	2.06944957332765	0.7294926436279	0.712157478504008	0.841753879787674	NA	NA	NA	1.46722258387144	0.993669490598474	NA	0.36588679593781	NA	0.884617460679104	NA	NA	0.939040169396075	0.926031205962621	NA	NA
NA	NA	NA	NA	NA	NA	NA	NA	NA	NA	NA	NA	NA	NA	NA	NA	NA	NA	NA	NA	NA	NA	NA	NA	NA	NA	NA	NA	NA	NA	NA	NA	NA	NA	NA	NA	NA	NA	NA	NA
NA	NA	NA	NA	NA	NA	NA	NA	NA	NA	NA	NA	NA	NA	NA	NA	NA	NA	NA	NA	NA	NA	NA	NA	NA	NA	NA	NA	NA	NA	NA	NA	NA	NA	NA	NA	NA	NA	NA	NA
1.70939097136235	1.27655457036843	0.788769790804321	0.830648024602368	0.657802819017381	0.729634068787074	0.809532914793975	0.90792412043553	0.742963419739764	0.543180725017095	0.592764965298995	0.614258413843866	0.445237601993222	0.636696690041571	0.221457349527047	0.741959019462568	0.619463518101885	0.231258274927799	0.315461638170695	NA	0.268628141517349	0.2481975993661	NA	0.482292876883084	0.459110889604532	0.552413353964762	0.193481820663312	0.644466403646119	0.622132636274666	0.916011991719085	0.808521746792516	1.06666416673249	1.06472179991713	1.0883289464529	1.03568480626817	NA	1.34062689507853	1.40188982936775	1.2349114478217	NA
NA	NA	1.11806839696885	1.68739420683117	NA	0.783825080388568	NA	0.856155946954703	0.815648691939001	NA	1.37465934367926	NA	1.49084086080199	1.14769186125591	NA	NA	1.03613606284342	1.04958168540215	0.900482786982385	NA	0.35673444923385	0.307408586386379	0.910834841201105	NA	NA	NA	NA	1.83282240209436	NA	NA	NA	NA	NA	NA	NA	NA	NA	NA	NA	NA
NA	NA	NA	NA	NA	NA	NA	NA	NA	NA	NA	NA	NA	NA	NA	NA	NA	NA	NA	NA	NA	NA	NA	NA	NA	NA	NA	NA	NA	NA	NA	NA	NA	NA	NA	NA	NA	NA	NA	NA
NA	NA	NA	NA	NA	NA	NA	NA	NA	NA	NA	NA	NA	NA	NA	NA	NA	NA	NA	NA	NA	NA	NA	NA	NA	NA	NA	NA	NA	NA	NA	NA	NA	NA	NA	NA	NA	NA	NA	NA
NA	NA	NA	NA	NA	NA	NA	NA	NA	NA	NA	NA	NA	NA	NA	NA	NA	NA	NA	NA	NA	NA	NA	NA	NA	NA	NA	NA	NA	NA	NA	NA	NA	NA	NA	NA	NA	NA	NA	NA
1.04157838893262	NA	0.795342478193349	NA	1.41361546157582	NA	NA	1.28542094569452	1.89097330292449	1.75192322483837	NA	NA	1.08257431063808	1.48226215334875	1.38002302337928	1.43697717729029	0.616592037390796	1.27318493362795	0.361562635315285	NA	1.39639689108178	1.43624307852606	NA	NA	NA	1.35714647571519	1.81084135058704	0.938208185608775	NA	NA	0.967247378575462	NA	NA	NA	2.21529412196338	NA	NA	NA	NA	NA
NA	NA	NA	NA	NA	NA	NA	NA	NA	NA	NA	NA	NA	NA	NA	NA	NA	NA	NA	NA	NA	NA	NA	NA	NA	NA	NA	NA	NA	NA	NA	NA	NA	NA	NA	NA	NA	NA	NA	NA
NA	1.38482757042815	1.99460838108234	1.46512989354127	1.24108515282232	NA	NA	1.20560584290368	NA	2.11797371794557	NA	0.748216000795909	NA	NA	NA	NA	1.71819438428517	2.22209257821325	2.01711008185838	NA	1.91482803923022	1.73362890668612	NA	1.61887397589189	NA	NA	1.55698688757065	1.38917641808763	1.87429334809022	1.62628816064914	1.52931259268962	1.37759062699551	1.69405638492861	NA	1.6266018596552	1.54306328821924	1.28637202918868	1.40414497868785	1.1797004838224	1.50713556319887
0.153706115124293	NA	0.362435198551468	NA	NA	NA	NA	0.797059230988764	0.29904969094899	NA	0.519587047544107	NA	NA	NA	1.08034168730287	NA	NA	0.637606766488651	NA	NA	NA	0.292112899203914	0.374273509317157	NA	0.481499368473288	NA	NA	NA	0.977346541895951	1.00220455732347	1.12916612988203	1.18121570121731	1.85150556501345	1.46103742454314	NA	0.954846616123572	NA	0.910695940387701	1.04836884421435	NA
NA	NA	NA	NA	NA	NA	0.489184770591572	0.22305112170625	NA	NA	NA	0.612370583794679	0.504687459374465	0.449065356675844	NA	NA	NA	0.699343534849442	NA	NA	0.327901061188459	NA	NA	NA	NA	NA	NA	0.975235077390852	NA	NA	NA	NA	NA	NA	NA	NA	0.795580746935051	NA	NA	1.4553176241257
NA	NA	NA	NA	NA	NA	NA	NA	NA	NA	NA	NA	NA	NA	NA	NA	NA	NA	NA	NA	NA	NA	NA	NA	NA	NA	NA	NA	NA	NA	NA	NA	NA	NA	NA	NA	NA	NA	NA	NA
NA	2.17334134194444	NA	0.421979766596044	NA	0.387407054337643	0.349634952239749	NA	NA	NA	0.600094280335772	NA	NA	NA	0.468363451862044	NA	0.452052156934288	NA	NA	NA	0.640126457661667	0.960913342352466	1.22407942932374	NA	NA	NA	0.537687273968574	0.941585474405084	0.461145096282427	NA	NA	NA	0.440983705477982	NA	1.55441011340642	NA	NA	0.981826981286522	0.717265039863962	1.44860068733895
NA	NA	NA	0.760156620319233	NA	1.38878032577819	NA	0.988452482648449	0.882363534936095	0.734583422075298	0.525245643811831	1.24214864562486	NA	NA	0.959735405088033	0.880665273296562	0.73940467009338	0.430472468041058	0.55728143063659	NA	NA	0.2103508643284	0.582155579347379	0.406369933428978	0.488158177771605	NA	1.0319111519738	NA	NA	NA	NA	NA	1.52426368383559	1.77792998078102	1.34720445656953	1.23664215492028	1.04796447021618	NA	NA	NA
NA	NA	NA	NA	0.4994250931425	1.08323733795319	NA	1.43380107449268	NA	NA	NA	NA	1.08535604870321	NA	0.375571838360625	NA	0.767633231799423	NA	NA	NA	0.341211112979131	0.470824194305084	NA	NA	0.745355604198797	NA	0.820370644118217	NA	1.440281123191	NA	NA	NA	NA	NA	NA	NA	NA	NA	NA	NA
1.45439249394106	NA	0.623800746452331	NA	NA	NA	NA	0.815811651049651	NA	0.796991474404143	NA	NA	0.713050142343967	0.690672345704982	1.80171280504879	0.249502441708444	0.226670292437833	0.251844903291699	NA	NA	NA	0.155705035351048	0.320358576223062	NA	0.239847927578037	0.769793550236781	NA	0.348181585374616	0.613310563178168	0.573395554077039	0.741680665438259	1.25266070126547	0.726455561718574	NA	0.666591626795676	NA	0.604136939872444	0.77767159940497	0.793307733681191	0.980575327575464
NA	NA	NA	NA	0.466052001071291	0.271992108907192	0.268210631923572	NA	NA	0.753278075607742	NA	NA	1.32604823106814	NA	1.61759416339727	1.42455281453549	NA	0.312751379257982	0.264890721042321	NA	NA	0.306481793295373	NA	0.61097235832407	NA	0.77342885648288	NA	0.596285650601088	0.879285490043162	NA	0.950709966587789	1.0201458632129	NA	0.837084664552366	1.14892740194528	NA	0.466868825109282	0.749990329208616	0.830620226360174	NA
NA	NA	NA	NA	1.07620142651896	NA	NA	NA	1.58211541560111	0.546972870493642	NA	NA	0.191685389044292	0.204119390468785	NA	NA	0.443409680155727	1.51026901809342	NA	NA	NA	0.379895057190753	NA	0.891574534185996	NA	NA	NA	NA	0.582092220332471	0.527453140123027	NA	NA	2.63817347908744	NA	NA	NA	1.0780502385636	1.37854916836593	2.26146820066745	NA
NA	0.416971875670621	0.373102390734342	NA	NA	NA	0.211011083584055	0.470293019766316	0.146129174032212	0.243764810022376	NA	NA	NA	0.362885515276449	0.440427064911654	NA	0.575507559597764	NA	NA	NA	NA	NA	NA	NA	NA	NA	NA	NA	NA	NA	NA	NA	NA	NA	NA	NA	NA	1.66077727999241	1.89627116072025	NA
NA	NA	NA	NA	NA	NA	NA	NA	NA	NA	NA	NA	NA	NA	NA	NA	NA	NA	NA	NA	NA	NA	NA	NA	NA	NA	NA	NA	NA	NA	NA	NA	NA	NA	NA	NA	NA	NA	NA	NA
NA	NA	NA	1.89996613813539	NA	NA	0.621362629948094	0.262171056136255	0.212490405032776	NA	0.898262130414074	NA	NA	0.389878477755977	NA	0.574682239905594	0.437124739310698	NA	NA	NA	NA	0.665732949156636	1.1456527539949	1.36395459593001	0.568009435687857	0.860778369913425	NA	0.954551628427175	1.05902723516487	0.767654061714288	1.39161201920756	NA	0.954932896233867	1.01841930066661	1.04757704513993	NA	0.633930509106087	0.981958963047932	1.21802333602847	1.48219149431055
NA	NA	NA	NA	NA	NA	0.283718671020604	NA	NA	NA	NA	0.489970133303093	NA	NA	0.23834938458667	0.811861114502707	NA	0.539111808596227	NA	NA	0.628405731814961	0.749348002541839	0.549040644326262	NA	1.30782859204924	NA	1.7456841232474	0.756607516862898	1.00425683595306	1.08428524320766	1.42676462090887	1.07077745295833	NA	1.08534052722716	NA	1.08882242372363	NA	NA	NA	1.28102469694218
NA	NA	NA	NA	NA	NA	NA	NA	NA	NA	NA	NA	NA	NA	NA	NA	NA	NA	NA	NA	NA	NA	NA	NA	NA	NA	NA	NA	NA	NA	NA	NA	NA	NA	NA	NA	NA	NA	NA	NA
NA	NA	NA	NA	NA	NA	NA	NA	NA	NA	NA	NA	NA	NA	NA	NA	NA	NA	NA	NA	NA	NA	NA	NA	NA	NA	NA	NA	NA	NA	NA	NA	NA	NA	NA	NA	NA	NA	NA	NA
NA	NA	NA	NA	NA	NA	NA	NA	NA	NA	NA	NA	NA	NA	NA	NA	NA	NA	NA	NA	NA	NA	NA	NA	NA	NA	NA	NA	NA	NA	NA	NA	NA	NA	NA	NA	NA	NA	NA	NA
NA	0.864864370400821	NA	NA	NA	1.23131331956549	NA	0.563657714377548	NA	NA	0.621787106553118	NA	NA	0.267832791509445	NA	NA	0.30808628568867	0.312060754634182	0.375865750341785	NA	0.193469083690549	0.599581613587099	0.450492396267642	0.195630298721925	NA	0.291380483537687	NA	0.280113569211056	0.303527352065009	0.286131277678616	NA	0.263204689091716	NA	1.16136684539942	NA	NA	NA	NA	0.436466810392692	0.208183467894325
1.08664918612033	0.525047259884299	0.371149277002111	2.37599342693296	0.593857215231769	1.43931040035786	1.43966507934898	1.84431163372969	1.50692094328866	NA	0.510976219746784	NA	0.189861826885014	1.45951405839003	0.893193477117981	NA	0.670745883419042	NA	0.345614238282733	NA	0.0919938419749199	0.22351149146842	0.690743821433644	0.24624263026945	0.403004738988186	NA	2.25074410132626	NA	0.580020424031609	NA	NA	NA	1.78906146404419	NA	1.47986932557179	1.95456865588086	1.56750654046201	NA	1.44509830868398	1.1573378391764
NA	NA	NA	NA	NA	NA	NA	NA	NA	NA	NA	NA	NA	NA	NA	NA	NA	NA	NA	NA	NA	NA	NA	NA	NA	NA	NA	NA	NA	NA	NA	NA	NA	NA	NA	NA	NA	NA	NA	NA
NA	NA	NA	NA	NA	NA	NA	NA	NA	NA	NA	NA	NA	NA	NA	NA	NA	NA	NA	NA	NA	NA	NA	NA	NA	NA	NA	NA	NA	NA	NA	NA	NA	NA	NA	NA	NA	NA	NA	NA
NA	NA	NA	NA	NA	NA	NA	NA	NA	NA	NA	NA	NA	NA	NA	NA	NA	NA	NA	NA	NA	NA	NA	NA	NA	NA	NA	NA	NA	NA	NA	NA	NA	NA	NA	NA	NA	NA	NA	NA
NA	NA	NA	NA	NA	NA	NA	NA	NA	NA	NA	NA	NA	NA	NA	NA	NA	NA	NA	NA	NA	NA	NA	NA	NA	NA	NA	NA	NA	NA	NA	NA	NA	NA	NA	NA	NA	NA	NA	NA
NA	1.5807977413483	NA	NA	0.766797027958826	0.862246189339133	0.668644265281673	1.53888268820128	1.71970361335921	NA	0.363883831960826	0.828047602720502	0.664236226292736	1.75706047165917	2.18930940589265	1.12406901655625	0.271365424436574	0.5638126269321	2.33474285564938	NA	0.529629373176653	0.616341145065864	NA	0.909879121233523	1.11357268403193	0.837455840294774	0.882856753708812	NA	NA	NA	NA	1.11645187959521	0.762903316524988	0.8401052571279	NA	1.59875299152333	NA	NA	0.932504946819991	NA
NA	NA	NA	NA	NA	NA	NA	NA	NA	NA	NA	NA	NA	NA	NA	NA	NA	NA	NA	NA	NA	NA	NA	NA	NA	NA	NA	NA	NA	NA	NA	NA	NA	NA	NA	NA	NA	NA	NA	NA
NA	NA	0.364337912179496	NA	0.780656206493936	0.252196217103542	NA	1.02823348773319	0.211298718994045	NA	0.969052948566803	NA	NA	0.671546769106614	0.453015187617069	NA	1.21436536151383	0.249852896831442	0.439354797435279	NA	0.801116001869423	NA	0.274426807084924	0.44614380600569	0.743348262777258	0.63940986772722	1.20646809580037	1.3098153507069	1.7607506839312	1.00858333688724	NA	0.88831025124932	0.660831286021817	1.14442351177393	1.9092236169771	0.863836415319398	1.42351350400887	1.11789829935256	0.940823976587363	0.542126340989754
NA	NA	1.53687292053777	NA	NA	1.16288634789548	NA	1.4985763183684	1.04985729092822	1.68312506030417	NA	1.06166151191969	NA	0.69610103425312	0.838202023658013	2.08874921809761	0.0687890494765356	0.965030028658262	NA	NA	0.333671380137915	0.672259922996247	0.511881514467106	NA	0.476357300573484	NA	0.643760922788659	NA	NA	1.36295985015468	NA	NA	0.898605595501806	0.756646001513108	NA	NA	NA	NA	NA	NA
2.43529200327894	NA	0.874177058331083	NA	2.20418261267518	2.34093622987749	0.199294104233369	0.418446114062035	2.06822912886386	1.88549996369807	NA	NA	NA	2.2524078100245	2.10755699919997	2.51647341032526	2.46844419602838	2.54345447018144	2.51238699197101	NA	2.03231228469671	1.91100135982936	NA	1.87055466431886	1.6939774951364	1.80174069283123	1.53308730186657	1.43553515386912	1.13285494497113	NA	NA	1.44208592780266	1.37193787530146	NA	NA	1.41997495871593	1.12575501811755	1.25223402279034	1.26935304450032	0.428345444427179
NA	0.217100925578323	0.27669738778103	NA	NA	NA	0.167343772437757	0.16232134724248	0.393405009245771	NA	0.509732234423597	0.379758143839102	0.573696832663459	0.318295156559853	0.595037590789646	NA	0.338832091458008	NA	NA	NA	0.463805675132748	0.651594150963081	NA	NA	0.235322070402193	0.371296318995021	NA	NA	0.397991647277845	NA	NA	NA	0.543893859116737	0.711170725082622	NA	NA	1.48495990627505	NA	1.49869075735014	1.022308076768
NA	NA	1.66119339340428	NA	NA	NA	1.3118356151881	1.6561481703527	NA	NA	2.46294843753391	2.21465360469642	NA	2.16611808057569	NA	NA	1.52513744248967	1.32774869331364	NA	NA	NA	NA	1.10253685401797	1.68444008632309	2.80885802701358	1.28238507530197	1.26621071863848	1.00558701728096	0.47295687328162	0.874118625874663	0.619123371018359	0.502673619915914	0.607254545535858	NA	0.754602413795053	0.498670759865111	NA	NA	0.998840558209517	1.06627875343203
NA	NA	NA	NA	0.719650920272222	NA	NA	NA	NA	NA	NA	0.396575383567494	NA	0.796584828376892	NA	0.559304278417456	0.870874989117242	0.847209349620614	0.623501100633953	NA	0.710295602345292	0.784885798567477	0.662975157508112	0.794188787722655	NA	NA	0.845521820714601	0.896187838169786	NA	NA	0.502951737756632	NA	1.3417261310875	NA	NA	NA	NA	1.89250470727185	1.45981527492041	1.595511342822
NA	NA	NA	NA	NA	NA	NA	NA	NA	NA	NA	NA	NA	NA	NA	NA	NA	NA	NA	NA	NA	NA	NA	NA	NA	NA	NA	NA	NA	NA	NA	NA	NA	NA	NA	NA	NA	NA	NA	NA
NA	NA	NA	NA	NA	NA	NA	NA	NA	NA	NA	NA	NA	NA	NA	NA	NA	NA	NA	NA	NA	NA	NA	NA	NA	NA	NA	NA	NA	NA	NA	NA	NA	NA	NA	NA	NA	NA	NA	NA
NA	NA	0.560073411360487	NA	1.43460390041095	0.860629805761594	NA	1.88875485343163	1.63656653888783	1.19182458968076	1.11828457140001	1.51824546378972	NA	NA	0.356582014941382	1.55158807273041	NA	1.22131110478385	NA	NA	0.957378643233515	1.92508764384781	1.65064563531912	1.40958034668444	1.42590795689419	1.65026449168552	NA	NA	0.214863738639358	NA	0.190498385342809	0.0195294608215587	0.178017386977382	0.570992377138006	NA	NA	0.607374627940512	0.391673745571084	0.456448521117271	0.404968580582274
NA	NA	2.0668117252483	NA	NA	1.53206699598421	1.33685783663999	NA	NA	NA	NA	NA	NA	1.04863159539093	1.17406008746357	1.38931503209512	NA	NA	NA	NA	1.56081363191206	NA	NA	NA	2.42744273342194	NA	NA	2.34669045115156	2.29263599161409	2.13352124170063	NA	NA	2.6166420144268	2.35235984342729	2.41246405658454	1.73150562765117	NA	2.31472177335809	2.67382218574622	1.70596004188922
NA	NA	NA	NA	NA	NA	NA	NA	NA	NA	NA	NA	NA	NA	NA	NA	NA	NA	NA	NA	NA	NA	NA	NA	NA	NA	NA	NA	NA	NA	NA	NA	NA	NA	NA	NA	NA	NA	NA	NA
NA	NA	NA	NA	NA	NA	NA	NA	NA	NA	NA	NA	NA	NA	NA	NA	NA	NA	NA	NA	NA	NA	NA	NA	NA	NA	NA	NA	NA	NA	NA	NA	NA	NA	NA	NA	NA	NA	NA	NA
NA	NA	NA	NA	NA	NA	NA	NA	NA	NA	NA	NA	NA	NA	NA	NA	NA	NA	NA	NA	NA	NA	NA	NA	NA	NA	NA	NA	NA	NA	NA	NA	NA	NA	NA	NA	NA	NA	NA	NA
NA	0.455168236071584	NA	NA	0.587004917755514	NA	NA	NA	NA	0.233221639484946	0.205314438441703	NA	0.806273000003688	NA	NA	1.53274654067882	0.677911956224709	1.13819522945104	1.36071258089887	NA	NA	NA	0.736055560697902	1.01509127022377	0.764508759439954	NA	1.15622882213034	NA	NA	NA	NA	NA	1.764652666487	2.54216526633954	2.0642041650209	NA	0.449525532713497	2.07338890095278	NA	NA
NA	NA	NA	0.68596308955722	NA	NA	NA	NA	NA	0.633557767923312	0.635704630869212	0.618019433206885	NA	0.510096786445297	NA	NA	0.499440265547377	NA	0.34294721145771	NA	NA	NA	NA	NA	0.596883470641363	0.66404298976809	0.630756967755101	NA	0.34336707000821	0.925156458769358	0.290011859724795	0.474063190199965	NA	0.754067941097199	NA	0.918497458524541	0.800140035243772	1.26100824966783	NA	1.11585108877937
NA	NA	NA	NA	NA	NA	NA	NA	NA	NA	NA	NA	NA	NA	NA	NA	NA	NA	NA	NA	NA	NA	NA	NA	NA	NA	NA	NA	NA	NA	NA	NA	NA	NA	NA	NA	NA	NA	NA	NA
0.468720709710374	0.29991994944443	NA	NA	0.450273560473236	0.479390121694034	NA	NA	NA	NA	NA	0.794221092397696	1.17256326827635	0.789170613733769	0.437181477652952	NA	0.277329677883465	0.476203610990902	NA	NA	0.296105783870591	0.657646894170335	0.94017217872266	0.849431503575385	2.29630365532176	NA	NA	0.476128007491373	NA	0.580677839685488	NA	0.51403786572077	0.557526733713374	0.661820745638749	NA	0.512735042611745	NA	NA	1.11309747632715	0.826530088628377
NA	NA	1.18049702741635	NA	0.665104712423884	NA	0.439293613756414	NA	NA	NA	0.521707394986	0.884427230360718	NA	NA	NA	NA	0.384891573272787	NA	NA	NA	NA	1.02467762287114	NA	NA	0.629308801001812	NA	NA	NA	0.568271935025382	NA	NA	NA	NA	NA	NA	NA	NA	NA	0.67724279882546	NA
NA	NA	NA	NA	NA	NA	NA	NA	NA	NA	NA	NA	NA	NA	NA	NA	NA	NA	NA	NA	NA	NA	NA	NA	NA	NA	NA	NA	NA	NA	NA	NA	NA	NA	NA	NA	NA	NA	NA	NA
NA	NA	NA	NA	NA	NA	NA	NA	NA	NA	NA	NA	NA	NA	NA	NA	NA	NA	NA	NA	NA	NA	NA	NA	NA	NA	NA	NA	NA	NA	NA	NA	NA	NA	NA	NA	NA	NA	NA	NA
NA	NA	NA	NA	NA	NA	NA	NA	NA	NA	NA	NA	NA	NA	NA	NA	NA	NA	NA	NA	NA	0.423987226519701	NA	0.957630806389561	NA	NA	1.06482100560215	NA	NA	NA	NA	NA	1.05885578830391	NA	NA	1.58345429071743	1.31104808164421	NA	NA	NA
NA	NA	0.478004139610201	NA	0.690358703966227	0.477937380996902	0.626852640662751	NA	0.340374349639833	NA	0.26623907365743	0.932996200337712	0.535194033871653	0.693303917788767	0.19648510981736	0.31721024002553	NA	NA	NA	NA	NA	0.542412652559463	0.616063521710656	0.444191798963617	0.5474969950793	0.424834264838118	NA	1.11635093389911	1.04150347495042	NA	NA	1.47076884691035	1.58721788469955	1.81956296122897	1.89595637654804	2.0255975504768	1.76169919271332	1.87499973464972	NA	1.19053502867509
NA	0.58888007696395	0.596671639017416	0.589467999534129	0.524500325041508	NA	0.597531692109857	0.737823071085855	0.854358999049804	NA	0.513835382283493	0.816817686115246	0.73180977037263	0.866508700543651	0.988172466099586	0.16295528767207	NA	0.253632588008861	NA	NA	0.65266758733916	0.87282310886956	1.22970197889302	0.51423001929974	0.677768394302473	NA	0.689716459059081	0.454664085462488	0.310336781462626	0.334319056554954	0.413004672408413	0.349148752747996	0.577862887855985	0.745884072982689	1.23645932885642	0.981507320007804	0.730050995683087	NA	0.753285812884929	1.16698954464365
NA	1.84524853778118	1.71481051827898	1.64201910961678	0.969440733485292	1.78528139387746	NA	NA	0.556726572579914	1.0122102408882	NA	1.8683290682751	NA	1.5669326728809	NA	NA	0.909041526536008	0.906001325071854	NA	NA	NA	0.47106193262441	0.746947238801888	0.882610792241941	0.844153334235627	0.648854703580823	NA	1.02572383919683	0.922421220726055	NA	1.94540140751986	NA	0.517568724146363	0.886305767766615	NA	NA	0.988524418316423	NA	1.65055054738375	NA
0.849793345369666	NA	NA	NA	0.764330009922764	NA	0.981551070174623	NA	0.551752364201711	NA	NA	NA	NA	NA	0.604738337692876	NA	NA	1.3709796765742	NA	NA	NA	NA	0.433011050042131	0.830958556678783	0.871844228548052	NA	NA	NA	NA	NA	NA	NA	NA	NA	NA	NA	NA	1.81141515486952	1.15473187810167	NA
NA	1.54933630625302	1.65959505656671	NA	NA	1.38648783624798	1.36928357146163	1.11766508518057	1.64459895152175	NA	1.76844794395314	NA	NA	NA	1.43199326882897	NA	NA	NA	NA	NA	NA	1.63488453240082	1.35992251506254	1.18104544207184	NA	1.36485423725796	NA	NA	1.64674036016087	NA	NA	NA	1.69981869058909	NA	1.68555610912545	NA	1.36180878845156	NA	1.51281093612232	NA
NA	2.29909026587486	0.342260296264328	NA	NA	1.15100470912337	1.14642531058505	1.32328143617921	0.566308450526834	1.23148725980387	1.2244882060933	NA	0.445670121716715	0.769007128553928	0.767124203447795	1.93140777062663	1.8600215967443	0.280410144958258	0.529669654779029	NA	0.338489101299048	0.292715324983711	0.541728682282915	0.309498828286554	0.811060957109589	NA	1.50945723860344	NA	NA	0.521030429706891	1.3609019019872	1.17209522685442	1.32503899756646	NA	1.25156038655333	1.73902438910693	1.45739815562597	NA	0.67943724836345	NA
0.537587833065121	0.509441946708282	0.312968674829235	NA	0.177746875840621	NA	0.403201154554551	1.52424244670641	NA	NA	0.377247499058001	0.408530284048536	NA	NA	NA	NA	2.62478566469713	1.4278835169248	NA	NA	0.858113568717657	1.37550475975314	1.3258586461425	0.882896251155736	0.746064512396317	NA	0.590111281442668	NA	1.15044997877049	0.735914238233835	2.38767723930864	2.07897644298465	2.46030988001832	2.37435360147352	NA	1.15186196619511	1.29228010103118	1.91659520578395	NA	1.31421664304188
NA	NA	NA	NA	NA	NA	NA	NA	NA	NA	NA	NA	NA	NA	NA	NA	NA	NA	NA	NA	NA	NA	NA	NA	NA	NA	NA	NA	NA	NA	NA	NA	NA	NA	NA	NA	NA	NA	NA	NA
NA	1.69427097870829	0.869215630998304	1.0784762959998	0.536114467481625	1.36870470144306	NA	1.08797338916754	1.70120072995835	NA	1.81640824734399	1.15908156247055	NA	0.918248186248329	NA	NA	0.952868066323864	NA	NA	NA	NA	NA	NA	NA	NA	NA	1.43448763750715	0.996207434472335	1.27672420763952	0.735172314854343	NA	0.729050911665411	0.620886450390922	0.798196083771968	NA	NA	NA	NA	NA	NA
NA	NA	0.497897890813265	NA	0.570462339467564	NA	NA	NA	0.380792718869714	NA	1.78706472163923	0.543490613337916	NA	1.53922623753247	1.23595765503056	0.407775001811798	NA	0.147104296700613	NA	NA	NA	0.605833117848015	0.588618007761834	0.286411903389893	NA	NA	NA	NA	1.59320129054795	NA	NA	NA	1.14446393986622	1.04150545028678	NA	NA	NA	1.32508603394685	1.64716062612144	NA
NA	NA	NA	0.737700489309767	0.520338562585746	0.457673100586175	0.654557844828282	NA	1.01049133858626	NA	1.01203970211561	NA	0.96030433776251	0.442314524455251	1.02463488365529	NA	1.19508554035237	0.706287639891236	NA	NA	NA	0.144726639658741	0.64230631589317	0.511966213917038	0.169709496211713	NA	0.374453776990316	NA	0.403209138701526	0.279763666061767	NA	0.247594880411208	0.649314081920312	NA	0.34541775550234	0.560929459013627	NA	1.29858277995208	NA	1.19452421275007
NA	NA	0.445793295978413	2.11511371232677	0.51944611797272	NA	0.83112236677803	0.749868574041857	0.612855583201218	0.573710148057182	0.662049394843513	0.366227763243137	0.327503409961307	NA	0.357296081098029	0.269632465124948	NA	0.342247563372934	0.487679373885609	NA	0.100996428924063	0.273239612447729	0.34603349006658	0.287427050045244	0.192907336199539	1.01343522568471	0.464489063590133	0.379214069488441	1.77639518225761	NA	NA	1.0491327979788	0.831353297906446	0.702333935165001	0.768418017567747	1.03815857184822	NA	1.14092431128783	NA	NA
NA	0.98255557261872	1.26854075696746	NA	NA	0.468163647420651	0.290214116176814	NA	NA	0.803198156577892	0.427834650747848	0.881433128224429	NA	0.863270261218305	0.59706894263172	0.384411296151174	0.669034171057186	NA	NA	NA	NA	0.521126779948469	0.679125107908907	0.447593752811032	0.848587864919408	NA	NA	1.16704327536016	NA	NA	1.53227660276112	NA	NA	1.83417345993359	NA	NA	NA	NA	NA	NA
NA	NA	NA	NA	NA	NA	NA	NA	NA	NA	NA	NA	NA	NA	NA	NA	NA	NA	NA	NA	NA	NA	NA	NA	NA	NA	NA	NA	NA	NA	NA	NA	NA	NA	NA	NA	NA	NA	NA	NA
1.00678660135689	NA	0.822335291896198	NA	NA	0.51030399232041	0.571995823541357	0.320466639078745	0.522155432232151	0.848230298781953	0.456565801036148	0.730615360843628	NA	0.552294709764162	NA	NA	NA	0.289086359863864	NA	NA	0.29317435964521	0.343337812725859	0.561434623548207	0.485778713154676	0.591449674432357	0.532723865709047	NA	0.595998829910367	0.674619262020098	0.960439413537325	NA	1.13292073677167	1.30996070644828	NA	0.986220969453564	0.730330322738022	0.962944551564527	0.757099569263939	NA	NA
1.44854343155163	0.35408056728027	1.52905910238674	1.85230673751153	NA	1.01625562900341	1.25010724765219	0.685277487980447	0.781504545869152	1.17419354988702	NA	NA	1.04087482746476	NA	1.41535316060333	NA	NA	NA	0.245813094618852	NA	0.454457375826959	0.634046965314051	0.703467124405886	2.23492602383754	2.27470937489052	1.97639434102458	1.65132345043137	2.22082177027217	NA	1.65262198362615	NA	1.76423545540497	1.67918710411294	NA	NA	1.98247137085457	0.892814383460334	NA	NA	NA
NA	NA	NA	NA	0.721615185408655	NA	NA	NA	NA	0.433147507486465	NA	0.547799115509129	NA	NA	NA	NA	0.322720397264258	0.461175288957954	0.217539369059864	NA	0.393575095074603	0.156863303051941	0.312777083720635	0.514196478750213	0.179511087223978	0.406878548404743	0.301372401649202	1.63297306521422	0.867548923879917	NA	1.59011348993779	NA	0.843508963161407	0.543036408034948	NA	NA	0.761750769808671	0.828543458585529	0.860101421335747	NA
NA	NA	NA	NA	NA	NA	NA	NA	NA	NA	NA	NA	NA	NA	NA	NA	NA	NA	NA	NA	NA	NA	NA	NA	NA	NA	NA	NA	NA	NA	NA	NA	NA	NA	NA	NA	NA	NA	NA	NA
NA	NA	NA	NA	NA	NA	NA	NA	NA	NA	NA	NA	NA	NA	NA	NA	NA	NA	NA	NA	NA	NA	NA	NA	NA	NA	NA	NA	NA	NA	NA	NA	NA	NA	NA	NA	NA	NA	NA	NA
NA	NA	NA	NA	NA	NA	NA	NA	NA	NA	NA	NA	NA	NA	NA	NA	NA	NA	NA	NA	NA	NA	NA	NA	NA	NA	NA	NA	NA	NA	NA	NA	NA	NA	NA	NA	NA	NA	NA	NA
NA	NA	NA	0.761494811027435	NA	0.659827341249669	NA	NA	NA	NA	NA	NA	NA	NA	NA	NA	0.356179700150343	0.904984288595736	2.41374516852091	NA	NA	0.904622122298006	1.22064137869896	0.716096380767155	NA	NA	NA	NA	NA	NA	NA	0.444431826679541	NA	NA	0.720028539096511	NA	NA	NA	NA	NA
NA	0.628965199181053	0.34064760415358	NA	0.136058294933526	1.94138102243033	0.752186076512993	0.386805440186812	0.572183418375834	0.567119902913589	0.178654871662504	0.167000339241158	0.833012141688818	NA	1.21243665800455	1.19255285834126	1.54315039461573	0.769126465095729	0.504250217485039	NA	1.75690834843523	NA	NA	0.672276555046399	1.37672901867248	1.2158106365686	1.41820289056188	0.744822733998235	1.45706845083182	1.39118720750436	1.33952792812344	1.30380323000951	1.22350084882196	NA	1.39443155573867	NA	0.601244121333212	NA	1.49971218952364	1.6029874202256
0.269441048957473	NA	0.272740076753019	0.219625682792996	NA	0.599959926250235	0.792839210111446	0.155678470756247	0.176734105139653	NA	NA	NA	NA	0.44111463799949	NA	1.15937075186861	0.770252572776489	0.560261378900835	NA	NA	NA	NA	0.627647663657175	NA	NA	NA	NA	NA	0.693548812718978	NA	0.505186042905139	0.5196665303554	0.706747555536691	NA	NA	NA	0.476989828873449	NA	NA	NA
NA	NA	NA	NA	NA	NA	NA	NA	NA	NA	NA	NA	NA	NA	NA	NA	NA	NA	NA	NA	NA	NA	NA	NA	NA	NA	NA	NA	NA	NA	NA	NA	NA	NA	NA	NA	NA	NA	NA	NA
NA	NA	NA	NA	NA	NA	1.17113421300448	NA	NA	0.722719691056378	NA	NA	NA	0.565131256109519	0.829140487727762	NA	0.328751599957013	NA	NA	NA	NA	0.997284524295974	0.503021757113325	NA	0.435892884188341	NA	NA	0.150103020988477	0.512851221550663	NA	0.224335202317911	0.502084686573963	0.394551332063545	0.396888982468166	0.244513811371504	0.235409645248178	NA	0.528299211692129	NA	NA
0.298098201155112	0.75589039565392	NA	NA	0.542990437905115	0.462261067100224	0.316399066186345	0.244485648205832	0.249534263696148	NA	NA	0.333358582109	0.73213405211667	NA	0.33707558684326	NA	NA	0.315048034572866	0.282943267902369	NA	0.254108823163652	0.611100487778292	0.488822062036755	0.386755744081845	0.508319237403848	0.866680026375025	0.409484984284711	0.797544394083225	NA	0.631732662938709	1.68696194274891	0.921908551152512	1.11810457536407	NA	NA	NA	NA	0.699971428718032	1.16275084113651	NA
NA	NA	NA	NA	0.68933328634105	1.31376230495225	NA	NA	NA	0.577794031597676	NA	0.747394942743619	NA	NA	0.780196067887948	0.994036996038902	0.574062771604709	NA	1.82055644857369	NA	0.356374892850481	0.387420138675654	NA	0.345224826681774	0.527073787560873	NA	NA	0.730751849445755	NA	NA	1.01655093445102	1.19069055314922	NA	0.771982067650668	0.701465750397245	0.921214610948769	NA	0.786335870323064	1.22232736199344	NA
0.405173902933572	0.173690444852917	0.368884713260127	0.253446681775806	0.666922009564645	0.491319672811106	NA	1.14719546654953	NA	1.68553243676613	1.64790582803334	NA	NA	1.52118004054453	1.86204805814213	NA	1.79410268966282	NA	NA	NA	1.76604022284378	1.241092471634	0.481778863215891	NA	NA	0.399741953497231	NA	0.930774461467841	NA	1.64417661800379	NA	0.446660887048084	NA	NA	1.5920868992951	NA	NA	1.39099149309996	0.881518255421056	NA
NA	NA	NA	NA	NA	NA	NA	NA	NA	NA	NA	NA	NA	NA	NA	NA	NA	NA	NA	NA	NA	NA	NA	NA	NA	NA	NA	NA	NA	NA	NA	NA	NA	NA	NA	NA	NA	NA	NA	NA
NA	1.35438760708236	NA	NA	NA	NA	NA	0.496679167427022	0.761957110560319	NA	0.2657687087422	0.151079421269741	0.289422335618237	NA	0.331641643224181	NA	0.341542842605211	NA	0.23230927688937	NA	0.468241544000165	0.91157459267316	NA	NA	NA	NA	0.709719340960777	NA	NA	0.50993973109977	NA	NA	1.16429991903096	NA	NA	0.921511158203658	2.28344016622444	NA	NA	1.32225950153725
NA	NA	NA	NA	NA	NA	NA	NA	NA	NA	NA	0.242150176474458	NA	0.703916828861885	0.471978880570246	0.470582492115885	NA	NA	NA	NA	0.491887814290114	0.455400477669849	NA	NA	NA	NA	NA	NA	NA	NA	NA	NA	NA	NA	NA	NA	1.89208469804717	NA	NA	NA
NA	NA	NA	NA	NA	NA	NA	NA	NA	NA	NA	NA	NA	NA	NA	NA	NA	NA	NA	NA	NA	NA	NA	NA	NA	NA	NA	NA	NA	NA	NA	NA	NA	NA	NA	NA	NA	NA	NA	NA
NA	NA	NA	NA	NA	NA	NA	NA	NA	NA	NA	NA	NA	NA	NA	NA	NA	NA	NA	NA	NA	NA	NA	NA	NA	NA	NA	NA	NA	NA	NA	NA	NA	NA	NA	NA	NA	NA	NA	NA
0.547131102933908	0.280075878870866	0.330531964991859	0.612030594509361	0.559988388779415	0.736298548148444	NA	0.240424621940349	0.433436389668629	NA	0.052638332694089	0.648654853047984	0.315302212981203	0.846184722783099	NA	0.408677957254285	NA	NA	0.699806581896265	NA	0.19129717107266	0.837712769983913	1.08053510123868	0.425825414999193	0.855949769641108	NA	NA	0.725065036052541	1.498568592233	0.396638558398434	NA	NA	NA	0.513466473078929	NA	NA	1.18046712797149	NA	0.536388906685661	0.256410810537414
NA	NA	NA	NA	NA	NA	NA	NA	NA	NA	NA	NA	NA	NA	NA	NA	NA	NA	NA	NA	NA	NA	NA	NA	NA	NA	NA	NA	NA	NA	NA	NA	NA	NA	NA	NA	NA	NA	NA	NA
1.57205077437552	1.12417379897044	NA	1.14702247805659	1.84059641624367	1.7322060235581	1.96402626246949	1.5792561953826	1.5579385955539	NA	NA	1.35614291465964	1.12702396014673	1.35594624214737	NA	1.14866246409255	NA	NA	NA	NA	1.55623659875492	1.5097820821426	1.04003151071463	1.52240780899736	1.78032360485593	0.475263874462581	NA	1.63653790638038	1.88803436505028	1.56754920181611	NA	2.09542857740865	2.31015745827445	NA	NA	0.18063568102359	0.322699675880893	NA	NA	2.1054939468656
NA	NA	NA	NA	NA	NA	1.29602269714595	1.5860899068057	NA	NA	NA	NA	NA	0.935632532443262	0.46541401883696	NA	1.775208914697	1.95423949350975	NA	NA	NA	0.291292619972606	0.220349150540788	1.6031872258511	1.52725577099513	1.63610966498823	NA	NA	2.10269430840432	1.19908550364166	NA	NA	1.52287643988649	1.88982465255181	1.49827406651946	1.57811252033893	0.196651411170352	0.523167069897701	0.597972563381639	0.700653983745993
0.311266027381485	NA	NA	NA	NA	NA	0.326481639780528	0.124342138480908	NA	0.317541896685348	NA	NA	NA	0.576788547020487	NA	NA	0.597433817911854	NA	NA	NA	0.842961174889635	0.53299762548797	NA	NA	0.999985296395019	NA	NA	NA	NA	NA	NA	NA	NA	NA	NA	NA	NA	NA	NA	1.11187584753009
NA	NA	NA	NA	NA	NA	NA	NA	NA	NA	NA	NA	NA	NA	NA	NA	NA	NA	NA	NA	NA	NA	NA	NA	NA	NA	NA	NA	NA	NA	NA	NA	NA	NA	NA	NA	NA	NA	NA	NA
NA	NA	NA	NA	NA	NA	1.78868852092727	1.30707497637631	NA	0.198384414490693	NA	NA	NA	NA	NA	1.07637083382941	NA	NA	1.06833092551293	NA	NA	0.526810960861531	0.680777719472493	NA	1.02134998108056	0.848474426853221	NA	1.4211263444031	NA	NA	1.25440732322942	1.58250338890595	1.35566128693948	1.62103951543529	1.35057621398862	1.07765897624565	0.702487157207382	NA	NA	1.13794923638799
NA	NA	NA	NA	NA	NA	NA	NA	NA	NA	NA	NA	NA	0.533120407314151	0.318367687894967	NA	NA	NA	NA	NA	0.471457579028217	0.499540283898082	1.58218333741113	0.404038442213351	NA	NA	NA	NA	NA	NA	NA	NA	NA	NA	NA	NA	NA	NA	0.515766929506131	0.408233188548972
NA	NA	NA	NA	0.547453474625912	NA	0.722625502657919	0.298545154532263	0.467529026080704	0.696578836567222	0.596148591151449	NA	NA	NA	1.23949193130326	1.54401361138649	NA	NA	NA	NA	0.196424138740797	NA	NA	NA	0.584400714422451	0.505530088294689	1.12640275958992	NA	NA	NA	NA	NA	NA	NA	NA	NA	NA	NA	NA	NA
NA	NA	NA	NA	NA	NA	NA	NA	NA	NA	NA	NA	NA	NA	NA	NA	NA	NA	NA	NA	NA	NA	NA	NA	NA	NA	NA	NA	NA	NA	NA	NA	NA	NA	NA	NA	NA	NA	NA	NA
0.854181588506782	0.725342271525363	0.230479884458904	NA	0.385135838844833	0.764304353867954	NA	0.306772645882139	0.507599989041759	NA	0.981486672134638	0.870272982072075	0.834048716544784	NA	0.814990746260915	NA	NA	NA	0.48677603651132	NA	NA	0.492818830520424	0.25431118396408	NA	1.03173645636197	1.22600816726332	NA	0.98111612560521	NA	NA	NA	1.50035392302799	0.671955171136926	NA	0.795614685630471	NA	1.07612572385853	0.782369113339335	NA	0.550788820945749
NA	NA	NA	NA	NA	NA	NA	NA	NA	NA	NA	NA	NA	NA	NA	NA	NA	NA	NA	NA	NA	NA	NA	NA	NA	NA	NA	NA	NA	NA	NA	NA	NA	NA	NA	NA	NA	NA	NA	NA
0.363646597039869	0.678163621362402	NA	NA	0.466587728440479	0.237155717933539	0.171864040630325	0.335685131650121	NA	0.826289332949365	NA	1.07488370886772	NA	1.17185186747399	NA	1.00635093537961	0.82535454740219	NA	NA	NA	NA	0.154191307416195	NA	NA	0.397036033102461	NA	0.417665997824805	1.20613258222315	1.1094188244274	0.337616362924114	0.41476435269122	NA	1.27198691481926	1.64412327007936	1.39595123407319	1.11620791169828	1.09325883556845	0.763750081617426	0.272465015387534	NA
NA	NA	NA	NA	NA	NA	NA	NA	NA	NA	NA	NA	NA	NA	NA	NA	NA	NA	NA	NA	NA	NA	NA	NA	NA	NA	NA	NA	NA	NA	NA	NA	NA	NA	NA	NA	NA	NA	NA	NA
NA	NA	NA	NA	NA	NA	NA	NA	NA	NA	NA	NA	NA	NA	NA	NA	NA	NA	NA	NA	NA	NA	NA	NA	NA	NA	NA	NA	NA	NA	NA	NA	NA	NA	NA	NA	NA	NA	NA	NA
1.56195362699386	1.28445732290831	1.26827952956211	1.50940924170483	1.08888548955428	NA	0.82160810035256	0.648112225719582	NA	0.202547056517756	0.286856583302314	NA	0.762195990987237	0.477224705328041	0.236664713018574	NA	0.307185359747714	NA	NA	NA	0.166765615685719	0.29474159799704	0.35996425293018	0.562450447487327	0.486621063404016	NA	0.547791856741746	0.837286422620604	0.623400637070671	0.752217358499269	NA	0.707246533137529	0.953229134958048	NA	1.79977785843387	1.1477665692713	NA	0.491411235226906	0.202187039237203	0.947754707474675
0.941301883357666	NA	0.651164085514107	NA	0.527150928820097	1.5889651188551	1.81619859243422	0.466740091523249	0.330500172160452	1.58775987589937	0.270695847214441	0.307616665101969	1.05571246114215	1.31404886452355	1.15274981402253	0.622053832726126	0.432370253991164	0.638622697071539	0.686353460103499	NA	1.57415030105325	0.924335961669076	0.893496677519174	0.42393133667275	0.280231705664537	0.616259497066127	0.958570781660451	0.837736843708331	0.52713467668638	NA	0.409768551936022	0.776981615243351	NA	0.551130073991029	0.75307062312637	0.692273572533766	0.744930554690595	0.764722067240182	1.10766189205559	1.0548117494206
1.44013644968876	NA	NA	NA	NA	NA	1.04493363195032	1.29479967668747	1.24887915224501	1.77280937957635	NA	1.77049207152484	1.65743541589753	1.32805507042241	1.12545229586749	1.22085400817452	0.834639178923943	1.2431894029364	NA	NA	NA	1.28803760562516	1.20007865422599	1.5168549419131	0.882007431405263	NA	1.48591060618091	NA	1.57117621513955	1.77153528450978	NA	1.23581646754056	0.938015755326325	0.58867935694492	NA	1.86063228707004	1.3087608890197	2.20459795997846	2.13342119822446	2.31021019345391
NA	NA	NA	NA	NA	NA	NA	NA	NA	NA	NA	NA	NA	NA	NA	NA	NA	NA	NA	NA	NA	NA	NA	NA	NA	NA	NA	NA	NA	NA	NA	NA	NA	NA	NA	NA	NA	NA	NA	NA
NA	NA	NA	NA	NA	NA	NA	0.395066170320922	NA	NA	NA	NA	0.575328301256244	NA	NA	NA	0.512479664056315	0.4113770951364	0.0920960387779481	NA	NA	0.155275169636616	NA	0.435470145853439	NA	NA	NA	NA	NA	1.64004785133591	NA	1.33740769540523	NA	NA	1.64489377579458	2.1530657066962	NA	NA	1.68193594378859	NA
1.09669928123325	0.743997648226272	NA	1.05647725823484	0.66677498581899	0.477637270680496	0.222027765861986	NA	0.38227121698153	NA	NA	0.23870226147961	1.10808244578069	0.55970322400083	0.201383586150197	0.558873909276317	0.497465524601904	0.595373938138799	0.81264139921073	NA	0.39286550932313	0.576478833572365	0.421046105485053	0.763428795752997	0.48202749918639	0.663584911341705	NA	NA	NA	0.4606616496871	0.981299865749082	0.847942904891322	NA	NA	NA	1.03622779635419	NA	1.03425465986075	1.16825556821607	NA
1.2646536045724	0.936909951300127	0.88688603073629	NA	0.392729765008286	0.501022349010122	2.3296195460384	0.568102012384921	NA	0.382933437540213	0.124437089998309	1.88375441971077	2.20772424373397	0.360947180784823	0.47602988876295	NA	0.36195394518231	0.663943294403901	1.40726530337911	NA	2.17063331307832	NA	0.815508985305425	0.618778721747512	0.937163412160512	0.725421290082886	NA	0.982203287011594	NA	0.718324867994014	0.816862036878164	1.96580989865679	0.92115215660516	0.699746483045846	1.76198125026756	0.712762421162794	0.886670705685373	0.800301871519342	0.764723857411694	0.620217117226384
NA	NA	NA	NA	0.671649297163201	NA	NA	0.399659642454715	1.55321806997893	0.3919043660045	NA	0.459096377184562	NA	NA	NA	NA	0.519391962746076	NA	NA	NA	0.469076473377306	0.556852010236915	0.755458684686262	1.41665368616218	NA	NA	NA	1.12773343375065	1.25189500397546	0.775521153505558	0.966242039605737	1.12704156212227	NA	NA	NA	0.879493914974507	0.822915499377541	0.811955319160577	0.749068634644627	NA
0.877379579133278	0.590982774875177	0.700200271547167	NA	0.645727467172264	0.722776908916848	1.06839370127043	1.2581528003937	1.61203151755898	1.39374588571821	0.445690042999729	0.897758524326764	0.888566510049424	0.306593366560856	0.40476970735518	0.541197686425885	NA	0.37997162120931	NA	NA	0.345972373492846	0.331554472759414	0.626331201897424	0.40980002846458	NA	0.228287665213758	0.426359828259151	0.272628283784668	0.261938962965227	0.536139417058479	0.584908455195223	0.314046836711271	0.420912255221235	0.159436959468482	0.36729552547502	0.438878838346074	0.311232472352272	0.547485727549667	NA	0.484471861016825
NA	0.489752206291463	0.336205966248944	0.37049196294444	NA	0.38693584372154	0.361294279758497	NA	0.400050486145432	0.374983569105919	NA	NA	0.745126284673229	0.671176108379686	0.661982630263008	0.707895158737641	1.67276147215105	1.35918660427068	0.16077101008376	NA	0.560146616155784	NA	0.532250631321251	0.200595141591248	0.299043156735526	0.550737973268098	0.496904988396038	0.469798491655281	0.937982392185651	0.995977425554383	NA	1.02262654324919	NA	1.61041038167477	NA	0.747439901589606	1.00646938785464	NA	0.695857626293523	NA
NA	NA	NA	NA	NA	NA	NA	NA	NA	NA	NA	NA	NA	NA	NA	NA	NA	NA	NA	NA	NA	NA	NA	NA	NA	NA	NA	NA	NA	NA	NA	NA	NA	NA	NA	NA	NA	NA	NA	NA
NA	0.691138069300985	NA	0.70406666535051	NA	NA	0.608134360862209	NA	NA	NA	0.417992570715201	NA	NA	NA	NA	NA	NA	NA	0.554549860811227	NA	NA	NA	0.856661393337562	NA	NA	NA	2.20586022085826	1.37003936965131	NA	NA	NA	NA	NA	1.16910522340613	1.06859924440136	1.21417625992128	NA	NA	NA	1.0083380263446
NA	NA	NA	1.02122884769665	1.05665506560088	0.773752126460383	0.973479535587511	NA	NA	NA	0.957481806084301	NA	NA	NA	NA	1.32471902110979	NA	0.591026785040037	0.606993784127643	NA	0.345202842917294	0.525153879919621	NA	1.35692587961064	0.617324321727233	NA	NA	NA	0.685969436233353	NA	NA	1.69961309492325	NA	1.01481147180877	NA	NA	0.680467328685497	NA	NA	NA
NA	NA	NA	NA	NA	NA	NA	NA	NA	NA	NA	NA	NA	NA	NA	NA	NA	NA	NA	NA	NA	NA	NA	NA	NA	NA	NA	NA	NA	NA	NA	NA	NA	NA	NA	NA	NA	NA	NA	NA
NA	0.690404605132263	NA	0.862704462241888	NA	0.307236787102897	0.241656367937093	0.575916468889906	0.336146216539572	0.226179480560087	1.07585934215763	0.886184362059779	NA	0.832557250092101	0.862358399080573	0.489630072042055	0.354164466585733	NA	0.227635025939678	NA	0.583039666637774	0.287232954437674	0.429496683553485	NA	NA	0.118381773164968	NA	NA	NA	NA	NA	NA	0.593472654479495	NA	0.784142997005855	0.521223808515569	NA	0.611986814317991	0.48759822658464	0.615582877288709
0.953953261147968	0.731284964029766	NA	0.329992729368903	0.844105605489916	0.854823318908052	NA	NA	NA	0.668982390823324	0.278687421328295	0.657256824936624	1.48312897189582	NA	NA	0.496669789900552	NA	NA	NA	NA	0.376560613345926	NA	NA	NA	NA	NA	NA	NA	NA	NA	NA	NA	NA	NA	NA	NA	NA	NA	NA	NA
NA	1.15746787325242	NA	NA	1.64939373579118	1.85883008713842	NA	1.41917441204393	1.48109353715559	2.12147416347182	1.54658399293907	1.10209993899824	1.47273958908815	2.18031636213731	2.40633764804877	1.73530621220889	NA	NA	NA	NA	NA	1.79979330124993	NA	NA	1.98383908040304	NA	1.80683403407473	NA	1.38847701890913	0.667059096630178	NA	1.09365795475607	0.78793562104049	1.02658186492669	1.76382219936703	NA	1.38312758893773	NA	1.03390959409321	1.61760557550959
NA	0.872156764204608	0.64109702793278	NA	NA	NA	NA	NA	NA	1.69269216735011	0.900794153896021	NA	NA	0.442713291784798	NA	0.530983619921234	NA	NA	NA	NA	NA	0.422180607542599	NA	0.398342596433169	0.681720272555266	NA	0.518520254984524	0.745248337189021	0.833386715002984	0.987846678984295	NA	1.62601847713974	NA	NA	NA	NA	NA	1.53979560801476	NA	NA
NA	NA	NA	NA	NA	NA	NA	NA	NA	NA	NA	NA	NA	NA	NA	NA	NA	NA	NA	NA	NA	NA	NA	NA	NA	NA	NA	NA	NA	NA	NA	NA	NA	NA	NA	NA	NA	NA	NA	NA
NA	0.321850508931808	0.656236470797688	NA	NA	NA	0.888244944618702	0.555070204186016	0.430886563993623	NA	NA	0.136032620422325	NA	1.01111752285321	0.777514695856608	NA	0.901147074075234	0.146720795944126	NA	NA	0.292683341002624	0.420407738388708	0.717556975208791	0.697213705855078	0.837369841107822	0.904110889616372	1.71235362855204	0.182074180382373	1.49504759865498	0.670249635250224	NA	NA	NA	0.611232363872176	0.361716685467307	0.597758302657091	0.707548833182603	0.453532820153501	NA	NA
NA	NA	NA	NA	NA	0.429675351424453	NA	NA	0.226390831897471	1.55543770273459	0.574113724964649	NA	NA	NA	NA	0.389421716544617	NA	1.29260936641216	NA	NA	NA	NA	NA	NA	NA	NA	NA	NA	NA	NA	NA	NA	NA	0.978460765069142	NA	1.75363876208963	NA	1.55891091543544	1.22792542710261	NA
NA	NA	1.26171523812114	NA	NA	NA	NA	NA	NA	NA	0.729550100511824	0.824713151352587	NA	0.283424676664996	NA	NA	NA	NA	0.355392314494186	NA	NA	0.415240261151377	0.103902416253602	NA	NA	NA	NA	1.44069632843805	1.76980447275569	1.35299724855516	1.07147950687604	NA	1.97664283764	1.32643994676308	1.9703189896887	2.26560932721603	NA	1.96266203775933	0.958164112989677	0.709722743294344
NA	NA	NA	NA	NA	NA	NA	NA	NA	NA	NA	NA	NA	NA	NA	NA	NA	NA	NA	NA	NA	NA	NA	NA	NA	NA	NA	NA	NA	NA	NA	NA	NA	NA	NA	NA	NA	NA	NA	NA
NA	0.692143674548111	0.97058140311496	NA	NA	0.517087986058035	0.525602453197497	0.833245012970621	NA	0.751790256833387	0.508786889191093	NA	NA	1.53832812826791	0.818443323032647	NA	0.688027490784009	NA	0.322192471958911	NA	0.621996894418433	0.256931647868359	0.882104102844857	0.768557834971765	0.864703902186223	1.02537923938311	1.02865939810997	NA	NA	1.62198015265945	NA	NA	1.66801484491872	NA	1.60324549222895	NA	1.43128716778153	1.8875959122161	1.38236699556166	NA
1.08331488074696	0.416168044368866	1.14888794052015	1.29581973281068	NA	0.705194586178285	0.986557281312957	0.646988615955492	0.732823575541048	1.39628951718399	1.18606531553922	1.55168005104827	1.30295949946171	0.96849776140226	0.609432741281047	0.958060074118921	0.395346164863997	NA	NA	NA	0.310925885596617	0.443401128421635	0.424595070515729	0.657147078560869	0.59490972195615	1.47270161756023	0.924133370650657	NA	1.520312863575	1.31706244595716	NA	1.50188026760388	NA	NA	NA	NA	NA	NA	NA	NA
NA	NA	0.997386598239413	NA	0.800777099149989	NA	1.84166544859413	NA	NA	0.879869499956866	NA	NA	NA	NA	NA	NA	0.423327981406837	NA	0.364079771706125	NA	NA	0.535820042258966	0.766197410699412	NA	NA	NA	NA	NA	1.193790004352	NA	NA	NA	NA	1.09324276347082	NA	0.498310537695679	0.579752055050627	NA	NA	0.986347746091299
NA	NA	0.341834124380558	NA	0.667274330517122	0.347499338567163	0.443551233901281	NA	NA	0.122831041210461	NA	NA	NA	0.403595621284277	0.477199247891435	NA	NA	NA	0.447203363034872	NA	0.169099238140683	NA	0.20370942216133	NA	0.594366610049982	NA	NA	0.725445256020155	NA	NA	NA	1.0057576178185	1.19766047815949	0.991218081696228	NA	NA	0.374515713722681	NA	NA	NA
1.34696146951461	NA	0.285929846781158	NA	0.77672092721253	NA	1.06261472316372	1.10594286503524	NA	0.684917492861451	0.927583569826702	NA	0.922975396411551	0.251229113084966	0.132014776566607	NA	0.27444538240931	0.455831946966331	0.122067119760171	NA	1.18170946780027	0.471767760149464	NA	0.404459633751908	1.0042268717997	0.778045621812834	1.71578171414993	NA	1.68223532701892	NA	1.31814893588538	1.18965810857994	1.0558298451899	0.83420308126657	NA	1.15825040983998	NA	1.21893750379504	1.26330737912642	NA
NA	0.503656347905532	NA	0.419185604874879	0.54776924615364	0.35430014310246	NA	NA	NA	0.569492305002057	0.501885259228832	0.250702426996147	0.823311222773176	0.879470094613806	0.780638106102161	0.736731580635923	0.461238205987878	0.612277972413426	0.210014800810895	NA	NA	0.952696759274834	0.651395194017641	1.10173374296795	1.3177251504282	NA	NA	1.86132641560187	1.05529692128343	1.01367331982029	NA	1.20862324856585	1.29629700605212	1.05722542673697	0.920660121817562	1.14420810202186	0.652644885675525	0.677868665426808	0.821312505332718	0.853247267397768
0.508195957521669	0.458769827709157	0.353279390267778	0.312975224790172	0.369818315636719	0.549255353723333	NA	0.800929491387738	0.710042448977212	1.18103308130668	1.19023669426334	0.950758255090505	NA	1.05231116974014	0.821400946244738	NA	NA	0.70420762731345	NA	NA	NA	0.694597199803529	0.666415691554864	0.623685759679352	0.74554970566109	0.664506285361078	0.995284135145937	0.853999404188801	1.12533886534839	NA	1.08755028810718	NA	0.666197071732025	1.13483936763244	0.727436460068239	0.77827087212382	NA	0.441048244818273	0.511113912989933	0.918378855660503
NA	NA	NA	NA	NA	NA	NA	NA	NA	NA	NA	NA	NA	NA	NA	NA	NA	NA	NA	NA	NA	NA	NA	NA	NA	NA	NA	NA	NA	NA	NA	NA	NA	NA	NA	NA	NA	NA	NA	NA
0.945384456415069	0.884704414195154	NA	NA	0.805507146098972	NA	0.660890190253571	0.898729602554349	1.41899369206108	NA	0.26441818173407	0.899420564484511	NA	NA	0.825088412783491	0.891208713860215	0.949433755862529	NA	0.650192725967352	NA	0.557329770903715	1.02428473566356	1.02555581793062	1.18048097615828	0.843821795516123	NA	0.827460709280463	0.877158632295063	NA	1.12327630640198	NA	0.956222132868011	1.16381570503955	1.07427889472431	NA	1.31084682596647	NA	1.00896063641588	NA	1.18453100456118
NA	NA	NA	NA	NA	NA	NA	NA	NA	NA	NA	NA	NA	NA	NA	NA	NA	NA	NA	NA	NA	NA	NA	NA	NA	NA	NA	NA	NA	NA	NA	NA	NA	NA	NA	NA	NA	NA	NA	NA
1.80269968168865	NA	NA	NA	NA	NA	NA	1.10488196284419	NA	0.800958354985943	1.20174314245182	1.21205911012311	0.615284978848577	1.02165047713609	0.830683688108995	NA	0.753078343257952	NA	0.495995175636841	NA	0.429821573409385	0.4040495271282	0.673700536616947	0.929609613447425	0.579295397064668	0.784092297381843	0.962314126851305	0.879788217636581	NA	0.960853861427936	0.832729393169744	1.06327488243245	NA	NA	1.21246659043244	1.47267023605558	1.57377894728724	NA	NA	0.976731151835402
NA	NA	NA	NA	NA	NA	NA	NA	NA	NA	NA	NA	NA	NA	NA	NA	NA	NA	NA	NA	NA	NA	NA	NA	NA	NA	NA	NA	NA	NA	NA	NA	NA	NA	NA	NA	NA	NA	NA	NA
NA	1.66973895565177	1.65571274554056	1.49512282443065	1.12030477613273	NA	0.28493245365431	NA	NA	NA	0.586146625382844	NA	1.58203991884583	NA	0.431870185063368	NA	0.548075333369662	0.588403098276669	1.57523809393474	NA	1.76206411330938	1.62391274684568	1.28980332668231	1.54126869927047	NA	NA	0.601522763592439	0.598636175346409	NA	0.500233044667977	0.628262376542674	NA	NA	0.67087410241366	0.768435758127329	0.819943677673582	1.77643133273012	NA	NA	1.75041114574728
NA	0.740022434459622	NA	NA	NA	0.49143495901002	1.29783847358367	0.813477551391051	0.882233656770443	1.26399592274859	NA	1.29926354374262	0.945105828410156	NA	1.24873721161885	1.3787174127196	NA	1.11112371065887	0.739566835664326	NA	NA	1.53712038525599	1.58308111040022	NA	NA	1.6322618550694	NA	2.18863791124932	NA	NA	1.7414268495215	1.62643187969996	NA	NA	NA	NA	NA	NA	0.868134877814651	NA
NA	NA	NA	NA	NA	NA	NA	NA	NA	NA	NA	NA	NA	NA	NA	NA	NA	NA	NA	NA	NA	NA	NA	NA	NA	NA	NA	NA	NA	NA	NA	NA	NA	NA	NA	NA	NA	NA	NA	NA
NA	1.80009282625099	NA	NA	1.38045331774247	1.17418757343897	1.50283249247434	1.61566273180023	1.72376423027822	0.879361308355301	NA	NA	1.29758428592399	1.19850935707819	1.60054402966316	NA	0.566856319966156	0.421743578746418	NA	NA	NA	NA	NA	NA	NA	NA	NA	NA	NA	NA	NA	NA	NA	NA	NA	NA	NA	NA	NA	NA
NA	NA	NA	NA	NA	NA	NA	NA	NA	NA	NA	NA	NA	NA	NA	NA	NA	NA	NA	NA	NA	NA	NA	NA	NA	NA	NA	NA	NA	NA	NA	NA	NA	NA	NA	NA	NA	NA	NA	NA
NA	NA	NA	NA	NA	NA	NA	NA	NA	NA	NA	NA	NA	NA	NA	NA	NA	NA	NA	NA	NA	NA	NA	NA	NA	NA	NA	NA	NA	NA	NA	NA	NA	NA	NA	NA	NA	NA	NA	NA
NA	NA	NA	NA	NA	NA	NA	NA	NA	NA	NA	NA	NA	NA	NA	NA	NA	NA	NA	NA	NA	NA	NA	NA	NA	NA	NA	NA	NA	NA	NA	NA	NA	NA	NA	NA	NA	NA	NA	NA
NA	NA	NA	NA	NA	NA	NA	NA	NA	NA	NA	NA	NA	NA	NA	NA	NA	NA	NA	NA	NA	NA	NA	NA	NA	NA	NA	NA	NA	NA	NA	NA	NA	NA	NA	NA	NA	NA	NA	NA
0.669212132365249	NA	0.832304309912147	NA	NA	2.1247716120607	0.166119844653959	1.01621685042795	0.248472709309283	1.09231604547331	1.08266151006659	1.29867973681675	0.60108867183914	0.859289413246033	0.750203089392603	NA	0.654797715513117	0.673104872366971	0.901418354340497	NA	0.599108188201898	0.527214067191654	0.433922448663874	1.35174170818438	0.408966498318658	0.427593873827497	0.796440117585957	NA	0.149722250417862	0.470715372627829	0.252045633947901	0.33456625731699	0.694169424153544	0.419391976945296	1.05720205328605	NA	NA	0.988780699464642	1.09123043658076	1.04305145203642
0.714229427517119	1.01875107569553	NA	NA	NA	NA	0.635937412263983	0.469358247632457	1.32631869938854	NA	0.396577380036656	0.495301505086292	0.630155578353963	0.779211187007981	0.573458731843763	NA	0.314987212297168	0.435692118918779	0.353680635935822	NA	NA	NA	0.908581188734489	0.451116495033193	0.404103248035631	1.14617928087591	NA	1.52703029717348	1.07628558760646	1.20100021461981	1.49557316291191	1.20699853567017	1.50018168459327	1.64962072152501	1.41866357275728	1.02122181027945	0.806147935882826	1.22898347368409	1.19681268005105	NA
NA	NA	NA	NA	NA	NA	NA	NA	NA	NA	NA	NA	NA	NA	NA	NA	NA	NA	NA	NA	NA	NA	NA	NA	NA	NA	NA	NA	NA	NA	NA	NA	NA	NA	NA	NA	NA	NA	NA	NA
NA	NA	NA	NA	NA	NA	NA	NA	NA	NA	NA	NA	NA	NA	NA	NA	NA	NA	NA	NA	NA	NA	NA	NA	NA	NA	NA	NA	NA	NA	NA	NA	NA	NA	NA	NA	NA	NA	NA	NA
0.980855440976817	0.946430815251077	NA	0.718209218081813	NA	0.322656823919134	0.449548770318327	0.485533574910221	0.664687384739385	NA	0.924634691488618	0.77006605393844	0.704905290475535	0.843740870367452	NA	0.841472157887027	0.330652654911178	0.421833035187598	NA	NA	0.537934272085004	0.21150243522527	0.13644771400478	0.421411325019429	NA	NA	0.61432564450771	0.578738550623055	1.06404749918755	0.650767463286856	NA	0.845571425604703	0.683173043461586	0.513142633932489	0.955634276971776	0.798035159317067	0.979373264173675	0.11926978317921	0.808583744386151	0.783660465333622
NA	NA	NA	NA	NA	NA	NA	NA	NA	NA	NA	NA	NA	NA	NA	NA	NA	NA	NA	NA	NA	NA	NA	NA	NA	NA	NA	NA	NA	NA	NA	NA	NA	NA	NA	NA	NA	NA	NA	NA
NA	NA	NA	NA	NA	NA	NA	NA	NA	NA	NA	NA	NA	NA	NA	NA	NA	NA	NA	NA	NA	NA	NA	NA	NA	NA	NA	NA	NA	NA	NA	NA	NA	NA	NA	NA	NA	NA	NA	NA
NA	NA	NA	NA	NA	NA	NA	NA	NA	NA	NA	NA	NA	NA	NA	NA	NA	NA	NA	NA	NA	NA	NA	NA	NA	NA	NA	NA	NA	NA	NA	NA	NA	NA	NA	NA	NA	NA	NA	NA
NA	NA	NA	NA	NA	NA	NA	NA	NA	NA	NA	NA	NA	NA	NA	NA	NA	NA	NA	NA	NA	NA	NA	NA	NA	NA	NA	NA	NA	NA	NA	NA	NA	NA	NA	NA	NA	NA	NA	NA
NA	NA	NA	NA	NA	NA	NA	NA	NA	NA	NA	NA	NA	NA	NA	NA	NA	NA	NA	NA	NA	NA	NA	NA	NA	NA	NA	NA	NA	NA	NA	NA	NA	NA	NA	NA	NA	NA	NA	NA
2.36157293376137	NA	NA	NA	NA	NA	NA	NA	NA	NA	NA	NA	NA	NA	NA	NA	0.54404749150579	0.532300760142238	NA	NA	NA	0.844778108620504	NA	NA	NA	NA	NA	NA	1.63927991307436	NA	NA	NA	3.05198439262319	NA	2.4240012254008	NA	NA	NA	NA	2.38005487244514
NA	NA	NA	NA	NA	NA	NA	NA	NA	NA	NA	NA	NA	NA	NA	NA	NA	NA	NA	NA	NA	NA	NA	NA	NA	NA	NA	NA	NA	NA	NA	NA	NA	NA	NA	NA	NA	NA	NA	NA
NA	0.948911904456584	1.15095935628316	NA	1.3896229019736	0.789704177670628	0.569177906345677	0.86754882049739	0.866711455514022	1.07121392503214	1.11755523713488	1.02555940177344	1.08476092201292	0.482721051631734	0.903377133660737	NA	NA	NA	0.297863058273911	NA	NA	NA	0.710638077303896	0.463236710159042	NA	NA	0.387723601988174	1.07837611633422	NA	0.686673957420583	0.836813819989696	NA	NA	NA	NA	1.63991760381858	NA	1.05620926869959	NA	NA
NA	NA	NA	NA	NA	NA	NA	NA	NA	NA	NA	NA	NA	NA	NA	NA	NA	NA	NA	NA	NA	NA	NA	NA	NA	NA	NA	NA	NA	NA	NA	NA	NA	NA	NA	NA	NA	NA	NA	NA
NA	NA	NA	NA	NA	NA	NA	NA	NA	NA	NA	NA	NA	NA	NA	NA	NA	NA	NA	NA	NA	NA	NA	NA	NA	NA	NA	NA	NA	NA	NA	NA	NA	NA	NA	NA	NA	NA	NA	NA
NA	NA	NA	NA	NA	NA	NA	NA	NA	NA	NA	NA	NA	NA	NA	NA	NA	NA	NA	NA	NA	NA	NA	NA	NA	NA	NA	NA	NA	NA	NA	NA	NA	NA	NA	NA	NA	NA	NA	NA
NA	NA	NA	NA	0.891061584676771	0.727121536224183	0.695678696592841	NA	NA	NA	0.890717782899012	0.800422532410581	NA	NA	0.884421881455605	NA	0.628586322687965	0.851899425129439	NA	NA	0.710770254355585	1.01815247521821	0.611025405678699	0.855819081306673	0.967909280759892	1.19935235123207	NA	1.55510405793881	1.6181792214217	1.58518085895333	1.8716993081189	1.80290675230209	NA	1.57376143012192	NA	1.33661907314651	1.00191429336655	0.325608089857563	0.660017665941975	0.278507944063758
1.66114651608551	1.24279955843395	1.52055600961814	1.65075215367918	1.13329347527075	1.43991183876019	NA	0.463619740535746	0.548223607988708	0.490900374447939	0.535023998338522	0.247809991115414	0.382442051520305	0.243968395860131	0.346399799825521	NA	0.284210252745015	0.249802006018377	NA	NA	0.303897512198455	0.511325612119959	0.618137407195619	0.713661147998015	0.776578999149972	NA	0.607949708591806	0.97248102930474	NA	0.946515644924118	0.347863660751361	1.06151538721791	1.21432009116234	1.09462068901992	0.836111895981313	0.375794644366646	0.47002228783936	1.00580231769672	0.856427775557046	NA
0.665369490539226	0.435714346866706	0.322602135547197	1.9070799620143	0.578281802151526	0.71392607669281	NA	0.511280842213778	0.506845777925988	NA	NA	0.71366997790884	0.618009359812449	NA	0.537624047715929	0.136351317803395	1.40174133642973	NA	0.662665804064716	NA	NA	0.310776539182239	0.662782672369418	NA	NA	0.739634906055536	NA	0.892804224077635	NA	0.806695383223145	NA	0.945751168105258	NA	1.05548316823312	1.44291373797143	1.38509352398556	1.39532636379613	1.51155123370465	0.133470139530321	0.893289928621412
NA	NA	NA	NA	NA	NA	NA	NA	NA	NA	NA	NA	NA	NA	NA	NA	NA	NA	NA	NA	NA	NA	NA	NA	NA	NA	NA	NA	NA	NA	NA	NA	NA	NA	NA	NA	NA	NA	NA	NA
0.905664823681163	0.724814006891014	NA	NA	NA	NA	1.69028458576313	1.02847257884889	0.924388201835007	0.939249415475182	NA	1.03207952938548	NA	0.935132562341552	0.634267103964137	0.807483374233739	NA	NA	NA	NA	0.473728706270691	0.563440247701264	0.869325376958058	0.96055548347834	1.04958756848817	0.585930275723991	NA	NA	NA	1.44076269807221	1.41303934003073	1.24916275615475	1.17711415175476	0.80989431834253	0.591396837053612	1.02300604471969	0.876176722071458	1.1761259947087	0.909377382442505	NA
0.927935532065016	NA	0.552844233541353	0.422399328760964	0.654500412624405	NA	2.10743503793709	0.818764609006854	0.658283582212763	1.05384797327629	0.79595633600955	0.848090800825298	NA	NA	0.650677189396278	NA	0.74715938367783	0.616510435920844	NA	NA	0.262993937498169	0.401586296132027	0.61514763619452	0.257604946249525	0.400983543980802	0.138969039123079	0.471422877759832	1.0227457937859	0.791786867436729	NA	0.929392054236863	0.46931833281249	0.238534340984618	0.66722598944678	0.607280908124149	0.495918982013454	NA	0.665708586581002	0.900170796255034	1.5981612292739
NA	0.844490633977244	0.428333388633704	NA	0.4147016382778	0.290965706719161	0.515261641150201	NA	NA	0.236728706882415	NA	NA	NA	0.975564295368492	0.571442131793009	0.285647853555989	0.360592445986172	0.779111342125821	0.606396311412511	NA	0.284974890484251	0.493780510065839	0.610821396313965	1.73531184019089	0.48804581270637	1.63306458313627	1.33531464191439	0.56764893530936	1.50087629926912	1.32049346968292	0.65276319116193	0.478315356128082	1.55923917698634	NA	0.517623548298815	1.67203950958709	0.420036937297059	1.77801219813371	1.74446554955878	NA
NA	1.1675707999651	0.41055478042004	NA	0.817104112930347	0.974614022940287	0.218867150225047	0.811136226208207	NA	NA	0.702609872049222	0.755522574661778	0.418022118043509	NA	1.36962443386443	NA	NA	1.06365823069693	NA	NA	0.433191582808785	0.495641525303289	NA	0.479049472364237	1.15662836802633	NA	NA	NA	NA	NA	1.44409797957592	NA	1.45947805259811	NA	NA	NA	NA	1.38384512553817	NA	1.31791433993838
NA	0.966073381203761	1.09729075533798	NA	0.912302099451653	NA	1.89193047409076	NA	NA	1.15262886109757	0.763402955409643	1.11614554463551	NA	NA	NA	0.528000547464974	0.551967242816445	NA	NA	NA	0.850159350326512	NA	NA	1.2507341061094	NA	NA	1.10436534260833	NA	NA	NA	NA	NA	NA	NA	NA	NA	NA	NA	NA	NA
NA	NA	0.677332138689611	NA	0.859126610277103	0.66012648435266	0.654207756288973	NA	NA	NA	NA	0.623602110871568	0.583546652310747	NA	NA	NA	NA	NA	NA	NA	NA	0.673800475078113	0.392085182759482	0.470475226849249	NA	0.583070292232015	NA	NA	1.45242293318852	1.74494727123713	NA	1.16190270074133	1.48810529372194	NA	1.12281767075689	1.04935918009651	0.887974953121626	NA	NA	1.14913532764325
NA	NA	NA	NA	NA	NA	NA	NA	NA	NA	NA	NA	NA	NA	NA	NA	NA	NA	NA	NA	NA	NA	NA	NA	NA	NA	NA	NA	NA	NA	NA	NA	NA	NA	NA	NA	NA	NA	NA	NA
1.40911816887633	0.933731915775285	1.31195741721203	NA	1.36761858119694	NA	0.378282411008414	NA	NA	NA	0.651845799649685	NA	NA	0.443644164105148	0.412196628579327	NA	1.10175104193904	0.80053002392103	0.866443445940961	NA	NA	0.958299510275448	0.52236528833252	1.13902692154129	NA	1.28454105345036	NA	NA	NA	NA	NA	0.841331468779251	NA	NA	NA	NA	NA	NA	NA	NA
NA	NA	NA	NA	NA	NA	NA	NA	NA	NA	NA	NA	NA	NA	NA	NA	NA	NA	NA	NA	NA	NA	NA	NA	NA	NA	NA	NA	NA	NA	NA	NA	NA	NA	NA	NA	NA	NA	NA	NA
NA	0.647300564830074	0.43335010599356	NA	0.701321701156397	0.0465652135037085	0.325511347753975	NA	NA	0.596918653915638	0.720109994896877	NA	NA	0.616863863755294	NA	NA	0.542963861746388	0.874700301204427	0.633848547742383	NA	NA	NA	NA	1.51768876805793	NA	NA	NA	NA	NA	1.22501463265872	NA	NA	1.41842138252955	NA	NA	1.4992145969527	NA	NA	NA	NA
NA	2.12384652422402	NA	NA	0.44154010590835	0.485630046607627	0.257395163831746	0.416444309129833	0.933262305714331	0.735482316978919	1.43776912739649	NA	1.24030492260125	0.798165578989161	0.770714905478656	0.507005312770627	0.940992429452363	0.572767482475702	NA	NA	NA	NA	0.594948519066925	0.541160492866756	NA	NA	NA	0.49610470050074	0.614682816234653	NA	0.661479789619207	NA	0.927991956076567	0.416875231372001	0.955232881784907	NA	0.330398542807274	NA	0.726620435592605	0.683631167071883
NA	NA	NA	NA	NA	NA	NA	NA	NA	NA	NA	NA	NA	NA	NA	NA	NA	NA	NA	NA	NA	NA	NA	NA	NA	NA	NA	NA	NA	NA	NA	NA	NA	NA	NA	NA	NA	NA	NA	NA
NA	NA	NA	NA	1.23397542329894	0.865122795676863	NA	0.313991155989238	NA	0.691804777409675	NA	NA	0.709798336942612	0.546245358673752	0.435308236071739	0.447871991991336	0.142276327464471	NA	0.681163867613396	NA	NA	0.89057284229985	0.542861822743237	0.56263393617864	0.0830460147424952	0.456731926375119	NA	NA	NA	NA	0.70455292316394	0.883778386365685	0.800167016719324	1.49245035865456	0.857807770249065	0.321684461069033	0.889683904880674	NA	0.936424153501897	0.704331404803019
NA	NA	NA	NA	NA	NA	NA	NA	NA	NA	NA	NA	NA	NA	NA	NA	NA	NA	NA	NA	NA	NA	NA	NA	NA	NA	NA	NA	NA	NA	NA	NA	NA	NA	NA	NA	NA	NA	NA	NA
NA	NA	NA	NA	NA	NA	NA	NA	NA	NA	NA	NA	NA	NA	NA	NA	NA	NA	NA	NA	NA	NA	NA	NA	NA	NA	NA	NA	NA	NA	NA	NA	NA	NA	NA	NA	NA	NA	NA	NA
1.93678360884054	0.923963659781998	NA	NA	0.476539801635134	NA	0.453794889974257	0.532985510131558	0.146003238569876	0.234652284290229	NA	NA	1.19682710115741	0.406688527854204	0.361947961340332	NA	1.84726762324911	NA	NA	NA	0.817971022390262	0.763594978612932	NA	NA	NA	NA	0.811234681071119	NA	1.21822072114996	NA	NA	0.859537168523769	NA	NA	NA	NA	NA	1.49326884113242	1.23096588888279	NA
NA	NA	1.01828962656477	1.44051053173054	0.440552890722526	NA	NA	NA	NA	NA	0.47498706774667	0.35762669161658	NA	NA	NA	0.839652119199632	NA	0.397709803029893	NA	NA	0.612028667627813	0.505175834263236	NA	NA	0.665233709818301	NA	NA	0.814755961288514	0.866388903742904	1.73021703859829	NA	NA	NA	1.11347759471783	0.598137680397587	1.63806368647601	NA	1.36955595939536	NA	1.01095517004839
NA	NA	NA	NA	NA	NA	NA	NA	NA	NA	NA	NA	NA	NA	NA	NA	NA	NA	NA	NA	NA	NA	NA	NA	NA	NA	NA	NA	NA	NA	NA	NA	NA	NA	NA	NA	NA	NA	NA	NA
NA	1.04892292934657	NA	0.974949303870506	0.687172787649169	NA	0.364035816585711	NA	0.477653550127417	NA	0.46999000821604	NA	NA	0.735408119557191	0.389301207289366	NA	0.508317318369229	NA	NA	NA	NA	0.516094009267063	NA	0.705997814722126	0.904932112242036	NA	0.790214805901438	NA	0.927929628648775	0.663415981249026	0.602119872571251	0.807875282918599	0.988486837280665	0.838955267851155	NA	1.02792716856059	NA	0.863756763396113	NA	1.02103433875368
NA	NA	NA	NA	NA	NA	NA	NA	NA	NA	NA	NA	NA	NA	NA	NA	NA	NA	NA	NA	NA	NA	NA	NA	NA	NA	NA	NA	NA	NA	NA	NA	NA	NA	NA	NA	NA	NA	NA	NA
NA	NA	NA	NA	NA	NA	NA	NA	NA	NA	NA	NA	NA	0.763429555605877	NA	NA	NA	NA	0.793212702633473	NA	NA	0.247006212617225	NA	NA	0.726454708562057	0.713972148453716	0.48806118773227	0.472917087985434	0.441875215424507	0.553941703976418	0.492561503791423	0.234905706161684	NA	1.17175213344923	NA	0.634746990741767	0.683051411495585	0.764202117025889	0.781683670520675	NA
NA	NA	NA	NA	NA	NA	0.417909087455084	0.720954212562965	NA	0.662656364160273	NA	1.15839694333953	NA	0.941362825416072	1.13920760076708	NA	NA	NA	NA	NA	0.297663676641247	0.434569005877608	NA	NA	NA	NA	NA	NA	1.88337482450378	NA	NA	0.9708136884623	NA	2.1294980135822	NA	1.91015919844274	1.17178868597854	0.28227405344753	0.602032277622968	1.34988317453174
NA	NA	NA	NA	NA	0.767147175215498	1.27888505147206	1.23500112369901	NA	NA	NA	1.17185804408144	NA	NA	NA	1.1019815729139	0.23767465974491	NA	NA	NA	NA	NA	NA	NA	NA	NA	NA	NA	NA	NA	NA	NA	NA	NA	NA	NA	NA	NA	NA	NA
NA	NA	NA	NA	NA	NA	NA	NA	NA	NA	NA	NA	NA	NA	NA	NA	NA	NA	NA	NA	NA	NA	NA	NA	NA	NA	NA	NA	NA	NA	NA	NA	NA	NA	NA	NA	NA	NA	NA	NA
NA	NA	NA	NA	NA	NA	0.399147965671268	0.365595652857331	0.524165987050215	NA	0.912139561283481	NA	NA	0.611220672187927	NA	NA	0.229809562631384	0.638887863484202	NA	NA	0.72611686186876	NA	NA	NA	NA	NA	NA	1.30198436727242	0.92229104749873	NA	NA	NA	1.37386910465863	1.21953280935643	NA	NA	1.01635066150925	1.14963544116173	1.1865099898633	NA
NA	0.53633705496684	NA	NA	0.606730833062272	NA	0.29199495078718	0.47166993336479	0.383435418099215	NA	NA	NA	NA	1.38314908437611	NA	NA	0.418375489274595	0.459214978921595	0.212384302931894	NA	NA	NA	NA	NA	1.07069457279029	NA	NA	NA	0.607576562842191	NA	NA	0.0853291587751538	NA	NA	0.39829312600762	NA	0.946462146922561	NA	0.381304432528971	NA
1.13199801783737	1.42205939793156	NA	NA	NA	0.477700676459173	0.500775471946018	NA	NA	NA	0.394595409843279	NA	NA	0.679851434494616	0.499037061882888	NA	0.487630659403631	0.55340858592255	0.486948889887055	NA	NA	0.844464940319523	0.649684735312927	0.888058917294547	2.0233547523353	NA	0.999532861695024	NA	1.31617253415482	NA	1.47236351821389	1.60883200141973	2.13471734268143	1.59122305969505	1.39799188749614	1.30481832874513	0.826262584238756	NA	1.56871880484994	2.01729858292529
NA	1.63796521037139	0.795706509199187	NA	0.351849154670828	1.07612058777863	0.426386903853206	0.239461592884565	0.462505843080026	0.617225548025381	0.631620506244043	0.439512525223603	NA	0.436542465381831	0.257210705027706	0.379057617591326	0.390925856483942	0.317105739815766	NA	NA	0.711763619099495	0.617963180840315	NA	1.60355274770503	0.574107520451536	0.51864940016025	0.796989386509151	1.90057552440065	2.02509826877273	1.73395537649056	NA	0.825801426993305	NA	1.13805787831871	NA	NA	0.561768091966106	0.537536640024356	0.877128775015428	0.854103707441908
NA	NA	NA	NA	NA	NA	NA	NA	NA	NA	NA	NA	NA	NA	NA	NA	NA	NA	NA	NA	NA	NA	NA	NA	NA	NA	NA	NA	NA	NA	NA	NA	NA	NA	NA	NA	NA	NA	NA	NA
NA	NA	NA	NA	NA	NA	NA	NA	NA	NA	NA	NA	NA	NA	NA	NA	NA	NA	NA	NA	NA	NA	NA	NA	NA	NA	NA	NA	NA	NA	NA	NA	NA	NA	NA	NA	NA	NA	NA	NA
0.680188350822376	NA	NA	NA	NA	NA	0.527843928924641	0.243358770402134	0.387445363794745	NA	0.368263959268354	NA	NA	NA	NA	0.490764711773128	0.620435879636307	NA	NA	NA	0.341646237643117	1.9948340972757	1.76394907031073	1.20430801548825	1.81754140043729	1.48637819528561	NA	NA	1.80086474205294	1.04755644697076	1.63499031871777	1.39990224195986	1.76875646637597	NA	NA	NA	1.53254863211587	1.40820496220583	0.765674435107981	NA
0.352681621043375	NA	0.29064272567528	NA	0.452590065319405	0.270153981940323	0.413060361467264	NA	NA	NA	NA	0.220899945320987	NA	0.497982021947657	0.188276681206759	NA	0.272503279440836	NA	0.446877417509696	NA	0.531779951860558	NA	NA	NA	NA	NA	NA	1.42071796122384	1.57741024581129	NA	NA	NA	NA	NA	0.885743328023014	0.996671029685123	NA	1.34058272015381	NA	2.1228518809698
NA	NA	1.0539508344795	NA	0.716453272282649	0.498336288706338	0.547404938713796	0.516636005257053	0.904346448454552	0.934398555295048	0.127892616486316	0.99985110900568	0.318895653053503	0.871571056632508	NA	NA	1.83205928009797	0.625766842281137	NA	NA	0.184007440080082	NA	0.907820056072742	0.347334241222965	1.94963387466429	0.575446861308615	0.615431653585366	0.94382907299259	NA	0.559059724934157	NA	NA	NA	0.683398741407023	1.87359562094236	NA	0.277380528491401	NA	0.530077716794243	NA
1.49056689959525	1.09753842833923	NA	NA	NA	1.00477397138997	0.978019123087032	1.0390453401377	1.13628235806062	NA	NA	NA	NA	NA	0.99553175536758	NA	0.884390599117606	0.693249991664248	0.710875730143509	NA	0.627969243525852	NA	NA	NA	0.871300517421231	0.562203838421544	NA	NA	NA	NA	NA	NA	NA	1.30164064442112	NA	1.33851403299074	1.77336513174637	NA	NA	NA
NA	NA	0.851150645904958	NA	NA	NA	NA	NA	1.16496254723781	0.651331323826688	0.842461912967516	NA	NA	0.635232560711729	0.167453463154038	NA	NA	NA	NA	NA	0.455133272046901	0.733544137972794	0.638234044224621	0.848711377858865	NA	NA	1.11928365360981	1.32103238171728	NA	NA	NA	NA	1.51316990461261	1.9444785317775	0.989316642718639	NA	1.60047665649531	NA	1.45723921561303	NA
0.87215270032159	1.35054736720008	NA	NA	0.932255513863699	NA	NA	0.352747744553458	0.61128581564164	NA	NA	NA	NA	0.454246383793232	0.350704267440448	NA	0.528661022984603	0.928303444375263	0.253067970370218	NA	0.410423286928647	NA	NA	1.04248558122019	0.548895770856774	NA	NA	0.787492741540028	0.696198416082663	NA	NA	1.2750779627019	1.15897661591765	NA	NA	NA	NA	1.34389428741877	1.34467044593143	NA
0.257541739483303	0.537724039926281	0.514129974263462	NA	0.588381453078266	0.21223322384711	0.131821813970035	0.546826012772893	0.574264552030937	0.596995537831039	0.592117591921586	0.597594918867361	NA	0.802748813209305	0.47861420616651	0.232697169317027	1.0346524710907	1.05752747872695	0.424688125370497	NA	0.799233777357646	NA	NA	0.414601418404728	NA	0.883970928206857	0.646295445284575	1.93435042183225	1.08299857728425	1.91332396565032	1.78564160129897	2.14518135189749	1.1696349463139	1.07445440404895	NA	0.730147187755587	1.45822719468183	1.65076463502047	1.42253703272179	1.10154456230444
NA	NA	NA	NA	NA	NA	NA	NA	NA	NA	NA	NA	NA	NA	NA	NA	NA	NA	NA	NA	NA	NA	NA	NA	NA	NA	NA	NA	NA	NA	NA	NA	NA	NA	NA	NA	NA	NA	NA	NA
1.20500482922232	1.25956298363801	1.27567811173755	1.07656694459382	0.859228085371309	NA	0.74138252957244	0.691818210791562	0.685637438618616	1.13395568317575	1.55829593318747	1.03643265838477	1.62363062994313	1.36685023141728	0.971800664238132	1.58933165580282	0.993920371946364	0.528075133980954	0.543039507415833	NA	0.473595454990551	0.75961915843209	1.18817468488213	1.03298207019616	0.621250315182761	1.23795200593731	1.01830016020212	0.912225746777037	1.17948791909571	0.714696562787492	1.13523999523571	1.12519091254209	NA	1.65585752032933	1.04609885449147	1.62465877187896	1.47480814406233	NA	NA	NA
NA	NA	NA	NA	NA	NA	NA	NA	NA	NA	NA	NA	NA	NA	NA	NA	NA	NA	NA	NA	NA	NA	NA	NA	NA	NA	NA	NA	NA	NA	NA	NA	NA	NA	NA	NA	NA	NA	NA	NA
NA	0.690749758311171	NA	NA	NA	NA	NA	0.627174456619101	NA	0.5024062752757	NA	NA	NA	NA	0.339194978535514	NA	NA	NA	NA	NA	0.192983916533893	0.881128541317624	NA	2.19309275460296	NA	2.19536645878405	NA	0.932491537247927	1.01715629369785	NA	1.93276927445744	1.11910477182317	1.06159089548671	NA	NA	1.29489389922908	NA	NA	NA	1.17791500925686
NA	NA	NA	NA	NA	NA	NA	NA	NA	NA	NA	NA	NA	NA	NA	NA	NA	NA	NA	NA	NA	NA	NA	NA	NA	NA	NA	NA	NA	NA	NA	NA	NA	NA	NA	NA	NA	NA	NA	NA
NA	NA	NA	NA	NA	NA	NA	NA	NA	NA	NA	NA	NA	NA	NA	NA	NA	NA	NA	NA	NA	NA	NA	NA	NA	NA	NA	NA	NA	NA	NA	NA	NA	NA	NA	NA	NA	NA	NA	NA
NA	0.469190615156776	0.60092646780533	NA	NA	NA	0.493677508480223	0.297609421930955	NA	0.363849037535675	0.370988747566477	0.38525880179229	NA	NA	NA	NA	NA	0.814466610045519	NA	NA	NA	0.595398389118261	0.698941830755533	NA	NA	NA	1.01028446123384	1.64780276554882	NA	NA	NA	NA	0.887540569503434	0.957405082688311	0.844762509488806	0.847702809128567	0.477804064062329	0.93329738670146	0.785049289890203	0.951423179438147
1.95284700187245	2.01153699241189	2.12562182337395	2.2541984100217	2.37681676505171	0.893062979941749	1.37313309950456	1.43435034849774	0.886861668181779	NA	NA	NA	NA	NA	NA	1.46022428309072	NA	0.9148599341821	NA	NA	0.537565060220133	NA	NA	NA	2.33443565831544	NA	NA	2.1599151048036	2.1306821778295	2.09079150134273	NA	2.45726280509966	1.63295047885989	NA	NA	2.02104096985854	2.3047167655006	2.14141132924738	1.84388631062136	NA
NA	2.92577696530476	2.86329835007619	NA	2.97483647665307	NA	2.42809366446231	2.33643591229845	2.73789218535863	1.13370648833357	2.33117930889968	2.25435690909068	2.46239870173879	NA	1.96020166060852	2.73497183581879	1.24467020082885	2.74006411762974	NA	NA	3.14311261282609	2.51178955343091	2.56731060388883	2.43189737798155	NA	2.2767216346831	2.52693247493493	2.2722684215255	NA	NA	1.58440694764251	NA	NA	NA	NA	NA	NA	2.5464267754408	NA	1.32368407374831
NA	NA	NA	NA	NA	NA	NA	NA	NA	NA	NA	NA	NA	NA	NA	NA	NA	NA	NA	NA	NA	NA	NA	NA	NA	NA	NA	NA	NA	NA	NA	NA	NA	NA	NA	NA	NA	NA	NA	NA
NA	NA	NA	1.17849491218958	1.23030834637848	0.756387171298985	NA	0.432900487510679	0.658055390561528	0.533346830652173	0.950212879019902	0.493340359079474	0.445158837553123	0.613350378667639	0.335201476941189	0.471784954025847	0.456552967325531	NA	0.370171688363221	NA	0.377582365617936	NA	1.14947511611683	NA	0.456469482075765	0.708420332180491	NA	NA	NA	NA	NA	NA	1.30971065229183	NA	NA	NA	NA	NA	NA	NA
NA	NA	NA	NA	NA	NA	NA	NA	NA	NA	NA	NA	NA	NA	NA	NA	NA	NA	NA	NA	NA	NA	NA	NA	NA	NA	NA	NA	NA	NA	NA	NA	NA	NA	NA	NA	NA	NA	NA	NA
NA	NA	NA	NA	NA	NA	NA	NA	NA	NA	NA	NA	NA	NA	NA	NA	NA	NA	NA	NA	NA	NA	NA	NA	NA	NA	NA	NA	NA	NA	NA	NA	NA	NA	NA	NA	NA	NA	NA	NA
1.29738918283823	NA	0.845548149066401	1.08579184250384	0.903236232051756	0.693716890586731	NA	NA	0.829856115753956	NA	0.690476125417702	1.02766410187926	NA	1.07375099756999	0.753394572664335	1.12178070411379	1.02988803942946	1.15782599670977	0.462901794535902	NA	1.14117715336628	NA	NA	0.958687139493735	1.49291366757814	1.6558494176203	NA	NA	NA	1.10835451561508	0.88868358885763	1.28855326303329	2.0205594274556	NA	NA	1.888889492274	1.70909381083063	1.8559074823217	1.71818881422666	1.44868364008355
1.50308137199374	NA	0.336210982284331	NA	0.4640600279404	1.02179989597153	0.630978318034794	1.04846584768008	1.02270080748193	NA	0.593289612559672	0.365136604540839	NA	0.667158861284181	0.691621013352774	1.00634770376992	0.721713491688699	1.2142745333814	0.926732316200104	NA	NA	0.573722533824288	0.275016164998793	0.483015858443276	0.402253175281599	0.386581163983365	NA	NA	0.48186957472209	NA	NA	0.454755435941407	0.612413869839348	NA	0.707827694691021	0.951431000234509	0.914633506934848	0.904184281557738	0.592504308463918	0.347251093532513
NA	NA	NA	NA	NA	NA	NA	NA	NA	NA	NA	NA	NA	NA	NA	NA	NA	NA	NA	NA	NA	NA	NA	NA	NA	NA	NA	NA	NA	NA	NA	NA	NA	NA	NA	NA	NA	NA	NA	NA
NA	NA	NA	2.3513378671021	1.63195107924456	1.74301317363498	NA	NA	1.83280107259111	NA	NA	2.15195602526883	2.12560552952171	2.19730359341655	NA	NA	2.03438478075009	NA	NA	NA	1.39128273717958	NA	1.36654899244608	NA	NA	0.268317592722125	NA	NA	0.929972573640038	0.944438809250933	0.99742550748698	0.894162273340869	1.20804096416518	0.446849390426304	1.54933145337863	1.95098952398036	1.43833008102308	1.67168442117398	1.31557148797683	1.2017503926342
0.63984872918015	NA	0.471275033117505	0.599186225158767	0.410254741389062	0.42234645545403	0.714460947809684	0.604127786224931	NA	0.452349337654465	NA	NA	NA	1.17438079511762	1.02892116370512	0.734955118586431	0.726651382069697	0.640371909016228	0.506404729332558	NA	0.324393041823178	0.26225619536653	0.185749647667006	0.585404556493477	0.83490726102423	0.783740886897804	0.666985403307421	0.797577660016792	0.905278079877629	0.606898931111595	NA	0.660700760392047	NA	0.609277169108807	0.305034731617413	0.31853992540758	NA	0.689354980078086	0.447983699749361	0.391512858287939
2.01624988122876	2.20629148051152	0.44000518151982	2.044379795719	NA	NA	0.740390092908816	NA	NA	0.839435845007491	0.894225658081858	NA	0.694501681496375	2.49057977745798	0.50797388597305	NA	0.563880951953241	2.18738557149115	0.359058454519545	NA	NA	0.637599907122025	0.597947787223133	0.823633320652422	0.375074535156918	0.322444463357147	NA	NA	0.214842259661492	1.23137398558542	1.01306523425762	1.61755485141996	NA	0.98782488797585	1.33686160127124	NA	0.910590718257194	0.74472158987367	0.863296179539971	1.62217830733365
1.02008894013159	0.92696481369192	0.791722639098938	NA	1.18645411797462	NA	0.793857270803499	NA	0.86029214644941	0.671255353867413	NA	0.419449044339651	1.30236827208189	0.731679471569657	0.84028624258779	1.09061423172966	0.698569822435669	0.740607119142859	0.564790023828144	NA	0.948367787445383	0.857132186077217	0.373306321418382	0.367482843538267	1.3334525990105	0.348429494324099	0.806339233260908	0.277187665957525	0.488331524980125	0.509683601077838	0.283197406124012	0.703669679129695	0.406756542625749	1.12583817756125	0.710621338775358	0.969348465469219	0.843897003783889	1.51653375594459	1.34299102442249	1.36462035619513
NA	NA	NA	NA	NA	NA	NA	NA	NA	NA	NA	NA	NA	NA	NA	NA	NA	NA	NA	NA	NA	NA	NA	NA	NA	NA	NA	NA	NA	NA	NA	NA	NA	NA	NA	NA	NA	NA	NA	NA
0.312453847482041	NA	NA	NA	0.784504564309272	0.355009661240722	0.364023162587011	1.86336128141246	0.42580198258163	NA	0.825184623767508	0.477923925654407	NA	0.263556481585122	0.336664947921878	NA	NA	NA	NA	NA	NA	0.371989139155964	0.822503974315626	0.654069580928913	0.875515362050013	0.765540854070089	1.08519215112524	1.16781286717483	0.711648383250723	0.85696687344082	NA	0.826200719467718	NA	0.844231908911364	0.677767415395755	NA	0.505788886022588	0.501766279852462	1.26472365695511	1.36238221784971
NA	NA	NA	NA	NA	NA	NA	NA	NA	NA	NA	NA	NA	NA	NA	NA	NA	NA	NA	NA	NA	NA	NA	NA	NA	NA	NA	NA	NA	NA	NA	NA	NA	NA	NA	NA	NA	NA	NA	NA
0.966672323473583	NA	1.48205708619349	1.06927375187314	NA	1.09124914984471	0.662618279323092	NA	1.15050642913686	0.809934860437878	NA	0.967648865936952	0.985199122646249	0.605389930302515	0.635092195887509	0.799227405816254	0.521635967381093	0.766934591616609	0.294193916036593	NA	0.684806138064987	NA	NA	1.34449447959918	1.34254157955889	NA	NA	NA	NA	NA	NA	NA	NA	NA	NA	NA	NA	NA	NA	NA
NA	NA	NA	NA	NA	NA	NA	NA	NA	NA	NA	NA	NA	NA	NA	NA	NA	NA	NA	NA	NA	NA	NA	NA	NA	NA	NA	NA	NA	NA	NA	NA	NA	NA	NA	NA	NA	NA	NA	NA
NA	0.860662089635039	1.63907046441798	1.25806564113945	1.44648798581999	0.820536252215671	1.19208994729542	NA	NA	NA	1.19251475346956	0.254467944983337	0.830749644527285	NA	0.837283431995907	0.407571069809349	0.49685187955192	0.279529682545825	NA	NA	0.420183067940203	NA	0.900907184309322	0.964368497462963	NA	NA	NA	NA	NA	1.59700239837463	NA	NA	NA	1.385707097662	NA	1.29505139468618	NA	1.33332638405282	1.49444638863084	NA
1.98443497715103	2.15163414614763	1.27697297789176	NA	2.18199469640859	1.4170990508743	NA	2.22013949335519	0.22280990065826	1.62116295047309	NA	NA	2.76516100268457	0.420222237908358	1.74338771764237	2.06661087245794	2.13893679155966	0.745158743500962	0.438081848435024	NA	0.982435463952108	NA	1.55029176985255	1.66680855444834	2.00300317992123	1.47093906524494	2.13627475377485	0.466735386555732	1.84400688870833	1.48874195867349	2.17522899193978	1.84128892513114	1.54982829259729	1.76148488804895	2.47654648823488	2.18605565197841	1.44393978267836	2.52999761298044	1.38545108187822	1.50980820441932
NA	NA	NA	0.453447676219149	0.510441469072787	0.377172021766998	0.420136214204217	0.39330699978281	0.648793890806444	0.487858480185675	NA	0.677875464964788	NA	NA	NA	0.656538915071754	0.479380199745082	0.341663880485197	1.2672258868228	NA	1.63473658416543	0.225281307388771	0.453025374898259	NA	NA	NA	1.40301856417418	NA	NA	NA	NA	NA	1.56290219126577	NA	NA	NA	NA	NA	NA	NA
NA	NA	NA	NA	NA	NA	NA	NA	NA	NA	NA	NA	NA	NA	NA	NA	NA	NA	NA	NA	NA	NA	NA	NA	NA	NA	NA	NA	NA	NA	NA	NA	NA	NA	NA	NA	NA	NA	NA	NA
NA	0.798955613415765	NA	1.25291333463107	NA	NA	1.43675458221693	1.05516428486622	1.34534663480047	NA	NA	NA	1.0592753539259	1.18432985546713	0.895982299885731	0.950773047110673	1.51557709654641	NA	0.287520381380153	NA	0.742186481749844	NA	0.460417541285084	0.649352977418667	0.641510500179767	0.645291202704893	0.427322460556404	0.500066381786537	0.396728760501769	0.675026846528462	NA	0.775047831498124	1.02249180844793	0.48420227062709	NA	0.590647183882722	NA	1.35855885802647	0.318158738604087	NA
NA	0.63071408505172	0.770723200392262	NA	NA	NA	NA	1.42347654565972	1.17700113397532	0.540890691998251	NA	1.38401473721744	NA	1.11088604772059	1.04569790702541	1.16984296175932	1.00363731265793	1.30381859141604	0.745815686500891	NA	NA	0.66450836985546	0.823342893354804	1.12195169406449	1.06341376323323	0.711849708984475	0.50530717458503	1.09686710035365	NA	NA	NA	0.275725948399383	1.24873700273964	1.28184653974233	0.878244153925989	0.795035732202495	NA	1.45627213743057	1.00947645928169	1.30763177265003
1.18989590476103	0.961826039971081	0.645708379406613	1.59604615615434	1.76725695646376	0.636116040047804	0.816707631886285	1.29397500225697	1.01748476293424	1.76174011254795	1.52082042701993	0.364904089089293	1.88736102892753	0.963568224686792	0.267000795469584	1.07650712109261	NA	2.20988003630228	0.502713822675461	NA	0.418392263543112	0.975152662070074	1.98267260690362	1.36714679856367	0.911618397482182	0.883164635189882	1.31645294213103	2.48229047697151	1.63423594367693	1.47450237507109	NA	0.922202596869263	1.97116459741296	1.20405498249336	1.39247452311045	NA	1.18575192370638	0.615773311875329	1.43137600304062	NA
NA	NA	NA	NA	NA	NA	NA	NA	1.20776358260674	0.838681405097321	0.827351230223118	1.13978428600999	0.732079936486978	0.857897213544929	1.03800156182588	NA	NA	0.846425021319807	NA	NA	0.217028004731933	0.394011592626574	0.651969063335323	1.1881450452865	0.769172219456986	NA	0.570837439770859	NA	0.579278689806896	0.859212165578036	0.78729032928597	0.68343695543636	0.956852026172976	NA	1.2556198203376	1.10647788818283	0.800994218052819	0.625813040808118	0.63308812347125	NA
1.01418641782399	0.974707586839684	0.355593204406717	0.869170146729474	NA	1.91002375134963	NA	0.192163645982212	1.5150394704241	NA	1.00375487476563	0.834880371211558	NA	0.573559959003562	0.347983056207575	0.441585458683686	0.605676100097103	0.25462187910713	NA	NA	0.336500953407327	NA	NA	0.49644576850274	0.535728062203072	0.522240042706079	0.671186740159854	0.778244604892887	0.805922894502155	0.523744456524692	NA	0.405029518733637	0.973902167762762	0.40534274589919	1.33061802225395	0.743141712976348	NA	1.42760395738685	0.872109272060427	0.607734809569861
NA	NA	0.254361322077955	NA	NA	0.365480815818037	0.621605484485153	NA	NA	NA	NA	0.244845633051689	0.53329185266352	0.0954900182871471	0.300270083954016	NA	0.616357912755656	0.329420126075799	0.249955047332326	NA	NA	NA	0.571179096532396	0.699039276867882	NA	1.45140006951784	1.15552350408659	0.942841619359127	0.685700208611914	NA	NA	NA	1.10348684903552	1.33487478154487	1.44953300696398	NA	0.568829094660562	NA	1.04683329852718	0.855998847295749
NA	NA	NA	NA	NA	NA	NA	NA	NA	NA	NA	NA	NA	NA	NA	NA	NA	NA	NA	NA	NA	NA	NA	NA	NA	NA	NA	NA	NA	NA	NA	NA	NA	NA	NA	NA	NA	NA	NA	NA
0.791239135039254	NA	0.552237404127375	NA	0.722340049178487	0.793225693237527	0.64258540598649	0.226798878700385	NA	NA	NA	NA	NA	0.671021796031898	NA	NA	NA	NA	NA	NA	0.293823552691597	0.28489360987862	0.634679030902389	0.461356149080954	0.795315873991518	NA	NA	1.02027830775205	1.14376380174093	1.20867853134635	NA	1.3579341827817	1.33492952854635	NA	NA	NA	0.92877754146373	0.794657230636522	0.803682952849515	0.753263567004246
NA	NA	2.1415909609458	NA	1.14143886711456	1.22647682523503	1.45965400719284	1.45288129422192	1.36847131725025	NA	NA	1.1440414603587	1.22757711056162	NA	1.73889001870258	0.429355884877189	1.49521949137191	1.43700765044592	1.02655649543321	NA	1.06031057282834	1.36483982602859	0.608054273356158	0.515673467053519	0.557443058839143	0.565631149495987	0.668717051019184	NA	1.36763118334447	1.2112530201788	1.1108294151841	0.382823622661572	0.213803395630593	1.01060107736429	0.164610428635497	0.424654141520751	0.778415284196119	0.773914747274673	1.35574561838609	1.03692211390182
NA	0.412864713416017	0.280992461214876	NA	1.96557089699331	0.386841963823172	0.378413979867544	1.47825072586585	1.64056705798623	0.528263402002265	1.7505483555599	NA	NA	NA	NA	NA	0.463466065920442	NA	0.72725211361045	NA	0.518034371155437	0.646356730265284	0.760030092120829	0.56342268411332	2.34250933649668	0.307633467145417	NA	0.908368847845796	2.13643597166306	0.884960281775168	NA	NA	0.395750896977997	NA	NA	0.900690582657179	NA	0.71656007639203	0.737791242714336	2.50352146094807
NA	NA	0.635945251242005	NA	NA	NA	0.449457902704341	NA	0.189284373939872	NA	NA	1.89604188827857	1.83822575070165	0.366159363001149	0.242155647452741	0.307428919061247	1.5446869099192	NA	NA	NA	1.80617803066347	1.5441832935278	1.73278880079374	1.14264908778471	0.601665328905887	NA	1.27601246021193	1.23175239761134	NA	0.519995895022521	NA	1.07732286319354	0.943373625227955	1.04575830798501	NA	NA	1.41219661373507	0.980055359410387	1.33550463817287	NA
NA	NA	NA	NA	NA	NA	0.561414162198821	NA	NA	1.11201246302064	0.748315617017269	NA	NA	NA	1.24626466401377	0.84369643898977	NA	0.655030118521175	0.863845023068188	NA	0.638828608917863	NA	NA	1.13076837824346	NA	NA	NA	NA	1.76691882570864	2.29987619197349	NA	1.64996631721507	NA	NA	NA	1.7476051650503	1.13540279373044	NA	NA	NA
NA	NA	0.882812757085196	NA	0.75085853531936	0.536595540966453	0.697530023083586	NA	0.300259979881665	0.250592447883134	0.277142708954112	0.240998821273503	0.535089966741137	0.471733011858702	0.313381932202393	0.0958247418666859	0.412623253302951	NA	NA	NA	0.923168823193935	0.98782098216274	0.847127280757433	NA	0.975660181290018	NA	1.12756055960859	1.81960832590749	1.62507031565215	NA	NA	NA	NA	NA	NA	NA	NA	NA	NA	NA
NA	NA	NA	NA	NA	NA	NA	NA	NA	NA	NA	NA	NA	NA	NA	NA	NA	NA	NA	NA	NA	NA	NA	NA	NA	NA	NA	NA	NA	NA	NA	NA	NA	NA	NA	NA	NA	NA	NA	NA
NA	NA	NA	NA	NA	NA	NA	NA	NA	NA	NA	NA	NA	NA	NA	NA	NA	NA	NA	NA	NA	NA	NA	NA	NA	NA	NA	NA	NA	NA	NA	NA	NA	NA	NA	NA	NA	NA	NA	NA
1.13620967559447	NA	NA	0.927143097458301	NA	0.969698157722288	NA	1.1713496248792	NA	1.07492851323564	NA	NA	NA	NA	NA	NA	0.53145890007367	1.01017415008597	NA	NA	0.302831707950641	0.238946482051302	NA	0.773164334243754	0.644557546490199	1.0249550581175	0.953575944654163	NA	NA	NA	NA	NA	0.98340937033975	NA	0.569651019446561	0.56399518720455	NA	NA	0.425609814365181	NA
NA	NA	NA	NA	NA	NA	NA	NA	NA	NA	NA	NA	NA	NA	NA	NA	NA	NA	NA	NA	NA	NA	NA	NA	NA	NA	NA	NA	NA	NA	NA	NA	NA	NA	NA	NA	NA	NA	NA	NA
1.23146251347087	NA	1.07556862993859	NA	NA	NA	NA	1.59401876284151	0.442716100910283	0.424595575410242	0.51897859484552	NA	NA	NA	0.211073089593573	0.384224598253674	0.354140266513482	0.6706935073713	NA	NA	1.27388764309046	1.47878599810784	1.20756231439561	1.40240130914063	1.1658146627346	1.42405759689905	NA	NA	0.732139544716703	NA	NA	0.841158483712299	1.10664427524632	NA	1.87501553089996	NA	NA	1.55186316589465	1.90290091723857	1.4438973321823
NA	NA	0.241500610546284	0.459617963269197	0.975212276203034	0.684353967665962	0.871160936948269	1.061539323905	1.16631159333957	0.447718283026687	1.01476658579683	1.32325000404422	1.16079957510447	1.25277382539608	1.11040618162644	0.721090904928629	0.255991443542633	0.706646327637645	2.11829471304419	NA	0.980323628743992	0.576257426032754	0.575614984900244	0.335755138703453	0.583470467505542	0.528799069178325	0.967910220328157	0.592337215949073	NA	0.373526791544248	0.430300659374369	0.467708533917007	1.26893107163915	1.33613233017593	NA	0.427547293358722	NA	0.438196712943506	0.866326843045812	0.963494371674256
0.668056175617123	0.592186220527124	NA	1.01413160912371	1.65288371556233	2.18929373426842	0.698024089570925	0.684326775207082	0.754446146369534	1.07389648037166	NA	NA	0.788988901359923	0.890207247905552	0.504820455073623	NA	NA	0.263263975205421	0.586317124519837	NA	0.408673645800228	0.278176616429312	0.474278704322601	0.387522082770459	0.147911646439243	NA	1.12892841781212	1.27687485451905	NA	NA	NA	NA	NA	NA	NA	NA	NA	NA	NA	NA
NA	NA	2.01060209787589	NA	NA	NA	1.33090010681795	1.89742008158924	1.5878416867336	1.49399556012215	NA	1.51459296799146	1.27565353026698	NA	1.25075804799726	1.20212049032153	NA	1.29137916736288	NA	NA	1.62503077078401	1.23906418884653	0.808853383337185	0.50024922576838	0.631734723878076	2.08797302133565	NA	0.345893569157146	NA	0.606780508048961	NA	0.743081957075431	0.945029057005744	1.0417621290051	1.06649228184187	1.38369210410386	1.10124548130612	1.09911155769266	NA	NA
NA	NA	NA	NA	NA	NA	NA	NA	NA	NA	NA	NA	NA	NA	NA	NA	NA	NA	NA	NA	NA	NA	NA	NA	NA	NA	NA	NA	NA	NA	NA	NA	NA	NA	NA	NA	NA	NA	NA	NA
NA	1.41384302936299	0.522804341827652	0.459714949238604	0.60844863581644	0.851615940046955	0.972489469972569	0.432669990858359	0.824236205697942	NA	0.235829242666928	0.604452893728625	1.32977921487035	0.424712294954021	1.69701596726273	1.7450250717388	NA	NA	NA	NA	NA	NA	0.618597651236191	0.617696964415083	NA	0.486873542562925	0.603793907514205	0.4216551794061	0.783985656758649	0.658144889047675	NA	0.78453578284553	1.64196217518669	NA	0.971191557112523	NA	0.782848938010844	0.875387526574287	NA	1.0366763085649
NA	NA	NA	NA	NA	NA	NA	NA	NA	NA	NA	NA	NA	NA	NA	NA	NA	NA	NA	NA	NA	NA	NA	NA	NA	NA	NA	NA	NA	NA	NA	NA	NA	NA	NA	NA	NA	NA	NA	NA
NA	NA	NA	NA	NA	0.290665556545276	0.893729542410728	NA	0.194221067753922	NA	0.986654259975107	0.420659850698124	NA	NA	NA	NA	NA	NA	NA	NA	0.812185826430326	0.488615211176821	NA	0.720973669736658	0.581114009397607	0.608939030405131	0.980776571028472	NA	NA	NA	NA	NA	NA	0.419643082127069	NA	NA	0.472636415179618	0.228606958792285	0.375189331458632	0.282513298532068
NA	0.444168223908032	NA	NA	NA	NA	NA	0.266902978082682	NA	NA	NA	0.967303027710355	NA	0.96687499754325	NA	NA	NA	0.704673101215759	1.88832585660751	NA	0.874822074939401	1.03346391338391	NA	NA	NA	0.766557959756599	NA	1.01701476382724	NA	0.370439703589924	NA	0.145693256799923	0.434504511576497	0.281861946256446	NA	NA	NA	NA	NA	NA
NA	NA	NA	NA	NA	NA	NA	NA	NA	NA	NA	NA	NA	NA	NA	NA	NA	NA	NA	NA	NA	NA	NA	NA	NA	NA	NA	NA	NA	NA	NA	NA	NA	NA	NA	NA	NA	NA	NA	NA
NA	NA	NA	NA	NA	1.12772475833441	1.36516916992608	NA	NA	NA	NA	0.569432081346722	0.628612086457283	0.588778258332582	0.460431477247994	NA	0.421936323297731	0.438598130356981	0.320341148955583	NA	0.0977147528334632	0.570376306647918	0.766520534852723	0.689180190263568	0.953809411744886	1.01843119473354	1.20528358860306	1.18297346598502	NA	1.12659509239147	NA	1.11018204219381	1.22313419953678	NA	1.61264125544333	NA	1.64761138914462	1.61965611959257	1.14573362525916	0.97751734075804
NA	NA	NA	NA	NA	NA	NA	NA	NA	NA	NA	NA	NA	NA	NA	NA	NA	NA	NA	NA	NA	NA	NA	NA	NA	NA	NA	NA	NA	NA	NA	NA	NA	NA	NA	NA	NA	NA	NA	NA
NA	NA	NA	NA	0.304838771032289	2.17846727930193	0.531222478292351	0.691262910616769	0.960070497987153	0.324522005773799	NA	0.507056218968498	NA	0.570442776033483	0.329785870332549	0.606699224801339	0.409315635000398	NA	1.0685265623692	NA	0.686309159225804	0.463077456463421	0.641601604051966	0.218522657118109	0.0538646484173293	0.709041473079513	0.868363590473237	0.994298425928986	0.42167093756337	0.451851048568579	1.18560316188485	0.136395429979683	0.938096577977683	NA	0.516070808871837	0.679321564808844	0.833111095654239	0.651439114648239	0.344170927556324	1.06980749141973
NA	NA	NA	NA	NA	NA	0.713986480947856	0.644150416697295	NA	NA	NA	0.734846390118306	0.53317470852432	0.572530076284232	0.394387900762479	0.624918145607052	NA	NA	NA	NA	0.262787489541324	NA	0.40897295255681	NA	NA	0.353788779097238	0.36807313577746	NA	NA	0.376164323881309	NA	NA	0.473839476298504	0.592996990739973	NA	0.957683160634363	0.493330140460073	NA	NA	0.327353869847789
0.731467432177822	1.39614636620206	0.782990249009789	0.833571570607779	0.729533133132411	0.355670831691538	0.512347763604571	NA	0.747309638956767	0.430724238431096	0.102113297647004	1.04153256780398	1.59119823261071	1.22117427982958	1.66052693550007	NA	0.288283292310031	0.380711531971656	0.336699546190125	NA	0.317556927997233	0.635789977452324	0.483919562146002	0.581509314801248	0.860353702032116	0.797968191381669	NA	0.75831464062015	1.22863782715531	0.561755262217675	0.750822728953829	0.670622775434065	1.23018753158663	0.8335466018469	0.676819832805504	0.814502672884693	0.724324784731644	0.565915135441891	NA	0.95891741529257
1.19906874372446	NA	NA	NA	1.39994774029514	0.856728763528368	0.628583582090987	0.821141231823232	0.838320100961928	0.447998809258679	NA	0.368118366751694	0.881966479341765	NA	0.598154258165679	0.762730055185214	0.536092089339921	0.807622544675273	0.565713543954135	NA	NA	NA	1.17387946753992	0.399872988380952	0.552024158184033	0.623688784446487	NA	1.0224067923189	1.11765226147295	NA	1.17702578267274	1.34008085704353	NA	0.873829059454967	1.19284871107516	1.28104009002843	0.826387701918354	0.475374417380708	NA	1.65553595679832
NA	NA	1.53207229269295	NA	NA	1.7915718519192	2.21599566870831	NA	2.60661875077216	1.6516609772799	0.227344793823868	0.850182749811498	0.456069418032419	0.985992165077517	1.05635381875816	NA	1.36646242001467	0.979260471826003	1.17470399487611	NA	0.212834750902127	0.284728418448603	2.26604634711489	0.33028452358521	NA	NA	2.12862154181533	2.32565330824889	0.257544043747608	0.265511360308303	NA	0.514416109352624	0.178079017895246	NA	NA	NA	NA	NA	NA	NA
NA	NA	0.81113974810334	NA	0.582239168783526	NA	NA	0.1430690799986	0.269958774000633	NA	0.267949050779447	0.605259746214344	0.918870664337023	0.434577500602228	NA	0.541690200209336	0.262387737611298	0.233856864415327	NA	NA	0.166168725018307	0.306547397854922	0.47808889763545	NA	NA	0.6735200216342	NA	NA	NA	NA	NA	NA	0.802116605782734	NA	0.478861858110515	0.835867399379529	0.396629880044708	0.455057968502747	0.371082445910816	0.754785206007486
NA	NA	NA	0.847249644999403	0.690151572219935	0.535127791433773	NA	NA	0.296006026405132	1.13003977713781	0.709684894258838	1.13173426489214	NA	0.711109988133708	0.485326069021246	0.357227309186677	0.504267734153761	0.52820559611277	0.307008948802511	NA	0.239298748313081	0.229995365056474	0.770753459494529	1.14422798160457	0.931826199023778	NA	NA	0.626373479324418	0.819870444696963	1.1328395479774	NA	0.595451112574543	1.77820982129882	1.33921840499162	1.21111509725384	1.10824525315253	1.47557934330705	1.18547172604917	1.17364890347785	NA
NA	NA	NA	NA	NA	NA	NA	NA	NA	NA	NA	NA	NA	NA	NA	NA	NA	NA	NA	NA	NA	NA	NA	NA	NA	NA	NA	NA	NA	NA	NA	NA	NA	NA	NA	NA	NA	NA	NA	NA
NA	NA	NA	NA	NA	NA	NA	NA	NA	NA	NA	NA	NA	NA	NA	NA	NA	NA	NA	NA	NA	NA	NA	NA	NA	NA	NA	NA	NA	NA	NA	NA	NA	NA	NA	NA	NA	NA	NA	NA
NA	NA	1.0995255127966	0.556071080522058	2.03139355914002	0.909710858653206	0.828474432534962	0.596572622371166	1.3615109661574	NA	0.859400038303453	NA	1.59921632088454	1.06615716584946	1.52847891685133	NA	0.87440873820283	0.820334394653666	NA	NA	0.389720297033633	0.850752795068489	0.990955006001078	NA	1.11306945919316	1.02125255420089	NA	1.0067247509178	0.975904139936344	0.710110843741112	0.746918161188135	NA	0.748360556401878	NA	NA	NA	0.970043285143512	NA	0.813575666778248	0.946444850992984
NA	NA	NA	NA	NA	NA	NA	NA	NA	NA	NA	NA	NA	NA	NA	NA	NA	NA	NA	NA	NA	NA	NA	NA	NA	NA	NA	NA	NA	NA	NA	NA	NA	NA	NA	NA	NA	NA	NA	NA
NA	2.22360289386686	2.62378038372276	2.30423992846417	NA	1.72325942895519	1.96972134078371	1.67700919824483	NA	1.3962816287306	NA	1.25672761652552	NA	NA	1.48534052296675	1.16694287290287	NA	1.28812065992188	2.70625099080058	NA	1.21486209581403	NA	1.33235953872662	1.45271500022365	1.64426652606541	NA	1.6208916847303	NA	1.27821395593053	2.26183591273304	NA	NA	NA	1.67538474290419	2.1101143797316	NA	1.54093752907032	2.3038709531183	2.05576324136786	NA
NA	NA	NA	NA	NA	NA	NA	NA	NA	NA	NA	NA	NA	NA	NA	NA	NA	NA	NA	NA	NA	NA	NA	NA	NA	NA	NA	NA	NA	NA	NA	NA	NA	NA	NA	NA	NA	NA	NA	NA
NA	NA	NA	NA	1.03834686870494	NA	NA	NA	NA	NA	1.00627684518502	NA	0.843133211296905	0.794589926302605	1.81554574229405	0.639295836074329	1.05062288562139	NA	1.01326491347616	NA	1.00354840039452	1.07101431391832	0.870740453498503	0.638215484656375	0.915944999335513	1.33144313281716	0.605039235829909	NA	1.13242632714683	0.490138207104416	NA	0.329283533958706	NA	0.382081423088689	0.95160461911599	0.422645340911392	1.04710523969279	0.674994792875869	0.696259312496965	0.598153299904106
NA	NA	NA	NA	NA	NA	NA	0.943042779420429	NA	1.02479357270277	NA	NA	NA	NA	NA	1.26136174032496	1.06909704382592	1.03970162048526	NA	NA	NA	0.647615340572944	1.08583422941276	NA	NA	NA	0.877054409120665	0.96880469133868	1.15945019280295	1.2085321515521	1.47251517768997	NA	1.29122366634996	NA	NA	NA	1.58786529570215	NA	1.32458190484142	NA
NA	NA	0.688477302911775	NA	0.848689169643723	0.94849235028149	0.882095442092271	NA	0.896030136509595	NA	0.464044235603349	0.586085580464361	NA	1.31486273432224	1.06339347294715	0.579217051173446	0.935130780993588	0.733808839391397	0.604437033923344	NA	1.3244346739733	0.166311448095944	0.591863583387412	NA	0.444238954722382	NA	1.05720337643804	0.758365770726637	NA	1.07398482362557	0.739339528040903	1.30752658177391	1.31320779861712	1.24437506171907	1.05365457072268	NA	0.858439036197806	1.35444583903072	1.03822328730068	0.616798758137319
1.82455081914816	2.15974497504178	1.80480313253151	NA	1.9547330604936	1.17692807841724	NA	0.973064873107311	0.616826413444825	NA	1.39399026294668	NA	1.38888416725022	1.28965450050454	NA	NA	0.930704680193965	NA	NA	NA	0.991571870795386	1.13430971103387	NA	NA	0.960771664814716	NA	NA	1.32444598040727	1.11494689829494	0.815977610329082	1.0201474156765	0.852839910176499	0.980828317454183	NA	0.918270557558192	1.42409899257923	1.28751881857064	2.5263703341711	1.27574636176053	1.01716573925235
NA	0.710541896586563	NA	0.609708227992017	NA	0.652677638386351	NA	1.00773874635971	0.97442073147228	0.639297988657812	0.714092592926913	NA	0.396536857162368	0.455579724197264	NA	NA	0.345769881974906	NA	1.13691153289162	NA	NA	0.662276524145002	0.935044714844191	1.28870510192511	1.21887874392357	NA	NA	NA	1.97214226335052	NA	NA	NA	NA	NA	NA	NA	NA	NA	NA	NA
NA	NA	NA	NA	NA	NA	NA	NA	NA	NA	NA	NA	NA	NA	NA	NA	NA	NA	NA	NA	NA	NA	NA	NA	NA	NA	NA	NA	NA	NA	NA	NA	NA	NA	NA	NA	NA	NA	NA	NA
NA	NA	0.359416920600669	NA	0.332591374695998	0.419025376874661	0.2953558983237	0.286463473493058	NA	NA	NA	NA	NA	0.545312404074367	0.491042263691771	0.562241624198909	0.771316832959889	0.76058640623537	NA	NA	0.716909085341538	0.466285875281229	0.712593285571326	1.25458103632501	NA	NA	NA	NA	0.820890989006065	NA	0.815350118814856	0.885520480173023	0.859896817299295	NA	1.12268087629532	1.08226755174107	0.883266195206816	NA	1.40608645795831	1.25046071321192
1.30843910893469	NA	NA	NA	NA	0.534571630277277	0.460789744825692	0.425046027684489	NA	NA	0.812852700627652	0.836225569076559	1.57416314264504	0.88073721648615	0.859599389900139	NA	0.747664029521935	NA	NA	NA	0.789824760482505	0.875590112961787	1.22170634602032	NA	NA	NA	NA	0.865915910057222	0.710022315854216	0.839057613983099	1.00541113153788	0.871340278541966	0.888273174766611	NA	NA	NA	1.31389406446937	1.12280959377644	1.50188228474739	NA
NA	NA	NA	NA	NA	NA	NA	NA	NA	NA	NA	NA	NA	NA	NA	NA	NA	NA	NA	NA	NA	NA	NA	NA	NA	NA	NA	NA	NA	NA	NA	NA	NA	NA	NA	NA	NA	NA	NA	NA
NA	NA	NA	0.268966207950259	NA	0.389381810080571	NA	0.39813333890703	0.0958037831131471	NA	NA	0.669830826775676	NA	NA	NA	0.280435203241614	0.307651307383971	0.855730167805972	0.672073397962702	NA	NA	0.54790235444773	0.769518543105684	0.725928972430211	NA	NA	0.820734801404694	0.82754607681253	0.986966669753176	0.815182022311772	1.83490088126244	0.768462295789321	NA	1.0284735516454	0.849311044141629	NA	0.661835275589741	0.674392573565114	0.820164817355505	0.820434229491325
NA	0.460646754586439	0.652396097394648	0.636538922109076	0.456602920203241	NA	NA	0.193176107063257	NA	0.229227319257461	NA	NA	NA	0.191389088138894	NA	NA	1.45379656051791	0.420084187420878	1.62661243022664	NA	0.2575446341294	0.677682399949229	0.475627522442373	0.558096692966294	0.863854800263697	NA	0.622248623653493	NA	0.74655388840097	NA	NA	NA	1.01443634096254	1.45095238624012	NA	0.847265853530346	0.987269487588903	NA	0.485218984564481	NA
0.655007119575307	NA	NA	NA	0.45372161072153	0.519093747795782	NA	0.697679691975366	NA	NA	NA	0.724541686182456	NA	NA	NA	NA	NA	NA	NA	NA	NA	NA	NA	NA	0.787130524085271	NA	NA	NA	NA	NA	NA	NA	NA	NA	NA	NA	NA	NA	NA	NA
0.962732892837855	NA	NA	NA	0.395727460529662	0.357699546066288	NA	1.1375173537013	NA	NA	0.472993467915777	0.92845596901889	NA	0.683696059079421	NA	NA	NA	NA	NA	NA	0.526317378391414	0.415690294894857	NA	NA	NA	1.26517640572466	NA	1.86029668498161	NA	1.1124035886015	NA	1.23043952279097	NA	NA	NA	NA	1.3831416855178	NA	1.27328569182169	1.76444700259484
0.425997887164048	0.664346535658683	NA	NA	0.294368972447251	NA	0.209119063310417	NA	0.543626507477715	1.05413068078907	0.358300151911239	1.06277861970394	0.850001846815049	0.204722521209222	NA	NA	0.302104744780182	0.42297681213139	NA	NA	NA	NA	0.296636022303931	0.536734172883627	0.79651679733733	0.709611975212396	0.605178028794037	0.807576886700701	NA	NA	1.0422885630514	0.674883482172812	0.558822995376464	0.33286219571559	NA	NA	0.496139844545729	NA	1.05552708347378	0.820491809945671
NA	NA	NA	NA	NA	NA	NA	NA	NA	NA	NA	NA	NA	NA	NA	NA	NA	NA	NA	NA	NA	NA	NA	NA	NA	NA	NA	NA	NA	NA	NA	NA	NA	NA	NA	NA	NA	NA	NA	NA
0.918257429073559	0.848821835037681	0.747537658072586	0.832995754829033	NA	NA	0.178794650862912	1.31041984981076	0.126983034186527	NA	0.264796322555599	0.394976569598387	NA	0.422739107945834	NA	0.692259868035575	0.536972530944362	0.426050367098546	0.160529623343912	NA	NA	0.71257662480067	NA	0.734773629489918	0.639438263938996	NA	1.28977627427742	1.12594637200593	1.00513195971065	1.02390353179198	NA	0.99056779417319	1.07799223545081	0.997602435473518	1.08142023595744	0.917467713407103	1.04169330177504	1.64277905526308	0.895425292484928	0.892384795427953
NA	0.457407671170161	NA	0.423683034233269	0.329383181240989	NA	NA	0.279092053908378	0.383979097278724	0.128251445413972	0.0606784450887679	0.264220303852264	NA	0.326069924656548	0.379927681766278	NA	NA	0.472985453868618	0.48907234851343	NA	0.627027947990911	NA	0.490256546912017	0.338575836102218	0.68702940620157	0.633867698134604	NA	NA	NA	NA	NA	NA	NA	NA	NA	NA	0.736502301077528	NA	NA	NA
0.969224514581406	0.928012637326655	0.783777576916179	0.670362684787951	NA	0.484533969049468	0.378909519588798	1.55484449245755	0.147670472460348	NA	0.54877824317027	0.159340838055833	NA	0.457864134387652	NA	0.74761374263612	0.504803479717896	0.395225611939603	0.164307557989722	NA	0.494263076802595	0.699130517270742	NA	0.634533863929305	NA	NA	1.34222197511052	1.10593322961147	1.03769510224129	1.13837114258959	NA	0.938698499776954	1.01359073185487	1.12330917117134	1.07552811159109	1.06364006913264	0.932814347365049	1.66529258521767	0.927998975654816	0.858967481403517
NA	NA	NA	NA	NA	NA	NA	NA	NA	NA	NA	NA	NA	NA	NA	NA	NA	NA	NA	NA	NA	NA	NA	NA	NA	NA	NA	NA	NA	NA	NA	NA	NA	NA	NA	NA	NA	NA	NA	NA
NA	NA	NA	NA	NA	NA	NA	NA	NA	NA	NA	NA	NA	NA	NA	NA	NA	NA	NA	NA	NA	NA	NA	NA	NA	NA	NA	NA	NA	NA	NA	NA	NA	NA	NA	NA	NA	NA	NA	NA
NA	NA	NA	1.73819354266144	NA	1.70345795603881	1.25025487276978	1.79884933227126	1.57394830547583	2.06780946940639	0.678523391536791	1.43115539526817	1.12184866484578	1.02746486866993	1.42634173677191	NA	2.0564157872238	1.61132322670415	0.924320648196121	NA	0.822417962762593	1.44722573619821	1.14313927744339	1.30726754964832	1.19789853089096	NA	1.04095654982549	0.852825528252829	0.628436433637159	0.859458861275433	0.744968442210555	0.73704337806677	0.282508539032478	0.64600835469465	1.01243727402906	0.516666945147281	1.07646463730974	0.933266757443818	1.32508619891949	0.97242207515241
NA	1.03488006820433	1.42835132240476	NA	1.37155091755653	0.3039657538549	NA	NA	0.610031274828251	0.920723407101964	0.550898823065512	1.56270080624804	0.463514780294074	0.18823350054772	0.688809795268849	0.351580735988476	0.640177744856401	0.68268903452229	NA	NA	0.631702525722458	0.635253136301408	0.690750411131351	1.16924405453435	1.36997853921016	0.741738008537924	0.744018655609452	0.775059533039849	1.11594498147003	0.724353097146257	0.642547251920817	1.02572988508301	NA	0.690226308253577	1.02339055927705	NA	0.559760753584876	0.766671746798704	0.851129433229052	0.970284582508581
NA	NA	NA	0.338364614341949	0.77564515789732	0.845761725780822	0.796832780943007	1.1606446314608	0.441320853192215	0.394966306688998	0.575697038228188	1.13368812687282	0.609293403799954	0.769102885156968	0.587179782356994	1.02925974524111	0.631406856444052	0.554845745539212	0.472985864811714	NA	0.774938826242498	0.936048695713099	0.538255171919705	0.577305647094157	0.822212604323556	NA	1.37089648723792	0.605205101281694	0.709657120479824	0.905075399376688	NA	0.806120345524774	0.592827972892283	NA	0.858076003455718	NA	0.753134829672502	0.879617719825678	0.680671527531564	NA
NA	NA	NA	NA	NA	NA	NA	NA	NA	NA	NA	NA	NA	NA	NA	NA	NA	NA	NA	NA	NA	NA	NA	NA	NA	NA	NA	NA	NA	NA	NA	NA	NA	NA	NA	NA	NA	NA	NA	NA
NA	0.847370428812432	0.779615060124887	NA	NA	1.47784103252499	0.468938909644305	NA	NA	NA	NA	0.550582487166887	0.953381412789518	0.982463303974341	NA	NA	0.72387915739985	NA	NA	NA	0.41898175322118	0.40216024143158	0.606800041937501	NA	NA	NA	NA	NA	NA	NA	NA	0.659581600712763	1.53845302901297	0.227978454555051	NA	NA	0.245411664706036	NA	0.304144040831555	0.448588066990258
NA	1.04613947055756	1.15084623465306	1.32453172359727	0.412273095754009	0.988584576307823	0.421298316882438	1.73699891677664	0.570853560975014	0.753656966704519	0.21041435861771	0.20079250492552	NA	0.468596571577593	0.4525835989973	0.264790252059005	0.438686131765458	0.244720123509737	0.302405808195333	NA	0.23081557442273	0.516403465730222	1.0846890157875	1.44781860559719	1.30753282570285	1.402546820822	0.678456482653405	0.133567010698681	0.642922856161164	0.222134316966013	NA	0.180473017514944	0.420080583528217	0.30820992245156	1.05331616102583	1.93856466850765	2.02049120187814	2.07429564932395	0.282889327289466	1.74563016136757
NA	0.437345300748039	0.363565034201315	2.0323454371476	0.527081501391188	0.31400848530679	NA	NA	NA	NA	0.204005746527476	0.331303535381877	NA	0.728839818762231	1.08799867263299	0.169715260324976	1.74982171730533	NA	NA	NA	NA	0.299772834615314	0.893098144191611	NA	NA	NA	NA	NA	0.650988467583461	0.928915913430679	1.11641259376877	0.99415307377958	0.921122414126503	NA	0.811039320779364	0.455866631205809	0.268129171691122	0.889119564294729	0.651226842793941	0.901094455729257
NA	NA	1.12799190899206	NA	NA	1.93703135737598	1.09731277582333	0.377453820963569	0.806311322407632	0.819483543982336	1.34319308737164	0.42269515499971	0.257397203586331	0.276752251701457	1.11401288158815	1.16219634068234	0.485726688077688	0.375728874401805	NA	NA	0.613254887504197	0.899375584113909	1.30321031577485	0.969526160300343	0.922432717771176	0.884917684929955	0.923065421687527	0.817086204531428	1.25671911243459	0.90232687341508	NA	1.59598235553403	1.47074591327475	1.52880062397872	1.17586294062039	1.04737577018339	1.20875549095419	0.89277220853472	1.16633616248125	1.46326000148991
NA	NA	NA	NA	NA	NA	NA	NA	NA	NA	NA	NA	NA	NA	NA	NA	NA	NA	NA	NA	NA	NA	NA	NA	NA	NA	NA	NA	NA	NA	NA	NA	NA	NA	NA	NA	NA	NA	NA	NA
1.00866641155276	1.36329731227399	1.33607590637966	NA	0.331673550852119	0.649751072313322	0.296960413068268	0.521091639645442	0.510615131497217	1.9329642341897	0.422859835629806	0.709442986713457	0.747145293903227	0.945442908365764	0.695184789260496	NA	0.357558951112478	2.33912250417817	NA	NA	NA	0.644265528298156	1.01911053630626	0.775465417573777	NA	1.80397416587229	1.03548215678683	0.908037825211191	0.872216020336981	1.34601045994841	1.69312812643588	1.19653144694797	0.924290054442127	1.37387267869842	NA	0.984504502409092	0.521123115691381	NA	1.18527178789826	0.98293357808928
NA	1.06192719823965	0.888133628905052	NA	1.41106448455116	1.25204529797368	0.826166140253026	NA	1.17760258080187	0.849588149788995	1.29335493091194	0.9385331058511	1.55068500541856	1.35301435917141	1.11307422862681	NA	1.02987661700148	1.25735574198289	NA	NA	0.228744001518926	0.350405133232733	0.473731030213321	0.786934893631599	0.530258902799928	0.616914196998859	0.430117297292438	1.0637061989583	NA	1.03117096058961	1.83480879280684	1.60321104375866	NA	NA	NA	1.41572638055349	1.91628930751537	1.4532644433375	NA	0.305463678501501
NA	NA	NA	NA	NA	NA	NA	NA	NA	NA	NA	NA	NA	NA	NA	NA	NA	NA	NA	NA	NA	NA	NA	NA	NA	NA	NA	NA	NA	NA	NA	NA	NA	NA	NA	NA	NA	NA	NA	NA
0.613505189894089	1.05547519890252	0.569550337554853	NA	0.602951304007817	0.524671083220548	0.539282744812975	NA	0.821341557365394	NA	NA	1.18838208728796	NA	0.585961544937525	NA	NA	1.29332136026643	NA	NA	NA	0.357541890391894	0.44390662378454	0.97163053450852	0.724975415965514	0.924004273139732	NA	1.25540026430724	NA	0.831522398570424	1.26179397454793	0.552394802342018	0.861613698800139	NA	0.852829512160456	0.757912632693602	NA	0.664348199267194	0.593002935481924	NA	NA
NA	NA	0.558404926878724	1.0164492709922	0.858912949949333	NA	0.524047742465382	0.485818591064023	0.379535830334668	NA	1.90418587567189	0.385576978238272	NA	0.336365756126441	NA	NA	0.311730298020872	NA	NA	NA	0.272484585301322	0.476525619946754	0.709861773684464	NA	NA	0.466942281210403	NA	NA	1.17632613290841	NA	NA	NA	NA	NA	NA	NA	NA	NA	NA	NA
NA	NA	NA	NA	NA	NA	NA	NA	NA	NA	NA	NA	NA	NA	NA	NA	NA	NA	NA	NA	NA	NA	NA	NA	NA	NA	NA	NA	NA	NA	NA	NA	NA	NA	NA	NA	NA	NA	NA	NA
NA	NA	NA	NA	NA	NA	NA	NA	NA	NA	NA	NA	NA	NA	NA	NA	NA	NA	NA	NA	NA	NA	NA	NA	NA	NA	NA	NA	NA	NA	NA	NA	NA	NA	NA	NA	NA	NA	NA	NA
NA	NA	NA	NA	NA	NA	NA	NA	NA	NA	NA	NA	NA	NA	NA	NA	NA	NA	NA	NA	NA	NA	NA	NA	NA	NA	NA	NA	NA	NA	NA	NA	NA	NA	NA	NA	NA	NA	NA	NA
NA	NA	NA	NA	NA	NA	NA	NA	NA	NA	NA	NA	NA	NA	NA	NA	NA	NA	NA	NA	NA	NA	NA	NA	NA	NA	NA	NA	NA	NA	NA	NA	NA	NA	NA	NA	NA	NA	NA	NA
NA	1.23828062715498	0.939675520579995	NA	NA	1.20817104059192	1.2242417584646	NA	NA	NA	NA	1.49183491159591	NA	NA	1.70492259182572	1.75666633211842	0.806277746693708	1.78484092388696	NA	NA	1.52872006042604	1.51236444744791	0.632516567459197	NA	0.657742946988699	0.855151616616282	0.357882885044061	1.18522048666146	1.54336734486667	0.663391481532571	NA	0.888458838546973	0.937006637774725	1.29313058004915	1.18124571591307	1.52574437974849	1.22272843757498	1.5907622994018	2.652458578224	1.6074977812344
NA	NA	NA	NA	NA	NA	NA	NA	NA	NA	NA	NA	NA	NA	NA	NA	NA	NA	NA	NA	NA	NA	NA	NA	NA	NA	NA	NA	NA	NA	NA	NA	NA	NA	NA	NA	NA	NA	NA	NA
NA	NA	NA	1.92615816450843	1.63258904279977	NA	1.62686205989213	NA	NA	NA	0.879794416863053	NA	NA	0.997018346130354	1.02218905864944	0.606280880062966	NA	0.575428547547408	NA	NA	NA	0.456342954443948	1.23145478305456	1.19582865740264	1.22651174883848	NA	1.78828705588563	1.02594595700599	0.91190283086243	NA	NA	NA	NA	1.95538508653675	2.11792964771092	1.93003733964307	1.81210288732905	2.02798000931928	0.717004850102949	1.7418700939031
NA	NA	NA	NA	NA	NA	NA	NA	NA	NA	NA	NA	NA	NA	NA	NA	NA	NA	NA	NA	NA	NA	NA	NA	NA	NA	NA	NA	NA	NA	NA	NA	NA	NA	NA	NA	NA	NA	NA	NA
NA	0.840911499440051	0.755683659835108	NA	NA	NA	NA	NA	0.474847779207998	0.630435431777832	0.637740615458891	NA	NA	NA	0.434482977309028	0.577115340415296	NA	NA	NA	NA	1.15383550801115	1.74865380086492	1.67018394633689	NA	NA	1.4470043435298	NA	NA	1.78758502691534	NA	NA	1.54403514017716	1.53909862229791	NA	NA	0.894223629473114	NA	NA	NA	NA
1.56522083981248	1.43011255880496	0.432316882795316	1.38809882960554	1.33873372853206	0.778742444689477	0.761260847378959	0.842260976444677	1.22336350964276	1.1166452912167	0.999403547517014	1.32242964733155	0.935879703143181	1.53847733527258	0.657427021322149	0.992319958854827	0.496918862384087	0.306033886788846	0.890250479568085	NA	0.267014364947855	NA	0.676791550805608	0.585288529078221	0.927448563112411	0.48980859910382	1.22444656663067	2.27411729688995	0.599814976177529	0.386560885282245	0.923822843422258	0.486666058539584	0.837208138424349	0.543827213961518	0.488789940917289	0.525066589412286	0.598655816857701	0.833030742863061	0.914051681623001	NA
1.63478627004586	NA	NA	0.57126521553705	0.758989015542086	1.39888532095769	0.635905114727937	0.952068435846659	0.930237384342608	1.15114716877051	0.909125455662095	1.15916748980029	1.12200743040161	0.948492698588636	1.05173942557891	0.81277287155606	0.787242190202483	1.24378707861022	1.43032220227157	NA	1.31887989824667	NA	0.778171511586435	0.96408420994068	NA	1.03537011694932	1.17206652786972	1.25190072077473	1.33567818730883	NA	NA	0.954905138321	1.1764550421411	0.970783399047451	0.867106367317823	1.24021879830154	0.941676089782887	1.42960874824662	1.41252153801239	NA
NA	NA	NA	NA	NA	NA	NA	NA	NA	NA	NA	NA	NA	NA	NA	NA	NA	NA	NA	NA	NA	NA	NA	NA	NA	NA	NA	NA	NA	NA	NA	NA	NA	NA	NA	NA	NA	NA	NA	NA
NA	NA	NA	NA	NA	NA	NA	0.157533614154101	NA	NA	0.2500245755786	NA	NA	NA	0.257585675359258	NA	NA	NA	NA	NA	NA	0.363819785095458	NA	NA	0.333866238609347	NA	NA	NA	1.12040046630749	NA	NA	NA	0.939995419843366	NA	NA	NA	NA	NA	NA	NA
NA	NA	NA	NA	1.14812921490764	NA	0.988608122278082	0.842398093299901	1.06801764558429	1.05616478478392	0.727323330533742	1.09670594580995	0.958087606023712	NA	1.30199835013418	NA	NA	NA	NA	NA	NA	0.68458715408076	0.859141774619996	0.701319449358782	NA	NA	0.481125370852691	0.815568230511146	0.90929369139567	0.824212073566029	0.783965082105334	0.569907678310811	1.07296801985931	0.379778493939647	NA	NA	0.821900026682256	1.20061249397622	1.15300377812659	NA
NA	NA	NA	NA	0.502883197785907	1.18064544299196	1.82459103843588	NA	NA	1.95326398153627	0.611987824871935	2.06627945000452	1.035747948649	1.06683930480908	1.01435025024885	NA	NA	NA	NA	NA	0.404584688750395	0.524478082691171	1.50052863809091	2.08674683474304	0.67858812191667	1.2504236946689	1.32339636560979	NA	0.910362097288035	NA	NA	NA	0.808225464738221	NA	NA	NA	0.670910045943792	1.1093125925434	0.487288867297247	NA
NA	NA	NA	0.383092925907738	0.391317247289999	0.405683843651272	NA	0.396684458215313	0.245634085233676	0.17402403392332	0.527539774359384	0.649457318265232	0.340233143073924	0.391898100229416	0.995318870869087	NA	0.362046667383161	0.197151718745678	0.630425542308684	NA	1.1749456323936	NA	NA	NA	NA	NA	NA	NA	NA	NA	NA	NA	NA	NA	NA	NA	NA	NA	NA	NA
NA	0.692629605185864	1.09826509502702	NA	0.122841044078598	0.552768175441302	1.1168268166235	NA	NA	1.19987779901994	NA	NA	0.587813404594558	NA	0.518662322636442	1.03323351517472	NA	0.619817188258882	NA	NA	NA	NA	NA	NA	NA	NA	NA	NA	NA	NA	NA	NA	1.01652690831459	NA	NA	0.382592562934482	0.999284297336226	NA	1.89234270390756	1.07808773219311
NA	NA	NA	NA	NA	NA	NA	NA	NA	NA	NA	NA	NA	NA	NA	NA	NA	NA	NA	NA	NA	NA	NA	NA	NA	NA	NA	NA	NA	NA	NA	NA	NA	NA	NA	NA	NA	NA	NA	NA
NA	NA	NA	NA	NA	NA	0.522749392293183	0.204848047764744	NA	NA	0.265183412851764	0.308269126040542	NA	NA	0.533974288828239	NA	0.454180094981732	NA	NA	NA	0.458808254160223	0.532691900418539	NA	NA	0.400822177335795	NA	NA	NA	0.832973474777715	NA	NA	0.891671694698499	0.743682425879326	NA	NA	NA	0.793195208624413	NA	NA	NA
NA	NA	NA	NA	NA	NA	NA	NA	NA	NA	NA	NA	NA	NA	NA	NA	NA	NA	NA	NA	NA	NA	NA	NA	NA	NA	NA	NA	NA	NA	NA	NA	NA	NA	NA	NA	NA	NA	NA	NA
NA	NA	NA	NA	0.684308984167647	NA	0.43767118149971	NA	NA	NA	0.484926879274321	NA	0.277732068015843	0.399051782641177	0.381927329129166	NA	0.354326471904987	NA	NA	NA	0.607715669825121	0.581763937979852	1.05162047892888	0.796148440705931	1.44904954341547	NA	1.23096077083369	NA	0.683402955350171	NA	0.440760730784503	0.368767817887054	0.45974443649996	0.429274853576452	0.251739432963898	0.170905327998259	1.16381296382764	0.738169735176537	0.379191036006456	0.464183166144441
NA	1.53470027557578	NA	2.43791594538662	0.479954505412992	0.448140018247163	0.600854305090837	NA	0.301574925027706	0.249821818998446	NA	1.35356056192167	0.784530028006049	NA	0.715920881439972	NA	0.323471820978771	NA	0.233092471280806	NA	0.721667682962426	0.856485235415284	NA	NA	NA	NA	1.04704863327957	0.935307264018904	1.16531408576717	1.49438237667983	NA	1.11272411154813	NA	1.09937737831045	0.263454478003645	NA	0.708951524577853	0.642934411740303	2.18008403494731	0.507222452935017
NA	NA	NA	NA	NA	NA	NA	NA	NA	NA	NA	NA	NA	NA	NA	NA	NA	NA	NA	NA	NA	NA	NA	NA	NA	NA	NA	NA	NA	NA	NA	NA	NA	NA	NA	NA	NA	NA	NA	NA
1.88748870306926	0.494155133781783	0.807087879348117	2.47650970506901	0.705720465364701	1.11770382576513	0.672637226530138	0.225371675567295	1.84139783901432	1.67642121672828	0.600105999249222	1.60599741333682	0.872394675254064	0.967981232514149	NA	NA	1.74147993247274	0.293035246035778	NA	NA	0.295738312398087	0.545223015205758	1.41494815969547	1.99998060849393	0.660250873480389	NA	0.984569323580755	1.79088698500934	NA	NA	0.461668619885889	0.443835273896782	0.595019208230555	NA	NA	NA	0.67640218103434	0.74166016232542	0.773869854378966	NA
1.8680764606221	0.694951176923341	1.23634636277198	NA	1.00900629701604	0.59027063615239	0.584962749067824	0.944179605367057	0.797191505668311	0.485391607964813	0.191722808904576	0.130445219715191	0.211339916263358	0.969966432247691	0.346826767386345	0.447875292669414	0.294947187904877	0.719317672247684	0.500989810341208	NA	NA	0.387226509968186	0.571187243560259	0.651993789815474	0.708127951442779	0.433131988555769	0.269379995020618	0.581221616234616	NA	0.843018447093078	0.461397536885906	0.952894957942886	0.118427346029927	NA	0.719336440727402	0.697077939262722	0.482664841885431	0.219434654064382	0.871595140629379	0.381467848036035
NA	0.909308329366723	NA	0.326826267973961	0.272513408460017	0.545919060714379	NA	0.946085235978543	0.63885170852605	2.20598194146743	0.843811203404508	0.942752339456826	0.562849985115374	NA	1.13776829892843	NA	0.690380368661566	0.54407458290297	0.842688108327872	NA	1.10848890445636	NA	NA	NA	NA	NA	NA	NA	NA	NA	NA	NA	NA	NA	NA	NA	NA	NA	NA	NA
NA	NA	NA	NA	NA	NA	NA	NA	NA	NA	NA	NA	NA	NA	NA	NA	NA	NA	NA	NA	NA	NA	NA	NA	NA	NA	NA	NA	NA	NA	NA	NA	NA	NA	NA	NA	NA	NA	NA	NA
NA	NA	NA	NA	NA	NA	NA	NA	NA	NA	NA	NA	NA	NA	NA	NA	NA	NA	NA	NA	NA	NA	NA	NA	NA	NA	NA	NA	NA	NA	NA	NA	NA	NA	NA	NA	NA	NA	NA	NA
1.16080566651361	0.695658467435851	0.364883086778007	1.08054145351189	0.88979743334002	0.821364593289599	0.820316960450315	0.745110344252967	0.736876213606548	0.69056803791317	1.06869012747249	0.719172382386549	1.05768107515721	1.83690591456381	0.846183829702233	1.60541044915647	1.2999088223019	1.68075794686649	0.407764791664734	NA	0.511733375060846	0.944974174544153	0.739671039710272	0.447192278016876	0.497831773085167	0.797941458929781	1.1709014690535	0.21253421745741	1.52270299271653	0.449814666156113	0.607240825012224	1.28715592196789	0.616540410045393	0.165932818958901	1.22432525245385	0.778438648784287	1.58918233184129	1.15935160769766	0.604651913664525	0.899427391755144
1.87413285792926	1.74544762721582	1.7557994960789	1.6964273350564	1.38444334046373	NA	0.889430449653414	NA	1.92077375317018	1.76959869206941	1.79863765580009	1.89806084810606	NA	1.52506218185075	1.54014888419259	1.34418740867617	0.879831998079038	NA	1.01251808345119	NA	1.76733463101712	0.291915818741427	0.744584308692076	NA	NA	NA	NA	NA	NA	1.04166080976504	NA	0.83740463178471	1.50726077566021	2.03742612295924	1.41812223448298	1.5853924649103	1.60323063687377	1.89380935738189	1.67898012687489	1.21073844529165
NA	NA	0.474959462816725	0.506947998956652	0.700653477900095	0.588425977850213	0.41456298842561	NA	NA	0.467321531972436	0.324070663407404	1.17243838066431	NA	0.643933908430522	NA	NA	0.438137240684076	1.13409904356549	0.162403117568688	NA	0.3834273884901	NA	NA	0.649906802237173	NA	0.789931719014632	NA	NA	NA	0.759709578509178	0.675593714019743	NA	0.750429288654849	0.576881831671119	0.893015788147004	1.14906438602156	0.423733134194737	1.06837437473942	0.94478012937421	0.898036596165072
NA	NA	NA	NA	0.68431812639927	0.309357346986677	0.878188615538944	NA	NA	0.541180832934935	NA	NA	NA	0.821107881978632	0.474385448655025	NA	NA	0.82780050943237	0.25700087508481	NA	NA	NA	0.906196587340736	NA	1.10468405556274	NA	1.44897455503128	NA	1.72684208944773	NA	NA	NA	NA	0.912845905377845	0.959130565813094	1.33131283794001	0.915143619307816	NA	0.875274949027255	1.36797240614403
NA	0.367310359271627	0.240051353781805	0.687053222919929	0.571695649642077	0.0434316292981596	NA	0.49935525000064	NA	NA	NA	NA	0.763313083054305	NA	NA	1.8870941088429	NA	NA	NA	NA	1.04868014250711	NA	1.20996042794356	1.01963904447614	1.21803571768012	NA	0.648667645274032	0.505517146005674	NA	NA	NA	NA	1.06387698626388	NA	NA	NA	1.80603395764442	1.61664279704084	NA	NA
NA	NA	NA	NA	NA	NA	NA	NA	NA	NA	NA	NA	NA	NA	NA	NA	NA	NA	NA	NA	NA	NA	NA	NA	NA	NA	NA	NA	NA	NA	NA	NA	NA	NA	NA	NA	NA	NA	NA	NA
0.696605231807513	NA	NA	NA	0.84332073959888	0.655934996944585	0.376773788695482	NA	NA	NA	NA	NA	0.756625147083788	1.62252510803317	0.605937126320501	0.587073928392463	0.476533101583386	0.177171808337811	0.125684529116138	NA	1.38188009100128	NA	1.5259839800394	NA	0.35557063715756	NA	0.350378264642312	1.07385567097729	0.235945234237039	NA	0.579071811255398	0.586836813102837	1.51289860954622	NA	NA	NA	0.497860240119569	NA	0.25493615305512	NA
NA	NA	NA	NA	NA	NA	NA	NA	NA	NA	NA	NA	NA	NA	NA	NA	NA	NA	NA	NA	NA	NA	NA	NA	NA	NA	NA	NA	NA	NA	NA	NA	NA	NA	NA	NA	NA	NA	NA	NA
NA	NA	NA	NA	1.71158320363936	2.54705306509018	NA	3.0273410799658	NA	NA	3.29730460959907	1.2740481378143	0.426422093646907	0.239407540651808	0.145994283772225	3.03122477612796	0.622870195612112	0.511997109845672	NA	NA	0.251561273490459	2.5319326366214	2.20990761553862	0.619590160324519	0.598951881609256	2.4652523248096	2.05379786843932	1.68024336606345	0.752718879628914	1.81808923152811	1.31598503017966	NA	NA	NA	1.74607858691328	NA	NA	NA	1.75685203889362	1.58530265083147
1.84572442081801	NA	1.02425067667728	0.427000460514177	0.330695451906328	0.202522403605496	0.49527880191488	0.489179276650612	0.340132438457731	1.17343480635884	1.06337644022998	0.825060946180338	0.965564663507498	0.698594831196522	NA	0.989706554538173	0.803735033228362	0.755801430417417	NA	NA	0.439054975524393	0.33971505032274	0.501641945686936	1.02222498762937	0.503461177193125	0.489514980395238	NA	0.881381749490798	NA	NA	2.02703908331128	NA	NA	NA	2.08614189687509	2.06835835658759	NA	NA	2.33599470702538	NA
NA	1.22495561051554	NA	NA	1.26231552594119	1.54304523722158	NA	1.27067150042371	0.838902068807905	0.934786711800942	1.20662595264471	NA	1.04207903614627	1.36344506122585	0.847919066136564	0.914665564732941	0.597549831323696	1.00590417149031	0.670652325584694	NA	0.966679277106406	0.931621346479345	0.529995968360139	0.583766124347517	1.09374197361731	0.864224216084977	0.822699849878313	0.393105659248027	0.24352258412808	0.85870617824334	NA	1.28220436119291	NA	NA	NA	NA	1.2728785059712	NA	NA	NA
NA	0.314718474444695	0.342901557957157	NA	NA	NA	1.24152003270439	0.41125257689204	0.65828384086108	0.840334923859916	0.82774992593454	0.383840661723886	NA	NA	0.579007869569323	1.02388033539312	NA	0.146655644168506	NA	NA	0.357339533632749	NA	NA	0.574985297219504	0.609269176959887	NA	1.29723763752696	NA	NA	0.932839641752111	1.11115253680802	NA	0.973067177507569	NA	1.11934493211575	NA	0.988311106462252	NA	1.25930479526644	1.3642204748343
NA	0.534233066183626	NA	NA	0.513087613443233	1.18624667500242	1.6415064298414	NA	1.62108413726558	NA	0.627163464444041	1.69477465067646	0.921427883213208	0.875994923379262	0.890656005997215	NA	NA	0.267541965835515	NA	NA	0.327603607642188	0.581574376520224	NA	NA	0.548718527997921	0.631388357514662	1.32277261330095	1.37900271397728	0.688066580395921	NA	NA	NA	0.568647511566136	NA	NA	NA	0.640485739103261	0.96938769065177	0.804117378406947	NA
NA	NA	NA	0.456908152812162	0.26776796957306	0.489071857924072	NA	0.956715542168681	0.678254155466556	0.815428113468987	0.707060461497519	0.786981166043972	0.591425468698289	NA	1.44585355445762	NA	0.951819956290755	0.971821663979083	1.15616048415469	NA	0.918171354150105	NA	NA	NA	NA	NA	NA	NA	NA	NA	NA	NA	NA	NA	NA	NA	NA	NA	NA	NA
NA	NA	NA	NA	NA	NA	NA	NA	NA	NA	NA	NA	NA	NA	NA	NA	NA	NA	NA	NA	NA	NA	NA	NA	NA	NA	NA	NA	NA	NA	NA	NA	NA	NA	NA	NA	NA	NA	NA	NA
NA	NA	NA	NA	NA	NA	NA	NA	NA	NA	NA	NA	NA	NA	NA	NA	NA	NA	NA	NA	NA	NA	NA	NA	NA	NA	NA	NA	NA	NA	NA	NA	NA	NA	NA	NA	NA	NA	NA	NA
NA	NA	NA	NA	NA	NA	NA	NA	NA	NA	NA	NA	NA	NA	NA	NA	NA	NA	NA	NA	NA	NA	NA	NA	NA	NA	NA	NA	NA	NA	NA	NA	NA	NA	NA	NA	NA	NA	NA	NA
NA	NA	NA	NA	NA	NA	NA	NA	NA	NA	NA	NA	NA	NA	NA	NA	NA	NA	NA	NA	NA	NA	NA	NA	NA	NA	NA	NA	NA	NA	NA	NA	NA	NA	NA	NA	NA	NA	NA	NA
NA	NA	NA	NA	NA	NA	NA	NA	NA	NA	NA	NA	NA	NA	NA	NA	NA	NA	NA	NA	NA	NA	NA	NA	NA	NA	NA	NA	NA	NA	NA	NA	NA	NA	NA	NA	NA	NA	NA	NA
1.74481209794627	1.47885525615022	1.68378742107781	1.60625639727997	2.10535096259298	1.6923319494311	0.928608934156161	NA	1.87066313569346	1.67512539270756	1.97546152916443	2.12159941943922	2.16438823081977	2.0256748244227	1.56916610282021	1.43107588343085	1.33527457263641	NA	0.691487172195072	NA	0.603871030127237	0.863460202350832	0.720310420527502	NA	NA	NA	NA	NA	1.05257113923396	NA	NA	1.13806694111303	NA	1.69153209400124	1.62093494971568	1.50807890803672	0.403654050956444	NA	NA	1.12278317068146
NA	NA	0.33742864639352	0.705897871577152	0.568516030211008	0.528711355672268	0.415382764887701	NA	NA	0.225309921162965	0.544761136352639	2.29089052931674	NA	0.635245073116547	NA	NA	0.436031579594392	NA	NA	NA	0.0854087965410081	NA	2.11163513980958	0.771562570623858	NA	1.03100380661742	NA	NA	1.81610394737549	0.594367833172037	0.633057223314106	NA	0.856432586709181	NA	0.523896498796065	0.888630211679141	NA	1.23334341290827	1.08559953319958	0.694328442516957
NA	NA	NA	NA	NA	NA	NA	NA	NA	NA	NA	NA	NA	NA	NA	NA	NA	NA	NA	NA	NA	NA	NA	NA	NA	NA	NA	NA	NA	NA	NA	NA	NA	NA	NA	NA	NA	NA	NA	NA
NA	NA	1.85982166813142	NA	0.566669268272996	NA	NA	NA	NA	0.777049832786081	NA	0.235061675187113	NA	0.492112615593657	0.347638792022417	NA	NA	0.344792790845322	0.276648797389058	NA	NA	2.0125120871808	0.887242542096293	NA	0.878988802675412	NA	NA	NA	NA	NA	1.57301413471588	NA	NA	1.29515335660546	NA	NA	0.961748473009318	NA	NA	1.33961530221199
NA	NA	NA	NA	NA	NA	NA	NA	NA	NA	NA	NA	NA	NA	NA	NA	NA	NA	NA	NA	NA	NA	NA	NA	NA	NA	NA	NA	NA	NA	NA	NA	NA	NA	NA	NA	NA	NA	NA	NA
NA	NA	NA	NA	NA	NA	NA	0.670557747130921	NA	1.4561191179636	NA	0.290118019619065	0.585779746714002	0.356971269264759	0.548075089613774	NA	NA	0.446975068607513	0.642218223670928	NA	NA	0.829674400671572	0.391184288447111	1.51799914108106	0.491161305631654	NA	NA	NA	NA	0.513422033808651	1.8217147536758	0.64433495559533	0.523341354908019	0.469375411598436	0.734340591102031	NA	0.473778097241642	1.25266976341222	0.326619619567032	NA
NA	NA	NA	NA	NA	NA	NA	NA	NA	NA	NA	NA	NA	NA	NA	NA	NA	NA	NA	NA	NA	NA	NA	NA	NA	NA	NA	NA	NA	NA	NA	NA	NA	NA	NA	NA	NA	NA	NA	NA
NA	NA	NA	NA	NA	NA	NA	NA	NA	NA	NA	NA	NA	NA	NA	NA	NA	NA	NA	NA	NA	NA	NA	NA	NA	NA	NA	NA	NA	NA	NA	NA	NA	NA	NA	NA	NA	NA	NA	NA
NA	NA	NA	NA	NA	NA	NA	NA	NA	NA	NA	NA	NA	NA	NA	NA	NA	NA	NA	NA	NA	NA	NA	NA	NA	NA	NA	NA	NA	NA	NA	NA	NA	NA	NA	NA	NA	NA	NA	NA
NA	2.23391630194381	1.96854144099901	NA	NA	NA	1.47768826422544	NA	1.21223046906251	NA	NA	1.15613198237852	NA	NA	NA	NA	0.594306063759993	1.75233097673755	0.868540520101362	NA	NA	NA	NA	1.87491086895825	0.925942997392007	1.04746588642948	NA	0.470048240302632	2.83958083767246	1.92154637022142	NA	NA	1.76970320471701	1.32019556176221	NA	1.53331598957412	NA	2.44625512843946	1.11010204753935	NA
NA	NA	NA	NA	1.5470092692553	0.552704939935759	NA	0.946604395733179	0.952505085702827	NA	1.82857932993372	NA	1.82348584169492	1.85692944024331	NA	0.901288222533279	0.672870251262799	0.410063429971789	NA	NA	NA	0.880353708600778	NA	1.28073360756843	1.11232677757185	NA	0.60285956620712	0.657641071042949	1.26922779455669	1.5317743421415	1.78549017612255	NA	NA	NA	1.20706030863193	NA	0.89643254288947	0.916567678390271	NA	0.735104930184474
1.43758581473803	NA	1.70783236386531	NA	NA	NA	1.69526256042738	NA	1.41046639463519	NA	1.20857993723489	NA	1.72098161352473	1.33926915338705	1.72960008556817	NA	NA	NA	NA	NA	1.95933551913986	NA	1.37271164051437	0.600287242148398	NA	NA	NA	NA	NA	NA	1.43614647425268	1.12211731603528	1.25164893365733	NA	NA	0.952329808189162	0.905419694876393	0.712226795083159	NA	0.717304110884428
NA	0.654832126634833	0.482813583094206	0.613385445733042	0.39529790583934	NA	0.590792623664598	0.300408578529207	0.196313789407538	NA	NA	NA	0.150610819465546	0.293487366243007	0.459048953484509	1.65680167964892	NA	0.471581988829956	NA	NA	0.272430400853944	1.05578764035201	NA	NA	0.367925917543877	0.31490161221931	NA	0.324445043273096	0.35076445936819	NA	1.26041906529035	1.26306917531313	1.26483333049809	1.09766368740913	NA	0.623681690350544	0.889082086583596	0.256506695766081	0.627510193514543	0.437931508993459
0.693100836858644	NA	NA	NA	0.400832233094772	0.544104501239176	0.845714185051758	0.750720183283259	0.562190279313026	NA	0.314822558015398	0.651588580862596	0.608856130707477	0.480883622512547	0.536340264136676	0.440416352007481	0.497583227677962	0.384765908037951	NA	NA	NA	0.595649635359135	0.756460817217236	0.878189770171415	0.75936766086393	NA	NA	1.18780401886938	1.37421716311989	0.56882932316819	NA	0.749399978878918	0.614663070091262	NA	0.854123892837165	NA	0.465713930515462	NA	NA	0.346821328690749
1.843785207258	NA	NA	0.510230846702951	0.829131618872345	0.0682851060721581	0.45711081153194	0.315938278590072	0.447393228791589	1.47393605002539	1.10587666191133	0.740210075109674	0.907333010616434	0.683589494381413	NA	NA	0.80836672810053	0.738726439218787	NA	NA	0.261265629815793	0.465292320799465	0.796374337441186	NA	0.701770395291602	0.676430054223076	NA	0.906358610651312	NA	NA	0.576959468286026	NA	NA	NA	0.900621075429762	0.786213852145434	NA	NA	0.919461498238715	0.889479539386625
NA	0.408551181383021	0.342424231943097	NA	NA	0.68429990399384	1.16750233335898	0.253393480032523	0.567466112860583	0.714921911578983	0.953374815618695	NA	NA	NA	0.294350643060455	0.977934789257639	NA	0.436945770169406	NA	NA	0.287105777896486	NA	NA	0.72938704432398	0.720807412014853	1.03362570273755	NA	NA	1.65794611166599	1.11923188942157	1.38634678646338	NA	1.26752854823273	1.78761842296631	1.20346456387825	NA	1.33967184622986	NA	1.47708647145053	1.44697482664255
NA	NA	NA	NA	NA	NA	NA	NA	NA	NA	NA	NA	NA	NA	NA	NA	NA	NA	NA	NA	NA	NA	NA	NA	NA	NA	NA	NA	NA	NA	NA	NA	NA	NA	NA	NA	NA	NA	NA	NA
NA	NA	NA	NA	NA	NA	NA	NA	NA	NA	NA	NA	NA	NA	NA	NA	NA	NA	NA	NA	NA	NA	NA	NA	NA	NA	NA	NA	NA	NA	NA	NA	NA	NA	NA	NA	NA	NA	NA	NA
NA	NA	NA	NA	NA	NA	NA	NA	NA	NA	NA	NA	NA	NA	NA	NA	NA	NA	NA	NA	NA	NA	NA	NA	NA	NA	NA	NA	NA	NA	NA	NA	NA	NA	NA	NA	NA	NA	NA	NA
NA	NA	NA	NA	NA	NA	NA	NA	NA	NA	NA	NA	NA	NA	NA	NA	NA	NA	NA	NA	NA	NA	NA	NA	NA	NA	NA	NA	NA	NA	NA	NA	NA	NA	NA	NA	NA	NA	NA	NA
NA	NA	NA	NA	NA	NA	NA	NA	NA	NA	NA	NA	NA	NA	NA	NA	NA	NA	NA	NA	NA	NA	NA	NA	NA	NA	NA	NA	NA	NA	NA	NA	NA	NA	NA	NA	NA	NA	NA	NA
NA	0.34552089366013	0.339498552672721	NA	NA	2.0827913471797	0.48943576471973	0.360362952751522	NA	0.519079476767875	1.80263818081527	0.636366354854319	2.05254903596067	NA	1.44908054165872	0.831754347003459	NA	0.856211974467589	NA	NA	1.39064450539913	NA	1.59392074569135	1.78532965471843	NA	NA	0.997658761773637	NA	1.5803155767957	2.23202775822018	NA	NA	1.49610042600685	NA	2.48898489597319	NA	1.09245380391097	NA	NA	1.48241638797676
NA	0.958254708346664	0.709325446810392	NA	1.29891010554945	NA	NA	NA	NA	NA	1.40389088840043	1.7094580218902	0.66658221480678	2.30775422798252	1.41987752208377	2.3656736103613	1.21807651908518	NA	NA	NA	0.787704886781211	1.87408918795181	0.821706331234058	1.894252468862	0.906235563620784	1.1249510798129	0.503943502425955	NA	0.912532460710877	NA	NA	0.457850903029041	NA	NA	NA	NA	NA	1.23027998085593	NA	0.918993994986282
NA	1.14895177725074	1.25161307667597	1.089376166121	0.997571852850326	0.75726880230429	1.1181814054605	1.06181554902667	1.06760250218994	0.799396710654694	1.01148014851956	0.776684163488091	0.394920136896497	1.10172050223723	0.929759077055419	0.575435812876524	0.61201056803744	NA	1.0085196948607	NA	NA	1.06822337204109	0.109858814607336	0.429992234151096	0.514769165616378	0.446059290534318	NA	0.83260794173149	0.891836949829867	1.55574178538164	NA	0.655186391938673	1.22478563159445	1.1231943903796	1.33219001719961	NA	0.908491368058774	1.04810065813508	1.42910180973477	1.33689674947124
NA	NA	NA	NA	NA	NA	NA	NA	NA	NA	NA	NA	NA	NA	NA	NA	NA	NA	NA	NA	NA	NA	NA	NA	NA	NA	NA	NA	NA	NA	NA	NA	NA	NA	NA	NA	NA	NA	NA	NA
NA	1.63099250093138	NA	NA	NA	1.36699923530208	1.25472195869691	1.15877497038802	0.867057651568771	1.00117438572168	1.49772909366411	1.35455238323255	0.610038931606678	0.788230350410116	1.32105328931356	0.816599004888858	0.454124800997868	NA	1.46703968987946	NA	0.624146684456997	0.58974894396305	0.462802715029367	0.576051761578126	NA	NA	1.40547646265628	0.633068609978079	0.734460840008876	0.978805222661766	NA	NA	1.25075269518095	0.987405180275207	NA	NA	1.17101891799025	1.33730168366449	0.991339452287289	1.24797110371899
NA	NA	NA	NA	NA	1.91366969280224	1.05079569695283	0.984179746183097	NA	0.808428462858114	NA	NA	0.978013712665872	0.635299469473	0.660840322213369	0.456926117401617	NA	0.300708414163795	NA	NA	0.373623638071567	1.54452217498207	NA	NA	1.01358032717428	NA	0.216550128392755	1.45380047690141	0.742435633672918	NA	0.524662503125459	NA	1.75568155392552	1.67458950526675	NA	NA	0.479696575816297	NA	2.13011795016317	0.776925790451082
NA	NA	NA	NA	NA	0.42107150842105	NA	NA	NA	0.235932986628099	NA	NA	0.861195975056787	0.542797328143039	0.894909900171037	NA	NA	0.684127168016453	NA	NA	NA	0.154984731010333	NA	0.872117610376852	0.551112786464795	0.180491537523916	NA	NA	NA	0.527462735703802	NA	0.73013465310429	NA	NA	NA	1.37828609593337	NA	NA	NA	NA
NA	NA	NA	NA	NA	NA	NA	NA	NA	NA	NA	NA	NA	NA	NA	NA	NA	NA	NA	NA	NA	NA	NA	NA	NA	NA	NA	NA	NA	NA	NA	NA	NA	NA	NA	NA	NA	NA	NA	NA
NA	NA	NA	NA	NA	NA	NA	NA	NA	NA	NA	NA	NA	NA	NA	NA	NA	NA	NA	NA	NA	NA	NA	NA	NA	NA	NA	NA	NA	NA	NA	NA	NA	NA	NA	NA	NA	NA	NA	NA
NA	NA	NA	NA	NA	NA	NA	0.625226821468742	0.268073385795125	NA	NA	0.812060222348326	NA	NA	0.882232532489024	0.970382166472581	NA	0.585790927451288	NA	NA	0.845593837535134	0.272252996435163	NA	1.69341106445035	NA	NA	0.590281894378254	1.41391391823408	1.62192154126536	1.34215024343683	1.61826377533952	NA	0.81277946820511	1.81868520001665	1.05636307048119	NA	NA	NA	NA	1.5685834916114
NA	0.635057888094814	0.438524974754979	0.138326407122863	0.495297991103194	0.531705248148424	0.492700097845589	0.715230807768717	0.683221899311057	0.8017773856626	0.474404324071295	0.718448534243663	0.85014993073639	0.319850116608958	0.290031104116137	0.488767742953788	0.229753806044668	0.13708345318924	0.376760199939488	NA	0.256800318130674	0.289038719838359	0.298419712526527	0.402380060757712	0.668275975142916	0.410271400421579	1.11714241104374	0.70589753748801	1.26082051403106	1.60083225077305	1.23491258261472	1.28622528214334	1.48792761172937	1.54067801656573	1.17628654792616	1.69204012451704	NA	NA	NA	NA
NA	NA	NA	NA	NA	NA	NA	NA	NA	NA	NA	NA	NA	NA	NA	NA	NA	NA	NA	NA	NA	NA	NA	NA	NA	NA	NA	NA	NA	NA	NA	NA	NA	NA	NA	NA	NA	NA	NA	NA
NA	NA	0.353158766824516	NA	NA	0.427168626761095	0.327558272780986	NA	0.428173820804836	NA	0.274036250004718	0.757724215951262	NA	NA	NA	NA	0.542734860811324	NA	NA	NA	0.439553818013121	NA	NA	0.946650102073188	0.418331471638209	NA	1.95342012393524	0.634741661504904	0.575896541475518	0.729973717085968	NA	NA	0.6298832598841	NA	0.889838926170036	NA	0.640887356749462	0.37514817180678	NA	NA
1.14661261187053	NA	1.02459452707799	NA	0.249851574622187	NA	0.498914609371894	NA	0.191793028628179	0.291967898805935	0.396459194096727	0.411023299561467	NA	NA	0.499270580015189	1.04262904328924	NA	0.329347031931804	NA	NA	NA	1.27913628792012	NA	NA	NA	0.540387511452387	NA	NA	NA	1.73464964375443	1.92833950823615	1.78373490277144	1.02448185347659	NA	1.78069287987388	1.78150034422158	NA	2.03849842734866	NA	NA
NA	NA	NA	NA	NA	NA	NA	NA	NA	NA	NA	NA	NA	NA	NA	NA	NA	NA	NA	NA	NA	NA	NA	NA	NA	NA	NA	NA	NA	NA	NA	NA	NA	NA	NA	NA	NA	NA	NA	NA
0.551886846415902	NA	NA	NA	1.47651063982254	0.986288744036064	0.305040738620608	NA	0.224052878116883	0.714512939052646	NA	NA	0.492033155033817	NA	0.624931660043726	1.67696702408062	0.604756076583212	NA	NA	NA	0.609274711569984	0.626024011181131	0.506393907930731	NA	NA	0.693386058293542	0.396390917307763	0.568832294997041	NA	0.754340626232311	NA	NA	1.00591456610425	NA	0.943225451641461	NA	0.512604310274634	1.04903439053085	1.25539128364246	NA
NA	NA	NA	0.625786242290327	NA	0.510563421437399	0.66901400503162	NA	NA	NA	NA	0.243148940548619	NA	1.10681726932276	NA	NA	0.56208548752263	1.30965758037927	NA	NA	0.89323477721041	NA	NA	1.01817243064496	0.525313823617769	NA	1.83001840649758	NA	NA	0.725675165885119	NA	1.27727551089379	NA	1.50950546503107	NA	2.10717728478932	1.81912335117061	NA	1.53452917364257	1.52139836936606
NA	NA	NA	NA	NA	NA	NA	NA	NA	NA	NA	NA	NA	NA	NA	NA	NA	NA	NA	NA	NA	NA	NA	NA	NA	NA	NA	NA	NA	NA	NA	NA	NA	NA	NA	NA	NA	NA	NA	NA
NA	0.63622623954637	0.609780886813058	0.581043975934208	0.657908180568635	0.723209347869514	NA	0.815154084514525	0.303285976080016	0.316276730255332	NA	0.604699213217614	NA	NA	0.467999923086574	NA	NA	0.696681275184586	0.371875923941541	NA	0.328376030244007	0.65738911443072	0.544708474312575	0.114559323014905	0.3655541042689	0.49790778127466	NA	NA	0.686939274818179	0.881559165858321	0.835345131489452	0.698936713004129	NA	0.829288298366407	NA	NA	1.43602238785132	1.59275718337451	0.980875956422396	0.606248849709249
NA	NA	NA	NA	NA	NA	NA	NA	NA	NA	NA	NA	NA	NA	NA	NA	NA	NA	NA	NA	NA	NA	NA	NA	NA	NA	NA	NA	NA	NA	NA	NA	NA	NA	NA	NA	NA	NA	NA	NA
NA	NA	NA	NA	NA	NA	NA	NA	NA	NA	NA	NA	NA	NA	NA	NA	NA	NA	NA	NA	NA	NA	NA	NA	NA	NA	NA	NA	NA	NA	NA	NA	NA	NA	NA	NA	NA	NA	NA	NA
NA	NA	NA	NA	NA	NA	NA	NA	NA	NA	NA	NA	NA	NA	NA	NA	NA	NA	NA	NA	NA	NA	NA	NA	NA	NA	NA	NA	NA	NA	NA	NA	NA	NA	NA	NA	NA	NA	NA	NA
1.31670190220571	2.11332764946447	0.620930788478379	NA	0.454533213695702	1.56764321915845	0.610423450573039	0.582818449609048	1.0251562964176	0.646096681932283	1.03571020556961	0.199411358904759	1.01320601989125	1.17315925158354	0.700245155635742	1.12626598219715	1.24167698682109	0.696646128241696	0.460114295066065	NA	0.36215191602377	0.2594900528793	0.764723868793306	0.60805918731884	1.39366543493253	0.973649841932215	1.1296553408835	1.24680312666989	0.725200302618864	0.960077007268568	0.722150336444716	1.45622269032034	1.43440389940368	0.792811188144506	1.29402602790765	1.06067768074838	1.18287289724385	1.27133196506711	1.37618492427897	NA
1.10943527504169	1.05298397680362	0.951498195709305	1.08496681619999	0.888453528595638	0.775509963377874	0.848136055244575	0.52262801959166	1.31003837134858	0.912718244633021	1.22765647787242	0.666337150441338	1.31818867395921	1.34227401696353	0.674094887240045	NA	0.691373247714497	0.583641538928014	0.284567953039485	NA	0.131810222769942	0.373253534638964	0.43006576093144	0.755040180262793	0.821840343176992	0.493142376406701	NA	NA	0.737437707680149	0.324065035065782	NA	0.427485281470609	NA	0.488851781314261	0.1171903639281	0.558746868438586	0.554961213179961	0.205313638263904	NA	0.574720009235645
NA	NA	NA	NA	NA	NA	NA	NA	NA	NA	NA	NA	NA	NA	NA	NA	NA	NA	NA	NA	NA	NA	NA	NA	NA	NA	NA	NA	NA	NA	NA	NA	NA	NA	NA	NA	NA	NA	NA	NA
NA	NA	NA	NA	NA	NA	NA	NA	NA	NA	NA	NA	NA	NA	NA	NA	NA	NA	NA	NA	NA	NA	NA	NA	NA	NA	NA	NA	NA	NA	NA	NA	NA	NA	NA	NA	NA	NA	NA	NA
NA	0.612098744438329	1.98609199370639	NA	0.679251326460703	1.51245621208562	0.392682692865844	0.701856373108836	NA	1.67727599831041	0.457556268275952	NA	NA	2.50420482484386	1.63594217068063	0.252378411854374	1.49740985744607	NA	0.179974613147649	NA	NA	NA	NA	0.36666712003148	0.916228689010664	1.26176647953692	0.45428153905902	NA	NA	NA	0.137656995779347	NA	NA	0.197396863213021	NA	0.259653396561688	NA	1.01494472234348	0.76011554505119	NA
NA	1.24660053509126	1.34977248902817	NA	NA	0.678852401266821	1.05798277769089	NA	NA	NA	0.969488646643832	NA	0.923332480827953	NA	0.740847049610018	NA	0.653943042547343	0.686308229003035	0.69079957940778	NA	0.165796491686096	0.769079812455682	NA	0.586845361635235	0.761529346470988	1.57722986982333	1.27808979091901	1.21067566778969	NA	1.40060067601462	1.54553214051506	NA	NA	NA	1.18321692415365	1.46048979029947	0.869053541738265	NA	1.49346793159827	1.27478226459501
NA	NA	NA	NA	NA	NA	NA	NA	NA	NA	NA	NA	NA	NA	NA	NA	NA	NA	NA	NA	NA	NA	NA	NA	NA	NA	NA	NA	NA	NA	NA	NA	NA	NA	NA	NA	NA	NA	NA	NA
NA	NA	NA	NA	NA	NA	NA	NA	NA	NA	NA	NA	NA	NA	NA	NA	NA	NA	NA	NA	NA	NA	NA	NA	NA	NA	NA	NA	NA	NA	NA	NA	NA	NA	NA	NA	NA	NA	NA	NA
0.374241949997159	1.26878176860341	0.4795121432973	0.402281848137013	0.775090740986151	0.632984552104245	1.54601155483987	0.752776666746277	0.735553065412883	1.10251577692589	NA	NA	0.405671378926045	0.396497433237788	0.198094184831015	1.11292153390834	0.0760400969114153	1.58741241707489	0.89505798471507	NA	NA	1.31039709845222	0.513214114901904	0.745435948180563	1.30623382992493	0.963137112787991	NA	1.60110064899334	1.39883486296972	1.40480873900869	NA	1.45360466154448	1.33248373710694	1.39850704498593	NA	1.76898889947574	NA	NA	NA	NA
1.01313186777297	1.28431388535653	1.69647842732056	NA	0.594128769993826	0.40224621007114	0.444185465354485	0.424486697950225	0.431180385656394	0.41809623200896	0.544875547299362	0.838296058733894	NA	0.392751244420287	0.342778676548593	NA	0.630709082520169	0.431544154214246	0.428485988125243	NA	0.0935648100996807	1.42546150852973	0.208143546302037	NA	NA	0.599323129473235	0.550452690348888	0.285394679209397	0.915349762496522	0.542698967339216	NA	1.1417938146947	0.705071170940477	NA	1.26154523304017	1.32958331599126	0.903725661314611	1.59474942703861	NA	NA
NA	NA	0.747348759930589	NA	0.547377723887289	1.02503385659687	0.705186749537285	0.862485953867122	1.02100852226305	1.15663396433396	NA	0.996010358947938	1.11369365868616	NA	1.3728365053423	1.66955108895863	1.10865470084509	NA	NA	NA	NA	1.01772498588475	1.39999826002398	1.32502837430623	NA	NA	1.44174885971009	1.53375000808222	0.816451038012833	0.890360353056394	NA	1.28090771922955	NA	0.589605322369925	NA	1.35331543732648	0.535596488675878	NA	NA	NA
1.12734974801952	NA	1.29866602213699	1.61327648384652	1.57243529891225	1.34247194439861	NA	1.30189182076549	1.80436603403309	NA	NA	1.94288875997573	NA	NA	1.56777863793905	1.29269131151855	1.26820589311434	1.47036784220075	1.08158829749601	NA	NA	1.48483808064203	1.08424029090652	1.13234263399075	NA	NA	0.940203589450538	1.07873018956249	NA	0.726158958365564	0.687996029522814	NA	NA	1.0504083221318	0.869734933506308	0.830688583269347	0.682493458681054	1.67591241310942	1.36690807062216	0.883551788599569
NA	NA	NA	0.645798306896697	NA	0.335164827037276	0.602800463265486	0.990197186996749	0.11918402293966	0.380097240255776	NA	NA	0.638948907821299	0.841139987601035	0.672925389563209	NA	NA	0.3870607332751	NA	NA	0.495419348006583	NA	0.692258447666852	0.421042182740358	0.817658950240323	0.272273566227903	0.850043657792328	0.589314705841145	0.560192167916852	0.664838252887051	0.66565165974937	NA	NA	1.15131366655357	0.728508253609175	0.790182625372869	0.539383515633601	NA	0.137848011845855	NA
1.51266025529959	1.4351941413732	NA	NA	0.919658676287259	0.378509622317826	0.548958900019522	0.184618681699207	1.60287168455861	0.643740445183241	0.317069407116732	0.683478597807987	0.369305791877494	0.455348997598104	0.809962255495547	NA	0.672973874189179	0.470928603849433	1.19613567924284	NA	0.908328123483822	NA	0.574649709054975	0.882338023699106	0.984883905718692	1.17505061455532	0.594347160191645	0.662694141077224	0.838897647195141	1.1853492465256	0.356584633151084	0.934934888044882	1.37286116678146	0.943933480829113	0.865262830116152	0.614942236110063	0.573836090686536	0.690919912040654	0.992988517712148	0.503856259116801
NA	NA	NA	NA	NA	NA	NA	NA	NA	NA	NA	NA	NA	NA	NA	NA	NA	NA	NA	NA	NA	NA	NA	NA	NA	NA	NA	NA	NA	NA	NA	NA	NA	NA	NA	NA	NA	NA	NA	NA
1.14919383664569	NA	NA	NA	NA	0.14396648187401	0.218383147761294	0.43316487866283	NA	NA	NA	NA	NA	0.197753784025323	NA	NA	0.243175509622827	0.164447839209957	1.59642156117643	NA	0.240629329695446	0.0876486668622604	0.602081636553793	0.701456226659718	0.784835182180256	0.86291105825409	0.814309985102499	0.739098975965095	0.508350136835616	NA	NA	0.509403035562322	1.55214384173418	1.43208870653005	1.01392437188678	0.830510851903158	0.909597044545538	1.33562101991004	1.53675755904362	1.93223117033663
1.3445553676333	NA	NA	NA	1.17622064630375	NA	NA	1.78688128393091	1.66366806372394	NA	NA	1.12047503175168	NA	1.40761273377771	1.02018680832568	NA	1.53095871074334	0.721214794359588	0.432129416181546	NA	1.2477544857412	0.667578992328936	1.05596113222018	NA	NA	NA	NA	NA	NA	NA	NA	NA	NA	NA	NA	NA	NA	NA	NA	NA
NA	NA	NA	NA	NA	NA	NA	NA	NA	NA	NA	NA	NA	NA	NA	NA	NA	NA	NA	NA	NA	NA	NA	NA	NA	NA	NA	NA	NA	NA	NA	NA	NA	NA	NA	NA	NA	NA	NA	NA
NA	NA	NA	NA	NA	NA	NA	NA	NA	NA	NA	NA	NA	NA	NA	NA	NA	NA	NA	NA	NA	NA	NA	NA	NA	NA	NA	NA	NA	NA	NA	NA	NA	NA	NA	NA	NA	NA	NA	NA
NA	0.256045583645335	NA	NA	NA	0.560324993979467	0.581707473312928	0.540723235061465	0.417467525239987	0.427860746045768	0.178140411684203	0.393426611409273	1.66008765181471	1.02654869317484	1.55856218812498	0.55322631244028	0.759604133974556	0.724489850120995	0.292382212517075	NA	0.276788982415166	0.172278299980029	NA	0.779348243465926	1.66972748451366	NA	1.8190422180751	1.07153890241591	1.40640867333422	1.34137083014909	NA	0.459484695043821	1.03145529849293	0.607684331967508	0.695123476084232	0.875318214967248	1.85484242148008	NA	NA	0.349527889890958
NA	NA	NA	NA	NA	NA	NA	NA	NA	NA	NA	NA	NA	NA	NA	NA	NA	NA	NA	NA	NA	NA	NA	NA	NA	NA	NA	NA	NA	NA	NA	NA	NA	NA	NA	NA	NA	NA	NA	NA
0.982647333280313	NA	0.597187603488154	1.79399096606961	0.452044236522552	0.56798781214711	NA	0.704795985326496	0.399273824011147	0.677996227599848	NA	0.744162423995055	0.3606646751594	0.57450436144788	0.320736451906584	NA	0.354267364700985	0.327136743416069	NA	NA	0.726831784288327	NA	0.748720712752927	0.780616289909412	NA	NA	NA	0.345366350028854	0.228843089565185	NA	0.805178163626501	NA	0.375039327634351	0.442916344167366	1.5007595775677	0.786916204469146	0.449153936580644	0.361520124112353	0.40576665007298	NA
2.20720034439479	NA	1.62716147476187	1.08527283842481	NA	0.324024722454678	0.424156330398519	1.03975551574185	NA	NA	NA	0.376177234623889	NA	NA	0.549765418079155	NA	NA	0.439985082532112	NA	NA	0.438924627556192	0.391022591203516	0.418254441459532	0.536518124890521	0.577969101360796	0.700800200514687	NA	1.17290673516518	1.34652922690867	1.39187410588651	1.30088998421706	NA	NA	1.55199998810037	1.69875038084228	NA	1.4040085382084	1.55072457250151	1.2432140433505	1.50766361395475
0.890678952089455	0.588431482921254	0.798586687283296	0.621504936698202	0.695681263271306	1.51389361633043	1.87668115264402	1.10480108126475	0.933325195311374	1.12366847818008	1.17440305860315	1.2055887358777	1.80201383559145	2.38887852034534	1.5467863246146	NA	0.555284371533037	NA	0.266490375590154	NA	0.610300750861101	1.63206789677947	NA	NA	NA	2.20966525651549	NA	NA	NA	NA	2.22671001501256	NA	1.97428347242161	2.08649695473305	2.04896561902877	2.16908213169631	2.18424693751029	NA	1.56456784680926	1.66960029540069
NA	NA	1.04276763818604	NA	NA	NA	0.524047891986876	0.407882214665606	0.39289007656923	NA	0.434668303658552	NA	NA	NA	NA	NA	0.116514888589995	NA	0.658128601204174	NA	1.09639821669871	0.74672209905353	NA	NA	NA	NA	NA	NA	NA	NA	NA	NA	NA	0.572168799531662	NA	NA	NA	NA	NA	NA
NA	NA	NA	NA	NA	NA	NA	NA	NA	NA	NA	NA	NA	NA	NA	NA	NA	NA	NA	NA	NA	NA	NA	NA	NA	NA	NA	NA	NA	NA	NA	NA	NA	NA	NA	NA	NA	NA	NA	NA
0.944486173871262	NA	0.667658057595511	0.268812574565305	0.293504656830872	0.237054264995022	0.687766312536206	0.70220092629865	0.785599535287747	NA	NA	NA	NA	0.800212613150101	0.436485593270739	NA	0.518571563302953	0.113554526212345	NA	NA	0.823736359092144	0.242003795180183	0.759118557895359	0.52476308741856	NA	NA	0.629100548661661	0.824995925464308	NA	NA	NA	0.565692380998667	NA	0.62561767460254	NA	NA	1.55692865108919	1.61746352399502	NA	1.03896377852821
1.1289620756243	NA	NA	NA	NA	NA	NA	NA	NA	NA	2.36945637761665	2.27296504890829	NA	NA	NA	2.25542816030858	2.17780686189591	2.03360755931415	1.97828383783522	NA	NA	NA	NA	NA	2.16683616349488	2.24005005942274	NA	1.82525596657114	2.54354421990311	2.1460601511104	1.79895673433084	2.01230645516876	1.82445140704604	1.96642173794135	NA	NA	NA	NA	NA	2.09228587393635
NA	NA	NA	NA	NA	NA	NA	NA	NA	NA	NA	NA	NA	NA	NA	NA	NA	NA	NA	NA	NA	NA	NA	NA	NA	NA	NA	NA	NA	NA	NA	NA	NA	NA	NA	NA	NA	NA	NA	NA
NA	NA	NA	NA	NA	NA	NA	NA	NA	NA	NA	NA	NA	NA	NA	NA	NA	NA	NA	NA	NA	NA	NA	NA	NA	NA	NA	NA	NA	NA	NA	NA	NA	NA	NA	NA	NA	NA	NA	NA
NA	NA	1.25524282890448	NA	1.3533513517635	NA	1.41986671325162	NA	NA	NA	NA	NA	1.44394930103469	1.43872208235798	1.9802991463507	NA	NA	NA	1.7212231906343	NA	1.72438409658796	NA	1.11807927886683	1.74459719020526	NA	NA	NA	NA	1.81407246286274	NA	NA	1.77909747743587	1.79769385385667	1.51303246597548	1.81789298004556	NA	NA	1.87495540028771	NA	NA
NA	NA	NA	NA	NA	NA	NA	NA	NA	NA	NA	NA	NA	NA	NA	NA	NA	NA	NA	NA	NA	NA	NA	NA	NA	NA	NA	NA	NA	NA	NA	NA	NA	NA	NA	NA	NA	NA	NA	NA
0.934522303083201	NA	0.712992937849823	NA	NA	0.423343016414135	NA	0.885253440576458	0.388637600129687	0.70384148434219	NA	0.711841705550407	0.824093598621563	NA	NA	NA	NA	0.628568400148555	NA	NA	0.584044825646456	0.0929722588062141	NA	0.853958471606225	0.639087205383486	NA	NA	NA	NA	NA	0.543882473583142	NA	0.833678257896688	0.622669739073417	NA	NA	0.650769646371135	0.669370572106108	1.12885008435676	0.538649409836645
0.333862499563989	0.586967496566699	0.631821366432032	0.191398884710358	0.497705094433765	0.226816419926963	0.246014968135099	0.287026322064034	0.236194547732085	NA	0.533691457688246	0.679052910353995	1.7146970895714	0.391894777078775	0.41559767161097	0.428086542995839	0.599842445051842	NA	0.300539267398062	NA	0.287856666134314	0.0835669591969039	0.593630761705332	NA	0.352700226252016	NA	0.966819044883035	0.652898840199261	NA	1.03767226592933	NA	NA	0.85758295297956	NA	1.44707382594478	NA	1.0854893363952	1.39237458261214	1.27350485873888	0.963421566753339
NA	NA	1.27396415873383	NA	NA	NA	NA	NA	NA	NA	NA	NA	NA	NA	0.969131191804463	NA	NA	NA	NA	NA	0.361086907102753	NA	NA	0.341854711867791	NA	NA	0.902491395228994	1.26527555368377	NA	NA	NA	NA	NA	NA	2.13297651145802	NA	NA	NA	1.20481019344791	NA
NA	0.775190617100346	NA	0.132676632136571	NA	0.60469594293566	0.597211881534448	0.417744363600155	0.400136768446162	0.407452300782225	NA	0.24299695231405	0.302600112541955	0.299348841875323	0.313309441616505	0.194004329238668	0.332207303916579	0.465858301055687	0.27779194455319	NA	0.51048193169424	0.464618910388946	1.57738935829633	0.520701668278275	0.663611164702324	0.776226523090907	0.923634568936408	0.564516371494045	0.7001146250747	0.396604222734105	0.782026399527522	0.486376882736466	0.309577947684204	0.946188678099537	0.303346664953231	1.75537011270393	1.06413964061124	0.654493197995655	1.1650568735319	0.906391562817619
NA	NA	NA	NA	NA	NA	NA	NA	NA	NA	NA	NA	NA	NA	NA	NA	NA	NA	NA	NA	NA	NA	NA	NA	NA	NA	NA	NA	NA	NA	NA	NA	NA	NA	NA	NA	NA	NA	NA	NA
1.39156054578855	0.689574872118661	0.673772440881159	0.423192354050483	1.19019096999522	0.654736522349945	0.543686968932657	NA	0.419133834089452	0.239675048024963	1.3586487939123	1.15999563558103	0.897818068435841	0.665595159924254	0.462994324531078	1.5182566891921	NA	0.342435065866971	0.272107129822269	NA	0.413697323669145	0.999291924869025	0.826299051679269	0.840353094967134	1.22624735111494	NA	0.651808537860009	0.709862835166928	0.846010144000637	1.48450639493752	1.13444244415133	0.958849546786642	0.999904558659474	1.47198542719985	1.26777956761824	1.31790038326392	1.4012532803061	NA	1.33095716706267	NA
NA	NA	NA	NA	NA	NA	NA	NA	NA	NA	NA	NA	NA	NA	NA	NA	NA	NA	NA	NA	NA	NA	NA	NA	NA	NA	NA	NA	NA	NA	NA	NA	NA	NA	NA	NA	NA	NA	NA	NA
NA	NA	NA	NA	NA	NA	NA	NA	NA	NA	NA	NA	NA	NA	NA	NA	NA	NA	NA	NA	NA	NA	NA	NA	NA	NA	NA	NA	NA	NA	NA	NA	NA	NA	NA	NA	NA	NA	NA	NA
NA	NA	NA	NA	0.694582323902674	0.693525153913977	NA	NA	NA	1.6973023477835	NA	0.507919379598217	0.723156109277173	1.16966582170306	NA	NA	0.549317748885919	0.814058717301179	NA	NA	0.218511930942205	1.00752309736744	NA	0.971281000318965	1.07876162678943	0.631306599724108	NA	1.06808978436901	NA	1.21001909438648	1.521746284872	1.53685894130249	NA	1.56402371416774	1.57421280559946	1.63831620380499	NA	NA	NA	1.48960919504951
NA	NA	NA	NA	NA	NA	NA	NA	NA	NA	NA	NA	NA	NA	NA	NA	NA	NA	NA	NA	NA	NA	NA	NA	NA	NA	NA	NA	NA	NA	NA	NA	NA	NA	NA	NA	NA	NA	NA	NA
NA	NA	NA	NA	NA	NA	NA	NA	NA	NA	NA	NA	NA	NA	NA	NA	NA	NA	NA	NA	NA	NA	NA	NA	NA	NA	NA	NA	NA	NA	NA	NA	NA	NA	NA	NA	NA	NA	NA	NA
NA	NA	NA	NA	1.44257340417702	1.09728249564371	1.01831697360971	1.05597671023563	0.858158562493353	NA	NA	0.340332297351605	1.15088665150844	1.00456851447689	0.815607998218997	NA	0.537311032805893	0.662909149147696	NA	NA	1.17773732544802	NA	0.701440826003158	0.609129846326592	0.443236368762959	0.337573795810141	0.483601447436211	0.496821683587067	0.869142781955942	NA	0.709650201422599	0.166822618707709	0.920274631594749	0.22569848826766	0.68232790293409	0.868124078787772	0.283878578906452	0.492190748965676	NA	NA
NA	2.00241166903026	1.81381502912396	NA	1.45105081035746	NA	1.31576295447608	NA	1.43688037175917	1.838564051878	1.70543670343432	1.36863526709524	0.599539132754059	1.61105799471121	0.579026707094938	NA	1.63589791701086	1.57053758141934	1.08642555977704	NA	1.91639837053482	1.5581898301231	1.75447374324916	1.51318744184067	1.65044305836801	1.3781784983822	1.44988548385434	1.28169332302086	1.41379601774189	1.95987336801718	2.17518716900275	2.26326459270821	2.50759971435838	2.51419783298658	2.96880938025232	2.93928684817829	NA	2.72910391529918	NA	NA
NA	0.608504430675872	NA	NA	0.494640972783154	0.0403089240479979	NA	NA	0.424051099296637	0.531058837842686	0.631976778611599	0.615906663045873	NA	NA	0.578872557881699	1.01555832752571	0.480511920889368	0.718252469771275	0.335194128934795	NA	0.248589918461426	0.207753308447073	0.805347812727695	0.849711019524358	1.02124886537677	1.00295113282295	1.08842756765688	0.809533053310034	1.40015061354662	1.01142483602907	NA	0.664553825250322	0.748972118251989	NA	1.33215775671431	0.774008418234431	1.03833776551147	1.07732808811003	1.75157128946792	0.81326696541309
0.387815433988747	NA	0.451185033742409	NA	0.537760365652002	NA	0.445641097697719	0.509498500588114	0.522057116911396	0.807385581001951	1.17577077783572	NA	1.7020969997075	NA	NA	NA	NA	0.705235703448034	NA	NA	0.575662700432587	0.656598319687101	NA	NA	NA	0.92713489036976	1.04781309484813	1.08526866796296	0.886299525707284	1.84529856845666	1.20334352772775	1.10947480504195	1.23972480098191	NA	1.19131221468468	NA	NA	1.21948467701404	1.14861124129818	NA
0.896068931827011	1.45474861565063	NA	NA	0.878049639835298	0.431294141279323	0.522702095802109	0.105708223987786	NA	1.51519224330272	2.11541054059925	2.07028451434532	0.675754059944641	0.734922805929276	NA	0.592737099275441	1.09237584470257	1.58716242572518	NA	NA	0.350496111487245	0.408133931622075	0.696119462401358	0.821773363664946	0.861586656796567	0.734205568565503	0.688983490444163	1.21932284284458	1.05049352989169	1.22065910614421	NA	1.46952959123142	1.45854396981379	2.15690587282208	2.08395958570146	1.51422198698523	1.56495193984164	1.81651925072127	1.60375253678385	1.78174526933458
1.12137817294124	1.46267449844524	NA	1.14072457309447	NA	0.924572392057319	NA	1.05878213007363	0.908986758795502	NA	1.08339220140289	0.89166406049755	NA	NA	1.22089813039576	1.23478391042334	1.04015627947874	NA	NA	NA	1.05529263655898	NA	NA	1.28628667929523	1.58164535591151	NA	1.20148356961261	0.897039183126142	NA	NA	1.33580566177797	1.31625888074317	NA	NA	1.5412055880753	NA	1.28491069206721	1.77315239399667	1.52436473900247	NA
NA	NA	NA	NA	NA	NA	NA	NA	NA	NA	NA	NA	NA	NA	NA	NA	NA	NA	NA	NA	NA	NA	NA	NA	NA	NA	NA	NA	NA	NA	NA	NA	NA	NA	NA	NA	NA	NA	NA	NA
1.0030198862141	NA	0.795152569440046	NA	NA	1.00343323751385	1.2350690784845	NA	1.45207338841918	0.756369837457205	1.28897786936957	NA	1.2339208411277	1.30910429379343	NA	NA	0.964419488785094	1.24090951869388	NA	NA	0.96908179366353	1.29539807736556	NA	1.70659517168332	1.42188601549077	1.73553172476997	1.3346990921761	NA	NA	1.38193037193482	NA	1.88207745355947	1.71172337825394	1.74659824668427	NA	1.84818508936331	2.08295775244493	2.08972390239503	2.02761580482651	NA
NA	NA	NA	NA	NA	0.78059503265062	NA	0.712818464256989	NA	0.663872704980056	0.612673710465918	NA	NA	NA	0.876055925673826	NA	0.422321446937412	0.639170048320908	NA	NA	NA	0.7895614355588	NA	NA	NA	0.959761666095952	0.464082107534186	NA	0.407087567380166	0.363431823706153	NA	0.140820265046823	NA	0.344821921528425	NA	0.788375589308827	NA	0.751036855189903	0.697348707356869	NA
NA	0.52267806714626	1.26410179799745	NA	0.585955534837306	0.367552616401187	0.799615846270436	0.297232239582282	0.219993206821833	1.49145619774366	0.698792546182133	0.325984608026536	0.671695083953983	1.46426964527289	NA	NA	0.609173267296368	0.891857145930013	NA	NA	0.523910142910504	0.69962360990332	NA	0.570537943345255	0.951503739859586	2.5867480358605	NA	1.46208989683195	1.90798585484683	NA	NA	0.799549836707449	0.726788924867458	0.854212857930658	NA	1.02780364375101	0.839844293947142	0.823685268266291	NA	NA
0.942599881093014	1.0249975131735	0.714137476737912	0.831449624744183	0.850934549118091	1.12490242204957	1.12489014840021	1.59708809289313	1.66085885078601	NA	NA	1.82304640278837	0.933452936503455	1.23074326956528	1.19160966549502	1.16020558426726	NA	NA	NA	NA	0.555681340582372	1.77122024636909	NA	2.16382431553063	0.878643087236625	2.32389583714575	NA	0.430012657727698	NA	0.507530903821175	1.2861099685252	1.65955718788863	1.53865275827382	1.80271605178543	NA	2.26201641705591	1.27076336425994	1.3574674215733	2.26116244549904	1.74800656273194
NA	NA	0.679923207459954	NA	NA	NA	NA	0.864276690839425	NA	0.275540892280878	NA	0.2627840302206	0.137435336597079	NA	NA	NA	NA	1.91048897430962	NA	NA	1.25975653058729	0.66212848374044	0.744793459303411	0.33952062336116	1.73896053385254	1.6578079392241	NA	1.31556487524682	0.400569452062203	0.301545453026572	2.36090687912349	NA	1.00684655083978	1.10160853086326	NA	NA	0.635030712229654	1.17282213137838	0.628578192533005	NA
NA	0.830957919601911	NA	NA	NA	0.979201819386435	0.47198218499595	NA	0.973610147531601	NA	0.312745134670272	0.386508103874812	0.540334473791394	0.725494579923762	0.723546930319505	NA	0.668758917137618	0.343062800734801	NA	NA	NA	NA	0.345772149818462	NA	0.472633667849184	NA	0.467912870041518	0.983273945380197	NA	NA	NA	NA	1.13630449858276	NA	NA	NA	0.6233136458471	0.645869848561405	0.714216595601136	0.814079380483138
NA	NA	NA	NA	NA	NA	NA	NA	NA	NA	NA	NA	NA	NA	NA	NA	NA	NA	NA	NA	NA	NA	NA	NA	NA	NA	NA	NA	NA	NA	NA	NA	NA	NA	NA	NA	NA	NA	NA	NA
NA	NA	NA	NA	0.888126752794425	0.628819368795842	0.851405736943096	0.478424780190345	NA	NA	NA	0.286471534531944	NA	0.4373058191714	NA	0.683357048902276	0.519909101196948	NA	0.465030691132718	NA	0.672413654778512	0.295394977380183	NA	0.29210610515422	NA	NA	NA	NA	0.795709196344008	0.855792881532173	NA	NA	0.958706550724921	1.10613282306687	0.792666295465126	NA	0.39343380116633	0.670001116450828	1.01627189206862	NA
0.733467349011044	0.286897987115425	0.799712970946461	NA	NA	0.356421760174618	0.575573681918296	0.49487592873727	0.492867750319597	0.466503334152741	NA	0.368746312807534	NA	0.554264081962436	0.442459273395848	NA	NA	0.433079586756261	NA	NA	1.26181004478294	1.13081074030913	NA	NA	0.807761051301983	0.709613604045936	1.00407206434855	NA	0.810813130511441	NA	NA	NA	2.17353211617515	NA	NA	NA	0.577344645657874	NA	1.28215912181429	1.76037560758086
NA	1.3228313445603	NA	NA	NA	NA	NA	0.367840366312198	0.623264024097216	NA	0.48303035514182	0.742003909889986	NA	0.733045191457078	NA	0.184939669949734	0.147285713667953	0.25940274762217	0.866232381540676	NA	NA	NA	NA	0.820667733561498	0.341054834360484	NA	NA	0.449921809319871	0.99832286029583	0.636624213429403	NA	NA	0.749242939335608	0.759267882735024	NA	NA	NA	0.434434562661203	NA	0.514060719818503
0.941851226556328	0.927671917725333	0.518276738587117	1.35191147294384	1.17868145256311	1.2395602422416	0.998743070245516	0.519959784131053	0.872366879738962	1.23355790379332	NA	0.656255958701237	0.628700766783575	0.748852835241373	0.372653230466158	0.42770729838884	0.256019207657539	0.307398455502867	0.375604020830844	NA	0.877525930891624	NA	0.776744995579195	0.524867147147217	0.678771297545867	0.397902360274527	0.357844696650586	0.720755183488484	0.718609332182481	NA	0.440044472507704	0.910241050655261	0.675324725527478	NA	0.526441122705389	NA	0.325197237254249	1.58837145682134	0.498993371398396	0.677574888558051
NA	NA	NA	NA	NA	NA	NA	NA	NA	NA	NA	NA	NA	NA	NA	NA	NA	NA	NA	NA	NA	NA	NA	NA	NA	NA	NA	NA	NA	NA	NA	NA	NA	NA	NA	NA	NA	NA	NA	NA
NA	0.956556656162702	0.700291052330849	NA	0.488824690147889	0.445076187629812	0.829127181275627	0.790722293394794	0.551182216079739	0.839370570570186	0.405681265942307	0.438424649161717	0.6012729752855	0.215235744517557	0.805002299303616	0.346456366245399	0.0886027463680729	0.376727993818166	2.04430392150467	NA	0.164214874438152	0.395403959554755	0.646385539985953	0.700625689731001	0.246907201231567	NA	0.399791841643966	0.372986277009576	0.369274566710704	NA	NA	0.789125903252551	0.694799088246449	NA	0.904278953282289	NA	0.558994286965786	0.601095656836103	NA	NA
NA	NA	0.275827129442993	NA	1.47103859216722	NA	0.650705909431022	0.37569020374134	NA	NA	NA	0.652044771388784	NA	NA	0.452252158148432	0.437489079829255	NA	NA	NA	NA	NA	0.140960926044009	NA	0.458871032712892	0.409515025763063	NA	NA	0.424389254014356	0.635457581733688	0.306005591224174	NA	0.668159716779298	0.28497843350019	0.792536125415964	NA	0.639932713107037	NA	0.759735966239036	0.78700466153891	0.693530009335304
NA	2.42582042882801	NA	NA	NA	2.40966961508294	0.450752365270138	NA	NA	1.75462410332697	NA	NA	0.470144532148434	NA	NA	NA	NA	NA	NA	NA	NA	2.14363112180309	NA	NA	1.53348042818776	1.36632398724277	0.987372286078514	1.0553463533565	NA	NA	NA	1.36522261103911	1.17956101861781	NA	NA	1.27768019759426	0.530510864749835	NA	1.29441652099918	NA
NA	0.841619896316775	0.842257167613842	NA	0.209315249611218	NA	0.771855560931306	0.519534867685956	1.98306511190421	NA	1.09076229754689	1.44381678080128	0.730038208259421	NA	0.43142003604324	NA	NA	NA	1.01313234081397	NA	NA	NA	0.565069839164275	0.552503348135026	0.553786699895423	0.784138369064387	NA	0.881903837097609	NA	1.33765414924706	1.7918206862438	NA	NA	1.84393000661803	1.73187310059826	NA	2.15672336179037	NA	2.10472094111068	2.0314640747854
0.935145343384936	NA	NA	NA	NA	NA	NA	0.407824013166686	NA	NA	NA	NA	0.322443898177361	0.315274198680913	0.835392347054004	0.861642574518225	0.415750969714447	0.794481026407805	1.14327578199739	NA	0.0975560031126808	NA	1.05344108585957	NA	0.821869922201571	NA	NA	0.784542863305068	NA	NA	NA	1.50598186441286	NA	NA	0.825866893296901	1.05345671841134	1.25865575846291	NA	NA	NA
1.05367293423541	0.726397508078261	0.472895625934632	NA	0.799671911398066	0.367710036355583	0.566834672804284	1.58347799175348	0.734224356724518	0.657855586535063	0.665154231402911	0.327645002467492	0.597025967230843	NA	0.63481315117471	0.365252473813077	NA	0.387436856126634	NA	NA	NA	NA	NA	NA	NA	NA	NA	NA	0.550590002032663	0.723905398027663	0.401689811244746	NA	0.834132193051405	0.735204734876299	0.694818152618761	0.536298491021693	NA	NA	0.692127123148072	NA
NA	NA	NA	NA	NA	NA	NA	NA	NA	NA	NA	NA	NA	NA	NA	NA	NA	NA	NA	NA	NA	NA	NA	NA	NA	NA	NA	NA	NA	NA	NA	NA	NA	NA	NA	NA	NA	NA	NA	NA
NA	NA	NA	NA	NA	NA	NA	NA	NA	NA	NA	NA	NA	NA	NA	NA	NA	NA	NA	NA	NA	NA	NA	NA	NA	NA	NA	NA	NA	NA	NA	NA	NA	NA	NA	NA	NA	NA	NA	NA
NA	NA	NA	NA	NA	NA	NA	NA	NA	NA	NA	NA	NA	NA	NA	NA	NA	NA	NA	NA	NA	NA	NA	NA	NA	NA	NA	NA	NA	NA	NA	NA	NA	NA	NA	NA	NA	NA	NA	NA
NA	1.30176307224598	NA	NA	1.78108547329027	NA	0.542464682561076	0.838145664307112	0.99980197313316	0.508299690195771	0.325406731726421	0.871118508592584	1.19965291956049	0.72658770894616	0.574857985284573	0.380450752459639	1.61871018225621	0.404598344264001	0.309818085539958	NA	0.689836414131763	1.31431583626401	NA	NA	0.409999947540059	0.420017272118786	0.550602004527031	0.359988134100277	1.86234875401896	1.35206797933322	NA	0.574919744489569	0.630464590743976	1.57409654273519	0.828377525249946	1.36436679740607	1.46754036095359	0.784797927960028	0.540204099512737	0.588727841182107
NA	NA	NA	NA	NA	NA	NA	NA	NA	NA	NA	NA	NA	NA	NA	NA	NA	NA	NA	NA	NA	NA	NA	NA	NA	NA	NA	NA	NA	NA	NA	NA	NA	NA	NA	NA	NA	NA	NA	NA
NA	NA	NA	NA	NA	NA	NA	NA	NA	NA	NA	NA	NA	NA	NA	NA	NA	NA	NA	NA	NA	NA	NA	NA	NA	NA	NA	NA	NA	NA	NA	NA	NA	NA	NA	NA	NA	NA	NA	NA
NA	NA	1.16065991116242	NA	1.07489150721582	0.616549037882723	NA	0.420035474947067	NA	NA	NA	NA	0.465327977769511	0.635889631071421	0.709287995904874	NA	0.347780066215376	0.455985752242408	0.209263038570812	NA	0.248175520319989	0.365549504369884	0.740123693808035	0.540180699182175	0.370908473135124	NA	NA	NA	NA	1.07530533572293	1.84636770201032	0.47240890291441	1.35555673575986	NA	NA	0.677426416103094	NA	NA	NA	NA
NA	0.499056270914184	NA	NA	NA	NA	0.638899947743001	0.537068361615313	NA	0.769348303423982	0.912759208115121	NA	NA	NA	1.22739345698849	0.339603855836952	0.464278177179463	0.568648634485277	0.330418643483112	NA	0.692758914046686	0.730386513085503	0.767877440608198	1.21686226352118	1.64117528663828	1.62428571454241	1.1747239136153	NA	NA	0.850644519163848	0.744018469302014	0.788177820309327	0.958267144149629	0.991013240192051	NA	1.24515809672296	1.37798691931955	1.24057432394129	0.952684230855155	NA
NA	NA	NA	NA	NA	NA	NA	NA	NA	NA	NA	NA	NA	NA	NA	NA	NA	NA	NA	NA	NA	NA	NA	NA	NA	NA	NA	NA	NA	NA	NA	NA	NA	NA	NA	NA	NA	NA	NA	NA
NA	NA	NA	NA	NA	NA	NA	NA	NA	NA	NA	NA	NA	NA	NA	NA	NA	NA	NA	NA	NA	NA	NA	NA	NA	NA	NA	NA	NA	NA	NA	NA	NA	NA	NA	NA	NA	NA	NA	NA
NA	NA	0.315519696825881	0.28321067448866	NA	NA	NA	NA	1.12470865703955	1.11677934395895	NA	0.405089302170681	NA	NA	NA	NA	NA	0.409094006520326	NA	NA	NA	NA	NA	0.982612823906972	1.1922111707362	1.28999699075291	NA	1.99304704213834	NA	1.88567679030254	0.674216183526315	1.11146766879218	NA	0.576969803306335	1.24833569597942	NA	1.02984582878935	1.52522727608683	0.816298688469289	NA
NA	0.842499579461012	0.818639361680858	1.09968727278738	0.860691286998001	0.590533715898395	NA	0.505639474008796	0.594706529105136	0.641369745694895	NA	0.765895367434363	0.616344457136639	0.630530955287546	0.562210971952033	NA	0.364295728136798	0.444380267930196	0.62727663983771	NA	0.26484444058537	0.306552746700237	0.685330306376564	NA	0.752695868904156	0.592935488869708	0.891472717238852	NA	NA	0.991966917560374	0.474718344582433	1.04817820644297	1.17368289006991	NA	1.47203215915974	1.65443607636129	0.488340015830515	2.05046383918385	2.11937372901998	0.962060882853485
1.4198462626615	0.989892151041221	1.25085512179156	NA	1.76446842962796	1.06096691129465	1.26369242046222	0.72867203787942	1.45758545614765	0.637564613381792	2.36727104788378	1.44234364766296	1.95261386769351	1.51878711127333	1.82968766843037	NA	2.27537757700529	0.901737312071067	0.42515979426238	NA	NA	1.65926188350362	1.3543318528555	1.79038436593488	1.9482698489058	1.91339486423714	NA	0.832620291668346	NA	NA	2.52651710150088	NA	NA	NA	2.20353216273024	1.71701622981368	1.50511576877983	1.6849255427402	NA	1.80867427627379
NA	0.507111336654649	NA	NA	0.122850806449602	NA	0.508555488421806	0.25544863513356	NA	0.236039215873476	0.241764419402226	0.216052950313737	0.558726746986289	0.469679350695173	0.388187001646826	0.305340703157511	NA	0.415971544066232	NA	NA	NA	0.211769250428009	0.486963469580655	1.02528576466476	0.470834671590468	0.525731945019531	NA	NA	NA	1.22843645857597	1.09431023766769	NA	1.07705463585644	1.21060895681445	0.928792884227858	0.911942283327957	1.01780960593336	1.19642447547896	1.16930028137497	1.09714472812169
NA	NA	NA	NA	NA	NA	NA	NA	NA	NA	NA	NA	NA	NA	NA	NA	NA	NA	NA	NA	NA	NA	NA	NA	NA	NA	NA	NA	NA	NA	NA	NA	NA	NA	NA	NA	NA	NA	NA	NA
0.763346938020251	0.341936853217546	0.175551595171386	0.562354208218412	0.49437541195079	0.410473383049822	0.597219104610333	0.525418222993144	0.506071501215369	NA	NA	0.266486103257351	0.216635808282528	0.313533839027439	0.521737082589462	0.471530551570637	0.149271529215626	0.171136349965083	0.360820182396205	NA	0.491538497831208	0.258109347209014	0.626467290964115	0.223184276794901	0.626472134765937	1.80318921553098	NA	1.09807847366338	NA	1.35098613256723	NA	1.25184853817034	1.35909392994898	NA	1.67344300794389	1.74142392033218	1.36708649692657	1.48815987137956	1.44399460596964	0.848191002934516
0.874012829602994	0.920560279140684	0.786806634339909	NA	0.563819867554178	0.431078961497721	0.863325575262509	0.551309782207535	NA	0.580994298052169	NA	NA	NA	0.662822837602304	0.718826517295015	0.534941091374525	0.498365277243162	0.481148570650021	NA	NA	NA	0.509474918534883	0.569892712185634	0.546850952281453	0.539671779791586	NA	0.705949689395874	0.74061040817125	NA	NA	1.3185790488952	NA	NA	1.04070323835127	NA	1.0439015513357	NA	NA	NA	NA
0.5228749902486	1.4821559468606	0.438135849072878	NA	1.32570831435459	0.545659964106946	0.540983258034905	0.727784609963831	0.745352885670414	0.761563304413133	NA	1.38426153845705	0.106411610677687	0.205562086096272	0.235404802987094	0.321863733963561	0.254667099813472	0.236812639054431	0.448931519950522	NA	0.423762210662024	0.812850307825031	1.01383178814585	0.661544260501813	1.08551376099141	NA	1.00043038290294	0.777108655048829	0.789771621514733	0.868037941186734	0.901859113240703	NA	1.22778793429078	NA	1.09627107826863	NA	1.32876796603413	NA	1.03137767653994	0.769416017491101
1.40323035919904	NA	0.937239156805998	0.893913180347083	NA	0.813585256093404	0.858038735138189	0.230461928036864	NA	NA	0.892945266921934	0.890690830227705	1.50940402010528	1.0204024829891	0.818356389860068	0.514244834544718	0.462364551023626	0.442273810478427	NA	NA	1.35170986730688	0.172541026129053	0.512134785254077	0.915313585635118	0.690033655377889	0.92323639501025	0.949884291809037	0.966353937635889	NA	NA	0.156416946198837	NA	0.513481275021524	NA	0.393727833192384	NA	0.204232529173909	0.524182440948976	0.101314975552753	0.526481172980407
0.257014053091329	0.30564635577475	0.329174917547607	0.271720460452246	0.274771364366941	0.286121521107692	0.425351969489999	0.617566734837277	0.417159701972889	0.380496196697947	0.572556867635688	NA	NA	0.495603459919132	NA	NA	0.540661790429103	0.544984724609867	1.52339737920924	NA	0.220709866200357	0.124368381945286	NA	0.397177749997188	0.304026141736821	0.463053849060035	0.448849308339866	0.557927723450885	0.470660979468197	0.613550696568274	0.728834960339629	0.684587058026029	0.769771103656631	0.940870360163495	0.954916611973477	1.23812799212599	0.247365919342951	1.35008707910378	1.07852041220956	0.538991648716688
NA	NA	NA	NA	NA	NA	NA	NA	NA	NA	NA	NA	NA	NA	NA	NA	NA	NA	NA	NA	NA	NA	NA	NA	NA	NA	NA	NA	NA	NA	NA	NA	NA	NA	NA	NA	NA	NA	NA	NA
NA	1.18496490926126	1.57351870673661	NA	NA	NA	0.577511488095082	0.608328027495671	0.484817293975631	1.39426375272027	1.60920367507753	1.46146058017556	1.9028794953295	NA	1.58807618904147	0.888764758885889	1.09892991351862	NA	NA	NA	NA	NA	0.348571439218166	0.460745352553167	1.00614395337078	0.462769616352992	NA	1.66120006149174	1.26078848360721	1.19776791218839	2.05587427901183	NA	0.331138262230375	NA	NA	1.61856810919409	0.255443189444907	NA	1.3566025067729	1.10323974853434
0.705472292677207	NA	NA	0.578295625885658	NA	0.882133854365114	1.13055745634829	0.83684723273564	NA	0.232367403137058	0.11709876947119	0.488458369903528	0.666340182501349	NA	1.66331661687343	0.14885799848553	0.448974377093895	NA	0.345523904129663	NA	0.467990556234516	0.493607858162397	0.40299450176798	0.562139859334036	0.938360829297538	NA	0.894990678806726	NA	NA	1.08542347723207	1.55321025413935	NA	1.02264983659316	0.942388627733782	1.722561241484	1.00948312598879	0.838534348346851	0.811588162504402	1.03733565480969	1.11496484112494
0.189432177878433	0.920342124123225	0.83261487217451	1.71888429108515	NA	0.620586833220758	1.02723847697246	0.674269564296466	0.203619647168179	0.2510383369913	0.327205819375723	0.408872636334878	0.443368171261625	0.370866797947448	0.423098828901087	0.910647781900637	0.795390316983752	0.640102588060261	0.230302053443246	NA	NA	NA	NA	NA	0.599935594942711	0.595443044286386	0.340570509254076	0.518226575285994	0.439206500179567	0.944028016102852	1.09114208787637	NA	NA	NA	0.755247352863667	0.694204737223718	0.912523563452089	1.03651346580328	NA	0.623171341715778
NA	NA	NA	NA	NA	NA	NA	NA	NA	NA	NA	NA	NA	NA	NA	NA	NA	NA	NA	NA	NA	NA	NA	NA	NA	NA	NA	NA	NA	NA	NA	NA	NA	NA	NA	NA	NA	NA	NA	NA
0.986993933353438	NA	NA	NA	0.48989784555547	0.328284725387017	0.494799409411758	1.22503908334545	NA	0.686822792690826	NA	NA	NA	0.759924348095488	NA	0.880297097269254	0.594212394879591	0.270311493157818	NA	NA	NA	NA	0.931402663893003	NA	0.89904704073758	0.690567460692011	0.776459183567734	NA	NA	0.64092514873188	0.845027279629078	0.712313099151515	0.631678123976884	1.35013596105939	NA	1.04218840065854	0.593580902014401	0.657419866670141	NA	0.629480040899184
NA	NA	NA	NA	NA	NA	NA	NA	NA	NA	NA	NA	NA	NA	NA	NA	NA	NA	NA	NA	NA	NA	NA	NA	NA	NA	NA	NA	NA	NA	NA	NA	NA	NA	NA	NA	NA	NA	NA	NA
2.10614630133956	0.848496942139539	NA	NA	NA	NA	NA	0.074864076949756	0.116760678467148	NA	NA	0.451206923651413	NA	0.333296115021271	0.402250157771894	NA	2.48069848155796	NA	NA	NA	NA	NA	0.981381842552942	0.651486384815972	NA	2.68037300217492	2.47202433693136	NA	NA	2.14494594995469	1.64472482089015	2.2411048494263	2.2533482547413	NA	NA	1.02809474933598	NA	NA	NA	1.933459608599
0.758051268839491	NA	0.61900019888682	1.51126543946891	0.436865444550155	0.347865806594874	0.466245285902492	0.35155305347998	0.67280257266565	0.271275077072462	0.762199694070987	0.306013551456712	0.487102627464895	0.46894912368001	0.400459101018646	0.3573106227506	NA	0.616766304530027	NA	NA	0.457799773176035	0.524665164698405	0.34522832640991	0.583931045545478	0.6974147522704	0.801180687389787	0.823031220006484	0.630688939871452	0.749610547100427	0.711112215175511	NA	0.782603381184422	0.746922326862154	0.733347094605582	0.361305814552147	0.932172721100234	NA	NA	0.857942530743007	0.904864704528546
NA	NA	NA	NA	NA	NA	NA	NA	NA	NA	NA	NA	NA	NA	NA	NA	NA	NA	NA	NA	NA	NA	NA	NA	NA	NA	NA	NA	NA	NA	NA	NA	NA	NA	NA	NA	NA	NA	NA	NA
NA	NA	NA	NA	NA	2.01460209106342	2.14530588595372	1.90488118043889	1.8011314993234	NA	1.72066333607416	1.37911829884309	2.06594768044925	1.16493379520493	1.22960471521836	0.871232653050202	0.721888278625955	NA	1.79227007246089	NA	0.631316277506099	0.95741782530251	0.757433049230075	1.23615887144782	1.10544706801759	NA	0.505018439787323	NA	NA	NA	1.21562549098207	1.74297839287491	NA	NA	NA	NA	1.67150841048336	2.25235183960578	1.36922650062908	NA
NA	1.63915709711258	1.27531625457774	NA	NA	NA	1.56333071354525	1.25177559758041	NA	NA	1.41361407798949	0.930744420980693	NA	1.09193014682964	1.15581519071958	NA	1.17059407742942	NA	NA	NA	0.355033225278502	0.301985640995639	NA	NA	NA	NA	0.655882765320332	NA	NA	NA	NA	NA	NA	NA	NA	NA	NA	NA	NA	NA
NA	NA	NA	NA	NA	NA	NA	NA	NA	NA	NA	NA	NA	NA	NA	NA	NA	NA	NA	NA	NA	NA	NA	NA	NA	NA	NA	NA	NA	NA	NA	NA	NA	NA	NA	NA	NA	NA	NA	NA
NA	NA	NA	NA	NA	NA	NA	NA	NA	NA	NA	NA	NA	NA	NA	NA	NA	NA	NA	NA	NA	NA	NA	NA	NA	NA	NA	NA	NA	NA	NA	NA	NA	NA	NA	NA	NA	NA	NA	NA
NA	1.02217045514044	1.16960572469879	NA	1.28572856822924	0.861595615618195	NA	0.873816234227436	0.417271500462763	NA	NA	NA	NA	0.7958788839563	NA	NA	NA	0.838494031124559	NA	NA	NA	0.583893762001959	0.570122290145604	0.417982066234205	0.54399234924881	0.928568265843777	0.801192263666692	0.666780719242694	NA	NA	NA	1.04239685330106	1.25201233304651	NA	NA	NA	NA	NA	NA	0.528766441276452
NA	NA	NA	NA	NA	NA	NA	NA	NA	NA	NA	NA	NA	NA	NA	NA	NA	NA	NA	NA	NA	NA	NA	NA	NA	NA	NA	NA	NA	NA	NA	NA	NA	NA	NA	NA	NA	NA	NA	NA
NA	NA	0.98408723033578	0.727066719200151	0.678480697984642	0.494679759140155	0.662517402954532	NA	NA	2.1577392395597	NA	0.443757638483748	0.417706862953013	NA	NA	NA	1.78611155342392	0.156645373201635	NA	NA	0.785005878945064	NA	0.876673089777855	0.637588303030059	0.920232658085465	NA	1.99293332274012	NA	NA	0.974853695850422	NA	1.08178198683146	NA	NA	NA	2.04145629246647	1.69472224384272	NA	1.81446006011458	NA
NA	0.860124640548733	0.636280225983448	0.643810960609194	0.748222125143688	0.39635209591937	0.795627414835967	1.39026809986369	NA	0.947002530852568	NA	0.464526652666916	NA	NA	NA	NA	0.480738120048639	NA	NA	NA	NA	0.525640341948187	0.538724092116038	0.368173023595623	0.3408445574208	0.651075544672566	0.799546578375165	NA	1.09313628783119	NA	NA	NA	NA	NA	NA	1.80595390569722	NA	NA	NA	NA
NA	NA	0.746398140906984	0.940092170945536	1.1324651927999	NA	0.80401670293506	0.796442060930222	0.822715355659395	NA	0.853399197376949	NA	NA	0.693099410857875	0.570818362622591	0.809630451769652	0.717620340421509	0.820889760916433	0.72656280726904	NA	1.34443550798245	0.755145443399405	0.451097889494595	NA	2.18216721126264	NA	NA	NA	NA	1.44667361166441	NA	NA	NA	NA	NA	NA	NA	NA	1.73588890840765	1.79802055505788
NA	NA	NA	NA	NA	NA	NA	NA	NA	NA	NA	NA	NA	NA	NA	NA	NA	NA	NA	NA	NA	NA	NA	NA	NA	NA	NA	NA	NA	NA	NA	NA	NA	NA	NA	NA	NA	NA	NA	NA
NA	NA	NA	NA	NA	NA	NA	NA	NA	NA	NA	NA	NA	NA	NA	NA	NA	NA	NA	NA	NA	NA	NA	NA	NA	NA	NA	NA	NA	NA	NA	NA	NA	NA	NA	NA	NA	NA	NA	NA
NA	0.30814380038967	0.331302331972886	NA	0.243473786883797	0.172984462213147	NA	0.301726112547074	NA	0.604769157243802	NA	0.520468555876455	0.54968923494553	0.355242219111937	NA	NA	0.916314396581501	0.414034305584055	0.0248366930189053	NA	0.543972344357817	1.08216181837625	0.614694772342733	0.858949241010177	0.753870518374645	NA	NA	NA	1.05365644936696	1.31181518343894	NA	1.70955835689472	NA	1.81598904672176	NA	1.8656349619017	NA	NA	NA	NA
NA	0.335718536875196	0.286662672893159	NA	0.575986393150531	0.626324930228664	0.658922326123659	0.60809558827519	0.320472328570582	NA	NA	0.743729049265979	1.0367507906039	0.470711372401031	NA	NA	NA	0.685864604773031	NA	NA	0.679627818756612	0.618163004338661	0.492682575558285	0.807997267565102	NA	0.687026917827086	0.621986787502277	0.504284729689713	0.668479115625009	NA	NA	0.575501632317289	1.0975823681102	0.633953399511645	0.6317755739744	NA	NA	0.934813511103296	NA	0.943875082768759
1.13646474979794	0.501906660287423	1.20561002206996	NA	0.975539542091358	0.571053699474462	0.632705247910369	0.740341206352249	0.988397054179677	1.52106872366257	0.65313794378176	1.1102986278639	1.30599432951941	0.411322345377662	0.268053000825618	0.974015055336843	0.357265975473232	NA	1.52297025350902	NA	0.712919907307005	0.662670723166525	NA	0.794657560900572	0.293060782210184	NA	0.776702442517293	0.560038601974944	0.908450640753068	NA	1.60730766290013	NA	NA	1.57414298835677	1.22674971489418	NA	1.35740913881626	1.87998376814323	0.965218880390101	NA
NA	NA	NA	NA	NA	0.231052410085493	1.7409548766015	NA	NA	0.605796956493447	0.428112543901946	NA	NA	0.588819793347453	0.472418864055074	2.71876070820975	1.1004945216498	0.279920574854606	NA	NA	0.828879951146594	0.654398613648502	0.746996968507998	0.913986305375318	0.860255675139977	0.435248985486785	1.13566926408773	1.17078170166736	0.950150176122955	1.30813349623212	1.4971582343221	1.11570717378932	1.58941660173292	1.46561549223399	1.5772313573075	1.25626756308482	1.0832521888587	1.56816993579378	1.23622543181407	NA
NA	1.04096810201063	NA	NA	1.03907606642554	0.75304313607297	0.577564068534383	NA	NA	0.53397867615529	0.638723885184177	NA	0.845605022003848	0.687330370847849	0.408086877414088	0.757012029024699	0.616648973014837	0.391960558854232	0.442352961952013	NA	0.444178512177407	0.24268171444156	0.55885228956968	NA	0.417156292558803	NA	NA	0.178286245992146	NA	0.639840124546688	NA	1.06745881115332	0.520712627391841	0.549620359657803	0.389075493988525	NA	NA	NA	0.375046698085394	NA
NA	NA	NA	NA	0.409917156643486	0.739405554418373	0.643573069358632	0.695447627309008	NA	NA	0.286056329583265	0.366821249956211	NA	0.503559452076616	0.452260786225481	NA	NA	NA	NA	NA	1.59380472602398	NA	NA	NA	NA	NA	NA	NA	NA	NA	NA	NA	NA	NA	NA	NA	NA	NA	NA	NA
0.295738866048122	NA	0.386478816042192	0.46541185978732	0.252137521988535	NA	0.276682213463165	0.187256851226188	NA	NA	0.584950348775543	NA	NA	0.373028064154275	0.336817754602471	0.358903163412868	NA	0.742072372002246	NA	NA	0.552418169431302	0.951770408582142	NA	0.641651152016986	0.491640996338614	NA	NA	0.605580734003343	NA	0.496242765880116	NA	NA	1.0386285406016	NA	0.75454165581274	0.720839531016859	NA	NA	0.744429092814281	NA
NA	NA	NA	NA	NA	NA	NA	NA	NA	NA	NA	NA	NA	NA	NA	NA	NA	NA	NA	NA	NA	NA	NA	NA	NA	NA	NA	NA	NA	NA	NA	NA	NA	NA	NA	NA	NA	NA	NA	NA
NA	NA	NA	NA	NA	NA	NA	NA	NA	NA	NA	NA	NA	NA	NA	NA	NA	NA	NA	NA	NA	NA	NA	NA	NA	NA	NA	NA	NA	NA	NA	NA	NA	NA	NA	NA	NA	NA	NA	NA
NA	NA	NA	NA	NA	NA	NA	NA	NA	NA	NA	NA	NA	NA	NA	NA	NA	NA	NA	NA	NA	NA	NA	NA	NA	NA	NA	NA	NA	NA	NA	NA	NA	NA	NA	NA	NA	NA	NA	NA
NA	NA	NA	NA	NA	NA	NA	NA	NA	NA	NA	NA	NA	NA	NA	NA	NA	NA	NA	NA	NA	NA	NA	NA	NA	NA	NA	NA	NA	NA	NA	NA	NA	NA	NA	NA	NA	NA	NA	NA
NA	1.86133328389438	1.92199561563326	NA	0.507270333305482	0.826965364518576	0.373492803393275	0.307436752053316	0.468629261633159	0.650984890701266	NA	0.672329567518224	NA	0.908924360552981	NA	NA	NA	0.352558141022078	1.40717576227564	NA	1.3783249739303	NA	0.611715446679727	0.700472196685281	NA	NA	NA	NA	1.1901896197797	1.2085772062097	NA	NA	NA	NA	NA	NA	0.800632232646313	NA	NA	1.33395885432665
NA	NA	NA	NA	NA	1.8677245654524	0.489393213083178	NA	NA	NA	NA	0.635271115987764	1.02052427389288	0.383582992712504	0.430006652135147	NA	0.56964988183564	0.224541261151772	NA	NA	NA	0.460303243444345	0.288352042934376	0.479464246510218	0.643776848719965	0.626724877749702	0.723730734142688	0.884047646254524	0.955437935244287	1.05105265700081	NA	NA	NA	0.747879774555286	NA	NA	0.829274907684635	NA	NA	1.02808896247235
1.00702828080816	1.77543675266247	1.83171866040374	NA	1.89326678543566	0.437081365214728	NA	0.450995558465855	0.494186082977731	NA	NA	NA	1.03480192229318	1.38182528688251	1.60183204699155	1.17289355151742	NA	0.636602205888412	NA	NA	0.159348883439091	0.411181503692092	0.527016412163024	1.1689959304302	1.18222217183519	1.08769983661817	1.21836542475235	0.888109607571183	1.40566875317075	1.20712721658861	1.31029318599154	1.16575681449279	1.00995367696305	1.19291379155097	1.19183625073401	1.58554636896591	1.11136313520976	0.864654601332228	NA	0.766989499028002
NA	NA	NA	NA	NA	1.90255402644471	0.503862531464018	NA	NA	NA	NA	NA	NA	1.82137867002974	NA	NA	1.48301223216551	2.22865545389561	2.44601025195832	NA	NA	1.70758921943092	NA	0.22822075685169	2.25697277978637	NA	NA	NA	NA	NA	0.354047650403601	NA	NA	0.809046831973396	NA	NA	1.20551715795109	NA	NA	NA
NA	NA	NA	NA	NA	NA	NA	NA	NA	NA	NA	NA	NA	NA	NA	NA	NA	NA	NA	NA	NA	NA	NA	NA	NA	NA	NA	NA	NA	NA	NA	NA	NA	NA	NA	NA	NA	NA	NA	NA
NA	NA	NA	NA	NA	NA	NA	NA	NA	NA	NA	NA	NA	NA	NA	NA	NA	NA	NA	NA	NA	NA	NA	NA	NA	NA	NA	NA	NA	NA	NA	NA	NA	NA	NA	NA	NA	NA	NA	NA
2.37812689145602	NA	2.25470984377904	NA	2.44753183436891	NA	NA	2.58656082732708	2.49576022752162	NA	NA	1.78624925968753	NA	1.97091814330814	1.8923329496367	NA	NA	NA	0.384287755333177	NA	NA	0.040294077199061	2.09001437876525	1.56074240851613	1.37363759744599	0.344586403563413	0.244407263147654	NA	1.14475943247963	NA	1.72866695664086	NA	0.557138244492032	NA	1.36178435037697	0.945790413464897	0.907373772305426	NA	1.68418413960495	2.09048284603732
0.431542772320909	0.54435078974079	0.571283346982538	0.772257174119287	NA	0.807347942627375	0.595580458044121	0.517056271844587	0.426436415720375	0.84213015176895	0.388813763424204	NA	NA	1.04018026767364	NA	NA	0.26622977494415	0.501028742103004	NA	NA	0.447201788718975	0.42626773782596	0.565652287220355	0.380616472396665	0.949680358755835	NA	NA	NA	1.08029263730247	NA	NA	0.961755744639187	NA	NA	NA	0.862661695494147	0.651248349169105	NA	NA	NA
NA	NA	NA	NA	NA	NA	NA	NA	NA	NA	NA	NA	NA	NA	NA	NA	NA	NA	NA	NA	NA	NA	NA	NA	NA	NA	NA	NA	NA	NA	NA	NA	NA	NA	NA	NA	NA	NA	NA	NA
NA	NA	NA	NA	NA	NA	NA	NA	NA	NA	NA	NA	NA	NA	NA	NA	NA	NA	NA	NA	NA	NA	NA	NA	NA	NA	NA	NA	NA	NA	NA	NA	NA	NA	NA	NA	NA	NA	NA	NA
0.678607506715206	1.15920908594122	NA	NA	2.02461383043459	NA	NA	0.493436691770632	1.84152999247401	0.550787356122178	1.7898503825292	2.13853776011044	0.798476622791408	0.589920100558158	0.712252883605886	0.790607386008092	1.59783409346102	0.691052008167021	NA	NA	0.39975066308857	0.590223822654823	NA	NA	NA	0.624281705694305	0.563191961611929	NA	NA	NA	NA	2.44926013514116	NA	0.90445311408165	1.88531609460314	2.13688264790678	1.06675837135386	0.906267433220014	1.87238832316014	1.18348270185818
2.38570186139404	NA	NA	NA	2.01609940526024	2.41113377394488	NA	2.1583331565254	NA	NA	2.44904381054295	NA	2.13158785492855	2.05060808531845	1.89395908191276	NA	2.623404555132	NA	NA	NA	NA	1.85581835489512	2.54105746231353	2.06972403354289	NA	2.21852886069539	2.33318953579305	NA	1.79396520430375	1.77947516792769	NA	1.46608015946482	1.6562262299102	NA	2.00791507280982	1.92933215196942	NA	2.3102565261421	2.53457570602389	1.58334656721049
NA	NA	NA	NA	NA	NA	NA	NA	NA	NA	NA	NA	NA	NA	NA	NA	NA	NA	NA	NA	NA	NA	NA	NA	NA	NA	NA	NA	NA	NA	NA	NA	NA	NA	NA	NA	NA	NA	NA	NA
NA	NA	NA	0.539087325265338	NA	1.87084819782386	0.296693088227827	0.43791146806611	0.916743054916952	0.667694262986123	1.4228122246802	NA	0.262114700501158	1.99005721924216	1.46445934911576	1.9277377002687	NA	0.729364699478248	2.02282071776497	NA	0.344418717048551	1.68904826630277	0.949066338441483	0.412636221275495	0.448889807623795	1.07026110152624	0.481620739653855	0.684443293572194	NA	0.342641972629976	1.16793227088378	1.06699186034935	0.285130861026062	0.614555576281146	0.586244825665291	0.599119761235697	0.415766710098927	1.31538783079265	1.94841706434011	1.21654971870672
NA	NA	NA	NA	NA	NA	NA	NA	NA	NA	NA	NA	NA	NA	NA	NA	NA	NA	NA	NA	NA	NA	NA	NA	NA	NA	NA	NA	NA	NA	NA	NA	NA	NA	NA	NA	NA	NA	NA	NA
NA	NA	NA	NA	NA	NA	NA	NA	NA	NA	NA	NA	NA	NA	NA	NA	NA	NA	NA	NA	NA	NA	NA	NA	NA	NA	NA	NA	NA	NA	NA	NA	NA	NA	NA	NA	NA	NA	NA	NA
NA	NA	NA	NA	NA	NA	NA	NA	NA	NA	NA	NA	NA	NA	NA	NA	NA	NA	NA	NA	NA	NA	NA	NA	NA	NA	NA	NA	NA	NA	NA	NA	NA	NA	NA	NA	NA	NA	NA	NA
1.77290491875943	NA	1.86462337515572	NA	NA	NA	2.16663784723369	1.61756153986164	0.670520062015127	NA	2.09381898698004	2.38547598040578	NA	NA	0.317579397563313	NA	2.00953991542667	1.89162387233378	0.180292637871751	NA	1.76135100130684	0.397080951257118	NA	1.83646720310678	0.638537082070371	0.553527557084794	NA	NA	NA	NA	1.56304779532462	0.660788268869088	NA	0.719395337211511	NA	NA	0.692208085076875	0.470523160345819	0.45927214976167	0.495547129245087
0.818767764510414	NA	0.797771823165145	1.03983178581567	NA	1.17998192329792	0.805325319562232	NA	NA	NA	0.481912470621324	0.530569537409561	0.167758845139086	NA	0.215007805940152	1.4599900802969	0.309009896775632	0.180574269954972	0.302561030948734	NA	NA	0.790986057129869	NA	0.366121919331167	0.80188260725897	0.611545690669215	0.405455848367885	0.924939380462155	NA	0.661795997314671	0.661044555393639	0.665880267982853	0.442203670252114	0.269673824784174	0.22984048393858	0.295009605466027	0.263724330427656	0.374454598361012	0.183522679778549	1.06016501151954
NA	NA	NA	NA	1.10686878044263	NA	NA	NA	NA	NA	NA	NA	NA	0.678187135839766	NA	NA	NA	NA	0.23688384310968	NA	NA	NA	0.444209763559985	NA	0.633244170949178	1.33046988835187	NA	0.530084438276842	NA	NA	NA	NA	NA	NA	NA	NA	NA	NA	NA	NA
0.723698351902684	0.679847492181448	1.51977590274773	1.18816112463296	1.02070668655403	NA	0.174619091534514	0.43161719249476	NA	NA	NA	NA	1.47156516759062	0.418373132542042	0.666423514655917	0.798958475889628	1.21594502170091	0.145252695859644	0.26127673332033	NA	NA	NA	0.804371016246184	0.788072464003904	1.46064343769016	1.19225642193458	NA	0.198761110743377	1.54425617027719	1.62579459886737	1.07724795568797	1.48266220969048	NA	0.710922877972327	NA	0.647193748399184	1.6370188952053	0.452475197179745	NA	0.690793848196851
NA	1.53391206997413	NA	NA	NA	1.595198657191	1.87932580304629	NA	1.70824981516397	NA	1.63069595076238	1.3255841825508	NA	NA	NA	NA	1.37167607474891	NA	1.59921817017333	NA	0.995279012397634	0.662057209042305	0.279743229253013	0.539949311045765	1.35508697149494	1.57542115883315	0.970685369012575	1.00942135731602	1.6552352752745	1.7428489983811	1.24807988084099	1.5357366827735	NA	NA	1.50730692925317	NA	NA	NA	NA	NA
1.9496224621618	0.640714972180193	0.695697887384134	NA	0.714634559850877	0.232667313236627	0.329899083933332	0.670139704801241	NA	0.968191490907757	0.842949113157199	0.863843041845243	0.953193605347214	NA	1.08390691552516	NA	NA	0.908733854923457	0.346416907464107	NA	0.77400064432216	NA	NA	NA	NA	NA	NA	0.874186453677951	0.465186126425424	0.844510566077919	1.15936120631199	NA	1.21696150603472	NA	0.583637539091149	0.901647294021828	1.21342696497525	1.13720060983971	0.50373875192309	0.483448833335995
NA	NA	NA	NA	NA	NA	NA	NA	NA	NA	NA	NA	NA	NA	NA	NA	NA	NA	NA	NA	NA	NA	NA	NA	NA	NA	NA	NA	NA	NA	NA	NA	NA	NA	NA	NA	NA	NA	NA	NA
NA	NA	NA	NA	NA	NA	NA	NA	NA	NA	NA	NA	NA	NA	NA	NA	NA	NA	NA	NA	NA	NA	NA	NA	NA	NA	NA	NA	NA	NA	NA	NA	NA	NA	NA	NA	NA	NA	NA	NA
1.46217266356576	1.29979417484521	NA	1.52248598779433	NA	1.35807564066726	1.41960780080848	NA	NA	1.4480564999867	1.39675108732588	NA	1.21841798826327	0.840164772595047	0.596673157203363	1.82891527736537	0.312435646824243	0.321788563670837	NA	NA	0.301491751427846	1.84241507419508	0.355572879103523	0.180237815357347	0.395670241380168	0.510785655077997	NA	1.61207696158625	0.37672013487705	NA	1.54981000008134	NA	1.91484544357751	1.80962126478091	NA	NA	NA	NA	1.96981962129048	0.417826563360984
NA	1.49936932413576	1.03806538637284	NA	0.62609939906274	0.663569200270904	0.701131605184478	0.66596481082316	0.55163672299821	0.360265120317066	0.397339853861743	0.677331861236984	0.300497118764015	0.163983797759116	0.277170507421238	NA	0.384927095942032	0.747045282006195	0.965348790092203	NA	1.69869158840785	1.75545449533792	1.65722536251661	1.8387548946388	1.75152583805846	0.351491080377512	NA	1.9146274963758	0.319939970787107	0.272856176456554	2.2570839694727	1.66012193946608	0.209959073919883	0.147727292025415	0.284319808229455	0.44103700932609	NA	0.392182675549338	2.10519897433892	0.447935939582922
NA	NA	NA	NA	NA	NA	NA	NA	NA	NA	NA	NA	NA	NA	NA	NA	NA	NA	NA	NA	NA	NA	NA	NA	NA	NA	NA	NA	NA	NA	NA	NA	NA	NA	NA	NA	NA	NA	NA	NA
2.08450890941429	1.87614140766103	2.64102192580421	0.794488859089754	1.68044146123372	2.08822713494689	1.58376932764081	1.39910713460603	1.21636293999482	NA	0.834285262712175	2.59636976836805	1.7255944730858	1.08876536652339	NA	1.54576844177324	NA	NA	0.711356380066777	NA	1.44971846616282	1.59704980534743	0.573661630684833	1.87253172248	1.83017592662453	1.05032027179544	2.13991156565325	2.12670078205381	2.17616808018781	1.12802583235176	0.972033507615048	1.53060089920413	0.406497906973041	0.459612452166069	1.23255110094548	1.25262679074119	1.4947325279604	1.92465143559197	1.3472937192821	2.53615798291205
NA	2.01408969285614	0.861859619480221	NA	NA	NA	0.741024181382698	0.748450109222827	0.862975319718319	NA	2.21116527705551	1.72651259673229	1.22212564761701	1.62953038041573	1.02166925350309	NA	0.519409408337161	NA	0.238492170390209	NA	0.973841014898469	1.77699683859564	0.177867473454247	1.55415141966548	1.79787865944268	0.589057844007819	0.775599645284105	0.965983265521044	0.842359537786253	0.94279218271477	0.518114146816852	NA	0.493347190997252	NA	NA	0.690991931347621	0.545651664112238	0.958510993497006	NA	1.09255376689982
NA	NA	NA	NA	NA	NA	NA	NA	NA	NA	NA	NA	NA	NA	NA	NA	NA	NA	NA	NA	NA	NA	NA	NA	NA	NA	NA	NA	NA	NA	NA	NA	NA	NA	NA	NA	NA	NA	NA	NA
NA	NA	NA	NA	NA	NA	NA	NA	NA	NA	NA	NA	NA	NA	NA	NA	NA	NA	NA	NA	NA	NA	NA	NA	NA	NA	NA	NA	NA	NA	NA	NA	NA	NA	NA	NA	NA	NA	NA	NA
NA	1.05032616517513	NA	NA	1.66013721226532	0.556169472968921	1.29104199380178	0.591352369989772	0.550190308722069	NA	0.654177490593059	NA	0.881880237167116	NA	NA	1.01327953956522	1.17041415548901	1.52384534158433	0.359330422126831	NA	0.417043177781311	2.14562860377171	NA	0.535778737641159	NA	0.570874676042584	0.301603536092554	0.313372046385709	0.193755466890542	NA	0.559917304714648	0.478948368508752	0.239949696776242	NA	NA	NA	0.313929488589523	NA	0.86608772493182	NA
NA	NA	2.4290398006726	NA	NA	1.68611384985968	NA	1.68839139461455	NA	2.17730004178629	NA	1.5266207595334	NA	NA	1.4655770126207	NA	1.82403039504775	NA	NA	NA	2.25422219226789	2.00506833966359	2.29299925524387	NA	2.0366885132518	NA	NA	NA	NA	1.34012574540834	1.63495639022206	1.78620639925754	1.96710753969242	2.31241412673478	2.10834306998458	NA	1.99447009414043	NA	2.08854390616567	2.2844420049242
NA	NA	NA	NA	NA	NA	NA	NA	NA	NA	NA	NA	NA	NA	NA	NA	NA	NA	NA	NA	NA	NA	NA	NA	NA	NA	NA	NA	NA	NA	NA	NA	NA	NA	NA	NA	NA	NA	NA	NA
NA	1.06380623633001	NA	NA	0.607619328524313	0.36903410307838	1.1946304545712	1.60551457800922	NA	0.519424162595044	1.34620356368392	0.745287157273297	1.41272538372287	0.545083228179158	NA	NA	0.257050286403354	NA	0.817201577814536	NA	0.143598219503222	0.41044932928966	NA	1.23374379066888	0.880607361938226	1.16273061735393	0.837784183571168	1.0815697103225	0.646608747436906	NA	0.724370807164055	0.537815948642951	0.54066364925213	0.833744280131773	NA	NA	NA	1.29798448325999	1.25621618911714	1.25707341699385
NA	0.667958282632474	1.33766891462643	0.706423061609422	NA	0.577911737535296	2.07601359025569	NA	NA	NA	2.51959902423448	0.266242873803403	1.31040151739848	0.645499824559526	NA	NA	NA	0.412121618516499	0.400750149000348	NA	1.85815135474938	NA	2.32553703256392	0.589443894788935	2.31997420800344	2.17497816017782	0.947321017142678	NA	NA	1.98161432236186	0.465131268520286	0.389166694350422	2.132900363593	0.40061266538841	2.12522606806185	2.06474701587312	2.06997959221972	1.48460632220748	NA	2.05898631421397
NA	NA	NA	NA	NA	NA	NA	NA	NA	NA	NA	NA	NA	NA	NA	NA	NA	NA	NA	NA	NA	NA	NA	NA	NA	NA	NA	NA	NA	NA	NA	NA	NA	NA	NA	NA	NA	NA	NA	NA
NA	NA	NA	NA	NA	NA	NA	NA	NA	NA	NA	NA	NA	NA	NA	NA	NA	NA	NA	NA	NA	NA	NA	NA	NA	NA	NA	NA	NA	NA	NA	NA	NA	NA	NA	NA	NA	NA	NA	NA
1.11975347007388	NA	NA	NA	NA	NA	NA	NA	0.979779898774096	1.33243898943612	NA	NA	1.06792553926213	NA	0.295306653514957	1.26741653893116	0.901131671629156	0.400336347242966	NA	NA	NA	0.574385155327821	1.16720144989542	NA	0.487310613317539	0.511324881384991	0.477608409513583	1.00440816664608	0.51009643838297	0.73509029437292	0.98784849788095	1.10134544404922	1.07727036707458	NA	1.10370399706244	NA	0.39489404687013	0.70065988764711	0.830599950200076	NA
NA	NA	NA	NA	1.20758088100181	NA	0.889441154916831	0.911914382918822	NA	NA	0.438320100989938	NA	NA	NA	0.372849372640093	0.135981897584046	NA	NA	1.56756857435483	NA	NA	0.205977038959469	NA	NA	NA	NA	NA	NA	NA	NA	NA	0.852044359972925	NA	NA	NA	NA	NA	0.79144749450183	1.45620214404364	NA
NA	NA	NA	NA	NA	NA	NA	NA	NA	NA	NA	NA	NA	NA	NA	NA	NA	NA	NA	NA	NA	NA	NA	NA	NA	NA	NA	NA	NA	NA	NA	NA	NA	NA	NA	NA	NA	NA	NA	NA
0.550219696493383	0.633993677247907	0.450937356996521	0.228985354577149	0.166010631082292	NA	0.214864927844068	NA	0.629578670756634	1.13797993239516	0.499344209073722	0.767170623504564	NA	NA	NA	0.362783787503693	0.60167196441256	NA	0.591390323655086	NA	NA	0.351844877070385	0.492758448168978	NA	1.09886942477886	0.718356955833241	1.0119205469679	1.76813851043362	1.33398493009792	1.23753164156061	1.34877208334209	1.29609733569232	1.33855529155469	1.20656570165726	1.16367136785565	1.38746551801226	NA	NA	1.2412184165523	1.42388324313384
1.18779491265933	NA	0.908849978972804	NA	1.33722732159911	NA	NA	NA	0.538670262030511	NA	0.458817964300211	0.291984646592124	1.05523480493177	NA	0.712582762421045	NA	NA	NA	NA	NA	NA	0.340331401734986	NA	NA	0.464956909804663	NA	NA	1.7447237112039	0.214922095852738	0.201366685727363	NA	NA	NA	0.797339278638308	NA	NA	NA	1.47185769426407	NA	0.383429286893264
NA	NA	NA	NA	NA	NA	NA	NA	NA	NA	NA	NA	NA	NA	NA	NA	NA	NA	NA	NA	NA	NA	NA	NA	NA	NA	NA	NA	NA	NA	NA	NA	NA	NA	NA	NA	NA	NA	NA	NA
NA	NA	NA	NA	NA	1.37563822005185	1.36044160813046	1.40144360990658	1.34805165657471	0.997154207967937	NA	1.29543575560662	0.469307953366639	1.16327148110722	0.950040022653556	0.533079995818118	0.419555590866157	0.810905382507904	1.03319470768951	NA	0.312698900643574	0.398065530520995	0.340338931074408	0.532356752896204	0.323936392108378	0.635834405351416	0.799475866078955	0.77789094906601	0.873306309792531	0.763716236839444	0.824572367427096	1.44638781917844	1.19868344145163	1.51817382423664	0.894922960673875	1.1855715110372	1.5526780875359	1.88440793476869	NA	1.84639639419802
NA	NA	NA	NA	NA	2.106769469647	NA	1.9570137013116	1.33225187544809	NA	0.0992613406621189	0.298771670899725	NA	0.581155404883398	NA	NA	0.366934797404474	NA	NA	NA	1.7168208140445	1.95721531529386	1.42311838319279	NA	1.57567079543141	NA	0.843102771551362	NA	NA	NA	2.21555062463314	2.69806723373696	2.10390475000269	1.85262638566852	NA	1.1492945069781	1.27453274165675	1.10264045711589	1.40693161777391	1.52289660963302
0.735682628866464	0.526614728021103	0.600624480904473	0.541549990076025	0.536234106944121	0.647409562257399	0.760111258795764	1.14542326420338	0.796468948812984	0.737410465396494	0.730215288165655	0.585945579707799	1.16732690995846	0.630282775207092	0.602804438580268	0.698368996429258	0.717388866526773	0.7070390779177	0.338165461374499	NA	0.296947825728229	NA	0.492538256340223	0.388165431670722	0.76012083755807	0.779546584990254	0.313916374128849	0.626685349284987	0.946463786107929	0.87753312813089	0.351453197327393	0.259760871024298	0.806048082775621	1.00057772741232	0.776147513143325	NA	0.337788847000531	NA	NA	0.312569882824502
NA	0.356074826327805	NA	0.588611886475883	NA	0.483004731904646	NA	NA	0.520593701148878	1.11325174607883	NA	NA	NA	NA	0.358777219344241	NA	0.425152742376648	NA	0.26676280020526	NA	NA	0.4325774994576	0.3694629444628	0.443390906946959	0.98176740403096	NA	0.959228478735762	0.818961900538455	0.746720511285344	1.32506232593055	1.53169746538713	1.49983397963832	1.31343109945163	1.31876601988401	0.872353030321147	0.917946238424385	1.0169935889332	0.787336022560246	0.886360541704698	1.7237751054826
NA	NA	NA	NA	NA	NA	NA	NA	NA	NA	NA	NA	NA	NA	NA	NA	NA	NA	NA	NA	NA	NA	NA	NA	NA	NA	NA	NA	NA	NA	NA	NA	NA	NA	NA	NA	NA	NA	NA	NA
NA	0.74711498433388	0.797933763405712	NA	0.74217154805002	NA	0.906537440434208	0.288497610897137	NA	NA	NA	0.195855973330023	0.912399214958541	NA	NA	NA	0.161435582246877	0.379209320619538	NA	NA	NA	NA	0.584064431439458	NA	0.330155088665282	0.92519775719842	NA	NA	1.51188578224143	NA	NA	NA	NA	NA	NA	1.41188319425202	1.31765203999486	NA	NA	2.26353656886501
NA	NA	NA	NA	NA	1.46758024942718	NA	NA	1.29546786391806	NA	NA	0.939301146293051	NA	0.614696290191173	NA	0.972316730002765	0.624198680734366	0.589584636480062	NA	NA	0.572067011527722	0.693425340136483	NA	NA	0.251118954564937	0.146264248939393	NA	NA	0.984691889615652	NA	NA	0.361704904197448	NA	NA	0.932831816283385	NA	0.671316065260497	0.639571047879472	NA	0.652703879466492
NA	1.04987063220154	0.910499736927178	NA	NA	NA	0.348416633215034	0.34616969393511	NA	NA	NA	NA	0.321075026630431	0.59177173001418	NA	NA	0.215466113525208	1.26221596841681	NA	NA	NA	NA	NA	NA	NA	NA	NA	0.355769958546892	0.468105923179908	NA	NA	0.79629362135377	0.694566496377934	1.06867674020834	0.818510799674234	1.68357010736108	0.544763011911113	0.337254757167898	0.521317371894244	0.454852280421344
NA	0.865325813809175	NA	1.45461696259615	1.11249689202818	0.557235640660998	0.266684531089602	0.391905694267911	0.233319522726141	0.772638999639862	0.984009929624177	0.73874783066284	0.512032258290082	0.672491812206034	0.277549459911265	0.919194806862893	NA	NA	0.177216066079865	NA	0.201811720706707	0.694817013791339	1.53766488024142	1.03417875394023	1.11945195651718	0.858589499425366	1.22277591320992	NA	1.01356107766217	NA	NA	1.10814133576917	NA	1.00597071933026	NA	1.57442839701226	NA	NA	NA	NA
NA	NA	1.31779583324939	NA	NA	NA	0.374160164358557	NA	0.384269082316276	NA	0.519452062957668	NA	NA	0.865269403526276	NA	NA	NA	0.339261653500875	NA	NA	0.889069715383565	NA	1.13055523003867	NA	0.796110120002691	NA	1.77518576223398	1.55150478180475	1.94382385107887	1.43896232546189	1.30314103253496	1.79160424820647	1.76095497933379	NA	1.62413096490717	1.77529671713768	NA	2.12053829381895	2.34983375280014	2.39569455161238
NA	NA	NA	NA	NA	NA	NA	NA	NA	NA	NA	NA	NA	NA	NA	NA	NA	NA	NA	NA	NA	NA	NA	NA	NA	NA	NA	NA	NA	NA	NA	NA	NA	NA	NA	NA	NA	NA	NA	NA
NA	NA	NA	NA	NA	NA	NA	NA	NA	NA	NA	NA	NA	NA	NA	NA	NA	NA	NA	NA	NA	NA	NA	NA	NA	NA	NA	NA	NA	NA	NA	NA	NA	NA	NA	NA	NA	NA	NA	NA
NA	0.523228727243345	1.2263882224745	NA	NA	NA	1.38742233354623	NA	NA	1.05148146023238	NA	0.650867830417788	NA	1.44325079172952	0.523282986235499	1.68155051599483	1.53938241226546	1.38859522230009	NA	NA	0.800291238938025	0.160096817994349	0.414220534060636	NA	0.409926348426164	0.809916874738275	0.481201368155532	0.658428272289579	0.444010626073945	0.533652790067298	0.456793583045503	0.619561781378162	0.379787340520728	NA	NA	0.398046774579766	0.444607971900861	0.485836274296775	0.331082703763306	0.44116826696978
NA	0.700097978573701	NA	0.712330828715338	NA	NA	0.434564032525218	0.340821047075533	NA	0.26585599816115	NA	0.383077521395824	NA	1.67958563230283	NA	0.969021082400151	0.483870130424629	0.50006440211755	NA	NA	NA	1.75069480356332	2.18965131594642	1.8313686993227	1.76167256782147	NA	1.76615090226208	NA	NA	NA	NA	NA	0.791770849209487	0.602545997757335	NA	NA	0.382714658533013	NA	0.714659184239473	NA
NA	NA	NA	NA	NA	NA	NA	NA	NA	NA	NA	NA	NA	NA	NA	NA	NA	NA	NA	NA	NA	NA	NA	NA	NA	NA	NA	NA	NA	NA	NA	NA	NA	NA	NA	NA	NA	NA	NA	NA
NA	NA	NA	NA	NA	NA	NA	NA	NA	NA	NA	NA	NA	NA	NA	NA	NA	NA	NA	NA	NA	NA	NA	NA	NA	NA	NA	NA	NA	NA	NA	NA	NA	NA	NA	NA	NA	NA	NA	NA
NA	NA	NA	NA	0.526839802409943	NA	0.381201706351575	NA	NA	NA	0.40772843024017	NA	NA	0.275596895664301	NA	NA	0.70576185327265	1.12101873617772	NA	NA	NA	NA	0.992626631659186	0.594009202954331	0.839414175264319	0.401197598283158	0.976302201370542	NA	NA	NA	NA	0.911410784776853	1.4827382529238	1.58651864442085	1.33765770118414	1.67140892953499	0.867536270454106	NA	1.44678117094924	NA
NA	NA	NA	NA	NA	NA	NA	NA	NA	NA	NA	NA	NA	NA	NA	NA	NA	NA	NA	NA	NA	NA	NA	NA	NA	NA	NA	NA	NA	NA	NA	NA	NA	NA	NA	NA	NA	NA	NA	NA
NA	NA	NA	NA	NA	NA	NA	NA	NA	NA	NA	NA	0.242008791676067	0.193442630266606	0.251116961257805	0.259442163001857	0.154590454352552	0.257341153550359	0.169126592703902	NA	0.152453357151538	0.145326754293267	0.619824617949295	0.456747449037993	0.350076505898229	0.862797678895078	0.639160365192017	0.214808396600854	0.0687290399266512	0.330762891400974	0.441691704197129	0.526655007016659	0.691903928166379	NA	NA	0.517655571507539	0.430774832639095	0.799515388107954	NA	1.45647233022347
1.65350201255457	1.4938344932404	1.39255074455122	NA	0.80663551941195	0.86032609890519	0.946876222494158	0.830370294953285	0.411985641506755	0.738516348021272	1.10633490035085	0.373028392225811	0.450953501838128	0.46700164648937	0.120745900909852	0.128206250036161	0.542164519168996	0.7656065257951	0.578749944401373	NA	NA	0.45555637054095	0.432972976244266	0.43798234808817	0.506298074380555	NA	0.511364914295071	0.557691844481474	0.538118705058855	1.27968073182754	1.31234159629516	0.700071537900268	NA	NA	1.30439156337278	1.67588919874706	1.50474860053349	1.52563723728805	1.47656581215444	1.32510368558108
NA	NA	1.13515464666026	1.40826061912287	1.05856282603318	1.01209520819442	1.58153849754091	0.923856599763037	NA	1.5235679529332	1.59233462996676	0.938687422828937	0.776232514725771	1.05632797930291	0.578084664650095	NA	1.08692688059391	1.26389224638515	1.1798154359364	NA	1.10663920775641	0.57801453277237	NA	0.815019634263429	0.949337073419994	1.16153149237234	0.385284650054978	NA	1.48395439839631	NA	NA	NA	0.851015147304543	0.781079250999403	NA	NA	NA	NA	NA	0.860401201451932
NA	NA	NA	NA	NA	NA	NA	NA	NA	NA	NA	NA	NA	NA	NA	NA	NA	NA	NA	NA	NA	NA	NA	NA	NA	NA	NA	NA	NA	NA	NA	NA	NA	NA	NA	NA	NA	NA	NA	NA
0.56957266336344	NA	NA	NA	0.640858645924217	NA	NA	0.282195770035928	0.35392895113118	0.325749665488813	0.442698312557946	NA	0.676865212087285	NA	0.309385069913311	NA	0.267010344367612	0.404650971962741	NA	NA	NA	0.640130940490884	NA	NA	1.16194598855682	1.15503703301652	1.20133758190232	1.40486170788447	1.72518287065001	NA	NA	NA	NA	NA	NA	1.22580938934607	0.473457406227373	NA	NA	1.20032206653007
NA	NA	NA	NA	1.49951871752299	NA	1.32249099720261	NA	1.34033571833379	NA	1.63491043068106	1.40395320478921	NA	1.32569446023263	1.27146982126809	NA	NA	NA	NA	NA	NA	NA	1.05052255249269	NA	NA	NA	NA	NA	NA	NA	1.38753668840344	NA	NA	NA	NA	NA	0.659469799477241	NA	0.75328022044691	NA
NA	NA	NA	NA	NA	NA	NA	NA	NA	NA	NA	NA	NA	NA	NA	NA	NA	NA	NA	NA	NA	NA	NA	NA	NA	NA	NA	NA	NA	NA	NA	NA	NA	NA	NA	NA	NA	NA	NA	NA
NA	0.811512714461042	1.14032557694578	0.862623614237186	NA	NA	1.20972364501789	0.936835840761608	0.922679066723662	1.61752419329208	NA	0.34793170467677	1.42437841167278	0.520215179261262	1.77303366823147	0.836168379535443	1.52740464930743	0.119747761359045	2.03689771164915	NA	NA	1.25175717475713	1.08961316969876	1.32383356639732	NA	NA	NA	0.756279044294986	NA	NA	NA	0.933181044438104	1.01720575472941	1.95081365424005	NA	2.30160165351949	1.16888441492521	NA	1.06912054899329	1.61818906678516
1.09116070715403	0.91411523045244	NA	1.91362029883859	2.14332918388808	0.905491025359677	1.58270270458228	1.22826459346429	0.670580565282117	0.591504606883658	1.2958817144454	0.788827709071362	NA	0.702648666761096	NA	0.768839354726896	0.890539603961758	NA	0.766651470787035	NA	0.366832787871096	0.83015982261695	0.498606450544794	NA	2.04546283635347	0.380317759438484	0.710446161399811	0.582699406478516	0.164315226105196	NA	NA	NA	NA	0.665647897888375	NA	2.00472809089335	0.961758042893307	0.228940825570652	0.43366277643936	0.377225693262795
NA	NA	NA	NA	NA	0.884207070036723	0.391090865527212	0.986473295028834	NA	NA	NA	0.674974263451964	NA	NA	2.02695619754139	0.276497501815733	0.271501460353645	NA	NA	NA	NA	NA	NA	0.893616887730704	0.546514250777452	1.06808730115609	1.13989662028412	0.388074303678955	0.883022117933542	0.700832695788143	NA	NA	0.774905812808185	0.620653946537494	0.953207923640177	NA	0.358387865876547	0.341444061941324	NA	0.703625387346409
NA	NA	NA	NA	NA	NA	NA	NA	NA	NA	NA	NA	NA	NA	NA	NA	NA	NA	NA	NA	NA	NA	NA	NA	NA	NA	NA	NA	NA	NA	NA	NA	NA	NA	NA	NA	NA	NA	NA	NA
NA	NA	NA	NA	NA	NA	NA	NA	NA	NA	NA	NA	NA	NA	NA	NA	NA	NA	NA	NA	NA	NA	NA	NA	NA	NA	NA	NA	NA	NA	NA	NA	NA	NA	NA	NA	NA	NA	NA	NA
NA	NA	NA	NA	NA	NA	NA	NA	NA	NA	NA	NA	NA	NA	NA	NA	NA	NA	NA	NA	NA	NA	NA	NA	NA	NA	NA	NA	NA	NA	NA	NA	NA	NA	NA	NA	NA	NA	NA	NA
NA	NA	NA	0.79873288529427	0.721310794674676	0.673308428863006	0.233041887586202	1.54031653417858	NA	NA	0.826547122660069	0.585764484464942	NA	NA	1.05231632488334	NA	0.714794560164847	0.7930208311252	NA	NA	0.599582710670978	0.25043598863479	NA	NA	0.770088766093717	NA	NA	NA	NA	NA	0.414836601926342	0.424396061799049	NA	NA	NA	NA	1.45219950092483	NA	NA	NA
NA	NA	NA	NA	NA	NA	0.801336671476396	NA	NA	0.612021428056063	1.41325342166434	1.5546390187567	NA	0.938627988647954	0.960500692422118	NA	0.244276113431191	0.548903876919429	NA	NA	0.385751204591911	0.794380250457901	1.00442881505699	1.07071651929062	0.474281873220938	0.551116062647951	0.890745688097397	0.758772549033464	1.59446566052742	NA	0.248216435404136	0.968110951717912	0.670286673733022	1.20503803225307	0.900134576999074	NA	NA	1.24429439223257	1.33712993948435	0.710632846045257
NA	NA	NA	NA	NA	NA	NA	NA	NA	NA	NA	NA	NA	NA	NA	NA	NA	NA	NA	NA	NA	NA	NA	NA	NA	NA	NA	NA	NA	NA	NA	NA	NA	NA	NA	NA	NA	NA	NA	NA
NA	0.334310912367326	0.34484750627218	NA	0.630319160149204	0.44591184507388	NA	0.837579640166197	0.802017253363414	NA	0.512143924678062	0.875279180376012	0.87119349490847	0.714158149746497	0.319354242062627	0.330318842360287	0.451791448472448	NA	NA	NA	0.25147197701834	0.440170161024094	1.0093216207758	NA	0.872548105104646	0.685201008758195	0.639387435372455	NA	0.543497119691009	NA	NA	0.745300790201451	0.702032083402157	0.73701479668976	0.432814223601419	0.491251955434029	0.412003099089522	NA	NA	NA
0.568776264611969	0.848820226921571	0.715086065022407	NA	NA	0.726912309713379	NA	0.570242162570588	0.449104513101558	NA	0.505726172400535	0.305219676783724	0.250290273387607	0.113037360406301	NA	NA	NA	NA	0.283458347224318	NA	0.516411645488311	0.498618372583427	0.483127537300473	0.695131615337753	0.815765858247937	1.10765221482609	0.877393122715155	NA	NA	0.626753352340822	0.890934701217311	0.679477815321131	0.929450451137423	1.08463141898187	NA	NA	0.649221219946698	NA	NA	NA
0.490382830302393	0.514222621570372	0.520215015482488	1.56131255373547	0.422861438153773	0.27679792327282	0.42479105465104	0.562192446131974	0.265610620810883	NA	0.125177727268112	NA	NA	NA	NA	1.55402910192725	NA	0.321336759021691	NA	NA	0.964535454866001	NA	1.04760907135903	NA	1.0547777402498	0.633443801367002	NA	NA	0.760889886554273	0.492533441413659	NA	NA	0.367446261424922	NA	1.49954892495085	1.51015790999161	0.626404329902383	1.05142158340857	1.14092142803145	0.621742349029992
1.25943511333867	1.10246069191389	NA	NA	NA	0.693279254484205	NA	NA	NA	0.629425312009866	NA	0.252310843289825	1.33711647836146	0.260198057518776	NA	NA	NA	0.105249095509444	0.639768292528593	NA	NA	NA	NA	0.499173715431837	1.08600417115628	NA	0.639446727503929	NA	NA	0.73352988552858	0.324943668194189	0.787400135288879	NA	NA	NA	1.08974595815129	NA	NA	NA	NA
NA	NA	1.57241422111662	NA	1.14011769438375	1.34185683398331	1.27999527715384	1.1806581667797	0.910141096132631	NA	1.1765164135233	NA	0.493240599678304	NA	0.96478765287478	NA	0.983601398919228	1.06847878690533	1.16286077203431	NA	0.683312178527558	0.766116049605698	0.625494803987338	1.83146196357039	1.5989137290162	NA	0.319588010681802	0.903936989217188	1.5590000147768	1.1115924622347	0.989102942790602	1.2358083172963	0.863855303643125	0.823209982423561	0.782046835132026	1.01811356002261	1.3847250308411	0.461356675464781	0.691488216668984	1.16422043915525
NA	2.07982321229944	1.78384072888653	1.63142136935383	NA	NA	0.871309475765188	NA	0.880265195680302	0.870458546816582	0.732739928219874	NA	NA	NA	0.613151668442816	NA	0.84457129505717	1.2147607132732	NA	NA	0.371053760767292	0.785635851566234	0.970269332646161	0.313119297680926	1.05980113131807	NA	1.49443228605257	0.474381736165643	NA	NA	NA	NA	1.46172973216559	1.20248093180801	NA	1.32037539449555	NA	0.995080841118897	0.837586338156838	1.81337121073571
NA	1.46184135818801	0.414435481700752	0.381469216611989	NA	NA	0.206112349602081	0.327709082673296	0.867938958395826	0.656079583323272	NA	NA	NA	NA	0.630851722552903	0.46388475496867	1.01930651441331	0.7455672255907	NA	NA	0.307024786005084	1.0681783314529	0.276858704722938	1.41394168702174	NA	0.877652934157065	1.3235931497327	NA	1.74724876023231	0.718761161503483	0.635502435580269	1.73627563435486	2.33174060870321	0.892069517348076	0.946871311689639	0.734215696223493	0.816699918826485	NA	1.20644169118016	1.71052310708971
NA	NA	1.65974726153909	1.41166764230713	1.20787689120881	1.13012092986324	0.947541078711474	1.06611370413817	0.889140865819873	NA	1.63331751127083	0.909148380176184	0.931456134881932	NA	1.56192828334426	0.650644889251766	0.998347198181381	0.711466671212965	NA	NA	NA	NA	NA	1.61178015018622	0.523076610614804	1.61775820398377	0.628859843150659	NA	NA	0.510917601832947	NA	1.22686626091602	0.89739402259943	0.785242743079749	0.994695901493835	NA	NA	2.27127037182187	0.786080619672284	NA
NA	NA	NA	NA	NA	0.818361515164351	0.720491884596411	NA	NA	0.591499318995561	0.469532556307401	NA	NA	0.732281510085968	NA	0.487056609942336	0.327463746659419	NA	0.789169006350285	NA	0.745454660007306	0.741848490978235	0.55155599254826	NA	0.853432613868537	NA	0.81777326692158	1.0676327423862	NA	NA	NA	NA	NA	NA	2.01040720464201	NA	NA	NA	1.97100563550787	NA
0.465520646225626	1.03094709855412	0.263582614217214	NA	0.674138202001096	NA	0.493190630014482	0.174805226470047	0.223287157411436	NA	0.953549354085853	0.298283721169765	0.576515335503414	0.255365487362643	0.949472250987255	0.278322114039851	0.397070205479963	0.269859946629727	NA	NA	0.272236650799055	0.289744831890611	1.04861858185628	0.662390019799675	0.902201232197901	0.685205618691248	NA	0.499593432707205	0.228844573821119	0.946564263012558	0.661824572753374	0.993361119350801	1.78399023384484	1.02592333088624	0.234322226760434	1.02979554242112	NA	0.767894302251243	1.33984496833981	0.185815776466048
1.00234082776787	NA	0.725961891461922	0.685757104791636	NA	1.77509328706493	1.60758201846785	1.27227117895157	1.2496206380698	1.56080627866918	1.82590808170792	0.529802607264603	NA	1.18463974750204	1.0154393794753	NA	1.6615110742768	1.52189101574762	0.794021746040886	NA	0.563299685282344	0.583304222355246	0.654060849696741	0.816803488136772	0.697773838886007	0.650361606473632	0.792299482568584	0.438685209279803	0.843163294324756	0.783521165351176	0.992530823276127	0.782551720522076	0.688678950099926	1.11753278760646	0.494941253000482	1.00764253137557	0.806816196987445	0.382521691690998	0.937124751742519	NA
1.15428018454925	1.01049226492696	NA	NA	NA	NA	NA	NA	NA	0.754068038983826	0.618577094743497	NA	0.549630047983718	0.472819277547253	0.63729098838259	0.751119085884578	NA	NA	NA	NA	0.644400956223655	0.662232117691147	NA	NA	1.02429866926221	NA	0.937088026568243	1.16370131184892	0.435858779637717	0.778761718510726	0.514257071161988	0.626163438612115	0.441240862228737	0.356220891919346	0.892863504842132	0.567220618607496	1.38308531955516	0.304210800398073	0.595127839931485	NA
0.95987878582059	0.753463372510443	1.07353960647918	0.440457263977636	0.458618595652967	NA	NA	NA	0.575847569470453	NA	1.65948140922413	NA	0.638641949698085	NA	NA	NA	0.897355642390378	NA	NA	NA	NA	NA	0.622525256855799	0.708562468587782	1.33617289627604	NA	2.13541361906164	NA	2.09687719454367	2.02667582664604	1.07160075337252	NA	1.21931486112207	1.65086720992912	NA	1.35753257486256	1.2819978718021	NA	1.25728508367877	1.01378226048339
2.45013685944724	1.64919135509046	2.07379510705646	NA	1.98570227770958	NA	NA	2.23820660104223	2.21026057846943	2.17875117984925	NA	NA	NA	NA	NA	NA	2.10094036214339	2.09921185466996	1.8572760720128	NA	NA	NA	1.2550137860658	1.13929813992254	1.59590204800633	NA	NA	NA	NA	1.73971925446805	NA	1.14916610180168	NA	1.33119371905929	1.22760508712558	1.05325514528983	NA	1.00645085234242	1.65294750165396	NA
NA	NA	NA	NA	NA	NA	NA	NA	NA	NA	NA	NA	NA	NA	NA	NA	NA	NA	NA	NA	NA	NA	NA	NA	NA	NA	NA	NA	NA	NA	NA	NA	NA	NA	NA	NA	NA	NA	NA	NA
NA	NA	0.825805889329776	1.34928941582307	1.1063826692473	0.96089458642251	1.07422620778706	0.886523364570435	0.59939671033706	NA	NA	NA	NA	NA	0.798501700860035	NA	0.493801416321559	NA	NA	NA	0.295222497011129	0.0927647936497915	0.590701918025481	0.674916923818127	0.394486134880587	NA	NA	NA	NA	NA	NA	NA	NA	NA	NA	NA	NA	NA	NA	NA
NA	1.5418748151899	0.57691698343513	0.933226372398986	0.333014223301679	1.60206235121942	1.90469899211317	1.13585358921469	0.242642977050573	1.4768639882982	1.53612146451168	0.394713275548658	1.67072554355846	1.35603979121908	1.91825679763748	0.411193232230354	NA	1.36343922350104	NA	NA	2.00121390419457	1.66446652185426	NA	0.176656046703515	0.228870708736575	1.87380103138342	2.00569011017793	2.61903818683119	NA	1.93295491567399	2.15826617686904	NA	NA	NA	NA	NA	1.93210516945082	NA	NA	NA
NA	NA	NA	NA	NA	NA	NA	NA	NA	NA	NA	NA	NA	NA	NA	NA	NA	NA	NA	NA	NA	NA	NA	NA	NA	NA	NA	NA	NA	NA	NA	NA	NA	NA	NA	NA	NA	NA	NA	NA
0.674647865794522	NA	NA	NA	NA	0.404032263453963	1.02506935567412	NA	0.295720042768661	0.0587290450975675	0.231953366700139	0.764008567464325	0.623331684539944	0.310707054268916	1.34356736590473	0.302763513831021	0.864396524141634	0.836339130597364	NA	NA	NA	0.965872711098399	NA	0.736698667987881	0.856224267155673	NA	NA	0.813855708951291	0.903406341889821	0.961381341556079	0.456839354719619	1.03781149761853	1.06390825893837	2.14000963917307	NA	NA	1.2802615916436	1.11157147545262	1.90360740500729	1.15882407733318
NA	NA	NA	NA	NA	NA	NA	NA	NA	NA	NA	NA	NA	NA	NA	NA	NA	NA	NA	NA	NA	NA	NA	NA	NA	NA	NA	NA	NA	NA	NA	NA	NA	NA	NA	NA	NA	NA	NA	NA
0.635413441651243	NA	NA	NA	NA	0.612904764226233	NA	NA	0.542088090281862	NA	NA	NA	NA	1.20732289807919	0.182033232652106	0.361959377898666	NA	NA	NA	NA	NA	NA	0.303091956835361	1.02096249410721	0.619921648137986	0.617460985391995	0.457534659924108	0.588852009453466	NA	NA	1.1033087097523	NA	NA	NA	0.589383366478321	0.353347729928579	0.606759059232255	NA	NA	NA
NA	NA	NA	NA	NA	NA	NA	NA	NA	NA	NA	NA	NA	NA	NA	NA	NA	NA	NA	NA	NA	NA	NA	NA	NA	NA	NA	NA	NA	NA	NA	NA	NA	NA	NA	NA	NA	NA	NA	NA
NA	NA	NA	NA	NA	NA	NA	NA	NA	NA	NA	NA	NA	NA	NA	NA	NA	NA	NA	NA	NA	NA	NA	NA	NA	NA	NA	NA	NA	NA	NA	NA	NA	NA	NA	NA	NA	NA	NA	NA
NA	0.869803466043382	0.958407498523486	NA	NA	0.360741288525143	0.397227501728262	0.418744333128829	NA	NA	NA	0.302262349153651	0.479118047717485	0.887228773614884	0.345641987487447	NA	1.23004556060454	NA	0.540387532027869	NA	NA	0.356824086322538	0.274902248147391	NA	0.295911032658976	NA	NA	0.560098084433886	1.1820209211814	NA	0.950611659313188	0.942557320027658	NA	NA	0.53609076291432	0.729928679607782	NA	0.852102093464812	NA	NA
NA	NA	NA	NA	1.15410777206965	NA	0.943915486083913	0.865555350350664	1.07421841946894	0.963913379342621	1.00431808242886	0.799349016105627	0.902087827796278	NA	0.868713109236305	1.05436400363713	1.22559943302159	1.30529290231733	NA	NA	NA	1.25262326430174	1.59184558132371	NA	0.728069097389537	1.50945315650882	NA	2.30846475069028	1.55372434269641	NA	NA	1.60169058620486	NA	1.5145811893346	1.40348660637866	NA	NA	1.65538093040695	1.24666223258887	1.57460595260327
2.17429174417833	0.748641129565373	1.5166176298441	NA	2.14270901368291	0.72718250561004	2.40620449191882	0.891811610517807	2.7492023245455	NA	1.03829353169222	NA	NA	1.7189720946816	1.3471460646691	1.39687536247293	1.56553153578451	NA	NA	NA	0.94134600763253	0.827876136726697	0.910270482618351	0.257847494438315	1.25123391081923	0.915190808913448	NA	NA	1.86843148862149	2.11225109372821	0.94963206522385	1.86179975686752	NA	0.964715539073828	NA	2.45161132767345	NA	2.05071146461245	2.02674878134709	NA
NA	NA	NA	NA	NA	NA	NA	NA	NA	NA	NA	NA	NA	NA	NA	NA	NA	NA	NA	NA	NA	NA	NA	NA	NA	NA	NA	NA	NA	NA	NA	NA	NA	NA	NA	NA	NA	NA	NA	NA
NA	NA	NA	NA	NA	NA	NA	NA	NA	NA	NA	NA	NA	NA	NA	NA	NA	NA	NA	NA	NA	NA	NA	NA	NA	NA	NA	NA	NA	NA	NA	NA	NA	NA	NA	NA	NA	NA	NA	NA
0.937847384152663	0.499756943886276	NA	NA	NA	NA	0.812342550231029	0.155263207947801	NA	NA	NA	NA	0.667139849882356	0.438774718757212	0.348005241717078	NA	0.264327800207807	0.301372057221845	NA	NA	0.471415621194099	0.33688687511807	0.492834865095578	NA	NA	NA	0.707733342614467	0.530734950848429	NA	0.265914784051018	NA	0.267819251954217	0.308496117463727	NA	NA	NA	0.260872233974787	0.497306014763422	0.364414096858674	NA
NA	NA	NA	NA	NA	NA	NA	NA	NA	NA	NA	NA	NA	NA	NA	NA	NA	NA	NA	NA	NA	NA	NA	NA	NA	NA	NA	NA	NA	NA	NA	NA	NA	NA	NA	NA	NA	NA	NA	NA
0.51596424108028	0.826874228684091	NA	0.816182651439673	0.455796585394021	0.296723235848794	0.209110459502406	NA	0.301545611825838	NA	NA	1.24485379716074	NA	0.353538984814547	0.885345327276659	0.544068175219001	0.829079581492493	0.408127818666246	NA	NA	0.257264722943292	0.445516837332925	0.386607348286668	NA	NA	NA	0.44082263704246	NA	0.259506667098998	0.502450899152009	NA	NA	1.55380114563491	0.702116173988215	0.790671620758254	NA	NA	NA	1.22777503793224	0.803917492521257
0.924686556587879	0.701340458588219	NA	NA	0.946476388504036	NA	1.07137188298763	NA	1.09834094108207	NA	0.667335349010992	0.863339552168928	NA	1.32706511332756	NA	NA	1.23326928177678	NA	NA	NA	NA	1.09643033974026	1.16767826637146	NA	NA	NA	NA	NA	0.934069878537166	NA	NA	NA	0.634459916575113	NA	NA	NA	0.931803410001281	NA	0.904557954029556	NA
NA	1.3979388168248	1.03452230071996	NA	NA	1.57035457296504	2.03339057969112	NA	NA	NA	1.57066477914341	1.26692261295148	NA	NA	NA	0.828396269304133	NA	NA	1.16497427276291	NA	NA	NA	1.33304550910696	NA	1.23165439658774	NA	NA	NA	1.6022243492757	1.98733085970285	2.2679186152243	2.30588570469559	1.21971321805963	2.18248730914493	1.98004495405217	1.6358127688698	1.76754166970934	2.06430679552582	0.8025344754314	1.39545494530565
NA	0.446946709687581	0.331282680732054	0.940331016012427	0.528940156509067	0.555700462512223	NA	1.79001608724055	NA	0.450272674112715	0.617563927292718	NA	NA	NA	0.561948351364668	1.23773643661447	0.453361425563729	NA	NA	NA	NA	0.48488673797091	NA	0.69155283764278	0.545444034790907	0.779474555420647	0.441223260165451	NA	NA	NA	NA	0.775963367255674	1.01901965225313	2.41923406728044	NA	1.89756545567867	NA	1.3847714942472	1.18832359142815	0.525426703842782
1.02090307561711	NA	NA	NA	NA	NA	NA	NA	0.745787776732158	0.867193595994425	1.54405696594759	NA	NA	1.36956800924529	0.79244802843299	0.685568408843377	1.12543259287815	NA	0.715970057251485	NA	0.43128997974293	0.552948092611706	1.36736552400733	NA	1.96865899577689	1.17221455400012	NA	NA	1.45121995915551	1.45642503851983	NA	NA	2.19797130001227	1.92598441557868	NA	NA	1.29852394088737	1.40401730646591	1.24443725951367	1.34993126719086
NA	NA	NA	NA	NA	NA	NA	NA	NA	NA	NA	NA	NA	NA	NA	NA	NA	NA	NA	NA	NA	NA	NA	NA	NA	NA	NA	NA	NA	NA	NA	NA	NA	NA	NA	NA	NA	NA	NA	NA
NA	NA	NA	NA	NA	NA	NA	NA	NA	NA	NA	NA	NA	NA	NA	NA	NA	NA	NA	NA	NA	NA	NA	NA	NA	NA	NA	NA	NA	NA	NA	NA	NA	NA	NA	NA	NA	NA	NA	NA
0.965799907594588	0.814466168182848	0.428670270004689	0.474779129040657	NA	0.893744484147609	0.122461263753972	NA	NA	0.651434439022607	NA	1.08736684564737	NA	1.15848788590071	0.279805059872615	NA	NA	NA	0.306667154908473	NA	0.630786337575815	0.459112515730459	0.461613435770189	0.472694154049807	0.573022153495572	1.43581720364721	NA	0.7226478739451	1.10426697398159	0.490019938149391	1.05632108175096	NA	NA	1.26316154964219	1.25489330085448	0.809780377458573	0.577327540894958	1.04299912336688	NA	NA
NA	NA	NA	NA	NA	NA	NA	NA	NA	NA	NA	NA	NA	NA	NA	NA	NA	NA	NA	NA	NA	NA	NA	NA	NA	NA	NA	NA	NA	NA	NA	NA	NA	NA	NA	NA	NA	NA	NA	NA
NA	NA	NA	NA	NA	NA	NA	NA	NA	NA	NA	NA	NA	NA	NA	NA	NA	NA	NA	NA	NA	NA	NA	NA	NA	NA	NA	NA	NA	NA	NA	NA	NA	NA	NA	NA	NA	NA	NA	NA
NA	NA	NA	NA	NA	NA	NA	NA	NA	NA	NA	NA	NA	NA	NA	NA	NA	NA	NA	NA	NA	NA	NA	NA	NA	NA	NA	NA	NA	NA	NA	NA	NA	NA	NA	NA	NA	NA	NA	NA
NA	NA	NA	NA	NA	NA	NA	NA	NA	NA	NA	NA	NA	NA	NA	NA	NA	NA	NA	NA	NA	NA	NA	NA	NA	NA	NA	NA	NA	NA	NA	NA	NA	NA	NA	NA	NA	NA	NA	NA
NA	NA	NA	NA	NA	NA	NA	NA	NA	NA	NA	NA	NA	NA	NA	NA	NA	NA	NA	NA	NA	NA	NA	NA	NA	NA	NA	NA	NA	NA	NA	NA	NA	NA	NA	NA	NA	NA	NA	NA
NA	NA	NA	NA	0.732055301811264	NA	1.19765553836056	NA	0.703945092503511	0.516047511309543	0.692297689031773	1.09877483563821	2.20077807111746	1.78590374473897	1.10476543393373	NA	2.04916727375314	NA	NA	NA	1.03258441030946	0.706387948492609	0.340517002424758	1.23105936468217	0.948874342339961	0.903197369885481	NA	1.09265926219824	NA	0.904822465777505	2.08576254302491	1.28139307428343	NA	1.18004401888483	0.535870787913815	2.17444509883967	2.26662610836245	0.732268034155319	0.554084778884463	NA
NA	NA	NA	NA	NA	NA	NA	NA	NA	NA	NA	NA	NA	NA	NA	NA	NA	NA	NA	NA	NA	NA	NA	NA	NA	NA	NA	NA	NA	NA	NA	NA	NA	NA	NA	NA	NA	NA	NA	NA
NA	NA	NA	0.679345442937599	1.60248493282508	NA	NA	0.962778093749463	NA	NA	0.862724887069381	0.541364987736578	NA	0.572773435012032	NA	NA	NA	0.447862311006191	NA	NA	NA	NA	0.397463412157962	1.09939808904817	0.656417755328183	NA	NA	0.850935160328533	0.842184016119506	NA	0.814536447421174	0.748069304343404	0.87283521847372	1.1629968845278	1.13072721911717	1.06716907791064	3.00326446515077	1.04410842680225	0.497517200571936	1.01604805725495
0.335018875277889	0.156380219913468	0.385327057399276	0.441285735802953	0.423654194102976	0.857865190666416	NA	0.360825362275435	0.0810429489014963	0.60726848061494	0.133368243079786	1.35692526696845	0.373333339321855	0.33123432992901	0.72640327955017	0.477674139419882	0.493883393289085	NA	0.399637063332226	NA	0.478797569968371	0.354277968341939	1.02282906978156	NA	0.698009944277467	NA	NA	0.302995828027508	0.862538574382445	0.800356182942836	1.81456181291063	0.988802792704553	NA	0.440069637190241	NA	1.61420742959798	0.320831530575816	NA	0.393470188131203	0.37661243649024
NA	NA	NA	NA	NA	NA	NA	NA	NA	NA	NA	NA	NA	NA	NA	NA	NA	NA	NA	NA	NA	NA	NA	NA	NA	NA	NA	NA	NA	NA	NA	NA	NA	NA	NA	NA	NA	NA	NA	NA
1.72135404063336	NA	0.529899154468456	NA	NA	0.790802546524325	0.861509016604572	0.810187788393818	0.893665913428114	0.297138524748583	0.910674433574388	1.54894781084886	0.741332386794464	0.515589058177658	NA	NA	0.296687027190116	0.312327119963054	1.56470084034528	NA	0.474356694280881	0.878533560644385	0.883980952929153	NA	0.358177436646458	0.632057909985399	NA	0.538869775367013	1.47163438953725	NA	1.61002880506295	1.34112021010307	0.724819471708595	NA	1.27370136846276	NA	0.710396321990463	1.641793878855	NA	0.795656151502698
0.573898868792433	NA	NA	0.39383006640554	NA	0.79615370517912	0.958728221431933	0.920786858711471	1.01061916796587	0.717732172551931	0.46376609902949	0.619489521230641	0.543580026059032	0.569475335560729	0.616524056141548	NA	NA	NA	0.122619681353322	NA	0.189964343121874	NA	0.327576295098494	0.643253309285917	0.722194397953948	NA	NA	NA	0.780164010772099	0.862315458002291	NA	0.801425971731295	NA	0.440968627857973	0.237060590896593	0.470076967800113	0.395383846994916	0.144394927883924	0.401273969487649	NA
NA	0.38636177480909	NA	NA	0.200707247479907	0.401458563170304	0.714788617969763	NA	NA	NA	0.549571863344201	NA	NA	0.940284062763665	0.849126258673424	NA	0.301413789940907	0.374245306952867	0.36646558635826	NA	NA	0.432165275879262	1.07287553147338	NA	NA	NA	0.978047452914903	0.525462959157041	0.979735775300216	1.22812821733699	1.3551001692835	NA	1.43899363679857	0.941708872092654	0.828284890676461	0.866582844474798	1.72968169022076	0.983208005770059	NA	0.802692114764509
NA	NA	1.3501617537582	1.42061020622788	NA	0.817654982031191	1.4075053636034	1.0099263185422	1.12777997339005	NA	0.441628337222922	0.700003585914359	0.57388972637484	0.456897506338515	0.636329303979384	0.287958611952212	0.412553974098461	0.421097732425108	0.390791135487513	NA	0.356650843259232	0.184585618527231	0.303050469863298	1.55607490494878	0.574342427407789	0.607980151306786	0.193528589609182	0.493350638716464	0.191874438331759	0.235620399997614	0.529959668262461	0.402264461481852	0.592393078518785	0.544887793277686	NA	0.524409918415229	1.14823041295044	0.875504320773202	0.355398530635108	0.699242083341979
NA	NA	NA	NA	NA	NA	NA	NA	NA	NA	NA	NA	NA	NA	NA	NA	NA	NA	NA	NA	NA	NA	NA	NA	NA	NA	NA	NA	NA	NA	NA	NA	NA	NA	NA	NA	NA	NA	NA	NA
NA	0.957661822938927	0.360853272935547	NA	NA	0.426532286422947	0.362137316202316	0.694029652993969	0.870551420294819	0.823583220525504	NA	0.946840734257352	0.872261851325086	0.550220207578147	0.440765154601681	0.384197154830083	0.269944613570616	0.166190083843452	0.222591890641903	NA	0.515246047235424	0.173299589349368	0.434535515662179	0.44569598752486	0.614224292774956	0.53374513774245	0.611073981350039	NA	NA	1.05383296410762	NA	1.1114690130271	1.00476349301368	0.849099337597445	0.784811537449914	0.729292275226549	NA	1.10316898139124	0.34705381080387	1.78826929675353
NA	NA	NA	NA	NA	NA	NA	NA	NA	NA	NA	NA	NA	NA	NA	NA	NA	NA	NA	NA	NA	NA	NA	NA	NA	NA	NA	NA	NA	NA	NA	NA	NA	NA	NA	NA	NA	NA	NA	NA
NA	NA	NA	NA	NA	NA	NA	NA	NA	NA	NA	NA	NA	NA	NA	NA	NA	NA	NA	NA	NA	NA	NA	NA	NA	NA	NA	NA	NA	NA	NA	NA	NA	NA	NA	NA	NA	NA	NA	NA
NA	NA	NA	NA	NA	NA	NA	NA	NA	NA	NA	NA	NA	NA	NA	NA	NA	NA	NA	NA	NA	NA	NA	NA	NA	NA	NA	NA	NA	NA	NA	NA	NA	NA	NA	NA	NA	NA	NA	NA
NA	NA	0.621112299239172	NA	0.747615655219991	NA	0.502525963898262	NA	0.85749278337044	0.900371984215936	0.335544391270904	1.15725520297909	1.61500125255645	NA	0.474010054661983	0.816656262852328	NA	0.651561332373199	NA	NA	0.487579421671109	NA	1.55153477003768	1.23352967470596	NA	NA	0.612252298238644	1.12459577825524	1.68386432266328	1.250674773927	1.60675233080944	0.904350735051439	1.47060491156774	0.663770833196584	0.293381972639402	0.530617745578928	0.615510120861096	0.379246424760894	1.4382187815253	0.998415618169336
NA	NA	0.595867955835399	NA	0.61746889851068	0.972650476374592	0.437400406617807	0.420625547473426	0.478525392467061	0.799857935964874	0.800351103636417	NA	0.520562355685662	0.826158949600091	NA	0.624760846597068	0.775870836121922	0.532838796468666	NA	NA	0.206533842294805	0.427015392642295	0.900205157234356	0.893983690798557	0.805984147605665	0.747838460237852	1.28312423510388	1.37832795852622	1.03108135102382	0.735502063052093	NA	0.293786994216308	NA	1.1873600479697	NA	NA	NA	NA	NA	NA
NA	NA	NA	NA	NA	NA	NA	NA	NA	NA	NA	NA	NA	NA	NA	NA	NA	NA	NA	NA	NA	NA	NA	NA	NA	NA	NA	NA	NA	NA	NA	NA	NA	NA	NA	NA	NA	NA	NA	NA
NA	1.19058983319267	NA	NA	NA	0.472589422969226	0.569736109246189	0.491158492410255	NA	NA	NA	NA	0.740980979987769	0.578746127672682	NA	NA	NA	0.708544701226077	NA	NA	0.274774414836832	0.62494105550311	NA	NA	NA	NA	NA	NA	NA	NA	NA	NA	NA	NA	NA	NA	NA	NA	NA	NA
0.517400747236026	0.806233418599062	1.09980315937253	NA	NA	0.762875578196341	0.551262880862551	0.515321976872591	0.757610287605566	NA	0.488645750609338	NA	0.677894160653243	0.28776519188101	0.13754316969528	0.691316221444029	0.680318951930235	0.408684049344546	NA	NA	0.40077119200576	0.521663373225692	0.573613023198544	1.07302128353942	NA	NA	NA	NA	NA	NA	NA	NA	NA	NA	NA	NA	NA	0.853255271576046	1.34337308348686	NA
NA	NA	NA	NA	NA	NA	NA	NA	NA	NA	NA	NA	NA	NA	NA	NA	NA	NA	NA	NA	NA	NA	NA	NA	NA	NA	NA	NA	NA	NA	NA	NA	NA	NA	NA	NA	NA	NA	NA	NA
NA	NA	NA	NA	NA	NA	NA	NA	NA	NA	NA	NA	NA	NA	NA	NA	NA	NA	NA	NA	NA	NA	NA	NA	NA	NA	NA	NA	NA	NA	NA	NA	NA	NA	NA	NA	NA	NA	NA	NA
NA	NA	NA	NA	NA	NA	NA	NA	NA	NA	NA	NA	NA	NA	NA	NA	NA	NA	NA	NA	NA	NA	NA	NA	NA	NA	NA	NA	NA	NA	NA	NA	NA	NA	NA	NA	NA	NA	NA	NA
