NA	NA	NA	NA	NA	NA	NA	NA	NA	NA	NA	NA	NA	NA	NA	NA	NA	NA	NA	NA	NA	NA	NA	NA	NA	NA	NA	NA	NA	NA	NA	NA	NA	NA	NA	NA	NA	NA	NA	NA
NA	NA	NA	NA	NA	0.489987841556609	0.175300350703481	0.46644254717668	NA	0.3895138409687	NA	0.299540811377392	0.480021149056148	NA	NA	0.356294418820348	NA	NA	NA	NA	NA	0.664372501118368	1.01815593468978	1.40893532815136	NA	NA	NA	1.81461897721851	NA	NA	NA	NA	NA	NA	NA	1.74217032625786	NA	1.20025741515538	NA	NA
NA	NA	NA	NA	NA	NA	NA	NA	NA	NA	NA	NA	NA	NA	NA	NA	NA	NA	NA	NA	NA	NA	NA	NA	NA	NA	NA	NA	NA	NA	NA	NA	NA	NA	NA	NA	NA	NA	NA	NA
NA	NA	1.44672094902881	1.29396176482776	1.24107829026943	0.876135553272397	1.13729031019336	0.559270732504767	0.994350386215503	0.995937665450342	1.35337697435307	0.534378492873488	0.752571787722727	NA	NA	NA	0.22356621116975	NA	NA	0.434519785434744	0.358790411794362	0.514418713869466	0.363977666991284	0.349986966090267	0.472365257080636	1.60936850895055	1.34246029618843	0.303532427434108	1.42998729896479	1.19771898479709	1.11031881502476	0.933463245731539	1.01600011928933	1.16338462208525	0.680805633031932	0.791994356881774	1.3068353494843	0.942605176162191	0.124193580861249	1.11273564525675
2.10033815672078	1.91809750368828	NA	0.372534354053438	NA	1.63560910318772	0.650800474834219	0.68422237320474	NA	0.905762637381013	NA	NA	0.605456601482003	NA	1.00317491770354	0.644846365684335	0.276405242360874	NA	1.4213220735357	0.66734398591398	0.905950979233	0.571962267082592	0.65938291227336	0.89844765122752	2.17799577200351	2.1082959282782	NA	0.491411952287078	NA	NA	1.27900798933233	1.75326095192252	NA	0.953780609136057	NA	NA	1.63377633952708	NA	NA	NA
NA	NA	0.506052749007463	0.661050635215621	1.19740463782485	0.6857452743921	NA	0.140293821754112	0.0946564910038381	0.34952923956836	0.463191482819122	0.397573144514611	0.805017093239394	0.481016418395319	0.390663492605938	0.34594988372732	0.496528146262459	NA	NA	0.331930039724162	NA	0.925504768809053	0.514838957005547	0.601248172074575	NA	NA	0.467309117854078	0.772569292007773	0.574645200142051	0.915679630183629	0.869952029564066	0.855701074810686	NA	NA	1.06763077107211	NA	NA	1.28936780342825	NA	0.851452227006335
NA	NA	NA	NA	NA	NA	NA	NA	NA	NA	NA	NA	NA	NA	NA	NA	NA	NA	NA	NA	NA	NA	NA	NA	NA	NA	NA	NA	NA	NA	NA	NA	NA	NA	NA	NA	NA	NA	NA	NA
NA	NA	NA	NA	NA	NA	NA	NA	NA	NA	NA	NA	NA	NA	NA	NA	NA	NA	NA	NA	NA	NA	NA	NA	NA	NA	NA	NA	NA	NA	NA	NA	NA	NA	NA	NA	NA	NA	NA	NA
NA	NA	NA	NA	NA	NA	NA	NA	NA	NA	NA	NA	NA	NA	NA	NA	NA	NA	NA	NA	NA	NA	NA	NA	NA	NA	NA	NA	NA	NA	NA	NA	NA	NA	NA	NA	NA	NA	NA	NA
NA	NA	NA	NA	NA	NA	NA	NA	NA	NA	NA	NA	NA	NA	NA	NA	NA	NA	NA	NA	NA	NA	NA	NA	NA	NA	NA	NA	NA	NA	NA	NA	NA	NA	NA	NA	NA	NA	NA	NA
NA	NA	NA	NA	NA	NA	NA	NA	NA	NA	NA	NA	NA	NA	NA	NA	NA	NA	NA	NA	NA	NA	NA	NA	NA	NA	NA	NA	NA	NA	NA	NA	NA	NA	NA	NA	NA	NA	NA	NA
1.30520639414903	0.37045515637735	0.684363863905688	0.207079240962	0.495198269513252	0.474379155397872	0.541214311662718	NA	0.601100633931219	1.34021634180255	NA	NA	NA	NA	0.17121369685819	NA	1.38158071876055	NA	NA	0.154517902884637	0.358466344060157	0.370838529810416	0.582761413074724	NA	NA	0.751165157995046	0.428190433619945	0.892217816641299	1.83194811292569	NA	NA	0.259129138081939	0.425513314531448	NA	NA	0.598629592503505	0.391468861955962	0.376218264803449	0.587581659067634	NA
NA	NA	0.677083061536775	0.720244494422767	0.718048055915444	NA	0.289214076404238	0.417684759609356	0.459629652436924	0.677169595998625	0.380244752180289	0.325079849151023	0.690542597678194	0.316394538352203	0.267768119439447	NA	NA	NA	NA	0.158312152872912	0.549246072044285	0.646270330736532	0.860447985134856	NA	0.403757084156176	NA	0.798945155800214	0.689380526855317	1.23419437969258	NA	NA	NA	1.36249177863274	1.29970291791014	1.53096076645521	1.72485433380868	NA	NA	NA	NA
NA	NA	NA	NA	NA	NA	NA	NA	NA	NA	NA	NA	NA	NA	NA	NA	NA	NA	NA	NA	NA	NA	NA	NA	NA	NA	NA	NA	NA	NA	NA	NA	NA	NA	NA	NA	NA	NA	NA	NA
1.33571061314898	NA	NA	NA	NA	NA	NA	NA	NA	NA	NA	0.519716583464703	0.365545369028659	0.354743637879315	NA	NA	NA	NA	NA	0.372543147156159	0.521240649431182	0.743973515424195	1.01323076042682	1.21425836422333	1.31010923495029	NA	1.59028252889466	1.81764090142935	1.61151576717486	1.04322061036606	NA	NA	1.00261354580757	1.18543601025519	1.14395839050738	NA	NA	0.850084968407407	NA	NA
NA	NA	NA	NA	NA	NA	NA	NA	NA	NA	NA	NA	NA	NA	NA	NA	NA	NA	NA	NA	NA	NA	NA	NA	NA	NA	NA	NA	NA	NA	NA	NA	NA	NA	NA	NA	NA	NA	NA	NA
NA	NA	1.45498400648593	NA	1.03940454389041	1.29164599990591	NA	1.4490885240232	NA	NA	NA	0.405168162553982	NA	0.450081883354405	0.308961969203623	NA	0.738220990649974	NA	NA	0.238500471827122	0.339884363638862	0.386748080615751	0.738781634442196	NA	0.472236629692403	NA	0.513670558978789	1.0940423342283	1.1465617566163	NA	NA	0.861159043809738	NA	1.0409191067335	1.70151799511661	1.19341098759806	1.57695821876361	0.593789360973785	0.680257717092457	NA
NA	NA	NA	NA	NA	NA	NA	NA	NA	NA	NA	NA	NA	NA	NA	NA	NA	NA	NA	NA	NA	NA	NA	NA	NA	NA	NA	NA	NA	NA	NA	NA	NA	NA	NA	NA	NA	NA	NA	NA
NA	NA	1.55452350791748	NA	0.794893466382864	0.511506144444127	0.722990463698956	0.631083614364398	0.790954265229422	NA	0.735863233327602	0.675048693582071	0.978364687989682	0.638982086987524	0.849381743610955	1.01055134577675	1.36183071272975	NA	NA	NA	0.855164517345869	1.43887875447008	1.53553345781249	0.931792187137696	0.991182113723209	1.70573181304896	0.613577861179297	NA	NA	1.14528444740153	0.638429477414473	0.806095465109404	1.20147531018244	NA	NA	1.75126998655639	0.888460712974124	NA	1.056867717955	NA
NA	NA	NA	0.346175491654849	0.187744393381354	0.320312712633351	0.073919089735911	0.110681947866704	0.152412167977195	0.220194702367109	0.513278862649917	0.105381122170786	0.383599137079309	0.10393051654274	0.0648845651274262	0.0517553373194832	0.140171663145723	NA	0.231854012409973	0.0912989813615415	0.090634375322155	0.186965547767905	0.352282793375286	0.300478628661958	NA	0.584114631481127	0.489709863903634	0.21268413170591	0.363704048434036	0.0719065227214242	NA	0.206431896958113	NA	NA	NA	0.17981944033025	NA	0.37582007000911	0.518571340608311	NA
0.843893297787535	1.00552241252727	NA	NA	NA	1.37358710828448	NA	1.02207217996701	1.22282653281606	NA	0.866926934446272	0.914947486844045	NA	2.51135903424508	0.62955433796539	0.742302152407029	0.262146386683619	NA	0.483998355376948	0.521240472504718	0.877697414909566	0.453685708189235	1.01226405836604	0.603364938820821	0.453349337612945	NA	0.150547721651044	0.374352914769823	NA	NA	2.0523645111302	0.510059035553166	1.43654090536754	0.467326963623111	0.327413924306605	0.290435794236731	1.52206204935342	0.616200340531735	NA	NA
NA	NA	NA	NA	NA	NA	NA	NA	NA	NA	NA	NA	NA	NA	NA	NA	NA	NA	NA	NA	NA	NA	NA	NA	NA	NA	NA	NA	NA	NA	NA	NA	NA	NA	NA	NA	NA	NA	NA	NA
NA	NA	NA	2.20998505819124	1.30806711418974	NA	0.782224616382647	1.03273861630512	2.52774357414361	0.943675306513193	NA	NA	NA	0.876950354581482	1.40147222640587	NA	NA	NA	NA	NA	1.16788710710832	0.853805958430154	NA	0.469900746654759	NA	NA	0.892002031480643	NA	0.688479126738801	NA	1.01125377273879	1.17581561114238	NA	NA	NA	NA	NA	NA	NA	0.870482206827109
NA	0.741776391410446	0.655595332306928	0.443895973583505	0.507838435764524	0.369516736381012	1.23955021842371	0.381465733931296	0.300024757387149	0.758862321178319	0.626821734131528	0.625673431058855	1.09817938956177	0.751469218861483	0.401661626958795	0.54519674829448	0.214680004591875	NA	1.16169242875685	0.374823653853513	1.23583197533848	0.606059088343079	0.693817092938645	1.46548147314328	0.77540381868429	0.408158931146055	NA	1.42595880484795	1.1053391333032	1.10219955577313	0.7077453844625	0.997299062444237	1.1154579239037	0.981161677781614	1.02436970406997	0.96089932691305	0.755804479263732	1.12576518659726	0.550902651073254	0.966162048297861
NA	0.882635151781271	0.99516713781	NA	0.729879531676361	0.239309800188615	0.289620565632598	0.188282429834243	0.39989498569607	NA	0.643601194463899	0.637091209319371	0.507867317356085	NA	0.516825961965433	NA	0.0880835714720531	NA	NA	0.441547108865113	0.684013106336658	NA	1.04104564355498	1.27050165765841	1.49416964878233	NA	NA	NA	NA	1.98243370786225	NA	NA	NA	1.34857593935346	NA	NA	0.754873521339718	1.08301184420608	1.02840326774116	NA
NA	NA	NA	NA	NA	NA	NA	NA	NA	NA	0.37234609055251	NA	NA	NA	NA	NA	NA	NA	NA	NA	NA	1.1346055324412	NA	NA	0.775424069844566	NA	NA	NA	NA	NA	NA	NA	NA	NA	0.560218308915537	0.622788109170198	NA	NA	0.304561128530532	NA
1.53061580295643	NA	NA	1.13619799928133	0.920145558227359	0.656330762711554	NA	NA	NA	0.67577126266538	0.442843261522173	NA	0.690629618009846	0.822562490341522	0.711796322407819	0.846854104397044	1.94572987499149	NA	NA	NA	NA	0.736428317041331	NA	NA	NA	0.808306223967287	NA	1.38332869385087	NA	0.296048191040232	0.917267360971973	0.423512867176397	0.761045606658081	0.897427432170202	0.962982505174011	0.640379761254245	NA	0.772546878247703	1.24155925625392	NA
NA	NA	NA	NA	NA	NA	NA	NA	NA	NA	NA	NA	NA	NA	NA	NA	NA	NA	NA	NA	NA	NA	NA	NA	NA	NA	NA	NA	NA	NA	NA	NA	NA	NA	NA	NA	NA	NA	NA	NA
NA	0.35146390331715	NA	NA	0.305891055203801	0.519966383075839	0.661319468538618	0.673864479537352	0.296155060106775	NA	0.180171272749994	0.518376587782126	0.187743668154758	0.25516534842708	0.155025877467579	0.289341413457579	0.34122479243629	NA	0.120836758571101	0.352552512392843	0.526018277924631	0.426708149904854	0.719065007285788	0.722665935535783	NA	0.145973765468789	0.583469756497841	1.26564720590323	NA	1.70392187793196	1.01045766067727	1.3579811743774	0.786717835032882	1.66128085154455	NA	NA	0.586292335393614	1.34937089442761	0.333813070546597	0.417771859325913
NA	NA	NA	NA	NA	NA	NA	NA	NA	NA	NA	NA	NA	NA	NA	NA	NA	NA	NA	NA	NA	NA	NA	NA	NA	NA	NA	NA	NA	NA	NA	NA	NA	NA	NA	NA	NA	NA	NA	NA
1.08683968241744	0.725286039053124	0.89873899092764	0.786707739762665	0.86248236699957	0.665265532656602	1.39168586805868	0.387987263972519	0.759733843718564	0.340570978560772	0.340122631819518	0.761220431166729	1.2143655432615	0.565099041509525	1.80058076673506	NA	NA	NA	0.925305500231321	NA	0.469770308252654	1.41461760164252	0.465340680963958	NA	0.389681954804291	NA	1.02103837662888	1.17442966407356	1.58116895012231	1.57834549772571	1.7457746066264	NA	0.446715703488252	NA	NA	NA	1.44063276865838	1.54099219961461	1.53516261054131	1.34304852721937
2.12769134547032	2.40030375986459	1.4670922018892	1.70783541025156	2.0947174538546	1.98858632237283	1.23268085463767	2.11148164324397	1.7022834649196	0.835381830866816	2.20185286030365	1.37994992273434	0.809842862665086	1.95403412197311	0.539755624117803	0.842434817955849	NA	NA	1.6225614828649	0.336320632475207	1.53264039887426	0.769409755950617	1.8106142949244	1.31368709557284	1.35952336777278	NA	0.901920638975697	0.798095816890656	2.35457891655376	0.74692507945752	2.00168204334027	0.638411348288909	2.1847304322138	1.3983105381347	0.51039236489713	1.74603439070147	1.87119052149716	0.397281435293121	0.546520862551625	0.385989273802609
NA	0.760910923105903	0.263871067147774	NA	0.162144412601097	0.270204254072718	0.399395658004146	0.299367046122602	0.390767172679873	NA	0.314624844165321	0.738079127454666	1.96876555489842	0.389585591828336	0.571557384680422	1.83711116423732	1.46128475646638	NA	0.17067291995034	0.256608884514613	0.377606009343691	0.657211568899618	0.752122366239041	1.68833178598393	0.592956891473064	1.63269119353383	NA	0.562473336110276	NA	0.622697129749237	NA	0.537597732091718	0.761643456778359	0.868480808525112	0.732579078995739	0.869565560228406	0.623814636015263	0.690688750269211	0.572501532617496	0.654587841998547
NA	1.31014380540788	NA	NA	0.29878312771728	NA	0.327771610077945	0.21839034244517	NA	NA	NA	0.581662020792801	NA	0.783481695148891	0.459561733982479	NA	0.376148366479866	NA	0.0927474483631236	0.470520980852895	0.367084672701834	0.427914686980296	NA	NA	NA	NA	NA	NA	1.31022360558564	0.704915353172439	NA	NA	NA	NA	1.1873264116063	0.827629669509727	0.969856294356452	NA	0.511228373166708	NA
NA	NA	NA	NA	NA	NA	NA	NA	NA	NA	NA	NA	NA	NA	NA	NA	NA	NA	NA	NA	NA	NA	NA	NA	NA	NA	NA	NA	NA	NA	NA	NA	NA	NA	NA	NA	NA	NA	NA	NA
0.741943770524229	0.880168151482027	0.603527882975627	1.01902584177995	0.742201779165022	0.683464828300233	0.360776592254428	0.161143587911054	0.276031422233066	0.317358827802198	0.190076736291574	NA	0.15256519563573	0.155777165315422	NA	NA	0.39770205845014	NA	NA	0.362037567845653	0.30480388030704	0.705125335908019	0.871617519506546	NA	0.303424184741651	0.721248180764451	0.65207956791101	0.948775322656278	1.11379068448704	0.674463219820103	NA	0.698830461242596	0.851670144030635	NA	1.081090838755	NA	NA	NA	0.916837958989702	0.939743426123795
NA	NA	NA	1.37922986482277	1.43403224178755	NA	1.14632546816588	NA	0.810043073678048	0.721951892236383	0.636380579056745	NA	NA	0.385413086420676	NA	NA	0.300555180597318	NA	NA	0.350772593104903	0.696146112380533	0.489024925230476	0.275536402232192	0.157464983352054	0.22534789066873	0.46531837894619	0.147640742219278	0.704499104393401	0.725045018034365	1.02973469304537	NA	NA	1.27548975835887	1.50383469171395	NA	NA	NA	1.89016048071608	NA	NA
NA	NA	NA	NA	NA	NA	NA	NA	NA	NA	NA	NA	NA	NA	NA	NA	NA	NA	NA	NA	NA	NA	NA	NA	NA	NA	NA	NA	NA	NA	NA	NA	NA	NA	NA	NA	NA	NA	NA	NA
0.578174222480093	0.659187592113118	0.727114017354115	0.577512048875832	NA	0.963812860625865	NA	0.487105825002234	0.424460750982202	NA	0.283747873835998	0.476141328639122	0.54962173546802	0.265449528366268	0.562957292565281	0.411182756655715	0.427227083070709	NA	NA	0.172181602135425	NA	NA	0.891987732867975	NA	NA	NA	1.17397040492233	NA	1.76519878171683	NA	NA	1.85944461500901	NA	1.5495299799952	NA	1.65804142180423	NA	NA	0.806075488732765	0.651049038640803
NA	NA	NA	NA	NA	NA	NA	NA	NA	NA	NA	NA	NA	NA	NA	NA	NA	NA	NA	NA	NA	NA	NA	NA	NA	NA	NA	NA	NA	NA	NA	NA	NA	NA	NA	NA	NA	NA	NA	NA
NA	NA	NA	NA	NA	NA	NA	NA	NA	NA	NA	NA	NA	NA	NA	NA	NA	NA	NA	NA	NA	NA	NA	NA	NA	NA	NA	NA	NA	NA	NA	NA	NA	NA	NA	NA	NA	NA	NA	NA
NA	NA	NA	NA	NA	NA	NA	NA	NA	NA	NA	NA	NA	NA	NA	NA	NA	NA	NA	NA	NA	NA	NA	NA	NA	NA	NA	NA	NA	NA	NA	NA	NA	NA	NA	NA	NA	NA	NA	NA
NA	NA	NA	NA	NA	NA	NA	NA	NA	NA	NA	NA	NA	NA	NA	NA	NA	NA	NA	NA	NA	NA	NA	NA	NA	NA	NA	NA	NA	NA	NA	NA	NA	NA	NA	NA	NA	NA	NA	NA
NA	NA	NA	NA	NA	NA	NA	NA	NA	NA	NA	NA	NA	NA	NA	NA	NA	NA	NA	NA	NA	NA	NA	NA	NA	NA	NA	NA	NA	NA	NA	NA	NA	NA	NA	NA	NA	NA	NA	NA
NA	NA	NA	NA	NA	NA	NA	NA	NA	NA	NA	NA	NA	NA	NA	NA	NA	NA	NA	NA	NA	NA	NA	NA	NA	NA	NA	NA	NA	NA	NA	NA	NA	NA	NA	NA	NA	NA	NA	NA
0.176658625801501	0.397401252269392	1.11622517203854	1.36122367128362	0.558345825474389	0.994787912853856	0.674865866380231	0.844722473282939	0.879293960504977	1.44488423483499	0.876063563113459	1.16027411210438	1.35491326355622	1.6761809097595	1.51781359497715	1.41506136473214	0.622235025238334	NA	1.71086225665616	1.98392493800782	0.885240891951591	1.15491224930082	1.31130484746111	1.14463223717588	0.492756429340793	0.725193399201027	1.44378287504503	0.870803340140335	1.01668333291542	1.16485520931648	1.23865384409652	1.42398431282204	1.35177128563239	1.88788766931285	1.83158903678021	1.75412542714793	1.42356012686413	1.09468979955213	1.82615527883045	1.4267228321488
0.708465461751948	NA	0.483222729681035	0.420530908689493	NA	NA	0.465778124618548	NA	0.23631193868629	NA	NA	0.824199004670821	0.79703074881359	NA	0.732246647617688	NA	NA	NA	NA	0.139029711589926	0.430002947865929	0.471388105903393	1.10793576321126	NA	NA	0.293586614220715	1.0203006047292	1.10092384755111	0.364362899680748	0.352284708299267	0.873332932309017	0.60559663623173	0.5073634800254	0.48170886958158	0.793942011454273	1.67619595455505	1.13893521123399	NA	0.999374551912352	0.852070544660892
NA	NA	NA	NA	NA	NA	NA	NA	NA	NA	NA	NA	NA	NA	NA	NA	NA	NA	NA	NA	NA	NA	NA	NA	NA	NA	NA	NA	NA	NA	NA	NA	NA	NA	NA	NA	NA	NA	NA	NA
NA	2.27883977291215	2.07243587910182	NA	NA	1.60341661357563	1.72441785185202	NA	NA	NA	NA	NA	NA	0.741282930791089	0.585870083097006	NA	0.905304755754505	NA	0.784960906387952	NA	0.718410745061097	0.964808527839102	NA	NA	1.15112129926504	NA	0.987328455994213	NA	NA	1.39948437431304	2.29385873345858	1.33301260966941	NA	NA	1.22120979038028	1.25971690612787	NA	NA	NA	NA
NA	0.418264112330599	0.379229754400851	1.05317535664471	0.789571735858549	NA	0.612631178897259	0.408766400549486	0.568984695250546	NA	NA	NA	1.01197888481203	NA	0.594724218769983	NA	0.714187763815618	NA	0.24448191734691	0.318498917330136	NA	0.641378019612073	0.621046576170156	0.734306898933385	0.64336799859577	0.764005989351373	0.774714010755348	NA	0.397190257728238	0.524637699105723	0.782736125875695	0.264716460955662	NA	1.03696955726717	NA	1.41877586542379	1.05672745170507	NA	1.16714326678531	1.19906329367614
1.8525124197987	1.82281640686289	NA	0.842416760145256	NA	NA	NA	NA	NA	0.513791007606132	NA	0.610038258219339	NA	0.58293183007822	NA	NA	0.230321353319841	NA	0.277574109198165	NA	0.594558272721471	1.23989400140643	NA	0.889072227185959	0.846813361565838	NA	NA	1.09758770506158	NA	NA	1.03469503981312	1.22029686809634	1.3146778871048	NA	NA	1.13875990196711	NA	NA	1.07414055564116	1.30356956038906
NA	NA	NA	NA	NA	NA	NA	NA	NA	NA	NA	NA	NA	NA	NA	NA	NA	NA	NA	NA	NA	NA	NA	NA	NA	NA	NA	NA	NA	NA	NA	NA	NA	NA	NA	NA	NA	NA	NA	NA
NA	NA	NA	NA	NA	NA	NA	NA	NA	NA	NA	NA	NA	NA	NA	NA	NA	NA	NA	NA	NA	NA	NA	NA	NA	NA	NA	NA	NA	NA	NA	NA	NA	NA	NA	NA	NA	NA	NA	NA
NA	2.35743844632693	NA	NA	0.659653851750384	0.658807962520462	NA	NA	NA	NA	NA	0.653265463275282	NA	NA	2.11014568459621	2.40812657079599	1.96135843096745	NA	NA	1.58279871747588	2.47471497428619	NA	0.634551154391097	NA	NA	0.928127292067678	NA	1.05546783660469	0.605983674626055	NA	1.42273156497723	NA	NA	1.39922587913699	NA	NA	2.23995568526441	NA	1.51764632668231	NA
1.39577270261389	1.08986803556618	1.35399794252431	1.36797800617769	0.914553850300627	1.08582635440813	1.33810264508449	1.24024056604687	1.00612849728666	NA	1.08468802861368	1.25477486509192	NA	0.819584836176444	0.850469485032808	NA	NA	NA	0.557042720696553	0.266439895293387	0.423110658738333	1.15759360800432	0.539273532449669	0.604973060483633	0.743062257616133	2.42331516004916	0.653295756856261	0.798442127626834	1.02781853759905	1.0305941468989	0.851357176354199	1.3576892231585	1.88390877626388	NA	1.68710377467249	NA	1.49539989677584	1.65974150676026	NA	2.24785576784769
NA	NA	NA	NA	1.29728601598443	1.07678914042484	0.714291299277453	NA	NA	NA	NA	1.25199927956441	0.633416261475337	NA	0.295696274690154	NA	0.451310970815842	NA	NA	0.488063116081599	0.475157476949241	NA	NA	0.544261260893492	NA	NA	NA	NA	NA	1.60545631800742	NA	NA	NA	NA	NA	NA	NA	NA	NA	NA
NA	NA	NA	NA	NA	NA	NA	NA	NA	NA	NA	NA	NA	NA	NA	NA	NA	NA	NA	NA	NA	NA	NA	NA	NA	NA	NA	NA	NA	NA	NA	NA	NA	NA	NA	NA	NA	NA	NA	NA
NA	NA	NA	NA	NA	NA	NA	NA	NA	NA	NA	NA	NA	NA	NA	NA	NA	NA	NA	NA	NA	NA	NA	NA	NA	NA	NA	NA	NA	NA	NA	NA	NA	NA	NA	NA	NA	NA	NA	NA
NA	NA	NA	NA	NA	NA	NA	NA	NA	NA	NA	NA	NA	NA	NA	NA	NA	NA	NA	NA	NA	NA	NA	NA	NA	NA	NA	NA	NA	NA	NA	NA	NA	NA	NA	NA	NA	NA	NA	NA
NA	NA	NA	NA	NA	NA	NA	NA	NA	NA	NA	NA	NA	NA	NA	NA	NA	NA	NA	NA	NA	NA	NA	NA	NA	NA	NA	NA	NA	NA	NA	NA	NA	NA	NA	NA	NA	NA	NA	NA
0.828369557365265	NA	NA	NA	NA	NA	NA	NA	0.475889970022131	0.704754578819184	NA	0.486488791891216	NA	NA	0.392645067695584	0.180843629707196	0.0884375257649777	NA	0.0451184467254295	0.154720540909719	0.410716622569176	NA	0.969024169877611	1.02741724627689	1.07520003308543	1.42115345514798	NA	1.16011697791476	1.23018169446745	NA	NA	1.01891820868361	1.10148794343013	1.24853589739965	0.882193279434153	1.11099179310864	0.991284171258361	0.474615614625743	0.970715952079256	0.764656901919248
NA	NA	NA	NA	NA	NA	NA	NA	NA	NA	NA	NA	NA	NA	NA	NA	NA	NA	NA	NA	NA	NA	NA	NA	NA	NA	NA	NA	NA	NA	NA	NA	NA	NA	NA	NA	NA	NA	NA	NA
1.18059639507654	1.12035213140367	1.27845343625053	1.0620287343107	0.887219578725875	0.915063786787262	0.726639270290409	0.668224820195717	0.526190459388112	0.539558720564188	0.68648809924273	0.514787850819378	0.671247593241602	0.416011020813682	0.603162698466078	0.513094735493687	0.54903581245685	NA	0.236092520065142	0.369127793718016	0.38368710680268	0.191211095719112	0.152540379781902	0.325901188376893	0.805229758796497	0.517128567467678	NA	NA	NA	0.453002914269773	0.369043673728367	0.357935414774521	0.379740356223731	0.422495608489019	0.393359391479842	0.532940797206026	0.537050472669875	0.550308562946223	0.18645074057851	0.474630461621853
NA	NA	NA	NA	0.979561091022809	1.22829895018369	0.901351099409882	NA	0.734424827541394	0.740730579408733	NA	NA	0.796573064508738	0.698750919336989	1.21321762814395	NA	NA	NA	0.244156790283898	0.23158957327434	NA	0.372865803960559	1.105477327131	NA	1.82475430602716	0.789358390968885	1.41820470760316	NA	1.12392777147497	NA	NA	1.21230692860743	NA	0.479871750451897	NA	1.24108353071187	0.670811060566449	1.06014737789414	NA	1.15096182313785
NA	NA	NA	NA	NA	NA	NA	NA	NA	NA	NA	NA	NA	NA	NA	NA	NA	NA	NA	NA	NA	NA	NA	NA	NA	NA	NA	NA	NA	NA	NA	NA	NA	NA	NA	NA	NA	NA	NA	NA
NA	NA	0.556155508802274	NA	0.783908336555684	NA	NA	0.34063095493114	0.479018637718688	0.354668336896585	NA	NA	0.241756580249369	NA	0.611340991461564	NA	NA	NA	NA	NA	0.670577991735626	NA	NA	NA	0.514280709473203	NA	NA	NA	NA	1.04650723312697	NA	NA	1.08978269651271	1.4968643887893	NA	NA	NA	NA	NA	NA
NA	NA	NA	NA	NA	NA	NA	NA	NA	NA	NA	NA	NA	NA	NA	NA	NA	NA	NA	NA	NA	NA	NA	NA	NA	NA	NA	NA	NA	NA	NA	NA	NA	NA	NA	NA	NA	NA	NA	NA
NA	NA	NA	NA	NA	NA	NA	NA	NA	NA	NA	NA	NA	NA	NA	NA	NA	NA	NA	NA	NA	NA	NA	NA	NA	NA	NA	NA	NA	NA	NA	NA	NA	NA	NA	NA	NA	NA	NA	NA
NA	1.97859952280404	1.68024840580914	NA	NA	0.957446786773378	1.61970813064477	1.45599256058001	1.25250061394949	1.05711480751139	1.26511860985933	0.964075312698933	NA	1.14054545922025	1.22929615091688	NA	0.372706533094549	NA	0.485946352287214	0.525223941349136	NA	1.7173466126498	0.382836592910134	1.35482298666278	NA	NA	NA	NA	NA	NA	NA	NA	NA	NA	NA	NA	NA	NA	NA	NA
NA	NA	NA	NA	NA	NA	NA	NA	NA	NA	NA	NA	NA	NA	NA	NA	NA	NA	NA	NA	NA	NA	NA	NA	NA	NA	NA	NA	NA	NA	NA	NA	NA	NA	NA	NA	NA	NA	NA	NA
NA	NA	NA	NA	NA	NA	NA	NA	NA	NA	NA	NA	NA	NA	NA	NA	NA	NA	NA	NA	NA	NA	NA	NA	NA	NA	NA	NA	NA	NA	NA	NA	NA	NA	NA	NA	NA	NA	NA	NA
NA	NA	NA	NA	NA	NA	NA	NA	NA	NA	NA	NA	NA	NA	NA	NA	NA	NA	NA	NA	NA	NA	NA	NA	NA	NA	NA	NA	NA	NA	NA	NA	NA	NA	NA	NA	NA	NA	NA	NA
NA	NA	NA	NA	NA	NA	NA	NA	NA	NA	NA	NA	NA	NA	NA	NA	NA	NA	NA	NA	NA	NA	NA	NA	NA	NA	NA	NA	NA	NA	NA	NA	NA	NA	NA	NA	NA	NA	NA	NA
NA	0.859247333970009	NA	NA	0.615179252317025	NA	NA	0.390086220433112	NA	NA	NA	NA	NA	0.617137635967595	0.437576536106003	0.847274447406657	0.553566188205773	NA	0.67176314966292	NA	0.714929916725063	0.476386012000137	0.567314730642427	NA	NA	NA	0.387241384825963	0.477116484843905	NA	NA	NA	NA	1.09286579034574	NA	1.46625546004195	1.52526879080426	1.25883206548053	1.1980149115533	NA	NA
NA	1.02419447818419	0.994934822882278	NA	NA	NA	0.402490026735523	NA	NA	NA	0.918746959110516	1.56403064130204	0.959336145017713	NA	1.9327638581239	NA	0.727073061874777	NA	NA	NA	NA	0.151029635326942	1.97692712462793	NA	0.444502880747699	0.540224136074793	NA	NA	NA	NA	NA	1.92088007696404	0.472738445371331	2.20649729345338	NA	NA	NA	NA	NA	0.781299416144832
NA	NA	NA	NA	NA	1.5964218468263	0.87603270669152	NA	1.23472357947509	NA	NA	NA	NA	NA	NA	NA	0.560213844919116	NA	0.321700507764302	NA	NA	NA	NA	NA	NA	NA	NA	NA	NA	NA	NA	NA	NA	NA	NA	NA	NA	NA	NA	2.09921656260879
NA	NA	0.692784233056629	1.58210022724721	0.554377333195622	0.0884199759130053	NA	0.465447834723637	0.567022699976626	1.12698955443471	0.819969365734861	NA	NA	NA	0.369470259672854	NA	0.86371218331584	NA	0.923796866697024	NA	0.615650293687484	0.536054889734683	0.423180040844877	0.499658611174598	0.387976962984831	0.426449043723018	0.538596156157239	NA	0.667162956654234	0.670748748007671	0.504376792048871	0.627521911147486	0.53395223134537	0.635960275422878	0.803867380497629	0.998456788277288	0.890227480347015	0.797536177041868	0.660871497240253	0.871515666690197
NA	NA	NA	NA	NA	NA	0.652399378628153	NA	0.625066801763366	0.731306777493988	0.999499977193136	1.19310172241626	NA	0.765837563960089	NA	NA	0.935056111130701	NA	NA	1.02670740218775	0.954106997657948	0.964120151315711	NA	NA	1.44023882646865	NA	1.27608047051486	NA	NA	1.64056034929107	NA	1.82730976357309	NA	NA	NA	1.4605066030687	NA	NA	1.23773326010105	1.62534552310968
NA	NA	0.76322780414364	NA	NA	0.751729495354791	0.710655551005382	NA	0.203723738975444	0.779414951147672	NA	0.491919537415799	0.603545109167956	0.918575891271964	0.829068281785236	NA	NA	NA	NA	0.446215239054128	0.700712332834824	0.946991782569965	NA	0.942682977548639	0.694085227481813	1.01647594094013	NA	1.29574206446225	1.50237583177358	1.69813170500028	NA	1.66462438280814	1.55725506649902	NA	1.93382706120258	1.4475143895884	2.0130699673626	NA	NA	NA
NA	NA	NA	NA	NA	NA	NA	NA	NA	NA	NA	NA	NA	NA	NA	NA	NA	NA	NA	NA	NA	NA	NA	NA	NA	NA	NA	NA	NA	NA	NA	NA	NA	NA	NA	NA	NA	NA	NA	NA
NA	NA	NA	NA	NA	NA	NA	NA	NA	NA	NA	NA	NA	NA	NA	NA	NA	NA	NA	NA	NA	NA	NA	NA	NA	NA	NA	NA	NA	NA	NA	NA	NA	NA	NA	NA	NA	NA	NA	NA
NA	NA	NA	NA	NA	NA	NA	NA	NA	NA	NA	NA	NA	NA	NA	NA	NA	NA	NA	NA	NA	NA	NA	NA	NA	NA	NA	NA	NA	NA	NA	NA	NA	NA	NA	NA	NA	NA	NA	NA
1.83534399386753	1.78871232677633	0.5280899641913	NA	2.12366119561415	0.756885705398622	1.28911485128774	1.01223395076403	2.50162140743449	0.723292542609444	0.920589331659254	0.583228816342267	NA	0.31387245047381	0.334312653550318	NA	0.369797286470636	NA	NA	0.265967923040955	1.05186391821925	0.435943637774578	NA	0.357607303248803	1.38894738456784	1.919186694027	0.854711729590556	0.420489335395024	NA	2.72637982210749	0.482068605682668	NA	0.492621812480725	0.667037009514704	0.500533439072499	1.67033135840799	0.327858995884736	NA	2.03832313450792	0.903786690604065
NA	NA	NA	NA	NA	0.964505864808482	0.38824802429998	NA	0.759908377535319	NA	0.423170828393715	NA	0.511307838084356	0.606694649733511	0.636919635022451	0.578489381993739	NA	NA	NA	0.537921326033062	NA	0.362418081222516	0.214971133760257	NA	0.865316382007893	NA	NA	NA	NA	0.459917735297771	NA	0.692235507702754	0.686306793492722	NA	NA	NA	NA	NA	NA	NA
NA	0.735592092197628	0.570848020620183	NA	0.719180839352337	0.455569181236763	0.397610372840113	0.188199477633594	NA	0.392126389997145	0.536794199737022	NA	NA	NA	0.40426922108328	0.90871395105528	NA	NA	0.225290101808515	0.173450381487781	0.192225770178917	NA	0.564373773719866	0.654496316901838	0.596604190533785	NA	NA	0.707376774734499	0.525925711725813	NA	0.286717978795263	NA	0.258103779142064	NA	0.584024079206285	0.436973485956115	NA	0.789853661088809	0.913164061774275	NA
1.65612141411163	NA	0.615395049378589	0.697762980993494	NA	0.683033425984551	NA	NA	NA	0.829424525305205	NA	0.378533215851217	0.341319812438827	0.85855461904886	0.962611286637877	NA	NA	NA	NA	0.561100754146734	NA	0.862795971156383	NA	0.894510221165667	0.896946349350977	NA	NA	1.21227553117461	1.54500857185891	1.70720427013729	NA	1.65284167973899	1.6236891595767	NA	1.96429384210985	1.56570566029829	1.5992782356029	NA	1.70536799883191	NA
NA	0.689528477500254	0.839872062462042	0.662178735800831	0.736757796930292	NA	0.742645461393152	0.600486916445543	0.283148496253703	NA	0.0704913476095993	0.261763745836325	NA	0.274450385977378	0.299919943964639	0.422454271279599	0.220466721672866	NA	NA	0.22324250834312	0.171497410683536	0.0748163873883169	0.119707921776091	0.531944687222197	0.687486610905537	0.268468469347181	0.466210010726906	0.596701537438419	0.579471751830541	0.947391583173893	0.911047430878107	0.861588655879816	NA	NA	NA	NA	NA	NA	NA	NA
NA	NA	NA	NA	NA	NA	NA	NA	NA	NA	NA	NA	NA	NA	NA	NA	NA	NA	NA	NA	NA	NA	NA	NA	NA	NA	NA	NA	NA	NA	NA	NA	NA	NA	NA	NA	NA	NA	NA	NA
NA	NA	NA	NA	NA	NA	NA	NA	NA	NA	NA	NA	NA	NA	NA	NA	NA	NA	NA	NA	NA	NA	NA	NA	NA	NA	NA	NA	NA	NA	NA	NA	NA	NA	NA	NA	NA	NA	NA	NA
NA	NA	NA	NA	NA	NA	NA	NA	NA	NA	NA	NA	NA	NA	NA	NA	NA	NA	NA	NA	NA	NA	NA	NA	NA	NA	NA	NA	NA	NA	NA	NA	NA	NA	NA	NA	NA	NA	NA	NA
NA	NA	NA	NA	NA	0.220919451990147	0.339723365432125	0.389126516978961	0.461874273134975	NA	NA	NA	NA	1.85050319302616	NA	NA	0.215438460168847	NA	NA	NA	0.382598548150877	NA	NA	NA	0.811314992113549	1.66785475936157	NA	NA	NA	NA	NA	NA	NA	NA	NA	NA	NA	NA	NA	NA
NA	NA	NA	NA	NA	NA	NA	NA	NA	NA	NA	NA	NA	NA	NA	NA	NA	NA	NA	NA	NA	NA	NA	NA	NA	NA	NA	NA	NA	NA	NA	NA	NA	NA	NA	NA	NA	NA	NA	NA
NA	NA	NA	NA	NA	NA	NA	NA	NA	NA	NA	NA	NA	NA	NA	NA	NA	NA	NA	NA	NA	NA	NA	NA	NA	NA	NA	NA	NA	NA	NA	NA	NA	NA	NA	NA	NA	NA	NA	NA
NA	NA	NA	NA	NA	NA	NA	NA	NA	NA	NA	NA	NA	NA	NA	NA	NA	NA	NA	NA	NA	NA	NA	NA	NA	NA	NA	NA	NA	NA	NA	NA	NA	NA	NA	NA	NA	NA	NA	NA
NA	NA	NA	NA	NA	NA	NA	NA	NA	NA	NA	NA	NA	NA	NA	NA	NA	NA	NA	NA	NA	NA	NA	NA	NA	NA	NA	NA	NA	NA	NA	NA	NA	NA	NA	NA	NA	NA	NA	NA
NA	NA	NA	NA	NA	NA	NA	NA	NA	NA	NA	NA	NA	NA	NA	NA	NA	NA	NA	NA	NA	NA	NA	NA	NA	NA	NA	NA	NA	NA	NA	NA	NA	NA	NA	NA	NA	NA	NA	NA
NA	NA	NA	NA	NA	NA	NA	NA	NA	NA	NA	NA	NA	NA	NA	NA	NA	NA	NA	NA	NA	NA	NA	NA	NA	NA	NA	NA	NA	NA	NA	NA	NA	NA	NA	NA	NA	NA	NA	NA
NA	NA	NA	NA	NA	NA	NA	NA	NA	NA	NA	NA	NA	NA	NA	NA	NA	NA	NA	NA	NA	NA	NA	NA	NA	NA	NA	NA	NA	NA	NA	NA	NA	NA	NA	NA	NA	NA	NA	NA
NA	NA	NA	NA	NA	NA	1.88887169496627	NA	NA	NA	1.94000450714638	NA	0.625355141333117	NA	NA	NA	NA	NA	0.921378231344148	1.9751107817048	NA	NA	0.684018561694806	NA	0.767658455522812	NA	NA	NA	NA	NA	NA	0.573624549454884	NA	0.921453554949145	NA	NA	0.458229182255726	NA	NA	NA
1.12302596338584	0.320755609838472	0.646654182309955	1.30473101398995	1.69279406101142	0.619280511853581	1.18851838796873	1.08924795258301	0.712688091575405	0.928587714347888	0.258734761279586	NA	0.783074293374316	1.15051608224392	0.287180781685026	0.374586678348212	1.31094478942931	NA	1.18183903436722	0.982498964543525	1.34939235788183	NA	1.42589728712314	1.32712945687252	1.14200215025352	1.4282385839624	0.235071885898311	1.53272812498226	0.994552400179021	0.368760674465733	0.535943924599435	1.2410325293448	1.24137156051698	0.808664269602697	NA	NA	1.15515965576057	NA	1.63410219931581	0.509785352395581
NA	NA	NA	NA	NA	NA	NA	NA	NA	NA	NA	NA	NA	NA	NA	NA	NA	NA	NA	NA	NA	NA	NA	NA	NA	NA	NA	NA	NA	NA	NA	NA	NA	NA	NA	NA	NA	NA	NA	NA
NA	NA	1.46733185895798	1.2200588757345	1.27443191463479	1.2470796710279	NA	0.386275583829104	1.33164405366899	1.21229174215457	0.797449584910247	0.655697029121195	0.589367686079964	0.598156663650243	NA	0.880923466934851	0.226418816193162	NA	0.563711661176778	0.0432766171011949	NA	0.348003872855514	0.751118131452929	0.873053628477149	0.246475644736921	0.294541072160809	NA	0.566694436035636	2.05541697957977	0.396616598691469	0.884981865125341	0.65781561299248	0.794706264249298	NA	NA	NA	2.1144491682793	0.634985651892646	0.816171456395537	0.55373615701677
NA	NA	NA	NA	0.8582336201382	NA	NA	NA	NA	NA	NA	NA	0.297048217330399	NA	0.375707257783369	NA	NA	NA	NA	0.817931357837581	1.15331999625686	NA	0.81739680169925	NA	1.17049578498083	NA	NA	NA	NA	NA	NA	NA	NA	2.61855268714006	NA	NA	NA	2.71979864135821	1.26325300331816	NA
NA	NA	NA	NA	NA	NA	NA	NA	NA	NA	NA	NA	NA	NA	NA	NA	NA	NA	NA	NA	NA	NA	NA	NA	NA	NA	NA	NA	NA	NA	NA	NA	NA	NA	NA	NA	NA	NA	NA	NA
0.922550976866631	1.39525051150318	1.22956695963401	NA	NA	0.724512463734862	0.48475861119061	0.785358964843416	1.97540566126704	1.76627684006571	0.88248353449388	1.17437200245479	0.464265776282156	0.745731600279667	NA	1.621835834724	1.72836317922538	NA	1.40075457674029	0.622234025586019	1.63655618465767	0.271801851153692	0.829258221899661	1.96206340838534	NA	NA	NA	0.8866734821437	0.574245298024683	NA	0.468362550925691	NA	1.37093781258992	0.0378706630155964	1.82906597526986	NA	0.403106083456349	1.4407216596138	1.74081153018295	0.364507613437664
0.766784999772052	0.615081237341522	1.00402038465371	2.17321455801604	2.13523031940262	1.85587514573661	0.943869022575733	1.90820707727906	0.580797826940981	2.03178078703416	NA	1.7975777046483	0.402815165203338	1.81947665880904	0.30254008799787	NA	NA	NA	0.443604028019694	0.468840768523312	0.343040953924339	0.602382905696339	0.9237212688137	0.741372830319606	0.754277129343161	NA	0.804319194765397	NA	0.40106463783155	0.527935855728796	0.75691033108105	0.890475783594966	0.541728863594198	NA	0.49268394054871	NA	0.326899252781403	0.606714772267473	0.459584222126687	0.396572862649694
0.697203832276694	0.598671093292732	NA	0.396923068530602	NA	NA	NA	NA	NA	NA	NA	NA	NA	NA	NA	0.693704598682093	0.14307503451738	NA	NA	1.79058973392145	NA	0.898211583642768	1.01910642562527	1.20330314506982	0.434704626537406	0.4794308522734	NA	NA	1.9859147570356	0.363701599198878	0.604845263766181	0.378504512422467	1.85102535144112	0.306607689843265	0.83949893475023	1.55851422157075	0.665846731550723	0.636711773536985	NA	NA
0.490232288159782	NA	NA	NA	0.954303580962252	0.79131880548875	0.37967672069435	0.643343516645396	NA	NA	NA	0.714814209110885	NA	0.79439871903136	NA	0.462017721417275	0.677958294420431	NA	NA	NA	NA	NA	0.230509033381509	NA	NA	NA	NA	NA	1.48962389545538	NA	NA	NA	NA	NA	0.870571607848374	NA	0.404194976540624	NA	NA	NA
NA	NA	NA	NA	1.22893892682267	0.95453476017555	NA	0.701643165518059	NA	1.06922315253645	0.700293406500022	0.535246701279807	NA	0.508689996258592	0.444689449476251	NA	0.167249313721881	NA	NA	0.422295778159553	0.319314831165146	0.358803251186873	0.238373505826875	0.463938365376505	NA	NA	0.599258240691876	NA	NA	0.78204683693501	0.769227367768349	0.784513725500873	NA	NA	NA	0.529805489586007	NA	NA	NA	NA
1.2823656385039	1.38538372323985	NA	1.73779670816141	0.974861885713844	NA	NA	0.647883488040447	0.775519458060684	0.590728934279212	NA	NA	1.54060177243528	0.401196005098868	NA	0.53155779592168	NA	NA	NA	0.654423831840918	NA	1.25407851781692	1.51440501789806	1.33026125542356	1.17905646005271	NA	NA	NA	NA	NA	NA	NA	1.12448774169387	NA	2.16445154097891	NA	1.06773552806605	1.25879921572996	0.969728100350658	1.16212747195478
0.643872910731556	NA	0.508723236879072	0.830544338299427	0.438324203268402	NA	0.555539185186467	0.199619449167701	0.434003220194587	0.480986249113475	0.322765938019094	0.521749931241072	0.202405609461962	0.502876182178326	0.75541371470083	0.437446800002411	0.279830249729096	NA	0.863252149702524	0.258097191121845	0.182552313033715	0.156521166040088	NA	0.155966225024742	NA	0.43994147175711	0.251116346268091	0.269873349497551	0.367891579162221	0.144207507778437	0.414825397991023	0.879047189065966	0.525706852880405	NA	1.24061325374106	0.890430175494479	0.859858985167226	1.05522225230382	0.725682678409063	0.942030914418347
0.291741664570722	0.639051803649991	NA	0.688414721685784	0.71181982024089	NA	NA	0.689268748986604	NA	0.391826775162169	0.39046916932161	0.265291678842318	0.488877600672435	NA	NA	0.1227076789866	0.147701918653786	NA	0.088899695931653	NA	0.488474500106606	0.696901486449655	1.03564021887915	1.0565348476371	1.66945256953222	1.18025453877604	1.11654842653365	1.52685337993723	NA	1.51840566417253	1.91414559044247	2.01495830758332	NA	NA	NA	NA	NA	NA	NA	NA
NA	NA	NA	NA	NA	NA	NA	NA	NA	NA	NA	NA	NA	NA	NA	NA	NA	NA	NA	NA	NA	NA	NA	NA	NA	NA	NA	NA	NA	NA	NA	NA	NA	NA	NA	NA	NA	NA	NA	NA
NA	NA	NA	NA	NA	0.763792592907928	NA	1.33419132860008	NA	NA	0.292033482571917	NA	NA	0.639049464609123	NA	NA	0.20289129055694	NA	NA	1.07722348154198	NA	NA	0.828962944263972	0.821540794578082	1.10395231254502	0.852248018043654	0.698438481163042	NA	0.834102470878435	NA	NA	NA	0.481458227267891	0.380262251594312	NA	1.0445528164139	0.296216593152444	1.08536763939109	0.213602383113919	0.405239960091402
0.702974232182511	0.35067891078839	0.668628410882117	0.758855310672577	0.761574884149193	1.15393709857425	0.886641271301929	0.96868416752806	0.937223573438663	0.971687243553749	1.1453167358848	NA	NA	NA	0.562323315571323	0.296981914222027	0.431807382274293	NA	NA	0.193696290210026	0.541139067621127	0.400081756899801	0.433574991228517	0.596024005244144	0.238750874401306	NA	1.0996604290171	NA	0.175066552383025	NA	0.764077694379788	0.859558468731036	0.517937707873783	1.38049426814215	0.807094607840802	1.58116591317843	0.349356209379133	1.38173981108813	NA	1.15629075846632
NA	NA	NA	NA	NA	NA	NA	1.07107613466924	NA	1.87364491750828	NA	1.72502246172626	NA	NA	0.578266473854343	0.563156944272665	NA	NA	NA	0.850130474902748	NA	1.39896495458266	NA	NA	NA	NA	NA	NA	NA	NA	NA	NA	NA	NA	NA	NA	1.37774192405906	NA	1.51692363522232	NA
1.02164907291439	1.41341862475466	0.220503389082534	NA	0.734630242326419	0.884199666975233	0.495124453761718	NA	0.838290276471986	0.559483334980256	0.341162927377024	0.186906740185323	NA	0.683721369037793	0.607848834588209	0.750697772403	NA	NA	1.39993477395636	1.01857961759481	1.03109675398248	0.993841253017153	0.567473408394863	0.992371007146987	0.874138803434342	NA	0.832306329127395	1.27839747794936	0.557091041547216	0.913587331769823	1.35090650339813	1.08791313173453	1.89346874282328	2.09514380508969	1.14832012544797	2.04481896495765	0.999281122066678	0.557416067520257	1.31009433120136	2.46165376111842
0.60641066608993	0.363508194237722	0.141941142499426	0.392360025318251	NA	0.495531351968915	0.474046345385379	0.159341390207803	0.360213641551158	0.359460123590499	0.967610857758118	1.1384550181439	0.285297988368507	NA	1.5601483153362	0.823248519892061	0.742683148621913	NA	1.50478255250229	0.498107066090395	0.727774926809677	1.52913213687767	NA	0.612917039406234	1.31111839134018	1.32691737504369	0.724048972879918	0.508619666973409	NA	0.483247652538631	0.955084858128283	0.921102712040357	0.332251654546659	1.44225842653802	0.644456338669802	1.53315008759694	2.14837397349316	2.68011704567256	1.37032597659593	NA
0.240276689355264	0.542605555901979	0.596523776246848	NA	0.404519074647539	0.521779406336748	NA	0.313874143175982	NA	0.572029156444139	0.7838895019761	0.642736229337234	NA	0.7557387525046	NA	0.903533148176174	0.569808895971015	NA	NA	0.301634121070492	0.499804498779607	NA	NA	NA	0.982538551359975	NA	NA	NA	NA	0.820367909726474	0.534238549229024	0.469612135308097	NA	NA	NA	NA	0.877910872004307	1.08487834278456	NA	NA
NA	NA	NA	1.24772475627464	0.950612883515177	0.572321137661596	NA	NA	NA	NA	0.692916891355797	0.959906396079095	0.68861676949	NA	1.02502819415326	0.965581783503368	0.78669543608398	NA	NA	0.884291643095942	NA	0.791505028721084	NA	NA	1.51285912366837	NA	NA	1.38053848579611	NA	NA	NA	NA	0.958716268834495	NA	1.40393773308125	NA	NA	NA	0.882905785147435	NA
NA	NA	NA	NA	NA	NA	NA	NA	NA	NA	NA	NA	NA	NA	NA	NA	NA	NA	NA	NA	NA	NA	NA	NA	NA	NA	NA	NA	NA	NA	NA	NA	NA	NA	NA	NA	NA	NA	NA	NA
NA	NA	NA	NA	NA	NA	NA	NA	NA	NA	NA	NA	NA	NA	NA	NA	NA	NA	NA	NA	NA	NA	NA	NA	NA	NA	NA	NA	NA	NA	NA	NA	NA	NA	NA	NA	NA	NA	NA	NA
NA	0.61064983060486	0.622198174459685	NA	1.19132146880606	0.942209088975358	0.65729552743099	0.736253359176243	0.52430289456407	0.168073972083122	0.286574257788323	0.201909774066842	0.594002708635388	0.957987670751742	0.347233081770128	0.605824434180937	0.54165254490566	NA	0.524020166773374	0.586977402736066	0.508894823589167	0.297432649013709	0.2737999668823	0.241594390888789	0.454788545026034	0.71687762935842	0.721373355126894	0.420706486564745	0.520874337547819	0.582979046410753	1.34416074363887	0.652624611399343	1.13626524218012	1.04685902647073	1.35146793999586	0.715719398149829	1.05619719516207	NA	0.495888155359642	0.466926620067249
NA	0.633195765919073	NA	0.749594618771186	0.907567268774363	NA	0.872431349457519	1.0150040184869	0.905552250618914	1.00017721320324	1.41607921817172	1.76705256116775	1.82177345141733	NA	1.81740094687314	NA	1.7251625126436	NA	1.590600244902	NA	0.346605468477485	1.36475088942988	1.27699795785723	1.52826096260153	1.38620845874953	NA	0.976496496433188	0.752903111333144	0.954344788783287	0.567698799029762	1.33177381617263	NA	NA	0.960985661037686	NA	NA	NA	0.964935934690799	1.09471882674494	1.2875484065331
NA	NA	NA	NA	NA	NA	NA	NA	NA	NA	NA	NA	NA	NA	NA	NA	NA	NA	NA	NA	NA	NA	NA	NA	NA	NA	NA	NA	NA	NA	NA	NA	NA	NA	NA	NA	NA	NA	NA	NA
NA	NA	NA	NA	NA	NA	NA	NA	NA	NA	NA	NA	NA	NA	NA	NA	NA	NA	NA	NA	NA	NA	NA	NA	NA	NA	NA	NA	NA	NA	NA	NA	NA	NA	NA	NA	NA	NA	NA	NA
NA	NA	NA	NA	NA	NA	NA	NA	NA	NA	NA	NA	NA	NA	NA	NA	NA	NA	NA	NA	NA	NA	NA	NA	NA	NA	NA	NA	NA	NA	NA	NA	NA	NA	NA	NA	NA	NA	NA	NA
NA	NA	NA	NA	NA	NA	NA	NA	NA	NA	NA	NA	NA	NA	NA	NA	NA	NA	NA	NA	NA	NA	NA	NA	NA	NA	NA	NA	NA	NA	NA	NA	NA	NA	NA	NA	NA	NA	NA	NA
NA	NA	NA	NA	NA	NA	NA	NA	NA	NA	NA	NA	NA	NA	NA	NA	NA	NA	NA	NA	NA	NA	NA	NA	NA	NA	NA	NA	NA	NA	NA	NA	NA	NA	NA	NA	NA	NA	NA	NA
NA	NA	NA	NA	NA	NA	NA	NA	NA	NA	NA	NA	NA	NA	NA	NA	NA	NA	NA	NA	NA	NA	NA	NA	NA	NA	NA	NA	NA	NA	NA	NA	NA	NA	NA	NA	NA	NA	NA	NA
1.1178538692133	NA	1.3657236186403	1.51751013725441	1.38522677665215	1.27792457882922	1.37934894626017	1.54087848344789	1.61018660187019	1.29906764533279	1.36386891752166	1.12925096218328	1.04078525502276	0.938829829014288	0.709135608691416	0.919700442407282	0.0687777436208641	NA	0.169681873303834	0.229165603080423	0.24840726322149	0.400678160887555	0.221490145046804	0.693999629405401	0.742220078813931	0.520243123242399	0.592853206998346	0.460225120640523	0.847699536148713	0.929176897703162	NA	0.76453960913284	NA	0.711416257658821	NA	1.1155231044827	0.653028481654417	0.613338323669317	0.614736061320549	NA
0.9271160678194	2.11571054576453	2.42413155600915	2.46786542244807	NA	2.76199858555734	2.0292989206901	1.99334369791043	2.7618987311054	1.87359925537724	NA	2.32720681206447	2.64610160954224	1.5099342573144	2.69981960943868	1.42141370634417	1.42498129939139	NA	1.63014963635998	0.108515044592696	2.41640646693626	NA	0.77213703817828	2.39481035136871	0.648271782505099	2.53870555044563	1.83002176872771	1.17791137697368	1.0747620055478	NA	NA	NA	NA	NA	NA	NA	NA	NA	NA	NA
0.970624551897116	1.09206189112397	1.32030902266874	NA	1.04037395625062	0.810313263874239	0.864256298152085	0.555707073467712	0.474321365648809	0.113389107597422	0.425218242679094	0.983314615544908	NA	1.08696749105228	0.577487342651602	1.63623193154663	0.577383923244976	NA	0.613815919271873	0.29095337071418	0.535863222357067	0.966183434154994	0.632750762965177	0.506424076473751	0.785260328315291	0.348077147468088	0.609596231293623	0.928012390492175	1.1256103319245	0.603428942727084	0.462158500106562	0.630663764063207	0.841404649618248	0.724021871592455	0.779796253553683	1.23921345468629	0.925703856685064	1.16159228622415	1.41706595807148	1.12356900386097
0.978963617747536	0.860670683854733	0.733572758781117	0.744500725523104	0.231748799147959	0.117977922800479	0.307444931785844	0.240197193962242	0.196686304358931	0.338956735154477	NA	0.597840923017137	0.692760765692375	0.318896441847333	0.384174549322392	NA	0.142661429327239	NA	NA	NA	0.283122286968015	0.345965740109948	0.410790124304874	NA	0.416931562680681	0.392599482761497	0.385471357302575	0.84723929736105	0.739694034578089	0.75321343670775	0.585242407317918	0.510246299759898	0.0785889682918415	0.308607817554755	NA	NA	0.405801089812821	0.593731486905764	NA	0.185136861348088
NA	NA	0.737906723030374	NA	0.356182024942151	0.506391117887707	0.488181086659269	NA	0.531411466278951	0.39420840023122	NA	0.777468432436178	NA	NA	0.376264989912959	0.652181790998971	NA	NA	NA	0.554962528993116	0.636344809598669	NA	0.715351566424812	0.65899566326203	0.934461967025762	0.93759456218287	NA	0.902070105329818	NA	NA	NA	1.69205021394951	NA	1.35508939070131	1.67169157718797	1.60711810652424	0.869450388860763	NA	1.70204482554244	1.96482601732985
NA	0.4242947950258	NA	NA	0.488876076982757	NA	0.34512487820915	0.447951947662426	NA	NA	0.96523238315925	NA	0.606212708382979	NA	0.35186225765534	NA	0.252958111736394	NA	0.537042372532126	NA	NA	0.449080673276904	0.607575757115557	0.528134022470914	NA	1.43140440097314	1.51249565599207	0.819769713383288	NA	1.32192775165082	NA	0.52829484932845	NA	0.648175688916	0.703275772513539	0.775794828161401	0.712542410737582	NA	0.778280236542624	NA
1.17871878940464	0.218384881045491	2.03362439819324	1.42103566719722	NA	1.00694196292539	0.643701247195006	1.09176843198431	0.708509201701215	0.630592499237077	NA	1.33680431515529	NA	0.881260818393073	0.851448362184095	0.81814467851831	1.08105406547441	NA	0.578488646918399	1.13477469919311	0.824325090400367	0.410032278618244	0.575538989746881	0.312395580774478	0.643129809951121	2.25185190010817	0.916459170244835	1.32897110323171	1.05701452065642	NA	NA	1.72708235537125	1.48447501477731	1.47060137646101	NA	NA	1.79301059607954	2.03207550306861	1.7301332805414	1.65851934411558
1.16431149869067	NA	1.55317274883392	NA	NA	0.984613118659805	0.662194609415312	NA	0.935872624140127	0.486039880755896	NA	NA	0.5593202914139	0.342699497257678	0.20894255304394	0.459578184471251	0.250938975145911	NA	0.445656292299553	0.46301809572993	0.231719965344646	0.479207665286071	1.24995709940754	1.13689735480598	1.44071859904665	0.938659160808173	1.1453951893888	0.989487864227256	1.29273137358943	1.3639808458593	2.28321098580342	1.27004431104926	1.0064931184933	NA	NA	NA	1.11772578506114	1.48367500662629	1.72610149666098	1.54818806675462
NA	1.1647997087997	NA	NA	1.06733796354124	NA	NA	NA	0.560689202534691	0.564311363820723	NA	0.403135697509774	0.502731371974436	0.10697899783479	NA	0.355576870173255	NA	NA	0.27339406742339	NA	0.828717859351856	NA	1.30908597250946	NA	NA	NA	1.29005387138078	1.56668063860215	NA	NA	NA	1.5439598577924	0.841284481360316	NA	1.19623880305519	NA	0.915055468647211	0.918468872818811	0.486422193593643	0.801349334527968
NA	NA	NA	NA	NA	NA	1.14549877502369	1.41026307733338	NA	NA	NA	0.722181432248048	0.799345760111664	1.30265633375704	1.36072365678506	NA	0.986596166384445	NA	1.72172645048389	0.411113696541403	NA	0.872773065154901	NA	0.297508067689263	0.553340516253447	0.622151795567875	NA	1.20256047469979	NA	1.13314325709588	NA	NA	1.33443240138297	NA	NA	NA	NA	NA	NA	NA
0.660958614566673	1.75676169002419	0.678823300438689	NA	1.21331991299378	0.911521693556957	0.836895097495075	0.691995624043595	0.41864399496825	0.40850553708792	1.08126582992916	0.954090785236113	0.911726649249469	1.17694248719574	0.307354660664627	0.404503888526788	NA	NA	1.3210179549628	0.739112903334309	0.921029254160478	0.964732829502127	1.63261353735282	0.364204230162016	0.304888363737595	0.322352515786424	0.709651136548401	0.631015287956129	NA	NA	0.675935078377737	NA	0.485453181025014	NA	0.651486602067279	0.335159524607216	0.907511895389179	0.895707146266641	NA	1.40092147609925
0.784748705460629	NA	1.03415919908067	NA	0.951646550092786	0.785244484822347	0.620542894926096	0.191413540851917	0.375101755786675	0.645449810020744	0.564799221792864	0.686726405090326	0.875842738316058	0.469342474903215	0.403596043655358	NA	0.484932034751659	NA	NA	0.561370125155657	0.488140129732973	0.637430228556954	0.456328752018782	NA	0.863875699126402	NA	0.86033555579987	0.968507309989993	1.5159228129762	NA	NA	NA	0.951939945442907	1.36813360631217	0.420048107665522	0.918762848477066	NA	1.07763213503349	0.986724339755073	1.54328538855628
0.533509129826455	NA	NA	0.705246231872078	NA	NA	1.17113524945788	0.461659421403299	NA	1.70030525323089	0.382433312124173	1.26252848791521	1.48402848741759	1.50204855212584	0.645435833105522	1.64347121490807	0.496965349588864	NA	NA	1.7751418587707	0.580215911954893	0.941651215676712	1.36515320733728	NA	NA	NA	NA	1.56162952292723	1.57451366628408	NA	1.60965071256337	NA	1.52029695308387	NA	1.79561942718094	NA	1.84483465381145	1.61346769910159	1.25316055549918	1.11735491720628
NA	NA	NA	NA	NA	0.246138331204548	1.46830014166071	0.585472283547617	0.733426533676833	0.777050285428596	0.380206201641939	NA	0.928163539613048	0.935113598457745	0.804549319699131	0.980925773055888	0.499538155057007	NA	0.203954538308871	0.328532365387859	0.674129008360952	0.728876577993532	0.527976181980112	0.473010303798431	0.508698607611496	0.602687148243181	0.301183420165837	NA	1.30816546737991	0.682858700058413	0.944212610072977	1.13159861520213	1.01078442810515	0.816457898997232	0.667418031728052	1.44800234974555	1.28389387147525	0.975222807296644	NA	NA
NA	NA	NA	NA	NA	2.09787835675497	1.57497483338804	1.43310923264372	NA	NA	NA	0.56894414452828	0.447894376491954	0.30649242581593	NA	NA	0.313660598040713	NA	0.75001034161922	0.513228231850462	1.46804780488144	1.17998687503587	2.34968778574172	0.756812505814842	2.15747395290922	2.41282165403421	0.997224613886805	NA	1.5686955326512	0.776834216424801	0.976542131189387	2.24074186378762	0.713038889724478	1.95509471397792	NA	0.676743635905362	1.05506244794103	2.28780563282983	0.893823353245395	NA
NA	NA	1.0324010463924	1.16590148499796	1.16711842948977	0.421843593416088	NA	0.801657933900051	NA	NA	NA	NA	NA	0.526726212198971	NA	NA	0.253338887785682	NA	NA	NA	NA	1.32900280059772	1.33609352272373	NA	NA	NA	NA	0.674429130994729	0.467061542118131	1.17992283692795	0.860663439899832	0.810805532683296	0.799458416551468	0.844027160288433	0.909337428115487	1.08118953874221	0.783538297303095	1.08306355529781	1.47772492501711	1.57313475308181
NA	1.92905606360448	1.21095955381163	1.97105800265511	1.51463912381673	1.22701077507676	NA	NA	1.12769261724304	0.378308310743466	NA	NA	NA	0.992547823052903	1.20834072580533	1.16612088676831	NA	NA	0.243413389451628	0.492767174256192	1.21320276998764	1.30503027354937	1.86107919519213	NA	0.349333440394163	1.11214127481898	1.37099781461834	0.692240031355796	0.491232844003337	0.541441561483353	0.76588819759911	NA	0.505220370015829	0.955612966039747	1.63372169427613	0.925000913890992	NA	NA	1.67805198652002	0.632089834815344
0.797906523027755	0.878521302463763	0.498468068264373	NA	0.592186893405775	0.324453464062506	0.501135091370405	0.48176929043046	0.497381221131489	0.464977904738714	NA	NA	1.13783915575618	0.73167187924387	NA	1.80315361421429	0.203359059017434	NA	0.331269692546751	NA	1.06144369616581	0.731484153289964	0.763595213079002	0.696980764915389	1.03751725015364	0.928808113250022	1.20249915338069	1.39126192702179	1.07445083037198	NA	1.41064754971501	NA	NA	NA	NA	NA	1.27474538409861	NA	NA	NA
NA	NA	0.864714591030153	1.49560067857333	2.15953862230608	0.969109160755312	0.880832842994595	0.552437542251726	0.933403514874944	0.72645985621031	NA	0.666916347674504	NA	NA	0.431544554034204	NA	1.04206686579827	NA	NA	1.30040617493905	1.52562603682258	1.77824241141452	0.455613286761667	NA	1.76929834112893	NA	2.11581033295835	NA	1.83894483489665	1.90729548595221	0.499699033033951	0.540562209750077	NA	2.32350826654909	1.96622431195276	2.21606515877064	1.3739665638352	2.22467481147663	NA	0.819070481631375
NA	NA	NA	NA	NA	NA	NA	NA	NA	NA	NA	NA	NA	NA	NA	NA	NA	NA	NA	NA	NA	NA	NA	NA	NA	NA	NA	NA	NA	NA	NA	NA	NA	NA	NA	NA	NA	NA	NA	NA
NA	0.483558081862253	0.817708482081214	0.873316683408008	1.0845026974571	1.50975892408206	1.71056308334586	1.6626034773584	0.531521683862108	0.529114781949539	0.406966438456848	0.480369558877161	1.07561461935521	0.512475211494617	0.935158228985787	NA	0.463588031745965	NA	1.8564967827128	1.43015680613389	1.14962132174476	1.92054470533037	1.83171363683279	1.02446946307506	0.249440912695732	NA	0.303900604847624	1.62700800969486	2.21490337028648	1.58709317710052	2.43511076473231	NA	2.55856160045171	NA	2.18287333164506	NA	0.597099836386586	NA	1.68874808533194	2.10313593624005
NA	NA	NA	NA	NA	NA	NA	NA	NA	NA	NA	NA	NA	NA	NA	NA	NA	NA	NA	NA	NA	NA	NA	NA	NA	NA	NA	NA	NA	NA	NA	NA	NA	NA	NA	NA	NA	NA	NA	NA
0.922594802623835	0.90818988618402	NA	0.700484499504246	NA	NA	NA	0.720090102718025	0.602645293446711	0.432165687351573	0.300405941614924	0.531675839115361	NA	0.463304122832935	0.354300251328768	NA	NA	NA	0.435533757936778	0.848042963102666	0.587069591021606	NA	0.718990127223257	0.957498460454091	0.813069662638257	0.717696412670883	0.546566563319465	0.570748537149461	0.703463431044924	NA	NA	NA	NA	0.598693383177697	0.871726871546018	NA	0.641332190145	NA	0.541778708420695	0.382148171212583
NA	NA	0.490373777926042	NA	0.573916175470426	NA	0.476853128122059	NA	NA	2.17812778468428	NA	NA	2.4496077037927	NA	0.245783822743641	NA	0.0681333018317924	NA	0.296939184471384	0.397279694784309	0.591942180324166	NA	NA	0.823441094793411	1.06392037288206	NA	NA	1.66804259444745	2.03637190076	NA	0.927746040667285	1.05132685803652	1.4376556927674	NA	1.63452241147996	NA	NA	1.80812509537017	1.38524030461594	NA
1.1161862770715	1.34660412879861	1.61565334929851	0.541773618624325	0.619791141267101	0.514346852432758	0.44070719902412	0.521380796951357	NA	0.554096045988537	NA	0.822352734110631	0.833646637742562	0.501698435141681	0.714684429633343	NA	0.499869640157233	NA	0.530311708540939	0.284377982765622	0.130291809590673	0.570848411551245	1.39703806468815	0.832588032736036	0.434891352403459	NA	NA	0.897818831136301	NA	0.917940563870787	0.381652735118997	0.459544114555611	0.551397767874692	0.076118915713111	0.336371026366321	0.50984488791389	0.339854914869127	NA	0.46824312987358	0.0525563155725369
NA	NA	1.01598064837638	0.649489629425051	0.628971178004421	1.46882056502958	1.65157377976566	NA	0.530790192927618	0.944516229572931	1.54119033805907	0.492884928205901	0.544115266075447	NA	2.27939051959083	NA	0.409716195676537	NA	0.402020887572672	0.401851899273451	0.672143101708357	0.698236228158508	NA	1.40502365621215	1.4164770717008	1.80800905750729	NA	NA	NA	NA	1.30478045171728	NA	1.38498075132908	NA	1.69029314727627	NA	NA	NA	NA	NA
NA	NA	NA	0.593774451489985	NA	1.1360555182999	0.977649404610137	1.36901612374417	NA	1.27204774865506	NA	0.777558967317653	NA	NA	NA	1.17312993546176	NA	NA	0.81174784964669	NA	NA	0.366886861695003	0.458367489980342	0.814579316629484	0.801629341888904	NA	0.545570190753518	0.435078071552186	0.271307915253717	NA	0.274628497591293	1.09987818550769	0.824248054573309	0.644512414752506	1.11810734123356	NA	NA	1.18210138886107	NA	NA
NA	NA	NA	NA	NA	NA	NA	NA	NA	NA	NA	NA	NA	NA	NA	NA	NA	NA	NA	NA	NA	NA	NA	NA	NA	NA	NA	NA	NA	NA	NA	NA	NA	NA	NA	NA	NA	NA	NA	NA
1.86585063686433	NA	0.217787765341622	NA	1.07727721927935	0.847406927914063	NA	NA	NA	2.68553391792791	0.502294699471828	0.292274332788006	1.85849061991862	NA	1.02598902404299	1.16633574669474	NA	NA	0.818875647630154	0.294478610013908	0.655365940631053	1.59393165947238	0.335498234930142	0.91170028803452	NA	0.418021687667004	0.323149744517827	1.0019768613522	1.12000729320346	2.46707045565598	1.47316642615326	0.9145655203148	1.85438810136622	1.54994120194211	NA	1.8721953486724	1.9529449145974	NA	NA	NA
NA	NA	1.19172356072167	1.39384064552276	1.35949039112528	0.684906107493331	1.48602866509014	NA	0.321658462610586	0.855592002558171	NA	0.616632038141977	1.83589191953933	0.807577041363547	0.113635186001774	NA	1.6361558406744	NA	NA	NA	NA	0.472877027384147	0.456717492644721	0.446592760862771	NA	NA	1.38418615024059	NA	NA	0.726478228661389	NA	1.01784943540864	1.25522694410425	1.32564485684384	1.31761374360971	NA	1.4379434077045	1.4130425785778	1.09430809397432	NA
NA	NA	NA	NA	NA	NA	NA	NA	NA	NA	NA	NA	NA	NA	NA	NA	NA	NA	NA	NA	NA	NA	NA	NA	NA	NA	NA	NA	NA	NA	NA	NA	NA	NA	NA	NA	NA	NA	NA	NA
NA	0.570129059974095	NA	NA	0.386212009932889	0.831807746709204	NA	0.838011168013755	0.736443487210972	NA	NA	0.587320522915168	NA	NA	0.456044430961089	1.15058597783064	NA	NA	NA	0.513026166672215	0.309720789727054	0.249053051092351	1.60769253834307	0.78105290247294	0.667438796825713	0.717500835720544	0.864114868225827	1.32209290607767	1.17363603253645	0.832448670594169	1.23612184451853	NA	1.74513304974033	1.61689146953222	1.65203606508515	2.07319378937454	1.9341838260041	1.28262894929244	1.16111698309094	1.39233540817813
NA	0.308256593043835	0.213872596180911	0.442599206464229	0.418393581425865	0.839872742974204	0.543625572574293	0.986402311423997	0.620869536730115	NA	0.345925235193678	0.570702604787203	NA	1.09875851110302	0.473216457434148	NA	1.47413311626186	NA	NA	1.31750353185024	0.542547666226247	NA	1.48723339719755	0.918323897988203	NA	0.725131626215296	1.0528157833158	1.24983778165015	1.33280748663113	NA	NA	1.2555883586626	1.95118775341847	NA	1.57318374740425	NA	1.18030580403794	1.81016634158385	1.23514334733181	1.67073317579247
0.474975856010521	0.643428166696566	1.021644358348	0.685313304899355	NA	NA	NA	0.483114356850314	NA	NA	0.662770230247749	0.421624369100461	0.616145773422309	NA	0.235906187904826	0.963750032239511	0.26175431132144	NA	NA	0.602972199426327	0.944873857572866	0.872988701140527	0.969459383651773	0.807448577416277	0.482181774718517	1.45702992615321	1.38553582480365	0.783969274302504	0.497542795551043	1.3283223373721	NA	1.21260848524368	NA	1.44995813240615	NA	1.34256465892827	1.32642981459114	1.4444056670504	NA	NA
NA	0.774135392702705	0.79276412338872	NA	NA	NA	NA	0.895240307218802	0.574588104951764	NA	1.13077418404577	1.07186014716175	0.695682115993449	0.178300224802851	0.65658780268743	NA	0.304608264428035	NA	NA	NA	NA	0.840806361299225	NA	1.20345226185267	0.87405440956356	NA	NA	NA	NA	NA	1.33608341232435	NA	NA	NA	NA	NA	NA	NA	NA	NA
0.423376219441067	0.62728607461814	NA	1.01366412901705	0.857909078405774	0.572050658484178	0.495414400739235	0.454428893037416	0.533150719326419	0.78442216152015	1.53072866187611	NA	NA	NA	NA	NA	0.239969870892462	NA	NA	0.175708468721199	0.247077452553553	NA	0.586164906238111	NA	0.467425910102609	NA	NA	1.34360871273677	NA	NA	NA	NA	NA	NA	NA	NA	NA	NA	NA	NA
NA	1.03181693435895	NA	NA	0.340260788671269	NA	0.838894606263477	0.616538270161213	NA	1.46105058617337	NA	0.838848512979457	NA	0.569192172791241	0.69678130674204	0.419658552648986	NA	NA	NA	NA	0.697159399865113	NA	NA	NA	NA	0.9223563997808	0.81348002043861	NA	0.830347552327921	NA	0.781956382942108	0.765771317919096	0.579695188822942	1.07405223265561	NA	0.745638581556261	NA	1.55684851023644	0.637651846063395	0.526275044635605
NA	0.372181290246231	0.720677049708084	NA	0.750067426688074	NA	NA	0.735728010120284	NA	NA	0.405637351431849	NA	NA	NA	0.390498982270412	NA	0.462587605682672	NA	1.16452113588097	0.822286834777884	NA	NA	0.481934255323703	NA	NA	NA	NA	0.500937838159882	NA	NA	1.76691041173602	0.71371088184505	NA	0.809262726337091	NA	NA	NA	NA	NA	NA
NA	NA	NA	NA	NA	1.10708830246341	NA	0.621182420018508	1.16376867064631	NA	0.697463180474594	NA	2.8596807190404	NA	1.0606457692491	NA	1.15478059197303	NA	NA	0.385077892286462	0.670970443446454	0.727670644468598	0.738152090001175	0.698854347986959	0.450457768219146	0.668499228770953	0.824009924925727	1.32086416068517	0.248165881225091	0.329404587166675	0.965930889499668	1.50623636706771	1.086219395969	0.294875680598179	0.948296993108976	1.0366189783256	1.27933533177426	NA	0.614743003780283	NA
NA	1.36259992027187	NA	NA	NA	0.640146137073745	NA	0.662946597363417	NA	NA	0.690751430564217	0.588196652035051	NA	NA	NA	0.349045175220555	0.243423550770761	NA	1.06491296799938	NA	NA	NA	NA	0.567379958480857	NA	NA	NA	NA	NA	NA	0.590009076972586	NA	NA	NA	NA	NA	0.547297524071119	0.987923373799719	NA	0.983521023989615
NA	NA	0.491341793970837	NA	1.10852500042205	0.547156570054204	NA	NA	0.505510601903805	NA	NA	1.23641687085787	NA	NA	1.10921739576079	0.359008533701778	0.342482171021267	NA	NA	0.39544380251349	1.71574726587913	0.966444145151221	NA	0.281671208994551	0.544531637146533	0.47136253174252	0.679053874321723	NA	1.00071581797705	NA	0.311298791283476	0.434123426351482	0.61431738471696	NA	NA	NA	NA	0.610853091145445	0.657813092267091	NA
NA	NA	NA	NA	NA	NA	NA	NA	NA	NA	NA	NA	NA	NA	NA	NA	NA	NA	NA	NA	NA	NA	NA	NA	NA	NA	NA	NA	NA	NA	NA	NA	NA	NA	NA	NA	NA	NA	NA	NA
1.28051242663378	NA	NA	NA	NA	1.11751146577893	NA	0.75049623802393	0.437805653481772	0.275594389961526	NA	NA	0.32856013211641	1.37067615103329	0.618476667572168	NA	0.6213917205623	NA	0.463068202924436	0.0876588288343528	NA	NA	NA	0.166740618353993	0.563000320547045	0.674646606854111	0.463131645103328	1.18297724406161	NA	NA	1.60617897935929	NA	1.25216115538877	0.886211041471626	0.324168688772278	0.835262368703171	0.186488307259616	NA	NA	NA
NA	NA	NA	NA	NA	NA	NA	NA	NA	NA	NA	NA	NA	NA	NA	NA	NA	NA	NA	NA	NA	NA	NA	NA	NA	NA	NA	NA	NA	NA	NA	NA	NA	NA	NA	NA	NA	NA	NA	NA
NA	NA	NA	NA	NA	NA	NA	NA	NA	NA	NA	NA	NA	NA	NA	NA	NA	NA	NA	NA	NA	NA	NA	NA	NA	NA	NA	NA	NA	NA	NA	NA	NA	NA	NA	NA	NA	NA	NA	NA
NA	1.1501129852612	1.11043761591428	NA	1.11670972155175	0.896434565507297	NA	NA	1.61306029127033	0.457977712067289	NA	NA	0.376889538775105	NA	NA	0.25010960637038	0.137736723335192	NA	NA	0.340165335372506	NA	0.996830924020445	1.70612774913853	NA	1.57977927549599	2.03112185869916	NA	2.12899763915746	1.83942584117418	NA	NA	NA	2.31196960716525	2.16877959079419	NA	1.58025272284764	NA	NA	1.78286462347222	1.45007449010068
NA	1.90826986650323	1.76396814738742	NA	NA	0.782556401993938	NA	NA	0.49479452500919	NA	NA	0.418283616994511	NA	NA	NA	NA	0.208358005106419	NA	NA	NA	1.71068086137892	1.46195247677894	1.6181187102598	NA	0.306453070319002	NA	NA	NA	NA	NA	NA	NA	0.820700988398143	NA	1.67177653715615	NA	NA	0.36387359202742	1.26813214679456	NA
NA	1.10301155490848	0.996586159528424	NA	0.821536819109033	NA	0.881264253220005	0.789824437823649	NA	NA	NA	1.10314416354103	NA	NA	0.0586731838499018	NA	0.225927424162567	NA	1.01053574283716	0.408414504934253	0.427087109151904	0.262600053160837	NA	0.496915458699576	0.705969790340754	0.414362625460135	NA	0.865587255931874	NA	NA	1.06940472134644	NA	0.903757647726681	NA	NA	NA	NA	NA	0.80312435229044	NA
NA	NA	NA	NA	NA	NA	NA	NA	NA	NA	NA	NA	NA	NA	NA	NA	NA	NA	NA	NA	NA	NA	NA	NA	NA	NA	NA	NA	NA	NA	NA	NA	NA	NA	NA	NA	NA	NA	NA	NA
NA	NA	NA	NA	NA	NA	NA	NA	NA	NA	NA	NA	NA	NA	NA	NA	NA	NA	NA	NA	NA	NA	NA	NA	NA	NA	NA	NA	NA	NA	NA	NA	NA	NA	NA	NA	NA	NA	NA	NA
NA	NA	1.02336229606844	NA	0.879743452217781	NA	NA	0.958564665870354	NA	0.551733716930612	0.858509844183846	NA	0.303371349883606	NA	0.350975940814371	NA	0.306431622249033	NA	0.957250109257864	0.604786266007315	NA	0.668455888273259	0.819423465900931	1.04970678068228	1.00858098985292	1.0990478128451	1.1270656104646	1.5742128614225	1.58695142255501	NA	1.8207525130093	NA	2.14062752182668	2.0834295801865	1.99760025291328	NA	NA	NA	NA	NA
NA	NA	NA	NA	NA	NA	NA	NA	NA	NA	NA	NA	NA	NA	NA	NA	NA	NA	NA	NA	NA	NA	NA	NA	NA	NA	NA	NA	NA	NA	NA	NA	NA	NA	NA	NA	NA	NA	NA	NA
0.36158682755405	0.361373695987852	0.525321846507642	NA	0.336940727138741	0.553740612489679	NA	0.383609016870948	NA	0.424500065029702	0.923911147519998	0.395634879212012	NA	NA	0.437104694670699	NA	0.17506142761266	NA	NA	0.293745883935993	NA	NA	1.3950138709307	0.911390329740656	1.16956911572028	1.48358952280077	1.11625102335066	1.22007768241437	1.15775167664364	2.08709665493106	NA	NA	NA	1.98186898699545	1.66855553049504	NA	1.81842574817421	NA	NA	2.00917050232285
2.32388509611896	NA	1.95937960643754	1.9920145366574	NA	NA	NA	NA	0.521376165629608	NA	NA	0.7079243114895	0.982634903333549	NA	0.305693078197101	0.643302932356038	0.715184474277385	NA	NA	1.09902608787332	0.574272050269444	0.836993748927109	1.53135387317457	NA	0.583504246740946	2.10010857344294	1.9832147816904	NA	0.600532111074711	2.71433994194813	1.49442759024038	0.811271263733697	2.31068649460834	1.08536857399334	0.633653807409048	NA	NA	0.71510062323341	0.780505123123176	0.916435416182193
NA	NA	NA	NA	NA	NA	NA	1.0203070597458	0.558778893406349	NA	1.44989270868207	0.936520998223146	NA	NA	NA	0.530823095187501	0.688507912889608	NA	0.789058985060032	NA	0.668792324581766	NA	0.923191015895622	NA	NA	0.456231569507142	NA	0.805171827653087	NA	NA	NA	0.893814072371832	NA	NA	NA	1.54366990530601	NA	NA	2.00086642425761	NA
NA	NA	NA	NA	NA	NA	NA	NA	NA	NA	NA	NA	NA	NA	NA	NA	NA	NA	NA	NA	NA	NA	NA	NA	NA	NA	NA	NA	NA	NA	NA	NA	NA	NA	NA	NA	NA	NA	NA	NA
NA	NA	NA	NA	NA	NA	NA	NA	NA	NA	NA	NA	NA	NA	NA	NA	NA	NA	NA	NA	NA	NA	NA	NA	NA	NA	NA	NA	NA	NA	NA	NA	NA	NA	NA	NA	NA	NA	NA	NA
0.839063149886582	NA	0.583783108796891	NA	NA	0.791478972202844	0.526180890097819	0.717083722156232	0.442367739992479	NA	0.476028222458481	0.365922862668534	NA	NA	0.476418706418195	0.649067556926305	NA	NA	NA	NA	0.517771334843075	NA	NA	0.726089759052356	0.243877669868529	NA	NA	0.922306998042597	NA	NA	NA	NA	1.1361189481569	NA	NA	NA	NA	0.950984580372869	0.777000707771225	0.896044249997259
NA	NA	NA	NA	NA	NA	NA	NA	NA	NA	NA	NA	NA	NA	NA	NA	NA	NA	NA	NA	NA	NA	NA	NA	NA	NA	NA	NA	NA	NA	NA	NA	NA	NA	NA	NA	NA	NA	NA	NA
0.849706600782638	NA	1.16319885154694	1.21105641485052	1.32459871471713	1.22261340220402	0.430018410773389	0.599877377983855	0.572911192088097	0.720311794220018	0.601030557101294	1.10063724484374	1.71055277862594	1.89038852909554	0.0973932424001105	NA	1.26031784302968	NA	0.479350483310593	0.44198600147009	NA	0.612372712000091	0.684671363595728	0.709692195684441	0.702670983659776	NA	NA	0.913549746349729	0.928092565926931	0.912839305506037	1.06668978827219	0.908104961425751	0.852750260063342	1.04872097142854	NA	0.978342039834843	0.838890162790515	1.03605382565311	0.876702429074089	0.87943162836496
NA	0.158115603681863	NA	NA	0.519268787354336	0.484845159685544	NA	NA	NA	NA	NA	NA	NA	NA	0.407913633636117	NA	NA	NA	NA	NA	NA	NA	0.423345151047634	0.461447763419197	0.863448125523852	NA	NA	0.866822618194645	0.726954548149185	0.98039627783186	NA	NA	NA	0.963447606906604	NA	NA	1.09897830611022	1.55473147797397	1.09106318590599	NA
NA	NA	NA	NA	NA	NA	NA	NA	NA	NA	NA	NA	NA	NA	NA	NA	NA	NA	NA	NA	NA	NA	NA	NA	NA	NA	NA	NA	NA	NA	NA	NA	NA	NA	NA	NA	NA	NA	NA	NA
NA	NA	NA	NA	0.744545073855036	0.682443278360439	NA	0.332848429073548	NA	NA	NA	NA	NA	NA	NA	NA	NA	NA	NA	0.361099546946693	NA	0.333786785336742	0.875911752002103	NA	NA	NA	NA	NA	1.45332695237104	1.18727644442863	NA	NA	NA	1.17978112992763	NA	NA	2.00613869467955	NA	NA	NA
NA	NA	NA	NA	NA	NA	NA	NA	NA	NA	NA	NA	NA	NA	NA	NA	NA	NA	NA	NA	NA	NA	NA	NA	NA	NA	NA	NA	NA	NA	NA	NA	NA	NA	NA	NA	NA	NA	NA	NA
NA	NA	NA	NA	0.56665819654582	0.656033381165922	NA	0.351477541599953	0.928664429351822	NA	NA	2.62774683903702	0.345338782882396	NA	NA	0.714450599752083	1.70594973080678	NA	NA	0.28963692873461	2.51787652086199	0.588292750431016	NA	NA	1.4376566269745	NA	NA	2.08469279922195	1.38788927503046	2.41952325993709	NA	NA	NA	1.13394649603527	NA	NA	1.8871489526496	NA	NA	NA
1.33438711458757	NA	1.47179321289454	1.36101676527083	NA	NA	NA	1.5697801062845	1.16402785419298	1.43308772395813	0.626402649005777	NA	1.20227299648708	1.30659569271146	1.5786999317918	1.11309684456816	0.201811262854097	NA	NA	0.415742222470241	0.633151659968192	1.10543435919641	0.352368922783914	0.905311974188445	1.19181208100935	1.03459114964077	1.80894779977374	0.723562280755576	1.16972754296598	0.615565897311269	1.38230266826018	0.669058050652357	0.631625943116053	0.792218803266172	NA	0.568091153160821	0.717601665689904	0.635874610518967	0.778090510135662	0.679757383444582
NA	NA	NA	NA	NA	NA	NA	NA	NA	NA	NA	NA	NA	NA	NA	NA	NA	NA	NA	NA	NA	NA	NA	NA	NA	NA	NA	NA	NA	NA	NA	NA	NA	NA	NA	NA	NA	NA	NA	NA
1.0753887564602	1.11753261902733	NA	0.634985547133144	NA	NA	0.697225783832621	0.761514932706119	NA	0.356890155690343	NA	0.813959290480875	1.83648982171861	NA	0.760257467160821	1.25070351393822	0.519992845189851	NA	1.50150155853385	0.403545878186513	0.520538273373182	0.5624418568538	1.50318479679788	0.595147658509869	NA	0.314831034744178	0.5084034143998	0.587736691969917	2.09315202243048	0.662095303276505	1.15992976573132	NA	1.15887980205003	1.26886736074438	1.1757635686806	1.97542458212228	1.61314967074219	NA	1.58771600434192	1.63480695887389
1.68785991781045	1.75975016558516	NA	2.00078448779627	1.64497087304827	NA	1.4172831319871	1.7514569622063	NA	NA	NA	NA	NA	NA	2.07695968187997	2.13212627143853	NA	NA	1.89335410229398	NA	1.43416764215491	NA	1.93982360911439	1.95779354214185	1.4983234203497	NA	NA	NA	2.07962508796834	NA	NA	2.55608963499988	NA	NA	1.9392536576882	2.27182544166359	1.93178325709769	2.02560692641655	NA	NA
NA	NA	NA	NA	NA	NA	NA	NA	NA	NA	NA	NA	NA	NA	NA	NA	NA	NA	NA	NA	NA	NA	NA	NA	NA	NA	NA	NA	NA	NA	NA	NA	NA	NA	NA	NA	NA	NA	NA	NA
NA	NA	0.398796679521565	NA	NA	NA	NA	0.745223014934669	NA	NA	NA	0.743693848474968	2.33587281650009	NA	0.458956855137433	NA	0.219023072470084	NA	NA	NA	1.0348055874288	NA	0.608699601574363	0.91639803691389	0.300110737312742	NA	0.379835483592954	NA	0.500816684385861	NA	NA	NA	1.00976649978108	NA	2.09742919639066	NA	NA	0.297249856477502	1.54399036171016	NA
NA	NA	NA	NA	NA	NA	NA	NA	NA	NA	NA	NA	NA	NA	NA	NA	NA	NA	NA	NA	NA	NA	NA	NA	NA	NA	NA	NA	NA	NA	NA	NA	NA	NA	NA	NA	NA	NA	NA	NA
0.577075052062081	NA	NA	NA	0.741079418728946	0.261442724142919	1.32923034519518	NA	NA	NA	0.525868216147872	NA	0.259010813247543	0.608267236672944	0.560611100462284	0.433631259947808	NA	NA	NA	NA	0.354952915077476	0.245202312045535	NA	NA	NA	NA	NA	NA	NA	0.468896466368592	NA	NA	NA	NA	NA	NA	0.746364288933397	0.324892559199169	0.433735579068085	NA
NA	NA	NA	NA	NA	NA	NA	NA	NA	NA	NA	NA	NA	NA	NA	NA	NA	NA	NA	NA	NA	NA	NA	NA	NA	NA	NA	NA	NA	NA	NA	NA	NA	NA	NA	NA	NA	NA	NA	NA
NA	NA	NA	NA	NA	NA	NA	NA	NA	NA	NA	NA	NA	1.98361678347616	0.425360218309367	NA	NA	NA	2.0749283084111	NA	0.44283582014943	0.587667196943304	NA	NA	0.638067953992439	1.61785325747693	1.9569884547268	NA	1.6210561425175	1.70763179561965	0.659733168877412	NA	NA	NA	NA	1.77326496751923	0.869906714504281	NA	NA	NA
NA	NA	NA	NA	NA	NA	NA	NA	NA	NA	NA	NA	NA	NA	NA	NA	NA	NA	NA	NA	NA	NA	NA	NA	NA	NA	NA	NA	NA	NA	NA	NA	NA	NA	NA	NA	NA	NA	NA	NA
NA	NA	NA	NA	NA	0.777663284863133	NA	0.312505148649602	0.220180876752968	NA	NA	0.892243928299507	NA	NA	NA	0.241662783841876	NA	NA	NA	NA	1.90887430472853	0.577883569098181	NA	1.00609620464918	NA	NA	NA	NA	NA	NA	NA	NA	NA	NA	NA	NA	1.32300082593119	NA	NA	NA
NA	NA	NA	NA	NA	NA	NA	0.393447590939614	0.420059723604479	1.39944566962498	0.342607278667524	0.252830270728783	0.131311705761112	0.291382412444727	0.563324122421794	0.139100920602217	0.105953857055276	NA	0.443001474738887	0.32278701426613	0.137927528140646	0.588965714435345	0.431229306520903	0.366686949776625	0.70784440433422	0.497945978575347	0.446197277000989	0.227604921693635	0.416997470342534	0.311438889166566	0.279049754799143	0.49263578039914	0.361102820921728	0.375613997211476	0.443042952402917	0.542521092979726	0.493371398830112	0.638239777897391	0.354415759147122	0.249489223427204
NA	NA	NA	NA	NA	NA	NA	NA	NA	NA	NA	NA	NA	NA	NA	NA	NA	NA	NA	NA	NA	NA	NA	NA	NA	NA	NA	NA	NA	NA	NA	NA	NA	NA	NA	NA	NA	NA	NA	NA
NA	NA	NA	NA	NA	NA	NA	NA	NA	NA	NA	NA	NA	NA	NA	NA	NA	NA	NA	NA	NA	NA	NA	NA	NA	NA	NA	NA	NA	NA	NA	NA	NA	NA	NA	NA	NA	NA	NA	NA
NA	NA	NA	NA	NA	NA	NA	NA	NA	NA	NA	NA	NA	NA	NA	NA	NA	NA	NA	NA	NA	NA	NA	NA	NA	NA	NA	NA	NA	NA	NA	NA	NA	NA	NA	NA	NA	NA	NA	NA
NA	NA	0.838952500632634	NA	1.54709563074169	1.06764447020476	0.999820990351051	0.717951135241413	0.82926201462778	0.96824133985119	0.96794954621753	0.754574515599015	0.583131898811026	0.433413535653863	0.609167837580198	0.430143353233277	0.335469435578446	NA	NA	NA	NA	0.633315395605819	1.3749863051641	1.21915177451198	1.16769147574991	NA	NA	1.582168401585	0.811263931196851	NA	NA	NA	NA	NA	2.01999330193454	NA	NA	2.29958149003638	2.31434390046898	NA
NA	NA	NA	0.330230413401786	0.308944968639562	0.340447460937491	NA	0.340901417945792	0.312466391388078	0.84394615267484	0.553564289976519	NA	1.40009785970055	NA	NA	NA	0.218365463419731	NA	NA	0.22649664288804	0.462360325698846	0.482361227854787	0.549192901767586	NA	0.721022595318217	NA	NA	0.66061900810748	0.428019190207425	1.20646015163584	0.741299657678249	0.898106637905671	0.545418478325674	1.26009119293407	0.718801159807313	0.694266667841053	0.673896950841334	0.559106517239223	0.830477106743589	0.611692653563339
NA	NA	NA	NA	NA	NA	NA	NA	NA	NA	NA	NA	NA	NA	NA	NA	NA	NA	NA	NA	NA	NA	NA	NA	NA	NA	NA	NA	NA	NA	NA	NA	NA	NA	NA	NA	NA	NA	NA	NA
NA	1.20782787018747	1.25617568482803	NA	NA	NA	0.840248383245021	0.642338845252939	NA	NA	0.574544716191581	NA	0.264074394651075	NA	2.35008949888207	NA	NA	NA	NA	0.284177843732288	0.263783059408313	NA	0.850651415688064	0.428124611398273	NA	NA	2.23395923851073	2.24096444486981	NA	0.533267998808475	NA	NA	0.857532195860463	NA	NA	2.18350197121241	1.08340437783928	2.06194990677251	2.0705946553533	2.16117289926948
0.524813256503579	0.849314355299192	NA	NA	0.706097796626908	0.527223887843371	0.822977814033443	0.707805924366709	0.648767841481955	0.655172794284736	0.645095248490278	0.286808996063015	0.838496795572571	0.399078761970305	NA	0.557492760703275	0.186328691509813	NA	0.553102410032705	0.420280930816412	0.520521495731006	NA	0.452935989020791	NA	0.851416164451354	1.24384199541599	1.34249051661335	1.19646236791261	1.34842007858973	1.45383420119104	1.17600689079029	NA	1.78307707710482	NA	1.59514988046504	1.12692593477206	1.00761685157846	NA	0.897819142013311	NA
NA	0.773948972151691	0.429707965312661	0.955311850993933	1.00447632420842	0.793387532818375	0.741268794843919	1.05610967399275	0.892788742588886	1.35687118671368	0.753874399039411	0.583864185505551	NA	NA	0.35589247851212	0.427551808187037	0.242576205861364	NA	NA	0.664005627022519	0.948229140124826	NA	1.13443284641296	0.93442223527147	1.00501678260572	1.43543056878327	1.51525488063192	1.4307476874277	1.29194586174573	NA	NA	1.36801131190884	1.51859607673794	NA	1.76535299895746	NA	2.01403975219533	2.22711755565913	NA	2.16739236811419
NA	NA	NA	NA	NA	NA	NA	NA	NA	NA	NA	NA	NA	NA	NA	NA	NA	NA	NA	NA	NA	NA	NA	NA	NA	NA	NA	NA	NA	NA	NA	NA	NA	NA	NA	NA	NA	NA	NA	NA
NA	NA	NA	NA	NA	NA	NA	NA	NA	NA	NA	NA	NA	NA	NA	NA	NA	NA	NA	NA	NA	NA	NA	NA	NA	NA	NA	NA	NA	NA	NA	NA	NA	NA	NA	NA	NA	NA	NA	NA
NA	NA	NA	NA	NA	NA	NA	NA	NA	NA	NA	NA	NA	NA	NA	NA	NA	NA	NA	NA	NA	NA	NA	NA	NA	NA	NA	NA	NA	NA	NA	NA	NA	NA	NA	NA	NA	NA	NA	NA
NA	2.18829631638235	0.472387834851145	NA	NA	0.680604562171559	0.402376363646386	0.400807523653313	0.50191401827022	1.83855411440119	2.11096473840397	2.06918245329133	0.199058191878368	0.167817342216422	0.464558712838436	NA	2.19713816002187	NA	1.78656026380077	0.502828941571125	NA	2.4226584724804	0.231559048192485	0.548328965789396	0.225997720274724	0.427661180748345	0.224975649743823	NA	1.97611343216756	0.524059233797008	0.872037512951249	0.484066102921177	1.31758558688187	2.41073702063822	0.918242559777724	0.46236186250981	0.928820295270048	1.19356192439011	1.56781761308006	1.44029977560867
2.62038615688266	NA	2.74375112048448	NA	NA	1.8812851930391	1.67058805032406	NA	1.73659434744982	1.68027796216196	1.89045433924768	1.79298669595202	NA	NA	NA	NA	NA	NA	NA	1.93173973401007	1.52054021945577	NA	NA	2.28915501051702	NA	NA	NA	2.07144008624152	NA	0.572861914770843	NA	NA	NA	NA	0.292346274882143	NA	1.09473714025315	2.56413060926196	2.28714410477235	1.683912176916
1.06569859465465	0.792754285733522	0.834596824131479	NA	1.312284053858	1.01396002662681	NA	0.556403476554551	1.0472740972595	0.7298489165413	0.471600737000568	1.08009715228955	NA	1.65876584778529	NA	1.38268317171725	1.60624292084771	NA	NA	0.435275848655028	1.37886534719303	1.55632610515193	NA	1.26479359538897	1.56560295949325	NA	NA	NA	NA	NA	NA	NA	NA	1.1790372557854	NA	NA	NA	NA	1.57299330469133	NA
NA	NA	NA	NA	1.49104487792254	0.190810842194395	NA	0.206889078852282	0.312567414281721	NA	0.435742883821505	0.849349008288942	0.611597928349661	NA	NA	NA	NA	NA	NA	0.573633931416849	NA	NA	0.632345527816276	NA	NA	NA	1.65927429393357	0.546633696664914	NA	0.872492020820113	NA	1.03957974189047	NA	NA	NA	1.20698301673923	NA	NA	NA	NA
3.04294976843621	2.78483553110745	2.928305428952	1.96244734769029	1.07351833395185	0.777131009451193	0.617366135788526	0.453316242807335	0.427905245064346	2.28151237293963	2.75736347197246	3.26437786608258	NA	2.89363686816033	NA	NA	NA	NA	1.09847835393606	0.264085265063124	0.647908404129836	0.261283347918594	0.44136009393686	0.206623643836229	0.230964287692609	0.517567205677915	2.00447392601619	0.488243481691916	0.293300574468574	NA	NA	NA	3.19385968557576	0.225528122804238	0.732741081298539	NA	NA	0.518361599019338	0.981110676710837	0.898970331254368
0.80533549100799	0.537767389505202	2.23190622364238	0.268456575342083	0.992173469269463	NA	0.663952458005456	0.49758036757697	0.55661151579754	1.36561588925587	1.05907572297491	1.27056246339299	0.985659939218954	0.312662083084385	0.447587159346375	NA	0.358373761512988	NA	0.260663512895569	NA	NA	0.619700885743765	NA	NA	NA	NA	1.56672280104494	1.54806636332601	NA	NA	NA	1.13977242204432	NA	1.44010420083567	1.55068777914365	NA	NA	NA	NA	1.6133708752362
NA	NA	NA	NA	NA	0.612831038099837	NA	0.538267102398925	0.581730705842828	NA	0.886325956707024	NA	NA	0.613784675752112	1.17867594165713	NA	NA	NA	NA	NA	0.918317858216484	NA	NA	1.56351091542207	NA	NA	NA	NA	1.10997156385273	NA	NA	1.16398961598535	1.13288288344397	NA	NA	NA	0.964618608575452	1.14844305114088	1.26784811427615	1.16992670002661
0.859647902378784	1.19900193966199	1.04897807509764	0.930373516109402	1.02535880486708	1.35656281999802	1.19384534063812	1.01794484971186	1.10435408389668	0.130856092579893	0.419844465685554	NA	0.471571230157206	0.387579334247962	NA	0.844642947947306	0.802184343929585	NA	0.922321680177983	0.667032434067337	NA	0.635312222878663	1.05687486224573	1.29904852832598	1.03883318249846	1.01614461053036	NA	1.31686535366729	1.07754123336033	1.84584667648937	0.842508056675666	1.76036572750724	0.708434840967187	1.39286009444303	1.08598563633276	NA	0.901093284416831	NA	1.51364853545456	NA
NA	NA	NA	NA	NA	NA	NA	NA	NA	NA	NA	NA	NA	NA	NA	NA	NA	NA	NA	NA	NA	NA	NA	NA	NA	NA	NA	NA	NA	NA	NA	NA	NA	NA	NA	NA	NA	NA	NA	NA
NA	NA	NA	NA	NA	NA	NA	NA	NA	NA	NA	NA	NA	0.439271430449644	NA	NA	NA	NA	NA	NA	NA	0.791752158485625	NA	0.934508454439758	NA	NA	1.05722815520422	1.53435296919628	NA	NA	NA	NA	0.840850708629775	0.840854056721442	NA	NA	0.661780641562532	0.5496187754955	0.566939119255185	0.63764152938707
NA	NA	2.04896913269752	NA	0.986456634851315	1.42290653417277	NA	NA	1.44790037829207	NA	NA	NA	NA	NA	NA	NA	NA	NA	0.749513999654715	NA	0.781052335039811	NA	NA	NA	0.65296353798175	NA	1.92005341153663	NA	1.83228943349211	NA	NA	NA	NA	1.55166521489219	1.36062994144773	1.47247903598103	0.955396241705626	NA	NA	NA
NA	NA	NA	NA	NA	NA	NA	NA	NA	NA	NA	NA	NA	NA	NA	NA	NA	NA	NA	NA	NA	NA	NA	NA	NA	NA	NA	NA	NA	NA	NA	NA	NA	NA	NA	NA	NA	NA	NA	NA
NA	0.283374444252658	0.638307239493056	0.338811583372101	0.361550637393603	0.251714459647346	0.643793468008463	0.534919105162453	0.204056195675895	0.764945937533995	0.418577940879205	0.177181477177163	0.484590221718837	0.8926601018371	0.48610764152654	NA	0.227109795225523	NA	0.427583803252886	0.609719055609974	0.531307619016309	0.511563182931021	0.533018125950874	0.647577485178961	0.61472010786503	0.312268804715738	NA	0.314346532610526	0.598149086090599	0.24855994043428	0.322209497576023	0.291122763285236	0.266731494421335	0.77241966778314	0.456236316081348	0.463469693092911	0.652814359562188	NA	NA	0.403031058851724
NA	1.26839547092818	1.04273414157249	NA	1.0900038873485	0.88543028408671	2.11057379654473	NA	0.535301134627741	0.57796751668912	0.43510847321966	NA	0.733382670470923	NA	NA	0.430634695715309	0.251686558405258	NA	0.534695126589822	NA	1.01682039406774	NA	1.29689351377328	NA	0.776887717068115	0.647465172387666	0.374474122026083	0.816149109934613	0.6337884031907	0.947609132466799	0.60485683202442	0.34173801759407	0.324719211563505	1.15610313464445	NA	1.08494456510109	1.07490666723881	0.393903075285622	0.31927318480254	0.28964292459198
1.34487587374107	1.46374249406557	1.5744102233462	0.751445187712102	1.58986075168303	0.793674077958587	NA	0.789282052945361	NA	0.295106352621808	0.432344637321232	1.63990353755077	1.68172775468331	NA	0.479774928677748	0.935025236876887	0.77949543915777	NA	NA	0.719110405255887	1.44252756190561	1.10931288156018	1.32372091382064	NA	1.33106481185962	1.37492679777953	1.22742644781679	NA	1.92218928056483	NA	NA	1.75152155199538	NA	1.78805318268112	1.83804055946208	1.02739788739278	1.26852382463105	1.24396441684483	0.817292847553353	1.02504541912585
1.8665042945297	1.45420570423319	1.66661529378318	1.84313450192193	1.61952901370713	NA	2.15279213258497	NA	1.86961970704127	1.83250219475166	NA	1.66848067307341	1.51010383248382	NA	2.23591662226361	0.471478364760665	1.75974874895458	NA	0.468262382936407	1.97886988206537	0.405782730044627	1.35274456618352	0.213333807019685	1.48081785643037	1.59454860564566	1.6401062357583	NA	NA	1.21654725637478	NA	NA	NA	1.34577536957993	1.23312633452404	0.839867954944396	0.268443471755876	1.60519305206543	0.600811874352426	1.75384640729964	NA
1.09359172591369	1.02440476981535	0.804801486288114	NA	0.918960189928494	1.04129405520011	1.0629513611309	1.08954119338771	0.745112884624537	NA	1.00777508980373	0.778139526022842	0.638544766133	0.567220528093915	0.528792732132854	0.50619806426478	0.161446716387534	NA	0.536948286222607	0.448847024954937	0.727367758948762	0.476018636676837	0.561955369337826	0.622383077467001	0.566708440295678	NA	0.579835452724462	NA	0.70613738594092	1.02792861982567	NA	0.794546107347247	NA	NA	NA	NA	NA	NA	NA	NA
0.973150368649919	NA	NA	NA	NA	NA	0.629833647512957	0.900247033882516	NA	NA	NA	NA	0.126280050978184	NA	0.316553915652617	0.295270732560867	NA	NA	NA	NA	0.961973739916779	NA	0.683374182599735	0.72505224799852	0.422872602936008	1.60756127714744	0.942197049964453	0.778323712929456	0.713185420972672	0.476793840374455	0.352522576938934	1.15674500162449	NA	0.158786754860849	0.358499710006606	0.357708218090282	0.723732723038295	1.19361179275251	1.42237646937701	1.13896391216661
NA	0.247708866325241	NA	NA	NA	0.598336138582898	0.755183351767948	0.695266213073343	0.741350022703217	0.781702899714933	1.56406432676027	NA	0.409270712465927	NA	0.130973176429561	0.321025071998545	0.488190927255766	NA	NA	0.447306140349159	0.525429974944463	NA	NA	0.122997294398826	NA	0.442555465776117	0.575124856746395	0.12530538670047	0.236469901386346	NA	NA	NA	0.548584396650263	NA	NA	NA	NA	NA	0.901242814193255	NA
0.814524158517157	1.22623623129842	0.0742565519488251	NA	0.387350592525336	0.46490429797463	0.632069200276557	NA	0.392736040142249	NA	NA	0.526147065176834	0.836300187838593	NA	1.44418115351695	NA	NA	NA	0.232054195366565	NA	NA	0.552024942238163	0.681260643926825	0.947757941260325	1.24911180754429	0.921337917971953	NA	NA	0.642740667674438	NA	NA	NA	1.82432484272071	NA	NA	2.05437160278111	NA	NA	NA	NA
NA	NA	NA	NA	NA	NA	NA	NA	NA	NA	NA	NA	NA	NA	NA	NA	NA	NA	NA	NA	NA	NA	NA	NA	NA	NA	NA	NA	NA	NA	NA	NA	NA	NA	NA	NA	NA	NA	NA	NA
NA	NA	NA	NA	NA	0.825048683856047	NA	0.703911493346347	0.581376027659966	NA	1.60733032255342	NA	1.49803208427758	1.02944339627982	1.17360500445246	1.31226158344408	1.28913215739711	NA	NA	0.985314895318158	0.635577246517226	0.774196357667536	1.64248598823955	1.2485545661201	0.836552498423358	0.898331769639282	1.21726533880027	NA	1.24779966618747	1.20396789741884	1.1096991280867	1.1631229765428	1.10327819937477	1.26687460677727	1.76060441921418	1.77455905063872	1.60866845692806	NA	0.65491394358221	NA
NA	NA	NA	NA	NA	NA	0.668526188678571	0.533195930071981	0.528269093112347	NA	0.681718724343392	NA	NA	NA	0.113420247323089	NA	NA	NA	NA	NA	NA	0.285665479579335	NA	0.325528291352667	0.347429395437388	NA	0.458899532348235	NA	NA	NA	NA	0.480024266202445	NA	NA	NA	1.01119243290199	0.900418347855089	1.14249067852959	NA	1.4449443377095
1.43137225854978	1.36922673132259	NA	1.28908408452836	1.01941239603793	1.22804770247728	0.991805762191859	1.50416975716501	1.13778319129901	1.0056425769548	1.65649123947781	0.872886231989057	1.46498928511664	0.565340213144401	1.23783855395194	1.42768668010489	0.513738631595713	NA	NA	NA	1.34404613872118	0.984134111080246	2.47281348023198	NA	2.47390396472693	NA	0.359075801844855	0.959033247461822	1.68910346293051	1.54730017113514	NA	1.38549090906477	2.20212875574692	2.35867403988414	1.74899002758242	1.55810190213847	0.968060658741713	0.784370687613247	1.83359231548225	1.93866842353387
NA	NA	1.9200053633347	NA	NA	NA	0.928942216818816	NA	1.49354983464578	0.945517983377729	0.540354529996353	NA	NA	NA	NA	0.414303145820097	NA	NA	NA	NA	NA	NA	0.239523644766574	0.607568934254426	NA	0.789550034324511	0.68173110812546	NA	0.943559227314519	0.625001734875601	1.68727605920958	1.67254917838305	0.99745211646793	1.7837050563335	1.28722698827654	2.04800609811725	1.70370280188624	NA	NA	NA
0.323625503755553	NA	1.47547221770675	0.25939465708629	1.15369667944006	0.736144795608451	0.819484117670695	1.29053545236331	NA	NA	1.19597991270952	NA	0.397129642899317	NA	NA	0.361092170456971	0.483939217611672	NA	NA	NA	0.613132425742665	NA	1.19546091101307	1.15815908506484	NA	NA	1.41558145099954	NA	NA	NA	NA	1.53821932810713	1.06006294997473	NA	1.70656932869362	NA	NA	1.47985182221834	0.795823985012186	1.22502135372125
NA	1.50320073593785	0.996187741447935	NA	NA	NA	1.47588934862014	1.53196938923607	0.583047675668245	NA	NA	1.27421116321805	0.412668952291222	1.25617542849045	NA	NA	0.212771954164371	NA	1.21710649797829	NA	NA	NA	NA	1.42415762331925	1.12331145222411	1.00963684406793	1.29164984818115	1.87472929002814	NA	NA	NA	NA	NA	NA	NA	NA	NA	NA	NA	NA
NA	NA	NA	NA	NA	NA	NA	NA	NA	NA	NA	NA	NA	NA	NA	NA	NA	NA	NA	NA	NA	NA	NA	NA	NA	NA	NA	NA	NA	NA	NA	NA	NA	NA	NA	NA	NA	NA	NA	NA
NA	NA	NA	NA	NA	NA	NA	NA	NA	NA	NA	NA	NA	NA	NA	NA	NA	NA	NA	NA	NA	NA	NA	NA	NA	NA	NA	NA	NA	NA	NA	NA	NA	NA	NA	NA	NA	NA	NA	NA
NA	NA	NA	NA	NA	NA	NA	NA	NA	NA	NA	NA	NA	NA	NA	NA	NA	NA	NA	NA	NA	NA	NA	NA	NA	NA	NA	NA	NA	NA	NA	NA	NA	NA	NA	NA	NA	NA	NA	NA
2.27947297736618	NA	0.652628407467409	NA	0.940644982243443	NA	0.879421138338353	0.987518707148885	0.691026854965581	0.624425693196241	1.03390760885115	1.11611008088021	NA	1.40479291874248	NA	NA	NA	NA	0.342154056579054	0.431783565755147	0.812052535619039	0.29785983975902	0.704883412221319	0.383172449665491	1.16909232484159	1.22391620487843	NA	0.631373869719051	0.686246071694662	NA	NA	0.672594067566892	0.930574592957234	1.2952996458828	0.817347244465565	0.61988226966147	NA	0.508342488387727	2.41427252774165	NA
0.794391752253445	0.382166105487716	NA	NA	0.893735563369501	0.776213780194169	0.389624010927792	0.347318655891618	NA	0.267237119413165	0.375673058176494	0.997459316858729	NA	0.336988389115843	0.433221326538533	0.502157079127611	NA	NA	0.10084923325626	0.272020676748776	1.03533850849878	NA	NA	1.38001635804163	0.668982602703887	0.843508371966137	NA	NA	1.05284102931807	0.879890573527036	1.06365091609846	NA	NA	NA	NA	NA	1.01134976131332	NA	NA	1.30537274961925
NA	NA	NA	NA	NA	NA	NA	NA	NA	NA	NA	NA	NA	NA	NA	NA	NA	NA	NA	NA	NA	NA	NA	NA	NA	NA	NA	NA	NA	NA	NA	NA	NA	NA	NA	NA	NA	NA	NA	NA
NA	1.1065874685305	0.779679635440628	NA	0.9235593115633	0.77794465158173	1.07292023586024	0.989822319621675	1.00977931330279	1.06420767687622	0.875508325742727	0.433016030182706	0.858286564019672	0.656829899364643	0.236150751426739	0.356895197775144	0.039067118257618	NA	0.278402177687021	0.223207802979089	0.247615238152155	0.189385548875213	0.16362869318463	0.123056714932087	0.376202117710325	0.196625840531164	0.432770436281442	NA	0.596601189970826	0.484558827423858	0.303024555324403	0.597725152490633	0.988539621782973	1.5745856981565	NA	0.507478404312162	0.702379354415858	0.831061676775793	0.733773409603117	NA
1.50237583480474	0.883342993028655	NA	NA	0.931772860400865	NA	0.459283882524174	NA	0.8010852661599	0.40694670120023	NA	NA	NA	NA	NA	NA	NA	NA	1.80018915871225	0.418345099525857	0.645265877338134	0.560479904709408	0.548409671723448	NA	NA	0.683484825504912	NA	NA	NA	NA	NA	NA	NA	NA	NA	NA	NA	NA	NA	0.985407194567342
NA	0.431337158272754	NA	NA	NA	0.578356434150035	NA	NA	0.468717452953609	NA	0.904610741242414	NA	NA	0.417429804058182	0.73196676383771	NA	NA	NA	NA	0.497005244953843	NA	0.725302296469634	NA	NA	1.60346009376374	NA	NA	NA	NA	NA	NA	NA	NA	NA	NA	1.26418890143897	NA	NA	1.34329498350747	NA
NA	NA	NA	NA	NA	NA	NA	NA	NA	NA	NA	NA	NA	NA	NA	NA	NA	NA	NA	NA	NA	NA	NA	NA	NA	NA	NA	NA	NA	NA	NA	NA	NA	NA	NA	NA	NA	NA	NA	NA
0.566401218296943	0.484634040087621	0.448028175647051	NA	0.61901356135381	0.466743087226008	0.886369110776003	0.593626788606511	0.397864845607793	NA	NA	0.431399924862378	1.02440794571227	NA	0.501265694657182	0.276634189659975	0.521376432872341	NA	NA	0.268430095286934	0.220959571577334	0.26558376526446	0.386300377644085	0.618045763979946	0.756682868799274	0.596908616153659	0.799138209078054	0.922283048502703	0.351858210496098	NA	NA	NA	NA	NA	0.887196578810177	NA	0.327940505618868	NA	0.744271555121746	NA
NA	NA	NA	NA	NA	NA	NA	NA	NA	NA	NA	NA	NA	NA	NA	NA	NA	NA	NA	NA	NA	NA	NA	NA	NA	NA	NA	NA	NA	NA	NA	NA	NA	NA	NA	NA	NA	NA	NA	NA
NA	NA	NA	NA	1.64204602073224	NA	NA	NA	NA	NA	NA	1.61291913812996	2.03888766614906	1.94430646566285	0.366575951976505	0.409872143194442	NA	NA	NA	NA	NA	NA	NA	NA	0.714596858848693	NA	NA	NA	NA	NA	NA	0.682684121774721	0.983549490262932	0.790093166929045	NA	NA	NA	NA	1.52484080519879	NA
NA	NA	NA	NA	NA	NA	NA	NA	NA	NA	NA	NA	0.334019466247727	NA	NA	NA	NA	NA	0.201063719042833	NA	1.72365130120124	NA	0.688316954105979	NA	NA	NA	NA	1.47104971968445	0.134386785266408	0.661388952512176	NA	1.20233457935642	1.62645712624455	0.521397806682853	0.986822764435181	0.785106903833506	NA	NA	0.651331131515829	0.651479345023881
1.59326703087016	0.776876881263969	0.680460992968937	NA	0.650025061577066	1.99585029473588	0.896319119905324	0.782470496978697	0.519399939714372	1.17832498659545	0.849708962256105	NA	0.99889107663176	NA	0.384582126371095	NA	NA	NA	0.397378953853896	1.32087419597819	0.917657612160588	1.00006200508199	0.715909344557658	2.11235628464726	1.15602462384558	1.59411891653898	0.87270584769262	1.092037334299	1.30324304184582	1.81560375425226	0.872018357137436	0.934001556392749	1.07089320817084	0.822775650036389	1.65953623911838	0.741554545131871	NA	1.17447159805387	0.886818212320074	1.34879156850055
NA	0.462646537005777	0.788985931232507	NA	0.653155841043782	0.685819828888871	1.05931908810561	0.809256848886921	0.829726922478167	0.793592868704201	1.69413828782479	0.459602310334552	0.458681007868539	0.441629840256089	0.566429103764803	0.603990543631106	0.419153867063183	NA	0.842390543949099	0.685175885236327	0.342530867412861	0.277395887186273	0.343970696742426	NA	0.405139107302557	0.638644775838107	NA	NA	0.279260445318195	NA	NA	0.243014078643729	1.07369448976972	0.34299154702567	0.55709891017382	0.518574976923513	0.899416027939478	0.631479042731928	0.770143965785397	0.854932065819568
0.775374596468658	0.429901463996262	NA	NA	0.35213083856534	0.214116353463013	0.220198071897088	NA	NA	0.2139578019787	0.225204538688861	NA	NA	0.458411884848525	NA	0.74190528115141	NA	NA	NA	NA	0.708220941435249	0.722836271877467	NA	1.14681748158071	NA	NA	NA	1.70643630421064	0.639368077559245	NA	NA	NA	NA	NA	0.530582846764847	0.694235184819928	0.714475471727024	NA	0.969369061876665	NA
NA	NA	NA	NA	NA	NA	NA	NA	NA	NA	NA	NA	NA	NA	NA	NA	NA	NA	NA	NA	NA	NA	NA	NA	NA	NA	NA	NA	NA	NA	NA	NA	NA	NA	NA	NA	NA	NA	NA	NA
NA	0.79645200644294	0.454954408775689	NA	0.525301877591804	NA	0.286899859431684	0.235477710906625	NA	NA	0.875191260941841	NA	0.782171782315156	0.406665956327731	0.276883207289374	NA	0.258389160388483	NA	0.210641535480436	0.392815489077218	0.360121138609869	0.375668723408299	0.418167310060225	NA	0.451200400837133	NA	NA	NA	NA	1.43181468910537	NA	NA	NA	NA	NA	NA	NA	NA	NA	NA
NA	NA	NA	NA	NA	NA	NA	NA	NA	NA	NA	NA	NA	NA	NA	NA	NA	NA	NA	NA	NA	NA	NA	NA	NA	NA	NA	NA	NA	NA	NA	NA	NA	NA	NA	NA	NA	NA	NA	NA
NA	NA	NA	NA	1.37141381648389	NA	1.65707034560383	NA	NA	NA	NA	NA	1.64761044478924	1.99790844986495	1.95995013007588	1.60768942723417	NA	NA	NA	1.61715084643445	1.60710949319075	1.50978985732125	NA	NA	2.07222450552177	1.62169951399978	2.30948775176435	NA	NA	1.44512788439079	NA	NA	NA	NA	1.04850913307458	NA	NA	NA	0.323437285948142	NA
NA	NA	NA	NA	NA	NA	NA	NA	NA	NA	NA	NA	NA	NA	NA	NA	NA	NA	NA	NA	NA	NA	NA	NA	NA	NA	NA	NA	NA	NA	NA	NA	NA	NA	NA	NA	NA	NA	NA	NA
NA	NA	NA	NA	NA	NA	NA	NA	NA	NA	NA	NA	NA	NA	NA	NA	NA	NA	NA	NA	NA	NA	NA	NA	NA	NA	NA	NA	NA	NA	NA	NA	NA	NA	NA	NA	NA	NA	NA	NA
1.13256348214616	NA	0.858993349958223	1.21200904014419	1.39495623818421	NA	1.13283507828079	1.71146709109942	1.6168319864158	NA	NA	0.732803294310008	NA	0.139732857107359	1.38697409147063	NA	0.371097077666717	NA	NA	0.351758868037532	1.53522186396135	NA	NA	1.60190703675833	1.28843126108163	1.35505681168512	1.69453378684497	NA	0.70228580475946	1.07705171791899	1.14726132146673	NA	0.503816819667524	NA	0.761158265880769	0.766167995197345	0.60323075996025	0.987660598583853	1.31901327142617	0.872325240293221
NA	NA	NA	NA	NA	NA	NA	NA	NA	NA	NA	NA	NA	NA	NA	NA	NA	NA	NA	NA	NA	NA	NA	NA	NA	NA	NA	NA	NA	NA	NA	NA	NA	NA	NA	NA	NA	NA	NA	NA
1.08048417574812	2.06111644491996	1.34522775338095	0.925343315392987	NA	1.09673232532136	2.16436256228698	2.31980532563968	1.12268674440156	1.64970199664533	0.891723604445333	1.43044909228903	0.725253373477313	1.67527599640364	0.949660432375784	0.750412866409569	0.663885100376216	NA	1.97120658418642	1.7048076795269	0.863937132449933	0.949058151125654	1.86743209290605	0.805395826371168	2.0421820064787	0.539660723559302	NA	NA	NA	NA	NA	1.63236938871106	1.84095620437319	NA	1.57372246036069	1.62734672673267	NA	1.96972377527518	0.909208066117424	1.66393689055349
NA	NA	NA	NA	NA	NA	NA	NA	NA	NA	NA	NA	NA	NA	NA	NA	NA	NA	NA	NA	NA	NA	NA	NA	NA	NA	NA	NA	NA	NA	NA	NA	NA	NA	NA	NA	NA	NA	NA	NA
NA	0.241129639404626	0.391928763817576	0.305707232007155	0.691118877130417	NA	0.715348324198599	0.517257307483387	NA	NA	NA	0.17721588634884	NA	0.627364655618788	0.427402000603688	NA	NA	NA	NA	NA	NA	0.619205791206661	NA	NA	1.12502994111332	NA	NA	1.49796289304965	NA	1.3142490582964	1.18565545089109	1.31459161953747	1.29628449379769	0.490491701832194	NA	NA	1.01016859240423	NA	1.18484271258451	NA
NA	1.81524049026358	NA	NA	NA	0.216683240681255	NA	NA	NA	0.556215815086398	NA	NA	NA	NA	NA	NA	0.170875076128623	NA	NA	NA	NA	0.83121899512766	NA	1.71689088150814	2.01441609419291	NA	0.994983851120979	NA	NA	1.99794463708526	NA	1.71146506519425	NA	NA	0.878785299384607	1.22855858345445	NA	2.10995587550671	NA	NA
0.84666082704301	0.542145812116164	0.709849664582303	NA	1.14309313963997	NA	0.649816996702358	0.382154917782487	0.4681625729682	0.663862975958532	0.667127487229577	0.86404611712993	0.870326335645189	NA	0.642064279905058	NA	NA	NA	NA	0.502928937717241	0.515178637581194	0.937752519677598	0.597730620091343	0.425218597636549	0.724097868372796	NA	0.731618191307755	0.914559947697093	1.1228870406454	1.52786474389461	1.40833995219872	1.30202443034393	1.65856397950082	1.44855170465906	NA	1.59770761190235	1.23239168697967	1.4481369899182	1.53656907803265	1.62408445410711
NA	0.415335173877359	1.12360476352993	NA	1.07067197978225	1.42647137100591	0.930862752878155	1.57247317572944	0.918118615074709	0.851863066287661	NA	1.09505518057483	1.10568674355947	0.660490381543201	0.46064589780508	0.20902992443226	NA	NA	NA	0.257582957429794	NA	0.448426307780605	1.12055524786358	0.425783513399225	0.841858855877768	0.672117825835767	NA	0.45869085706102	1.90590081411194	0.931422424445992	NA	0.392322228982832	0.624775186971343	NA	0.58516589179291	0.641335453667879	1.10690291153629	NA	1.14695338302188	1.15850059210139
1.67709359508895	NA	NA	1.75210933683169	NA	NA	2.09288547035056	1.88470870944584	1.60202232501992	1.65596263767885	1.7587015574331	NA	1.59548029587749	1.94722154154971	1.1560012656484	NA	1.62430055162374	NA	NA	1.3979877834022	1.72676030477699	1.44519757214687	NA	1.68941245896109	1.96606963398005	1.86151756410899	1.91742987195604	1.56594715358933	NA	1.63511950345128	NA	1.69634370240308	1.80387990026538	NA	1.79507391201387	1.60209719436002	1.37933294067752	1.8327720675867	1.63954701225886	NA
1.88056007591044	NA	0.993167263197124	1.04514187279874	NA	0.740958252441129	NA	NA	0.353012069211763	0.415849129450613	0.642760327490846	NA	NA	0.471387673093557	NA	NA	0.150373998902847	NA	0.5311223670763	0.250125377588449	0.76531873225502	0.379049383663558	0.302232928859435	1.32858809344179	0.554058483589331	1.10813504309672	NA	NA	NA	NA	0.419373565707412	0.385964910191956	0.949246425632116	1.11174729498562	1.03116609265487	NA	NA	NA	0.421838118634612	NA
NA	NA	NA	NA	NA	NA	NA	NA	NA	NA	NA	NA	NA	NA	NA	NA	NA	NA	NA	NA	NA	NA	NA	NA	NA	NA	NA	NA	NA	NA	NA	NA	NA	NA	NA	NA	NA	NA	NA	NA
NA	1.36106291832012	0.777686188943992	0.99228384016835	NA	NA	1.07704921341718	0.998111065017176	0.968113175757085	NA	NA	NA	0.782225029367029	0.594555321212803	0.66852826494954	NA	0.403455079041331	NA	NA	0.224794666374862	0.266786897946914	NA	NA	0.45578449177032	0.325116583418975	NA	NA	0.97206914762497	0.461716994091621	NA	0.500502075610879	0.542681901827843	1.14313880155266	0.423041567486486	0.435334669632293	0.974766452421051	0.51807182570062	NA	NA	NA
NA	NA	NA	NA	NA	NA	NA	NA	NA	NA	NA	NA	NA	NA	NA	NA	NA	NA	NA	NA	NA	NA	NA	NA	NA	NA	NA	NA	NA	NA	NA	NA	NA	NA	NA	NA	NA	NA	NA	NA
1.36421743522217	1.15373731134066	0.757457865492242	NA	0.827707282675074	0.627959802430965	0.519708864505674	1.69692546175097	NA	1.39132529556135	NA	NA	1.50648368615074	0.76229299871665	0.572164090778782	0.50586286328379	NA	NA	NA	0.249634414005402	NA	0.340722060668608	0.774022665973162	NA	0.175915053858663	NA	0.422359302631034	NA	NA	NA	NA	NA	NA	NA	NA	NA	NA	1.37656134678569	NA	NA
NA	NA	NA	0.65403227833807	NA	NA	NA	NA	NA	1.81934110402403	NA	NA	1.88049286400329	0.457851364160779	0.356433625900046	1.43522989851027	0.307436668421553	NA	NA	1.47443933132726	NA	1.85546193406903	NA	NA	1.93856267025658	NA	NA	1.26283177515778	NA	1.40291735900671	NA	1.82152232288415	1.65780996306532	NA	NA	NA	1.54113873286245	1.44225096341496	1.62284380686182	1.33624057083457
0.640080761900665	NA	NA	NA	NA	0.914734562097382	NA	NA	1.39356146508078	NA	0.985127908180505	1.5720068765985	NA	NA	0.781732596270967	1.23883664515592	0.579212234747527	NA	NA	NA	0.842165510296183	1.34183651020588	1.69439629021548	1.71428752213558	1.59540988704114	1.54640389926888	NA	NA	1.61494112423209	1.80229306567663	NA	1.8299019135303	NA	NA	NA	1.05939658763887	NA	NA	0.791185315203157	NA
NA	NA	NA	NA	NA	NA	NA	NA	NA	NA	NA	NA	NA	NA	NA	NA	NA	NA	NA	NA	NA	NA	NA	NA	NA	NA	NA	NA	NA	NA	NA	NA	NA	NA	NA	NA	NA	NA	NA	NA
NA	NA	NA	NA	NA	NA	NA	NA	NA	NA	NA	NA	NA	NA	NA	NA	NA	NA	NA	NA	NA	NA	NA	NA	NA	NA	NA	NA	NA	NA	NA	NA	NA	NA	NA	NA	NA	NA	NA	NA
NA	NA	NA	NA	NA	NA	NA	NA	NA	NA	NA	NA	NA	NA	NA	NA	NA	NA	NA	NA	NA	NA	NA	NA	NA	NA	NA	NA	NA	NA	NA	NA	NA	NA	NA	NA	NA	NA	NA	NA
NA	NA	NA	NA	0.801862107196151	1.32527119817947	NA	1.01277430231676	1.40661565490889	NA	0.330801698937981	NA	NA	NA	0.882019318427492	NA	0.604329480562227	NA	0.349413989627023	0.743240347551753	1.35081647224844	0.951095102968571	NA	2.2722081687167	0.331074736975224	NA	NA	NA	1.89303293374213	0.756871547856203	NA	0.623967689961165	2.06615773793454	NA	NA	2.15615596495311	1.71848756738464	NA	NA	NA
NA	NA	NA	NA	NA	NA	NA	NA	NA	NA	NA	NA	NA	NA	NA	NA	NA	NA	NA	NA	NA	NA	NA	NA	NA	NA	NA	NA	NA	NA	NA	NA	NA	NA	NA	NA	NA	NA	NA	NA
NA	NA	0.712048426144647	NA	NA	NA	1.32719034557226	0.993569134101729	0.613331886808396	NA	0.516942031271331	NA	NA	NA	0.345509894585619	0.57552213679287	0.117588530183228	NA	0.421514533959526	NA	0.773918761277962	0.668239861057753	0.688725934958719	1.78382312238772	NA	0.745832757857697	NA	0.683420200566816	1.05083555972672	0.78153288829446	1.1258300660168	1.20277570960128	0.187089182697202	0.358847698508763	0.37428882220703	NA	0.744058006015734	0.391004476970583	0.869057636639077	NA
NA	NA	NA	NA	NA	NA	NA	NA	NA	NA	NA	NA	NA	NA	NA	NA	NA	NA	NA	NA	NA	NA	NA	NA	NA	NA	NA	NA	NA	NA	NA	NA	NA	NA	NA	NA	NA	NA	NA	NA
0.80286226500942	0.937357597008471	NA	1.47320377138369	NA	NA	NA	0.602445046347062	0.996297003975654	NA	NA	NA	NA	NA	0.262734206818995	0.144575757041189	NA	NA	0.226055769378166	0.148946683760941	0.664076998852311	0.589561184357825	1.10123706704976	0.858213559758836	NA	NA	NA	NA	0.952624855637931	1.07950181253211	NA	NA	1.01575009887614	NA	NA	NA	NA	NA	NA	NA
NA	0.325511846994615	0.625522305397603	0.428438697579632	0.503030841548902	0.473250982063378	NA	0.888324396655412	NA	1.67444600999699	0.383908241944321	0.176039239115253	NA	0.368355604256009	0.374023087289076	0.270670602663058	0.0975472597293526	NA	1.38109149810126	0.924791657970627	1.09991985338447	NA	1.19573500189091	1.50398987317347	1.42338036566019	1.73563395451024	NA	NA	2.08209340237793	NA	NA	1.98272514559328	NA	NA	NA	NA	NA	1.99604046164525	2.21657107743897	1.49339866252936
NA	0.800388462570539	0.565790817941391	NA	NA	NA	1.45242622274629	0.610017739238293	NA	NA	0.437060588454863	0.854482895975255	NA	NA	0.954611385120722	NA	0.621306548526089	NA	0.668200939778945	0.554983266142468	0.765563162068979	0.574397370861903	NA	1.29333290680456	0.58946672995194	1.5661929345389	0.788452457777824	NA	NA	0.776532095340907	NA	NA	1.36603285917242	1.43148290623406	NA	NA	1.55231452173131	1.51991752605289	0.748099163258249	NA
NA	NA	NA	NA	0.734498398004602	NA	NA	NA	NA	NA	0.394063571692739	NA	NA	NA	0.389569164805293	NA	0.271680610858481	NA	0.299071299368814	0.320989341575102	0.462894650309771	NA	0.92964178706267	NA	NA	NA	NA	NA	NA	1.28887664054858	NA	1.61580602646556	NA	NA	1.04789290305924	1.25260868928056	0.927108613442304	0.693429122369824	NA	NA
NA	NA	NA	0.167262284613627	1.80761160933917	NA	1.05735192754019	0.929370980616706	NA	NA	1.05409113138621	NA	NA	0.665876066823671	NA	NA	NA	NA	NA	0.773856605582871	NA	NA	NA	0.376710166650323	0.916696837350112	0.361070823675726	NA	NA	0.464317836284509	NA	NA	NA	NA	NA	NA	NA	1.04763213767952	NA	1.06629041477931	NA
NA	NA	NA	NA	NA	NA	NA	NA	NA	NA	NA	NA	NA	NA	NA	NA	NA	NA	NA	NA	NA	NA	NA	NA	NA	NA	NA	NA	NA	NA	NA	NA	NA	NA	NA	NA	NA	NA	NA	NA
NA	NA	0.829793122269468	NA	NA	NA	0.543171528508289	0.774193687924864	0.765511877899173	NA	0.615740330612941	NA	NA	NA	NA	NA	0.220442349944152	NA	NA	0.655890761340177	NA	0.844695807631244	0.778490113341355	NA	1.08407415117524	NA	1.28098399305538	1.38860274725126	NA	0.738781895597868	NA	1.04852113669507	0.842586616085792	NA	0.723692085711697	NA	0.769885656554907	0.798460716703212	0.94480588277492	NA
NA	NA	NA	NA	NA	NA	NA	NA	NA	NA	NA	NA	NA	NA	NA	NA	NA	NA	NA	NA	NA	NA	NA	NA	NA	NA	NA	NA	NA	NA	NA	NA	NA	NA	NA	NA	NA	NA	NA	NA
NA	NA	NA	NA	NA	NA	NA	NA	NA	NA	NA	NA	NA	NA	NA	NA	NA	NA	NA	NA	NA	NA	NA	NA	NA	NA	NA	NA	NA	NA	NA	NA	NA	NA	NA	NA	NA	NA	NA	NA
NA	NA	NA	NA	NA	NA	NA	NA	NA	NA	NA	NA	NA	NA	NA	NA	NA	NA	NA	NA	NA	NA	NA	NA	NA	NA	NA	NA	NA	NA	NA	NA	NA	NA	NA	NA	NA	NA	NA	NA
1.37068380822682	1.39960392732596	NA	NA	0.966921275611139	NA	0.570283370314858	NA	0.797740742325289	0.712209325058681	NA	NA	NA	NA	NA	NA	0.444099707683893	NA	0.667664853792122	0.37004171302613	0.683763145143033	0.6241905482969	0.843982636574007	0.660325850218374	0.563339720668821	1.22203967611843	1.09546550071402	NA	0.859470381952403	1.99095280027011	1.2416713410517	NA	0.748831307337525	NA	NA	NA	1.80825417355229	NA	NA	NA
NA	NA	NA	NA	NA	NA	NA	NA	NA	NA	NA	NA	NA	NA	NA	NA	NA	NA	NA	NA	NA	NA	NA	NA	NA	NA	NA	NA	NA	NA	NA	NA	NA	NA	NA	NA	NA	NA	NA	NA
NA	NA	NA	NA	NA	NA	NA	NA	NA	NA	NA	NA	NA	NA	NA	NA	NA	NA	NA	NA	NA	NA	NA	NA	NA	NA	NA	NA	NA	NA	NA	NA	NA	NA	NA	NA	NA	NA	NA	NA
NA	NA	NA	NA	NA	NA	NA	NA	NA	NA	NA	NA	NA	NA	NA	NA	NA	NA	NA	NA	NA	NA	NA	NA	NA	NA	NA	NA	NA	NA	NA	NA	NA	NA	NA	NA	NA	NA	NA	NA
NA	NA	NA	NA	NA	NA	NA	NA	NA	NA	NA	NA	NA	NA	NA	NA	NA	NA	NA	NA	NA	NA	NA	NA	NA	NA	NA	NA	NA	NA	NA	NA	NA	NA	NA	NA	NA	NA	NA	NA
NA	NA	NA	NA	NA	NA	NA	NA	NA	NA	NA	NA	NA	NA	NA	NA	NA	NA	NA	NA	NA	NA	NA	NA	NA	NA	NA	NA	NA	NA	NA	NA	NA	NA	NA	NA	NA	NA	NA	NA
0.8639328476636	0.718499457972489	0.531755876352145	0.412009235517027	0.41664290543186	0.887708250339978	1.1461384225711	0.768155035085715	NA	0.493079407873068	0.581989052537728	1.8500283928942	1.02804625926266	0.7138085818189	0.539383909982045	0.352537520211944	0.172202647409382	NA	0.393234783280988	0.573814138470421	NA	NA	0.490589935054724	NA	0.277120338428219	0.827857783123022	1.21492793642796	0.873743342052503	0.833812757926203	1.08365512004736	0.977500525817372	NA	1.05419586606762	1.32433484007222	1.45147143168625	1.39521920203939	1.39241471388828	NA	1.44429164082041	1.09043631491802
NA	0.934021354346193	NA	NA	0.908327638829653	NA	0.800042944966384	0.979604233876635	0.619708049842786	0.715027538577454	0.579312667053963	0.987110343102126	NA	1.4455692753856	NA	NA	0.343323747775165	NA	0.466562303625425	NA	NA	1.74184250615911	NA	0.67712925136079	0.680032827127628	NA	0.873701909292896	NA	1.14922288692441	NA	1.19420777303714	1.20238365949667	0.94047159373097	NA	1.1564961204046	1.68961484597676	NA	0.948000148258999	1.44793316308817	NA
NA	0.805247543892712	1.02691330963181	NA	NA	1.85795716600932	NA	2.00717472834178	NA	1.58191263356772	1.60384602250021	NA	1.04143284094428	NA	0.438545861254312	0.236129433913776	0.334794697918631	NA	NA	NA	NA	NA	NA	NA	1.55748719618708	NA	0.648958395952187	1.80969492134812	1.01765760834219	NA	NA	NA	NA	NA	0.980145536011545	NA	1.30422832402896	NA	1.25295219459884	1.46106370483557
NA	NA	NA	NA	NA	NA	NA	NA	NA	NA	NA	NA	NA	NA	NA	NA	NA	NA	NA	NA	NA	NA	NA	NA	NA	NA	NA	NA	NA	NA	NA	NA	NA	NA	NA	NA	NA	NA	NA	NA
0.962919069418754	0.791639860444165	0.986248285233031	NA	NA	0.549204802979036	0.996976433140109	0.274093753409465	1.19952595427727	1.02609637077002	0.363337444721996	0.964494594312494	0.417696338534457	NA	1.33877241502786	0.255268787860874	NA	NA	1.26993981081991	1.25010575141559	0.257757413254913	0.555956568551454	0.494310232306808	0.957577739422069	1.04222300527472	1.46434065824468	0.852718620762427	0.676791238779789	0.693270662753991	1.18237882502878	0.94556570402051	1.03367015814978	1.39857141516183	0.93223381289	1.20300592433607	NA	1.3289586709273	1.23600130869308	1.29055276018915	1.62976333635754
1.30574311044338	0.762943579141149	0.264341384066274	NA	0.882927274234679	NA	0.563248336943301	0.407879110628	0.790649254424276	0.4079778126541	NA	NA	0.572322014829668	0.433606765187882	0.327019943639932	NA	0.290712668287366	NA	0.257323727172916	0.321955329416699	0.0565238376295753	0.259382641309388	0.369522150997572	0.25152039687984	0.419660545843937	NA	0.633122831877456	0.946849361583954	0.866004826205818	0.877627232650837	0.854997347397427	1.31313929322733	0.856446118065721	1.16932063104976	1.75624136367571	1.42063180368767	1.81136260410415	NA	NA	NA
NA	NA	0.85662146022691	1.76626224745009	1.92743111760254	2.43932420938691	2.94120565925187	NA	NA	0.973305806135338	1.36883994611631	0.911590060511574	0.162658894078945	0.582653468387483	0.335823906219514	0.48105711013384	0.118378659436718	NA	0.848510581446806	0.461413756417356	0.734082187896394	NA	0.670143925221351	1.2840274553391	0.417747702709762	0.447413679292358	0.764419329428306	0.981783919909858	1.02083505507236	0.318146476961193	0.864349724353351	0.354465130196184	0.58058516843997	0.542540526735284	1.85714084644464	NA	0.705254843756751	1.61832300658524	0.847358240123199	NA
2.56272074073688	1.76895635385523	1.32471319259146	NA	1.36099558990333	1.49077489850677	1.35492122904802	1.59862481384257	1.52312845767924	2.08141563564256	NA	0.791357203753625	1.41427149879629	NA	1.92542013959633	NA	1.88305169324433	NA	NA	1.99836564462875	2.08776278695027	1.51114751106459	1.89347966140382	1.5883864518292	1.51673874376043	NA	NA	1.49018604144354	1.69281078375375	NA	1.39957243879267	1.78223776881623	1.45746121695542	1.29575222246603	1.29344658119047	NA	NA	NA	NA	NA
NA	NA	NA	NA	NA	NA	NA	NA	NA	NA	NA	NA	NA	NA	NA	NA	NA	NA	NA	NA	NA	NA	NA	NA	NA	NA	NA	NA	NA	NA	NA	NA	NA	NA	NA	NA	NA	NA	NA	NA
NA	NA	0.966801613521977	NA	NA	0.964010906699964	1.05652336887048	1.18960037955426	NA	NA	NA	NA	NA	1.08753459303401	NA	NA	1.09124201534061	NA	NA	0.784613689770561	0.96325966281408	0.971955796224582	NA	NA	1.17455012109149	NA	0.767248182136973	NA	NA	1.16930024393011	1.10211341576111	0.893079320467167	NA	NA	NA	0.56876717031468	1.131483966695	NA	1.409384590404	1.35096798675578
NA	NA	NA	NA	NA	NA	NA	NA	NA	NA	NA	NA	NA	NA	NA	NA	NA	NA	NA	NA	NA	NA	NA	NA	NA	NA	NA	NA	NA	NA	NA	NA	NA	NA	NA	NA	NA	NA	NA	NA
NA	NA	0.523634205615451	1.57667310072428	0.892948397222788	0.61451330105476	0.300972627465166	0.478458579966116	0.489656902424252	0.696654212382808	0.23548451338057	NA	1.18654864629168	0.892642203700485	0.270098028992186	NA	NA	NA	0.406792699768705	0.337378055886948	0.413078874521005	1.12507555188716	0.618606628452479	0.725103656017957	NA	0.821608901583079	1.1329363568531	0.907587350373433	0.835070466139607	1.06002505769934	1.60677516131899	1.27794057818461	1.90429986974263	0.863432426396176	NA	1.31585113912158	NA	1.08988451591703	1.2006764932906	1.81704193996455
NA	NA	NA	NA	NA	NA	NA	NA	NA	NA	NA	NA	NA	NA	NA	NA	NA	NA	NA	NA	NA	NA	NA	NA	NA	NA	NA	NA	NA	NA	NA	NA	NA	NA	NA	NA	NA	NA	NA	NA
NA	NA	0.850354546370498	NA	NA	NA	NA	0.347201839442951	NA	0.471737446299578	NA	0.481302992994254	1.08128415072163	0.780417306642767	1.15677948222424	NA	0.670970938560606	NA	NA	NA	NA	1.34601598300742	NA	NA	1.4038992443573	NA	NA	1.22183200228749	NA	NA	1.37448615840895	NA	NA	NA	1.46231278791109	1.36592816244484	1.11054803167278	0.836225599098807	1.01297202346103	2.26650543915208
NA	1.30764382043558	NA	NA	0.550169314224173	NA	0.957197604046727	0.474783361982651	0.956220403384689	NA	NA	0.537528005612438	NA	0.486737662569562	NA	0.299469984467476	NA	NA	1.24917228364104	0.402461538287131	NA	0.327139705305364	NA	NA	0.632488920227686	NA	NA	1.19345564986052	0.872763520884846	NA	1.3158593821314	NA	NA	1.1750226265945	NA	NA	NA	NA	1.51506735751542	NA
NA	NA	0.656602980569365	NA	NA	NA	NA	1.00505055985121	0.709587987186373	0.674828925715492	0.67786404076318	NA	0.758797051408189	0.698802903388662	0.61974515422852	0.576349369291544	0.166597586604707	NA	0.398774110160892	0.30310273875512	0.771855451143757	0.213619635112916	1.08554343179293	0.606615075768609	0.778629484886682	1.13346096657917	0.967255609440105	NA	NA	0.477901113381007	0.264575643340006	0.53993937719417	0.719844401275357	NA	0.540718942843167	0.29670868919791	NA	0.5477054488538	NA	0.446612095363171
NA	NA	1.29997275959898	NA	NA	0.723826281744433	NA	NA	0.676440912290713	NA	NA	0.310368865340913	2.70988307640737	0.229360451971203	NA	NA	0.401754374050888	NA	NA	0.373629568661202	0.172576339300306	0.580351685538782	0.264470979643951	0.364584941502974	0.474477160211548	0.800160418933515	0.507989900359989	0.647707210565174	NA	NA	NA	0.661912294603501	0.354499035824078	0.718595358440514	0.692889896474009	0.90543303315195	0.958116163581642	NA	NA	0.191247444833195
NA	NA	NA	NA	NA	NA	NA	NA	NA	NA	NA	NA	NA	NA	NA	NA	NA	NA	NA	NA	NA	NA	NA	NA	NA	NA	NA	NA	NA	NA	NA	NA	NA	NA	NA	NA	NA	NA	NA	NA
NA	NA	0.633643833549915	0.971563995074114	NA	NA	0.504318152997817	0.770889799966626	NA	0.442752793549056	NA	NA	0.394563735602084	NA	0.49066032830832	0.399232939291289	1.76086067096725	NA	0.217588221445705	0.334023187462789	1.12282482800188	1.32808244541254	NA	0.765034172358412	0.347570021546988	NA	NA	NA	NA	0.313960323687317	NA	0.85745479795972	0.751585537086324	NA	0.386233302862669	NA	NA	0.732458402467256	0.542450256880821	0.365885210025049
1.07347072363359	1.73792572242735	1.56639517972454	NA	1.19009470557229	NA	0.688495705684811	NA	0.485800686794818	NA	NA	NA	1.72633487442704	NA	0.397963120007661	NA	0.524698118824022	NA	NA	0.242592806541515	0.560822585273999	1.24781600204035	NA	1.59660711156548	NA	NA	NA	NA	0.894482107112614	1.14845325090967	NA	1.96473792739344	NA	0.929966310874529	1.86375170825444	NA	0.871011999236514	NA	1.36073154299136	1.17095032748961
NA	NA	NA	NA	NA	NA	NA	NA	NA	NA	NA	NA	NA	NA	NA	NA	NA	NA	NA	NA	NA	NA	NA	NA	NA	NA	NA	NA	NA	NA	NA	NA	NA	NA	NA	NA	NA	NA	NA	NA
1.19909194071103	NA	1.61859406898615	NA	0.86344539259066	1.32709046067129	NA	1.29733326549253	0.638310095611781	0.498248352865779	0.665374106028812	0.997704501214332	NA	0.874917170070412	0.837262017919639	1.03216907662943	0.51974820594322	NA	NA	0.642120229625716	1.0060492657186	1.09344239050357	0.994701001944359	1.04610591260756	1.00739433993756	0.811830575329233	1.43614194485389	0.532895218879641	NA	2.18173897758192	0.822903672730997	0.727646899144526	NA	0.848810209612528	NA	NA	1.19840221054711	1.04296685407635	NA	NA
NA	NA	NA	NA	NA	NA	NA	NA	NA	NA	NA	NA	NA	NA	NA	NA	NA	NA	NA	NA	NA	NA	NA	NA	NA	NA	NA	NA	NA	NA	NA	NA	NA	NA	NA	NA	NA	NA	NA	NA
NA	NA	NA	NA	NA	NA	NA	NA	NA	NA	NA	NA	NA	NA	NA	NA	NA	NA	NA	NA	NA	NA	NA	NA	NA	NA	NA	NA	NA	NA	NA	NA	NA	NA	NA	NA	NA	NA	NA	NA
NA	NA	1.06389176324518	NA	NA	NA	NA	0.60867699538148	NA	0.143935589596578	NA	NA	0.822176321279966	NA	NA	0.251386526207858	NA	NA	1.16713539020149	NA	0.493709680500719	NA	0.411518706461331	0.749635050334332	0.849568075588753	0.972671318125403	1.59783453926675	1.03654254478038	1.22064066859535	1.11987773071008	1.12887386324198	1.60064313955972	NA	NA	NA	NA	NA	NA	NA	NA
NA	NA	NA	NA	NA	NA	NA	NA	NA	NA	NA	NA	NA	NA	NA	NA	NA	NA	NA	NA	NA	NA	NA	NA	NA	NA	NA	NA	NA	NA	NA	NA	NA	NA	NA	NA	NA	NA	NA	NA
NA	NA	NA	NA	NA	NA	NA	NA	NA	NA	NA	NA	NA	NA	NA	NA	NA	NA	NA	NA	NA	NA	NA	NA	NA	NA	NA	NA	NA	NA	NA	NA	NA	NA	NA	NA	NA	NA	NA	NA
NA	NA	NA	NA	NA	NA	NA	NA	NA	NA	NA	NA	NA	NA	NA	NA	NA	NA	NA	NA	NA	NA	NA	NA	NA	NA	NA	NA	NA	NA	NA	NA	NA	NA	NA	NA	NA	NA	NA	NA
NA	NA	NA	NA	NA	NA	NA	NA	NA	NA	NA	NA	NA	NA	NA	NA	NA	NA	NA	NA	NA	NA	NA	NA	NA	NA	NA	NA	NA	NA	NA	NA	NA	NA	NA	NA	NA	NA	NA	NA
NA	NA	NA	NA	NA	NA	NA	NA	NA	0.398786443955369	0.4655008553096	NA	NA	0.585659967098855	NA	NA	0.321673883853065	NA	NA	NA	NA	NA	NA	NA	NA	NA	1.11598391859987	NA	NA	NA	NA	NA	NA	NA	NA	NA	NA	NA	NA	NA
NA	NA	NA	NA	NA	NA	NA	NA	NA	NA	NA	NA	NA	NA	NA	NA	NA	NA	NA	NA	NA	NA	NA	NA	NA	NA	NA	NA	NA	NA	NA	NA	NA	NA	NA	NA	NA	NA	NA	NA
NA	NA	NA	NA	NA	NA	NA	NA	NA	NA	NA	NA	NA	NA	NA	NA	NA	NA	NA	NA	NA	NA	NA	NA	NA	NA	NA	NA	NA	NA	NA	NA	NA	NA	NA	NA	NA	NA	NA	NA
NA	NA	NA	NA	NA	NA	NA	NA	NA	NA	NA	NA	NA	NA	NA	NA	NA	NA	NA	NA	NA	NA	NA	NA	NA	NA	NA	NA	NA	NA	NA	NA	NA	NA	NA	NA	NA	NA	NA	NA
NA	NA	NA	NA	NA	NA	NA	NA	NA	NA	NA	NA	NA	NA	NA	NA	NA	NA	NA	NA	NA	NA	NA	NA	NA	NA	NA	NA	NA	NA	NA	NA	NA	NA	NA	NA	NA	NA	NA	NA
NA	1.43521331246658	1.00940826497665	NA	NA	NA	NA	1.67094274764892	1.02570898157547	NA	NA	1.68945993179633	NA	NA	NA	NA	NA	NA	0.640595926420443	0.369376033105748	0.706819398095963	0.936777862529292	0.362412603930065	0.493825120667558	NA	NA	0.638401015798773	NA	0.716292075688094	NA	NA	NA	NA	NA	NA	NA	NA	NA	NA	NA
0.847893348673396	0.319779719526928	0.921236666890622	0.683945669015369	0.661725797812544	1.04293767890342	0.533451239068275	1.13378887617715	1.52118119941555	1.27899717121891	0.689119086583333	1.03855709245998	0.927996407868892	0.492267000460908	0.550198717916391	0.219222493481283	0.417773622118792	NA	0.168561171748247	0.484968835717402	0.51549132430781	0.77143741701528	0.420201749677821	0.566775654772238	0.36352466654505	0.642352774121184	0.626140773054055	0.68887995207183	0.661031804040725	0.135841961577326	0.734632747593029	0.727391503968492	0.944653964848883	0.698938047729766	0.516804050499832	0.258706196951996	0.187262567780387	0.610185323426969	0.605253801958597	0.509036769453374
NA	0.579294654728336	0.265449314273518	0.773377803104755	0.570935783008367	0.781397736781374	0.473867700639867	0.616008458635397	0.448112004236898	0.432097805807898	0.417699869234655	0.748633908808753	0.523578546252461	0.645514584817135	0.649196329348982	1.19212627462195	0.314629273654633	NA	0.335931071911992	0.575888664826191	0.886787735705042	1.19739945618281	0.569908340916043	0.773282650671679	0.597451867263178	0.382087116455116	1.12483700355337	1.11795029106656	0.533140683298111	0.689371852658074	1.23066803911669	0.960632571796949	0.99703252916179	0.959592218594014	1.36179695346793	1.55278029734781	1.48460267400008	1.10782755774055	0.807651583343526	0.838007426898345
NA	NA	NA	NA	NA	NA	NA	NA	NA	NA	NA	NA	NA	NA	NA	NA	NA	NA	NA	NA	NA	NA	NA	NA	NA	NA	NA	NA	NA	NA	NA	NA	NA	NA	NA	NA	NA	NA	NA	NA
NA	NA	NA	NA	NA	NA	NA	NA	NA	NA	NA	NA	NA	NA	NA	NA	NA	NA	NA	NA	NA	NA	NA	NA	NA	NA	NA	NA	NA	NA	NA	NA	NA	NA	NA	NA	NA	NA	NA	NA
NA	NA	NA	NA	NA	NA	NA	NA	NA	NA	NA	NA	NA	NA	NA	NA	NA	NA	NA	NA	NA	NA	NA	NA	NA	NA	NA	NA	NA	NA	NA	NA	NA	NA	NA	NA	NA	NA	NA	NA
NA	NA	NA	NA	NA	NA	NA	NA	NA	NA	NA	NA	NA	NA	NA	NA	NA	NA	NA	NA	NA	NA	NA	NA	NA	NA	NA	NA	NA	NA	NA	NA	NA	NA	NA	NA	NA	NA	NA	NA
1.58234031524788	1.08935346992145	0.579507330773343	0.60583242599926	0.439707826238726	0.518399770751488	0.613769634994767	0.807103592394723	0.646972761881514	0.326389938617645	0.582685718342509	0.55503891090764	0.363229433365362	0.48211825435349	0.0816889209625046	0.734346135703748	0.513936167693883	NA	0.310164121792748	0.231258274927799	0.479048134446795	0.367446460953389	NA	0.474138181747498	0.309776793017677	0.599076216148197	0.149376021711696	0.838407251480782	0.716712803752129	1.00987148810081	0.940019751110519	1.17145891908457	1.14838678099527	1.2405388777762	1.18744916769409	NA	1.46886750176747	1.57761788183698	1.41371429390777	NA
NA	NA	1.83991590993165	1.78712385174655	NA	1.11379598330416	NA	1.27956017900698	0.492515440237665	NA	0.390164171234317	NA	0.638488343140374	0.365486503849705	NA	NA	0.207789019840838	NA	0.160114125034719	1.04958168540215	1.19929287435366	1.31832538920829	1.69219385910713	NA	NA	NA	NA	1.35880579199979	NA	NA	NA	NA	NA	NA	NA	NA	NA	NA	NA	NA
NA	1.35210689126328	0.380026318257958	NA	1.30716124115359	1.45253186132542	1.19685421536946	1.21173021928458	0.49930214872783	0.807336152050099	1.1881163240963	1.31832035065297	1.19130343102914	0.692543554489501	0.315882272260296	1.21917230148738	0.954148125142571	NA	0.703178262022693	NA	1.4797175895081	0.584216040956052	NA	1.32401904656315	0.784960941602593	0.988256999009829	0.765740212858362	0.423042671164205	0.768274579905968	NA	NA	0.736880485265172	0.490821636521092	0.137055061028536	1.11158229892628	0.945855665614308	NA	1.07823724343908	0.476358202526152	1.5489069085647
NA	1.85310144217575	1.58080398773583	1.78450262851518	1.09749090754639	NA	NA	NA	NA	NA	NA	NA	NA	NA	NA	NA	1.20293214745857	NA	NA	NA	NA	NA	1.37309291642315	NA	2.21375299956878	NA	NA	NA	NA	NA	NA	NA	NA	NA	NA	NA	NA	NA	NA	NA
NA	0.888403492341631	NA	NA	NA	NA	NA	0.596534693046454	0.49915528143734	0.418282296678146	0.484920328970259	0.279551508544159	0.277149735286297	NA	NA	0.526659155982392	NA	NA	0.722997261685088	NA	NA	NA	NA	0.487091374417225	NA	0.345698173247358	0.272371867393599	NA	1.06109182916429	1.15532875086301	0.990649149504157	0.722512654182221	1.07802948797887	NA	1.12926663220886	1.3627328917114	1.29369073464566	1.27003710089696	1.03884088488023	0.635717611672732
0.738772556569774	NA	0.786701866618218	NA	0.284679107308639	NA	NA	0.860270358360897	2.01032130843657	2.02768648276716	NA	NA	0.456825230216105	0.415864371888154	0.368240788749284	1.63653231027985	1.29159483201272	NA	1.13939651792276	1.27318493362795	0.543332454894291	0.349083098222023	NA	NA	NA	0.192914556781696	0.742877456168282	1.36282066244561	NA	NA	1.2194366582032	NA	NA	NA	1.33839972015428	NA	NA	NA	NA	NA
NA	NA	NA	NA	NA	NA	NA	NA	NA	NA	NA	NA	NA	NA	NA	NA	NA	NA	NA	NA	NA	NA	NA	NA	NA	NA	NA	NA	NA	NA	NA	NA	NA	NA	NA	NA	NA	NA	NA	NA
NA	1.35212210808651	0.538021249123482	1.09410065783991	1.80843525617834	NA	NA	1.61655558383651	NA	0.315027595494369	NA	1.53204319566811	NA	NA	NA	NA	1.707928955354	NA	0.227390635664803	2.22209257821325	0.33281372118694	0.576133660187386	NA	0.733685575597727	NA	NA	1.20851384822225	1.02996589723052	1.03156616001384	0.951243845289698	1.04454920055519	0.956351412605484	2.65461231867884	NA	1.20725561614498	1.50036238748302	1.96389245208759	1.68528600936652	1.40226832238525	1.50221227167166
0.757896664593609	NA	0.897242749863408	NA	NA	NA	NA	0.806501319689144	0.393998006485884	NA	0.542872954267813	NA	NA	NA	0.828448582464184	NA	NA	NA	NA	0.637606766488651	NA	0.886943409228313	0.825791225299111	NA	0.978819376262818	NA	NA	NA	1.41572865313947	1.27341052995308	1.71264632865247	1.60700632495511	2.21771647716324	1.80711012054521	NA	1.50382312647369	NA	1.3778832116663	1.38577298665551	NA
NA	NA	NA	NA	NA	NA	1.03857559416391	0.54227041229386	NA	NA	NA	0.860773408710074	0.937175557174018	0.479930568812487	NA	NA	NA	NA	NA	0.699343534849442	0.655167319567985	NA	NA	NA	NA	NA	NA	1.08746810943083	NA	NA	NA	NA	NA	NA	NA	NA	0.676156412056337	NA	NA	1.49543869255481
NA	NA	NA	NA	NA	NA	NA	NA	NA	NA	NA	NA	NA	NA	NA	NA	NA	NA	NA	NA	NA	NA	NA	NA	NA	NA	NA	NA	NA	NA	NA	NA	NA	NA	NA	NA	NA	NA	NA	NA
NA	NA	NA	NA	NA	NA	NA	NA	NA	NA	NA	NA	NA	NA	NA	NA	NA	NA	NA	NA	NA	NA	NA	NA	NA	NA	NA	NA	NA	NA	NA	NA	NA	NA	NA	NA	NA	NA	NA	NA
NA	NA	NA	0.452778824837414	NA	1.45072158035622	NA	0.838831108419158	0.787179117966464	0.354716284615523	0.550751549430412	1.58521302879949	NA	NA	1.14783531633182	0.524436615429525	0.360684444695897	NA	0.319064710212196	0.430472468041058	NA	0.420376975959608	0.777647127240805	0.630633821212977	0.608912605746146	NA	1.10685399617749	NA	NA	NA	NA	NA	1.58269996336024	2.04217711399128	1.30312733220565	1.34875318592084	1.10279404999144	NA	NA	NA
NA	NA	NA	NA	NA	NA	NA	NA	NA	NA	NA	NA	NA	NA	NA	NA	NA	NA	NA	NA	NA	NA	NA	NA	NA	NA	NA	NA	NA	NA	NA	NA	NA	NA	NA	NA	NA	NA	NA	NA
1.46917726775803	NA	0.700634985791286	NA	NA	NA	NA	0.682732174055881	NA	0.577517637800479	NA	NA	0.529491992891576	0.528119936495033	1.76145515041326	0.0973313117963482	0.160503540222635	NA	NA	0.251844903291699	NA	0.278993338986346	0.11825010810264	NA	0.398143104509534	0.771923866941006	NA	0.56564867858605	0.800809589335175	0.636939536577874	0.817307494097755	1.10536411762918	0.710727031190341	NA	0.72871759189312	NA	0.796995397979107	0.961476587559867	0.939069726730241	1.08772892550353
NA	NA	NA	NA	0.71053191200336	0.580781010766331	0.532112075476929	NA	NA	0.637398280305352	NA	NA	1.42522856108145	NA	1.84526140092979	1.43568204004349	NA	NA	0.214214887209089	0.312751379257982	NA	0.367169747236841	NA	0.707207192607465	NA	1.01844093446855	NA	0.662477632355293	0.888481466769838	NA	1.03252900492083	1.11298712047044	NA	0.907286043318705	1.19941345028365	NA	0.664814776719533	0.750476393518647	0.920546697702385	NA
NA	NA	NA	NA	1.88267071476797	NA	NA	NA	0.561477903213446	1.35619502923648	NA	NA	1.4900520827336	1.32457472267233	NA	NA	1.54817729647131	NA	NA	1.51026901809342	NA	1.64624228222745	NA	1.26182576316188	NA	NA	NA	NA	1.88249693715022	1.27522957581519	NA	NA	1.15439419619078	NA	NA	NA	1.02288926693774	0.53896376338623	0.794895325896426	NA
NA	NA	NA	NA	NA	NA	NA	NA	NA	NA	NA	NA	NA	NA	NA	NA	NA	NA	NA	NA	NA	NA	NA	NA	NA	NA	NA	NA	NA	NA	NA	NA	NA	NA	NA	NA	NA	NA	NA	NA
NA	NA	NA	NA	NA	NA	NA	NA	NA	NA	NA	NA	NA	NA	NA	NA	NA	NA	NA	NA	NA	NA	NA	NA	NA	NA	NA	NA	NA	NA	NA	NA	NA	NA	NA	NA	NA	NA	NA	NA
NA	NA	NA	NA	NA	NA	NA	NA	NA	NA	NA	NA	NA	NA	NA	NA	NA	NA	NA	NA	NA	NA	NA	NA	NA	NA	NA	NA	NA	NA	NA	NA	NA	NA	NA	NA	NA	NA	NA	NA
NA	NA	NA	NA	NA	NA	0.551140667854478	NA	NA	NA	NA	0.235607824625129	NA	NA	0.383127832952858	0.45967829063585	NA	NA	NA	0.539111808596227	0.990593667192765	1.09433142189981	1.04324145813951	NA	1.4133461883323	NA	1.81929563969018	1.17431064308568	1.35839811834049	1.40334436042531	1.67888649437107	1.40368041821042	NA	1.575866943343	NA	1.4919647449075	NA	NA	NA	1.80880883678536
NA	NA	NA	NA	NA	NA	NA	NA	NA	NA	NA	NA	NA	NA	NA	NA	NA	NA	NA	NA	NA	NA	NA	NA	NA	NA	NA	NA	NA	NA	NA	NA	NA	NA	NA	NA	NA	NA	NA	NA
NA	NA	NA	NA	NA	NA	NA	NA	NA	NA	NA	NA	NA	NA	NA	NA	NA	NA	NA	NA	NA	NA	NA	NA	NA	NA	NA	NA	NA	NA	NA	NA	NA	NA	NA	NA	NA	NA	NA	NA
NA	NA	NA	NA	NA	NA	NA	NA	NA	NA	NA	NA	NA	NA	NA	NA	NA	NA	NA	NA	NA	NA	NA	NA	NA	NA	NA	NA	NA	NA	NA	NA	NA	NA	NA	NA	NA	NA	NA	NA
NA	0.964675041455748	NA	NA	NA	1.41643526793279	NA	0.607240334015168	NA	NA	0.669967978838272	NA	NA	0.438656132974483	NA	NA	0.253046685895493	NA	0.453967907843149	0.312060754634182	0.323570861123961	0.750727741106718	0.495682482667153	0.117851122418158	NA	0.448510769327708	NA	0.419060197789941	0.338861097717883	0.45265088910747	NA	0.385917280585825	NA	1.26274230436839	NA	NA	NA	NA	0.505811731882583	0.258058749878738
NA	NA	NA	NA	NA	NA	NA	NA	NA	NA	NA	NA	NA	NA	NA	NA	NA	NA	NA	NA	NA	NA	NA	NA	NA	NA	NA	NA	NA	NA	NA	NA	NA	NA	NA	NA	NA	NA	NA	NA
NA	NA	NA	NA	NA	NA	NA	NA	0.207143459548266	0.905655790506543	NA	NA	NA	NA	NA	0.480491485976827	0.615606135542018	NA	NA	NA	NA	0.99551621184213	0.339902779870522	NA	NA	NA	NA	NA	1.06608135086178	NA	NA	1.04689955609792	NA	NA	NA	NA	1.22769169816144	1.44778511859368	NA	0.765663329809695
NA	NA	NA	NA	NA	NA	NA	NA	NA	NA	NA	NA	NA	NA	NA	NA	NA	NA	NA	NA	NA	NA	NA	NA	NA	NA	NA	NA	NA	NA	NA	NA	NA	NA	NA	NA	NA	NA	NA	NA
NA	1.85593093589453	NA	1.17737302006752	1.01816629974924	1.99790085364929	0.689418535597031	0.716355018694511	NA	NA	NA	NA	0.603025932936375	NA	NA	NA	0.326986991426933	NA	NA	NA	0.545466605539158	NA	NA	NA	NA	NA	NA	2.0548128027201	1.55219786173138	1.81828708042548	1.80635371134003	1.60979177639602	1.71201169208615	2.03347101645139	1.91634856559508	1.94677273617329	NA	1.75905127751332	1.8000187121672	2.08607379004886
NA	NA	NA	NA	NA	NA	NA	NA	NA	NA	NA	NA	NA	NA	NA	NA	NA	NA	NA	NA	NA	NA	NA	NA	NA	NA	NA	NA	NA	NA	NA	NA	NA	NA	NA	NA	NA	NA	NA	NA
NA	1.12628828799357	NA	NA	1.25450413062584	1.05217807398872	1.02107009290421	1.2627956882599	1.74256774475749	NA	0.66227569733251	0.627469603537078	0.830110418926398	1.7276780864271	2.12669411125706	0.635250891260757	0.634320847774414	NA	2.24759270619898	0.5638126269321	0.0437235008718867	0.435933284969582	NA	0.479597425418907	0.775670002155975	0.460980978370961	0.514379718732098	NA	NA	NA	NA	0.964712622312464	0.588817739425615	0.428053057974031	NA	1.60587302642143	NA	NA	1.16633853595525	NA
NA	NA	NA	NA	NA	NA	NA	NA	NA	NA	NA	NA	NA	NA	NA	NA	NA	NA	NA	NA	NA	NA	NA	NA	NA	NA	NA	NA	NA	NA	NA	NA	NA	NA	NA	NA	NA	NA	NA	NA
NA	NA	0.519197083850471	NA	0.917865340540848	0.359186700517852	NA	1.03507336727262	0.133141533648176	NA	0.780634686069124	NA	NA	0.627440202029973	0.327059236976102	NA	1.00672572752413	NA	0.51652340370505	0.249852896831442	0.774834272716445	NA	0.506909497345469	0.595499362027199	0.744579452502446	0.757724160387943	1.24728733810937	1.2230343515855	1.67903309872405	0.924430897662899	NA	0.753846361532427	0.556603301020636	1.02297306676887	1.7865566287454	0.802123531261985	1.35765060211488	0.984416424071621	0.904679230642777	0.490327412674692
NA	NA	0.657290409585537	NA	NA	0.207127839965876	NA	0.562126194982162	0.299275599330499	0.864429875528326	NA	0.133130676401687	NA	0.448469387039336	0.282501779555929	1.84200843194046	0.973486238680195	NA	NA	0.965030028658262	0.937689425391561	0.444752603353602	1.44156629555452	NA	0.594912823215839	NA	1.49736841360229	NA	NA	1.69905422994572	NA	NA	1.50653247876522	1.57080090162233	NA	NA	NA	NA	NA	NA
1.14769149753515	NA	1.69749151082918	NA	0.546224506321196	0.209831904085447	2.44957323986927	2.4291317468758	0.675197325459522	0.951626929584283	NA	NA	NA	0.297869675315128	0.552181772891196	0.303990478346282	0.189684653995312	NA	0.113490249051848	2.54345447018144	0.61317285352473	0.919458296068434	NA	0.940693062419252	1.19042090365741	0.976057024794639	1.25540175719325	1.87712037154628	2.02424282866995	NA	NA	1.94675319587802	1.7590765685086	NA	NA	1.57588129785934	2.32540528158045	1.72489121691128	1.63371031409176	2.35504066906392
NA	NA	NA	NA	NA	NA	NA	NA	NA	NA	NA	NA	NA	NA	NA	NA	NA	NA	NA	NA	NA	NA	NA	NA	NA	NA	NA	NA	NA	NA	NA	NA	NA	NA	NA	NA	NA	NA	NA	NA
NA	NA	1.26025647780713	NA	NA	NA	0.790869290057387	1.41264738835027	NA	NA	1.30692249885502	1.5463996491636	NA	1.23171614314166	NA	NA	0.388699055357576	NA	NA	1.32774869331364	NA	NA	0.359327225492796	0.713750043950966	1.6655603586748	0.5065751866603	0.475453532842307	0.450265226248931	1.02979558650722	0.534200463834473	0.911783464880229	1.12755043840161	0.979623760954121	NA	1.12725161993574	1.10843112966797	NA	NA	0.503799923802968	0.629566654479048
NA	NA	NA	NA	0.754944037231312	NA	NA	NA	NA	NA	NA	0.696195810688805	NA	0.805331125739435	NA	0.813006197367407	0.225092143871839	NA	0.754157891900248	0.847209349620614	1.46301576722164	0.970837814688681	1.45096855283632	1.60462117033375	NA	NA	1.54577334253111	1.71453136811382	NA	NA	0.661207156906011	NA	2.11107152568878	NA	NA	NA	NA	2.69443143456519	2.25582229105027	2.37835475796945
NA	NA	NA	NA	NA	NA	NA	NA	NA	NA	NA	NA	NA	NA	NA	NA	NA	NA	NA	NA	NA	NA	NA	NA	NA	NA	NA	NA	NA	NA	NA	NA	NA	NA	NA	NA	NA	NA	NA	NA
NA	NA	NA	NA	NA	NA	NA	NA	NA	NA	NA	NA	NA	NA	NA	NA	NA	NA	NA	NA	NA	NA	NA	NA	NA	NA	NA	NA	NA	NA	NA	NA	NA	NA	NA	NA	NA	NA	NA	NA
NA	NA	1.3947841143731	NA	1.31514072300141	1.34454608797594	NA	1.04694588346049	0.586410245615539	0.411735914517074	0.373024619882099	1.07840673083277	NA	NA	1.51103395489299	1.66688690834983	NA	NA	NA	1.22131110478385	0.427809504930332	0.952557014986098	0.661000681957445	0.411458353847077	0.829738734906018	0.515693041809009	NA	NA	1.26498078308866	NA	1.39824984901087	1.21766755028121	1.14717380117916	1.55142283206045	NA	NA	1.74135608875532	1.46228315849502	1.59673524087351	1.58763614426872
NA	NA	NA	NA	NA	NA	NA	NA	NA	NA	NA	NA	NA	NA	NA	NA	NA	NA	NA	NA	NA	NA	NA	NA	NA	NA	NA	NA	NA	NA	NA	NA	NA	NA	NA	NA	NA	NA	NA	NA
NA	NA	NA	NA	NA	NA	NA	NA	NA	NA	NA	NA	NA	NA	NA	NA	NA	NA	NA	NA	NA	NA	NA	NA	NA	NA	NA	NA	NA	NA	NA	NA	NA	NA	NA	NA	NA	NA	NA	NA
NA	NA	NA	NA	NA	NA	NA	NA	NA	NA	NA	NA	NA	NA	NA	NA	NA	NA	NA	NA	NA	NA	NA	NA	NA	NA	NA	NA	NA	NA	NA	NA	NA	NA	NA	NA	NA	NA	NA	NA
NA	NA	NA	NA	NA	NA	NA	NA	NA	NA	NA	NA	NA	NA	NA	NA	NA	NA	NA	NA	NA	NA	NA	NA	NA	NA	NA	NA	NA	NA	NA	NA	NA	NA	NA	NA	NA	NA	NA	NA
NA	1.01051185862045	NA	NA	0.898165481140228	NA	NA	NA	NA	1.26564886661716	1.19481928141538	NA	0.554212929698998	NA	NA	0.594439552933108	0.471218230130953	NA	1.18733163916003	1.13819522945104	NA	NA	1.85047524382129	1.69263979546215	1.75871896947554	NA	1.72712870084699	NA	NA	NA	NA	NA	2.08661756955282	2.72156874279876	2.26546084209745	NA	0.992936603490478	2.35388830688647	NA	NA
NA	NA	NA	NA	NA	NA	NA	NA	NA	NA	NA	NA	NA	NA	NA	NA	NA	NA	NA	NA	NA	NA	NA	NA	NA	NA	NA	NA	NA	NA	NA	NA	NA	NA	NA	NA	NA	NA	NA	NA
NA	NA	NA	NA	NA	NA	NA	NA	NA	NA	NA	NA	NA	NA	NA	NA	NA	NA	NA	NA	NA	NA	NA	NA	NA	NA	NA	NA	NA	NA	NA	NA	NA	NA	NA	NA	NA	NA	NA	NA
0.501433730831494	0.4555412591377	NA	NA	0.230962956948437	0.342885702954087	NA	NA	NA	NA	NA	0.332054370033107	0.854694326842718	0.487541391620037	0.0862658050410377	NA	0.486553628175546	NA	NA	0.476203610990902	0.572652345644252	0.71952056889941	0.705464191276398	0.731294558996152	2.42727565497526	NA	NA	0.496002484405754	NA	0.921682626643919	NA	0.575941896788617	0.593666612743743	0.749472111635419	NA	0.785112939918025	NA	NA	1.06071098154151	0.725343992917068
NA	NA	NA	NA	NA	NA	NA	NA	NA	NA	NA	NA	NA	NA	NA	NA	NA	NA	NA	NA	NA	NA	NA	NA	NA	NA	NA	NA	NA	NA	NA	NA	NA	NA	NA	NA	NA	NA	NA	NA
1.00051398537132	0.598815688983319	1.02032670685978	0.940794999376864	0.950038011679045	0.698334624558709	1.59185372862785	0.924658102287463	1.00917163889246	1.15751717517053	NA	1.40010093081219	1.23581465882693	NA	0.736403709640909	1.4964164383607	NA	NA	0.844445060746333	NA	1.65131035420552	NA	1.54070085595886	1.195996731884	1.47804364648589	0.896428684237856	1.60945142242363	0.349387976838958	1.27635897394365	1.68840012732691	NA	NA	0.863169129254345	NA	1.07965864421972	0.908868284157956	1.00826606192819	1.19497046588749	1.06070007826827	1.37005156578555
NA	2.51033988766304	1.52097842094856	NA	NA	NA	1.24103802909293	2.72566918200057	NA	NA	NA	2.16633304003684	NA	NA	0.30620634252518	NA	NA	NA	NA	NA	NA	NA	NA	0.598033692885274	NA	NA	NA	0.542289393617616	NA	NA	NA	NA	NA	NA	NA	NA	1.53151154432656	NA	NA	NA
NA	NA	NA	NA	NA	NA	NA	NA	NA	NA	NA	NA	NA	NA	NA	NA	NA	NA	NA	NA	NA	NA	NA	NA	NA	NA	NA	NA	NA	NA	NA	NA	NA	NA	NA	NA	NA	NA	NA	NA
NA	NA	NA	NA	NA	NA	NA	NA	NA	NA	NA	NA	NA	NA	NA	NA	NA	NA	NA	NA	NA	NA	NA	NA	NA	NA	NA	NA	NA	NA	NA	NA	NA	NA	NA	NA	NA	NA	NA	NA
NA	0.833517526551802	0.671366985486519	0.568109769590401	0.447179941928376	NA	0.435439246818603	0.609189287077345	0.651040137922907	NA	0.43586764196012	0.989551676155543	0.895174890633696	0.617569670687488	0.736020225138979	0.31668231419027	NA	NA	NA	0.253632588008861	0.531667356190003	0.657156704005122	1.00164655511601	0.26370326260951	0.43822288950916	NA	0.439614733295641	0.218991091052578	0.191669008543689	0.553255153760817	0.591855517801289	0.364540197502736	0.749945317461197	0.61851931737856	1.20412545489647	0.986606532970153	0.741217493588951	NA	0.808105813021791	1.18269274980118
NA	1.11807070133741	1.02192394718145	0.98883423577571	1.10791273493924	1.17304018019184	NA	NA	0.738875177807251	0.252384609792289	NA	1.07565236350914	NA	0.941335072415342	NA	NA	0.463430476267951	NA	NA	0.906001325071854	NA	1.1199304585202	0.390892471936194	0.325524628639964	0.616956262171816	0.559718245333334	NA	0.845665404772762	0.607991289013663	NA	1.37007180383453	NA	0.687936559468227	0.156926413590152	NA	NA	0.278074986040017	NA	1.08758575829195	NA
1.07431092466357	NA	NA	NA	0.816718018296036	NA	0.849150413792071	NA	0.855987411028918	NA	NA	NA	NA	NA	0.8184229932343	NA	NA	NA	NA	1.3709796765742	NA	NA	1.54377979366581	1.59952126959652	2.12804936865538	NA	NA	NA	NA	NA	NA	NA	NA	NA	NA	NA	NA	2.47929743058567	1.7713474440107	NA
NA	NA	NA	NA	NA	NA	NA	NA	NA	NA	NA	NA	NA	NA	NA	NA	NA	NA	NA	NA	NA	NA	NA	NA	NA	NA	NA	NA	NA	NA	NA	NA	NA	NA	NA	NA	NA	NA	NA	NA
NA	2.54688465978466	0.575629945787844	NA	NA	1.38819414048241	1.41513202911332	1.57008159454796	0.680012657795861	1.51041544259852	1.50342349658294	NA	0.591750838261219	0.535413577083347	0.5697828455805	2.20978848094231	2.06295219373679	NA	0.639386491810741	0.280410144958258	0.462495720460499	0.291671497840942	0.801579362255231	0.320045071724376	0.650203274697393	NA	1.72654135043832	NA	NA	0.747818117329535	1.50642614502095	1.2612841123263	1.45786108106132	NA	1.35805862356055	1.96032293100519	1.62632767833964	NA	0.827879085685824	NA
1.67141733331536	1.46108843793809	1.38978282084395	NA	1.45387527818166	NA	1.68947731658201	0.212456155858371	NA	NA	1.80320400159876	1.73084216716223	NA	NA	NA	NA	1.4294293900915	NA	NA	1.4278835169248	0.738083793965566	0.891066928015914	0.93844400499309	1.05035409110719	0.86907424737588	NA	1.71774062438732	NA	0.471729208077809	1.37635786336929	1.02872614944561	0.77389182082824	1.12928664462729	1.13717679746424	NA	0.714921991673794	1.53163524511223	1.79577319952444	NA	0.908790994669105
0.899570265676484	1.67076779003662	0.93136695155322	NA	NA	0.391509028317322	1.10044638003472	0.550260595811027	0.582093059274102	0.585776872799049	0.630399830975579	NA	0.256795744173079	0.520698105832624	NA	0.275527247016559	0.312303190309714	NA	0.532105163182838	NA	0.702003960885667	1.14836451653601	0.931706663110061	1.08483298415053	0.330488476756859	0.342670575875498	NA	1.71597723465677	1.24261535410393	NA	NA	0.338060517059103	1.95985834934723	1.45015771661004	NA	NA	1.46294047162737	0.362590952858794	1.33238850679515	0.554686580804271
NA	NA	NA	NA	NA	NA	NA	NA	NA	NA	NA	NA	NA	NA	NA	NA	NA	NA	NA	NA	NA	NA	NA	NA	NA	NA	NA	NA	NA	NA	NA	NA	NA	NA	NA	NA	NA	NA	NA	NA
NA	NA	0.582559250301297	NA	0.494378016707248	NA	NA	NA	0.453400744154258	NA	1.64789572871333	0.418867829983682	NA	1.64206469104019	1.18980941515623	0.360898171712101	NA	NA	NA	0.147104296700613	NA	0.70589716821844	0.663248332259966	0.42912395608943	NA	NA	NA	NA	1.705343235281	NA	NA	NA	1.23466130789531	1.12230159380567	NA	NA	NA	1.38853397162908	1.6893676532562	NA
NA	NA	NA	0.843954441151896	0.635736407106037	0.342273146500302	0.124939420227117	NA	0.533000678946513	NA	0.575052867291772	NA	0.458963536453386	0.377857061441685	0.321334705011429	NA	0.825460270089568	NA	NA	0.706287639891236	NA	0.779814892041724	1.33441867991586	1.01556059317436	0.827095659419773	NA	0.818879784476012	NA	0.847250935751713	0.876254182779967	NA	0.913819425989065	1.197509163748	NA	0.992547831271621	1.15532004944416	NA	1.99470764872125	NA	1.84587516965275
NA	NA	0.588161048110857	1.98801503168606	0.474237129238556	NA	0.806529587328127	0.660031740052977	0.55166224722322	0.581210616127114	0.703212689026662	0.40671011825835	0.500009817988652	NA	0.538895596069868	0.507364220030473	NA	NA	0.332952088020125	0.342247563372934	0.363735511652719	0.157765089192645	0.287754521663176	0.557160964932229	0.328305114326294	0.962810608334427	0.382832451493564	0.492927161831717	1.77447949532111	NA	NA	1.12642861687072	0.865479300269584	0.737993469483553	0.750565761436923	1.09267781323559	NA	1.12683181261014	NA	NA
NA	NA	NA	NA	NA	NA	NA	NA	NA	NA	NA	NA	NA	NA	NA	NA	NA	NA	NA	NA	NA	NA	NA	NA	NA	NA	NA	NA	NA	NA	NA	NA	NA	NA	NA	NA	NA	NA	NA	NA
NA	NA	NA	NA	NA	NA	0.299596713639463	1.52216235418913	NA	0.401228159797133	NA	0.26851414509131	0.972955518199502	0.519919964748287	0.557003078157679	NA	0.0415480519297163	NA	NA	NA	0.912692423501231	1.52468755301642	0.986765500360091	NA	NA	NA	0.980343611113891	NA	NA	NA	NA	NA	0.539582699307292	NA	NA	1.08313794644688	0.573413052078277	NA	NA	0.451566655614848
1.01951571023931	NA	0.864408491409758	NA	NA	0.444076107867428	0.521320280311716	0.258947865325689	0.524948031016928	0.870323699760536	0.50740830689401	0.625880792793818	NA	0.344880751907381	NA	NA	NA	NA	NA	0.289086359863864	0.512143999107231	0.486101240317029	0.742756564074853	0.758316560941165	0.696421612896816	0.747412037571878	NA	0.779164765027527	0.825550181154682	1.07134740581968	NA	1.25351294693826	1.45553261791356	NA	1.13068773230894	0.829444144883682	1.14118219846382	0.938189753836649	NA	NA
NA	NA	NA	NA	NA	NA	NA	NA	NA	NA	NA	NA	NA	NA	NA	NA	NA	NA	NA	NA	NA	NA	NA	NA	NA	NA	NA	NA	NA	NA	NA	NA	NA	NA	NA	NA	NA	NA	NA	NA
NA	NA	NA	NA	0.515163457957553	NA	NA	NA	NA	0.326647157568522	NA	0.343806377428638	NA	NA	NA	NA	0.340560020931569	NA	0.392058034995214	0.461175288957954	0.459669353029272	0.42903046797645	0.611927674704306	0.918383387716505	0.549149567379218	0.599699292371375	0.483895880029895	1.7304629377083	0.924288996618947	NA	1.55087982787019	NA	1.15175268276813	0.8197734558652	NA	NA	1.01829712680385	1.19195919897408	1.04178841491192	NA
NA	NA	NA	NA	NA	NA	NA	NA	NA	NA	NA	NA	NA	NA	NA	NA	NA	NA	NA	NA	NA	NA	NA	NA	NA	NA	NA	NA	NA	NA	NA	NA	NA	NA	NA	NA	NA	NA	NA	NA
NA	NA	NA	NA	NA	NA	NA	NA	NA	NA	NA	NA	NA	NA	NA	NA	NA	NA	NA	NA	NA	NA	NA	NA	NA	NA	NA	NA	NA	NA	NA	NA	NA	NA	NA	NA	NA	NA	NA	NA
NA	NA	NA	NA	NA	NA	NA	NA	NA	NA	NA	NA	NA	NA	NA	NA	NA	NA	NA	NA	NA	NA	NA	NA	NA	NA	NA	NA	NA	NA	NA	NA	NA	NA	NA	NA	NA	NA	NA	NA
NA	NA	NA	0.553010303659759	NA	0.530003733952636	NA	NA	NA	NA	NA	NA	NA	NA	NA	NA	0.621323015033175	NA	1.8221918439646	0.904984288595736	NA	0.359350832812135	0.597342992999869	0.854077201864352	NA	NA	NA	NA	NA	NA	NA	0.861101487250967	NA	NA	0.494356929187588	NA	NA	NA	NA	NA
NA	1.09358737500264	0.966048108860665	NA	0.7573234181754	1.81835836521108	0.767364636817791	0.508285642320449	0.368621667859525	0.901044350026208	0.818212162527371	0.668471025970821	1.00159679561767	NA	0.748600278368582	0.472541293403028	1.77972159997774	NA	0.704143100987947	0.769126465095729	1.98275515607083	NA	NA	0.919546287082308	1.46887205724491	0.484237388706581	1.70104376959313	0.863227552520059	1.73581958574808	1.79214039829575	1.78866840523994	1.56894077848982	1.48277871260991	NA	1.65586540163411	NA	0.543884862441453	NA	1.05284123329983	0.945553666370165
0.731681864705567	NA	0.75909785526583	0.462564751542895	NA	0.360273950066742	0.384286328575223	0.449940349875105	0.632229130953077	NA	NA	NA	NA	0.252970704500712	NA	0.670909617783399	0.271198482851551	NA	NA	0.560261378900835	NA	NA	1.05470890686462	NA	NA	NA	NA	NA	0.719971243525904	NA	0.412234937488778	0.767045832792624	0.875198853668692	NA	NA	NA	0.560954082353936	NA	NA	NA
NA	NA	NA	NA	0.603428956940023	0.64310335477835	NA	0.282835225146986	NA	0.259719564889175	NA	0.412330547763142	0.254381480795187	NA	NA	0.387163185315716	NA	NA	NA	NA	0.655144491373097	0.82736276692942	NA	0.953951703057285	NA	NA	1.42084473115507	NA	NA	1.75499243662646	NA	NA	NA	NA	NA	NA	0.740902846870122	NA	NA	NA
NA	NA	NA	NA	NA	NA	NA	NA	NA	NA	NA	NA	NA	NA	NA	NA	NA	NA	NA	NA	NA	NA	NA	NA	NA	NA	NA	NA	NA	NA	NA	NA	NA	NA	NA	NA	NA	NA	NA	NA
0.36104407816637	0.769966126573033	NA	NA	0.556003977801074	0.620912437572886	0.521830388671365	0.490137970342443	0.511761029213437	NA	NA	0.388213838894258	0.572282262030458	NA	0.251808556597594	NA	NA	NA	0.167991867590703	0.315048034572866	0.47584643055824	0.654223459396394	0.401355679533725	0.524595096417269	0.560447549192668	0.92791021018221	0.491073829889288	0.894950636247115	NA	0.530690473758835	1.46372604461068	0.928908766935727	1.13150929554429	NA	NA	NA	NA	0.755608422470887	1.26965449984879	NA
NA	NA	NA	NA	NA	NA	NA	NA	NA	NA	NA	NA	NA	NA	NA	NA	NA	NA	NA	NA	NA	NA	NA	NA	NA	NA	NA	NA	NA	NA	NA	NA	NA	NA	NA	NA	NA	NA	NA	NA
NA	NA	NA	NA	NA	NA	NA	NA	NA	NA	NA	NA	NA	NA	NA	NA	NA	NA	NA	NA	NA	NA	NA	NA	NA	NA	NA	NA	NA	NA	NA	NA	NA	NA	NA	NA	NA	NA	NA	NA
NA	NA	2.50763051914566	0.863491443993112	NA	NA	0.573192952198722	1.16403946707384	0.966329009707521	0.550972186962061	NA	0.726064980709702	NA	NA	0.981365042032876	0.403772838094181	0.237797328025115	NA	NA	NA	NA	1.02177974452017	NA	NA	NA	1.26476148717856	1.16532531706893	NA	NA	0.918175607027927	0.722048335035426	NA	1.54897367084487	NA	NA	1.17089373720141	1.06480062655836	NA	NA	NA
NA	NA	NA	NA	NA	NA	NA	NA	NA	NA	NA	NA	NA	NA	NA	NA	NA	NA	NA	NA	NA	NA	NA	NA	NA	NA	NA	NA	NA	NA	NA	NA	NA	NA	NA	NA	NA	NA	NA	NA
NA	NA	NA	NA	NA	NA	NA	NA	NA	NA	NA	NA	NA	NA	NA	NA	NA	NA	NA	NA	NA	NA	NA	NA	NA	NA	NA	NA	NA	NA	NA	NA	NA	NA	NA	NA	NA	NA	NA	NA
NA	2.22524790059911	NA	NA	NA	0.677507843253185	NA	2.09653796217968	NA	NA	0.158246108468087	1.6028656220373	0.660442004945178	1.0049345411479	0.115028196096838	0.813557098222203	0.796052192692277	NA	NA	NA	NA	0.395155464393205	1.47490108774906	0.428677263811246	1.59600748407444	1.60549680292394	0.831714928605128	0.398128598919666	1.16346160484855	1.26475928091904	0.699033028096898	1.08242846596152	1.40135486152604	1.77966544949192	1.46977125859106	1.69473006840541	1.54485879642719	1.77826379560031	NA	NA
0.776733251327922	NA	0.415279348108369	NA	0.501345892731458	2.55475557641898	0.404524359009637	2.68758161611323	0.250365301052523	1.94844458908835	NA	2.25008534878657	NA	NA	NA	NA	NA	NA	0.632503412674871	NA	0.973298620796026	NA	0.144972232767686	NA	0.123211455530461	NA	1.35904308484283	2.51678879555681	2.35212483424675	1.02611820791176	NA	2.36536724379736	2.37420431851819	2.25545425922805	NA	NA	2.54103245636554	NA	0.904256451454539	NA
NA	NA	NA	NA	NA	NA	NA	NA	NA	NA	NA	NA	NA	NA	NA	NA	NA	NA	NA	NA	NA	NA	NA	NA	NA	NA	NA	NA	NA	NA	NA	NA	NA	NA	NA	NA	NA	NA	NA	NA
NA	NA	NA	NA	NA	NA	NA	NA	NA	NA	NA	NA	NA	NA	NA	NA	NA	NA	NA	NA	NA	NA	NA	NA	NA	NA	NA	NA	NA	NA	NA	NA	NA	NA	NA	NA	NA	NA	NA	NA
NA	NA	NA	NA	NA	NA	NA	NA	NA	NA	NA	NA	NA	NA	NA	NA	NA	NA	NA	NA	NA	NA	NA	NA	NA	NA	NA	NA	NA	NA	NA	NA	NA	NA	NA	NA	NA	NA	NA	NA
NA	NA	NA	NA	NA	NA	0.658512085569876	0.652889906627884	NA	NA	NA	NA	NA	1.18531820911544	2.15660047676	NA	0.350551721544396	NA	NA	1.95423949350975	NA	2.18467698923237	1.85997483067979	0.45945636779113	1.0498599595773	0.864012434319796	NA	NA	0.934101696387927	1.14500837078739	NA	NA	1.05054218747329	0.859475840004539	0.923359736532378	1.15100191734518	2.07566607230257	1.97558540559459	1.98054016251565	2.1167178651397
NA	NA	NA	NA	NA	NA	NA	NA	NA	NA	NA	NA	NA	NA	NA	NA	NA	NA	NA	NA	NA	NA	NA	NA	NA	NA	NA	NA	NA	NA	NA	NA	NA	NA	NA	NA	NA	NA	NA	NA
NA	NA	NA	NA	NA	NA	NA	NA	NA	NA	NA	NA	NA	NA	NA	NA	NA	NA	NA	NA	NA	NA	NA	NA	NA	NA	NA	NA	NA	NA	NA	NA	NA	NA	NA	NA	NA	NA	NA	NA
NA	NA	NA	NA	NA	NA	NA	NA	NA	NA	NA	NA	NA	NA	NA	NA	NA	NA	NA	NA	NA	NA	NA	NA	NA	NA	NA	NA	NA	NA	NA	NA	NA	NA	NA	NA	NA	NA	NA	NA
NA	NA	NA	NA	NA	NA	NA	NA	NA	NA	NA	NA	NA	NA	NA	NA	NA	NA	NA	NA	NA	NA	NA	NA	NA	NA	NA	NA	NA	NA	NA	NA	NA	NA	NA	NA	NA	NA	NA	NA
NA	NA	NA	NA	NA	NA	NA	NA	NA	NA	NA	NA	NA	NA	NA	NA	NA	NA	NA	NA	NA	NA	NA	NA	NA	NA	NA	NA	NA	NA	NA	NA	NA	NA	NA	NA	NA	NA	NA	NA
NA	NA	NA	NA	NA	NA	NA	NA	NA	NA	NA	NA	NA	NA	NA	NA	NA	NA	NA	NA	NA	NA	NA	NA	NA	NA	NA	NA	NA	NA	NA	NA	NA	NA	NA	NA	NA	NA	NA	NA
NA	NA	NA	NA	NA	NA	NA	NA	NA	NA	NA	NA	NA	NA	NA	NA	NA	NA	NA	NA	NA	NA	NA	NA	NA	NA	NA	NA	NA	NA	NA	NA	NA	NA	NA	NA	NA	NA	NA	NA
NA	NA	NA	NA	NA	NA	NA	NA	NA	NA	NA	NA	NA	NA	NA	NA	NA	NA	NA	NA	NA	NA	NA	NA	NA	NA	NA	NA	NA	NA	NA	NA	NA	NA	NA	NA	NA	NA	NA	NA
NA	NA	NA	NA	NA	NA	NA	NA	NA	NA	NA	NA	NA	NA	NA	NA	NA	NA	NA	NA	NA	NA	NA	NA	NA	NA	NA	NA	NA	NA	NA	NA	NA	NA	NA	NA	NA	NA	NA	NA
NA	NA	1.06550671965185	NA	NA	NA	NA	0.606097800243357	NA	1.28677580929577	0.295900968517666	NA	1.79404855186138	0.585442519841021	0.389740976598212	NA	NA	NA	NA	NA	NA	0.304336061304311	NA	0.45749796940633	NA	1.58512661780274	NA	0.99335759408788	NA	0.804861961032219	NA	0.691940972412753	NA	NA	NA	NA	NA	1.12837727608128	0.316788180566739	NA
NA	NA	NA	NA	NA	NA	NA	NA	NA	NA	NA	NA	NA	NA	NA	NA	NA	NA	NA	NA	NA	NA	NA	NA	NA	NA	NA	NA	NA	NA	NA	NA	NA	NA	NA	NA	NA	NA	NA	NA
NA	NA	NA	NA	NA	NA	NA	NA	NA	NA	NA	NA	NA	NA	NA	NA	NA	NA	NA	NA	NA	NA	NA	NA	NA	NA	NA	NA	NA	NA	NA	NA	NA	NA	NA	NA	NA	NA	NA	NA
1.14501557008151	NA	0.852557055475251	NA	0.960679219650832	2.15973676527673	2.31000108671487	0.426070707954521	0.454310960277598	2.1251611748335	0.731021025596414	0.684681995502005	1.63658977796991	1.81642417979452	1.55360981203252	1.00067773375766	1.02089636189564	NA	0.440135415989134	0.638622697071539	2.0267109437042	1.54963106143464	1.41113257922129	0.352395203025956	0.891313889133818	1.08034642448501	1.34330431072648	1.03258295666324	0.213133139205265	NA	0.828110779664777	0.941014840170431	NA	0.391894928121935	1.10099927567556	0.383490784916202	0.505856188070566	0.798138675558617	1.2507629625972	0.822328926785412
1.13048798824699	NA	NA	NA	NA	NA	1.46900628100294	0.590292511304278	0.481147270126918	1.77466826281277	NA	0.660538502370274	0.533019832988362	0.756442808941538	0.491552353482969	0.654235629252031	1.00517892221809	NA	NA	1.2431894029364	NA	1.16811253305635	0.974093684837104	1.27151794035524	1.07170090596567	NA	0.98062727501255	NA	1.51429939401801	1.53713139511975	NA	1.14597164914574	1.06670626429939	1.47833590975341	NA	1.89712802982402	1.26203771799752	1.65333823610082	1.35920021713023	1.57282143613034
NA	NA	NA	NA	NA	NA	NA	NA	NA	NA	NA	NA	NA	NA	NA	NA	NA	NA	NA	NA	NA	NA	NA	NA	NA	NA	NA	NA	NA	NA	NA	NA	NA	NA	NA	NA	NA	NA	NA	NA
NA	NA	NA	NA	NA	NA	NA	0.160253824962284	NA	NA	NA	NA	0.17285981217476	NA	NA	NA	0.26545657502786	NA	0.44994615313922	0.4113770951364	NA	0.456875126022045	NA	0.124472701274452	NA	NA	NA	NA	NA	1.23235370701899	NA	0.932649404412729	NA	NA	1.25116673513329	1.75121498522602	NA	NA	1.28085472314191	NA
1.33345657664457	0.559418602063681	NA	0.761770136587108	0.684091914933742	0.907048705115317	0.711268115930447	NA	0.896770990796396	NA	NA	0.77823287056332	1.64577792378175	1.10328440780521	0.488847704886526	0.481804623490037	0.117160701367472	NA	0.516112689294497	0.595373938138799	0.934157387777175	1.03182101562707	0.875217162985584	1.25822265624518	0.880572536079742	1.04278277401285	NA	NA	NA	0.946601132068122	1.12166393343689	1.34209864401927	NA	NA	NA	1.32262324708862	NA	1.26320476316282	1.41587338539999	NA
0.61196616318642	0.591652623371345	1.27724465937895	NA	0.765970787861584	0.397248845238427	1.67504241183923	0.607136296671376	NA	0.923496881058776	0.714007965766975	1.22601427154986	1.65052892313137	0.425100142571314	0.214517916791562	NA	0.373153610223277	NA	0.753040990107402	0.663943294403901	1.5575834767545	NA	1.03758798200337	0.671347175421328	0.706063412687401	0.855531406054242	NA	0.832290426992934	NA	1.23859437055476	0.910783770602713	1.82458934759801	0.592144339185679	1.00575652609249	1.60089973567596	0.994561286307793	0.369638757655128	0.833176419518286	0.44395549048061	0.767367972547225
NA	NA	NA	NA	NA	NA	NA	NA	NA	NA	NA	NA	NA	NA	NA	NA	NA	NA	NA	NA	NA	NA	NA	NA	NA	NA	NA	NA	NA	NA	NA	NA	NA	NA	NA	NA	NA	NA	NA	NA
0.822017177578894	0.758820001481199	0.813606161730678	NA	0.551689137781206	0.902845151910365	1.21276212119295	1.06029899759777	1.85608524358546	1.64603391141588	0.555985993378005	0.861627843678824	0.97141553109851	0.662173666107309	0.601024860644375	0.514007521643745	NA	NA	NA	0.37997162120931	0.506320985284873	0.707647442273061	0.621642869362103	0.611889285689185	NA	0.588708568657925	0.553289515866561	0.159547222730063	0.410346007720007	0.298730086915176	0.769326148397073	0.340494283855405	0.69849681501629	0.373522315202392	0.270323221230717	0.411744814903619	0.364913755329589	0.79444395171623	NA	0.655648889093216
NA	0.871503240951585	1.09108994048721	1.08808297679074	NA	1.52001030844976	1.55407312692287	NA	1.49939972185017	1.57486175816842	NA	NA	2.00658144141798	1.9645101719657	1.46399070665854	1.91393650588749	2.98699128371332	NA	1.22379605438321	1.35918660427068	1.83572020414745	NA	1.76791894029855	1.27853570300628	1.62673691482073	1.88673852805262	1.17656862442649	1.44036470596344	2.0277874909117	2.09423289391053	NA	1.6272818166019	NA	2.84704564627644	NA	1.43553367715491	1.38930102092904	NA	1.79903647655656	NA
NA	NA	NA	NA	NA	NA	NA	NA	NA	NA	NA	NA	NA	NA	NA	NA	NA	NA	NA	NA	NA	NA	NA	NA	NA	NA	NA	NA	NA	NA	NA	NA	NA	NA	NA	NA	NA	NA	NA	NA
NA	NA	NA	NA	NA	NA	NA	NA	NA	NA	NA	NA	NA	NA	NA	NA	NA	NA	NA	NA	NA	NA	NA	NA	NA	NA	NA	NA	NA	NA	NA	NA	NA	NA	NA	NA	NA	NA	NA	NA
NA	NA	NA	0.680550682737608	0.872791457793282	0.305416199291933	0.810575984199266	NA	NA	NA	0.620809780842748	NA	NA	NA	NA	1.79213746118425	NA	NA	0.297302676330092	0.591026785040037	0.869593341754432	1.07565262122726	NA	1.33453606531105	1.07213042062818	NA	NA	NA	1.27255473657481	NA	NA	1.42790331351692	NA	1.48840135305131	NA	NA	0.946465622978258	NA	NA	NA
NA	NA	NA	NA	NA	NA	NA	NA	NA	NA	NA	NA	NA	NA	NA	NA	NA	NA	NA	NA	NA	NA	NA	NA	NA	NA	NA	NA	NA	NA	NA	NA	NA	NA	NA	NA	NA	NA	NA	NA
NA	NA	NA	NA	NA	NA	NA	NA	NA	NA	NA	NA	NA	NA	NA	NA	NA	NA	NA	NA	NA	NA	NA	NA	NA	NA	NA	NA	NA	NA	NA	NA	NA	NA	NA	NA	NA	NA	NA	NA
NA	NA	NA	NA	NA	NA	NA	NA	NA	NA	NA	NA	NA	NA	NA	NA	NA	NA	NA	NA	NA	NA	NA	NA	NA	NA	NA	NA	NA	NA	NA	NA	NA	NA	NA	NA	NA	NA	NA	NA
NA	NA	NA	NA	NA	NA	NA	NA	NA	NA	NA	NA	NA	NA	NA	NA	NA	NA	NA	NA	NA	NA	NA	NA	NA	NA	NA	NA	NA	NA	NA	NA	NA	NA	NA	NA	NA	NA	NA	NA
NA	NA	NA	NA	NA	NA	NA	NA	NA	NA	NA	NA	NA	NA	NA	NA	NA	NA	NA	NA	NA	NA	NA	NA	NA	NA	NA	NA	NA	NA	NA	NA	NA	NA	NA	NA	NA	NA	NA	NA
NA	1.03991107115702	NA	NA	NA	NA	0.190159743152935	NA	NA	NA	NA	NA	NA	NA	1.36841326213033	1.25209506056046	1.5256599312346	NA	NA	NA	1.80988299211245	3.04572250549547	1.86770733719129	2.29720105472178	3.16361031580035	NA	2.18078457948709	1.97840728926887	2.32405158312948	2.50708941118279	NA	NA	NA	NA	NA	2.62325105268105	2.72210315259366	2.66213768701479	2.72259920868154	NA
NA	0.333236227643696	0.64483037138809	NA	NA	NA	0.765197012532578	0.505535109619918	0.455576214046218	NA	NA	0.240183833679989	NA	1.0139710663519	0.827202006629427	NA	0.83580342008345	NA	NA	0.146720795944126	0.279651545299125	0.434584227497577	0.758235940537039	0.713529168165531	0.815724454425839	0.923339386833332	1.70190975375227	0.279864554305246	1.50181704738258	0.777801286079043	NA	NA	NA	0.75513255327832	0.495102284123327	0.732924837508747	0.80622145954041	0.485807824915775	NA	NA
NA	NA	NA	NA	NA	1.50345012198245	NA	NA	1.49130285533765	0.61454607974634	1.46600537975039	NA	NA	NA	NA	0.980400007025978	NA	NA	NA	1.29260936641216	NA	NA	NA	NA	NA	NA	NA	NA	NA	NA	NA	NA	NA	0.876094285056691	NA	1.94332757907524	NA	2.02663122918522	1.93881804385849	NA
NA	NA	NA	NA	NA	NA	NA	NA	NA	NA	NA	NA	NA	NA	NA	NA	NA	NA	NA	NA	NA	NA	NA	NA	NA	NA	NA	NA	NA	NA	NA	NA	NA	NA	NA	NA	NA	NA	NA	NA
NA	NA	NA	NA	NA	NA	NA	NA	NA	NA	NA	NA	NA	NA	NA	NA	NA	NA	NA	NA	NA	NA	NA	NA	NA	NA	NA	NA	NA	NA	NA	NA	NA	NA	NA	NA	NA	NA	NA	NA
NA	NA	NA	NA	NA	NA	NA	NA	NA	NA	NA	NA	NA	NA	NA	NA	NA	NA	NA	NA	NA	NA	NA	NA	NA	NA	NA	NA	NA	NA	NA	NA	NA	NA	NA	NA	NA	NA	NA	NA
NA	NA	NA	NA	NA	NA	NA	NA	NA	NA	NA	NA	NA	NA	NA	NA	NA	NA	NA	NA	NA	NA	NA	NA	NA	NA	NA	NA	NA	NA	NA	NA	NA	NA	NA	NA	NA	NA	NA	NA
NA	NA	NA	NA	NA	NA	NA	NA	NA	NA	NA	NA	NA	NA	NA	NA	NA	NA	NA	NA	NA	NA	NA	NA	NA	NA	NA	NA	NA	NA	NA	NA	NA	NA	NA	NA	NA	NA	NA	NA
NA	NA	NA	NA	NA	NA	NA	NA	NA	NA	NA	NA	NA	NA	NA	NA	NA	NA	NA	NA	NA	NA	NA	NA	NA	NA	NA	NA	NA	NA	NA	NA	NA	NA	NA	NA	NA	NA	NA	NA
1.13982497744485	NA	0.565327788717618	NA	0.600528415292747	NA	0.864168579519059	0.893590059885918	NA	0.440768751215412	0.644694452052368	NA	0.526720360107545	0.546891418114243	0.360286832790255	NA	0.417742359195888	NA	0.449226357246044	0.455831946966331	1.60955484537467	0.302737324382938	NA	0.535875784703298	0.956275342140336	0.79686558981641	1.55764078022501	NA	1.43977453792998	NA	1.31144456115706	0.803987020928318	0.726124022170813	0.604908282734673	NA	1.07426384713224	NA	1.04335535399638	1.0833393044295	NA
NA	0.975924899006756	NA	0.889987308895111	0.822282938562497	0.493277608417805	NA	NA	NA	0.522319661564483	0.87923196230104	0.365044851258052	0.535859632770881	0.452958742945167	0.330983280629236	0.405957744233281	0.32548966369531	NA	0.529358648025924	0.612277972413426	NA	0.674186567157379	0.510756869287863	1.18217339841961	1.33696679129589	NA	NA	1.68338080414522	0.738868307107065	0.570915610306561	NA	0.671224404870605	0.858950351170759	0.613012851881381	0.732026770982358	0.991057287801666	0.584417029431056	0.624195272969224	0.507850230807696	0.415748441522102
0.911810091423483	0.827007674306468	1.01041925834299	0.936918405076443	1.04222127949074	0.230701699317206	NA	0.433715171397121	0.449325880259925	0.814750005866058	0.50287373630589	0.633328546424937	NA	0.446736563849082	0.422544017079237	NA	NA	NA	NA	0.70420762731345	NA	0.629890346970323	1.00492592726335	0.930661557791904	1.04154953696619	1.02506993727842	1.23395907523459	0.791582197140871	1.14890096553025	NA	0.831691212955981	NA	0.509115728237339	0.778510288780772	0.422551640329255	0.570644746414571	NA	0.566178115342236	0.554635333167466	0.669021219901017
NA	NA	NA	NA	NA	NA	NA	NA	NA	NA	NA	0.346109736382008	NA	0.357567509130765	0.453575585015861	0.534175216340316	NA	NA	NA	NA	2.12180998144818	0.713955498918501	0.810713227035773	0.887660876223642	0.72304166393587	1.09081751999769	NA	1.28497010768237	1.33584518144006	NA	1.15315503806474	1.21621697304857	NA	NA	2.11672045056439	NA	NA	NA	0.963411383300455	NA
NA	NA	NA	NA	NA	NA	NA	NA	NA	NA	NA	NA	NA	NA	NA	NA	NA	NA	NA	NA	NA	NA	NA	NA	NA	NA	NA	NA	NA	NA	NA	NA	NA	NA	NA	NA	NA	NA	NA	NA
NA	NA	NA	NA	NA	NA	NA	NA	NA	NA	NA	NA	NA	NA	NA	NA	NA	NA	NA	NA	NA	NA	NA	NA	NA	NA	NA	NA	NA	NA	NA	NA	NA	NA	NA	NA	NA	NA	NA	NA
NA	NA	NA	NA	NA	NA	NA	NA	NA	NA	NA	NA	NA	NA	NA	NA	NA	NA	NA	NA	NA	NA	NA	NA	NA	NA	NA	NA	NA	NA	NA	NA	NA	NA	NA	NA	NA	NA	NA	NA
NA	NA	0.486328306924954	NA	NA	0.390500435343239	0.715045699456529	0.415329464282959	0.452606657563636	NA	NA	NA	NA	NA	NA	NA	NA	NA	NA	NA	NA	NA	0.605604140364342	0.835691721786548	NA	NA	0.721840483539506	0.824766740383026	NA	1.17884734425447	NA	NA	1.01765670352419	NA	1.13913977687415	0.90058067851084	2.3833744493511	NA	NA	0.452561892291409
NA	2.11995782946352	2.0915040972874	1.03768497087088	1.58066112703066	NA	0.774314921421285	NA	NA	NA	0.863344297015421	NA	1.60880057144934	NA	0.806714005526038	NA	0.649506499978657	NA	1.97629830880011	0.588403098276669	2.12365925257319	1.95513700852064	1.57718558603107	1.90518333279452	NA	NA	0.955748100086063	0.952089243611212	NA	0.768724861490732	1.04539904355791	NA	NA	1.20516856360904	1.15684833240427	1.316282841605	2.16848179010242	NA	NA	2.12955308646176
NA	0.938813924601797	NA	NA	NA	1.29404506036505	0.417546181640601	0.401896521827173	0.391752472174564	0.526755846640397	NA	0.787120809374265	0.70445905072997	NA	0.242168862902413	0.434115256013632	NA	NA	0.37811834982038	1.11112371065887	NA	0.672316005653308	0.913055004968641	NA	NA	0.646159524465813	NA	1.20705371856376	NA	NA	1.12472387940143	1.19685109988706	NA	NA	NA	NA	NA	NA	0.746031648072875	NA
NA	NA	NA	NA	NA	NA	NA	NA	NA	NA	NA	NA	NA	NA	NA	NA	NA	NA	NA	NA	NA	NA	NA	NA	NA	NA	NA	NA	NA	NA	NA	NA	NA	NA	NA	NA	NA	NA	NA	NA
NA	1.74974127458542	NA	NA	1.35680751061912	0.959302283330245	1.44023789456936	1.52547229150787	1.59040243552334	0.570976668266286	NA	NA	1.23331257405295	1.08174582253707	1.33001910898049	NA	0.190533055542619	NA	NA	0.421743578746418	NA	NA	NA	NA	NA	NA	NA	NA	NA	NA	NA	NA	NA	NA	NA	NA	NA	NA	NA	NA
1.03241080520993	0.994147620725238	0.705515116469009	NA	NA	NA	NA	0.754609927143415	0.742254703777996	1.41317469234576	1.27417893340574	NA	0.854635199207063	1.07901038030919	1.10843474314011	NA	NA	NA	0.516116300365128	NA	0.58502942503998	0.458509759070343	NA	NA	NA	NA	0.780541610472712	0.533911269137895	NA	NA	NA	NA	0.635047279402158	0.796849803716845	0.750545644941012	0.695727599015579	NA	0.220751116268052	0.575360418298117	NA
0.88086087075614	NA	NA	0.541670660351259	0.553481983804316	0.617860265286374	1.85720291903903	0.81756620421158	NA	1.10477159939537	1.01641509798152	1.37018431872685	NA	NA	NA	0.785514382206592	0.664924648880704	NA	NA	NA	0.205716029631874	0.652554206024389	0.293573139699353	0.349285845156864	0.242277958083214	0.699104506601375	1.14465590857141	1.19923225355747	NA	0.583292088798975	0.98644448820176	NA	0.918709718949163	NA	0.964359514378373	0.698694939343869	0.336385799194048	0.520787509022772	1.99619950207986	0.75634373198256
NA	NA	NA	NA	NA	NA	NA	NA	NA	NA	NA	NA	NA	NA	NA	NA	NA	NA	NA	NA	NA	NA	NA	NA	NA	NA	NA	NA	NA	NA	NA	NA	NA	NA	NA	NA	NA	NA	NA	NA
NA	NA	NA	0.789257307968809	1.11035711250141	NA	0.488574392397213	0.734003219357518	0.693330383547687	NA	0.516446930385816	0.592724852826965	0.764743821760178	0.979905622020635	0.480045833697287	NA	NA	NA	NA	NA	0.278212066025873	1.9220282071159	1.30992239069544	1.30691829225868	0.587521144044455	0.578101785605936	NA	0.641044525789637	NA	NA	NA	NA	NA	0.967117797231139	NA	1.05765706758486	0.811936286106588	NA	0.84380828752425	NA
0.391738036112511	NA	0.629278929191409	NA	NA	1.5665337005687	0.534376989431983	0.668867534644589	0.48970660161676	0.790163395986119	0.918048371393366	1.00537791772432	0.836478868324363	0.571213543170842	0.410006671483574	NA	1.04564986329788	NA	0.665086247229556	0.673104872366971	0.102544437727243	0.299507537494566	0.77714850805393	1.09133896328363	0.776273507301159	0.398365913356145	0.395117489689974	NA	0.635539085916261	0.469237905115401	0.643310560570835	0.518824931211819	0.760931321916118	0.27193100913228	0.600891147057643	NA	NA	1.0012279492417	0.885471915589239	1.42007055105401
0.457402586040646	0.732988842286867	NA	NA	NA	NA	0.611873054410112	0.308968114905835	1.30336537369683	NA	0.171141945719715	0.0796722958777583	0.29012355764589	0.554506741673952	0.645879377808318	NA	0.264284397511417	NA	0.463076573035741	0.435692118918779	NA	NA	0.798476006999755	0.407136008170015	0.274249339935081	0.714151473513207	NA	1.0948897495997	0.653760214830177	0.837021896136592	1.12623505008969	0.839527477341826	1.16521940375784	1.28295904469678	1.09276215444795	0.74592568636215	0.563851826390816	0.906503600909154	0.844054140983791	NA
NA	NA	0.595879057044953	NA	0.71506622950105	0.547400606399462	0.503149619789794	0.588067849098717	0.422843646675302	NA	0.248727591224071	NA	NA	0.34169363666365	0.383920577270796	NA	0.219505144676466	NA	NA	NA	NA	NA	NA	NA	1.22408609680316	NA	NA	NA	NA	NA	NA	NA	1.40512548221987	NA	NA	NA	NA	NA	NA	NA
NA	NA	NA	NA	NA	NA	NA	NA	NA	NA	NA	NA	NA	NA	NA	NA	NA	NA	NA	NA	NA	NA	NA	NA	NA	NA	NA	NA	NA	NA	NA	NA	NA	NA	NA	NA	NA	NA	NA	NA
0.606316293544058	0.559653116844467	NA	0.317687878762318	NA	0.162914243078403	0.332687013155972	0.265508364196998	0.436645232887092	NA	0.835954156131244	0.762314684174189	0.706820047983856	0.838744417728374	NA	0.644034265582561	0.157555877692055	NA	NA	0.421833035187598	0.647012116324979	0.507202667982566	0.451325571238582	0.725908851781939	NA	NA	0.84283023485718	0.660907975610656	1.14585692723281	0.828741461357665	NA	1.10588281175647	0.861553768268535	0.609629551504688	0.991188385561923	0.623633928263147	0.659717211583877	0.432470559074186	0.559105490266268	1.02420697237612
NA	NA	NA	NA	NA	NA	NA	NA	NA	NA	NA	NA	NA	NA	NA	NA	NA	NA	NA	NA	NA	NA	NA	NA	NA	NA	NA	NA	NA	NA	NA	NA	NA	NA	NA	NA	NA	NA	NA	NA
NA	NA	NA	NA	NA	NA	NA	NA	NA	NA	NA	NA	NA	NA	NA	NA	NA	NA	NA	NA	NA	NA	NA	NA	NA	NA	NA	NA	NA	NA	NA	NA	NA	NA	NA	NA	NA	NA	NA	NA
NA	NA	NA	NA	NA	NA	NA	NA	NA	NA	NA	NA	NA	NA	NA	NA	NA	NA	NA	NA	NA	NA	NA	NA	NA	NA	NA	NA	NA	NA	NA	NA	NA	NA	NA	NA	NA	NA	NA	NA
NA	NA	NA	NA	NA	NA	NA	NA	NA	NA	NA	NA	NA	NA	NA	NA	NA	NA	NA	NA	NA	NA	NA	NA	NA	NA	NA	NA	NA	NA	NA	NA	NA	NA	NA	NA	NA	NA	NA	NA
NA	NA	NA	NA	NA	NA	NA	NA	NA	NA	NA	NA	NA	NA	NA	NA	NA	NA	NA	NA	NA	NA	NA	NA	NA	NA	NA	NA	NA	NA	NA	NA	NA	NA	NA	NA	NA	NA	NA	NA
2.53090751779525	NA	NA	NA	NA	NA	NA	NA	NA	NA	NA	NA	NA	NA	NA	NA	0.47025103682607	NA	NA	0.532300760142238	NA	0.339384336595394	NA	NA	NA	NA	NA	NA	1.60628282372484	NA	NA	NA	2.83486394097688	NA	2.3251704028843	NA	NA	NA	NA	2.37848213248933
1.71641150278345	1.84572104673414	NA	NA	1.04814971376558	NA	0.591192215518371	0.482084382403265	NA	0.463565252297982	0.911550213959723	NA	2.26158829620853	0.758618975798718	0.468651628905687	NA	NA	NA	NA	NA	1.11941313198833	NA	NA	NA	0.630563997990772	0.828539643715665	0.815920478503664	0.865367716377846	1.28672992954483	NA	1.22741615873535	1.03029293213035	1.17278686206286	0.973486700402768	NA	NA	NA	0.870260110579953	NA	NA
NA	NA	NA	NA	NA	NA	NA	NA	NA	NA	NA	NA	NA	NA	NA	NA	NA	NA	NA	NA	NA	NA	NA	NA	NA	NA	NA	NA	NA	NA	NA	NA	NA	NA	NA	NA	NA	NA	NA	NA
NA	1.84429085834922	NA	NA	NA	NA	1.27686523971286	1.32124445307688	NA	0.645281733984087	1.03323324237932	NA	1.45482195657134	0.988238204140054	0.867628029217109	NA	NA	NA	0.841154504474607	NA	1.22929402396917	1.35266939861124	1.15707256900336	1.26897970933786	NA	NA	NA	NA	NA	NA	NA	NA	NA	NA	NA	NA	NA	NA	NA	NA
NA	NA	NA	NA	NA	NA	NA	NA	NA	NA	NA	NA	NA	NA	NA	NA	NA	NA	NA	NA	NA	NA	NA	NA	NA	NA	NA	NA	NA	NA	NA	NA	NA	NA	NA	NA	NA	NA	NA	NA
NA	NA	NA	NA	NA	NA	NA	NA	NA	NA	NA	NA	NA	NA	NA	NA	NA	NA	NA	NA	NA	NA	NA	NA	NA	NA	NA	NA	NA	NA	NA	NA	NA	NA	NA	NA	NA	NA	NA	NA
NA	NA	NA	NA	0.643616779977298	0.906456601459208	0.571755223918038	NA	NA	NA	0.720723093795544	0.804249641042658	NA	NA	0.817548309819739	NA	0.451244905752403	NA	NA	0.851899425129439	1.14154515304784	1.18441720799519	1.07172766437505	1.16160714470479	1.43497060863574	1.49047510866944	NA	1.12298912655326	2.06782554591026	2.03804921783643	2.20187286920547	2.14476810257924	NA	1.9636612727647	NA	1.4803460807585	1.01889965006841	0.578338432618517	0.685425863911416	1.03392414046468
1.48431537311601	1.12180765633554	1.37973393149704	1.47609117408839	1.05701484810297	1.29901248085043	NA	0.348214548324566	0.525461748911132	0.507965651216306	0.515146323047716	0.37291391474994	0.500977030222569	0.249819053034263	0.544511620714473	NA	0.116518279496497	NA	NA	0.249802006018377	0.135719289234956	0.265255626472433	0.463359891588045	0.486568845280495	0.584419983848863	NA	0.416031956286162	0.849518351540205	NA	0.938249357419498	0.310573242722032	1.08048010614167	1.3397709812986	1.092405772382	0.758470394957085	0.428978741321755	0.386347403195596	1.02983261437577	1.04983230320311	NA
NA	NA	NA	NA	NA	NA	NA	NA	NA	NA	NA	NA	NA	NA	NA	NA	NA	NA	NA	NA	NA	NA	NA	NA	NA	NA	NA	NA	NA	NA	NA	NA	NA	NA	NA	NA	NA	NA	NA	NA
NA	1.48453548551423	1.42018474039592	1.36059665419372	0.843092064318421	1.0938577080827	NA	1.6004195476052	1.42414212659015	0.739095571254316	NA	0.646739522045195	NA	NA	0.586472472078509	NA	0.931509021274387	NA	1.24025509836005	NA	NA	1.5431607009541	NA	NA	NA	1.44561114407771	NA	NA	NA	NA	NA	NA	NA	NA	NA	NA	NA	NA	NA	NA
NA	NA	NA	NA	NA	NA	NA	NA	NA	NA	NA	NA	NA	NA	NA	NA	NA	NA	NA	NA	NA	NA	NA	NA	NA	NA	NA	NA	NA	NA	NA	NA	NA	NA	NA	NA	NA	NA	NA	NA
1.53476773703061	NA	1.1378812222047	0.614454076579259	1.08572210245466	NA	2.52283895933369	0.433881960506666	0.211258052495403	0.568329336286856	0.280468126405245	0.27390091687776	NA	NA	0.278452567905875	NA	0.394346978325439	NA	NA	0.616510435920844	0.45812522698819	0.655254342081419	0.800160700624739	0.543075800095271	0.662867215972976	0.624441579823858	1.02093693610531	1.59402808900899	1.32597856842829	NA	1.4524647054876	0.755706857681977	0.689247219163938	1.1897448038028	1.07924787818914	0.504770330533589	NA	0.520382581860817	0.970682124129631	2.15000976667875
NA	1.5268019273027	0.967419428994534	NA	0.722862363807409	0.888419979710525	0.408891955091031	NA	NA	0.550019763460565	NA	NA	NA	1.64503519880344	0.581145905884857	0.546221942772505	0.44256218549208	NA	0.452549696882722	0.779111342125821	0.74144561551374	0.785010080842075	0.236246840770529	2.25115298090295	0.72001808619257	2.10033416959012	1.8277468556397	0.979969654980255	2.08237628038921	1.99088167524967	1.42626996745149	0.524406865325214	1.9310399204016	NA	1.12308537008042	2.19798209621989	0.65767207266347	2.42190799418118	2.46316396683599	NA
NA	0.24398575152672	0.992321371496724	NA	0.299357529372967	0.183896472316915	0.908184182844609	0.595306559662079	NA	NA	0.588031507631259	0.528384806907195	0.650278506646432	NA	0.652497366920216	NA	NA	NA	NA	1.06365823069693	1.1545883676992	1.18409359744409	NA	1.44743188521003	2.21257541653528	NA	NA	NA	NA	NA	1.75305042875974	NA	2.41670065671213	NA	NA	NA	NA	2.38142211227865	NA	0.764503511032054
NA	NA	NA	NA	NA	NA	NA	NA	NA	NA	NA	NA	NA	NA	NA	NA	NA	NA	NA	NA	NA	NA	NA	NA	NA	NA	NA	NA	NA	NA	NA	NA	NA	NA	NA	NA	NA	NA	NA	NA
NA	NA	NA	NA	NA	NA	NA	NA	NA	NA	NA	NA	NA	NA	NA	NA	NA	NA	NA	NA	NA	NA	NA	NA	NA	NA	NA	NA	NA	NA	NA	NA	NA	NA	NA	NA	NA	NA	NA	NA
NA	NA	NA	NA	NA	NA	NA	NA	NA	NA	NA	NA	NA	NA	NA	NA	NA	NA	NA	NA	NA	NA	NA	NA	NA	NA	NA	NA	NA	NA	NA	NA	NA	NA	NA	NA	NA	NA	NA	NA
1.32541625515617	0.98048749292547	1.12879335017519	NA	1.04864389151837	NA	1.17238651204325	NA	NA	NA	1.37321703190772	NA	NA	1.12326454700718	0.734818164980341	NA	0.977521672078604	NA	0.813839022701511	0.80053002392103	NA	0.56236456283003	0.360722799486553	0.920677868298806	NA	0.621800067572626	NA	NA	NA	NA	NA	0.351942382729074	NA	NA	NA	NA	NA	NA	NA	NA
NA	NA	NA	NA	NA	NA	NA	NA	0.298561078473124	NA	0.483552247605995	0.647483959818184	0.70529195481031	NA	NA	NA	0.22348889056434	NA	NA	NA	NA	NA	NA	NA	1.7211798901271	NA	NA	NA	NA	NA	2.05904746714807	0.88418586515107	NA	1.02504517136674	1.21698647924045	NA	1.20683455027487	0.834744546574745	NA	NA
NA	1.1510113495175	1.0261468726725	NA	1.23244203488003	0.908433013591132	0.853210335039981	NA	NA	0.929401594988133	1.21215494772725	NA	NA	0.792559526243162	NA	NA	0.783347729528795	NA	0.723012116919328	0.874700301204427	NA	NA	NA	0.997979515963921	NA	NA	NA	NA	NA	1.23461593895289	NA	NA	1.37934813188541	NA	NA	1.2151978251724	NA	NA	NA	NA
NA	1.64164701077123	NA	NA	0.67139044053182	0.414405028287195	0.350531557035506	0.412487235331964	0.756245380681139	0.428995124302741	1.17881720262045	NA	0.727005382086338	0.890120617064847	0.403491360614099	0.645916954255949	0.424106125412341	NA	NA	0.572767482475702	NA	NA	0.48729171081386	0.668576999491686	NA	NA	NA	0.491682142328344	1.17977487291465	NA	1.0385386200605	NA	1.13363449849752	0.799351685351217	0.97402628750933	NA	0.531934322697336	NA	0.640684176595701	1.23224130231205
NA	NA	NA	NA	NA	NA	NA	NA	NA	NA	NA	NA	NA	NA	NA	NA	NA	NA	NA	NA	NA	NA	NA	NA	NA	NA	NA	NA	NA	NA	NA	NA	NA	NA	NA	NA	NA	NA	NA	NA
NA	NA	NA	NA	NA	NA	NA	NA	NA	NA	NA	NA	NA	NA	NA	NA	NA	NA	NA	NA	NA	NA	NA	NA	NA	NA	NA	NA	NA	NA	NA	NA	NA	NA	NA	NA	NA	NA	NA	NA
NA	NA	NA	NA	NA	NA	NA	NA	NA	NA	NA	NA	NA	NA	NA	NA	NA	NA	NA	NA	NA	NA	NA	NA	NA	NA	NA	NA	NA	NA	NA	NA	NA	NA	NA	NA	NA	NA	NA	NA
1.37193884427903	NA	0.59887098409549	NA	0.502826242053103	0.823327674119167	0.352466507352122	NA	1.04266267114974	NA	1.25949394664979	NA	NA	0.63387594055581	NA	0.641632629688719	0.166067185659326	NA	1.20748068910689	NA	0.756056665642551	0.622210799479319	0.639374726021574	0.68632270730559	NA	NA	NA	NA	1.53213792670804	NA	1.86221405427323	NA	0.616431591432186	0.586283148683687	0.539579190718133	0.43715202191274	1.88342914641174	0.302808421354897	1.90159635446635	2.10198413499455
NA	NA	NA	NA	NA	NA	NA	NA	NA	NA	NA	NA	NA	NA	NA	NA	NA	NA	NA	NA	NA	NA	NA	NA	NA	NA	NA	NA	NA	NA	NA	NA	NA	NA	NA	NA	NA	NA	NA	NA
NA	NA	0.810914195285966	1.34722967492714	0.37141704014555	NA	NA	NA	NA	NA	0.467505260690036	0.340060820181033	NA	NA	NA	0.732234861924631	NA	NA	NA	0.397709803029893	0.93847209482026	0.761517256687397	NA	NA	0.967791717140058	NA	NA	1.04877985205686	1.05388467541185	1.87117971518383	NA	NA	NA	1.24285481999276	0.727978426768648	1.98572043087292	NA	1.48209558161299	NA	1.19980027260301
NA	NA	NA	NA	NA	NA	NA	NA	NA	NA	NA	NA	NA	NA	NA	NA	NA	NA	NA	NA	NA	NA	NA	NA	NA	NA	NA	NA	NA	NA	NA	NA	NA	NA	NA	NA	NA	NA	NA	NA
NA	NA	NA	NA	NA	NA	NA	NA	NA	NA	NA	NA	NA	NA	NA	NA	NA	NA	NA	NA	NA	NA	NA	NA	NA	NA	NA	NA	NA	NA	NA	NA	NA	NA	NA	NA	NA	NA	NA	NA
NA	NA	NA	0.34530993749788	1.30481520859672	NA	0.983254172162806	0.905692163983457	0.757121535697214	NA	0.450321023692477	0.521688050848354	0.391394188557187	0.530829113467684	0.123468613592235	NA	0.545946631763918	NA	0.600494725703382	NA	NA	NA	1.02075024130528	NA	1.09787676972691	NA	NA	1.47949140153299	NA	NA	NA	NA	1.322869623195	NA	NA	NA	NA	1.36170092709197	1.37646450534249	1.12447656741768
NA	NA	NA	NA	NA	NA	NA	NA	NA	NA	NA	NA	NA	NA	NA	NA	NA	NA	NA	NA	NA	NA	NA	NA	NA	NA	NA	NA	NA	NA	NA	NA	NA	NA	NA	NA	NA	NA	NA	NA
NA	NA	NA	NA	NA	NA	NA	NA	NA	NA	NA	NA	NA	NA	NA	NA	NA	NA	NA	NA	NA	NA	NA	NA	NA	NA	NA	NA	NA	NA	NA	NA	NA	NA	NA	NA	NA	NA	NA	NA
NA	NA	NA	NA	NA	NA	NA	NA	NA	NA	NA	NA	NA	NA	NA	NA	NA	NA	NA	NA	NA	NA	NA	NA	NA	NA	NA	NA	NA	NA	NA	NA	NA	NA	NA	NA	NA	NA	NA	NA
NA	NA	NA	NA	NA	NA	NA	NA	NA	NA	NA	NA	NA	NA	NA	NA	NA	NA	NA	NA	NA	NA	NA	NA	NA	NA	NA	NA	NA	NA	NA	NA	NA	NA	NA	NA	NA	NA	NA	NA
NA	NA	NA	NA	NA	NA	0.328212143940728	0.376963781511845	0.771024206958532	NA	0.430318910312485	NA	NA	0.107344621467971	NA	NA	0.557036369871831	NA	NA	0.638887863484202	0.490704028884465	NA	NA	NA	NA	NA	NA	1.46321393687443	1.23616931247963	NA	NA	NA	1.58690186072109	1.5722976113819	NA	NA	1.13826563023116	1.28606629309071	1.54092411050832	NA
NA	0.879252065717406	NA	NA	0.838601437047961	NA	0.514367371730954	0.28556467793385	0.70851536968959	NA	NA	NA	NA	1.05627650660012	NA	NA	0.182960202352445	NA	0.33454296264791	0.459214978921595	NA	NA	NA	NA	1.27717640939044	NA	NA	NA	0.829438884268634	NA	NA	0.411137255198007	NA	NA	0.495480040964572	NA	0.885798362989866	NA	0.753676732801268	NA
0.854036370434661	1.02867573592258	NA	NA	NA	0.311811779480432	0.527003700545621	NA	NA	NA	0.40046287350761	NA	NA	0.488990717058012	0.434694549126536	NA	0.213883918446623	NA	0.563826402422372	0.55340858592255	NA	1.23234910493141	0.265211875627944	1.20212288770625	2.20845140700618	NA	1.457859732261	NA	1.79110045043619	NA	1.8693567068329	2.02597688472117	2.59482101399042	2.02957294414105	1.83137801037272	1.72235680252062	1.31511212221553	NA	2.0022312549132	2.41174730501742
NA	1.72112283292765	0.774087905724555	NA	0.389815940776822	1.07932642989617	0.189952381334987	0.300254537214394	0.524831406753126	0.732293755388321	0.411395494658072	0.387108530663615	NA	0.665953039459808	0.57014800327165	0.493982880924108	0.415493702593848	NA	NA	0.317105739815766	0.478871019742581	0.488453184537282	NA	1.32306862563499	0.684189795124395	0.725161004032174	1.04956224012137	1.73214596688319	1.82002885928778	1.57984692367692	NA	0.782801523590586	NA	1.05914438259923	NA	NA	0.462517297369658	0.646954404848573	0.69351904733476	0.600775565369029
0.573972249844535	NA	0.698578827532202	NA	NA	0.978235560312709	1.20660337108778	NA	NA	NA	NA	0.372207447835604	NA	NA	NA	NA	0.448529458071722	NA	NA	NA	NA	0.901316817833673	NA	0.92071348749429	NA	NA	NA	NA	NA	NA	0.842613668557617	1.76412481899644	1.66450024564283	1.19387159161792	1.06829471760958	1.1236905723512	NA	NA	NA	NA
NA	1.40027600214986	0.895699141480814	1.44661975531879	NA	NA	NA	0.762280434163053	NA	NA	0.228281372220164	NA	1.28425724194855	NA	1.14035349377535	NA	0.270624537040206	NA	NA	NA	0.396968021786918	0.869427252302455	NA	0.713170386364816	0.897296620169621	NA	0.560435862708077	NA	1.26128910705346	1.45926717862782	NA	NA	NA	1.09506593942947	NA	NA	NA	NA	0.897520127263161	NA
NA	NA	NA	NA	NA	NA	NA	NA	NA	NA	NA	NA	NA	NA	NA	NA	NA	NA	NA	NA	NA	NA	NA	NA	NA	NA	NA	NA	NA	NA	NA	NA	NA	NA	NA	NA	NA	NA	NA	NA
NA	NA	NA	NA	NA	NA	NA	NA	NA	NA	NA	NA	NA	NA	NA	NA	NA	NA	NA	NA	NA	NA	NA	NA	NA	NA	NA	NA	NA	NA	NA	NA	NA	NA	NA	NA	NA	NA	NA	NA
NA	NA	0.822312789619386	NA	0.274828479939552	0.21115460844707	0.225705994315884	0.220981485198541	0.301506692845394	1.5300290764588	0.578578618335979	0.47530468891445	0.309009989765197	0.301019963047274	NA	NA	1.56607582248213	NA	NA	0.625766842281137	0.546494112763426	NA	0.325001712645738	0.287012664518808	1.32492210291456	0.0692536519269714	0.124778855709805	0.385433904306074	NA	1.05463053508091	NA	NA	NA	0.253473157902456	1.37777029794671	NA	0.899573509509378	NA	1.06867477571981	NA
0.835026185053156	1.44276024051023	NA	NA	NA	1.60229455424549	0.439808251863136	0.369194183722987	1.27954308835121	NA	NA	NA	NA	NA	1.68040045147503	NA	0.234085892957893	NA	1.37310054379574	0.693249991664248	0.172768308677252	NA	NA	NA	1.517884432684	0.590458685624707	NA	NA	NA	NA	NA	NA	NA	1.33319040335123	NA	1.54925523755106	1.59781650861643	NA	NA	NA
NA	NA	NA	NA	NA	NA	NA	NA	NA	NA	NA	NA	NA	NA	NA	NA	NA	NA	NA	NA	NA	NA	NA	NA	NA	NA	NA	NA	NA	NA	NA	NA	NA	NA	NA	NA	NA	NA	NA	NA
1.66940251434661	1.96934263688255	NA	NA	1.58533251747265	NA	NA	0.80417203520163	1.14690431237402	NA	NA	NA	NA	1.1872301966115	1.16221364293561	NA	1.43628937277991	NA	0.787233335756114	0.928303444375263	0.895333882305587	NA	NA	0.769744325381732	1.12415590727175	NA	NA	1.65865783884575	1.32213408460571	NA	NA	2.11240495983343	2.05148094045655	NA	NA	NA	NA	2.10526184723037	2.08856615532917	NA
0.917153470833809	0.74210908190725	0.721073218279048	NA	0.949051127998319	1.01720359670071	1.16100197285623	0.616688608887182	0.64523197701288	1.06340098300807	1.19067316515169	1.62885404271377	NA	0.363995420411951	0.635366672759989	0.861920929738711	0.0708384955483215	NA	1.47549762565357	1.05752747872695	0.439437501127193	NA	NA	0.695786307201138	NA	0.332978167982378	0.424579788955456	0.890441527312545	0.500964694722909	0.865416724440466	0.757815498373003	1.10663688009077	1.15088873833288	0.517524272659404	NA	1.06288499706004	0.426041477520141	0.60037208010048	0.45669859605797	0.257810328391708
NA	NA	NA	0.803275511665251	NA	NA	NA	NA	NA	NA	NA	NA	NA	NA	NA	NA	NA	NA	NA	NA	0.857991673408655	NA	NA	NA	NA	NA	1.04395610630478	NA	NA	0.848398911766134	NA	0.867031485028597	0.902959479794171	1.0545818199824	0.807790530291844	NA	2.0035023375887	NA	1.29760897048337	NA
1.13502745465906	0.998476964145377	1.1763117149014	1.00278796889744	0.664753416836784	NA	0.346561629042375	0.541584839876093	0.497321268592597	0.785072415365921	1.29483451133696	0.811990355084688	1.27613966481327	1.1865470434961	0.817428057645683	1.51575552216805	0.919716796456394	NA	0.545005682098084	0.528075133980954	0.557601899604766	1.18705616523589	0.962527996845584	1.10317358335513	0.525579673810182	1.19260053591764	1.06173148686242	0.961888219391471	1.42682529939127	0.844217291112372	1.4704512952016	1.47622660603684	NA	1.88775958884557	1.0435953781036	1.83771755060973	1.63670963054241	NA	NA	NA
0.465671784213812	NA	0.52439765627911	1.71966055421262	NA	0.814834552317781	1.17051736150236	1.178115333317	NA	NA	NA	NA	NA	0.329904055713759	0.556005730024177	NA	NA	NA	NA	NA	NA	NA	NA	NA	0.511175548167167	0.915148713399796	NA	NA	NA	0.777309715120613	NA	NA	NA	0.555649433691281	0.435601166853428	NA	0.811197383958303	1.82130112469446	0.390865085339052	NA
NA	NA	NA	NA	NA	NA	NA	NA	NA	NA	NA	NA	NA	NA	NA	NA	NA	NA	NA	NA	NA	NA	NA	NA	NA	NA	NA	NA	NA	NA	NA	NA	NA	NA	NA	NA	NA	NA	NA	NA
NA	NA	NA	NA	NA	NA	NA	NA	NA	NA	NA	NA	NA	NA	NA	NA	NA	NA	NA	NA	NA	NA	NA	NA	NA	NA	NA	NA	NA	NA	NA	NA	NA	NA	NA	NA	NA	NA	NA	NA
0.509516627796003	NA	0.415904231255439	NA	NA	0.299662694269093	0.531641537308446	NA	0.751000514817837	NA	NA	0.997796242481207	0.94766133261714	NA	NA	0.856064307581835	NA	NA	0.684741523066797	NA	NA	NA	0.274846103219965	0.26368360276082	0.24739163671123	NA	0.251089746716847	NA	1.03475491147379	0.677643890041619	NA	0.349747356667409	NA	NA	1.08502837494668	1.40990951882168	1.38756797559808	NA	1.32963461606298	1.57698902936536
NA	1.26244939715597	1.36859086241147	NA	NA	NA	1.00496161807708	0.956927372400354	NA	1.03073465556553	0.705683461419345	0.722593041609527	NA	NA	NA	NA	NA	NA	NA	0.814466610045519	NA	1.07048905752683	0.681732379379266	NA	NA	NA	0.67930437466828	1.05403362227489	NA	NA	NA	NA	1.09677088235128	1.38380822544903	0.794498797479596	0.696633341112825	0.707746617497727	0.657170065881903	0.805314464621856	0.811408342581432
1.3413907677476	1.30301174455651	1.43623311356522	1.53112412746854	1.66009203868595	0.392188547676136	0.602843300925693	0.680211470358262	0.647212647587063	NA	NA	NA	NA	NA	NA	0.730743286679062	NA	NA	NA	0.9148599341821	1.22209712905544	NA	NA	NA	1.78369625130724	NA	NA	1.56973839772605	1.58491538410361	1.46704252478576	NA	1.92376435058034	1.46485672865552	NA	NA	1.34155523671996	1.58150626153016	1.49676001197064	1.31696212959078	NA
NA	0.33748438447505	0.298152503981852	NA	0.574180725143546	NA	1.20102668223979	0.616116106581643	0.0881856278112082	2.22277416350731	0.736680650691026	0.814024580191767	0.769784454711106	NA	0.926668996804739	0.388612497213554	1.54260738724941	NA	NA	2.74006411762974	0.410073981133129	0.386727550015448	0.492571552993223	0.502190855079095	NA	0.668391668046007	0.875704347820763	0.736242482781334	NA	NA	1.55140311150636	NA	NA	NA	NA	NA	NA	0.403267233685949	NA	1.46214264752642
NA	NA	2.35661141877239	NA	NA	0.927702085563702	NA	NA	0.591677830324788	NA	1.24055823643692	0.699895681825434	0.355403809619432	0.550350781233844	1.12671975701262	0.576925608536978	0.180195169823942	NA	1.33801175083268	NA	1.17969281367567	0.974974314737435	1.2454653563824	0.980162321225092	0.753648018835464	NA	NA	0.440299992932431	NA	0.685027250231419	NA	0.541167793578987	1.20535948584989	NA	0.985438620770674	0.68469067257976	NA	NA	0.784051074776252	1.00643849683617
NA	NA	NA	NA	NA	NA	NA	NA	NA	NA	NA	NA	NA	NA	NA	NA	NA	NA	NA	NA	NA	NA	NA	NA	NA	NA	NA	NA	NA	NA	NA	NA	NA	NA	NA	NA	NA	NA	NA	NA
0.295268215588113	NA	0.330063303241419	0.69301332725611	0.203128726444472	0.371120525288327	1.47280118024502	NA	1.20234383710664	NA	0.420073523037904	NA	NA	0.15654978964001	NA	0.473798584466429	0.131067576919003	NA	NA	NA	1.74173349285098	0.604606379977139	NA	1.34244737748087	1.30680292869044	NA	NA	1.0128581700862	NA	NA	NA	2.44336787362542	0.950828649742662	1.17178328448158	1.03624606410254	NA	NA	NA	1.35514246623751	NA
0.926319228048055	NA	0.621314114683067	0.657723384615639	0.561294373717472	0.942028277825149	0.586939697456233	0.723126422186214	0.6260647198412	0.67303439367767	NA	NA	0.558113883366003	0.63894238379075	NA	1.05926546254452	0.238749021155753	NA	0.427410171638928	NA	0.735968702251582	0.957951664949674	0.48753016842665	1.00029876345479	1.02253146554283	0.78556713016562	0.499160446632864	0.90616703120683	0.849112486277478	0.795907844671007	0.478654156380523	NA	0.444850467336949	NA	0.599343799045309	NA	0.504687155950194	0.628347305902696	0.57646352323676	NA
0.922224903265365	NA	0.586470200705415	0.531349555716897	0.364120666100225	0.617789237803176	NA	NA	0.588066026725752	NA	0.577421196041419	0.457151899116274	NA	0.615584362039684	0.618156421504959	0.634484724658655	0.552690262039737	NA	1.43536576514068	1.15782599670977	0.746631666301915	NA	NA	1.532764729232	1.14319756899075	1.14616310540504	NA	NA	NA	1.81266055709874	1.19720474240331	0.481441191955283	1.04015563224025	NA	NA	1.15845300969918	1.26141530897819	1.24349290610663	1.11412657808263	0.853725920116887
1.01829970774662	NA	1.41614961142189	NA	0.898847760945311	0.856421584718402	0.857116523504412	1.1674374575705	0.982067022491865	NA	1.58086296369812	1.55352972323032	NA	1.14731917434108	1.30652971977236	1.23103456163677	1.10074971588767	NA	1.70599673373438	1.2142745333814	NA	1.72129571261975	1.43185420858357	1.55951662315363	1.4693182502407	1.54723993904634	NA	NA	1.51672626802582	NA	NA	1.60778727472835	1.74282085178799	NA	1.58411367778221	2.01412861920079	2.10963640135592	2.09902006932407	1.23501975342577	1.53992012802044
0.997194363378028	0.91070917154693	0.466774205313483	NA	1.41771097379919	0.371718086834132	NA	NA	NA	NA	1.32540480093676	NA	NA	NA	0.543754378788812	0.563107197047228	NA	NA	0.372273205604461	NA	NA	0.559335164124059	0.374382805246511	0.23735518286358	NA	NA	0.78109689079177	0.488759098168687	0.608625047643847	0.734192397059413	0.25820691814594	0.566557796596219	0.767476926541515	1.14324492987636	1.04646407113917	NA	0.959872906491621	1.77143942800952	1.47983022174521	NA
NA	NA	NA	NA	NA	NA	NA	NA	NA	NA	NA	NA	NA	NA	NA	NA	NA	NA	NA	NA	NA	NA	NA	NA	NA	NA	NA	NA	NA	NA	NA	NA	NA	NA	NA	NA	NA	NA	NA	NA
1.02010983149684	NA	0.860945147384117	0.593260118590487	0.761454101075441	0.567065056501568	0.181939069031076	0.962827122026019	NA	0.188665112096479	NA	NA	NA	0.586492117002619	0.437025724108413	0.538312538938412	0.363424304290796	NA	0.251005412258195	0.640371909016228	0.329225380983976	0.479233070589835	0.612954044011067	0.719148415165538	0.887389919426912	0.781904216587209	1.00293559585628	1.16967525324527	1.37885521512353	1.0808275823458	NA	0.752999443272752	NA	0.967886369245439	0.781686086625771	0.398504824393392	NA	0.690677144825685	0.371189863528472	0.475328826415825
0.688590837185146	0.610812185876564	2.17869418337737	0.9697185612421	NA	NA	2.2368157741425	NA	NA	2.2868505937753	1.41050577263169	NA	1.66486583644491	0.322560731895692	1.76266505983429	NA	1.69914009349306	NA	1.84696480152588	2.18738557149115	NA	1.67421545882108	1.60837183229393	1.40754436005693	1.9905908605877	2.21277578180794	NA	NA	2.07709930583434	1.1471379753555	1.38515336174877	0.771457136306362	NA	1.26022963588596	0.975162781146546	NA	1.35328518918379	1.4563297664699	1.33749318573897	0.752636634700702
1.15746576897723	0.533286164118493	1.18298484800656	NA	0.799786540098583	NA	1.17150460836642	NA	0.203086787032228	1.10213684998494	NA	1.06558143274029	0.61865942728599	0.441253058654016	0.323539647877638	0.395350318576922	0.16211287068769	NA	0.379757472134725	0.740607119142859	1.42962048597411	1.12522991695541	0.94147252000859	0.991651954188179	1.50341842997429	0.928667640912133	0.982813911787793	0.660086912174446	0.420952440087971	0.551088967190427	0.51022157873489	0.375233400570709	0.450960890727891	0.574101197806685	0.316814056045312	0.502266062208458	0.377123430859806	0.949979911318206	0.831386001753729	0.874178151714589
NA	0.724847701098575	0.258815331960202	0.378071224986562	0.921182074078553	0.373318689915509	NA	0.702222506491997	0.586866087104031	0.760230109410215	NA	0.623640772014009	0.24642601884964	0.445799273186017	0.652925405849122	NA	0.330731813348632	NA	0.0768923477010936	NA	0.501787882876424	0.836999471379781	0.930031468540468	0.855695762445595	0.970272973026713	0.750146756789542	NA	NA	1.27046650160203	1.51071982078364	NA	1.72192487341117	1.22885301115868	1.49441995237381	NA	1.47394252993251	1.0467416111723	NA	1.34567166527434	1.38382392082335
NA	NA	NA	NA	NA	NA	NA	NA	NA	NA	NA	NA	NA	NA	NA	NA	NA	NA	NA	NA	NA	NA	NA	NA	NA	NA	NA	NA	NA	NA	NA	NA	NA	NA	NA	NA	NA	NA	NA	NA
2.83754674880565	NA	1.47638957241777	NA	1.50222162362537	1.73729256794883	NA	0.509181339351322	NA	1.6536261898788	NA	2.17943692884152	NA	1.63903643966413	NA	NA	2.09113979571044	NA	NA	NA	NA	0.84600996087631	NA	0.445717714563148	1.35326457449375	NA	1.28952298536588	1.64988352032418	1.35891507179604	2.32028056117481	NA	NA	2.55277412160764	1.20834683950703	0.792205253337835	1.67615307917646	1.42985557655652	1.25173045234752	1.81209883897027	NA
1.08415806688837	NA	1.53082275852733	1.30422107629662	NA	0.789117271385071	1.36409791039792	NA	1.1843893178854	0.733254605776917	NA	0.391025339155605	0.246784680820649	0.769916709307494	0.470074287867111	0.382024509574067	0.26997979339369	NA	0.793438996985238	0.766934591616609	0.822840657678651	NA	NA	0.989345408329815	1.05782314527909	NA	NA	NA	NA	NA	NA	NA	NA	NA	NA	NA	NA	NA	NA	NA
NA	0.811834072385649	NA	0.713703636158282	0.938350602775673	0.638611527987292	1.27241641316105	0.504147241293363	0.675072782331651	NA	1.13535121566908	1.11516673013341	NA	0.385059678447006	0.655537533297715	0.38732001214742	NA	NA	NA	NA	0.683215201912172	1.01359218631056	0.679602996782787	NA	1.06275958083968	1.11271078433869	NA	NA	NA	1.5065840580599	NA	NA	NA	NA	NA	NA	NA	NA	NA	NA
NA	0.767348382313952	1.72641044879875	1.31665055148268	1.5262981632482	0.892885800917962	1.28271186480351	NA	NA	NA	1.18045259406591	0.412515015285005	0.962558315234631	NA	0.944154499526464	0.435699665318431	0.471492150638675	NA	NA	0.279529682545825	0.539132760115702	NA	1.10159956915221	1.10112030681692	NA	NA	NA	NA	NA	1.86501483847828	NA	NA	NA	1.61598209970952	NA	1.33289308540561	NA	1.45509601362902	1.75398046961346	NA
1.24701103403187	1.55873689546298	0.538735872508808	NA	1.63296614735642	1.54335374161549	NA	1.57170560763323	0.666127981794453	1.11887882430968	NA	NA	2.09400015108539	0.988433040814286	1.1959464069076	1.72835399881156	1.98304692034919	NA	1.05334460112599	0.745158743500962	0.749644169936341	NA	0.967973236440748	0.990308683860881	1.37244133642105	1.18964258924645	1.43998022470582	1.18820285203145	1.2144421452628	1.01164656522822	1.50879251973566	1.19911133254765	1.24212433829075	1.2215745262688	1.89413035437174	1.60311480836325	1.05850621974045	1.92371888630054	1.06387778927994	1.44914977428325
NA	NA	NA	0.503943650354568	0.548166003877525	0.282288021345097	0.56740663539494	0.164373813575413	0.591180189074914	0.622178939307157	NA	0.85550036371805	NA	NA	NA	0.940128118817791	0.187012048496547	NA	1.25321225687825	0.341663880485197	1.44828078673734	0.411520577938715	0.561437987256658	NA	NA	NA	1.18196156442767	NA	NA	NA	NA	NA	1.37636639663623	NA	NA	NA	NA	NA	NA	NA
NA	1.58502742031542	1.18544579415876	1.26800445299054	0.448352875408806	1.00240422058773	0.435887606443108	0.278062702398017	0.747215972609628	0.559253532174587	NA	NA	0.322263287782182	0.296413928469914	NA	0.500290304732691	0.466369222617328	NA	1.08586371442522	NA	0.736444342836385	NA	0.783651658807249	0.582354627804286	1.21704295589013	0.899206328053469	0.831746574102983	0.898723294415898	NA	0.726523097163695	NA	NA	1.01378902199819	0.770301488714532	NA	NA	NA	0.999952352590694	1.11653514452604	NA
NA	NA	NA	NA	NA	NA	NA	NA	NA	NA	NA	NA	NA	NA	NA	NA	NA	NA	NA	NA	NA	NA	NA	NA	NA	NA	NA	NA	NA	NA	NA	NA	NA	NA	NA	NA	NA	NA	NA	NA
NA	1.22735344786316	1.91078921548176	NA	NA	NA	NA	0.294237371489263	0.271363535039798	1.8244466254319	NA	1.14079161866571	NA	0.341379734076205	0.516805424959955	0.430896869475795	0.419432123675155	NA	0.561098196315573	1.30381859141604	NA	0.770901860880602	1.72207846298622	0.332227550852461	0.346989740505764	1.93585233616407	1.60434540203796	0.928123465702535	NA	NA	NA	1.34525743874258	1.25213555521252	0.725767097620999	1.14323629881345	0.973387905747049	NA	1.30773593183697	1.0571968304806	0.985636706321669
1.02001169572159	1.40694783822963	1.64773663882439	0.972706105856602	0.87331107741975	1.57659177289688	1.57704136246397	1.27734338837483	1.31597400633451	0.6942221212564	0.828769724610023	2.07712432320425	0.47213671451134	1.38204403439186	2.20499630799861	1.21452613159483	NA	NA	2.52576972924285	2.20988003630228	1.79244557317258	1.29192982939283	0.434525246262987	1.02433476114558	3.03634048763994	2.19611253475641	1.07300091556854	2.48328248509801	0.677326786685055	1.4174810459046	NA	1.59181767699017	2.28977622102385	1.92717668034987	1.52570970775824	NA	1.18079698081303	1.87607281114777	1.22718773492092	NA
NA	NA	NA	NA	NA	NA	NA	NA	1.64092649005018	1.40190303096801	1.29984030981721	1.4668030249893	0.732745715495521	1.42700486606832	1.45242908544317	NA	NA	NA	NA	0.846425021319807	0.740359055965807	0.852396520241928	1.23625802409465	1.89409447261327	1.37819891075352	NA	1.16663874284952	NA	1.25795491465949	1.6194638156945	1.30947165210283	1.46715697902909	1.723319950204	NA	1.73763456444043	1.75144659478209	1.48667171242551	0.740548621987935	1.39491305229661	NA
0.879415487049607	0.822114825636344	0.41099676104489	0.682278186569849	NA	1.75978854607663	NA	0.441804329418675	1.5546394103219	NA	0.7706391013501	0.759979875699716	NA	0.525494765564664	0.357369463846689	0.570736683737478	0.489921968542551	NA	NA	0.25462187910713	0.484627539945027	NA	NA	0.457673253124345	0.653764049097772	0.587158104029533	0.805433156570265	0.680864185151619	0.813439625697969	0.290541937406407	NA	0.370634358628471	1.03168204855032	0.492462237443993	1.48177737336332	0.938259622639855	NA	1.61618383224843	1.01827511395025	0.769164166287224
NA	NA	0.568564928210184	NA	NA	0.358191136300173	0.495780797662791	NA	NA	NA	NA	0.302484789185959	0.440754257593274	0.304209599152077	0.290801592443686	NA	0.494192846557291	NA	0.401950934349311	0.329420126075799	NA	NA	0.337844492875092	0.618494359803043	NA	1.24648233451381	0.979437898264124	0.787608342854162	0.470747073763205	NA	NA	NA	0.868702219194195	1.07908438998192	1.19457506854679	NA	0.40149303905431	NA	0.792842384678244	0.654800764517626
NA	1.27026085653932	0.635110014615203	NA	0.496877012216383	0.545737380305148	NA	1.11790862576911	NA	NA	0.843717824015747	0.286955459016405	0.71447793829379	NA	1.03851296786365	0.392151388364373	NA	NA	NA	NA	1.05004698977081	1.34521292621134	0.814966292555678	0.144178453274172	0.245416466008564	NA	NA	0.773479707405109	NA	NA	1.00043438437754	1.73024159158227	0.691304764223768	NA	NA	1.37395375145043	NA	1.30406376834039	1.17968487571164	1.36178051594965
NA	NA	NA	NA	NA	NA	NA	NA	NA	NA	NA	NA	NA	NA	NA	NA	NA	NA	NA	NA	NA	NA	NA	NA	NA	NA	NA	NA	NA	NA	NA	NA	NA	NA	NA	NA	NA	NA	NA	NA
NA	NA	1.34964990530359	NA	1.16676984215843	0.400870148361019	0.522929996256611	0.264927061468951	0.256082347245793	NA	NA	0.624256684446107	1.68148796819692	NA	1.6430197806546	1.66519110252247	0.088534909515112	NA	0.969538291704874	1.43700765044592	0.528902559576254	0.736209919423602	1.08856455111362	1.1670184515785	0.891784456817939	1.11900503227947	1.52945637897526	NA	1.66564532226822	1.51848439132677	0.474516861671464	1.40018436085511	1.4312230155368	0.622770940438646	1.33406108757265	1.06324431106441	1.09869178525628	1.56427122011121	0.837271997953225	0.605678879655323
NA	NA	NA	NA	NA	NA	NA	NA	NA	NA	NA	NA	NA	NA	NA	NA	NA	NA	NA	NA	NA	NA	NA	NA	NA	NA	NA	NA	NA	NA	NA	NA	NA	NA	NA	NA	NA	NA	NA	NA
NA	NA	NA	NA	NA	NA	NA	NA	NA	NA	NA	NA	NA	NA	NA	NA	NA	NA	NA	NA	NA	NA	NA	NA	NA	NA	NA	NA	NA	NA	NA	NA	NA	NA	NA	NA	NA	NA	NA	NA
NA	NA	NA	NA	NA	NA	0.270994176091114	NA	NA	0.839267383754485	0.707098083726788	NA	NA	NA	0.594987359181344	0.657033436217588	NA	NA	0.326327416650692	0.655030118521175	0.496864118652835	NA	NA	0.496444410923063	NA	NA	NA	NA	1.23227680174865	1.71672458100987	NA	1.13421173499466	NA	NA	NA	1.09269590700214	1.15314849760535	NA	NA	NA
NA	NA	NA	NA	NA	NA	NA	NA	NA	NA	NA	NA	NA	NA	NA	NA	NA	NA	NA	NA	NA	NA	NA	NA	NA	NA	NA	NA	NA	NA	NA	NA	NA	NA	NA	NA	NA	NA	NA	NA
NA	NA	NA	NA	NA	NA	NA	NA	NA	NA	NA	NA	NA	NA	NA	NA	NA	NA	NA	NA	NA	NA	NA	NA	NA	NA	NA	NA	NA	NA	NA	NA	NA	NA	NA	NA	NA	NA	NA	NA
NA	1.57965629854972	1.72037260301233	NA	0.477269489639087	1.29031294159503	1.69603026775253	1.72944438063933	0.655876878684249	0.750736547430424	NA	1.62088635614025	NA	0.245143601779798	NA	NA	NA	NA	1.7614732298355	NA	NA	NA	NA	0.749940449377869	0.556654516727083	NA	NA	NA	NA	0.456584935321581	NA	1.06218025057211	0.791995097129626	0.545123275459843	0.719807830302995	0.742384938186575	0.504028350558578	0.308887796033431	0.611680894998809	NA
1.07933071022946	NA	NA	0.43904672080374	NA	0.379379818816451	NA	0.696347588238025	NA	1.89763190572873	NA	NA	NA	NA	NA	NA	0.554521020317578	NA	NA	1.01017415008597	1.17130920329905	1.11910544625749	NA	0.386238830851239	0.613586014338481	0.681878020141457	0.445072313557045	NA	NA	NA	NA	NA	0.812041426527172	NA	0.719039122485903	0.519704595584938	NA	NA	0.599934286803866	NA
NA	NA	NA	NA	NA	NA	NA	NA	NA	NA	NA	NA	NA	NA	NA	NA	NA	NA	NA	NA	NA	NA	NA	NA	NA	NA	NA	NA	NA	NA	NA	NA	NA	NA	NA	NA	NA	NA	NA	NA
1.7653018006271	NA	1.68157479771551	NA	NA	NA	NA	1.82418573730607	0.598486434631573	0.963195801526351	0.899185748298353	NA	NA	NA	0.479850558846259	0.396317227971679	0.473143752728448	NA	NA	0.6706935073713	1.18596819502001	1.1454513057092	1.1048509748124	1.26266060366479	1.10252718138658	1.34354727739074	NA	NA	0.847049086328057	NA	NA	0.984170101665085	1.18950504729556	NA	1.67960339013986	NA	NA	1.344452653072	1.65256157513581	1.40908391584271
NA	NA	0.496386642224777	0.467446520953105	0.305998026989987	0.180832494857306	0.211439584607031	0.440028122451028	0.609734735852125	0.896674300230523	0.652114698090634	1.05911790239293	0.950064786219991	0.832280014788614	0.627820322881917	0.475004227606195	0.747769516550207	NA	1.78102095556016	0.706646327637645	0.347918868172803	0.375362227686254	0.349479239519281	0.54040583643173	0.539494715844773	0.32137643569369	0.569187506402058	0.808201888012131	NA	0.438130704404954	0.624633177969678	0.594953449274458	0.820546461596774	0.918564379345195	NA	1.06809370237463	NA	0.290560872801352	0.540430357221952	0.410130609891642
0.473979606791118	0.509713346238068	NA	0.969312957366536	1.64422748460999	2.18220280676066	0.74271395909181	0.532201101575476	0.583092237989437	1.00397044197375	NA	NA	0.671154710715504	0.995055706772514	0.639524959031505	NA	NA	NA	0.805710651709754	0.263263975205421	0.409198332183646	0.493839241552395	0.683067525795151	0.518985679933588	0.315524353420305	NA	1.27562502081297	1.45264789150883	NA	NA	NA	NA	NA	NA	NA	NA	NA	NA	NA	NA
NA	NA	1.01459955206174	NA	NA	NA	0.107210288405312	1.43594671565952	0.508479980260874	0.410161679651991	NA	0.880533064338821	0.145589416631342	NA	0.398309796533827	0.426805331531023	NA	NA	NA	1.29137916736288	0.815167212662086	0.612444532563189	0.924242135274298	1.03493095790918	1.10684869221071	1.1059679000701	NA	1.02874148829036	NA	0.939958883897462	NA	1.30972418370097	0.622452445448726	1.16161504417819	0.733987171105136	0.962743936324384	0.832317851050209	1.04867806671025	NA	NA
NA	NA	NA	NA	NA	NA	NA	NA	NA	NA	NA	NA	NA	NA	NA	NA	NA	NA	NA	NA	NA	NA	NA	NA	NA	NA	NA	NA	NA	NA	NA	NA	NA	NA	NA	NA	NA	NA	NA	NA
NA	NA	NA	NA	NA	NA	NA	NA	NA	NA	NA	NA	NA	NA	NA	NA	NA	NA	NA	NA	NA	NA	NA	NA	NA	NA	NA	NA	NA	NA	NA	NA	NA	NA	NA	NA	NA	NA	NA	NA
NA	NA	NA	NA	NA	NA	NA	NA	NA	NA	NA	NA	NA	NA	NA	NA	NA	NA	NA	NA	NA	NA	NA	NA	NA	NA	NA	NA	NA	NA	NA	NA	NA	NA	NA	NA	NA	NA	NA	NA
NA	NA	NA	NA	NA	NA	NA	NA	NA	NA	NA	NA	NA	NA	NA	NA	NA	NA	NA	NA	NA	NA	NA	NA	NA	NA	NA	NA	NA	NA	NA	NA	NA	NA	NA	NA	NA	NA	NA	NA
NA	0.920638492834566	NA	NA	NA	NA	NA	0.671693504214312	NA	NA	NA	0.563100033800886	NA	0.560375241785919	NA	NA	NA	NA	1.76970153719984	0.704673101215759	0.427952360361813	0.453296065272008	NA	NA	NA	0.217060296722696	NA	0.555159869673939	NA	0.732440761102179	NA	0.8101025257262	0.478207171836239	0.752023469772842	NA	NA	NA	NA	NA	NA
NA	NA	NA	NA	NA	NA	NA	NA	NA	NA	NA	NA	NA	NA	NA	NA	NA	NA	NA	NA	NA	NA	NA	NA	NA	NA	NA	NA	NA	NA	NA	NA	NA	NA	NA	NA	NA	NA	NA	NA
NA	NA	NA	NA	NA	0.921202987945957	0.929645989516065	NA	NA	NA	NA	0.263502963561414	0.260004795570664	0.228528868833348	0.145828006234345	NA	0.25349164855142	NA	0.538699098991514	0.438598130356981	0.484220126896521	1.00245146976202	1.14684851037009	1.08285373486484	1.34727923771432	1.16907131210528	1.62997023602417	1.60928297914611	NA	1.5619120400626	NA	1.53710776048245	1.66092923964995	NA	2.03732825549286	NA	2.08259227972345	2.05633960693474	1.57924175394459	1.30991958111398
0.685093948638686	NA	NA	NA	1.03538051901824	1.2084159946486	NA	NA	NA	NA	NA	NA	0.867452548497806	0.384348877383864	NA	NA	1.1290682721915	NA	NA	NA	1.24205403610468	1.48125345263639	0.766657648392572	1.38516625287149	1.00433143948939	NA	NA	1.0386687726428	0.578462185594153	0.968790659311184	NA	NA	1.29070391917942	0.854294910042415	1.13172656334749	1.23912431220806	1.87799776550747	1.44457773422796	1.42610866074021	1.51228427708498
NA	NA	NA	NA	NA	NA	NA	NA	NA	NA	NA	NA	NA	NA	NA	NA	NA	NA	NA	NA	NA	NA	NA	NA	NA	NA	NA	NA	NA	NA	NA	NA	NA	NA	NA	NA	NA	NA	NA	NA
NA	NA	NA	NA	NA	NA	NA	NA	NA	NA	NA	NA	NA	NA	NA	NA	NA	NA	NA	NA	NA	NA	NA	NA	NA	NA	NA	NA	NA	NA	NA	NA	NA	NA	NA	NA	NA	NA	NA	NA
0.876300392251429	1.58302696728367	1.03497114369814	1.07724314015174	0.970080532228805	0.383021689043479	0.151272619667666	NA	0.918032173321681	0.250310809995977	0.463114756311071	1.34597661406268	1.6958937674404	1.35853993632311	1.87924226424426	NA	0.163411811513733	NA	0.381881455323202	0.380711531971656	0.397487344046378	0.298437228183234	0.198646624216284	0.451764773040774	0.529724822936288	0.629792766900569	NA	0.626244368556505	1.36482801826903	0.320326567487088	0.467031836201212	0.322695720850261	1.20702958349202	0.738815917077858	0.343911965140566	0.623909520305989	0.376172645934224	0.277334961800779	NA	0.827598947257488
0.839369056080312	NA	NA	NA	1.10803357753587	0.313112927597878	0.213770068220458	0.208865185786987	0.585251426621516	1.10329236580021	NA	0.485389496052637	0.208504362185379	NA	0.802634489983528	0.840195582274123	0.632072669467676	NA	0.259601894359354	0.807622544675273	NA	NA	0.81783977601218	1.20673792195011	0.388697961484561	1.39709396687707	NA	1.81243958414424	0.433355970002259	NA	0.46473251071919	0.580814956317348	NA	0.378195055568546	0.407203764708771	0.508350418526592	0.0738307759761029	1.27807473978807	NA	1.62482240072316
NA	NA	0.625925571090698	NA	NA	1.04567534452762	1.43884914948055	NA	1.83453378859679	0.918915443074358	1.13300010602424	0.258997669594048	1.38614737331059	0.460991814227215	0.276599659392436	NA	0.464437520177376	NA	0.252218948015885	0.979260471826003	0.869731349001466	0.742376700159587	1.89683130626289	1.29370531982505	NA	NA	1.76435645808007	1.91560525856906	1.16210568274371	1.08972432382996	NA	1.27811024431856	1.06066704709431	NA	NA	NA	NA	NA	NA	NA
NA	NA	0.708954885366956	NA	0.619180315703351	NA	NA	0.232046145895873	0.309405027356093	NA	0.0557933603306743	0.387188716911185	0.702900657019154	0.205176218932708	NA	0.400034956105191	0.305979095362737	NA	NA	0.233856864415327	0.25907022477832	0.108775667273564	0.476653916125141	NA	NA	0.472374197498928	NA	NA	NA	NA	NA	NA	0.692960332342149	NA	0.53219433105438	0.652177205466393	0.377483355452669	0.497068124522709	0.48869052298045	0.615759537147075
NA	NA	NA	1.12744873149338	0.965006786654151	0.882946019335276	NA	NA	0.422035106440279	1.40180209533929	1.12969811797665	1.27226714545822	NA	0.783905988274336	0.455195667418133	0.437154774315141	0.312509955120804	NA	0.553386687291104	0.52820559611277	0.726711857018773	0.680342016314789	1.12418238303382	1.45017538305894	1.1979018763661	NA	NA	0.906676029773183	0.909535651348395	1.42683039904267	NA	0.846850743659192	2.0341844304213	1.48425251764469	1.48857071458738	1.3556088655498	1.7912906283667	1.48018846133115	1.53496528803507	NA
NA	1.0751286918692	0.997640196812593	0.414130029294191	0.308462510802955	1.00176399657479	0.742180629335169	NA	NA	0.815254791036574	0.510914225574889	0.578546976538054	0.190178169486103	NA	0.107680565405308	0.916799562140926	0.340659436995715	NA	1.34704831290375	NA	0.526381074154639	1.45677314382753	1.61520632792068	NA	NA	NA	NA	NA	NA	NA	NA	NA	NA	NA	NA	NA	NA	NA	NA	NA
NA	NA	NA	NA	NA	NA	NA	NA	NA	NA	NA	NA	NA	NA	NA	NA	NA	NA	NA	NA	NA	NA	NA	NA	NA	NA	NA	NA	NA	NA	NA	NA	NA	NA	NA	NA	NA	NA	NA	NA
NA	NA	1.15008818949946	0.841016140193232	2.21543472629447	0.847400573308162	0.612825241307014	0.950836505395036	0.756506323583923	NA	1.43524266385927	NA	0.87011601566844	0.785041318721559	0.869617217216453	NA	0.231346909117577	NA	NA	0.820334394653666	0.727525955058861	0.28811062724275	0.311620004187578	NA	1.2172941074478	1.28902498796277	NA	0.90773948536163	1.03171858416346	0.805136343994366	1.18164757445573	NA	0.412645553622438	NA	NA	NA	0.963953016713123	NA	0.921247163000793	0.963871673713035
0.648210745601978	0.567872708944608	1.12530216064947	NA	0.216921331635703	NA	0.939657628725787	NA	1.01144058991862	0.536131242097009	0.552274804506796	0.982264266825231	NA	NA	0.200012429297173	0.808985684412736	0.077507118065259	NA	NA	NA	NA	NA	NA	0.552800923257185	0.577735744000214	NA	NA	0.679869546935375	0.756930119265826	0.624209311326458	NA	NA	NA	NA	0.425369635802829	NA	0.619269872072071	NA	0.782267862248216	1.01498319526577
NA	1.50264246172061	1.87432727423236	1.67228033854003	NA	0.831771533847635	1.12677862114538	0.603731546940145	NA	0.967977246071645	NA	1.77305385789897	NA	NA	0.489822235125973	0.150166123392567	NA	NA	2.11661592760319	1.28812065992188	0.742561681195189	NA	1.05655704776261	1.03550422163041	1.2766710264571	NA	0.997440760260585	NA	1.12935099416283	1.53943241201424	NA	NA	NA	1.25650726015526	1.37518692261888	NA	1.12071645004316	1.88356775887456	1.52130930037507	NA
NA	NA	NA	NA	NA	NA	NA	NA	NA	NA	NA	NA	NA	NA	NA	NA	NA	NA	NA	NA	NA	NA	NA	NA	NA	NA	NA	NA	NA	NA	NA	NA	NA	NA	NA	NA	NA	NA	NA	NA
NA	NA	NA	NA	NA	NA	NA	NA	NA	NA	NA	NA	NA	NA	NA	NA	NA	NA	NA	NA	NA	NA	NA	NA	NA	NA	NA	NA	NA	NA	NA	NA	NA	NA	NA	NA	NA	NA	NA	NA
NA	NA	NA	NA	NA	NA	NA	0.379361418980528	NA	0.622820273964601	NA	NA	NA	NA	NA	0.224516555956628	0.0499970230978241	NA	NA	1.03970162048526	NA	1.4110258293671	1.78589246780446	NA	NA	NA	0.869802395056008	1.35327539705759	1.22795144720614	1.32231765720815	1.53485020445824	NA	1.57648044473939	NA	NA	NA	1.53351789457273	NA	0.914290569521961	NA
NA	NA	0.231112347251796	NA	0.541390534396144	0.623222957730313	0.76585315844484	NA	1.01036895265434	NA	0.937878745548166	0.567253152045145	NA	1.52932420175976	1.25641296617937	0.325419646802929	1.1709311002622	NA	0.137577831772272	0.733808839391397	1.4485543282657	0.758003060443021	1.21203624451988	NA	0.695436529234668	NA	1.75475512935048	1.32913724502146	NA	1.62198404233187	1.09374174092633	1.52073456490065	1.65102226657891	1.7792018893563	1.47873244129224	NA	1.3220921873095	1.94764616947702	1.62354376684445	1.11916075015788
NA	NA	NA	NA	NA	NA	NA	NA	NA	NA	NA	NA	NA	NA	NA	NA	NA	NA	NA	NA	NA	NA	NA	NA	NA	NA	NA	NA	NA	NA	NA	NA	NA	NA	NA	NA	NA	NA	NA	NA
NA	NA	NA	NA	NA	NA	NA	NA	NA	NA	NA	NA	NA	NA	NA	NA	NA	NA	NA	NA	NA	NA	NA	NA	NA	NA	NA	NA	NA	NA	NA	NA	NA	NA	NA	NA	NA	NA	NA	NA
NA	NA	NA	NA	NA	NA	NA	NA	NA	NA	NA	NA	NA	NA	NA	NA	NA	NA	NA	NA	NA	NA	NA	NA	NA	NA	NA	NA	NA	NA	NA	NA	NA	NA	NA	NA	NA	NA	NA	NA
NA	NA	0.838729557077446	NA	0.535295972769749	0.432960978575972	0.657101759817816	0.688475812975113	NA	NA	NA	NA	NA	0.431503868617391	0.51709067021097	0.224683506659746	0.22308389552967	NA	NA	0.76058640623537	1.14349669262757	1.06197127409435	1.15774206778927	1.75040922766173	NA	NA	NA	NA	1.38023040217645	NA	1.48069111216819	1.58577110701484	1.4975248565305	NA	1.80664730857667	1.79663724533813	1.57400702020166	NA	2.10936291928543	1.95723074737149
NA	NA	NA	NA	NA	NA	NA	NA	NA	NA	NA	NA	NA	NA	NA	NA	NA	NA	NA	NA	NA	NA	NA	NA	NA	NA	NA	NA	NA	NA	NA	NA	NA	NA	NA	NA	NA	NA	NA	NA
NA	1.03279690692732	0.754097112612282	NA	NA	1.20507793383699	1.54888194873074	1.26544436425868	1.06575988067519	0.393152238620903	NA	1.12464878465711	NA	0.874843820252589	1.54240816989898	NA	0.714575661671106	NA	0.719742364677112	NA	0.499681884853025	0.531921702172746	0.535369885889078	0.820683227392512	1.10816309380146	1.54465424802256	0.722542048321641	1.53349249081452	1.59220580859636	1.33198612994388	2.01229198375273	1.31950753630461	1.82473239932702	1.29177069937771	1.42643972899136	2.22726189340354	1.10635735756548	1.98749769933556	0.431215675545058	1.13196753515217
NA	NA	NA	0.694578748578322	NA	0.653464701076597	NA	1.17355488511921	0.940913335119498	NA	NA	0.522927685003436	NA	NA	NA	0.628580910327115	0.58180818125928	NA	1.30095962456504	0.855730167805972	NA	0.839659498197456	0.67092880072555	0.643773995934228	NA	NA	0.538078771492595	0.866565740953078	0.829031369311897	0.877859586594888	2.05063333997334	0.923181112209121	NA	1.04309812393689	0.963014173624759	NA	0.779244092046356	0.896924129662093	1.19170297344586	1.01773493620828
NA	0.583494947032553	0.731180969000891	0.717442574140357	0.649685470551112	NA	NA	0.47578532854823	NA	0.378389652868432	NA	NA	NA	0.319217119484922	NA	NA	1.26235287380755	NA	1.40355840019234	0.420084187420878	0.408225516657856	0.636961630937494	0.301189773083018	0.574887850072368	1.07648385481796	NA	0.630020083358558	NA	0.845096301323427	NA	NA	NA	0.867463984111312	1.17319774508201	NA	0.78537240423441	0.832858979480622	NA	0.451446575504523	NA
NA	NA	NA	NA	NA	NA	NA	NA	NA	NA	NA	NA	NA	NA	NA	NA	NA	NA	NA	NA	NA	NA	NA	NA	NA	NA	NA	NA	NA	NA	NA	NA	NA	NA	NA	NA	NA	NA	NA	NA
NA	NA	NA	NA	NA	NA	NA	NA	NA	NA	NA	NA	NA	NA	NA	NA	NA	NA	NA	NA	NA	NA	NA	NA	NA	NA	NA	NA	NA	NA	NA	NA	NA	NA	NA	NA	NA	NA	NA	NA
0.720093906242477	0.500350928152657	NA	NA	0.580456262972882	NA	0.464521058321309	NA	0.339005184954583	0.748868299663927	0.343360197429039	1.12228364300263	1.10468765154561	0.391745411224877	NA	NA	0.22989716858236	NA	NA	0.42297681213139	NA	NA	0.539605154203117	0.741921677614441	0.979898760032813	0.6541230649501	0.483476304936766	0.918195019483776	NA	NA	1.15142036883996	1.0090943615115	0.817052665997279	0.748216066398149	NA	NA	0.864687944161875	NA	1.33600188370952	1.12284127606038
1.6371505307102	NA	NA	NA	1.49859151733345	NA	NA	NA	NA	NA	0.572067212796724	NA	NA	0.377654878499957	NA	NA	1.9587734311458	NA	NA	NA	1.52564987211042	2.01076066954736	1.87027054450067	1.6145121865222	NA	0.573345128172941	1.69264784565688	1.21889494057197	NA	NA	NA	1.26033001131717	1.12565941972222	0.779017703889912	NA	NA	1.03609562362332	0.933881170087352	1.60392382803772	2.03627584985076
1.28021990239959	1.23179580930817	1.16660357237995	0.578164076357392	NA	NA	0.562240393621054	1.26106487527216	0.365206005790385	NA	0.469944595540047	0.443241193843112	NA	0.534606230548661	NA	0.387281001680692	0.263551560897425	NA	0.400491714852984	0.426050367098546	NA	1.13077680461488	NA	1.15579128346247	1.04599511791587	NA	1.6794062427905	1.52014394048605	1.41238536985056	1.41029264291659	NA	1.41185547213803	1.50300482539459	1.4179152256831	1.49533198589625	1.33149112170174	1.38374192856231	2.06620401156112	1.29687651439648	1.27778494145237
NA	0.862756853521169	NA	0.568173816315915	0.778556311205228	NA	NA	0.633205773066362	0.432653881740382	0.567341445385597	0.497863723710806	0.55679925195309	NA	0.295319693542399	0.547471792751737	NA	NA	NA	0.516014945420219	0.472985453868618	0.918205240548973	NA	0.776593224985729	0.248527519223189	0.951063190211035	0.656229017468971	NA	NA	NA	NA	NA	NA	NA	NA	NA	NA	0.818491054304062	NA	NA	NA
1.35451882865685	1.31517210993599	1.12799128785574	0.739228004863734	NA	0.82079576776895	0.758260108724325	1.30297939807343	0.259403671451939	NA	0.415117776009611	0.433696122595396	NA	0.276122842256149	NA	0.422575568258251	0.23452771398382	NA	0.492927301176054	0.395225611939603	0.813465754235071	0.984385671615986	NA	0.975751759314258	NA	NA	1.52743880177986	1.29252577457022	1.38571506326968	1.51348359766539	NA	1.32873219596884	1.34297354964643	1.45599170964167	1.42797671089748	1.41991903770937	1.32638531755417	1.97859480723474	1.28975704277775	1.20654928302491
NA	0.932017378911339	0.561714119839969	NA	NA	0.829883632149646	0.609094892062869	0.677911910089867	NA	0.734426458343699	0.940807600983631	0.546364418503484	0.324777543120584	0.43887479075802	0.739831815571844	0.167381113729394	0.208397436540875	NA	NA	NA	0.553867019786077	NA	0.860380166221569	NA	0.73387910464987	0.792186150333509	1.26661352505118	NA	0.58849260825128	1.51810309864477	1.36701684813097	0.971188217690519	1.06895656279105	1.23632263139159	1.37896447275507	0.802879882871063	1.08068617048436	NA	1.25546531525203	NA
NA	NA	NA	NA	NA	NA	NA	NA	NA	NA	NA	NA	NA	NA	NA	NA	NA	NA	NA	NA	NA	NA	NA	NA	NA	NA	NA	NA	NA	NA	NA	NA	NA	NA	NA	NA	NA	NA	NA	NA
NA	NA	NA	0.605029914526641	NA	0.447289466208562	2.17248539072238	0.625839855424807	0.819295026998573	0.492377191613871	2.1192034315741	0.240595388427024	1.41771079664115	1.81397625636097	0.285474566728304	NA	0.686964893714684	NA	0.730531822304027	1.61132322670415	1.14131547219977	1.1870357696534	1.03060697910795	1.02451711640777	2.1106367624498	NA	1.36661800179292	1.12508531028497	1.37550403391261	0.903080067475506	1.03341276540655	1.16091546295373	1.61329987540711	1.47948406090712	1.4283935145725	1.48631436895379	0.796182163772923	2.31691817541102	1.58480436804714	2.01375825809939
NA	0.431741000899429	0.761683696162194	NA	0.853596269045862	0.60599915391812	NA	NA	0.855845132006006	1.45570371098406	0.864585745454379	0.892508404250118	0.758871550056209	0.766384942029612	0.590797316973712	0.371930374602386	0.0904229032569139	NA	NA	0.68268903452229	0.607922842622884	0.554754162366316	0.284769480730794	0.549105390708308	0.733256101844325	0.659104863467145	0.746518861031975	0.459910704573381	0.643538686492387	0.41463167054053	0.547988253778901	0.644781203294085	NA	0.513182178702419	1.08366535045262	NA	0.740633107303138	0.954408516039275	0.705075314247389	0.576898628037957
NA	NA	NA	0.749540792310589	0.985693269949629	0.798368613762345	0.822956293560225	1.07547926992707	0.657946942446967	0.562158104002229	0.441994827698564	1.44970343075314	0.305885261574695	0.271778264003477	0.211518029681418	0.503005915558726	0.234014097393074	NA	0.312967950502346	0.554845745539212	1.29449643585024	0.871669994328926	0.909029224757664	0.772000153136032	0.916125392314689	NA	1.36089580993208	0.955253751061848	0.910820740841511	0.740125614685101	NA	0.563676437393836	0.34037140162571	NA	0.443091299699298	NA	0.698286508520707	0.712306378844313	0.826885431077763	NA
NA	0.551826138863692	0.639764032178049	NA	0.841568650559142	1.62298257393333	NA	0.294973616678207	0.378476108133616	NA	1.56075812640633	0.254434859644433	1.53294426850839	NA	NA	NA	1.29026314662006	NA	1.17316263217538	NA	NA	0.51010730938996	NA	NA	0.582075541244124	1.35170171426554	1.12310848366812	0.530864384022829	0.979232245932568	1.42483746868408	NA	0.999550088703361	1.64430876607617	0.324229285694804	NA	NA	NA	NA	0.420023753555131	NA
NA	NA	NA	NA	NA	NA	NA	NA	NA	NA	NA	NA	NA	NA	NA	NA	NA	NA	NA	NA	NA	NA	NA	NA	NA	NA	NA	NA	NA	NA	NA	NA	NA	NA	NA	NA	NA	NA	NA	NA
NA	0.882172023147813	1.02561253088839	1.15342062386242	0.575767077472877	0.912690418740679	0.488543949517558	1.58146565699263	0.363885687828187	0.739185623070897	0.0897865992168344	0.196337087467716	NA	0.406629175711039	0.3891608691719	0.0610417029116192	0.270214532762731	NA	0.415905893322873	0.244720123509737	0.302890006052133	0.469841218870985	0.932270603985391	1.28971377794102	1.18047120197642	1.33685922227241	0.601887392389871	0.257956267812972	0.45574266184268	0.181119909928446	NA	0.152557364524262	0.396829716493309	0.344885031990556	0.995071891184178	1.83767747382677	1.89427765765109	2.00453959241631	0.442307520057685	1.62658752771918
NA	NA	NA	NA	NA	NA	NA	NA	NA	NA	NA	NA	NA	NA	NA	NA	NA	NA	NA	NA	NA	NA	NA	NA	NA	NA	NA	NA	NA	NA	NA	NA	NA	NA	NA	NA	NA	NA	NA	NA
NA	NA	1.39057539429418	NA	NA	2.19402320490668	1.1430056233597	0.382456770954957	0.936442551304577	0.923476534111629	1.47669308841312	0.468424309418051	0.198584256656393	0.585833819872315	1.34050099386334	1.3090538560141	0.517184146675241	NA	NA	0.375728874401805	0.983910521597959	1.24915484702469	1.64186969870844	1.32177303214582	1.20685037935327	1.1330895777337	1.1195793893442	1.12429963589839	1.29961582102776	1.20567728757317	NA	1.83912126742245	1.66362609524067	1.68864620955453	1.44489406182642	1.37481032838466	1.50726223427973	1.20722902231591	1.51548069170042	1.77541165956986
NA	NA	NA	NA	NA	NA	NA	NA	NA	NA	NA	NA	NA	NA	NA	NA	NA	NA	NA	NA	NA	NA	NA	NA	NA	NA	NA	NA	NA	NA	NA	NA	NA	NA	NA	NA	NA	NA	NA	NA
1.9194620434088	1.55384720142203	1.75378456270349	NA	2.06442582892289	2.0554041416399	2.32589995425688	2.45222567101012	2.36280481246559	0.591528147787827	2.10372218872114	2.32186547002619	2.45498274514348	2.2800586466259	2.05610743509432	NA	2.33617867048696	NA	NA	2.33912250417817	NA	1.70978766391197	1.87411938261363	2.20788575986631	NA	0.74161391236865	1.57308920379698	1.95708522428514	2.1843597451966	1.04476323800474	0.762345621555715	1.56245752592293	1.6912582364985	1.30416380643475	NA	1.5112157995918	2.03469182534329	NA	1.5098501569209	1.66272919412186
NA	0.888525634791772	1.15887881552033	NA	0.964706210372217	0.278489250231162	0.474193191852187	NA	1.60422105044851	1.15098375985357	0.553095900233232	0.369806729689772	0.476316524035656	0.126941168619272	1.73575289357587	NA	1.64268467887517	NA	NA	1.25735574198289	1.1026635372977	1.56239095217076	0.884776890424448	0.724295491882015	0.879565269324459	1.13132189873332	1.47558688598184	1.00408248921129	NA	1.17350201155029	2.1187075501242	2.28386718425958	NA	NA	NA	1.14112400498672	1.30753232792052	2.14503473675299	NA	1.4714564639484
0.926707908807738	0.747447501584667	NA	NA	0.75750629975853	NA	0.569606842390503	0.581539904244932	0.724223024099032	0.420534934416374	0.207146878403621	1.04736864772134	NA	0.308391433544223	0.319997012364314	0.210861899520802	NA	NA	0.22406362501558	NA	0.297024938350558	NA	0.50487763723186	NA	NA	0.598524574365212	NA	0.829852579383306	NA	0.838213489347994	1.18464541967434	0.825564032838609	1.07179007441081	NA	1.04908842809011	0.944313131054558	0.940152600232122	1.10646021037329	NA	1.3283832340031
NA	NA	NA	NA	NA	NA	NA	NA	NA	NA	NA	NA	NA	NA	NA	NA	NA	NA	NA	NA	NA	NA	NA	NA	NA	NA	NA	NA	NA	NA	NA	NA	NA	NA	NA	NA	NA	NA	NA	NA
NA	NA	NA	NA	NA	NA	NA	NA	NA	NA	NA	NA	NA	NA	NA	NA	NA	NA	NA	NA	NA	NA	NA	NA	NA	NA	NA	NA	NA	NA	NA	NA	NA	NA	NA	NA	NA	NA	NA	NA
NA	NA	0.948003440096909	NA	NA	0.198509060345795	0.528137205552463	0.959496196470953	NA	0.378502549157707	NA	0.384815710739468	NA	NA	NA	0.50474187743003	NA	NA	NA	NA	NA	NA	NA	NA	1.88831875755202	NA	NA	1.93595096851083	NA	NA	NA	NA	NA	NA	NA	NA	NA	NA	NA	NA
2.89186673246877	NA	NA	NA	NA	NA	NA	1.78403037490712	1.69440688168928	NA	NA	NA	1.01790898207435	NA	1.57943871191542	1.64671038241935	1.40044877630828	NA	NA	NA	NA	NA	1.59095689899791	NA	NA	NA	NA	NA	2.15921293235627	NA	NA	1.69367763712426	1.29964916702848	NA	NA	2.06203935939619	NA	NA	0.426041161003344	1.85182318928986
1.0535941848165	0.798166883106326	NA	NA	NA	0.889720288778254	NA	0.682916802713316	0.28914066098498	NA	0.425883370836101	NA	0.78283325738588	0.790492283293978	0.656603376502456	0.32624362237539	NA	NA	0.415800276020704	NA	0.618880582381943	1.40167957202877	1.01798579735273	NA	NA	NA	1.44128459367299	NA	1.77545325901731	NA	0.883861432936603	NA	0.585207144285398	NA	NA	0.620667208239855	NA	0.665469790083548	1.35686138077283	0.615658263440254
NA	0.423929839083805	NA	NA	1.05989013333177	0.623675385065828	0.561050873594496	NA	NA	NA	0.686150146837501	0.415622140317033	0.738173804260438	0.447090083387229	NA	NA	1.51458824311317	NA	NA	NA	0.925768025837493	0.863291346063366	1.15052055063486	1.38845145000747	NA	0.963319101468289	NA	NA	1.13353886034633	NA	NA	0.799999690584044	1.51062896986421	1.31679824616353	1.33700653389048	NA	NA	NA	NA	1.73940661299139
NA	0.774616873594286	1.01085443387362	NA	NA	0.756976066523232	0.806188313919099	NA	NA	NA	NA	0.311960036163265	NA	NA	0.301333918433571	0.13721520140132	1.91140273806895	NA	NA	1.78484092388696	0.962597639213807	1.08284512293294	1.49864664518517	NA	1.91355253186036	2.1263130845307	1.87506074207079	1.9031379607516	2.05773630936378	1.92861987714387	NA	1.77021425907891	1.80330108015306	1.7726924569752	1.7328829463234	1.9407159937235	1.68141195557915	2.19400925317324	2.47996338032703	1.8572668168859
NA	NA	1.07053140151454	NA	0.902600430230903	0.80820579536088	0.86012948503978	NA	NA	0.829322689979142	0.892460106337361	NA	NA	NA	1.33834304353475	NA	0.696545665494553	NA	NA	NA	NA	0.681921000224272	NA	1.27468708676992	1.26637969376987	NA	NA	1.61452603334329	1.77233431277685	NA	NA	1.1388062793842	1.14218484050614	0.884053974239437	1.32324826245997	0.995599993672309	NA	NA	NA	NA
NA	NA	NA	2.09553479193971	1.33656828678079	NA	1.20880204337205	NA	NA	NA	0.934731511559822	NA	NA	0.583287267814828	0.554115602911681	0.150819064941435	NA	NA	NA	0.575428547547408	NA	0.577961537977061	1.19152086244658	1.36546242381037	1.08490894702024	NA	2.2167342999804	1.02438415007299	0.822225535564926	NA	NA	NA	NA	2.01287153055788	2.03400929344478	2.19449063132925	2.05305590376792	2.24919370551259	0.949904698672389	2.07809895721015
NA	NA	NA	NA	NA	NA	NA	NA	NA	NA	NA	NA	NA	NA	NA	NA	NA	NA	NA	NA	NA	NA	NA	NA	NA	NA	NA	NA	NA	NA	NA	NA	NA	NA	NA	NA	NA	NA	NA	NA
NA	NA	NA	NA	NA	NA	NA	NA	NA	NA	NA	NA	NA	NA	NA	NA	NA	NA	NA	NA	NA	NA	NA	NA	NA	NA	NA	NA	NA	NA	NA	NA	NA	NA	NA	NA	NA	NA	NA	NA
1.71682967589082	1.56866364198602	0.609567204890532	1.61435932878784	1.55595233957202	0.921902058099561	0.873691133395705	0.680783922813031	1.48391670745329	1.36174951960926	1.24901167750733	1.5970883446824	1.21482513182336	1.81700668401749	0.957281329742335	1.24322509417007	0.202503713677064	NA	1.1896190789495	0.306033886788846	0.347616143832289	NA	0.455314960920078	0.455761440994854	0.796792517398585	0.349958466900345	1.46107971909361	2.29173073666218	0.638935772124289	0.643372507956147	0.874318927395201	0.751983948247421	0.822800459955435	0.756526243848952	0.6332365605864	0.464699180745113	0.739277211192586	0.983590557029046	1.11103264815627	NA
1.66903842682562	NA	NA	0.825206249430097	1.15368150334809	1.7626921515268	1.08362817721444	0.560189116171876	0.792512896353504	1.09710393654232	0.917623692890231	1.40697321387814	0.356422293792507	0.311698316688765	0.88209369804236	0.984399267041134	0.796478023395948	NA	1.0280418133169	1.24378707861022	1.32567875541527	NA	1.1607240717842	0.451518102581035	NA	0.324997218758931	0.185389821737297	0.28337850884679	0.245388680199631	NA	NA	0.682809195077166	0.107057736432647	0.759097034460498	0.614589714842781	1.17738537112927	0.591447831893243	1.531032255175	1.45377396934872	NA
NA	NA	NA	NA	NA	NA	NA	NA	NA	NA	NA	NA	NA	NA	NA	NA	NA	NA	NA	NA	NA	NA	NA	NA	NA	NA	NA	NA	NA	NA	NA	NA	NA	NA	NA	NA	NA	NA	NA	NA
NA	NA	NA	NA	NA	NA	NA	NA	NA	NA	NA	NA	NA	NA	NA	NA	NA	NA	NA	NA	NA	NA	NA	NA	NA	NA	NA	NA	NA	NA	NA	NA	NA	NA	NA	NA	NA	NA	NA	NA
NA	NA	NA	NA	NA	NA	NA	NA	NA	NA	NA	NA	NA	NA	NA	NA	NA	NA	NA	NA	NA	NA	NA	NA	NA	NA	NA	NA	NA	NA	NA	NA	NA	NA	NA	NA	NA	NA	NA	NA
NA	NA	NA	NA	NA	NA	NA	NA	NA	NA	NA	NA	NA	NA	NA	NA	NA	NA	NA	NA	NA	NA	NA	NA	NA	NA	NA	NA	NA	NA	NA	NA	NA	NA	NA	NA	NA	NA	NA	NA
NA	NA	NA	0.259900519879101	0.343125916752078	0.494088094542976	NA	0.472445693052078	0.312026283571715	0.335746044286434	0.644792528652186	0.702083693586131	0.379194451213588	0.428119475274454	0.858644125727757	NA	0.176735203383002	NA	0.518013757162257	0.197151718745678	1.31143714298826	NA	NA	NA	NA	NA	NA	NA	NA	NA	NA	NA	NA	NA	NA	NA	NA	NA	NA	NA
NA	0.744459450393102	1.51884664444711	NA	0.681796540471825	0.508625704598845	0.697975038765396	NA	NA	1.17768242420628	NA	NA	0.543889916993283	NA	0.391268781806498	0.782538494522499	NA	NA	NA	0.619817188258882	NA	NA	NA	NA	NA	NA	NA	NA	NA	NA	NA	NA	0.948619822900316	NA	NA	0.78021201527142	0.844129447833407	NA	1.52959997126908	0.878217381991322
NA	NA	NA	NA	NA	NA	NA	0.791657385600076	NA	NA	0.66482976221575	NA	NA	NA	0.421965206534185	NA	0.24190968573624	NA	NA	NA	0.573123826615968	1.06522784135786	1.26361372099056	NA	NA	1.14466335125042	0.954412280013173	1.2418123910767	1.61917696114545	NA	NA	1.54392628512152	NA	NA	NA	NA	NA	NA	NA	NA
NA	NA	NA	NA	NA	NA	NA	NA	NA	NA	NA	NA	NA	NA	NA	NA	NA	NA	NA	NA	NA	NA	NA	NA	NA	NA	NA	NA	NA	NA	NA	NA	NA	NA	NA	NA	NA	NA	NA	NA
NA	NA	NA	NA	NA	NA	NA	NA	NA	NA	NA	NA	NA	NA	NA	NA	NA	NA	NA	NA	NA	NA	NA	NA	NA	NA	NA	NA	NA	NA	NA	NA	NA	NA	NA	NA	NA	NA	NA	NA
NA	NA	NA	NA	NA	NA	NA	NA	NA	NA	NA	NA	NA	NA	NA	NA	NA	NA	NA	NA	NA	NA	NA	NA	NA	NA	NA	NA	NA	NA	NA	NA	NA	NA	NA	NA	NA	NA	NA	NA
NA	NA	NA	NA	NA	NA	NA	NA	NA	NA	NA	NA	NA	NA	NA	NA	NA	NA	NA	NA	NA	NA	NA	NA	NA	NA	NA	NA	NA	NA	NA	NA	NA	NA	NA	NA	NA	NA	NA	NA
NA	1.17118001392172	0.477228050364483	NA	0.457624301569224	0.531653115065225	0.450982300346975	0.650794341049595	0.696090196321907	0.238641384958731	0.703675931549877	0.998822954768159	1.07997297046838	NA	1.04659472080658	1.1800919861691	0.49883651227315	NA	NA	NA	NA	NA	0.80539831550764	NA	0.570189226345493	NA	NA	0.931433458453595	NA	1.81829100004758	NA	1.65314737485876	1.64983622793591	0.671849753001175	NA	NA	NA	NA	NA	0.826643951257732
1.98148631273844	0.614372786594069	0.955039658768986	2.5361176107033	0.847085740522403	1.17871498355555	0.753375510927968	0.36082047489764	2.02707927499594	1.88384893751741	0.593614034157831	1.81516611328909	1.13770437777267	0.742872111092261	NA	NA	1.93073689476076	NA	NA	0.293035246035778	0.480192167497617	0.714586804064633	1.64061364952056	2.20884821064394	0.91688757638735	NA	1.22983496869791	1.96914697449146	NA	NA	0.734249205154679	0.645142926912001	0.843283422043638	NA	NA	NA	0.851541955291776	0.793394170109671	1.06310524130372	NA
1.96698609294796	1.20368198573539	1.58284858166238	NA	1.36726454955461	1.03162269513305	0.910708287749064	0.562993747987101	0.910114294238016	0.446530643564957	0.801797808215275	0.621079802952756	0.919992964730615	1.59134274059645	0.852564643825613	0.295319801902181	0.523397764276038	NA	0.30023533813067	0.719317672247684	NA	0.423586389733535	0.231069290252718	0.196637241585709	0.270222728222113	0.654064250730721	0.556434232179615	0.327565838048966	NA	0.778600592652006	0.595725321633162	1.20368047078618	0.733039582975924	NA	0.911793731133851	0.924574503958628	0.301099528477882	0.674458373935117	0.370800146988145	0.804269131204643
NA	0.408951642019313	NA	0.346751294104335	0.627417810690716	0.190881857184546	NA	0.444325595345602	0.221483905564932	1.714300015027	0.596080719830555	0.705140696220993	0.178384263223447	NA	0.859040691221128	NA	0.270159225216599	NA	0.380855356911533	0.54407458290297	1.41158315320105	NA	NA	NA	NA	NA	NA	NA	NA	NA	NA	NA	NA	NA	NA	NA	NA	NA	NA	NA
NA	NA	NA	NA	NA	NA	NA	NA	NA	NA	NA	NA	NA	NA	NA	NA	NA	NA	NA	NA	NA	NA	NA	NA	NA	NA	NA	NA	NA	NA	NA	NA	NA	NA	NA	NA	NA	NA	NA	NA
0.381525357781829	1.90896270006885	NA	1.12393072750845	0.720695043256675	NA	0.597511270161778	0.611592231221377	NA	0.599442189324825	NA	NA	NA	0.222908152058929	0.144064409724873	0.705756377037171	0.99657184657658	NA	0.183798745696441	NA	0.619110015632111	0.490005682729454	0.487720484186218	NA	0.528233865220491	NA	NA	NA	0.764504001197694	1.41436117707155	NA	NA	NA	NA	NA	NA	NA	0.555893986826921	NA	NA
1.68760005825607	1.27893042134795	1.41347840509994	1.04647398335405	0.954438162655618	0.98945675492654	0.969777551475495	1.90692235753923	1.66102380833422	2.21778371200576	2.57984750959621	1.49482312698061	0.843481380020607	2.37569998126011	2.19399378012389	1.23109727165681	0.758063345418601	NA	1.98437180010254	1.68075794686649	1.84869938230288	1.60012046595089	1.17864519934854	1.2999370815572	1.25097915151926	1.12130635480108	1.18222689290448	1.82960914464465	1.65483906158841	1.9512158338375	1.1353046780921	1.48398455582769	1.208844130287	1.59830036354992	0.986454166377701	1.09830202028964	2.21736853467227	1.47346593263993	2.06861780562538	1.11747265576065
NA	NA	NA	NA	NA	NA	NA	NA	NA	NA	NA	NA	NA	NA	NA	NA	NA	NA	NA	NA	NA	NA	NA	NA	NA	NA	NA	NA	NA	NA	NA	NA	NA	NA	NA	NA	NA	NA	NA	NA
NA	NA	0.705744121624108	0.732361824379665	0.817805766381183	1.37364376091783	0.822621592224169	NA	NA	1.12546492698509	1.36380780801798	1.75375234436006	NA	1.59016472538417	NA	NA	1.37389907745129	NA	1.08673743822341	1.13409904356549	1.42800645269493	NA	NA	1.74117281630927	NA	1.54325441576019	NA	NA	NA	1.84609805483643	1.77345101891757	NA	1.86374744251009	1.57519478876244	1.79734978925774	2.17356586964132	1.41292205746005	2.10307503674306	2.00043003320208	1.89598457364382
NA	NA	NA	NA	1.16652427229915	1.06539074642063	0.831637372229065	NA	NA	0.793197744310567	NA	NA	NA	1.60112968860583	1.27510277396471	NA	NA	NA	0.730821103336794	0.82780050943237	NA	NA	0.773131770849084	NA	0.911100064820052	NA	0.996550235105729	NA	1.16164304688536	NA	NA	NA	NA	0.817761088749056	1.39983098771325	1.28979321794813	1.22613696986653	NA	0.756931753187909	0.947137249108835
NA	NA	NA	NA	NA	NA	NA	NA	NA	NA	NA	NA	NA	NA	NA	NA	NA	NA	NA	NA	NA	NA	NA	NA	NA	NA	NA	NA	NA	NA	NA	NA	NA	NA	NA	NA	NA	NA	NA	NA
0.707835647128661	0.729780366451206	1.06894771852767	1.08543843099272	1.15016186286416	0.640038890418544	0.827358993774801	0.466802283071513	0.313440332888299	NA	0.707564593352536	0.696877703312759	0.522693978739514	0.72382734759421	0.570550520218844	NA	0.412800550680215	NA	0.250678152565031	NA	NA	NA	0.510807013655013	0.121779046209457	0.721376115491674	0.591132657006651	0.550021028913478	1.00497223731495	0.7788191368749	0.736880338555632	0.894266459222331	0.705105332759305	1.03788330685095	0.930182815699896	NA	1.04818912013863	1.6203067960473	0.650293166004048	0.609761702577965	0.784935468394664
0.737795177049601	NA	NA	NA	0.942064567700256	0.560692926836459	0.354024089371391	NA	NA	NA	NA	NA	0.635226755356763	1.58993623086887	0.558507963673994	0.602268826344611	0.427737569137399	NA	0.214761661558098	0.177171808337811	1.45676875515112	NA	1.6512123257828	NA	0.493049968312628	NA	0.47351092209542	1.0871012443722	0.256788939022083	NA	0.640419407598051	0.710410274629033	1.54759401452798	NA	NA	NA	0.321035822768577	NA	0.179227076005201	NA
NA	NA	NA	NA	NA	NA	NA	NA	NA	NA	NA	NA	NA	NA	NA	NA	NA	NA	NA	NA	NA	NA	NA	NA	NA	NA	NA	NA	NA	NA	NA	NA	NA	NA	NA	NA	NA	NA	NA	NA
NA	NA	NA	NA	1.61422542339454	2.41411703931516	NA	2.90059206649082	NA	NA	2.97587541084771	1.1217758786427	0.539308418128658	0.49195540103472	0.378929923301621	2.89482407700884	0.29098186219965	NA	NA	0.511997109845672	0.421592559093579	2.38330816420715	2.06423576644083	0.765705722912717	0.799978694026119	2.32334922095469	1.89808190311155	1.43991168178876	0.993065298572839	1.72387795158576	1.27980587903189	NA	NA	NA	1.56511001262118	NA	NA	NA	1.62538061852002	1.41632536778803
1.55419024946581	NA	1.30440679052413	0.333823746234484	0.72764314225605	0.589521827895324	0.47504463878238	0.811592927915403	0.637453600141819	1.90623734265918	0.614920117206833	0.211074698734188	1.58013431595126	0.445425099824425	NA	0.607389092770327	0.622733320694637	NA	NA	0.755801430417417	1.03198015404732	0.609879583188912	1.00951775693217	0.984216930862699	0.806824201547077	0.818870392844012	NA	1.27485247906344	NA	NA	2.59877010250578	NA	NA	NA	2.51769804767656	2.46355603447443	NA	NA	2.78543615960907	NA
NA	2.16714994985055	NA	NA	2.2633514795566	2.53541564749344	NA	2.27309253782075	1.78644515800786	0.49071392752456	0.252494477964284	NA	0.0808278529364815	2.31826221337728	0.271702186531579	1.71075440222917	1.45735303352919	NA	1.66515580879002	1.00590417149031	0.414302851458468	0.553377701282351	0.804473814698632	0.805716646952578	0.713474596430753	0.667177329806852	0.729812120579654	1.17849411264886	1.14879542044192	0.23651037385653	NA	0.367127635201826	NA	NA	NA	NA	0.604637621951782	NA	NA	NA
NA	0.239883756388921	0.259794128952203	NA	NA	NA	1.23953815862898	0.283415684078925	0.547187865219056	0.709084579278913	0.742911984649186	0.516912092770068	NA	NA	0.465409486981254	0.880010922376141	NA	NA	NA	0.146655644168506	0.257616186476033	NA	NA	0.540753874001576	0.545526672187321	NA	1.15784345667538	NA	NA	1.00515140745018	1.16490712277691	NA	1.03876236458247	NA	1.16531764885354	NA	1.03553277844977	NA	1.35175663818177	1.45555323070236
NA	0.593213357986005	NA	NA	0.65962810657636	1.23659194542964	1.74188418229278	NA	1.76536646461086	NA	0.581394595939486	1.82556360350411	1.16782350800139	0.641019544619136	0.663240673397884	NA	NA	NA	NA	0.267541965835515	0.470051389594949	0.761730552127138	NA	NA	0.811322245491088	0.87680185075917	1.46023892851636	1.49347443170314	0.906756209077992	NA	NA	NA	0.810484754543237	NA	NA	NA	0.810776241869979	0.990018447400263	1.05960963867426	NA
NA	NA	NA	0.635398517218745	0.918496928717166	0.499486350965393	NA	0.162109508389854	0.342642419064933	0.346782395005871	0.876475367248153	1.04357702078873	0.441246932444711	NA	0.824624629121789	NA	0.239449521917776	NA	0.379178692075666	0.971821663979083	1.35767562361704	NA	NA	NA	NA	NA	NA	NA	NA	NA	NA	NA	NA	NA	NA	NA	NA	NA	NA	NA
NA	NA	NA	NA	NA	NA	NA	NA	NA	NA	NA	NA	NA	NA	NA	NA	NA	NA	NA	NA	NA	NA	NA	NA	NA	NA	NA	NA	NA	NA	NA	NA	NA	NA	NA	NA	NA	NA	NA	NA
NA	NA	0.926118879367532	NA	NA	NA	0.67117928334684	NA	NA	NA	0.279547958480373	0.910842284202414	1.49838264997905	NA	0.533809578377649	0.361115676532954	NA	NA	NA	NA	0.235517799264601	NA	0.742364314542652	0.36602333054404	NA	0.871532708702512	NA	NA	NA	0.460825080789654	NA	1.69944183456393	0.55070112634474	0.68543465375048	NA	NA	NA	0.570301773790294	0.566735735165886	0.403948775676873
NA	NA	NA	1.25804843148606	NA	NA	0.699378353631223	0.761509388761571	NA	0.701841007832034	NA	NA	NA	0.378495325759358	0.201925745784833	NA	0.892439512308235	NA	0.408724549633313	NA	NA	0.489027021085748	0.600632702009338	NA	0.478740229910799	NA	NA	NA	0.929188012860974	1.16044630498039	NA	NA	NA	NA	0.68256303698142	NA	NA	0.404857390154791	NA	NA
NA	NA	NA	NA	NA	NA	NA	NA	NA	NA	NA	NA	NA	NA	NA	NA	NA	NA	NA	NA	NA	NA	NA	NA	NA	NA	NA	NA	NA	NA	NA	NA	NA	NA	NA	NA	NA	NA	NA	NA
NA	NA	NA	NA	NA	NA	NA	NA	NA	NA	NA	NA	NA	NA	NA	NA	NA	NA	NA	NA	NA	NA	NA	NA	NA	NA	NA	NA	NA	NA	NA	NA	NA	NA	NA	NA	NA	NA	NA	NA
NA	NA	NA	NA	NA	NA	NA	NA	NA	NA	NA	NA	NA	NA	NA	NA	NA	NA	NA	NA	NA	NA	NA	NA	NA	NA	NA	NA	NA	NA	NA	NA	NA	NA	NA	NA	NA	NA	NA	NA
NA	NA	NA	NA	NA	NA	NA	NA	NA	NA	NA	NA	NA	NA	NA	NA	NA	NA	NA	NA	NA	NA	NA	NA	NA	NA	NA	NA	NA	NA	NA	NA	NA	NA	NA	NA	NA	NA	NA	NA
NA	NA	NA	NA	NA	NA	NA	NA	NA	NA	NA	NA	NA	NA	NA	NA	NA	NA	NA	NA	NA	NA	NA	NA	NA	NA	NA	NA	NA	NA	NA	NA	NA	NA	NA	NA	NA	NA	NA	NA
NA	NA	1.96017051327126	NA	0.698239993090704	NA	NA	NA	NA	1.05017644992318	NA	0.489225913677197	NA	0.675200105814186	0.533530919824126	NA	NA	NA	0.327925711079317	0.344792790845322	NA	2.12169879855178	1.0114573939787	NA	1.06318698553026	NA	NA	NA	NA	NA	1.35054861708739	NA	NA	1.47515958109983	NA	NA	1.06733427395999	NA	NA	1.4882641973336
NA	NA	NA	NA	NA	NA	NA	NA	NA	NA	NA	NA	NA	NA	NA	NA	NA	NA	NA	NA	NA	NA	NA	NA	NA	NA	NA	NA	NA	NA	NA	NA	NA	NA	NA	NA	NA	NA	NA	NA
NA	NA	NA	NA	NA	NA	NA	0.901532753597439	NA	1.17100061224857	NA	0.657884348695423	0.764861489942078	0.412143239433108	0.193437983709569	NA	NA	NA	0.37428127258685	0.446975068607513	NA	0.75370631776352	0.614124356787196	1.92052465619353	0.720626860762836	NA	NA	NA	NA	0.883294258185315	1.55066896900176	1.00516709818903	0.818894171560276	0.800930664523053	1.12925448017044	NA	0.79208669871583	0.968825207721823	0.589841931264998	NA
NA	NA	NA	NA	NA	NA	NA	NA	NA	NA	NA	NA	NA	NA	NA	NA	NA	NA	NA	NA	NA	NA	NA	NA	NA	NA	NA	NA	NA	NA	NA	NA	NA	NA	NA	NA	NA	NA	NA	NA
NA	NA	NA	NA	NA	NA	NA	NA	NA	NA	NA	NA	NA	NA	NA	NA	NA	NA	NA	NA	NA	NA	NA	NA	NA	NA	NA	NA	NA	NA	NA	NA	NA	NA	NA	NA	NA	NA	NA	NA
NA	NA	0.974129351778793	NA	NA	1.346751929012	1.01446449954505	1.01084681148632	NA	NA	0.968984586643241	NA	0.584601351621272	0.808507357616458	0.562303651915456	NA	0.249217635727663	NA	0.999955621145122	NA	0.464123127296048	NA	NA	NA	1.11085455951857	NA	1.07550001323863	0.866343023862479	NA	NA	0.480046056277802	0.365138344828238	0.237480292293791	NA	NA	NA	0.478699473325686	NA	0.411135326171479	NA
NA	0.559885787468533	0.5872405165033	NA	NA	NA	0.490293977203101	NA	0.544867284538158	NA	NA	0.660161220142433	NA	NA	NA	NA	1.68927252758802	NA	1.2557218542862	1.75233097673755	NA	NA	NA	0.385858269210546	1.09825656465943	0.836637725124525	NA	1.64294605313754	1.39835170364684	0.77958779351665	NA	NA	0.416605998314839	1.22546454107494	NA	0.53513951968448	NA	0.712824417993551	0.858275115212367	NA
NA	NA	NA	NA	1.24702307531472	0.539220100677975	NA	0.882625255339912	0.87714645736089	NA	1.50969420833757	NA	1.78591905898074	1.81330484837569	NA	0.866527631511427	0.603529578663612	NA	NA	0.410063429971789	NA	0.61522319622922	NA	1.27768725506225	1.06498278058719	NA	0.268323128899463	0.306206221233974	1.16987136920977	1.30734250632317	1.58619087786556	NA	NA	NA	1.01769856440629	NA	0.826973479280389	0.644795611589203	NA	0.417681701237513
NA	NA	NA	NA	NA	NA	NA	NA	NA	NA	NA	NA	NA	NA	NA	NA	NA	NA	NA	NA	NA	NA	NA	NA	NA	NA	NA	NA	NA	NA	NA	NA	NA	NA	NA	NA	NA	NA	NA	NA
NA	0.684237692718567	0.716156589291192	0.732687468355354	0.529007706760967	NA	0.440258534487141	0.649027981719414	0.388032915149963	NA	NA	NA	0.533371238755748	0.479096831030152	0.81032399990715	2.09262746532376	NA	NA	NA	0.471581988829956	0.582996485774156	1.52639649652617	NA	NA	0.781907271048118	0.708688770638527	NA	0.785959058024949	0.706615251028831	NA	1.31605658145425	1.41915702861185	1.2786638865333	1.23855912296878	NA	0.951496073002343	1.13480420788889	0.711224871468773	0.967116612180222	0.859262920093996
0.628730435172766	NA	NA	NA	0.480481691827478	0.557253264327068	0.806458484995543	0.68445632763485	0.313208364243827	NA	0.270159634374146	0.29166480813139	0.933614056095199	0.164153212882021	0.154154528107947	0.315380954061923	0.291953083153781	NA	NA	0.384765908037951	NA	0.89718042352265	1.1108315946933	1.20572286458852	1.11151599726961	NA	NA	1.37015277364755	1.67788524974915	0.876170743110957	NA	1.07143649508212	0.884665602011933	NA	1.23215586602999	NA	0.827772915589522	NA	NA	0.563296805072224
1.36067463228624	NA	NA	0.243395292855172	0.526465299751345	0.76603011333872	0.405775228060036	0.429357707627673	0.439426538967006	1.98799304553684	0.627648732706397	0.46437398452401	0.965604701440249	0.666709452073802	NA	NA	0.780282679369116	NA	NA	0.738726439218787	0.63782023444103	0.733099231808377	1.18858529450739	NA	1.05462326972988	0.944612668948462	NA	1.1589724079671	NA	NA	1.02203680228809	NA	NA	NA	0.81838626305386	0.700445654688886	NA	NA	0.833475322881122	0.814107128709765
NA	0.413241113127549	0.440117474419724	NA	NA	0.577211167270944	0.766637255610833	0.505874698771565	0.826620640970707	0.558145636042869	1.23587277008324	NA	NA	NA	0.509841156258193	0.937309764429177	NA	NA	NA	0.436945770169406	0.399524934838098	NA	NA	0.356003505050608	0.371718732844017	0.606503729131191	NA	NA	1.24000774799084	0.752291108803327	1.06754414056002	NA	1.01849280040824	1.42624978680287	0.9647264022284	NA	1.07137146461799	NA	1.27407289959334	1.34978428025362
NA	NA	NA	NA	NA	NA	NA	NA	NA	NA	NA	NA	NA	NA	NA	NA	NA	NA	NA	NA	NA	NA	NA	NA	NA	NA	NA	NA	NA	NA	NA	NA	NA	NA	NA	NA	NA	NA	NA	NA
NA	1.34321037033329	1.45475037913726	NA	NA	1.07603182219496	0.251490296360953	1.11859432559667	NA	NA	NA	0.483836870758903	0.875479750159676	0.430841953857986	0.3345417246911	NA	0.390036174970502	NA	NA	NA	0.595335436540538	0.936334798765846	NA	1.09898710975071	1.07079304734988	NA	NA	1.17573900038376	1.20104223388929	1.02257415354788	NA	1.06763433850079	1.153617046537	NA	NA	NA	NA	NA	NA	NA
NA	0.585645942199279	0.844949586977914	1.12803434251971	0.844921532491231	NA	1.09685711053454	NA	NA	0.415383701700593	1.01189999824145	1.36207524129503	0.977364857353182	1.28663593793787	NA	NA	NA	NA	1.14861048742561	NA	1.44326444781899	NA	1.52541490005735	1.33473488783247	NA	NA	NA	NA	NA	NA	1.86459071771171	1.12530538904085	NA	1.1720059860333	1.08630985057546	1.20787662301211	0.844109622472894	1.12380587736614	1.29814509729909	NA
NA	NA	NA	NA	NA	NA	NA	NA	NA	NA	NA	NA	NA	NA	NA	NA	NA	NA	NA	NA	NA	NA	NA	NA	NA	NA	NA	NA	NA	NA	NA	NA	NA	NA	NA	NA	NA	NA	NA	NA
NA	NA	NA	NA	NA	NA	NA	NA	NA	0.597259959332663	NA	0.45865746181708	NA	NA	NA	NA	NA	NA	NA	NA	NA	2.17078993040327	NA	0.718228747897491	NA	1.12564571016845	NA	NA	1.06747601992287	NA	NA	NA	1.25757114589389	1.35000357579427	1.73626028574762	1.3363003610269	NA	2.02293103636598	1.45215096618974	1.44269429508423
NA	0.942661744803255	0.815282464315032	NA	NA	2.43481456973548	0.743303770902801	0.704107813027783	NA	1.3283835929976	2.08783502733686	1.45725694672609	2.06675149836832	NA	2.25469902798484	1.50422651323135	NA	NA	NA	0.856211974467589	1.01946339440992	NA	2.33343954247161	2.58102775016914	NA	NA	0.14790456099614	NA	2.42261665495167	2.10486951462111	NA	NA	2.34042176300927	NA	2.64829207811558	NA	1.89329714444216	NA	NA	1.63537932036408
NA	NA	NA	NA	NA	NA	NA	NA	NA	NA	NA	NA	NA	NA	NA	NA	NA	NA	NA	NA	NA	NA	NA	NA	NA	NA	NA	NA	NA	NA	NA	NA	NA	NA	NA	NA	NA	NA	NA	NA
NA	NA	NA	NA	NA	NA	NA	NA	NA	NA	NA	NA	NA	NA	NA	NA	NA	NA	NA	NA	NA	NA	NA	NA	NA	NA	NA	NA	NA	NA	NA	NA	NA	NA	NA	NA	NA	NA	NA	NA
NA	NA	1.06054866896459	1.06783557816046	NA	0.303422228994204	0.136117964269056	0.381673997385173	NA	NA	0.566421710363757	0.251305211077742	0.531740327463323	NA	0.31555053322153	0.758790720085247	0.341462692177456	NA	NA	NA	0.51983962148887	0.642450870664645	0.479664980356087	0.616232907731034	NA	NA	NA	0.916392956376002	0.918634243155561	1.2871255177677	0.828259985396156	1.06938029633157	1.6084324050494	NA	NA	NA	0.743125742567766	NA	NA	NA
NA	NA	NA	NA	NA	NA	NA	NA	NA	NA	NA	NA	NA	NA	NA	NA	NA	NA	NA	NA	NA	NA	NA	NA	NA	NA	NA	NA	NA	NA	NA	NA	NA	NA	NA	NA	NA	NA	NA	NA
NA	NA	NA	NA	NA	2.08529790926933	0.838639669129602	0.724315253393707	NA	0.577308796625929	NA	NA	0.778602974401817	0.4413109888646	0.394651498729442	0.293756359376372	NA	NA	NA	0.300708414163795	0.236913853879279	1.62495539882956	NA	NA	1.02395202222428	NA	0.157666606868348	1.5314190070251	0.865612704101175	NA	0.389795258493889	NA	1.77133096429238	1.71932400905859	NA	NA	0.339202735152467	NA	2.21859035061282	0.748619814622913
NA	NA	NA	NA	NA	0.574975016083087	NA	NA	NA	0.552838172419437	NA	NA	0.513180554956095	0.450574346542465	0.326744710821111	NA	NA	NA	NA	0.684127168016453	NA	0.671760706128749	NA	1.37248268512022	0.722694320312368	0.85200507787718	NA	NA	NA	1.09000907423632	NA	1.1819782123287	NA	NA	NA	1.32624966282676	NA	NA	NA	NA
NA	NA	NA	NA	NA	NA	NA	NA	NA	NA	NA	NA	NA	NA	NA	NA	NA	NA	NA	NA	NA	NA	NA	NA	NA	NA	NA	NA	NA	NA	NA	NA	NA	NA	NA	NA	NA	NA	NA	NA
NA	NA	NA	NA	NA	NA	NA	NA	NA	NA	NA	NA	NA	NA	NA	NA	NA	NA	NA	NA	NA	NA	NA	NA	NA	NA	NA	NA	NA	NA	NA	NA	NA	NA	NA	NA	NA	NA	NA	NA
NA	NA	NA	NA	NA	NA	NA	0.654571527088607	0.560947174649674	NA	NA	0.325338939370527	NA	NA	0.318822843162005	0.498780756034951	NA	NA	NA	0.585790927451288	0.480077627614204	0.446204853782412	NA	1.1905551837945	NA	NA	0.429522039549858	0.917470703962187	1.16830022329602	1.02154371175411	1.05691561384264	NA	0.764089741188239	1.40886199517251	0.938155406933872	NA	NA	NA	NA	1.00894823543169
NA	0.702108855998738	0.48515562783851	0.151649744105439	0.575933034406195	0.651313985507801	0.590841022196679	0.80961426616127	0.786411341201535	0.922348801363266	0.542906305928636	0.815816501603696	0.889889470626129	0.346478535475606	0.36290042657495	0.617557035548099	0.363224018622442	NA	0.473607753786866	0.13708345318924	0.295075815261621	0.346126135302565	0.313300100144665	0.278022864275867	0.590965703352543	0.303706197938899	1.00865767113454	0.655820197698237	1.17385144804567	1.48951702960817	1.13788422338396	1.17188538529342	1.38088864976011	1.43157776543469	1.05362377955637	1.56841561416075	NA	NA	NA	NA
NA	NA	0.667898180075563	NA	NA	0.476607171946311	0.424874255207351	0.627205134127983	0.850249255076685	NA	0.45812604136385	NA	NA	NA	0.338818809640726	0.202178285334089	0.235122949041655	NA	0.889211088945248	NA	0.616571441435799	0.542424055807265	0.552403415818921	0.611599268647669	1.61654814773484	0.581452989646314	0.774028631534877	1.41497634305156	0.444994840755996	1.09259216089702	0.956250942767524	0.930484119512886	0.777726274807027	0.916030408109205	0.85392652020074	0.844531636377275	1.18674566994097	1.00846370721871	1.07513037874893	0.755431634249268
NA	NA	NA	NA	NA	NA	NA	NA	NA	NA	NA	NA	NA	NA	NA	NA	NA	NA	NA	NA	NA	NA	NA	NA	NA	NA	NA	NA	NA	NA	NA	NA	NA	NA	NA	NA	NA	NA	NA	NA
1.02525955260107	NA	0.968363976898005	NA	0.562419968460555	NA	0.563817011983653	NA	0.43556618071949	0.417644045693263	0.562173557292092	0.338187966552242	NA	NA	0.420418099960045	1.10329699556605	NA	NA	NA	0.329347031931804	NA	1.02972356962475	NA	NA	NA	0.303172988391687	NA	NA	NA	1.46145310534371	1.80057463803218	1.53200261590022	0.779574638612002	NA	1.51399607131473	1.5218473647411	NA	1.76905499581163	NA	NA
NA	1.79945816294305	0.980371780384241	0.811544870049082	1.51433712670314	NA	1.29782312842627	1.05858109507133	0.733698260916363	0.777280524106787	0.932276443627042	NA	NA	NA	NA	NA	NA	NA	NA	NA	0.57144315222679	NA	NA	NA	1.28657393386149	1.52852689997791	1.48634562438112	1.61657530891227	0.892139532143232	1.53391503877426	NA	NA	1.49065859494188	0.642543449302316	NA	NA	NA	NA	NA	NA
NA	NA	NA	NA	NA	NA	NA	NA	NA	NA	NA	NA	NA	NA	NA	NA	NA	NA	NA	NA	NA	NA	NA	NA	NA	NA	NA	NA	NA	NA	NA	NA	NA	NA	NA	NA	NA	NA	NA	NA
NA	NA	NA	1.60957912979018	NA	1.41621236989724	1.27646524605008	NA	NA	NA	NA	1.37342378344447	NA	0.24491442965999	NA	NA	1.62013341882046	NA	NA	1.30965758037927	1.91481121858802	NA	NA	2.22257227443813	1.75238225695547	NA	3.05293597321453	NA	NA	1.85340657334471	NA	1.29371770639029	NA	2.45583168215441	NA	3.12471807612207	2.82141150255018	NA	2.52635542456986	1.93028482879143
NA	1.49249564136626	1.135661880896	1.84495575851165	NA	NA	1.07380151217745	NA	0.764763148653985	NA	NA	NA	1.0847189421809	0.472766943090395	NA	NA	NA	NA	NA	NA	0.720348670670147	NA	1.48014053298939	0.831291003600707	1.35481920304649	NA	1.36016081205695	NA	0.994187865049428	NA	NA	NA	NA	0.78118628453694	NA	1.97534270538345	1.73984479535732	1.40294664192925	NA	NA
NA	0.530527702966749	0.641530831920125	0.615704996141809	0.413980510252374	0.612111626489568	NA	0.8245097382423	0.770579662017842	0.972177389000877	NA	1.25638199218842	NA	NA	0.528715978464336	NA	NA	NA	0.822452388000992	0.696681275184586	0.432049622109685	0.456382795533572	1.11692021445283	0.779882169387831	0.623854669117325	0.885120550463535	NA	NA	0.974437634807703	1.01075806384487	1.12603132597437	0.940144794433648	NA	1.19763843032306	NA	NA	1.9021148776257	1.71240198863103	1.12557194448831	0.97144017764436
NA	NA	1.18911000455163	1.39952367975512	NA	0.476455080118542	0.75823530821402	0.646732696587293	NA	NA	NA	0.391205598842787	NA	1.67598637564886	1.35250990572379	0.427306660878398	NA	NA	NA	NA	NA	NA	1.50685611646598	1.42557122226097	NA	NA	1.6031296395987	1.30548669453942	1.19560068063064	NA	1.28978949229891	NA	0.929444656439393	0.499571285430147	0.471045081122764	0.603939497215517	NA	NA	0.663698296710514	NA
NA	NA	NA	NA	NA	NA	NA	NA	NA	NA	NA	NA	NA	NA	NA	NA	NA	NA	NA	NA	NA	NA	NA	NA	NA	NA	NA	NA	NA	NA	NA	NA	NA	NA	NA	NA	NA	NA	NA	NA
NA	NA	NA	NA	NA	NA	NA	NA	NA	NA	NA	NA	NA	NA	NA	NA	NA	NA	NA	NA	NA	NA	NA	NA	NA	NA	NA	NA	NA	NA	NA	NA	NA	NA	NA	NA	NA	NA	NA	NA
1.0178726018783	2.03274811677653	0.741348177150441	NA	0.598168057905168	2.23704414818253	1.05850669999833	0.795312576559143	1.70590030889916	1.32340719444594	1.70553938040408	0.822370600306857	1.66291311840804	1.79092349019146	0.441153245594744	1.64320592734165	1.77472995041098	NA	0.343971989341824	0.696646128241696	0.602566035879294	0.757577380409684	0.891840394137284	0.764807721721016	2.03774140134892	1.50616662829872	1.76840094840639	1.40776136384907	1.17083569532553	1.15542944543153	1.19025874689779	1.45730267393091	1.57743233742819	0.97490027380061	1.05148896715829	0.991141766053932	1.719991959438	1.94264327701034	1.96284393860554	NA
1.62101023999256	1.63556302193377	1.52419368670393	1.59909652007356	1.29303901101556	1.19288215787823	1.34037913303564	0.927983165814355	1.62568269270801	1.18832803336628	1.53389975122538	1.03921133188901	1.50517531237394	1.41624504183629	0.900573993694444	NA	0.718315535111548	NA	0.508240414868496	0.583641538928014	0.557717813441621	0.405348790998438	0.842301258698458	0.957964438906772	1.18687766304451	0.302507938448439	NA	NA	0.241306130875321	0.448121339366342	NA	0.770294654676044	NA	0.989362342920831	0.545270461668947	1.08180341615286	1.08093872344186	0.743253240128795	NA	0.475171449623656
NA	NA	1.64201373948717	NA	NA	NA	1.13243568415086	1.12737642488457	1.29193605418653	NA	NA	1.12689294146112	1.11998716049316	1.15675611200241	0.904649306308928	NA	NA	NA	NA	NA	NA	1.17961566972295	0.946401946711156	NA	1.57105548585877	NA	1.31235033478767	NA	NA	NA	0.86216924943337	1.09751488929313	1.68112595865361	NA	NA	NA	NA	1.43254755890717	1.57779730833091	NA
1.91469324725252	NA	NA	1.45375811594288	1.22775576400372	0.961885674773196	NA	0.581545671233405	0.973148540541753	0.671809233842397	0.655641294507145	1.13271184631163	NA	NA	0.469191855121069	1.65963897292826	NA	NA	NA	NA	1.56701594498284	NA	1.59738733989874	1.62284411542498	1.65636145919314	1.56596733478612	2.04743946932278	1.24653198656229	NA	1.67036858285166	NA	1.32166018964105	1.74754854071346	1.51201105519134	NA	NA	NA	1.80926598545157	0.526322666901649	NA
NA	NA	NA	NA	NA	NA	NA	NA	NA	NA	NA	NA	NA	NA	NA	NA	NA	NA	NA	NA	NA	NA	NA	NA	NA	NA	NA	NA	NA	NA	NA	NA	NA	NA	NA	NA	NA	NA	NA	NA
NA	1.08811757984293	0.732025349976232	NA	NA	0.179113525379907	0.640591470206912	NA	NA	NA	0.366416438116854	NA	0.345900630385714	NA	0.515183082148264	NA	0.149685977035804	NA	0.281914242100744	0.686308229003035	0.68901862989518	0.349705877924741	NA	0.359636582712499	0.487712967227684	2.07987845877463	0.725340607849291	0.617148228414058	NA	0.807387760693893	1.8696142849121	NA	NA	NA	1.39884823964272	1.76869116609064	1.16792653342599	NA	1.09912583943583	0.727498207118881
NA	NA	NA	NA	NA	NA	NA	NA	NA	NA	NA	NA	NA	NA	NA	NA	NA	NA	NA	NA	NA	NA	NA	NA	NA	NA	NA	NA	NA	NA	NA	NA	NA	NA	NA	NA	NA	NA	NA	NA
NA	NA	NA	NA	NA	NA	NA	NA	NA	NA	NA	NA	NA	NA	NA	NA	NA	NA	NA	NA	NA	NA	NA	NA	NA	NA	NA	NA	NA	NA	NA	NA	NA	NA	NA	NA	NA	NA	NA	NA
1.31496352909905	0.386642699544857	1.17249266572505	1.28413322599046	0.957805409648112	1.58091375717734	1.84404743822683	1.81167329123893	1.52042434505372	1.64319991476439	NA	NA	1.40465359693324	1.31480305291756	1.60594637346877	0.983863037150481	1.55668923524463	NA	1.52792549943571	1.58741241707489	NA	2.27689631566349	1.95876773585219	2.28051890678891	1.78002349060481	2.33396527410759	NA	2.62779392299886	2.45383023203133	1.83222428062336	NA	2.5689809643602	2.28506421323111	2.22617574418319	NA	2.18808146287108	NA	NA	NA	NA
1.0231926507345	1.31097072972893	1.66688787813298	NA	0.36864738227677	0.228275055392794	0.36093730435146	0.0394663746042491	0.329220996676333	0.232513839288234	0.418291763834115	0.826264743086955	NA	0.594203176692684	0.571334367860314	NA	0.483313222459127	NA	0.0602517384323454	0.431544154214246	0.462880644095213	1.4736288625505	0.436807332228887	NA	NA	0.506808206892369	0.474525378532226	0.656222967360841	1.23691191068694	0.838450903141403	NA	0.929515881730751	1.01928441923276	NA	1.36322405149959	1.53914787063231	1.02584343051997	1.64935256165945	NA	NA
NA	NA	NA	NA	NA	NA	NA	NA	NA	NA	NA	NA	NA	NA	NA	NA	NA	NA	NA	NA	NA	NA	NA	NA	NA	NA	NA	NA	NA	NA	NA	NA	NA	NA	NA	NA	NA	NA	NA	NA
1.74259902214019	NA	2.03902837090375	1.50403325221529	1.63820317114445	1.45682739963722	NA	1.38727848409022	1.25890243828486	NA	NA	1.32800330459269	NA	NA	1.39395609465221	1.11466590382759	1.20739477310025	NA	1.19863988781353	1.47036784220075	NA	1.43544077382568	1.60613601430631	1.42349384287379	NA	NA	1.35165263636755	1.15145660715231	NA	1.79295237797281	1.74927818645857	NA	NA	1.67216281298542	1.62707554153147	1.41403017795513	1.33282640707949	1.73793070921374	1.6843933299946	1.78370404046563
NA	NA	NA	0.494469469640494	NA	0.699595966578066	0.961228600383413	1.35804818937004	0.343675675249587	0.0630951455671735	NA	NA	0.283360958791374	0.52065712938002	0.422470831451376	NA	NA	NA	NA	0.3870607332751	0.589977223042561	NA	0.916415054293561	0.610385007169545	0.756377822306342	0.627186256209346	0.741045675635608	0.880293344936411	0.578413157748585	0.692842498706925	0.533003451552789	NA	NA	0.930438910388112	0.434831918453597	0.617329538194499	0.449453385546044	NA	0.442999758970711	NA
1.51841943723018	1.42739515602116	NA	NA	1.05776334476381	0.452899299189058	0.236956053449571	0.386838450442264	1.29485223432961	0.79212434598571	0.474196384951458	0.765078988128116	0.362664699115418	0.327419987932839	0.363453397342589	NA	0.213105999988731	NA	0.843430486423572	0.470928603849433	0.757630194536532	NA	0.692475264962829	0.643604902314792	0.776328516316582	0.814817607898025	0.739904974325686	0.444142911302946	0.598555345221808	0.912864469852769	0.233330419627483	0.753653417387062	1.00195213457681	0.699019932869675	0.647071356000378	0.450341697511178	0.486540528030536	0.394001437369767	0.819177792435316	0.40646255792879
NA	NA	NA	NA	NA	NA	NA	NA	NA	NA	NA	NA	NA	NA	NA	NA	NA	NA	NA	NA	NA	NA	NA	NA	NA	NA	NA	NA	NA	NA	NA	NA	NA	NA	NA	NA	NA	NA	NA	NA
1.23596360249832	NA	NA	NA	NA	0.274510691571491	0.283155669631784	0.425323847937873	NA	NA	NA	NA	NA	0.288272582831102	NA	NA	0.216056949383876	NA	1.511090472304	0.164447839209957	0.128249923800065	0.192748573780679	0.652240184522196	0.700161804776508	0.804180329801224	0.839844147235541	0.780646628387151	0.782617654505003	0.504837160647183	NA	NA	0.411335671739	1.41359590256293	1.27120772212394	0.982718377462103	0.83035705929651	0.84491060796768	1.24374612812354	1.43674196057934	1.8326836805623
0.981568488244597	NA	NA	NA	1.26772110702619	NA	NA	1.48623679208934	1.94185487967145	NA	NA	1.55166780682622	NA	1.66044785847101	1.43303091310686	NA	1.4919196538949	NA	0.999229402357352	0.721214794359588	0.875306606375824	0.175182650371435	0.558279421424671	NA	NA	NA	NA	NA	NA	NA	NA	NA	NA	NA	NA	NA	NA	NA	NA	NA
NA	NA	NA	NA	NA	NA	NA	NA	NA	NA	NA	NA	NA	NA	NA	NA	NA	NA	NA	NA	NA	NA	NA	NA	NA	NA	NA	NA	NA	NA	NA	NA	NA	NA	NA	NA	NA	NA	NA	NA
NA	NA	NA	NA	NA	NA	NA	NA	NA	NA	NA	NA	NA	NA	NA	NA	NA	NA	NA	NA	NA	NA	NA	NA	NA	NA	NA	NA	NA	NA	NA	NA	NA	NA	NA	NA	NA	NA	NA	NA
NA	0.624450439413797	NA	NA	NA	0.894110909007152	1.01567349509588	1.14693052521854	0.652014457975847	0.569415098031278	0.66403258179971	0.424191036166728	1.66338815188504	0.541302681211995	1.43678865672437	0.514102797732221	0.410333108172996	NA	0.460431779458112	0.724489850120995	0.698236491761682	0.574529226340039	NA	0.120035617740958	1.14035085309737	NA	1.23738228277657	0.67012966822266	0.968774953146658	0.784104880066022	NA	0.304855123206644	0.326360010728783	0.288338552393447	0.452284082583403	0.54696450953081	1.55093505387911	NA	NA	0.438236943842579
1.29268530077261	NA	0.529787038384303	NA	0.812634414391816	1.26453361365587	0.541383122929581	0.536750181822254	0.909485813841143	0.318546008413738	NA	0.617569162477467	0.597958219252188	0.663601250470033	0.539614468308075	NA	1.90788090133161	NA	NA	NA	NA	0.712739016352737	1.12253018869546	1.1052421751532	0.764859117921542	NA	1.67863510343052	1.51177981585707	NA	2.02067181988547	NA	0.71970294059957	1.60445624552947	1.06634753300065	NA	0.589192624667484	NA	0.616194881516391	0.650262365626482	0.739212070757278
0.794385158004773	NA	0.427596331584415	1.48728938373832	0.270205005732971	0.775715972106737	NA	0.979324958081558	0.697415718113417	0.824891754924338	NA	0.931865434688255	0.514381590433868	0.800192760077819	0.537781707802214	NA	0.519559768342095	NA	NA	0.327136743416069	0.837791204477188	NA	0.697495598952792	0.632092394820192	NA	NA	NA	0.429863757591954	0.54925031117698	NA	0.797356374741172	NA	0.445157167170239	0.543496851396889	1.80201419271674	0.547179699213184	0.264021662305681	0.603172253697577	0.301306492892307	NA
2.34260636352066	NA	2.02181053977492	1.42353642427278	NA	0.75859068056403	0.860039640394498	1.40049954967672	NA	NA	NA	0.784907473501096	NA	NA	0.713656264975327	NA	NA	NA	NA	0.439985082532112	0.700404272347153	0.571826734260217	0.801570518687874	0.789281002371469	0.953098326008207	1.02235684639591	NA	1.50694157032469	1.71963197550048	1.7755381581682	1.69096190789406	NA	NA	1.89390532454946	2.02170311130732	NA	1.78834831333759	1.95479539790407	1.63737462568572	1.86935327068478
NA	NA	NA	NA	NA	NA	NA	NA	NA	NA	NA	NA	NA	NA	NA	NA	NA	NA	NA	NA	NA	NA	NA	NA	NA	NA	NA	NA	NA	NA	NA	NA	NA	NA	NA	NA	NA	NA	NA	NA
NA	NA	NA	NA	NA	NA	NA	NA	NA	NA	NA	NA	NA	NA	NA	NA	NA	NA	NA	NA	NA	NA	NA	NA	NA	NA	NA	NA	NA	NA	NA	NA	NA	NA	NA	NA	NA	NA	NA	NA
NA	NA	NA	NA	NA	NA	NA	NA	NA	NA	NA	NA	NA	NA	NA	NA	NA	NA	NA	NA	NA	NA	NA	NA	NA	NA	NA	NA	NA	NA	NA	NA	NA	NA	NA	NA	NA	NA	NA	NA
1.04709276871208	NA	0.713102256781798	0.265161963752979	0.363524610925108	0.128595304550256	0.68483862117714	0.660547440088556	0.734638240701848	NA	NA	NA	NA	0.866797908969647	0.533448736208627	NA	0.453044525318535	NA	NA	0.113554526212345	0.901693618322506	0.234232504163815	0.846599716165458	0.610241445425697	NA	NA	0.621988814151507	0.930510287360891	NA	NA	NA	0.635874523523617	NA	0.56555437359129	NA	NA	1.63307730181553	1.57688410897144	NA	1.12723789593603
2.20572505340187	NA	NA	NA	NA	NA	NA	NA	NA	NA	0.439299164453496	1.28794300315395	NA	NA	NA	0.340831781594075	0.47160921661045	NA	1.83550150974139	2.03360755931415	NA	NA	NA	NA	0.495755452102446	0.673075135113993	NA	0.32725214083703	0.882643780525784	0.580107715053339	0.588579080498641	0.410289988993343	0.215608920221251	0.342548540998998	NA	NA	NA	NA	NA	0.761755775299153
1.87704352358499	NA	NA	NA	NA	NA	NA	NA	0.406821611519819	NA	0.592877665002854	NA	1.38791504934963	1.50111899508135	NA	NA	1.21273812700074	NA	0.514897683832811	NA	NA	1.05605311985676	NA	1.74980573443629	1.93152705205458	0.736632637208313	1.80215658356673	NA	NA	NA	2.49646270668124	NA	NA	1.72717860952662	1.47118600979682	1.85677324982833	NA	NA	NA	NA
NA	NA	NA	NA	NA	NA	NA	NA	NA	NA	NA	NA	NA	NA	NA	NA	NA	NA	NA	NA	NA	NA	NA	NA	NA	NA	NA	NA	NA	NA	NA	NA	NA	NA	NA	NA	NA	NA	NA	NA
NA	NA	NA	NA	NA	NA	NA	NA	NA	NA	NA	NA	NA	NA	NA	NA	NA	NA	NA	NA	NA	NA	NA	NA	NA	NA	NA	NA	NA	NA	NA	NA	NA	NA	NA	NA	NA	NA	NA	NA
NA	NA	NA	NA	NA	NA	NA	NA	NA	NA	NA	NA	NA	NA	NA	NA	NA	NA	NA	NA	NA	NA	NA	NA	NA	NA	NA	NA	NA	NA	NA	NA	NA	NA	NA	NA	NA	NA	NA	NA
1.29007443576688	NA	1.12624258651399	NA	NA	0.33017912623232	NA	0.569644452686927	0.247741478143599	0.657336268166232	NA	0.432008996996673	1.43961915044473	NA	NA	NA	NA	NA	NA	0.628568400148555	1.10223347828691	0.680824377266735	NA	0.795369129435178	0.72023708762509	NA	NA	NA	NA	NA	0.566823307782295	NA	0.669595151844254	0.159789278095495	NA	NA	0.0989238139435335	0.596908865140148	0.604447447996296	0.247596829003711
NA	NA	NA	NA	NA	NA	NA	NA	NA	NA	NA	NA	NA	NA	NA	NA	NA	NA	NA	NA	NA	NA	NA	NA	NA	NA	NA	NA	NA	NA	NA	NA	NA	NA	NA	NA	NA	NA	NA	NA
NA	NA	NA	NA	NA	NA	NA	NA	NA	NA	NA	NA	NA	NA	NA	NA	NA	NA	NA	NA	NA	NA	NA	NA	NA	NA	NA	NA	NA	NA	NA	NA	NA	NA	NA	NA	NA	NA	NA	NA
NA	0.664439946858896	NA	0.503782496886888	NA	0.483823814586111	0.496458150375366	0.518895897722387	0.633379312879335	0.574176364396315	NA	0.526650687159392	0.646670930681994	0.484931047521019	0.653755131718746	0.610501082546567	0.607880770753472	NA	0.460243845295238	0.465858301055687	0.359631947580848	0.14482644062215	1.5680202473697	0.234203921703172	0.422038638270423	0.588610157952333	0.789032007040704	0.451502144812755	0.525958533942841	0.25816210089651	0.539848840117083	0.388100742131435	0.173791019535836	0.836960586618792	0.431232354232701	1.67208179239435	0.931281159219731	0.422677044962315	1.06498517941227	0.781870778970517
NA	0.934326723562158	NA	NA	NA	NA	0.321003905496781	1.54819208439351	0.230828648492966	1.69182138909856	0.46303318053295	0.432516483606748	0.671360353674415	NA	1.79954260041273	0.272064361094237	0.749304578884332	NA	2.00312938260599	NA	NA	NA	2.20696605394376	1.36368460809768	2.2788678638426	1.7894200337469	NA	NA	1.86608104919099	NA	1.66984493185381	2.10557069824464	1.43252304977478	NA	1.50841372768718	1.47702889608211	2.05653520871183	NA	1.07107755211113	1.81070998661077
1.27900669691002	1.00227474003177	1.01478899837983	0.723155132493677	1.44781448448713	0.992903009974502	0.837554039735155	NA	0.750145692357546	0.549399837982378	1.28022663223706	1.05203198613247	1.12284264319505	1.00726994625697	0.790064366196147	1.47244305072184	NA	NA	0.280005959686392	0.342435065866971	0.376615473842066	0.938300391742918	1.15024555174445	0.667243571939561	1.02849492170335	NA	0.866426638561677	1.02475719897941	1.15505943495487	1.36397146152976	0.963371100912595	0.9978449504393	1.01056376316413	1.27593842753899	1.05273926390449	1.10694275614017	1.19690638629542	NA	1.12294245344653	NA
NA	NA	NA	NA	NA	NA	NA	NA	NA	NA	NA	NA	NA	NA	NA	NA	NA	NA	NA	NA	NA	NA	NA	NA	NA	NA	NA	NA	NA	NA	NA	NA	NA	NA	NA	NA	NA	NA	NA	NA
NA	NA	NA	NA	NA	NA	NA	NA	NA	NA	NA	NA	NA	NA	NA	NA	NA	NA	NA	NA	NA	NA	NA	NA	NA	NA	NA	NA	NA	NA	NA	NA	NA	NA	NA	NA	NA	NA	NA	NA
NA	NA	NA	NA	1.31676408129126	1.09563048559631	NA	NA	NA	2.16708252462495	NA	0.466959014214442	0.440128335199507	1.02482396546716	NA	NA	0.450124823493594	NA	NA	0.814058717301179	0.982002708115089	1.48234262444867	NA	1.67822759818662	1.81598661573571	1.30628226383886	NA	1.70532231925399	NA	1.88546087478647	1.66534614970011	2.09275687753898	NA	2.03878177521169	2.02936849489998	2.22289812261703	NA	NA	NA	2.15881787777169
NA	NA	NA	NA	NA	NA	0.650718120273236	0.888844113455443	0.960375150658033	1.42422287369276	1.36059964900253	0.726158246765493	0.914073555870348	NA	NA	NA	0.355293119014904	NA	NA	NA	0.905552051042036	0.557834478306519	1.94415119998721	0.87191855639423	0.831098427689489	NA	NA	0.754805247927128	1.2389478870879	2.07894194591753	1.85835697705646	0.918493134238662	NA	1.35164137613442	0.878745192109993	1.94391796684942	0.670840094986371	0.757425169305676	0.768919852182801	NA
NA	NA	NA	NA	NA	NA	NA	NA	NA	NA	NA	NA	NA	NA	NA	NA	NA	NA	NA	NA	NA	NA	NA	NA	NA	NA	NA	NA	NA	NA	NA	NA	NA	NA	NA	NA	NA	NA	NA	NA
NA	NA	NA	NA	1.09673768190275	0.472230239818398	1.31282274413172	0.719699802726159	0.457093708979817	NA	NA	0.372406236591099	0.754737711887604	0.519708616695693	0.30401839529732	NA	0.309991755595858	NA	NA	0.662909149147696	0.781313773008669	NA	0.502360488442787	0.437565467215859	0.470878819278193	0.74779265015865	0.790118628335749	0.666715920346905	0.500974507661246	NA	0.19354131042769	0.521727575856245	0.334663346603646	0.784523589986846	0.618098345434766	0.586957900417355	0.438813017870265	0.236598159331269	NA	NA
NA	0.609466257041622	0.85429151274059	NA	0.853390001996165	NA	0.504712615172375	NA	0.17909123335943	0.339010815025276	0.254650991002056	0.218870939963449	1.59815528615573	0.283306264939055	1.67657070528087	NA	0.438387253135983	NA	0.490333020488247	1.57053758141934	0.669529157296577	0.507500837218922	0.463268267195495	0.24252261968695	0.496085472273959	0.472655804220024	0.747284627239557	0.650786716005323	0.607287509627256	0.671726615777104	0.834822834397066	0.805828653160932	1.03640636650341	1.0841477045379	1.62628672745514	1.56429558466086	NA	1.25759932859034	NA	NA
NA	1.1326313374305	NA	NA	1.14132777308241	0.705335666627537	NA	NA	1.06987187553615	0.981912998498502	1.04162104202738	1.1632160331221	NA	NA	0.700786595329318	0.910853168792227	0.240118607133457	NA	0.565417366067049	0.718252469771275	0.821722330068631	0.586352557110095	1.01172788047416	1.00024078563379	1.35678329637406	1.35137701897822	1.41277238885188	1.21966707191936	1.60453064437457	1.0341924896156	NA	0.626595780351736	0.997208364091687	NA	1.56649711554726	0.867925875835353	1.10705335131454	1.31421602013056	2.00182126689166	1.18746442407477
0.956059899258401	NA	1.14439923746099	NA	1.09751484052974	NA	0.472030575256066	0.543556102133918	0.281181935279661	0.249743233537363	0.563681667995468	NA	1.25529234328216	NA	NA	NA	NA	NA	NA	0.705235703448034	0.212433923596711	0.402713816133181	NA	NA	NA	0.664433952931778	1.26633977960944	0.618793165992411	0.487803965093642	1.37626834546372	0.516382082348358	0.449539462800084	0.602664429859608	NA	0.730411664575349	NA	NA	0.538140710789721	0.537867163722368	NA
2.00310022033605	2.92867020747544	NA	NA	1.49547605383472	1.78915000599121	1.60584528965287	1.63476539247335	NA	0.522190034544106	0.622239634249121	0.497079126124704	1.48495913838337	1.41986944512667	NA	1.40924826675238	0.566463158948443	NA	NA	1.58716242572518	1.25214042329185	1.24550907582602	1.52701310955945	1.5727858365503	0.891778238463921	1.1330302725623	1.44972836730415	1.51687998900285	1.46956871946983	1.57741466608568	NA	1.73714068134893	1.37203973587857	1.55794197120932	1.7014791486177	1.04184470317037	1.47065497149486	1.45726985057854	1.42551807838894	1.64649956279071
NA	NA	NA	NA	NA	NA	NA	NA	NA	NA	NA	NA	NA	NA	NA	NA	NA	NA	NA	NA	NA	NA	NA	NA	NA	NA	NA	NA	NA	NA	NA	NA	NA	NA	NA	NA	NA	NA	NA	NA
NA	NA	NA	NA	NA	NA	NA	NA	NA	NA	NA	NA	NA	NA	NA	NA	NA	NA	NA	NA	NA	NA	NA	NA	NA	NA	NA	NA	NA	NA	NA	NA	NA	NA	NA	NA	NA	NA	NA	NA
0.782171767735433	NA	0.652489842907652	NA	NA	0.352215272710054	0.227660195577649	NA	0.676376545754381	0.604550111573501	0.443249662656076	NA	0.417692554099668	0.10332713383019	NA	NA	0.399449721646136	NA	NA	1.24090951869388	0.313934870033759	0.641885986223377	NA	0.518375032175503	0.235336717690676	0.908155992487607	0.361668762044877	NA	NA	0.700139250864911	NA	1.34049854030469	1.3390410953274	1.29978896310489	NA	1.27254374185699	1.66731821887205	1.64569757702947	1.71021907318654	NA
NA	NA	NA	NA	NA	1.19357337816925	NA	1.13585019021441	NA	0.832244337967286	0.757493896541698	NA	NA	NA	0.265395957080552	NA	0.688608534418556	NA	NA	0.639170048320908	NA	0.823643166169374	NA	NA	NA	1.50599289410639	0.980715097868089	NA	0.876340698266055	0.774511821917497	NA	0.56156492360853	NA	0.922220313513969	NA	1.39111075207317	NA	1.23785523659711	1.15350577401985	NA
NA	1.37034073577885	0.733380711550603	NA	1.37676187348295	0.906021349986903	0.457287632364957	1.10347058538076	1.0279983351556	1.36308032126057	0.505227214386442	0.838888839404733	1.51760244911052	1.41635374219309	NA	NA	0.462904650602806	NA	NA	0.891857145930013	0.789078511455836	1.4164020074575	NA	1.29642366915111	0.232714708153614	1.69647842050252	NA	0.652657602017329	1.0686607534968	NA	NA	0.422759689347807	0.706655819526389	1.14582912822682	NA	0.945844481195004	0.951757179275089	1.18528085464277	NA	NA
NA	NA	NA	NA	NA	NA	NA	NA	NA	NA	NA	NA	NA	NA	NA	NA	NA	NA	NA	NA	NA	NA	NA	NA	NA	NA	NA	NA	NA	NA	NA	NA	NA	NA	NA	NA	NA	NA	NA	NA
NA	NA	2.41070817064211	NA	NA	NA	NA	2.16122582665686	NA	2.08351631552246	NA	1.71603119266281	1.91095399988858	NA	NA	NA	NA	NA	NA	1.91048897430962	1.27482484662383	2.1373808585338	2.19826484857572	2.23582972403428	2.7633410235488	2.57338658577739	NA	2.47811068536145	1.55328501984744	1.70583265097499	0.746097935115482	NA	1.25407560921507	1.17251850912052	NA	NA	1.36646614300509	1.20062716005356	1.38915980593647	NA
NA	0.541633823643845	NA	NA	NA	0.760509789119745	0.480034922571701	NA	0.714265203507771	NA	0.577684110733957	0.461484906360465	0.571256695722079	0.649602921283584	0.511464378880896	NA	0.545599332228839	NA	NA	0.343062800734801	NA	NA	0.268755492856357	NA	0.585726132161134	NA	0.425868028851212	0.965888518812441	NA	NA	NA	NA	1.09864066539876	NA	NA	NA	0.877133672253374	0.720620210281325	0.790304833144166	0.817158495019196
2.0641698566044	2.20975193609886	1.94050128545466	NA	NA	2.20326170903293	2.50130090991221	NA	0.213377024942385	0.145857053118844	1.72241818126529	0.395221823677725	NA	1.82811654211791	NA	1.56065743382037	2.40652259000893	NA	2.21489996147589	NA	0.57964517546066	2.14744962222687	1.6516858424272	NA	NA	NA	NA	1.44235394942209	1.16968980789017	1.80118263453539	NA	NA	1.31694615550408	1.47692379510018	NA	2.37378661087171	1.8450328607118	1.8989326881492	NA	NA
NA	NA	NA	NA	NA	NA	NA	NA	NA	NA	NA	NA	NA	NA	NA	NA	NA	NA	NA	NA	NA	NA	NA	NA	NA	NA	NA	NA	NA	NA	NA	NA	NA	NA	NA	NA	NA	NA	NA	NA
0.873918651509435	0.652433968492417	1.11825256724104	NA	NA	0.564376825831547	0.724104348399854	0.722684316799261	0.591126569927254	0.835757530044272	NA	0.676683183128078	NA	0.930253994363692	0.812947591236023	NA	NA	NA	NA	0.433079586756261	1.62001271418513	1.44885146060705	NA	NA	1.0597604344771	0.913836120903505	1.25717492407771	NA	1.17612526982572	NA	NA	NA	2.17217428178601	NA	NA	NA	0.4908845488472	NA	1.39427329715047	1.83699909348394
NA	1.11265080241536	NA	NA	NA	NA	NA	0.406846392344559	0.368282113146288	NA	0.370805727478677	0.602547417602563	NA	0.524152987642933	NA	0.267832630905857	0.229844858674365	NA	0.637554653626345	0.25940274762217	NA	NA	NA	0.605915496948296	0.269347151604848	NA	NA	0.374342050385293	1.08122189102379	0.675284845022571	NA	NA	0.86408395134464	0.976632930327253	NA	NA	NA	0.411756936530472	NA	0.452778885062564
0.75001277725268	1.12157108743741	0.681491727637296	1.20178137576507	0.926927707270059	1.083126650288	0.755527287179651	0.490646422435873	0.78749244751873	1.13065310703369	NA	0.664663170328866	0.482450701339103	0.555297833391999	0.170266448751478	0.338011951766055	0.130944654635766	NA	0.503225963530518	0.307398455502867	0.571829659032159	NA	0.85197362924048	0.272303818882108	0.557929194590772	0.275877445719139	0.603383572187921	0.806105310553111	0.897739050833218	NA	0.574796054999587	0.99641536996121	0.793893446596895	NA	0.574852726961317	NA	0.482003976863422	1.81088466530895	0.730143198750357	0.609331678571655
NA	0.66300191898194	NA	0.710747124897941	0.736466366720387	NA	1.20472734284457	0.860599168279945	NA	0.259198105162952	0.459365715731589	0.391376006674597	0.594482818836978	0.100751316203874	0.379883796884911	NA	0.723055340723435	NA	NA	NA	NA	0.357925543078548	NA	NA	0.950082528847141	NA	NA	NA	NA	1.01436859829447	1.204381048299	1.11028367615108	NA	NA	NA	NA	NA	NA	0.540102512607641	NA
NA	0.933736186005811	0.696835501884774	NA	0.435782037576594	0.15213008857191	1.15710653645274	0.733724193543683	0.565166912625697	1.06074329885714	0.548567155234836	0.630639816269197	0.89798687040512	0.476926477070649	0.729882841259068	0.35373472883416	0.30087428940546	NA	2.24175769853122	0.376727993818166	0.447909543287303	0.626667353377125	0.602467669831065	0.638551225567805	0.37046709217689	NA	0.561015336020974	0.741454666558219	0.539863045350685	NA	NA	0.564984219057215	0.480514533315045	NA	0.874140445554154	NA	0.243646649182294	0.734054441696731	NA	NA
NA	NA	NA	NA	NA	NA	NA	NA	NA	NA	NA	NA	NA	NA	NA	NA	NA	NA	NA	NA	NA	NA	NA	NA	NA	NA	NA	NA	NA	NA	NA	NA	NA	NA	NA	NA	NA	NA	NA	NA
NA	NA	NA	NA	NA	NA	NA	NA	NA	NA	NA	NA	NA	NA	NA	NA	NA	NA	NA	NA	NA	NA	NA	NA	NA	NA	NA	NA	NA	NA	NA	NA	NA	NA	NA	NA	NA	NA	NA	NA
NA	NA	NA	NA	NA	NA	NA	NA	NA	NA	NA	NA	NA	NA	NA	NA	NA	NA	NA	NA	NA	NA	NA	NA	NA	NA	NA	NA	NA	NA	NA	NA	NA	NA	NA	NA	NA	NA	NA	NA
1.66206319704458	NA	NA	NA	NA	NA	NA	0.414010535108607	NA	NA	NA	NA	0.543705495178336	0.71106714859903	0.165761627204275	0.0932543432506314	0.443020513549267	NA	0.699556049850159	0.794481026407805	0.861867385783538	NA	1.81354846003621	NA	1.12055768129223	NA	NA	1.47427087741042	NA	NA	NA	2.2880757657459	NA	NA	1.56741085274164	1.7995111203975	1.97104660530207	NA	NA	NA
1.0726343388497	0.630620528353746	0.522760087627543	NA	0.462959917053409	0.670490661816025	0.793483426086373	1.39059753810767	1.03582707056892	0.795323191390442	0.668471719196556	0.386067449365046	0.563943489962421	NA	0.71793423816464	0.512114426616472	NA	NA	NA	0.387436856126634	NA	NA	NA	NA	NA	NA	NA	NA	0.286148644812014	0.413723345497024	0.120238584271415	NA	0.56135487144756	0.65012114095809	0.582541739300373	0.797385701094385	NA	NA	0.556804360852857	NA
NA	NA	NA	NA	NA	NA	NA	NA	NA	NA	NA	NA	NA	NA	NA	NA	NA	NA	NA	NA	NA	NA	NA	NA	NA	NA	NA	NA	NA	NA	NA	NA	NA	NA	NA	NA	NA	NA	NA	NA
NA	NA	1.09526693242135	NA	1.11218578310983	1.22758905945553	0.784609615472156	NA	0.354472996961968	NA	NA	0.330708249310169	NA	NA	0.466850694051579	NA	NA	NA	NA	NA	0.498713474066457	NA	NA	0.706202330465729	0.750826492138982	NA	0.831183190767269	NA	1.26752244907183	0.606462714020857	0.411236901722112	1.78830028209041	0.860845664388015	1.56338831685979	1.33831706127205	1.10058963850621	1.85995703555524	1.65324124148642	1.59285812203385	NA
NA	NA	0.535356355634692	NA	0.459564149031458	NA	NA	0.558223056010456	0.551199582527735	0.392522705220749	0.570902698187305	0.466009141366555	0.734156048347861	0.298483179624137	NA	0.348241006063607	0.22434864668884	NA	0.83801911514213	NA	1.37452477085801	1.26259787013344	1.55124949383607	NA	0.593895615555698	1.1819429364987	NA	1.94953813676158	2.64469503707565	NA	NA	NA	2.39407706199466	2.42427901473796	NA	NA	NA	NA	1.64397996705678	NA
NA	1.26225157028998	NA	NA	1.67241195345064	NA	0.640978781490753	0.877420815513482	0.830155262355523	0.535786006301032	0.626791658947973	0.795295320676348	1.07274728290746	0.425640533816141	0.345859350952882	0.279883476032883	1.53930924660821	NA	0.245352992887826	0.404598344264001	0.530224927193293	1.26347207086745	NA	NA	0.509461566721624	0.651454662013127	0.782352389281827	0.489225605028219	1.88906445636436	1.39685032217749	NA	0.289528861629154	0.7525495492672	1.66829194916831	0.898248987793197	1.3796206871205	1.53007774797304	0.769164605664401	0.569401049174146	0.647239933667633
NA	NA	1.17774241437765	NA	0.84670852721318	NA	0.911957623152015	0.974224189458614	0.704258768678126	NA	NA	1.91334505512067	NA	0.291627885689435	NA	NA	0.47145116517589	NA	NA	NA	0.977488745128739	NA	1.37430685094512	NA	0.774556510627464	NA	NA	NA	0.991729937030323	NA	NA	0.929607267350218	0.878046914451488	NA	NA	0.781656669733236	1.15251309920368	NA	NA	NA
NA	NA	NA	NA	NA	NA	NA	NA	NA	NA	NA	NA	NA	NA	NA	NA	NA	NA	NA	NA	NA	NA	NA	NA	NA	NA	NA	NA	NA	NA	NA	NA	NA	NA	NA	NA	NA	NA	NA	NA
NA	NA	0.737044733851241	NA	0.756548285393847	0.534287924289262	NA	0.36098878535178	NA	NA	NA	NA	0.626347383385416	0.679587533993255	0.579510761111012	NA	0.193539933974161	NA	0.320278127498714	0.455985752242408	0.395509866385797	0.108314183172737	0.710346058349302	0.164597018506357	0.567705195163972	NA	NA	NA	NA	1.0486542960336	1.8558756927827	0.634237000828681	1.8045053494527	NA	NA	0.932843714347718	NA	NA	NA	NA
NA	0.512164364216073	NA	NA	NA	NA	0.650228826205277	0.48295445895858	NA	0.345730762905197	0.374030189709841	NA	NA	NA	1.33579530478319	0.5171382374509	0.453030463937036	NA	0.484152408139679	0.568648634485277	0.447757031807292	0.637295360004085	0.725508782733384	1.06328180625228	1.72583992731726	1.73989267768768	1.28499677637972	NA	NA	1.13492253534379	1.16706438529748	1.05027604497148	1.40050795494244	1.47610192614478	NA	1.47397048497628	1.6617298897927	1.76311008937477	1.3518850754174	NA
NA	NA	NA	NA	NA	NA	NA	NA	NA	NA	NA	NA	NA	NA	NA	NA	NA	NA	NA	NA	NA	NA	NA	NA	NA	NA	NA	NA	NA	NA	NA	NA	NA	NA	NA	NA	NA	NA	NA	NA
NA	NA	NA	NA	NA	NA	NA	NA	NA	NA	NA	NA	NA	NA	NA	NA	NA	NA	NA	NA	NA	NA	NA	NA	NA	NA	NA	NA	NA	NA	NA	NA	NA	NA	NA	NA	NA	NA	NA	NA
NA	NA	0.518139401805109	0.524017573213983	NA	NA	NA	NA	0.967668581798747	1.36558089406932	NA	0.078908907423883	NA	NA	NA	NA	NA	NA	NA	0.409094006520326	NA	NA	NA	1.19555810738848	1.52792088659414	1.46259060778154	NA	1.65496534329676	NA	1.51036575060851	0.561554580490677	1.1613895490661	NA	0.418918091889207	1.55452154720093	NA	0.960142399204018	1.25592878081489	0.718932724751875	NA
NA	0.709068565303462	0.671264742265911	1.13963618976281	0.680252127499408	0.531332184781915	NA	0.565709298449455	0.731407822070863	1.06542226509248	NA	0.978003939397507	0.898563886825316	0.724739998961643	0.598879661851145	NA	0.639187546979762	NA	0.785669518580845	0.444380267930196	0.576768514117901	0.413635603847929	0.45899856030942	NA	0.67566257082993	0.756855583038137	0.788488457631093	NA	NA	1.20578000479378	0.689136955519528	0.800467494007726	1.02230901397836	NA	1.33053218367542	1.47568300356784	0.774627152943129	1.91404402428412	2.00095761672817	0.883778125220751
0.605673826154761	0.26288462897313	0.378078762521588	NA	0.969593887122778	0.244405128140234	0.419137058359398	0.255732348788231	0.903532886648311	0.385092965910094	1.72832835802287	0.575750962365096	1.13512141346184	0.635166579932418	0.949186249723874	NA	1.45621991851015	NA	0.760966596742941	0.901737312071067	NA	0.851498937356836	0.770822551047405	1.11185088155846	1.2487495059595	1.3510088575254	NA	0.412200117924865	NA	NA	1.76556492755957	NA	NA	NA	1.46099348255231	1.00978473554551	1.32236650195006	0.915872506339666	NA	1.13881342701929
NA	0.32434899194493	NA	NA	0.499009374857801	NA	0.901461794942296	0.647506149903812	NA	0.570159578879791	0.589872847838821	0.378643368642103	0.773027711490256	0.719951373016615	0.399557761950911	0.326392359029477	NA	NA	NA	0.415971544066232	NA	0.461740534670074	0.765518221602	1.35318432132385	0.566233113929687	0.675724182071458	NA	NA	NA	1.1152136237016	0.968475343043496	NA	0.814936360185914	1.57950983951992	0.765992518406933	0.797305112569269	0.881135515673691	1.05743389397526	1.13723580638572	1.0993340439342
NA	NA	NA	NA	NA	NA	NA	NA	NA	NA	NA	NA	NA	NA	NA	NA	NA	NA	NA	NA	NA	NA	NA	NA	NA	NA	NA	NA	NA	NA	NA	NA	NA	NA	NA	NA	NA	NA	NA	NA
0.645599090207612	0.181949554582256	0.160051058589012	0.418684559111256	0.368857492068218	0.54125700610909	0.692069621594105	0.626470038481153	0.585749211023426	NA	NA	0.165106034123754	0.151245409236375	0.345610397583977	0.621075768818171	0.597022258763056	0.216479067499314	NA	0.428707464684331	0.171136349965083	0.464203019802193	0.17978518169338	0.513520264600271	0.380459041047149	0.704429955527467	1.74953637638741	NA	0.962986196910641	NA	1.1967076252532	NA	1.13099079239598	1.21647545871042	NA	1.52680664341189	1.6106353267126	1.24902691918553	1.38258469454821	1.40510336620616	0.700951880614166
1.12784799243124	1.028001920815	0.967658262124831	NA	0.814206952624564	0.400717107917499	0.789487329974627	0.353214207527896	NA	0.437194370177877	NA	NA	NA	0.250902918193132	0.273219267082012	0.761046922331993	0.0699175164635018	NA	NA	0.481148570650021	NA	0.460263988947044	0.534089384371635	0.321541517612851	0.123187366093825	NA	0.389587811499043	0.579107944360769	NA	NA	1.09454486930734	NA	NA	1.2883061723307	NA	0.838452065926054	NA	NA	NA	NA
0.524418672502876	1.42979694065823	0.496984292815192	NA	1.52512438197884	0.564777489763395	0.564121823182486	0.789868879501292	0.799447254706577	0.647619224212588	NA	1.57418800254217	0.235867219140465	0.389312552680816	0.378210763722875	0.217979127776466	0.462695034734917	NA	0.258310405711257	0.236812639054431	0.309828716878056	0.852849775756927	0.820310474410319	0.774753043627911	0.987631680781226	NA	1.00564788238647	0.906451800733636	0.752116228135282	0.779070528714986	0.910370400073491	NA	1.24186041167592	NA	1.10823583887256	NA	1.52348841401893	NA	1.13323479165516	0.806308124918809
1.26196367821139	NA	0.522447112234735	0.467795116783991	NA	0.554620457145679	0.59283132935159	0.307549455883388	NA	NA	0.58104455856167	0.928856481739529	1.17955396741071	1.04441640262442	0.964543845021429	0.766926244742747	0.633689545236906	NA	NA	0.442273810478427	0.984699489413765	0.536425561381906	0.916883327101172	1.24350180334534	1.07994506265383	1.25866964860481	1.24468494459918	1.28531286308978	NA	NA	0.514679142935363	NA	0.620841936079614	NA	0.562024457917287	NA	0.586568882821387	0.84775156122903	0.499172558962198	0.884040779323138
0.763574139847564	0.661923760375231	0.834380280305156	0.609822373401018	0.477991807969422	0.397138236957305	0.364225919825164	0.503757703299542	0.54855735947104	0.301044181813206	0.493347876979892	NA	NA	0.249821325266042	NA	NA	0.0903368703558492	NA	0.997004088684017	0.544984724609867	0.552324365088749	0.588070386475926	NA	0.662817711886823	0.84437023208474	0.871485926240602	0.771589148933047	0.892365101660515	0.708670612880393	0.519559674045154	0.788115735484553	0.903835606062743	0.994438773073107	1.03124317195975	1.27505856922209	1.47416238444409	0.484932949562953	1.4923179675953	1.20318105570586	0.760102783949233
0.708374390324443	NA	NA	0.796347723412674	NA	NA	0.637682794281119	NA	0.887975665938644	NA	NA	0.221591733395143	0.553172108355786	0.842465458637806	0.277162443787099	NA	NA	NA	0.362610720680108	NA	0.733562668657329	0.79502850801981	0.884049804330809	NA	NA	NA	1.05323295973104	1.38438954196035	NA	1.2103593257601	NA	1.33388765090021	1.48653218436701	NA	1.76196185495245	1.4887674000455	1.82192141632533	NA	NA	NA
NA	NA	NA	NA	NA	NA	NA	NA	NA	NA	NA	NA	NA	NA	NA	NA	NA	NA	NA	NA	NA	NA	NA	NA	NA	NA	NA	NA	NA	NA	NA	NA	NA	NA	NA	NA	NA	NA	NA	NA
NA	NA	NA	NA	NA	NA	NA	NA	NA	NA	NA	NA	NA	NA	NA	NA	NA	NA	NA	NA	NA	NA	NA	NA	NA	NA	NA	NA	NA	NA	NA	NA	NA	NA	NA	NA	NA	NA	NA	NA
0.497548418213793	0.408159156528685	0.336681730621395	1.11624601883957	NA	0.521427054708864	0.625714478940431	0.335539578588179	0.663173903559766	0.611506998021372	0.784598714605509	0.81177621349736	0.832923116344437	0.464700653563005	0.234456989352117	0.396792778731332	0.177411785926375	NA	0.415580657512007	0.640102588060261	NA	NA	NA	NA	1.07279192222065	0.95645882351553	0.570855692553002	0.461424530605669	0.571263586465302	0.715608560208943	0.539067019520137	NA	NA	NA	0.880413040800375	1.00159979035467	1.30854544453556	0.772719846778568	NA	0.526672417547151
NA	NA	NA	NA	NA	NA	NA	NA	NA	NA	NA	NA	NA	NA	NA	NA	NA	NA	NA	NA	NA	NA	NA	NA	NA	NA	NA	NA	NA	NA	NA	NA	NA	NA	NA	NA	NA	NA	NA	NA
1.1332529528039	NA	NA	NA	0.645498538768498	0.215236098790625	0.439694270234407	1.18876236165678	NA	0.417250196251277	NA	NA	NA	0.600480192232443	NA	0.614377678514631	0.349096447215146	NA	NA	0.270311493157818	NA	NA	0.755509875351718	NA	0.691650330225773	0.472484456382737	0.589767637492544	NA	NA	0.619963360956572	0.888475476115912	0.706359588045131	0.757651463219132	1.2693863934037	NA	1.07696110105317	0.654881830475152	0.646743147378337	NA	0.701266255403014
NA	NA	NA	NA	NA	NA	NA	NA	NA	NA	NA	NA	NA	NA	NA	NA	NA	NA	NA	NA	NA	NA	NA	NA	NA	NA	NA	NA	NA	NA	NA	NA	NA	NA	NA	NA	NA	NA	NA	NA
NA	NA	NA	NA	NA	NA	NA	NA	NA	NA	NA	NA	NA	NA	NA	NA	NA	NA	NA	NA	NA	NA	NA	NA	NA	NA	NA	NA	NA	NA	NA	NA	NA	NA	NA	NA	NA	NA	NA	NA
0.701376235691477	NA	0.885162897031784	1.76643280504325	0.888455750999054	0.607045649866648	1.06321996281965	0.92421208368444	0.862783512778749	0.830369911767872	0.92264293792745	0.556590930291173	0.396542913636604	0.535457124766187	0.687116734830577	0.536747761147049	NA	NA	NA	0.616766304530027	0.762829629845533	0.888133214675377	0.702915035076625	0.798389911286435	0.77451143340925	0.971656925463038	0.735345428662261	0.701342862688253	1.04324710721302	0.881626350121864	NA	1.16456630511272	1.21225946334684	1.19926368775019	0.701232236922079	1.36675955005864	NA	NA	1.12624462443157	0.966130370200417
NA	NA	NA	NA	NA	NA	NA	NA	NA	NA	NA	NA	NA	NA	NA	NA	NA	NA	NA	NA	NA	NA	NA	NA	NA	NA	NA	NA	NA	NA	NA	NA	NA	NA	NA	NA	NA	NA	NA	NA
NA	NA	NA	NA	NA	NA	NA	NA	NA	NA	NA	NA	NA	NA	NA	NA	NA	NA	NA	NA	NA	NA	NA	NA	NA	NA	NA	NA	NA	NA	NA	NA	NA	NA	NA	NA	NA	NA	NA	NA
NA	NA	NA	NA	NA	NA	NA	NA	NA	NA	NA	NA	NA	NA	NA	NA	NA	NA	NA	NA	NA	NA	NA	NA	NA	NA	NA	NA	NA	NA	NA	NA	NA	NA	NA	NA	NA	NA	NA	NA
NA	NA	NA	NA	NA	NA	NA	0.55469658621884	NA	NA	NA	NA	NA	0.527852084427701	NA	NA	NA	NA	0.669486753773636	NA	NA	0.312119554480421	1.50157522787118	1.50945635641453	1.31069483934096	2.00823045275419	NA	1.64447270293271	NA	NA	NA	NA	NA	NA	NA	NA	NA	NA	NA	NA
NA	NA	NA	NA	0.691683308899875	NA	NA	NA	NA	NA	NA	NA	0.941112037330754	1.11671395637847	NA	NA	0.457310039566958	NA	NA	NA	NA	NA	0.7156040914598	NA	NA	NA	0.75159506444502	NA	NA	NA	0.33182701124092	0.441403835275836	NA	NA	0.443918671899807	NA	0.307210886612776	NA	NA	0.571073256100622
NA	1.77111272635731	2.007828457742	NA	0.991219823977091	1.60393769715007	NA	1.62673918583399	0.70589118710104	NA	NA	NA	NA	1.62698438366952	NA	NA	NA	NA	NA	0.838494031124559	NA	1.36362731240566	0.818812054127043	1.0615437422649	1.08237819578566	1.06946617071209	0.966561705858819	0.878671891461347	NA	NA	NA	1.16951539298009	1.39649016064269	NA	NA	NA	NA	NA	NA	1.33368538107743
NA	NA	NA	NA	NA	NA	NA	NA	NA	NA	NA	NA	NA	NA	NA	NA	NA	NA	NA	NA	NA	NA	NA	NA	NA	NA	NA	NA	NA	NA	NA	NA	NA	NA	NA	NA	NA	NA	NA	NA
NA	NA	0.951184689295928	0.678909347808104	0.551252349799158	0.432342190907501	0.597171442996086	NA	NA	2.00637740081968	NA	0.354724945029565	0.411783174353943	NA	NA	NA	1.64411516754545	NA	NA	0.156645373201635	0.639625022969354	NA	0.754295470285263	0.483060874912195	0.774263717611315	NA	1.859481575299	NA	NA	0.821770696993927	NA	0.933312435084152	NA	NA	NA	1.88573202170595	1.54171315917467	NA	1.68570617707877	NA
NA	NA	NA	NA	NA	NA	NA	NA	NA	NA	NA	NA	NA	NA	NA	NA	NA	NA	NA	NA	NA	NA	NA	NA	NA	NA	NA	NA	NA	NA	NA	NA	NA	NA	NA	NA	NA	NA	NA	NA
NA	NA	0.942731719376552	0.721955436025122	0.822586030937434	NA	0.841383937503157	0.968628170143444	0.369864992994565	NA	0.793844623626451	NA	NA	0.409885073692036	0.593130345986459	0.361126171929645	0.332043405233253	NA	0.345680748572287	0.820889760916433	1.30657788908376	0.724863803295648	0.570389069698578	NA	2.27241972158475	NA	NA	NA	NA	1.40432163581603	NA	NA	NA	NA	NA	NA	NA	NA	2.00518940946454	2.23067371596346
NA	NA	NA	NA	NA	NA	NA	NA	NA	NA	NA	NA	NA	NA	NA	NA	NA	NA	NA	NA	NA	NA	NA	NA	NA	NA	NA	NA	NA	NA	NA	NA	NA	NA	NA	NA	NA	NA	NA	NA
NA	NA	NA	NA	NA	NA	NA	NA	NA	NA	NA	NA	NA	NA	NA	NA	NA	NA	NA	NA	NA	NA	NA	NA	NA	NA	NA	NA	NA	NA	NA	NA	NA	NA	NA	NA	NA	NA	NA	NA
NA	0.601861727804308	0.74513799548898	NA	0.60668712552484	0.337493899304769	NA	0.355861951039924	NA	0.471565232927489	NA	0.464686750295325	0.397796619444661	0.111267610465351	NA	NA	0.52686048474766	NA	0.436470162991161	0.414034305584055	0.870516134085283	1.23378749225692	0.996003017521483	1.23589654322872	1.12573550065828	NA	NA	NA	1.33544695703931	1.59606484116061	NA	1.98466995016246	NA	1.9721449473713	NA	2.04794216861717	NA	NA	NA	NA
NA	0.530943175117768	0.851867854212334	NA	0.913783614607196	0.541614787688997	0.364011195430944	0.470645886853783	0.914812055457223	NA	NA	1.24332477339301	1.29685435868846	0.687335450838015	NA	NA	NA	NA	NA	0.685864604773031	0.427729311919523	0.396892225700811	0.77267579567461	0.813551214266984	NA	1.12263420446964	0.544892206491969	0.81532431585056	0.969747270547457	NA	NA	0.838561434870537	1.4082087305357	1.02637094990083	0.773828924320254	NA	NA	1.0011392337905	NA	1.0160659085914
NA	NA	NA	NA	NA	NA	NA	NA	NA	NA	NA	NA	NA	NA	NA	NA	NA	NA	NA	NA	NA	NA	NA	NA	NA	NA	NA	NA	NA	NA	NA	NA	NA	NA	NA	NA	NA	NA	NA	NA
NA	NA	NA	NA	NA	0.503667049075192	1.7116326300009	NA	NA	0.873070441507599	0.647576194405328	NA	NA	0.666662903807677	0.480796940935516	2.72248152785441	1.21468738063876	NA	NA	0.279920574854606	0.832314088349579	0.729381261602255	0.66591653868936	0.810678485755015	0.770096659185609	0.435623287700045	0.974388270175806	1.09286768566487	0.950812316531217	1.33328279345593	1.44667107120221	1.0768254956737	1.53646514604037	1.42528164276317	1.55345994465521	1.20282166321801	1.06477529556837	1.50682819727569	1.20169602783771	NA
NA	0.968717079290573	NA	NA	0.938321316969544	0.723873225839485	0.586399361987309	NA	NA	0.619902794687883	0.750875303292567	NA	0.9069352194169	0.809654387553321	0.418705092162816	0.80225067523903	0.625688405509015	NA	0.373747717699627	0.391960558854232	0.624227532704146	0.555716113073327	0.678047203069601	NA	0.526635893638488	NA	NA	0.307235493863748	NA	0.708889625461547	NA	1.27539719354621	0.676031656120153	0.686998703180833	0.640202062609815	NA	NA	NA	0.642139068393276	NA
NA	NA	NA	NA	NA	NA	NA	NA	NA	NA	NA	NA	NA	NA	NA	NA	NA	NA	NA	NA	NA	NA	NA	NA	NA	NA	NA	NA	NA	NA	NA	NA	NA	NA	NA	NA	NA	NA	NA	NA
0.987172547715321	NA	1.03184994291338	1.18620624907302	0.915349676330723	NA	0.874556005786019	0.867448131048122	NA	NA	1.19905260827057	NA	NA	0.577055984243324	0.451373990341462	0.552471878722991	NA	NA	NA	0.742072372002246	1.18020534915939	1.47253240011975	NA	1.37064995889007	1.21963463254052	NA	NA	1.26829507379855	NA	1.06960707112276	NA	NA	0.681603477529097	NA	1.44168741709592	1.43399184914234	NA	NA	1.43073541493076	NA
NA	NA	NA	NA	NA	1.00149396639312	0.906558622147654	1.24426059888389	0.490152700602393	NA	1.39275142411272	0.604352489156943	NA	0.738034515038886	NA	NA	NA	NA	NA	NA	0.453126057464749	0.288372414164053	1.48048137561941	1.53052709003655	2.48514384229448	0.779567686567818	1.71181317626911	NA	2.37499199925328	NA	NA	NA	NA	NA	NA	NA	NA	NA	NA	NA
NA	NA	NA	NA	NA	NA	NA	NA	NA	NA	NA	NA	NA	NA	NA	NA	NA	NA	NA	NA	NA	NA	NA	NA	NA	NA	NA	NA	NA	NA	NA	NA	NA	NA	NA	NA	NA	NA	NA	NA
2.79487127796099	2.66891688614662	2.72586154960506	NA	NA	2.49261925308239	2.60281956572153	2.80810342230329	0.749457241992186	NA	NA	NA	NA	NA	0.216957277482757	NA	NA	NA	NA	NA	0.442232730443974	0.454047295187862	0.697744714468455	1.6107433212745	2.46093932729044	NA	1.24367136879065	NA	1.81992263749322	NA	NA	NA	NA	2.76761505030124	2.4265310013679	NA	2.12913639993937	NA	2.24587843004351	NA
NA	NA	NA	NA	NA	NA	NA	NA	NA	NA	NA	NA	NA	NA	NA	NA	NA	NA	NA	NA	NA	NA	NA	NA	NA	NA	NA	NA	NA	NA	NA	NA	NA	NA	NA	NA	NA	NA	NA	NA
NA	2.14130776331925	2.22324083978912	NA	0.341025269376975	0.491151849822744	0.465341874368755	0.364489936962064	0.31871260202103	0.307046975929205	NA	0.516645555958515	NA	0.581411701213587	NA	NA	NA	NA	1.53090321515826	0.352558141022078	1.38035745020034	NA	0.845560533330124	0.983732918306633	NA	NA	NA	NA	1.53525523636403	1.54426707885544	NA	NA	NA	NA	NA	NA	1.13421454444357	NA	NA	1.67043567084228
NA	NA	NA	NA	NA	1.98402134874489	0.526091516247292	NA	NA	NA	NA	0.672191722676145	1.10751779095326	0.349380298438053	0.501776670597581	NA	0.454424513938038	NA	NA	0.224541261151772	NA	0.33196914130039	0.423996840589802	0.491959749050023	0.632606501786159	0.749177984180872	0.714581926029035	0.814571989749093	0.944027989389	1.00553128784373	NA	NA	NA	0.825112926902206	NA	NA	0.822336583898912	NA	NA	1.10683405017697
0.906731277399636	1.94019920100848	1.98856850538151	NA	2.09861404771588	0.393089596115725	NA	0.680605852425064	0.319989697166213	NA	NA	NA	0.667306772520183	1.69341263845982	1.97731419136864	1.593854784414	NA	NA	NA	0.636602205888412	0.55692411220342	1.00153682849245	0.749322846653324	1.65996383636164	1.66452077174696	1.54357695625103	1.55420595540254	1.28888995761818	1.74023533522773	1.58195974872636	1.63322045387466	1.56553593804544	1.3640245070504	1.48816310001943	1.51035218589146	1.88593398570724	1.42850615223747	0.810190730630465	NA	0.927589390522234
NA	NA	NA	NA	NA	0.453900701357949	2.61960494397672	NA	NA	NA	NA	NA	NA	0.422043070004842	NA	NA	0.993056184445775	NA	0.290250993753472	2.22865545389561	NA	0.785078593504874	NA	2.44877599562433	0.421132758764434	NA	NA	NA	NA	NA	2.03998619669128	NA	NA	2.28199061457286	NA	NA	1.52102235660612	NA	NA	NA
NA	NA	NA	NA	NA	NA	NA	NA	NA	NA	NA	NA	NA	NA	NA	NA	NA	NA	NA	NA	NA	NA	NA	NA	NA	NA	NA	NA	NA	NA	NA	NA	NA	NA	NA	NA	NA	NA	NA	NA
NA	NA	NA	NA	NA	NA	NA	NA	NA	NA	NA	NA	NA	1.40596080051184	1.02029622847817	0.774041723761584	0.665093925965625	NA	NA	NA	NA	NA	0.916815084417291	2.17273650595908	NA	NA	NA	NA	NA	NA	NA	NA	NA	NA	NA	NA	1.11392806389902	1.53620987194523	NA	NA
NA	NA	NA	NA	NA	NA	NA	NA	NA	NA	NA	NA	NA	NA	NA	NA	NA	NA	NA	NA	NA	NA	NA	NA	NA	NA	NA	NA	NA	NA	NA	NA	NA	NA	NA	NA	NA	NA	NA	NA
0.411567768690764	0.49644143596254	0.441316170970204	0.576352018356881	NA	1.02695479068061	0.207201703769466	0.268303816842217	0.101752206924301	1.07346583534095	0.678935527674047	NA	NA	0.665493512152384	NA	NA	0.458263365549393	NA	NA	0.501028742103004	0.822870416128142	0.442605133942813	0.543005348842717	0.307518500062082	1.1088633421639	NA	NA	NA	1.06123193240505	NA	NA	0.741411722738189	NA	NA	NA	1.02394129947602	0.817043889966072	NA	NA	NA
NA	NA	NA	NA	NA	NA	NA	NA	NA	NA	NA	NA	NA	NA	NA	NA	NA	NA	NA	NA	NA	NA	NA	NA	NA	NA	NA	NA	NA	NA	NA	NA	NA	NA	NA	NA	NA	NA	NA	NA
0.506990677419114	NA	NA	0.594617427795548	NA	NA	NA	0.2337607625734	NA	NA	0.602998682104493	0.190253988707494	NA	0.46871729733003	0.319683152131818	NA	0.221359079072905	NA	NA	NA	0.263720377015196	NA	0.678960141551169	0.492588638107971	NA	NA	NA	NA	NA	1.40007703119474	NA	NA	1.33050169344869	NA	1.17438430232527	NA	NA	NA	NA	NA
0.944919561437508	1.0347095724894	NA	NA	1.9018830259314	NA	NA	0.984724889617027	1.66147039099173	0.922210539601107	1.43684471803112	1.87351207728246	1.20268364803898	0.540499219590564	0.526555992054403	0.254800131144735	1.05811539273325	NA	NA	0.691052008167021	0.760252418264384	1.14123195218106	NA	NA	NA	0.152683528790086	0.858509072793693	NA	NA	NA	NA	2.00089041205697	NA	0.584685707974351	1.41642669018735	1.76281907876319	1.32935191084347	1.44949413095779	1.35575192613056	1.57967660243761
NA	NA	NA	NA	NA	NA	NA	NA	NA	NA	NA	NA	NA	NA	NA	NA	NA	NA	NA	NA	NA	NA	NA	NA	NA	NA	NA	NA	NA	NA	NA	NA	NA	NA	NA	NA	NA	NA	NA	NA
NA	NA	NA	NA	NA	NA	NA	NA	NA	NA	NA	NA	NA	NA	NA	NA	NA	NA	NA	NA	NA	NA	NA	NA	NA	NA	NA	NA	NA	NA	NA	NA	NA	NA	NA	NA	NA	NA	NA	NA
NA	NA	NA	0.36987317499343	NA	1.17085324258756	0.950534313386768	0.300556447141784	0.197575022530892	0.302412665995342	0.750332089167028	NA	0.710837546628901	1.27737811006544	0.970961982048711	1.29810905544028	NA	NA	1.35242368854104	0.729364699478248	0.682439167406125	1.06668003976343	0.350266692726451	0.737816144439196	0.451206889835799	0.58467312417218	0.798091687573833	0.669040666182268	NA	0.592577631120357	1.75379002414961	0.693705665255433	0.497555808280535	1.30942166931187	1.2848250040368	1.23805677223097	1.00572975387334	1.23691730615953	1.22300328575385	0.514966605883081
NA	NA	NA	NA	NA	NA	NA	NA	NA	NA	NA	NA	NA	NA	NA	NA	NA	NA	NA	NA	NA	NA	NA	NA	NA	NA	NA	NA	NA	NA	NA	NA	NA	NA	NA	NA	NA	NA	NA	NA
NA	NA	0.658268678595474	NA	NA	0.600263159797856	NA	NA	NA	0.357568569199752	0.550576816233829	NA	0.52747110310489	0.230063930675485	NA	0.401400748847294	NA	NA	NA	NA	0.642682001644029	NA	0.88253180237198	NA	1.30845137650188	NA	NA	NA	NA	0.277804280716836	0.811109911732497	0.80284384511191	0.89348715629023	1.26378000257087	NA	0.926912288856791	0.938229245566517	NA	0.590220328063099	0.66151779029616
NA	NA	NA	NA	NA	NA	0.861675461824295	NA	NA	NA	NA	0.607815533033803	NA	NA	0.366663784795195	NA	NA	NA	NA	NA	0.51300887557204	NA	NA	NA	NA	NA	NA	NA	NA	NA	NA	NA	NA	NA	NA	NA	NA	NA	NA	0.61961655792098
0.415857086993353	NA	0.262602858657142	NA	NA	NA	0.329893622765263	0.888398136634695	2.21248556631736	NA	0.496985608546134	0.625900685331145	NA	NA	2.13276787980188	NA	0.240818670879796	NA	1.77404609878354	1.89162387233378	0.441311595833791	1.84007017537691	NA	0.19049824339758	1.73930286093568	1.73852802860259	NA	NA	NA	NA	0.777728406497839	2.29881328536692	NA	1.79549779459759	NA	NA	1.63454201072247	1.96972125898951	2.17059955768531	1.95794927349479
0.976378574527396	NA	0.904848662535719	1.11322994573135	NA	1.17226052009074	0.974212502882592	NA	NA	NA	0.646852375141473	0.708741609291564	0.19410326898443	NA	0.231270435519584	1.62553926751205	0.188397418051266	NA	0.122785571533468	0.180574269954972	NA	0.942104746737139	NA	0.186116586893283	0.66915200562955	0.466465486569322	0.302967305369478	1.08936205234193	NA	0.74775511873481	0.576145848858647	0.54260708545092	0.363369419078631	0.445342219987515	0.354968998854432	0.25925780285484	0.267534072417457	0.470336794758245	0.345651901656069	1.15372418442158
NA	NA	NA	NA	NA	NA	NA	NA	NA	NA	NA	NA	NA	NA	NA	NA	NA	NA	NA	NA	NA	NA	NA	NA	NA	NA	NA	NA	NA	NA	NA	NA	NA	NA	NA	NA	NA	NA	NA	NA
0.592238027183327	0.62665759196758	1.4411533469837	1.10119261135533	0.884615929371687	NA	0.145303571967315	0.288028998080974	NA	NA	NA	NA	1.3713364428868	0.404905577710947	0.670106386070869	0.724868858479544	1.07613486818568	NA	0.314463331915284	0.145252695859644	NA	NA	0.71668260563823	0.808784972352407	1.34670826001895	1.09706871345179	NA	0.229813724063365	1.42934896061275	1.50137453150302	1.08334841741658	1.38059761755427	NA	0.674161565923279	NA	0.655571610965456	1.54409756732854	0.450497880597994	NA	0.690482437128476
NA	NA	NA	NA	NA	NA	NA	NA	NA	NA	NA	NA	NA	NA	NA	NA	NA	NA	NA	NA	NA	NA	NA	NA	NA	NA	NA	NA	NA	NA	NA	NA	NA	NA	NA	NA	NA	NA	NA	NA
1.47951544919127	0.690714868294579	0.631150079038492	NA	0.240748506150069	0.833285762124399	0.994346341496458	1.10592168862668	NA	0.640344588379025	0.883700422052358	1.07138845821656	1.09533846536933	NA	0.693496213707606	NA	NA	NA	0.664197635525357	0.908733854923457	0.328035267532279	NA	NA	NA	NA	NA	NA	0.533758507612043	0.883749709250793	0.601351133820896	0.57031716952661	NA	0.561930696050456	NA	1.42021998041812	0.476045211875254	0.592445674904814	0.560552216056859	0.601925999347897	0.496749030889768
NA	NA	NA	NA	NA	NA	NA	NA	NA	NA	NA	NA	NA	NA	NA	NA	NA	NA	NA	NA	NA	NA	NA	NA	NA	NA	NA	NA	NA	NA	NA	NA	NA	NA	NA	NA	NA	NA	NA	NA
1.27729898746594	1.7783092679308	1.62256800295287	NA	1.61741502587794	0.880396705528471	NA	NA	NA	0.776214685193207	NA	1.91229298111375	0.491402662069692	NA	0.340612100198145	NA	0.214554924464031	NA	0.127862247127835	NA	NA	0.830621726078717	0.95547730072865	0.806652315974919	1.07822464959099	2.15001221618322	2.13579688684503	NA	2.01565099175724	NA	1.92973890481226	1.23166271777634	1.62107846885194	1.57801932715638	2.00885064921775	1.73933638428054	1.60615482286561	2.15671755160476	1.48829409185979	1.73359967456948
1.30784604703671	1.07387454304382	NA	1.30099201427295	NA	1.09794611518341	1.14437701579466	NA	NA	1.15487835841109	1.12868881885069	NA	0.927247981178465	0.564496846221773	0.334447245140185	1.72357888989031	0.26314014089827	NA	NA	0.321788563670837	0.362989981489342	1.62253110424973	0.523842331225619	0.500624401235348	0.460061497151092	0.520828541968152	NA	1.72862415329905	0.518372984834941	NA	1.57579898292891	NA	1.91040601041903	1.83419415819233	NA	NA	NA	NA	1.91484126102233	0.367269882966376
NA	1.51154422096496	0.426152797332278	NA	0.239755929622726	0.418860330383423	0.439620719891077	0.395599390812724	0.450877302386807	0.57815189657917	0.556232857926193	0.423627481123131	0.912843116043805	0.841723375094449	0.611307741325925	NA	0.723362686313108	NA	0.279012848134612	0.747045282006195	1.01107911191406	1.07104436127732	1.01784394427857	1.20514120733771	1.09441001845038	0.464181432635073	NA	1.23744591244856	0.904558567179943	0.720514513569106	1.59191981273702	0.993519369772284	0.924342382013462	0.675549131796366	0.946077599894744	0.883438448955454	NA	0.865025720274711	1.51954134353385	0.969352391535603
NA	NA	NA	NA	NA	NA	NA	NA	NA	NA	NA	NA	NA	NA	NA	NA	NA	NA	NA	NA	NA	NA	NA	NA	NA	NA	NA	NA	NA	NA	NA	NA	NA	NA	NA	NA	NA	NA	NA	NA
NA	NA	NA	NA	NA	NA	NA	NA	NA	NA	NA	NA	NA	NA	NA	NA	NA	NA	NA	NA	NA	NA	NA	NA	NA	NA	NA	NA	NA	NA	NA	NA	NA	NA	NA	NA	NA	NA	NA	NA
NA	NA	NA	NA	NA	NA	NA	NA	NA	NA	NA	NA	NA	NA	NA	NA	NA	NA	NA	NA	NA	NA	NA	NA	NA	NA	NA	NA	NA	NA	NA	NA	NA	NA	NA	NA	NA	NA	NA	NA
1.17689431041027	1.2140135834457	1.21868198651171	0.58263801959994	1.3064589398791	0.71220275326269	1.00728375185345	1.28437427045083	0.985696975836235	NA	0.983169904352589	NA	0.610978704407089	NA	NA	0.320378011290901	1.09578661769796	NA	0.502677280882579	NA	1.09800011472926	0.518706175611262	0.989065650759458	0.945005569551701	0.325796751789591	0.21032560832479	0.666739037206659	0.655683262666671	0.608642150685021	0.4218768596817	0.57298197685963	1.05485187866856	NA	NA	NA	1.00037208457141	0.479128602644102	0.512038982500678	0.64902167321205	0.653956071951879
NA	NA	NA	NA	NA	NA	NA	NA	NA	NA	NA	NA	NA	NA	NA	NA	NA	NA	NA	NA	NA	NA	NA	NA	NA	NA	NA	NA	NA	NA	NA	NA	NA	NA	NA	NA	NA	NA	NA	NA
NA	1.34289451395727	NA	NA	0.282991593645974	1.47779762900367	0.268926183782512	1.28670152878151	1.31935821145984	NA	1.44848388604357	NA	0.669746922006178	NA	NA	0.708797667638556	0.395987756237315	NA	1.25329273884501	1.52384534158433	1.1209834736426	1.00879016045658	NA	1.02869410958976	NA	1.10811201477074	1.39883605641503	1.21791310722042	1.51061686611193	NA	0.992051341896869	1.08925813302494	1.75697726091788	NA	NA	NA	1.21364499247888	NA	0.711728170261015	NA
NA	NA	NA	NA	NA	NA	NA	NA	NA	NA	NA	NA	NA	NA	NA	NA	NA	NA	NA	NA	NA	NA	NA	NA	NA	NA	NA	NA	NA	NA	NA	NA	NA	NA	NA	NA	NA	NA	NA	NA
NA	NA	NA	NA	NA	NA	NA	NA	NA	NA	NA	NA	NA	NA	NA	NA	NA	NA	NA	NA	NA	NA	NA	NA	NA	NA	NA	NA	NA	NA	NA	NA	NA	NA	NA	NA	NA	NA	NA	NA
NA	NA	NA	NA	NA	NA	NA	NA	NA	NA	NA	NA	NA	NA	NA	NA	NA	NA	NA	NA	NA	NA	NA	NA	NA	NA	NA	NA	NA	NA	NA	NA	NA	NA	NA	NA	NA	NA	NA	NA
NA	0.743067054494346	1.24748644826843	0.996299961162061	NA	0.860010760012915	1.73692968229084	NA	NA	NA	2.1193741941852	0.193147877079108	1.22402573095775	0.310200136314373	NA	NA	NA	NA	0.740345491530764	0.412121618516499	1.58535756300811	NA	2.21509473894759	0.604971618926493	1.98899404422941	1.84588434376895	0.594996791135947	NA	NA	1.70064288639549	0.668819654798939	0.555302846949676	1.76914450834601	0.425273322938003	1.86470733610192	1.81390990658801	1.72412204129685	1.25164076450143	NA	1.81703588148089
0.627909545030243	0.473592084074228	NA	1.69481527017797	0.431574430254481	0.2886957568258	0.828201770940769	1.55776181911845	0.474161633706505	NA	0.320250889180012	0.30209306995131	NA	0.382111095504769	NA	NA	0.452298502543895	NA	NA	NA	1.46133265442703	NA	1.27710006925512	1.1020735948556	0.784234024887503	1.70271840939382	1.40362106992142	1.24978482931843	1.23547100054526	1.15343175679645	1.31802195309368	1.30768091620715	NA	NA	0.996556123972023	1.80572664229696	1.89548282170461	2.01823599475265	1.91128718252517	0.936907986419431
NA	NA	0.701736061441725	NA	1.2621411361293	NA	1.06821659069269	1.19589366564862	0.655079456587868	1.09811987632798	0.694915593266118	0.820807052117422	1.05127359125509	0.28969266030935	0.606303601681392	0.645949464763276	0.629016340172548	NA	0.434377447432449	NA	0.280767180738797	0.742933576120159	0.291359508875538	0.514818691430942	0.770790064901483	0.683621759069466	NA	0.561695797671843	NA	1.14765171560966	NA	NA	NA	1.74734813823913	1.3249897973347	NA	NA	1.58903693574047	NA	NA
0.72523079404149	NA	NA	NA	NA	NA	NA	NA	0.715222224563975	0.96656835537579	NA	NA	0.677870564927808	NA	0.365638884459602	0.922087403554122	0.635510370141351	NA	NA	0.400336347242966	NA	0.966953207168302	0.81497167374769	NA	0.740088593491785	0.865093344615003	0.863702354924322	0.852107735298723	0.894845205164232	1.07960966987078	1.33782835962267	1.00494920627538	1.24955762515586	NA	1.19434264670937	NA	0.535525195378425	0.740248137000952	1.15656484704774	NA
NA	NA	NA	NA	NA	NA	NA	NA	NA	NA	NA	NA	NA	NA	NA	NA	NA	NA	NA	NA	NA	NA	NA	NA	NA	NA	NA	NA	NA	NA	NA	NA	NA	NA	NA	NA	NA	NA	NA	NA
NA	NA	NA	NA	NA	NA	NA	NA	NA	NA	NA	NA	NA	NA	NA	NA	NA	NA	NA	NA	NA	NA	NA	NA	NA	NA	NA	NA	NA	NA	NA	NA	NA	NA	NA	NA	NA	NA	NA	NA
NA	NA	NA	NA	NA	NA	NA	NA	NA	NA	NA	NA	NA	NA	NA	NA	NA	NA	NA	NA	NA	NA	NA	NA	NA	NA	NA	NA	NA	NA	NA	NA	NA	NA	NA	NA	NA	NA	NA	NA
NA	NA	NA	NA	NA	NA	NA	NA	NA	NA	NA	NA	NA	NA	NA	NA	NA	NA	NA	NA	NA	NA	NA	NA	NA	NA	NA	NA	NA	NA	NA	NA	NA	NA	NA	NA	NA	NA	NA	NA
NA	NA	NA	NA	NA	NA	NA	NA	NA	NA	NA	NA	NA	NA	NA	NA	NA	NA	NA	NA	NA	NA	NA	NA	NA	NA	NA	NA	NA	NA	NA	NA	NA	NA	NA	NA	NA	NA	NA	NA
NA	NA	NA	NA	NA	1.35880078849143	1.36541714030237	1.46640466616645	1.39120687207114	1.00619543924476	NA	1.35626397079837	0.703021203582922	1.2234759990024	1.02271924752235	0.785882462550312	0.774675670781173	NA	1.31991589608244	0.810905382507904	0.650077404057432	0.891620390683034	1.10555241877852	1.29657014640161	0.960354935392792	1.42703275149951	1.43173051416482	1.43588975760575	1.65120250590393	1.55584797844803	1.54336288737475	2.25639938203029	2.00653451236784	2.32599590724312	1.63292935075667	1.98629975724584	2.3614315126169	2.68676871684164	NA	2.62044209370868
NA	NA	NA	NA	NA	NA	NA	NA	NA	NA	NA	NA	NA	NA	NA	NA	NA	NA	NA	NA	NA	NA	NA	NA	NA	NA	NA	NA	NA	NA	NA	NA	NA	NA	NA	NA	NA	NA	NA	NA
1.35608901503653	1.09290900565958	1.01854203344346	0.50796299703804	0.573373461893181	0.657988009653247	0.488873484724155	0.628810268281359	0.527146405818442	0.639390727329282	0.500649095455129	0.520927225099447	0.632394211661577	0.499073803440735	0.292779157232563	0.187809720590741	0.208528492037411	NA	0.463042807752175	0.7070390779177	0.745872480693379	NA	0.546980748180099	0.557057269762876	0.696868056040107	0.483795269042297	0.559255102845792	0.184006289435629	0.384321640537536	0.185818544831919	0.389983900668973	0.451058136120016	0.750827235113821	0.72039125246539	0.416786485487913	NA	0.608858424812775	NA	NA	0.608799678816517
NA	NA	NA	NA	NA	NA	NA	NA	NA	NA	NA	NA	NA	NA	NA	NA	NA	NA	NA	NA	NA	NA	NA	NA	NA	NA	NA	NA	NA	NA	NA	NA	NA	NA	NA	NA	NA	NA	NA	NA
NA	NA	NA	NA	NA	NA	NA	NA	NA	NA	NA	NA	NA	NA	NA	NA	NA	NA	NA	NA	NA	NA	NA	NA	NA	NA	NA	NA	NA	NA	NA	NA	NA	NA	NA	NA	NA	NA	NA	NA
NA	1.06673147994767	1.14532018958471	NA	1.02888256325146	NA	1.25666782416127	0.578767027455516	NA	NA	NA	0.507405727502637	1.05953723401097	NA	NA	NA	0.298232525603448	NA	NA	0.379209320619538	NA	NA	0.743653042390481	NA	0.53869919950958	0.977680601327366	NA	NA	1.59263617551958	NA	NA	NA	NA	NA	NA	1.73601494287904	1.68237030711735	NA	NA	2.46979628977753
NA	NA	NA	NA	NA	1.15842886854113	NA	NA	1.07497335831619	NA	NA	0.640851245829412	NA	0.518219020888322	NA	1.0122900579046	0.31052817608447	NA	NA	0.589584636480062	0.948297289947822	0.698220990090663	NA	NA	0.665725665472581	0.611854041414265	NA	NA	1.3278140974516	NA	NA	0.912581425609115	NA	NA	1.25802667454774	NA	0.791021172223978	1.10036669723336	NA	1.12381085828851
NA	0.946658753951978	0.738067395368129	NA	NA	NA	1.10992106340478	0.940821450756657	NA	NA	NA	NA	1.2378047065535	1.04086632538722	NA	NA	1.14881122069366	NA	NA	1.26221596841681	NA	NA	NA	NA	NA	NA	NA	0.962571645356076	1.44753517468557	NA	NA	0.576902082932245	1.43018794782603	1.63613984100236	1.55457839586823	2.7681913920672	0.82754471344586	1.23114076419042	0.794904019274386	1.32085098579509
NA	NA	NA	NA	NA	NA	NA	NA	NA	NA	NA	NA	NA	NA	NA	NA	NA	NA	NA	NA	NA	NA	NA	NA	NA	NA	NA	NA	NA	NA	NA	NA	NA	NA	NA	NA	NA	NA	NA	NA
NA	NA	1.2017814068963	NA	NA	NA	0.707958318247929	NA	0.29798365127611	NA	0.234159004752835	NA	NA	0.579388879922553	NA	NA	NA	NA	NA	0.339261653500875	0.639203783480566	NA	0.819348110803612	NA	0.598980301776973	NA	1.44833581630471	1.22820854517917	1.60620079640209	1.09998713749312	0.969450266448189	1.45428575059051	1.42304753041311	NA	1.28882139603629	1.43758890761344	NA	1.79007626089641	2.01701986561438	2.05681585241506
NA	NA	NA	NA	NA	NA	0.818860157911993	NA	NA	NA	NA	NA	0.152722035317635	NA	0.415003070307392	0.171961625643379	0.357420292438419	NA	NA	NA	NA	NA	NA	NA	NA	1.10488749810085	1.33387958324953	NA	NA	NA	1.23439005079667	1.28584646546422	NA	2.05747150645085	1.84689144015295	2.09423876899117	1.85930677089288	NA	2.11321476225121	NA
NA	1.7889368015335	NA	1.30997573316658	1.15568628202565	NA	NA	NA	NA	NA	NA	NA	NA	NA	1.26498123338508	0.320186891264426	NA	NA	0.414254623845823	NA	NA	NA	NA	0.349908096602358	NA	0.315802928304924	NA	NA	NA	NA	NA	NA	NA	NA	1.83236777107293	NA	NA	NA	NA	NA
NA	1.17650627759214	0.470954052622358	NA	NA	NA	2.2483214729737	NA	NA	0.619973836607815	NA	1.27657571274932	NA	0.326021828210416	1.87985928391906	0.3115405455747	0.337644265693005	NA	NA	1.38859522230009	0.681458575797679	1.34648747058711	1.08944770064157	NA	1.55124526914793	0.65428638852771	0.990480130939586	1.41177077064599	1.37652500114065	1.4341067783822	1.11266445811807	0.883544867837374	1.64353632320051	NA	NA	1.2742188336003	0.961799693521878	0.95566556413754	1.42306166174636	1.45593220860336
NA	1.18559587786378	NA	0.833976279013152	NA	NA	0.916155526985571	0.772774047006661	NA	0.574492243453921	NA	0.558568703651101	NA	1.84722745573656	NA	0.619158409590323	0.3389374378191	NA	NA	0.50006440211755	NA	1.35341651196866	1.80371940291618	1.45719937144829	1.39102447316211	NA	1.39977808536798	NA	NA	NA	NA	NA	1.11576476065801	0.97312820499156	NA	NA	0.709845964980868	NA	1.10275355387838	NA
NA	NA	NA	NA	NA	NA	NA	NA	NA	NA	NA	NA	NA	NA	NA	NA	NA	NA	NA	NA	NA	NA	NA	NA	NA	NA	NA	NA	NA	NA	NA	NA	NA	NA	NA	NA	NA	NA	NA	NA
NA	NA	1.24727736574992	NA	NA	0.559428569013147	0.691083408473335	0.191891191282553	NA	NA	NA	NA	0.34275986360725	0.350635904441092	NA	NA	0.215658411584182	NA	NA	NA	0.629409865600215	0.529144099155421	NA	1.43959484023283	NA	NA	NA	NA	NA	NA	NA	0.859956520296152	NA	0.648483830491645	NA	NA	NA	NA	NA	NA
NA	NA	NA	NA	1.49317019989067	NA	1.36898586646698	NA	NA	NA	0.867315756007476	NA	NA	1.24669301544268	NA	NA	0.519246334952369	NA	NA	1.12101873617772	NA	NA	0.523323341860257	0.789878419241119	0.361506783989071	0.930274709066711	0.732302533096252	NA	NA	NA	NA	0.450911159037016	0.976638636147579	0.969407622119652	0.524715725448117	0.790223862338755	0.366337968410792	NA	0.416632692471847	NA
NA	NA	1.16077147513627	NA	1.09546879632681	0.926887184892149	1.01199764819284	1.00068787868343	1.12401303101445	NA	0.528381397120672	0.806994332412884	0.816583584611281	NA	0.644407375742671	NA	NA	NA	NA	NA	NA	0.746306531819269	0.936693642116916	1.01068560997292	NA	NA	NA	NA	0.59404244710409	0.632947948833928	NA	0.634309332073785	NA	NA	0.441694018193342	NA	NA	0.904225617882936	1.03000201146589	0.900684344889557
NA	NA	NA	NA	NA	NA	NA	NA	NA	NA	NA	NA	0.487809326469029	0.126710573309962	0.0713157106859228	0.0510929227987211	0.110385342975198	NA	0.0926140606832571	0.257341153550359	0.116637204261027	0.112866816140375	0.368084274616619	0.225183617514733	0.101112901773315	0.607134388319759	0.411120853250214	0.0483465108537458	0.240821638902795	0.0839120635421569	0.185888582378599	0.272663787271979	0.436482074204763	NA	NA	0.269598313648633	0.17495718946599	0.544871415582244	NA	1.20073734411943
1.64946594398042	1.96754552024843	0.745672183809444	NA	0.953720867363089	0.276342787712698	0.430230841225944	0.203900744335619	0.656299070151596	0.523937305404278	0.925367190830242	0.927203477434971	0.478087514632291	0.305748953612027	0.684729435471815	0.658498175177382	0.498813859919264	NA	0.288737402135567	0.7656065257951	NA	1.10076526441978	0.565259038014951	1.12764451158626	0.536431264091073	NA	0.722430004285472	1.31030682095064	1.04314633386146	1.43748580073628	2.07336088545087	0.775339120000986	NA	NA	1.86816559713782	1.49296144385877	1.66817637525444	1.70551052149405	1.8815521178487	1.84173962730534
NA	NA	0.881841953009251	1.97006383281373	1.49773432930642	1.55352396922635	0.456345882435598	0.518271192661266	NA	1.96080991991433	0.610972257034305	0.448198333888555	1.49487578030311	0.331365929109262	0.815213803567954	NA	2.14902624442822	NA	0.366453748380864	1.26389224638515	1.78046161183427	1.12179260664781	NA	1.66876783470904	1.56466033478979	1.02609644665106	1.5671123379253	NA	1.50504125283201	NA	NA	NA	1.36806816685214	1.69119943283952	NA	NA	NA	NA	NA	1.46475132566551
NA	2.02378170391729	1.8033916054755	NA	2.02852190570007	1.08306817107265	NA	0.883926253585904	NA	0.780737852184294	NA	NA	NA	NA	NA	1.21809571544103	NA	NA	NA	NA	0.345541445540788	NA	0.404327855685692	0.424713815361359	NA	0.533282587391882	0.64991458272997	NA	NA	NA	NA	1.01697713831865	0.524006573811978	0.757623689167894	0.664616799841176	0.930393695490793	NA	NA	NA	NA
0.594776117562508	NA	NA	NA	0.927820369510737	NA	NA	0.633254924611546	0.613659295712282	0.526730604782899	0.763079165898098	NA	0.841309844843955	NA	0.571175906163795	NA	0.269365395705179	NA	NA	0.404650971962741	NA	0.512516999716607	NA	NA	1.02617384467532	1.06464829141699	1.03924814774636	1.23487545345683	1.45626527402553	NA	NA	NA	NA	NA	NA	0.996271270949473	0.417502363895379	NA	NA	1.09060725175642
NA	NA	NA	NA	NA	NA	NA	NA	NA	NA	NA	NA	NA	NA	NA	NA	NA	NA	NA	NA	NA	NA	NA	NA	NA	NA	NA	NA	NA	NA	NA	NA	NA	NA	NA	NA	NA	NA	NA	NA
2.64640620546861	0.419398226529135	2.21508335213524	0.949923901926937	0.761474575919962	0.938958580501228	0.709549428407339	0.315472818090704	0.063351722546546	1.98987378551872	NA	0.690826237969196	NA	NA	NA	0.284366994843518	0.310977138456271	NA	0.314811173023361	NA	0.135965081314513	NA	NA	NA	0.235778235608719	1.56674439989261	0.485617238119025	NA	NA	NA	NA	NA	NA	NA	NA	1.53907106343957	0.810452859237677	0.774411021827422	0.810193881754818	1.9141110453099
NA	0.79569193386288	1.0341471269635	0.749152467831993	NA	NA	1.11697849313745	0.937756227461812	0.924016625512429	1.58125428534437	NA	0.345157544917739	1.39740126568285	0.402364107099331	1.72513434877429	0.718768775528805	1.49309548739951	NA	1.99344084399164	0.119747761359045	NA	1.20215185291079	1.14436606585885	1.22905235725138	NA	NA	NA	0.639343956815026	NA	NA	NA	0.85235482681051	0.921981535279041	1.89947572323593	NA	2.26045790505748	1.10773468001642	NA	1.04527517980257	1.55028536497693
NA	NA	NA	NA	NA	NA	NA	NA	NA	NA	NA	NA	NA	NA	NA	NA	NA	NA	NA	NA	NA	NA	NA	NA	NA	NA	NA	NA	NA	NA	NA	NA	NA	NA	NA	NA	NA	NA	NA	NA
NA	NA	NA	NA	NA	NA	NA	NA	NA	NA	NA	NA	NA	NA	NA	NA	NA	NA	NA	NA	NA	NA	NA	NA	NA	NA	NA	NA	NA	NA	NA	NA	NA	NA	NA	NA	NA	NA	NA	NA
NA	NA	NA	NA	NA	NA	NA	NA	NA	NA	NA	NA	NA	NA	NA	NA	NA	NA	NA	NA	NA	NA	NA	NA	NA	NA	NA	NA	NA	NA	NA	NA	NA	NA	NA	NA	NA	NA	NA	NA
NA	NA	NA	NA	NA	NA	NA	NA	NA	NA	NA	NA	NA	NA	NA	NA	NA	NA	NA	NA	NA	NA	NA	NA	NA	NA	NA	NA	NA	NA	NA	NA	NA	NA	NA	NA	NA	NA	NA	NA
NA	NA	NA	NA	NA	NA	NA	NA	NA	NA	NA	NA	NA	NA	NA	NA	NA	NA	NA	NA	NA	NA	NA	NA	NA	NA	NA	NA	NA	NA	NA	NA	NA	NA	NA	NA	NA	NA	NA	NA
NA	NA	NA	1.07985771070164	0.871412689883968	1.32678480046289	0.601770880602479	0.893188843932697	NA	NA	0.900023314558451	0.259459509351722	NA	NA	0.347208854016385	NA	0.128870611857106	NA	NA	0.7930208311252	1.32802417058766	0.951947525314923	NA	NA	1.52199762443705	NA	NA	NA	NA	NA	1.17686283482806	0.649636395548019	NA	NA	NA	NA	1.79458999254659	NA	NA	NA
NA	NA	NA	NA	NA	NA	1.3461230620976	NA	NA	1.13260948931065	0.880820578879757	1.03407522918713	NA	0.486193846662794	0.502192229041778	NA	0.609305803698066	NA	NA	0.548903876919429	0.895754327383038	0.309384988674171	0.465538938585194	0.536814195775575	0.858082511071209	0.854996310607679	0.347658993542992	1.28427843488282	1.05730982136622	NA	0.547585681373038	0.46238814771747	0.612983799576253	0.783870298393256	0.662410834605444	NA	NA	1.12065873086181	1.77761823595287	0.226609460415336
NA	NA	NA	NA	NA	NA	NA	NA	NA	NA	NA	NA	NA	NA	NA	NA	NA	NA	NA	NA	NA	NA	NA	NA	NA	NA	NA	NA	NA	NA	NA	NA	NA	NA	NA	NA	NA	NA	NA	NA
NA	NA	NA	NA	NA	NA	NA	NA	NA	NA	NA	NA	NA	NA	NA	NA	NA	NA	NA	NA	NA	NA	NA	NA	NA	NA	NA	NA	NA	NA	NA	NA	NA	NA	NA	NA	NA	NA	NA	NA
NA	NA	NA	NA	NA	NA	NA	NA	NA	NA	NA	NA	NA	NA	NA	NA	NA	NA	NA	NA	NA	NA	NA	NA	NA	NA	NA	NA	NA	NA	NA	NA	NA	NA	NA	NA	NA	NA	NA	NA
0.807593474912081	0.82999899961749	0.818407747513216	1.57201616608081	0.628609446290637	0.417006500418749	0.235296567873227	0.82439627279369	0.204026556807136	NA	0.261410299624661	NA	NA	NA	NA	1.24337709070742	NA	NA	NA	0.321336759021691	0.846015605890439	NA	0.922306553924969	NA	0.95183738171772	0.636484947360263	NA	NA	0.805802148476505	0.560664620987544	NA	NA	0.310380500673396	NA	1.31180464455728	1.33133216138534	0.43975611745591	0.842816906685045	0.882739439515443	0.51001720524534
1.31274330942292	1.15521253031819	NA	NA	NA	0.73869338052728	NA	NA	NA	0.678206389155936	NA	0.232223216992632	1.39267563790264	0.253508418518085	NA	NA	NA	NA	0.719224562576587	0.105249095509444	NA	NA	NA	0.40169586640481	0.99312866692324	NA	0.556397272128486	NA	NA	0.650147095947334	0.241641734905833	0.819962293792599	NA	NA	NA	1.03700807697635	NA	NA	NA	NA
NA	NA	0.868298334332646	NA	0.388084394180939	0.44421057206774	0.403389709776176	0.20630971561081	0.224633203548299	NA	0.194527020914521	NA	0.612132497855971	NA	0.225841320306555	NA	0.112585544876556	NA	0.125665982099917	1.06847878690533	0.890182195539474	0.475091229799239	0.753578332546684	1.48101910237777	1.22121182882641	NA	0.877678128239506	0.478697639885656	1.43145170798587	0.697222500362054	0.593018866441688	1.17622562146623	0.779741466617742	0.414644549651135	0.307573628058836	1.32488668182787	1.52747657101573	0.837962130769956	1.02642296741702	0.942411041022482
NA	1.43051997092312	1.24843638639678	1.26230062675906	NA	NA	0.82170752120273	NA	0.972095585186228	1.19990256461827	0.931176220292742	NA	NA	NA	0.678139564733631	NA	0.575667204649023	NA	NA	1.2147607132732	0.927872913070915	0.462188428354606	0.424119076152578	1.46499198818859	0.31306684720749	NA	1.28778027202023	1.20935572846561	NA	NA	NA	NA	1.09636108408245	1.11919545823172	NA	0.346474303824844	NA	1.33723366571127	1.40900790220378	1.29057129842591
NA	1.20784323259711	1.03565810495363	0.835966726138934	NA	NA	0.882633160106856	0.897139935326218	0.972174708119652	0.63500069321226	NA	NA	NA	NA	0.118395792660193	0.302816989928597	1.41557471532432	NA	NA	0.7455672255907	0.861050604242571	1.2290904919918	0.600857392490947	1.63825459784358	NA	0.192945088985573	1.4001900946956	NA	1.82737322821955	0.348192493164179	0.725710927015541	1.79697761982506	2.32566310427325	0.221713975531532	1.60624377049487	0.450452935867398	0.378917273474014	NA	1.13450669684911	1.91343539504616
NA	NA	1.32493570861073	0.873736499391385	0.715757837981621	0.497392886177137	1.0753860148215	0.859099753639451	0.336880419604689	NA	1.5081371346829	0.437429108998754	0.25271365734497	NA	1.00814058629036	0.126459936113512	0.344731950389799	NA	NA	0.711466671212965	NA	NA	NA	1.41004664234187	0.867284761343805	1.38941054576901	1.1726688444463	NA	NA	0.34969327635257	NA	0.644077982622529	0.715051199852639	0.838440444977123	1.02122277420662	NA	NA	2.03390238144469	0.884596194662578	NA
NA	NA	NA	NA	NA	NA	NA	NA	NA	NA	NA	NA	NA	NA	NA	NA	NA	NA	NA	NA	NA	NA	NA	NA	NA	NA	NA	NA	NA	NA	NA	NA	NA	NA	NA	NA	NA	NA	NA	NA
0.645481735373248	1.24915689022799	0.452711673595482	NA	0.911401039623066	NA	0.682650089673401	0.321402722028544	0.257767410549402	NA	1.22238690759101	0.552732837506951	0.723699445574679	0.385009205000861	0.881422771041627	0.138487709255196	0.139400308157175	NA	NA	0.269859946629727	0.118262927099016	0.0775184823649255	0.927505032831948	0.520305483817225	0.735587275769984	0.615222998486436	NA	0.453918187374515	0.185326846779451	1.17360284320479	0.527833387536132	0.853494244530654	1.74459331149553	0.932657229360115	0.215335031406004	0.921703499842528	NA	0.6651400052316	1.28228885765285	0.219207822997391
1.46800046399025	NA	0.890597967510706	1.24216854953179	NA	2.7751416259736	1.61182747473248	0.582652257170342	1.27827858650413	0.981592976989348	1.34934282206593	1.00955979672229	NA	1.11151353960773	1.55126538435183	NA	0.41736320610569	NA	1.18506772996673	1.52189101574762	1.79826309140659	1.65499157057895	2.05263708492765	1.59263912366927	2.09805285126447	1.81949435726904	2.19243304166312	1.60369528548426	1.36803325122751	1.24575225586493	1.08512553996937	1.08820890109558	0.855751336636011	0.853218598932056	1.38815851863157	0.979372513208573	0.918485750630776	1.16943783852857	1.24390356256298	NA
NA	NA	NA	NA	NA	NA	NA	NA	NA	NA	NA	NA	NA	NA	NA	NA	NA	NA	NA	NA	NA	NA	NA	NA	NA	NA	NA	NA	NA	NA	NA	NA	NA	NA	NA	NA	NA	NA	NA	NA
NA	NA	NA	NA	NA	NA	NA	NA	NA	NA	NA	NA	NA	NA	NA	NA	NA	NA	NA	NA	NA	NA	NA	NA	NA	NA	NA	NA	NA	NA	NA	NA	NA	NA	NA	NA	NA	NA	NA	NA
1.47426150127234	0.775090420651552	0.776757447237681	NA	0.561747443749421	NA	NA	0.397306677484101	0.773192297139721	0.738948870630622	NA	NA	NA	NA	NA	NA	0.149865458290978	NA	0.418617108622337	2.09921185466996	NA	NA	1.35231697236165	1.26980506002383	1.12378484139488	NA	NA	NA	NA	0.994023659151101	NA	1.28788285078124	NA	0.788691373977034	0.921567118874853	1.15735324305793	NA	1.4287224629717	1.91732186592159	NA
NA	NA	0.953741262588056	NA	NA	0.145947470604107	NA	NA	NA	NA	NA	NA	NA	1.42708034014405	NA	NA	NA	NA	NA	NA	NA	NA	NA	NA	NA	NA	NA	NA	NA	1.68450887743162	1.82939862354981	1.59421847336553	1.12107686145007	NA	NA	NA	NA	NA	NA	NA
NA	NA	NA	NA	NA	NA	NA	NA	NA	NA	NA	NA	NA	NA	NA	NA	NA	NA	NA	NA	NA	NA	NA	NA	NA	NA	NA	NA	NA	NA	NA	NA	NA	NA	NA	NA	NA	NA	NA	NA
NA	0.726122136859195	1.07329072300001	0.684341764680631	1.19023320260527	0.392965326148184	0.545802660510485	0.267455165638643	1.21472458297916	0.374502082706785	0.407694320068886	1.48464531267772	0.468874223630766	0.360317614109122	0.567544479268661	1.09089602626394	NA	NA	NA	1.36343922350104	0.825401258131364	0.533664350965313	NA	1.20131565711497	1.40248581166285	0.717391657616262	0.862920407226317	1.70936295403754	NA	0.607486098761169	0.858924662039715	NA	NA	NA	NA	NA	1.00276276045538	NA	NA	NA
NA	NA	NA	NA	NA	NA	NA	NA	NA	NA	NA	NA	NA	NA	NA	NA	NA	NA	NA	NA	NA	NA	NA	NA	NA	NA	NA	NA	NA	NA	NA	NA	NA	NA	NA	NA	NA	NA	NA	NA
0.311217968174517	NA	NA	NA	NA	0.99694198947299	1.59870211722257	NA	0.95080104448012	0.81967297209592	0.951560094777202	0.927747347143934	0.345830623452467	1.1354696296484	0.649638838317791	0.655555749915332	0.231504839918742	NA	NA	0.836339130597364	NA	0.539032161332776	NA	1.3279233408874	1.23020798578775	NA	NA	1.53625250358288	1.23186735247218	1.62211692985101	1.01361146887185	1.12824150136997	1.27353872929684	1.32090518576189	NA	NA	1.05175267322883	1.24051259432589	1.16431701751058	1.61225528081615
NA	NA	NA	NA	NA	NA	0.634866993883629	NA	0.576698523030516	NA	0.334005950314466	NA	NA	0.292565263603054	NA	NA	NA	NA	NA	NA	0.877456889631238	0.680325971661785	0.601540584394612	0.736146436644572	0.614224106794818	0.373211827854675	NA	NA	1.14590079018711	NA	1.76247296006262	1.12832656518087	1.01318906240922	1.12275634298329	NA	1.09907030515249	NA	1.24197055341978	1.36045066933207	1.37760284557527
NA	NA	NA	NA	NA	NA	NA	NA	NA	NA	NA	NA	NA	NA	NA	NA	NA	NA	NA	NA	NA	NA	NA	NA	NA	NA	NA	NA	NA	NA	NA	NA	NA	NA	NA	NA	NA	NA	NA	NA
NA	NA	NA	NA	NA	1.16047764957986	2.1301422326775	NA	0.15922994255087	NA	NA	0.804610635915499	NA	NA	NA	NA	0.318412470425024	NA	NA	NA	1.75683414279977	1.65863580909445	NA	NA	1.61640575990008	NA	1.71525829418978	1.75490293638291	1.66541458424786	NA	1.77195949975118	1.49086820265706	NA	2.8509960187828	1.6057220416025	NA	2.36145003122744	2.64034283495111	NA	2.04957026139452
NA	0.300140629422529	0.874465544731914	0.753948680814601	0.758404101271631	0.40370081484987	NA	NA	0.416945009890175	0.61600492228069	NA	0.466835297675748	NA	0.423915222519405	0.477404520909256	0.368550093340685	0.2173328100425	NA	0.564194471748824	NA	0.645952708316504	0.24556645286525	0.393720510391054	0.624401523478237	1.00247241325036	0.535661448618877	0.799577268148599	NA	0.824375183082261	1.57314920199411	1.35822063575841	1.16236559203138	1.20186284757578	1.17418792850982	NA	1.65692300723413	1.26266485430076	NA	0.849392944715591	NA
NA	NA	NA	NA	NA	NA	NA	NA	NA	NA	NA	NA	NA	NA	NA	NA	NA	NA	NA	NA	NA	NA	NA	NA	NA	NA	NA	NA	NA	NA	NA	NA	NA	NA	NA	NA	NA	NA	NA	NA
NA	NA	NA	NA	0.327349768577751	NA	0.651664740662504	0.805932084652843	0.811194434848889	1.27766952583684	0.851780266602574	1.19518845947234	0.888038943764251	NA	0.87602240260192	0.792144816277296	0.610406238742093	NA	NA	1.30529290231733	NA	0.513535344037715	1.80181210690892	NA	1.27299143329402	0.997307345328581	NA	1.25063142309068	1.20125520291393	NA	NA	1.26517152649562	NA	1.72059700882049	1.20450257796017	NA	NA	1.54275792049101	1.28991708695207	1.9818420491222
NA	NA	NA	NA	NA	NA	NA	NA	NA	NA	NA	NA	NA	NA	NA	NA	NA	NA	NA	NA	NA	NA	NA	NA	NA	NA	NA	NA	NA	NA	NA	NA	NA	NA	NA	NA	NA	NA	NA	NA
NA	NA	NA	NA	NA	NA	NA	NA	NA	NA	NA	NA	NA	NA	NA	NA	NA	NA	NA	NA	NA	NA	NA	NA	NA	NA	NA	NA	NA	NA	NA	NA	NA	NA	NA	NA	NA	NA	NA	NA
1.04513181109618	NA	NA	NA	0.516072931324075	NA	NA	0.32011547026877	0.45499914868638	NA	0.460010756542361	NA	0.532968328611408	0.394236460804118	NA	NA	0.190188576958875	NA	NA	NA	NA	NA	0.673533065688545	NA	NA	NA	0.728025807697598	NA	NA	NA	NA	1.10179227362047	NA	NA	NA	NA	1.93916205042361	NA	NA	1.55518057098351
0.960034077214152	0.394066966383751	NA	NA	NA	NA	0.906414600915732	0.32680531821194	NA	NA	NA	NA	0.728171230572682	0.614653154639425	0.584768084323148	NA	0.290292523969891	NA	NA	0.301372057221845	0.717685885843369	0.556376514690841	0.688511457725059	NA	NA	NA	0.820545623084759	0.704232912178891	NA	0.404145406091604	NA	0.434090684059059	0.415161562378293	NA	NA	NA	0.46163453400726	0.655781047636064	0.474289636432451	NA
NA	NA	NA	NA	NA	NA	NA	NA	NA	NA	NA	NA	NA	NA	NA	NA	NA	NA	NA	NA	NA	NA	NA	NA	NA	NA	NA	NA	NA	NA	NA	NA	NA	NA	NA	NA	NA	NA	NA	NA
0.854519427570867	1.12787837824726	NA	1.12530666850166	0.511800580042056	0.672010459425702	0.594917340778045	NA	0.673706223645611	NA	NA	1.5053650481072	NA	0.23949269085394	0.595291816135198	0.226126140165372	1.0388739324067	NA	NA	0.408127818666246	0.658140033401805	0.828691980272033	0.601255914918017	NA	NA	NA	0.146127714431843	NA	0.399706580036996	0.80710886237831	NA	NA	1.87935826638666	0.515967747652928	1.11702432318051	NA	NA	NA	1.55335666930823	1.07929027277175
NA	NA	NA	NA	NA	NA	NA	NA	NA	NA	NA	NA	NA	NA	NA	NA	NA	NA	NA	NA	NA	NA	NA	NA	NA	NA	NA	NA	NA	NA	NA	NA	NA	NA	NA	NA	NA	NA	NA	NA
NA	NA	NA	NA	NA	NA	NA	NA	NA	NA	NA	NA	NA	NA	NA	NA	NA	NA	NA	NA	NA	NA	NA	NA	NA	NA	NA	NA	NA	NA	NA	NA	NA	NA	NA	NA	NA	NA	NA	NA
NA	NA	NA	NA	NA	NA	NA	NA	NA	NA	NA	NA	NA	NA	NA	NA	NA	NA	NA	NA	NA	NA	NA	NA	NA	NA	NA	NA	NA	NA	NA	NA	NA	NA	NA	NA	NA	NA	NA	NA
NA	NA	NA	NA	NA	NA	NA	NA	NA	NA	NA	NA	NA	NA	NA	NA	NA	NA	NA	NA	NA	NA	NA	NA	NA	NA	NA	NA	NA	NA	NA	NA	NA	NA	NA	NA	NA	NA	NA	NA
NA	NA	NA	NA	NA	NA	NA	NA	NA	NA	NA	NA	NA	NA	NA	NA	NA	NA	NA	NA	NA	NA	NA	NA	NA	NA	NA	NA	NA	NA	NA	NA	NA	NA	NA	NA	NA	NA	NA	NA
NA	NA	NA	NA	NA	NA	NA	NA	NA	NA	NA	NA	NA	NA	NA	NA	NA	NA	NA	NA	NA	NA	NA	NA	NA	NA	NA	NA	NA	NA	NA	NA	NA	NA	NA	NA	NA	NA	NA	NA
NA	NA	NA	NA	NA	NA	NA	NA	NA	NA	NA	NA	NA	NA	NA	NA	NA	NA	NA	NA	NA	NA	NA	NA	NA	NA	NA	NA	NA	NA	NA	NA	NA	NA	NA	NA	NA	NA	NA	NA
NA	NA	NA	NA	NA	NA	NA	NA	NA	NA	NA	NA	NA	NA	NA	NA	NA	NA	NA	NA	NA	NA	NA	NA	NA	NA	NA	NA	NA	NA	NA	NA	NA	NA	NA	NA	NA	NA	NA	NA
NA	NA	NA	NA	NA	NA	NA	NA	NA	NA	NA	NA	NA	NA	NA	NA	NA	NA	NA	NA	NA	NA	NA	NA	NA	NA	NA	NA	NA	NA	NA	NA	NA	NA	NA	NA	NA	NA	NA	NA
NA	NA	NA	NA	NA	NA	NA	NA	0.711976195530589	NA	NA	NA	0.653235183215613	NA	0.899797878169608	0.565064911240616	0.633027260020461	NA	NA	NA	0.339971614760714	0.678449704621603	NA	NA	NA	NA	1.03172172276297	1.04992938873178	1.16239012083813	NA	0.803090081102367	0.976997796870668	NA	1.11045876333052	1.49527022655125	1.5149840453477	NA	0.871371968535788	0.71583420586788	NA
NA	NA	NA	NA	NA	NA	NA	NA	NA	NA	NA	NA	NA	NA	NA	NA	NA	NA	NA	NA	NA	NA	NA	NA	NA	NA	NA	NA	NA	NA	NA	NA	NA	NA	NA	NA	NA	NA	NA	NA
NA	NA	NA	NA	NA	NA	NA	NA	NA	NA	NA	NA	NA	NA	NA	NA	NA	NA	NA	NA	NA	NA	NA	NA	NA	NA	NA	NA	NA	NA	NA	NA	NA	NA	NA	NA	NA	NA	NA	NA
NA	NA	NA	NA	NA	NA	NA	NA	NA	NA	NA	NA	NA	NA	NA	NA	NA	NA	NA	NA	NA	NA	NA	NA	NA	NA	NA	NA	NA	NA	NA	NA	NA	NA	NA	NA	NA	NA	NA	NA
1.55317150637818	NA	NA	NA	NA	NA	1.19515867476475	1.02004219374272	0.60929885697046	NA	NA	NA	NA	0.509685835474848	NA	NA	0.445090226836108	NA	NA	NA	0.710313310700947	0.750450952674366	NA	NA	NA	NA	NA	0.926090926176633	0.810598830832893	NA	NA	0.73238708106327	0.733603165936658	NA	NA	NA	0.843470340259841	NA	1.21672354071823	NA
NA	NA	NA	1.10516736873921	1.35561868936785	NA	NA	1.13263838434152	NA	NA	1.125703781464	0.752953170237177	NA	0.80127639448467	NA	NA	NA	NA	NA	0.447862311006191	NA	NA	0.379718728057756	1.27297920736507	0.694497846682582	NA	NA	0.918148915532921	1.04370248702309	NA	0.778097169652731	0.895933839069161	0.95498411802121	1.34962924658491	1.33598004077374	1.25721622722192	2.97310484207143	1.2455469668987	0.786321692062751	0.717354532064536
NA	NA	NA	NA	NA	NA	NA	NA	NA	NA	NA	NA	NA	NA	NA	NA	NA	NA	NA	NA	NA	NA	NA	NA	NA	NA	NA	NA	NA	NA	NA	NA	NA	NA	NA	NA	NA	NA	NA	NA
NA	NA	NA	NA	NA	NA	NA	NA	NA	NA	NA	NA	NA	NA	NA	NA	NA	NA	NA	NA	NA	NA	NA	NA	NA	NA	NA	NA	NA	NA	NA	NA	NA	NA	NA	NA	NA	NA	NA	NA
1.45270686996061	NA	0.447673294992744	NA	NA	0.543094105638133	0.56802265080877	0.642150218144541	0.62844126786405	0.194334977428377	0.630828588916495	1.28369093463557	0.554464207633851	0.649765442928599	NA	NA	0.370398876650426	NA	1.41759423338811	0.312327119963054	0.343064729867351	0.660732378739627	0.94524935676807	NA	0.328031937375485	0.579505348306078	NA	0.70807771711758	1.6306803740929	NA	1.29977552576676	1.50963642745717	0.721295005138423	NA	1.39801569622584	NA	0.635016754923778	1.54202707765631	NA	0.570830920697117
NA	NA	NA	NA	NA	NA	NA	NA	NA	NA	NA	NA	NA	NA	NA	NA	NA	NA	NA	NA	NA	NA	NA	NA	NA	NA	NA	NA	NA	NA	NA	NA	NA	NA	NA	NA	NA	NA	NA	NA
NA	0.752134701187205	NA	NA	0.564534173380046	0.245733225036949	0.495040237418272	NA	NA	NA	0.336331056677527	NA	NA	0.691507994391237	0.719168609620541	NA	0.191767152395881	NA	0.227151617271618	0.374245306952867	NA	0.524957236692716	0.826828995593613	NA	NA	NA	0.999987211361368	0.716149551512377	1.01699236613876	1.24536396816251	1.2246136510491	NA	1.28371000793605	0.742877558867296	0.625375137017977	0.689783833098559	1.74685078126304	0.765333396383775	NA	0.599202561815717
NA	NA	1.34899747647682	1.17968467547262	NA	0.676907101803932	1.39520344165024	1.00924421020303	1.13697188873582	NA	0.714865823725181	0.830869793951653	0.706619088705951	0.335380914262422	0.836982945905453	0.571386839428834	0.598560360156541	NA	0.473308462434796	0.421097732425108	0.543013310890014	0.436873323503503	0.668708621545946	1.59730009369162	0.548529865128752	0.833540681022251	0.481710427734504	0.673239477959385	0.555177473425737	0.583316030969782	0.686612643941837	0.747780051099649	0.748077472523671	0.896641778600016	NA	0.867582421562429	0.973167101993237	0.671427525199967	0.670414818645263	0.648784361174567
NA	NA	NA	NA	NA	NA	NA	NA	NA	NA	NA	NA	NA	NA	NA	NA	NA	NA	NA	NA	NA	NA	NA	NA	NA	NA	NA	NA	NA	NA	NA	NA	NA	NA	NA	NA	NA	NA	NA	NA
NA	1.09001148260557	0.512912745662286	NA	NA	0.363793394061936	0.288077805055115	0.588621436759921	0.729695261879651	0.734939883499094	NA	0.810693808666938	0.716193648283331	0.38999555872416	0.298794733033573	0.336524765748984	0.258019231432012	NA	0.141019193087248	0.166190083843452	0.50783227463527	0.200442676636223	0.50263784149091	0.580570259090522	0.684999078727629	0.660560112125359	0.72374593950437	NA	NA	1.16485983187245	NA	1.26222824269272	1.1506004899554	0.99465451136434	0.901020632373565	0.712627662062	NA	1.24430578422783	0.489790285560345	1.76883281976476
NA	NA	NA	NA	NA	NA	NA	NA	NA	NA	NA	NA	NA	NA	NA	NA	NA	NA	NA	NA	NA	NA	NA	NA	NA	NA	NA	NA	NA	NA	NA	NA	NA	NA	NA	NA	NA	NA	NA	NA
1.30397370289932	0.875238861865028	1.47883685582576	NA	0.887651378606852	0.592391704595409	0.61011559705421	0.864642205875959	0.582235703158599	0.456339578003149	0.72194937930026	NA	0.725772011643	0.526815824390937	0.475805683208281	NA	NA	NA	NA	NA	NA	NA	NA	NA	NA	NA	NA	NA	NA	NA	NA	NA	NA	NA	NA	NA	NA	NA	NA	NA
NA	NA	NA	NA	NA	NA	NA	NA	NA	NA	NA	NA	NA	NA	NA	NA	NA	NA	NA	NA	NA	NA	NA	NA	NA	NA	NA	NA	NA	NA	NA	NA	NA	NA	NA	NA	NA	NA	NA	NA
NA	NA	1.10489284210969	NA	0.860981886509594	NA	0.467580247254181	NA	1.36185858822067	1.37663815778964	0.552403441824857	1.62006190286031	2.09653158849291	NA	0.578627732391931	0.557234285903966	NA	NA	NA	0.651561332373199	0.368911951085383	NA	1.9393919803491	1.66487030118452	NA	NA	1.24920328784906	1.6760889633369	2.10483190230621	1.75427888765227	2.08981622572911	1.31092669412929	1.84561218388158	1.08134450014212	0.808714924809853	1.06474926050575	1.04364698900003	0.925619730523909	1.88435625832622	1.40035338559695
NA	NA	0.500995334843738	NA	0.465968880834641	1.02322595956767	0.634297092444348	0.901751017267033	0.787057024295736	1.05802854809614	0.870087345081786	NA	0.711078063084653	0.744268997560374	NA	0.997328658863879	1.1141891370682	NA	NA	0.532838796468666	0.68592516261959	0.887920027929239	1.37656081531726	1.19048360798313	1.27744879555447	1.06040553134663	1.74093678748936	1.80583723431268	1.18443845064133	1.09506170861163	NA	0.804618907350417	NA	1.31589023485232	NA	NA	NA	NA	NA	NA
NA	NA	NA	NA	NA	NA	NA	NA	NA	NA	NA	NA	NA	NA	NA	NA	NA	NA	NA	NA	NA	NA	NA	NA	NA	NA	NA	NA	NA	NA	NA	NA	NA	NA	NA	NA	NA	NA	NA	NA
NA	1.80915090460979	NA	NA	NA	0.999054191405385	1.27343947237834	1.15320178057391	NA	NA	NA	NA	1.38628306966681	0.675246818642599	NA	NA	NA	NA	NA	0.708544701226077	0.636147983265538	0.523969832085538	NA	NA	NA	NA	NA	NA	NA	NA	NA	NA	NA	NA	NA	NA	NA	NA	NA	NA
0.326086176345929	0.602890131118206	0.961032684648118	NA	NA	0.630279442307126	0.45931491271957	0.609217559795833	0.94110957341319	NA	0.729094755259854	NA	0.661867997608594	0.483087377777558	0.273904479768833	0.706670230930644	0.758480499558428	NA	NA	0.408684049344546	0.161999030744755	0.363053716912683	0.849837057085749	1.1869945928556	NA	NA	NA	NA	NA	NA	NA	NA	NA	NA	NA	NA	NA	1.20384547516443	1.60185975402417	NA
NA	NA	NA	NA	NA	NA	NA	NA	NA	NA	NA	NA	NA	NA	NA	NA	NA	NA	NA	NA	NA	NA	NA	NA	NA	NA	NA	NA	NA	NA	NA	NA	NA	NA	NA	NA	NA	NA	NA	NA
0.745491091381795	1.14973697129048	0.555412336893831	0.761231100565352	NA	0.459883921351531	0.464935157781287	0.402054306344473	0.489374270002318	0.8049376602344	NA	0.501091873257304	NA	NA	NA	0.339997604798775	1.36082721092846	NA	0.844652036375315	NA	0.90745637308155	0.914926360024636	NA	0.601829572365251	0.529084287906509	1.15070650968582	NA	0.793992702849223	0.603020635470844	0.744844112253423	NA	0.575307211275375	0.804758424846651	NA	0.492328279672375	0.603685507114431	0.353679908865576	0.49138016814738	0.500005646822724	0.86818190583902
NA	NA	NA	NA	NA	NA	NA	NA	NA	NA	NA	NA	NA	NA	NA	NA	NA	NA	NA	NA	NA	NA	NA	NA	NA	NA	NA	NA	NA	NA	NA	NA	NA	NA	NA	NA	NA	NA	NA	NA
