k	i	j	iscore_ct1	jscore_ct1	AB_ct1	A0score_ct1	B0score_ct1	iscore_ct2	jscore_ct2	AB_ct2	A0score_ct2	B0score_ct2	CellTypeID	ABchange	A0change	B0change
1	1	2	0.18046829	0.19012852	AA	0.0343121688846308	0	0.18905134	0.21577221	AA	0.0407920254352614	0	ct2VSct5	-0.0064798565506306	-0.0064798565506306	0
2	1	3	0.18046829	0.14061381	AA	0.0253763338410849	0	0.18905134	0.16017422	AA	0.0302811509244548	0	ct2VSct5	-0.0049048170833699	-0.0049048170833699	0
3	1	4	0.18046829	-0.18161297	AB	0	0	0.18905134	-0.16747195	AB	0	0	ct2VSct5	-0.0011145855778083	0	0
4	1	5	0.18046829	-0.18328273	AB	0	0	0.18905134	-0.14763435	AB	0	0	ct2VSct5	-0.0051662491721027	0	0
5	1	6	0.18046829	0.042068575	AA	0.00759204379298675	0	0.18905134	0.12247223	AA	0.0231535391942882	0	ct2VSct5	-0.0155614954013015	-0.0155614954013015	0
6	1	7	0.18046829	-0.00098194839	AB	0	0	0.18905134	0.0989969	AA	0.018715496600846	0	ct2VSct5	-0.0188927071476576	-0.018715496600846	0
7	1	8	0.18046829	-0.044405686	AB	0	0	0.18905134	0.0099884727	AA	0.00188833414848842	0	ct2VSct5	-0.00990215236718536	-0.00188833414848842	0
8	1	9	0.18046829	-0.17344142	AB	0	0	0.18905134	-0.1274323	AB	0	0	ct2VSct5	-0.0072094294082898	0	0
9	1	10	0.18046829	-0.19903151	AB	0	0	0.18905134	-0.18691438	AB	0	0	ct2VSct5	-0.000582462261548698	0	0
10	1	11	0.18046829	-0.1973125	AB	0	0	0.18905134	-0.16241039	AB	0	0	ct2VSct5	-0.0049047476112024	0	0
11	1	12	0.18046829	-0.15190249	AB	0	0	0.18905134	0.017687445	AA	0.0033438351784263	0	ct2VSct5	-0.0307574177954684	-0.0033438351784263	0
12	1	13	0.18046829	-0.087703852	AB	0	0	0.18905134	0.09036246	AA	0.0170831441486964	0	ct2VSct5	-0.0329109083455495	-0.0170831441486964	0
13	1	14	0.18046829	-0.1880073	AB	0	0	0.18905134	-0.19910875	AB	0	0	ct2VSct5	0.003712420054708	0	0
14	1	15	0.18046829	-0.20745743	AB	0	0	0.18905134	-0.22389707	AB	0	0	ct2VSct5	0.0048885534656791	0	0
15	1	16	0.18046829	-0.17437581	AB	0	0	0.18905134	-0.10668783	AB	0	0	ct2VSct5	-0.0112998270248727	0	0
16	1	17	0.18046829	-0.14796277	AB	0	0	0.18905134	-0.16114704	AB	0	0	ct2VSct5	0.0037624757634703	0	0
17	1	18	0.18046829	-0.16760507	AB	0	0	0.18905134	-0.12908324	AB	0	0	ct2VSct5	-0.0058440408846887	0	0
18	1	19	0.18046829	-0.14024768	AB	0	0	0.18905134	-0.082187458	AB	0	0	ct2VSct5	-0.00977260991997348	0	0
19	1	20	0.18046829	0.054948016	AA	0.00991637448641264	0	0.18905134	0.10462359	AA	0.0197792298851106	0	ct2VSct5	-0.00986285539869796	-0.00986285539869796	0
20	1	21	0.18046829	-0.0074197618	AB	0	0	0.18905134	0.021771407	AA	0.00411591366703538	0	ct2VSct5	-0.0054549453912887	-0.00411591366703538	0
21	1	22	0.18046829	-0.15307954	AB	0	0	0.18905134	-0.16762484	AB	0	0	ct2VSct5	0.004063697801499	0	0
22	1	23	0.18046829	-0.094298444	AB	0	0	0.18905134	0.045727801	AA	0.00864490205430334	0	ct2VSct5	-0.0256627809926441	-0.00864490205430334	0
23	1	24	0.18046829	-0.15181406	AB	0	0	0.18905134	-0.072285174	AB	0	0	ct2VSct5	-0.0137320147993242	0	0
24	1	25	0.18046829	-0.14685121	AB	0	0	0.18905134	-0.023054218	AB	0	0	ct2VSct5	-0.0221435559475788	0	0
25	1	26	0.18046829	0.022230333	AA	0.00401187018264057	0	0.18905134	0.11066115	AA	0.020920638693441	0	ct2VSct5	-0.0169087685108004	-0.0169087685108004	0
26	1	27	0.18046829	-0.1369298	AB	0	0	0.18905134	-0.057726404	AB	0	0	ct2VSct5	-0.0137982328264606	0	0
27	1	28	0.18046829	-0.19271408	AB	0	0	0.18905134	-0.20989674	AB	0	0	ct2VSct5	0.0049024794821084	0	0
28	1	29	0.18046829	-0.072474398	AB	0	0	0.18905134	-0.061097665	AB	0	0	ct2VSct5	-0.00152873523671832	0	0
29	1	30	0.18046829	-0.19092902	AB	0	0	0.18905134	-0.17611978	AB	0	0	ct2VSct5	-0.0011609533412706	0	0
30	1	31	0.18046829	-0.061939482	AB	0	0	0.18905134	0.0086151607	AA	0.00162870767465034	0	ct2VSct5	-0.0128068200746761	-0.00162870767465034	0
31	1	32	0.18046829	0.093314979	AA	0.0168403946915159	0	0.18905134	0.13175122	AA	0.0249077446876348	0	ct2VSct5	-0.00806734999611889	-0.0080673499961189	0
32	1	33	0.18046829	-0.11083278	AB	0	0	0.18905134	-0.13591568	AB	0	0	ct2VSct5	0.005693239148465	0	0
33	1	34	0.18046829	-0.17001925	AB	0	0	0.18905134	-0.20408624	AB	0	0	ct2VSct5	0.0078996938329791	0	0
34	1	35	0.18046829	0.0060066249	AA	0.00108400532437442	0	0.18905134	0.085631547	AA	0.016188758706623	0	ct2VSct5	-0.0151047533822486	-0.0151047533822486	0
35	1	36	0.18046829	-0.02883865	AB	0	0	0.18905134	0.054590767	AA	0.0103204576529778	0	ct2VSct5	-0.0155249195043863	-0.0103204576529778	0
36	1	37	0.18046829	0.1362983	AA	0.024597521130907	0	0.18905134	0.13175867	AA	0.0249091531201178	0	ct2VSct5	-0.0003116319892108	-0.0003116319892108	0
37	1	38	0.18046829	-0.11748793	AB	0	0	0.18905134	-0.14552101	AB	0	0	ct2VSct5	0.0063080961159137	0	0
38	1	39	0.18046829	0.18710115	AA	0.0337658245975335	0	0.18905134	0.21221508	AA	0.0401195452422072	0	ct2VSct5	-0.0063537206446737	-0.0063537206446737	0
39	1	40	0.18046829	0.18804056	AA	0.0339353583138424	0	0.18905134	0.22661106	AA	0.0428411245518204	0	ct2VSct5	-0.008905766237978	-0.008905766237978	0
40	1	41	0.18046829	0.18964921	AA	0.0342256686285509	0	0.18905134	0.22850003	AA	0.0431982368615402	0	ct2VSct5	-0.0089725682329893	-0.0089725682329893	0
41	1	42	0.18046829	0.15865292	AA	0.0286318211759068	0	0.18905134	0.1785571	AA	0.033756459021514	0	ct2VSct5	-0.0051246378456072	-0.0051246378456072	0
42	1	43	0.18046829	-0.1823701	AB	0	0	0.18905134	-0.20891748	AB	0	0	ct2VSct5	0.0065841094492942	0	0
43	1	44	0.18046829	-0.17777604	AB	0	0	0.18905134	-0.20660961	AB	0	0	ct2VSct5	0.0069768856856058	0	0
44	1	45	0.18046829	0.088799464	AA	0.0160254874209966	0	0.18905134	0.11991098	AA	0.0226693314497132	0	ct2VSct5	-0.00664384402871664	-0.0066438440287166	0
45	1	46	0.18046829	-0.083378426	AB	0	0	0.18905134	-0.14745745	AB	0	0	ct2VSct5	0.0128298665523715	0	0
46	1	47	0.18046829	0.15723078	AA	0.0283751700019662	0	0.18905134	0.064093326	AA	0.0121169291653568	0	ct2VSct5	0.0162582408366094	0.0162582408366094	0
47	1	48	0.18046829	0.14162452	AA	0.0255587349464708	0	0.18905134	0.036016928	AA	0.00680904850108352	0	ct2VSct5	0.0187496864453873	0.0187496864453873	0
48	1	49	0.18046829	0.047735823	AA	0.00861480234855267	0	0.18905134	-0.058781142	AB	0	0	ct2VSct5	0.019727456010383	0.00861480234855267	0
49	1	50	0.18046829	0.0022084846	AA	0.000398561439253334	0	0.18905134	-0.027794689	AB	0	0	ct2VSct5	0.00565318463958659	0.000398561439253334	0
50	2	3	0.19012852	0.14061381	AA	0.0267346955868612	0	0.21577221	0.16017422	AA	0.0345611454344262	0	ct2VSct5	-0.007826449847565	-0.007826449847565	0
51	2	4	0.19012852	-0.18161297	AB	0	0	0.21577221	-0.16747195	AB	0	0	ct2VSct5	0.00160598756560509	0	0
52	2	5	0.19012852	-0.18328273	AB	0	0	0.21577221	-0.14763435	AB	0	0	ct2VSct5	-0.00299188422504611	0	0
53	2	6	0.19012852	0.042068575	AA	0.007998435903259	0	0.21577221	0.12247223	AA	0.0264261037307283	0	ct2VSct5	-0.0184276678274693	-0.0184276678274693	0
54	2	7	0.19012852	-0.00098194839	AB	0	0	0.21577221	0.0989969	AA	0.021360779896149	0	ct2VSct5	-0.0215474762902561	-0.021360779896149	0
55	2	8	0.19012852	-0.044405686	AB	0	0	0.21577221	0.0099884727	AA	0.00215523482900367	0	ct2VSct5	-0.0105980221877684	-0.00215523482900367	0
56	2	9	0.19012852	-0.17344142	AB	0	0	0.21577221	-0.1274323	AB	0	0	ct2VSct5	-0.0054798114949154	0	0
57	2	10	0.19012852	-0.19903151	AB	0	0	0.21577221	-0.18691438	AB	0	0	ct2VSct5	0.0024893624237146	0	0
58	2	11	0.19012852	-0.1973125	AB	0	0	0.21577221	-0.16241039	AB	0	0	ct2VSct5	-0.00247108482523811	0	0
59	2	12	0.19012852	-0.15190249	AB	0	0	0.21577221	0.017687445	AA	0.00381645909690345	0	ct2VSct5	-0.0326974547049182	-0.00381645909690345	0
60	2	13	0.19012852	-0.087703852	AB	0	0	0.21577221	0.09036246	AA	0.0194977076952366	0	ct2VSct5	-0.0361727112742956	-0.0194977076952366	0
61	2	14	0.19012852	-0.1880073	AB	0	0	0.21577221	-0.19910875	AB	0	0	ct2VSct5	0.0072165853196415	0	0
62	2	15	0.19012852	-0.20745743	AB	0	0	0.21577221	-0.22389707	AB	0	0	ct2VSct5	0.0088671914775211	0	0
63	2	16	0.19012852	-0.17437581	AB	0	0	0.21577221	-0.10668783	AB	0	0	ct2VSct5	-0.0101335458198969	0	0
64	2	17	0.19012852	-0.14796277	AB	0	0	0.21577221	-0.16114704	AB	0	0	ct2VSct5	0.006639110480558	0	0
65	2	18	0.19012852	-0.16760507	AB	0	0	0.21577221	-0.12908324	AB	0	0	ct2VSct5	-0.004013927934836	0	0
66	2	19	0.19012852	-0.14024768	AB	0	0	0.21577221	-0.082187458	AB	0	0	ct2VSct5	-0.00893131438489142	0	0
67	2	20	0.19012852	0.054948016	AA	0.0104471849590163	0	0.21577221	0.10462359	AA	0.0225748632324339	0	ct2VSct5	-0.0121276782734176	-0.0121276782734176	0
68	2	21	0.19012852	-0.0074197618	AB	0	0	0.21577221	0.021771407	AA	0.00469766460319947	0	ct2VSct5	-0.006108372932986	-0.00469766460319947	0
69	2	22	0.19012852	-0.15307954	AB	0	0	0.21577221	-0.16762484	AB	0	0	ct2VSct5	0.0070639957952156	0	0
70	2	23	0.19012852	-0.094298444	AB	0	0	0.21577221	0.045727801	AA	0.00986678868021021	0	ct2VSct5	-0.0277956122762331	-0.00986678868021021	0
71	2	24	0.19012852	-0.15181406	AB	0	0	0.21577221	-0.072285174	AB	0	0	ct2VSct5	-0.0132670507987767	0	0
72	2	25	0.19012852	-0.14685121	AB	0	0	0.21577221	-0.023054218	AB	0	0	ct2VSct5	-0.0229461436498274	0	0
73	2	26	0.19012852	0.022230333	AA	0.00422662031239716	0	0.21577221	0.11066115	AA	0.0238776008966415	0	ct2VSct5	-0.0196509805842443	-0.0196509805842443	0
74	2	27	0.19012852	-0.1369298	AB	0	0	0.21577221	-0.057726404	AB	0	0	ct2VSct5	-0.0135785064514632	0	0
75	2	28	0.19012852	-0.19271408	AB	0	0	0.21577221	-0.20989674	AB	0	0	ct2VSct5	0.0086494406480338	0	0
76	2	29	0.19012852	-0.072474398	AB	0	0	0.21577221	-0.061097665	AB	0	0	ct2VSct5	-0.00059627182674131	0	0
77	2	30	0.19012852	-0.19092902	AB	0	0	0.21577221	-0.17611978	AB	0	0	ct2VSct5	0.0017007021576634	0	0
78	2	31	0.19012852	-0.061939482	AB	0	0	0.21577221	0.0086151607	AA	0.00185891226374415	0	ct2VSct5	-0.0136353743059708	-0.00185891226374415	0
79	2	32	0.19012852	0.093314979	AA	0.0177418388511011	0	0.21577221	0.13175122	AA	0.0284282519095962	0	ct2VSct5	-0.0106864130584951	-0.0106864130584951	0
80	2	33	0.19012852	-0.11083278	AB	0	0	0.21577221	-0.13591568	AB	0	0	ct2VSct5	0.0082543542183672	0	0
81	2	34	0.19012852	-0.17001925	AB	0	0	0.21577221	-0.20408624	AB	0	0	ct2VSct5	0.0117106306613804	0	0
82	2	35	0.19012852	0.0060066249	AA	0.00114203070243215	0	0.21577221	0.085631547	AA	0.0184769081419089	0	ct2VSct5	-0.0173348774394767	-0.0173348774394768	0
83	2	36	0.19012852	-0.02883865	AB	0	0	0.21577221	0.054590767	AA	0.0117791704411851	0	ct2VSct5	-0.0172622202844831	-0.0117791704411851	0
84	2	37	0.19012852	0.1362983	AA	0.025914194057516	0	0.21577221	0.13175867	AA	0.0284298594125607	0	ct2VSct5	-0.0025156653550447	-0.0025156653550447	0
85	2	38	0.19012852	-0.11748793	AB	0	0	0.21577221	-0.14552101	AB	0	0	ct2VSct5	0.0090615836803685	0	0
86	2	39	0.19012852	0.18710115	AA	0.035573264739798	0	0.21577221	0.21221508	AA	0.0457901168069268	0	ct2VSct5	-0.0102168520671288	-0.0102168520671288	0
87	2	40	0.19012852	0.18804056	AA	0.0357518733727712	0	0.21577221	0.22661106	AA	0.0488963692266426	0	ct2VSct5	-0.0131444958538714	-0.0131444958538714	0
88	2	41	0.19012852	0.18964921	AA	0.0360577236164692	0	0.21577221	0.22850003	AA	0.0493039564581663	0	ct2VSct5	-0.0132462328416971	-0.0132462328416971	0
89	2	42	0.19012852	0.15865292	AA	0.0301644448732784	0	0.21577221	0.1785571	AA	0.038527660078191	0	ct2VSct5	-0.0083632152049126	-0.0083632152049126	0
90	2	43	0.19012852	-0.1823701	AB	0	0	0.21577221	-0.20891748	AB	0	0	ct2VSct5	0.0104048291619788	0	0
91	2	44	0.19012852	-0.17777604	AB	0	0	0.21577221	-0.20660961	AB	0	0	ct2VSct5	0.0107803167802773	0	0
92	2	45	0.19012852	0.088799464	AA	0.0168833106671133	0	0.21577221	0.11991098	AA	0.0258734571578658	0	ct2VSct5	-0.00899014649075252	-0.0089901464907525	0
93	2	46	0.19012852	-0.083378426	AB	0	0	0.21577221	-0.14745745	AB	0	0	ct2VSct5	0.015964603132155	0	0
94	2	47	0.19012852	0.15723078	AA	0.0298940554998456	0	0.21577221	0.064093326	AA	0.0138295585972705	0	ct2VSct5	0.0160644969025751	0.0160644969025751	0
95	2	48	0.19012852	0.14162452	AA	0.0269268603833104	0	0.21577221	0.036016928	AA	0.00777145215197088	0	ct2VSct5	0.0191554082313395	0.0191554082313395	0
96	2	49	0.19012852	0.047735823	AA	0.00907594137797196	0	0.21577221	-0.058781142	AB	0	0	ct2VSct5	0.0217592782936358	0.00907594137797196	0
97	2	50	0.19012852	0.0022084846	AA	0.000419895908440792	0	0.21577221	-0.027794689	AB	0	0	ct2VSct5	0.00641721738023348	0.000419895908440792	0
98	3	4	0.14061381	-0.18161297	AB	0	0	0.16017422	-0.16747195	AB	0	0	ct2VSct5	0.0012873973060133	0	0
99	3	5	0.14061381	-0.18328273	AB	0	0	0.16017422	-0.14763435	AB	0	0	ct2VSct5	-0.0021248661160443	0	0
100	3	6	0.14061381	0.042068575	AA	0.00591542261202075	0	0.16017422	0.12247223	AA	0.0196168939119106	0	ct2VSct5	-0.0137014712998899	-0.0137014712998898	0
101	3	7	0.14061381	-0.00098194839	AB	0	0	0.16017422	0.0989969	AA	0.015856751239918	0	ct2VSct5	-0.0159948267442593	-0.015856751239918	0
102	3	8	0.14061381	-0.044405686	AB	0	0	0.16017422	0.0099884727	AA	0.00159989582371379	0	ct2VSct5	-0.00784394851783746	-0.00159989582371379	0
103	3	9	0.14061381	-0.17344142	AB	0	0	0.16017422	-0.1274323	AB	0	0	ct2VSct5	-0.0039768896227042	0	0
104	3	10	0.14061381	-0.19903151	AB	0	0	0.16017422	-0.18691438	AB	0	0	ct2VSct5	0.0019522860921305	0	0
105	3	11	0.14061381	-0.1973125	AB	0	0	0.16017422	-0.16241039	AB	0	0	ct2VSct5	-0.0017309048474792	0	0
106	3	12	0.14061381	-0.15190249	AB	0	0	0.16017422	0.017687445	AA	0.0028330727066679	0	ct2VSct5	-0.0241926605740548	-0.0028330727066679	0
107	3	13	0.14061381	-0.087703852	AB	0	0	0.16017422	0.09036246	AA	0.0144737365477812	0	ct2VSct5	-0.0268061093291773	-0.0144737365477812	0
108	3	14	0.14061381	-0.1880073	AB	0	0	0.16017422	-0.19910875	AB	0	0	ct2VSct5	0.005455665965612	0	0
109	3	15	0.14061381	-0.20745743	AB	0	0	0.16017422	-0.22389707	AB	0	0	ct2VSct5	0.0066911589024271	0	0
110	3	16	0.14061381	-0.17437581	AB	0	0	0.16017422	-0.10668783	AB	0	0	ct2VSct5	-0.0074310070621935	0	0
111	3	17	0.14061381	-0.14796277	AB	0	0	0.16017422	-0.16114704	AB	0	0	ct2VSct5	0.0050059926094551	0	0
112	3	18	0.14061381	-0.16760507	AB	0	0	0.16017422	-0.12908324	AB	0	0	ct2VSct5	-0.0028917801859439	0	0
113	3	19	0.14061381	-0.14024768	AB	0	0	0.16017422	-0.082187458	AB	0	0	ct2VSct5	-0.00655644864952804	0	0
114	3	20	0.14061381	0.054948016	AA	0.00772644988170096	0	0.16017422	0.10462359	AA	0.0167580019218498	0	ct2VSct5	-0.00903155204014884	-0.00903155204014884	0
115	3	21	0.14061381	-0.0074197618	AB	0	0	0.16017422	0.021771407	AA	0.00348721813452754	0	ct2VSct5	-0.004530539110518	-0.00348721813452754	0
116	3	22	0.14061381	-0.15307954	AB	0	0	0.16017422	-0.16762484	AB	0	0	ct2VSct5	0.0053240806471774	0	0
117	3	23	0.14061381	-0.094298444	AB	0	0	0.16017422	0.045727801	AA	0.00732441485749022	0	ct2VSct5	-0.0205840783454019	-0.00732441485749022	0
118	3	24	0.14061381	-0.15181406	AB	0	0	0.16017422	-0.072285174	AB	0	0	ct2VSct5	-0.00976893202515432	0	0
119	3	25	0.14061381	-0.14685121	AB	0	0	0.16017422	-0.023054218	AB	0	0	ct2VSct5	-0.0169566167553501	0	0
120	3	26	0.14061381	0.022230333	AA	0.00312589182069873	0	0.16017422	0.11066115	AA	0.017725063385553	0	ct2VSct5	-0.0145991715648543	-0.0145991715648543	0
121	3	27	0.14061381	-0.1369298	AB	0	0	0.16017422	-0.057726404	AB	0	0	ct2VSct5	-0.0100079391464331	0	0
122	3	28	0.14061381	-0.19271408	AB	0	0	0.16017422	-0.20989674	AB	0	0	ct2VSct5	0.006521785580598	0	0
123	3	29	0.14061381	-0.072474398	AB	0	0	0.16017422	-0.061097665	AB	0	0	ct2VSct5	-0.000404630395040078	0	0
124	3	30	0.14061381	-0.19092902	AB	0	0	0.16017422	-0.17611978	AB	0	0	ct2VSct5	0.0013625914463054	0	0
125	3	31	0.14061381	-0.061939482	AB	0	0	0.16017422	0.0086151607	AA	0.00137992664529715	0	ct2VSct5	-0.0100894731987436	-0.00137992664529715	0
126	3	32	0.14061381	0.093314979	AA	0.01312137472726	0	0.16017422	0.13175122	AA	0.0211031488975484	0	ct2VSct5	-0.00798177417028841	-0.0079817741702884	0
127	3	33	0.14061381	-0.11083278	AB	0	0	0.16017422	-0.13591568	AB	0	0	ct2VSct5	0.0061855685610778	0	0
128	3	34	0.14061381	-0.17001925	AB	0	0	0.16017422	-0.20408624	AB	0	0	ct2VSct5	0.0087822997888903	0	0
129	3	35	0.14061381	0.0060066249	AA	0.000844614412429869	0	0.16017422	0.085631547	AA	0.0137159662481183	0	ct2VSct5	-0.0128713518356885	-0.0128713518356884	0
130	3	36	0.14061381	-0.02883865	AB	0	0	0.16017422	0.054590767	AA	0.00874403352342674	0	ct2VSct5	-0.0127991459751832	-0.00874403352342674	0
131	3	37	0.14061381	0.1362983	AA	0.019165423259523	0	0.16017422	0.13175867	AA	0.0211043421954874	0	ct2VSct5	-0.0019389189359644	-0.0019389189359644	0
132	3	38	0.14061381	-0.11748793	AB	0	0	0.16017422	-0.14552101	AB	0	0	ct2VSct5	0.0067882888040489	0	0
133	3	39	0.14061381	0.18710115	AA	0.0263090055568815	0	0.16017422	0.21221508	AA	0.0339913849112376	0	ct2VSct5	-0.0076823793543561	-0.0076823793543561	0
134	3	40	0.14061381	0.18804056	AA	0.0264410995761336	0	0.16017422	0.22661106	AA	0.0362972497788732	0	ct2VSct5	-0.0098561502027396	-0.0098561502027396	0
135	3	41	0.14061381	0.18964921	AA	0.0266672979815901	0	0.16017422	0.22850003	AA	0.0365998140752266	0	ct2VSct5	-0.00993251609363649	-0.0099325160936365	0
136	3	42	0.14061381	0.15865292	AA	0.0223087915488252	0	0.16017422	0.1785571	AA	0.028600244217962	0	ct2VSct5	-0.0062914526691368	-0.0062914526691368	0
137	3	43	0.14061381	-0.1823701	AB	0	0	0.16017422	-0.20891748	AB	0	0	ct2VSct5	0.0078194398122846	0	0
138	3	44	0.14061381	-0.17777604	AB	0	0	0.16017422	-0.20660961	AB	0	0	ct2VSct5	0.0080957668151418	0	0
139	3	45	0.14061381	0.088799464	AA	0.0124864309589978	0	0.16017422	0.11991098	AA	0.0192066476909356	0	ct2VSct5	-0.00672021673193776	-0.0067202167319378	0
140	3	46	0.14061381	-0.083378426	AB	0	0	0.16017422	-0.14745745	AB	0	0	ct2VSct5	0.0118947238852759	0	0
141	3	47	0.14061381	0.15723078	AA	0.0221088190250718	0	0.16017422	0.064093326	AA	0.0102660984992557	0	ct2VSct5	0.0118427205258161	0.0118427205258161	0
142	3	48	0.14061381	0.14162452	AA	0.0199143633466212	0	0.16017422	0.036016928	AA	0.00576898334919616	0	ct2VSct5	0.014145379997425	0.014145379997425	0
143	3	49	0.14061381	0.047735823	AA	0.00671231594551563	0	0.16017422	-0.058781142	AB	0	0	ct2VSct5	0.0161275395160749	0.00671231594551563	0
144	3	50	0.14061381	0.0022084846	AA	0.000310543433932326	0	0.16017422	-0.027794689	AB	0	0	ct2VSct5	0.00476253606464991	0.000310543433932326	0
145	4	5	-0.18161297	-0.18328273	BB	0	0.0332865209450081	-0.16747195	-0.14763435	BB	0	0.0247246124814825	ct2VSct5	0.00856190846352561	0	0.0085619084635256
146	4	6	-0.18161297	0.042068575	BA	0	0	-0.16747195	0.12247223	BA	0	0	ct2VSct5	0.0128704643295308	0	0
147	4	7	-0.18161297	-0.00098194839	BB	0	0.000178334563494618	-0.16747195	0.0989969	BA	0	0	ct2VSct5	0.0167575384504496	0	0.000178334563494618
148	4	8	-0.18161297	-0.044405686	BB	0	0.00806464851934742	-0.16747195	0.0099884727	BA	0	0	ct2VSct5	0.00973743751993818	0	0.00806464851934742
149	4	9	-0.18161297	-0.17344142	BB	0	0.0314992114072174	-0.16747195	-0.1274323	BB	0	0.021341335773985	ct2VSct5	0.0101578756332324	0	0.0101578756332324
150	4	10	-0.18161297	-0.19903151	BB	0	0.0361467036546847	-0.16747195	-0.18691438	BB	0	0.031302915701641	ct2VSct5	0.0048437879530437	0	0.0048437879530437
151	4	11	-0.18161297	-0.1973125	BB	0	0.035834509143125	-0.16747195	-0.16241039	BB	0	0.0271991847135605	ct2VSct5	0.0086353244295645	0	0.0086353244295645
152	4	12	-0.18161297	-0.15190249	BB	0	0.0275874623592953	-0.16747195	0.017687445	BA	0	0	ct2VSct5	0.030549613263963	0	0.0275874623592953
153	4	13	-0.18161297	-0.087703852	BB	0	0.0159281570421604	-0.16747195	0.09036246	BA	0	0	ct2VSct5	0.0310613344251574	0	0.0159281570421604
154	4	14	-0.18161297	-0.1880073	BB	0	0.034144564134681	-0.16747195	-0.19910875	BB	0	0.0333451306245625	ct2VSct5	0.000799433510118498	0	0.000799433510118498
155	4	15	-0.18161297	-0.20745743	BB	0	0.0376769600108671	-0.16747195	-0.22389707	BB	0	0.0374964789121865	ct2VSct5	0.000180481098680602	0	0.000180481098680602
156	4	16	-0.18161297	-0.17437581	BB	0	0.0316689087502557	-0.16747195	-0.10668783	BB	0	0.0178672189313685	ct2VSct5	0.0138016898188872	0	0.0138016898188872
157	4	17	-0.18161297	-0.14796277	BB	0	0.0268719581091269	-0.16747195	-0.16114704	BB	0	0.026987609025528	ct2VSct5	-0.000115650916401099	0	-0.000115650916401099
158	4	18	-0.18161297	-0.16760507	BB	0	0.0304392545497579	-0.16747195	-0.12908324	BB	0	0.021617821915118	ct2VSct5	0.0088214326346399	0	0.0088214326346399
159	4	19	-0.18161297	-0.14024768	BB	0	0.0254707977004096	-0.16747195	-0.082187458	BB	0	0.0137640938568031	ct2VSct5	0.0117067038436065	0	0.0117067038436065
160	4	20	-0.18161297	0.054948016	BA	0	0	-0.16747195	0.10462359	BA	0	0	ct2VSct5	0.00754224425193298	0	0
161	4	21	-0.18161297	-0.0074197618	BB	0	0.00134752497719055	-0.16747195	0.021771407	BA	0	0	ct2VSct5	0.0049936249617242	0	0.00134752497719055
162	4	22	-0.18161297	-0.15307954	BB	0	0.0278012299056338	-0.16747195	-0.16762484	BB	0	0.028072458823238	ct2VSct5	-0.000271228917604199	0	-0.000271228917604199
163	4	23	-0.18161297	-0.094298444	BB	0	0.0171258204812187	-0.16747195	0.045727801	BA	0	0	ct2VSct5	0.0247839444839006	0	0.0171258204812187
164	4	24	-0.18161297	-0.15181406	BB	0	0.0275714023243582	-0.16747195	-0.072285174	BB	0	0.0121057390458693	ct2VSct5	0.0154656632784889	0	0.0154656632784889
165	4	25	-0.18161297	-0.14685121	BB	0	0.0266700843961937	-0.16747195	-0.023054218	BB	0	0.0038609348441851	ct2VSct5	0.0228091495520086	0	0.0228091495520086
166	4	26	-0.18161297	0.022230333	BA	0	0	-0.16747195	0.11066115	BA	0	0	ct2VSct5	0.0144953217795235	0	0
167	4	27	-0.18161297	-0.1369298	BB	0	0.024868227659506	-0.16747195	-0.057726404	BB	0	0.0096675534443678	ct2VSct5	0.0152006742151382	0	0.0152006742151382
168	4	28	-0.18161297	-0.19271408	BB	0	0.0349993764296176	-0.16747195	-0.20989674	BB	0	0.035151816346443	ct2VSct5	-0.000152439916825398	0	-0.000152439916825405
169	4	29	-0.18161297	-0.072474398	BB	0	0.0131622906697421	-0.16747195	-0.061097665	BB	0	0.0102321450979968	ct2VSct5	0.00293014557174531	0	0.0029301455717453
170	4	30	-0.18161297	-0.19092902	BB	0	0.0346751863813894	-0.16747195	-0.17611978	BB	0	0.029495122990171	ct2VSct5	0.0051800633912184	0	0.0051800633912184
171	4	31	-0.18161297	-0.061939482	BB	0	0.0112490132862815	-0.16747195	0.0086151607	BA	0	0	ct2VSct5	0.0126918110482739	0	0.0112490132862815
172	4	32	-0.18161297	0.093314979	BA	0	0	-0.16747195	0.13175122	BA	0	0	ct2VSct5	0.00511742324660137	0	0
173	4	33	-0.18161297	-0.11083278	BB	0	0.0201286703491566	-0.16747195	-0.13591568	BB	0	0.022762063965176	ct2VSct5	-0.0026333936160194	0	-0.0026333936160194
174	4	34	-0.18161297	-0.17001925	BB	0	0.0308777009496725	-0.16747195	-0.20408624	BB	0	0.034178720580968	ct2VSct5	-0.00330101963129549	0	-0.0033010196312955
175	4	35	-0.18161297	0.0060066249	BA	0	0	-0.16747195	0.085631547	BA	0	0	ct2VSct5	0.0132500011698417	0	0
176	4	36	-0.18161297	-0.02883865	BB	0	0.0052374728772905	-0.16747195	0.054590767	BA	0	0	ct2VSct5	0.0143798950787762	0	0.0052374728772905
177	4	37	-0.18161297	0.1362983	BA	0	0	-0.16747195	0.13175867	BA	0	0	ct2VSct5	-0.0026876576746445	0	0
178	4	38	-0.18161297	-0.11748793	BB	0	0.0213373319064521	-0.16747195	-0.14552101	BB	0	0.0243706873106695	ct2VSct5	-0.0030333554042174	0	-0.0030333554042174
179	4	39	-0.18161297	0.18710115	BA	0	0	-0.16747195	0.21221508	BA	0	0	ct2VSct5	0.00156007772509049	0	0
180	4	40	-0.18161297	0.18804056	BA	0	0	-0.16747195	0.22661106	BA	0	0	ct2VSct5	0.0038003915277038	0	0
181	4	41	-0.18161297	0.18964921	BA	0	0	-0.16747195	0.22850003	BA	0	0	ct2VSct5	0.0038245893129048	0	0
182	4	42	-0.18161297	0.15865292	BA	0	0	-0.16747195	0.1785571	BA	0	0	ct2VSct5	0.0010898777229726	0	0
183	4	43	-0.18161297	-0.1823701	BB	0	0.033120775500197	-0.16747195	-0.20891748	BB	0	0.034987817764686	ct2VSct5	-0.00186704226448899	0	-0.001867042264489
184	4	44	-0.18161297	-0.17777604	BB	0	0.0322864346192388	-0.16747195	-0.20660961	BB	0	0.0346013142754395	ct2VSct5	-0.0023148796562007	0	-0.0023148796562007
185	4	45	-0.18161297	0.088799464	BA	0	0	-0.16747195	0.11991098	BA	0	0	ct2VSct5	0.00395459125556292	0	0
186	4	46	-0.18161297	-0.083378426	BB	0	0.0151426035797852	-0.16747195	-0.14745745	BB	0	0.0246949866935275	ct2VSct5	-0.00955238311374228	0	-0.0095523831137423
187	4	47	-0.18161297	0.15723078	BA	0	0	-0.16747195	0.064093326	BA	0	0	ct2VSct5	-0.0178213146440109	0	0
188	4	48	-0.18161297	0.14162452	BA	0	0	-0.16747195	0.036016928	BA	0	0	ct2VSct5	-0.0196890245368548	0	0
189	4	49	-0.18161297	0.047735823	BA	0	0	-0.16747195	-0.058781142	BB	0	0.0098441924739669	ct2VSct5	-0.0185136370643912	0	-0.0098441924739669
190	4	50	-0.18161297	0.0022084846	BA	0	0	-0.16747195	-0.027794689	BB	0	0.00465483076647355	ct2VSct5	-0.00505592021387881	0	-0.00465483076647355
191	5	6	-0.18328273	0.042068575	BA	0	0	-0.14763435	0.12247223	BA	0	0	ct2VSct5	0.0103706647958908	0	0
192	5	7	-0.18328273	-0.00098194839	BB	0	0.000179974181638305	-0.14763435	0.0989969	BA	0	0	ct2VSct5	0.0147953171651533	0	0.000179974181638305
193	5	8	-0.18328273	-0.044405686	BB	0	0.00813879535760278	-0.14763435	0.0099884727	BA	0	0	ct2VSct5	0.00961343703216003	0	0.00813879535760278
194	5	9	-0.18328273	-0.17344142	BB	0	0.0317888169526766	-0.14763435	-0.1274323	BB	0	0.018813384779505	ct2VSct5	0.0129754321731716	0	0.0129754321731716
195	5	10	-0.18328273	-0.19903151	BB	0	0.0364790385088223	-0.14763435	-0.18691438	BB	0	0.027594982996953	ct2VSct5	0.0088840555118693	0	0.0088840555118693
196	5	11	-0.18328273	-0.1973125	BB	0	0.036163973663125	-0.14763435	-0.16241039	BB	0	0.0239773523608965	ct2VSct5	0.0121866213022285	0	0.0121866213022285
197	5	12	-0.18328273	-0.15190249	BB	0	0.0278411030609977	-0.14763435	0.017687445	BA	0	0	ct2VSct5	0.0304523775067335	0	0.0278411030609977
198	5	13	-0.18328273	-0.087703852	BB	0	0.016074601426076	-0.14763435	0.09036246	BA	0	0	ct2VSct5	0.029415204472577	0	0.016074601426076
199	5	14	-0.18328273	-0.1880073	BB	0	0.034458491203929	-0.14763435	-0.19910875	BB	0	0.0293952908855625	ct2VSct5	0.0050632003183665	0	0.0050632003183665
200	5	15	-0.18328273	-0.20745743	BB	0	0.0380233641291839	-0.14763435	-0.22389707	BB	0	0.0330548983963545	ct2VSct5	0.00496846573282941	0	0.0049684657328294
201	5	16	-0.18328273	-0.17437581	BB	0	0.0319600745027613	-0.14763435	-0.10668783	BB	0	0.0157507884349605	ct2VSct5	0.0162092860678008	0	0.0162092860678008
202	5	17	-0.18328273	-0.14796277	BB	0	0.0271190204239621	-0.14763435	-0.16114704	BB	0	0.023790838504824	ct2VSct5	0.0033281819191381	0	0.0033281819191381
203	5	18	-0.18328273	-0.16760507	BB	0	0.0307191147914411	-0.14763435	-0.12908324	BB	0	0.019057120233294	ct2VSct5	0.0116619945581471	0	0.0116619945581471
204	5	19	-0.18328273	-0.14024768	BB	0	0.0257049776665664	-0.14763435	-0.082187458	BB	0	0.0121336919399823	ct2VSct5	0.0135712857265841	0	0.0135712857265841
205	5	20	-0.18328273	0.054948016	BA	0	0	-0.14763435	0.10462359	BA	0	0	ct2VSct5	0.00537501332375282	0	0
206	5	21	-0.18328273	-0.0074197618	BB	0	0.00135991419865371	-0.14763435	0.021771407	BA	0	0	ct2VSct5	0.00457412171968416	0	0.00135991419865371
207	5	22	-0.18328273	-0.15307954	BB	0	0.0280568359983442	-0.14763435	-0.16762484	BB	0	0.024747184297254	ct2VSct5	0.0033096517010902	0	0.0033096517010902
208	5	23	-0.18328273	-0.094298444	BB	0	0.0172832762510721	-0.14763435	0.045727801	BA	0	0	ct2VSct5	0.0240342704286365	0	0.0172832762510721
209	5	24	-0.18328273	-0.15181406	BB	0	0.0278248953691838	-0.14763435	-0.072285174	BB	0	0.0106717746781269	ct2VSct5	0.0171531206910569	0	0.0171531206910569
210	5	25	-0.18328273	-0.14685121	BB	0	0.0269152906726033	-0.14763435	-0.023054218	BB	0	0.0034035944891883	ct2VSct5	0.023511696183415	0	0.023511696183415
211	5	26	-0.18328273	0.022230333	BA	0	0	-0.14763435	0.11066115	BA	0	0	ct2VSct5	0.0122629508294534	0	0
212	5	27	-0.18328273	-0.1369298	BB	0	0.025096867562354	-0.14763435	-0.057726404	BB	0	0.0085224001323774	ct2VSct5	0.0165744674299766	0	0.0165744674299766
213	5	28	-0.18328273	-0.19271408	BB	0	0.0353211626918384	-0.14763435	-0.20989674	BB	0	0.030987968777019	ct2VSct5	0.0043331939148194	0	0.0043331939148194
214	5	29	-0.18328273	-0.072474398	BB	0	0.0132833055205465	-0.14763435	-0.061097665	BB	0	0.00902011405879275	ct2VSct5	0.00426319146175379	0	0.00426319146175375
215	5	30	-0.18328273	-0.19092902	BB	0	0.0349939920218246	-0.14763435	-0.17611978	BB	0	0.026001329242443	ct2VSct5	0.0089926627793816	0	0.0089926627793816
216	5	31	-0.18328273	-0.061939482	BB	0	0.0113524373557459	-0.14763435	0.0086151607	BA	0	0	ct2VSct5	0.0126243310058359	0	0.0113524373557459
217	5	32	-0.18328273	0.093314979	BA	0	0	-0.14763435	0.13175122	BA	0	0	ct2VSct5	0.00234798162539433	0	0
218	5	33	-0.18328273	-0.11083278	BB	0	0.0203137344918894	-0.14763435	-0.13591568	BB	0	0.020065823071608	ct2VSct5	0.0002479114202814	0	0.0002479114202814
219	5	34	-0.18328273	-0.17001925	BB	0	0.0311615922925525	-0.14763435	-0.20408624	BB	0	0.030130139386344	ct2VSct5	0.0010314529062085	0	0.0010314529062085
220	5	35	-0.18328273	0.0060066249	BA	0	0	-0.14763435	0.085631547	BA	0	0	ct2VSct5	0.0115412471710815	0	0
221	5	36	-0.18328273	-0.02883865	BB	0	0.0052856265015145	-0.14763435	0.054590767	BA	0	0	ct2VSct5	0.013345098903561	0	0.0052856265015145
222	5	37	-0.18328273	0.1362983	BA	0	0	-0.14763435	0.13175867	BA	0	0	ct2VSct5	-0.0055290189160445	0	0
223	5	38	-0.18328273	-0.11748793	BB	0	0.0215335085524489	-0.14763435	-0.14552101	BB	0	0.0214838997226935	ct2VSct5	4.96088297554029e-05	0	4.96088297553994e-05
224	5	39	-0.18328273	0.18710115	BA	0	0	-0.14763435	0.21221508	BA	0	0	ct2VSct5	-0.00296217416214151	0	0
225	5	40	-0.18328273	0.18804056	BA	0	0	-0.14763435	0.22661106	BA	0	0	ct2VSct5	-0.00100901064161781	0	0
226	5	41	-0.18328273	0.18964921	BA	0	0	-0.14763435	0.22850003	BA	0	0	ct2VSct5	-0.0010249715471128	0	0
227	5	42	-0.18328273	0.15865292	BA	0	0	-0.14763435	0.1785571	BA	0	0	ct2VSct5	-0.0027171789036866	0	0
228	5	43	-0.18328273	-0.1823701	BB	0	0.033425289798373	-0.14763435	-0.20891748	BB	0	0.030843396363438	ct2VSct5	0.00258189343493501	0	0.002581893434935
229	5	44	-0.18328273	-0.17777604	BB	0	0.0325832779397892	-0.14763435	-0.20660961	BB	0	0.0305026754761035	ct2VSct5	0.0020806024636857	0	0.0020806024636857
230	5	45	-0.18328273	0.088799464	BA	0	0	-0.14763435	0.11991098	BA	0	0	ct2VSct5	0.00142757140570628	0	0
231	5	46	-0.18328273	-0.083378426	BB	0	0.015281825540383	-0.14763435	-0.14745745	BB	0	0.0217697847834075	ct2VSct5	-0.00648795924302452	0	-0.0064879592430245
232	5	47	-0.18328273	0.15723078	BA	0	0	-0.14763435	0.064093326	BA	0	0	ct2VSct5	-0.0193553100750813	0	0
233	5	48	-0.18328273	0.14162452	BA	0	0	-0.14763435	0.036016928	BA	0	0	ct2VSct5	-0.0206399929062628	0	0
234	5	49	-0.18328273	0.047735823	BA	0	0	-0.14763435	-0.058781142	BB	0	0.0086781156914277	ct2VSct5	-0.0174272676496645	0	-0.0086781156914277
235	5	50	-0.18328273	0.0022084846	BA	0	0	-0.14763435	-0.027794689	BB	0	0.00410345084396715	ct2VSct5	-0.00450822793061811	0	-0.00410345084396715
236	6	7	0.042068575	-0.00098194839	AB	0	0	0.12247223	0.0989969	AA	0.012124371106087	0	ct2VSct5	-0.0121656802755778	-0.012124371106087	0
237	6	8	0.042068575	-0.044405686	AB	0	0	0.12247223	0.0099884727	AA	0.00122331052586312	0	ct2VSct5	-0.00309139445778057	-0.00122331052586312	0
238	6	9	0.042068575	-0.17344142	AB	0	0	0.12247223	-0.1274323	AB	0	0	ct2VSct5	0.0083104845696525	0	0
239	6	10	0.042068575	-0.19903151	AB	0	0	0.12247223	-0.18691438	AB	0	0	ct2VSct5	0.0145188489318692	0	0
240	6	11	0.042068575	-0.1973125	AB	0	0	0.12247223	-0.16241039	AB	0	0	ct2VSct5	0.0115901069337822	0	0
241	6	12	0.042068575	-0.15190249	AB	0	0	0.12247223	0.017687445	AA	0.00216622083215235	0	ct2VSct5	-0.0085565421254041	-0.00216622083215235	0
242	6	13	0.042068575	-0.087703852	AB	0	0	0.12247223	0.09036246	AA	0.0110668919844858	0	ct2VSct5	-0.0147564680601367	-0.0110668919844858	0
243	6	14	0.042068575	-0.1880073	AB	0	0	0.12247223	-0.19910875	AB	0	0	ct2VSct5	0.016476093424415	0	0
244	6	15	0.042068575	-0.20745743	AB	0	0	0.12247223	-0.22389707	AB	0	0	ct2VSct5	0.0186937350001039	0	0
245	6	16	0.042068575	-0.17437581	AB	0	0	0.12247223	-0.10668783	AB	0	0	ct2VSct5	0.00573055461279015	0	0
246	6	17	0.042068575	-0.14796277	AB	0	0	0.12247223	-0.16114704	AB	0	0	ct2VSct5	0.0135114544597464	0	0
247	6	18	0.042068575	-0.16760507	AB	0	0	0.12247223	-0.12908324	AB	0	0	ct2VSct5	0.00875820580074995	0	0
248	6	19	0.042068575	-0.14024768	AB	0	0	0.12247223	-0.082187458	AB	0	0	ct2VSct5	0.00416566121463534	0	0
249	6	20	0.042068575	0.054948016	AA	0.0023115847321972	0	0.12247223	0.10462359	AA	0.0128134843779057	0	ct2VSct5	-0.0105018996457085	-0.0105018996457085	0
250	6	21	0.042068575	-0.0074197618	AB	0	0	0.12247223	0.021771407	AA	0.00266639276552761	0	ct2VSct5	-0.00297853157129304	-0.00266639276552761	0
251	6	22	0.042068575	-0.15307954	AB	0	0	0.12247223	-0.16762484	AB	0	0	ct2VSct5	0.0140895498487377	0	0
252	6	23	0.042068575	-0.094298444	AB	0	0	0.12247223	0.045727801	AA	0.00560038576146623	0	ct2VSct5	-0.00956738692526353	-0.00560038576146623	0
253	6	24	0.042068575	-0.15181406	AB	0	0	0.12247223	-0.072285174	AB	0	0	ct2VSct5	0.00246632528655352	0	0
254	6	25	0.042068575	-0.14685121	AB	0	0	0.12247223	-0.023054218	AB	0	0	ct2VSct5	-0.00335431965235961	0	0
255	6	26	0.042068575	0.022230333	AA	0.000935198431085475	0	0.12247223	0.11066115	AA	0.0135529178148645	0	ct2VSct5	-0.012617719383779	-0.012617719383779	0
256	6	27	0.042068575	-0.1369298	AB	0	0	0.12247223	-0.057726404	AB	0	0	ct2VSct5	0.00130943986672592	0	0
257	6	28	0.042068575	-0.19271408	AB	0	0	0.12247223	-0.20989674	AB	0	0	ct2VSct5	0.0175993150894942	0	0
258	6	29	0.042068575	-0.072474398	AB	0	0	0.12247223	-0.061097665	AB	0	0	ct2VSct5	0.0044338726325001	0	0
259	6	30	0.042068575	-0.19092902	AB	0	0	0.12247223	-0.17611978	AB	0	0	ct2VSct5	0.0135376704061629	0	0
260	6	31	0.042068575	-0.061939482	AB	0	0	0.12247223	0.0086151607	AA	0.00105511794273736	0	ct2VSct5	-0.00366082368671551	-0.00105511794273736	0
261	6	32	0.042068575	0.093314979	AA	0.00392562819268492	0	0.12247223	0.13175122	AA	0.0161358657186206	0	ct2VSct5	-0.0122102375259357	-0.0122102375259357	0
262	6	33	0.042068575	-0.11083278	AB	0	0	0.12247223	-0.13591568	AB	0	0	ct2VSct5	0.0119833193036779	0	0
263	6	34	0.042068575	-0.17001925	AB	0	0	0.12247223	-0.20408624	AB	0	0	ct2VSct5	0.0178424293550465	0	0
264	6	35	0.042068575	0.0060066249	AA	0.000252690150102518	0	0.12247223	0.085631547	AA	0.0104874865194398	0	ct2VSct5	-0.0102347963693373	-0.0102347963693373	0
265	6	36	0.042068575	-0.02883865	AB	0	0	0.12247223	0.054590767	AA	0.00668585297190041	0	ct2VSct5	-0.00789905388232416	-0.00668585297190041	0
266	6	37	0.042068575	0.1362983	AA	0.0057338752559225	0	0.12247223	0.13175867	AA	0.0161367781367341	0	ct2VSct5	-0.0104029028808116	-0.0104029028808116	0
267	6	38	0.042068575	-0.11748793	AB	0	0	0.12247223	-0.14552101	AB	0	0	ct2VSct5	0.0128797328117526	0	0
268	6	39	0.042068575	0.18710115	AA	0.00787107876136125	0	0.12247223	0.21221508	AA	0.0259904540872284	0	ct2VSct5	-0.0181193753258672	-0.0181193753258672	0
269	6	40	0.042068575	0.18804056	AA	0.007910598401402	0	0.12247223	0.22661106	AA	0.0277535618608638	0	ct2VSct5	-0.0198429634594618	-0.0198429634594618	0
270	6	41	0.042068575	0.18964921	AA	0.00797827201457575	0	0.12247223	0.22850003	AA	0.0279849082291669	0	ct2VSct5	-0.0200066362145912	-0.0200066362145912	0
271	6	42	0.042068575	0.15865292	AA	0.006674302263989	0	0.12247223	0.1785571	AA	0.021868286219333	0	ct2VSct5	-0.015193983955344	-0.015193983955344	0
272	6	43	0.042068575	-0.1823701	AB	0	0	0.12247223	-0.20891748	AB	0	0	ct2VSct5	0.0179145394319729	0	0
273	6	44	0.042068575	-0.17777604	AB	0	0	0.12247223	-0.20660961	AB	0	0	ct2VSct5	0.0178251550041873	0	0
274	6	45	0.042068575	0.088799464	AA	0.0037356669112438	0	0.12247223	0.11991098	AA	0.0146857651220854	0	ct2VSct5	-0.0109500982108416	-0.0109500982108416	0
275	6	46	0.042068575	-0.083378426	AB	0	0	0.12247223	-0.14745745	AB	0	0	ct2VSct5	0.0145518311640505	0	0
276	6	47	0.042068575	0.15723078	AA	0.0066144748607385	0	0.12247223	0.064093326	AA	0.00784965256333698	0	ct2VSct5	-0.00123517770259848	-0.00123517770259848	0
277	6	48	0.042068575	0.14162452	AA	0.005957941741459	0	0.12247223	0.036016928	AA	0.00441107348990944	0	ct2VSct5	0.00154686825154956	0.00154686825154956	0
278	6	49	0.042068575	0.047735823	AA	0.00200817805006222	0	0.12247223	-0.058781142	AB	0	0	ct2VSct5	0.00920723559274889	0.00200817805006222	0
279	6	50	0.042068575	0.0022084846	AA	9.2907800031445e-05	0	0.12247223	-0.027794689	AB	0	0	ct2VSct5	0.00349698534401792	9.2907800031445e-05	0
280	7	8	-0.00098194839	-0.044405686	BB	0	4.36040918745455e-05	0.0989969	0.0099884727	AA	0.00098882783303463	0	ct2VSct5	-0.000945223741160085	-0.00098882783303463	4.36040918745455e-05
281	7	9	-0.00098194839	-0.17344142	BB	0	0.000170310523128314	0.0989969	-0.1274323	AB	0	0	ct2VSct5	0.0127857131829983	0	0.000170310523128314
282	7	10	-0.00098194839	-0.19903151	BB	0	0.000195438670803769	0.0989969	-0.18691438	AB	0	0	ct2VSct5	0.0186993828562258	0	0.000195438670803769
283	7	11	-0.00098194839	-0.1973125	BB	0	0.000193750691701875	0.0989969	-0.16241039	AB	0	0	ct2VSct5	0.0162718758294929	0	0.000193750691701875
284	7	12	-0.00098194839	-0.15190249	BB	0	0.000149160405492491	0.0989969	0.017687445	AA	0.0017510022239205	0	ct2VSct5	-0.00160184181842801	-0.0017510022239205	0.000149160405492491
285	7	13	-0.00098194839	-0.087703852	BB	0	8.61206562681983e-05	0.0989969	0.09036246	AA	0.008945603416374	0	ct2VSct5	-0.0088594827601058	-0.008945603416374	8.61206562681983e-05
286	7	14	-0.00098194839	-0.1880073	BB	0	0.000184613465543247	0.0989969	-0.19910875	AB	0	0	ct2VSct5	0.0198957624784182	0	0.000184613465543247
287	7	15	-0.00098194839	-0.20745743	BB	0	0.000203712489382038	0.0989969	-0.22389707	AB	0	0	ct2VSct5	0.022368828338465	0	0.000203712489382038
288	7	16	-0.00098194839	-0.17437581	BB	0	0.000171228045884446	0.0989969	-0.10668783	AB	0	0	ct2VSct5	0.0107329924836114	0	0.000171228045884446
289	7	17	-0.00098194839	-0.14796277	BB	0	0.00014529180378144	0.0989969	-0.16114704	AB	0	0	ct2VSct5	0.0160983492079574	0	0.00014529180378144
290	7	18	-0.00098194839	-0.16760507	BB	0	0.000164579528642337	0.0989969	-0.12908324	AB	0	0	ct2VSct5	0.0129434201305983	0	0.000164579528642337
291	7	19	-0.00098194839	-0.14024768	BB	0	0.000137715983577235	0.0989969	-0.082187458	AB	0	0	ct2VSct5	0.00827401954445744	0	0.000137715983577235
292	7	20	-0.00098194839	0.054948016	BA	0	0	0.0989969	0.10462359	AA	0.010357411076871	0	ct2VSct5	-0.0104113671927159	-0.010357411076871	0
293	7	21	-0.00098194839	-0.0074197618	BB	0	7.2858231536935e-06	0.0989969	0.021771407	AA	0.0021553018016383	0	ct2VSct5	-0.00214801597848461	-0.0021553018016383	7.2858231536935e-06
294	7	22	-0.00098194839	-0.15307954	BB	0	0.000150316207844941	0.0989969	-0.16762484	AB	0	0	ct2VSct5	0.0167446557308409	0	0.000150316207844941
295	7	23	-0.00098194839	-0.094298444	BB	0	9.25962052653052e-05	0.0989969	0.045727801	AA	0.0045269105428169	0	ct2VSct5	-0.00443431433755159	-0.0045269105428169	9.25962052653052e-05
296	7	24	-0.00098194839	-0.15181406	BB	0	0.000149073571796363	0.0989969	-0.072285174	AB	0	0	ct2VSct5	0.00730508171375696	0	0.000149073571796363
297	7	25	-0.00098194839	-0.14685121	BB	0	0.000144200309229052	0.0989969	-0.023054218	AB	0	0	ct2VSct5	0.00242649642315325	0	0.000144200309229052
298	7	26	-0.00098194839	0.022230333	BA	0	0	0.0989969	0.11066115	AA	0.010955110800435	0	ct2VSct5	-0.0109769398401335	-0.010955110800435	0
299	7	27	-0.00098194839	-0.1369298	BB	0	0.000134457996653022	0.0989969	-0.057726404	AB	0	0	ct2VSct5	0.00584919304080062	0	0.000134457996653022
300	7	28	-0.00098194839	-0.19271408	BB	0	0.000189235280586331	0.0989969	-0.20989674	AB	0	0	ct2VSct5	0.0209683618606923	0	0.000189235280586331
301	7	29	-0.00098194839	-0.072474398	BB	0	7.11661184323192e-05	0.0989969	-0.061097665	AB	0	0	ct2VSct5	0.00611964555067082	0	7.11661184323192e-05
302	7	30	-0.00098194839	-0.19092902	BB	0	0.000187482443793278	0.0989969	-0.17611978	AB	0	0	ct2VSct5	0.0176227946924753	0	0.000187482443793278
303	7	31	-0.00098194839	-0.061939482	BB	0	6.0821374627334e-05	0.0989969	0.0086151607	AA	0.00085287420230183	0	ct2VSct5	-0.000792052827674496	-0.00085287420230183	6.0821374627334e-05
304	7	32	-0.00098194839	0.093314979	BA	0	0	0.0989969	0.13175122	AA	0.013042962351218	0	ct2VSct5	-0.0131345928446099	-0.013042962351218	0
305	7	33	-0.00098194839	-0.11083278	BB	0	0.000108832069880224	0.0989969	-0.13591568	AB	0	0	ct2VSct5	0.0135640630512722	0	0.000108832069880224
306	7	34	-0.00098194839	-0.17001925	BB	0	0.000166950128806508	0.0989969	-0.20408624	AB	0	0	ct2VSct5	0.0203708552214625	0	0.000166950128806508
307	7	35	-0.00098194839	0.0060066249	BA	0	0	0.0989969	0.085631547	AA	0.0084772576952043	0	ct2VSct5	-0.00848315589085419	-0.0084772576952043	0
308	7	36	-0.00098194839	-0.02883865	BB	0	2.83180659372735e-05	0.0989969	0.054590767	AA	0.0054043167016223	0	ct2VSct5	-0.00537599863568503	-0.0054043167016223	2.83180659372735e-05
309	7	37	-0.00098194839	0.1362983	BA	0	0	0.0989969	0.13175867	AA	0.013043699878123	0	ct2VSct5	-0.0131775377743677	-0.013043699878123	0
310	7	38	-0.00098194839	-0.11748793	BB	0	0.000115367083707933	0.0989969	-0.14552101	AB	0	0	ct2VSct5	0.0145214959585769	0	0.000115367083707933
311	7	39	-0.00098194839	0.18710115	BA	0	0	0.0989969	0.21221508	AA	0.021008635053252	0	ct2VSct5	-0.0211923587262616	-0.021008635053252	0
312	7	40	-0.00098194839	0.18804056	BA	0	0	0.0989969	0.22661106	AA	0.022433792445714	0	ct2VSct5	-0.0226184385708607	-0.022433792445714	0
313	7	41	-0.00098194839	0.18964921	BA	0	0	0.0989969	0.22850003	AA	0.022620794619907	0	ct2VSct5	-0.0228070203563313	-0.022620794619907	0
314	7	42	-0.00098194839	0.15865292	BA	0	0	0.0989969	0.1785571	AA	0.01767659937299	0	ct2VSct5	-0.0178323883523528	-0.01767659937299	0
315	7	43	-0.00098194839	-0.1823701	BB	0	0.000179078026079139	0.0989969	-0.20891748	AB	0	0	ct2VSct5	0.0208612609018911	0	0.000179078026079139
316	7	44	-0.00098194839	-0.17777604	BB	0	0.000174566896258576	0.0989969	-0.20660961	AB	0	0	ct2VSct5	0.0206282777964676	0	0.000174566896258576
317	7	45	-0.00098194839	0.088799464	BA	0	0	0.0989969	0.11991098	AA	0.011870815295962	0	ct2VSct5	-0.0119580117866697	-0.011870815295962	0
318	7	46	-0.00098194839	-0.083378426	BB	0	8.18733111714342e-05	0.0989969	-0.14745745	AB	0	0	ct2VSct5	0.0146797037430764	0	8.18733111714342e-05
319	7	47	-0.00098194839	0.15723078	BA	0	0	0.0989969	0.064093326	AA	0.0063450405846894	0	ct2VSct5	-0.00649943309596884	-0.0063450405846894	0
320	7	48	-0.00098194839	0.14162452	BA	0	0	0.0989969	0.036016928	AA	0.0035655642195232	0	ct2VSct5	-0.00370463218892172	-0.0035655642195232	0
321	7	49	-0.00098194839	0.047735823	BA	0	0	0.0989969	-0.058781142	AB	0	0	ct2VSct5	0.00577227672191963	0	0
322	7	50	-0.00098194839	0.0022084846	BA	0	0	0.0989969	-0.027794689	AB	0	0	ct2VSct5	0.00274941942956679	0	0
323	8	9	-0.044405686	-0.17344142	BB	0	0.00770178523591412	0.0099884727	-0.1274323	AB	0	0	ct2VSct5	0.00897463928556233	0	0.00770178523591412
324	8	10	-0.044405686	-0.19903151	BB	0	0.00883813073716586	0.0099884727	-0.18691438	AB	0	0	ct2VSct5	0.0107051199190333	0	0.00883813073716586
325	8	11	-0.044405686	-0.1973125	BB	0	0.008761796918875	0.0099884727	-0.16241039	AB	0	0	ct2VSct5	0.0103840286655864	0	0.008761796918875
326	8	12	-0.044405686	-0.15190249	BB	0	0.00674533427355814	0.0099884727	0.017687445	AA	0.000176670561515252	0	ct2VSct5	0.00656866371204289	-0.000176670561515252	0.00674533427355814
327	8	13	-0.044405686	-0.087703852	BB	0	0.00389454971290247	0.0099884727	0.09036246	AA	0.000902582964814842	0	ct2VSct5	0.00299196674808763	-0.000902582964814842	0.00389454971290247
328	8	14	-0.044405686	-0.1880073	BB	0	0.0083485931295078	0.0099884727	-0.19910875	AB	0	0	ct2VSct5	0.0103373854432139	0	0.0083485931295078
329	8	15	-0.044405686	-0.20745743	BB	0	0.00921228949494698	0.0099884727	-0.22389707	AB	0	0	ct2VSct5	0.011448679266252	0	0.00921228949494698
330	8	16	-0.044405686	-0.17437581	BB	0	0.00774327746485566	0.0099884727	-0.10668783	AB	0	0	ct2VSct5	0.0088089259422329	0	0.00774327746485566
331	8	17	-0.044405686	-0.14796277	BB	0	0.00657038830431022	0.0099884727	-0.16114704	AB	0	0	ct2VSct5	0.00818000111403603	0	0.00657038830431022
332	8	18	-0.044405686	-0.16760507	BB	0	0.00744261811042802	0.0099884727	-0.12908324	AB	0	0	ct2VSct5	0.00873196252919557	0	0.00744261811042802
333	8	19	-0.044405686	-0.14024768	BB	0	0.00622779444030848	0.0099884727	-0.082187458	AB	0	0	ct2VSct5	0.00704872162082388	0	0.00622779444030848
334	8	20	-0.044405686	0.054948016	BA	0	0	0.0099884727	0.10462359	AA	0.00104502987249099	0	ct2VSct5	-0.00348503421730997	-0.00104502987249099	0
335	8	21	-0.044405686	-0.0074197618	BB	0	0.000329479612685595	0.0099884727	0.021771407	AA	0.000217463104460089	0	ct2VSct5	0.000112016508225506	-0.000217463104460089	0.000329479612685595
336	8	22	-0.044405686	-0.15307954	BB	0	0.00679760198626444	0.0099884727	-0.16762484	AB	0	0	ct2VSct5	0.00847191812444631	0	0.00679760198626444
337	8	23	-0.044405686	-0.094298444	BB	0	0.00418738709455258	0.0099884727	0.045727801	AA	0.000456750891919533	0	ct2VSct5	0.00373063620263305	-0.000456750891919533	0.00418738709455258
338	8	24	-0.044405686	-0.15181406	BB	0	0.00674140747874516	0.0099884727	-0.072285174	AB	0	0	ct2VSct5	0.00746342596585891	0	0.00674140747874516
339	8	25	-0.044405686	-0.14685121	BB	0	0.00652102871998006	0.0099884727	-0.023054218	AB	0	0	ct2VSct5	0.00675130514709291	0	0.00652102871998006
340	8	26	-0.044405686	0.022230333	BA	0	0	0.0099884727	0.11066115	AA	0.00110533587572561	0	ct2VSct5	-0.00209248906259904	-0.00110533587572561	0
341	8	27	-0.044405686	-0.1369298	BB	0	0.0060804617028428	0.0099884727	-0.057726404	AB	0	0	ct2VSct5	0.00665706031326597	0	0.0060804617028428
342	8	28	-0.044405686	-0.19271408	BB	0	0.00855760092425888	0.0099884727	-0.20989674	AB	0	0	ct2VSct5	0.0106541487815679	0	0.00855760092425888
343	8	29	-0.044405686	-0.072474398	BB	0	0.00321827536062703	0.0099884727	-0.061097665	AB	0	0	ct2VSct5	0.00382854771951327	0	0.00321827536062703
344	8	30	-0.044405686	-0.19092902	BB	0	0.00847833411040772	0.0099884727	-0.17611978	AB	0	0	ct2VSct5	0.0102375017248677	0	0.00847833411040772
345	8	31	-0.044405686	-0.061939482	BB	0	0.00275046518869465	0.0099884727	0.0086151607	AA	8.60522974580629e-05	0	ct2VSct5	0.00266441289123659	-8.60522974580629e-05	0.00275046518869465
346	8	32	-0.044405686	0.093314979	BA	0	0	0.0099884727	0.13175122	AA	0.00131599346416169	0	ct2VSct5	-0.00545970912073229	-0.00131599346416169	0
347	8	33	-0.044405686	-0.11083278	BB	0	0.00492160562718708	0.0099884727	-0.13591568	AB	0	0	ct2VSct5	0.00627919568636902	0	0.00492160562718708
348	8	34	-0.044405686	-0.17001925	BB	0	0.0075498214294555	0.0099884727	-0.20408624	AB	0	0	ct2VSct5	0.00958833126614115	0	0.0075498214294555
349	8	35	-0.044405686	0.0060066249	BA	0	0	0.0099884727	0.085631547	AA	0.000855328369468267	0	ct2VSct5	-0.00112205666869745	-0.000855328369468267	0
350	8	36	-0.044405686	-0.02883865	BB	0	0.0012806000365639	0.0099884727	0.054590767	AA	0.000545278385851561	0	ct2VSct5	0.000735321650712339	-0.000545278385851561	0.0012806000365639
351	8	37	-0.044405686	0.1362983	BA	0	0	0.0099884727	0.13175867	AA	0.00131606787828331	0	ct2VSct5	-0.00736848739041711	-0.00131606787828331	0
352	8	38	-0.044405686	-0.11748793	BB	0	0.00521713212836998	0.0099884727	-0.14552101	AB	0	0	ct2VSct5	0.00667066476403141	0	0.00521713212836998
353	8	39	-0.044405686	0.18710115	BA	0	0	0.0099884727	0.21221508	AA	0.00211970453310832	0	ct2VSct5	-0.0104280594502472	-0.00211970453310832	0
354	8	40	-0.044405686	0.18804056	BA	0	0	0.0099884727	0.22661106	AA	0.00226349838632806	0	ct2VSct5	-0.0106135684489522	-0.00226349838632806	0
355	8	41	-0.044405686	0.18964921	BA	0	0	0.0099884727	0.22850003	AA	0.00228236631160418	0	ct2VSct5	-0.0107038695810122	-0.00228236631160418	0
356	8	42	-0.044405686	0.15865292	BA	0	0	0.0099884727	0.1785571	AA	0.00178351271874117	0	ct2VSct5	-0.00882860446724429	-0.00178351271874117	0
357	8	43	-0.044405686	-0.1823701	BB	0	0.0080982693963886	0.0099884727	-0.20891748	AB	0	0	ct2VSct5	0.0101850359419214	0	0.0080982693963886
358	8	44	-0.044405686	-0.17777604	BB	0	0.00789426701056344	0.0099884727	-0.20660961	AB	0	0	ct2VSct5	0.00995798145960609	0	0.00789426701056344
359	8	45	-0.044405686	0.088799464	BA	0	0	0.0099884727	0.11991098	AA	0.00119772755016025	0	ct2VSct5	-0.00514092866551255	-0.00119772755016025	0
360	8	46	-0.044405686	-0.083378426	BB	0	0.00370247620413024	0.0099884727	-0.14745745	AB	0	0	ct2VSct5	0.00517535091786685	0	0.00370247620413024
361	8	47	-0.044405686	0.15723078	BA	0	0	0.0099884727	0.064093326	AA	0.0006401944370032	0	ct2VSct5	-0.00762213508321828	-0.0006401944370032	0
362	8	48	-0.044405686	0.14162452	BA	0	0	0.0099884727	0.036016928	AA	0.000359754102065866	0	ct2VSct5	-0.00664868806708659	-0.000359754102065866	0
363	8	49	-0.044405686	0.047735823	BA	0	0	0.0099884727	-0.058781142	AB	0	0	ct2VSct5	-0.00153260813494775	0	0
364	8	50	-0.044405686	0.0022084846	BA	0	0	0.0099884727	-0.027794689	AB	0	0	ct2VSct5	0.000179557218598055	0	0
365	9	10	-0.17344142	-0.19903151	BB	0	0.0345203077191442	-0.1274323	-0.18691438	BB	0	0.023818929346474	ct2VSct5	0.0107013783726702	0	0.0107013783726702
366	9	11	-0.17344142	-0.1973125	BB	0	0.03422216018375	-0.1274323	-0.16241039	BB	0	0.020696329541597	ct2VSct5	0.013525830642153	0	0.013525830642153
367	9	12	-0.17344142	-0.15190249	BB	0	0.0263461835671358	-0.1274323	0.017687445	BA	0	0	ct2VSct5	0.0286001353646093	0	0.0263461835671358
368	9	13	-0.17344142	-0.087703852	BB	0	0.0152114806303498	-0.1274323	0.09036246	BA	0	0	ct2VSct5	0.0267265767418078	0	0.0152114806303498
369	9	14	-0.17344142	-0.1880073	BB	0	0.032608253082366	-0.1274323	-0.19910875	BB	0	0.025372885962625	ct2VSct5	0.007235367119741	0	0.007235367119741
370	9	15	-0.17344142	-0.20745743	BB	0	0.0359817112487506	-0.1274323	-0.22389707	BB	0	0.028531718593361	ct2VSct5	0.0074499926553896	0	0.0074499926553896
371	9	16	-0.17344142	-0.17437581	BB	0	0.0302439881000502	-0.1274323	-0.10668783	BB	0	0.013595475558909	ct2VSct5	0.0166485125411412	0	0.0166485125411412
372	9	17	-0.17344142	-0.14796277	BB	0	0.0256628729359334	-0.1274323	-0.16114704	BB	0	0.020535337945392	ct2VSct5	0.0051275349905414	0	0.0051275349905414
373	9	18	-0.17344142	-0.16760507	BB	0	0.0290696613399994	-0.1274323	-0.12908324	BB	0	0.016449374164652	ct2VSct5	0.0126202871753474	0	0.0126202871753474
374	9	19	-0.17344142	-0.14024768	BB	0	0.0243247567709056	-0.1274323	-0.082187458	BB	0	0.0104733368040934	ct2VSct5	0.0138514199668122	0	0.0138514199668122
375	9	20	-0.17344142	0.054948016	BA	0	0	-0.1274323	0.10462359	BA	0	0	ct2VSct5	0.00380216278673428	0	0
376	9	21	-0.17344142	-0.0074197618	BB	0	0.00128689402265376	-0.1274323	0.021771407	BA	0	0	ct2VSct5	0.00406127449089986	0	0.00128689402265376
377	9	22	-0.17344142	-0.15307954	BB	0	0.0265503327905468	-0.1274323	-0.16762484	BB	0	0.021360818898332	ct2VSct5	0.0051895138922148	0	0.0051895138922148
378	9	23	-0.17344142	-0.094298444	BB	0	0.0163552560311505	-0.1274323	0.045727801	BA	0	0	ct2VSct5	0.0221824548865228	0	0.0163552560311505
379	9	24	-0.17344142	-0.15181406	BB	0	0.0263308461423652	-0.1274323	-0.072285174	BB	0	0.0092114659787202	ct2VSct5	0.017119380163645	0	0.017119380163645
380	9	25	-0.17344142	-0.14685121	BB	0	0.0254700823911182	-0.1274323	-0.023054218	BB	0	0.0029378520244414	ct2VSct5	0.0225322303666768	0	0.0225322303666768
381	9	26	-0.17344142	0.022230333	BA	0	0	-0.1274323	0.11066115	BA	0	0	ct2VSct5	0.0102461443425521	0	0
382	9	27	-0.17344142	-0.1369298	BB	0	0.023749298952316	-0.1274323	-0.057726404	BB	0	0.0073562084324492	ct2VSct5	0.0163930905198668	0	0.0163930905198668
383	9	28	-0.17344142	-0.19271408	BB	0	0.0334246036891936	-0.1274323	-0.20989674	BB	0	0.026747624340702	ct2VSct5	0.0066769793484916	0	0.0066769793484916
384	9	29	-0.17344142	-0.072474398	BB	0	0.0125700625027652	-0.1274323	-0.061097665	BB	0	0.0077858159755795	ct2VSct5	0.00478424652718566	0	0.0047842465271857
385	9	30	-0.17344142	-0.19092902	BB	0	0.0331150003480084	-0.1274323	-0.17611978	BB	0	0.022443348640894	ct2VSct5	0.0106716517071144	0	0.0106716517071144
386	9	31	-0.17344142	-0.061939482	BB	0	0.0107428717121444	-0.1274323	0.0086151607	BA	0	0	ct2VSct5	0.011840721455015	0	0.0107428717121444
387	9	32	-0.17344142	0.093314979	BA	0	0	-0.1274323	0.13175122	BA	0	0	ct2VSct5	0.000604678527375817	0	0
388	9	33	-0.17344142	-0.11083278	BB	0	0.0192229947457476	-0.1274323	-0.13591568	BB	0	0.017320047708464	ct2VSct5	0.0019029470372836	0	0.0019029470372836
389	9	34	-0.17344142	-0.17001925	BB	0	0.029488380147335	-0.1274323	-0.20408624	BB	0	0.026007178961552	ct2VSct5	0.003481201185783	0	0.003481201185783
390	9	35	-0.17344142	0.0060066249	BA	0	0	-0.1274323	0.085631547	BA	0	0	ct2VSct5	0.00987042743470474	0	0
391	9	36	-0.17344142	-0.02883865	BB	0	0.005001816406883	-0.1274323	0.054590767	BA	0	0	ct2VSct5	0.0119584434044571	0	0.005001816406883
392	9	37	-0.17344142	0.1362983	BA	0	0	-0.1274323	0.13175867	BA	0	0	ct2VSct5	-0.006849460332545	0	0
393	9	38	-0.17344142	-0.11748793	BB	0	0.0203772734120606	-0.1274323	-0.14552101	BB	0	0.018544077002623	ct2VSct5	0.0018331964094376	0	0.0018331964094376
394	9	39	-0.17344142	0.18710115	BA	0	0	-0.1274323	0.21221508	BA	0	0	ct2VSct5	-0.005408033400549	0	0
395	9	40	-0.17344142	0.18804056	BA	0	0	-0.1274323	0.22661106	BA	0	0	ct2VSct5	-0.0037364531627572	0	0
396	9	41	-0.17344142	0.18964921	BA	0	0	-0.1274323	0.22850003	BA	0	0	ct2VSct5	-0.00377474391130921	0	0
397	9	42	-0.17344142	0.15865292	BA	0	0	-0.1274323	0.1785571	BA	0	0	ct2VSct5	-0.0047630457976164	0	0
398	9	43	-0.17344142	-0.1823701	BB	0	0.031630529109542	-0.1274323	-0.20891748	BB	0	0.026622834986604	ct2VSct5	0.00500769412293801	0	0.005007694122938
399	9	44	-0.17344142	-0.17777604	BB	0	0.0308337288195768	-0.1274323	-0.20660961	BB	0	0.026328737804403	ct2VSct5	0.0045049910151738	0	0.0045049910151738
400	9	45	-0.17344142	0.088799464	BA	0	0	-0.1274323	0.11991098	BA	0	0	ct2VSct5	-0.00012097315474488	0	0
401	9	46	-0.17344142	-0.083378426	BB	0	0.0144612726028049	-0.1274323	-0.14745745	BB	0	0.018790842005635	ct2VSct5	-0.00432956940283008	0	-0.0043295694028301
402	9	47	-0.17344142	0.15723078	BA	0	0	-0.1274323	0.064093326	BA	0	0	ct2VSct5	-0.0191027698040778	0	0
403	9	48	-0.17344142	0.14162452	BA	0	0	-0.1274323	0.036016928	BA	0	0	ct2VSct5	-0.019973837881644	0	0
404	9	49	-0.17344142	0.047735823	BA	0	0	-0.1274323	-0.058781142	BB	0	0.0074906161216866	ct2VSct5	-0.0157699850476753	0	-0.0074906161216866
405	9	50	-0.17344142	0.0022084846	BA	0	0	-0.1274323	-0.027794689	BB	0	0.0035419411470547	ct2VSct5	-0.00392498385212683	0	-0.0035419411470547
406	10	11	-0.19903151	-0.1973125	BB	0	0.039271404816875	-0.18691438	-0.16241039	BB	0	0.0303568373524082	ct2VSct5	0.0089145674644668	0	0.0089145674644668
407	10	12	-0.19903151	-0.15190249	BB	0	0.0302333819574599	-0.18691438	0.017687445	BA	0	0	ct2VSct5	0.033539419773419	0	0.0302333819574599
408	10	13	-0.19903151	-0.087703852	BB	0	0.0174558300963765	-0.18691438	0.09036246	BA	0	0	ct2VSct5	0.0343458732825513	0	0.0174558300963765
409	10	14	-0.19903151	-0.1880073	BB	0	0.037419376810023	-0.18691438	-0.19910875	BB	0	0.037216288558825	ct2VSct5	0.000203088251197997	0	0.000203088251197997
410	10	15	-0.19903151	-0.20745743	BB	0	0.0412905655536193	-0.18691438	-0.22389707	BB	0	0.0418495820228666	ct2VSct5	-0.000559016469247303	0	-0.000559016469247303
411	10	16	-0.19903151	-0.17437581	BB	0	0.0347062807717731	-0.18691438	-0.10668783	BB	0	0.0199414895979954	ct2VSct5	0.0147647911737777	0	0.0147647911737777
412	10	17	-0.19903151	-0.14796277	BB	0	0.0294492535368827	-0.18691438	-0.16114704	BB	0	0.0301206990704352	ct2VSct5	-0.000671445533552497	0	-0.0006714455335525
413	10	18	-0.19903151	-0.16760507	BB	0	0.0333586901657557	-0.18691438	-0.12908324	BB	0	0.0241275137729912	ct2VSct5	0.0092311763927645	0	0.0092311763927645
414	10	19	-0.19903151	-0.14024768	BB	0	0.0279137075243968	-0.18691438	-0.082187458	BB	0	0.015362017755846	ct2VSct5	0.0125516897685508	0	0.0125516897685508
415	10	20	-0.19903151	0.054948016	BA	0	0	-0.18691438	0.10462359	BA	0	0	ct2VSct5	0.00861926686224004	0	0
416	10	21	-0.19903151	-0.0074197618	BB	0	0.00147676639489432	-0.18691438	0.021771407	BA	0	0	ct2VSct5	0.00554615543602698	0	0.00147676639489432
417	10	22	-0.19903151	-0.15307954	BB	0	0.0304676519963054	-0.18691438	-0.16762484	BB	0	0.0313314930411992	ct2VSct5	-0.000863841044893801	0	-0.000863841044893798
418	10	23	-0.19903151	-0.094298444	BB	0	0.0187683616999704	-0.18691438	0.045727801	BA	0	0	ct2VSct5	0.0273155452726488	0	0.0187683616999704
419	10	24	-0.19903151	-0.15181406	BB	0	0.0302157816010306	-0.18691438	-0.072285174	BB	0	0.0135111384814021	ct2VSct5	0.0167046431196285	0	0.0167046431196285
420	10	25	-0.19903151	-0.14685121	BB	0	0.0292280180716271	-0.18691438	-0.023054218	BB	0	0.00430916486385484	ct2VSct5	0.0249188532077723	0	0.0249188532077723
421	10	26	-0.19903151	0.022230333	BA	0	0	-0.18691438	0.11066115	BA	0	0	ct2VSct5	0.0162596234975442	0	0
422	10	27	-0.19903151	-0.1369298	BB	0	0.027253344857998	-0.18691438	-0.057726404	BB	0	0.0107898950132895	ct2VSct5	0.0164634498447085	0	0.0164634498447085
423	10	28	-0.19903151	-0.19271408	BB	0	0.0383561743406608	-0.18691438	-0.20989674	BB	0	0.0392327190211212	ct2VSct5	-0.000876544680460403	0	-0.000876544680460403
424	10	29	-0.19903151	-0.072474398	BB	0	0.014424688870281	-0.18691438	-0.061097665	BB	0	0.0114200321729227	ct2VSct5	0.00300465669735828	0	0.0030046566973583
425	10	30	-0.19903151	-0.19092902	BB	0	0.0380008911534202	-0.18691438	-0.17611978	BB	0	0.0329193194844364	ct2VSct5	0.00508157166898381	0	0.0050815716689838
426	10	31	-0.19903151	-0.061939482	BB	0	0.0123279086310778	-0.18691438	0.0086151607	BA	0	0	ct2VSct5	0.0139382060519187	0	0.0123279086310778
427	10	32	-0.19903151	0.093314979	BA	0	0	-0.18691438	0.13175122	BA	0	0	ct2VSct5	0.00605357642455531	0	0
428	10	33	-0.19903151	-0.11083278	BB	0	0.0220592155608978	-0.18691438	-0.13591568	BB	0	0.0254045950594784	ct2VSct5	-0.0033453794985806	0	-0.0033453794985806
429	10	34	-0.19903151	-0.17001925	BB	0	0.0338391880565675	-0.18691438	-0.20408624	BB	0	0.0381466530161312	ct2VSct5	-0.0043074649595637	0	-0.0043074649595637
430	10	35	-0.19903151	0.0060066249	BA	0	0	-0.18691438	0.085631547	BA	0	0	ct2VSct5	0.0148102598920953	0	0
431	10	36	-0.19903151	-0.02883865	BB	0	0.0057398000558615	-0.18691438	0.054590767	BA	0	0	ct2VSct5	0.015943599423391	0	0.0057398000558615
432	10	37	-0.19903151	0.1362983	BA	0	0	-0.18691438	0.13175867	BA	0	0	ct2VSct5	-0.00250006634675841	0	0
433	10	38	-0.19903151	-0.11748793	BB	0	0.0233838001146743	-0.18691438	-0.14552101	BB	0	0.0271999693611238	ct2VSct5	-0.0038161692464495	0	-0.0038161692464495
434	10	39	-0.19903151	0.18710115	BA	0	0	-0.18691438	0.21221508	BA	0	0	ct2VSct5	0.0024270256976139	0	0
435	10	40	-0.19903151	0.18804056	BA	0	0	-0.18691438	0.22661106	BA	0	0	ct2VSct5	0.0049308691829972	0	0
436	10	41	-0.19903151	0.18964921	BA	0	0	-0.18691438	0.22850003	BA	0	0	ct2VSct5	0.00496377280082429	0	0
437	10	42	-0.19903151	0.15865292	BA	0	0	-0.18691438	0.1785571	BA	0	0	ct2VSct5	0.0017979594075888	0	0
438	10	43	-0.19903151	-0.1823701	BB	0	0.036297396381851	-0.18691438	-0.20891748	BB	0	0.0390496812453624	ct2VSct5	-0.0027522848635114	0	-0.0027522848635114
439	10	44	-0.19903151	-0.17777604	BB	0	0.0353830336830204	-0.18691438	-0.20660961	BB	0	0.0386183071551918	ct2VSct5	-0.0032352734721714	0	-0.0032352734721714
440	10	45	-0.19903151	0.088799464	BA	0	0	-0.18691438	0.11991098	BA	0	0	ct2VSct5	0.00473919507478176	0	0
441	10	46	-0.19903151	-0.083378426	BB	0	0.0165949340282033	-0.18691438	-0.14745745	BB	0	0.027561917843131	ct2VSct5	-0.0109669838149277	0	-0.0109669838149277
442	10	47	-0.19903151	0.15723078	BA	0	0	-0.18691438	0.064093326	BA	0	0	ct2VSct5	-0.0193139152704499	0	0
443	10	48	-0.19903151	0.14162452	BA	0	0	-0.18691438	0.036016928	BA	0	0	ct2VSct5	-0.0214556603020006	0	0
444	10	49	-0.19903151	0.047735823	BA	0	0	-0.18691438	-0.058781142	BB	0	0.010987040712622	ct2VSct5	-0.0204879736454047	0	-0.010987040712622
445	10	50	-0.19903151	0.0022084846	BA	0	0	-0.18691438	-0.027794689	BB	0	0.00519522706172782	ct2VSct5	-0.00563478508647757	0	-0.00519522706172782
446	11	12	-0.1973125	-0.15190249	BB	0	0.029972260058125	-0.16241039	0.017687445	BA	0	0	ct2VSct5	0.0328448848986786	0	0.029972260058125
447	11	13	-0.1973125	-0.087703852	BB	0	0.01730506629775	-0.16241039	0.09036246	BA	0	0	ct2VSct5	0.0319808686677094	0	0.01730506629775
448	11	14	-0.1973125	-0.1880073	BB	0	0.03709619038125	-0.16241039	-0.19910875	BB	0	0.0323373297399125	ct2VSct5	0.0047588606413375	0	0.0047588606413375
449	11	15	-0.1973125	-0.20745743	BB	0	0.040933944156875	-0.16241039	-0.22389707	BB	0	0.0363632104585573	ct2VSct5	0.0045707336983177	0	0.0045707336983177
450	11	16	-0.1973125	-0.17437581	BB	0	0.034406527010625	-0.16241039	-0.10668783	BB	0	0.0173272120785537	ct2VSct5	0.0170793149320713	0	0.0170793149320713
451	11	17	-0.1973125	-0.14796277	BB	0	0.029194904055625	-0.16241039	-0.16114704	BB	0	0.0261719536137456	ct2VSct5	0.0030229504418794	0	0.0030229504418794
452	11	18	-0.1973125	-0.16760507	BB	0	0.033070575374375	-0.16241039	-0.12908324	BB	0	0.0209644593508636	ct2VSct5	0.0121061160235114	0	0.0121061160235114
453	11	19	-0.1973125	-0.14024768	BB	0	0.02767262036	-0.16241039	-0.082187458	BB	0	0.0133480971068886	ct2VSct5	0.0143245232531114	0	0.0143245232531114
454	11	20	-0.1973125	0.054948016	BA	0	0	-0.16241039	0.10462359	BA	0	0	ct2VSct5	0.0061500276481001	0	0
455	11	21	-0.1973125	-0.0074197618	BB	0	0.0014640117501625	-0.16241039	0.021771407	BA	0	0	ct2VSct5	0.00499991445188123	0	0.0014640117501625
456	11	22	-0.1973125	-0.15307954	BB	0	0.03020450673625	-0.16241039	-0.16762484	BB	0	0.0272240156380876	ct2VSct5	0.0029804910981624	0	0.0029804910981624
457	11	23	-0.1973125	-0.094298444	BB	0	0.01860626173175	-0.16241039	0.045727801	BA	0	0	ct2VSct5	0.0260329317260024	0	0.01860626173175
458	11	24	-0.1973125	-0.15181406	BB	0	0.02995481171375	-0.16241039	-0.072285174	BB	0	0.0117398633005579	ct2VSct5	0.0182149484131921	0	0.0182149484131921
459	11	25	-0.1973125	-0.14685121	BB	0	0.028975579373125	-0.16241039	-0.023054218	BB	0	0.00374424453652502	ct2VSct5	0.0252313348366	0	0.0252313348366
460	11	26	-0.1973125	0.022230333	BA	0	0	-0.16241039	0.11066115	BA	0	0	ct2VSct5	0.013586197949286	0	0
461	11	27	-0.1973125	-0.1369298	BB	0	0.0270179611625	-0.16241039	-0.057726404	BB	0	0.00937536778693756	ct2VSct5	0.0176425933755624	0	0.0176425933755624
462	11	28	-0.1973125	-0.19271408	BB	0	0.03802489691	-0.16241039	-0.20989674	BB	0	0.0340894114031286	ct2VSct5	0.0039354855068714	0	0.0039354855068714
463	11	29	-0.1973125	-0.072474398	BB	0	0.014300104655375	-0.16241039	-0.061097665	BB	0	0.00992289560073935	ct2VSct5	0.00437720905463565	0	0.00437720905463565
464	11	30	-0.1973125	-0.19092902	BB	0	0.03767268225875	-0.16241039	-0.17611978	BB	0	0.0286036821565142	ct2VSct5	0.0090690001022358	0	0.0090690001022358
465	11	31	-0.1973125	-0.061939482	BB	0	0.012221434042125	-0.16241039	0.0086151607	BA	0	0	ct2VSct5	0.0136206256513247	0	0.012221434042125
466	11	32	-0.1973125	0.093314979	BA	0	0	-0.16241039	0.13175122	BA	0	0	ct2VSct5	0.0029855552292383	0	0
467	11	33	-0.1973125	-0.11083278	BB	0	0.02186869290375	-0.16241039	-0.13591568	BB	0	0.0220741185959152	ct2VSct5	-0.000205425692165199	0	-0.000205425692165199
468	11	34	-0.1973125	-0.17001925	BB	0	0.033546923265625	-0.16241039	-0.20408624	BB	0	0.0331457258320336	ct2VSct5	0.000401197433591405	0	0.000401197433591398
469	11	35	-0.1973125	0.0060066249	BA	0	0	-0.16241039	0.085631547	BA	0	0	ct2VSct5	0.0127222707689921	0	0
470	11	36	-0.1973125	-0.02883865	BB	0	0.005690226128125	-0.16241039	0.054590767	BA	0	0	ct2VSct5	0.0145563338869941	0	0.005690226128125
471	11	37	-0.1973125	0.1362983	BA	0	0	-0.16241039	0.13175867	BA	0	0	ct2VSct5	-0.0054943813381687	0	0
472	11	38	-0.1973125	-0.11748793	BB	0	0.023181837188125	-0.16241039	-0.14552101	BB	0	0.0236341239872939	ct2VSct5	-0.000452286799168897	0	-0.000452286799168901
473	11	39	-0.1973125	0.18710115	BA	0	0	-0.16241039	0.21221508	BA	0	0	ct2VSct5	-0.0024514617526938	0	0
474	11	40	-0.1973125	0.18804056	BA	0	0	-0.16241039	0.22661106	BA	0	0	ct2VSct5	-0.000298762362086605	0	0
475	11	41	-0.1973125	0.18964921	BA	0	0	-0.16241039	0.22850003	BA	0	0	ct2VSct5	-0.000309380760813306	0	0
476	11	42	-0.1973125	0.15865292	BA	0	0	-0.16241039	0.1785571	BA	0	0	ct2VSct5	-0.00230467602923101	0	0
477	11	43	-0.1973125	-0.1823701	BB	0	0.03598390035625	-0.16241039	-0.20891748	BB	0	0.0339303694046172	ct2VSct5	0.0020535309516328	0	0.0020535309516328
478	11	44	-0.1973125	-0.17777604	BB	0	0.0350774348925	-0.16241039	-0.20660961	BB	0	0.0335555473378479	ct2VSct5	0.0015218875546521	0	0.0015218875546521
479	11	45	-0.1973125	0.088799464	BA	0	0	-0.16241039	0.11991098	BA	0	0	ct2VSct5	0.0019535447865822	0	0
480	11	46	-0.1973125	-0.083378426	BB	0	0.016451605680125	-0.16241039	-0.14745745	BB	0	0.0239486219629055	ct2VSct5	-0.0074970162827805	0	-0.0074970162827805
481	11	47	-0.1973125	0.15723078	BA	0	0	-0.16241039	0.064093326	BA	0	0	ct2VSct5	-0.0206141762066929	0	0
482	11	48	-0.1973125	0.14162452	BA	0	0	-0.16241039	0.036016928	BA	0	0	ct2VSct5	-0.0220947647794181	0	0
483	11	49	-0.1973125	0.047735823	BA	0	0	-0.16241039	-0.058781142	BB	0	0.00954666819686538	ct2VSct5	-0.0189655427725529	0	-0.00954666819686538
484	11	50	-0.1973125	0.0022084846	BA	0	0	-0.16241039	-0.027794689	BB	0	0.00451414628041871	ct2VSct5	-0.00494990789805621	0	-0.00451414628041871
485	12	13	-0.15190249	-0.087703852	BB	0	0.0133224335013915	0.017687445	0.09036246	AA	0.0015982810413147	0	ct2VSct5	0.0117241524600768	-0.0015982810413147	0.0133224335013915
486	12	14	-0.15190249	-0.1880073	BB	0	0.028558777008177	0.017687445	-0.19910875	AB	0	0	ct2VSct5	0.0320805020728207	0	0.028558777008177
487	12	15	-0.15190249	-0.20745743	BB	0	0.0315133001860007	0.017687445	-0.22389707	AB	0	0	ct2VSct5	0.0354734672972868	0	0.0315133001860007
488	12	16	-0.15190249	-0.17437581	BB	0	0.0264881197347669	0.017687445	-0.10668783	AB	0	0	ct2VSct5	0.0283751548600612	0	0.0264881197347669
489	12	17	-0.15190249	-0.14796277	BB	0	0.0224759131902973	0.017687445	-0.16114704	AB	0	0	ct2VSct5	0.0253261925972101	0	0.0224759131902973
490	12	18	-0.15190249	-0.16760507	BB	0	0.0254596274696243	0.017687445	-0.12908324	AB	0	0	ct2VSct5	0.0277427801775461	0	0.0254596274696243
491	12	19	-0.15190249	-0.14024768	BB	0	0.0213039718087232	0.017687445	-0.082187458	AB	0	0	ct2VSct5	0.022757657951788	0	0.0213039718087232
492	12	20	-0.15190249	0.054948016	BA	0	0	0.017687445	0.10462359	AA	0.00185052399382755	0	ct2VSct5	-0.0101972644447874	-0.00185052399382755	0
493	12	21	-0.15190249	-0.0074197618	BB	0	0.00112708029262688	0.017687445	0.021771407	AA	0.000385080563885115	0	ct2VSct5	0.000741999728741767	-0.000385080563885115	0.00112708029262688
494	12	22	-0.15190249	-0.15307954	BB	0	0.0232531632940546	0.017687445	-0.16762484	AB	0	0	ct2VSct5	0.0262180184321884	0	0.0232531632940546
495	12	23	-0.15190249	-0.094298444	BB	0	0.0143241684467256	0.017687445	0.045727801	AA	0.000808807965158445	0	ct2VSct5	0.0135153604815671	-0.000808807965158445	0.0143241684467256
496	12	24	-0.15190249	-0.15181406	BB	0	0.0230609337310094	0.017687445	-0.072285174	AB	0	0	ct2VSct5	0.0243394737704498	0	0.0230609337310094
497	12	25	-0.15190249	-0.14685121	BB	0	0.0223070644585129	0.017687445	-0.023054218	AB	0	0	ct2VSct5	0.0227148346714059	0	0.0223070644585129
498	12	26	-0.15190249	0.022230333	BA	0	0	0.017687445	0.11066115	AA	0.00195731300426175	0	ct2VSct5	-0.00533415594049092	-0.00195731300426175	0
499	12	27	-0.15190249	-0.1369298	BB	0	0.020799977575202	0.017687445	-0.057726404	AB	0	0	ct2VSct5	0.0218210101709998	0	0.020799977575202
500	12	28	-0.15190249	-0.19271408	BB	0	0.0292737486100592	0.017687445	-0.20989674	AB	0	0	ct2VSct5	0.0329862856544885	0	0.0292737486100592
501	12	29	-0.15190249	-0.072474398	BB	0	0.011009041517451	0.017687445	-0.061097665	AB	0	0	ct2VSct5	0.0120897031067669	0	0.011009041517451
502	12	30	-0.15190249	-0.19092902	BB	0	0.0290025935512598	0.017687445	-0.17611978	AB	0	0	ct2VSct5	0.0321177024734219	0	0.0290025935512598
503	12	31	-0.15190249	-0.061939482	BB	0	0.00940876154511018	0.017687445	0.0086151607	AA	0.000152380181047412	0	ct2VSct5	0.00925638136406277	-0.000152380181047412	0.00940876154511018
504	12	32	-0.15190249	0.093314979	BA	0	0	0.017687445	0.13175122	AA	0.0023303424574329	0	ct2VSct5	-0.0165051201218306	-0.0023303424574329	0
505	12	33	-0.15190249	-0.11083278	BB	0	0.0168357752556222	0.017687445	-0.13591568	AB	0	0	ct2VSct5	0.0192397763702598	0	0.0168357752556222
506	12	34	-0.15190249	-0.17001925	BB	0	0.0258263474229325	0.017687445	-0.20408624	AB	0	0	ct2VSct5	0.0294361115681893	0	0.0258263474229325
507	12	35	-0.15190249	0.0060066249	BA	0	0	0.017687445	0.085631547	AA	0.00151460327782741	0	ct2VSct5	-0.00242702455663342	-0.00151460327782741	0
508	12	36	-0.15190249	-0.02883865	BB	0	0.0043806627432385	0.017687445	0.054590767	AA	0.000965571188820315	0	ct2VSct5	0.00341509155441818	-0.000965571188820315	0.0043806627432385
509	12	37	-0.15190249	0.1362983	BA	0	0	0.017687445	0.13175867	AA	0.00233047422889815	0	ct2VSct5	-0.0230345253816652	-0.00233047422889815	0
510	12	38	-0.15190249	-0.11748793	BB	0	0.0178467091119457	0.017687445	-0.14552101	AB	0	0	ct2VSct5	0.0204206039726652	0	0.0178467091119457
511	12	39	-0.15190249	0.18710115	BA	0	0	0.017687445	0.21221508	AA	0.0037535425556706	0	ct2VSct5	-0.0321746731225341	-0.0037535425556706	0
512	12	40	-0.15190249	0.18804056	BA	0	0	0.017687445	0.22661106	AA	0.0040081706601417	0	ct2VSct5	-0.0325719999451361	-0.0040081706601417	0
513	12	41	-0.15190249	0.18964921	BA	0	0	0.017687445	0.22850003	AA	0.00404158171312335	0	ct2VSct5	-0.0328497689386563	-0.00404158171312335	0
514	12	42	-0.15190249	0.15865292	BA	0	0	0.017687445	0.1785571	AA	0.0031582188856095	0	ct2VSct5	-0.0272579924793803	-0.0031582188856095	0
515	12	43	-0.15190249	-0.1823701	BB	0	0.027702472291549	0.017687445	-0.20891748	AB	0	0	ct2VSct5	0.0313976887285876	0	0.027702472291549
516	12	44	-0.15190249	-0.17777604	BB	0	0.0270046231383396	0.017687445	-0.20660961	AB	0	0	ct2VSct5	0.030659019251686	0	0.0270046231383396
517	12	45	-0.15190249	0.088799464	BA	0	0	0.017687445	0.11991098	AA	0.0021209188636461	0	ct2VSct5	-0.0156097785559115	-0.0021209188636461	0
518	12	46	-0.15190249	-0.083378426	BB	0	0.0126653905216807	0.017687445	-0.14745745	AB	0	0	ct2VSct5	0.015273536058396	0	0.0126653905216807
519	12	47	-0.15190249	0.15723078	BA	0	0	0.017687445	0.064093326	AA	0.00113364717849207	0	ct2VSct5	-0.0250173941651343	-0.00113364717849207	0
520	12	48	-0.15190249	0.14162452	BA	0	0	0.017687445	0.036016928	AA	0.00063704743306896	0	ct2VSct5	-0.0221501646661238	-0.00063704743306896	0
521	12	49	-0.15190249	0.047735823	BA	0	0	0.017687445	-0.058781142	AB	0	0	ct2VSct5	-0.00621150215973708	0	0
522	12	50	-0.15190249	0.0022084846	BA	0	0	0.017687445	-0.027794689	AB	0	0	ct2VSct5	0.000156142723112951	0	0
523	13	14	-0.087703852	-0.1880073	BB	0	0.0164889644141196	0.09036246	-0.19910875	AB	0	0	ct2VSct5	0.0344809208716446	0	0.0164889644141196
524	13	15	-0.087703852	-0.20745743	BB	0	0.0181948157370204	0.09036246	-0.22389707	AB	0	0	ct2VSct5	0.0384267057690126	0	0.0181948157370204
525	13	16	-0.087703852	-0.17437581	BB	0	0.0152934302326201	0.09036246	-0.10668783	AB	0	0	ct2VSct5	0.0249340050034819	0	0.0152934302326201
526	13	17	-0.087703852	-0.14796277	BB	0	0.01297690488159	0.09036246	-0.16114704	AB	0	0	ct2VSct5	0.0275385478377084	0	0.01297690488159
527	13	18	-0.087703852	-0.16760507	BB	0	0.0146996102537296	0.09036246	-0.12908324	AB	0	0	ct2VSct5	0.0263638893649	0	0.0146996102537296
528	13	19	-0.087703852	-0.14024768	BB	0	0.0123002617700634	0.09036246	-0.082187458	AB	0	0	ct2VSct5	0.01972692265609	0	0.0123002617700634
529	13	20	-0.087703852	0.054948016	BA	0	0	0.09036246	0.10462359	AA	0.0094540449664314	0	ct2VSct5	-0.014273197629389	-0.0094540449664314	0
530	13	21	-0.087703852	-0.0074197618	BB	0	0.000650741690782454	0.09036246	0.021771407	AA	0.00196731789418122	0	ct2VSct5	-0.00131657620339877	-0.00196731789418122	0.000650741690782454
531	13	22	-0.087703852	-0.15307954	BB	0	0.0134256653203881	0.09036246	-0.16762484	AB	0	0	ct2VSct5	0.0285726582198945	0	0.0134256653203881
532	13	23	-0.087703852	-0.094298444	BB	0	0.00827033677640629	0.09036246	0.045727801	AA	0.00413207658875046	0	ct2VSct5	0.00413826018765583	-0.00413207658875046	0.00827033677640629
533	13	24	-0.087703852	-0.15181406	BB	0	0.0133146778497591	0.09036246	-0.072285174	AB	0	0	ct2VSct5	0.0198465439939272	0	0.0133146778497591
534	13	25	-0.087703852	-0.14685121	BB	0	0.0128794167878609	0.09036246	-0.023054218	AB	0	0	ct2VSct5	0.0149626526397172	0	0.0128794167878609
535	13	26	-0.087703852	0.022230333	BA	0	0	0.09036246	0.11066115	AA	0.009999613740429	0	ct2VSct5	-0.0119492995757717	-0.009999613740429	0
536	13	27	-0.087703852	-0.1369298	BB	0	0.0120092709135896	0.09036246	-0.057726404	AB	0	0	ct2VSct5	0.0172255707859834	0	0.0120092709135896
537	13	28	-0.087703852	-0.19271408	BB	0	0.0169017671506362	0.09036246	-0.20989674	AB	0	0	ct2VSct5	0.0358685529230166	0	0.0169017671506362
538	13	29	-0.087703852	-0.072474398	BB	0	0.0063562838759811	0.09036246	-0.061097665	AB	0	0	ct2VSct5	0.011877219185637	0	0.0063562838759811
539	13	30	-0.087703852	-0.19092902	BB	0	0.016745210512585	0.09036246	-0.17611978	AB	0	0	ct2VSct5	0.0326598270880438	0	0.016745210512585
540	13	31	-0.087703852	-0.061939482	BB	0	0.00543233116228466	0.09036246	0.0086151607	AA	0.000778487114147322	0	ct2VSct5	0.00465384404813734	-0.000778487114147322	0.00543233116228466
541	13	32	-0.087703852	0.093314979	BA	0	0	0.09036246	0.13175122	AA	0.0119053643472012	0	ct2VSct5	-0.0200894474548003	-0.0119053643472012	0
542	13	33	-0.087703852	-0.11083278	BB	0	0.00972046173386856	0.09036246	-0.13591568	AB	0	0	ct2VSct5	0.0220021369312414	0	0.00972046173386856
543	13	34	-0.087703852	-0.17001925	BB	0	0.014911343139151	0.09036246	-0.20408624	AB	0	0	ct2VSct5	0.0333530778377014	0	0.014911343139151
544	13	35	-0.087703852	0.0060066249	BA	0	0	0.09036246	0.085631547	AA	0.00773787724052562	0	ct2VSct5	-0.00826468138177474	-0.00773787724052562	0
545	13	36	-0.087703852	-0.02883865	BB	0	0.0025292606914798	0.09036246	0.054590767	AA	0.00493295599940682	0	ct2VSct5	-0.00240369530792702	-0.00493295599940682	0.0025292606914798
546	13	37	-0.087703852	0.1362983	BA	0	0	0.09036246	0.13175867	AA	0.0119060375475282	0	ct2VSct5	-0.0238599234785798	-0.0119060375475282	0
547	13	38	-0.087703852	-0.11748793	BB	0	0.0103041440245064	0.09036246	-0.14552101	AB	0	0	ct2VSct5	0.023453780469791	0	0.0103041440245064
548	13	39	-0.087703852	0.18710115	BA	0	0	0.09036246	0.21221508	AA	0.0191762766778968	0	ct2VSct5	-0.0355857682465266	-0.0191762766778968	0
549	13	40	-0.087703852	0.18804056	BA	0	0	0.09036246	0.22661106	AA	0.0204771328448076	0	ct2VSct5	-0.0369690142890447	-0.0204771328448076	0
550	13	41	-0.087703852	0.18964921	BA	0	0	0.09036246	0.22850003	AA	0.0206478248208738	0	ct2VSct5	-0.0372807910666307	-0.0206478248208738	0
551	13	42	-0.087703852	0.15865292	BA	0	0	0.09036246	0.1785571	AA	0.016134858806466	0	ct2VSct5	-0.0300493310215138	-0.016134858806466	0
552	13	43	-0.087703852	-0.1823701	BB	0	0.0159945602596252	0.09036246	-0.20891748	AB	0	0	ct2VSct5	0.034872857689426	0	0.0159945602596252
553	13	44	-0.087703852	-0.17777604	BB	0	0.0155916435013061	0.09036246	-0.20660961	AB	0	0	ct2VSct5	0.0342613961205467	0	0.0155916435013061
554	13	45	-0.087703852	0.088799464	BA	0	0	0.09036246	0.11991098	AA	0.0108354511338108	0	ct2VSct5	-0.0186235061821461	-0.0108354511338108	0
555	13	46	-0.087703852	-0.083378426	BB	0	0.00731260913389695	0.09036246	-0.14745745	AB	0	0	ct2VSct5	0.020637227061224	0	0.00731260913389695
556	13	47	-0.087703852	0.15723078	BA	0	0	0.09036246	0.064093326	AA	0.00579163060694196	0	ct2VSct5	-0.0195813756659065	-0.00579163060694196	0
557	13	48	-0.087703852	0.14162452	BA	0	0	0.09036246	0.036016928	AA	0.00325457821572288	0	ct2VSct5	-0.0156755941573739	-0.00325457821572288	0
558	13	49	-0.087703852	0.047735823	BA	0	0	0.09036246	-0.058781142	AB	0	0	ct2VSct5	0.00112499303723912	0	0
559	13	50	-0.087703852	0.0022084846	BA	0	0	0.09036246	-0.027794689	AB	0	0	ct2VSct5	0.00231790386647226	0	0
560	14	15	-0.1880073	-0.20745743	BB	0	0.039003511279239	-0.19910875	-0.22389707	BB	0	0.0445798657363625	ct2VSct5	-0.0055763544571235	0	-0.0055763544571235
561	14	16	-0.1880073	-0.17437581	BB	0	0.032783925223413	-0.19910875	-0.10668783	BB	0	0.0212424804715125	ct2VSct5	0.0115414447519005	0	0.0115414447519005
562	14	17	-0.1880073	-0.14796277	BB	0	0.027818080888221	-0.19910875	-0.16114704	BB	0	0.0320857857006	ct2VSct5	-0.004267704812379	0	-0.004267704812379
563	14	18	-0.1880073	-0.16760507	BB	0	0.031510976677011	-0.19910875	-0.12908324	BB	0	0.02570160256235	ct2VSct5	0.005809374114661	0	0.005809374114661
564	14	19	-0.1880073	-0.14024768	BB	0	0.026367587648064	-0.19910875	-0.082187458	BB	0	0.0163642420280575	ct2VSct5	0.0100033456200065	0	0.0100033456200065
565	14	20	-0.1880073	0.054948016	BA	0	0	-0.19910875	0.10462359	BA	0	0	ct2VSct5	0.0105008440968957	0	0
566	14	21	-0.1880073	-0.0074197618	BB	0	0.00139496938266114	-0.19910875	0.021771407	BA	0	0	ct2VSct5	0.00572984701617239	0	0.00139496938266114
567	14	22	-0.1880073	-0.15307954	BB	0	0.028780071000642	-0.19910875	-0.16762484	BB	0	0.03337557236135	ct2VSct5	-0.004595501360708	0	-0.004595501360708
568	14	23	-0.1880073	-0.094298444	BB	0	0.0177287958506412	-0.19910875	0.045727801	BA	0	0	ct2VSct5	0.0268336011479999	0	0.0177287958506412
569	14	24	-0.1880073	-0.15181406	BB	0	0.028542151522638	-0.19910875	-0.072285174	BB	0	0.0143926106386725	ct2VSct5	0.0141495408839655	0	0.0141495408839655
570	14	25	-0.1880073	-0.14685121	BB	0	0.027609099493833	-0.19910875	-0.023054218	BB	0	0.0045902965282075	ct2VSct5	0.0230188029656255	0	0.0230188029656255
571	14	26	-0.1880073	0.022230333	BA	0	0	-0.19910875	0.11066115	BA	0	0	ct2VSct5	0.0178541383646316	0	0
572	14	27	-0.1880073	-0.1369298	BB	0	0.02574380198754	-0.19910875	-0.057726404	BB	0	0.011493832142435	ct2VSct5	0.014249969845105	0	0.014249969845105
573	14	28	-0.1880073	-0.19271408	BB	0	0.036231653852784	-0.19910875	-0.20989674	BB	0	0.041792277530475	ct2VSct5	-0.005560623677691	0	-0.005560623677691
574	14	29	-0.1880073	-0.072474398	BB	0	0.0136257158871054	-0.19910875	-0.061097665	BB	0	0.0121650797060688	ct2VSct5	0.00146063618103665	0	0.0014606361810366
575	14	30	-0.1880073	-0.19092902	BB	0	0.035896049541846	-0.19910875	-0.17611978	BB	0	0.035066989246075	ct2VSct5	0.000829060295770997	0	0.000829060295770997
576	14	31	-0.1880073	-0.061939482	BB	0	0.0116450747742186	-0.19910875	0.0086151607	BA	0	0	ct2VSct5	0.0133604286522447	0	0.0116450747742186
577	14	32	-0.1880073	0.093314979	BA	0	0	-0.19910875	0.13175122	BA	0	0	ct2VSct5	0.0086889234738283	0	0
578	14	33	-0.1880073	-0.11083278	BB	0	0.020837371719294	-0.19910875	-0.13591568	BB	0	0.0270620011502	ct2VSct5	-0.006224629430906	0	-0.006224629430906
579	14	34	-0.1880073	-0.17001925	BB	0	0.031964860140525	-0.19910875	-0.20408624	BB	0	0.0406353561386	ct2VSct5	-0.008670495998075	0	-0.008670495998075
580	14	35	-0.1880073	0.0060066249	BA	0	0	-0.19910875	0.085631547	BA	0	0	ct2VSct5	0.0159207009541745	0	0
581	14	36	-0.1880073	-0.02883865	BB	0	0.005421876722145	-0.19910875	0.054590767	BA	0	0	ct2VSct5	0.0162913761010562	0	0.005421876722145
582	14	37	-0.1880073	0.1362983	BA	0	0	-0.19910875	0.13175867	BA	0	0	ct2VSct5	0.000609228707772497	0	0
583	14	38	-0.1880073	-0.11748793	BB	0	0.022088588501889	-0.19910875	-0.14552101	BB	0	0.0289745063998375	ct2VSct5	-0.0068859178979485	0	-0.0068859178979485
584	14	39	-0.1880073	0.18710115	BA	0	0	-0.19910875	0.21221508	BA	0	0	ct2VSct5	0.007077497271555	0	0
585	14	40	-0.1880073	0.18804056	BA	0	0	-0.19910875	0.22661106	BA	0	0	ct2VSct5	0.009767246916687	0	0
586	14	41	-0.1880073	0.18964921	BA	0	0	-0.19910875	0.22850003	BA	0	0	ct2VSct5	0.0098409194290295	0	0
587	14	42	-0.1880073	0.15865292	BA	0	0	-0.19910875	0.1785571	BA	0	0	ct2VSct5	0.005724373858309	0	0
588	14	43	-0.1880073	-0.1823701	BB	0	0.03428691010173	-0.19910875	-0.20891748	BB	0	0.04159729829595	ct2VSct5	-0.00731038819422	0	-0.00731038819422
589	14	44	-0.1880073	-0.17777604	BB	0	0.033423193285092	-0.19910875	-0.20660961	BB	0	0.0411377811850875	ct2VSct5	-0.0077145878999955	0	-0.0077145878999955
590	14	45	-0.1880073	0.088799464	BA	0	0	-0.19910875	0.11991098	BA	0	0	ct2VSct5	0.0071803778709878	0	0
591	14	46	-0.1880073	-0.083378426	BB	0	0.0156757527505098	-0.19910875	-0.14745745	BB	0	0.0293600685476875	ct2VSct5	-0.0136843157971777	0	-0.0136843157971777
592	14	47	-0.1880073	0.15723078	BA	0	0	-0.19910875	0.064093326	BA	0	0	ct2VSct5	-0.0167989924014915	0	0
593	14	48	-0.1880073	0.14162452	BA	0	0	-0.19910875	0.036016928	BA	0	0	ct2VSct5	-0.019455158106076	0	0
594	14	49	-0.1880073	0.047735823	BA	0	0	-0.19910875	-0.058781142	BB	0	0.0117038397071925	ct2VSct5	-0.0206785229027004	0	-0.0117038397071925
595	14	50	-0.1880073	0.0022084846	BA	0	0	-0.19910875	-0.027794689	BB	0	0.00553416578342875	ct2VSct5	-0.00594937701016633	0	-0.00553416578342875
596	15	16	-0.20745743	-0.17437581	BB	0	0.0361755573967683	-0.22389707	-0.10668783	BB	0	0.0238870925416581	ct2VSct5	0.0122884648551102	0	0.0122884648551102
597	15	17	-0.20745743	-0.14796277	BB	0	0.0306959759998811	-0.22389707	-0.16114704	BB	0	0.0360803500951728	ct2VSct5	-0.0053843740952917	0	-0.0053843740952917
598	15	18	-0.20745743	-0.16760507	BB	0	0.0347709170771701	-0.22389707	-0.12908324	BB	0	0.0289013592221068	ct2VSct5	0.00586955785506331	0	0.0058695578550633
599	15	19	-0.20745743	-0.14024768	BB	0	0.0290954232562624	-0.22389707	-0.082187458	BB	0	0.0184015310369481	ct2VSct5	0.0106938922193143	0	0.0106938922193143
600	15	20	-0.20745743	0.054948016	BA	0	0	-0.22389707	0.10462359	BA	0	0	ct2VSct5	0.0120255410709224	0	0
601	15	21	-0.20745743	-0.0074197618	BB	0	0.00153928471424017	-0.22389707	0.021771407	BA	0	0	ct2VSct5	0.00641383895131766	0	0.00153928471424017
602	15	22	-0.20745743	-0.15307954	BB	0	0.0317574879539822	-0.22389707	-0.16762484	BB	0	0.0375307105352188	ct2VSct5	-0.0057732225812366	0	-0.0057732225812366
603	15	23	-0.20745743	-0.094298444	BB	0	0.0195629128452389	-0.22389707	0.045727801	BA	0	0	ct2VSct5	0.029801233506682	0	0.0195629128452389
604	15	24	-0.20745743	-0.15181406	BB	0	0.0314949547254658	-0.22389707	-0.072285174	BB	0	0.0161844386630402	ct2VSct5	0.0153105160624256	0	0.0153105160624256
605	15	25	-0.20745743	-0.14685121	BB	0	0.0304653746189903	-0.22389707	-0.023054218	BB	0	0.00516177186134126	ct2VSct5	0.025303602757649	0	0.025303602757649
606	15	26	-0.20745743	0.022230333	BA	0	0	-0.22389707	0.11066115	BA	0	0	ct2VSct5	0.0201648594956063	0	0
607	15	27	-0.20745743	-0.1369298	BB	0	0.028407104398414	-0.22389707	-0.057726404	BB	0	0.0129247727172363	ct2VSct5	0.0154823316811777	0	0.0154823316811777
608	15	28	-0.20745743	-0.19271408	BB	0	0.0399799677616144	-0.22389707	-0.20989674	BB	0	0.0469952650885518	ct2VSct5	-0.0070152973269374	0	-0.0070152973269374
609	15	29	-0.20745743	-0.072474398	BB	0	0.0150353523498771	-0.22389707	-0.061097665	BB	0	0.0136795881773416	ct2VSct5	0.00135576417253559	0	0.0013557641725355
610	15	30	-0.20745743	-0.19092902	BB	0	0.0396096438016186	-0.22389707	-0.17611978	BB	0	0.0394327027110446	ct2VSct5	0.000176941090574	0	0.000176941090574
611	15	31	-0.20745743	-0.061939482	BB	0	0.0128498057512513	-0.22389707	0.0086151607	BA	0	0	ct2VSct5	0.0147787149895604	0	0.0128498057512513
612	15	32	-0.20745743	0.093314979	BA	0	0	-0.22389707	0.13175122	BA	0	0	ct2VSct5	0.0101398264030814	0	0
613	15	33	-0.20745743	-0.11083278	BB	0	0.0229930836985554	-0.22389707	-0.13591568	BB	0	0.0304311225190576	ct2VSct5	-0.0074380388205022	0	-0.0074380388205022
614	15	34	-0.20745743	-0.17001925	BB	0	0.0352717566555275	-0.22389707	-0.20408624	BB	0	0.0456943111633168	ct2VSct5	-0.0104225545077893	0	-0.0104225545077893
615	15	35	-0.20745743	0.0060066249	BA	0	0	-0.22389707	0.085631547	BA	0	0	ct2VSct5	0.0179265335081393	0	0
616	15	36	-0.20745743	-0.02883865	BB	0	0.0059827922136695	-0.22389707	0.054590767	BA	0	0	ct2VSct5	0.0182055049940222	0	0.0059827922136695
617	15	37	-0.20745743	0.1362983	BA	0	0	-0.22389707	0.13175867	BA	0	0	ct2VSct5	0.0012242851287279	0	0
618	15	38	-0.20745743	-0.11748793	BB	0	0.0243737440138199	-0.22389707	-0.14552101	BB	0	0.0325817277624407	ct2VSct5	-0.0082079837486208	0	-0.0082079837486208
619	15	39	-0.20745743	0.18710115	BA	0	0	-0.22389707	0.21221508	BA	0	0	ct2VSct5	0.00869881089277111	0	0
620	15	40	-0.20745743	0.18804056	BA	0	0	-0.22389707	0.22661106	BA	0	0	ct2VSct5	0.0117271410502334	0	0
621	15	41	-0.20745743	0.18964921	BA	0	0	-0.22389707	0.22850003	BA	0	0	ct2VSct5	0.0118163495037818	0	0
622	15	42	-0.20745743	0.15865292	BA	0	0	-0.22389707	0.1785571	BA	0	0	ct2VSct5	0.0070646844725014	0	0
623	15	43	-0.20745743	-0.1823701	BB	0	0.037834032254843	-0.22389707	-0.20891748	BB	0	0.0467760116437836	ct2VSct5	-0.00894197938894059	0	-0.0089419793889406
624	15	44	-0.20745743	-0.17777604	BB	0	0.0368809603739772	-0.22389707	-0.20660961	BB	0	0.0462592863128427	ct2VSct5	-0.0093783259388655	0	-0.0093783259388655
625	15	45	-0.20745743	0.088799464	BA	0	0	-0.22389707	0.11991098	BA	0	0	ct2VSct5	0.00842560849601108	0	0
626	15	46	-0.20745743	-0.083378426	BB	0	0.0172974739754052	-0.22389707	-0.14745745	BB	0	0.0330152910046715	ct2VSct5	-0.0157178170292663	0	-0.0157178170292663
627	15	47	-0.20745743	0.15723078	BA	0	0	-0.22389707	0.064093326	BA	0	0	ct2VSct5	-0.0182683856377406	0	0
628	15	48	-0.20745743	0.14162452	BA	0	0	-0.22389707	0.036016928	BA	0	0	ct2VSct5	-0.0213169742945826	0	0
629	15	49	-0.20745743	0.047735823	BA	0	0	-0.22389707	-0.058781142	BB	0	0.0131609254650539	ct2VSct5	-0.0230640766235688	0	-0.0131609254650539
630	15	50	-0.20745743	0.0022084846	BA	0	0	-0.22389707	-0.027794689	BB	0	0.00622314942866123	ct2VSct5	-0.00668131596797181	0	-0.00622314942866123
631	16	17	-0.17437581	-0.14796277	BB	0	0.0258011278685937	-0.10668783	-0.16114704	BB	0	0.0171924280085232	ct2VSct5	0.0086086998600705	0	0.0086086998600705
632	16	18	-0.17437581	-0.16760507	BB	0	0.0292262698413567	-0.10668783	-0.12908324	BB	0	0.0137716107649692	ct2VSct5	0.0154546590763875	0	0.0154546590763875
633	16	19	-0.17437581	-0.14024768	BB	0	0.0244558028006208	-0.10668783	-0.082187458	BB	0	0.00876840154723614	ct2VSct5	0.0156874012533847	0	0.0156874012533847
634	16	20	-0.17437581	0.054948016	BA	0	0	-0.10668783	0.10462359	BA	0	0	ct2VSct5	0.00158045898601674	0	0
635	16	21	-0.17437581	-0.0074197618	BB	0	0.00129382697388206	-0.10668783	0.021771407	BA	0	0	ct2VSct5	0.00361657114275887	0	0.00129382697388206
636	16	22	-0.17437581	-0.15307954	BB	0	0.0266933687819274	-0.10668783	-0.16762484	BB	0	0.0178835304336972	ct2VSct5	0.0088098383482302	0	0.0088098383482302
637	16	23	-0.17437581	-0.094298444	BB	0	0.0164433675542396	-0.10668783	0.045727801	BA	0	0	ct2VSct5	0.0213219674136015	0	0.0164433675542396
638	16	24	-0.17437581	-0.15181406	BB	0	0.0264726996818886	-0.10668783	-0.072285174	BB	0	0.00771194835523242	ct2VSct5	0.0187607513266562	0	0.0187607513266562
639	16	25	-0.17437581	-0.14685121	BB	0	0.0256072986932301	-0.10668783	-0.023054218	BB	0	0.00245960449076694	ct2VSct5	0.0231476942024632	0	0.0231476942024632
640	16	26	-0.17437581	0.022230333	BA	0	0	-0.10668783	0.11066115	BA	0	0	ct2VSct5	0.00792976563535977	0	0
641	16	27	-0.17437581	-0.1369298	BB	0	0.023877244788138	-0.10668783	-0.057726404	BB	0	0.00615870477646332	ct2VSct5	0.0177185400116747	0	0.0177185400116747
642	16	28	-0.17437581	-0.19271408	BB	0	0.0336046737984048	-0.10668783	-0.20989674	BB	0	0.0223934277146742	ct2VSct5	0.0112112460837306	0	0.0112112460837306
643	16	29	-0.17437581	-0.072474398	BB	0	0.0126377818555124	-0.10668783	-0.061097665	BB	0	0.00651837729691695	ct2VSct5	0.00611940455859543	0	0.00611940455859545
644	16	30	-0.17437581	-0.19092902	BB	0	0.0332934025150062	-0.10668783	-0.17611978	BB	0	0.0187898371482774	ct2VSct5	0.0145035653667288	0	0.0145035653667288
645	16	31	-0.17437581	-0.061939482	BB	0	0.0108007473447304	-0.10668783	0.0086151607	BA	0	0	ct2VSct5	0.0117198801449147	0	0.0108007473447304
646	16	32	-0.17437581	0.093314979	BA	0	0	-0.10668783	0.13175122	BA	0	0	ct2VSct5	-0.00221562328660539	0	0
647	16	33	-0.17437581	-0.11083278	BB	0	0.0193265557870518	-0.10668783	-0.13591568	BB	0	0.0145005489621744	ct2VSct5	0.0048260068248774	0	0.0048260068248774
648	16	34	-0.17437581	-0.17001925	BB	0	0.0296472444343425	-0.10668783	-0.20408624	BB	0	0.0217735180784592	ct2VSct5	0.0078737263558833	0	0.0078737263558833
649	16	35	-0.17437581	0.0060066249	BA	0	0	-0.10668783	0.085631547	BA	0	0	ct2VSct5	0.00808843384666934	0	0
650	16	36	-0.17437581	-0.02883865	BB	0	0.0050287629530565	-0.10668783	0.054590767	BA	0	0	ct2VSct5	0.0108529334223221	0	0.0050287629530565
651	16	37	-0.17437581	0.1362983	BA	0	0	-0.10668783	0.13175867	BA	0	0	ct2VSct5	-0.0097100798781369	0	0
652	16	38	-0.17437581	-0.11748793	BB	0	0.0204870529589733	-0.10668783	-0.14552101	BB	0	0.0155253207763083	ct2VSct5	0.004961732182665	0	0.004961732182665
653	16	39	-0.17437581	0.18710115	BA	0	0	-0.10668783	0.21221508	BA	0	0	ct2VSct5	-0.0099851482047051	0	0
654	16	40	-0.17437581	0.18804056	BA	0	0	-0.10668783	0.22661106	BA	0	0	ct2VSct5	-0.0086130827174538	0	0
655	16	41	-0.17437581	0.18964921	BA	0	0	-0.10668783	0.22850003	BA	0	0	ct2VSct5	-0.0086920622539752	0	0
656	16	42	-0.17437581	0.15865292	BA	0	0	-0.10668783	0.1785571	BA	0	0	ct2VSct5	-0.0086153619037722	0	0
657	16	43	-0.17437581	-0.1823701	BB	0	0.031800933907281	-0.10668783	-0.20891748	BB	0	0.0222889525902684	ct2VSct5	0.0095119813170126	0	0.0095119813170126
658	16	44	-0.17437581	-0.17777604	BB	0	0.0309998409735924	-0.10668783	-0.20660961	BB	0	0.0220427309480463	ct2VSct5	0.0089571100255461	0	0.0089571100255461
659	16	45	-0.17437581	0.088799464	BA	0	0	-0.10668783	0.11991098	BA	0	0	ct2VSct5	-0.00269143621319244	0	0
660	16	46	-0.17437581	-0.083378426	BB	0	0.0145391805702751	-0.10668783	-0.14745745	BB	0	0.0157319153578335	ct2VSct5	-0.00119273478755844	0	-0.0011927347875584
661	16	47	-0.17437581	0.15723078	BA	0	0	-0.10668783	0.064093326	BA	0	0	ct2VSct5	-0.0205792667510092	0	0
662	16	48	-0.17437581	0.14162452	BA	0	0	-0.10668783	0.036016928	BA	0	0	ct2VSct5	-0.020853322499275	0	0
663	16	49	-0.17437581	0.047735823	BA	0	0	-0.10668783	-0.058781142	BB	0	0.00627123248490186	ct2VSct5	-0.0145952052865435	0	-0.00627123248490186
664	16	50	-0.17437581	0.0022084846	BA	0	0	-0.10668783	-0.027794689	BB	0	0.00296535505493487	ct2VSct5	-0.0033504613459324	0	-0.00296535505493487
665	17	18	-0.14796277	-0.16760507	BB	0	0.0247993104232439	-0.16114704	-0.12908324	BB	0	0.0208013820396096	ct2VSct5	0.0039979283836343	0	0.0039979283836343
666	17	19	-0.14796277	-0.14024768	BB	0	0.0207514352188736	-0.16114704	-0.082187458	BB	0	0.0132442655818243	ct2VSct5	0.00750716963704928	0	0.0075071696370493
667	17	20	-0.14796277	0.054948016	BA	0	0	-0.16114704	0.10462359	BA	0	0	ct2VSct5	0.00872952118930928	0	0
668	17	21	-0.14796277	-0.0074197618	BB	0	0.00109784850866819	-0.16114704	0.021771407	BA	0	0	ct2VSct5	0.00460624630335347	0	0.00109784850866819
669	17	22	-0.14796277	-0.15307954	BB	0	0.0226500727687258	-0.16114704	-0.16762484	BB	0	0.0270122467964736	ct2VSct5	-0.0043621740277478	0	-0.0043621740277478
670	17	23	-0.14796277	-0.094298444	BB	0	0.0139526589809299	-0.16114704	0.045727801	BA	0	0	ct2VSct5	0.0213215587577889	0	0.0139526589809299
671	17	24	-0.14796277	-0.15181406	BB	0	0.0224628288425462	-0.16114704	-0.072285174	BB	0	0.011648541825985	ct2VSct5	0.0108142870165612	0	0.0108142870165612
672	17	25	-0.14796277	-0.14685121	BB	0	0.0217285118094517	-0.16114704	-0.023054218	BB	0	0.00371511899021472	ct2VSct5	0.018013392819237	0	0.018013392819237
673	17	26	-0.14796277	0.022230333	BA	0	0	-0.16114704	0.11066115	BA	0	0	ct2VSct5	0.0145434551167936	0	0
674	17	27	-0.14796277	-0.1369298	BB	0	0.020260512503546	-0.16114704	-0.057726404	BB	0	0.00930243913444416	ct2VSct5	0.0109580733691018	0	0.0109580733691018
675	17	28	-0.14796277	-0.19271408	BB	0	0.0285145090948016	-0.16114704	-0.20989674	BB	0	0.0338242383566496	ct2VSct5	-0.005309729261848	0	-0.005309729261848
676	17	29	-0.14796277	-0.072474398	BB	0	0.0107235126821625	-0.16114704	-0.061097665	BB	0	0.0098457078656616	ct2VSct5	0.000877804816500859	0	0.000877804816500899
677	17	30	-0.14796277	-0.19092902	BB	0	0.0282503866725854	-0.16114704	-0.17611978	BB	0	0.0283811812324512	ct2VSct5	-0.0001307945598658	0	-0.0001307945598658
678	17	31	-0.14796277	-0.061939482	BB	0	0.00916473732908514	-0.16114704	0.0086151607	BA	0	0	ct2VSct5	0.0105530449750145	0	0.00916473732908514
679	17	32	-0.14796277	0.093314979	BA	0	0	-0.16114704	0.13175122	BA	0	0	ct2VSct5	0.00742417634405697	0	0
680	17	33	-0.14796277	-0.11083278	BB	0	0.0163991251356006	-0.16114704	-0.13591568	BB	0	0.0219024095215872	ct2VSct5	-0.0055032843859866	0	-0.0055032843859866
681	17	34	-0.14796277	-0.17001925	BB	0	0.0251565191833225	-0.16114704	-0.20408624	BB	0	0.0328878934807296	ct2VSct5	-0.0077313742974071	0	-0.0077313742974071
682	17	35	-0.14796277	0.0060066249	BA	0	0	-0.16114704	0.085631547	BA	0	0	ct2VSct5	0.0129105134711159	0	0
683	17	36	-0.14796277	-0.02883865	BB	0	0.0042670465370605	-0.16114704	0.054590767	BA	0	0	ct2VSct5	0.0130641870504402	0	0.0042670465370605
684	17	37	-0.14796277	0.1362983	BA	0	0	-0.16114704	0.13175867	BA	0	0	ct2VSct5	0.0010654456505458	0	0
685	17	38	-0.14796277	-0.11748793	BB	0	0.0173838395643661	-0.16114704	-0.14552101	BB	0	0.0234502800193104	ct2VSct5	-0.0060664404549443	0	-0.0060664404549443
686	17	39	-0.14796277	0.18710115	BA	0	0	-0.16114704	0.21221508	BA	0	0	ct2VSct5	0.0065138275611777	0	0
687	17	40	-0.14796277	0.18804056	BA	0	0	-0.16114704	0.22661106	BA	0	0	ct2VSct5	0.0086946994203112	0	0
688	17	41	-0.14796277	0.18964921	BA	0	0	-0.16114704	0.22850003	BA	0	0	ct2VSct5	0.0087610810344995	0	0
689	17	42	-0.14796277	0.15865292	BA	0	0	-0.16114704	0.1785571	BA	0	0	ct2VSct5	0.0052992226241956	0	0
690	17	43	-0.14796277	-0.1823701	BB	0	0.026983985161177	-0.16114704	-0.20891748	BB	0	0.0336664335062592	ct2VSct5	-0.0066824483450822	0	-0.0066824483450822
691	17	44	-0.14796277	-0.17777604	BB	0	0.0263042353180308	-0.16114704	-0.20660961	BB	0	0.0332945270870544	ct2VSct5	-0.0069902917690236	0	-0.0069902917690236
692	17	45	-0.14796277	0.088799464	BA	0	0	-0.16114704	0.11991098	BA	0	0	ct2VSct5	0.00618428482254392	0	0
693	17	46	-0.14796277	-0.083378426	BB	0	0.0123369028692	-0.16114704	-0.14745745	BB	0	0.023762331593448	ct2VSct5	-0.011425428724248	0	-0.011425428724248
694	17	47	-0.14796277	0.15723078	BA	0	0	-0.16114704	0.064093326	BA	0	0	ct2VSct5	-0.0129358519694056	0	0
695	17	48	-0.14796277	0.14162452	BA	0	0	-0.16114704	0.036016928	BA	0	0	ct2VSct5	-0.0151511349420273	0	0
696	17	49	-0.14796277	0.047735823	BA	0	0	-0.16114704	-0.058781142	BB	0	0.00947240704111968	ct2VSct5	-0.0165355316404294	0	-0.00947240704111968
697	17	50	-0.14796277	0.0022084846	BA	0	0	-0.16114704	-0.027794689	BB	0	0.00447903186007056	ct2VSct5	-0.0048058053589889	0	-0.00447903186007056
698	18	19	-0.16760507	-0.14024768	BB	0	0.0235062222237376	-0.12908324	-0.082187458	BB	0	0.0106090233660039	ct2VSct5	0.0128971988577337	0	0.0128971988577337
699	18	20	-0.16760507	0.054948016	BA	0	0	-0.12908324	0.10462359	BA	0	0	ct2VSct5	0.00429558590959048	0	0
700	18	21	-0.16760507	-0.0074197618	BB	0	0.00124358969587233	-0.12908324	0.021771407	BA	0	0	ct2VSct5	0.00405391345079101	0	0.00124358969587233
701	18	22	-0.16760507	-0.15307954	BB	0	0.0256569070172678	-0.12908324	-0.16762484	BB	0	0.0216375574516816	ct2VSct5	0.0040193495655862	0	0.0040193495655862
702	18	23	-0.16760507	-0.094298444	BB	0	0.0158048973075111	-0.12908324	0.045727801	BA	0	0	ct2VSct5	0.0217075900186663	0	0.0158048973075111
703	18	24	-0.16760507	-0.15181406	BB	0	0.0254448061532842	-0.12908324	-0.072285174	BB	0	0.00933080446388376	ct2VSct5	0.0161140016894004	0	0.0161140016894004
704	18	25	-0.16760507	-0.14685121	BB	0	0.0246130073316347	-0.12908324	-0.023054218	BB	0	0.00297591315510632	ct2VSct5	0.0216370941765284	0	0.0216370941765284
705	18	26	-0.16760507	0.022230333	BA	0	0	-0.12908324	0.11066115	BA	0	0	ct2VSct5	0.0105585832655377	0	0
706	18	27	-0.16760507	-0.1369298	BB	0	0.022950128714086	-0.12908324	-0.057726404	BB	0	0.00745151126186896	ct2VSct5	0.015498617452217	0	0.015498617452217
707	18	28	-0.16760507	-0.19271408	BB	0	0.0322998568683856	-0.12908324	-0.20989674	BB	0	0.0270941512646376	ct2VSct5	0.005205705603748	0	0.005205705603748
708	18	29	-0.16760507	-0.072474398	BB	0	0.0121470765499979	-0.12908324	-0.061097665	BB	0	0.0078866845546346	ct2VSct5	0.00426039199536326	0	0.0042603919953633
709	18	30	-0.16760507	-0.19092902	BB	0	0.0320006717621314	-0.12908324	-0.17611978	BB	0	0.0227341118304872	ct2VSct5	0.0092665599316442	0	0.0092665599316442
710	18	31	-0.16760507	-0.061939482	BB	0	0.0103813712163737	-0.12908324	0.0086151607	BA	0	0	ct2VSct5	0.0114934440726504	0	0.0103813712163737
711	18	32	-0.16760507	0.093314979	BA	0	0	-0.12908324	0.13175122	BA	0	0	ct2VSct5	0.00136681076420927	0	0
712	18	33	-0.16760507	-0.11083278	BB	0	0.0185761358501946	-0.12908324	-0.13591568	BB	0	0.0175444363412032	ct2VSct5	0.0010316995089914	0	0.0010316995089914
713	18	34	-0.16760507	-0.17001925	BB	0	0.0284960882975975	-0.12908324	-0.20408624	BB	0	0.0263441130986176	ct2VSct5	0.0021519751989799	0	0.0021519751989799
714	18	35	-0.16760507	0.0060066249	BA	0	0	-0.12908324	0.085631547	BA	0	0	ct2VSct5	0.010046856746144	0	0
715	18	36	-0.16760507	-0.02883865	BB	0	0.0048335039519555	-0.12908324	0.054590767	BA	0	0	ct2VSct5	0.0118802570304006	0	0.0048335039519555
716	18	37	-0.16760507	0.1362983	BA	0	0	-0.12908324	0.13175867	BA	0	0	ct2VSct5	-0.0058364500906902	0	0
717	18	38	-0.16760507	-0.11748793	BB	0	0.0196915727318051	-0.12908324	-0.14552101	BB	0	0.0187843234588724	ct2VSct5	0.0009072492729327	0	0.0009072492729327
718	18	39	-0.16760507	0.18710115	BA	0	0	-0.12908324	0.21221508	BA	0	0	ct2VSct5	-0.0039656912395713	0	0
719	18	40	-0.16760507	0.18804056	BA	0	0	-0.12908324	0.22661106	BA	0	0	ct2VSct5	-0.0022648613770048	0	0
720	18	41	-0.16760507	0.18964921	BA	0	0	-0.12908324	0.22850003	BA	0	0	ct2VSct5	-0.00229064490499751	0	0
721	18	42	-0.16760507	0.15865292	BA	0	0	-0.12908324	0.1785571	BA	0	0	ct2VSct5	-0.0035423047693004	0	0
722	18	43	-0.16760507	-0.1823701	BB	0	0.030566153376407	-0.12908324	-0.20891748	BB	0	0.0269677452110352	ct2VSct5	0.0035984081653718	0	0.0035984081653718
723	18	44	-0.16760507	-0.17777604	BB	0	0.0297961656285228	-0.12908324	-0.20660961	BB	0	0.0266698378739364	ct2VSct5	0.0031263277545864	0	0.0031263277545864
724	18	45	-0.16760507	0.088799464	BA	0	0	-0.12908324	0.11991098	BA	0	0	ct2VSct5	0.00059525743029272	0	0
725	18	46	-0.16760507	-0.083378426	BB	0	0.0139746469262198	-0.12908324	-0.14745745	BB	0	0.019034285408138	ct2VSct5	-0.00505963848191818	0	-0.0050596384819182
726	18	47	-0.16760507	0.15723078	BA	0	0	-0.12908324	0.064093326	BA	0	0	ct2VSct5	-0.0180793017055984	0	0
727	18	48	-0.16760507	0.14162452	BA	0	0	-0.12908324	0.036016928	BA	0	0	ct2VSct5	-0.0190878058272297	0	0
728	18	49	-0.16760507	0.047735823	BA	0	0	-0.12908324	-0.058781142	BB	0	0.00758766026026008	ct2VSct5	-0.0155884262156827	0	-0.00758766026026008
729	18	50	-0.16760507	0.0022084846	BA	0	0	-0.12908324	-0.027794689	BB	0	0.00358782851091236	ct2VSct5	-0.00395798172688928	0	-0.00358782851091236
730	19	20	-0.14024768	0.054948016	BA	0	0	-0.082187458	0.10462359	BA	0	0	ct2VSct5	0.000892415144331339	0	0
731	19	21	-0.14024768	-0.0074197618	BB	0	0.00104060437860262	-0.082187458	0.021771407	BA	0	0	ct2VSct5	0.00282994097701603	0	0.00104060437860262
732	19	22	-0.14024768	-0.15307954	BB	0	0.0214690503404672	-0.082187458	-0.16762484	BB	0	0.0137766594972567	ct2VSct5	0.00769239084321048	0	0.0076923908432105
733	19	23	-0.14024768	-0.094298444	BB	0	0.0132251379986099	-0.082187458	0.045727801	BA	0	0	ct2VSct5	0.0169833897227298	0	0.0132251379986099
734	19	24	-0.14024768	-0.15181406	BB	0	0.0212915697063808	-0.082187458	-0.072285174	BB	0	0.00594093470214769	ct2VSct5	0.0153506350042331	0	0.0153506350042331
735	19	25	-0.14024768	-0.14685121	BB	0	0.0205955415076928	-0.082187458	-0.023054218	BB	0	0.00189476757359784	ct2VSct5	0.018700773934095	0	0.018700773934095
736	19	26	-0.14024768	0.022230333	BA	0	0	-0.082187458	0.11066115	BA	0	0	ct2VSct5	0.00597720598897926	0	0
737	19	27	-0.14024768	-0.1369298	BB	0	0.019204086772864	-0.082187458	-0.057726404	BB	0	0.00474438640424103	ct2VSct5	0.014459700368623	0	0.014459700368623
738	19	28	-0.14024768	-0.19271408	BB	0	0.0270277026233344	-0.082187458	-0.20989674	BB	0	0.0172508795030869	ct2VSct5	0.00977682312024749	0	0.0097768231202475
739	19	29	-0.14024768	-0.072474398	BB	0	0.0101643661788966	-0.082187458	-0.061097665	BB	0	0.00502146177608557	ct2VSct5	0.00514290440281107	0	0.00514290440281103
740	19	30	-0.14024768	-0.19092902	BB	0	0.0267773520996736	-0.082187458	-0.17611978	BB	0	0.0144748370217192	ct2VSct5	0.0123025150779544	0	0.0123025150779544
741	19	31	-0.14024768	-0.061939482	BB	0	0.00868686865090176	-0.082187458	0.0086151607	BA	0	0	ct2VSct5	0.00939492680909626	0	0.00868686865090176
742	19	32	-0.14024768	0.093314979	BA	0	0	-0.082187458	0.13175122	BA	0	0	ct2VSct5	-0.00225891145379996	0	0
743	19	33	-0.14024768	-0.11083278	BB	0	0.0155440402629504	-0.082187458	-0.13591568	BB	0	0.0111705642415414	ct2VSct5	0.00437347602140896	0	0.004373476021409
744	19	34	-0.14024768	-0.17001925	BB	0	0.02384480536784	-0.082187458	-0.20408624	BB	0	0.0167733292783779	ct2VSct5	0.00707147608946208	0	0.0070714760894621
745	19	35	-0.14024768	0.0060066249	BA	0	0	-0.082187458	0.085631547	BA	0	0	ct2VSct5	0.0061954239656823	0	0
746	19	36	-0.14024768	-0.02883865	BB	0	0.004044553756832	-0.082187458	0.054590767	BA	0	0	ct2VSct5	0.00853123012683229	0	0.004044553756832
747	19	37	-0.14024768	0.1362983	BA	0	0	-0.082187458	0.13175867	BA	0	0	ct2VSct5	-0.00828661020618314	0	0
748	19	38	-0.14024768	-0.11748793	BB	0	0.0164774096105024	-0.082187458	-0.14552101	BB	0	0.0119600018974926	ct2VSct5	0.00451740771300982	0	0.0045174077130098
749	19	39	-0.14024768	0.18710115	BA	0	0	-0.082187458	0.21221508	BA	0	0	ct2VSct5	-0.00879908423836536	0	0
750	19	40	-0.14024768	0.18804056	BA	0	0	-0.082187458	0.22661106	BA	0	0	ct2VSct5	-0.00774766530981532	0	0
751	19	41	-0.14024768	0.18964921	BA	0	0	-0.082187458	0.22850003	BA	0	0	ct2VSct5	-0.00781802509770907	0	0
752	19	42	-0.14024768	0.15865292	BA	0	0	-0.082187458	0.1785571	BA	0	0	ct2VSct5	-0.0075755497983738	0	0
753	19	43	-0.14024768	-0.1823701	BB	0	0.025576983426368	-0.082187458	-0.20891748	BB	0	0.0171703966129658	ct2VSct5	0.00840658681340217	0	0.0084065868134022
754	19	44	-0.14024768	-0.17777604	BB	0	0.0249326771695872	-0.082187458	-0.20660961	BB	0	0.0169807186442714	ct2VSct5	0.00795195852531582	0	0.0079519585253158
755	19	45	-0.14024768	0.088799464	BA	0	0	-0.082187458	0.11991098	BA	0	0	ct2VSct5	-0.00259874017875468	0	0
756	19	46	-0.14024768	-0.083378426	BB	0	0.0116936308085517	-0.082187458	-0.14745745	BB	0	0.0121191529786621	ct2VSct5	-0.000425522170110418	0	-0.000425522170110401
757	19	47	-0.14024768	0.15723078	BA	0	0	-0.082187458	0.064093326	BA	0	0	ct2VSct5	-0.0167835845808851	0	0
758	19	48	-0.14024768	0.14162452	BA	0	0	-0.082187458	0.036016928	BA	0	0	ct2VSct5	-0.0169023706038246	0	0
759	19	49	-0.14024768	0.047735823	BA	0	0	-0.082187458	-0.058781142	BB	0	0.00483107263931704	ct2VSct5	-0.0115259110679577	0	-0.00483107263931704
760	19	50	-0.14024768	0.0022084846	BA	0	0	-0.082187458	-0.027794689	BB	0	0.00228437483481056	ct2VSct5	-0.00259410967627629	0	-0.00228437483481056
761	20	21	0.054948016	-0.0074197618	AB	0	0	0.10462359	0.021771407	AA	0.00227780275969113	0	ct2VSct5	-0.00268550394979372	-0.00227780275969113	0
762	20	22	0.054948016	-0.15307954	AB	0	0	0.10462359	-0.16762484	AB	0	0	ct2VSct5	0.00912609552078296	0	0
763	20	23	0.054948016	-0.094298444	AB	0	0	0.10462359	0.045727801	AA	0.00478420670342559	0	ct2VSct5	-0.00996571911311269	-0.00478420670342559	0
764	20	24	0.054948016	-0.15181406	AB	0	0	0.10462359	-0.072285174	AB	0	0	ct2VSct5	-0.0007791469902503	0	0
765	20	25	0.054948016	-0.14685121	AB	0	0	0.10462359	-0.023054218	AB	0	0	ct2VSct5	-0.00565716758489674	0	0
766	20	26	0.054948016	0.022230333	AA	0.00122151269336933	0	0.10462359	0.11066115	AA	0.0115777667865285	0	ct2VSct5	-0.0103562540931592	-0.0103562540931592	0
767	20	27	0.054948016	-0.1369298	AB	0	0	0.10462359	-0.057726404	AB	0	0	ct2VSct5	-0.00148447721700644	0	0
768	20	28	0.054948016	-0.19271408	AB	0	0	0.10462359	-0.20989674	AB	0	0	ct2VSct5	0.0113708941168313	0	0
769	20	29	0.054948016	-0.072474398	AB	0	0	0.10462359	-0.061097665	AB	0	0	ct2VSct5	0.00240993267202298	0	0
770	20	30	0.054948016	-0.19092902	AB	0	0	0.10462359	-0.17611978	AB	0	0	ct2VSct5	0.00793511280778588	0	0
771	20	31	0.054948016	-0.061939482	AB	0	0	0.10462359	0.0086151607	AA	0.000901349040860913	0	ct2VSct5	-0.00430480068882863	-0.000901349040860913	0
772	20	32	0.054948016	0.093314979	AA	0.00512747295913166	0	0.10462359	0.13175122	AA	0.0137842856232798	0	ct2VSct5	-0.00865681266414814	-0.00865681266414814	0
773	20	33	0.054948016	-0.11083278	AB	0	0	0.10462359	-0.13591568	AB	0	0	ct2VSct5	0.00812994501012672	0	0
774	20	34	0.054948016	-0.17001925	AB	0	0	0.10462359	-0.20408624	AB	0	0	ct2VSct5	0.0120100146290936	0	0
775	20	35	0.054948016	0.0060066249	AA	0.000330052121111198	0	0.10462359	0.085631547	AA	0.00895907986439373	0	ct2VSct5	-0.00862902774328253	-0.00862902774328253	0
776	20	36	0.054948016	-0.02883865	AB	0	0	0.10462359	0.054590767	AA	0.00571148202439353	0	ct2VSct5	-0.00729610862601193	-0.00571148202439353	0
777	20	37	0.054948016	0.1362983	AA	0.0074893211691728	0	0.10462359	0.13175867	AA	0.0137850650690253	0	ct2VSct5	-0.0062957438998525	-0.0062957438998525	0
778	20	38	0.054948016	-0.11748793	AB	0	0	0.10462359	-0.14552101	AB	0	0	ct2VSct5	0.00876920182917902	0	0
779	20	39	0.054948016	0.18710115	AA	0.0102808369838184	0	0.10462359	0.21221508	AA	0.0222027035217372	0	ct2VSct5	-0.0119218665379188	-0.0119218665379188	0
780	20	40	0.054948016	0.18804056	AA	0.010332455699529	0	0.10462359	0.22661106	AA	0.0237088626309054	0	ct2VSct5	-0.0133764069313764	-0.0133764069313764	0
781	20	41	0.054948016	0.18964921	AA	0.0104208478254674	0	0.10462359	0.22850003	AA	0.0239064934537077	0	ct2VSct5	-0.0134856456282403	-0.0134856456282403	0
782	20	42	0.054948016	0.15865292	AA	0.00871766318660672	0	0.10462359	0.1785571	AA	0.018681284821989	0	ct2VSct5	-0.00996362163538228	-0.00996362163538228	0
783	20	43	0.054948016	-0.1823701	AB	0	0	0.10462359	-0.20891748	AB	0	0	ct2VSct5	0.0118368215986316	0	0
784	20	44	0.054948016	-0.17777604	AB	0	0	0.10462359	-0.20660961	AB	0	0	ct2VSct5	0.0118477984363633	0	0
785	20	45	0.054948016	0.088799464	AA	0.00487935436866342	0	0.10462359	0.11991098	AA	0.0125455172080182	0	ct2VSct5	-0.00766616283935478	-0.00766616283935478	0
786	20	46	0.054948016	-0.083378426	AB	0	0	0.10462359	-0.14745745	AB	0	0	ct2VSct5	0.0108460487053427	0	0
787	20	47	0.054948016	0.15723078	AA	0.00863951941513248	0	0.10462359	0.064093326	AA	0.00670567386116034	0	ct2VSct5	0.00193384555397214	0.00193384555397214	0
788	20	48	0.054948016	0.14162452	AA	0.00778198639095232	0	0.10462359	0.036016928	AA	0.00376822030813152	0	ct2VSct5	0.0040137660828208	0.0040137660828208	0
789	20	49	0.054948016	0.047735823	AA	0.00262298876597717	0	0.10462359	-0.058781142	AB	0	0	ct2VSct5	0.00877288286631695	0.00262298876597717	0
790	20	50	0.054948016	0.0022084846	AA	0.000121351847136554	0	0.10462359	-0.027794689	AB	0	0	ct2VSct5	0.00302933199325006	0.000121351847136554	0
791	21	22	-0.0074197618	-0.15307954	BB	0	0.00113581372325357	0.021771407	-0.16762484	AB	0	0	ct2VSct5	0.00478524233820345	0	0.00113581372325357
792	21	23	-0.0074197618	-0.094298444	BB	0	0.000699671992590639	0.021771407	0.045727801	AA	0.000995558566786007	0	ct2VSct5	-0.000295886574195368	-0.000995558566786007	0.000699671992590639
793	21	24	-0.0074197618	-0.15181406	BB	0	0.00112642416309091	0.021771407	-0.072285174	AB	0	0	ct2VSct5	0.00270017410631073	0	0.00112642416309091
794	21	25	-0.0074197618	-0.14685121	BB	0	0.00108960099824178	0.021771407	-0.023054218	AB	0	0	ct2VSct5	0.0015915237613865	0	0.00108960099824178
795	21	26	-0.0074197618	0.022230333	BA	0	0	0.021771407	0.11066115	AA	0.00240924893573805	0	ct2VSct5	-0.00257419271133273	-0.00240924893573805	0
796	21	27	-0.0074197618	-0.1369298	BB	0	0.00101598649932164	0.021771407	-0.057726404	AB	0	0	ct2VSct5	0.00227277153545207	0	0.00101598649932164
797	21	28	-0.0074197618	-0.19271408	BB	0	0.00142989256910614	0.021771407	-0.20989674	AB	0	0	ct2VSct5	0.00599963992361932	0	0.00142989256910614
798	21	29	-0.0074197618	-0.072474398	BB	0	0.000537742769758396	0.021771407	-0.061097665	AB	0	0	ct2VSct5	0.00186792490122305	0	0.000537742769758396
799	21	30	-0.0074197618	-0.19092902	BB	0	0.00141664784910744	0.021771407	-0.17611978	AB	0	0	ct2VSct5	0.0052510232602379	0	0.00141664784910744
800	21	31	-0.0074197618	-0.061939482	BB	0	0.000459576202455388	0.021771407	0.0086151607	AA	0.000187564169970105	0	ct2VSct5	0.000272012032485283	-0.000187564169970105	0.000459576202455388
801	21	32	-0.0074197618	0.093314979	BA	0	0	0.021771407	0.13175122	AA	0.00286840943336654	0	ct2VSct5	-0.00356078434991854	-0.00286840943336654	0
802	21	33	-0.0074197618	-0.11083278	BB	0	0.000822352827231804	0.021771407	-0.13591568	AB	0	0	ct2VSct5	0.00378142841419356	0	0.000822352827231804
803	21	34	-0.0074197618	-0.17001925	BB	0	0.00126150233641465	0.021771407	-0.20408624	AB	0	0	ct2VSct5	0.00570474693055433	0	0.00126150233641465
804	21	35	-0.0074197618	0.0060066249	BA	0	0	0.021771407	0.085631547	AA	0.00186431926177663	0	ct2VSct5	-0.00190888698775658	-0.00186431926177663	0
805	21	36	-0.0074197618	-0.02883865	BB	0	0.00021397591363357	0.021771407	0.054590767	AA	0.00118851780679917	0	ct2VSct5	-0.000974541893165599	-0.00118851780679917	0.00021397591363357
806	21	37	-0.0074197618	0.1362983	BA	0	0	0.021771407	0.13175867	AA	0.00286857163034869	0	ct2VSct5	-0.00387987255009363	-0.00286857163034869	0
807	21	38	-0.0074197618	-0.11748793	BB	0	0.000871732454975074	0.021771407	-0.14552101	AB	0	0	ct2VSct5	0.00403992959073614	0	0.000871732454975074
808	21	39	-0.0074197618	0.18710115	BA	0	0	0.021771407	0.21221508	AA	0.00462022087821756	0	ct2VSct5	-0.00600846684372363	-0.00462022087821756	0
809	21	40	-0.0074197618	0.18804056	BA	0	0	0.021771407	0.22661106	AA	0.00493364161796142	0	ct2VSct5	-0.00632885778190003	-0.00493364161796142	0
810	21	41	-0.0074197618	0.18964921	BA	0	0	0.021771407	0.22850003	AA	0.00497476715264221	0	ct2VSct5	-0.00638191911640039	-0.00497476715264221	0
811	21	42	-0.0074197618	0.15865292	BA	0	0	0.021771407	0.1785571	AA	0.0038874392968397	0	ct2VSct5	-0.00506460617211416	-0.0038874392968397	0
812	21	43	-0.0074197618	-0.1823701	BB	0	0.00135314270144218	0.021771407	-0.20891748	AB	0	0	ct2VSct5	0.00590157018793654	0	0.00135314270144218
813	21	44	-0.0074197618	-0.17777604	BB	0	0.00131905587054727	0.021771407	-0.20660961	AB	0	0	ct2VSct5	0.00581723777996854	0	0.00131905587054727
814	21	45	-0.0074197618	0.088799464	BA	0	0	0.021771407	0.11991098	AA	0.00261063074934886	0	ct2VSct5	-0.00326950162019653	-0.00261063074934886	0
815	21	46	-0.0074197618	-0.083378426	BB	0	0.000618648060178927	0.021771407	-0.14745745	AB	0	0	ct2VSct5	0.00382900421931108	0	0.000618648060178927
816	21	47	-0.0074197618	0.15723078	BA	0	0	0.021771407	0.064093326	AA	0.00139540188632968	0	ct2VSct5	-0.00256201682155789	-0.00139540188632968	0
817	21	48	-0.0074197618	0.14162452	BA	0	0	0.021771407	0.036016928	AA	0.000784139198377696	0	ct2VSct5	-0.00183495940181703	-0.000784139198377696	0
818	21	49	-0.0074197618	0.047735823	BA	0	0	0.021771407	-0.058781142	AB	0	0	ct2VSct5	0.000925559730419833	0	0
819	21	50	-0.0074197618	0.0022084846	BA	0	0	0.021771407	-0.027794689	AB	0	0	ct2VSct5	0.000588743056986455	0	0
820	22	23	-0.15307954	-0.094298444	BB	0	0.0144351624302358	-0.16762484	0.045727801	BA	0	0	ct2VSct5	0.0221002777564126	0	0.0144351624302358
821	22	24	-0.15307954	-0.15181406	BB	0	0.0232396264703324	-0.16762484	-0.072285174	BB	0	0.0121167907261222	ct2VSct5	0.0111228357442102	0	0.0111228357442102
822	22	25	-0.15307954	-0.14685121	BB	0	0.0224799156752434	-0.16762484	-0.023054218	BB	0	0.00386445960357512	ct2VSct5	0.0186154560716683	0	0.0186154560716683
823	22	26	-0.15307954	0.022230333	BA	0	0	-0.16762484	0.11066115	BA	0	0	ct2VSct5	0.0151465484132792	0	0
824	22	27	-0.15307954	-0.1369298	BB	0	0.020961150796292	-0.16762484	-0.057726404	BB	0	0.00967637923427536	ct2VSct5	0.0112847715620166	0	0.0112847715620166
825	22	28	-0.15307954	-0.19271408	BB	0	0.0295005827179232	-0.16762484	-0.20989674	BB	0	0.0351839074590216	ct2VSct5	-0.0056833247410984	0	-0.0056833247410984
826	22	29	-0.15307954	-0.072474398	BB	0	0.0110943475076169	-0.16762484	-0.061097665	BB	0	0.0102414863199986	ct2VSct5	0.000852861187618318	0	0.000852861187618301
827	22	30	-0.15307954	-0.19092902	BB	0	0.0292273265542508	-0.16762484	-0.17611978	BB	0	0.0295220499433352	ct2VSct5	-0.0002947233890844	0	-0.0002947233890844
828	22	31	-0.15307954	-0.061939482	BB	0	0.00948166741239828	-0.16762484	0.0086151607	BA	0	0	ct2VSct5	0.0109257823463101	0	0.00948166741239828
829	22	32	-0.15307954	0.093314979	BA	0	0	-0.16762484	0.13175122	BA	0	0	ct2VSct5	0.00780016311187514	0	0
830	22	33	-0.15307954	-0.11083278	BB	0	0.0169662309793212	-0.16762484	-0.13591568	BB	0	0.0227828441134912	ct2VSct5	-0.00581661313417	0	-0.00581661313417
831	22	34	-0.15307954	-0.17001925	BB	0	0.026026468581145	-0.16762484	-0.20408624	BB	0	0.0342099233262016	ct2VSct5	-0.0081834547450566	0	-0.0081834547450566
832	22	35	-0.15307954	0.0060066249	BA	0	0	-0.16762484	0.085631547	BA	0	0	ct2VSct5	0.0134344829881829	0	0
833	22	36	-0.15307954	-0.02883865	BB	0	0.004414607276221	-0.16762484	0.054590767	BA	0	0	ct2VSct5	0.0135653758600733	0	0.004414607276221
834	22	37	-0.15307954	0.1362983	BA	0	0	-0.16762484	0.13175867	BA	0	0	ct2VSct5	0.0012215449105808	0	0
835	22	38	-0.15307954	-0.11748793	BB	0	0.0179849982799522	-0.16762484	-0.14552101	BB	0	0.0243929360178884	ct2VSct5	-0.0064079377379362	0	-0.0064079377379362
836	22	39	-0.15307954	0.18710115	BA	0	0	-0.16762484	0.21221508	BA	0	0	ct2VSct5	0.00693116085511621	0	0
837	22	40	-0.15307954	0.18804056	BA	0	0	-0.16762484	0.22661106	BA	0	0	ct2VSct5	0.009200480248588	0	0
838	22	41	-0.15307954	0.18964921	BA	0	0	-0.16762484	0.22850003	BA	0	0	ct2VSct5	0.0092708671405818	0	0
839	22	42	-0.15307954	0.15865292	BA	0	0	-0.16762484	0.1785571	BA	0	0	ct2VSct5	0.0056440893051072	0	0
840	22	43	-0.15307954	-0.1823701	BB	0	0.027917131017754	-0.16762484	-0.20891748	BB	0	0.0350197591582032	ct2VSct5	-0.0071026281404492	0	-0.0071026281404492
841	22	44	-0.15307954	-0.17777604	BB	0	0.0272138744262216	-0.16762484	-0.20660961	BB	0	0.0346329028187124	ct2VSct5	-0.0074190283924908	0	-0.0074190283924908
842	22	45	-0.15307954	0.088799464	BA	0	0	-0.16762484	0.11991098	BA	0	0	ct2VSct5	0.00650667773537664	0	0
843	22	46	-0.15307954	-0.083378426	BB	0	0.012763531098004	-0.16762484	-0.14745745	BB	0	0.024717531463058	ct2VSct5	-0.011954000365054	0	-0.011954000365054
844	22	47	-0.15307954	0.15723078	BA	0	0	-0.16762484	0.064093326	BA	0	0	ct2VSct5	-0.0133251819604234	0	0
845	22	48	-0.15307954	0.14162452	BA	0	0	-0.16762484	0.036016928	BA	0	0	ct2VSct5	-0.0156424845810293	0	0
846	22	49	-0.15307954	0.047735823	BA	0	0	-0.16762484	-0.058781142	BB	0	0.00985317952276728	ct2VSct5	-0.0171605573491287	0	-0.00985317952276728
847	22	50	-0.15307954	0.0022084846	BA	0	0	-0.16762484	-0.027794689	BB	0	0.00465908029647476	ct2VSct5	-0.00499715410313984	0	-0.00465908029647476
848	23	24	-0.094298444	-0.15181406	BB	0	0.0143158296353226	0.045727801	-0.072285174	AB	0	0	ct2VSct5	0.017621271687245	0	0.0143158296353226
849	23	25	-0.094298444	-0.14685121	BB	0	0.0138478406025172	0.045727801	-0.023054218	AB	0	0	ct2VSct5	0.0149020592954319	0	0.0138478406025172
850	23	26	-0.094298444	0.022230333	BA	0	0	0.045727801	0.11066115	AA	0.00506029104563115	0	ct2VSct5	-0.007156576857133	-0.00506029104563115	0
851	23	27	-0.094298444	-0.1369298	BB	0	0.0129122670772312	0.045727801	-0.057726404	AB	0	0	ct2VSct5	0.0155519685917888	0	0.0129122670772312
852	23	28	-0.094298444	-0.19271408	BB	0	0.0181726378808915	0.045727801	-0.20989674	AB	0	0	ct2VSct5	0.0277707542381603	0	0.0181726378808915
853	23	29	-0.094298444	-0.072474398	BB	0	0.00683422296123671	0.045727801	-0.061097665	AB	0	0	ct2VSct5	0.00962808482792138	0	0.00683422296123671
854	23	30	-0.094298444	-0.19092902	BB	0	0.0180043095004449	0.045727801	-0.17611978	AB	0	0	ct2VSct5	0.0260578797524487	0	0.0180043095004449
855	23	31	-0.094298444	-0.061939482	BB	0	0.00584079677476601	0.045727801	0.0086151607	AA	0.000393952354072621	0	ct2VSct5	0.00544684442069339	-0.000393952354072621	0.00584079677476601
856	23	32	-0.094298444	0.093314979	BA	0	0	0.045727801	0.13175122	AA	0.00602469356966722	0	ct2VSct5	-0.0148241508912599	-0.00602469356966722	0
857	23	33	-0.094298444	-0.11083278	BB	0	0.0104513586981943	0.045727801	-0.13591568	AB	0	0	ct2VSct5	0.016666483866014	0	0.0104513586981943
858	23	34	-0.094298444	-0.17001925	BB	0	0.016032550725047	0.045727801	-0.20408624	AB	0	0	ct2VSct5	0.0253649656946052	0	0.016032550725047
859	23	35	-0.094298444	0.0060066249	BA	0	0	0.045727801	0.085631547	AA	0.00391574234053815	0	ct2VSct5	-0.0044821577222998	-0.00391574234053815	0
860	23	36	-0.094298444	-0.02883865	BB	0	0.0027194398220606	0.045727801	0.054590767	AA	0.00249631572981337	0	ct2VSct5	0.000223124092247233	-0.00249631572981337	0.0027194398220606
861	23	37	-0.094298444	0.1362983	BA	0	0	0.045727801	0.13175867	AA	0.00602503424178467	0	ct2VSct5	-0.0188777518516299	-0.00602503424178467	0
862	23	38	-0.094298444	-0.11748793	BB	0	0.0110789289877809	0.045727801	-0.14552101	AB	0	0	ct2VSct5	0.0177332847743799	0	0.0110789289877809
863	23	39	-0.094298444	0.18710115	BA	0	0	0.045727801	0.21221508	AA	0.00970412894743908	0	ct2VSct5	-0.0273474762630497	-0.00970412894743908	0
864	23	40	-0.094298444	0.18804056	BA	0	0	0.045727801	0.22661106	AA	0.0103624254560791	0	ct2VSct5	-0.0280943576729677	-0.0103624254560791	0
865	23	41	-0.094298444	0.18964921	BA	0	0	0.045727801	0.22850003	AA	0.010448803900334	0	ct2VSct5	-0.0283324293091633	-0.010448803900334	0
866	23	42	-0.094298444	0.15865292	BA	0	0	0.045727801	0.1785571	AA	0.0081650235359371	0	ct2VSct5	-0.0231257470279936	-0.0081650235359371	0
867	23	43	-0.094298444	-0.1823701	BB	0	0.0171972166621244	0.045727801	-0.20891748	AB	0	0	ct2VSct5	0.0267505536129859	0	0.0171972166621244
868	23	44	-0.094298444	-0.17777604	BB	0	0.0167640039524818	0.045727801	-0.20660961	AB	0	0	ct2VSct5	0.0262118070832494	0	0.0167640039524818
869	23	45	-0.094298444	0.088799464	BA	0	0	0.045727801	0.11991098	AA	0.00548326543115498	0	ct2VSct5	-0.013856916714389	-0.00548326543115498	0
870	23	46	-0.094298444	-0.083378426	BB	0	0.00786245583496914	0.045727801	-0.14745745	AB	0	0	ct2VSct5	0.0146053607645366	0	0.00786245583496914
871	23	47	-0.094298444	0.15723078	BA	0	0	0.045727801	0.064093326	AA	0.00293084685675613	0	ct2VSct5	-0.0177574647596624	-0.00293084685675613	0
872	23	48	-0.094298444	0.14162452	BA	0	0	0.045727801	0.036016928	AA	0.00164697491621533	0	ct2VSct5	-0.0150019467844622	-0.00164697491621533	0
873	23	49	-0.094298444	0.047735823	BA	0	0	0.045727801	-0.058781142	AB	0	0	ct2VSct5	-0.00181348146803067	0	0
874	23	50	-0.094298444	0.0022084846	BA	0	0	0.045727801	-0.027794689	AB	0	0	ct2VSct5	0.00106273334607093	0	0
875	24	25	-0.15181406	-0.14685121	BB	0	0.0222940784060126	-0.072285174	-0.023054218	BB	0	0.00166647815956393	ct2VSct5	0.0206276002464487	0	0.0206276002464487
876	24	26	-0.15181406	0.022230333	BA	0	0	-0.072285174	0.11066115	BA	0	0	ct2VSct5	0.00462428337490812	0	0
877	24	27	-0.15181406	-0.1369298	BB	0	0.020787868872988	-0.072285174	-0.057726404	BB	0	0.0041727631575343	ct2VSct5	0.0166151057154537	0	0.0166151057154537
878	24	28	-0.15181406	-0.19271408	BB	0	0.0292567069039648	-0.072285174	-0.20989674	BB	0	0.0151724223729328	ct2VSct5	0.014084284531032	0	0.014084284531032
879	24	29	-0.15181406	-0.072474398	BB	0	0.0110026326064359	-0.072285174	-0.061097665	BB	0	0.00441645534551871	ct2VSct5	0.00658617726091717	0	0.00658617726091719
880	24	30	-0.15181406	-0.19092902	BB	0	0.0289857096980212	-0.072285174	-0.17611978	BB	0	0.0127308489421417	ct2VSct5	0.0162548607558795	0	0.0162548607558795
881	24	31	-0.15181406	-0.061939482	BB	0	0.00940328423671692	-0.072285174	0.0086151607	BA	0	0	ct2VSct5	0.0100260326269544	0	0.00940328423671692
882	24	32	-0.15181406	0.093314979	BA	0	0	-0.072285174	0.13175122	BA	0	0	ct2VSct5	-0.00464286595839246	0	0
883	24	33	-0.15181406	-0.11083278	BB	0	0.0168259743128868	-0.072285174	-0.13591568	BB	0	0.00982468857812832	ct2VSct5	0.00700128573475848	0	0.00700128573475848
884	24	34	-0.15181406	-0.17001925	BB	0	0.025811312620655	-0.072285174	-0.20408624	BB	0	0.0147524093694058	ct2VSct5	0.0110589032512492	0	0.0110589032512492
885	24	35	-0.15181406	0.0060066249	BA	0	0	-0.072285174	0.085631547	BA	0	0	ct2VSct5	0.00527800116181808	0	0
886	24	36	-0.15181406	-0.02883865	BB	0	0.004378112541419	-0.072285174	0.054590767	BA	0	0	ct2VSct5	0.00832421563280746	0	0.004378112541419
887	24	37	-0.15181406	0.1362983	BA	0	0	-0.072285174	0.13175867	BA	0	0	ct2VSct5	-0.0111677999071394	0	0
888	24	38	-0.15181406	-0.11748793	BB	0	0.0178363196542958	-0.072285174	-0.14552101	BB	0	0.0105190115285057	ct2VSct5	0.00731730812579006	0	0.0073173081257901
889	24	39	-0.15181406	0.18710115	BA	0	0	-0.072285174	0.21221508	BA	0	0	ct2VSct5	-0.0130645812289451	0	0
890	24	40	-0.15181406	0.18804056	BA	0	0	-0.072285174	0.22661106	BA	0	0	ct2VSct5	-0.0121665809558492	0	0
891	24	41	-0.15181406	0.18964921	BA	0	0	-0.072285174	0.22850003	BA	0	0	ct2VSct5	-0.0122742521183374	0	0
892	24	42	-0.15181406	0.15865292	BA	0	0	-0.072285174	0.1785571	BA	0	0	ct2VSct5	-0.0111787128736198	0	0
893	24	43	-0.15181406	-0.1823701	BB	0	0.027686345303606	-0.072285174	-0.20891748	BB	0	0.0151016363934415	ct2VSct5	0.0125847089101645	0	0.0125847089101645
894	24	44	-0.15181406	-0.17777604	BB	0	0.0269889024031224	-0.072285174	-0.20660961	BB	0	0.0149348116089221	ct2VSct5	0.0120540907942003	0	0.0120540907942003
895	24	45	-0.15181406	0.088799464	BA	0	0	-0.072285174	0.11991098	BA	0	0	ct2VSct5	-0.00481322110185332	0	0
896	24	46	-0.15181406	-0.083378426	BB	0	0.0126580173674696	-0.072285174	-0.14745745	BB	0	0.0106589874308463	ct2VSct5	0.00199902993662326	0	0.0019990299366233
897	24	47	-0.15181406	0.15723078	BA	0	0	-0.072285174	0.064093326	BA	0	0	ct2VSct5	-0.0192368458466181	0	0
898	24	48	-0.15181406	0.14162452	BA	0	0	-0.072285174	0.036016928	BA	0	0	ct2VSct5	-0.0188971034693257	0	0
899	24	49	-0.15181406	0.047735823	BA	0	0	-0.072285174	-0.058781142	BB	0	0.00424900507738871	ct2VSct5	-0.0114959741744601	0	-0.00424900507738871
900	24	50	-0.15181406	0.0022084846	BA	0	0	-0.072285174	-0.027794689	BB	0	0.00200914393064089	ct2VSct5	-0.00234442294421436	0	-0.00200914393064089
901	25	26	-0.14685121	0.022230333	BA	0	0	-0.023054218	0.11066115	BA	0	0	ct2VSct5	-0.00071334502352223	0	0
902	25	27	-0.14685121	-0.1369298	BB	0	0.020108306815058	-0.023054218	-0.057726404	BB	0	0.00133083710217207	ct2VSct5	0.0187774697128859	0	0.0187774697128859
903	25	28	-0.14685121	-0.19271408	BB	0	0.0283002958320368	-0.023054218	-0.20989674	BB	0	0.00483900520144932	ct2VSct5	0.0234612906305875	0	0.0234612906305875
904	25	29	-0.14685121	-0.072474398	BB	0	0.0106429530403216	-0.023054218	-0.061097665	BB	0	0.00140855888820097	ct2VSct5	0.00923439415212061	0	0.00923439415212063
905	25	30	-0.14685121	-0.19092902	BB	0	0.0280381576111142	-0.023054218	-0.17611978	BB	0	0.00406030380223204	ct2VSct5	0.0239778538088822	0	0.0239778538088822
906	25	31	-0.14685121	-0.061939482	BB	0	0.00909588787847322	-0.023054218	0.0086151607	BA	0	0	ct2VSct5	0.00929450367135605	0	0.00909588787847322
907	25	32	-0.14685121	0.093314979	BA	0	0	-0.023054218	0.13175122	BA	0	0	ct2VSct5	-0.0106659962296286	0	0
908	25	33	-0.14685121	-0.11083278	BB	0	0.0162759278506638	-0.023054218	-0.13591568	BB	0	0.00313342971633824	ct2VSct5	0.0131424981343256	0	0.0131424981343256
909	25	34	-0.14685121	-0.17001925	BB	0	0.0249675325857925	-0.023054218	-0.20408624	BB	0	0.00470504866776032	ct2VSct5	0.0202624839180322	0	0.0202624839180322
910	25	35	-0.14685121	0.0060066249	BA	0	0	-0.023054218	0.085631547	BA	0	0	ct2VSct5	0.00109208821763412	0	0
911	25	36	-0.14685121	-0.02883865	BB	0	0.0042349906472665	-0.023054218	0.054590767	BA	0	0	ct2VSct5	0.00549353809047171	0	0.0042349906472665
912	25	37	-0.14685121	0.1362983	BA	0	0	-0.023054218	0.13175867	BA	0	0	ct2VSct5	-0.0169779771743729	0	0
913	25	38	-0.14685121	-0.11748793	BB	0	0.0172532446808953	-0.023054218	-0.14552101	BB	0	0.00335487308812018	ct2VSct5	0.0138983715927751	0	0.0138983715927751
914	25	39	-0.14685121	0.18710115	BA	0	0	-0.023054218	0.21221508	BA	0	0	ct2VSct5	-0.0225835775526841	0	0
915	25	40	-0.14685121	0.18804056	BA	0	0	-0.023054218	0.22661106	BA	0	0	ct2VSct5	-0.0223896429866265	0	0
916	25	41	-0.14685121	0.18964921	BA	0	0	-0.023054218	0.22850003	BA	0	0	ct2VSct5	-0.0225823264594176	0	0
917	25	42	-0.14685121	0.15865292	BA	0	0	-0.023054218	0.1785571	BA	0	0	ct2VSct5	-0.0191818789631854	0	0
918	25	43	-0.14685121	-0.1823701	BB	0	0.026781269852821	-0.023054218	-0.20891748	BB	0	0.00481642912793064	ct2VSct5	0.0219648407248904	0	0.0219648407248904
919	25	44	-0.14685121	-0.17777604	BB	0	0.0261066265830084	-0.023054218	-0.20660961	BB	0	0.00476322298983498	ct2VSct5	0.0213434035931734	0	0.0213434035931734
920	25	45	-0.14685121	0.088799464	BA	0	0	-0.023054218	0.11991098	BA	0	0	ct2VSct5	-0.0102758548622378	0	0
921	25	46	-0.14685121	-0.083378426	BB	0	0.0122442227459955	-0.023054218	-0.14745745	BB	0	0.0033995161980241	ct2VSct5	0.00884470654797136	0	0.0088447065479714
922	25	47	-0.14685121	0.15723078	BA	0	0	-0.023054218	0.064093326	BA	0	0	ct2VSct5	-0.0216119087822947	0	0
923	25	48	-0.14685121	0.14162452	BA	0	0	-0.023054218	0.036016928	BA	0	0	ct2VSct5	-0.0199673900178669	0	0
924	25	49	-0.14685121	0.047735823	BA	0	0	-0.023054218	-0.058781142	BB	0	0.00135515326195696	ct2VSct5	-0.00836521662985279	0	-0.00135515326195696
925	25	50	-0.14685121	0.0022084846	BA	0	0	-0.023054218	-0.027794689	BB	0	0.000640784819448202	ct2VSct5	-0.000965103455224568	0	-0.000640784819448202
926	26	27	0.022230333	-0.1369298	AB	0	0	0.11066115	-0.057726404	AB	0	0	ct2VSct5	0.0033440752003812	0	0
927	26	28	0.022230333	-0.19271408	AB	0	0	0.11066115	-0.20989674	AB	0	0	ct2VSct5	0.0189433164574624	0	0
928	26	29	0.022230333	-0.072474398	AB	0	0	0.11066115	-0.061097665	AB	0	0	ct2VSct5	0.00515000786970022	0	0
929	26	30	0.022230333	-0.19092902	AB	0	0	0.11066115	-0.17611978	AB	0	0	ct2VSct5	0.0152452016985833	0	0
930	26	31	0.022230333	-0.061939482	AB	0	0	0.11066115	0.0086151607	AA	0.000953363590496805	0	ct2VSct5	-0.00233029890120431	-0.000953363590496805	0
931	26	32	0.022230333	0.093314979	AA	0.00207442305705801	0	0.11066115	0.13175122	AA	0.014579741519103	0	ct2VSct5	-0.012505318462045	-0.012505318462045	0
932	26	33	0.022230333	-0.11083278	AB	0	0	0.11066115	-0.13591568	AB	0	0	ct2VSct5	0.0125767358451163	0	0
933	26	34	0.022230333	-0.17001925	AB	0	0	0.11066115	-0.20408624	AB	0	0	ct2VSct5	0.0188048334736658	0	0
934	26	35	0.022230333	0.0060066249	AA	0.000133529271733092	0	0.11066115	0.085631547	AA	0.00947608546729905	0	ct2VSct5	-0.00934255619556596	-0.00934255619556596	0
935	26	36	0.022230333	-0.02883865	AB	0	0	0.11066115	0.054590767	AA	0.00604107705560205	0	ct2VSct5	-0.0066821698483725	-0.00604107705560205	0
936	26	37	0.022230333	0.1362983	AA	0.0030299565963339	0	0.11066115	0.13175867	AA	0.0145805659446705	0	ct2VSct5	-0.0115506093483366	-0.0115506093483366	0
937	26	38	0.022230333	-0.11748793	AB	0	0	0.11066115	-0.14552101	AB	0	0	ct2VSct5	0.0134917265083808	0	0
938	26	39	0.022230333	0.18710115	AA	0.00415932086918295	0	0.11066115	0.21221508	AA	0.023483964800142	0	ct2VSct5	-0.0193246439309591	-0.0193246439309591	0
939	26	40	0.022230333	0.18804056	AA	0.00418020426630648	0	0.11066115	0.22661106	AA	0.025077040502319	0	ct2VSct5	-0.0208968362360125	-0.0208968362360125	0
940	26	41	0.022230333	0.18964921	AA	0.00421596509148693	0	0.11066115	0.22850003	AA	0.0252860760948345	0	ct2VSct5	-0.0210701110033476	-0.0210701110033476	0
941	26	42	0.022230333	0.15865292	AA	0.00352690724302236	0	0.11066115	0.1785571	AA	0.019759334026665	0	ct2VSct5	-0.0162324267836426	-0.0162324267836426	0
942	26	43	0.022230333	-0.1823701	AB	0	0	0.11066115	-0.20891748	AB	0	0	ct2VSct5	0.0190649005396587	0	0
943	26	44	0.022230333	-0.17777604	AB	0	0	0.11066115	-0.20660961	AB	0	0	ct2VSct5	0.0189116364750302	0	0
944	26	45	0.022230333	0.088799464	AA	0.00197404165494151	0	0.11066115	0.11991098	AA	0.013269486944427	0	ct2VSct5	-0.0112954452894855	-0.0112954452894855	0
945	26	46	0.022230333	-0.083378426	AB	0	0	0.11066115	-0.14745745	AB	0	0	ct2VSct5	0.0144642808180716	0	0
946	26	47	0.022230333	0.15723078	AA	0.00349529259724974	0	0.11066115	0.064093326	AA	0.0070926411624849	0	ct2VSct5	-0.00359734856523516	-0.00359734856523516	0
947	26	48	0.022230333	0.14162452	AA	0.00314836024056516	0	0.11066115	0.036016928	AA	0.0039856746719472	0	ct2VSct5	-0.00083731443138204	-0.00083731443138204	0
948	26	49	0.022230333	0.047735823	AA	0.00106118324131906	0	0.11066115	-0.058781142	AB	0	0	ct2VSct5	0.00756597201335236	0.00106118324131906	0
949	26	50	0.022230333	0.0022084846	AA	4.90953480833718e-05	0	0.11066115	-0.027794689	AB	0	0	ct2VSct5	0.00312488759671572	4.90953480833718e-05	0
950	27	28	-0.1369298	-0.19271408	BB	0	0.026388300431584	-0.057726404	-0.20989674	BB	0	0.012116584011523	ct2VSct5	0.014271716420061	0	0.014271716420061
951	27	29	-0.1369298	-0.072474398	BB	0	0.0099239048232604	-0.057726404	-0.061097665	BB	0	0.00352694849324666	ct2VSct5	0.00639695633001374	0	0.00639695633001374
952	27	30	-0.1369298	-0.19092902	BB	0	0.026143872522796	-0.057726404	-0.17611978	BB	0	0.0101667615726711	ct2VSct5	0.0159771109501249	0	0.0159771109501249
953	27	31	-0.1369298	-0.061939482	BB	0	0.0084813608823636	-0.057726404	0.0086151607	BA	0	0	ct2VSct5	0.00897868312945672	0	0.0084813608823636
954	27	32	-0.1369298	0.093314979	BA	0	0	-0.057726404	0.13175122	BA	0	0	ct2VSct5	-0.00517207725826132	0	0
955	27	33	-0.1369298	-0.11083278	BB	0	0.015176310398844	-0.057726404	-0.13591568	BB	0	0.00784592345361472	ct2VSct5	0.00733038694522928	0	0.00733038694522928
956	27	34	-0.1369298	-0.17001925	BB	0	0.02328070189865	-0.057726404	-0.20408624	BB	0	0.011781164741081	ct2VSct5	0.011499537157569	0	0.011499537157569
957	27	35	-0.1369298	0.0060066249	BA	0	0	-0.057726404	0.085631547	BA	0	0	ct2VSct5	0.00412071533103497	0	0
958	27	36	-0.1369298	-0.02883865	BB	0	0.00394887057677	-0.057726404	0.054590767	BA	0	0	ct2VSct5	0.00710019924728187	0	0.00394887057677
959	27	37	-0.1369298	0.1362983	BA	0	0	-0.057726404	0.13175867	BA	0	0	ct2VSct5	-0.0110573447444173	0	0
960	27	38	-0.1369298	-0.11748793	BB	0	0.016087598757314	-0.057726404	-0.14552101	BB	0	0.00840040461374804	ct2VSct5	0.00768719414356596	0	0.00768719414356596
961	27	39	-0.1369298	0.18710115	BA	0	0	-0.057726404	0.21221508	BA	0	0	ct2VSct5	-0.0133693096062977	0	0
962	27	40	-0.1369298	0.18804056	BA	0	0	-0.057726404	0.22661106	BA	0	0	ct2VSct5	-0.0126669146722598	0	0
963	27	41	-0.1369298	0.18964921	BA	0	0	-0.057726404	0.22850003	BA	0	0	ct2VSct5	-0.0127781433496659	0	0
964	27	42	-0.1369298	0.15865292	BA	0	0	-0.057726404	0.1785571	BA	0	0	ct2VSct5	-0.0114168533133476	0	0
965	27	43	-0.1369298	-0.1823701	BB	0	0.02497190131898	-0.057726404	-0.20891748	BB	0	0.0120600548531419	ct2VSct5	0.0129118464658381	0	0.0129118464658381
966	27	44	-0.1369298	-0.17777604	BB	0	0.024342837601992	-0.057726404	-0.20660961	BB	0	0.0119268298171424	ct2VSct5	0.0124160077848496	0	0.0124160077848496
967	27	45	-0.1369298	0.088799464	BA	0	0	-0.057726404	0.11991098	BA	0	0	ct2VSct5	-0.00523726317011128	0	0
968	27	46	-0.1369298	-0.083378426	BB	0	0.0114169911964948	-0.057726404	-0.14745745	BB	0	0.0085121883315098	ct2VSct5	0.002904802864985	0	0.002904802864985
969	27	47	-0.1369298	0.15723078	BA	0	0	-0.057726404	0.064093326	BA	0	0	ct2VSct5	-0.0178297020288643	0	0
970	27	48	-0.1369298	0.14162452	BA	0	0	-0.057726404	0.036016928	BA	0	0	ct2VSct5	-0.0173134894621291	0	0
971	27	49	-0.1369298	0.047735823	BA	0	0	-0.057726404	-0.058781142	BB	0	0.00339322395067337	ct2VSct5	-0.00992968064689877	0	-0.00339322395067337
972	27	50	-0.1369298	0.0022084846	BA	0	0	-0.057726404	-0.027794689	BB	0	0.00160448744626836	ct2VSct5	-0.00190689480084944	0	-0.00160448744626836
973	28	29	-0.19271408	-0.072474398	BB	0	0.0139668369341238	-0.20989674	-0.061097665	BB	0	0.0128242007051121	ct2VSct5	0.00114263622901174	0	0.0011426362290117
974	28	30	-0.19271408	-0.19092902	BB	0	0.0367947104346016	-0.20989674	-0.17611978	BB	0	0.0369669676715172	ct2VSct5	-0.000172257236915593	0	-0.0001722572369156
975	28	31	-0.19271408	-0.061939482	BB	0	0.0119366102893066	-0.20989674	0.0086151607	BA	0	0	ct2VSct5	0.0137449044348127	0	0.0119366102893066
976	28	32	-0.19271408	0.093314979	BA	0	0	-0.20989674	0.13175122	BA	0	0	ct2VSct5	0.00967104124081848	0	0
977	28	33	-0.19271408	-0.11083278	BB	0	0.0213590372315424	-0.20989674	-0.13591568	BB	0	0.0285282581468832	ct2VSct5	-0.0071692209153408	0	-0.0071692209153408
978	28	34	-0.19271408	-0.17001925	BB	0	0.03276510334604	-0.20989674	-0.20408624	BB	0	0.0428370364548576	ct2VSct5	-0.0100719331088176	0	-0.0100719331088176
979	28	35	-0.19271408	0.0060066249	BA	0	0	-0.20989674	0.085631547	BA	0	0	ct2VSct5	0.0168162213649482	0	0
980	28	36	-0.19271408	-0.02883865	BB	0	0.005557613903192	-0.20989674	0.054590767	BA	0	0	ct2VSct5	0.0170160379305916	0	0.005557613903192
981	28	37	-0.19271408	0.1362983	BA	0	0	-0.20989674	0.13175867	BA	0	0	ct2VSct5	0.0013891138096718	0	0
982	28	38	-0.19271408	-0.11748793	BB	0	0.0226415783410544	-0.20989674	-0.14552101	BB	0	0.0305443856005074	ct2VSct5	-0.007902807259453	0	-0.007902807259453
983	28	39	-0.19271408	0.18710115	BA	0	0	-0.20989674	0.21221508	BA	0	0	ct2VSct5	0.0084862274816472	0	0
984	28	40	-0.19271408	0.18804056	BA	0	0	-0.20989674	0.22661106	BA	0	0	ct2VSct5	0.0113268592188596	0	0
985	28	41	-0.19271408	0.18964921	BA	0	0	-0.20989674	0.22850003	BA	0	0	ct2VSct5	0.0114133383590254	0	0
986	28	42	-0.19271408	0.15865292	BA	0	0	-0.20989674	0.1785571	BA	0	0	ct2VSct5	0.0069039016767404	0	0
987	28	43	-0.19271408	-0.1823701	BB	0	0.035145286041008	-0.20989674	-0.20891748	BB	0	0.0438510979810152	ct2VSct5	-0.0087058119400072	0	-0.0087058119400072
988	28	44	-0.19271408	-0.17777604	BB	0	0.0342599459946432	-0.20989674	-0.20660961	BB	0	0.0433666835916714	ct2VSct5	-0.0091067375970282	0	-0.0091067375970282
989	28	45	-0.19271408	0.088799464	BA	0	0	-0.20989674	0.11991098	BA	0	0	ct2VSct5	0.00805601678295208	0	0
990	28	46	-0.19271408	-0.083378426	BB	0	0.0160681966584381	-0.20989674	-0.14745745	BB	0	0.030950838043713	ct2VSct5	-0.0148826413852749	0	-0.0148826413852749
991	28	47	-0.19271408	0.15723078	BA	0	0	-0.20989674	0.064093326	BA	0	0	ct2VSct5	-0.0168476049322252	0	0
992	28	48	-0.19271408	0.14162452	BA	0	0	-0.20989674	0.036016928	BA	0	0	ct2VSct5	-0.0197332033052269	0	0
993	28	49	-0.19271408	0.047735823	BA	0	0	-0.20989674	-0.058781142	BB	0	0.0123379700792771	ct2VSct5	-0.0215373352917649	0	-0.0123379700792771
994	28	50	-0.19271408	0.0022084846	BA	0	0	-0.20989674	-0.027794689	BB	0	0.00583401461041386	ct2VSct5	-0.00625962068829703	0	-0.00583401461041386
995	29	30	-0.072474398	-0.19092902	BB	0	0.01383746578523	-0.061097665	-0.17611978	BB	0	0.0107605073183137	ct2VSct5	0.00307695846691626	0	0.0030769584669163
996	29	31	-0.072474398	-0.061939482	BB	0	0.00448902667038184	-0.061097665	0.0086151607	BA	0	0	ct2VSct5	0.0050153928727516	0	0.00448902667038184
997	29	32	-0.072474398	0.093314979	BA	0	0	-0.061097665	0.13175122	BA	0	0	ct2VSct5	0.00128674497549366	0	0
998	29	33	-0.072474398	-0.11083278	BB	0	0.00803253900916644	-0.061097665	-0.13591568	BB	0	0.0083041306848872	ct2VSct5	-0.00027159167572076	0	-0.00027159167572076
999	29	34	-0.072474398	-0.17001925	BB	0	0.0123220427921615	-0.061097665	-0.20408624	BB	0	0.0124691927226296	ct2VSct5	-0.000147149930468101	0	-0.000147149930468101
1000	29	35	-0.072474398	0.0060066249	BA	0	0	-0.061097665	0.085631547	BA	0	0	ct2VSct5	0.00479656104839844	0	0
1001	29	36	-0.072474398	-0.02883865	BB	0	0.0020900637978827	-0.061097665	0.054590767	BA	0	0	ct2VSct5	0.00542543219214175	0	0.0020900637978827
1002	29	37	-0.072474398	0.1362983	BA	0	0	-0.061097665	0.13175867	BA	0	0	ct2VSct5	-0.00182799016041785	0	0
1003	29	38	-0.072474398	-0.11748793	BB	0	0.00851486699901614	-0.061097665	-0.14552101	BB	0	0.00889099391944165	ct2VSct5	-0.000376126920425511	0	-0.000376126920425509
1004	29	39	-0.072474398	0.18710115	BA	0	0	-0.061097665	0.21221508	BA	0	0	ct2VSct5	-0.0005941973455695	0	0
1005	29	40	-0.072474398	0.18804056	BA	0	0	-0.061097665	0.22661106	BA	0	0	ct2VSct5	0.000217280243592022	0	0
1006	29	41	-0.072474398	0.18964921	BA	0	0	-0.061097665	0.22850003	BA	0	0	ct2VSct5	0.000216105959504369	0	0
1007	29	42	-0.072474398	0.15865292	BA	0	0	-0.061097665	0.1785571	BA	0	0	ct2VSct5	-0.00058885298877066	0	0
1008	29	43	-0.072474398	-0.1823701	BB	0	0.0132171632106998	-0.061097665	-0.20891748	BB	0	0.0127643702056842	ct2VSct5	0.000452793005015601	0	0.000452793005015601
1009	29	44	-0.072474398	-0.17777604	BB	0	0.0128842114778239	-0.061097665	-0.20660961	BB	0	0.0126233647375607	ct2VSct5	0.000260846740263268	0	0.0002608467402632
1010	29	45	-0.072474398	0.088799464	BA	0	0	-0.061097665	0.11991098	BA	0	0	ct2VSct5	0.000890593189739029	0	0
1011	29	46	-0.072474398	-0.083378426	BB	0	0.00604280123053755	-0.061097665	-0.14745745	BB	0	0.00900930588185425	ct2VSct5	-0.0029665046513167	0	-0.0029665046513167
1012	29	47	-0.072474398	0.15723078	BA	0	0	-0.061097665	0.064093326	BA	0	0	ct2VSct5	-0.00747925356688665	0	0
1013	29	48	-0.072474398	0.14162452	BA	0	0	-0.061097665	0.036016928	BA	0	0	ct2VSct5	-0.00806360162776584	0	0
1014	29	49	-0.072474398	0.047735823	BA	0	0	-0.061097665	-0.058781142	BB	0	0.00359139052223343	ct2VSct5	-0.00705101555719298	0	-0.00359139052223343
1015	29	50	-0.072474398	0.0022084846	BA	0	0	-0.061097665	-0.027794689	BB	0	0.00169819059730119	ct2VSct5	-0.00185824918917846	0	-0.00169819059730119
1016	30	31	-0.19092902	-0.061939482	BB	0	0.0118260445975676	-0.17611978	0.0086151607	BA	0	0	ct2VSct5	0.0133433448047163	0	0.0118260445975676
1017	30	32	-0.19092902	0.093314979	BA	0	0	-0.17611978	0.13175122	BA	0	0	ct2VSct5	0.00538745838934102	0	0
1018	30	33	-0.19092902	-0.11083278	BB	0	0.0211611940692756	-0.17611978	-0.13591568	BB	0	0.0239374396601504	ct2VSct5	-0.0027762455908748	0	-0.0027762455908748
1019	30	34	-0.19092902	-0.17001925	BB	0	0.032461608783635	-0.17611978	-0.20408624	BB	0	0.0359436236898272	ct2VSct5	-0.0034820149061922	0	-0.0034820149061922
1020	30	35	-0.19092902	0.0060066249	BA	0	0	-0.17611978	0.085631547	BA	0	0	ct2VSct5	0.0139345702130351	0	0
1021	30	36	-0.19092902	-0.02883865	BB	0	0.005506135182623	-0.17611978	0.054590767	BA	0	0	ct2VSct5	0.0151206490566943	0	0.005506135182623
1022	30	37	-0.19092902	0.1362983	BA	0	0	-0.17611978	0.13175867	BA	0	0	ct2VSct5	-0.0028179928731734	0	0
1023	30	38	-0.19092902	-0.11748793	BB	0	0.0224318553367286	-0.17611978	-0.14552101	BB	0	0.0256291282665778	ct2VSct5	-0.0031972729298492	0	-0.0031972729298492
1024	30	39	-0.19092902	0.18710115	BA	0	0	-0.17611978	0.21221508	BA	0	0	ct2VSct5	0.0016522339919094	0	0
1025	30	40	-0.19092902	0.18804056	BA	0	0	-0.17611978	0.22661106	BA	0	0	ct2VSct5	0.0040082901917156	0	0
1026	30	41	-0.19092902	0.18964921	BA	0	0	-0.17611978	0.22850003	BA	0	0	ct2VSct5	0.0040338372045192	0	0
1027	30	42	-0.19092902	0.15865292	BA	0	0	-0.17611978	0.1785571	BA	0	0	ct2VSct5	0.0011559906336996	0	0
1028	30	43	-0.19092902	-0.1823701	BB	0	0.034819744470302	-0.17611978	-0.20891748	BB	0	0.0367945006157544	ct2VSct5	-0.00197475614545239	0	-0.0019747561454524
1029	30	44	-0.19092902	-0.17777604	BB	0	0.0339426050966808	-0.17611978	-0.20660961	BB	0	0.0363880390590858	ct2VSct5	-0.002445433962405	0	-0.002445433962405
1030	30	45	-0.19092902	0.088799464	BA	0	0	-0.17611978	0.11991098	BA	0	0	ct2VSct5	0.00416430077913912	0	0
1031	30	46	-0.19092902	-0.083378426	BB	0	0.0159193611653225	-0.17611978	-0.14745745	BB	0	0.025970173653361	ct2VSct5	-0.0100508124880385	0	-0.0100508124880385
1032	30	47	-0.19092902	0.15723078	BA	0	0	-0.17611978	0.064093326	BA	0	0	ct2VSct5	-0.0187318162646473	0	0
1033	30	48	-0.19092902	0.14162452	BA	0	0	-0.17611978	0.036016928	BA	0	0	ct2VSct5	-0.0206969373759346	0	0
1034	30	49	-0.19092902	0.047735823	BA	0	0	-0.17611978	-0.058781142	BB	0	0.0103525217971888	ct2VSct5	-0.0194666757014722	0	-0.0103525217971888
1035	30	50	-0.19092902	0.0022084846	BA	0	0	-0.17611978	-0.027794689	BB	0	0.00489519451184842	ct2VSct5	-0.00531685831221151	0	-0.00489519451184842
1036	31	32	-0.061939482	0.093314979	BA	0	0	0.0086151607	0.13175122	AA	0.00113505793272105	0	ct2VSct5	-0.00691493939482193	-0.00113505793272105	0
1037	31	33	-0.061939482	-0.11083278	BB	0	0.00686492498181996	0.0086151607	-0.13591568	AB	0	0	ct2VSct5	0.00803586040666974	0	0.00686492498181996
1038	31	34	-0.061939482	-0.17001925	BB	0	0.0105309042750285	0.0086151607	-0.20408624	AB	0	0	ct2VSct5	0.0122891400292873	0	0.0105309042750285
1039	31	35	-0.061939482	0.0060066249	BA	0	0	0.0086151607	0.085631547	AA	0.000737729538394603	0	ct2VSct5	-0.0011097767732689	-0.000737729538394603	0
1040	31	36	-0.061939482	-0.02883865	BB	0	0.0017862510425793	0.0086151607	0.054590767	AA	0.000470308230441257	0	ct2VSct5	0.00131594281213804	-0.000470308230441257	0.0017862510425793
1041	31	37	-0.061939482	0.1362983	BA	0	0	0.0086151607	0.13175867	AA	0.00113512211566827	0	ct2VSct5	-0.00957736821514887	-0.00113512211566827	0
1042	31	38	-0.061939482	-0.11748793	BB	0	0.00727714152545226	0.0086151607	-0.14552101	AB	0	0	ct2VSct5	0.00853082841182857	0	0.00727714152545226
1043	31	39	-0.061939482	0.18710115	BA	0	0	0.0086151607	0.21221508	AA	0.00182826701716336	0	ct2VSct5	-0.0134172153297677	-0.00182826701716336	0
1044	31	40	-0.061939482	0.18804056	BA	0	0	0.0086151607	0.22661106	AA	0.00195229069829734	0	ct2VSct5	-0.0135994255796873	-0.00195229069829734	0
1045	31	41	-0.061939482	0.18964921	BA	0	0	0.0086151607	0.22850003	AA	0.00196856447840482	0	ct2VSct5	-0.013715338307514	-0.00196856447840482	0
1046	31	42	-0.061939482	0.15865292	BA	0	0	0.0086151607	0.1785571	AA	0.00153829811062597	0	ct2VSct5	-0.0113651777932134	-0.00153829811062597	0
1047	31	43	-0.061939482	-0.1823701	BB	0	0.0112959095262882	0.0086151607	-0.20891748	AB	0	0	ct2VSct5	0.0130957671895272	0	0.0112959095262882
1048	31	44	-0.061939482	-0.17777604	BB	0	0.0110113558296113	0.0086151607	-0.20660961	AB	0	0	ct2VSct5	0.0127913308219256	0	0.0110113558296113
1049	31	45	-0.061939482	0.088799464	BA	0	0	0.0086151607	0.11991098	AA	0.00103305236239449	0	ct2VSct5	-0.00653324516443213	-0.00103305236239449	0
1050	31	46	-0.061939482	-0.083378426	BB	0	0.00516441651641533	0.0086151607	-0.14745745	AB	0	0	ct2VSct5	0.00643478614457755	0	0.00516441651641533
1051	31	47	-0.061939482	0.15723078	BA	0	0	0.0086151607	0.064093326	AA	0.000552174303287488	0	ct2VSct5	-0.0102909673709434	-0.000552174303287488	0
1052	31	48	-0.061939482	0.14162452	BA	0	0	0.0086151607	0.036016928	AA	0.00031029162264033	0	ct2VSct5	-0.00908244102993897	-0.00031029162264033	0
1053	31	49	-0.061939482	0.047735823	BA	0	0	0.0086151607	-0.058781142	AB	0	0	ct2VSct5	-0.00245032316500417	0	0
1054	31	50	-0.061939482	0.0022084846	BA	0	0	0.0086151607	-0.027794689	AB	0	0	ct2VSct5	0.000102663320212545	0	0
1055	32	33	0.093314979	-0.11083278	AB	0	0	0.13175122	-0.13591568	AB	0	0	ct2VSct5	0.00756469811891798	0	0
1056	32	34	0.093314979	-0.17001925	AB	0	0	0.13175122	-0.20408624	AB	0	0	ct2VSct5	0.011023268361867	0	0
1057	32	35	0.093314979	0.0060066249	AA	0.000560508076404377	0	0.13175122	0.085631547	AA	0.0112820607877373	0	ct2VSct5	-0.010721552711333	-0.0107215527113329	0
1058	32	36	0.093314979	-0.02883865	AB	0	0	0.13175122	0.054590767	AA	0.00719240015298574	0	ct2VSct5	-0.00988347817212409	-0.00719240015298574	0
1059	32	37	0.093314979	0.1362983	AA	0.0127186730022357	0	0.13175122	0.13175867	AA	0.0173593655180774	0	ct2VSct5	-0.0046406925158417	-0.0046406925158417	0
1060	32	38	0.093314979	-0.11748793	AB	0	0	0.13175122	-0.14552101	AB	0	0	ct2VSct5	0.00820918688242873	0	0
1061	32	39	0.093314979	0.18710115	AA	0.0174593398831259	0	0.13175122	0.21221508	AA	0.0279595956923976	0	ct2VSct5	-0.0105002558092718	-0.0105002558092717	0
1062	32	40	0.093314979	0.18804056	AA	0.0175470009075482	0	0.13175122	0.22661106	AA	0.0298562836204932	0	ct2VSct5	-0.012309282712945	-0.012309282712945	0
1063	32	41	0.093314979	0.18964921	AA	0.0176971120485166	0	0.13175122	0.22850003	AA	0.0301051577225366	0	ct2VSct5	-0.01240804567402	-0.01240804567402	0
1064	32	42	0.093314979	0.15865292	AA	0.0148046938980887	0	0.13175122	0.1785571	AA	0.023525115764662	0	ct2VSct5	-0.00872042186657332	-0.0087204218665733	0
1065	32	43	0.093314979	-0.1823701	AB	0	0	0.13175122	-0.20891748	AB	0	0	ct2VSct5	0.0105072708175977	0	0
1066	32	44	0.093314979	-0.17777604	AB	0	0	0.13175122	-0.20660961	AB	0	0	ct2VSct5	0.010631900741921	0	0
1067	32	45	0.093314979	0.088799464	AA	0.00828632011837126	0	0.13175122	0.11991098	AA	0.0157984179063956	0	ct2VSct5	-0.00751209778802434	-0.00751209778802434	0
1068	32	46	0.093314979	-0.083378426	AB	0	0	0.13175122	-0.14745745	AB	0	0	ct2VSct5	0.0116472428643459	0	0
1069	32	47	0.093314979	0.15723078	AA	0.0146719869338536	0	0.13175122	0.064093326	AA	0.00844437389435772	0	ct2VSct5	0.0062276130394959	0.00622761303949588	0
1070	32	48	0.093314979	0.14162452	AA	0.0132156891096851	0	0.13175122	0.036016928	AA	0.00474527420465216	0	ct2VSct5	0.00847041490503292	0.00847041490503294	0
1071	32	49	0.093314979	0.047735823	AA	0.00445446732079272	0	0.13175122	-0.058781142	AB	0	0	ct2VSct5	0.012198954492286	0.00445446732079272	0
1072	32	50	0.093314979	0.0022084846	AA	0.000206084694070823	0	0.13175122	-0.027794689	AB	0	0	ct2VSct5	0.0038680688793414	0.000206084694070823	0
1073	33	34	-0.11083278	-0.17001925	BB	0	0.018843706131015	-0.13591568	-0.20408624	BB	0	0.0277385200882432	ct2VSct5	-0.0088948139572282	0	-0.0088948139572282
1074	33	35	-0.11083278	0.0060066249	BA	0	0	-0.13591568	0.085631547	BA	0	0	ct2VSct5	0.0109729390038727	0	0
1075	33	36	-0.11083278	-0.02883865	BB	0	0.003196267750947	-0.13591568	0.054590767	BA	0	0	ct2VSct5	0.0106160089694736	0	0.003196267750947
1076	33	37	-0.11083278	0.1362983	BA	0	0	-0.13591568	0.13175867	BA	0	0	ct2VSct5	0.0028017497306716	0	0
1077	33	38	-0.11083278	-0.11748793	BB	0	0.0130215138983454	-0.13591568	-0.14552101	BB	0	0.0197785870284368	ct2VSct5	-0.0067570731300914	0	-0.0067570731300914
1078	33	39	-0.11083278	0.18710115	BA	0	0	-0.13591568	0.21221508	BA	0	0	ct2VSct5	0.0081064163087574	0	0
1079	33	40	-0.11083278	0.18804056	BA	0	0	-0.13591568	0.22661106	BA	0	0	ct2VSct5	0.009958938297864	0	0
1080	33	41	-0.11083278	0.18964921	BA	0	0	-0.13591568	0.22850003	BA	0	0	ct2VSct5	0.0100373877883666	0	0
1081	33	42	-0.11083278	0.15865292	BA	0	0	-0.13591568	0.1785571	BA	0	0	ct2VSct5	0.0066847654866104	0	0
1082	33	43	-0.11083278	-0.1823701	BB	0	0.020212585171878	-0.13591568	-0.20891748	BB	0	0.0283951613580864	ct2VSct5	-0.0081825761862084	0	-0.0081825761862084
1083	33	44	-0.11083278	-0.17777604	BB	0	0.0197034127305912	-0.13591568	-0.20660961	BB	0	0.0280814856376848	ct2VSct5	-0.0083780729070936	0	-0.0083780729070936
1084	33	45	-0.11083278	0.088799464	BA	0	0	-0.13591568	0.11991098	BA	0	0	ct2VSct5	0.00645589092853648	0	0
1085	33	46	-0.11083278	-0.083378426	BB	0	0.00924106274560428	-0.13591568	-0.14745745	BB	0	0.020041779587816	ct2VSct5	-0.0108007168422117	0	-0.0108007168422117
1086	33	47	-0.11083278	0.15723078	BA	0	0	-0.13591568	0.064093326	BA	0	0	ct2VSct5	-0.00871503646221672	0	0
1087	33	48	-0.11083278	0.14162452	BA	0	0	-0.13591568	0.036016928	BA	0	0	ct2VSct5	-0.0108013740071346	0	0
1088	33	49	-0.11083278	0.047735823	BA	0	0	-0.13591568	-0.058781142	BB	0	0.00798927888610656	ct2VSct5	-0.0132799728547845	0	-0.00798927888610656
1089	33	50	-0.11083278	0.0022084846	BA	0	0	-0.13591568	-0.027794689	BB	0	0.00377773405582352	ct2VSct5	-0.00402250654362871	0	-0.00377773405582352
1090	34	35	-0.17001925	0.0060066249	BA	0	0	-0.20408624	0.085631547	BA	0	0	ct2VSct5	0.016454978592084	0	0
1091	34	36	-0.17001925	-0.02883865	BB	0	0.0049031256440125	-0.20408624	0.054590767	BA	0	0	ct2VSct5	0.0160443500197586	0	0.0049031256440125
1092	34	37	-0.17001925	0.1362983	BA	0	0	-0.20408624	0.13175867	BA	0	0	ct2VSct5	0.0037167968054258	0	0
1093	34	38	-0.17001925	-0.11748793	BB	0	0.0199752097426525	-0.20408624	-0.14552101	BB	0	0.0296988357719024	ct2VSct5	-0.0097236260292499	0	-0.0097236260292499
1094	34	39	-0.17001925	0.18710115	BA	0	0	-0.20408624	0.21221508	BA	0	0	ct2VSct5	0.0114993805513617	0	0
1095	34	40	-0.17001925	0.18804056	BA	0	0	-0.20408624	0.22661106	BA	0	0	ct2VSct5	0.0142776841970344	0	0
1096	34	41	-0.17001925	0.18964921	BA	0	0	-0.20408624	0.22850003	BA	0	0	ct2VSct5	0.0143896955152947	0	0
1097	34	42	-0.17001925	0.15865292	BA	0	0	-0.20408624	0.1785571	BA	0	0	ct2VSct5	0.009466996695594	0	0
1098	34	43	-0.17001925	-0.1823701	BB	0	0.031006427624425	-0.20408624	-0.20891748	BB	0	0.0426371829634752	ct2VSct5	-0.0116307553390502	0	-0.0116307553390502
1099	34	44	-0.17001925	-0.17777604	BB	0	0.03022534898877	-0.20408624	-0.20660961	BB	0	0.0421661784527664	ct2VSct5	-0.0119408294639964	0	-0.0119408294639964
1100	34	45	-0.17001925	0.088799464	BA	0	0	-0.20408624	0.11991098	BA	0	0	ct2VSct5	0.0093745627732332	0	0
1101	34	46	-0.17001925	-0.083378426	BB	0	0.0141759374547005	-0.20408624	-0.14745745	BB	0	0.030094036530488	ct2VSct5	-0.0159180990757875	0	-0.0159180990757875
1102	34	47	-0.17001925	0.15723078	BA	0	0	-0.20408624	0.064093326	BA	0	0	ct2VSct5	-0.0136516933800808	0	0
1103	34	48	-0.17001925	0.14162452	BA	0	0	-0.20408624	0.036016928	BA	0	0	ct2VSct5	-0.0167283352601393	0	0
1104	34	49	-0.17001925	0.047735823	BA	0	0	-0.20408624	-0.058781142	BB	0	0.0119964222536861	ct2VSct5	-0.0201124310782788	0	-0.0119964222536861
1105	34	50	-0.17001925	0.0022084846	BA	0	0	-0.20408624	-0.027794689	BB	0	0.00567251356997936	ct2VSct5	-0.00604799846530791	0	-0.00567251356997936
1106	35	36	0.0060066249	-0.02883865	AB	0	0	0.085631547	0.054590767	AA	0.00467469183012655	0	ct2VSct5	-0.00484791478329893	-0.00467469183012655	0
1107	35	37	0.0060066249	0.1362983	AA	0.00081869276260767	0	0.085631547	0.13175867	AA	0.0112826987427625	0	ct2VSct5	-0.0104640059801548	-0.0104640059801548	0
1108	35	38	0.0060066249	-0.11748793	AB	0	0	0.085631547	-0.14552101	AB	0	0	ct2VSct5	0.011755483281515	0	0
1109	35	39	0.0060066249	0.18710115	AA	0.00112384642640863	0	0.085631547	0.21221508	AA	0.0181723055971288	0	ct2VSct5	-0.0170484591707201	-0.0170484591707202	0
1110	35	40	0.0060066249	0.18804056	AA	0.00112948910990594	0	0.085631547	0.22661106	AA	0.0194050556351098	0	ct2VSct5	-0.0182755665252039	-0.0182755665252039	0
1111	35	41	0.0060066249	0.18964921	AA	0.00113915166705133	0	0.085631547	0.22850003	AA	0.0195668110584464	0	ct2VSct5	-0.0184276593913951	-0.0184276593913951	0
1112	35	42	0.0060066249	0.15865292	AA	0.000952968579729708	0	0.085631547	0.1785571	AA	0.0152901207008337	0	ct2VSct5	-0.014337152121104	-0.014337152121104	0
1113	35	43	0.0060066249	-0.1823701	AB	0	0	0.085631547	-0.20891748	AB	0	0	ct2VSct5	0.0167944982240661	0	0
1114	35	44	0.0060066249	-0.17777604	AB	0	0	0.085631547	-0.20660961	AB	0	0	ct2VSct5	0.0166244665408793	0	0
1115	35	45	0.0060066249	0.088799464	AA	0.000533385071569054	0	0.085631547	0.11991098	AA	0.0102681627196861	0	ct2VSct5	-0.00973477764811701	-0.00973477764811705	0
1116	35	46	0.0060066249	-0.083378426	AB	0	0	0.085631547	-0.14745745	AB	0	0	ct2VSct5	0.0121261866304407	0	0
1117	35	47	0.0060066249	0.15723078	AA	0.000944426318194422	0	0.085631547	0.064093326	AA	0.00548841065775532	0	ct2VSct5	-0.0045439843395609	-0.0045439843395609	0
1118	35	48	0.0060066249	0.14162452	AA	0.000850685368282548	0	0.085631547	0.036016928	AA	0.00308418526282762	0	ct2VSct5	-0.00223349989454507	-0.00223349989454507	0
1119	35	49	0.0060066249	0.047735823	AA	0.000286731183053793	0	0.085631547	-0.058781142	AB	0	0	ct2VSct5	0.00532025130694047	0.000286731183053793	0
1120	35	50	0.0060066249	0.0022084846	AA	1.32655385896265e-05	0	0.085631547	-0.027794689	AB	0	0	ct2VSct5	0.00239336775604351	1.32655385896265e-05	0
1121	36	37	-0.02883865	0.1362983	BA	0	0	0.054590767	0.13175867	AA	0.00719280685419989	0	ct2VSct5	-0.0111234658234949	-0.00719280685419989	0
1122	36	38	-0.02883865	-0.11748793	BB	0	0.0033881932924945	0.054590767	-0.14552101	AB	0	0	ct2VSct5	0.0113322968430092	0	0.0033881932924945
1123	36	39	-0.02883865	0.18710115	BA	0	0	0.054590767	0.21221508	AA	0.0115849839861664	0	ct2VSct5	-0.0169807285656139	-0.0115849839861664	0
1124	36	40	-0.02883865	0.18804056	BA	0	0	0.054590767	0.22661106	AA	0.012370871576083	0	ct2VSct5	-0.017793707471727	-0.012370871576083	0
1125	36	41	-0.02883865	0.18964921	BA	0	0	0.054590767	0.22850003	AA	0.012473991897223	0	ct2VSct5	-0.0179432190871895	-0.012473991897223	0
1126	36	42	-0.02883865	0.15865292	BA	0	0	0.054590767	0.1785571	AA	0.0097475690422957	0	ct2VSct5	-0.0143229050736537	-0.0097475690422957	0
1127	36	43	-0.02883865	-0.1823701	BB	0	0.005259307484365	0.054590767	-0.20891748	AB	0	0	ct2VSct5	0.0166642729572722	0	0.005259307484365
1128	36	44	-0.02883865	-0.17777604	BB	0	0.005126820995946	0.054590767	-0.20660961	AB	0	0	ct2VSct5	0.0164057980754169	0	0.005126820995946
1129	36	45	-0.02883865	0.088799464	BA	0	0	0.054590767	0.11991098	AA	0.00654603236992166	0	ct2VSct5	-0.00910688903240526	-0.00654603236992166	0
1130	36	46	-0.02883865	-0.083378426	BB	0	0.0024045212449649	0.054590767	-0.14745745	AB	0	0	ct2VSct5	0.010454336540329	0	0.0024045212449649
1131	36	47	-0.02883865	0.15723078	BA	0	0	0.054590767	0.064093326	AA	0.00349890382592104	0	ct2VSct5	-0.00803322725956804	-0.00349890382592104	0
1132	36	48	-0.02883865	0.14162452	BA	0	0	0.054590767	0.036016928	AA	0.00196619172450378	0	ct2VSct5	-0.00605045168820178	-0.00196619172450378	0
1133	36	49	-0.02883865	0.047735823	BA	0	0	0.054590767	-0.058781142	AB	0	0	ct2VSct5	0.00183227093495696	0	0
1134	36	50	-0.02883865	0.0022084846	BA	0	0	0.054590767	-0.027794689	AB	0	0	ct2VSct5	0.00145364367662667	0	0
1135	37	38	0.1362983	-0.11748793	AB	0	0	0.13175867	-0.14552101	AB	0	0	ct2VSct5	0.0031602496051377	0	0
1136	37	39	0.1362983	0.18710115	AA	0.025501568673045	0	0.13175867	0.21221508	AA	0.0279611766947436	0	ct2VSct5	-0.0024596080216986	-0.0024596080216986	0
1137	37	40	0.1362983	0.18804056	AA	0.025629608659048	0	0.13175867	0.22661106	AA	0.0298579718728902	0	ct2VSct5	-0.0042283632138422	-0.0042283632138422	0
1138	37	41	0.1362983	0.18964921	AA	0.025848864919343	0	0.13175867	0.22850003	AA	0.0301068600477601	0	ct2VSct5	-0.00425799512841709	-0.0042579951284171	0
1139	37	42	0.1362983	0.15865292	AA	0.021624123286036	0	0.13175867	0.1785571	AA	0.023526446015057	0	ct2VSct5	-0.001902322729021	-0.001902322729021	0
1140	37	43	0.1362983	-0.1823701	AB	0	0	0.13175867	-0.20891748	AB	0	0	ct2VSct5	0.00266995470372159	0	0
1141	37	44	0.1362983	-0.17777604	AB	0	0	0.13175867	-0.20660961	AB	0	0	ct2VSct5	0.0029920353900867	0	0
1142	37	45	0.1362983	0.088799464	AA	0.0121032159841112	0	0.13175867	0.11991098	AA	0.0157993112431966	0	ct2VSct5	-0.0036960952590854	-0.0036960952590854	0
1143	37	46	0.1362983	-0.083378426	AB	0	0	0.13175867	-0.14745745	AB	0	0	ct2VSct5	0.0080644597731157	0	0
1144	37	47	0.1362983	0.15723078	AA	0.021430288021674	0	0.13175867	0.064093326	AA	0.00844485138963642	0	ct2VSct5	0.0129854366320376	0.0129854366320376	0
1145	37	48	0.1362983	0.14162452	AA	0.019303181314316	0	0.13175867	0.036016928	AA	0.00474554253076576	0	ct2VSct5	0.0145576387835502	0.0145576387835502	0
1146	37	49	0.1362983	0.047735823	AA	0.0065063115240009	0	0.13175867	-0.058781142	AB	0	0	ct2VSct5	0.014251236615002	0.0065063115240009	0
1147	37	50	0.1362983	0.0022084846	AA	0.00030101269655618	0	0.13175867	-0.027794689	AB	0	0	ct2VSct5	0.00396320395225981	0.00030101269655618	0
1148	38	39	-0.11748793	0.18710115	BA	0	0	-0.14552101	0.21221508	BA	0	0	ct2VSct5	0.0088996259647113	0	0
1149	38	40	-0.11748793	0.18804056	BA	0	0	-0.14552101	0.22661106	BA	0	0	ct2VSct5	0.0108841741779298	0	0
1150	38	41	-0.11748793	0.18964921	BA	0	0	-0.14552101	0.22850003	BA	0	0	ct2VSct5	0.010970062041595	0	0
1151	38	42	-0.11748793	0.15865292	BA	0	0	-0.14552101	0.1785571	BA	0	0	ct2VSct5	0.0073440063754154	0	0
1152	38	43	-0.11748793	-0.1823701	BB	0	0.021426285542893	-0.14552101	-0.20891748	BB	0	0.0304018826962548	ct2VSct5	-0.0089755971533618	0	-0.0089755971533618
1153	38	44	-0.11748793	-0.17777604	BB	0	0.0208865389431972	-0.14552101	-0.20660961	BB	0	0.0300660391229061	ct2VSct5	-0.0091795001797089	0	-0.0091795001797089
1154	38	45	-0.11748793	0.088799464	BA	0	0	-0.14552101	0.11991098	BA	0	0	ct2VSct5	0.00701670170922028	0	0
1155	38	46	-0.11748793	-0.083378426	BB	0	0.00979595867739818	-0.14552101	-0.14745745	BB	0	0.0214581570560245	ct2VSct5	-0.0116621983786263	0	-0.0116621983786263
1156	38	47	-0.11748793	0.15723078	BA	0	0	-0.14552101	0.064093326	BA	0	0	ct2VSct5	-0.00914579334070614	0	0
1157	38	48	-0.11748793	0.14162452	BA	0	0	-0.14552101	0.036016928	BA	0	0	ct2VSct5	-0.0113979519523863	0	0
1158	38	49	-0.11748793	0.047735823	BA	0	0	-0.14552101	-0.058781142	BB	0	0.00855389115279342	ct2VSct5	-0.0141622741839098	0	-0.00855389115279342
1159	38	50	-0.11748793	0.0022084846	BA	0	0	-0.14552101	-0.027794689	BB	0	0.00404471121591589	ct2VSct5	-0.00430418150000677	0	-0.00404471121591589
1160	39	40	0.18710115	0.18804056	AA	0.035182605022644	0	0.21221508	0.22661106	AA	0.0480902842267848	0	ct2VSct5	-0.0129076792041408	-0.0129076792041408	0
1161	39	41	0.18710115	0.18964921	AA	0.0354835852875915	0	0.21221508	0.22850003	AA	0.0484911521464524	0	ct2VSct5	-0.0130075668588609	-0.0130075668588609	0
1162	39	42	0.18710115	0.15865292	AA	0.029684143782858	0	0.21221508	0.1785571	AA	0.037892509261068	0	ct2VSct5	-0.00820836547821	-0.00820836547821	0
1163	39	43	0.18710115	-0.1823701	AB	0	0	0.21221508	-0.20891748	AB	0	0	ct2VSct5	0.0102137842959834	0	0
1164	39	44	0.18710115	-0.17777604	AB	0	0	0.21221508	-0.20660961	AB	0	0	ct2VSct5	0.0105835733884728	0	0
1165	39	45	0.18710115	0.088799464	AA	0.0166144818337836	0	0.21221508	0.11991098	AA	0.0254469182135784	0	ct2VSct5	-0.0088324363797948	-0.0088324363797948	0
1166	39	46	0.18710115	-0.083378426	AB	0	0	0.21221508	-0.14745745	AB	0	0	ct2VSct5	0.0156924951585561	0	0
1167	39	47	0.18710115	0.15723078	AA	0.029418059753397	0	0.21221508	0.064093326	AA	0.0136015703045561	0	ct2VSct5	0.0158164894488409	0.0158164894488409	0
1168	39	48	0.18710115	0.14162452	AA	0.026498110560198	0	0.21221508	0.036016928	AA	0.00764333525687424	0	ct2VSct5	0.0188547753033238	0.0188547753033238	0
1169	39	49	0.18710115	0.047735823	AA	0.00893142737949645	0	0.21221508	-0.058781142	AB	0	0	ct2VSct5	0.0214056721315178	0.00893142737949645	0
1170	39	50	0.18710115	0.0022084846	AA	0.00041321000841729	0	0.21221508	-0.027794689	AB	0	0	ct2VSct5	0.00631166215812741	0.00041321000841729	0
1171	40	41	0.18804056	0.18964921	AA	0.0356617436519576	0	0.22661106	0.22850003	AA	0.0517806340083318	0	ct2VSct5	-0.0161188903563742	-0.0161188903563742	0
1172	40	42	0.18804056	0.15865292	AA	0.0298331839224352	0	0.22661106	0.1785571	AA	0.040463013701526	0	ct2VSct5	-0.0106298297790908	-0.0106298297790908	0
1173	40	43	0.18804056	-0.1823701	AB	0	0	0.22661106	-0.20891748	AB	0	0	ct2VSct5	0.0130500358640728	0	0
1174	40	44	0.18804056	-0.17777604	AB	0	0	0.22661106	-0.20660961	AB	0	0	ct2VSct5	0.0133909166121042	0	0
1175	40	45	0.18804056	0.088799464	AA	0.0166979009382598	0	0.22661106	0.11991098	AA	0.0271731542834388	0	ct2VSct5	-0.010475253345179	-0.010475253345179	0
1176	40	46	0.18804056	-0.083378426	AB	0	0	0.22661106	-0.14745745	AB	0	0	ct2VSct5	0.0177369631324384	0	0
1177	40	47	0.18804056	0.15723078	AA	0.0295657639204368	0	0.22661106	0.064093326	AA	0.0145242565437856	0	ct2VSct5	0.0150415073766512	0.0150415073766512	0
1178	40	48	0.18804056	0.14162452	AA	0.0266311540505312	0	0.22661106	0.036016928	AA	0.00816183423202368	0	ct2VSct5	0.0184693198185075	0.0184693198185075	0
1179	40	49	0.18804056	0.047735823	AA	0.00897627088898088	0	0.22661106	-0.058781142	AB	0	0	ct2VSct5	0.0222967277856114	0.00897627088898088	0
1180	40	50	0.18804056	0.0022084846	AA	0.000415284680935376	0	0.22661106	-0.027794689	AB	0	0	ct2VSct5	0.00671386861759572	0.000415284680935376	0
1181	41	42	0.18964921	0.15865292	AA	0.0300884009421932	0	0.22850003	0.1785571	AA	0.040800302706713	0	ct2VSct5	-0.0107119017645198	-0.0107119017645198	0
1182	41	43	0.18964921	-0.1823701	AB	0	0	0.22850003	-0.20891748	AB	0	0	ct2VSct5	0.0131513050549034	0	0
1183	41	44	0.18964921	-0.17777604	AB	0	0	0.22850003	-0.20660961	AB	0	0	ct2VSct5	0.0134952165403599	0	0
1184	41	45	0.18964921	0.088799464	AA	0.0168407481960234	0	0.22850003	0.11991098	AA	0.0273996625273294	0	ct2VSct5	-0.010558914331306	-0.010558914331306	0
1185	41	46	0.18964921	-0.083378426	AB	0	0	0.22850003	-0.14745745	AB	0	0	ct2VSct5	0.01788137912678	0	0
1186	41	47	0.18964921	0.15723078	AA	0.0298186932146838	0	0.22850003	0.064093326	AA	0.0146453269137998	0	ct2VSct5	0.015173366300884	0.015173366300884	0
1187	41	48	0.18964921	0.14162452	AA	0.0268589783346292	0	0.22850003	0.036016928	AA	0.00822986912850784	0	ct2VSct5	0.0186291092061214	0.0186291092061214	0
1188	41	49	0.18964921	0.047735823	AA	0.00905306112064983	0	0.22850003	-0.058781142	AB	0	0	ct2VSct5	0.0224845538310841	0.00905306112064983	0
1189	41	50	0.18964921	0.0022084846	AA	0.000418837359687166	0	0.22850003	-0.027794689	AB	0	0	ct2VSct5	0.00676992463002784	0.000418837359687166	0
1190	42	43	0.15865292	-0.1823701	AB	0	0	0.1785571	-0.20891748	AB	0	0	ct2VSct5	0.008370150482416	0	0
1191	42	44	0.15865292	-0.17777604	AB	0	0	0.1785571	-0.20660961	AB	0	0	ct2VSct5	0.0086869249416942	0	0
1192	42	45	0.15865292	0.088799464	AA	0.0140882942580349	0	0.1785571	0.11991098	AA	0.021410956846958	0	ct2VSct5	-0.00732266258892312	-0.0073226625889231	0
1193	42	46	0.15865292	-0.083378426	AB	0	0	0.1785571	-0.14745745	AB	0	0	ct2VSct5	0.0131013438954911	0	0
1194	42	47	0.15865292	0.15723078	AA	0.0249451223608776	0	0.1785571	0.064093326	AA	0.0114443184199146	0	ct2VSct5	0.013500803940963	0.013500803940963	0
1195	42	48	0.15865292	0.14162452	AA	0.0224691436415984	0	0.1785571	0.036016928	AA	0.0064310782145888	0	ct2VSct5	0.0160380654270096	0.0160380654270096	0
1196	42	49	0.15865292	0.047735823	AA	0.00757342770755316	0	0.1785571	-0.058781142	AB	0	0	ct2VSct5	0.0180692179577614	0.00757342770755316	0
1197	42	50	0.15865292	0.0022084846	AA	0.000350382530565032	0	0.1785571	-0.027794689	AB	0	0	ct2VSct5	0.00531332159380693	0.000350382530565032	0
1198	43	44	-0.1823701	-0.17777604	BB	0	0.032421034192404	-0.20891748	-0.20660961	BB	0	0.0431643590649828	ct2VSct5	-0.0107433248725788	0	-0.0107433248725788
1199	43	45	-0.1823701	0.088799464	BA	0	0	-0.20891748	0.11991098	BA	0	0	ct2VSct5	0.008857132636304	0	0
1200	43	46	-0.1823701	-0.083378426	BB	0	0.0152057318874626	-0.20891748	-0.14745745	BB	0	0.030806438861226	ct2VSct5	-0.0156007069737634	0	-0.0156007069737634
1201	43	47	-0.1823701	0.15723078	BA	0	0	-0.20891748	0.064093326	BA	0	0	ct2VSct5	-0.0152839769189395	0	0
1202	43	48	-0.1823701	0.14162452	BA	0	0	-0.20891748	0.036016928	BA	0	0	ct2VSct5	-0.0183035120397506	0	0
1203	43	49	-0.1823701	0.047735823	BA	0	0	-0.20891748	-0.058781142	BB	0	0.0122804080581622	ct2VSct5	-0.0209859948722545	0	-0.0122804080581622
1204	43	50	-0.1823701	0.0022084846	BA	0	0	-0.20891748	-0.027794689	BB	0	0.00580679638326372	ct2VSct5	-0.00620955794061418	0	-0.00580679638326372
1205	44	45	-0.17777604	0.088799464	BA	0	0	-0.20660961	0.11991098	BA	0	0	ct2VSct5	0.00898834374847524	0	0
1206	44	46	-0.17777604	-0.083378426	BB	0	0.014822686395713	-0.20660961	-0.14745745	BB	0	0.0304661262360945	ct2VSct5	-0.0156434398403815	0	-0.0156434398403815
1207	44	47	-0.17777604	0.15723078	BA	0	0	-0.20660961	0.064093326	BA	0	0	ct2VSct5	-0.0147095683460483	0	0
1208	44	48	-0.17777604	0.14162452	BA	0	0	-0.20660961	0.036016928	BA	0	0	ct2VSct5	-0.0177360028850227	0	0
1209	44	49	-0.17777604	0.047735823	BA	0	0	-0.20660961	-0.058781142	BB	0	0.0121447488239746	ct2VSct5	-0.0206310344030555	0	-0.0121447488239746
1210	44	50	-0.17777604	0.0022084846	BA	0	0	-0.20660961	-0.027794689	BB	0	0.00574264985436129	ct2VSct5	-0.00613526550095027	0	-0.00574264985436129
1211	45	46	0.088799464	-0.083378426	AB	0	0	0.11991098	-0.14745745	AB	0	0	ct2VSct5	0.0102778077998373	0	0
1212	45	47	0.088799464	0.15723078	AA	0.0139620089883019	0	0.11991098	0.064093326	AA	0.00768549353211948	0	ct2VSct5	0.00627651545618244	0.00627651545618242	0
1213	45	48	0.088799464	0.14162452	AA	0.0125761814652573	0	0.11991098	0.036016928	AA	0.00431882513306944	0	ct2VSct5	0.00825735633218784	0.00825735633218786	0
1214	45	49	0.088799464	0.047735823	AA	0.00423891549599887	0	0.11991098	-0.058781142	AB	0	0	ct2VSct5	0.011287419838738	0.00423891549599887	0
1215	45	50	0.088799464	0.0022084846	AA	0.000196112248732254	0	0.11991098	-0.027794689	AB	0	0	ct2VSct5	0.00352900064551747	0.000196112248732254	0
1216	46	47	-0.083378426	0.15723078	BA	0	0	-0.14745745	0.064093326	BA	0	0	ct2VSct5	-0.00365861654117358	0	0
1217	46	48	-0.083378426	0.14162452	BA	0	0	-0.14745745	0.036016928	BA	0	0	ct2VSct5	-0.00649746520089192	0	0
1218	46	49	-0.083378426	0.047735823	BA	0	0	-0.14745745	-0.058781142	BB	0	0.0086677173074079	ct2VSct5	-0.0126478550929625	0	-0.0086677173074079
1219	46	50	-0.083378426	0.0022084846	BA	0	0	-0.14745745	-0.027794689	BB	0	0.00409853396348305	ct2VSct5	-0.00428267393327629	0	-0.00409853396348305
1220	47	48	0.15723078	0.14162452	AA	0.0222677337467256	0	0.064093326	0.036016928	AA	0.00230844470782253	0	ct2VSct5	0.0199592890389031	0.0199592890389031	0
1221	47	49	0.15723078	0.047735823	AA	0.00750554068423194	0	0.064093326	-0.058781142	AB	0	0	ct2VSct5	0.0112730195810902	0.00750554068423194	0
1222	47	50	0.15723078	0.0022084846	AA	0.000347241756275988	0	0.064093326	-0.027794689	AB	0	0	ct2VSct5	0.0021286958194216	0.000347241756275988	0
1223	48	49	0.14162452	0.047735823	AA	0.00676056301917996	0	0.036016928	-0.058781142	AB	0	0	ct2VSct5	0.00887767917835174	0.00676056301917996	0
1224	48	50	0.14162452	0.0022084846	AA	0.000312775571402392	0	0.036016928	-0.027794689	AB	0	0	ct2VSct5	0.00131385488389778	0.000312775571402392	0
1225	49	50	0.047735823	0.0022084846	AA	0.000105423829963826	0	-0.058781142	-0.027794689	BB	0	0.00163380356095484	ct2VSct5	-0.00152837973099101	0.000105423829963826	-0.00163380356095484
