k	i	j	iscore_ct1	jscore_ct1	AB_ct1	A0score_ct1	B0score_ct1	iscore_ct2	jscore_ct2	AB_ct2	A0score_ct2	B0score_ct2	CellTypeID	ABchange	A0change	B0change
1	1	2	0.16796124	0.19104093	AA	0.0320874714935532	0	0.12997185	0.18921714	AA	0.024592901737509	0	ct3VSct4	0.0074945697560442	0.0074945697560442	0
2	1	3	0.16796124	0.1009407	AA	0.016954125138468	0	0.12997185	0.042118739	AA	0.00547425042749715	0	ct3VSct4	0.0114798747109709	0.0114798747109709	0
3	1	4	0.16796124	-0.16271872	AB	0	0	0.12997185	-0.16005197	AB	0	0	ct3VSct4	-0.0065281873453683	0	0
4	1	5	0.16796124	-0.15626544	AB	0	0	0.12997185	-0.15949981	AB	0	0	ct3VSct4	-0.0055160516911971	0	0
5	1	6	0.16796124	0.077304897	AA	0.0129842263581923	0	0.12997185	0.07341805	AA	0.0095422797818925	0	ct3VSct4	0.00344194657629978	0.0034419465762998	0
6	1	7	0.16796124	0.051912599	AA	0.00871930449966276	0	0.12997185	0.0050526869	AA	0.000656707063863765	0	ct3VSct4	0.008062597435799	0.008062597435799	0
7	1	8	0.16796124	0.009518961	AA	0.00159881649307164	0	0.12997185	-0.010054963	AB	0	0	ct3VSct4	0.00290567863586319	0.00159881649307164	0
8	1	9	0.16796124	-0.15743553	AB	0	0	0.12997185	-0.14838386	AB	0	0	ct3VSct4	-0.0071573420445162	0	0
9	1	10	0.16796124	-0.19242186	AB	0	0	0.12997185	-0.18504188	AB	0	0	ct3VSct4	-0.0082691787376284	0	0
10	1	11	0.16796124	-0.19638166	AB	0	0	0.12997185	-0.18540987	AB	0	0	ct3VSct4	-0.0088864433146989	0	0
11	1	12	0.16796124	-0.16028141	AB	0	0	0.12997185	-0.13463165	AB	0	0	ct3VSct4	-0.0094227397534959	0	0
12	1	13	0.16796124	-0.11455982	AB	0	0	0.12997185	-1.3994537e-05	AB	0	0	ct3VSct4	-0.019239790525513	0	0
13	1	14	0.16796124	-0.19694965	AB	0	0	0.12997185	-0.19444767	AB	0	0	ct3VSct4	-0.0078071840334765	0	0
14	1	15	0.16796124	-0.20676996	AB	0	0	0.12997185	-0.20818817	AB	0	0	ct3VSct4	-0.0076707372733359	0	0
15	1	16	0.16796124	-0.19555677	AB	0	0	0.12997185	-0.18710877	AB	0	0	ct3VSct4	-0.0085270845914703	0	0
16	1	17	0.16796124	-0.19100095	AB	0	0	0.12997185	-0.18609775	AB	0	0	ct3VSct4	-0.0078932875548405	0	0
17	1	18	0.16796124	-0.18987862	AB	0	0	0.12997185	-0.19291348	AB	0	0	ct3VSct4	-0.0068189265791508	0	0
18	1	19	0.16796124	-0.15944314	AB	0	0	0.12997185	-0.15302515	AB	0	0	ct3VSct4	-0.0068913056618661	0	0
19	1	20	0.16796124	0.054914255	AA	0.0092234663634762	0	0.12997185	0.067270407	AA	0.00874325924804295	0	ct3VSct4	0.00048020711543325	0.00048020711543325	0
20	1	21	0.16796124	-0.01455958	AB	0	0	0.12997185	-0.092687347	AB	0	0	ct3VSct4	0.00960130085050275	0	0
21	1	22	0.16796124	-0.15076104	AB	0	0	0.12997185	-0.19244915	AB	0	0	ct3VSct4	-0.000309039165662103	0	0
22	1	23	0.16796124	-0.014486541	AB	0	0	0.12997185	-0.082904505	AB	0	0	ct3VSct4	0.00834207449851341	0	0
23	1	24	0.16796124	-0.15360689	AB	0	0	0.12997185	-0.18756089	AB	0	0	ct3VSct4	-0.0014223678559971	0	0
24	1	25	0.16796124	-0.17528898	AB	0	0	0.12997185	-0.176658	AB	0	0	ct3VSct4	-0.0064811873618352	0	0
25	1	26	0.16796124	0.034817162	AA	0.00584793370280088	0	0.12997185	0.046911147	AA	0.00609712856121195	0	ct3VSct4	-0.00024919485841107	-0.00024919485841107	0
26	1	27	0.16796124	-0.13150274	AB	0	0	0.12997185	-0.12160587	AB	0	0	ct3VSct4	-0.0062820233790381	0	0
27	1	28	0.16796124	-0.19158984	AB	0	0	0.12997185	-0.20294332	AB	0	0	ct3VSct4	-0.0058027483522596	0	0
28	1	29	0.16796124	-0.12514643	AB	0	0	0.12997185	-0.11742039	AB	0	0	ct3VSct4	-0.0057584042483517	0	0
29	1	30	0.16796124	-0.18395331	AB	0	0	0.12997185	-0.18628952	AB	0	0	ct3VSct4	-0.00668463249969241	0	0
30	1	31	0.16796124	-0.079477947	AB	0	0	0.12997185	-0.026242096	AB	0	0	ct3VSct4	-0.00993848076577668	0	0
31	1	32	0.16796124	0.11143501	AA	0.0187167624590124	0	0.12997185	0.11104545	AA	0.0144327825705825	0	ct3VSct4	0.0042839798884299	0.0042839798884299	0
32	1	33	0.16796124	-0.083578057	AB	0	0	0.12997185	-0.13439603	AB	0	0	ct3VSct4	0.00342982656124482	0	0
33	1	34	0.16796124	-0.14780161	AB	0	0	0.12997185	-0.19089042	AB	0	0	ct3VSct4	-1.45606549194002e-05	0	0
34	1	35	0.16796124	0.046479583	AA	0.00780676839536292	0	0.12997185	-0.0071459731	AB	0	0	ct3VSct4	0.00873554373922016	0.00780676839536292	0
35	1	36	0.16796124	-0.059539951	AB	0	0	0.12997185	-0.09546514	AB	0	0	ct3VSct4	0.00240737685680976	0	0
36	1	37	0.16796124	0.13002355	AA	0.021838916687202	0	0.12997185	0.078333614	AA	0.0101811647287659	0	ct3VSct4	0.0116577519584361	0.0116577519584361	0
37	1	38	0.16796124	-0.090405284	AB	0	0	0.12997185	-0.12562377	AB	0	0	ct3VSct4	0.00114297018768234	0	0
38	1	39	0.16796124	0.17347666	AA	0.0291373549246584	0	0.12997185	0.15790873	AA	0.0205236897692505	0	ct3VSct4	0.0086136651554079	0.0086136651554079	0
39	1	40	0.16796124	0.17695382	AA	0.0297213830299368	0	0.12997185	0.17291261	AA	0.0224737718100285	0	ct3VSct4	0.0072476112199083	0.0072476112199083	0
40	1	41	0.16796124	0.17829669	AA	0.0299469331402956	0	0.12997185	0.18335729	AA	0.0238312861922865	0	ct3VSct4	0.0061156469480091	0.0061156469480091	0
41	1	42	0.16796124	0.14756948	AA	0.0247859528469552	0	0.12997185	0.1628178	AA	0.02116173067893	0	ct3VSct4	0.0036242221680252	0.0036242221680252	0
42	1	43	0.16796124	-0.16357241	AB	0	0	0.12997185	-0.17132332	AB	0	0	ct3VSct4	-0.0052066159648464	0	0
43	1	44	0.16796124	-0.17446408	AB	0	0	0.12997185	-0.16783001	AB	0	0	ct3VSct4	-0.0074900263270407	0	0
44	1	45	0.16796124	0.066227762	AA	0.0111236970279449	0	0.12997185	0.14089042	AA	0.018311788534677	0	ct3VSct4	-0.00718809150673212	-0.0071880915067321	0
45	1	46	0.16796124	-0.032986415	AB	0	0	0.12997185	-0.10152237	AB	0	0	ct3VSct4	0.0076546110787299	0	0
46	1	47	0.16796124	0.17300806	AA	0.0290586482875944	0	0.12997185	0.15886527	AA	0.0206480130426495	0	ct3VSct4	0.0084106352449449	0.0084106352449449	0
47	1	48	0.16796124	0.15073365	AA	0.025317410763726	0	0.12997185	0.09525499	AA	0.0123804672720315	0	ct3VSct4	0.0129369434916945	0.0129369434916945	0
48	1	49	0.16796124	0.083039757	AA	0.0139474605550187	0	0.12997185	-0.01745302	AB	0	0	ct3VSct4	0.0162158618525057	0.0139474605550187	0
49	1	50	0.16796124	0.088158697	AA	0.0148072440649043	0	0.12997185	0.053211025	AA	0.00691593535964625	0	ct3VSct4	0.00789130870525803	0.00789130870525805	0
50	2	3	0.19104093	0.1009407	AA	0.019283805202851	0	0.18921714	0.042118739	AA	0.00796958733398646	0	ct3VSct4	0.0113142178688645	0.0113142178688645	0
51	2	4	0.19104093	-0.16271872	AB	0	0	0.18921714	-0.16005197	AB	0	0	ct3VSct4	-0.000801359582443803	0	0
52	2	5	0.19104093	-0.15626544	AB	0	0	0.18921714	-0.15949981	AB	0	0	ct3VSct4	0.000327002894284199	0	0
53	2	6	0.19104093	0.077304897	AA	0.0147683994164342	0	0.18921714	0.07341805	AA	0.013891953445377	0	ct3VSct4	0.00087644597105721	0.0008764459710572	0
54	2	7	0.19104093	0.051912599	AA	0.00991743119167707	0	0.18921714	0.0050526869	AA	0.000956054964533466	0	ct3VSct4	0.0089613762271436	0.0089613762271436	0
55	2	8	0.19104093	0.009518961	AA	0.00181851116207373	0	0.18921714	-0.010054963	AB	0	0	ct3VSct4	0.00372108250373955	0.00181851116207373	0
56	2	9	0.19104093	-0.15743553	AB	0	0	0.18921714	-0.14838386	AB	0	0	ct3VSct4	-0.0019998604548825	0	0
57	2	10	0.19104093	-0.19242186	AB	0	0	0.18921714	-0.18504188	AB	0	0	ct3VSct4	-0.0017473557729066	0	0
58	2	11	0.19104093	-0.19638166	AB	0	0	0.18921714	-0.18540987	AB	0	0	ct3VSct4	-0.002434209632172	0	0
59	2	12	0.19104093	-0.16028141	AB	0	0	0.18921714	-0.13463165	AB	0	0	ct3VSct4	-0.0051456938616303	0	0
60	2	13	0.19104093	-0.11455982	AB	0	0	0.18921714	-1.3994537e-05	AB	0	0	ct3VSct4	-0.0218829665471658	0	0
61	2	14	0.19104093	-0.19694965	AB	0	0	0.18921714	-0.19444767	AB	0	0	ct3VSct4	-0.000832612302110701	0	0
62	2	15	0.19104093	-0.20676996	AB	0	0	0.18921714	-0.20818817	AB	0	0	ct3VSct4	-0.000108755345229	0	0
63	2	16	0.19104093	-0.19555677	AB	0	0	0.18921714	-0.18710877	AB	0	0	ct3VSct4	-0.0019551608802783	0	0
64	2	17	0.19104093	-0.19100095	AB	0	0	0.18921714	-0.18609775	AB	0	0	ct3VSct4	-0.0012761151034485	0	0
65	2	18	0.19104093	-0.18987862	AB	0	0	0.18921714	-0.19291348	AB	0	0	ct3VSct4	0.000227948801130598	0	0
66	2	19	0.19104093	-0.15944314	AB	0	0	0.18921714	-0.15302515	AB	0	0	ct3VSct4	-0.0015051845166492	0	0
67	2	20	0.19104093	0.054914255	AA	0.0104908703454572	0	0.18921714	0.067270407	AA	0.012728714019176	0	ct3VSct4	-0.00223784367371883	-0.0022378436737188	0
68	2	21	0.19104093	-0.01455958	AB	0	0	0.18921714	-0.092687347	AB	0	0	ct3VSct4	0.0147565590099182	0	0
69	2	22	0.19104093	-0.15076104	AB	0	0	0.18921714	-0.19244915	AB	0	0	ct3VSct4	0.0076131484690638	0	0
70	2	23	0.19104093	-0.014486541	AB	0	0	0.18921714	-0.082904505	AB	0	0	ct3VSct4	0.0129194310640926	0	0
71	2	24	0.19104093	-0.15360689	AB	0	0	0.18921714	-0.18756089	AB	0	0	ct3VSct4	0.0061445320616469	0	0
72	2	25	0.19104093	-0.17528898	AB	0	0	0.18921714	-0.176658	AB	0	0	ct3VSct4	-6.06482398313943e-05	0	0
73	2	26	0.19104093	0.034817162	AA	0.00665150300844066	0	0.18921714	0.046911147	AA	0.00887639306945958	0	ct3VSct4	-0.00222489006101892	-0.00222489006101892	0
74	2	27	0.19104093	-0.13150274	AB	0	0	0.18921714	-0.12160587	AB	0	0	ct3VSct4	-0.0021124908185364	0	0
75	2	28	0.19104093	-0.19158984	AB	0	0	0.18921714	-0.20294332	AB	0	0	ct3VSct4	0.0017988533803536	0	0
76	2	29	0.19104093	-0.12514643	AB	0	0	0.18921714	-0.11742039	AB	0	0	ct3VSct4	-0.0016901399998953	0	0
77	2	30	0.19104093	-0.18395331	AB	0	0	0.18921714	-0.18628952	AB	0	0	ct3VSct4	0.000106558767394495	0	0
78	2	31	0.19104093	-0.079477947	AB	0	0	0.18921714	-0.026242096	AB	0	0	ct3VSct4	-0.0102180865566453	0	0
79	2	32	0.19104093	0.11143501	AA	0.0212886479449593	0	0.18921714	0.11104545	AA	0.021011702459013	0	ct3VSct4	0.000276945485946298	0.000276945485946298	0
80	2	33	0.19104093	-0.083578057	AB	0	0	0.18921714	-0.13439603	AB	0	0	ct3VSct4	0.00946320268708119	0	0
81	2	34	0.19104093	-0.14780161	AB	0	0	0.18921714	-0.19089042	AB	0	0	ct3VSct4	0.0078835822959015	0	0
82	2	35	0.19104093	0.046479583	AA	0.00887950276233219	0	0.18921714	-0.0071459731	AB	0	0	ct3VSct4	0.0102316433548311	0.00887950276233219	0
83	2	36	0.19104093	-0.059539951	AB	0	0	0.18921714	-0.09546514	AB	0	0	ct3VSct4	0.00668907314930517	0	0
84	2	37	0.19104093	0.13002355	AA	0.0248398199139015	0	0.18921714	0.078333614	AA	0.014822062406944	0	ct3VSct4	0.0100177575069575	0.0100177575069575	0
85	2	38	0.19104093	-0.090405284	AB	0	0	0.18921714	-0.12562377	AB	0	0	ct3VSct4	0.00649906094314368	0	0
86	2	39	0.19104093	0.17347666	AA	0.0331411424596938	0	0.18921714	0.15790873	AA	0.0298790382716322	0	ct3VSct4	0.0032621041880616	0.0032621041880616	0
87	2	40	0.19104093	0.17695382	AA	0.0338054223398526	0	0.18921714	0.17291261	AA	0.0327180295341354	0	ct3VSct4	0.0010873928057172	0.0010873928057172	0
88	2	41	0.19104093	0.17829669	AA	0.0340619654735217	0	0.18921714	0.18335729	AA	0.0346943420119506	0	ct3VSct4	-0.000632376538428903	-0.000632376538428903	0
89	2	42	0.19104093	0.14756948	AA	0.0281918106988164	0	0.18921714	0.1628178	AA	0.030807918457092	0	ct3VSct4	-0.0026161077582756	-0.0026161077582756	0
90	2	43	0.19104093	-0.16357241	AB	0	0	0.18921714	-0.17132332	AB	0	0	ct3VSct4	0.0011682832969635	0	0
91	2	44	0.19104093	-0.17446408	AB	0	0	0.18921714	-0.16783001	AB	0	0	ct3VSct4	-0.001573465596423	0	0
92	2	45	0.19104093	0.066227762	AA	0.0126522132442987	0	0.18921714	0.14089042	AA	0.0266588823257988	0	ct3VSct4	-0.0140066690815001	-0.0140066690815001	0
93	2	46	0.19104093	-0.032986415	AB	0	0	0.18921714	-0.10152237	AB	0	0	ct3VSct4	0.0129080170984559	0	0
94	2	47	0.19104093	0.17300806	AA	0.0330516206798958	0	0.18921714	0.15886527	AA	0.0300600320347278	0	ct3VSct4	0.002991588645168	0.002991588645168	0
95	2	48	0.19104093	0.15073365	AA	0.0287962966782945	0	0.18921714	0.09525499	AA	0.0180238767785286	0	ct3VSct4	0.0107724198997659	0.0107724198997659	0
96	2	49	0.19104093	0.083039757	AA	0.015863992404254	0	0.18921714	-0.01745302	AB	0	0	ct3VSct4	0.0191664029330168	0.015863992404254	0
97	2	50	0.19104093	0.088158697	AA	0.0168419194624682	0	0.18921714	0.053211025	AA	0.0100684379669685	0	ct3VSct4	0.00677348149549971	0.0067734814954997	0
98	3	4	0.1009407	-0.16271872	AB	0	0	0.042118739	-0.16005197	AB	0	0	ct3VSct4	-0.00968375434903817	0	0
99	3	5	0.1009407	-0.15626544	AB	0	0	0.042118739	-0.15949981	AB	0	0	ct3VSct4	-0.00905561203146841	0	0
100	3	6	0.1009407	0.077304897	AA	0.0078032104166079	0	0.042118739	0.07341805	AA	0.00309227568583895	0	ct3VSct4	0.00471093473076895	0.00471093473076895	0
101	3	7	0.1009407	0.051912599	AA	0.0052400940818793	0	0.042118739	0.0050526869	AA	0.000212812800789819	0	ct3VSct4	0.00502728128108948	0.00502728128108948	0
102	3	8	0.1009407	0.009518961	AA	0.0009608505866127	0	0.042118739	-0.010054963	AB	0	0	ct3VSct4	0.00138435294886436	0.0009608505866127	0
103	3	9	0.1009407	-0.15743553	AB	0	0	0.042118739	-0.14838386	AB	0	0	ct3VSct4	-0.00964191153191846	0	0
104	3	10	0.1009407	-0.19242186	AB	0	0	0.042118739	-0.18504188	AB	0	0	ct3VSct4	-0.0116294665959127	0	0
105	3	11	0.1009407	-0.19638166	AB	0	0	0.042118739	-0.18540987	AB	0	0	ct3VSct4	-0.0120136723050081	0	0
106	3	12	0.1009407	-0.16028141	AB	0	0	0.042118739	-0.13463165	AB	0	0	ct3VSct4	-0.0105084023948977	0	0
107	3	13	0.1009407	-0.11455982	AB	0	0	0.042118739	-1.3994537e-05	AB	0	0	ct3VSct4	-0.0115631589904227	0	0
108	3	14	0.1009407	-0.19694965	AB	0	0	0.042118739	-0.19444767	AB	0	0	ct3VSct4	-0.0116903448738669	0	0
109	3	15	0.1009407	-0.20676996	AB	0	0	0.042118739	-0.20818817	AB	0	0	ct3VSct4	-0.0121028813062544	0	0
110	3	16	0.1009407	-0.19555677	AB	0	0	0.042118739	-0.18710877	AB	0	0	ct3VSct4	-0.011858851805298	0	0
111	3	17	0.1009407	-0.19100095	AB	0	0	0.042118739	-0.18609775	AB	0	0	ct3VSct4	-0.0114415670329277	0	0
112	3	18	0.1009407	-0.18987862	AB	0	0	0.042118739	-0.19291348	AB	0	0	ct3VSct4	-0.0110412083041323	0	0
113	3	19	0.1009407	-0.15944314	AB	0	0	0.042118739	-0.15302515	AB	0	0	ct3VSct4	-0.00964907580851215	0	0
114	3	20	0.1009407	0.054914255	AA	0.0055430833396785	0	0.042118739	0.067270407	AA	0.00283334471485677	0	ct3VSct4	0.00270973862482173	0.00270973862482173	0
115	3	21	0.1009407	-0.01455958	AB	0	0	0.042118739	-0.092687347	AB	0	0	ct3VSct4	0.00243421997998943	0	0
116	3	22	0.1009407	-0.15076104	AB	0	0	0.042118739	-0.19244915	AB	0	0	ct3VSct4	-0.00711220939070615	0	0
117	3	23	0.1009407	-0.014486541	AB	0	0	0.042118739	-0.082904505	AB	0	0	ct3VSct4	0.0020295516189005	0	0
118	3	24	0.1009407	-0.15360689	AB	0	0	0.042118739	-0.18756089	AB	0	0	ct3VSct4	-0.00760535882890529	0	0
119	3	25	0.1009407	-0.17528898	AB	0	0	0.042118739	-0.176658	AB	0	0	ct3VSct4	-0.010253180149224	0	0
120	3	26	0.1009407	0.034817162	AA	0.0035144687042934	0	0.042118739	0.046911147	AA	0.00197583835668363	0	ct3VSct4	0.00153863034760977	0.00153863034760977	0
121	3	27	0.1009407	-0.13150274	AB	0	0	0.042118739	-0.12160587	AB	0	0	ct3VSct4	-0.00815209272812007	0	0
122	3	28	0.1009407	-0.19158984	AB	0	0	0.042118739	-0.20294332	AB	0	0	ct3VSct4	-0.0107914958356145	0	0
123	3	29	0.1009407	-0.12514643	AB	0	0	0.042118739	-0.11742039	AB	0	0	ct3VSct4	-0.00768676948701279	0	0
124	3	30	0.1009407	-0.18395331	AB	0	0	0.042118739	-0.18628952	AB	0	0	ct3VSct4	-0.0107220962074017	0	0
125	3	31	0.1009407	-0.079477947	AB	0	0	0.042118739	-0.026242096	AB	0	0	ct3VSct4	-0.00691727561250595	0	0
126	3	32	0.1009407	0.11143501	AA	0.011248327913907	0	0.042118739	0.11104545	AA	0.00467709432568755	0	ct3VSct4	0.00657123358821945	0.00657123358821945	0
127	3	33	0.1009407	-0.083578057	AB	0	0	0.042118739	-0.13439603	AB	0	0	ct3VSct4	-0.00277583626801373	0	0
128	3	34	0.1009407	-0.14780161	AB	0	0	0.042118739	-0.19089042	AB	0	0	ct3VSct4	-0.00687913419694662	0	0
129	3	35	0.1009407	0.046479583	AA	0.0046916816437281	0	0.042118739	-0.0071459731	AB	0	0	ct3VSct4	0.00499266101962802	0.0046916816437281	0
130	3	36	0.1009407	-0.059539951	AB	0	0	0.042118739	-0.09546514	AB	0	0	ct3VSct4	-0.00198913301664724	0	0
131	3	37	0.1009407	0.13002355	AA	0.013124668153485	0	0.042118739	0.078333614	AA	0.00329931304299275	0	ct3VSct4	0.00982535511049225	0.00982535511049225	0
132	3	38	0.1009407	-0.090405284	AB	0	0	0.042118739	-0.12562377	AB	0	0	ct3VSct4	-0.00383445786983277	0	0
133	3	39	0.1009407	0.17347666	AA	0.017510855494062	0	0.042118739	0.15790873	AA	0.00665091658469147	0	ct3VSct4	0.0108599389093705	0.0108599389093705	0
134	3	40	0.1009407	0.17695382	AA	0.017861842458474	0	0.042118739	0.17291261	AA	0.00728286109039879	0	ct3VSct4	0.0105789813680752	0.0105789813680752	0
135	3	41	0.1009407	0.17829669	AA	0.017997392696283	0	0.042118739	0.18335729	AA	0.00772277784125731	0	ct3VSct4	0.0102746148550257	0.0102746148550257	0
136	3	42	0.1009407	0.14756948	AA	0.014895766609836	0	0.042118739	0.1628178	AA	0.0068576804227542	0	ct3VSct4	0.0080380861870818	0.0080380861870818	0
137	3	43	0.1009407	-0.16357241	AB	0	0	0.042118739	-0.17132332	AB	0	0	ct3VSct4	-0.00929519136639352	0	0
138	3	44	0.1009407	-0.17446408	AB	0	0	0.042118739	-0.16783001	AB	0	0	ct3VSct4	-0.0105417379724986	0	0
139	3	45	0.1009407	0.066227762	AA	0.0066850766557134	0	0.042118739	0.14089042	AA	0.00593412682758038	0	ct3VSct4	0.00075094982813302	0.00075094982813302	0
140	3	46	0.1009407	-0.032986415	AB	0	0	0.042118739	-0.10152237	AB	0	0	ct3VSct4	0.000946322384100931	0	0
141	3	47	0.1009407	0.17300806	AA	0.017463554682042	0	0.042118739	0.15886527	AA	0.00669120484329453	0	ct3VSct4	0.0107723498387475	0.0107723498387475	0
142	3	48	0.1009407	0.15073365	AA	0.015215160144555	0	0.042118739	0.09525499	AA	0.00401202006225761	0	ct3VSct4	0.0112031400822974	0.0112031400822974	0
143	3	49	0.1009407	0.083039757	AA	0.0083820911994099	0	0.042118739	-0.01745302	AB	0	0	ct3VSct4	0.00911719039355168	0.0083820911994099	0
144	3	50	0.1009407	0.088158697	AA	0.0088988005862679	0	0.042118739	0.053211025	AA	0.00224118127389748	0	ct3VSct4	0.00665761931237042	0.00665761931237042	0
145	4	5	-0.16271872	-0.15626544	BB	0	0.0254273123770368	-0.16005197	-0.15949981	BB	0	0.0255282588051257	ct3VSct4	-0.000100946428088895	0	-0.000100946428088899
146	4	6	-0.16271872	0.077304897	BA	0	0	-0.16005197	0.07341805	BA	0	0	ct3VSct4	-0.000828250353513341	0	0
147	4	7	-0.16271872	0.051912599	BA	0	0	-0.16005197	0.0050526869	BA	0	0	ct3VSct4	-0.00763845916901509	0	0
148	4	8	-0.16271872	0.009518961	BA	0	0	-0.16005197	-0.010054963	BB	0	0.00160931663642711	ct3VSct4	-0.00315822978607703	0	-0.00160931663642711
149	4	9	-0.16271872	-0.15743553	BB	0	0.0256177079241216	-0.16005197	-0.14838386	BB	0	0.0237491291092042	ct3VSct4	0.0018685788149174	0	0.0018685788149174
150	4	10	-0.16271872	-0.19242186	BB	0	0.0313106387592192	-0.16005197	-0.18504188	BB	0	0.0296163174265036	ct3VSct4	0.00169432133271561	0	0.0016943213327156
151	4	11	-0.16271872	-0.19638166	BB	0	0.0319549723466752	-0.16005197	-0.18540987	BB	0	0.0296752149509439	ct3VSct4	0.00227975739573131	0	0.0022797573957313
152	4	12	-0.16271872	-0.16028141	BB	0	0.0260807858749952	-0.16005197	-0.13463165	BB	0	0.0215480608068505	ct3VSct4	0.00453272506814471	0	0.0045327250681447
153	4	13	-0.16271872	-0.11455982	BB	0	0.0186410272738304	-0.16005197	-1.3994537e-05	BB	0	2.23985321608789e-06	ct3VSct4	0.0186387874206143	0	0.0186387874206143
154	4	14	-0.16271872	-0.19694965	BB	0	0.032047394952448	-0.16005197	-0.19444767	BB	0	0.0311217326454099	ct3VSct4	0.000925662307038107	0	0.000925662307038104
155	4	15	-0.16271872	-0.20676996	BB	0	0.0336453432256512	-0.16005197	-0.20818817	BB	0	0.0333209267391949	ct3VSct4	0.0003244164864563	0	0.0003244164864563
156	4	16	-0.16271872	-0.19555677	BB	0	0.0318207473017344	-0.16005197	-0.18710877	BB	0	0.0299471272427769	ct3VSct4	0.0018736200589575	0	0.0018736200589575
157	4	17	-0.16271872	-0.19100095	BB	0	0.031079430102784	-0.16005197	-0.18609775	BB	0	0.0297853115000675	ct3VSct4	0.0012941186027165	0	0.0012941186027165
158	4	18	-0.16271872	-0.18987862	BB	0	0.0308968060017664	-0.16005197	-0.19291348	BB	0	0.0308761825135556	ct3VSct4	2.0623488210806e-05	0	2.0623488210799e-05
159	4	19	-0.16271872	-0.15944314	BB	0	0.0259443836535808	-0.16005197	-0.15302515	BB	0	0.0244919767170455	ct3VSct4	0.0014524069365353	0	0.0014524069365353
160	4	20	-0.16271872	0.054914255	BA	0	0	-0.16005197	0.067270407	BA	0	0	ct3VSct4	0.00183118387969819	0	0
161	4	21	-0.16271872	-0.01455958	BB	0	0.0023691162213376	-0.16005197	-0.092687347	BB	0	0.0148347924814236	ct3VSct4	-0.012465676260086	0	-0.012465676260086
162	4	22	-0.16271872	-0.15076104	BB	0	0.0245316434546688	-0.16005197	-0.19244915	BB	0	0.0308018655823255	ct3VSct4	-0.0062702221276567	0	-0.0062702221276567
163	4	23	-0.16271872	-0.014486541	BB	0	0.00235723140874752	-0.16005197	-0.082904505	BB	0	0.0132690293471248	ct3VSct4	-0.0109117979383773	0	-0.0109117979383773
164	4	24	-0.16271872	-0.15360689	BB	0	0.0249947165239808	-0.16005197	-0.18756089	BB	0	0.0300194899394533	ct3VSct4	-0.0050247734154725	0	-0.0050247734154725
165	4	25	-0.16271872	-0.17528898	BB	0	0.0285227984557056	-0.16005197	-0.176658	BB	0	0.02827446091626	ct3VSct4	0.000248337539445604	0	0.000248337539445601
166	4	26	-0.16271872	0.034817162	BA	0	0	-0.16005197	0.046911147	BA	0	0	ct3VSct4	0.00184281745763695	0	0
167	4	27	-0.16271872	-0.13150274	BB	0	0.0213979575292928	-0.16005197	-0.12160587	BB	0	0.0194632590570639	ct3VSct4	0.0019346984722289	0	0.0019346984722289
168	4	28	-0.16271872	-0.19158984	BB	0	0.0311752535298048	-0.16005197	-0.20294332	BB	0	0.0324814781643404	ct3VSct4	-0.00130622463453559	0	-0.0013062246345356
169	4	29	-0.16271872	-0.12514643	BB	0	0.0203636669021696	-0.16005197	-0.11742039	BB	0	0.0187933647376683	ct3VSct4	0.0015703021645013	0	0.0015703021645013
170	4	30	-0.16271872	-0.18395331	BB	0	0.0299326471429632	-0.16005197	-0.18628952	BB	0	0.0298160046663544	ct3VSct4	0.000116642476608808	0	0.000116642476608801
171	4	31	-0.16271872	-0.079477947	BB	0	0.0129325498040678	-0.16005197	-0.026242096	BB	0	0.00420009916172912	ct3VSct4	0.00873245064233872	0	0.00873245064233868
172	4	32	-0.16271872	0.11143501	BA	0	0	-0.16005197	0.11104545	BA	0	0	ct3VSct4	-0.0003595191583507	0	0
173	4	33	-0.16271872	-0.083578057	BB	0	0.013599714455127	-0.16005197	-0.13439603	BB	0	0.0215103493616791	ct3VSct4	-0.00791063490655206	0	-0.0079106349065521
174	4	34	-0.16271872	-0.14780161	BB	0	0.0240500887931392	-0.16005197	-0.19089042	BB	0	0.0305523877751274	ct3VSct4	-0.0065022989819882	0	-0.0065022989819882
175	4	35	-0.16271872	0.046479583	BA	0	0	-0.16005197	-0.0071459731	BB	0	0.00114372707222201	ct3VSct4	-0.00870682532411577	0	-0.00114372707222201
176	4	36	-0.16271872	-0.059539951	BB	0	0.00968826461558272	-0.16005197	-0.09546514	BB	0	0.0152793837233258	ct3VSct4	-0.00559111910774308	0	-0.00559111910774308
177	4	37	-0.16271872	0.13002355	BA	0	0	-0.16005197	0.078333614	BA	0	0	ct3VSct4	-0.00861981638793642	0	0
178	4	38	-0.16271872	-0.090405284	BB	0	0.0147106320937165	-0.16005197	-0.12562377	BB	0	0.0201063318673269	ct3VSct4	-0.00539569977361042	0	-0.0053956997736104
179	4	39	-0.16271872	0.17347666	BA	0	0	-0.16005197	0.15790873	BA	0	0	ct3VSct4	-0.00295429674837711	0	0
180	4	40	-0.16271872	0.17695382	BA	0	0	-0.16005197	0.17291261	BA	0	0	ct3VSct4	-0.00111869522116871	0	0
181	4	41	-0.16271872	0.17829669	BA	0	0	-0.16005197	0.18335729	BA	0	0	ct3VSct4	0.000334486301324495	0	0
182	4	42	-0.16271872	0.14756948	BA	0	0	-0.16005197	0.1628178	BA	0	0	ct3VSct4	0.0020469927444004	0	0
183	4	43	-0.16271872	-0.16357241	BB	0	0.0266162931825152	-0.16005197	-0.17132332	BB	0	0.0274206348729404	ct3VSct4	-0.000804341690425196	0	-0.0008043416904252
184	4	44	-0.16271872	-0.17446408	BB	0	0.0283885717835776	-0.16005197	-0.16783001	BB	0	0.0268615237256197	ct3VSct4	0.0015270480579579	0	0.0015270480579579
185	4	45	-0.16271872	0.066227762	BA	0	0	-0.16005197	0.14089042	BA	0	0	ct3VSct4	0.0117732926140228	0	0
186	4	46	-0.16271872	-0.032986415	BB	0	0.0053675072261888	-0.16005197	-0.10152237	BB	0	0.0162488553175689	ct3VSct4	-0.0108813480913801	0	-0.0108813480913801
187	4	47	-0.16271872	0.17300806	BA	0	0	-0.16005197	0.15886527	BA	0	0	ct3VSct4	-0.0027249506448013	0	0
188	4	48	-0.16271872	0.15073365	BA	0	0	-0.16005197	0.09525499	BA	0	0	ct3VSct4	-0.0092814377870977	0	0
189	4	49	-0.16271872	0.083039757	BA	0	0	-0.16005197	-0.01745302	BB	0	0.0027933902334494	ct3VSct4	-0.0163055132016004	0	-0.0027933902334494
190	4	50	-0.16271872	0.088158697	BA	0	0	-0.16005197	0.053211025	BA	0	0	ct3VSct4	-0.00582854095573859	0	0
191	5	6	-0.15626544	0.077304897	BA	0	0	-0.15949981	0.07341805	BA	0	0	ct3VSct4	-0.000369918718289182	0	0
192	5	7	-0.15626544	0.051912599	BA	0	0	-0.15949981	0.0050526869	BA	0	0	ct3VSct4	-0.00730624252373907	0	0
193	5	8	-0.15626544	0.009518961	BA	0	0	-0.15949981	-0.010054963	BB	0	0.00160376468805703	ct3VSct4	-0.00309124931706487	0	-0.00160376468805703
194	5	9	-0.15626544	-0.15743553	BB	0	0.0246017323670832	-0.15949981	-0.14838386	BB	0	0.0236671974770666	ct3VSct4	0.000934534890016599	0	0.000934534890016599
195	5	10	-0.15626544	-0.19242186	BB	0	0.0300688866185184	-0.15949981	-0.18504188	BB	0	0.0295141447020428	ct3VSct4	0.000554741916475605	0	0.000554741916475598
196	5	11	-0.15626544	-0.19638166	BB	0	0.0306876665078304	-0.15949981	-0.18540987	BB	0	0.0295728390371247	ct3VSct4	0.0011148274707057	0	0.0011148274707057
197	5	12	-0.15626544	-0.16028141	BB	0	0.0250464450574704	-0.15949981	-0.13463165	BB	0	0.0214737225949865	ct3VSct4	0.00357272246248391	0	0.0035727224624839
198	5	13	-0.15626544	-0.11455982	BB	0	0.0179017406786208	-0.15949981	-1.3994537e-05	BB	0	2.23212599253797e-06	ct3VSct4	0.0178995085526283	0	0.0178995085526283
199	5	14	-0.15626544	-0.19694965	BB	0	0.030776423715096	-0.15949981	-0.19444767	BB	0	0.0310143664199427	ct3VSct4	-0.000237942704846696	0	-0.0002379427048467
200	5	15	-0.15626544	-0.20676996	BB	0	0.0323109987781824	-0.15949981	-0.20818817	BB	0	0.0332059735592477	ct3VSct4	-0.000894974781065296	0	-0.000894974781065302
201	5	16	-0.15626544	-0.19555677	BB	0	0.0305587647090288	-0.15949981	-0.18710877	BB	0	0.0298438132643337	ct3VSct4	0.000714951444695099	0	0.000714951444695099
202	5	17	-0.15626544	-0.19100095	BB	0	0.029846847492168	-0.15949981	-0.18609775	BB	0	0.0296825557664275	ct3VSct4	0.000164291725740499	0	0.000164291725740499
203	5	18	-0.15626544	-0.18987862	BB	0	0.0296714661008928	-0.15949981	-0.19291348	BB	0	0.0307696634064388	ct3VSct4	-0.001098197305546	0	-0.001098197305546
204	5	19	-0.15626544	-0.15944314	BB	0	0.0249154524270816	-0.15949981	-0.15302515	BB	0	0.0244074823502215	ct3VSct4	0.000507970076860105	0	0.000507970076860102
205	5	20	-0.15626544	0.054914255	BA	0	0	-0.15949981	0.067270407	BA	0	0	ct3VSct4	0.00214841691527547	0	0
206	5	21	-0.15626544	-0.01455958	BB	0	0.0022751591749152	-0.15949981	-0.092687347	BB	0	0.0147836142359041	ct3VSct4	-0.0125084550609889	0	-0.0125084550609889
207	5	22	-0.15626544	-0.15076104	BB	0	0.0235587402504576	-0.15949981	-0.19244915	BB	0	0.0306956028596615	ct3VSct4	-0.0071368626092039	0	-0.0071368626092039
208	5	23	-0.15626544	-0.014486541	BB	0	0.00226374570344304	-0.15949981	-0.082904505	BB	0	0.013223252795644	ct3VSct4	-0.010959507092201	0	-0.010959507092201
209	5	24	-0.15626544	-0.15360689	BB	0	0.0240034482528816	-0.15949981	-0.18756089	BB	0	0.0299159263184309	ct3VSct4	-0.0059124780655493	0	-0.0059124780655493
210	5	25	-0.15626544	-0.17528898	BB	0	0.0273916095868512	-0.15949981	-0.176658	BB	0	0.02817691743498	ct3VSct4	-0.000785307848128795	0	-0.000785307848128799
211	5	26	-0.15626544	0.034817162	BA	0	0	-0.15949981	0.046911147	BA	0	0	ct3VSct4	0.00204159989390079	0	0
212	5	27	-0.15626544	-0.13150274	BB	0	0.0205493335273056	-0.15949981	-0.12160587	BB	0	0.0193961131598847	ct3VSct4	0.0011532203674209	0	0.0011532203674209
213	5	28	-0.15626544	-0.19158984	BB	0	0.0299388706471296	-0.15949981	-0.20294332	BB	0	0.0323694209807692	ct3VSct4	-0.0024305503336396	0	-0.0024305503336396
214	5	29	-0.15626544	-0.12514643	BB	0	0.0195560619483792	-0.15949981	-0.11742039	BB	0	0.0187285298951259	ct3VSct4	0.000827532053253303	0	0.0008275320532533
215	5	30	-0.15626544	-0.18395331	BB	0	0.0287455449266064	-0.15949981	-0.18628952	BB	0	0.0297131430449912	ct3VSct4	-0.000967598118384792	0	-0.000967598118384799
216	5	31	-0.15626544	-0.079477947	BB	0	0.0124196563582517	-0.15949981	-0.026242096	BB	0	0.00418560932600176	ct3VSct4	0.00823404703224992	0	0.00823404703224994
217	5	32	-0.15626544	0.11143501	BA	0	0	-0.15949981	0.11104545	BA	0	0	ct3VSct4	0.000298287307310099	0	0
218	5	33	-0.15626544	-0.083578057	BB	0	0.0130603618514501	-0.15949981	-0.13439603	BB	0	0.0214361412497543	ct3VSct4	-0.00837577939830422	0	-0.0083757793983042
219	5	34	-0.15626544	-0.14780161	BB	0	0.0230962836193584	-0.15949981	-0.19089042	BB	0	0.0304469857208202	ct3VSct4	-0.0073507021014618	0	-0.0073507021014618
220	5	35	-0.15626544	0.046479583	BA	0	0	-0.15949981	-0.0071459731	BB	0	0.00113978135171511	ct3VSct4	-0.00840293384022663	0	-0.00113978135171511
221	5	36	-0.15626544	-0.059539951	BB	0	0.00930403664059344	-0.15949981	-0.09546514	BB	0	0.0152266716916234	ct3VSct4	-0.00592263505102996	0	-0.00592263505102996
222	5	37	-0.15626544	0.13002355	BA	0	0	-0.15949981	0.078333614	BA	0	0	ct3VSct4	-0.00782399070149866	0	0
223	5	38	-0.15626544	-0.090405284	BB	0	0.014127221482585	-0.15949981	-0.12562377	BB	0	0.0200369674464837	ct3VSct4	-0.00590974596389874	0	-0.0059097459638987
224	5	39	-0.15626544	0.17347666	BA	0	0	-0.15949981	0.15790873	BA	0	0	ct3VSct4	-0.0019219941722891	0	0
225	5	40	-0.15626544	0.17695382	BA	0	0	-0.15949981	0.17291261	BA	0	0	ct3VSct4	-7.22381003767057e-05	0	0
226	5	41	-0.15626544	0.17829669	BA	0	0	-0.15949981	0.18335729	BA	0	0	ct3VSct4	0.0013838422037213	0	0
227	5	42	-0.15626544	0.14756948	BA	0	0	-0.15949981	0.1628178	BA	0	0	ct3VSct4	0.0029093984418468	0	0
228	5	43	-0.15626544	-0.16357241	BB	0	0.0255607146205104	-0.15949981	-0.17132332	BB	0	0.0273260369885692	ct3VSct4	-0.0017653223680588	0	-0.0017653223680588
229	5	44	-0.15626544	-0.17446408	BB	0	0.0272627062253952	-0.15949981	-0.16783001	BB	0	0.0267688547072981	ct3VSct4	0.0004938515180971	0	0.0004938515180971
230	5	45	-0.15626544	0.066227762	BA	0	0	-0.15949981	0.14089042	BA	0	0	ct3VSct4	0.0121228848516749	0	0
231	5	46	-0.15626544	-0.032986415	BB	0	0.0051546366539976	-0.15949981	-0.10152237	BB	0	0.0161927987257497	ct3VSct4	-0.0110381620717521	0	-0.0110381620717521
232	5	47	-0.15626544	0.17300806	BA	0	0	-0.15949981	0.15886527	BA	0	0	ct3VSct4	-0.0016962002388477	0	0
233	5	48	-0.15626544	0.15073365	BA	0	0	-0.15949981	0.09525499	BA	0	0	ct3VSct4	-0.0083613073335041	0	0
234	5	49	-0.15626544	0.083039757	BA	0	0	-0.15949981	-0.01745302	BB	0	0.0027837533739262	ct3VSct4	-0.0157599975390243	0	-0.0027837533739262
235	5	50	-0.15626544	0.088158697	BA	0	0	-0.15949981	0.053211025	BA	0	0	ct3VSct4	-0.00528900919912643	0	0
236	6	7	0.077304897	0.051912599	AA	0.0040130981186973	0	0.07341805	0.0050526869	AA	0.000370958419458545	0	ct3VSct4	0.00364213969923876	0.00364213969923875	0
237	6	8	0.077304897	0.009518961	AA	0.000735862299652017	0	0.07341805	-0.010054963	AB	0	0	ct3VSct4	0.00147407807593417	0.000735862299652017	0
238	6	9	0.077304897	-0.15743553	AB	0	0	0.07341805	-0.14838386	AB	0	0	ct3VSct4	-0.00127648377811741	0	0
239	6	10	0.077304897	-0.19242186	AB	0	0	0.07341805	-0.18504188	AB	0	0	ct3VSct4	-0.00128973806991442	0	0
240	6	11	0.077304897	-0.19638166	AB	0	0	0.07341805	-0.18540987	AB	0	0	ct3VSct4	-0.00156883289283552	0	0
241	6	12	0.077304897	-0.16028141	AB	0	0	0.07341805	-0.13463165	AB	0	0	ct3VSct4	-0.00250614467978227	0	0
242	6	13	0.077304897	-0.11455982	AB	0	0	0.07341805	-1.3994537e-05	AB	0	0	ct3VSct4	-0.00885500763382135	0	0
243	6	14	0.077304897	-0.19694965	AB	0	0	0.07341805	-0.19444767	AB	0	0	ct3VSct4	-0.000949203648992552	0	0
244	6	15	0.077304897	-0.20676996	AB	0	0	0.07341805	-0.20818817	AB	0	0	ct3VSct4	-0.000699560986025621	0	0
245	6	16	0.077304897	-0.19555677	AB	0	0	0.07341805	-0.18710877	AB	0	0	ct3VSct4	-0.00138033493120419	0	0
246	6	17	0.077304897	-0.19100095	AB	0	0	0.07341805	-0.18609775	AB	0	0	ct3VSct4	-0.00110237485226465	0	0
247	6	18	0.077304897	-0.18987862	AB	0	0	0.07341805	-0.19291348	AB	0	0	ct3VSct4	-0.00051521564128814	0	0
248	6	19	0.077304897	-0.15944314	AB	0	0	0.07341805	-0.15302515	AB	0	0	ct3VSct4	-0.00109092740109908	0	0
249	6	20	0.077304897	0.054914255	AA	0.00424514082660673	0	0.07341805	0.067270407	AA	0.00493886210464635	0	ct3VSct4	-0.000693721278039615	-0.00069372127803962	0
250	6	21	0.077304897	-0.01455958	AB	0	0	0.07341805	-0.092687347	AB	0	0	ct3VSct4	0.00567939744415009	0	0
251	6	22	0.077304897	-0.15076104	AB	0	0	0.07341805	-0.19244915	AB	0	0	ct3VSct4	0.00247467464834462	0	0
252	6	23	0.077304897	-0.014486541	AB	0	0	0.07341805	-0.082904505	AB	0	0	ct3VSct4	0.00496680653342397	0	0
253	6	24	0.077304897	-0.15360689	AB	0	0	0.07341805	-0.18756089	AB	0	0	ct3VSct4	0.00189578999012417	0	0
254	6	25	0.077304897	-0.17528898	AB	0	0	0.07341805	-0.176658	AB	0	0	ct3VSct4	-0.00058081066723506	0	0
255	6	26	0.077304897	0.034817162	AA	0.00269153712224231	0	0.07341805	0.046911147	AA	0.00344412493600335	0	ct3VSct4	-0.000752587813761036	-0.00075258781376104	0
256	6	27	0.077304897	-0.13150274	AB	0	0	0.07341805	-0.12160587	AB	0	0	ct3VSct4	-0.00123773992696428	0	0
257	6	28	0.077304897	-0.19158984	AB	0	0	0.07341805	-0.20294332	AB	0	0	ct3VSct4	8.88699674795202e-05	0	0
258	6	29	0.077304897	-0.12514643	AB	0	0	0.07341805	-0.11742039	AB	0	0	ct3VSct4	-0.00105365581702821	0	0
259	6	30	0.077304897	-0.18395331	AB	0	0	0.07341805	-0.18628952	AB	0	0	ct3VSct4	-0.000543478388523071	0	0
260	6	31	0.077304897	-0.079477947	AB	0	0	0.07341805	-0.026242096	AB	0	0	ct3VSct4	-0.00421739099037366	0	0
261	6	32	0.077304897	0.11143501	AA	0.00861447197024397	0	0.07341805	0.11104545	AA	0.0081527404003725	0	ct3VSct4	0.000461731569871471	0.000461731569871471	0
262	6	33	0.077304897	-0.083578057	AB	0	0	0.07341805	-0.13439603	AB	0	0	ct3VSct4	0.00340610136249637	0	0
263	6	34	0.077304897	-0.14780161	AB	0	0	0.07341805	-0.19089042	AB	0	0	ct3VSct4	0.00258901416259683	0	0
264	6	35	0.077304897	0.046479583	AA	0.00359309937641795	0	0.07341805	-0.0071459731	AB	0	0	ct3VSct4	0.00411774278677241	0.00359309937641795	0
265	6	36	0.077304897	-0.059539951	AB	0	0	0.07341805	-0.09546514	AB	0	0	ct3VSct4	0.00240613464233695	0	0
266	6	37	0.077304897	0.13002355	AA	0.0100514571403243	0	0.07341805	0.078333614	AA	0.0057511011893327	0	ct3VSct4	0.00430035595099165	0.0043003559509916	0
267	6	38	0.077304897	-0.090405284	AB	0	0	0.07341805	-0.12562377	AB	0	0	ct3VSct4	0.00223428105917275	0	0
268	6	39	0.077304897	0.17347666	AA	0.013410595333204	0	0.07341805	0.15790873	AA	0.0115933510345765	0	ct3VSct4	0.00181724429862752	0.0018172442986275	0
269	6	40	0.077304897	0.17695382	AA	0.0136793968288565	0	0.07341805	0.17291261	AA	0.0126949066466105	0	ct3VSct4	0.00098449018224604	0.000984490182246001	0
270	6	41	0.077304897	0.17829669	AA	0.0137832072558909	0	0.07341805	0.18335729	AA	0.0134617346850845	0	ct3VSct4	0.00032147257080643	0.000321472570806398	0
271	6	42	0.077304897	0.14756948	AA	0.0114078434517436	0	0.07341805	0.1628178	AA	0.01195376538129	0	ct3VSct4	-0.000545921929546441	-0.0005459219295464	0
272	6	43	0.077304897	-0.16357241	AB	0	0	0.07341805	-0.17132332	AB	0	0	ct3VSct4	-6.67242331657703e-05	0	0
273	6	44	0.077304897	-0.17446408	AB	0	0	0.07341805	-0.16783001	AB	0	0	ct3VSct4	-0.00116517566891926	0	0
274	6	45	0.077304897	0.066227762	AA	0.00511973031995051	0	0.07341805	0.14089042	AA	0.010343899900081	0	ct3VSct4	-0.00522416958013049	-0.00522416958013049	0
275	6	46	0.077304897	-0.032986415	AB	0	0	0.07341805	-0.10152237	AB	0	0	ct3VSct4	0.00490356302280425	0	0
276	6	47	0.077304897	0.17300806	AA	0.0133743702584698	0	0.07341805	0.15886527	AA	0.0116635783361235	0	ct3VSct4	0.00171079192234632	0.0017107919223463	0
277	6	48	0.077304897	0.15073365	AA	0.011652449287684	0	0.07341805	0.09525499	AA	0.0069934356185695	0	ct3VSct4	0.00465901366911455	0.0046590136691145	0
278	6	49	0.077304897	0.083039757	AA	0.00641937986179003	0	0.07341805	-0.01745302	AB	0	0	ct3VSct4	0.00770074655680103	0.00641937986179003	0
279	6	50	0.077304897	0.088158697	AA	0.00681509899123921	0	0.07341805	0.053211025	AA	0.00390664969400125	0	ct3VSct4	0.00290844929723796	0.00290844929723796	0
280	7	8	0.051912599	0.009518961	AA	0.000494154005289639	0	0.0050526869	-0.010054963	AB	0	0	ct3VSct4	0.000544958585119724	0.000494154005289639	0
281	7	9	0.051912599	-0.15743553	AB	0	0	0.0050526869	-0.14838386	AB	0	0	ct3VSct4	-0.00742315035164904	0	0
282	7	10	0.051912599	-0.19242186	AB	0	0	0.0050526869	-0.18504188	AB	0	0	ct3VSct4	-0.00905416017398677	0	0
283	7	11	0.051912599	-0.19638166	AB	0	0	0.0050526869	-0.18540987	AB	0	0	ct3VSct4	-0.00925786434525464	0	0
284	7	12	0.051912599	-0.16028141	AB	0	0	0.0050526869	-0.13463165	AB	0	0	ct3VSct4	-0.0076403729902042	0	0
285	7	13	0.051912599	-0.11455982	AB	0	0	0.0050526869	-1.3994537e-05	AB	0	0	ct3VSct4	-0.00594702728715841	0	0
286	7	14	0.051912599	-0.19694965	AB	0	0	0.0050526869	-0.19444767	AB	0	0	ct3VSct4	-0.00924168500869583	0	0
287	7	15	0.051912599	-0.20676996	AB	0	0	0.0050526869	-0.20818817	AB	0	0	ct3VSct4	-0.00968205637943207	0	0
288	7	16	0.051912599	-0.19555677	AB	0	0	0.0050526869	-0.18710877	AB	0	0	ct3VSct4	-0.00920645815169112	0	0
289	7	17	0.051912599	-0.19100095	AB	0	0	0.0050526869	-0.18609775	AB	0	0	ct3VSct4	-0.00897506206242457	0	0
290	7	18	0.051912599	-0.18987862	AB	0	0	0.0050526869	-0.19291348	AB	0	0	ct3VSct4	-0.00888236124550397	0	0
291	7	19	0.051912599	-0.15944314	AB	0	0	0.0050526869	-0.15302515	AB	0	0	ct3VSct4	-0.00750391961934532	0	0
292	7	20	0.051912599	0.054914255	AA	0.00285074169919874	0	0.0050526869	0.067270407	AA	0.000339896304206568	0	ct3VSct4	0.00251084539499218	0.00251084539499217	0
293	7	21	0.051912599	-0.01455958	AB	0	0	0.0050526869	-0.092687347	AB	0	0	ct3VSct4	-0.000287505494165766	0	0
294	7	22	0.051912599	-0.15076104	AB	0	0	0.0050526869	-0.19244915	AB	0	0	ct3VSct4	-0.00685401211522182	0	0
295	7	23	0.051912599	-0.014486541	AB	0	0	0.0050526869	-0.082904505	AB	0	0	ct3VSct4	-0.000333143487465575	0	0
296	7	24	0.051912599	-0.15360689	AB	0	0	0.0050526869	-0.18756089	AB	0	0	ct3VSct4	-0.00702644643235177	0	0
297	7	25	0.051912599	-0.17528898	AB	0	0	0.0050526869	-0.176658	AB	0	0	ct3VSct4	-0.00820710896547882	0	0
298	7	26	0.051912599	0.034817162	AA	0.00180744936922404	0	0.0050526869	0.046911147	AA	0.000237027337910874	0	ct3VSct4	0.00157042203131316	0.00157042203131317	0
299	7	27	0.051912599	-0.13150274	AB	0	0	0.0050526869	-0.12160587	AB	0	0	ct3VSct4	-0.00621221262270916	0	0
300	7	28	0.051912599	-0.19158984	AB	0	0	0.0050526869	-0.20294332	AB	0	0	ct3VSct4	-0.00892051748198765	0	0
301	7	29	0.051912599	-0.12514643	AB	0	0	0.0050526869	-0.11742039	AB	0	0	ct3VSct4	-0.00590338797052568	0	0
302	7	30	0.051912599	-0.18395331	AB	0	0	0.0050526869	-0.18628952	AB	0	0	ct3VSct4	-0.0086082317994414	0	0
303	7	31	0.051912599	-0.079477947	AB	0	0	0.0050526869	-0.026242096	AB	0	0	ct3VSct4	-0.00399331369726651	0	0
304	7	32	0.051912599	0.11143501	AA	0.00578488098869099	0	0.0050526869	0.11104545	AA	0.000561077890519605	0	ct3VSct4	0.00522380309817138	0.00522380309817139	0
305	7	33	0.051912599	-0.083578057	AB	0	0	0.0050526869	-0.13439603	AB	0	0	ct3VSct4	-0.00365969309804714	0	0
306	7	34	0.051912599	-0.14780161	AB	0	0	0.0050526869	-0.19089042	AB	0	0	ct3VSct4	-0.00670825618701489	0	0
307	7	35	0.051912599	0.046479583	AA	0.00241287595396622	0	0.0050526869	-0.0071459731	AB	0	0	ct3VSct4	0.00244898231863634	0.00241287595396622	0
308	7	36	0.051912599	-0.059539951	AB	0	0	0.0050526869	-0.09546514	AB	0	0	ct3VSct4	-0.00260851813845798	0	0
309	7	37	0.051912599	0.13002355	AA	0.00674986041170645	0	0.0050526869	0.078333614	AA	0.000395795225287457	0	ct3VSct4	0.00635406518641899	0.00635406518641899	0
310	7	38	0.051912599	-0.090405284	AB	0	0	0.0050526869	-0.12562377	AB	0	0	ct3VSct4	-0.0040584356787655	0	0
311	7	39	0.051912599	0.17347666	AA	0.00900562428643934	0	0.0050526869	0.15790873	AA	0.000797863371466637	0	ct3VSct4	0.0082077609149727	0.0082077609149727	0
312	7	40	0.051912599	0.17695382	AA	0.00918613269917818	0	0.0050526869	0.17291261	AA	0.000873673279391809	0	ct3VSct4	0.00831245941978637	0.00831245941978637	0
313	7	41	0.051912599	0.17829669	AA	0.00925584457099731	0	0.0050526869	0.18335729	AA	0.000926446977202501	0	ct3VSct4	0.00832939759379481	0.00832939759379481	0
314	7	42	0.051912599	0.14756948	AA	0.00766071523987852	0	0.0050526869	0.1628178	AA	0.00082266736514682	0	ct3VSct4	0.0068380478747317	0.0068380478747317	0
315	7	43	0.051912599	-0.16357241	AB	0	0	0.0050526869	-0.17132332	AB	0	0	ct3VSct4	-0.00762582583316508	0	0
316	7	44	0.051912599	-0.17446408	AB	0	0	0.0050526869	-0.16783001	AB	0	0	ct3VSct4	-0.00820889133199005	0	0
317	7	45	0.051912599	0.066227762	AA	0.00343805525137344	0	0.0050526869	0.14089042	AA	0.000711875179469498	0	ct3VSct4	0.00272618007190394	0.00272618007190394	0
318	7	46	0.051912599	-0.032986415	AB	0	0	0.0050526869	-0.10152237	AB	0	0	ct3VSct4	-0.00119944978538663	0	0
319	7	47	0.051912599	0.17300806	AA	0.00898129804254794	0	0.0050526869	0.15886527	AA	0.000802696468593963	0	ct3VSct4	0.00817860157395398	0.00817860157395398	0
320	7	48	0.051912599	0.15073365	AA	0.00782497552825635	0	0.0050526869	0.09525499	AA	0.000481293640132631	0	ct3VSct4	0.00734368188812372	0.00734368188812372	0
321	7	49	0.051912599	0.083039757	AA	0.00431080960619844	0	0.0050526869	-0.01745302	AB	0	0	ct3VSct4	0.00439899425171788	0.00431080960619844	0
322	7	50	0.051912599	0.088158697	AA	0.0045765470857235	0	0.0050526869	0.053211025	AA	0.000268858648953073	0	ct3VSct4	0.00430768843677043	0.00430768843677043	0
323	8	9	0.009518961	-0.15743553	AB	0	0	-0.010054963	-0.14838386	BB	0	0.00149199422209718	ct3VSct4	-0.00299061689218151	0	-0.00149199422209718
324	8	10	0.009518961	-0.19242186	AB	0	0	-0.010054963	-0.18504188	BB	0	0.00186058925685044	ct3VSct4	-0.0036922454377379	0	-0.00186058925685044
325	8	11	0.009518961	-0.19638166	AB	0	0	-0.010054963	-0.18540987	BB	0	0.00186428938268481	ct3VSct4	-0.00373363874534007	0	-0.00186428938268481
326	8	12	0.009518961	-0.16028141	AB	0	0	-0.010054963	-0.13463165	BB	0	0.00135371625937895	ct3VSct4	-0.00287942875019396	0	-0.00135371625937895
327	8	13	0.009518961	-0.11455982	AB	0	0	-0.010054963	-1.3994537e-05	BB	0	1.40714551737131e-07	ct3VSct4	-0.00109063117329876	0	-1.40714551737131e-07
328	8	14	0.009518961	-0.19694965	AB	0	0	-0.010054963	-0.19444767	BB	0	0.00195516412728621	ct3VSct4	-0.00382992016459986	0	-0.00195516412728621
329	8	15	0.009518961	-0.20676996	AB	0	0	-0.010054963	-0.20818817	BB	0	0.00209332434638771	ct3VSct4	-0.00406155953159927	0	-0.00209332434638771
330	8	16	0.009518961	-0.19555677	AB	0	0	-0.010054963	-0.18710877	BB	0	0.00188137175932551	ct3VSct4	-0.00374286902624148	0	-0.00188137175932551
331	8	17	0.009518961	-0.19100095	AB	0	0	-0.010054963	-0.18609775	BB	0	0.00187120599063325	ct3VSct4	-0.0036893365846462	0	-0.00187120599063325
332	8	18	0.009518961	-0.18987862	AB	0	0	-0.010054963	-0.19291348	BB	0	0.00193973790360124	ct3VSct4	-0.00374718508211506	0	-0.00193973790360124
333	8	19	0.009518961	-0.15944314	AB	0	0	-0.010054963	-0.15302515	BB	0	0.00153866222131945	ct3VSct4	-0.00305639525269699	0	-0.00153866222131945
334	8	20	0.009518961	0.054914255	AA	0.000522726651689055	0	-0.010054963	0.067270407	BA	0	0	ct3VSct4	0.001199128105069	0.000522726651689055	0
335	8	21	0.009518961	-0.01455958	AB	0	0	-0.010054963	-0.092687347	BB	0	0.000931967844653161	ct3VSct4	-0.00107055991884954	0	-0.000931967844653161
336	8	22	0.009518961	-0.15076104	AB	0	0	-0.010054963	-0.19244915	BB	0	0.00193506908263145	ct3VSct4	-0.00337015754271089	0	-0.00193506908263145
337	8	23	0.009518961	-0.014486541	AB	0	0	-0.010054963	-0.082904505	BB	0	0.000833601730308315	ct3VSct4	-0.000971498549112216	0	-0.000833601730308315
338	8	24	0.009518961	-0.15360689	AB	0	0	-0.010054963	-0.18756089	BB	0	0.00188591780919707	ct3VSct4	-0.00334809580443836	0	-0.00188591780919707
339	8	25	0.009518961	-0.17528898	AB	0	0	-0.010054963	-0.176658	BB	0	0.001776289653654	ct3VSct4	-0.00344485861800378	0	-0.001776289653654
340	8	26	0.009518961	0.034817162	AA	0.000331423207208682	0	-0.010054963	0.046911147	BA	0	0	ct3VSct4	0.000803113054581243	0.000331423207208682	0
341	8	27	0.009518961	-0.13150274	AB	0	0	-0.010054963	-0.12160587	BB	0	0.00122274252343281	ct3VSct4	-0.00247451197688595	0	-0.00122274252343281
342	8	28	0.009518961	-0.19158984	AB	0	0	-0.010054963	-0.20294332	BB	0	0.00204058757369716	ct3VSct4	-0.0038643237886534	0	-0.00204058757369716
343	8	29	0.009518961	-0.12514643	AB	0	0	-0.010054963	-0.11742039	BB	0	0.00118065767689557	ct3VSct4	-0.0023719216633548	0	-0.00118065767689557
344	8	30	0.009518961	-0.18395331	AB	0	0	-0.010054963	-0.18628952	BB	0	0.00187313423088776	ct3VSct4	-0.00362417861459867	0	-0.00187313423088776
345	8	31	0.009518961	-0.079477947	AB	0	0	-0.010054963	-0.026242096	BB	0	0.000263863304322448	ct3VSct4	-0.00102041078217551	0	-0.000263863304322448
346	8	32	0.009518961	0.11143501	AA	0.00106074551422461	0	-0.010054963	0.11104545	BA	0	0	ct3VSct4	0.00217730340529296	0.00106074551422461	0
347	8	33	0.009518961	-0.083578057	AB	0	0	-0.010054963	-0.13439603	BB	0	0.00135134710899689	ct3VSct4	-0.00214692337403567	0	-0.00135134710899689
348	8	34	0.009518961	-0.14780161	AB	0	0	-0.010054963	-0.19089042	BB	0	0.00191939611015446	ct3VSct4	-0.00332631387148167	0	-0.00191939611015446
349	8	35	0.009518961	0.046479583	AA	0.000442437337873263	0	-0.010054963	-0.0071459731	BB	0	7.18524951194953e-05	ct3VSct4	0.000370584842753768	0.000442437337873263	-7.18524951194953e-05
350	8	36	0.009518961	-0.059539951	AB	0	0	-0.010054963	-0.09546514	BB	0	0.00095989845048982	ct3VSct4	-0.00152665692200073	0	-0.00095989845048982
351	8	37	0.009518961	0.13002355	AA	0.00123768910153155	0	-0.010054963	0.078333614	BA	0	0	ct3VSct4	0.00202533069195783	0.00123768910153155	0
352	8	38	0.009518961	-0.090405284	AB	0	0	-0.010054963	-0.12562377	BB	0	0.00126314235927051	ct3VSct4	-0.00212370673186043	0	-0.00126314235927051
353	8	39	0.009518961	0.17347666	AA	0.00165131756095026	0	-0.010054963	0.15790873	BA	0	0	ct3VSct4	0.00323908399847725	0.00165131756095026	0
354	8	40	0.009518961	0.17695382	AA	0.00168441651138102	0	-0.010054963	0.17291261	BA	0	0	ct3VSct4	0.00342304640716445	0.00168441651138102	0
355	8	41	0.009518961	0.17829669	AA	0.00169719923853909	0	-0.010054963	0.18335729	BA	0	0	ct3VSct4	0.00354085000526936	0.00169719923853909	0
356	8	42	0.009518961	0.14756948	AA	0.00140470812491028	0	-0.010054963	0.1628178	BA	0	0	ct3VSct4	0.00304183507965168	0.00140470812491028	0
357	8	43	0.009518961	-0.16357241	AB	0	0	-0.010054963	-0.17132332	BB	0	0.00172264964363716	ct3VSct4	-0.00327968903510317	0	-0.00172264964363716
358	8	44	0.009518961	-0.17446408	AB	0	0	-0.010054963	-0.16783001	BB	0	0.00168752454083963	ct3VSct4	-0.00334824131426051	0	-0.00168752454083963
359	8	45	0.009518961	0.066227762	AA	0.000630419483595282	0	-0.010054963	0.14089042	BA	0	0	ct3VSct4	0.00204706744374974	0.000630419483595282	0
360	8	46	0.009518961	-0.032986415	AB	0	0	-0.010054963	-0.10152237	BB	0	0.00102080367402231	ct3VSct4	-0.00133480007193713	0	-0.00102080367402231
361	8	47	0.009518961	0.17300806	AA	0.00164685697582566	0	-0.010054963	0.15886527	BA	0	0	ct3VSct4	0.00324424138766067	0.00164685697582566	0
362	8	48	0.009518961	0.15073365	AA	0.00143482773573765	0	-0.010054963	0.09525499	BA	0	0	ct3VSct4	0.00239261313575302	0.00143482773573765	0
363	8	49	0.009518961	0.083039757	AA	0.000790452208332477	0	-0.010054963	-0.01745302	BB	0	0.00017548947033826	ct3VSct4	0.000614962737994217	0.000790452208332477	-0.00017548947033826
364	8	50	0.009518961	0.088158697	AA	0.000839179198553817	0	-0.010054963	0.053211025	BA	0	0	ct3VSct4	0.00137421408612089	0.000839179198553817	0
365	9	10	-0.15743553	-0.19242186	BB	0	0.0302940375126858	-0.14838386	-0.18504188	BB	0	0.0274572284160568	ct3VSct4	0.002836809096629	0	0.002836809096629
366	9	11	-0.15743553	-0.19638166	BB	0	0.0309174507243798	-0.14838386	-0.18540987	BB	0	0.0275118321926982	ct3VSct4	0.0034056185316816	0	0.0034056185316816
367	9	12	-0.15743553	-0.16028141	BB	0	0.0252339887324973	-0.14838386	-0.13463165	BB	0	0.019977163905169	ct3VSct4	0.0052568248273283	0	0.0052568248273283
368	9	13	-0.15743553	-0.11455982	BB	0	0.0180357859784046	-0.14838386	-1.3994537e-05	BB	0	2.07656341897282e-06	ct3VSct4	0.0180337094149856	0	0.0180337094149856
369	9	14	-0.15743553	-0.19694965	BB	0	0.0310068725310645	-0.14838386	-0.19444767	BB	0	0.0288528958426062	ct3VSct4	0.0021539766884583	0	0.0021539766884583
370	9	15	-0.15743553	-0.20676996	BB	0	0.0325529382406788	-0.14838386	-0.20818817	BB	0	0.0308917642709362	ct3VSct4	0.0016611739697426	0	0.0016611739697426
371	9	16	-0.15743553	-0.19555677	BB	0	0.0307875837300381	-0.14838386	-0.18710877	BB	0	0.0277639215324522	ct3VSct4	0.0030236621975859	0	0.0030236621975859
372	9	17	-0.15743553	-0.19100095	BB	0	0.0300703357937535	-0.14838386	-0.18609775	BB	0	0.027613902482315	ct3VSct4	0.00245643331143849	0	0.0024564333114385
373	9	18	-0.15743553	-0.18987862	BB	0	0.0298936411753686	-0.14838386	-0.19291348	BB	0	0.0286252468084328	ct3VSct4	0.0012683943669358	0	0.0012683943669358
374	9	19	-0.15743553	-0.15944314	BB	0	0.0251020152507642	-0.14838386	-0.15302515	BB	0	0.022706462434079	ct3VSct4	0.0023955528166852	0	0.0023955528166852
375	9	20	-0.15743553	0.054914255	BA	0	0	-0.14838386	0.067270407	BA	0	0	ct3VSct4	0.00133638781395087	0	0
376	9	21	-0.15743553	-0.01455958	BB	0	0.0022921951938774	-0.14838386	-0.092687347	BB	0	0.0137533063210194	ct3VSct4	-0.011461111127142	0	-0.011461111127142
377	9	22	-0.15743553	-0.15076104	BB	0	0.0237351442357512	-0.14838386	-0.19244915	BB	0	0.028556347730719	ct3VSct4	-0.0048212034949678	0	-0.0048212034949678
378	9	23	-0.15743553	-0.014486541	BB	0	0.00228069626020173	-0.14838386	-0.082904505	BB	0	0.0123016904632893	ct3VSct4	-0.0100209942030876	0	-0.0100209942030876
379	9	24	-0.15743553	-0.15360689	BB	0	0.0241831821388017	-0.14838386	-0.18756089	BB	0	0.0278310088432354	ct3VSct4	-0.00364782670443371	0	-0.0036478267044337
380	9	25	-0.15743553	-0.17528898	BB	0	0.0275967134694594	-0.14838386	-0.176658	BB	0	0.02621319593988	ct3VSct4	0.0013835175295794	0	0.0013835175295794
381	9	26	-0.15743553	0.034817162	BA	0	0	-0.14838386	0.046911147	BA	0	0	ct3VSct4	0.00147939871632156	0	0
382	9	27	-0.15743553	-0.13150274	BB	0	0.0207032035683522	-0.14838386	-0.12160587	BB	0	0.0180443483892582	ct3VSct4	0.002658855179094	0	0.002658855179094
383	9	28	-0.15743553	-0.19158984	BB	0	0.0301630480030152	-0.14838386	-0.20294332	BB	0	0.0301135131828152	ct3VSct4	4.95348201999986e-05	0	4.9534820200002e-05
384	9	29	-0.15743553	-0.12514643	BB	0	0.0197024945346579	-0.14838386	-0.11742039	BB	0	0.0174232907109054	ct3VSct4	0.0022792038237525	0	0.0022792038237525
385	9	30	-0.15743553	-0.18395331	BB	0	0.0289607868551043	-0.14838386	-0.18628952	BB	0	0.0276423580551472	ct3VSct4	0.0013184287999571	0	0.0013184287999571
386	9	31	-0.15743553	-0.079477947	BB	0	0.0125126527092569	-0.14838386	-0.026242096	BB	0	0.00389390349897056	ct3VSct4	0.00861874921028635	0	0.00861874921028634
387	9	32	-0.15743553	0.11143501	BA	0	0	-0.14838386	0.11104545	BA	0	0	ct3VSct4	-0.0010664773534683	0	0
388	9	33	-0.15743553	-0.083578057	BB	0	0.0131581557001652	-0.14838386	-0.13439603	BB	0	0.0199422017000758	ct3VSct4	-0.00678404599991059	0	-0.0067840459999106
389	9	34	-0.15743553	-0.14780161	BB	0	0.0232692248052033	-0.14838386	-0.19089042	BB	0	0.0283250573566212	ct3VSct4	-0.0050558325514179	0	-0.0050558325514179
390	9	35	-0.15743553	0.046479583	BA	0	0	-0.14838386	-0.0071459731	BB	0	0.00106034707203417	ct3VSct4	-0.00837788485581815	0	-0.00106034707203417
391	9	36	-0.15743553	-0.059539951	BB	0	0.00937370374185903	-0.14838386	-0.09546514	BB	0	0.0141654859686404	ct3VSct4	-0.00479178222678137	0	-0.00479178222678137
392	9	37	-0.15743553	0.13002355	BA	0	0	-0.14838386	0.078333614	BA	0	0	ct3VSct4	-0.00884688249366146	0	0
393	9	38	-0.15743553	-0.090405284	BB	0	0.0142330038013405	-0.14838386	-0.12562377	BB	0	0.0186405399003522	ct3VSct4	-0.00440753609901168	0	-0.0044075360990117
394	9	39	-0.15743553	0.17347666	BA	0	0	-0.14838386	0.15790873	BA	0	0	ct3VSct4	-0.003880283024632	0	0
395	9	40	-0.15743553	0.17695382	BA	0	0	-0.14838386	0.17291261	BA	0	0	ct3VSct4	-0.00220137792275	0	0
396	9	41	-0.15743553	0.17829669	BA	0	0	-0.14838386	0.18335729	BA	0	0	ct3VSct4	-0.000862971438056297	0	0
397	9	42	-0.15743553	0.14756948	BA	0	0	-0.14838386	0.1628178	BA	0	0	ct3VSct4	0.000926854345083605	0	0
398	9	43	-0.15743553	-0.16357241	BB	0	0.0257521090617273	-0.14838386	-0.17132332	BB	0	0.0254216155296152	ct3VSct4	0.000330493532112099	0	0.000330493532112099
399	9	44	-0.15743553	-0.17446408	BB	0	0.0274668449007624	-0.14838386	-0.16783001	BB	0	0.0249032647076386	ct3VSct4	0.00256358019312379	0	0.0025635801931238
400	9	45	-0.15743553	0.066227762	BA	0	0	-0.14838386	0.14089042	BA	0	0	ct3VSct4	0.0104792615454373	0	0
401	9	46	-0.15743553	-0.032986415	BB	0	0.00519323372832495	-0.14838386	-0.10152237	BB	0	0.0150642811369482	ct3VSct4	-0.00987104740862325	0	-0.00987104740862325
402	9	47	-0.15743553	0.17300806	BA	0	0	-0.14838386	0.15886527	BA	0	0	ct3VSct4	-0.0036645736378296	0	0
403	9	48	-0.15743553	0.15073365	BA	0	0	-0.14838386	0.09525499	BA	0	0	ct3VSct4	-0.0095965289761231	0	0
404	9	49	-0.15743553	0.083039757	BA	0	0	-0.14838386	-0.01745302	BB	0	0.0025897464762572	ct3VSct4	-0.0156631546306234	0	-0.0025897464762572
405	9	50	-0.15743553	0.088158697	BA	0	0	-0.14838386	0.053211025	BA	0	0	ct3VSct4	-0.00598365390224791	0	0
406	10	11	-0.19242186	-0.19638166	BB	0	0.0377881242870876	-0.18504188	-0.18540987	BB	0	0.0343085909153556	ct3VSct4	0.00347953337173201	0	0.00347953337173201
407	10	12	-0.19242186	-0.16028141	BB	0	0.0308416470356226	-0.18504188	-0.13463165	BB	0	0.024912493623502	ct3VSct4	0.0059291534121206	0	0.0059291534121206
408	10	13	-0.19242186	-0.11455982	BB	0	0.0220438136456652	-0.18504188	-1.3994537e-05	BB	0	2.58957543620956e-06	ct3VSct4	0.022041224070229	0	0.022041224070229
409	10	14	-0.19242186	-0.19694965	BB	0	0.037897417979349	-0.18504188	-0.19444767	BB	0	0.0359809624184196	ct3VSct4	0.0019164555609294	0	0.0019164555609294
410	10	15	-0.19242186	-0.20676996	BB	0	0.0397870602953256	-0.18504188	-0.20818817	BB	0	0.0385235303705596	ct3VSct4	0.00126352992476601	0	0.00126352992476601
411	10	16	-0.19242186	-0.19555677	BB	0	0.0376293974189922	-0.18504188	-0.18710877	BB	0	0.0346229585652876	ct3VSct4	0.0030064388537046	0	0.0030064388537046
412	10	17	-0.19242186	-0.19100095	BB	0	0.036752758060767	-0.18504188	-0.18609775	BB	0	0.03443587752377	ct3VSct4	0.002316880536997	0	0.002316880536997
413	10	18	-0.19242186	-0.18987862	BB	0	0.0365367972346332	-0.18504188	-0.19291348	BB	0	0.0356970730165424	ct3VSct4	0.000839724218090802	0	0.000839724218090795
414	10	19	-0.19242186	-0.15944314	BB	0	0.0306803455630404	-0.18504188	-0.15302515	BB	0	0.028316061443282	ct3VSct4	0.00236428411975841	0	0.0023642841197584
415	10	20	-0.19242186	0.054914255	BA	0	0	-0.18504188	0.067270407	BA	0	0	ct3VSct4	0.00188113949203086	0	0
416	10	21	-0.19242186	-0.01455958	BB	0	0.0028015814644188	-0.18504188	-0.092687347	BB	0	0.0171510409410924	ct3VSct4	-0.0143494594766736	0	-0.0143494594766736
417	10	22	-0.19242186	-0.15076104	BB	0	0.0290097197323344	-0.18504188	-0.19244915	BB	0	0.035611152520402	ct3VSct4	-0.0066014327880676	0	-0.0066014327880676
418	10	23	-0.19242186	-0.014486541	BB	0	0.00278752716418626	-0.18504188	-0.082904505	BB	0	0.0153408054656694	ct3VSct4	-0.0125532783014831	0	-0.0125532783014831
419	10	24	-0.19242186	-0.15360689	BB	0	0.0295573234826154	-0.18504188	-0.18756089	BB	0	0.0347066197000732	ct3VSct4	-0.0051492962174578	0	-0.0051492962174578
420	10	25	-0.19242186	-0.17528898	BB	0	0.0337294315691028	-0.18504188	-0.176658	BB	0	0.03268912843704	ct3VSct4	0.0010403031320628	0	0.0010403031320628
421	10	26	-0.19242186	0.034817162	BA	0	0	-0.18504188	0.046911147	BA	0	0	ct3VSct4	0.00198094376187504	0	0
422	10	27	-0.19242186	-0.13150274	BB	0	0.0253040018258964	-0.18504188	-0.12160587	BB	0	0.0225021788038356	ct3VSct4	0.0028018230220608	0	0.0028018230220608
423	10	28	-0.19242186	-0.19158984	BB	0	0.0368660733699024	-0.18504188	-0.20294332	BB	0	0.0375530134662416	ct3VSct4	-0.000686940096339198	0	-0.000686940096339198
424	10	29	-0.19242186	-0.12514643	BB	0	0.0240809088329598	-0.18504188	-0.11742039	BB	0	0.0217276897159332	ct3VSct4	0.0023532191170266	0	0.0023532191170266
425	10	30	-0.19242186	-0.18395331	BB	0	0.0353966380633566	-0.18504188	-0.18628952	BB	0	0.0344713630050976	ct3VSct4	0.000925275058259005	0	0.000925275058258998
426	10	31	-0.19242186	-0.079477947	BB	0	0.0152932943907214	-0.18504188	-0.026242096	BB	0	0.00485588677898048	ct3VSct4	0.0104374076117409	0	0.0104374076117409
427	10	32	-0.19242186	0.11143501	BA	0	0	-0.18504188	0.11104545	BA	0	0	ct3VSct4	-0.0008944730598726	0	0
428	10	33	-0.19242186	-0.083578057	BB	0	0.016082245183126	-0.18504188	-0.13439603	BB	0	0.0248688940557364	ct3VSct4	-0.00878664887261038	0	-0.0087866488726104
429	10	34	-0.19242186	-0.14780161	BB	0	0.0284402607071946	-0.18504188	-0.19089042	BB	0	0.0353227221907896	ct3VSct4	-0.006882461483595	0	-0.006882461483595
430	10	35	-0.19242186	0.046479583	BA	0	0	-0.18504188	-0.0071459731	BB	0	0.00132230429685343	ct3VSct4	-0.0102659921097378	0	-0.00132230429685343
431	10	36	-0.19242186	-0.059539951	BB	0	0.0114567881157289	-0.18504188	-0.09546514	BB	0	0.0176650489800632	ct3VSct4	-0.00620826086433434	0	-0.0062082608643343
432	10	37	-0.19242186	0.13002355	BA	0	0	-0.18504188	0.078333614	BA	0	0	ct3VSct4	-0.0105243741330487	0	0
433	10	38	-0.19242186	-0.090405284	BB	0	0.0173959529011082	-0.18504188	-0.12562377	BB	0	0.0232456585734876	ct3VSct4	-0.00584970567237936	0	-0.0058497056723794
434	10	39	-0.19242186	0.17347666	BA	0	0	-0.18504188	0.15790873	BA	0	0	ct3VSct4	-0.0041609733161752	0	0
435	10	40	-0.19242186	0.17695382	BA	0	0	-0.18504188	0.17291261	BA	0	0	ct3VSct4	-0.00205370874839841	0	0
436	10	41	-0.19242186	0.17829669	BA	0	0	-0.18504188	0.18335729	BA	0	0	ct3VSct4	-0.000379403068338197	0	0
437	10	42	-0.19242186	0.14756948	BA	0	0	-0.18504188	0.1628178	BA	0	0	ct3VSct4	0.0017325179886312	0	0
438	10	43	-0.19242186	-0.16357241	BB	0	0.0314749073768826	-0.18504188	-0.17132332	BB	0	0.0317019892206416	ct3VSct4	-0.000227081843759004	0	-0.000227081843759004
439	10	44	-0.19242186	-0.17446408	BB	0	0.0335707027767888	-0.18504188	-0.16783001	BB	0	0.0310555805708188	ct3VSct4	0.00251512220597	0	0.00251512220597
440	10	45	-0.19242186	0.066227762	BA	0	0	-0.18504188	0.14089042	BA	0	0	ct3VSct4	0.0133269590431123	0	0
441	10	46	-0.19242186	-0.032986415	BB	0	0.0063473073290319	-0.18504188	-0.10152237	BB	0	0.0187858902068556	ct3VSct4	-0.0124385828778237	0	-0.0124385828778237
442	10	47	-0.19242186	0.17300806	BA	0	0	-0.18504188	0.15886527	BA	0	0	ct3VSct4	-0.003893804472684	0	0
443	10	48	-0.19242186	0.15073365	BA	0	0	-0.18504188	0.09525499	BA	0	0	ct3VSct4	-0.0113782868686078	0	0
444	10	49	-0.19242186	0.083039757	BA	0	0	-0.18504188	-0.01745302	BB	0	0.0032295396324776	ct3VSct4	-0.0192082041283656	0	-0.0032295396324776
445	10	50	-0.19242186	0.088158697	BA	0	0	-0.18504188	0.053211025	BA	0	0	ct3VSct4	-0.00711739234918942	0	0
446	11	12	-0.19638166	-0.16028141	BB	0	0.0314763293629406	-0.18540987	-0.13463165	BB	0	0.0249620367243855	ct3VSct4	0.00651429263855511	0	0.0065142926385551
447	11	13	-0.19638166	-0.11455982	BB	0	0.0224974476209012	-0.18540987	-1.3994537e-05	BB	0	2.59472528588019e-06	ct3VSct4	0.0224948528956153	0	0.0224948528956153
448	11	14	-0.19638166	-0.19694965	BB	0	0.038677299203419	-0.18540987	-0.19444767	BB	0	0.0360525172165029	ct3VSct4	0.0026247819869161	0	0.0026247819869161
449	11	15	-0.19638166	-0.20676996	BB	0	0.0406058279829336	-0.18540987	-0.20818817	BB	0	0.0386001415352379	ct3VSct4	0.00200568644769571	0	0.0020056864476957
450	11	16	-0.19638166	-0.19555677	BB	0	0.0384037631168382	-0.18540987	-0.18710877	BB	0	0.0346918127215599	ct3VSct4	0.0037119503952783	0	0.0037119503952783
451	11	17	-0.19638166	-0.19100095	BB	0	0.037509083622577	-0.18540987	-0.18609775	BB	0	0.0345043596347925	ct3VSct4	0.0030047239877845	0	0.0030047239877845
452	11	18	-0.19638166	-0.18987862	BB	0	0.0372886785941092	-0.18540987	-0.19291348	BB	0	0.0357680632480476	ct3VSct4	0.00152061534606161	0	0.0015206153460616
453	11	19	-0.19638166	-0.15944314	BB	0	0.0313117085088124	-0.18540987	-0.15302515	BB	0	0.0283723731682305	ct3VSct4	0.0029393353405819	0	0.0029393353405819
454	11	20	-0.19638166	0.054914255	BA	0	0	-0.18540987	0.067270407	BA	0	0	ct3VSct4	0.00168844486215379	0	0
455	11	21	-0.19638166	-0.01455958	BB	0	0.0028592344893028	-0.18540987	-0.092687347	BB	0	0.0171851489579149	ct3VSct4	-0.0143259144686121	0	-0.0143259144686121
456	11	22	-0.19638166	-0.15076104	BB	0	0.0296067032985264	-0.18540987	-0.19244915	BB	0	0.0356819718831105	ct3VSct4	-0.0060752685845841	0	-0.0060752685845841
457	11	23	-0.19638166	-0.014486541	BB	0	0.00284489096923806	-0.18540987	-0.082904505	BB	0	0.0153713134944644	ct3VSct4	-0.0125264225252263	0	-0.0125264225252263
458	11	24	-0.19638166	-0.15360689	BB	0	0.0301655760456374	-0.18540987	-0.18756089	BB	0	0.0347756402319843	ct3VSct4	-0.0046100641863469	0	-0.0046100641863469
459	11	25	-0.19638166	-0.17528898	BB	0	0.0344235408721068	-0.18540987	-0.176658	BB	0	0.03275413681446	ct3VSct4	0.0016694040576468	0	0.0016694040576468
460	11	26	-0.19638166	0.034817162	BA	0	0	-0.18540987	0.046911147	BA	0	0	ct3VSct4	0.00186033759677197	0	0
461	11	27	-0.19638166	-0.13150274	BB	0	0.0258247263757484	-0.18540987	-0.12160587	BB	0	0.0225469285479369	ct3VSct4	0.0032777978278115	0	0.0032777978278115
462	11	28	-0.19638166	-0.19158984	BB	0	0.0376247308183344	-0.18540987	-0.20294332	BB	0	0.0376276945785684	ct3VSct4	-2.96376023400241e-06	0	-2.96376023399547e-06
463	11	29	-0.19638166	-0.12514643	BB	0	0.0245764636664738	-0.18540987	-0.11742039	BB	0	0.0217708992452493	ct3VSct4	0.0028055644212245	0	0.0028055644212245
464	11	30	-0.19638166	-0.18395331	BB	0	0.0361250563802946	-0.18540987	-0.18628952	BB	0	0.0345399156855624	ct3VSct4	0.00158514069473221	0	0.00158514069473219
465	11	31	-0.19638166	-0.079477947	BB	0	0.015608011165252	-0.18540987	-0.026242096	BB	0	0.00486554360788752	ct3VSct4	0.0107424675573645	0	0.0107424675573645
466	11	32	-0.19638166	0.11143501	BA	0	0	-0.18540987	0.11104545	BA	0	0	ct3VSct4	-0.0012948697973251	0	0
467	11	33	-0.19638166	-0.083578057	BB	0	0.0164131975732346	-0.18540987	-0.13439603	BB	0	0.0249183504508161	ct3VSct4	-0.00850515287758148	0	-0.0085051528775815
468	11	34	-0.19638166	-0.14780161	BB	0	0.0290255255224726	-0.18540987	-0.19089042	BB	0	0.0353929679564454	ct3VSct4	-0.0063674424339728	0	-0.0063674424339728
469	11	35	-0.19638166	0.046479583	BA	0	0	-0.18540987	-0.0071459731	BB	0	0.0013249339434945	ct3VSct4	-0.0104526716091423	0	-0.0013249339434945
470	11	36	-0.19638166	-0.059539951	BB	0	0.0116925544136987	-0.18540987	-0.09546514	BB	0	0.0177001791969318	ct3VSct4	-0.00600762478323314	0	-0.0060076247832331
471	11	37	-0.19638166	0.13002355	BA	0	0	-0.18540987	0.078333614	BA	0	0	ct3VSct4	-0.0110104153997228	0	0
472	11	38	-0.19638166	-0.090405284	BB	0	0.0177539397446914	-0.18540987	-0.12562377	BB	0	0.0232918868646099	ct3VSct4	-0.00553794711991846	0	-0.0055379471199185
473	11	39	-0.19638166	0.17347666	BA	0	0	-0.18540987	0.15790873	BA	0	0	ct3VSct4	-0.0047897973608905	0	0
474	11	40	-0.19638166	0.17695382	BA	0	0	-0.18540987	0.17291261	BA	0	0	ct3VSct4	-0.00269078037348051	0	0
475	11	41	-0.19638166	0.17829669	BA	0	0	-0.18540987	0.18335729	BA	0	0	ct3VSct4	-0.0010179486522531	0	0
476	11	42	-0.19638166	0.14756948	BA	0	0	-0.18540987	0.1628178	BA	0	0	ct3VSct4	0.0012080876839492	0	0
477	11	43	-0.19638166	-0.16357241	BB	0	0.0321226214060006	-0.18540987	-0.17132332	BB	0	0.0317650344891684	ct3VSct4	0.000357586916832207	0	0.0003575869168322
478	11	44	-0.19638166	-0.17446408	BB	0	0.0342615456407728	-0.18540987	-0.16783001	BB	0	0.0311173403361987	ct3VSct4	0.0031442053045741	0	0.0031442053045741
479	11	45	-0.19638166	0.066227762	BA	0	0	-0.18540987	0.14089042	BA	0	0	ct3VSct4	0.0131165566168005	0	0
480	11	46	-0.19638166	-0.032986415	BB	0	0.0064779269351489	-0.18540987	-0.10152237	BB	0	0.0188232494237919	ct3VSct4	-0.012345322488643	0	-0.012345322488643
481	11	47	-0.19638166	0.17300806	BA	0	0	-0.18540987	0.15886527	BA	0	0	ct3VSct4	-0.0045204209579647	0	0
482	11	48	-0.19638166	0.15073365	BA	0	0	-0.18540987	0.09525499	BA	0	0	ct3VSct4	-0.0119401090921077	0	0
483	11	49	-0.19638166	0.083039757	BA	0	0	-0.18540987	-0.01745302	BB	0	0.0032359621693074	ct3VSct4	-0.019543447494964	0	-0.0032359621693074
484	11	50	-0.19638166	0.088158697	BA	0	0	-0.18540987	0.053211025	BA	0	0	ct3VSct4	-0.00744690203248027	0	0
485	12	13	-0.16028141	-0.11455982	BB	0	0.0183618094789462	-0.13463165	-1.3994537e-05	BB	0	1.88410760729605e-06	ct3VSct4	0.0183599253713389	0	0.0183599253713389
486	12	14	-0.16028141	-0.19694965	BB	0	0.0315673676010065	-0.13463165	-0.19444767	BB	0	0.0261788106507555	ct3VSct4	0.005388556950251	0	0.005388556950251
487	12	15	-0.16028141	-0.20676996	BB	0	0.0331413807344436	-0.13463165	-0.20818817	BB	0	0.0280287168375805	ct3VSct4	0.0051126638968631	0	0.0051126638968631
488	12	16	-0.16028141	-0.19555677	BB	0	0.0313441148306457	-0.13463165	-0.18710877	BB	0	0.0251907624345705	ct3VSct4	0.0061533523960752	0	0.0061533523960752
489	12	17	-0.16028141	-0.19100095	BB	0	0.0306139015773395	-0.13463165	-0.18609775	BB	0	0.0250546471437875	ct3VSct4	0.005559254433552	0	0.005559254433552
490	12	18	-0.16028141	-0.18987862	BB	0	0.0304340129424542	-0.13463165	-0.19291348	BB	0	0.025972260119642	ct3VSct4	0.0044617528228122	0	0.0044617528228122
491	12	19	-0.16028141	-0.15944314	BB	0	0.0255557712940274	-0.13463165	-0.15302515	BB	0	0.0206020284359975	ct3VSct4	0.0049537428580299	0	0.0049537428580299
492	12	20	-0.16028141	0.054914255	BA	0	0	-0.13463165	0.067270407	BA	0	0	ct3VSct4	0.000254991670081998	0	0
493	12	21	-0.16028141	-0.01455958	BB	0	0.0023336300114078	-0.13463165	-0.092687347	BB	0	0.0124786504607326	ct3VSct4	-0.0101450204493248	0	-0.0101450204493248
494	12	22	-0.16028141	-0.15076104	BB	0	0.0241641920642664	-0.13463165	-0.19244915	BB	0	0.0259097466055975	ct3VSct4	-0.00174555454133109	0	-0.0017455545413311
495	12	23	-0.16028141	-0.014486541	BB	0	0.00232192321750281	-0.13463165	-0.082904505	BB	0	0.0111615703005833	ct3VSct4	-0.00883964708308044	0	-0.00883964708308049
496	12	24	-0.16028141	-0.15360689	BB	0	0.0246203289149149	-0.13463165	-0.18756089	BB	0	0.0252516320961685	ct3VSct4	-0.000631303181253599	0	-0.000631303181253599
497	12	25	-0.16028141	-0.17528898	BB	0	0.0280955648718618	-0.13463165	-0.176658	BB	0	0.0237837580257	ct3VSct4	0.0043118068461618	0	0.0043118068461618
498	12	26	-0.16028141	0.034817162	BA	0	0	-0.13463165	0.046911147	BA	0	0	ct3VSct4	0.000735181306444129	0	0
499	12	27	-0.16028141	-0.13150274	BB	0	0.0210774445860634	-0.13463165	-0.12160587	BB	0	0.0163719989277855	ct3VSct4	0.0047054456582779	0	0.0047054456582779
500	12	28	-0.16028141	-0.19158984	BB	0	0.0307082896968744	-0.13463165	-0.20294332	BB	0	0.027322594028078	ct3VSct4	0.0033856956687964	0	0.0033856956687964
501	12	29	-0.16028141	-0.12514643	BB	0	0.0200586462568663	-0.13463165	-0.11742039	BB	0	0.0158085008493435	ct3VSct4	0.0042501454075228	0	0.0042501454075228
502	12	30	-0.16028141	-0.18395331	BB	0	0.0294842959009671	-0.13463165	-0.18628952	BB	0	0.025080465455308	ct3VSct4	0.00440383044565911	0	0.0044038304456591
503	12	31	-0.16028141	-0.079477947	BB	0	0.0127388374090653	-0.13463165	-0.026242096	BB	0	0.0035330166839384	ct3VSct4	0.00920582072512687	0	0.0092058207251269
504	12	32	-0.16028141	0.11143501	BA	0	0	-0.13463165	0.11104545	BA	0	0	ct3VSct4	-0.0029107283676716	0	0
505	12	33	-0.16028141	-0.083578057	BB	0	0.0133960088210204	-0.13463165	-0.13439603	BB	0	0.0180939592723495	ct3VSct4	-0.00469795045132913	0	-0.0046979504513291
506	12	34	-0.16028141	-0.14780161	BB	0	0.0236898504510701	-0.13463165	-0.19089042	BB	0	0.025699892213793	ct3VSct4	-0.0020100417627229	0	-0.0020100417627229
507	12	35	-0.16028141	0.046479583	BA	0	0	-0.13463165	-0.0071459731	BB	0	0.000962074149308615	ct3VSct4	-0.00841188724876065	0	-0.000962074149308615
508	12	36	-0.16028141	-0.059539951	BB	0	0.00954314729761091	-0.13463165	-0.09546514	BB	0	0.012852629315681	ct3VSct4	-0.00330948201807009	0	-0.00330948201807009
509	12	37	-0.16028141	0.13002355	BA	0	0	-0.13463165	0.078333614	BA	0	0	ct3VSct4	-0.0102941742239224	0	0
510	12	38	-0.16028141	-0.090405284	BB	0	0.0144902863909704	-0.13463165	-0.12562377	BB	0	0.0169129354343205	ct3VSct4	-0.00242264904335006	0	-0.0024226490433501
511	12	39	-0.16028141	0.17347666	BA	0	0	-0.13463165	0.15790873	BA	0	0	ct3VSct4	-0.0065455707975861	0	0
512	12	40	-0.16028141	0.17695382	BA	0	0	-0.13463165	0.17291261	BA	0	0	ct3VSct4	-0.00508289778437971	0	0
513	12	41	-0.16028141	0.17829669	BA	0	0	-0.13463165	0.18335729	BA	0	0	ct3VSct4	-0.00389195037930441	0	0
514	12	42	-0.16028141	0.14756948	BA	0	0	-0.13463165	0.1628178	BA	0	0	ct3VSct4	-0.0017322152639968	0	0
515	12	43	-0.16028141	-0.16357241	BB	0	0.0262176165118981	-0.13463165	-0.17132332	BB	0	0.023065541255078	ct3VSct4	0.0031520752568201	0	0.0031520752568201
516	12	44	-0.16028141	-0.17446408	BB	0	0.0279633487367528	-0.13463165	-0.16783001	BB	0	0.0225952311658165	ct3VSct4	0.0053681175709363	0	0.0053681175709363
517	12	45	-0.16028141	0.066227762	BA	0	0	-0.13463165	0.14089042	BA	0	0	ct3VSct4	0.00835323063928858	0	0
518	12	46	-0.16028141	-0.032986415	BB	0	0.00528710910704515	-0.13463165	-0.10152237	BB	0	0.0136681241850105	ct3VSct4	-0.00838101507796535	0	-0.00838101507796535
519	12	47	-0.16028141	0.17300806	BA	0	0	-0.13463165	0.15886527	BA	0	0	ct3VSct4	-0.0063416823703691	0	0
520	12	48	-0.16028141	0.15073365	BA	0	0	-0.13463165	0.09525499	BA	0	0	ct3VSct4	-0.011335465482013	0	0
521	12	49	-0.16028141	0.083039757	BA	0	0	-0.13463165	-0.01745302	BB	0	0.002349728880083	ct3VSct4	-0.0156594582181004	0	-0.002349728880083
522	12	50	-0.16028141	0.088158697	BA	0	0	-0.13463165	0.053211025	BA	0	0	ct3VSct4	-0.00696631216498152	0	0
523	13	14	-0.11455982	-0.19694965	BB	0	0.022562516453063	-1.3994537e-05	-0.19444767	BB	0	2.72120511237879e-06	ct3VSct4	0.0225597952479506	0	0.0225597952479506
524	13	15	-0.11455982	-0.20676996	BB	0	0.0236875293990072	-1.3994537e-05	-0.20818817	BB	0	2.91349704802729e-06	ct3VSct4	0.0236846159019592	0	0.0236846159019592
525	13	16	-0.11455982	-0.19555677	BB	0	0.0224029483709814	-1.3994537e-05	-0.18710877	BB	0	2.61850060478949e-06	ct3VSct4	0.0224003298703766	0	0.0224003298703766
526	13	17	-0.11455982	-0.19100095	BB	0	0.021881034451829	-1.3994537e-05	-0.18609775	BB	0	2.60435184799175e-06	ct3VSct4	0.021878430099981	0	0.021878430099981
527	13	18	-0.11455982	-0.18987862	BB	0	0.0217524605290484	-1.3994537e-05	-0.19291348	BB	0	2.69973483365876e-06	ct3VSct4	0.0217497607942147	0	0.0217497607942147
528	13	19	-0.11455982	-0.15944314	BB	0	0.0182657774186348	-1.3994537e-05	-0.15302515	BB	0	2.14151612360555e-06	ct3VSct4	0.0182636359025112	0	0.0182636359025112
529	13	20	-0.11455982	0.054914255	BA	0	0	-1.3994537e-05	0.067270407	BA	0	0	ct3VSct4	-0.00629002575003433	0	0
530	13	21	-0.11455982	-0.01455958	BB	0	0.0016679428640756	-1.3994537e-05	-0.092687347	BB	0	1.29711650702334e-06	ct3VSct4	0.00166664574756858	0	0.00166664574756858
531	13	22	-0.11455982	-0.15076104	BB	0	0.0172711576054128	-1.3994537e-05	-0.19244915	BB	0	2.69323675029355e-06	ct3VSct4	0.0172684643686625	0	0.0172684643686625
532	13	23	-0.11455982	-0.014486541	BB	0	0.00165957552938262	-1.3994537e-05	-0.082904505	BB	0	1.16021016268919e-06	ct3VSct4	0.00165841531921993	0	0.00165841531921993
533	13	24	-0.11455982	-0.15360689	BB	0	0.0175971776691598	-1.3994537e-05	-0.18756089	BB	0	2.62482781485793e-06	ct3VSct4	0.0175945528413449	0	0.0175945528413449
534	13	25	-0.11455982	-0.17528898	BB	0	0.0200810739967836	-1.3994537e-05	-0.176658	BB	0	2.472246917346e-06	ct3VSct4	0.0200786017498663	0	0.0200786017498663
535	13	26	-0.11455982	0.034817162	BA	0	0	-1.3994537e-05	0.046911147	BA	0	0	ct3VSct4	-0.00398799131184844	0	0
536	13	27	-0.11455982	-0.13150274	BB	0	0.0150649302239068	-1.3994537e-05	-0.12160587	BB	0	1.70181784713219e-06	ct3VSct4	0.0150632284060597	0	0.0150632284060597
537	13	28	-0.11455982	-0.19158984	BB	0	0.0219484975842288	-1.3994537e-05	-0.20294332	BB	0	2.84009780064284e-06	ct3VSct4	0.0219456574864282	0	0.0219456574864282
538	13	29	-0.11455982	-0.12514643	BB	0	0.0143367524944426	-1.3994537e-05	-0.11742039	BB	0	1.64324399240943e-06	ct3VSct4	0.0143351092504502	0	0.0143351092504502
539	13	30	-0.11455982	-0.18395331	BB	0	0.0210736580820042	-1.3994537e-05	-0.18628952	BB	0	2.60703558035224e-06	ct3VSct4	0.0210710510464238	0	0.0210710510464238
540	13	31	-0.11455982	-0.079477947	BB	0	0.00910497930228954	-1.3994537e-05	-0.026242096	BB	0	3.67245983429552e-07	ct3VSct4	0.00910461205630611	0	0.00910461205630611
541	13	32	-0.11455982	0.11143501	BA	0	0	-1.3994537e-05	0.11104545	BA	0	0	ct3VSct4	-0.0127644206576395	0	0
542	13	33	-0.11455982	-0.083578057	BB	0	0.00957468716586974	-1.3994537e-05	-0.13439603	BB	0	1.88081021448811e-06	ct3VSct4	0.00957280635565525	0	0.00957280635565525
543	13	34	-0.11455982	-0.14780161	BB	0	0.0169321258373102	-1.3994537e-05	-0.19089042	BB	0	2.67142304563554e-06	ct3VSct4	0.0169294544142646	0	0.0169294544142646
544	13	35	-0.11455982	0.046479583	BA	0	0	-1.3994537e-05	-0.0071459731	BB	0	1.00004584948955e-07	ct3VSct4	-0.00532479266674001	0	-1.00004584948955e-07
545	13	36	-0.11455982	-0.059539951	BB	0	0.00682088606936882	-1.3994537e-05	-0.09546514	BB	0	1.33599043394018e-06	ct3VSct4	0.00681955007893488	0	0.00681955007893488
546	13	37	-0.11455982	0.13002355	BA	0	0	-1.3994537e-05	0.078333614	BA	0	0	ct3VSct4	-0.0148943782411015	0	0
547	13	38	-0.11455982	-0.090405284	BB	0	0.0103568130620889	-1.3994537e-05	-0.12562377	BB	0	1.75804649734449e-06	ct3VSct4	0.0103550550155915	0	0.0103550550155916
548	13	39	-0.11455982	0.17347666	BA	0	0	-1.3994537e-05	0.15790873	BA	0	0	ct3VSct4	-0.0198712450842366	0	0
549	13	40	-0.11455982	0.17695382	BA	0	0	-1.3994537e-05	0.17291261	BA	0	0	ct3VSct4	-0.020269377935594	0	0
550	13	41	-0.11455982	0.17829669	BA	0	0	-1.3994537e-05	0.18335729	BA	0	0	ct3VSct4	-0.0204230707126167	0	0
551	13	42	-0.11455982	0.14756948	BA	0	0	-1.3994537e-05	0.1628178	BA	0	0	ct3VSct4	-0.0169032545065672	0	0
552	13	43	-0.11455982	-0.16357241	BB	0	0.0187388258465662	-1.3994537e-05	-0.17132332	BB	0	2.39759054070284e-06	ct3VSct4	0.0187364282560255	0	0.0187364282560255
553	13	44	-0.11455982	-0.17446408	BB	0	0.0199865736012656	-1.3994537e-05	-0.16783001	BB	0	2.34870328465537e-06	ct3VSct4	0.0199842248979809	0	0.0199842248979809
554	13	45	-0.11455982	0.066227762	BA	0	0	-1.3994537e-05	0.14089042	BA	0	0	ct3VSct4	-0.0075850687975272	0	0
555	13	46	-0.11455982	-0.032986415	BB	0	0.0037789177648453	-1.3994537e-05	-0.10152237	BB	0	1.42075856329269e-06	ct3VSct4	0.00377749700628201	0	0.00377749700628201
556	13	47	-0.11455982	0.17300806	BA	0	0	-1.3994537e-05	0.15886527	BA	0	0	ct3VSct4	-0.0198175489662502	0	0
557	13	48	-0.11455982	0.15073365	BA	0	0	-1.3994537e-05	0.09525499	BA	0	0	ct3VSct4	-0.017266686762461	0	0
558	13	49	-0.11455982	0.083039757	BA	0	0	-1.3994537e-05	-0.01745302	BB	0	2.4424693415174e-07	ct3VSct4	-0.00951326386169789	0	-2.4424693415174e-07
559	13	50	-0.11455982	0.088158697	BA	0	0	-1.3994537e-05	0.053211025	BA	0	0	ct3VSct4	-0.0100986997960964	0	0
560	14	15	-0.19694965	-0.20676996	BB	0	0.040723271252514	-0.19444767	-0.20818817	BB	0	0.0404817045780639	ct3VSct4	0.000241566674450105	0	0.000241566674450099
561	14	16	-0.19694965	-0.19555677	BB	0	0.0385148374066305	-0.19444767	-0.18710877	BB	0	0.0363828643630659	ct3VSct4	0.0021319730435646	0	0.00213197304356461
562	14	17	-0.19694965	-0.19100095	BB	0	0.0376175702521675	-0.19444767	-0.18609775	BB	0	0.0361862738797425	ct3VSct4	0.001431296372425	0	0.001431296372425
563	14	18	-0.19694965	-0.18987862	BB	0	0.037396527751483	-0.19444767	-0.19291348	BB	0	0.0375115766975916	ct3VSct4	-0.000115048946108601	0	-0.000115048946108601
564	14	19	-0.19694965	-0.15944314	BB	0	0.031402270617901	-0.19444767	-0.15302515	BB	0	0.0297553838689005	ct3VSct4	0.00164688674900051	0	0.0016468867490005
565	14	20	-0.19694965	0.054914255	BA	0	0	-0.19444767	0.067270407	BA	0	0	ct3VSct4	0.00226523059884094	0	0
566	14	21	-0.19694965	-0.01455958	BB	0	0.002867504185147	-0.19444767	-0.092687347	BB	0	0.0180228386626315	ct3VSct4	-0.0151553344774845	0	-0.0151553344774845
567	14	22	-0.19694965	-0.15076104	BB	0	0.029692334061636	-0.19444767	-0.19244915	BB	0	0.0374212888109805	ct3VSct4	-0.0077289547493445	0	-0.0077289547493445
568	14	23	-0.19694965	-0.014486541	BB	0	0.00285311917966065	-0.19444767	-0.082904505	BB	0	0.0161205878297533	ct3VSct4	-0.0132674686500927	0	-0.0132674686500926
569	14	24	-0.19694965	-0.15360689	BB	0	0.0302528232230885	-0.19444767	-0.18756089	BB	0	0.0364707780436263	ct3VSct4	-0.0062179548205378	0	-0.0062179548205378
570	14	25	-0.19694965	-0.17528898	BB	0	0.034523103259857	-0.19444767	-0.176658	BB	0	0.03435073648686	ct3VSct4	0.000172366772997007	0	0.000172366772997007
571	14	26	-0.19694965	0.034817162	BA	0	0	-0.19444767	0.046911147	BA	0	0	ct3VSct4	0.00226453536128419	0	0
572	14	27	-0.19694965	-0.13150274	BB	0	0.025899418617041	-0.19444767	-0.12160587	BB	0	0.0236459780798229	ct3VSct4	0.0022534405372181	0	0.0022534405372181
573	14	28	-0.19694965	-0.19158984	BB	0	0.037733551931556	-0.19444767	-0.20294332	BB	0	0.0394618557160644	ct3VSct4	-0.0017283037845084	0	-0.0017283037845084
574	14	29	-0.19694965	-0.12514643	BB	0	0.0246475455872495	-0.19444767	-0.11742039	BB	0	0.0228321212459913	ct3VSct4	0.00181542434125821	0	0.0018154243412582
575	14	30	-0.19694965	-0.18395331	BB	0	0.0362295400208415	-0.19444767	-0.18628952	BB	0	0.0362235631094184	ct3VSct4	5.97691142310147e-06	0	5.97691142310147e-06
576	14	31	-0.19694965	-0.079477947	BB	0	0.0156531538443686	-0.19444767	-0.026242096	BB	0	0.00510271442311632	ct3VSct4	0.0105504394212522	0	0.0105504394212523
577	14	32	-0.19694965	0.11143501	BA	0	0	-0.19444767	0.11104545	BA	0	0	ct3VSct4	-0.000354557200644999	0	0
578	14	33	-0.19694965	-0.083578057	BB	0	0.01646066907383	-0.19444767	-0.13439603	BB	0	0.0261329948907501	ct3VSct4	-0.00967232581692005	0	-0.0096723258169201
579	14	34	-0.19694965	-0.14780161	BB	0	0.0291094753589365	-0.19444767	-0.19089042	BB	0	0.0371181973943214	ct3VSct4	-0.0080087220353849	0	-0.0080087220353849
580	14	35	-0.19694965	0.046479583	BA	0	0	-0.19444767	-0.0071459731	BB	0	0.00138951781917768	ct3VSct4	-0.0105436554231736	0	-0.00138951781917768
581	14	36	-0.19694965	-0.059539951	BB	0	0.0117263725104671	-0.19444767	-0.09546514	BB	0	0.0185629740392238	ct3VSct4	-0.00683660152875665	0	-0.0068366015287567
582	14	37	-0.19694965	0.13002355	BA	0	0	-0.19444767	0.078333614	BA	0	0	ct3VSct4	-0.0103763039392781	0	0
583	14	38	-0.19694965	-0.090405284	BB	0	0.0178052890419506	-0.19444767	-0.12562377	BB	0	0.0244272493731159	ct3VSct4	-0.0066219603311653	0	-0.0066219603311653
584	14	39	-0.19694965	0.17347666	BA	0	0	-0.19444767	0.15790873	BA	0	0	ct3VSct4	-0.0034611828490099	0	0
585	14	40	-0.19694965	0.17695382	BA	0	0	-0.19444767	0.17291261	BA	0	0	ct3VSct4	-0.00122853878704431	0	0
586	14	41	-0.19694965	0.17829669	BA	0	0	-0.19444767	0.18335729	BA	0	0	ct3VSct4	0.000537927126355794	0	0
587	14	42	-0.19694965	0.14756948	BA	0	0	-0.19444767	0.1628178	BA	0	0	ct3VSct4	0.002595784407844	0	0
588	14	43	-0.19694965	-0.16357241	BB	0	0.0322155288991565	-0.19444767	-0.17132332	BB	0	0.0333134203906644	ct3VSct4	-0.0010978914915079	0	-0.0010978914915079
589	14	44	-0.19694965	-0.17446408	BB	0	0.034360639493572	-0.19444767	-0.16783001	BB	0	0.0326341544005767	ct3VSct4	0.00172648509299531	0	0.0017264850929953
590	14	45	-0.19694965	0.066227762	BA	0	0	-0.19444767	0.14089042	BA	0	0	ct3VSct4	0.0143522793481381	0	0
591	14	46	-0.19694965	-0.032986415	BB	0	0.00649666288900475	-0.19444767	-0.10152237	BB	0	0.0197407882993779	ct3VSct4	-0.0132441254103732	0	-0.0132441254103731
592	14	47	-0.19694965	0.17300806	BA	0	0	-0.19444767	0.15886527	BA	0	0	ct3VSct4	-0.0031828952687581	0	0
593	14	48	-0.19694965	0.15073365	BA	0	0	-0.19444767	0.09525499	BA	0	0	ct3VSct4	-0.0111648287493492	0	0
594	14	49	-0.19694965	0.083039757	BA	0	0	-0.19444767	-0.01745302	BB	0	0.0033936990734634	ct3VSct4	-0.0197483501506985	0	-0.0033936990734634
595	14	50	-0.19694965	0.088158697	BA	0	0	-0.19444767	0.053211025	BA	0	0	ct3VSct4	-0.0070160646890443	0	0
596	15	16	-0.20676996	-0.19555677	BB	0	0.0404352655106292	-0.20818817	-0.18710877	BB	0	0.0389538324172509	ct3VSct4	0.0014814330933783	0	0.0014814330933783
597	15	17	-0.20676996	-0.19100095	BB	0	0.039493258791462	-0.20818817	-0.18609775	BB	0	0.0387433500136175	ct3VSct4	0.000749908777844498	0	0.000749908777844505
598	15	18	-0.20676996	-0.18987862	BB	0	0.0392611946622552	-0.20818817	-0.19291348	BB	0	0.0401623043695316	ct3VSct4	-0.000901109707276401	0	-0.000901109707276401
599	15	19	-0.20676996	-0.15944314	BB	0	0.0329680516800744	-0.20818817	-0.15302515	BB	0	0.0318580259424755	ct3VSct4	0.00111002573759891	0	0.0011100257375989
600	15	20	-0.20676996	0.054914255	BA	0	0	-0.20818817	0.067270407	BA	0	0	ct3VSct4	0.00265028461870539	0	0
601	15	21	-0.20676996	-0.01455958	BB	0	0.0030104837742168	-0.20818817	-0.092687347	BB	0	0.019296409154085	ct3VSct4	-0.0162859253798682	0	-0.0162859253798682
602	15	22	-0.20676996	-0.15076104	BB	0	0.0311728542103584	-0.20818817	-0.19244915	BB	0	0.0400656363565555	ct3VSct4	-0.0088927821461971	0	-0.0088927821461971
603	15	23	-0.20676996	-0.014486541	BB	0	0.00299538150310836	-0.20818817	-0.082904505	BB	0	0.0172597371807059	ct3VSct4	-0.0142643556775975	0	-0.0142643556775975
604	15	24	-0.20676996	-0.15360689	BB	0	0.0317612905010244	-0.20818817	-0.18756089	BB	0	0.0390479584526713	ct3VSct4	-0.0072866679516469	0	-0.0072866679516469
605	15	25	-0.20676996	-0.17528898	BB	0	0.0362444953830408	-0.20818817	-0.176658	BB	0	0.03677810573586	ct3VSct4	-0.000533610352819201	0	-0.000533610352819201
606	15	26	-0.20676996	0.034817162	BA	0	0	-0.20818817	0.046911147	BA	0	0	ct3VSct4	0.00256720265247747	0	0
607	15	27	-0.20676996	-0.13150274	BB	0	0.0271908162896904	-0.20818817	-0.12160587	BB	0	0.0253169035365579	ct3VSct4	0.0018739127531325	0	0.0018739127531325
608	15	28	-0.20676996	-0.19158984	BB	0	0.0396150235532064	-0.20818817	-0.20294332	BB	0	0.0422503984045244	ct3VSct4	-0.002635374851318	0	-0.002635374851318
609	15	29	-0.20676996	-0.12514643	BB	0	0.0258765223252428	-0.20818817	-0.11742039	BB	0	0.0244455361147863	ct3VSct4	0.0014309862104565	0	0.0014309862104565
610	15	30	-0.20676996	-0.18395331	BB	0	0.0380360185505676	-0.20818817	-0.18628952	BB	0	0.0387832742589784	ct3VSct4	-0.000747255708410798	0	-0.000747255708410798
611	15	31	-0.20676996	-0.079477947	BB	0	0.0164336519220721	-0.20818817	-0.026242096	BB	0	0.00546329394320432	ct3VSct4	0.0109703579788678	0	0.0109703579788678
612	15	32	-0.20676996	0.11143501	BA	0	0	-0.20818817	0.11104545	BA	0	0	ct3VSct4	7.69364620269025e-05	0	0
613	15	33	-0.20676996	-0.083578057	BB	0	0.0172814315027677	-0.20818817	-0.13439603	BB	0	0.0279796635409651	ct3VSct4	-0.0106982320381974	0	-0.0106982320381974
614	15	34	-0.20676996	-0.14780161	BB	0	0.0305609329876356	-0.20818817	-0.19089042	BB	0	0.0397411272103314	ct3VSct4	-0.0091801942226958	0	-0.0091801942226958
615	15	35	-0.20676996	0.046479583	BA	0	0	-0.20818817	-0.0071459731	BB	0	0.00148770706255823	ct3VSct4	-0.0110982885802849	0	-0.00148770706255823
616	15	36	-0.20676996	-0.059539951	BB	0	0.012311073286672	-0.20818817	-0.09546514	BB	0	0.0198747127953938	ct3VSct4	-0.00756363950872184	0	-0.0075636395087218
617	15	37	-0.20676996	0.13002355	BA	0	0	-0.20818817	0.078333614	BA	0	0	ct3VSct4	-0.0105768324844116	0	0
618	15	38	-0.20676996	-0.090405284	BB	0	0.0186930969564686	-0.20818817	-0.12562377	BB	0	0.0261533827848009	ct3VSct4	-0.00746028582833226	0	-0.0074602858283323
619	15	39	-0.20676996	0.17347666	BA	0	0	-0.20818817	0.15790873	BA	0	0	ct3VSct4	-0.0029950325234095	0	0
620	15	40	-0.20676996	0.17695382	BA	0	0	-0.20818817	0.17291261	BA	0	0	ct3VSct4	-0.000590374437423505	0	0
621	15	41	-0.20676996	0.17829669	BA	0	0	-0.20818817	0.18335729	BA	0	0	ct3VSct4	0.0013064192018269	0	0
622	15	42	-0.20676996	0.14756948	BA	0	0	-0.20818817	0.1628178	BA	0	0	ct3VSct4	0.0033838043486052	0	0
623	15	43	-0.20676996	-0.16357241	BB	0	0.0338218606728036	-0.20818817	-0.17132332	BB	0	0.0356674884691244	ct3VSct4	-0.0018456277963208	0	-0.0018456277963208
624	15	44	-0.20676996	-0.17446408	BB	0	0.0360739308430368	-0.20818817	-0.16783001	BB	0	0.0349402226529817	ct3VSct4	0.00113370819005509	0	0.00113370819005509
625	15	45	-0.20676996	0.066227762	BA	0	0	-0.20818817	0.14089042	BA	0	0	ct3VSct4	0.0156378070107019	0	0
626	15	46	-0.20676996	-0.032986415	BB	0	0.0068205997100934	-0.20818817	-0.10152237	BB	0	0.0211357564243629	ct3VSct4	-0.0143151567142695	0	-0.0143151567142695
627	15	47	-0.20676996	0.17300806	BA	0	0	-0.20818817	0.15886527	BA	0	0	ct3VSct4	-0.0026989998080217	0	0
628	15	48	-0.20676996	0.15073365	BA	0	0	-0.20818817	0.09525499	BA	0	0	ct3VSct4	-0.0113362287296857	0	0
629	15	49	-0.20676996	0.083039757	BA	0	0	-0.20818817	-0.01745302	BB	0	0.0036335122947734	ct3VSct4	-0.0208036395280731	0	-0.0036335122947734
630	15	50	-0.20676996	0.088158697	BA	0	0	-0.20818817	0.053211025	BA	0	0	ct3VSct4	-0.00715066433376787	0	0
631	16	17	-0.19555677	-0.19100095	BB	0	0.0373515288489315	-0.18710877	-0.18609775	BB	0	0.0348205211022675	ct3VSct4	0.002531007746664	0	0.002531007746664
632	16	18	-0.19555677	-0.18987862	BB	0	0.0371320496192574	-0.18710877	-0.19291348	BB	0	0.0360958039592196	ct3VSct4	0.00103624566003779	0	0.0010362456600378
633	16	19	-0.19555677	-0.15944314	BB	0	0.0311801854570578	-0.18710877	-0.15302515	BB	0	0.0286323475955655	ct3VSct4	0.0025478378614923	0	0.0025478378614923
634	16	20	-0.19555677	0.054914255	BA	0	0	-0.18710877	0.067270407	BA	0	0	ct3VSct4	0.00184802877641304	0	0
635	16	21	-0.19555677	-0.01455958	BB	0	0.0028472244373566	-0.18710877	-0.092687347	BB	0	0.0173426154917332	ct3VSct4	-0.0144953910543766	0	-0.0144953910543766
636	16	22	-0.19555677	-0.15076104	BB	0	0.0294823420242408	-0.18710877	-0.19244915	BB	0	0.0360089237440455	ct3VSct4	-0.0065265817198047	0	-0.0065265817198047
637	16	23	-0.19555677	-0.014486541	BB	0	0.00283294116643257	-0.18710877	-0.082904505	BB	0	0.0155121599580089	ct3VSct4	-0.0126792187915763	0	-0.0126792187915763
638	16	24	-0.19555677	-0.15360689	BB	0	0.0300388672581453	-0.18710877	-0.18756089	BB	0	0.0350942874280053	ct3VSct4	-0.00505542016986	0	-0.00505542016986
639	16	25	-0.19555677	-0.17528898	BB	0	0.0342789467453946	-0.18710877	-0.176658	BB	0	0.03305426109066	ct3VSct4	0.0012246856547346	0	0.0012246856547346
640	16	26	-0.19555677	0.034817162	BA	0	0	-0.18710877	0.046911147	BA	0	0	ct3VSct4	0.00196875527317245	0	0
641	16	27	-0.19555677	-0.13150274	BB	0	0.0257162510805498	-0.18710877	-0.12160587	BB	0	0.0227535247604799	ct3VSct4	0.0029627263200699	0	0.0029627263200699
642	16	28	-0.19555677	-0.19158984	BB	0	0.0374666902752168	-0.18710877	-0.20294332	BB	0	0.0379724749849164	ct3VSct4	-0.000505784709699607	0	-0.0005057847096996
643	16	29	-0.19555677	-0.12514643	BB	0	0.0244732316278311	-0.18710877	-0.11742039	BB	0	0.0219703847458203	ct3VSct4	0.0025028468820108	0	0.0025028468820108
644	16	30	-0.19555677	-0.18395331	BB	0	0.0359733151344087	-0.18710877	-0.18628952	BB	0	0.0348564029510904	ct3VSct4	0.0011169121833183	0	0.0011169121833183
645	16	31	-0.19555677	-0.079477947	BB	0	0.0155424506015512	-0.18710877	-0.026242096	BB	0	0.00491012630478192	ct3VSct4	0.0106323242967693	0	0.0106323242967693
646	16	32	-0.19555677	0.11143501	BA	0	0	-0.18710877	0.11104545	BA	0	0	ct3VSct4	-0.0010142930569212	0	0
647	16	33	-0.19555677	-0.083578057	BB	0	0.0163442548697959	-0.18710877	-0.13439603	BB	0	0.0251466758661831	ct3VSct4	-0.00880242099638721	0	-0.0088024209963872
648	16	34	-0.19555677	-0.14780161	BB	0	0.0289036054523997	-0.18710877	-0.19089042	BB	0	0.0357172716909834	ct3VSct4	-0.0068136662385837	0	-0.0068136662385837
649	16	35	-0.19555677	0.046479583	BA	0	0	-0.18710877	-0.0071459731	BB	0	0.00133707423719409	ct3VSct4	-0.010426471359621	0	-0.00133707423719409
650	16	36	-0.19555677	-0.059539951	BB	0	0.0116434405035183	-0.18710877	-0.09546514	BB	0	0.0178623649232778	ct3VSct4	-0.00621892441975953	0	-0.0062189244197595
651	16	37	-0.19555677	0.13002355	BA	0	0	-0.18710877	0.078333614	BA	0	0	ct3VSct4	-0.0107700792967387	0	0
652	16	38	-0.19555677	-0.090405284	BB	0	0.0176793653299727	-0.18710877	-0.12562377	BB	0	0.0235053090874629	ct3VSct4	-0.00582594375749022	0	-0.0058259437574902
653	16	39	-0.19555677	0.17347666	BA	0	0	-0.18710877	0.15790873	BA	0	0	ct3VSct4	-0.0043784270574261	0	0
654	16	40	-0.19555677	0.17695382	BA	0	0	-0.18710877	0.17291261	BA	0	0	ct3VSct4	-0.0022510517037717	0	0
655	16	41	-0.19555677	0.17829669	BA	0	0	-0.18710877	0.18335729	BA	0	0	ct3VSct4	-0.000559367795657996	0	0
656	16	42	-0.19555677	0.14756948	BA	0	0	-0.18710877	0.1628178	BA	0	0	ct3VSct4	0.0016064274327264	0	0
657	16	43	-0.19555677	-0.16357241	BB	0	0.0319876921607157	-0.18710877	-0.17132332	BB	0	0.0320560956775164	ct3VSct4	-6.8403516800708e-05	0	-6.84035168006941e-05
658	16	44	-0.19555677	-0.17446408	BB	0	0.0341176319658216	-0.18710877	-0.16783001	BB	0	0.0314024667401877	ct3VSct4	0.0027151652256339	0	0.0027151652256339
659	16	45	-0.19555677	0.066227762	BA	0	0	-0.18710877	0.14089042	BA	0	0	ct3VSct4	0.0134105459699347	0	0
660	16	46	-0.19555677	-0.032986415	BB	0	0.00645071677127955	-0.18710877	-0.10152237	BB	0	0.0189957257781849	ct3VSct4	-0.0125450090069054	0	-0.0125450090069054
661	16	47	-0.19555677	0.17300806	BA	0	0	-0.18710877	0.15886527	BA	0	0	ct3VSct4	-0.00410781213214829	0	0
662	16	48	-0.19555677	0.15073365	BA	0	0	-0.18710877	0.09525499	BA	0	0	ct3VSct4	-0.0116539417090482	0	0
663	16	49	-0.19555677	0.083039757	BA	0	0	-0.18710877	-0.01745302	BB	0	0.0032656131049854	ct3VSct4	-0.0195045997654903	0	-0.0032656131049854
664	16	50	-0.19555677	0.088158697	BA	0	0	-0.18710877	0.053211025	BA	0	0	ct3VSct4	-0.00728378059453944	0	0
665	17	18	-0.19100095	-0.18987862	BB	0	0.036266996804689	-0.18609775	-0.19291348	BB	0	0.03590076457267	ct3VSct4	0.000366232232018995	0	0.000366232232018995
666	17	19	-0.19100095	-0.15944314	BB	0	0.030453791210983	-0.18609775	-0.15302515	BB	0	0.0284776361084125	ct3VSct4	0.0019761551025705	0	0.0019761551025705
667	17	20	-0.19100095	0.054914255	BA	0	0	-0.18609775	0.067270407	BA	0	0	ct3VSct4	0.002030196510742	0	0
668	17	21	-0.19100095	-0.01455958	BB	0	0.002780893611601	-0.18609775	-0.092687347	BB	0	0.0172489067301693	ct3VSct4	-0.0144680131185683	0	-0.0144680131185683
669	17	22	-0.19100095	-0.15076104	BB	0	0.028795501862988	-0.18609775	-0.19244915	BB	0	0.0358143538044125	ct3VSct4	-0.0070188519414245	0	-0.0070188519414245
670	17	23	-0.19100095	-0.014486541	BB	0	0.00276694309321395	-0.18609775	-0.082904505	BB	0	0.0154283418453638	ct3VSct4	-0.0126613987521498	0	-0.0126613987521499
671	17	24	-0.19100095	-0.15360689	BB	0	0.0293390619165455	-0.18609775	-0.18756089	BB	0	0.0349046596169975	ct3VSct4	-0.005565597700452	0	-0.005565597700452
672	17	25	-0.19100095	-0.17528898	BB	0	0.033480361704531	-0.18609775	-0.176658	BB	0	0.0328756563195	ct3VSct4	0.000604705385030997	0	0.000604705385031004
673	17	26	-0.19100095	0.034817162	BA	0	0	-0.18609775	0.046911147	BA	0	0	ct3VSct4	0.00207994788831535	0	0
674	17	27	-0.19100095	-0.13150274	BB	0	0.025117148267603	-0.18609775	-0.12160587	BB	0	0.0226305787937925	ct3VSct4	0.0024865694738105	0	0.0024865694738105
675	17	28	-0.19100095	-0.19158984	BB	0	0.036593841450348	-0.18609775	-0.20294332	BB	0	0.03776729522953	ct3VSct4	-0.001173453779182	0	-0.001173453779182
676	17	29	-0.19100095	-0.12514643	BB	0	0.0239030870191085	-0.18609775	-0.11742039	BB	0	0.0218516703831225	ct3VSct4	0.002051416635986	0	0.002051416635986
677	17	30	-0.19100095	-0.18395331	BB	0	0.0351352569656445	-0.18609775	-0.18628952	BB	0	0.03466806052058	ct3VSct4	0.000467196445064509	0	0.000467196445064495
678	17	31	-0.19100095	-0.079477947	BB	0	0.0151803633810496	-0.18609775	-0.026242096	BB	0	0.004883595020884	ct3VSct4	0.0102967683601656	0	0.0102967683601656
679	17	32	-0.19100095	0.11143501	BA	0	0	-0.18609775	0.11104545	BA	0	0	ct3VSct4	-0.000618884380521999	0	0
680	17	33	-0.19100095	-0.083578057	BB	0	0.0159634882861542	-0.18609775	-0.13439603	BB	0	0.0250107987919325	ct3VSct4	-0.00904731050577835	0	-0.0090473105057783
681	17	34	-0.19100095	-0.14780161	BB	0	0.0282302479215295	-0.18609775	-0.19089042	BB	0	0.035524277658555	ct3VSct4	-0.0072940297370255	0	-0.0072940297370255
682	17	35	-0.19100095	0.046479583	BA	0	0	-0.18609775	-0.0071459731	BB	0	0.00132984951547053	ct3VSct4	-0.0102074940240744	0	-0.00132984951547053
683	17	36	-0.19100095	-0.059539951	BB	0	0.0113721872039535	-0.18609775	-0.09546514	BB	0	0.017765847757435	ct3VSct4	-0.00639366055348155	0	-0.0063936605534815
684	17	37	-0.19100095	0.13002355	BA	0	0	-0.18609775	0.078333614	BA	0	0	ct3VSct4	-0.010256912257604	0	0
685	17	38	-0.19100095	-0.090405284	BB	0	0.0172674951290198	-0.18609775	-0.12562377	BB	0	0.0233783009435175	ct3VSct4	-0.0061108058144977	0	-0.0061108058144977
686	17	39	-0.19100095	0.17347666	BA	0	0	-0.18609775	0.15790873	BA	0	0	ct3VSct4	-0.0037477475044695	0	0
687	17	40	-0.19100095	0.17695382	BA	0	0	-0.18609775	0.17291261	BA	0	0	ct3VSct4	-0.0016197000585015	0	0
688	17	41	-0.19100095	0.17829669	BA	0	0	-0.18609775	0.18335729	BA	0	0	ct3VSct4	6.75419432420027e-05	0	0
689	17	42	-0.19100095	0.14756948	BA	0	0	-0.18609775	0.1628178	BA	0	0	ct3VSct4	0.002114115368944	0	0
690	17	43	-0.19100095	-0.16357241	BB	0	0.0312424857037895	-0.18609775	-0.17132332	BB	0	0.03188288437453	ct3VSct4	-0.000640398670740505	0	-0.000640398670740498
691	17	44	-0.19100095	-0.17446408	BB	0	0.033322805020876	-0.18609775	-0.16783001	BB	0	0.0312327872434775	ct3VSct4	0.0020900177773985	0	0.0020900177773985
692	17	45	-0.19100095	0.066227762	BA	0	0	-0.18609775	0.14089042	BA	0	0	ct3VSct4	0.0135698247001811	0	0
693	17	46	-0.19100095	-0.032986415	BB	0	0.00630043660209425	-0.18609775	-0.10152237	BB	0	0.0188930846316675	ct3VSct4	-0.0125926480295733	0	-0.0125926480295733
694	17	47	-0.19100095	0.17300806	BA	0	0	-0.18609775	0.15886527	BA	0	0	ct3VSct4	-0.0034802345175145	0	0
695	17	48	-0.19100095	0.15073365	BA	0	0	-0.18609775	0.09525499	BA	0	0	ct3VSct4	-0.011063531031695	0	0
696	17	49	-0.19100095	0.083039757	BA	0	0	-0.18609775	-0.01745302	BB	0	0.003247967752705	ct3VSct4	-0.0191086402274742	0	-0.003247967752705
697	17	50	-0.19100095	0.088158697	BA	0	0	-0.18609775	0.053211025	BA	0	0	ct3VSct4	-0.0069359428500684	0	0
698	18	19	-0.18987862	-0.15944314	BB	0	0.0302748433916668	-0.19291348	-0.15302515	BB	0	0.029520614214022	ct3VSct4	0.000754229177644804	0	0.0007542291776448
699	18	20	-0.18987862	0.054914255	BA	0	0	-0.19291348	0.067270407	BA	0	0	ct3VSct4	0.00255032535765826	0	0
700	18	21	-0.18987862	-0.01455958	BB	0	0.0027645529581796	-0.19291348	-0.092687347	BB	0	0.0178806386617376	ct3VSct4	-0.015116085703558	0	-0.015116085703558
701	18	22	-0.18987862	-0.15076104	BB	0	0.0286262982249648	-0.19291348	-0.19244915	BB	0	0.037126035249542	ct3VSct4	-0.0084997370245772	0	-0.0084997370245772
702	18	23	-0.18987862	-0.014486541	BB	0	0.00275068441365342	-0.19291348	-0.082904505	BB	0	0.0159933965672274	ct3VSct4	-0.013242712153574	0	-0.013242712153574
703	18	24	-0.18987862	-0.15360689	BB	0	0.0291666642956918	-0.19291348	-0.18756089	BB	0	0.0361830240017972	ct3VSct4	-0.0070163597061054	0	-0.0070163597061054
704	18	25	-0.18987862	-0.17528898	BB	0	0.0332836296236076	-0.19291348	-0.176658	BB	0	0.03407970954984	ct3VSct4	-0.000796079926232394	0	-0.000796079926232401
705	18	26	-0.18987862	0.034817162	BA	0	0	-0.19291348	0.046911147	BA	0	0	ct3VSct4	0.00243875794568512	0	0
706	18	27	-0.18987862	-0.13150274	BB	0	0.0249695587974188	-0.19291348	-0.12160587	BB	0	0.0234594115701276	ct3VSct4	0.0015101472272912	0	0.0015101472272912
707	18	28	-0.18987862	-0.19158984	BB	0	0.0363788144252208	-0.19291348	-0.20294332	BB	0	0.0391505021039536	ct3VSct4	-0.0027716876787328	0	-0.0027716876787328
708	18	29	-0.18987862	-0.12514643	BB	0	0.0237626314263266	-0.19291348	-0.11742039	BB	0	0.0226519760578572	ct3VSct4	0.0011106553684694	0	0.0011106553684694
709	18	30	-0.18987862	-0.18395331	BB	0	0.0349288006472322	-0.19291348	-0.18628952	BB	0	0.0359377595907296	ct3VSct4	-0.0010089589434974	0	-0.0010089589434974
710	18	31	-0.18987862	-0.079477947	BB	0	0.0150911628967931	-0.19291348	-0.026242096	BB	0	0.00506245406185408	ct3VSct4	0.0100287088349391	0	0.010028708834939
711	18	32	-0.18987862	0.11143501	BA	0	0	-0.19291348	0.11104545	BA	0	0	ct3VSct4	0.000263038279179801	0	0
712	18	33	-0.18987862	-0.083578057	BB	0	0.0158696861254413	-0.19291348	-0.13439603	BB	0	0.0259268058454844	ct3VSct4	-0.0100571197200431	0	-0.0100571197200431
713	18	34	-0.18987862	-0.14780161	BB	0	0.0280643657405782	-0.19291348	-0.19089042	BB	0	0.0368253352208616	ct3VSct4	-0.0087609694802834	0	-0.0087609694802834
714	18	35	-0.18987862	0.046479583	BA	0	0	-0.19291348	-0.0071459731	BB	0	0.00137855453870739	ct3VSct4	-0.0102040336169228	0	-0.00137855453870739
715	18	36	-0.18987862	-0.059539951	BB	0	0.0113053637307476	-0.19291348	-0.09546514	BB	0	0.0184165123760872	ct3VSct4	-0.00711114864533958	0	-0.0071111486453396
716	18	37	-0.18987862	0.13002355	BA	0	0	-0.19291348	0.078333614	BA	0	0	ct3VSct4	-0.00957708216378428	0	0
717	18	38	-0.18987862	-0.090405284	BB	0	0.0171660305666281	-0.19291348	-0.12562377	BB	0	0.0242345186414196	ct3VSct4	-0.00706848807479152	0	-0.0070684880747915
718	18	39	-0.18987862	0.17347666	BA	0	0	-0.19291348	0.15790873	BA	0	0	ct3VSct4	-0.0024767861763288	0	0
719	18	40	-0.18987862	0.17695382	BA	0	0	-0.19291348	0.17291261	BA	0	0	ct3VSct4	-0.000242573814345601	0	0
720	18	41	-0.18987862	0.17829669	BA	0	0	-0.19291348	0.18335729	BA	0	0	ct3VSct4	0.0015173634495014	0	0
721	18	42	-0.18987862	0.14756948	BA	0	0	-0.19291348	0.1628178	BA	0	0	ct3VSct4	0.0033894591874264	0	0
722	18	43	-0.18987862	-0.16357241	BB	0	0.0310589034808742	-0.19291348	-0.17132332	BB	0	0.0330505778663536	ct3VSct4	-0.0019916743854794	0	-0.0019916743854794
723	18	44	-0.18987862	-0.17446408	BB	0	0.0331269987499696	-0.19291348	-0.16783001	BB	0	0.0323766712775348	ct3VSct4	0.000750327472434795	0	0.000750327472434795
724	18	45	-0.18987862	0.066227762	BA	0	0	-0.19291348	0.14089042	BA	0	0	ct3VSct4	0.0146044251666132	0	0
725	18	46	-0.18987862	-0.032986415	BB	0	0.0062634149589473	-0.19291348	-0.10152237	BB	0	0.0195850336945476	ct3VSct4	-0.0133216187356003	0	-0.0133216187356003
726	18	47	-0.18987862	0.17300806	BA	0	0	-0.19291348	0.15886527	BA	0	0	ct3VSct4	-0.00220327959483759	0	0
727	18	48	-0.18987862	0.15073365	BA	0	0	-0.19291348	0.09525499	BA	0	0	ct3VSct4	-0.0102451258412978	0	0
728	18	49	-0.18987862	0.083039757	BA	0	0	-0.19291348	-0.01745302	BB	0	0.0033669228247096	ct3VSct4	-0.0191343972890049	0	-0.0033669228247096
729	18	50	-0.18987862	0.088158697	BA	0	0	-0.19291348	0.053211025	BA	0	0	ct3VSct4	-0.00647432772024114	0	0
730	19	20	-0.15944314	0.054914255	BA	0	0	-0.15302515	0.067270407	BA	0	0	ct3VSct4	0.00153836287377535	0	0
731	19	21	-0.15944314	-0.01455958	BB	0	0.0023214251522812	-0.15302515	-0.092687347	BB	0	0.014183495177777	ct3VSct4	-0.0118620700254959	0	-0.0118620700254958
732	19	22	-0.15944314	-0.15076104	BB	0	0.0240378136072656	-0.15302515	-0.19244915	BB	0	0.0294495600461225	ct3VSct4	-0.0054117464388569	0	-0.0054117464388569
733	19	23	-0.15944314	-0.014486541	BB	0	0.00230977958477874	-0.15302515	-0.082904505	BB	0	0.0126864743133007	ct3VSct4	-0.010376694728522	0	-0.010376694728522
734	19	24	-0.15944314	-0.15360689	BB	0	0.0244915648672346	-0.15302515	-0.18756089	BB	0	0.0287015333263835	ct3VSct4	-0.0042099684591489	0	-0.0042099684591489
735	19	25	-0.15944314	-0.17528898	BB	0	0.0279486253785972	-0.15302515	-0.176658	BB	0	0.0270331169487	ct3VSct4	0.000915508429897204	0	0.0009155084298972
736	19	26	-0.15944314	0.034817162	BA	0	0	-0.15302515	0.046911147	BA	0	0	ct3VSct4	0.00162722767117837	0	0
737	19	27	-0.15944314	-0.13150274	BB	0	0.0209672097842036	-0.15302515	-0.12160587	BB	0	0.0186087564976305	ct3VSct4	0.0023584532865731	0	0.0023584532865731
738	19	28	-0.15944314	-0.19158984	BB	0	0.0305476856816976	-0.15302515	-0.20294332	BB	0	0.031055431984498	ct3VSct4	-0.000507746302800399	0	-0.000507746302800399
739	19	29	-0.15944314	-0.12514643	BB	0	0.0199537397589902	-0.15302515	-0.11742039	BB	0	0.0179682727928085	ct3VSct4	0.0019854669661817	0	0.0019854669661817
740	19	30	-0.15944314	-0.18395331	BB	0	0.0293300933597934	-0.15302515	-0.18628952	BB	0	0.028506981741428	ct3VSct4	0.000823111618365409	0	0.000823111618365402
741	19	31	-0.15944314	-0.079477947	BB	0	0.0126722134304336	-0.15302515	-0.026242096	BB	0	0.0040157006767144	ct3VSct4	0.00865651275371918	0	0.0086565127537192
742	19	32	-0.15944314	0.11143501	BA	0	0	-0.15302515	0.11104545	BA	0	0	ct3VSct4	-0.0007748012572639	0	0
743	19	33	-0.15944314	-0.083578057	BB	0	0.013325947843179	-0.15302515	-0.13439603	BB	0	0.0205659726501545	ct3VSct4	-0.00724002480697552	0	-0.0072400248069755
744	19	34	-0.15944314	-0.14780161	BB	0	0.0235659527954554	-0.15302515	-0.19089042	BB	0	0.029211035154063	ct3VSct4	-0.0056450823586076	0	-0.0056450823586076
745	19	35	-0.15944314	0.046479583	BA	0	0	-0.15302515	-0.0071459731	BB	0	0.00109351360552347	ct3VSct4	-0.00850436426493409	0	-0.00109351360552347
746	19	36	-0.15944314	-0.059539951	BB	0	0.00949323674288614	-0.15302515	-0.09546514	BB	0	0.014608567368271	ct3VSct4	-0.00511533062538486	0	-0.00511533062538486
747	19	37	-0.15944314	0.13002355	BA	0	0	-0.15302515	0.078333614	BA	0	0	ct3VSct4	-0.0087443500535549	0	0
748	19	38	-0.15944314	-0.090405284	BB	0	0.0144145023535518	-0.15302515	-0.12562377	BB	0	0.0192235962478155	ct3VSct4	-0.00480909389426374	0	-0.0048090938942637
749	19	39	-0.15944314	0.17347666	BA	0	0	-0.15302515	0.15790873	BA	0	0	ct3VSct4	-0.0034956562925529	0	0
750	19	40	-0.15944314	0.17695382	BA	0	0	-0.15302515	0.17291261	BA	0	0	ct3VSct4	-0.0017540946136533	0	0
751	19	41	-0.15944314	0.17829669	BA	0	0	-0.15302515	0.18335729	BA	0	0	ct3VSct4	-0.000369907299363103	0	0
752	19	42	-0.15944314	0.14756948	BA	0	0	-0.15302515	0.1628178	BA	0	0	ct3VSct4	0.0013862770083028	0	0
753	19	43	-0.15944314	-0.16357241	BB	0	0.0260804986677674	-0.15302515	-0.17132332	BB	0	0.026216776741498	ct3VSct4	-0.000136278073730598	0	-0.000136278073730598
754	19	44	-0.15944314	-0.17446408	BB	0	0.0278171007324112	-0.15302515	-0.16783001	BB	0	0.0256822124547515	ct3VSct4	0.0021348882776597	0	0.0021348882776597
755	19	45	-0.15944314	0.066227762	BA	0	0	-0.15302515	0.14089042	BA	0	0	ct3VSct4	0.0110002153256103	0	0
756	19	46	-0.15944314	-0.032986415	BB	0	0.0052594575849431	-0.15302515	-0.10152237	BB	0	0.0155354758976055	ct3VSct4	-0.0102760183126624	0	-0.0102760183126624
757	19	47	-0.15944314	0.17300806	BA	0	0	-0.15302515	0.15886527	BA	0	0	ct3VSct4	-0.0032745665601679	0	0
758	19	48	-0.15944314	0.15073365	BA	0	0	-0.15302515	0.09525499	BA	0	0	ct3VSct4	-0.0094570373266625	0	0
759	19	49	-0.15944314	0.083039757	BA	0	0	-0.15302515	-0.01745302	BB	0	0.002670751003453	ct3VSct4	-0.01591087060437	0	-0.002670751003453
760	19	50	-0.15944314	0.088158697	BA	0	0	-0.15302515	0.053211025	BA	0	0	ct3VSct4	-0.00591367438570983	0	0
761	20	21	0.054914255	-0.01455958	AB	0	0	0.067270407	-0.092687347	AB	0	0	ct3VSct4	0.00543558706762733	0	0
762	20	22	0.054914255	-0.15076104	AB	0	0	0.067270407	-0.19244915	AB	0	0	ct3VSct4	0.00466720245267885	0	0
763	20	23	0.054914255	-0.014486541	AB	0	0	0.067270407	-0.082904505	AB	0	0	ct3VSct4	0.00478150218694158	0	0
764	20	24	0.054914255	-0.15360689	AB	0	0	0.067270407	-0.18756089	AB	0	0	ct3VSct4	0.00418208948036528	0	0
765	20	25	0.054914255	-0.17528898	AB	0	0	0.067270407	-0.176658	AB	0	0	ct3VSct4	0.0022579918133961	0	0
766	20	26	0.054914255	0.034817162	AA	0.00191195851244431	0	0.067270407	0.046911147	AA	0.00315573195152683	0	ct3VSct4	-0.00124377343908252	-0.00124377343908252	0
767	20	27	0.054914255	-0.13150274	AB	0	0	0.067270407	-0.12160587	AB	0	0	ct3VSct4	0.00095910137093039	0	0
768	20	28	0.054914255	-0.19158984	AB	0	0	0.067270407	-0.20294332	AB	0	0	ct3VSct4	0.00313106640516204	0	0
769	20	29	0.054914255	-0.12514643	AB	0	0	0.067270407	-0.11742039	AB	0	0	ct3VSct4	0.00102659445603908	0	0
770	20	30	0.054914255	-0.18395331	AB	0	0	0.067270407	-0.18628952	AB	0	0	ct3VSct4	0.00243011285680059	0	0
771	20	31	0.054914255	-0.079477947	AB	0	0	0.067270407	-0.026242096	AB	0	0	ct3VSct4	-0.00259915576998141	0	0
772	20	32	0.054914255	0.11143501	AA	0.00611937055506755	0	0.067270407	0.11104545	AA	0.00747007261699815	0	ct3VSct4	-0.0013507020619306	-0.0013507020619306	0
773	20	33	0.054914255	-0.083578057	AB	0	0	0.067270407	-0.13439603	AB	0	0	ct3VSct4	0.00445124890278168	0	0
774	20	34	0.054914255	-0.14780161	AB	0	0	0.067270407	-0.19089042	AB	0	0	ct3VSct4	0.00472486094485039	0	0
775	20	35	0.054914255	0.046479583	AA	0.00255239167315567	0	0.067270407	-0.0071459731	AB	0	0	ct3VSct4	0.00303310419200372	0.00255239167315567	0
776	20	36	0.054914255	-0.059539951	AB	0	0	0.067270407	-0.09546514	AB	0	0	ct3VSct4	0.00315238677021048	0	0
777	20	37	0.054914255	0.13002355	AA	0.00714014638070525	0	0.067270407	0.078333614	AA	0.0052695340955609	0	ct3VSct4	0.00187061228514435	0.00187061228514435	0
778	20	38	0.054914255	-0.090405284	AB	0	0	0.067270407	-0.12562377	AB	0	0	ct3VSct4	0.00348622331785097	0	0
779	20	39	0.054914255	0.17347666	AA	0.0095263415437883	0	0.067270407	0.15790873	AA	0.0106225845359531	0	ct3VSct4	-0.00109624299216481	-0.0010962429921648	0
780	20	40	0.054914255	0.17695382	AA	0.0097172871947041	0	0.067270407	0.17291261	AA	0.0116319016501323	0	ct3VSct4	-0.00191461445542817	-0.0019146144554282	0
781	20	41	0.054914255	0.17829669	AA	0.00979102990031595	0	0.067270407	0.18335729	AA	0.012334519524717	0	ct3VSct4	-0.00254348962440108	-0.00254348962440105	0
782	20	42	0.054914255	0.14756948	AA	0.0081036680549374	0	0.067270407	0.1628178	AA	0.0109528196728446	0	ct3VSct4	-0.0028491516179072	-0.0028491516179072	0
783	20	43	0.054914255	-0.16357241	AB	0	0	0.067270407	-0.17132332	AB	0	0	ct3VSct4	0.00254253243128669	0	0
784	20	44	0.054914255	-0.17446408	AB	0	0	0.067270407	-0.16783001	AB	0	0	ct3VSct4	0.00170942810205367	0	0
785	20	45	0.054914255	0.066227762	AA	0.00363684821054731	0	0.067270407	0.14089042	AA	0.00947775589580094	0	ct3VSct4	-0.00584090768525363	-0.00584090768525363	0
786	20	46	0.054914255	-0.032986415	AB	0	0	0.067270407	-0.10152237	AB	0	0	ct3VSct4	0.00501802674465877	0	0
787	20	47	0.054914255	0.17300806	AA	0.0095006087238953	0	0.067270407	0.15886527	AA	0.0106869313710649	0	ct3VSct4	-0.00118632264716959	-0.0011863226471696	0
788	20	48	0.054914255	0.15073365	AA	0.00827742609318075	0	0.067270407	0.09525499	AA	0.00640784194608093	0	ct3VSct4	0.00186958414709982	0.00186958414709982	0
789	20	49	0.054914255	0.083039757	AA	0.00456006639103604	0	0.067270407	-0.01745302	AB	0	0	ct3VSct4	0.00573413814981518	0.00456006639103604	0
790	20	50	0.054914255	0.088158697	AA	0.00484116916752573	0	0.067270407	0.053211025	AA	0.00357952730863718	0	ct3VSct4	0.00126164185888856	0.00126164185888855	0
791	21	22	-0.01455958	-0.15076104	BB	0	0.0021950174227632	-0.092687347	-0.19244915	BB	0	0.0178376011459051	ct3VSct4	-0.0156425837231419	0	-0.0156425837231419
792	21	23	-0.01455958	-0.014486541	BB	0	0.00021091795261278	-0.092687347	-0.082904505	BB	0	0.00768419862279824	ct3VSct4	-0.00747328067018546	0	-0.00747328067018546
793	21	24	-0.01455958	-0.15360689	BB	0	0.0022364518035062	-0.092687347	-0.18756089	BB	0	0.0173845212950588	ct3VSct4	-0.0151480694915526	0	-0.0151480694915526
794	21	25	-0.01455958	-0.17528898	BB	0	0.0025521339274284	-0.092687347	-0.176658	BB	0	0.016373961346326	ct3VSct4	-0.0138218274188976	0	-0.0138218274188976
795	21	26	-0.01455958	0.034817162	BA	0	0	-0.092687347	0.046911147	BA	0	0	ct3VSct4	0.00384114650464505	0	0
796	21	27	-0.01455958	-0.13150274	BB	0	0.0019146246632492	-0.092687347	-0.12160587	BB	0	0.0112713254699269	ct3VSct4	-0.00935670080667769	0	-0.0093567008066777
797	21	28	-0.01455958	-0.19158984	BB	0	0.0027894676026672	-0.092687347	-0.20294332	BB	0	0.018810277922172	ct3VSct4	-0.0160208103195048	0	-0.0160208103195048
798	21	29	-0.01455958	-0.12514643	BB	0	0.0018220794592994	-0.092687347	-0.11742039	BB	0	0.0108833844328053	ct3VSct4	-0.00906130497350593	0	-0.0090613049735059
799	21	30	-0.01455958	-0.18395331	BB	0	0.0026782829332098	-0.092687347	-0.18628952	BB	0	0.0172666813827034	ct3VSct4	-0.0145883984494936	0	-0.0145883984494936
800	21	31	-0.01455958	-0.079477947	BB	0	0.00115716552758226	-0.092687347	-0.026242096	BB	0	0.00243231025795931	ct3VSct4	-0.00127514473037705	0	-0.00127514473037705
801	21	32	-0.01455958	0.11143501	BA	0	0	-0.092687347	0.11104545	BA	0	0	ct3VSct4	0.00867006121402535	0	0
802	21	33	-0.01455958	-0.083578057	BB	0	0.00121686140713606	-0.092687347	-0.13439603	BB	0	0.0124568114680324	ct3VSct4	-0.0112399500608963	0	-0.0112399500608963
803	21	34	-0.01455958	-0.14780161	BB	0	0.0021519293649238	-0.092687347	-0.19089042	BB	0	0.0176931265975157	ct3VSct4	-0.0155411972325919	0	-0.0155411972325919
804	21	35	-0.01455958	0.046479583	BA	0	0	-0.092687347	-0.0071459731	BB	0	0.000662341288372366	ct3VSct4	-0.00133906449542751	0	-0.000662341288372366
805	21	36	-0.01455958	-0.059539951	BB	0	0.00086687667978058	-0.092687347	-0.09546514	BB	0	0.00884841055758358	ct3VSct4	-0.007981533877803	0	-0.007981533877803
806	21	37	-0.01455958	0.13002355	BA	0	0	-0.092687347	0.078333614	BA	0	0	ct3VSct4	0.00536744658447306	0	0
807	21	38	-0.01455958	-0.090405284	BB	0	0.00131626296482072	-0.092687347	-0.12562377	BB	0	0.0116437339614382	ct3VSct4	-0.0103274709966175	0	-0.0103274709966175
808	21	39	-0.01455958	0.17347666	BA	0	0	-0.092687347	0.15790873	BA	0	0	ct3VSct4	0.0121103939424365	0	0
809	21	40	-0.01455958	0.17695382	BA	0	0	-0.092687347	0.17291261	BA	0	0	ct3VSct4	0.0134504377851501	0	0
810	21	41	-0.01455958	0.17829669	BA	0	0	-0.092687347	0.18335729	BA	0	0	ct3VSct4	0.0143989758414194	0	0
811	21	42	-0.01455958	0.14756948	BA	0	0	-0.092687347	0.1628178	BA	0	0	ct3VSct4	0.0129426002767582	0	0
812	21	43	-0.01455958	-0.16357241	BB	0	0.0023815455891878	-0.092687347	-0.17132332	BB	0	0.015879504010032	ct3VSct4	-0.0134979584208442	0	-0.0134979584208442
813	21	44	-0.01455958	-0.17446408	BB	0	0.0025401237298864	-0.092687347	-0.16783001	BB	0	0.0155557183738835	ct3VSct4	-0.0130155946439971	0	-0.0130155946439971
814	21	45	-0.01455958	0.066227762	BA	0	0	-0.092687347	0.14089042	BA	0	0	ct3VSct4	0.0120945108484558	0	0
815	21	46	-0.01455958	-0.032986415	BB	0	0.0004802683481057	-0.092687347	-0.10152237	BB	0	0.00940983913645239	ct3VSct4	-0.00892957078834669	0	-0.00892957078834669
816	21	47	-0.01455958	0.17300806	BA	0	0	-0.092687347	0.15886527	BA	0	0	ct3VSct4	0.0122058757165239	0	0
817	21	48	-0.01455958	0.15073365	BA	0	0	-0.092687347	0.09525499	BA	0	0	ct3VSct4	0.00663431367574453	0	0
818	21	49	-0.01455958	0.083039757	BA	0	0	-0.092687347	-0.01745302	BB	0	0.00161767412093794	ct3VSct4	-0.00282669810616	0	-0.00161767412093794
819	21	50	-0.01455958	0.088158697	BA	0	0	-0.092687347	0.053211025	BA	0	0	ct3VSct4	0.00364843513673342	0	0
820	22	23	-0.15076104	-0.014486541	BB	0	0.00218400598716264	-0.19244915	-0.082904505	BB	0	0.0159549015184208	ct3VSct4	-0.0137708955312581	0	-0.0137708955312582
821	22	24	-0.15076104	-0.15360689	BB	0	0.0231579344875656	-0.19244915	-0.18756089	BB	0	0.0360959338537435	ct3VSct4	-0.0129379993661779	0	-0.0129379993661779
822	22	25	-0.15076104	-0.17528898	BB	0	0.0264267489253392	-0.19244915	-0.176658	BB	0	0.0339976819407	ct3VSct4	-0.0075709330153608	0	-0.0075709330153608
823	22	26	-0.15076104	0.034817162	BA	0	0	-0.19244915	0.046911147	BA	0	0	ct3VSct4	0.00377893881270657	0	0
824	22	27	-0.15076104	-0.13150274	BB	0	0.0198254898452496	-0.19244915	-0.12160587	BB	0	0.0234029463165105	ct3VSct4	-0.0035774564712609	0	-0.0035774564712609
825	22	28	-0.15076104	-0.19158984	BB	0	0.0288842835318336	-0.19244915	-0.20294332	BB	0	0.039056269432178	ct3VSct4	-0.0101719859003444	0	-0.0101719859003444
826	22	29	-0.15076104	-0.12514643	BB	0	0.0188672059390872	-0.19244915	-0.11742039	BB	0	0.0225974542481685	ct3VSct4	-0.0037302483090813	0	-0.0037302483090813
827	22	30	-0.15076104	-0.18395331	BB	0	0.0277329923270424	-0.19244915	-0.18628952	BB	0	0.035851259777908	ct3VSct4	-0.00811826745086559	0	-0.0081182674508656
828	22	31	-0.15076104	-0.079477947	BB	0	0.0119821779467849	-0.19244915	-0.026242096	BB	0	0.0050502690694184	ct3VSct4	0.00693190887736648	0	0.0069319088773665
829	22	32	-0.15076104	0.11143501	BA	0	0	-0.19244915	0.11104545	BA	0	0	ct3VSct4	0.0045705444638571	0	0
830	22	33	-0.15076104	-0.083578057	BB	0	0.0126003147944993	-0.19244915	-0.13439603	BB	0	0.0258644017368745	ct3VSct4	-0.0132640869423752	0	-0.0132640869423752
831	22	34	-0.15076104	-0.14780161	BB	0	0.0222827244372744	-0.19244915	-0.19089042	BB	0	0.036736699072143	ct3VSct4	-0.0144539746348686	0	-0.0144539746348686
832	22	35	-0.15076104	0.046479583	BA	0	0	-0.19244915	-0.0071459731	BB	0	0.00137523644901787	ct3VSct4	-0.00838254672086419	0	-0.00137523644901787
833	22	36	-0.15076104	-0.059539951	BB	0	0.00897630493430904	-0.19244915	-0.09546514	BB	0	0.018372185047631	ct3VSct4	-0.00939588011332196	0	-0.00939588011332196
834	22	37	-0.15076104	0.13002355	BA	0	0	-0.19244915	0.078333614	BA	0	0	ct3VSct4	-0.0045272481917639	0	0
835	22	38	-0.15076104	-0.090405284	BB	0	0.0136295946373354	-0.19244915	-0.12562377	BB	0	0.0241761877562955	ct3VSct4	-0.0105465931189601	0	-0.0105465931189601
836	22	39	-0.15076104	0.17347666	BA	0	0	-0.19244915	0.15790873	BA	0	0	ct3VSct4	0.0042358791887531	0	0
837	22	40	-0.15076104	0.17695382	BA	0	0	-0.19244915	0.17291261	BA	0	0	ct3VSct4	0.0065991428836087	0	0
838	22	41	-0.15076104	0.17829669	BA	0	0	-0.19244915	0.18335729	BA	0	0	ct3VSct4	0.0084067601938459	0	0
839	22	42	-0.15076104	0.14756948	BA	0	0	-0.19244915	0.1628178	BA	0	0	ct3VSct4	0.0090864189378108	0	0
840	22	43	-0.15076104	-0.16357241	BB	0	0.0246603466469064	-0.19244915	-0.17132332	BB	0	0.032971027309178	ct3VSct4	-0.0083106806622716	0	-0.0083106806622716
841	22	44	-0.15076104	-0.17446408	BB	0	0.0263023861434432	-0.19244915	-0.16783001	BB	0	0.0322987427689915	ct3VSct4	-0.0059963566255483	0	-0.0059963566255483
842	22	45	-0.15076104	0.066227762	BA	0	0	-0.19244915	0.14089042	BA	0	0	ct3VSct4	0.0171296752961505	0	0
843	22	46	-0.15076104	-0.032986415	BB	0	0.0049730662312716	-0.19244915	-0.10152237	BB	0	0.0195378938124855	ct3VSct4	-0.0145648275812139	0	-0.0145648275812139
844	22	47	-0.15076104	0.17300806	BA	0	0	-0.19244915	0.15886527	BA	0	0	ct3VSct4	0.0044906111220381	0	0
845	22	48	-0.15076104	0.15073365	BA	0	0	-0.19244915	0.09525499	BA	0	0	ct3VSct4	-0.0043930199782375	0	0
846	22	49	-0.15076104	0.083039757	BA	0	0	-0.19244915	-0.01745302	BB	0	0.003358818863933	ct3VSct4	-0.0158779789906003	0	-0.003358818863933
847	22	50	-0.15076104	0.088158697	BA	0	0	-0.19244915	0.053211025	BA	0	0	ct3VSct4	-0.00305048031288613	0	0
848	23	24	-0.014486541	-0.15360689	BB	0	0.00222523250986749	-0.082904505	-0.18756089	BB	0	0.0155496427428095	ct3VSct4	-0.013324410232942	0	-0.013324410232942
849	23	25	-0.014486541	-0.17528898	BB	0	0.00253933099561818	-0.082904505	-0.176658	BB	0	0.01464574404429	ct3VSct4	-0.0121064130486718	0	-0.0121064130486718
850	23	26	-0.014486541	0.034817162	BA	0	0	-0.082904505	0.046911147	BA	0	0	ct3VSct4	0.00338476517620059	0	0
851	23	27	-0.014486541	-0.13150274	BB	0	0.00190501983462234	-0.082904505	-0.12160587	BB	0	0.0100816744574444	ct3VSct4	-0.00817665462282201	0	-0.00817665462282206
852	23	28	-0.014486541	-0.19158984	BB	0	0.00277547407234344	-0.082904505	-0.20294332	BB	0	0.0168249154876566	ct3VSct4	-0.0140494414153132	0	-0.0140494414153132
853	23	29	-0.014486541	-0.12514643	BB	0	0.00181293888919863	-0.082904505	-0.11742039	BB	0	0.00973467930985695	ct3VSct4	-0.00792174042065832	0	-0.00792174042065832
854	23	30	-0.014486541	-0.18395331	BB	0	0.00266484716740071	-0.082904505	-0.18628952	BB	0	0.0154442404422876	ct3VSct4	-0.0127793932748869	0	-0.0127793932748869
855	23	31	-0.014486541	-0.079477947	BB	0	0.00115136053781133	-0.082904505	-0.026242096	BB	0	0.00217558797904248	ct3VSct4	-0.00102422744123115	0	-0.00102422744123115
856	23	32	-0.014486541	0.11143501	BA	0	0	-0.082904505	0.11104545	BA	0	0	ct3VSct4	0.00759186022355184	0	0
857	23	33	-0.014486541	-0.083578057	BB	0	0.00121075694943084	-0.082904505	-0.13439603	BB	0	0.0111420363411152	ct3VSct4	-0.00993127939168431	0	-0.00993127939168436
858	23	34	-0.014486541	-0.14780161	BB	0	0.00214113408313101	-0.082904505	-0.19089042	BB	0	0.0158256757793421	ct3VSct4	-0.0136845416962111	0	-0.0136845416962111
859	23	35	-0.014486541	0.046479583	BA	0	0	-0.082904505	-0.0071459731	BB	0	0.000592433362598816	ct3VSct4	-0.00126576174739122	0	-0.000592433362598816
860	23	36	-0.014486541	-0.059539951	BB	0	0.000862527941299491	-0.082904505	-0.09546514	BB	0	0.0079144901764557	ct3VSct4	-0.00705196223515621	0	-0.00705196223515621
861	23	37	-0.014486541	0.13002355	BA	0	0	-0.082904505	0.078333614	BA	0	0	ct3VSct4	0.00461061800549052	0	0
862	23	38	-0.014486541	-0.090405284	BB	0	0.00130965985328264	-0.082904505	-0.12562377	BB	0	0.0104147764680839	ct3VSct4	-0.00910511661480121	0	-0.00910511661480126
863	23	39	-0.014486541	0.17347666	BA	0	0	-0.082904505	0.15790873	BA	0	0	ct3VSct4	0.0105782683481956	0	0
864	23	40	-0.014486541	0.17695382	BA	0	0	-0.082904505	0.17291261	BA	0	0	ct3VSct4	0.0117717855717714	0	0
865	23	41	-0.014486541	0.17829669	BA	0	0	-0.082904505	0.18335729	BA	0	0	ct3VSct4	0.0126182430557422	0	0
866	23	42	-0.014486541	0.14756948	BA	0	0	-0.082904505	0.1628178	BA	0	0	ct3VSct4	0.0113605577918203	0	0
867	23	43	-0.014486541	-0.16357241	BB	0	0.00236959842393381	-0.082904505	-0.17132332	BB	0	0.0142034750395566	ct3VSct4	-0.0118338766156228	0	-0.0118338766156228
868	23	44	-0.014486541	-0.17446408	BB	0	0.00252738104794728	-0.082904505	-0.16783001	BB	0	0.013913863903195	ct3VSct4	-0.0113864828552478	0	-0.0113864828552477
869	23	45	-0.014486541	0.066227762	BA	0	0	-0.082904505	0.14089042	BA	0	0	ct3VSct4	0.0107210393397909	0	0
870	23	46	-0.014486541	-0.032986415	BB	0	0.000477859053340515	-0.082904505	-0.10152237	BB	0	0.00841666183127685	ct3VSct4	-0.00793880277793634	0	-0.00793880277793634
871	23	47	-0.014486541	0.17300806	BA	0	0	-0.082904505	0.15886527	BA	0	0	ct3VSct4	0.0106643582165209	0	0
872	23	48	-0.014486541	0.15073365	BA	0	0	-0.082904505	0.09525499	BA	0	0	ct3VSct4	0.0057134585939253	0	0
873	23	49	-0.014486541	0.083039757	BA	0	0	-0.082904505	-0.01745302	BB	0	0.0014469339838551	ct3VSct4	-0.00264989282826564	0	-0.0014469339838551
874	23	50	-0.014486541	0.088158697	BA	0	0	-0.082904505	0.053211025	BA	0	0	ct3VSct4	0.00313431910957055	0	0
875	24	25	-0.15360689	-0.17528898	BB	0	0.0269255950690722	-0.18756089	-0.176658	BB	0	0.03313413170562	ct3VSct4	-0.0062085366365478	0	-0.0062085366365478
876	24	26	-0.15360689	0.034817162	BA	0	0	-0.18756089	0.046911147	BA	0	0	ct3VSct4	0.00345054050879465	0	0
877	24	27	-0.15360689	-0.13150274	BB	0	0.0201997269178786	-0.18756089	-0.12160587	BB	0	0.0228085052064243	ct3VSct4	-0.0026087782885457	0	-0.0026087782885457
878	24	28	-0.15360689	-0.19158984	BB	0	0.0294295194779976	-0.18756089	-0.20294332	BB	0	0.0380642297187548	ct3VSct4	-0.0086347102407572	0	-0.0086347102407572
879	24	29	-0.15360689	-0.12514643	BB	0	0.0192233539069027	-0.18756089	-0.11742039	BB	0	0.0220234728525471	ct3VSct4	-0.0028001189456444	0	-0.0028001189456444
880	24	30	-0.15360689	-0.18395331	BB	0	0.0282564958543059	-0.18756089	-0.18628952	BB	0	0.0349406281688728	ct3VSct4	-0.0066841323145669	0	-0.0066841323145669
881	24	31	-0.15360689	-0.079477947	BB	0	0.0122083602622548	-0.18756089	-0.026242096	BB	0	0.00492199088122544	ct3VSct4	0.00728636938102939	0	0.00728636938102936
882	24	32	-0.15360689	0.11143501	BA	0	0	-0.18756089	0.11104545	BA	0	0	ct3VSct4	0.0037105981092316	0	0
883	24	33	-0.15360689	-0.083578057	BB	0	0.0128381654080127	-0.18756089	-0.13439603	BB	0	0.0252074389992667	ct3VSct4	-0.012369273591254	0	-0.012369273591254
884	24	34	-0.15360689	-0.14780161	BB	0	0.0227033456490929	-0.18756089	-0.19089042	BB	0	0.0358035770676738	ct3VSct4	-0.0131002314185809	0	-0.0131002314185809
885	24	35	-0.15360689	0.046479583	BA	0	0	-0.18756089	-0.0071459731	BB	0	0.00134030507455206	ct3VSct4	-0.00847988926767893	0	-0.00134030507455206
886	24	36	-0.15360689	-0.059539951	BB	0	0.00914574670386239	-0.18756089	-0.09546514	BB	0	0.0179055266223746	ct3VSct4	-0.00875977991851221	0	-0.00875977991851221
887	24	37	-0.15360689	0.13002355	BA	0	0	-0.18756089	0.078333614	BA	0	0	ct3VSct4	-0.00528019078350304	0	0
888	24	38	-0.15360689	-0.090405284	BB	0	0.0138868745148068	-0.18756089	-0.12562377	BB	0	0.0235621061063553	ct3VSct4	-0.00967523159154854	0	-0.0096752315915485
889	24	39	-0.15360689	0.17347666	BA	0	0	-0.18756089	0.15790873	BA	0	0	ct3VSct4	0.0029702917073823	0	0
890	24	40	-0.15360689	0.17695382	BA	0	0	-0.18756089	0.17291261	BA	0	0	ct3VSct4	0.0052503170600031	0	0
891	24	41	-0.15360689	0.17829669	BA	0	0	-0.18756089	0.18335729	BA	0	0	ct3VSct4	0.007003056452194	0	0
892	24	42	-0.15360689	0.14756948	BA	0	0	-0.18756089	0.1628178	BA	0	0	ct3VSct4	0.0078705625941248	0	0
893	24	43	-0.15360689	-0.16357241	BB	0	0.0251258491899049	-0.18756089	-0.17132332	BB	0	0.0321335543769548	ct3VSct4	-0.0070077051870499	0	-0.0070077051870499
894	24	44	-0.15360689	-0.17446408	BB	0	0.0267988847455112	-0.18756089	-0.16783001	BB	0	0.0314783460443089	ct3VSct4	-0.0046794612987977	0	-0.0046794612987977
895	24	45	-0.15360689	0.066227762	BA	0	0	-0.18756089	0.14089042	BA	0	0	ct3VSct4	0.0162524920151936	0	0
896	24	46	-0.15360689	-0.032986415	BB	0	0.00506694062039935	-0.18756089	-0.10152237	BB	0	0.0190416260721093	ct3VSct4	-0.01397468545171	0	-0.01397468545171
897	24	47	-0.15360689	0.17300806	BA	0	0	-0.18756089	0.15886527	BA	0	0	ct3VSct4	0.0032216813897569	0	0
898	24	48	-0.15360689	0.15073365	BA	0	0	-0.18756089	0.09525499	BA	0	0	ct3VSct4	-0.0052876164935074	0	0
899	24	49	-0.15360689	0.083039757	BA	0	0	-0.18756089	-0.01745302	BB	0	0.0032735039643878	ct3VSct4	-0.0160289827835135	0	-0.0032735039643878
900	24	50	-0.15360689	0.088158697	BA	0	0	-0.18756089	0.053211025	BA	0	0	ct3VSct4	-0.00356147606581008	0	0
901	25	26	-0.17528898	0.034817162	BA	0	0	-0.176658	0.046911147	BA	0	0	ct3VSct4	0.00218416459325124	0	0
902	25	27	-0.17528898	-0.13150274	BB	0	0.0230509811618052	-0.176658	-0.12160587	BB	0	0.02148264978246	ct3VSct4	0.0015683313793452	0	0.0015683313793452
903	25	28	-0.17528898	-0.19158984	BB	0	0.0335835876319632	-0.176658	-0.20294332	BB	0	0.03585156102456	ct3VSct4	-0.0022679733925968	0	-0.0022679733925968
904	25	29	-0.17528898	-0.12514643	BB	0	0.0219367900653414	-0.176658	-0.11742039	BB	0	0.02074325125662	ct3VSct4	0.0011935388087214	0	0.0011935388087214
905	25	30	-0.17528898	-0.18395331	BB	0	0.0322449880775238	-0.176658	-0.18628952	BB	0	0.03290953402416	ct3VSct4	-0.000664545946636196	0	-0.000664545946636196
906	25	31	-0.17528898	-0.079477947	BB	0	0.0139316082621241	-0.176658	-0.026242096	BB	0	0.004635876195168	ct3VSct4	0.00929573206695606	0	0.0092957320669561
907	25	32	-0.17528898	0.11143501	BA	0	0	-0.176658	0.11104545	BA	0	0	ct3VSct4	8.37378669102003e-05	0	0
908	25	33	-0.17528898	-0.083578057	BB	0	0.0146503123619119	-0.176658	-0.13439603	BB	0	0.02374213386774	ct3VSct4	-0.00909182150582814	0	-0.0090918215058281
909	25	34	-0.17528898	-0.14780161	BB	0	0.0259079934592578	-0.176658	-0.19089042	BB	0	0.03372231981636	ct3VSct4	-0.0078143263571022	0	-0.0078143263571022
910	25	35	-0.17528898	0.046479583	BA	0	0	-0.176658	-0.0071459731	BB	0	0.0012623933158998	ct3VSct4	-0.00940975201079514	0	-0.0012623933158998
911	25	36	-0.17528898	-0.059539951	BB	0	0.01043669728004	-0.176658	-0.09546514	BB	0	0.01686468070212	ct3VSct4	-0.00642798342208002	0	-0.00642798342208
912	25	37	-0.17528898	0.13002355	BA	0	0	-0.176658	0.078333614	BA	0	0	ct3VSct4	-0.008953435873467	0	0
913	25	38	-0.17528898	-0.090405284	BB	0	0.0158470500189703	-0.176658	-0.12562377	BB	0	0.02219244396066	ct3VSct4	-0.00634539394168968	0	-0.0063453939416897
914	25	39	-0.17528898	0.17347666	BA	0	0	-0.176658	0.15790873	BA	0	0	ct3VSct4	-0.0025127063608668	0	0
915	25	40	-0.17528898	0.17695382	BA	0	0	-0.176658	0.17291261	BA	0	0	ct3VSct4	-0.000471658757523603	0	0
916	25	41	-0.17528898	0.17829669	BA	0	0	-0.176658	0.18335729	BA	0	0	ct3VSct4	0.0011380872093438	0	0
917	25	42	-0.17528898	0.14756948	BA	0	0	-0.176658	0.1628178	BA	0	0	ct3VSct4	0.0028957632840696	0	0
918	25	43	-0.17528898	-0.16357241	BB	0	0.0286724409050418	-0.176658	-0.17132332	BB	0	0.03026563506456	ct3VSct4	-0.0015931941595182	0	-0.0015931941595182
919	25	44	-0.17528898	-0.17446408	BB	0	0.0305816306298384	-0.176658	-0.16783001	BB	0	0.02964851390658	ct3VSct4	0.000933116723258399	0	0.000933116723258399
920	25	45	-0.17528898	0.066227762	BA	0	0	-0.176658	0.14089042	BA	0	0	ct3VSct4	0.0132804229676972	0	0
921	25	46	-0.17528898	-0.032986415	BB	0	0.0057821550392067	-0.176658	-0.10152237	BB	0	0.01793473883946	ct3VSct4	-0.0121525838002533	0	-0.0121525838002533
922	25	47	-0.17528898	0.17300806	BA	0	0	-0.176658	0.15886527	BA	0	0	ct3VSct4	-0.0022615855015188	0	0
923	25	48	-0.17528898	0.15073365	BA	0	0	-0.176658	0.09525499	BA	0	0	ct3VSct4	-0.009594391736757	0	0
924	25	49	-0.17528898	0.083039757	BA	0	0	-0.176658	-0.01745302	BB	0	0.00308321560716	ct3VSct4	-0.0176391699111379	0	-0.00308321560716
925	25	50	-0.17528898	0.088158697	BA	0	0	-0.176658	0.053211025	BA	0	0	ct3VSct4	-0.00605309482080906	0	0
926	26	27	0.034817162	-0.13150274	AB	0	0	0.046911147	-0.12160587	AB	0	0	ct3VSct4	0.00112611864160901	0	0
927	26	28	0.034817162	-0.19158984	AB	0	0	0.046911147	-0.20294332	AB	0	0	ct3VSct4	0.00284968942035396	0	0
928	26	29	0.034817162	-0.12514643	AB	0	0	0.046911147	-0.11742039	AB	0	0	ct3VSct4	0.00115108164905567	0	0
929	26	30	0.034817162	-0.18395331	AB	0	0	0.046911147	-0.18628952	AB	0	0	ct3VSct4	0.00233432286257322	0	0
930	26	31	0.034817162	-0.079477947	AB	0	0	0.046911147	-0.026242096	AB	0	0	ct3VSct4	-0.0015361497330823	0	0
931	26	32	0.034817162	0.11143501	AA	0.00387985079564162	0	0.046911147	0.11104545	AA	0.00520926942863115	0	ct3VSct4	-0.00132941863298953	-0.00132941863298953	0
932	26	33	0.034817162	-0.083578057	AB	0	0	0.046911147	-0.13439603	AB	0	0	ct3VSct4	0.00339472116933218	0	0
933	26	34	0.034817162	-0.14780161	AB	0	0	0.046911147	-0.19089042	AB	0	0	ct3VSct4	0.00380885595428092	0	0
934	26	35	0.034817162	0.046479583	AA	0.00161828717100345	0	0.046911147	-0.0071459731	AB	0	0	ct3VSct4	0.00195351296555559	0.00161828717100345	0
935	26	36	0.034817162	-0.059539951	AB	0	0	0.046911147	-0.09546514	AB	0	0	ct3VSct4	0.00240536709647652	0	0
936	26	37	0.034817162	0.13002355	AA	0.0045270510041651	0	0.046911147	0.078333614	AA	0.00367471968139526	0	ct3VSct4	0.000852331322769842	0.00085233132276984	0
937	26	38	0.034817162	-0.090405284	AB	0	0	0.046911147	-0.12562377	AB	0	0	ct3VSct4	0.00274549972248018	0	0
938	26	39	0.034817162	0.17347666	AA	0.00603996497443892	0	0.046911147	0.15790873	AA	0.00740767964561331	0	ct3VSct4	-0.00136771467117439	-0.00136771467117439	0
939	26	40	0.034817162	0.17695382	AA	0.00616102981745884	0	0.046911147	0.17291261	AA	0.00811152886586367	0	ct3VSct4	-0.00195049904840483	-0.00195049904840483	0
940	26	41	0.034817162	0.17829669	AA	0.00620778473979378	0	0.046911147	0.18335729	AA	0.00860150078471163	0	ct3VSct4	-0.00239371604491785	-0.00239371604491785	0
941	26	42	0.034817162	0.14756948	AA	0.00513795049141576	0	0.046911147	0.1628178	AA	0.0076379697500166	0	ct3VSct4	-0.00250001925860084	-0.00250001925860084	0
942	26	43	0.034817162	-0.16357241	AB	0	0	0.046911147	-0.17132332	AB	0	0	ct3VSct4	0.00234184635134762	0	0
943	26	44	0.034817162	-0.17446408	AB	0	0	0.046911147	-0.16783001	AB	0	0	ct3VSct4	0.00179875413358051	0	0
944	26	45	0.034817162	0.066227762	AA	0.00230586271845144	0	0.046911147	0.14089042	AA	0.00660933120351174	0	ct3VSct4	-0.0043034684850603	-0.0043034684850603	0
945	26	46	0.034817162	-0.032986415	AB	0	0	0.046911147	-0.10152237	AB	0	0	ct3VSct4	0.00361403746800416	0	0
946	26	47	0.034817162	0.17300806	AA	0.00602364965232572	0	0.046911147	0.15886527	AA	0.00745255203416469	0	ct3VSct4	-0.00142890238183897	-0.00142890238183897	0
947	26	48	0.034817162	0.15073365	AA	0.0052481179109013	0	0.046911147	0.09525499	AA	0.00446852083837353	0	ct3VSct4	0.00077959707252777	0.00077959707252777	0
948	26	49	0.034817162	0.083039757	AA	0.00289120867190963	0	0.046911147	-0.01745302	AB	0	0	ct3VSct4	0.00370994985872357	0.00289120867190963	0
949	26	50	0.034817162	0.088158697	AA	0.00306943563515791	0	0.046911147	0.053211025	AA	0.00249619021579568	0	ct3VSct4	0.000573245419362239	0.00057324541936223	0
950	27	28	-0.13150274	-0.19158984	BB	0	0.0251945889161616	-0.12160587	-0.20294332	BB	0	0.0246790989892884	ct3VSct4	0.000515489926873201	0	0.000515489926873197
951	27	29	-0.13150274	-0.12514643	BB	0	0.0164570984462182	-0.12160587	-0.11742039	BB	0	0.0142790086816893	ct3VSct4	0.0021780897645289	0	0.0021780897645289
952	27	30	-0.13150274	-0.18395331	BB	0	0.0241903642970694	-0.12160587	-0.18628952	BB	0	0.0226538991514824	ct3VSct4	0.001536465145587	0	0.001536465145587
953	27	31	-0.13150274	-0.079477947	BB	0	0.0104515678000748	-0.12160587	-0.026242096	BB	0	0.00319119291470352	ct3VSct4	0.00726037488537126	0	0.00726037488537128
954	27	32	-0.13150274	0.11143501	BA	0	0	-0.12160587	0.11104545	BA	0	0	ct3VSct4	-0.0011502305901359	0	0
955	27	33	-0.13150274	-0.083578057	BB	0	0.0109907434993762	-0.12160587	-0.13439603	BB	0	0.0163433461526961	ct3VSct4	-0.00535260265331992	0	-0.0053526026533199
956	27	34	-0.13150274	-0.14780161	BB	0	0.0194363166914114	-0.12160587	-0.19089042	BB	0	0.0232133955987654	ct3VSct4	-0.003777078907354	0	-0.003777078907354
957	27	35	-0.13150274	0.046479583	BA	0	0	-0.12160587	-0.0071459731	BB	0	0.000868992275822097	ct3VSct4	-0.00698118479437952	0	-0.000868992275822097
958	27	36	-0.13150274	-0.059539951	BB	0	0.00782966669596574	-0.12160587	-0.09546514	BB	0	0.0116091214043718	ct3VSct4	-0.00377945470840606	0	-0.00377945470840606
959	27	37	-0.13150274	0.13002355	BA	0	0	-0.12160587	0.078333614	BA	0	0	ct3VSct4	-0.00757262580881282	0	0
960	27	38	-0.13150274	-0.090405284	BB	0	0.0118885425564782	-0.12160587	-0.12562377	BB	0	0.0152765878435299	ct3VSct4	-0.00338804528705174	0	-0.0033880452870517
961	27	39	-0.13150274	0.17347666	BA	0	0	-0.12160587	0.15790873	BA	0	0	ct3VSct4	-0.0036100276238033	0	0
962	27	40	-0.13150274	0.17695382	BA	0	0	-0.12160587	0.17291261	BA	0	0	ct3VSct4	-0.0022427238104461	0	0
963	27	41	-0.13150274	0.17829669	BA	0	0	-0.12160587	0.18335729	BA	0	0	ct3VSct4	-0.0011491804966383	0	0
964	27	42	-0.13150274	0.14756948	BA	0	0	-0.12160587	0.1628178	BA	0	0	ct3VSct4	0.000393809260110799	0	0
965	27	43	-0.13150274	-0.16357241	BB	0	0.0215102201034034	-0.12160587	-0.17132332	BB	0	0.0208339213798884	ct3VSct4	0.000676298723515	0	0.000676298723515
966	27	44	-0.13150274	-0.17446408	BB	0	0.0229425045515792	-0.12160587	-0.16783001	BB	0	0.0204091143781587	ct3VSct4	0.0025333901734205	0	0.0025333901734205
967	27	45	-0.13150274	0.066227762	BA	0	0	-0.12160587	0.14089042	BA	0	0	ct3VSct4	0.00842396993169752	0	0
968	27	46	-0.13150274	-0.032986415	BB	0	0.0043378039552771	-0.12160587	-0.10152237	BB	0	0.0123457161283119	ct3VSct4	-0.0080079121730348	0	-0.0080079121730348
969	27	47	-0.13150274	0.17300806	BA	0	0	-0.12160587	0.15886527	BA	0	0	ct3VSct4	-0.0034320845609495	0	0
970	27	48	-0.13150274	0.15073365	BA	0	0	-0.12160587	0.09525499	BA	0	0	ct3VSct4	-0.0082383220544097	0	0
971	27	49	-0.13150274	0.083039757	BA	0	0	-0.12160587	-0.01745302	BB	0	0.0021223896812274	ct3VSct4	-0.0130423452556616	0	-0.0021223896812274
972	27	50	-0.13150274	0.088158697	BA	0	0	-0.12160587	0.053211025	BA	0	0	ct3VSct4	-0.00512233722161303	0	0
973	28	29	-0.19158984	-0.12514643	BB	0	0.0239767845002712	-0.20294332	-0.11742039	BB	0	0.0238296837822948	ct3VSct4	0.000147100717976398	0	0.000147100717976401
974	28	30	-0.19158984	-0.18395331	BB	0	0.0352435852303704	-0.20294332	-0.18628952	BB	0	0.0378062136700064	ct3VSct4	-0.00256262843963599	0	-0.00256262843963601
975	28	31	-0.19158984	-0.079477947	BB	0	0.0152271671492585	-0.20294332	-0.026242096	BB	0	0.00532565808599872	ct3VSct4	0.00990150906325976	0	0.00990150906325978
976	28	32	-0.19158984	0.11143501	BA	0	0	-0.20294332	0.11104545	BA	0	0	ct3VSct4	0.0011861165575956	0	0
977	28	33	-0.19158984	-0.083578057	BB	0	0.0160127065681409	-0.20294332	-0.13439603	BB	0	0.0272747765230196	ct3VSct4	-0.0112620699548787	0	-0.0112620699548787
978	28	34	-0.19158984	-0.14780161	BB	0	0.0283172868116424	-0.20294332	-0.19089042	BB	0	0.0387399355909944	ct3VSct4	-0.010422648779352	0	-0.010422648779352
979	28	35	-0.19158984	0.046479583	BA	0	0	-0.20294332	-0.0071459731	BB	0	0.00145022750554469	ct3VSct4	-0.0103552433757814	0	-0.00145022750554469
980	28	36	-0.19158984	-0.059539951	BB	0	0.0114072496856978	-0.20294332	-0.09546514	BB	0	0.0193740124558648	ct3VSct4	-0.00796676277016696	0	-0.007966762770167
981	28	37	-0.19158984	0.13002355	BA	0	0	-0.20294332	0.078333614	BA	0	0	ct3VSct4	-0.00901390744797352	0	0
982	28	38	-0.19158984	-0.090405284	BB	0	0.0173207338967146	-0.20294332	-0.12562377	BB	0	0.0254945049547164	ct3VSct4	-0.00817377105800184	0	-0.0081737710580018
983	28	39	-0.19158984	0.17347666	BA	0	0	-0.20294332	0.15790873	BA	0	0	ct3VSct4	-0.0011898436099508	0	0
984	28	40	-0.19158984	0.17695382	BA	0	0	-0.20294332	0.17291261	BA	0	0	ct3VSct4	0.0011889050820764	0	0
985	28	41	-0.19158984	0.17829669	BA	0	0	-0.20294332	0.18335729	BA	0	0	ct3VSct4	0.0030513028691732	0	0
986	28	42	-0.19158984	0.14756948	BA	0	0	-0.20294332	0.1628178	BA	0	0	ct3VSct4	0.00476997182501281	0	0
987	28	43	-0.19158984	-0.16357241	BB	0	0.0313388118603144	-0.20294332	-0.17132332	BB	0	0.0347689233542224	ct3VSct4	-0.003430111493908	0	-0.003430111493908
988	28	44	-0.19158984	-0.17446408	BB	0	0.0334255451729472	-0.20294332	-0.16783001	BB	0	0.0340599794250332	ct3VSct4	-0.000634434252086001	0	-0.000634434252086001
989	28	45	-0.19158984	0.066227762	BA	0	0	-0.20294332	0.14089042	BA	0	0	ct3VSct4	0.0159042032658563	0	0
990	28	46	-0.19158984	-0.032986415	BB	0	0.0063198619720236	-0.20294332	-0.10152237	BB	0	0.0206032868220684	ct3VSct4	-0.0142834248500448	0	-0.0142834248500448
991	28	47	-0.19158984	0.17300806	BA	0	0	-0.20294332	0.15886527	BA	0	0	ct3VSct4	-0.000905941207613996	0	0
992	28	48	-0.19158984	0.15073365	BA	0	0	-0.20294332	0.09525499	BA	0	0	ct3VSct4	-0.0095476719689492	0	0
993	28	49	-0.19158984	0.083039757	BA	0	0	-0.20294332	-0.01745302	BB	0	0.0035419738228264	ct3VSct4	-0.0194515475800953	0	-0.0035419738228264
994	28	50	-0.19158984	0.088158697	BA	0	0	-0.20294332	0.053211025	BA	0	0	ct3VSct4	-0.00609148857873548	0	0
995	29	30	-0.12514643	-0.18395331	BB	0	0.0230211000331833	-0.11742039	-0.18628952	BB	0	0.0218741880913128	ct3VSct4	0.00114691194187051	0	0.0011469119418705
996	29	31	-0.12514643	-0.079477947	BB	0	0.00994638133077921	-0.11742039	-0.026242096	BB	0	0.00308135714673744	ct3VSct4	0.00686502418404177	0	0.00686502418404177
997	29	32	-0.12514643	0.11143501	BA	0	0	-0.11742039	0.11104545	BA	0	0	ct3VSct4	-0.0009066936317888	0	0
998	29	33	-0.12514643	-0.083578057	BB	0	0.0104594954598865	-0.11742039	-0.13439603	BB	0	0.0157808342570517	ct3VSct4	-0.00532133879716519	0	-0.0053213387971652
999	29	34	-0.12514643	-0.14780161	BB	0	0.0184968438397523	-0.11742039	-0.19089042	BB	0	0.0224144275636638	ct3VSct4	-0.0039175837239115	0	-0.0039175837239115
1000	29	35	-0.12514643	0.046479583	BA	0	0	-0.11742039	-0.0071459731	BB	0	0.000839082948331509	ct3VSct4	-0.0066558368286702	0	-0.000839082948331509
1001	29	36	-0.12514643	-0.059539951	BB	0	0.00745121231002493	-0.11742039	-0.09546514	BB	0	0.0112095539702046	ct3VSct4	-0.00375834166017967	0	-0.00375834166017967
1002	29	37	-0.12514643	0.13002355	BA	0	0	-0.11742039	0.078333614	BA	0	0	ct3VSct4	-0.00707401959243704	0	0
1003	29	38	-0.12514643	-0.090405284	BB	0	0.0113138985457361	-0.11742039	-0.12562377	BB	0	0.0147507920666703	ct3VSct4	-0.00343689352093418	0	-0.0034368935209342
1004	29	39	-0.12514643	0.17347666	BA	0	0	-0.11742039	0.15790873	BA	0	0	ct3VSct4	-0.0031682800263191	0	0
1005	29	40	-0.12514643	0.17695382	BA	0	0	-0.11742039	0.17291261	BA	0	0	ct3VSct4	-0.0018416727457447	0	0
1006	29	41	-0.12514643	0.17829669	BA	0	0	-0.11742039	0.18335729	BA	0	0	ct3VSct4	-0.000783309733173601	0	0
1007	29	42	-0.12514643	0.14756948	BA	0	0	-0.11742039	0.1628178	BA	0	0	ct3VSct4	0.0006503359759856	0	0
1008	29	43	-0.12514643	-0.16357241	BB	0	0.0204705031579963	-0.11742039	-0.17132332	BB	0	0.0201168510504948	ct3VSct4	0.0003536521075015	0	0.0003536521075015
1009	29	44	-0.12514643	-0.17446408	BB	0	0.0218335567752344	-0.11742039	-0.16783001	BB	0	0.0197066652279039	ct3VSct4	0.0021268915473305	0	0.0021268915473305
1010	29	45	-0.12514643	0.066227762	BA	0	0	-0.11742039	0.14089042	BA	0	0	ct3VSct4	0.00825524008247414	0	0
1011	29	46	-0.12514643	-0.032986415	BB	0	0.00412813207574845	-0.11742039	-0.10152237	BB	0	0.0119207962791243	ct3VSct4	-0.00779266420337585	0	-0.00779266420337585
1012	29	47	-0.12514643	0.17300806	BA	0	0	-0.11742039	0.15886527	BA	0	0	ct3VSct4	-0.0029973191093705	0	0
1013	29	48	-0.12514643	0.15073365	BA	0	0	-0.11742039	0.09525499	BA	0	0	ct3VSct4	-0.0076789001031234	0	0
1014	29	49	-0.12514643	0.083039757	BA	0	0	-0.11742039	-0.01745302	BB	0	0.0020493404150778	ct3VSct4	-0.0124414695516953	0	-0.0020493404150778
1015	29	50	-0.12514643	0.088158697	BA	0	0	-0.11742039	0.053211025	BA	0	0	ct3VSct4	-0.00478468689520196	0	0
1016	30	31	-0.18395331	-0.079477947	BB	0	0.0146202314226546	-0.18628952	-0.026242096	BB	0	0.00488862746763392	ct3VSct4	0.00973160395502065	0	0.00973160395502068
1017	30	32	-0.18395331	0.11143501	BA	0	0	-0.18628952	0.11104545	BA	0	0	ct3VSct4	0.000187764639300897	0	0
1018	30	33	-0.18395331	-0.083578057	BB	0	0.0153744602285187	-0.18628952	-0.13439603	BB	0	0.0250365719186056	ct3VSct4	-0.00966211169008693	0	-0.0096621116900869
1019	30	34	-0.18395331	-0.14780161	BB	0	0.0271885953828291	-0.18628952	-0.19089042	BB	0	0.0355608847143984	ct3VSct4	-0.00837228933156929	0	-0.0083722893315693
1020	30	35	-0.18395331	0.046479583	BA	0	0	-0.18628952	-0.0071459731	BB	0	0.00133121989873191	ct3VSct4	-0.00988129303900164	0	-0.00133121989873191
1021	30	36	-0.18395331	-0.059539951	BB	0	0.0109525710636878	-0.18628952	-0.09546514	BB	0	0.0177841551073328	ct3VSct4	-0.00683158404364499	0	-0.006831584043645
1022	30	37	-0.18395331	0.13002355	BA	0	0	-0.18628952	0.078333614	BA	0	0	ct3VSct4	-0.00932553104852522	0	0
1023	30	38	-0.18395331	-0.090405284	BB	0	0.01663035123329	-0.18628952	-0.12562377	BB	0	0.0234023918138904	ct3VSct4	-0.00677204058060036	0	-0.0067720405806004
1024	30	39	-0.18395331	0.17347666	BA	0	0	-0.18628952	0.15790873	BA	0	0	ct3VSct4	-0.002494864299235	0	0
1025	30	40	-0.18395331	0.17695382	BA	0	0	-0.18628952	0.17291261	BA	0	0	ct3VSct4	-0.000339433787297005	0	0
1026	30	41	-0.18395331	0.17829669	BA	0	0	-0.18628952	0.18335729	BA	0	0	ct3VSct4	0.00135927525505689	0	0
1027	30	42	-0.18395331	0.14756948	BA	0	0	-0.18628952	0.1628178	BA	0	0	ct3VSct4	0.0031853555084772	0	0
1028	30	43	-0.18395331	-0.16357241	BB	0	0.0300896862441771	-0.18628952	-0.17132332	BB	0	0.0319157390476064	ct3VSct4	-0.00182605280342929	0	-0.0018260528034293
1029	30	44	-0.18395331	-0.17446408	BB	0	0.0320932449921048	-0.18628952	-0.16783001	BB	0	0.0312649720044952	ct3VSct4	0.000828272987609603	0	0.000828272987609603
1030	30	45	-0.18395331	0.066227762	BA	0	0	-0.18628952	0.14089042	BA	0	0	ct3VSct4	0.0140635926806062	0	0
1031	30	46	-0.18395331	-0.032986415	BB	0	0.00606796022428365	-0.18628952	-0.10152237	BB	0	0.0189125535765624	ct3VSct4	-0.0128445933522787	0	-0.0128445933522788
1032	30	47	-0.18395331	0.17300806	BA	0	0	-0.18628952	0.15886527	BA	0	0	ct3VSct4	-0.0022304704007082	0	0
1033	30	48	-0.18395331	0.15073365	BA	0	0	-0.18628952	0.09525499	BA	0	0	ct3VSct4	-0.0099829474811767	0	0
1034	30	49	-0.18395331	0.083039757	BA	0	0	-0.18628952	-0.01745302	BB	0	0.0032513147183504	ct3VSct4	-0.0185267528800961	0	-0.0032513147183504
1035	30	50	-0.18395331	0.088158697	BA	0	0	-0.18628952	0.053211025	BA	0	0	ct3VSct4	-0.00630442781247907	0	0
1036	31	32	-0.079477947	0.11143501	BA	0	0	-0.026242096	0.11104545	BA	0	0	ct3VSct4	-0.00594256045946127	0	0
1037	31	33	-0.079477947	-0.083578057	BB	0	0.00664261238460898	-0.026242096	-0.13439603	BB	0	0.00352683352127888	ct3VSct4	0.0031157788633301	0	0.0031157788633301
1038	31	34	-0.079477947	-0.14780161	BB	0	0.0117469685260947	-0.026242096	-0.19089042	BB	0	0.00500936472712032	ct3VSct4	0.00673760379897435	0	0.00673760379897438
1039	31	35	-0.079477947	0.046479583	BA	0	0	-0.026242096	-0.0071459731	BB	0	0.000187525312103618	ct3VSct4	-0.00388162714635972	0	-0.000187525312103618
1040	31	36	-0.079477947	-0.059539951	BB	0	0.0047321130699606	-0.026242096	-0.09546514	BB	0	0.00250520536853344	ct3VSct4	0.00222690770142716	0	0.00222690770142716
1041	31	37	-0.079477947	0.13002355	BA	0	0	-0.026242096	0.078333614	BA	0	0	ct3VSct4	-0.0082783665970369	0	0
1042	31	38	-0.079477947	-0.090405284	BB	0	0.00718522637027195	-0.026242096	-0.12562377	BB	0	0.00329663103222192	ct3VSct4	0.00388859533805003	0	0.00388859533805003
1043	31	39	-0.079477947	0.17347666	BA	0	0	-0.026242096	0.15790873	BA	0	0	ct3VSct4	-0.00964371273731894	0	0
1044	31	40	-0.079477947	0.17695382	BA	0	0	-0.026242096	0.17291261	BA	0	0	ct3VSct4	-0.00952633701617698	0	0
1045	31	41	-0.079477947	0.17829669	BA	0	0	-0.026242096	0.18335729	BA	0	0	ct3VSct4	-0.00935897527161559	0	0
1046	31	42	-0.079477947	0.14756948	BA	0	0	-0.026242096	0.1628178	BA	0	0	ct3VSct4	-0.00745583897214876	0	0
1047	31	43	-0.079477947	-0.16357241	BB	0	0.0130003993326423	-0.026242096	-0.17132332	BB	0	0.00449588301047872	ct3VSct4	0.00850451632216355	0	0.00850451632216358
1048	31	44	-0.079477947	-0.17446408	BB	0	0.0138660469036438	-0.026242096	-0.16783001	BB	0	0.00440421123410096	ct3VSct4	0.0094618356695428	0	0.00946183566954284
1049	31	45	-0.079477947	0.066227762	BA	0	0	-0.026242096	0.14089042	BA	0	0	ct3VSct4	-0.00156638663104429	0	0
1050	31	46	-0.079477947	-0.032986415	BB	0	0.00262169254309	-0.026242096	-0.10152237	BB	0	0.00266415977968752	ct3VSct4	-4.24672365975155e-05	0	-4.24672365975198e-05
1051	31	47	-0.079477947	0.17300806	BA	0	0	-0.026242096	0.15886527	BA	0	0	ct3VSct4	-0.0095813677568469	0	0
1052	31	48	-0.079477947	0.15073365	BA	0	0	-0.026242096	0.09525499	BA	0	0	ct3VSct4	-0.00948031045375751	0	0
1053	31	49	-0.079477947	0.083039757	BA	0	0	-0.026242096	-0.01745302	BB	0	0.00045800382632992	ct3VSct4	-0.0070578332320688	0	-0.00045800382632992
1054	31	50	-0.079477947	0.088158697	BA	0	0	-0.026242096	0.053211025	BA	0	0	ct3VSct4	-0.00561030342144666	0	0
1055	32	33	0.11143501	-0.083578057	AB	0	0	0.11104545	-0.13439603	AB	0	0	ct3VSct4	0.00561054601198793	0	0
1056	32	34	0.11143501	-0.14780161	AB	0	0	0.11104545	-0.19089042	AB	0	0	ct3VSct4	0.0047272387012229	0	0
1057	32	35	0.11143501	0.046479583	AA	0.00517945279640083	0	0.11104545	-0.0071459731	AB	0	0	ct3VSct4	0.00597298059497822	0.00517945279640083	0
1058	32	36	0.11143501	-0.059539951	AB	0	0	0.11104545	-0.09546514	AB	0	0	ct3VSct4	0.00396613439552849	0	0
1059	32	37	0.11143501	0.13002355	AA	0.0144891755944855	0	0.11104545	0.078333614	AA	0.0086985914167563	0	ct3VSct4	0.0057905841777292	0.0057905841777292	0
1060	32	38	0.11143501	-0.090405284	AB	0	0	0.11104545	-0.12562377	AB	0	0	ct3VSct4	0.00387563434375366	0	0
1061	32	39	0.11143501	0.17347666	AA	0.0193313733418666	0	0.11104545	0.15790873	AA	0.0175350459817785	0	ct3VSct4	0.0017963273600881	0.0017963273600881	0
1062	32	40	0.11143501	0.17695382	AA	0.0197188507012382	0	0.11104545	0.17291261	AA	0.0192011585881245	0	ct3VSct4	0.000517692113113703	0.000517692113113699	0
1063	32	41	0.11143501	0.17829669	AA	0.0198684934331169	0	0.11104545	0.18335729	AA	0.0203609927788305	0	ct3VSct4	-0.0004924993457136	-0.0004924993457136	0
1064	32	42	0.11143501	0.14756948	AA	0.0164444064794948	0	0.11104545	0.1628178	AA	0.01808017586901	0	ct3VSct4	-0.0016357693895152	-0.0016357693895152	0
1065	32	43	0.11143501	-0.16357241	AB	0	0	0.11104545	-0.17132332	AB	0	0	ct3VSct4	0.0007969820208199	0	0
1066	32	44	0.11143501	-0.17446408	AB	0	0	0.11104545	-0.16783001	AB	0	0	ct3VSct4	-0.000804647515486298	0	0
1067	32	45	0.11143501	0.066227762	AA	0.00738009132074762	0	0.11104545	0.14089042	AA	0.015645240089589	0	ct3VSct4	-0.00826514876884138	-0.00826514876884138	0
1068	32	46	0.11143501	-0.032986415	AB	0	0	0.11104545	-0.10152237	AB	0	0	ct3VSct4	0.00759775577632735	0	0
1069	32	47	0.11143501	0.17300806	AA	0.0192791548961806	0	0.11104545	0.15886527	AA	0.0176412653965215	0	ct3VSct4	0.0016378894996591	0.0016378894996591	0
1070	32	48	0.11143501	0.15073365	AA	0.0167970057950865	0	0.11104545	0.09525499	AA	0.0105776332292955	0	ct3VSct4	0.006219372565791	0.006219372565791	0
1071	32	49	0.11143501	0.083039757	AA	0.00925353615169257	0	0.11104545	-0.01745302	AB	0	0	ct3VSct4	0.0111916146114516	0.00925353615169257	0
1072	32	50	0.11143501	0.088158697	AA	0.00982396528178197	0	0.11104545	0.053211025	AA	0.00590884221608625	0	ct3VSct4	0.00391512306569572	0.00391512306569572	0
1073	33	34	-0.083578057	-0.14780161	BB	0	0.0123529713852718	-0.13439603	-0.19089042	BB	0	0.0256549146130326	ct3VSct4	-0.0133019432277608	0	-0.0133019432277608
1074	33	35	-0.083578057	0.046479583	BA	0	0	-0.13439603	-0.0071459731	BB	0	0.000960390415126793	ct3VSct4	-0.00484506365243702	0	-0.000960390415126793
1075	33	36	-0.083578057	-0.059539951	BB	0	0.00497623341845521	-0.13439603	-0.09546514	BB	0	0.0128301358193942	ct3VSct4	-0.00785390240093899	0	-0.00785390240093899
1076	33	37	-0.083578057	0.13002355	BA	0	0	-0.13439603	0.078333614	BA	0	0	ct3VSct4	-0.000339388936089929	0	0
1077	33	38	-0.083578057	-0.090405284	BB	0	0.00755589797925319	-0.13439603	-0.12562377	BB	0	0.0168833359616331	ct3VSct4	-0.00932743798237991	0	-0.00932743798237991
1078	33	39	-0.083578057	0.17347666	BA	0	0	-0.13439603	0.15790873	BA	0	0	ct3VSct4	0.00672346423669228	0	0
1079	33	40	-0.083578057	0.17695382	BA	0	0	-0.13439603	0.17291261	BA	0	0	ct3VSct4	0.00844931186661056	0	0
1080	33	41	-0.083578057	0.17829669	BA	0	0	-0.13439603	0.18335729	BA	0	0	ct3VSct4	0.00974080092782737	0	0
1081	33	42	-0.083578057	0.14756948	BA	0	0	-0.13439603	0.1628178	BA	0	0	ct3VSct4	0.00954849552243364	0	0
1082	33	43	-0.083578057	-0.16357241	BB	0	0.0136710642066074	-0.13439603	-0.17132332	BB	0	0.0230251740544196	ct3VSct4	-0.00935410984781223	0	-0.0093541098478122
1083	33	44	-0.083578057	-0.17446408	BB	0	0.0145813688226926	-0.13439603	-0.16783001	BB	0	0.0225556870588603	ct3VSct4	-0.00797431823616774	0	-0.0079743182361677
1084	33	45	-0.083578057	0.066227762	BA	0	0	-0.13439603	0.14089042	BA	0	0	ct3VSct4	0.0133999254456142	0	0
1085	33	46	-0.083578057	-0.032986415	BB	0	0.00275694047309565	-0.13439603	-0.10152237	BB	0	0.0136442034841911	ct3VSct4	-0.0108872630110954	0	-0.0108872630110954
1086	33	47	-0.083578057	0.17300806	BA	0	0	-0.13439603	0.15886527	BA	0	0	ct3VSct4	0.00689118409273868	0	0
1087	33	48	-0.083578057	0.15073365	BA	0	0	-0.13439603	0.09525499	BA	0	0	ct3VSct4	0.00020386690217165	0	0
1088	33	49	-0.083578057	0.083039757	BA	0	0	-0.13439603	-0.01745302	BB	0	0.0023456165995106	ct3VSct4	-0.00928591814332275	0	-0.0023456165995106
1089	33	50	-0.083578057	0.088158697	BA	0	0	-0.13439603	0.053211025	BA	0	0	ct3VSct4	-0.000216782090680979	0	0
1090	34	35	-0.14780161	0.046479583	BA	0	0	-0.19089042	-0.0071459731	BB	0	0.0013640978063677	ct3VSct4	-0.00823385500589633	0	-0.0013640978063677
1091	34	36	-0.14780161	-0.059539951	BB	0	0.00880010061712111	-0.19089042	-0.09546514	BB	0	0.0182233806699588	ct3VSct4	-0.00942328005283769	0	-0.00942328005283769
1092	34	37	-0.14780161	0.13002355	BA	0	0	-0.19089042	0.078333614	BA	0	0	ct3VSct4	-0.00426455355133762	0	0
1093	34	38	-0.14780161	-0.090405284	BB	0	0.0133620465277072	-0.19089042	-0.12562377	BB	0	0.0239803742172834	ct3VSct4	-0.0106183276895762	0	-0.0106183276895762
1094	34	39	-0.14780161	0.17347666	BA	0	0	-0.19089042	0.15790873	BA	0	0	ct3VSct4	0.004503134145944	0	0
1095	34	40	-0.14780161	0.17695382	BA	0	0	-0.19089042	0.17291261	BA	0	0	ct3VSct4	0.006853301254546	0	0
1096	34	41	-0.14780161	0.17829669	BA	0	0	-0.19089042	0.18335729	BA	0	0	ct3VSct4	0.0086486122584909	0	0
1097	34	42	-0.14780161	0.14756948	BA	0	0	-0.19089042	0.1628178	BA	0	0	ct3VSct4	0.0092693514946132	0	0
1098	34	43	-0.14780161	-0.16357241	BB	0	0.0241762655495801	-0.19089042	-0.17132332	BB	0	0.0327039805105944	ct3VSct4	-0.0085277149610143	0	-0.0085277149610143
1099	34	44	-0.14780161	-0.17446408	BB	0	0.0257860719111688	-0.19089042	-0.16783001	BB	0	0.0320371410975042	ct3VSct4	-0.00625106918633541	0	-0.0062510691863354
1100	34	45	-0.14780161	0.066227762	BA	0	0	-0.19089042	0.14089042	BA	0	0	ct3VSct4	0.0171060615974796	0	0
1101	34	46	-0.14780161	-0.032986415	BB	0	0.00487544524512815	-0.19089042	-0.10152237	BB	0	0.0193796478486954	ct3VSct4	-0.0145042026035673	0	-0.0145042026035672
1102	34	47	-0.14780161	0.17300806	BA	0	0	-0.19089042	0.15886527	BA	0	0	ct3VSct4	0.0047549883027368	0	0
1103	34	48	-0.14780161	0.15073365	BA	0	0	-0.19089042	0.09525499	BA	0	0	ct3VSct4	-0.0040954111029807	0	0
1104	34	49	-0.14780161	0.083039757	BA	0	0	-0.19089042	-0.01745302	BB	0	0.0033316143180684	ct3VSct4	-0.0156050240966772	0	-0.0033316143180684
1105	34	50	-0.14780161	0.088158697	BA	0	0	-0.19089042	0.053211025	BA	0	0	ct3VSct4	-0.00287252244122167	0	0
1106	35	36	0.046479583	-0.059539951	AB	0	0	-0.0071459731	-0.09546514	BB	0	0.000682191322427734	ct3VSct4	-0.00344958341674817	0	-0.000682191322427734
1107	35	37	0.046479583	0.13002355	AA	0.00604344038417965	0	-0.0071459731	0.078333614	BA	0	0	ct3VSct4	0.00660321028264943	0.00604344038417965	0
1108	35	38	0.046479583	-0.090405284	AB	0	0	-0.0071459731	-0.12562377	BB	0	0.000897704081140587	ct3VSct4	-0.00509970398245716	0	-0.000897704081140587
1109	35	39	0.046479583	0.17347666	AA	0.00806312281703278	0	-0.0071459731	0.15790873	BA	0	0	ct3VSct4	0.00919153435386794	0.00806312281703278	0
1110	35	40	0.046479583	0.17695382	AA	0.00822473976385706	0	-0.0071459731	0.17291261	BA	0	0	ct3VSct4	0.00946036862356785	0.00822473976385706	0
1111	35	41	0.046479583	0.17829669	AA	0.00828715580148027	0	-0.0071459731	0.18335729	BA	0	0	ct3VSct4	0.00959742206350917	0.00828715580148027	0
1112	35	42	0.046479583	0.14756948	AA	0.00685896789392684	0	-0.0071459731	0.1628178	BA	0	0	ct3VSct4	0.00802245951292802	0.00685896789392684	0
1113	35	43	0.046479583	-0.16357241	AB	0	0	-0.0071459731	-0.17132332	BB	0	0.00122427183612269	ct3VSct4	-0.00882704924322772	0	-0.00122427183612269
1114	35	44	0.046479583	-0.17446408	AB	0	0	-0.0071459731	-0.16783001	BB	0	0.00119930873683273	ct3VSct4	-0.00930832642371137	0	-0.00119930873683273
1115	35	45	0.046479583	0.066227762	AA	0.00307823876078325	0	-0.0071459731	0.14089042	BA	0	0	ct3VSct4	0.00408503791215095	0.00307823876078325	0
1116	35	46	0.046479583	-0.032986415	AB	0	0	-0.0071459731	-0.10152237	BB	0	0.000725476125068247	ct3VSct4	-0.00225867093893319	0	-0.000725476125068247
1117	35	47	0.046479583	0.17300806	AA	0.00804134248443898	0	-0.0071459731	0.15886527	BA	0	0	ct3VSct4	0.00917658943038322	0.00804134248443898	0
1118	35	48	0.046479583	0.15073365	AA	0.00700603719606795	0	-0.0071459731	0.09525499	BA	0	0	ct3VSct4	0.00768672679224872	0.00700603719606795	0
1119	35	49	0.046479583	0.083039757	AA	0.00385965327778133	0	-0.0071459731	-0.01745302	BB	0	0.000124718811433762	ct3VSct4	0.00373493446634757	0.00385965327778133	-0.000124718811433762
1120	35	50	0.046479583	0.088158697	AA	0.00409757947438335	0	-0.0071459731	0.053211025	BA	0	0	ct3VSct4	0.00447782402765678	0.00409757947438335	0
1121	36	37	-0.059539951	0.13002355	BA	0	0	-0.09546514	0.078333614	BA	0	0	ct3VSct4	-0.00026346636863009	0	0
1122	36	38	-0.059539951	-0.090405284	BB	0	0.00538272617950108	-0.09546514	-0.12562377	BB	0	0.0119926907903778	ct3VSct4	-0.00660996461087672	0	-0.00660996461087672
1123	36	39	-0.059539951	0.17347666	BA	0	0	-0.09546514	0.15790873	BA	0	0	ct3VSct4	0.00474598718062854	0	0
1124	36	40	-0.059539951	0.17695382	BA	0	0	-0.09546514	0.17291261	BA	0	0	ct3VSct4	0.00597130474935258	0	0
1125	36	41	-0.059539951	0.17829669	BA	0	0	-0.09546514	0.18335729	BA	0	0	ct3VSct4	0.00688845317380841	0	0
1126	36	42	-0.059539951	0.14756948	BA	0	0	-0.09546514	0.1628178	BA	0	0	ct3VSct4	0.00675714446319652	0	0
1127	36	43	-0.059539951	-0.16357241	BB	0	0.00973909327635191	-0.09546514	-0.17132332	BB	0	0.0163554047290648	ct3VSct4	-0.00661631145271289	0	-0.00661631145271289
1128	36	44	-0.059539951	-0.17446408	BB	0	0.0103875827744601	-0.09546514	-0.16783001	BB	0	0.0160219154008514	ct3VSct4	-0.00563433262639132	0	-0.0056343326263913
1129	36	45	-0.059539951	0.066227762	BA	0	0	-0.09546514	0.14089042	BA	0	0	ct3VSct4	0.00950692596563914	0	0
1130	36	46	-0.059539951	-0.032986415	BB	0	0.00196400953276566	-0.09546514	-0.10152237	BB	0	0.0096918472651818	ct3VSct4	-0.00772783773241614	0	-0.00772783773241614
1131	36	47	-0.059539951	0.17300806	BA	0	0	-0.09546514	0.15886527	BA	0	0	ct3VSct4	0.00486520382668274	0	0
1132	36	48	-0.059539951	0.15073365	BA	0	0	-0.09546514	0.09525499	BA	0	0	ct3VSct4	0.000118856820997451	0	0
1133	36	49	-0.059539951	0.083039757	BA	0	0	-0.09546514	-0.01745302	BB	0	0.0016661549977228	ct3VSct4	-0.00661033806055471	0	-0.0016661549977228
1134	36	50	-0.059539951	0.088158697	BA	0	0	-0.09546514	0.053211025	BA	0	0	ct3VSct4	-0.000169166548435347	0	0
1135	37	38	0.13002355	-0.090405284	AB	0	0	0.078333614	-0.12562377	AB	0	0	ct3VSct4	-0.00191425205603342	0	0
1136	37	39	0.13002355	0.17347666	AA	0.022556051175343	0	0.078333614	0.15790873	AA	0.0123695615030502	0	ct3VSct4	0.0101864896722928	0.0101864896722928	0
1137	37	40	0.13002355	0.17695382	AA	0.023008163862461	0	0.078333614	0.17291261	AA	0.0135448696474725	0	ct3VSct4	0.00946329421498846	0.0094632942149885	0
1138	37	41	0.13002355	0.17829669	AA	0.0231827685870495	0	0.078333614	0.18335729	AA	0.0143630391789461	0	ct3VSct4	0.00881972940810344	0.0088197294081034	0
1139	37	42	0.13002355	0.14756948	AA	0.019187507661254	0	0.078333614	0.1628178	AA	0.0127541066975292	0	ct3VSct4	0.0064334009637248	0.0064334009637248	0
1140	37	43	0.13002355	-0.16357241	AB	0	0	0.078333614	-0.17132332	AB	0	0	ct3VSct4	-0.00784789061217702	0	0
1141	37	44	0.13002355	-0.17446408	AB	0	0	0.078333614	-0.16783001	AB	0	0	ct3VSct4	-0.00953770780812786	0	0
1142	37	45	0.13002355	0.066227762	AA	0.0086111687237951	0	0.078333614	0.14089042	AA	0.0110364557765779	0	ct3VSct4	-0.00242528705278278	-0.0024252870527828	0
1143	37	46	0.13002355	-0.032986415	AB	0	0	0.078333614	-0.10152237	AB	0	0	ct3VSct4	0.00366360336387193	0	0
1144	37	47	0.13002355	0.17300806	AA	0.022495122139813	0	0.078333614	0.15886527	AA	0.0124444907381858	0	ct3VSct4	0.0100506314016272	0.0100506314016272	0
1145	37	48	0.13002355	0.15073365	AA	0.0195989242774575	0	0.078333614	0.09525499	AA	0.00746166761823386	0	ct3VSct4	0.0121372566592236	0.0121372566592236	0
1146	37	49	0.13002355	0.083039757	AA	0.0107971239962773	0	0.078333614	-0.01745302	AB	0	0	ct3VSct4	0.0121642821280916	0.0107971239962773	0
1147	37	50	0.13002355	0.088158697	AA	0.0114627067473143	0	0.078333614	0.053211025	AA	0.00416821189289435	0	ct3VSct4	0.00729449485442	0.00729449485441995	0
1148	38	39	-0.090405284	0.17347666	BA	0	0	-0.12562377	0.15790873	BA	0	0	ct3VSct4	0.00415388326384066	0	0
1149	38	40	-0.090405284	0.17695382	BA	0	0	-0.12562377	0.17291261	BA	0	0	ct3VSct4	0.00572437359675482	0	0
1150	38	41	-0.090405284	0.17829669	BA	0	0	-0.12562377	0.18335729	BA	0	0	ct3VSct4	0.00691507113107334	0	0
1151	38	42	-0.090405284	0.14756948	BA	0	0	-0.12562377	0.1628178	BA	0	0	ct3VSct4	0.00711272510997368	0	0
1152	38	43	-0.090405284	-0.16357241	BB	0	0.0147878101806144	-0.12562377	-0.17132332	BB	0	0.0215222813473164	ct3VSct4	-0.00673447116670196	0	-0.006734471166702
1153	38	44	-0.090405284	-0.17446408	BB	0	0.0157724747001987	-0.12562377	-0.16783001	BB	0	0.0210834385753377	ct3VSct4	-0.00531096387513898	0	-0.005310963875139
1154	38	45	-0.090405284	0.066227762	BA	0	0	-0.12562377	0.14089042	BA	0	0	ct3VSct4	0.011711846084989	0	0
1155	38	46	-0.090405284	-0.032986415	BB	0	0.00298214621621686	-0.12562377	-0.10152237	BB	0	0.0127536228587349	ct3VSct4	-0.00977147664251804	0	-0.00977147664251804
1156	38	47	-0.090405284	0.17300806	BA	0	0	-0.12562377	0.15886527	BA	0	0	ct3VSct4	0.00431641134087886	0	0
1157	38	48	-0.090405284	0.15073365	BA	0	0	-0.12562377	0.09525499	BA	0	0	ct3VSct4	-0.0016608274814943	0	0
1158	38	49	-0.090405284	0.083039757	BA	0	0	-0.12562377	-0.01745302	BB	0	0.0021925141702854	ct3VSct4	-0.00969974698516139	0	-0.0021925141702854
1159	38	50	-0.090405284	0.088158697	BA	0	0	-0.12562377	0.053211025	BA	0	0	ct3VSct4	-0.0012854424732907	0	0
1160	39	40	0.17347666	0.17695382	AA	0.0306973576678412	0	0.15790873	0.17291261	AA	0.0273044106460853	0	ct3VSct4	0.00339294702175591	0.0033929470217559	0
1161	39	41	0.17347666	0.17829669	AA	0.0309303142702554	0	0.15790873	0.18335729	AA	0.0289537168001417	0	ct3VSct4	0.0019765974701137	0.0019765974701137	0
1162	39	42	0.17347666	0.14756948	AA	0.0255998605083368	0	0.15790873	0.1628178	AA	0.025710352019394	0	ct3VSct4	-0.000110491511057201	-0.000110491511057201	0
1163	39	43	0.17347666	-0.16357241	AB	0	0	0.15790873	-0.17132332	AB	0	0	ct3VSct4	-0.001322547474367	0	0
1164	39	44	0.17347666	-0.17446408	AB	0	0	0.15790873	-0.16783001	AB	0	0	ct3VSct4	-0.0037636221533855	0	0
1165	39	45	0.17347666	0.066227762	AA	0.0114889709510349	0	0.15790873	0.14089042	AA	0.0222478272913666	0	ct3VSct4	-0.0107588563403317	-0.0107588563403317	0
1166	39	46	0.17347666	-0.032986415	AB	0	0	0.15790873	-0.10152237	AB	0	0	ct3VSct4	0.0103088954137162	0	0
1167	39	47	0.17347666	0.17300806	AA	0.0300128604018796	0	0.15790873	0.15886527	AA	0.0250862130268071	0	ct3VSct4	0.0049266473750725	0.0049266473750725	0
1168	39	48	0.17347666	0.15073365	AA	0.026148770151609	0	0.15790873	0.09525499	AA	0.0150415944970627	0	ct3VSct4	0.0111071756545463	0.0111071756545463	0
1169	39	49	0.17347666	0.083039757	AA	0.0144054596915716	0	0.15790873	-0.01745302	AB	0	0	ct3VSct4	0.0171614439144362	0.0144054596915716	0
1170	39	50	0.17347666	0.088158697	AA	0.015293476305512	0	0.15790873	0.053211025	AA	0.00840248537974825	0	ct3VSct4	0.00689099092576377	0.00689099092576375	0
1171	40	41	0.17695382	0.17829669	AA	0.0315502803888558	0	0.17291261	0.18335729	AA	0.0317047875764269	0	ct3VSct4	-0.000154507187571096	-0.000154507187571096	0
1172	40	42	0.17695382	0.14756948	AA	0.0261129832014136	0	0.17291261	0.1628178	AA	0.028153250752458	0	ct3VSct4	-0.0020402675510444	-0.0020402675510444	0
1173	40	43	0.17695382	-0.16357241	AB	0	0	0.17291261	-0.17132332	AB	0	0	ct3VSct4	0.000679199618958997	0	0
1174	40	44	0.17695382	-0.17446408	AB	0	0	0.17291261	-0.16783001	AB	0	0	ct3VSct4	-0.0018521603433595	0	0
1175	40	45	0.17695382	0.066227762	AA	0.0117192554759508	0	0.17291261	0.14089042	AA	0.0243617302461962	0	ct3VSct4	-0.0126424747702454	-0.0126424747702454	0
1176	40	46	0.17695382	-0.032986415	AB	0	0	0.17291261	-0.10152237	AB	0	0	ct3VSct4	0.0117174258277304	0	0
1177	40	47	0.17695382	0.17300806	AA	0.0306144371077892	0	0.17291261	0.15886527	AA	0.0274698084740547	0	ct3VSct4	0.0031446286337345	0.0031446286337345	0
1178	40	48	0.17695382	0.15073365	AA	0.026672895170043	0	0.17291261	0.09525499	AA	0.0164707889364239	0	ct3VSct4	0.0102021062336191	0.0102021062336191	0
1179	40	49	0.17695382	0.083039757	AA	0.0146942022130217	0	0.17291261	-0.01745302	AB	0	0	ct3VSct4	0.0177120494536039	0.0146942022130217	0
1180	40	50	0.17695382	0.088158697	AA	0.0156000182003725	0	0.17291261	0.053211025	AA	0.00920085721352525	0	ct3VSct4	0.00639916098684729	0.00639916098684725	0
1181	41	42	0.17829669	0.14756948	AA	0.0263111498290212	0	0.18335729	0.1628178	AA	0.029853830571762	0	ct3VSct4	-0.0035426807427408	-0.0035426807427408	0
1182	41	43	0.17829669	-0.16357241	AB	0	0	0.18335729	-0.17132332	AB	0	0	ct3VSct4	0.0022489603906799	0	0
1183	41	44	0.17829669	-0.17446408	AB	0	0	0.18335729	-0.16783001	AB	0	0	ct3VSct4	-0.000333512173622298	0	0
1184	41	45	0.17829669	0.066227762	AA	0.0118081907507078	0	0.18335729	0.14089042	AA	0.0258332855981618	0	ct3VSct4	-0.014025094847454	-0.014025094847454	0
1185	41	46	0.17829669	-0.032986415	AB	0	0	0.18335729	-0.10152237	AB	0	0	ct3VSct4	0.012733498028111	0	0
1186	41	47	0.17829669	0.17300806	AA	0.0308467644413214	0	0.18335729	0.15886527	AA	0.0291291053823183	0	ct3VSct4	0.0017176590590031	0.0017176590590031	0
1187	41	48	0.17829669	0.15073365	AA	0.0268753108666185	0	0.18335729	0.09525499	AA	0.0174656968253771	0	ct3VSct4	0.0094096140412414	0.0094096140412414	0
1188	41	49	0.17829669	0.083039757	AA	0.0148057138115043	0	0.18335729	-0.01745302	AB	0	0	ct3VSct4	0.0180058522610201	0.0148057138115043	0
1189	41	50	0.17829669	0.088158697	AA	0.0157184038698129	0	0.18335729	0.053211025	AA	0.00975662934212225	0	ct3VSct4	0.00596177452769068	0.00596177452769065	0
1190	42	43	0.14756948	-0.16357241	AB	0	0	0.1628178	-0.17132332	AB	0	0	ct3VSct4	0.0037561905650492	0	0
1191	42	44	0.14756948	-0.17446408	AB	0	0	0.1628178	-0.16783001	AB	0	0	ct3VSct4	0.0015801394378996	0	0
1192	42	45	0.14756948	0.066227762	AA	0.00977319639990376	0	0.1628178	0.14089042	AA	0.022939468225476	0	ct3VSct4	-0.0131662718255722	-0.0131662718255722	0
1193	42	46	0.14756948	-0.032986415	AB	0	0	0.1628178	-0.10152237	AB	0	0	ct3VSct4	0.0116618608255718	0	0
1194	42	47	0.14756948	0.17300806	AA	0.0255307094500088	0	0.1628178	0.15886527	AA	0.025866093757806	0	ct3VSct4	-0.000335384307797202	-0.000335384307797202	0
1195	42	48	0.14756948	0.15073365	AA	0.022243686349002	0	0.1628178	0.09525499	AA	0.015509207910822	0	ct3VSct4	0.00673447843818	0.00673447843818	0
1196	42	49	0.14756948	0.083039757	AA	0.0122541337598164	0	0.1628178	-0.01745302	AB	0	0	ct3VSct4	0.0150957960795724	0.0122541337598164	0
1197	42	50	0.14756948	0.088158697	AA	0.0130095330737676	0	0.1628178	0.053211025	AA	0.008663702026245	0	ct3VSct4	0.00434583104752256	0.0043458310475226	0
1198	43	44	-0.16357241	-0.17446408	BB	0	0.0285375100240328	-0.17132332	-0.16783001	BB	0	0.0287531945088332	ct3VSct4	-0.000215684484800402	0	-0.000215684484800402
1199	43	45	-0.16357241	0.066227762	BA	0	0	-0.17132332	0.14089042	BA	0	0	ct3VSct4	0.013304779871348	0	0
1200	43	46	-0.16357241	-0.032986415	BB	0	0.00539566739881015	-0.17132332	-0.10152237	BB	0	0.0173931494826684	ct3VSct4	-0.0119974820838583	0	-0.0119974820838582
1201	43	47	-0.16357241	0.17300806	BA	0	0	-0.17132332	0.15886527	BA	0	0	ct3VSct4	-0.0010820198345282	0	0
1202	43	48	-0.16357241	0.15073365	BA	0	0	-0.17132332	0.09525499	BA	0	0	ct3VSct4	-0.0083364652652297	0	0
1203	43	49	-0.16357241	0.083039757	BA	0	0	-0.17132332	-0.01745302	BB	0	0.0029901093304264	ct3VSct4	-0.0165731225087308	0	-0.0029901093304264
1204	43	50	-0.16357241	0.088158697	BA	0	0	-0.17132332	0.053211025	BA	0	0	ct3VSct4	-0.00530404106714677	0	0
1205	44	45	-0.17446408	0.066227762	BA	0	0	-0.16783001	0.14089042	BA	0	0	ct3VSct4	0.0120912750297152	0	0
1206	44	46	-0.17446408	-0.032986415	BB	0	0.0057549445454732	-0.16783001	-0.10152237	BB	0	0.0170385003723237	ct3VSct4	-0.0112835558268505	0	-0.0112835558268505
1207	44	47	-0.17446408	0.17300806	BA	0	0	-0.16783001	0.15886527	BA	0	0	ct3VSct4	-0.00352133216773209	0	0
1208	44	48	-0.17446408	0.15073365	BA	0	0	-0.16783001	0.09525499	BA	0	0	ct3VSct4	-0.0103109616480421	0	0
1209	44	49	-0.17446408	0.083039757	BA	0	0	-0.16783001	-0.01745302	BB	0	0.0029291405211302	ct3VSct4	-0.0174165953295588	0	-0.0029291405211302
1210	44	50	-0.17446408	0.088158697	BA	0	0	-0.16783001	0.053211025	BA	0	0	ct3VSct4	-0.00645011910824351	0	0
1211	45	46	0.066227762	-0.032986415	AB	0	0	0.14089042	-0.10152237	AB	0	0	ct3VSct4	0.0121189129068422	0	0
1212	45	47	0.066227762	0.17300806	AA	0.0114579366217617	0	0.14089042	0.15886527	AA	0.0223825946137134	0	ct3VSct4	-0.0109246579919517	-0.0109246579919517	0
1213	45	48	0.066227762	0.15073365	AA	0.0099827522975913	0	0.14089042	0.09525499	AA	0.0134205155481958	0	ct3VSct4	-0.0034377632506045	-0.0034377632506045	0
1214	45	49	0.066227762	0.083039757	AA	0.00549953726313383	0	0.14089042	-0.01745302	AB	0	0	ct3VSct4	0.00795850058120223	0.00549953726313383	0
1215	45	50	0.066227762	0.088158697	AA	0.00583855320314611	0	0.14089042	0.053211025	AA	0.0074969236608805	0	ct3VSct4	-0.00165837045773439	-0.00165837045773439	0
1216	46	47	-0.032986415	0.17300806	BA	0	0	-0.10152237	0.15886527	BA	0	0	ct3VSct4	0.010421463055585	0	0
1217	46	48	-0.032986415	0.15073365	BA	0	0	-0.10152237	0.09525499	BA	0	0	ct3VSct4	0.00469834960576155	0	0
1218	46	49	-0.032986415	0.083039757	BA	0	0	-0.10152237	-0.01745302	BB	0	0.0017718719540574	ct3VSct4	-0.00451105583995855	0	-0.0017718719540574
1219	46	50	-0.032986415	0.088158697	BA	0	0	-0.10152237	0.053211025	BA	0	0	ct3VSct4	0.002494070003028	0	0
1220	47	48	0.17300806	0.15073365	AA	0.026078136363219	0	0.15886527	0.09525499	AA	0.0151327097051973	0	ct3VSct4	0.0109454266580217	0.0109454266580217	0
1221	47	49	0.17300806	0.083039757	AA	0.0143665472614414	0	0.15886527	-0.01745302	AB	0	0	ct3VSct4	0.0171392259960568	0.0143665472614414	0
1222	47	50	0.17300806	0.088158697	AA	0.0152521651400978	0	0.15886527	0.053211025	AA	0.00845338385360175	0	ct3VSct4	0.00679878128649607	0.00679878128649605	0
1223	48	49	0.15073365	0.083039757	AA	0.012516885667723	0	0.09525499	-0.01745302	AB	0	0	ct3VSct4	0.0141793729132929	0.012516885667723	0
1224	48	50	0.15073365	0.088158697	AA	0.013288482178054	0	0.09525499	0.053211025	AA	0.00506861565426475	0	ct3VSct4	0.0082198665237893	0.00821986652378925	0
1225	49	50	0.083039757	0.088158697	AA	0.00732067677631663	0	-0.01745302	0.053211025	BA	0	0	ct3VSct4	0.00824936985986213	0.00732067677631663	0
