k	i	j	iscore_ct1	jscore_ct1	AB_ct1	A0score_ct1	B0score_ct1	iscore_ct2	jscore_ct2	AB_ct2	A0score_ct2	B0score_ct2	CellTypeID	ABchange	A0change	B0change
1	1	2	0.12997185	0.18921714	AA	0.024592901737509	0	0.18905134	0.21577221	AA	0.0407920254352614	0	ct4VSct5	-0.0161991236977524	-0.0161991236977524	0
2	1	3	0.12997185	0.042118739	AA	0.00547425042749715	0	0.18905134	0.16017422	AA	0.0302811509244548	0	ct4VSct5	-0.0248069004969577	-0.0248069004969577	0
3	1	4	0.12997185	-0.16005197	AB	0	0	0.18905134	-0.16747195	AB	0	0	ct4VSct5	0.0108585459228685	0	0
4	1	5	0.12997185	-0.15949981	AB	0	0	0.18905134	-0.14763435	AB	0	0	ct4VSct5	0.0071799863171805	0	0
5	1	6	0.12997185	0.07341805	AA	0.0095422797818925	0	0.18905134	0.12247223	AA	0.0231535391942882	0	ct4VSct5	-0.0136112594123957	-0.0136112594123957	0
6	1	7	0.12997185	0.0050526869	AA	0.000656707063863765	0	0.18905134	0.0989969	AA	0.018715496600846	0	ct4VSct5	-0.0180587895369822	-0.0180587895369822	0
7	1	8	0.12997185	-0.010054963	AB	0	0	0.18905134	0.0099884727	AA	0.00188833414848842	0	ct4VSct5	-0.00319519629127997	-0.00188833414848842	0
8	1	9	0.12997185	-0.14838386	AB	0	0	0.18905134	-0.1274323	AB	0	0	ct4VSct5	0.004805522279941	0	0
9	1	10	0.12997185	-0.18504188	AB	0	0	0.18905134	-0.18691438	AB	0	0	ct4VSct5	0.0112861785331912	0	0
10	1	11	0.12997185	-0.18540987	AB	0	0	0.18905134	-0.16241039	AB	0	0	ct4VSct5	0.0066058380472631	0	0
11	1	12	0.12997185	-0.13463165	AB	0	0	0.18905134	0.017687445	AA	0.0033438351784263	0	ct4VSct5	-0.0208421597974788	-0.0033438351784263	0
12	1	13	0.12997185	-1.3994537e-05	AB	0	0	0.18905134	0.09036246	AA	0.0170831441486964	0	ct4VSct5	-0.0170849630445602	-0.0170831441486964	0
13	1	14	0.12997185	-0.19444767	AB	0	0	0.18905134	-0.19910875	AB	0	0	ct4VSct5	0.0123690525951355	0	0
14	1	15	0.12997185	-0.20818817	AB	0	0	0.18905134	-0.22389707	AB	0	0	ct4VSct5	0.0152694395025593	0	0
15	1	16	0.12997185	-0.18710877	AB	0	0	0.18905134	-0.10668783	AB	0	0	ct4VSct5	-0.0041493957649323	0	0
16	1	17	0.12997185	-0.18609775	AB	0	0	0.18905134	-0.16114704	AB	0	0	ct4VSct5	0.0062775950006961	0	0
17	1	18	0.12997185	-0.19291348	AB	0	0	0.18905134	-0.12908324	AB	0	0	ct4VSct5	-0.0006699623919964	0	0
18	1	19	0.12997185	-0.15302515	AB	0	0	0.18905134	-0.082187458	AB	0	0	ct4VSct5	-0.00435131277593378	0	0
19	1	20	0.12997185	0.067270407	AA	0.00874325924804295	0	0.18905134	0.10462359	AA	0.0197792298851106	0	ct4VSct5	-0.0110359706370677	-0.0110359706370677	0
20	1	21	0.12997185	-0.092687347	AB	0	0	0.18905134	0.021771407	AA	0.00411591366703538	0	ct4VSct5	-0.0161626596282173	-0.00411591366703538	0
21	1	22	0.12997185	-0.19244915	AB	0	0	0.18905134	-0.16762484	AB	0	0	ct4VSct5	0.0066767285628581	0	0
22	1	23	0.12997185	-0.082904505	AB	0	0	0.18905134	0.045727801	AA	0.00864490205430334	0	ct4VSct5	-0.0194201539424876	-0.00864490205430334	0
23	1	24	0.12997185	-0.18756089	AB	0	0	0.18905134	-0.072285174	AB	0	0	ct4VSct5	-0.0107120268541133	0	0
24	1	25	0.12997185	-0.176658	AB	0	0	0.18905134	-0.023054218	AB	0	0	ct4VSct5	-0.0186021362717479	0	0
25	1	26	0.12997185	0.046911147	AA	0.00609712856121195	0	0.18905134	0.11066115	AA	0.020920638693441	0	ct4VSct5	-0.014823510132229	-0.0148235101322291	0
26	1	27	0.12997185	-0.12160587	AB	0	0	0.18905134	-0.057726404	AB	0	0	ct4VSct5	-0.00489208586517814	0	0
27	1	28	0.12997185	-0.20294332	AB	0	0	0.18905134	-0.20989674	AB	0	0	ct4VSct5	0.0133043412130896	0	0
28	1	29	0.12997185	-0.11742039	AB	0	0	0.18905134	-0.061097665	AB	0	0	ct4VSct5	-0.0037107498769004	0	0
29	1	30	0.12997185	-0.18628952	AB	0	0	0.18905134	-0.17611978	AB	0	0	ct4VSct5	0.0090832868594932	0	0
30	1	31	0.12997185	-0.026242096	AB	0	0	0.18905134	0.0086151607	AA	0.00162870767465034	0	ct4VSct5	-0.00503944143964794	-0.00162870767465034	0
31	1	32	0.12997185	0.11104545	AA	0.0144327825705825	0	0.18905134	0.13175122	AA	0.0249077446876348	0	ct4VSct5	-0.0104749621170523	-0.0104749621170523	0
32	1	33	0.12997185	-0.13439603	AB	0	0	0.18905134	-0.13591568	AB	0	0	ct4VSct5	0.0082273407792557	0	0
33	1	34	0.12997185	-0.19089042	AB	0	0	0.18905134	-0.20408624	AB	0	0	ct4VSct5	0.0137723961128846	0	0
34	1	35	0.12997185	-0.0071459731	AB	0	0	0.18905134	0.085631547	AA	0.016188758706623	0	ct4VSct5	-0.0171175340504802	-0.016188758706623	0
35	1	36	0.12997185	-0.09546514	AB	0	0	0.18905134	0.054590767	AA	0.0103204576529778	0	ct4VSct5	-0.0227282385092868	-0.0103204576529778	0
36	1	37	0.12997185	0.078333614	AA	0.0101811647287659	0	0.18905134	0.13175867	AA	0.0249091531201178	0	ct4VSct5	-0.0147279883913519	-0.0147279883913519	0
37	1	38	0.12997185	-0.12562377	AB	0	0	0.18905134	-0.14552101	AB	0	0	ct4VSct5	0.0111833881477789	0	0
38	1	39	0.12997185	0.15790873	AA	0.0205236897692505	0	0.18905134	0.21221508	AA	0.0401195452422072	0	ct4VSct5	-0.0195958554729567	-0.0195958554729567	0
39	1	40	0.12997185	0.17291261	AA	0.0224737718100285	0	0.18905134	0.22661106	AA	0.0428411245518204	0	ct4VSct5	-0.0203673527417919	-0.0203673527417919	0
40	1	41	0.12997185	0.18335729	AA	0.0238312861922865	0	0.18905134	0.22850003	AA	0.0431982368615402	0	ct4VSct5	-0.0193669506692537	-0.0193669506692537	0
41	1	42	0.12997185	0.1628178	AA	0.02116173067893	0	0.18905134	0.1785571	AA	0.033756459021514	0	ct4VSct5	-0.012594728342584	-0.012594728342584	0
42	1	43	0.12997185	-0.17132332	AB	0	0	0.18905134	-0.20891748	AB	0	0	ct4VSct5	0.0172289206948812	0	0
43	1	44	0.12997185	-0.16783001	AB	0	0	0.18905134	-0.20660961	AB	0	0	ct4VSct5	0.0172466467421589	0	0
44	1	45	0.12997185	0.14089042	AA	0.018311788534677	0	0.18905134	0.11991098	AA	0.0226693314497132	0	ct4VSct5	-0.0043575429150362	-0.0043575429150362	0
45	1	46	0.12997185	-0.10152237	AB	0	0	0.18905134	-0.14745745	AB	0	0	ct4VSct5	0.0146819782701985	0	0
46	1	47	0.12997185	0.15886527	AA	0.0206480130426495	0	0.18905134	0.064093326	AA	0.0121169291653568	0	ct4VSct5	0.00853108387729266	0.0085310838772927	0
47	1	48	0.12997185	0.09525499	AA	0.0123804672720315	0	0.18905134	0.036016928	AA	0.00680904850108352	0	ct4VSct5	0.00557141877094798	0.00557141877094798	0
48	1	49	0.12997185	-0.01745302	AB	0	0	0.18905134	-0.058781142	AB	0	0	ct4VSct5	0.00884425236434328	0	0
49	1	50	0.12997185	0.053211025	AA	0.00691593535964625	0	0.18905134	-0.027794689	AB	0	0	ct4VSct5	0.0121705585599795	0.00691593535964625	0
50	2	3	0.18921714	0.042118739	AA	0.00796958733398646	0	0.21577221	0.16017422	AA	0.0345611454344262	0	ct4VSct5	-0.0265915581004397	-0.0265915581004397	0
51	2	4	0.18921714	-0.16005197	AB	0	0	0.21577221	-0.16747195	AB	0	0	ct4VSct5	0.0058512167497437	0	0
52	2	5	0.18921714	-0.15949981	AB	0	0	0.21577221	-0.14763435	AB	0	0	ct4VSct5	0.0016752920926701	0	0
53	2	6	0.18921714	0.07341805	AA	0.013891953445377	0	0.21577221	0.12247223	AA	0.0264261037307283	0	ct4VSct5	-0.0125341502853513	-0.0125341502853513	0
54	2	7	0.18921714	0.0050526869	AA	0.000956054964533466	0	0.21577221	0.0989969	AA	0.021360779896149	0	ct4VSct5	-0.0204047249316155	-0.0204047249316155	0
55	2	8	0.18921714	-0.010054963	AB	0	0	0.21577221	0.0099884727	AA	0.00215523482900367	0	ct4VSct5	-0.00405780617066949	-0.00215523482900367	0
56	2	9	0.18921714	-0.14838386	AB	0	0	0.21577221	-0.1274323	AB	0	0	ct4VSct5	-0.000580420614977404	0	0
57	2	10	0.18921714	-0.18504188	AB	0	0	0.21577221	-0.18691438	AB	0	0	ct4VSct5	0.0053178335395566	0	0
58	2	11	0.18921714	-0.18540987	AB	0	0	0.21577221	-0.16241039	AB	0	0	ct4VSct5	-3.90765519099057e-05	0	0
59	2	12	0.18921714	-0.13463165	AB	0	0	0.21577221	0.017687445	AA	0.00381645909690345	0	ct4VSct5	-0.0292910748633844	-0.00381645909690345	0
60	2	13	0.18921714	-1.3994537e-05	AB	0	0	0.21577221	0.09036246	AA	0.0194977076952366	0	ct4VSct5	-0.0195003557015034	-0.0194977076952366	0
61	2	14	0.18921714	-0.19444767	AB	0	0	0.21577221	-0.19910875	AB	0	0	ct4VSct5	0.0061693030207737	0	0
62	2	15	0.18921714	-0.20818817	AB	0	0	0.21577221	-0.22389707	AB	0	0	ct4VSct5	0.0089179954971909	0	0
63	2	16	0.18921714	-0.18710877	AB	0	0	0.21577221	-0.10668783	AB	0	0	ct4VSct5	-0.0123839174691135	0	0
64	2	17	0.18921714	-0.18609775	AB	0	0	0.21577221	-0.16114704	AB	0	0	ct4VSct5	-0.000441831059676601	0	0
65	2	18	0.18921714	-0.19291348	AB	0	0	0.21577221	-0.12908324	AB	0	0	ct4VSct5	-0.0086499609842868	0	0
66	2	19	0.18921714	-0.15302515	AB	0	0	0.21577221	-0.082187458	AB	0	0	ct4VSct5	-0.0112212117841288	0	0
67	2	20	0.18921714	0.067270407	AA	0.012728714019176	0	0.21577221	0.10462359	AA	0.0225748632324339	0	ct4VSct5	-0.00984614921325792	-0.0098461492132579	0
68	2	21	0.18921714	-0.092687347	AB	0	0	0.21577221	0.021771407	AA	0.00469766460319947	0	ct4VSct5	-0.0222356993167271	-0.00469766460319947	0
69	2	22	0.18921714	-0.19244915	AB	0	0	0.21577221	-0.16762484	AB	0	0	ct4VSct5	-0.000245895580734609	0	0
70	2	23	0.18921714	-0.082904505	AB	0	0	0.21577221	0.045727801	AA	0.00986678868021021	0	ct4VSct5	-0.0255537420094259	-0.00986678868021021	0
71	2	24	0.18921714	-0.18756089	AB	0	0	0.21577221	-0.072285174	AB	0	0	ct4VSct5	-0.0198926034374401	0	0
72	2	25	0.18921714	-0.176658	AB	0	0	0.21577221	-0.023054218	AB	0	0	ct4VSct5	-0.0284522619504382	0	0
73	2	26	0.18921714	0.046911147	AA	0.00887639306945958	0	0.21577221	0.11066115	AA	0.0238776008966415	0	ct4VSct5	-0.0150012078271819	-0.0150012078271819	0
74	2	27	0.18921714	-0.12160587	AB	0	0	0.21577221	-0.057726404	AB	0	0	ct4VSct5	-0.010554161162179	0	0
75	2	28	0.18921714	-0.20294332	AB	0	0	0.21577221	-0.20989674	AB	0	0	ct4VSct5	0.0068895288690906	0	0
76	2	29	0.18921714	-0.11742039	AB	0	0	0.21577221	-0.061097665	AB	0	0	ct4VSct5	-0.00903477217059495	0	0
77	2	30	0.18921714	-0.18628952	AB	0	0	0.21577221	-0.17611978	AB	0	0	ct4VSct5	0.00275258396894101	0	0
78	2	31	0.18921714	-0.026242096	AB	0	0	0.21577221	0.0086151607	AA	0.00185891226374415	0	ct4VSct5	-0.00682436661646959	-0.00185891226374415	0
79	2	32	0.18921714	0.11104545	AA	0.021011702459013	0	0.21577221	0.13175122	AA	0.0284282519095962	0	ct4VSct5	-0.0074165494505832	-0.0074165494505832	0
80	2	33	0.18921714	-0.13439603	AB	0	0	0.21577221	-0.13591568	AB	0	0	ct4VSct5	0.0038967942232986	0	0
81	2	34	0.18921714	-0.19089042	AB	0	0	0.21577221	-0.20408624	AB	0	0	ct4VSct5	0.0079163997095916	0	0
82	2	35	0.18921714	-0.0071459731	AB	0	0	0.21577221	0.085631547	AA	0.0184769081419089	0	ct4VSct5	-0.0198290487344078	-0.0184769081419089	0
83	2	36	0.18921714	-0.09546514	AB	0	0	0.21577221	0.054590767	AA	0.0117791704411851	0	ct4VSct5	-0.0298428112016847	-0.0117791704411851	0
84	2	37	0.18921714	0.078333614	AA	0.014822062406944	0	0.21577221	0.13175867	AA	0.0284298594125607	0	ct4VSct5	-0.0136077970056167	-0.0136077970056167	0
85	2	38	0.18921714	-0.12562377	AB	0	0	0.21577221	-0.14552101	AB	0	0	ct4VSct5	0.0076292194537143	0	0
86	2	39	0.18921714	0.15790873	AA	0.0298790382716322	0	0.21577221	0.21221508	AA	0.0457901168069268	0	ct4VSct5	-0.0159110785352946	-0.0159110785352946	0
87	2	40	0.18921714	0.17291261	AA	0.0327180295341354	0	0.21577221	0.22661106	AA	0.0488963692266426	0	ct4VSct5	-0.0161783396925072	-0.0161783396925072	0
88	2	41	0.18921714	0.18335729	AA	0.0346943420119506	0	0.21577221	0.22850003	AA	0.0493039564581663	0	ct4VSct5	-0.0146096144462157	-0.0146096144462157	0
89	2	42	0.18921714	0.1628178	AA	0.030807918457092	0	0.21577221	0.1785571	AA	0.038527660078191	0	ct4VSct5	-0.007719741621099	-0.007719741621099	0
90	2	43	0.18921714	-0.17132332	AB	0	0	0.21577221	-0.20891748	AB	0	0	ct4VSct5	0.012661277741526	0	0
91	2	44	0.18921714	-0.16783001	AB	0	0	0.21577221	-0.20660961	AB	0	0	ct4VSct5	0.0128242976585667	0	0
92	2	45	0.18921714	0.14089042	AA	0.0266588823257988	0	0.21577221	0.11991098	AA	0.0258734571578658	0	ct4VSct5	0.000785425167933	0.000785425167933	0
93	2	46	0.18921714	-0.10152237	AB	0	0	0.21577221	-0.14745745	AB	0	0	ct4VSct5	0.0126074473700427	0	0
94	2	47	0.18921714	0.15886527	AA	0.0300600320347278	0	0.21577221	0.064093326	AA	0.0138295585972705	0	ct4VSct5	0.0162304734374573	0.0162304734374573	0
95	2	48	0.18921714	0.09525499	AA	0.0180238767785286	0	0.21577221	0.036016928	AA	0.00777145215197088	0	ct4VSct5	0.0102524246265577	0.0102524246265577	0
96	2	49	0.18921714	-0.01745302	AB	0	0	0.21577221	-0.058781142	AB	0	0	ct4VSct5	0.00938092638690102	0	0
97	2	50	0.18921714	0.053211025	AA	0.0100684379669685	0	0.21577221	-0.027794689	AB	0	0	ct4VSct5	0.0160657594387612	0.0100684379669685	0
98	3	4	0.042118739	-0.16005197	AB	0	0	0.16017422	-0.16747195	AB	0	0	ct4VSct5	0.0200835018122632	0	0
99	3	5	0.042118739	-0.15949981	AB	0	0	0.16017422	-0.14763435	AB	0	0	ct4VSct5	0.0169292859885174	0	0
100	3	6	0.042118739	0.07341805	AA	0.00309227568583895	0	0.16017422	0.12247223	AA	0.0196168939119106	0	ct4VSct5	-0.0165246182260717	-0.0165246182260716	0
101	3	7	0.042118739	0.0050526869	AA	0.000212812800789819	0	0.16017422	0.0989969	AA	0.015856751239918	0	ct4VSct5	-0.0156439384391282	-0.0156439384391282	0
102	3	8	0.042118739	-0.010054963	AB	0	0	0.16017422	0.0099884727	AA	0.00159989582371379	0	ct4VSct5	-0.00202339818596545	-0.00159989582371379	0
103	3	9	0.042118739	-0.14838386	AB	0	0	0.16017422	-0.1274323	AB	0	0	ct4VSct5	0.0141616281841535	0	0
104	3	10	0.042118739	-0.18504188	AB	0	0	0.16017422	-0.18691438	AB	0	0	ct4VSct5	0.0221451343754943	0	0
105	3	11	0.042118739	-0.18540987	AB	0	0	0.16017422	-0.16241039	AB	0	0	ct4VSct5	0.0182047276155919	0	0
106	3	12	0.042118739	-0.13463165	AB	0	0	0.16017422	0.017687445	AA	0.0028330727066679	0	ct4VSct5	-0.00850358803415725	-0.0028330727066679	0
107	3	13	0.042118739	-1.3994537e-05	AB	0	0	0.16017422	0.09036246	AA	0.0144737365477812	0	ct4VSct5	-0.0144743259800325	-0.0144737365477812	0
108	3	14	0.042118739	-0.19444767	AB	0	0	0.16017422	-0.19910875	AB	0	0	ct4VSct5	0.0237021980645369	0	0
109	3	15	0.042118739	-0.20818817	AB	0	0	0.16017422	-0.22389707	AB	0	0	ct4VSct5	0.0270939153524178	0	0
110	3	16	0.042118739	-0.18710877	AB	0	0	0.16017422	-0.10668783	AB	0	0	ct4VSct5	0.00920785450550157	0	0
111	3	17	0.042118739	-0.18609775	AB	0	0	0.16017422	-0.16114704	AB	0	0	ct4VSct5	0.0179733988765715	0	0
112	3	18	0.042118739	-0.19291348	AB	0	0	0.16017422	-0.12908324	AB	0	0	ct4VSct5	0.0125505347683711	0	0
113	3	19	0.042118739	-0.15302515	AB	0	0	0.16017422	-0.082187458	AB	0	0	ct4VSct5	0.00671908562564691	0	0
114	3	20	0.042118739	0.067270407	AA	0.00283334471485677	0	0.16017422	0.10462359	AA	0.0167580019218498	0	ct4VSct5	-0.013924657206993	-0.013924657206993	0
115	3	21	0.042118739	-0.092687347	AB	0	0	0.16017422	0.021771407	AA	0.00348721813452754	0	ct4VSct5	-0.00739109231142297	-0.00348721813452754	0
116	3	22	0.042118739	-0.19244915	AB	0	0	0.16017422	-0.16762484	AB	0	0	ct4VSct5	0.018743462480003	0	0
117	3	23	0.042118739	-0.082904505	AB	0	0	0.16017422	0.045727801	AA	0.00732441485749022	0	ct4VSct5	-0.0108162480655094	-0.00732441485749022	0
118	3	24	0.042118739	-0.18756089	AB	0	0	0.16017422	-0.072285174	AB	0	0	ct4VSct5	0.00367839319049657	0	0
119	3	25	0.042118739	-0.176658	AB	0	0	0.16017422	-0.023054218	AB	0	0	ct4VSct5	-0.00374792080840204	0	0
120	3	26	0.042118739	0.046911147	AA	0.00197583835668363	0	0.16017422	0.11066115	AA	0.017725063385553	0	ct4VSct5	-0.0157492250288694	-0.0157492250288694	0
121	3	27	0.042118739	-0.12160587	AB	0	0	0.16017422	-0.057726404	AB	0	0	ct4VSct5	0.00412439583470695	0	0
122	3	28	0.042118739	-0.20294332	AB	0	0	0.16017422	-0.20989674	AB	0	0	ct4VSct5	0.0250723298831693	0	0
123	3	29	0.042118739	-0.11742039	AB	0	0	0.16017422	-0.061097665	AB	0	0	ct4VSct5	0.00484067207550809	0	0
124	3	30	0.042118739	-0.18628952	AB	0	0	0.16017422	-0.17611978	AB	0	0	ct4VSct5	0.0203635687167563	0	0
125	3	31	0.042118739	-0.026242096	AB	0	0	0.16017422	0.0086151607	AA	0.00137992664529715	0	ct4VSct5	-0.0024852106375341	-0.00137992664529715	0
126	3	32	0.042118739	0.11104545	AA	0.00467709432568755	0	0.16017422	0.13175122	AA	0.0211031488975484	0	ct4VSct5	-0.0164260545718609	-0.0164260545718608	0
127	3	33	0.042118739	-0.13439603	AB	0	0	0.16017422	-0.13591568	AB	0	0	ct4VSct5	0.0161095967195634	0	0
128	3	34	0.042118739	-0.19089042	AB	0	0	0.16017422	-0.20408624	AB	0	0	ct4VSct5	0.0246492905271524	0	0
129	3	35	0.042118739	-0.0071459731	AB	0	0	0.16017422	0.085631547	AA	0.0137159662481183	0	ct4VSct5	-0.0140169456240183	-0.0137159662481183	0
130	3	36	0.042118739	-0.09546514	AB	0	0	0.16017422	0.054590767	AA	0.00874403352342674	0	ct4VSct5	-0.0127649048386852	-0.00874403352342674	0
131	3	37	0.042118739	0.078333614	AA	0.00329931304299275	0	0.16017422	0.13175867	AA	0.0211043421954874	0	ct4VSct5	-0.0178050291524947	-0.0178050291524946	0
132	3	38	0.042118739	-0.12562377	AB	0	0	0.16017422	-0.14552101	AB	0	0	ct4VSct5	0.0180175994895362	0	0
133	3	39	0.042118739	0.15790873	AA	0.00665091658469147	0	0.16017422	0.21221508	AA	0.0339913849112376	0	ct4VSct5	-0.0273404683265461	-0.0273404683265461	0
134	3	40	0.042118739	0.17291261	AA	0.00728286109039879	0	0.16017422	0.22661106	AA	0.0362972497788732	0	ct4VSct5	-0.0290143886884744	-0.0290143886884744	0
135	3	41	0.042118739	0.18335729	AA	0.00772277784125731	0	0.16017422	0.22850003	AA	0.0365998140752266	0	ct4VSct5	-0.0288770362339693	-0.0288770362339693	0
136	3	42	0.042118739	0.1628178	AA	0.0068576804227542	0	0.16017422	0.1785571	AA	0.028600244217962	0	ct4VSct5	-0.0217425637952078	-0.0217425637952078	0
137	3	43	0.042118739	-0.17132332	AB	0	0	0.16017422	-0.20891748	AB	0	0	ct4VSct5	0.0262472722036721	0	0
138	3	44	0.042118739	-0.16783001	AB	0	0	0.16017422	-0.20660961	AB	0	0	ct4VSct5	0.0260247447386968	0	0
139	3	45	0.042118739	0.14089042	AA	0.00593412682758038	0	0.16017422	0.11991098	AA	0.0192066476909356	0	ct4VSct5	-0.0132725208633552	-0.0132725208633552	0
140	3	46	0.042118739	-0.10152237	AB	0	0	0.16017422	-0.14745745	AB	0	0	ct4VSct5	0.0193428878322476	0	0
141	3	47	0.042118739	0.15886527	AA	0.00669120484329453	0	0.16017422	0.064093326	AA	0.0102660984992557	0	ct4VSct5	-0.00357489365596119	-0.00357489365596117	0
142	3	48	0.042118739	0.09525499	AA	0.00401202006225761	0	0.16017422	0.036016928	AA	0.00576898334919616	0	ct4VSct5	-0.00175696328693855	-0.00175696328693855	0
143	3	49	0.042118739	-0.01745302	AB	0	0	0.16017422	-0.058781142	AB	0	0	ct4VSct5	0.00868012437641746	0	0
144	3	50	0.042118739	0.053211025	AA	0.00224118127389748	0	0.16017422	-0.027794689	AB	0	0	ct4VSct5	0.00669317390461506	0.00224118127389748	0
145	4	5	-0.16005197	-0.15949981	BB	0	0.0255282588051257	-0.16747195	-0.14763435	BB	0	0.0247246124814825	ct4VSct5	0.000803646323643197	0	0.000803646323643201
146	4	6	-0.16005197	0.07341805	BA	0	0	-0.16747195	0.12247223	BA	0	0	ct4VSct5	0.00875995964289	0	0
147	4	7	-0.16005197	0.0050526869	BA	0	0	-0.16747195	0.0989969	BA	0	0	ct4VSct5	0.0157705113948168	0	0
148	4	8	-0.16005197	-0.010054963	BB	0	0.00160931663642711	-0.16747195	0.0099884727	BA	0	0	ct4VSct5	0.00328210563701788	0	0.00160931663642711
149	4	9	-0.16005197	-0.14838386	BB	0	0.0237491291092042	-0.16747195	-0.1274323	BB	0	0.021341335773985	ct4VSct5	0.0024077933352192	0	0.0024077933352192
150	4	10	-0.16005197	-0.18504188	BB	0	0.0296163174265036	-0.16747195	-0.18691438	BB	0	0.031302915701641	ct4VSct5	-0.00168659827513741	0	-0.0016865982751374
151	4	11	-0.16005197	-0.18540987	BB	0	0.0296752149509439	-0.16747195	-0.16241039	BB	0	0.0271991847135605	ct4VSct5	0.0024760302373834	0	0.0024760302373834
152	4	12	-0.16005197	-0.13463165	BB	0	0.0215480608068505	-0.16747195	0.017687445	BA	0	0	ct4VSct5	0.0245102117115182	0	0.0215480608068505
153	4	13	-0.16005197	-1.3994537e-05	BB	0	2.23985321608789e-06	-0.16747195	0.09036246	BA	0	0	ct4VSct5	0.0151354172362131	0	2.23985321608789e-06
154	4	14	-0.16005197	-0.19444767	BB	0	0.0311217326454099	-0.16747195	-0.19910875	BB	0	0.0333451306245625	ct4VSct5	-0.0022233979791526	0	-0.0022233979791526
155	4	15	-0.16005197	-0.20818817	BB	0	0.0333209267391949	-0.16747195	-0.22389707	BB	0	0.0374964789121865	ct4VSct5	-0.0041755521729916	0	-0.0041755521729916
156	4	16	-0.16005197	-0.18710877	BB	0	0.0299471272427769	-0.16747195	-0.10668783	BB	0	0.0178672189313685	ct4VSct5	0.0120799083114084	0	0.0120799083114084
157	4	17	-0.16005197	-0.18609775	BB	0	0.0297853115000675	-0.16747195	-0.16114704	BB	0	0.026987609025528	ct4VSct5	0.0027977024745395	0	0.0027977024745395
158	4	18	-0.16005197	-0.19291348	BB	0	0.0308761825135556	-0.16747195	-0.12908324	BB	0	0.021617821915118	ct4VSct5	0.0092583605984376	0	0.0092583605984376
159	4	19	-0.16005197	-0.15302515	BB	0	0.0244919767170455	-0.16747195	-0.082187458	BB	0	0.0137640938568031	ct4VSct5	0.0107278828602424	0	0.0107278828602424
160	4	20	-0.16005197	0.067270407	BA	0	0	-0.16747195	0.10462359	BA	0	0	ct4VSct5	0.00675475547024871	0	0
161	4	21	-0.16005197	-0.092687347	BB	0	0.0148347924814236	-0.16747195	0.021771407	BA	0	0	ct4VSct5	0.0184808924659572	0	0.0148347924814236
162	4	22	-0.16005197	-0.19244915	BB	0	0.0308018655823255	-0.16747195	-0.16762484	BB	0	0.028072458823238	ct4VSct5	0.0027294067590875	0	0.0027294067590875
163	4	23	-0.16005197	-0.082904505	BB	0	0.0132690293471248	-0.16747195	0.045727801	BA	0	0	ct4VSct5	0.0209271533498068	0	0.0132690293471248
164	4	24	-0.16005197	-0.18756089	BB	0	0.0300194899394533	-0.16747195	-0.072285174	BB	0	0.0121057390458693	ct4VSct5	0.017913750893584	0	0.017913750893584
165	4	25	-0.16005197	-0.176658	BB	0	0.02827446091626	-0.16747195	-0.023054218	BB	0	0.0038609348441851	ct4VSct5	0.0244135260720749	0	0.0244135260720749
166	4	26	-0.16005197	0.046911147	BA	0	0	-0.16747195	0.11066115	BA	0	0	ct4VSct5	0.0110244170874329	0	0
167	4	27	-0.16005197	-0.12160587	BB	0	0.0194632590570639	-0.16747195	-0.057726404	BB	0	0.0096675534443678	ct4VSct5	0.0097957056126961	0	0.0097957056126961
168	4	28	-0.16005197	-0.20294332	BB	0	0.0324814781643404	-0.16747195	-0.20989674	BB	0	0.035151816346443	ct4VSct5	-0.0026703381821026	0	-0.0026703381821026
169	4	29	-0.16005197	-0.11742039	BB	0	0.0187933647376683	-0.16747195	-0.061097665	BB	0	0.0102321450979968	ct4VSct5	0.00856121963967155	0	0.0085612196396715
170	4	30	-0.16005197	-0.18628952	BB	0	0.0298160046663544	-0.16747195	-0.17611978	BB	0	0.029495122990171	ct4VSct5	0.000320881676183393	0	0.0003208816761834
171	4	31	-0.16005197	-0.026242096	BB	0	0.00420009916172912	-0.16747195	0.0086151607	BA	0	0	ct4VSct5	0.00564289692372148	0	0.00420009916172912
172	4	32	-0.16005197	0.11104545	BA	0	0	-0.16747195	0.13175122	BA	0	0	ct4VSct5	0.0042915906962425	0	0
173	4	33	-0.16005197	-0.13439603	BB	0	0.0215103493616791	-0.16747195	-0.13591568	BB	0	0.022762063965176	ct4VSct5	-0.00125171460349691	0	-0.0012517146034969
174	4	34	-0.16005197	-0.19089042	BB	0	0.0305523877751274	-0.16747195	-0.20408624	BB	0	0.034178720580968	ct4VSct5	-0.0036263328058406	0	-0.0036263328058406
175	4	35	-0.16005197	-0.0071459731	BB	0	0.00114372707222201	-0.16747195	0.085631547	BA	0	0	ct4VSct5	0.0154846092298287	0	0.00114372707222201
176	4	36	-0.16005197	-0.09546514	BB	0	0.0152793837233258	-0.16747195	0.054590767	BA	0	0	ct4VSct5	0.0244218059248114	0	0.0152793837233258
177	4	37	-0.16005197	0.078333614	BA	0	0	-0.16747195	0.13175867	BA	0	0	ct4VSct5	0.00952843215638692	0	0
178	4	38	-0.16005197	-0.12562377	BB	0	0.0201063318673269	-0.16747195	-0.14552101	BB	0	0.0243706873106695	ct4VSct5	-0.0042643554433426	0	-0.0042643554433426
179	4	39	-0.16005197	0.15790873	BA	0	0	-0.16747195	0.21221508	BA	0	0	ct4VSct5	0.0102664699503079	0	0
180	4	40	-0.16005197	0.17291261	BA	0	0	-0.16747195	0.22661106	BA	0	0	ct4VSct5	0.0102759922414253	0	0
181	4	41	-0.16005197	0.18335729	BA	0	0	-0.16747195	0.22850003	BA	0	0	ct4VSct5	0.0089206501207972	0	0
182	4	42	-0.16005197	0.1628178	BA	0	0	-0.16747195	0.1785571	BA	0	0	ct4VSct5	0.003843996082279	0	0
183	4	43	-0.16005197	-0.17132332	BB	0	0.0274206348729404	-0.16747195	-0.20891748	BB	0	0.034987817764686	ct4VSct5	-0.0075671828917456	0	-0.0075671828917456
184	4	44	-0.16005197	-0.16783001	BB	0	0.0268615237256197	-0.16747195	-0.20660961	BB	0	0.0346013142754395	ct4VSct5	-0.0077397905498198	0	-0.0077397905498198
185	4	45	-0.16005197	0.14089042	BA	0	0	-0.16747195	0.11991098	BA	0	0	ct4VSct5	-0.0024680636281164	0	0
186	4	46	-0.16005197	-0.10152237	BB	0	0.0162488553175689	-0.16747195	-0.14745745	BB	0	0.0246949866935275	ct4VSct5	-0.0084461313759586	0	-0.0084461313759586
187	4	47	-0.16005197	0.15886527	BA	0	0	-0.16747195	0.064093326	BA	0	0	ct4VSct5	-0.0146928651408762	0	0
188	4	48	-0.16005197	0.09525499	BA	0	0	-0.16747195	0.036016928	BA	0	0	ct4VSct5	-0.0092139236366607	0	0
189	4	49	-0.16005197	-0.01745302	BB	0	0.0027933902334494	-0.16747195	-0.058781142	BB	0	0.0098441924739669	ct4VSct5	-0.0070508022405175	0	-0.0070508022405175
190	4	50	-0.16005197	0.053211025	BA	0	0	-0.16747195	-0.027794689	BB	0	0.00465483076647355	ct4VSct5	-0.0131713601434428	0	-0.00465483076647355
191	5	6	-0.15949981	0.07341805	BA	0	0	-0.14763435	0.12247223	BA	0	0	ct4VSct5	0.00637094304353	0	0
192	5	7	-0.15949981	0.0050526869	BA	0	0	-0.14763435	0.0989969	BA	0	0	ct4VSct5	0.0138094403829755	0	0
193	5	8	-0.15949981	-0.010054963	BB	0	0.00160376468805703	-0.14763435	0.0099884727	BA	0	0	ct4VSct5	0.00307840636261428	0	0.00160376468805703
194	5	9	-0.15949981	-0.14838386	BB	0	0.0236671974770666	-0.14763435	-0.1274323	BB	0	0.018813384779505	ct4VSct5	0.0048538126975616	0	0.0048538126975616
195	5	10	-0.15949981	-0.18504188	BB	0	0.0295141447020428	-0.14763435	-0.18691438	BB	0	0.027594982996953	ct4VSct5	0.0019191617050898	0	0.0019191617050898
196	5	11	-0.15949981	-0.18540987	BB	0	0.0295728390371247	-0.14763435	-0.16241039	BB	0	0.0239773523608965	ct4VSct5	0.0055954866762282	0	0.0055954866762282
197	5	12	-0.15949981	-0.13463165	BB	0	0.0214737225949865	-0.14763435	0.017687445	BA	0	0	ct4VSct5	0.0240849970407222	0	0.0214737225949865
198	5	13	-0.15949981	-1.3994537e-05	BB	0	2.23212599253797e-06	-0.14763435	0.09036246	BA	0	0	ct4VSct5	0.0133428351724935	0	2.23212599253797e-06
199	5	14	-0.15949981	-0.19444767	BB	0	0.0310143664199427	-0.14763435	-0.19910875	BB	0	0.0293952908855625	ct4VSct5	0.0016190755343802	0	0.0016190755343802
200	5	15	-0.15949981	-0.20818817	BB	0	0.0332059735592477	-0.14763435	-0.22389707	BB	0	0.0330548983963545	ct4VSct5	0.000151075162893199	0	0.000151075162893206
201	5	16	-0.15949981	-0.18710877	BB	0	0.0298438132643337	-0.14763435	-0.10668783	BB	0	0.0157507884349605	ct4VSct5	0.0140930248293732	0	0.0140930248293732
202	5	17	-0.15949981	-0.18609775	BB	0	0.0296825557664275	-0.14763435	-0.16114704	BB	0	0.023790838504824	ct4VSct5	0.0058917172616035	0	0.0058917172616035
203	5	18	-0.15949981	-0.19291348	BB	0	0.0307696634064388	-0.14763435	-0.12908324	BB	0	0.019057120233294	ct4VSct5	0.0117125431731448	0	0.0117125431731448
204	5	19	-0.15949981	-0.15302515	BB	0	0.0244074823502215	-0.14763435	-0.082187458	BB	0	0.0121336919399823	ct4VSct5	0.0122737904102392	0	0.0122737904102392
205	5	20	-0.15949981	0.067270407	BA	0	0	-0.14763435	0.10462359	BA	0	0	ct4VSct5	0.00471641856919383	0	0
206	5	21	-0.15949981	-0.092687347	BB	0	0.0147836142359041	-0.14763435	0.021771407	BA	0	0	ct4VSct5	0.0179978217569345	0	0.0147836142359041
207	5	22	-0.15949981	-0.19244915	BB	0	0.0306956028596615	-0.14763435	-0.16762484	BB	0	0.024747184297254	ct4VSct5	0.0059484185624075	0	0.0059484185624075
208	5	23	-0.15949981	-0.082904505	BB	0	0.013223252795644	-0.14763435	0.045727801	BA	0	0	ct4VSct5	0.0199742469732084	0	0.013223252795644
209	5	24	-0.15949981	-0.18756089	BB	0	0.0299159263184309	-0.14763435	-0.072285174	BB	0	0.0106717746781269	ct4VSct5	0.019244151640304	0	0.019244151640304
210	5	25	-0.15949981	-0.176658	BB	0	0.02817691743498	-0.14763435	-0.023054218	BB	0	0.0034035944891883	ct4VSct5	0.0247733229457917	0	0.0247733229457917
211	5	26	-0.15949981	0.046911147	BA	0	0	-0.14763435	0.11066115	BA	0	0	ct4VSct5	0.00885506791712043	0	0
212	5	27	-0.15949981	-0.12160587	BB	0	0.0193961131598847	-0.14763435	-0.057726404	BB	0	0.0085224001323774	ct4VSct5	0.0108737130275073	0	0.0108737130275073
213	5	28	-0.15949981	-0.20294332	BB	0	0.0323694209807692	-0.14763435	-0.20989674	BB	0	0.030987968777019	ct4VSct5	0.0013814522037502	0	0.0013814522037502
214	5	29	-0.15949981	-0.11742039	BB	0	0.0187285298951259	-0.14763435	-0.061097665	BB	0	0.00902011405879275	ct4VSct5	0.00970841583633315	0	0.00970841583633315
215	5	30	-0.15949981	-0.18628952	BB	0	0.0297131430449912	-0.14763435	-0.17611978	BB	0	0.026001329242443	ct4VSct5	0.0037118138025482	0	0.0037118138025482
216	5	31	-0.15949981	-0.026242096	BB	0	0.00418560932600176	-0.14763435	0.0086151607	BA	0	0	ct4VSct5	0.0054575029760918	0	0.00418560932600176
217	5	32	-0.15949981	0.11104545	BA	0	0	-0.14763435	0.13175122	BA	0	0	ct4VSct5	0.0017392775500425	0	0
218	5	33	-0.15949981	-0.13439603	BB	0	0.0214361412497543	-0.14763435	-0.13591568	BB	0	0.020065823071608	ct4VSct5	0.0013703181781463	0	0.0013703181781463
219	5	34	-0.15949981	-0.19089042	BB	0	0.0304469857208202	-0.14763435	-0.20408624	BB	0	0.030130139386344	ct4VSct5	0.000316846334476199	0	0.000316846334476203
220	5	35	-0.15949981	-0.0071459731	BB	0	0.00113978135171511	-0.14763435	0.085631547	BA	0	0	ct4VSct5	0.0137819391325546	0	0.00113978135171511
221	5	36	-0.15949981	-0.09546514	BB	0	0.0152266716916234	-0.14763435	0.054590767	BA	0	0	ct4VSct5	0.0232861440936699	0	0.0152266716916234
222	5	37	-0.15949981	0.078333614	BA	0	0	-0.14763435	0.13175867	BA	0	0	ct4VSct5	0.00695790905270116	0	0
223	5	38	-0.15949981	-0.12562377	BB	0	0.0200369674464837	-0.14763435	-0.14552101	BB	0	0.0214838997226935	ct4VSct5	-0.0014469322762098	0	-0.0014469322762098
224	5	39	-0.15949981	0.15790873	BA	0	0	-0.14763435	0.21221508	BA	0	0	ct4VSct5	0.0061438229636567	0	0
225	5	40	-0.15949981	0.17291261	BA	0	0	-0.14763435	0.22661106	BA	0	0	ct4VSct5	0.0058760481043069	0	0
226	5	41	-0.15949981	0.18335729	BA	0	0	-0.14763435	0.22850003	BA	0	0	ct4VSct5	0.0044890004869156	0	0
227	5	42	-0.15949981	0.1628178	BA	0	0	-0.14763435	0.1785571	BA	0	0	ct4VSct5	0.000391753231767	0	0
228	5	43	-0.15949981	-0.17132332	BB	0	0.0273260369885692	-0.14763435	-0.20891748	BB	0	0.030843396363438	ct4VSct5	-0.0035173593748688	0	-0.0035173593748688
229	5	44	-0.15949981	-0.16783001	BB	0	0.0267688547072981	-0.14763435	-0.20660961	BB	0	0.0305026754761035	ct4VSct5	-0.0037338207688054	0	-0.0037338207688054
230	5	45	-0.15949981	0.14089042	BA	0	0	-0.14763435	0.11991098	BA	0	0	ct4VSct5	-0.0047690156306572	0	0
231	5	46	-0.15949981	-0.10152237	BB	0	0.0161927987257497	-0.14763435	-0.14745745	BB	0	0.0217697847834075	ct4VSct5	-0.0055769860576578	0	-0.0055769860576578
232	5	47	-0.15949981	0.15886527	BA	0	0	-0.14763435	0.064093326	BA	0	0	ct4VSct5	-0.0158766038572506	0	0
233	5	48	-0.15949981	0.09525499	BA	0	0	-0.14763435	0.036016928	BA	0	0	ct4VSct5	-0.0098758170522751	0	0
234	5	49	-0.15949981	-0.01745302	BB	0	0.0027837533739262	-0.14763435	-0.058781142	BB	0	0.0086781156914277	ct4VSct5	-0.0058943623175015	0	-0.0058943623175015
235	5	50	-0.15949981	0.053211025	BA	0	0	-0.14763435	-0.027794689	BB	0	0.00410345084396715	ct4VSct5	-0.0125905992213724	0	-0.00410345084396715
236	6	7	0.07341805	0.0050526869	AA	0.000370958419458545	0	0.12247223	0.0989969	AA	0.012124371106087	0	ct4VSct5	-0.0117534126866285	-0.0117534126866285	0
237	6	8	0.07341805	-0.010054963	AB	0	0	0.12247223	0.0099884727	AA	0.00122331052586312	0	ct4VSct5	-0.00196152630214527	-0.00122331052586312	0
238	6	9	0.07341805	-0.14838386	AB	0	0	0.12247223	-0.1274323	AB	0	0	ct4VSct5	0.004712864302356	0	0
239	6	10	0.07341805	-0.18504188	AB	0	0	0.12247223	-0.18691438	AB	0	0	ct4VSct5	0.0093064069397334	0	0
240	6	11	0.07341805	-0.18540987	AB	0	0	0.12247223	-0.16241039	AB	0	0	ct4VSct5	0.0062783315323162	0	0
241	6	12	0.07341805	-0.13463165	AB	0	0	0.12247223	0.017687445	AA	0.00216622083215235	0	ct4VSct5	-0.0120506140434348	-0.00216622083215235	0
242	6	13	0.07341805	-1.3994537e-05	AB	0	0	0.12247223	0.09036246	AA	0.0110668919844858	0	ct4VSct5	-0.011067919436103	-0.0110668919844858	0
243	6	14	0.07341805	-0.19444767	AB	0	0	0.12247223	-0.19910875	AB	0	0	ct4VSct5	0.010109323866569	0	0
244	6	15	0.07341805	-0.20818817	AB	0	0	0.12247223	-0.22389707	AB	0	0	ct4VSct5	0.0121364039788976	0	0
245	6	16	0.07341805	-0.18710877	AB	0	0	0.12247223	-0.10668783	AB	0	0	ct4VSct5	-0.0006708645773376	0	0
246	6	17	0.07341805	-0.18609775	AB	0	0	0.12247223	-0.16114704	AB	0	0	ct4VSct5	0.0060731034323117	0	0
247	6	18	0.07341805	-0.19291348	AB	0	0	0.12247223	-0.12908324	AB	0	0	ct4VSct5	0.0016457807381112	0	0
248	6	19	0.07341805	-0.15302515	AB	0	0	0.12247223	-0.082187458	AB	0	0	ct4VSct5	-0.00116912685466616	0	0
249	6	20	0.07341805	0.067270407	AA	0.00493886210464635	0	0.12247223	0.10462359	AA	0.0128134843779057	0	ct4VSct5	-0.00787462227325935	-0.00787462227325935	0
250	6	21	0.07341805	-0.092687347	AB	0	0	0.12247223	0.021771407	AA	0.00266639276552761	0	ct4VSct5	-0.00947131704194096	-0.00266639276552761	0
251	6	22	0.07341805	-0.19244915	AB	0	0	0.12247223	-0.16762484	AB	0	0	ct4VSct5	0.0064001466410357	0	0
252	6	23	0.07341805	-0.082904505	AB	0	0	0.12247223	0.045727801	AA	0.00560038576146623	0	ct4VSct5	-0.0116870728547815	-0.00560038576146623	0
253	6	24	0.07341805	-0.18756089	AB	0	0	0.12247223	-0.072285174	AB	0	0	ct4VSct5	-0.00491742834434648	0	0
254	6	25	0.07341805	-0.176658	AB	0	0	0.12247223	-0.023054218	AB	0	0	ct4VSct5	-0.0101463843875339	0	0
255	6	26	0.07341805	0.046911147	AA	0.00344412493600335	0	0.12247223	0.11066115	AA	0.0135529178148645	0	ct4VSct5	-0.0101087928788611	-0.0101087928788611	0
256	6	27	0.07341805	-0.12160587	AB	0	0	0.12247223	-0.057726404	AB	0	0	ct4VSct5	-0.00185818441619258	0	0
257	6	28	0.07341805	-0.20294332	AB	0	0	0.12247223	-0.20989674	AB	0	0	ct4VSct5	0.0108068190026042	0	0
258	6	29	0.07341805	-0.11742039	AB	0	0	0.12247223	-0.061097665	AB	0	0	ct4VSct5	-0.00113800878369655	0	0
259	6	30	0.07341805	-0.18628952	AB	0	0	0.12247223	-0.17611978	AB	0	0	ct4VSct5	0.0078927689098734	0	0
260	6	31	0.07341805	-0.026242096	AB	0	0	0.12247223	0.0086151607	AA	0.00105511794273736	0	ct4VSct5	-0.00298176145897016	-0.00105511794273736	0
261	6	32	0.07341805	0.11104545	AA	0.0081527404003725	0	0.12247223	0.13175122	AA	0.0161358657186206	0	ct4VSct5	-0.0079831253182481	-0.0079831253182481	0
262	6	33	0.07341805	-0.13439603	AB	0	0	0.12247223	-0.13591568	AB	0	0	ct4VSct5	0.0067788019712249	0	0
263	6	34	0.07341805	-0.19089042	AB	0	0	0.12247223	-0.20408624	AB	0	0	ct4VSct5	0.0109800945250342	0	0
264	6	35	0.07341805	-0.0071459731	AB	0	0	0.12247223	0.085631547	AA	0.0104874865194398	0	ct4VSct5	-0.0110121299297943	-0.0104874865194398	0
265	6	36	0.07341805	-0.09546514	AB	0	0	0.12247223	0.054590767	AA	0.00668585297190041	0	ct4VSct5	-0.0136947173936774	-0.00668585297190041	0
266	6	37	0.07341805	0.078333614	AA	0.0057511011893327	0	0.12247223	0.13175867	AA	0.0161367781367341	0	ct4VSct5	-0.0103856769474014	-0.0103856769474014	0
267	6	38	0.07341805	-0.12562377	AB	0	0	0.12247223	-0.14552101	AB	0	0	ct4VSct5	0.0085992303795038	0	0
268	6	39	0.07341805	0.15790873	AA	0.0115933510345765	0	0.12247223	0.21221508	AA	0.0259904540872284	0	ct4VSct5	-0.0143971030526519	-0.0143971030526519	0
269	6	40	0.07341805	0.17291261	AA	0.0126949066466105	0	0.12247223	0.22661106	AA	0.0277535618608638	0	ct4VSct5	-0.0150586552142533	-0.0150586552142533	0
270	6	41	0.07341805	0.18335729	AA	0.0134617346850845	0	0.12247223	0.22850003	AA	0.0279849082291669	0	ct4VSct5	-0.0145231735440824	-0.0145231735440824	0
271	6	42	0.07341805	0.1628178	AA	0.01195376538129	0	0.12247223	0.1785571	AA	0.021868286219333	0	ct4VSct5	-0.009914520838043	-0.009914520838043	0
272	6	43	0.07341805	-0.17132332	AB	0	0	0.12247223	-0.20891748	AB	0	0	ct4VSct5	0.0130083655876544	0	0
273	6	44	0.07341805	-0.16783001	AB	0	0	0.12247223	-0.20660961	AB	0	0	ct4VSct5	0.0129821876104498	0	0
274	6	45	0.07341805	0.14089042	AA	0.010343899900081	0	0.12247223	0.11991098	AA	0.0146857651220854	0	ct4VSct5	-0.0043418652220044	-0.0043418652220044	0
275	6	46	0.07341805	-0.10152237	AB	0	0	0.12247223	-0.14745745	AB	0	0	ct4VSct5	0.010605868294835	0	0
276	6	47	0.07341805	0.15886527	AA	0.0116635783361235	0	0.12247223	0.064093326	AA	0.00784965256333698	0	ct4VSct5	0.00381392577278652	0.00381392577278652	0
277	6	48	0.07341805	0.09525499	AA	0.0069934356185695	0	0.12247223	0.036016928	AA	0.00441107348990944	0	ct4VSct5	0.00258236212866006	0.00258236212866006	0
278	6	49	0.07341805	-0.01745302	AB	0	0	0.12247223	-0.058781142	AB	0	0	ct4VSct5	0.00591769084767566	0	0
279	6	50	0.07341805	0.053211025	AA	0.00390664969400125	0	0.12247223	-0.027794689	AB	0	0	ct4VSct5	0.00731072723798772	0.00390664969400125	0
280	7	8	0.0050526869	-0.010054963	AB	0	0	0.0989969	0.0099884727	AA	0.00098882783303463	0	ct4VSct5	-0.00103963241286471	-0.00098882783303463	0
281	7	9	0.0050526869	-0.14838386	AB	0	0	0.0989969	-0.1274323	AB	0	0	ct4VSct5	0.0118656654742766	0	0
282	7	10	0.0050526869	-0.18504188	AB	0	0	0.0989969	-0.18691438	AB	0	0	ct4VSct5	0.0175689855023946	0	0
283	7	11	0.0050526869	-0.18540987	AB	0	0	0.0989969	-0.16241039	AB	0	0	ct4VSct5	0.0151413071165113	0	0
284	7	12	0.0050526869	-0.13463165	AB	0	0	0.0989969	0.017687445	AA	0.0017510022239205	0	ct4VSct5	-0.00243125379820089	-0.0017510022239205	0
285	7	13	0.0050526869	-1.3994537e-05	AB	0	0	0.0989969	0.09036246	AA	0.008945603416374	0	ct4VSct5	-0.00894567412638777	-0.008945603416374	0
286	7	14	0.0050526869	-0.19444767	AB	0	0	0.0989969	-0.19910875	AB	0	0	ct4VSct5	0.0187286658179305	0	0
287	7	15	0.0050526869	-0.20818817	AB	0	0	0.0989969	-0.22389707	AB	0	0	ct4VSct5	0.021113206209789	0	0
288	7	16	0.0050526869	-0.18710877	AB	0	0	0.0989969	-0.10668783	AB	0	0	ct4VSct5	0.00961636240667289	0	0
289	7	17	0.0050526869	-0.18609775	AB	0	0	0.0989969	-0.16114704	AB	0	0	ct4VSct5	0.0150127637406315	0	0
290	7	18	0.0050526869	-0.19291348	AB	0	0	0.0989969	-0.12908324	AB	0	0	ct4VSct5	0.0118041091887266	0	0
291	7	19	0.0050526869	-0.15302515	AB	0	0	0.0989969	-0.082187458	AB	0	0	ct4VSct5	0.00736311539010467	0	0
292	7	20	0.0050526869	0.067270407	AA	0.000339896304206568	0	0.0989969	0.10462359	AA	0.010357411076871	0	ct4VSct5	-0.0100175147726644	-0.0100175147726644	0
293	7	21	0.0050526869	-0.092687347	AB	0	0	0.0989969	0.021771407	AA	0.0021553018016383	0	ct4VSct5	-0.00262362194562095	-0.0021553018016383	0
294	7	22	0.0050526869	-0.19244915	AB	0	0	0.0989969	-0.16762484	AB	0	0	ct4VSct5	0.0156219542238749	0	0
295	7	23	0.0050526869	-0.082904505	AB	0	0	0.0989969	0.045727801	AA	0.0045269105428169	0	ct4VSct5	-0.00494580104918138	-0.0045269105428169	0
296	7	24	0.0050526869	-0.18756089	AB	0	0	0.0989969	-0.072285174	AB	0	0	ct4VSct5	0.00620832169010526	0	0
297	7	25	0.0050526869	-0.176658	AB	0	0	0.0989969	-0.023054218	AB	0	0	ct4VSct5	0.001389698551544	0	0
298	7	26	0.0050526869	0.046911147	AA	0.000237027337910874	0	0.0989969	0.11066115	AA	0.010955110800435	0	ct4VSct5	-0.0107180834625241	-0.0107180834625241	0
299	7	27	0.0050526869	-0.12160587	AB	0	0	0.0989969	-0.057726404	AB	0	0	ct4VSct5	0.0051002986578355	0	0
300	7	28	0.0050526869	-0.20294332	AB	0	0	0.0989969	-0.20989674	AB	0	0	ct4VSct5	0.0197537175256995	0	0
301	7	29	0.0050526869	-0.11742039	AB	0	0	0.0989969	-0.061097665	AB	0	0	ct4VSct5	0.00545519096589261	0	0
302	7	30	0.0050526869	-0.18628952	AB	0	0	0.0989969	-0.17611978	AB	0	0	ct4VSct5	0.0164940496313707	0	0
303	7	31	0.0050526869	-0.026242096	AB	0	0	0.0989969	0.0086151607	AA	0.00085287420230183	0	ct4VSct5	-0.000985467296989573	-0.00085287420230183	0
304	7	32	0.0050526869	0.11104545	AA	0.000561077890519605	0	0.0989969	0.13175122	AA	0.013042962351218	0	ct4VSct5	-0.0124818844606984	-0.0124818844606984	0
305	7	33	0.0050526869	-0.13439603	AB	0	0	0.0989969	-0.13591568	AB	0	0	ct4VSct5	0.012776169921199	0	0
306	7	34	0.0050526869	-0.19089042	AB	0	0	0.0989969	-0.20408624	AB	0	0	ct4VSct5	0.0192393955681865	0	0
307	7	35	0.0050526869	-0.0071459731	AB	0	0	0.0989969	0.085631547	AA	0.0084772576952043	0	ct4VSct5	-0.00851336405987442	-0.0084772576952043	0
308	7	36	0.0050526869	-0.09546514	AB	0	0	0.0989969	0.054590767	AA	0.0054043167016223	0	ct4VSct5	-0.00588667216390697	-0.0054043167016223	0
309	7	37	0.0050526869	0.078333614	AA	0.000395795225287457	0	0.0989969	0.13175867	AA	0.013043699878123	0	ct4VSct5	-0.0126479046528355	-0.0126479046528355	0
310	7	38	0.0050526869	-0.12562377	AB	0	0	0.0989969	-0.14552101	AB	0	0	ct4VSct5	0.0137713912978614	0	0
311	7	39	0.0050526869	0.15790873	AA	0.000797863371466637	0	0.0989969	0.21221508	AA	0.021008635053252	0	ct4VSct5	-0.0202107716817854	-0.0202107716817854	0
312	7	40	0.0050526869	0.17291261	AA	0.000873673279391809	0	0.0989969	0.22661106	AA	0.022433792445714	0	ct4VSct5	-0.0215601191663222	-0.0215601191663222	0
313	7	41	0.0050526869	0.18335729	AA	0.000926446977202501	0	0.0989969	0.22850003	AA	0.022620794619907	0	ct4VSct5	-0.0216943476427045	-0.0216943476427045	0
314	7	42	0.0050526869	0.1628178	AA	0.00082266736514682	0	0.0989969	0.1785571	AA	0.01767659937299	0	ct4VSct5	-0.0168539320078432	-0.0168539320078432	0
315	7	43	0.0050526869	-0.17132332	AB	0	0	0.0989969	-0.20891748	AB	0	0	ct4VSct5	0.0198165397811835	0	0
316	7	44	0.0050526869	-0.16783001	AB	0	0	0.0989969	-0.20660961	AB	0	0	ct4VSct5	0.0196057184072551	0	0
317	7	45	0.0050526869	0.14089042	AA	0.000711875179469498	0	0.0989969	0.11991098	AA	0.011870815295962	0	ct4VSct5	-0.0111589401164925	-0.0111589401164925	0
318	7	46	0.0050526869	-0.10152237	AB	0	0	0.0989969	-0.14745745	AB	0	0	ct4VSct5	0.014084869682949	0	0
319	7	47	0.0050526869	0.15886527	AA	0.000802696468593963	0	0.0989969	0.064093326	AA	0.0063450405846894	0	ct4VSct5	-0.00554234411609544	-0.00554234411609544	0
320	7	48	0.0050526869	0.09525499	AA	0.000481293640132631	0	0.0989969	0.036016928	AA	0.0035655642195232	0	ct4VSct5	-0.00308427057939057	-0.00308427057939057	0
321	7	49	0.0050526869	-0.01745302	AB	0	0	0.0989969	-0.058781142	AB	0	0	ct4VSct5	0.00573096619094036	0	0
322	7	50	0.0050526869	0.053211025	AA	0.000268858648953073	0	0.0989969	-0.027794689	AB	0	0	ct4VSct5	0.00302044669641717	0.000268858648953073	0
323	8	9	-0.010054963	-0.14838386	BB	0	0.00149199422209718	0.0099884727	-0.1274323	AB	0	0	ct4VSct5	0.00276484827174539	0	0.00149199422209718
324	8	10	-0.010054963	-0.18504188	BB	0	0.00186058925685044	0.0099884727	-0.18691438	AB	0	0	ct4VSct5	0.00372757843871787	0	0.00186058925685044
325	8	11	-0.010054963	-0.18540987	BB	0	0.00186428938268481	0.0099884727	-0.16241039	AB	0	0	ct4VSct5	0.00348652112939616	0	0.00186428938268481
326	8	12	-0.010054963	-0.13463165	BB	0	0.00135371625937895	0.0099884727	0.017687445	AA	0.000176670561515252	0	ct4VSct5	0.0011770456978637	-0.000176670561515252	0.00135371625937895
327	8	13	-0.010054963	-1.3994537e-05	BB	0	1.40714551737131e-07	0.0099884727	0.09036246	AA	0.000902582964814842	0	ct4VSct5	-0.000902442250263105	-0.000902582964814842	1.40714551737131e-07
328	8	14	-0.010054963	-0.19444767	BB	0	0.00195516412728621	0.0099884727	-0.19910875	AB	0	0	ct4VSct5	0.00394395644099233	0	0.00195516412728621
329	8	15	-0.010054963	-0.20818817	BB	0	0.00209332434638771	0.0099884727	-0.22389707	AB	0	0	ct4VSct5	0.0043297141176927	0	0.00209332434638771
330	8	16	-0.010054963	-0.18710877	BB	0	0.00188137175932551	0.0099884727	-0.10668783	AB	0	0	ct4VSct5	0.00294702023670275	0	0.00188137175932551
331	8	17	-0.010054963	-0.18609775	BB	0	0.00187120599063325	0.0099884727	-0.16114704	AB	0	0	ct4VSct5	0.00348081880035906	0	0.00187120599063325
332	8	18	-0.010054963	-0.19291348	BB	0	0.00193973790360124	0.0099884727	-0.12908324	AB	0	0	ct4VSct5	0.00322908232236879	0	0.00193973790360124
333	8	19	-0.010054963	-0.15302515	BB	0	0.00153866222131945	0.0099884727	-0.082187458	AB	0	0	ct4VSct5	0.00235958940183485	0	0.00153866222131945
334	8	20	-0.010054963	0.067270407	BA	0	0	0.0099884727	0.10462359	AA	0.00104502987249099	0	ct4VSct5	-0.00172143132587093	-0.00104502987249099	0
335	8	21	-0.010054963	-0.092687347	BB	0	0.000931967844653161	0.0099884727	0.021771407	AA	0.000217463104460089	0	ct4VSct5	0.000714504740193072	-0.000217463104460089	0.000931967844653161
336	8	22	-0.010054963	-0.19244915	BB	0	0.00193506908263145	0.0099884727	-0.16762484	AB	0	0	ct4VSct5	0.00360938522081332	0	0.00193506908263145
337	8	23	-0.010054963	-0.082904505	BB	0	0.000833601730308315	0.0099884727	0.045727801	AA	0.000456750891919533	0	ct4VSct5	0.000376850838388782	-0.000456750891919533	0.000833601730308315
338	8	24	-0.010054963	-0.18756089	BB	0	0.00188591780919707	0.0099884727	-0.072285174	AB	0	0	ct4VSct5	0.00260793629631082	0	0.00188591780919707
339	8	25	-0.010054963	-0.176658	BB	0	0.001776289653654	0.0099884727	-0.023054218	AB	0	0	ct4VSct5	0.00200656608076685	0	0.001776289653654
340	8	26	-0.010054963	0.046911147	BA	0	0	0.0099884727	0.11066115	AA	0.00110533587572561	0	ct4VSct5	-0.00157702572309817	-0.00110533587572561	0
341	8	27	-0.010054963	-0.12160587	BB	0	0.00122274252343281	0.0099884727	-0.057726404	AB	0	0	ct4VSct5	0.00179934113385598	0	0.00122274252343281
342	8	28	-0.010054963	-0.20294332	BB	0	0.00204058757369716	0.0099884727	-0.20989674	AB	0	0	ct4VSct5	0.00413713543100616	0	0.00204058757369716
343	8	29	-0.010054963	-0.11742039	BB	0	0.00118065767689557	0.0099884727	-0.061097665	AB	0	0	ct4VSct5	0.00179093003578182	0	0.00118065767689557
344	8	30	-0.010054963	-0.18628952	BB	0	0.00187313423088776	0.0099884727	-0.17611978	AB	0	0	ct4VSct5	0.00363230184534777	0	0.00187313423088776
345	8	31	-0.010054963	-0.026242096	BB	0	0.000263863304322448	0.0099884727	0.0086151607	AA	8.60522974580629e-05	0	ct4VSct5	0.000177811006864385	-8.60522974580629e-05	0.000263863304322448
346	8	32	-0.010054963	0.11104545	BA	0	0	0.0099884727	0.13175122	AA	0.00131599346416169	0	ct4VSct5	-0.00243255135523004	-0.00131599346416169	0
347	8	33	-0.010054963	-0.13439603	BB	0	0.00135134710899689	0.0099884727	-0.13591568	AB	0	0	ct4VSct5	0.00270893716817883	0	0.00135134710899689
348	8	34	-0.010054963	-0.19089042	BB	0	0.00191939611015446	0.0099884727	-0.20408624	AB	0	0	ct4VSct5	0.00395790594684011	0	0.00191939611015446
349	8	35	-0.010054963	-0.0071459731	BB	0	7.18524951194953e-05	0.0099884727	0.085631547	AA	0.000855328369468267	0	ct4VSct5	-0.000783475874348772	-0.000855328369468267	7.18524951194953e-05
350	8	36	-0.010054963	-0.09546514	BB	0	0.00095989845048982	0.0099884727	0.054590767	AA	0.000545278385851561	0	ct4VSct5	0.000414620064638259	-0.000545278385851561	0.00095989845048982
351	8	37	-0.010054963	0.078333614	BA	0	0	0.0099884727	0.13175867	AA	0.00131606787828331	0	ct4VSct5	-0.00210370946870959	-0.00131606787828331	0
352	8	38	-0.010054963	-0.12562377	BB	0	0.00126314235927051	0.0099884727	-0.14552101	AB	0	0	ct4VSct5	0.00271667499493194	0	0.00126314235927051
353	8	39	-0.010054963	0.15790873	BA	0	0	0.0099884727	0.21221508	AA	0.00211970453310832	0	ct4VSct5	-0.00370747097063531	-0.00211970453310832	0
354	8	40	-0.010054963	0.17291261	BA	0	0	0.0099884727	0.22661106	AA	0.00226349838632806	0	ct4VSct5	-0.00400212828211149	-0.00226349838632806	0
355	8	41	-0.010054963	0.18335729	BA	0	0	0.0099884727	0.22850003	AA	0.00228236631160418	0	ct4VSct5	-0.00412601707833445	-0.00228236631160418	0
356	8	42	-0.010054963	0.1628178	BA	0	0	0.0099884727	0.1785571	AA	0.00178351271874117	0	ct4VSct5	-0.00342063967348257	-0.00178351271874117	0
357	8	43	-0.010054963	-0.17132332	BB	0	0.00172264964363716	0.0099884727	-0.20891748	AB	0	0	ct4VSct5	0.00380941618916996	0	0.00172264964363716
358	8	44	-0.010054963	-0.16783001	BB	0	0.00168752454083963	0.0099884727	-0.20660961	AB	0	0	ct4VSct5	0.00375123898988228	0	0.00168752454083963
359	8	45	-0.010054963	0.14089042	BA	0	0	0.0099884727	0.11991098	AA	0.00119772755016025	0	ct4VSct5	-0.00261437551031471	-0.00119772755016025	0
360	8	46	-0.010054963	-0.10152237	BB	0	0.00102080367402231	0.0099884727	-0.14745745	AB	0	0	ct4VSct5	0.00249367838775892	0	0.00102080367402231
361	8	47	-0.010054963	0.15886527	BA	0	0	0.0099884727	0.064093326	AA	0.0006401944370032	0	ct4VSct5	-0.00223757884883821	-0.0006401944370032	0
362	8	48	-0.010054963	0.09525499	BA	0	0	0.0099884727	0.036016928	AA	0.000359754102065866	0	ct4VSct5	-0.00131753950208124	-0.000359754102065866	0
363	8	49	-0.010054963	-0.01745302	BB	0	0.00017548947033826	0.0099884727	-0.058781142	AB	0	0	ct4VSct5	0.000762623302480083	0	0.00017548947033826
364	8	50	-0.010054963	0.053211025	BA	0	0	0.0099884727	-0.027794689	AB	0	0	ct4VSct5	-0.000257408395285585	0	0
365	9	10	-0.14838386	-0.18504188	BB	0	0.0274572284160568	-0.1274323	-0.18691438	BB	0	0.023818929346474	ct4VSct5	0.0036382990695828	0	0.0036382990695828
366	9	11	-0.14838386	-0.18540987	BB	0	0.0275118321926982	-0.1274323	-0.16241039	BB	0	0.020696329541597	ct4VSct5	0.0068155026511012	0	0.0068155026511012
367	9	12	-0.14838386	-0.13463165	BB	0	0.019977163905169	-0.1274323	0.017687445	BA	0	0	ct4VSct5	0.0222311157026425	0	0.019977163905169
368	9	13	-0.14838386	-1.3994537e-05	BB	0	2.07656341897282e-06	-0.1274323	0.09036246	BA	0	0	ct4VSct5	0.011517172674877	0	2.07656341897282e-06
369	9	14	-0.14838386	-0.19444767	BB	0	0.0288528958426062	-0.1274323	-0.19910875	BB	0	0.025372885962625	ct4VSct5	0.0034800098799812	0	0.0034800098799812
370	9	15	-0.14838386	-0.20818817	BB	0	0.0308917642709362	-0.1274323	-0.22389707	BB	0	0.028531718593361	ct4VSct5	0.0023600456775752	0	0.0023600456775752
371	9	16	-0.14838386	-0.18710877	BB	0	0.0277639215324522	-0.1274323	-0.10668783	BB	0	0.013595475558909	ct4VSct5	0.0141684459735432	0	0.0141684459735432
372	9	17	-0.14838386	-0.18609775	BB	0	0.027613902482315	-0.1274323	-0.16114704	BB	0	0.020535337945392	ct4VSct5	0.007078564536923	0	0.007078564536923
373	9	18	-0.14838386	-0.19291348	BB	0	0.0286252468084328	-0.1274323	-0.12908324	BB	0	0.016449374164652	ct4VSct5	0.0121758726437808	0	0.0121758726437808
374	9	19	-0.14838386	-0.15302515	BB	0	0.022706462434079	-0.1274323	-0.082187458	BB	0	0.0104733368040934	ct4VSct5	0.0122331256299856	0	0.0122331256299856
375	9	20	-0.14838386	0.067270407	BA	0	0	-0.1274323	0.10462359	BA	0	0	ct4VSct5	0.00335058205352598	0	0
376	9	21	-0.14838386	-0.092687347	BB	0	0.0137533063210194	-0.1274323	0.021771407	BA	0	0	ct4VSct5	0.0165276867892655	0	0.0137533063210194
377	9	22	-0.14838386	-0.19244915	BB	0	0.028556347730719	-0.1274323	-0.16762484	BB	0	0.021360818898332	ct4VSct5	0.007195528832387	0	0.007195528832387
378	9	23	-0.14838386	-0.082904505	BB	0	0.0123016904632893	-0.1274323	0.045727801	BA	0	0	ct4VSct5	0.0181288893186616	0	0.0123016904632893
379	9	24	-0.14838386	-0.18756089	BB	0	0.0278310088432354	-0.1274323	-0.072285174	BB	0	0.0092114659787202	ct4VSct5	0.0186195428645152	0	0.0186195428645152
380	9	25	-0.14838386	-0.176658	BB	0	0.02621319593988	-0.1274323	-0.023054218	BB	0	0.0029378520244414	ct4VSct5	0.0232753439154386	0	0.0232753439154386
381	9	26	-0.14838386	0.046911147	BA	0	0	-0.1274323	0.11066115	BA	0	0	ct4VSct5	0.00714094779625758	0	0
382	9	27	-0.14838386	-0.12160587	BB	0	0.0180443483892582	-0.1274323	-0.057726404	BB	0	0.0073562084324492	ct4VSct5	0.010688139956809	0	0.010688139956809
383	9	28	-0.14838386	-0.20294332	BB	0	0.0301135131828152	-0.1274323	-0.20989674	BB	0	0.026747624340702	ct4VSct5	0.0033658888421132	0	0.0033658888421132
384	9	29	-0.14838386	-0.11742039	BB	0	0.0174232907109054	-0.1274323	-0.061097665	BB	0	0.0077858159755795	ct4VSct5	0.0096374747353259	0	0.0096374747353259
385	9	30	-0.14838386	-0.18628952	BB	0	0.0276423580551472	-0.1274323	-0.17611978	BB	0	0.022443348640894	ct4VSct5	0.0051990094142532	0	0.0051990094142532
386	9	31	-0.14838386	-0.026242096	BB	0	0.00389390349897056	-0.1274323	0.0086151607	BA	0	0	ct4VSct5	0.00499175324184117	0	0.00389390349897056
387	9	32	-0.14838386	0.11104545	BA	0	0	-0.1274323	0.13175122	BA	0	0	ct4VSct5	0.000312008485969	0	0
388	9	33	-0.14838386	-0.13439603	BB	0	0.0199422017000758	-0.1274323	-0.13591568	BB	0	0.017320047708464	ct4VSct5	0.0026221539916118	0	0.0026221539916118
389	9	34	-0.14838386	-0.19089042	BB	0	0.0283250573566212	-0.1274323	-0.20408624	BB	0	0.026007178961552	ct4VSct5	0.0023178783950692	0	0.0023178783950692
390	9	35	-0.14838386	-0.0071459731	BB	0	0.00106034707203417	-0.1274323	0.085631547	BA	0	0	ct4VSct5	0.0119725720588023	0	0.00106034707203417
391	9	36	-0.14838386	-0.09546514	BB	0	0.0141654859686404	-0.1274323	0.054590767	BA	0	0	ct4VSct5	0.0211221129662145	0	0.0141654859686404
392	9	37	-0.14838386	0.078333614	BA	0	0	-0.1274323	0.13175867	BA	0	0	ct4VSct5	0.00516686634997096	0	0
393	9	38	-0.14838386	-0.12562377	BB	0	0.0186405399003522	-0.1274323	-0.14552101	BB	0	0.018544077002623	ct4VSct5	9.64628977291986e-05	0	9.64628977291986e-05
394	9	39	-0.14838386	0.15790873	BA	0	0	-0.1274323	0.21221508	BA	0	0	ct4VSct5	0.0036119488539862	0	0
395	9	40	-0.14838386	0.17291261	BA	0	0	-0.1274323	0.22661106	BA	0	0	ct4VSct5	0.0032201280667634	0	0
396	9	41	-0.14838386	0.18335729	BA	0	0	-0.1274323	0.22850003	BA	0	0	ct4VSct5	0.0019110219236296	0	0
397	9	42	-0.14838386	0.1628178	BA	0	0	-0.1274323	0.1785571	BA	0	0	ct4VSct5	-0.00140559170637801	0	0
398	9	43	-0.14838386	-0.17132332	BB	0	0.0254216155296152	-0.1274323	-0.20891748	BB	0	0.026622834986604	ct4VSct5	-0.0012012194569888	0	-0.0012012194569888
399	9	44	-0.14838386	-0.16783001	BB	0	0.0249032647076386	-0.1274323	-0.20660961	BB	0	0.026328737804403	ct4VSct5	-0.0014254730967644	0	-0.0014254730967644
400	9	45	-0.14838386	0.14089042	BA	0	0	-0.1274323	0.11991098	BA	0	0	ct4VSct5	-0.0056253323799672	0	0
401	9	46	-0.14838386	-0.10152237	BB	0	0.0150642811369482	-0.1274323	-0.14745745	BB	0	0.018790842005635	ct4VSct5	-0.0037265608686868	0	-0.0037265608686868
402	9	47	-0.14838386	0.15886527	BA	0	0	-0.1274323	0.064093326	BA	0	0	ct4VSct5	-0.0154054820357124	0	0
403	9	48	-0.14838386	0.09525499	BA	0	0	-0.1274323	0.036016928	BA	0	0	ct4VSct5	-0.009544583126487	0	0
404	9	49	-0.14838386	-0.01745302	BB	0	0.0025897464762572	-0.1274323	-0.058781142	BB	0	0.0074906161216866	ct4VSct5	-0.0049008696454294	0	-0.0049008696454294
405	9	50	-0.14838386	0.053211025	BA	0	0	-0.1274323	-0.027794689	BB	0	0.0035419411470547	ct4VSct5	-0.0114375984311112	0	-0.0035419411470547
406	10	11	-0.18504188	-0.18540987	BB	0	0.0343085909153556	-0.18691438	-0.16241039	BB	0	0.0303568373524082	ct4VSct5	0.0039517535629474	0	0.0039517535629474
407	10	12	-0.18504188	-0.13463165	BB	0	0.024912493623502	-0.18691438	0.017687445	BA	0	0	ct4VSct5	0.0282185314394611	0	0.024912493623502
408	10	13	-0.18504188	-1.3994537e-05	BB	0	2.58957543620956e-06	-0.18691438	0.09036246	BA	0	0	ct4VSct5	0.016892632761611	0	2.58957543620956e-06
409	10	14	-0.18504188	-0.19444767	BB	0	0.0359809624184196	-0.18691438	-0.19910875	BB	0	0.037216288558825	ct4VSct5	-0.0012353261404054	0	-0.0012353261404054
410	10	15	-0.18504188	-0.20818817	BB	0	0.0385235303705596	-0.18691438	-0.22389707	BB	0	0.0418495820228666	ct4VSct5	-0.003326051652307	0	-0.003326051652307
411	10	16	-0.18504188	-0.18710877	BB	0	0.0346229585652876	-0.18691438	-0.10668783	BB	0	0.0199414895979954	ct4VSct5	0.0146814689672922	0	0.0146814689672922
412	10	17	-0.18504188	-0.18609775	BB	0	0.03443587752377	-0.18691438	-0.16114704	BB	0	0.0301206990704352	ct4VSct5	0.0043151784533348	0	0.0043151784533348
413	10	18	-0.18504188	-0.19291348	BB	0	0.0356970730165424	-0.18691438	-0.12908324	BB	0	0.0241275137729912	ct4VSct5	0.0115695592435512	0	0.0115695592435512
414	10	19	-0.18504188	-0.15302515	BB	0	0.028316061443282	-0.18691438	-0.082187458	BB	0	0.015362017755846	ct4VSct5	0.012954043687436	0	0.012954043687436
415	10	20	-0.18504188	0.067270407	BA	0	0	-0.18691438	0.10462359	BA	0	0	ct4VSct5	0.00710781087857904	0	0
416	10	21	-0.18504188	-0.092687347	BB	0	0.0171510409410924	-0.18691438	0.021771407	BA	0	0	ct4VSct5	0.021220429982225	0	0.0171510409410924
417	10	22	-0.18504188	-0.19244915	BB	0	0.035611152520402	-0.18691438	-0.16762484	BB	0	0.0313314930411992	ct4VSct5	0.0042796594792028	0	0.0042796594792028
418	10	23	-0.18504188	-0.082904505	BB	0	0.0153408054656694	-0.18691438	0.045727801	BA	0	0	ct4VSct5	0.0238879890383478	0	0.0153408054656694
419	10	24	-0.18504188	-0.18756089	BB	0	0.0347066197000732	-0.18691438	-0.072285174	BB	0	0.0135111384814021	ct4VSct5	0.0211954812186711	0	0.0211954812186711
420	10	25	-0.18504188	-0.176658	BB	0	0.03268912843704	-0.18691438	-0.023054218	BB	0	0.00430916486385484	ct4VSct5	0.0283799635731852	0	0.0283799635731852
421	10	26	-0.18504188	0.046911147	BA	0	0	-0.18691438	0.11066115	BA	0	0	ct4VSct5	0.0120036334085006	0	0
422	10	27	-0.18504188	-0.12160587	BB	0	0.0225021788038356	-0.18691438	-0.057726404	BB	0	0.0107898950132895	ct4VSct5	0.0117122837905461	0	0.0117122837905461
423	10	28	-0.18504188	-0.20294332	BB	0	0.0375530134662416	-0.18691438	-0.20989674	BB	0	0.0392327190211212	ct4VSct5	-0.0016797055548796	0	-0.0016797055548796
424	10	29	-0.18504188	-0.11742039	BB	0	0.0217276897159332	-0.18691438	-0.061097665	BB	0	0.0114200321729227	ct4VSct5	0.0103076575430105	0	0.0103076575430105
425	10	30	-0.18504188	-0.18628952	BB	0	0.0344713630050976	-0.18691438	-0.17611978	BB	0	0.0329193194844364	ct4VSct5	0.0015520435206612	0	0.0015520435206612
426	10	31	-0.18504188	-0.026242096	BB	0	0.00485588677898048	-0.18691438	0.0086151607	BA	0	0	ct4VSct5	0.00646618419982135	0	0.00485588677898048
427	10	32	-0.18504188	0.11104545	BA	0	0	-0.18691438	0.13175122	BA	0	0	ct4VSct5	0.0040781387670976	0	0
428	10	33	-0.18504188	-0.13439603	BB	0	0.0248688940557364	-0.18691438	-0.13591568	BB	0	0.0254045950594784	ct4VSct5	-0.000535701003742003	0	-0.000535701003741999
429	10	34	-0.18504188	-0.19089042	BB	0	0.0353227221907896	-0.18691438	-0.20408624	BB	0	0.0381466530161312	ct4VSct5	-0.0028239308253416	0	-0.0028239308253416
430	10	35	-0.18504188	-0.0071459731	BB	0	0.00132230429685343	-0.18691438	0.085631547	BA	0	0	ct4VSct5	0.0173280718127993	0	0.00132230429685343
431	10	36	-0.18504188	-0.09546514	BB	0	0.0176650489800632	-0.18691438	0.054590767	BA	0	0	ct4VSct5	0.0278688483475927	0	0.0176650489800632
432	10	37	-0.18504188	0.078333614	BA	0	0	-0.18691438	0.13175867	BA	0	0	ct4VSct5	0.0101325909109203	0	0
433	10	38	-0.18504188	-0.12562377	BB	0	0.0232456585734876	-0.18691438	-0.14552101	BB	0	0.0271999693611238	ct4VSct5	-0.0039543107876362	0	-0.0039543107876362
434	10	39	-0.18504188	0.15790873	BA	0	0	-0.18691438	0.21221508	BA	0	0	ct4VSct5	0.010446321837238	0	0
435	10	40	-0.18504188	0.17291261	BA	0	0	-0.18691438	0.22661106	BA	0	0	ct4VSct5	0.010360791350936	0	0
436	10	41	-0.18504188	0.18335729	BA	0	0	-0.18691438	0.22850003	BA	0	0	ct4VSct5	0.0087811637841262	0	0
437	10	42	-0.18504188	0.1628178	BA	0	0	-0.18691438	0.1785571	BA	0	0	ct4VSct5	0.003246777831634	0	0
438	10	43	-0.18504188	-0.17132332	BB	0	0.0317019892206416	-0.18691438	-0.20891748	BB	0	0.0390496812453624	ct4VSct5	-0.00734769202472079	0	-0.0073476920247208
439	10	44	-0.18504188	-0.16783001	BB	0	0.0310555805708188	-0.18691438	-0.20660961	BB	0	0.0386183071551918	ct4VSct5	-0.007562726584373	0	-0.007562726584373
440	10	45	-0.18504188	0.14089042	BA	0	0	-0.18691438	0.11991098	BA	0	0	ct4VSct5	-0.0036575417088972	0	0
441	10	46	-0.18504188	-0.10152237	BB	0	0.0187858902068556	-0.18691438	-0.14745745	BB	0	0.027561917843131	ct4VSct5	-0.0087760276362754	0	-0.0087760276362754
442	10	47	-0.18504188	0.15886527	BA	0	0	-0.18691438	0.064093326	BA	0	0	ct4VSct5	-0.0174167639360797	0	0
443	10	48	-0.18504188	0.09525499	BA	0	0	-0.18691438	0.036016928	BA	0	0	ct4VSct5	-0.0108940806623566	0	0
444	10	49	-0.18504188	-0.01745302	BB	0	0.0032295396324776	-0.18691438	-0.058781142	BB	0	0.010987040712622	ct4VSct5	-0.00775750108014436	0	-0.0077575010801444
445	10	50	-0.18504188	0.053211025	BA	0	0	-0.18691438	-0.027794689	BB	0	0.00519522706172782	ct4VSct5	-0.0150414951644548	0	-0.00519522706172782
446	11	12	-0.18540987	-0.13463165	BB	0	0.0249620367243855	-0.16241039	0.017687445	BA	0	0	ct4VSct5	0.027834661564939	0	0.0249620367243855
447	11	13	-0.18540987	-1.3994537e-05	BB	0	2.59472528588019e-06	-0.16241039	0.09036246	BA	0	0	ct4VSct5	0.0146783970952453	0	2.59472528588019e-06
448	11	14	-0.18540987	-0.19444767	BB	0	0.0360525172165029	-0.16241039	-0.19910875	BB	0	0.0323373297399125	ct4VSct5	0.0037151874765904	0	0.0037151874765904
449	11	15	-0.18540987	-0.20818817	BB	0	0.0386001415352379	-0.16241039	-0.22389707	BB	0	0.0363632104585573	ct4VSct5	0.0022369310766806	0	0.0022369310766806
450	11	16	-0.18540987	-0.18710877	BB	0	0.0346918127215599	-0.16241039	-0.10668783	BB	0	0.0173272120785537	ct4VSct5	0.0173646006430062	0	0.0173646006430062
451	11	17	-0.18540987	-0.18609775	BB	0	0.0345043596347925	-0.16241039	-0.16114704	BB	0	0.0261719536137456	ct4VSct5	0.0083324060210469	0	0.0083324060210469
452	11	18	-0.18540987	-0.19291348	BB	0	0.0357680632480476	-0.16241039	-0.12908324	BB	0	0.0209644593508636	ct4VSct5	0.014803603897184	0	0.014803603897184
453	11	19	-0.18540987	-0.15302515	BB	0	0.0283723731682305	-0.16241039	-0.082187458	BB	0	0.0133480971068886	ct4VSct5	0.0150242760613419	0	0.0150242760613419
454	11	20	-0.18540987	0.067270407	BA	0	0	-0.16241039	0.10462359	BA	0	0	ct4VSct5	0.00451936063838301	0	0
455	11	21	-0.18540987	-0.092687347	BB	0	0.0171851489579149	-0.16241039	0.021771407	BA	0	0	ct4VSct5	0.0207210516596336	0	0.0171851489579149
456	11	22	-0.18540987	-0.19244915	BB	0	0.0356819718831105	-0.16241039	-0.16762484	BB	0	0.0272240156380876	ct4VSct5	0.0084579562450229	0	0.0084579562450229
457	11	23	-0.18540987	-0.082904505	BB	0	0.0153713134944644	-0.16241039	0.045727801	BA	0	0	ct4VSct5	0.0227979834887167	0	0.0153713134944644
458	11	24	-0.18540987	-0.18756089	BB	0	0.0347756402319843	-0.16241039	-0.072285174	BB	0	0.0117398633005579	ct4VSct5	0.0230357769314264	0	0.0230357769314264
459	11	25	-0.18540987	-0.176658	BB	0	0.03275413681446	-0.16241039	-0.023054218	BB	0	0.00374424453652502	ct4VSct5	0.029009892277935	0	0.029009892277935
460	11	26	-0.18540987	0.046911147	BA	0	0	-0.16241039	0.11066115	BA	0	0	ct4VSct5	0.00927473086252761	0	0
461	11	27	-0.18540987	-0.12160587	BB	0	0.0225469285479369	-0.16241039	-0.057726404	BB	0	0.00937536778693756	ct4VSct5	0.0131715607609993	0	0.0131715607609993
462	11	28	-0.18540987	-0.20294332	BB	0	0.0376276945785684	-0.16241039	-0.20989674	BB	0	0.0340894114031286	ct4VSct5	0.0035382831754398	0	0.0035382831754398
463	11	29	-0.18540987	-0.11742039	BB	0	0.0217708992452493	-0.16241039	-0.061097665	BB	0	0.00992289560073935	ct4VSct5	0.01184800364451	0	0.01184800364451
464	11	30	-0.18540987	-0.18628952	BB	0	0.0345399156855624	-0.16241039	-0.17611978	BB	0	0.0286036821565142	ct4VSct5	0.0059362335290482	0	0.0059362335290482
465	11	31	-0.18540987	-0.026242096	BB	0	0.00486554360788752	-0.16241039	0.0086151607	BA	0	0	ct4VSct5	0.00626473521708719	0	0.00486554360788752
466	11	32	-0.18540987	0.11104545	BA	0	0	-0.16241039	0.13175122	BA	0	0	ct4VSct5	0.0008088445745843	0	0
467	11	33	-0.18540987	-0.13439603	BB	0	0.0249183504508161	-0.16241039	-0.13591568	BB	0	0.0220741185959152	ct4VSct5	0.0028442318549009	0	0.0028442318549009
468	11	34	-0.18540987	-0.19089042	BB	0	0.0353929679564454	-0.16241039	-0.20408624	BB	0	0.0331457258320336	ct4VSct5	0.0022472421244118	0	0.0022472421244118
469	11	35	-0.18540987	-0.0071459731	BB	0	0.0013249339434945	-0.16241039	0.085631547	BA	0	0	ct4VSct5	0.0152323868880678	0	0.0013249339434945
470	11	36	-0.18540987	-0.09546514	BB	0	0.0177001791969318	-0.16241039	0.054590767	BA	0	0	ct4VSct5	0.0265662869558009	0	0.0177001791969318
471	11	37	-0.18540987	0.078333614	BA	0	0	-0.16241039	0.13175867	BA	0	0	ct4VSct5	0.00687515179221112	0	0
472	11	38	-0.18540987	-0.12562377	BB	0	0.0232918868646099	-0.16241039	-0.14552101	BB	0	0.0236341239872939	ct4VSct5	-0.000342237122684001	0	-0.000342237122684001
473	11	39	-0.18540987	0.15790873	BA	0	0	-0.16241039	0.21221508	BA	0	0	ct4VSct5	0.0051880968055161	0	0
474	11	40	-0.18540987	0.17291261	BA	0	0	-0.16241039	0.22661106	BA	0	0	ct4VSct5	0.0047442860914527	0	0
475	11	41	-0.18540987	0.18335729	BA	0	0	-0.16241039	0.22850003	BA	0	0	ct4VSct5	0.00311452768485939	0	0
476	11	42	-0.18540987	0.1628178	BA	0	0	-0.16241039	0.1785571	BA	0	0	ct4VSct5	-0.00118849888341701	0	0
477	11	43	-0.18540987	-0.17132332	BB	0	0.0317650344891684	-0.16241039	-0.20891748	BB	0	0.0339303694046172	ct4VSct5	-0.0021653349154488	0	-0.0021653349154488
478	11	44	-0.18540987	-0.16783001	BB	0	0.0311173403361987	-0.16241039	-0.20660961	BB	0	0.0335555473378479	ct4VSct5	-0.0024382070016492	0	-0.0024382070016492
479	11	45	-0.18540987	0.14089042	BA	0	0	-0.16241039	0.11991098	BA	0	0	ct4VSct5	-0.0066476854293632	0	0
480	11	46	-0.18540987	-0.10152237	BB	0	0.0188232494237919	-0.16241039	-0.14745745	BB	0	0.0239486219629055	ct4VSct5	-0.0051253725391136	0	-0.0051253725391136
481	11	47	-0.18540987	0.15886527	BA	0	0	-0.16241039	0.064093326	BA	0	0	ct4VSct5	-0.0190457669861578	0	0
482	11	48	-0.18540987	0.09525499	BA	0	0	-0.16241039	0.036016928	BA	0	0	ct4VSct5	-0.0118116919896694	0	0
483	11	49	-0.18540987	-0.01745302	BB	0	0.0032359621693074	-0.16241039	-0.058781142	BB	0	0.00954666819686538	ct4VSct5	-0.00631070602755798	0	-0.00631070602755798
484	11	50	-0.18540987	0.053211025	BA	0	0	-0.16241039	-0.027794689	BB	0	0.00451414628041871	ct4VSct5	-0.0143799955082355	0	-0.00451414628041871
485	12	13	-0.13463165	-1.3994537e-05	BB	0	1.88410760729605e-06	0.017687445	0.09036246	AA	0.0015982810413147	0	ct4VSct5	-0.0015963969337074	-0.0015982810413147	1.88410760729605e-06
486	12	14	-0.13463165	-0.19444767	BB	0	0.0261788106507555	0.017687445	-0.19910875	AB	0	0	ct4VSct5	0.0297005357153992	0	0.0261788106507555
487	12	15	-0.13463165	-0.20818817	BB	0	0.0280287168375805	0.017687445	-0.22389707	AB	0	0	ct4VSct5	0.0319888839488666	0	0.0280287168375805
488	12	16	-0.13463165	-0.18710877	BB	0	0.0251907624345705	0.017687445	-0.10668783	AB	0	0	ct4VSct5	0.0270777975598648	0	0.0251907624345705
489	12	17	-0.13463165	-0.18609775	BB	0	0.0250546471437875	0.017687445	-0.16114704	AB	0	0	ct4VSct5	0.0279049265507003	0	0.0250546471437875
490	12	18	-0.13463165	-0.19291348	BB	0	0.025972260119642	0.017687445	-0.12908324	AB	0	0	ct4VSct5	0.0282554128275638	0	0.025972260119642
491	12	19	-0.13463165	-0.15302515	BB	0	0.0206020284359975	0.017687445	-0.082187458	AB	0	0	ct4VSct5	0.0220557145790623	0	0.0206020284359975
492	12	20	-0.13463165	0.067270407	BA	0	0	0.017687445	0.10462359	AA	0.00185052399382755	0	ct4VSct5	-0.0109072498844091	-0.00185052399382755	0
493	12	21	-0.13463165	-0.092687347	BB	0	0.0124786504607326	0.017687445	0.021771407	AA	0.000385080563885115	0	ct4VSct5	0.0120935698968474	-0.000385080563885115	0.0124786504607326
494	12	22	-0.13463165	-0.19244915	BB	0	0.0259097466055975	0.017687445	-0.16762484	AB	0	0	ct4VSct5	0.0288746017437313	0	0.0259097466055975
495	12	23	-0.13463165	-0.082904505	BB	0	0.0111615703005833	0.017687445	0.045727801	AA	0.000808807965158445	0	ct4VSct5	0.0103527623354248	-0.000808807965158445	0.0111615703005833
496	12	24	-0.13463165	-0.18756089	BB	0	0.0252516320961685	0.017687445	-0.072285174	AB	0	0	ct4VSct5	0.0265301721356089	0	0.0252516320961685
497	12	25	-0.13463165	-0.176658	BB	0	0.0237837580257	0.017687445	-0.023054218	AB	0	0	ct4VSct5	0.024191528238593	0	0.0237837580257
498	12	26	-0.13463165	0.046911147	BA	0	0	0.017687445	0.11066115	AA	0.00195731300426175	0	ct4VSct5	-0.0082730381282643	-0.00195731300426175	0
499	12	27	-0.13463165	-0.12160587	BB	0	0.0163719989277855	0.017687445	-0.057726404	AB	0	0	ct4VSct5	0.0173930315235833	0	0.0163719989277855
500	12	28	-0.13463165	-0.20294332	BB	0	0.027322594028078	0.017687445	-0.20989674	AB	0	0	ct4VSct5	0.0310351310725073	0	0.027322594028078
501	12	29	-0.13463165	-0.11742039	BB	0	0.0158085008493435	0.017687445	-0.061097665	AB	0	0	ct4VSct5	0.0168891624386594	0	0.0158085008493435
502	12	30	-0.13463165	-0.18628952	BB	0	0.025080465455308	0.017687445	-0.17611978	AB	0	0	ct4VSct5	0.0281955743774701	0	0.025080465455308
503	12	31	-0.13463165	-0.026242096	BB	0	0.0035330166839384	0.017687445	0.0086151607	AA	0.000152380181047412	0	ct4VSct5	0.00338063650289099	-0.000152380181047412	0.0035330166839384
504	12	32	-0.13463165	0.11104545	BA	0	0	0.017687445	0.13175122	AA	0.0023303424574329	0	ct4VSct5	-0.0172805746159254	-0.0023303424574329	0
505	12	33	-0.13463165	-0.13439603	BB	0	0.0180939592723495	0.017687445	-0.13591568	AB	0	0	ct4VSct5	0.0204979603869871	0	0.0180939592723495
506	12	34	-0.13463165	-0.19089042	BB	0	0.025699892213793	0.017687445	-0.20408624	AB	0	0	ct4VSct5	0.0293096563590498	0	0.025699892213793
507	12	35	-0.13463165	-0.0071459731	BB	0	0.000962074149308615	0.017687445	0.085631547	AA	0.00151460327782741	0	ct4VSct5	-0.0005525291285188	-0.00151460327782741	0.000962074149308615
508	12	36	-0.13463165	-0.09546514	BB	0	0.012852629315681	0.017687445	0.054590767	AA	0.000965571188820315	0	ct4VSct5	0.0118870581268607	-0.000965571188820315	0.012852629315681
509	12	37	-0.13463165	0.078333614	BA	0	0	0.017687445	0.13175867	AA	0.00233047422889815	0	ct4VSct5	-0.0128766579321812	-0.00233047422889815	0
510	12	38	-0.13463165	-0.12562377	BB	0	0.0169129354343205	0.017687445	-0.14552101	AB	0	0	ct4VSct5	0.0194868302950399	0	0.0169129354343205
511	12	39	-0.13463165	0.15790873	BA	0	0	0.017687445	0.21221508	AA	0.0037535425556706	0	ct4VSct5	-0.0250130554249751	-0.0037535425556706	0
512	12	40	-0.13463165	0.17291261	BA	0	0	0.017687445	0.22661106	AA	0.0040081706601417	0	ct4VSct5	-0.0272876806502482	-0.0040081706601417	0
513	12	41	-0.13463165	0.18335729	BA	0	0	0.017687445	0.22850003	AA	0.00404158171312335	0	ct4VSct5	-0.0287272762053518	-0.00404158171312335	0
514	12	42	-0.13463165	0.1628178	BA	0	0	0.017687445	0.1785571	AA	0.0031582188856095	0	ct4VSct5	-0.0250786479489795	-0.0031582188856095	0
515	12	43	-0.13463165	-0.17132332	BB	0	0.023065541255078	0.017687445	-0.20891748	AB	0	0	ct4VSct5	0.0267607576921166	0	0.023065541255078
516	12	44	-0.13463165	-0.16783001	BB	0	0.0225952311658165	0.017687445	-0.20660961	AB	0	0	ct4VSct5	0.026249627279163	0	0.0225952311658165
517	12	45	-0.13463165	0.14089042	BA	0	0	0.017687445	0.11991098	AA	0.0021209188636461	0	ct4VSct5	-0.0210892285774391	-0.0021209188636461	0
518	12	46	-0.13463165	-0.10152237	BB	0	0.0136681241850105	0.017687445	-0.14745745	AB	0	0	ct4VSct5	0.0162762697217257	0	0.0136681241850105
519	12	47	-0.13463165	0.15886527	BA	0	0	0.017687445	0.064093326	AA	0.00113364717849207	0	ct4VSct5	-0.0225219406062876	-0.00113364717849207	0
520	12	48	-0.13463165	0.09525499	BA	0	0	0.017687445	0.036016928	AA	0.00063704743306896	0	ct4VSct5	-0.0134613839075025	-0.00063704743306896	0
521	12	49	-0.13463165	-0.01745302	BB	0	0.002349728880083	0.017687445	-0.058781142	AB	0	0	ct4VSct5	0.00338941709624519	0	0.002349728880083
522	12	50	-0.13463165	0.053211025	BA	0	0	0.017687445	-0.027794689	AB	0	0	ct4VSct5	-0.00667227106096165	0	0
523	13	14	-1.3994537e-05	-0.19444767	BB	0	2.72120511237879e-06	0.09036246	-0.19910875	AB	0	0	ct4VSct5	0.0179946776626374	0	2.72120511237879e-06
524	13	15	-1.3994537e-05	-0.20818817	BB	0	2.91349704802729e-06	0.09036246	-0.22389707	AB	0	0	ct4VSct5	0.0202348035290402	0	2.91349704802729e-06
525	13	16	-1.3994537e-05	-0.18710877	BB	0	2.61850060478949e-06	0.09036246	-0.10668783	AB	0	0	ct4VSct5	0.00964319327146659	0	2.61850060478949e-06
526	13	17	-1.3994537e-05	-0.18609775	BB	0	2.60435184799175e-06	0.09036246	-0.16114704	AB	0	0	ct4VSct5	0.0145642473079664	0	2.60435184799175e-06
527	13	18	-1.3994537e-05	-0.19291348	BB	0	2.69973483365876e-06	0.09036246	-0.12908324	AB	0	0	ct4VSct5	0.0116669788460041	0	2.69973483365876e-06
528	13	19	-1.3994537e-05	-0.15302515	BB	0	2.14151612360555e-06	0.09036246	-0.082187458	AB	0	0	ct4VSct5	0.00742880240215029	0	2.14151612360555e-06
529	13	20	-1.3994537e-05	0.067270407	BA	0	0	0.09036246	0.10462359	AA	0.0094540449664314	0	ct4VSct5	-0.00945498638463117	-0.0094540449664314	0
530	13	21	-1.3994537e-05	-0.092687347	BB	0	1.29711650702334e-06	0.09036246	0.021771407	AA	0.00196731789418122	0	ct4VSct5	-0.0019660207776742	-0.00196731789418122	1.29711650702334e-06
531	13	22	-1.3994537e-05	-0.19244915	BB	0	2.69323675029355e-06	0.09036246	-0.16762484	AB	0	0	ct4VSct5	0.0151496861362567	0	2.69323675029355e-06
532	13	23	-1.3994537e-05	-0.082904505	BB	0	1.16021016268919e-06	0.09036246	0.045727801	AA	0.00413207658875046	0	ct4VSct5	-0.00413091637858777	-0.00413207658875046	1.16021016268919e-06
533	13	24	-1.3994537e-05	-0.18756089	BB	0	2.62482781485793e-06	0.09036246	-0.072285174	AB	0	0	ct4VSct5	0.0065344909719829	0	2.62482781485793e-06
534	13	25	-1.3994537e-05	-0.176658	BB	0	2.472246917346e-06	0.09036246	-0.023054218	AB	0	0	ct4VSct5	0.00208570809877363	0	2.472246917346e-06
535	13	26	-1.3994537e-05	0.046911147	BA	0	0	0.09036246	0.11066115	AA	0.009999613740429	0	ct4VSct5	-0.0100002702402114	-0.009999613740429	0
536	13	27	-1.3994537e-05	-0.12160587	BB	0	1.70181784713219e-06	0.09036246	-0.057726404	AB	0	0	ct4VSct5	0.00521800169024097	0	1.70181784713219e-06
537	13	28	-1.3994537e-05	-0.20294332	BB	0	2.84009780064284e-06	0.09036246	-0.20989674	AB	0	0	ct4VSct5	0.018969625870181	0	2.84009780064284e-06
538	13	29	-1.3994537e-05	-0.11742039	BB	0	1.64324399240943e-06	0.09036246	-0.061097665	AB	0	0	ct4VSct5	0.00552257855364831	0	1.64324399240943e-06
539	13	30	-1.3994537e-05	-0.18628952	BB	0	2.60703558035224e-06	0.09036246	-0.17611978	AB	0	0	ct4VSct5	0.0159172236110392	0	2.60703558035224e-06
540	13	31	-1.3994537e-05	-0.026242096	BB	0	3.67245983429552e-07	0.09036246	0.0086151607	AA	0.000778487114147322	0	ct4VSct5	-0.000778119868163893	-0.000778487114147322	3.67245983429552e-07
541	13	32	-1.3994537e-05	0.11104545	BA	0	0	0.09036246	0.13175122	AA	0.0119053643472012	0	ct4VSct5	-0.0119069183768599	-0.0119053643472012	0
542	13	33	-1.3994537e-05	-0.13439603	BB	0	1.88081021448811e-06	0.09036246	-0.13591568	AB	0	0	ct4VSct5	0.0122835560075873	0	1.88081021448811e-06
543	13	34	-1.3994537e-05	-0.19089042	BB	0	2.67142304563554e-06	0.09036246	-0.20408624	AB	0	0	ct4VSct5	0.018444406121596	0	2.67142304563554e-06
544	13	35	-1.3994537e-05	-0.0071459731	BB	0	1.00004584948955e-07	0.09036246	0.085631547	AA	0.00773787724052562	0	ct4VSct5	-0.00773777723594067	-0.00773787724052562	1.00004584948955e-07
545	13	36	-1.3994537e-05	-0.09546514	BB	0	1.33599043394018e-06	0.09036246	0.054590767	AA	0.00493295599940682	0	ct4VSct5	-0.00493162000897288	-0.00493295599940682	1.33599043394018e-06
546	13	37	-1.3994537e-05	0.078333614	BA	0	0	0.09036246	0.13175867	AA	0.0119060375475282	0	ct4VSct5	-0.0119071337901877	-0.0119060375475282	0
547	13	38	-1.3994537e-05	-0.12562377	BB	0	1.75804649734449e-06	0.09036246	-0.14552101	AB	0	0	ct4VSct5	0.0131513944917819	0	1.75804649734449e-06
548	13	39	-1.3994537e-05	0.15790873	BA	0	0	0.09036246	0.21221508	AA	0.0191762766778968	0	ct4VSct5	-0.0191784865374614	-0.0191762766778968	0
549	13	40	-1.3994537e-05	0.17291261	BA	0	0	0.09036246	0.22661106	AA	0.0204771328448076	0	ct4VSct5	-0.020479552676726	-0.0204771328448076	0
550	13	41	-1.3994537e-05	0.18335729	BA	0	0	0.09036246	0.22850003	AA	0.0206478248208738	0	ct4VSct5	-0.0206503908212529	-0.0206478248208738	0
551	13	42	-1.3994537e-05	0.1628178	BA	0	0	0.09036246	0.1785571	AA	0.016134858806466	0	ct4VSct5	-0.0161371373661924	-0.016134858806466	0
552	13	43	-1.3994537e-05	-0.17132332	BB	0	2.39759054070284e-06	0.09036246	-0.20891748	AB	0	0	ct4VSct5	0.0188806950203415	0	2.39759054070284e-06
553	13	44	-1.3994537e-05	-0.16783001	BB	0	2.34870328465537e-06	0.09036246	-0.20660961	AB	0	0	ct4VSct5	0.0186721013225253	0	2.34870328465537e-06
554	13	45	-1.3994537e-05	0.14089042	BA	0	0	0.09036246	0.11991098	AA	0.0108354511338108	0	ct4VSct5	-0.0108374228300064	-0.0108354511338108	0
555	13	46	-1.3994537e-05	-0.10152237	BB	0	1.42075856329269e-06	0.09036246	-0.14745745	AB	0	0	ct4VSct5	0.0133260386858903	0	1.42075856329269e-06
556	13	47	-1.3994537e-05	0.15886527	BA	0	0	0.09036246	0.064093326	AA	0.00579163060694196	0	ct4VSct5	-0.00579385385284099	-0.00579163060694196	0
557	13	48	-1.3994537e-05	0.09525499	BA	0	0	0.09036246	0.036016928	AA	0.00325457821572288	0	ct4VSct5	-0.00325591126520487	-0.00325457821572288	0
558	13	49	-1.3994537e-05	-0.01745302	BB	0	2.4424693415174e-07	0.09036246	-0.058781142	AB	0	0	ct4VSct5	0.00531185283966347	0	2.4424693415174e-07
559	13	50	-1.3994537e-05	0.053211025	BA	0	0	0.09036246	-0.027794689	AB	0	0	ct4VSct5	0.00251085180931677	0	0
560	14	15	-0.19444767	-0.20818817	BB	0	0.0404817045780639	-0.19910875	-0.22389707	BB	0	0.0445798657363625	ct4VSct5	-0.00409816115829861	0	-0.0040981611582986
561	14	16	-0.19444767	-0.18710877	BB	0	0.0363828643630659	-0.19910875	-0.10668783	BB	0	0.0212424804715125	ct4VSct5	0.0151403838915534	0	0.0151403838915534
562	14	17	-0.19444767	-0.18609775	BB	0	0.0361862738797425	-0.19910875	-0.16114704	BB	0	0.0320857857006	ct4VSct5	0.0041004881791425	0	0.0041004881791425
563	14	18	-0.19444767	-0.19291348	BB	0	0.0375115766975916	-0.19910875	-0.12908324	BB	0	0.02570160256235	ct4VSct5	0.0118099741352416	0	0.0118099741352416
564	14	19	-0.19444767	-0.15302515	BB	0	0.0297553838689005	-0.19910875	-0.082187458	BB	0	0.0163642420280575	ct4VSct5	0.013391141840843	0	0.013391141840843
565	14	20	-0.19444767	0.067270407	BA	0	0	-0.19910875	0.10462359	BA	0	0	ct4VSct5	0.00775089832431081	0	0
566	14	21	-0.19444767	-0.092687347	BB	0	0.0180228386626315	-0.19910875	0.021771407	BA	0	0	ct4VSct5	0.0223577162961427	0	0.0180228386626315
567	14	22	-0.19444767	-0.19244915	BB	0	0.0374212888109805	-0.19910875	-0.16762484	BB	0	0.03337557236135	ct4VSct5	0.0040457164496305	0	0.0040457164496305
568	14	23	-0.19444767	-0.082904505	BB	0	0.0161205878297533	-0.19910875	0.045727801	BA	0	0	ct4VSct5	0.0252253931271121	0	0.0161205878297533
569	14	24	-0.19444767	-0.18756089	BB	0	0.0364707780436263	-0.19910875	-0.072285174	BB	0	0.0143926106386725	ct4VSct5	0.0220781674049538	0	0.0220781674049538
570	14	25	-0.19444767	-0.176658	BB	0	0.03435073648686	-0.19910875	-0.023054218	BB	0	0.0045902965282075	ct4VSct5	0.0297604399586525	0	0.0297604399586525
571	14	26	-0.19444767	0.046911147	BA	0	0	-0.19910875	0.11066115	BA	0	0	ct4VSct5	0.012911840018885	0	0
572	14	27	-0.19444767	-0.12160587	BB	0	0.0236459780798229	-0.19910875	-0.057726404	BB	0	0.011493832142435	ct4VSct5	0.0121521459373879	0	0.0121521459373879
573	14	28	-0.19444767	-0.20294332	BB	0	0.0394618557160644	-0.19910875	-0.20989674	BB	0	0.041792277530475	ct4VSct5	-0.0023304218144106	0	-0.0023304218144106
574	14	29	-0.19444767	-0.11742039	BB	0	0.0228321212459913	-0.19910875	-0.061097665	BB	0	0.0121650797060688	ct4VSct5	0.0106670415399225	0	0.0106670415399225
575	14	30	-0.19444767	-0.18628952	BB	0	0.0362235631094184	-0.19910875	-0.17611978	BB	0	0.035066989246075	ct4VSct5	0.0011565738633434	0	0.0011565738633434
576	14	31	-0.19444767	-0.026242096	BB	0	0.00510271442311632	-0.19910875	0.0086151607	BA	0	0	ct4VSct5	0.00681806830114244	0	0.00510271442311632
577	14	32	-0.19444767	0.11104545	BA	0	0	-0.19910875	0.13175122	BA	0	0	ct4VSct5	0.0046402917085735	0	0
578	14	33	-0.19444767	-0.13439603	BB	0	0.0261329948907501	-0.19910875	-0.13591568	BB	0	0.0270620011502	ct4VSct5	-0.000929006259449906	0	-0.000929006259449902
579	14	34	-0.19444767	-0.19089042	BB	0	0.0371181973943214	-0.19910875	-0.20408624	BB	0	0.0406353561386	ct4VSct5	-0.0035171587442786	0	-0.0035171587442786
580	14	35	-0.19444767	-0.0071459731	BB	0	0.00138951781917768	-0.19910875	0.085631547	BA	0	0	ct4VSct5	0.0184395081029139	0	0.00138951781917768
581	14	36	-0.19444767	-0.09546514	BB	0	0.0185629740392238	-0.19910875	0.054590767	BA	0	0	ct4VSct5	0.029432473418135	0	0.0185629740392238
582	14	37	-0.19444767	0.078333614	BA	0	0	-0.19910875	0.13175867	BA	0	0	ct4VSct5	0.0110025153603831	0	0
583	14	38	-0.19444767	-0.12562377	BB	0	0.0244272493731159	-0.19910875	-0.14552101	BB	0	0.0289745063998375	ct4VSct5	-0.0045472570267216	0	-0.0045472570267216
584	14	39	-0.19444767	0.15790873	BA	0	0	-0.19910875	0.21221508	BA	0	0	ct4VSct5	0.0115488946887909	0	0
585	14	40	-0.19444767	0.17291261	BA	0	0	-0.19910875	0.22661106	BA	0	0	ct4VSct5	0.0114977907646563	0	0
586	14	41	-0.19444767	0.18335729	BA	0	0	-0.19910875	0.22850003	BA	0	0	ct4VSct5	0.0098429575302482	0	0
587	14	42	-0.19444767	0.1628178	BA	0	0	-0.19910875	0.1785571	BA	0	0	ct4VSct5	0.00389273914009899	0	0
588	14	43	-0.19444767	-0.17132332	BB	0	0.0333134203906644	-0.19910875	-0.20891748	BB	0	0.04159729829595	ct4VSct5	-0.0082838779052856	0	-0.0082838779052856
589	14	44	-0.19444767	-0.16783001	BB	0	0.0326341544005767	-0.19910875	-0.20660961	BB	0	0.0411377811850875	ct4VSct5	-0.0085036267845108	0	-0.0085036267845108
590	14	45	-0.19444767	0.14089042	BA	0	0	-0.19910875	0.11991098	BA	0	0	ct4VSct5	-0.0035204885552464	0	0
591	14	46	-0.19444767	-0.10152237	BB	0	0.0197407882993779	-0.19910875	-0.14745745	BB	0	0.0293600685476875	ct4VSct5	-0.0096192802483096	0	-0.0096192802483096
592	14	47	-0.19444767	0.15886527	BA	0	0	-0.19910875	0.064093326	BA	0	0	ct4VSct5	-0.0181294395722184	0	0
593	14	48	-0.19444767	0.09525499	BA	0	0	-0.19910875	0.036016928	BA	0	0	ct4VSct5	-0.0113508253484533	0	0
594	14	49	-0.19444767	-0.01745302	BB	0	0.0033936990734634	-0.19910875	-0.058781142	BB	0	0.0117038397071925	ct4VSct5	-0.0083101406337291	0	-0.0083101406337291
595	14	50	-0.19444767	0.053211025	BA	0	0	-0.19910875	-0.027794689	BB	0	0.00553416578342875	ct4VSct5	-0.0158809256129905	0	-0.00553416578342875
596	15	16	-0.20818817	-0.18710877	BB	0	0.0389538324172509	-0.22389707	-0.10668783	BB	0	0.0238870925416581	ct4VSct5	0.0150667398755928	0	0.0150667398755928
597	15	17	-0.20818817	-0.18609775	BB	0	0.0387433500136175	-0.22389707	-0.16114704	BB	0	0.0360803500951728	ct4VSct5	0.00266299991844471	0	0.0026629999184447
598	15	18	-0.20818817	-0.19291348	BB	0	0.0401623043695316	-0.22389707	-0.12908324	BB	0	0.0289013592221068	ct4VSct5	0.0112609451474248	0	0.0112609451474248
599	15	19	-0.20818817	-0.15302515	BB	0	0.0318580259424755	-0.22389707	-0.082187458	BB	0	0.0184015310369481	ct4VSct5	0.0134564949055274	0	0.0134564949055274
600	15	20	-0.20818817	0.067270407	BA	0	0	-0.22389707	0.10462359	BA	0	0	ct4VSct5	0.00942001232539611	0	0
601	15	21	-0.20818817	-0.092687347	BB	0	0.019296409154085	-0.22389707	0.021771407	BA	0	0	ct4VSct5	0.0241709633911625	0	0.019296409154085
602	15	22	-0.20818817	-0.19244915	BB	0	0.0400656363565555	-0.22389707	-0.16762484	BB	0	0.0375307105352188	ct4VSct5	0.0025349258213367	0	0.0025349258213367
603	15	23	-0.20818817	-0.082904505	BB	0	0.0172597371807059	-0.22389707	0.045727801	BA	0	0	ct4VSct5	0.0274980578421489	0	0.0172597371807059
604	15	24	-0.20818817	-0.18756089	BB	0	0.0390479584526713	-0.22389707	-0.072285174	BB	0	0.0161844386630402	ct4VSct5	0.0228635197896311	0	0.0228635197896311
605	15	25	-0.20818817	-0.176658	BB	0	0.03677810573586	-0.22389707	-0.023054218	BB	0	0.00516177186134126	ct4VSct5	0.0316163338745187	0	0.0316163338745187
606	15	26	-0.20818817	0.046911147	BA	0	0	-0.22389707	0.11066115	BA	0	0	ct4VSct5	0.0150103614012995	0	0
607	15	27	-0.20818817	-0.12160587	BB	0	0.0253169035365579	-0.22389707	-0.057726404	BB	0	0.0129247727172363	ct4VSct5	0.0123921308193216	0	0.0123921308193216
608	15	28	-0.20818817	-0.20294332	BB	0	0.0422503984045244	-0.22389707	-0.20989674	BB	0	0.0469952650885518	ct4VSct5	-0.0047448666840274	0	-0.0047448666840274
609	15	29	-0.20818817	-0.11742039	BB	0	0.0244455361147863	-0.22389707	-0.061097665	BB	0	0.0136795881773416	ct4VSct5	0.0107659479374447	0	0.0107659479374447
610	15	30	-0.20818817	-0.18628952	BB	0	0.0387832742589784	-0.22389707	-0.17611978	BB	0	0.0394327027110446	ct4VSct5	-0.000649428452066197	0	-0.000649428452066197
611	15	31	-0.20818817	-0.026242096	BB	0	0.00546329394320432	-0.22389707	0.0086151607	BA	0	0	ct4VSct5	0.00739220318151347	0	0.00546329394320432
612	15	32	-0.20818817	0.11104545	BA	0	0	-0.22389707	0.13175122	BA	0	0	ct4VSct5	0.0063803631045989	0	0
613	15	33	-0.20818817	-0.13439603	BB	0	0.0279796635409651	-0.22389707	-0.13591568	BB	0	0.0304311225190576	ct4VSct5	-0.0024514589780925	0	-0.0024514589780925
614	15	34	-0.20818817	-0.19089042	BB	0	0.0397411272103314	-0.22389707	-0.20408624	BB	0	0.0456943111633168	ct4VSct5	-0.0059531839529854	0	-0.0059531839529854
615	15	35	-0.20818817	-0.0071459731	BB	0	0.00148770706255823	-0.22389707	0.085631547	BA	0	0	ct4VSct5	0.0206603595354255	0	0.00148770706255823
616	15	36	-0.20818817	-0.09546514	BB	0	0.0198747127953938	-0.22389707	0.054590767	BA	0	0	ct4VSct5	0.0320974255757465	0	0.0198747127953938
617	15	37	-0.20818817	0.078333614	BA	0	0	-0.22389707	0.13175867	BA	0	0	ct4VSct5	0.0131922484119505	0	0
618	15	38	-0.20818817	-0.12562377	BB	0	0.0261533827848009	-0.22389707	-0.14552101	BB	0	0.0325817277624407	ct4VSct5	-0.0064283449776398	0	-0.0064283449776398
619	15	39	-0.20818817	0.15790873	BA	0	0	-0.22389707	0.21221508	BA	0	0	ct4VSct5	0.0146396050960915	0	0
620	15	40	-0.20818817	0.17291261	BA	0	0	-0.22389707	0.22661106	BA	0	0	ct4VSct5	0.0147391925177705	0	0
621	15	41	-0.20818817	0.18335729	BA	0	0	-0.22389707	0.22850003	BA	0	0	ct4VSct5	0.0129876685506528	0	0
622	15	42	-0.20818817	0.1628178	BA	0	0	-0.22389707	0.1785571	BA	0	0	ct4VSct5	0.006081671692271	0	0
623	15	43	-0.20818817	-0.17132332	BB	0	0.0356674884691244	-0.22389707	-0.20891748	BB	0	0.0467760116437836	ct4VSct5	-0.0111085231746592	0	-0.0111085231746592
624	15	44	-0.20818817	-0.16783001	BB	0	0.0349402226529817	-0.22389707	-0.20660961	BB	0	0.0462592863128427	ct4VSct5	-0.011319063659861	0	-0.011319063659861
625	15	45	-0.20818817	0.14089042	BA	0	0	-0.22389707	0.11991098	BA	0	0	ct4VSct5	-0.0024840016275028	0	0
626	15	46	-0.20818817	-0.10152237	BB	0	0.0211357564243629	-0.22389707	-0.14745745	BB	0	0.0330152910046715	ct4VSct5	-0.0118795345803086	0	-0.0118795345803086
627	15	47	-0.20818817	0.15886527	BA	0	0	-0.22389707	0.064093326	BA	0	0	ct4VSct5	-0.0187235619399011	0	0
628	15	48	-0.20818817	0.09525499	BA	0	0	-0.22389707	0.036016928	BA	0	0	ct4VSct5	-0.0117668774018673	0	0
629	15	49	-0.20818817	-0.01745302	BB	0	0.0036335122947734	-0.22389707	-0.058781142	BB	0	0.0131609254650539	ct4VSct5	-0.00952741317028054	0	-0.0095274131702805
630	15	50	-0.20818817	0.053211025	BA	0	0	-0.22389707	-0.027794689	BB	0	0.00622314942866123	ct4VSct5	-0.0173010553472355	0	-0.00622314942866123
631	16	17	-0.18710877	-0.18609775	BB	0	0.0348205211022675	-0.10668783	-0.16114704	BB	0	0.0171924280085232	ct4VSct5	0.0176280930937443	0	0.0176280930937443
632	16	18	-0.18710877	-0.19291348	BB	0	0.0360958039592196	-0.10668783	-0.12908324	BB	0	0.0137716107649692	ct4VSct5	0.0223241931942504	0	0.0223241931942504
633	16	19	-0.18710877	-0.15302515	BB	0	0.0286323475955655	-0.10668783	-0.082187458	BB	0	0.00876840154723614	ct4VSct5	0.0198639460483294	0	0.0198639460483294
634	16	20	-0.18710877	0.067270407	BA	0	0	-0.10668783	0.10462359	BA	0	0	ct4VSct5	-0.00142481932725969	0	0
635	16	21	-0.18710877	-0.092687347	BB	0	0.0173426154917332	-0.10668783	0.021771407	BA	0	0	ct4VSct5	0.01966535966061	0	0.0173426154917332
636	16	22	-0.18710877	-0.19244915	BB	0	0.0360089237440455	-0.10668783	-0.16762484	BB	0	0.0178835304336972	ct4VSct5	0.0181253933103483	0	0.0181253933103483
637	16	23	-0.18710877	-0.082904505	BB	0	0.0155121599580089	-0.10668783	0.045727801	BA	0	0	ct4VSct5	0.0203907598173707	0	0.0155121599580089
638	16	24	-0.18710877	-0.18756089	BB	0	0.0350942874280053	-0.10668783	-0.072285174	BB	0	0.00771194835523242	ct4VSct5	0.0273823390727729	0	0.0273823390727729
639	16	25	-0.18710877	-0.176658	BB	0	0.03305426109066	-0.10668783	-0.023054218	BB	0	0.00245960449076694	ct4VSct5	0.0305946565998931	0	0.0305946565998931
640	16	26	-0.18710877	0.046911147	BA	0	0	-0.10668783	0.11066115	BA	0	0	ct4VSct5	0.00302871094434531	0	0
641	16	27	-0.18710877	-0.12160587	BB	0	0.0227535247604799	-0.10668783	-0.057726404	BB	0	0.00615870477646332	ct4VSct5	0.0165948199840166	0	0.0165948199840166
642	16	28	-0.18710877	-0.20294332	BB	0	0.0379724749849164	-0.10668783	-0.20989674	BB	0	0.0223934277146742	ct4VSct5	0.0155790472702422	0	0.0155790472702422
643	16	29	-0.18710877	-0.11742039	BB	0	0.0219703847458203	-0.10668783	-0.061097665	BB	0	0.00651837729691695	ct4VSct5	0.0154520074489034	0	0.0154520074489034
644	16	30	-0.18710877	-0.18628952	BB	0	0.0348564029510904	-0.10668783	-0.17611978	BB	0	0.0187898371482774	ct4VSct5	0.016066565802813	0	0.016066565802813
645	16	31	-0.18710877	-0.026242096	BB	0	0.00491012630478192	-0.10668783	0.0086151607	BA	0	0	ct4VSct5	0.0058292591049662	0	0.00491012630478192
646	16	32	-0.18710877	0.11104545	BA	0	0	-0.10668783	0.13175122	BA	0	0	ct4VSct5	-0.0067213258019439	0	0
647	16	33	-0.18710877	-0.13439603	BB	0	0.0251466758661831	-0.10668783	-0.13591568	BB	0	0.0145005489621744	ct4VSct5	0.0106461269040087	0	0.0106461269040087
648	16	34	-0.18710877	-0.19089042	BB	0	0.0357172716909834	-0.10668783	-0.20408624	BB	0	0.0217735180784592	ct4VSct5	0.0139437536125242	0	0.0139437536125242
649	16	35	-0.18710877	-0.0071459731	BB	0	0.00133707423719409	-0.10668783	0.085631547	BA	0	0	ct4VSct5	0.0104729181661671	0	0.00133707423719409
650	16	36	-0.18710877	-0.09546514	BB	0	0.0178623649232778	-0.10668783	0.054590767	BA	0	0	ct4VSct5	0.0236865353925434	0	0.0178623649232778
651	16	37	-0.18710877	0.078333614	BA	0	0	-0.10668783	0.13175867	BA	0	0	ct4VSct5	-0.000599859579208682	0	0
652	16	38	-0.18710877	-0.12562377	BB	0	0.0235053090874629	-0.10668783	-0.14552101	BB	0	0.0155253207763083	ct4VSct5	0.0079799883111546	0	0.0079799883111546
653	16	39	-0.18710877	0.15790873	BA	0	0	-0.10668783	0.21221508	BA	0	0	ct4VSct5	-0.0069053418640857	0	0
654	16	40	-0.18710877	0.17291261	BA	0	0	-0.10668783	0.22661106	BA	0	0	ct4VSct5	-0.0081768235291899	0	0
655	16	41	-0.18710877	0.18335729	BA	0	0	-0.10668783	0.22850003	BA	0	0	ct4VSct5	-0.0099295846467984	0	0
656	16	42	-0.18710877	0.1628178	BA	0	0	-0.10668783	0.1785571	BA	0	0	ct4VSct5	-0.011414768762013	0	0
657	16	43	-0.18710877	-0.17132332	BB	0	0.0320560956775164	-0.10668783	-0.20891748	BB	0	0.0222889525902684	ct4VSct5	0.00976714308724801	0	0.009767143087248
658	16	44	-0.18710877	-0.16783001	BB	0	0.0314024667401877	-0.10668783	-0.20660961	BB	0	0.0220427309480463	ct4VSct5	0.0093597357921414	0	0.0093597357921414
659	16	45	-0.18710877	0.14089042	BA	0	0	-0.10668783	0.11991098	BA	0	0	ct4VSct5	-0.01356879094161	0	0
660	16	46	-0.18710877	-0.10152237	BB	0	0.0189957257781849	-0.10668783	-0.14745745	BB	0	0.0157319153578335	ct4VSct5	0.0032638104203514	0	0.0032638104203514
661	16	47	-0.18710877	0.15886527	BA	0	0	-0.10668783	0.064093326	BA	0	0	ct4VSct5	-0.0228871073969953	0	0
662	16	48	-0.18710877	0.09525499	BA	0	0	-0.10668783	0.036016928	BA	0	0	ct4VSct5	-0.0139804761236761	0	0
663	16	49	-0.18710877	-0.01745302	BB	0	0.0032656131049854	-0.10668783	-0.058781142	BB	0	0.00627123248490186	ct4VSct5	-0.00300561937991646	0	-0.00300561937991646
664	16	50	-0.18710877	0.053211025	BA	0	0	-0.10668783	-0.027794689	BB	0	0.00296535505493487	ct4VSct5	-0.0129216044931241	0	-0.00296535505493487
665	17	18	-0.18609775	-0.19291348	BB	0	0.03590076457267	-0.16114704	-0.12908324	BB	0	0.0208013820396096	ct4VSct5	0.0150993825330604	0	0.0150993825330604
666	17	19	-0.18609775	-0.15302515	BB	0	0.0284776361084125	-0.16114704	-0.082187458	BB	0	0.0132442655818243	ct4VSct5	0.0152333705265882	0	0.0152333705265882
667	17	20	-0.18609775	0.067270407	BA	0	0	-0.16114704	0.10462359	BA	0	0	ct4VSct5	0.00434091045838935	0	0
668	17	21	-0.18609775	-0.092687347	BB	0	0.0172489067301693	-0.16114704	0.021771407	BA	0	0	ct4VSct5	0.0207573045248545	0	0.0172489067301693
669	17	22	-0.18609775	-0.19244915	BB	0	0.0358143538044125	-0.16114704	-0.16762484	BB	0	0.0270122467964736	ct4VSct5	0.0088021070079389	0	0.0088021070079389
670	17	23	-0.18609775	-0.082904505	BB	0	0.0154283418453638	-0.16114704	0.045727801	BA	0	0	ct4VSct5	0.0227972416222228	0	0.0154283418453638
671	17	24	-0.18609775	-0.18756089	BB	0	0.0349046596169975	-0.16114704	-0.072285174	BB	0	0.011648541825985	ct4VSct5	0.0232561177910125	0	0.0232561177910125
672	17	25	-0.18609775	-0.176658	BB	0	0.0328756563195	-0.16114704	-0.023054218	BB	0	0.00371511899021472	ct4VSct5	0.0291605373292853	0	0.0291605373292853
673	17	26	-0.18609775	0.046911147	BA	0	0	-0.16114704	0.11066115	BA	0	0	ct4VSct5	0.00910265785887675	0	0
674	17	27	-0.18609775	-0.12160587	BB	0	0.0226305787937925	-0.16114704	-0.057726404	BB	0	0.00930243913444416	ct4VSct5	0.0133281396593483	0	0.0133281396593483
675	17	28	-0.18609775	-0.20294332	BB	0	0.03776729522953	-0.16114704	-0.20989674	BB	0	0.0338242383566496	ct4VSct5	0.00394305687288041	0	0.0039430568728804
676	17	29	-0.18609775	-0.11742039	BB	0	0.0218516703831225	-0.16114704	-0.061097665	BB	0	0.0098457078656616	ct4VSct5	0.0120059625174609	0	0.0120059625174609
677	17	30	-0.18609775	-0.18628952	BB	0	0.03466806052058	-0.16114704	-0.17611978	BB	0	0.0283811812324512	ct4VSct5	0.0062868792881288	0	0.0062868792881288
678	17	31	-0.18609775	-0.026242096	BB	0	0.004883595020884	-0.16114704	0.0086151607	BA	0	0	ct4VSct5	0.00627190266681333	0	0.004883595020884
679	17	32	-0.18609775	0.11104545	BA	0	0	-0.16114704	0.13175122	BA	0	0	ct4VSct5	0.000566010726651297	0	0
680	17	33	-0.18609775	-0.13439603	BB	0	0.0250107987919325	-0.16114704	-0.13591568	BB	0	0.0219024095215872	ct4VSct5	0.0031083892703453	0	0.0031083892703453
681	17	34	-0.18609775	-0.19089042	BB	0	0.035524277658555	-0.16114704	-0.20408624	BB	0	0.0328878934807296	ct4VSct5	0.00263638417782541	0	0.0026363841778254
682	17	35	-0.18609775	-0.0071459731	BB	0	0.00132984951547053	-0.16114704	0.085631547	BA	0	0	ct4VSct5	0.0151291198451414	0	0.00132984951547053
683	17	36	-0.18609775	-0.09546514	BB	0	0.017765847757435	-0.16114704	0.054590767	BA	0	0	ct4VSct5	0.0265629882708147	0	0.017765847757435
684	17	37	-0.18609775	0.078333614	BA	0	0	-0.16114704	0.13175867	BA	0	0	ct4VSct5	0.0066548103500683	0	0
685	17	38	-0.18609775	-0.12562377	BB	0	0.0233783009435175	-0.16114704	-0.14552101	BB	0	0.0234502800193104	ct4VSct5	-7.19790757928995e-05	0	-7.19790757928995e-05
686	17	39	-0.18609775	0.15790873	BA	0	0	-0.16114704	0.21221508	BA	0	0	ct4VSct5	0.0048113726270057	0	0
687	17	40	-0.18609775	0.17291261	BA	0	0	-0.16114704	0.22661106	BA	0	0	ct4VSct5	0.0043390538826349	0	0
688	17	41	-0.18609775	0.18335729	BA	0	0	-0.16114704	0.22850003	BA	0	0	ct4VSct5	0.0026997243593137	0	0
689	17	42	-0.18609775	0.1628178	BA	0	0	-0.16114704	0.1785571	BA	0	0	ct4VSct5	-0.00152607810396601	0	0
690	17	43	-0.18609775	-0.17132332	BB	0	0.03188288437453	-0.16114704	-0.20891748	BB	0	0.0336664335062592	ct4VSct5	-0.00178354913172919	0	-0.0017835491317292
691	17	44	-0.18609775	-0.16783001	BB	0	0.0312327872434775	-0.16114704	-0.20660961	BB	0	0.0332945270870544	ct4VSct5	-0.0020617398435769	0	-0.0020617398435769
692	17	45	-0.18609775	0.14089042	BA	0	0	-0.16114704	0.11991098	BA	0	0	ct4VSct5	-0.0068960906680558	0	0
693	17	46	-0.18609775	-0.10152237	BB	0	0.0188930846316675	-0.16114704	-0.14745745	BB	0	0.023762331593448	ct4VSct5	-0.0048692469617805	0	-0.0048692469617805
694	17	47	-0.18609775	0.15886527	BA	0	0	-0.16114704	0.064093326	BA	0	0	ct4VSct5	-0.0192360195314875	0	0
695	17	48	-0.18609775	0.09525499	BA	0	0	-0.16114704	0.036016928	BA	0	0	ct4VSct5	-0.0119227179781794	0	0
696	17	49	-0.18609775	-0.01745302	BB	0	0.003247967752705	-0.16114704	-0.058781142	BB	0	0.00947240704111968	ct4VSct5	-0.00622443928841468	0	-0.00622443928841468
697	17	50	-0.18609775	0.053211025	BA	0	0	-0.16114704	-0.027794689	BB	0	0.00447903186007056	ct4VSct5	-0.0143814838877643	0	-0.00447903186007056
698	18	19	-0.19291348	-0.15302515	BB	0	0.029520614214022	-0.12908324	-0.082187458	BB	0	0.0106090233660039	ct4VSct5	0.0189115908480181	0	0.0189115908480181
699	18	20	-0.19291348	0.067270407	BA	0	0	-0.12908324	0.10462359	BA	0	0	ct4VSct5	0.000527783662245238	0	0
700	18	21	-0.19291348	-0.092687347	BB	0	0.0178806386617376	-0.12908324	0.021771407	BA	0	0	ct4VSct5	0.0206909624166562	0	0.0178806386617376
701	18	22	-0.19291348	-0.19244915	BB	0	0.037126035249542	-0.12908324	-0.16762484	BB	0	0.0216375574516816	ct4VSct5	0.0154884777978604	0	0.0154884777978604
702	18	23	-0.19291348	-0.082904505	BB	0	0.0159933965672274	-0.12908324	0.045727801	BA	0	0	ct4VSct5	0.0218960892783826	0	0.0159933965672274
703	18	24	-0.19291348	-0.18756089	BB	0	0.0361830240017972	-0.12908324	-0.072285174	BB	0	0.00933080446388376	ct4VSct5	0.0268522195379134	0	0.0268522195379134
704	18	25	-0.19291348	-0.176658	BB	0	0.03407970954984	-0.12908324	-0.023054218	BB	0	0.00297591315510632	ct4VSct5	0.0311037963947337	0	0.0311037963947337
705	18	26	-0.19291348	0.046911147	BA	0	0	-0.12908324	0.11066115	BA	0	0	ct4VSct5	0.00523470716556444	0	0
706	18	27	-0.19291348	-0.12160587	BB	0	0.0234594115701276	-0.12908324	-0.057726404	BB	0	0.00745151126186896	ct4VSct5	0.0160079003082586	0	0.0160079003082586
707	18	28	-0.19291348	-0.20294332	BB	0	0.0391505021039536	-0.12908324	-0.20989674	BB	0	0.0270941512646376	ct4VSct5	0.012056350839316	0	0.012056350839316
708	18	29	-0.19291348	-0.11742039	BB	0	0.0226519760578572	-0.12908324	-0.061097665	BB	0	0.0078866845546346	ct4VSct5	0.0147652915032226	0	0.0147652915032226
709	18	30	-0.19291348	-0.18628952	BB	0	0.0359377595907296	-0.12908324	-0.17611978	BB	0	0.0227341118304872	ct4VSct5	0.0132036477602424	0	0.0132036477602424
710	18	31	-0.19291348	-0.026242096	BB	0	0.00506245406185408	-0.12908324	0.0086151607	BA	0	0	ct4VSct5	0.00617452691813075	0	0.00506245406185408
711	18	32	-0.19291348	0.11104545	BA	0	0	-0.12908324	0.13175122	BA	0	0	ct4VSct5	-0.0044152898461132	0	0
712	18	33	-0.19291348	-0.13439603	BB	0	0.0259268058454844	-0.12908324	-0.13591568	BB	0	0.0175444363412032	ct4VSct5	0.0083823695042812	0	0.0083823695042812
713	18	34	-0.19291348	-0.19089042	BB	0	0.0368253352208616	-0.12908324	-0.20408624	BB	0	0.0263441130986176	ct4VSct5	0.010481222122244	0	0.010481222122244
714	18	35	-0.19291348	-0.0071459731	BB	0	0.00137855453870739	-0.12908324	0.085631547	BA	0	0	ct4VSct5	0.0124321520716797	0	0.00137855453870739
715	18	36	-0.19291348	-0.09546514	BB	0	0.0184165123760872	-0.12908324	0.054590767	BA	0	0	ct4VSct5	0.0254632654545323	0	0.0184165123760872
716	18	37	-0.19291348	0.078333614	BA	0	0	-0.12908324	0.13175867	BA	0	0	ct4VSct5	0.00189622594397408	0	0
717	18	38	-0.19291348	-0.12562377	BB	0	0.0242345186414196	-0.12908324	-0.14552101	BB	0	0.0187843234588724	ct4VSct5	0.0054501951825472	0	0.0054501951825472
718	18	39	-0.19291348	0.15790873	BA	0	0	-0.12908324	0.21221508	BA	0	0	ct4VSct5	-0.0030693125234212	0	0
719	18	40	-0.19291348	0.17291261	BA	0	0	-0.12908324	0.22661106	BA	0	0	ct4VSct5	-0.0041054834863484	0	0
720	18	41	-0.19291348	0.18335729	BA	0	0	-0.12908324	0.22850003	BA	0	0	ct4VSct5	-0.00587656868477201	0	0
721	18	42	-0.19291348	0.1628178	BA	0	0	-0.12908324	0.1785571	BA	0	0	ct4VSct5	-0.00836101941094001	0	0
722	18	43	-0.19291348	-0.17132332	BB	0	0.0330505778663536	-0.12908324	-0.20891748	BB	0	0.0269677452110352	ct4VSct5	0.0060828326553184	0	0.0060828326553184
723	18	44	-0.19291348	-0.16783001	BB	0	0.0323766712775348	-0.12908324	-0.20660961	BB	0	0.0266698378739364	ct4VSct5	0.00570683340359841	0	0.0057068334035984
724	18	45	-0.19291348	0.14089042	BA	0	0	-0.12908324	0.11991098	BA	0	0	ct4VSct5	-0.0117011634108864	0	0
725	18	46	-0.19291348	-0.10152237	BB	0	0.0195850336945476	-0.12908324	-0.14745745	BB	0	0.019034285408138	ct4VSct5	0.000550748286409605	0	0.000550748286409601
726	18	47	-0.19291348	0.15886527	BA	0	0	-0.12908324	0.064093326	BA	0	0	ct4VSct5	-0.0223738779043834	0	0
727	18	48	-0.19291348	0.09525499	BA	0	0	-0.12908324	0.036016928	BA	0	0	ct4VSct5	-0.0137267898471785	0	0
728	18	49	-0.19291348	-0.01745302	BB	0	0.0033669228247096	-0.12908324	-0.058781142	BB	0	0.00758766026026008	ct4VSct5	-0.00422073743555048	0	-0.00422073743555048
729	18	50	-0.19291348	0.053211025	BA	0	0	-0.12908324	-0.027794689	BB	0	0.00358782851091236	ct4VSct5	-0.0138529525180294	0	-0.00358782851091236
730	19	20	-0.15302515	0.067270407	BA	0	0	-0.082187458	0.10462359	BA	0	0	ct4VSct5	-0.00169531721280183	0	0
731	19	21	-0.15302515	-0.092687347	BB	0	0.014183495177777	-0.082187458	0.021771407	BA	0	0	ct4VSct5	0.0159728317761905	0	0.014183495177777
732	19	22	-0.15302515	-0.19244915	BB	0	0.0294495600461225	-0.082187458	-0.16762484	BB	0	0.0137766594972567	ct4VSct5	0.0156729005488658	0	0.0156729005488658
733	19	23	-0.15302515	-0.082904505	BB	0	0.0126864743133007	-0.082187458	0.045727801	BA	0	0	ct4VSct5	0.0164447260374206	0	0.0126864743133007
734	19	24	-0.15302515	-0.18756089	BB	0	0.0287015333263835	-0.082187458	-0.072285174	BB	0	0.00594093470214769	ct4VSct5	0.0227605986242358	0	0.0227605986242358
735	19	25	-0.15302515	-0.176658	BB	0	0.0270331169487	-0.082187458	-0.023054218	BB	0	0.00189476757359784	ct4VSct5	0.0251383493751022	0	0.0251383493751022
736	19	26	-0.15302515	0.046911147	BA	0	0	-0.082187458	0.11066115	BA	0	0	ct4VSct5	0.00191637331150965	0	0
737	19	27	-0.15302515	-0.12160587	BB	0	0.0186087564976305	-0.082187458	-0.057726404	BB	0	0.00474438640424103	ct4VSct5	0.0138643700933895	0	0.0138643700933895
738	19	28	-0.15302515	-0.20294332	BB	0	0.031055431984498	-0.082187458	-0.20989674	BB	0	0.0172508795030869	ct4VSct5	0.0138045524814111	0	0.0138045524814111
739	19	29	-0.15302515	-0.11742039	BB	0	0.0179682727928085	-0.082187458	-0.061097665	BB	0	0.00502146177608557	ct4VSct5	0.0129468110167229	0	0.0129468110167229
740	19	30	-0.15302515	-0.18628952	BB	0	0.028506981741428	-0.082187458	-0.17611978	BB	0	0.0144748370217192	ct4VSct5	0.0140321447197088	0	0.0140321447197088
741	19	31	-0.15302515	-0.026242096	BB	0	0.0040157006767144	-0.082187458	0.0086151607	BA	0	0	ct4VSct5	0.0047237588349089	0	0.0040157006767144
742	19	32	-0.15302515	0.11104545	BA	0	0	-0.082187458	0.13175122	BA	0	0	ct4VSct5	-0.00616444878286874	0	0
743	19	33	-0.15302515	-0.13439603	BB	0	0.0205659726501545	-0.082187458	-0.13591568	BB	0	0.0111705642415414	ct4VSct5	0.00939540840861306	0	0.0093954084086131
744	19	34	-0.15302515	-0.19089042	BB	0	0.029211035154063	-0.082187458	-0.20408624	BB	0	0.0167733292783779	ct4VSct5	0.0124377058756851	0	0.0124377058756851
745	19	35	-0.15302515	-0.0071459731	BB	0	0.00109351360552347	-0.082187458	0.085631547	BA	0	0	ct4VSct5	0.00813135277806099	0	0.00109351360552347
746	19	36	-0.15302515	-0.09546514	BB	0	0.014608567368271	-0.082187458	0.054590767	BA	0	0	ct4VSct5	0.0190952437382713	0	0.014608567368271
747	19	37	-0.15302515	0.078333614	BA	0	0	-0.082187458	0.13175867	BA	0	0	ct4VSct5	-0.00115810287563124	0	0
748	19	38	-0.15302515	-0.12562377	BB	0	0.0192235962478155	-0.082187458	-0.14552101	BB	0	0.0119600018974926	ct4VSct5	0.00726359435032292	0	0.0072635943503229
749	19	39	-0.15302515	0.15790873	BA	0	0	-0.082187458	0.21221508	BA	0	0	ct4VSct5	-0.00672258912009286	0	0
750	19	40	-0.15302515	0.17291261	BA	0	0	-0.082187458	0.22661106	BA	0	0	ct4VSct5	-0.00783539110605602	0	0
751	19	41	-0.15302515	0.18335729	BA	0	0	-0.082187458	0.22850003	BA	0	0	ct4VSct5	-0.00927844018721976	0	0
752	19	42	-0.15302515	0.1628178	BA	0	0	-0.082187458	0.1785571	BA	0	0	ct4VSct5	-0.0102400641108182	0	0
753	19	43	-0.15302515	-0.17132332	BB	0	0.026216776741498	-0.082187458	-0.20891748	BB	0	0.0171703966129658	ct4VSct5	0.00904638012853216	0	0.0090463801285322
754	19	44	-0.15302515	-0.16783001	BB	0	0.0256822124547515	-0.082187458	-0.20660961	BB	0	0.0169807186442714	ct4VSct5	0.00870149381048012	0	0.0087014938104801
755	19	45	-0.15302515	0.14089042	BA	0	0	-0.082187458	0.11991098	BA	0	0	ct4VSct5	-0.0117045990215742	0	0
756	19	46	-0.15302515	-0.10152237	BB	0	0.0155354758976055	-0.082187458	-0.14745745	BB	0	0.0121191529786621	ct4VSct5	0.0034163229189434	0	0.0034163229189434
757	19	47	-0.15302515	0.15886527	BA	0	0	-0.082187458	0.064093326	BA	0	0	ct4VSct5	-0.0190427142328352	0	0
758	19	48	-0.15302515	0.09525499	BA	0	0	-0.082187458	0.036016928	BA	0	0	ct4VSct5	-0.0116162693757095	0	0
759	19	49	-0.15302515	-0.01745302	BB	0	0.002670751003453	-0.082187458	-0.058781142	BB	0	0.00483107263931704	ct4VSct5	-0.00216032163586404	0	-0.00216032163586404
760	19	50	-0.15302515	0.053211025	BA	0	0	-0.082187458	-0.027794689	BB	0	0.00228437483481056	ct4VSct5	-0.0104269999170893	0	-0.00228437483481056
761	20	21	0.067270407	-0.092687347	AB	0	0	0.10462359	0.021771407	AA	0.00227780275969113	0	ct4VSct5	-0.00851291831613136	-0.00227780275969113	0
762	20	22	0.067270407	-0.19244915	AB	0	0	0.10462359	-0.16762484	AB	0	0	ct4VSct5	0.00459137988667155	0	0
763	20	23	0.067270407	-0.082904505	AB	0	0	0.10462359	0.045727801	AA	0.00478420670342559	0	ct4VSct5	-0.0103612264969091	-0.00478420670342559	0
764	20	24	0.067270407	-0.18756089	AB	0	0	0.10462359	-0.072285174	AB	0	0	ct4VSct5	-0.00505456299992757	0	0
765	20	25	0.067270407	-0.176658	AB	0	0	0.10462359	-0.023054218	AB	0	0	ct4VSct5	-0.00947184050800338	0	0
766	20	26	0.067270407	0.046911147	AA	0.00315573195152683	0	0.10462359	0.11066115	AA	0.0115777667865285	0	ct4VSct5	-0.00842203483500167	-0.00842203483500167	0
767	20	27	0.067270407	-0.12160587	AB	0	0	0.10462359	-0.057726404	AB	0	0	ct4VSct5	-0.00214093274421873	0	0
768	20	28	0.067270407	-0.20294332	AB	0	0	0.10462359	-0.20989674	AB	0	0	ct4VSct5	0.00830807073376536	0	0
769	20	29	0.067270407	-0.11742039	AB	0	0	0.10462359	-0.061097665	AB	0	0	ct4VSct5	-0.00150666037248138	0	0
770	20	30	0.067270407	-0.18628952	AB	0	0	0.10462359	-0.17611978	AB	0	0	ct4VSct5	0.00589451182337556	0	0
771	20	31	0.067270407	-0.026242096	AB	0	0	0.10462359	0.0086151607	AA	0.000901349040860913	0	ct4VSct5	-0.00266666551931399	-0.000901349040860913	0
772	20	32	0.067270407	0.11104545	AA	0.00747007261699815	0	0.10462359	0.13175122	AA	0.0137842856232798	0	ct4VSct5	-0.00631421300628165	-0.00631421300628165	0
773	20	33	0.067270407	-0.13439603	AB	0	0	0.10462359	-0.13591568	AB	0	0	ct4VSct5	0.00517911074160699	0	0
774	20	34	0.067270407	-0.19089042	AB	0	0	0.10462359	-0.20408624	AB	0	0	ct4VSct5	0.00851095885260066	0	0
775	20	35	0.067270407	-0.0071459731	AB	0	0	0.10462359	0.085631547	AA	0.00895907986439373	0	ct4VSct5	-0.00943979238324178	-0.00895907986439373	0
776	20	36	0.067270407	-0.09546514	AB	0	0	0.10462359	0.054590767	AA	0.00571148202439353	0	ct4VSct5	-0.0121334608465055	-0.00571148202439353	0
777	20	37	0.067270407	0.078333614	AA	0.0052695340955609	0	0.10462359	0.13175867	AA	0.0137850650690253	0	ct4VSct5	-0.0085155309734644	-0.0085155309734644	0
778	20	38	0.067270407	-0.12562377	AB	0	0	0.10462359	-0.14552101	AB	0	0	ct4VSct5	0.00677416834985151	0	0
779	20	39	0.067270407	0.15790873	AA	0.0106225845359531	0	0.10462359	0.21221508	AA	0.0222027035217372	0	ct4VSct5	-0.0115801189857841	-0.0115801189857841	0
780	20	40	0.067270407	0.17291261	AA	0.0116319016501323	0	0.10462359	0.22661106	AA	0.0237088626309054	0	ct4VSct5	-0.0120769609807731	-0.0120769609807731	0
781	20	41	0.067270407	0.18335729	AA	0.012334519524717	0	0.10462359	0.22850003	AA	0.0239064934537077	0	ct4VSct5	-0.0115719739289907	-0.0115719739289907	0
782	20	42	0.067270407	0.1628178	AA	0.0109528196728446	0	0.10462359	0.1785571	AA	0.018681284821989	0	ct4VSct5	-0.0077284651491444	-0.0077284651491444	0
783	20	43	0.067270407	-0.17132332	AB	0	0	0.10462359	-0.20891748	AB	0	0	ct4VSct5	0.010332707306362	0	0
784	20	44	0.067270407	-0.16783001	AB	0	0	0.10462359	-0.20660961	AB	0	0	ct4VSct5	0.0103262460471858	0	0
785	20	45	0.067270407	0.14089042	AA	0.00947775589580094	0	0.10462359	0.11991098	AA	0.0125455172080182	0	ct4VSct5	-0.00306776131221726	-0.00306776131221726	0
786	20	46	0.067270407	-0.10152237	AB	0	0	0.10462359	-0.14745745	AB	0	0	ct4VSct5	0.00859807664174091	0	0
787	20	47	0.067270407	0.15886527	AA	0.0106869313710649	0	0.10462359	0.064093326	AA	0.00670567386116034	0	ct4VSct5	0.00398125750990455	0.00398125750990456	0
788	20	48	0.067270407	0.09525499	AA	0.00640784194608093	0	0.10462359	0.036016928	AA	0.00376822030813152	0	ct4VSct5	0.00263962163794941	0.00263962163794941	0
789	20	49	0.067270407	-0.01745302	AB	0	0	0.10462359	-0.058781142	AB	0	0	ct4VSct5	0.00497582234156064	0	0
790	20	50	0.067270407	0.053211025	AA	0.00357952730863718	0	0.10462359	-0.027794689	AB	0	0	ct4VSct5	0.00648750745475069	0.00357952730863718	0
791	21	22	-0.092687347	-0.19244915	BB	0	0.0178376011459051	0.021771407	-0.16762484	AB	0	0	ct4VSct5	0.0214870297608549	0	0.0178376011459051
792	21	23	-0.092687347	-0.082904505	BB	0	0.00768419862279824	0.021771407	0.045727801	AA	0.000995558566786007	0	ct4VSct5	0.00668864005601223	-0.000995558566786007	0.00768419862279824
793	21	24	-0.092687347	-0.18756089	BB	0	0.0173845212950588	0.021771407	-0.072285174	AB	0	0	ct4VSct5	0.0189582712382786	0	0.0173845212950588
794	21	25	-0.092687347	-0.176658	BB	0	0.016373961346326	0.021771407	-0.023054218	AB	0	0	ct4VSct5	0.0168758841094707	0	0.016373961346326
795	21	26	-0.092687347	0.046911147	BA	0	0	0.021771407	0.11066115	AA	0.00240924893573805	0	ct4VSct5	-0.00675731869589506	-0.00240924893573805	0
796	21	27	-0.092687347	-0.12160587	BB	0	0.0112713254699269	0.021771407	-0.057726404	AB	0	0	ct4VSct5	0.0125281105060573	0	0.0112713254699269
797	21	28	-0.092687347	-0.20294332	BB	0	0.018810277922172	0.021771407	-0.20989674	AB	0	0	ct4VSct5	0.0233800252766852	0	0.018810277922172
798	21	29	-0.092687347	-0.11742039	BB	0	0.0108833844328053	0.021771407	-0.061097665	AB	0	0	ct4VSct5	0.01221356656427	0	0.0108833844328053
799	21	30	-0.092687347	-0.18628952	BB	0	0.0172666813827034	0.021771407	-0.17611978	AB	0	0	ct4VSct5	0.0211010567938339	0	0.0172666813827034
800	21	31	-0.092687347	-0.026242096	BB	0	0.00243231025795931	0.021771407	0.0086151607	AA	0.000187564169970105	0	ct4VSct5	0.00224474608798921	-0.000187564169970105	0.00243231025795931
801	21	32	-0.092687347	0.11104545	BA	0	0	0.021771407	0.13175122	AA	0.00286840943336654	0	ct4VSct5	-0.0131609175902877	-0.00286840943336654	0
802	21	33	-0.092687347	-0.13439603	BB	0	0.0124568114680324	0.021771407	-0.13591568	AB	0	0	ct4VSct5	0.0154158870549942	0	0.0124568114680324
803	21	34	-0.092687347	-0.19089042	BB	0	0.0176931265975157	0.021771407	-0.20408624	AB	0	0	ct4VSct5	0.0221363711916554	0	0.0176931265975157
804	21	35	-0.092687347	-0.0071459731	BB	0	0.000662341288372366	0.021771407	0.085631547	AA	0.00186431926177663	0	ct4VSct5	-0.00120197797340426	-0.00186431926177663	0.000662341288372366
805	21	36	-0.092687347	-0.09546514	BB	0	0.00884841055758358	0.021771407	0.054590767	AA	0.00118851780679917	0	ct4VSct5	0.00765989275078441	-0.00118851780679917	0.00884841055758358
806	21	37	-0.092687347	0.078333614	BA	0	0	0.021771407	0.13175867	AA	0.00286857163034869	0	ct4VSct5	-0.0101291064929307	-0.00286857163034869	0
807	21	38	-0.092687347	-0.12562377	BB	0	0.0116437339614382	0.021771407	-0.14552101	AB	0	0	ct4VSct5	0.0148119310971993	0	0.0116437339614382
808	21	39	-0.092687347	0.15790873	BA	0	0	0.021771407	0.21221508	AA	0.00462022087821756	0	ct4VSct5	-0.0192563621300569	-0.00462022087821756	0
809	21	40	-0.092687347	0.17291261	BA	0	0	0.021771407	0.22661106	AA	0.00493364161796142	0	ct4VSct5	-0.0209604527017071	-0.00493364161796142	0
810	21	41	-0.092687347	0.18335729	BA	0	0	0.021771407	0.22850003	AA	0.00497476715264221	0	ct4VSct5	-0.0219696679158518	-0.00497476715264221	0
811	21	42	-0.092687347	0.1628178	BA	0	0	0.021771407	0.1785571	AA	0.0038874392968397	0	ct4VSct5	-0.0189785892232163	-0.0038874392968397	0
812	21	43	-0.092687347	-0.17132332	BB	0	0.015879504010032	0.021771407	-0.20891748	AB	0	0	ct4VSct5	0.0204279314965264	0	0.015879504010032
813	21	44	-0.092687347	-0.16783001	BB	0	0.0155557183738835	0.021771407	-0.20660961	AB	0	0	ct4VSct5	0.0200539002833047	0	0.0155557183738835
814	21	45	-0.092687347	0.14089042	BA	0	0	0.021771407	0.11991098	AA	0.00261063074934886	0	ct4VSct5	-0.0156693899968646	-0.00261063074934886	0
815	21	46	-0.092687347	-0.10152237	BB	0	0.00940983913645239	0.021771407	-0.14745745	AB	0	0	ct4VSct5	0.0126201952955845	0	0.00940983913645239
816	21	47	-0.092687347	0.15886527	BA	0	0	0.021771407	0.064093326	AA	0.00139540188632968	0	ct4VSct5	-0.0161202022930684	-0.00139540188632968	0
817	21	48	-0.092687347	0.09525499	BA	0	0	0.021771407	0.036016928	AA	0.000784139198377696	0	ct4VSct5	-0.00961307150998923	-0.000784139198377696	0
818	21	49	-0.092687347	-0.01745302	BB	0	0.00161767412093794	0.021771407	-0.058781142	AB	0	0	ct4VSct5	0.00289742228734473	0	0.00161767412093794
819	21	50	-0.092687347	0.053211025	BA	0	0	0.021771407	-0.027794689	AB	0	0	ct4VSct5	-0.00432685925174325	0	0
820	22	23	-0.19244915	-0.082904505	BB	0	0.0159549015184208	-0.16762484	0.045727801	BA	0	0	ct4VSct5	0.0236200168445976	0	0.0159549015184208
821	22	24	-0.19244915	-0.18756089	BB	0	0.0360959338537435	-0.16762484	-0.072285174	BB	0	0.0121167907261222	ct4VSct5	0.0239791431276213	0	0.0239791431276213
822	22	25	-0.19244915	-0.176658	BB	0	0.0339976819407	-0.16762484	-0.023054218	BB	0	0.00386445960357512	ct4VSct5	0.0301332223371249	0	0.0301332223371249
823	22	26	-0.19244915	0.046911147	BA	0	0	-0.16762484	0.11066115	BA	0	0	ct4VSct5	0.00952154719729095	0	0
824	22	27	-0.19244915	-0.12160587	BB	0	0.0234029463165105	-0.16762484	-0.057726404	BB	0	0.00967637923427536	ct4VSct5	0.0137265670822351	0	0.0137265670822351
825	22	28	-0.19244915	-0.20294332	BB	0	0.039056269432178	-0.16762484	-0.20989674	BB	0	0.0351839074590216	ct4VSct5	0.00387236197315641	0	0.0038723619731564
826	22	29	-0.19244915	-0.11742039	BB	0	0.0225974542481685	-0.16762484	-0.061097665	BB	0	0.0102414863199986	ct4VSct5	0.0123559679281699	0	0.0123559679281699
827	22	30	-0.19244915	-0.18628952	BB	0	0.035851259777908	-0.16762484	-0.17611978	BB	0	0.0295220499433352	ct4VSct5	0.0063292098345728	0	0.0063292098345728
828	22	31	-0.19244915	-0.026242096	BB	0	0.0050502690694184	-0.16762484	0.0086151607	BA	0	0	ct4VSct5	0.00649438400333019	0	0.0050502690694184
829	22	32	-0.19244915	0.11104545	BA	0	0	-0.16762484	0.13175122	BA	0	0	ct4VSct5	0.000714174708437296	0	0
830	22	33	-0.19244915	-0.13439603	BB	0	0.0258644017368745	-0.16762484	-0.13591568	BB	0	0.0227828441134912	ct4VSct5	0.0030815576233833	0	0.0030815576233833
831	22	34	-0.19244915	-0.19089042	BB	0	0.036736699072143	-0.16762484	-0.20408624	BB	0	0.0342099233262016	ct4VSct5	0.00252677574594141	0	0.0025267757459414
832	22	35	-0.19244915	-0.0071459731	BB	0	0.00137523644901787	-0.16762484	0.085631547	BA	0	0	ct4VSct5	0.0157292108138453	0	0.00137523644901787
833	22	36	-0.19244915	-0.09546514	BB	0	0.018372185047631	-0.16762484	0.054590767	BA	0	0	ct4VSct5	0.0275229536314833	0	0.018372185047631
834	22	37	-0.19244915	0.078333614	BA	0	0	-0.16762484	0.13175867	BA	0	0	ct4VSct5	0.0070107885466347	0	0
835	22	38	-0.19244915	-0.12562377	BB	0	0.0241761877562955	-0.16762484	-0.14552101	BB	0	0.0243929360178884	ct4VSct5	-0.000216748261592899	0	-0.000216748261592899
836	22	39	-0.19244915	0.15790873	BA	0	0	-0.16762484	0.21221508	BA	0	0	ct4VSct5	0.0051831179645077	0	0
837	22	40	-0.19244915	0.17291261	BA	0	0	-0.16762484	0.22661106	BA	0	0	ct4VSct5	0.0047087578559489	0	0
838	22	41	-0.19244915	0.18335729	BA	0	0	-0.16762484	0.22850003	BA	0	0	ct4VSct5	0.00301532636194169	0	0
839	22	42	-0.19244915	0.1628178	BA	0	0	-0.16762484	0.1785571	BA	0	0	ct4VSct5	-0.00140354189650601	0	0
840	22	43	-0.19244915	-0.17132332	BB	0	0.032971027309178	-0.16762484	-0.20891748	BB	0	0.0350197591582032	ct4VSct5	-0.0020487318490252	0	-0.0020487318490252
841	22	44	-0.19244915	-0.16783001	BB	0	0.0322987427689915	-0.16762484	-0.20660961	BB	0	0.0346329028187124	ct4VSct5	-0.0023341600497209	0	-0.0023341600497209
842	22	45	-0.19244915	0.14089042	BA	0	0	-0.16762484	0.11991098	BA	0	0	ct4VSct5	-0.0070141827353998	0	0
843	22	46	-0.19244915	-0.10152237	BB	0	0.0195378938124855	-0.16762484	-0.14745745	BB	0	0.024717531463058	ct4VSct5	-0.0051796376505725	0	-0.0051796376505725
844	22	47	-0.19244915	0.15886527	BA	0	0	-0.16762484	0.064093326	BA	0	0	ct4VSct5	-0.0198298526602027	0	0
845	22	48	-0.19244915	0.09525499	BA	0	0	-0.16762484	0.036016928	BA	0	0	ct4VSct5	-0.012294410065467	0	0
846	22	49	-0.19244915	-0.01745302	BB	0	0.003358818863933	-0.16762484	-0.058781142	BB	0	0.00985317952276728	ct4VSct5	-0.00649436065883428	0	-0.00649436065883428
847	22	50	-0.19244915	0.053211025	BA	0	0	-0.16762484	-0.027794689	BB	0	0.00465908029647476	ct4VSct5	-0.0148994968283535	0	-0.00465908029647476
848	23	24	-0.082904505	-0.18756089	BB	0	0.0155496427428095	0.045727801	-0.072285174	AB	0	0	ct4VSct5	0.0188550847947318	0	0.0155496427428095
849	23	25	-0.082904505	-0.176658	BB	0	0.01464574404429	0.045727801	-0.023054218	AB	0	0	ct4VSct5	0.0156999627372046	0	0.01464574404429
850	23	26	-0.082904505	0.046911147	BA	0	0	0.045727801	0.11066115	AA	0.00506029104563115	0	ct4VSct5	-0.00894943646664838	-0.00506029104563115	0
851	23	27	-0.082904505	-0.12160587	BB	0	0.0100816744574444	0.045727801	-0.057726404	AB	0	0	ct4VSct5	0.012721375972002	0	0.0100816744574444
852	23	28	-0.082904505	-0.20294332	BB	0	0.0168249154876566	0.045727801	-0.20989674	AB	0	0	ct4VSct5	0.0264230318449253	0	0.0168249154876566
853	23	29	-0.082904505	-0.11742039	BB	0	0.00973467930985695	0.045727801	-0.061097665	AB	0	0	ct4VSct5	0.0125285411765416	0	0.00973467930985695
854	23	30	-0.082904505	-0.18628952	BB	0	0.0154442404422876	0.045727801	-0.17611978	AB	0	0	ct4VSct5	0.0234978106942914	0	0.0154442404422876
855	23	31	-0.082904505	-0.026242096	BB	0	0.00217558797904248	0.045727801	0.0086151607	AA	0.000393952354072621	0	ct4VSct5	0.00178163562496986	-0.000393952354072621	0.00217558797904248
856	23	32	-0.082904505	0.11104545	BA	0	0	0.045727801	0.13175122	AA	0.00602469356966722	0	ct4VSct5	-0.0152308616344195	-0.00602469356966722	0
857	23	33	-0.082904505	-0.13439603	BB	0	0.0111420363411152	0.045727801	-0.13591568	AB	0	0	ct4VSct5	0.0173571615089348	0	0.0111420363411152
858	23	34	-0.082904505	-0.19089042	BB	0	0.0158256757793421	0.045727801	-0.20408624	AB	0	0	ct4VSct5	0.0251580907489003	0	0.0158256757793421
859	23	35	-0.082904505	-0.0071459731	BB	0	0.000592433362598816	0.045727801	0.085631547	AA	0.00391574234053815	0	ct4VSct5	-0.00332330897793933	-0.00391574234053815	0.000592433362598816
860	23	36	-0.082904505	-0.09546514	BB	0	0.0079144901764557	0.045727801	0.054590767	AA	0.00249631572981337	0	ct4VSct5	0.00541817444664233	-0.00249631572981337	0.0079144901764557
861	23	37	-0.082904505	0.078333614	BA	0	0	0.045727801	0.13175867	AA	0.00602503424178467	0	ct4VSct5	-0.0125192437353157	-0.00602503424178467	0
862	23	38	-0.082904505	-0.12562377	BB	0	0.0104147764680839	0.045727801	-0.14552101	AB	0	0	ct4VSct5	0.0170691322546829	0	0.0104147764680839
863	23	39	-0.082904505	0.15790873	BA	0	0	0.045727801	0.21221508	AA	0.00970412894743908	0	ct4VSct5	-0.0227954740432677	-0.00970412894743908	0
864	23	40	-0.082904505	0.17291261	BA	0	0	0.045727801	0.22661106	AA	0.0103624254560791	0	ct4VSct5	-0.0246976597963871	-0.0103624254560791	0
865	23	41	-0.082904505	0.18335729	BA	0	0	0.045727801	0.22850003	AA	0.010448803900334	0	ct4VSct5	-0.0256499492659255	-0.010448803900334	0
866	23	42	-0.082904505	0.1628178	BA	0	0	0.045727801	0.1785571	AA	0.0081650235359371	0	ct4VSct5	-0.0216633526501261	-0.0081650235359371	0
867	23	43	-0.082904505	-0.17132332	BB	0	0.0142034750395566	0.045727801	-0.20891748	AB	0	0	ct4VSct5	0.0237568119904181	0	0.0142034750395566
868	23	44	-0.082904505	-0.16783001	BB	0	0.013913863903195	0.045727801	-0.20660961	AB	0	0	ct4VSct5	0.0233616670339627	0	0.013913863903195
869	23	45	-0.082904505	0.14089042	BA	0	0	0.045727801	0.11991098	AA	0.00548326543115498	0	ct4VSct5	-0.0171637159604971	-0.00548326543115498	0
870	23	46	-0.082904505	-0.10152237	BB	0	0.00841666183127685	0.045727801	-0.14745745	AB	0	0	ct4VSct5	0.0151595667608443	0	0.00841666183127685
871	23	47	-0.082904505	0.15886527	BA	0	0	0.045727801	0.064093326	AA	0.00293084685675613	0	ct4VSct5	-0.0161014934277975	-0.00293084685675613	0
872	23	48	-0.082904505	0.09525499	BA	0	0	0.045727801	0.036016928	AA	0.00164697491621533	0	ct4VSct5	-0.00954404271094528	-0.00164697491621533	0
873	23	49	-0.082904505	-0.01745302	BB	0	0.0014469339838551	0.045727801	-0.058781142	AB	0	0	ct4VSct5	0.00413486634778384	0	0.0014469339838551
874	23	50	-0.082904505	0.053211025	BA	0	0	0.045727801	-0.027794689	AB	0	0	ct4VSct5	-0.00314044368071874	0	0
875	24	25	-0.18756089	-0.176658	BB	0	0.03313413170562	-0.072285174	-0.023054218	BB	0	0.00166647815956393	ct4VSct5	0.0314676535460561	0	0.0314676535460561
876	24	26	-0.18756089	0.046911147	BA	0	0	-0.072285174	0.11066115	BA	0	0	ct4VSct5	-0.000799535999450731	0	0
877	24	27	-0.18756089	-0.12160587	BB	0	0.0228085052064243	-0.072285174	-0.057726404	BB	0	0.0041727631575343	ct4VSct5	0.01863574204889	0	0.01863574204889
878	24	28	-0.18756089	-0.20294332	BB	0	0.0380642297187548	-0.072285174	-0.20989674	BB	0	0.0151724223729328	ct4VSct5	0.022891807345822	0	0.022891807345822
879	24	29	-0.18756089	-0.11742039	BB	0	0.0220234728525471	-0.072285174	-0.061097665	BB	0	0.00441645534551871	ct4VSct5	0.0176070175070284	0	0.0176070175070284
880	24	30	-0.18756089	-0.18628952	BB	0	0.0349406281688728	-0.072285174	-0.17611978	BB	0	0.0127308489421417	ct4VSct5	0.0222097792267311	0	0.0222097792267311
881	24	31	-0.18756089	-0.026242096	BB	0	0.00492199088122544	-0.072285174	0.0086151607	BA	0	0	ct4VSct5	0.0055447392714629	0	0.00492199088122544
882	24	32	-0.18756089	0.11104545	BA	0	0	-0.072285174	0.13175122	BA	0	0	ct4VSct5	-0.0113041235700382	0	0
883	24	33	-0.18756089	-0.13439603	BB	0	0.0252074389992667	-0.072285174	-0.13591568	BB	0	0.00982468857812832	ct4VSct5	0.0153827504211384	0	0.0153827504211384
884	24	34	-0.18756089	-0.19089042	BB	0	0.0358035770676738	-0.072285174	-0.20408624	BB	0	0.0147524093694058	ct4VSct5	0.021051167698268	0	0.021051167698268
885	24	35	-0.18756089	-0.0071459731	BB	0	0.00134030507455206	-0.072285174	0.085631547	BA	0	0	ct4VSct5	0.00753019634933624	0	0.00134030507455206
886	24	36	-0.18756089	-0.09546514	BB	0	0.0179055266223746	-0.072285174	0.054590767	BA	0	0	ct4VSct5	0.0218516297137631	0	0.0179055266223746
887	24	37	-0.18756089	0.078333614	BA	0	0	-0.072285174	0.13175867	BA	0	0	ct4VSct5	-0.00516812397179788	0	0
888	24	38	-0.18756089	-0.12562377	BB	0	0.0235621061063553	-0.072285174	-0.14552101	BB	0	0.0105190115285057	ct4VSct5	0.0130430945778496	0	0.0130430945778496
889	24	39	-0.18756089	0.15790873	BA	0	0	-0.072285174	0.21221508	BA	0	0	ct4VSct5	-0.0142774979543458	0	0
890	24	40	-0.18756089	0.17291261	BA	0	0	-0.072285174	0.22661106	BA	0	0	ct4VSct5	-0.0160510231213985	0	0
891	24	41	-0.18756089	0.18335729	BA	0	0	-0.072285174	0.22850003	BA	0	0	ct4VSct5	-0.0178734920728329	0	0
892	24	42	-0.18756089	0.1628178	BA	0	0	-0.072285174	0.1785571	BA	0	0	ct4VSct5	-0.0176312204334066	0	0
893	24	43	-0.18756089	-0.17132332	BB	0	0.0321335543769548	-0.072285174	-0.20891748	BB	0	0.0151016363934415	ct4VSct5	0.0170319179835133	0	0.0170319179835133
894	24	44	-0.18756089	-0.16783001	BB	0	0.0314783460443089	-0.072285174	-0.20660961	BB	0	0.0149348116089221	ct4VSct5	0.0165435344353868	0	0.0165435344353868
895	24	45	-0.18756089	0.14089042	BA	0	0	-0.072285174	0.11991098	BA	0	0	ct4VSct5	-0.0177577465138633	0	0
896	24	46	-0.18756089	-0.10152237	BB	0	0.0190416260721093	-0.072285174	-0.14745745	BB	0	0.0106589874308463	ct4VSct5	0.008382638641263	0	0.008382638641263
897	24	47	-0.18756089	0.15886527	BA	0	0	-0.072285174	0.064093326	BA	0	0	ct4VSct5	-0.0251639142091416	0	0
898	24	48	-0.18756089	0.09525499	BA	0	0	-0.072285174	0.036016928	BA	0	0	ct4VSct5	-0.0152626207939156	0	0
899	24	49	-0.18756089	-0.01745302	BB	0	0.0032735039643878	-0.072285174	-0.058781142	BB	0	0.00424900507738871	ct4VSct5	-0.000975501113000907	0	-0.00097550111300091
900	24	50	-0.18756089	0.053211025	BA	0	0	-0.072285174	-0.027794689	BB	0	0.00200914393064089	ct4VSct5	-0.0119894511374531	0	-0.00200914393064089
901	25	26	-0.176658	0.046911147	BA	0	0	-0.023054218	0.11066115	BA	0	0	ct4VSct5	-0.0057360231304953	0	0
902	25	27	-0.176658	-0.12160587	BB	0	0.02148264978246	-0.023054218	-0.057726404	BB	0	0.00133083710217207	ct4VSct5	0.0201518126802879	0	0.0201518126802879
903	25	28	-0.176658	-0.20294332	BB	0	0.03585156102456	-0.023054218	-0.20989674	BB	0	0.00483900520144932	ct4VSct5	0.0310125558231107	0	0.0310125558231107
904	25	29	-0.176658	-0.11742039	BB	0	0.02074325125662	-0.023054218	-0.061097665	BB	0	0.00140855888820097	ct4VSct5	0.019334692368419	0	0.019334692368419
905	25	30	-0.176658	-0.18628952	BB	0	0.03290953402416	-0.023054218	-0.17611978	BB	0	0.00406030380223204	ct4VSct5	0.028849230221928	0	0.028849230221928
906	25	31	-0.176658	-0.026242096	BB	0	0.004635876195168	-0.023054218	0.0086151607	BA	0	0	ct4VSct5	0.00483449198805083	0	0.004635876195168
907	25	32	-0.176658	0.11104545	BA	0	0	-0.023054218	0.13175122	BA	0	0	ct4VSct5	-0.016579645758454	0	0
908	25	33	-0.176658	-0.13439603	BB	0	0.02374213386774	-0.023054218	-0.13591568	BB	0	0.00313342971633824	ct4VSct5	0.0206087041514018	0	0.0206087041514018
909	25	34	-0.176658	-0.19089042	BB	0	0.03372231981636	-0.023054218	-0.20408624	BB	0	0.00470504866776032	ct4VSct5	0.0290172711485997	0	0.0290172711485997
910	25	35	-0.176658	-0.0071459731	BB	0	0.0012623933158998	-0.023054218	0.085631547	BA	0	0	ct4VSct5	0.00323656166811505	0	0.0012623933158998
911	25	36	-0.176658	-0.09546514	BB	0	0.01686468070212	-0.023054218	0.054590767	BA	0	0	ct4VSct5	0.0181232281453252	0	0.01686468070212
912	25	37	-0.176658	0.078333614	BA	0	0	-0.023054218	0.13175867	BA	0	0	ct4VSct5	-0.0108006664804419	0	0
913	25	38	-0.176658	-0.12562377	BB	0	0.02219244396066	-0.023054218	-0.14552101	BB	0	0.00335487308812018	ct4VSct5	0.0188375708725398	0	0.0188375708725398
914	25	39	-0.176658	0.15790873	BA	0	0	-0.023054218	0.21221508	BA	0	0	ct4VSct5	-0.0230033877071326	0	0
915	25	40	-0.176658	0.17291261	BA	0	0	-0.023054218	0.22661106	BA	0	0	ct4VSct5	-0.0253220550789289	0	0
916	25	41	-0.176658	0.18335729	BA	0	0	-0.023054218	0.22850003	BA	0	0	ct4VSct5	-0.0271236426321935	0	0
917	25	42	-0.176658	0.1628178	BA	0	0	-0.023054218	0.1785571	BA	0	0	ct4VSct5	-0.0246465726035522	0	0
918	25	43	-0.176658	-0.17132332	BB	0	0.03026563506456	-0.023054218	-0.20891748	BB	0	0.00481642912793064	ct4VSct5	0.0254492059366294	0	0.0254492059366294
919	25	44	-0.176658	-0.16783001	BB	0	0.02964851390658	-0.023054218	-0.20660961	BB	0	0.00476322298983498	ct4VSct5	0.024885290916745	0	0.024885290916745
920	25	45	-0.176658	0.14089042	BA	0	0	-0.023054218	0.11991098	BA	0	0	ct4VSct5	-0.0221249659428464	0	0
921	25	46	-0.176658	-0.10152237	BB	0	0.01793473883946	-0.023054218	-0.14745745	BB	0	0.0033995161980241	ct4VSct5	0.0145352226414359	0	0.0145352226414359
922	25	47	-0.176658	0.15886527	BA	0	0	-0.023054218	0.064093326	BA	0	0	ct4VSct5	-0.0265871993577109	0	0
923	25	48	-0.176658	0.09525499	BA	0	0	-0.023054218	0.036016928	BA	0	0	ct4VSct5	-0.0159972139136177	0	0
924	25	49	-0.176658	-0.01745302	BB	0	0.00308321560716	-0.023054218	-0.058781142	BB	0	0.00135515326195696	ct4VSct5	0.00172806234520304	0	0.00172806234520304
925	25	50	-0.176658	0.053211025	BA	0	0	-0.023054218	-0.027794689	BB	0	0.000640784819448202	ct4VSct5	-0.0100409380738982	0	-0.000640784819448202
926	26	27	0.046911147	-0.12160587	AB	0	0	0.11066115	-0.057726404	AB	0	0	ct4VSct5	0.00068339940837171	0	0
927	26	28	0.046911147	-0.20294332	AB	0	0	0.11066115	-0.20989674	AB	0	0	ct4VSct5	0.013707110712463	0	0
928	26	29	0.046911147	-0.11742039	AB	0	0	0.11066115	-0.061097665	AB	0	0	ct4VSct5	0.00125281269512742	0	0
929	26	30	0.046911147	-0.18628952	AB	0	0	0.11066115	-0.17611978	AB	0	0	ct4VSct5	0.0107505623352676	0	0
930	26	31	0.046911147	-0.026242096	AB	0	0	0.11066115	0.0086151607	AA	0.000953363590496805	0	ct4VSct5	-0.00218441041354092	-0.000953363590496805	0
931	26	32	0.046911147	0.11104545	AA	0.00520926942863115	0	0.11066115	0.13175122	AA	0.014579741519103	0	ct4VSct5	-0.00937047209047185	-0.00937047209047185	0
932	26	33	0.046911147	-0.13439603	AB	0	0	0.11066115	-0.13591568	AB	0	0	ct4VSct5	0.00873591353228559	0	0
933	26	34	0.046911147	-0.19089042	AB	0	0	0.11066115	-0.20408624	AB	0	0	ct4VSct5	0.0136295294640643	0	0
934	26	35	0.046911147	-0.0071459731	AB	0	0	0.11066115	0.085631547	AA	0.00947608546729905	0	ct4VSct5	-0.0098113112618512	-0.00947608546729905	0
935	26	36	0.046911147	-0.09546514	AB	0	0	0.11066115	0.054590767	AA	0.00604107705560205	0	ct4VSct5	-0.0105194562715176	-0.00604107705560205	0
936	26	37	0.046911147	0.078333614	AA	0.00367471968139526	0	0.11066115	0.13175867	AA	0.0145805659446705	0	ct4VSct5	-0.0109058462632752	-0.0109058462632752	0
937	26	38	0.046911147	-0.12562377	AB	0	0	0.11066115	-0.14552101	AB	0	0	ct4VSct5	0.0102103671745973	0	0
938	26	39	0.046911147	0.15790873	AA	0.00740767964561331	0	0.11066115	0.21221508	AA	0.023483964800142	0	ct4VSct5	-0.0160762851545287	-0.0160762851545287	0
939	26	40	0.046911147	0.17291261	AA	0.00811152886586367	0	0.11066115	0.22661106	AA	0.025077040502319	0	ct4VSct5	-0.0169655116364553	-0.0169655116364553	0
940	26	41	0.046911147	0.18335729	AA	0.00860150078471163	0	0.11066115	0.22850003	AA	0.0252860760948345	0	ct4VSct5	-0.0166845753101229	-0.0166845753101229	0
941	26	42	0.046911147	0.1628178	AA	0.0076379697500166	0	0.11066115	0.1785571	AA	0.019759334026665	0	ct4VSct5	-0.0121213642766484	-0.0121213642766484	0
942	26	43	0.046911147	-0.17132332	AB	0	0	0.11066115	-0.20891748	AB	0	0	ct4VSct5	0.015082075142854	0	0
943	26	44	0.046911147	-0.16783001	AB	0	0	0.11066115	-0.20660961	AB	0	0	ct4VSct5	0.01499055877353	0	0
944	26	45	0.046911147	0.14089042	AA	0.00660933120351174	0	0.11066115	0.11991098	AA	0.013269486944427	0	ct4VSct5	-0.00666015574091526	-0.00666015574091526	0
945	26	46	0.046911147	-0.10152237	AB	0	0	0.11066115	-0.14745745	AB	0	0	ct4VSct5	0.0115552801702091	0	0
946	26	47	0.046911147	0.15886527	AA	0.00745255203416469	0	0.11066115	0.064093326	AA	0.0070926411624849	0	ct4VSct5	0.00035991087167979	0.00035991087167979	0
947	26	48	0.046911147	0.09525499	AA	0.00446852083837353	0	0.11066115	0.036016928	AA	0.0039856746719472	0	ct4VSct5	0.00048284616642633	0.00048284616642633	0
948	26	49	0.046911147	-0.01745302	AB	0	0	0.11066115	-0.058781142	AB	0	0	ct4VSct5	0.00568604758521936	0	0
949	26	50	0.046911147	0.053211025	AA	0.00249619021579568	0	0.11066115	-0.027794689	AB	0	0	ct4VSct5	0.00557198246442803	0.00249619021579568	0
950	27	28	-0.12160587	-0.20294332	BB	0	0.0246790989892884	-0.057726404	-0.20989674	BB	0	0.012116584011523	ct4VSct5	0.0125625149777654	0	0.0125625149777654
951	27	29	-0.12160587	-0.11742039	BB	0	0.0142790086816893	-0.057726404	-0.061097665	BB	0	0.00352694849324666	ct4VSct5	0.0107520601884426	0	0.0107520601884426
952	27	30	-0.12160587	-0.18628952	BB	0	0.0226538991514824	-0.057726404	-0.17611978	BB	0	0.0101667615726711	ct4VSct5	0.0124871375788113	0	0.0124871375788113
953	27	31	-0.12160587	-0.026242096	BB	0	0.00319119291470352	-0.057726404	0.0086151607	BA	0	0	ct4VSct5	0.00368851516179664	0	0.00319119291470352
954	27	32	-0.12160587	0.11104545	BA	0	0	-0.057726404	0.13175122	BA	0	0	ct4VSct5	-0.00589825440357862	0	0
955	27	33	-0.12160587	-0.13439603	BB	0	0.0163433461526961	-0.057726404	-0.13591568	BB	0	0.00784592345361472	ct4VSct5	0.00849742269908138	0	0.00849742269908138
956	27	34	-0.12160587	-0.19089042	BB	0	0.0232133955987654	-0.057726404	-0.20408624	BB	0	0.011781164741081	ct4VSct5	0.0114322308576844	0	0.0114322308576844
957	27	35	-0.12160587	-0.0071459731	BB	0	0.000868992275822097	-0.057726404	0.085631547	BA	0	0	ct4VSct5	0.00581219355308909	0	0.000868992275822097
958	27	36	-0.12160587	-0.09546514	BB	0	0.0116091214043718	-0.057726404	0.054590767	BA	0	0	ct4VSct5	0.0147604500748837	0	0.0116091214043718
959	27	37	-0.12160587	0.078333614	BA	0	0	-0.057726404	0.13175867	BA	0	0	ct4VSct5	-0.0019198730657915	0	0
960	27	38	-0.12160587	-0.12562377	BB	0	0.0152765878435299	-0.057726404	-0.14552101	BB	0	0.00840040461374804	ct4VSct5	0.00687618322978186	0	0.00687618322978186
961	27	39	-0.12160587	0.15790873	BA	0	0	-0.057726404	0.21221508	BA	0	0	ct4VSct5	-0.00695221504927278	0	0
962	27	40	-0.12160587	0.17291261	BA	0	0	-0.057726404	0.22661106	BA	0	0	ct4VSct5	-0.00794574677259246	0	0
963	27	41	-0.12160587	0.18335729	BA	0	0	-0.057726404	0.22850003	BA	0	0	ct4VSct5	-0.00910683772550018	0	0
964	27	42	-0.12160587	0.1628178	BA	0	0	-0.057726404	0.1785571	BA	0	0	ct4VSct5	-0.0094921409288176	0	0
965	27	43	-0.12160587	-0.17132332	BB	0	0.0208339213798884	-0.057726404	-0.20891748	BB	0	0.0120600548531419	ct4VSct5	0.00877386652674648	0	0.0087738665267465
966	27	44	-0.12160587	-0.16783001	BB	0	0.0204091143781587	-0.057726404	-0.20660961	BB	0	0.0119268298171424	ct4VSct5	0.00848228456101626	0	0.0084822845610163
967	27	45	-0.12160587	0.14089042	BA	0	0	-0.057726404	0.11991098	BA	0	0	ct4VSct5	-0.0102110724232495	0	0
968	27	46	-0.12160587	-0.10152237	BB	0	0.0123457161283119	-0.057726404	-0.14745745	BB	0	0.0085121883315098	ct4VSct5	0.0038335277968021	0	0.0038335277968021
969	27	47	-0.12160587	0.15886527	BA	0	0	-0.057726404	0.064093326	BA	0	0	ct4VSct5	-0.0156190721407552	0	0
970	27	48	-0.12160587	0.09525499	BA	0	0	-0.057726404	0.036016928	BA	0	0	ct4VSct5	-0.00950443819422439	0	0
971	27	49	-0.12160587	-0.01745302	BB	0	0.0021223896812274	-0.057726404	-0.058781142	BB	0	0.00339322395067337	ct4VSct5	-0.00127083426944597	0	-0.00127083426944597
972	27	50	-0.12160587	0.053211025	BA	0	0	-0.057726404	-0.027794689	BB	0	0.00160448744626836	ct4VSct5	-0.00807526043498511	0	-0.00160448744626836
973	28	29	-0.20294332	-0.11742039	BB	0	0.0238296837822948	-0.20989674	-0.061097665	BB	0	0.0128242007051121	ct4VSct5	0.0110054830771827	0	0.0110054830771827
974	28	30	-0.20294332	-0.18628952	BB	0	0.0378062136700064	-0.20989674	-0.17611978	BB	0	0.0369669676715172	ct4VSct5	0.000839245998489196	0	0.000839245998489203
975	28	31	-0.20294332	-0.026242096	BB	0	0.00532565808599872	-0.20989674	0.0086151607	BA	0	0	ct4VSct5	0.00713395223150484	0	0.00532565808599872
976	28	32	-0.20294332	0.11104545	BA	0	0	-0.20989674	0.13175122	BA	0	0	ct4VSct5	0.0051182192751288	0	0
977	28	33	-0.20294332	-0.13439603	BB	0	0.0272747765230196	-0.20989674	-0.13591568	BB	0	0.0285282581468832	ct4VSct5	-0.0012534816238636	0	-0.0012534816238636
978	28	34	-0.20294332	-0.19089042	BB	0	0.0387399355909944	-0.20989674	-0.20408624	BB	0	0.0428370364548576	ct4VSct5	-0.0040971008638632	0	-0.0040971008638632
979	28	35	-0.20294332	-0.0071459731	BB	0	0.00145022750554469	-0.20989674	0.085631547	BA	0	0	ct4VSct5	0.0194240100620015	0	0.00145022750554469
980	28	36	-0.20294332	-0.09546514	BB	0	0.0193740124558648	-0.20989674	0.054590767	BA	0	0	ct4VSct5	0.0308324364832644	0	0.0193740124558648
981	28	37	-0.20294332	0.078333614	BA	0	0	-0.20989674	0.13175867	BA	0	0	ct4VSct5	0.0117584316069773	0	0
982	28	38	-0.20294332	-0.12562377	BB	0	0.0254945049547164	-0.20989674	-0.14552101	BB	0	0.0305443856005074	ct4VSct5	-0.005049880645791	0	-0.005049880645791
983	28	39	-0.20294332	0.15790873	BA	0	0	-0.20989674	0.21221508	BA	0	0	ct4VSct5	0.0124967315476556	0	0
984	28	40	-0.20294332	0.17291261	BA	0	0	-0.20989674	0.22661106	BA	0	0	ct4VSct5	0.0124734635986792	0	0
985	28	41	-0.20294332	0.18335729	BA	0	0	-0.20989674	0.22850003	BA	0	0	ct4VSct5	0.0107502742080994	0	0
986	28	42	-0.20294332	0.1628178	BA	0	0	-0.20989674	0.1785571	BA	0	0	ct4VSct5	0.00443576830675799	0	0
987	28	43	-0.20294332	-0.17132332	BB	0	0.0347689233542224	-0.20989674	-0.20891748	BB	0	0.0438510979810152	ct4VSct5	-0.0090821746267928	0	-0.0090821746267928
988	28	44	-0.20294332	-0.16783001	BB	0	0.0340599794250332	-0.20989674	-0.20660961	BB	0	0.0433666835916714	ct4VSct5	-0.0093067041666382	0	-0.0093067041666382
989	28	45	-0.20294332	0.14089042	BA	0	0	-0.20989674	0.11991098	BA	0	0	ct4VSct5	-0.0034238457987892	0	0
990	28	46	-0.20294332	-0.10152237	BB	0	0.0206032868220684	-0.20989674	-0.14745745	BB	0	0.030950838043713	ct4VSct5	-0.0103475512216446	0	-0.0103475512216446
991	28	47	-0.20294332	0.15886527	BA	0	0	-0.20989674	0.064093326	BA	0	0	ct4VSct5	-0.0187876651433392	0	0
992	28	48	-0.20294332	0.09525499	BA	0	0	-0.20989674	0.036016928	BA	0	0	ct4VSct5	-0.0117715281451521	0	0
993	28	49	-0.20294332	-0.01745302	BB	0	0.0035419738228264	-0.20989674	-0.058781142	BB	0	0.0123379700792771	ct4VSct5	-0.00879599625645068	0	-0.0087959962564507
994	28	50	-0.20294332	0.053211025	BA	0	0	-0.20989674	-0.027794689	BB	0	0.00583401461041386	ct4VSct5	-0.0166328366845169	0	-0.00583401461041386
995	29	30	-0.11742039	-0.18628952	BB	0	0.0218741880913128	-0.061097665	-0.17611978	BB	0	0.0107605073183137	ct4VSct5	0.0111136807729991	0	0.0111136807729991
996	29	31	-0.11742039	-0.026242096	BB	0	0.00308135714673744	-0.061097665	0.0086151607	BA	0	0	ct4VSct5	0.0036077233491072	0	0.00308135714673744
997	29	32	-0.11742039	0.11104545	BA	0	0	-0.061097665	0.13175122	BA	0	0	ct4VSct5	-0.0049893081438242	0	0
998	29	33	-0.11742039	-0.13439603	BB	0	0.0157808342570517	-0.061097665	-0.13591568	BB	0	0.0083041306848872	ct4VSct5	0.0074767035721645	0	0.0074767035721645
999	29	34	-0.11742039	-0.19089042	BB	0	0.0224144275636638	-0.061097665	-0.20408624	BB	0	0.0124691927226296	ct4VSct5	0.0099452348410342	0	0.0099452348410342
1000	29	35	-0.11742039	-0.0071459731	BB	0	0.000839082948331509	-0.061097665	0.085631547	BA	0	0	ct4VSct5	0.00607097052036926	0	0.000839082948331509
1001	29	36	-0.11742039	-0.09546514	BB	0	0.0112095539702046	-0.061097665	0.054590767	BA	0	0	ct4VSct5	0.0145449223644637	0	0.0112095539702046
1002	29	37	-0.11742039	0.078333614	BA	0	0	-0.061097665	0.13175867	BA	0	0	ct4VSct5	-0.00114781642548391	0	0
1003	29	38	-0.11742039	-0.12562377	BB	0	0.0147507920666703	-0.061097665	-0.14552101	BB	0	0.00889099391944165	ct4VSct5	0.00585979814722865	0	0.00585979814722865
1004	29	39	-0.11742039	0.15790873	BA	0	0	-0.061097665	0.21221508	BA	0	0	ct4VSct5	-0.0055758587952165	0	0
1005	29	40	-0.11742039	0.17291261	BA	0	0	-0.061097665	0.22661106	BA	0	0	ct4VSct5	-0.006458059472943	0	0
1006	29	41	-0.11742039	0.18335729	BA	0	0	-0.061097665	0.22850003	BA	0	0	ct4VSct5	-0.00756906621571315	0	0
1007	29	42	-0.11742039	0.1628178	BA	0	0	-0.061097665	0.1785571	BA	0	0	ct4VSct5	-0.0082087076957705	0	0
1008	29	43	-0.11742039	-0.17132332	BB	0	0.0201168510504948	-0.061097665	-0.20891748	BB	0	0.0127643702056842	ct4VSct5	0.0073524808448106	0	0.0073524808448106
1009	29	44	-0.11742039	-0.16783001	BB	0	0.0197066652279039	-0.061097665	-0.20660961	BB	0	0.0126233647375607	ct4VSct5	0.00708330049034325	0	0.0070833004903432
1010	29	45	-0.11742039	0.14089042	BA	0	0	-0.061097665	0.11991098	BA	0	0	ct4VSct5	-0.0092171271778021	0	0
1011	29	46	-0.11742039	-0.10152237	BB	0	0.0119207962791243	-0.061097665	-0.14745745	BB	0	0.00900930588185425	ct4VSct5	0.00291149039727005	0	0.00291149039727005
1012	29	47	-0.11742039	0.15886527	BA	0	0	-0.061097665	0.064093326	BA	0	0	ct4VSct5	-0.0147380694001715	0	0
1013	29	48	-0.11742039	0.09525499	BA	0	0	-0.061097665	0.036016928	BA	0	0	ct4VSct5	-0.00898432787397298	0	0
1014	29	49	-0.11742039	-0.01745302	BB	0	0.0020493404150778	-0.061097665	-0.058781142	BB	0	0.00359139052223343	ct4VSct5	-0.00154205010715563	0	-0.00154205010715563
1015	29	50	-0.11742039	0.053211025	BA	0	0	-0.061097665	-0.027794689	BB	0	0.00169819059730119	ct4VSct5	-0.00794624990510094	0	-0.00169819059730119
1016	30	31	-0.18628952	-0.026242096	BB	0	0.00488862746763392	-0.17611978	0.0086151607	BA	0	0	ct4VSct5	0.00640592767478257	0	0.00488862746763392
1017	30	32	-0.18628952	0.11104545	BA	0	0	-0.17611978	0.13175122	BA	0	0	ct4VSct5	0.0025173923024476	0	0
1018	30	33	-0.18628952	-0.13439603	BB	0	0.0250365719186056	-0.17611978	-0.13591568	BB	0	0.0239374396601504	ct4VSct5	0.0010991322584552	0	0.0010991322584552
1019	30	34	-0.18628952	-0.19089042	BB	0	0.0355608847143984	-0.17611978	-0.20408624	BB	0	0.0359436236898272	ct4VSct5	-0.000382738975428808	0	-0.000382738975428801
1020	30	35	-0.18628952	-0.0071459731	BB	0	0.00133121989873191	-0.17611978	0.085631547	BA	0	0	ct4VSct5	0.0164126291174316	0	0.00133121989873191
1021	30	36	-0.18628952	-0.09546514	BB	0	0.0177841551073328	-0.17611978	0.054590767	BA	0	0	ct4VSct5	0.0273986689814041	0	0.0177841551073328
1022	30	37	-0.18628952	0.078333614	BA	0	0	-0.17611978	0.13175867	BA	0	0	ct4VSct5	0.00861257662156732	0	0
1023	30	38	-0.18628952	-0.12562377	BB	0	0.0234023918138904	-0.17611978	-0.14552101	BB	0	0.0256291282665778	ct4VSct5	-0.0022267364526874	0	-0.0022267364526874
1024	30	39	-0.18628952	0.15790873	BA	0	0	-0.17611978	0.21221508	BA	0	0	ct4VSct5	0.0079585316867728	0	0
1025	30	40	-0.18628952	0.17291261	BA	0	0	-0.17611978	0.22661106	BA	0	0	ct4VSct5	0.0076988829139196	0	0
1026	30	41	-0.18628952	0.18335729	BA	0	0	-0.17611978	0.22850003	BA	0	0	ct4VSct5	0.0060858334709926	0	0
1027	30	42	-0.18628952	0.1628178	BA	0	0	-0.17611978	0.1785571	BA	0	0	ct4VSct5	0.001116187359982	0	0
1028	30	43	-0.18628952	-0.17132332	BB	0	0.0319157390476064	-0.17611978	-0.20891748	BB	0	0.0367945006157544	ct4VSct5	-0.004878761568148	0	-0.004878761568148
1029	30	44	-0.18628952	-0.16783001	BB	0	0.0312649720044952	-0.17611978	-0.20660961	BB	0	0.0363880390590858	ct4VSct5	-0.0051230670545906	0	-0.0051230670545906
1030	30	45	-0.18628952	0.14089042	BA	0	0	-0.17611978	0.11991098	BA	0	0	ct4VSct5	-0.005127713297214	0	0
1031	30	46	-0.18628952	-0.10152237	BB	0	0.0189125535765624	-0.17611978	-0.14745745	BB	0	0.025970173653361	ct4VSct5	-0.0070576200767986	0	-0.0070576200767986
1032	30	47	-0.18628952	0.15886527	BA	0	0	-0.17611978	0.064093326	BA	0	0	ct4VSct5	-0.0183068324183821	0	0
1033	30	48	-0.18628952	0.09525499	BA	0	0	-0.17611978	0.036016928	BA	0	0	ct4VSct5	-0.011401712929069	0	0
1034	30	49	-0.18628952	-0.01745302	BB	0	0.0032513147183504	-0.17611978	-0.058781142	BB	0	0.0103525217971888	ct4VSct5	-0.00710120707883836	0	-0.0071012070788384
1035	30	50	-0.18628952	0.053211025	BA	0	0	-0.17611978	-0.027794689	BB	0	0.00489519451184842	ct4VSct5	-0.0148078508178064	0	-0.00489519451184842
1036	31	32	-0.026242096	0.11104545	BA	0	0	0.0086151607	0.13175122	AA	0.00113505793272105	0	ct4VSct5	-0.00404912329198425	-0.00113505793272105	0
1037	31	33	-0.026242096	-0.13439603	BB	0	0.00352683352127888	0.0086151607	-0.13591568	AB	0	0	ct4VSct5	0.00469776894612866	0	0.00352683352127888
1038	31	34	-0.026242096	-0.19089042	BB	0	0.00500936472712032	0.0086151607	-0.20408624	AB	0	0	ct4VSct5	0.00676760048137909	0	0.00500936472712032
1039	31	35	-0.026242096	-0.0071459731	BB	0	0.000187525312103618	0.0086151607	0.085631547	AA	0.000737729538394603	0	ct4VSct5	-0.000550204226290985	-0.000737729538394603	0.000187525312103618
1040	31	36	-0.026242096	-0.09546514	BB	0	0.00250520536853344	0.0086151607	0.054590767	AA	0.000470308230441257	0	ct4VSct5	0.00203489713809218	-0.000470308230441257	0.00250520536853344
1041	31	37	-0.026242096	0.078333614	BA	0	0	0.0086151607	0.13175867	AA	0.00113512211566827	0	ct4VSct5	-0.00319076033428321	-0.00113512211566827	0
1042	31	38	-0.026242096	-0.12562377	BB	0	0.00329663103222192	0.0086151607	-0.14552101	AB	0	0	ct4VSct5	0.00455031791859823	0	0.00329663103222192
1043	31	39	-0.026242096	0.15790873	BA	0	0	0.0086151607	0.21221508	AA	0.00182826701716336	0	ct4VSct5	-0.00597212306906144	-0.00182826701716336	0
1044	31	40	-0.026242096	0.17291261	BA	0	0	0.0086151607	0.22661106	AA	0.00195229069829734	0	ct4VSct5	-0.0064898800095279	-0.00195229069829734	0
1045	31	41	-0.026242096	0.18335729	BA	0	0	0.0086151607	0.22850003	AA	0.00196856447840482	0	ct4VSct5	-0.00678024408488466	-0.00196856447840482	0
1046	31	42	-0.026242096	0.1628178	BA	0	0	0.0086151607	0.1785571	AA	0.00153829811062597	0	ct4VSct5	-0.00581097844873477	-0.00153829811062597	0
1047	31	43	-0.026242096	-0.17132332	BB	0	0.00449588301047872	0.0086151607	-0.20891748	AB	0	0	ct4VSct5	0.00629574067371776	0	0.00449588301047872
1048	31	44	-0.026242096	-0.16783001	BB	0	0.00440421123410096	0.0086151607	-0.20660961	AB	0	0	ct4VSct5	0.00618418622641529	0	0.00440421123410096
1049	31	45	-0.026242096	0.14089042	BA	0	0	0.0086151607	0.11991098	AA	0.00103305236239449	0	ct4VSct5	-0.00473031228951481	-0.00103305236239449	0
1050	31	46	-0.026242096	-0.10152237	BB	0	0.00266415977968752	0.0086151607	-0.14745745	AB	0	0	ct4VSct5	0.00393452940784973	0	0.00266415977968752
1051	31	47	-0.026242096	0.15886527	BA	0	0	0.0086151607	0.064093326	AA	0.000552174303287488	0	ct4VSct5	-0.00472113196969341	-0.000552174303287488	0
1052	31	48	-0.026242096	0.09525499	BA	0	0	0.0086151607	0.036016928	AA	0.00031029162264033	0	ct4VSct5	-0.00280998221469937	-0.00031029162264033	0
1053	31	49	-0.026242096	-0.01745302	BB	0	0.00045800382632992	0.0086151607	-0.058781142	AB	0	0	ct4VSct5	0.00096441281078944	0	0.00045800382632992
1054	31	50	-0.026242096	0.053211025	BA	0	0	0.0086151607	-0.027794689	AB	0	0	ct4VSct5	-0.00115691311396688	0	0
1055	32	33	0.11104545	-0.13439603	AB	0	0	0.13175122	-0.13591568	AB	0	0	ct4VSct5	0.0029829890275661	0	0
1056	32	34	0.11104545	-0.19089042	AB	0	0	0.13175122	-0.20408624	AB	0	0	ct4VSct5	0.0056910985156238	0	0
1057	32	35	0.11104545	-0.0071459731	AB	0	0	0.13175122	0.085631547	AA	0.0112820607877373	0	ct4VSct5	-0.0120755885863147	-0.0112820607877373	0
1058	32	36	0.11104545	-0.09546514	AB	0	0	0.13175122	0.054590767	AA	0.00719240015298574	0	ct4VSct5	-0.0177933695835987	-0.00719240015298574	0
1059	32	37	0.11104545	0.078333614	AA	0.0086985914167563	0	0.13175122	0.13175867	AA	0.0173593655180774	0	ct4VSct5	-0.0086607741013211	-0.0086607741013211	0
1060	32	38	0.11104545	-0.12562377	AB	0	0	0.13175122	-0.14552101	AB	0	0	ct4VSct5	0.0052226225327857	0	0
1061	32	39	0.11104545	0.15790873	AA	0.0175350459817785	0	0.13175122	0.21221508	AA	0.0279595956923976	0	ct4VSct5	-0.0104245497106191	-0.0104245497106191	0
1062	32	40	0.11104545	0.17291261	AA	0.0192011585881245	0	0.13175122	0.22661106	AA	0.0298562836204932	0	ct4VSct5	-0.0106551250323687	-0.0106551250323687	0
1063	32	41	0.11104545	0.18335729	AA	0.0203609927788305	0	0.13175122	0.22850003	AA	0.0301051577225366	0	ct4VSct5	-0.0097441649437061	-0.0097441649437061	0
1064	32	42	0.11104545	0.1628178	AA	0.01808017586901	0	0.13175122	0.1785571	AA	0.023525115764662	0	ct4VSct5	-0.005444939895652	-0.005444939895652	0
1065	32	43	0.11104545	-0.17132332	AB	0	0	0.13175122	-0.20891748	AB	0	0	ct4VSct5	0.0085004577044316	0	0
1066	32	44	0.11104545	-0.16783001	AB	0	0	0.13175122	-0.20660961	AB	0	0	ct4VSct5	0.0085843091972697	0	0
1067	32	45	0.11104545	0.14089042	AA	0.015645240089589	0	0.13175122	0.11991098	AA	0.0157984179063956	0	ct4VSct5	-0.000153177816806599	-0.000153177816806599	0
1068	32	46	0.11104545	-0.10152237	AB	0	0	0.13175122	-0.14745745	AB	0	0	ct4VSct5	0.0081541016738725	0	0
1069	32	47	0.11104545	0.15886527	AA	0.0176412653965215	0	0.13175122	0.064093326	AA	0.00844437389435772	0	ct4VSct5	0.00919689150216378	0.00919689150216378	0
1070	32	48	0.11104545	0.09525499	AA	0.0105776332292955	0	0.13175122	0.036016928	AA	0.00474527420465216	0	ct4VSct5	0.00583235902464334	0.00583235902464334	0
1071	32	49	0.11104545	-0.01745302	AB	0	0	0.13175122	-0.058781142	AB	0	0	ct4VSct5	0.00580640871173424	0	0
1072	32	50	0.11104545	0.053211025	AA	0.00590884221608625	0	0.13175122	-0.027794689	AB	0	0	ct4VSct5	0.00957082640135683	0.00590884221608625	0
1073	33	34	-0.13439603	-0.19089042	BB	0	0.0256549146130326	-0.13591568	-0.20408624	BB	0	0.0277385200882432	ct4VSct5	-0.0020836054752106	0	-0.0020836054752106
1074	33	35	-0.13439603	-0.0071459731	BB	0	0.000960390415126793	-0.13591568	0.085631547	BA	0	0	ct4VSct5	0.0125990603550838	0	0.000960390415126793
1075	33	36	-0.13439603	-0.09546514	BB	0	0.0128301358193942	-0.13591568	0.054590767	BA	0	0	ct4VSct5	0.0202498770379208	0	0.0128301358193942
1076	33	37	-0.13439603	0.078333614	BA	0	0	-0.13591568	0.13175867	BA	0	0	ct4VSct5	0.00738034249179318	0	0
1077	33	38	-0.13439603	-0.12562377	BB	0	0.0168833359616331	-0.13591568	-0.14552101	BB	0	0.0197785870284368	ct4VSct5	-0.0028952510668037	0	-0.0028952510668037
1078	33	39	-0.13439603	0.15790873	BA	0	0	-0.13591568	0.21221508	BA	0	0	ct4VSct5	0.0076210504901125	0	0
1079	33	40	-0.13439603	0.17291261	BA	0	0	-0.13591568	0.22661106	BA	0	0	ct4VSct5	0.0075612279944825	0	0
1080	33	41	-0.13439603	0.18335729	BA	0	0	-0.13591568	0.22850003	BA	0	0	ct4VSct5	0.0064142451099117	0	0
1081	33	42	-0.13439603	0.1628178	BA	0	0	-0.13591568	0.1785571	BA	0	0	ct4VSct5	0.002386643731994	0	0
1082	33	43	-0.13439603	-0.17132332	BB	0	0.0230251740544196	-0.13591568	-0.20891748	BB	0	0.0283951613580864	ct4VSct5	-0.0053699873036668	0	-0.0053699873036668
1083	33	44	-0.13439603	-0.16783001	BB	0	0.0225556870588603	-0.13591568	-0.20660961	BB	0	0.0280814856376848	ct4VSct5	-0.0055257985788245	0	-0.0055257985788245
1084	33	45	-0.13439603	0.14089042	BA	0	0	-0.13591568	0.11991098	BA	0	0	ct4VSct5	-0.0026373307268662	0	0
1085	33	46	-0.13439603	-0.10152237	BB	0	0.0136442034841911	-0.13591568	-0.14745745	BB	0	0.020041779587816	ct4VSct5	-0.0063975761036249	0	-0.0063975761036249
1086	33	47	-0.13439603	0.15886527	BA	0	0	-0.13591568	0.064093326	BA	0	0	ct4VSct5	-0.0126395736061264	0	0
1087	33	48	-0.13439603	0.09525499	BA	0	0	-0.13591568	0.036016928	BA	0	0	ct4VSct5	-0.00790662723305866	0	0
1088	33	49	-0.13439603	-0.01745302	BB	0	0.0023456165995106	-0.13591568	-0.058781142	BB	0	0.00798927888610656	ct4VSct5	-0.00564366228659596	0	-0.00564366228659596
1089	33	50	-0.13439603	0.053211025	BA	0	0	-0.13591568	-0.027794689	BB	0	0.00377773405582352	ct4VSct5	-0.0109290845680543	0	-0.00377773405582352
1090	34	35	-0.19089042	-0.0071459731	BB	0	0.0013640978063677	-0.20408624	0.085631547	BA	0	0	ct4VSct5	0.018840318258981	0	0.0013640978063677
1091	34	36	-0.19089042	-0.09546514	BB	0	0.0182233806699588	-0.20408624	0.054590767	BA	0	0	ct4VSct5	0.0293646050457049	0	0.0182233806699588
1092	34	37	-0.19089042	0.078333614	BA	0	0	-0.20408624	0.13175867	BA	0	0	ct4VSct5	0.0119369950711229	0	0
1093	34	38	-0.19089042	-0.12562377	BB	0	0.0239803742172834	-0.20408624	-0.14552101	BB	0	0.0296988357719024	ct4VSct5	-0.005718461554619	0	-0.005718461554619
1094	34	39	-0.19089042	0.15790873	BA	0	0	-0.20408624	0.21221508	BA	0	0	ct4VSct5	0.0131669139571326	0	0
1095	34	40	-0.19089042	0.17291261	BA	0	0	-0.20408624	0.22661106	BA	0	0	ct4VSct5	0.0132408384316182	0	0
1096	34	41	-0.19089042	0.18335729	BA	0	0	-0.20408624	0.22850003	BA	0	0	ct4VSct5	0.0116325618644254	0	0
1097	34	42	-0.19089042	0.1628178	BA	0	0	-0.20408624	0.1785571	BA	0	0	ct4VSct5	0.00536068893882799	0	0
1098	34	43	-0.19089042	-0.17132332	BB	0	0.0327039805105944	-0.20408624	-0.20891748	BB	0	0.0426371829634752	ct4VSct5	-0.0099332024528808	0	-0.0099332024528808
1099	34	44	-0.19089042	-0.16783001	BB	0	0.0320371410975042	-0.20408624	-0.20660961	BB	0	0.0421661784527664	ct4VSct5	-0.0101290373552622	0	-0.0101290373552622
1100	34	45	-0.19089042	0.14089042	BA	0	0	-0.20408624	0.11991098	BA	0	0	ct4VSct5	-0.0024224504048612	0	0
1101	34	46	-0.19089042	-0.10152237	BB	0	0.0193796478486954	-0.20408624	-0.14745745	BB	0	0.030094036530488	ct4VSct5	-0.0107143886817926	0	-0.0107143886817926
1102	34	47	-0.19089042	0.15886527	BA	0	0	-0.20408624	0.064093326	BA	0	0	ct4VSct5	-0.0172452922012792	0	0
1103	34	48	-0.19089042	0.09525499	BA	0	0	-0.20408624	0.036016928	BA	0	0	ct4VSct5	-0.0108327056363251	0	0
1104	34	49	-0.19089042	-0.01745302	BB	0	0.0033316143180684	-0.20408624	-0.058781142	BB	0	0.0119964222536861	ct4VSct5	-0.00866480793561768	0	-0.0086648079356177
1105	34	50	-0.19089042	0.053211025	BA	0	0	-0.20408624	-0.027794689	BB	0	0.00567251356997936	ct4VSct5	-0.0158299884808599	0	-0.00567251356997936
1106	35	36	-0.0071459731	-0.09546514	BB	0	0.000682191322427734	0.085631547	0.054590767	AA	0.00467469183012655	0	ct4VSct5	-0.00399250050769881	-0.00467469183012655	0.000682191322427734
1107	35	37	-0.0071459731	0.078333614	BA	0	0	0.085631547	0.13175867	AA	0.0112826987427625	0	ct4VSct5	-0.0118424686412323	-0.0112826987427625	0
1108	35	38	-0.0071459731	-0.12562377	BB	0	0.000897704081140587	0.085631547	-0.14552101	AB	0	0	ct4VSct5	0.0133588932884431	0	0.000897704081140587
1109	35	39	-0.0071459731	0.15790873	BA	0	0	0.085631547	0.21221508	AA	0.0181723055971288	0	ct4VSct5	-0.0193007171339639	-0.0181723055971288	0
1110	35	40	-0.0071459731	0.17291261	BA	0	0	0.085631547	0.22661106	AA	0.0194050556351098	0	ct4VSct5	-0.0206406844948206	-0.0194050556351098	0
1111	35	41	-0.0071459731	0.18335729	BA	0	0	0.085631547	0.22850003	AA	0.0195668110584464	0	ct4VSct5	-0.0208770773204753	-0.0195668110584464	0
1112	35	42	-0.0071459731	0.1628178	BA	0	0	0.085631547	0.1785571	AA	0.0152901207008337	0	ct4VSct5	-0.0164536123198349	-0.0152901207008337	0
1113	35	43	-0.0071459731	-0.17132332	BB	0	0.00122427183612269	0.085631547	-0.20891748	AB	0	0	ct4VSct5	0.0191141988438643	0	0.00122427183612269
1114	35	44	-0.0071459731	-0.16783001	BB	0	0.00119930873683273	0.085631547	-0.20660961	AB	0	0	ct4VSct5	0.0188916092661994	0	0.00119930873683273
1115	35	45	-0.0071459731	0.14089042	BA	0	0	0.085631547	0.11991098	AA	0.0102681627196861	0	ct4VSct5	-0.0112749618710538	-0.0102681627196861	0
1116	35	46	-0.0071459731	-0.10152237	BB	0	0.000725476125068247	0.085631547	-0.14745745	AB	0	0	ct4VSct5	0.0133524856852434	0	0.000725476125068247
1117	35	47	-0.0071459731	0.15886527	BA	0	0	0.085631547	0.064093326	AA	0.00548841065775532	0	ct4VSct5	-0.00662365760369956	-0.00548841065775532	0
1118	35	48	-0.0071459731	0.09525499	BA	0	0	0.085631547	0.036016928	AA	0.00308418526282762	0	ct4VSct5	-0.00376487485900838	-0.00308418526282762	0
1119	35	49	-0.0071459731	-0.01745302	BB	0	0.000124718811433762	0.085631547	-0.058781142	AB	0	0	ct4VSct5	0.00515823893532044	0	0.000124718811433762
1120	35	50	-0.0071459731	0.053211025	BA	0	0	0.085631547	-0.027794689	AB	0	0	ct4VSct5	0.00199985766418046	0	0
1121	36	37	-0.09546514	0.078333614	BA	0	0	0.054590767	0.13175867	AA	0.00719280685419989	0	ct4VSct5	-0.0146709362814158	-0.00719280685419989	0
1122	36	38	-0.09546514	-0.12562377	BB	0	0.0119926907903778	0.054590767	-0.14552101	AB	0	0	ct4VSct5	0.0199367943408925	0	0.0119926907903778
1123	36	39	-0.09546514	0.15790873	BA	0	0	0.054590767	0.21221508	AA	0.0115849839861664	0	ct4VSct5	-0.0266597630028386	-0.0115849839861664	0
1124	36	40	-0.09546514	0.17291261	BA	0	0	0.054590767	0.22661106	AA	0.012370871576083	0	ct4VSct5	-0.0288779980974984	-0.012370871576083	0
1125	36	41	-0.09546514	0.18335729	BA	0	0	0.054590767	0.22850003	AA	0.012473991897223	0	ct4VSct5	-0.0299782212570936	-0.012473991897223	0
1126	36	42	-0.09546514	0.1628178	BA	0	0	0.054590767	0.1785571	AA	0.0097475690422957	0	ct4VSct5	-0.0252909931137877	-0.0097475690422957	0
1127	36	43	-0.09546514	-0.17132332	BB	0	0.0163554047290648	0.054590767	-0.20891748	AB	0	0	ct4VSct5	0.027760370201972	0	0.0163554047290648
1128	36	44	-0.09546514	-0.16783001	BB	0	0.0160219154008514	0.054590767	-0.20660961	AB	0	0	ct4VSct5	0.0273008924803223	0	0.0160219154008514
1129	36	45	-0.09546514	0.14089042	BA	0	0	0.054590767	0.11991098	AA	0.00654603236992166	0	ct4VSct5	-0.0199961560398805	-0.00654603236992166	0
1130	36	46	-0.09546514	-0.10152237	BB	0	0.0096918472651818	0.054590767	-0.14745745	AB	0	0	ct4VSct5	0.0177416625605459	0	0.0096918472651818
1131	36	47	-0.09546514	0.15886527	BA	0	0	0.054590767	0.064093326	AA	0.00349890382592104	0	ct4VSct5	-0.0186649990676088	-0.00349890382592104	0
1132	36	48	-0.09546514	0.09525499	BA	0	0	0.054590767	0.036016928	AA	0.00196619172450378	0	ct4VSct5	-0.0110597226805524	-0.00196619172450378	0
1133	36	49	-0.09546514	-0.01745302	BB	0	0.0016661549977228	0.054590767	-0.058781142	AB	0	0	ct4VSct5	0.00487506262463871	0	0.0016661549977228
1134	36	50	-0.09546514	0.053211025	BA	0	0	0.054590767	-0.027794689	AB	0	0	ct4VSct5	-0.00356246456013204	0	0
1135	37	38	0.078333614	-0.12562377	AB	0	0	0.13175867	-0.14552101	AB	0	0	ct4VSct5	0.00933309082625192	0	0
1136	37	39	0.078333614	0.15790873	AA	0.0123695615030502	0	0.13175867	0.21221508	AA	0.0279611766947436	0	ct4VSct5	-0.0155916151916934	-0.0155916151916934	0
1137	37	40	0.078333614	0.17291261	AA	0.0135448696474725	0	0.13175867	0.22661106	AA	0.0298579718728902	0	ct4VSct5	-0.0163131022254177	-0.0163131022254177	0
1138	37	41	0.078333614	0.18335729	AA	0.0143630391789461	0	0.13175867	0.22850003	AA	0.0301068600477601	0	ct4VSct5	-0.015743820868814	-0.015743820868814	0
1139	37	42	0.078333614	0.1628178	AA	0.0127541066975292	0	0.13175867	0.1785571	AA	0.023526446015057	0	ct4VSct5	-0.0107723393175278	-0.0107723393175278	0
1140	37	43	0.078333614	-0.17132332	AB	0	0	0.13175867	-0.20891748	AB	0	0	ct4VSct5	0.0141063144864731	0	0
1141	37	44	0.078333614	-0.16783001	AB	0	0	0.13175867	-0.20660961	AB	0	0	ct4VSct5	0.0140758762018626	0	0
1142	37	45	0.078333614	0.14089042	AA	0.0110364557765779	0	0.13175867	0.11991098	AA	0.0157993112431966	0	ct4VSct5	-0.00476285546661872	-0.0047628554666187	0
1143	37	46	0.078333614	-0.10152237	AB	0	0	0.13175867	-0.14745745	AB	0	0	ct4VSct5	0.0114761833496463	0	0
1144	37	47	0.078333614	0.15886527	AA	0.0124444907381858	0	0.13175867	0.064093326	AA	0.00844485138963642	0	ct4VSct5	0.00399963934854936	0.00399963934854938	0
1145	37	48	0.078333614	0.09525499	AA	0.00746166761823386	0	0.13175867	0.036016928	AA	0.00474554253076576	0	ct4VSct5	0.0027161250874681	0.0027161250874681	0
1146	37	49	0.078333614	-0.01745302	AB	0	0	0.13175867	-0.058781142	AB	0	0	ct4VSct5	0.00637776695918686	0	0
1147	37	50	0.078333614	0.053211025	AA	0.00416821189289435	0	0.13175867	-0.027794689	AB	0	0	ct4VSct5	0.00783040314859798	0.00416821189289435	0
1148	38	39	-0.12562377	0.15790873	BA	0	0	-0.14552101	0.21221508	BA	0	0	ct4VSct5	0.0110446628003187	0	0
1149	38	40	-0.12562377	0.17291261	BA	0	0	-0.14552101	0.22661106	BA	0	0	ct4VSct5	0.0112547363796309	0	0
1150	38	41	-0.12562377	0.18335729	BA	0	0	-0.14552101	0.22850003	BA	0	0	ct4VSct5	0.010217521123847	0	0
1151	38	42	-0.12562377	0.1628178	BA	0	0	-0.14552101	0.1785571	BA	0	0	ct4VSct5	0.005530023675565	0	0
1152	38	43	-0.12562377	-0.17132332	BB	0	0.0215222813473164	-0.14552101	-0.20891748	BB	0	0.0304018826962548	ct4VSct5	-0.0088796013489384	0	-0.0088796013489384
1153	38	44	-0.12562377	-0.16783001	BB	0	0.0210834385753377	-0.14552101	-0.20660961	BB	0	0.0300660391229061	ct4VSct5	-0.0089826005475684	0	-0.0089826005475684
1154	38	45	-0.12562377	0.14089042	BA	0	0	-0.14552101	0.11991098	BA	0	0	ct4VSct5	-0.000249618797593599	0	0
1155	38	46	-0.12562377	-0.10152237	BB	0	0.0127536228587349	-0.14552101	-0.14745745	BB	0	0.0214581570560245	ct4VSct5	-0.0087045341972896	0	-0.0087045341972896
1156	38	47	-0.12562377	0.15886527	BA	0	0	-0.14552101	0.064093326	BA	0	0	ct4VSct5	-0.0106303286056886	0	0
1157	38	48	-0.12562377	0.09525499	BA	0	0	-0.14552101	0.036016928	BA	0	0	ct4VSct5	-0.00672507121545502	0	0
1158	38	49	-0.12562377	-0.01745302	BB	0	0.0021925141702854	-0.14552101	-0.058781142	BB	0	0.00855389115279342	ct4VSct5	-0.00636137698250802	0	-0.00636137698250802
1159	38	50	-0.12562377	0.053211025	BA	0	0	-0.14552101	-0.027794689	BB	0	0.00404471121591589	ct4VSct5	-0.0107292807819801	0	-0.00404471121591589
1160	39	40	0.15790873	0.17291261	AA	0.0273044106460853	0	0.21221508	0.22661106	AA	0.0480902842267848	0	ct4VSct5	-0.0207858735806995	-0.0207858735806995	0
1161	39	41	0.15790873	0.18335729	AA	0.0289537168001417	0	0.21221508	0.22850003	AA	0.0484911521464524	0	ct4VSct5	-0.0195374353463107	-0.0195374353463107	0
1162	39	42	0.15790873	0.1628178	AA	0.025710352019394	0	0.21221508	0.1785571	AA	0.037892509261068	0	ct4VSct5	-0.012182157241674	-0.012182157241674	0
1163	39	43	0.15790873	-0.17132332	AB	0	0	0.21221508	-0.20891748	AB	0	0	ct4VSct5	0.0172819918510148	0	0
1164	39	44	0.15790873	-0.16783001	AB	0	0	0.21221508	-0.20660961	AB	0	0	ct4VSct5	0.0173438511799315	0	0
1165	39	45	0.15790873	0.14089042	AA	0.0222478272913666	0	0.21221508	0.11991098	AA	0.0254469182135784	0	ct4VSct5	-0.0031990909222118	-0.0031990909222118	0
1166	39	46	0.15790873	-0.10152237	AB	0	0	0.21221508	-0.14745745	AB	0	0	ct4VSct5	0.0152614260350559	0	0
1167	39	47	0.15790873	0.15886527	AA	0.0250862130268071	0	0.21221508	0.064093326	AA	0.0136015703045561	0	ct4VSct5	0.011484642722251	0.011484642722251	0
1168	39	48	0.15790873	0.09525499	AA	0.0150415944970627	0	0.21221508	0.036016928	AA	0.00764333525687424	0	ct4VSct5	0.00739825924018846	0.00739825924018846	0
1169	39	49	0.15790873	-0.01745302	AB	0	0	0.21221508	-0.058781142	AB	0	0	ct4VSct5	0.00971826052915676	0	0
1170	39	50	0.15790873	0.053211025	AA	0.00840248537974825	0	0.21221508	-0.027794689	AB	0	0	ct4VSct5	0.0143009375294584	0.00840248537974825	0
1171	40	41	0.17291261	0.18335729	AA	0.0317047875764269	0	0.22661106	0.22850003	AA	0.0517806340083318	0	ct4VSct5	-0.0200758464319049	-0.0200758464319049	0
1172	40	42	0.17291261	0.1628178	AA	0.028153250752458	0	0.22661106	0.1785571	AA	0.040463013701526	0	ct4VSct5	-0.012309762949068	-0.012309762949068	0
1173	40	43	0.17291261	-0.17132332	AB	0	0	0.22661106	-0.20891748	AB	0	0	ct4VSct5	0.0177190491802636	0	0
1174	40	44	0.17291261	-0.16783001	AB	0	0	0.22661106	-0.20660961	AB	0	0	ct4VSct5	0.0178000976628605	0	0
1175	40	45	0.17291261	0.14089042	AA	0.0243617302461962	0	0.22661106	0.11991098	AA	0.0271731542834388	0	ct4VSct5	-0.0028114240372426	-0.0028114240372426	0
1176	40	46	0.17291261	-0.10152237	AB	0	0	0.22661106	-0.14745745	AB	0	0	ct4VSct5	0.0158609910793113	0	0
1177	40	47	0.17291261	0.15886527	AA	0.0274698084740547	0	0.22661106	0.064093326	AA	0.0145242565437856	0	ct4VSct5	0.0129455519302691	0.0129455519302691	0
1178	40	48	0.17291261	0.09525499	AA	0.0164707889364239	0	0.22661106	0.036016928	AA	0.00816183423202368	0	ct4VSct5	0.00830895470440022	0.00830895470440022	0
1179	40	49	0.17291261	-0.01745302	AB	0	0	0.22661106	-0.058781142	AB	0	0	ct4VSct5	0.0103026096560483	0	0
1180	40	50	0.17291261	0.053211025	AA	0.00920085721352525	0	0.22661106	-0.027794689	AB	0	0	ct4VSct5	0.0154994411501856	0.00920085721352525	0
1181	41	42	0.18335729	0.1628178	AA	0.029853830571762	0	0.22850003	0.1785571	AA	0.040800302706713	0	ct4VSct5	-0.010946472134951	-0.010946472134951	0
1182	41	43	0.18335729	-0.17132332	AB	0	0	0.22850003	-0.20891748	AB	0	0	ct4VSct5	0.0163242707785216	0	0
1183	41	44	0.18335729	-0.16783001	AB	0	0	0.22850003	-0.20660961	AB	0	0	ct4VSct5	0.0164374462690154	0	0
1184	41	45	0.18335729	0.14089042	AA	0.0258332855981618	0	0.22850003	0.11991098	AA	0.0273996625273294	0	ct4VSct5	-0.0015663769291676	-0.0015663769291676	0
1185	41	46	0.18335729	-0.10152237	AB	0	0	0.22850003	-0.14745745	AB	0	0	ct4VSct5	0.0150791651111462	0	0
1186	41	47	0.18335729	0.15886527	AA	0.0291291053823183	0	0.22850003	0.064093326	AA	0.0146453269137998	0	ct4VSct5	0.0144837784685185	0.0144837784685185	0
1187	41	48	0.18335729	0.09525499	AA	0.0174656968253771	0	0.22850003	0.036016928	AA	0.00822986912850784	0	ct4VSct5	0.00923582769686926	0.00923582769686926	0
1188	41	49	0.18335729	-0.01745302	AB	0	0	0.22850003	-0.058781142	AB	0	0	ct4VSct5	0.0102313542609185	0	0
1189	41	50	0.18335729	0.053211025	AA	0.00975662934212225	0	0.22850003	-0.027794689	AB	0	0	ct4VSct5	0.0161077166124629	0.00975662934212225	0
1190	42	43	0.1628178	-0.17132332	AB	0	0	0.1785571	-0.20891748	AB	0	0	ct4VSct5	0.009409213317012	0	0
1191	42	44	0.1628178	-0.16783001	AB	0	0	0.1785571	-0.20660961	AB	0	0	ct4VSct5	0.009565899791553	0	0
1192	42	45	0.1628178	0.14089042	AA	0.022939468225476	0	0.1785571	0.11991098	AA	0.021410956846958	0	ct4VSct5	0.001528511378518	0.001528511378518	0
1193	42	46	0.1628178	-0.10152237	AB	0	0	0.1785571	-0.14745745	AB	0	0	ct4VSct5	0.009799925711209	0	0
1194	42	47	0.1628178	0.15886527	AA	0.025866093757806	0	0.1785571	0.064093326	AA	0.0114443184199146	0	ct4VSct5	0.0144217753378914	0.0144217753378914	0
1195	42	48	0.1628178	0.09525499	AA	0.015509207910822	0	0.1785571	0.036016928	AA	0.0064310782145888	0	ct4VSct5	0.0090781296962332	0.0090781296962332	0
1196	42	49	0.1628178	-0.01745302	AB	0	0	0.1785571	-0.058781142	AB	0	0	ct4VSct5	0.0076541279304522	0	0
1197	42	50	0.1628178	0.053211025	AA	0.008663702026245	0	0.1785571	-0.027794689	AB	0	0	ct4VSct5	0.0136266410894869	0.008663702026245	0
1198	43	44	-0.17132332	-0.16783001	BB	0	0.0287531945088332	-0.20891748	-0.20660961	BB	0	0.0431643590649828	ct4VSct5	-0.0144111645561496	0	-0.0144111645561496
1199	43	45	-0.17132332	0.14089042	BA	0	0	-0.20891748	0.11991098	BA	0	0	ct4VSct5	0.000913685255336003	0	0
1200	43	46	-0.17132332	-0.10152237	BB	0	0.0173931494826684	-0.20891748	-0.14745745	BB	0	0.030806438861226	ct4VSct5	-0.0134132893785576	0	-0.0134132893785576
1201	43	47	-0.17132332	0.15886527	BA	0	0	-0.20891748	0.064093326	BA	0	0	ct4VSct5	-0.0138271093363579	0	0
1202	43	48	-0.17132332	0.09525499	BA	0	0	-0.20891748	0.036016928	BA	0	0	ct4VSct5	-0.00879483529826536	0	0
1203	43	49	-0.17132332	-0.01745302	BB	0	0.0029901093304264	-0.20891748	-0.058781142	BB	0	0.0122804080581622	ct4VSct5	-0.00929029872773576	0	-0.0092902987277358
1204	43	50	-0.17132332	0.053211025	BA	0	0	-0.20891748	-0.027794689	BB	0	0.00580679638326372	ct4VSct5	-0.0149230858468667	0	-0.00580679638326372
1205	44	45	-0.16783001	0.14089042	BA	0	0	-0.20660961	0.11991098	BA	0	0	ct4VSct5	0.0011291202150136	0	0
1206	44	46	-0.16783001	-0.10152237	BB	0	0.0170385003723237	-0.20660961	-0.14745745	BB	0	0.0304661262360945	ct4VSct5	-0.0134276258637708	0	-0.0134276258637708
1207	44	47	-0.16783001	0.15886527	BA	0	0	-0.20660961	0.064093326	BA	0	0	ct4VSct5	-0.0134200627642898	0	0
1208	44	48	-0.16783001	0.09525499	BA	0	0	-0.20660961	0.036016928	BA	0	0	ct4VSct5	-0.00854520247677182	0	0
1209	44	49	-0.16783001	-0.01745302	BB	0	0.0029291405211302	-0.20660961	-0.058781142	BB	0	0.0121447488239746	ct4VSct5	-0.00921560830284442	0	-0.0092156083028444
1210	44	50	-0.16783001	0.053211025	BA	0	0	-0.20660961	-0.027794689	BB	0	0.00574264985436129	ct4VSct5	-0.0146730567122215	0	-0.00574264985436129
1211	45	46	0.14089042	-0.10152237	AB	0	0	0.11991098	-0.14745745	AB	0	0	ct4VSct5	0.0033782379891056	0	0
1212	45	47	0.14089042	0.15886527	AA	0.0223825946137134	0	0.11991098	0.064093326	AA	0.00768549353211948	0	ct4VSct5	0.0146971010815939	0.0146971010815939	0
1213	45	48	0.14089042	0.09525499	AA	0.0134205155481958	0	0.11991098	0.036016928	AA	0.00431882513306944	0	ct4VSct5	0.00910169041512636	0.00910169041512636	0
1214	45	49	0.14089042	-0.01745302	AB	0	0	0.11991098	-0.058781142	AB	0	0	ct4VSct5	0.00458954102467076	0	0
1215	45	50	0.14089042	0.053211025	AA	0.0074969236608805	0	0.11991098	-0.027794689	AB	0	0	ct4VSct5	0.0108298120576657	0.0074969236608805	0
1216	46	47	-0.10152237	0.15886527	BA	0	0	-0.14745745	0.064093326	BA	0	0	ct4VSct5	-0.0066773403071112	0	0
1217	46	48	-0.10152237	0.09525499	BA	0	0	-0.14745745	0.036016928	BA	0	0	ct4VSct5	-0.0043595479794127	0	0
1218	46	49	-0.10152237	-0.01745302	BB	0	0.0017718719540574	-0.14745745	-0.058781142	BB	0	0.0086677173074079	ct4VSct5	-0.0068958453533505	0	-0.0068958453533505
1219	46	50	-0.10152237	0.053211025	BA	0	0	-0.14745745	-0.027794689	BB	0	0.00409853396348305	ct4VSct5	-0.0095006433316123	0	-0.00409853396348305
1220	47	48	0.15886527	0.09525499	AA	0.0151327097051973	0	0.064093326	0.036016928	AA	0.00230844470782253	0	ct4VSct5	0.0128242649973748	0.0128242649973748	0
1221	47	49	0.15886527	-0.01745302	AB	0	0	0.064093326	-0.058781142	AB	0	0	ct4VSct5	0.000994800162242892	0	0
1222	47	50	0.15886527	0.053211025	AA	0.00845338385360175	0	0.064093326	-0.027794689	AB	0	0	ct4VSct5	0.0102348379167474	0.00845338385360175	0
1223	48	49	0.09525499	-0.01745302	AB	0	0	0.036016928	-0.058781142	AB	0	0	ct4VSct5	0.000454628913601976	0	0
1224	48	50	0.09525499	0.053211025	AA	0.00506861565426475	0	0.036016928	-0.027794689	AB	0	0	ct4VSct5	0.00606969496676014	0.00506861565426475	0
1225	49	50	-0.01745302	0.053211025	BA	0	0	-0.058781142	-0.027794689	BB	0	0.00163380356095484	ct4VSct5	-0.00256249664450034	0	-0.00163380356095484
