k	i	j	iscore_ct1	jscore_ct1	AB_ct1	A0score_ct1	B0score_ct1	iscore_ct2	jscore_ct2	AB_ct2	A0score_ct2	B0score_ct2	CellTypeID	ABchange	A0change	B0change
1	1	2	0.14062496	0.19167472	AA	0.0269542498330112	0	0.16765706	0.19364436	AA	0.0324658440831816	0	ct6VSct7	-0.0055115942501704	-0.0055115942501704	0
2	1	3	0.14062496	0.041218938	AA	0.00579641150749248	0	0.16765706	0.10585583	AA	0.0177474772416598	0	ct6VSct7	-0.0119510657341673	-0.0119510657341673	0
3	1	4	0.14062496	-0.15714814	AB	0	0	0.16765706	-0.13891174	AB	0	0	ct6VSct7	0.00119058302631	0	0
4	1	5	0.14062496	-0.15474943	AB	0	0	0.16765706	-0.12533775	AB	0	0	ct6VSct7	-0.0007478737317578	0	0
5	1	6	0.14062496	0.066833416	AA	0.00939844645166336	0	0.16765706	0.059538988	AA	0.00998213168345528	0	ct6VSct7	-0.00058368523179192	-0.00058368523179192	0
6	1	7	0.14062496	-0.022246194	AB	0	0	0.16765706	0.0088799324	AA	0.00148878335918274	0	ct6VSct7	-0.00461715350058498	-0.00148878335918274	0
7	1	8	0.14062496	-0.04551244	AB	0	0	0.16765706	-0.040057191	AB	0	0	ct6VSct7	0.000315685820416059	0	0
8	1	9	0.14062496	-0.15332964	AB	0	0	0.16765706	-0.13538413	AB	0	0	ct6VSct7	0.0011361307146434	0	0
9	1	10	0.14062496	-0.1707854	AB	0	0	0.16765706	-0.1623234	AB	0	0	ct6VSct7	0.00319797396962	0	0
10	1	11	0.14062496	-0.17414729	AB	0	0	0.16765706	-0.16864965	AB	0	0	ct6VSct7	0.0037858487986706	0	0
11	1	12	0.14062496	-0.13429048	AB	0	0	0.16765706	-0.088391378	AB	0	0	ct6VSct7	-0.00406515481355212	0	0
12	1	13	0.14062496	-0.0037838305	AB	0	0	0.16765706	-0.088008298	AB	0	0	ct6VSct7	0.0142231114855746	0	0
13	1	14	0.14062496	-0.19145065	AB	0	0	0.16765706	-0.18830947	AB	0	0	ct6VSct7	0.0046486721121342	0	0
14	1	15	0.14062496	-0.20129436	AB	0	0	0.16765706	-0.20101347	AB	0	0	ct6VSct7	0.0053943160773726	0	0
15	1	16	0.14062496	-0.19265948	AB	0	0	0.16765706	-0.20302246	AB	0	0	ct6VSct7	0.0069454170889468	0	0
16	1	17	0.14062496	-0.19542643	AB	0	0	0.16765706	-0.2024971	AB	0	0	ct6VSct7	0.0064682345428332	0	0
17	1	18	0.14062496	-0.19695558	AB	0	0	0.16765706	-0.20235464	AB	0	0	ct6VSct7	0.0062293134604816	0	0
18	1	19	0.14062496	-0.16507629	AB	0	0	0.16765706	-0.17403187	AB	0	0	ct6VSct7	0.0059638249923038	0	0
19	1	20	0.14062496	0.079750339	AA	0.0112148882318614	0	0.16765706	0.026111148	AA	0.00437771830690488	0	ct6VSct7	0.00683716992495656	0.00683716992495652	0
20	1	21	0.14062496	-0.089629813	AB	0	0	0.16765706	-0.09638506	AB	0	0	ct6VSct7	0.00355544691959112	0	0
21	1	22	0.14062496	-0.17799514	AB	0	0	0.16765706	-0.17188705	AB	0	0	ct6VSct7	0.0037875180123786	0	0
22	1	23	0.14062496	-0.074110683	AB	0	0	0.16765706	-0.088189629	AB	0	0	ct6VSct7	0.00436380208818306	0	0
23	1	24	0.14062496	-0.17513926	AB	0	0	0.16765706	-0.17973533	AB	0	0	ct6VSct7	0.0055049455740002	0	0
24	1	25	0.14062496	-0.1783839	AB	0	0	0.16765706	-0.18355494	AB	0	0	ct6VSct7	0.0056890527867324	0	0
25	1	26	0.14062496	0.04886867	AA	0.0068721547640032	0	0.16765706	0.022230364	AA	0.00372707747096984	0	ct6VSct7	0.00314507729303336	0.00314507729303336	0
26	1	27	0.14062496	-0.12618619	AB	0	0	0.16765706	-0.12914455	AB	0	0	ct6VSct7	0.0039070676467206	0	0
27	1	28	0.14062496	-0.19431832	AB	0	0	0.16765706	-0.19425153	AB	0	0	ct6VSct7	0.0052416344430346	0	0
28	1	29	0.14062496	-0.1142804	AB	0	0	0.16765706	-0.13361659	AB	0	0	ct6VSct7	0.0063310879678414	0	0
29	1	30	0.14062496	-0.18324422	AB	0	0	0.16765706	-0.18384934	AB	0	0	ct6VSct7	0.0050549287196092	0	0
30	1	31	0.14062496	-0.015912322	AB	0	0	0.16765706	-0.071527926	AB	0	0	ct6VSct7	0.00975449213630044	0	0
31	1	32	0.14062496	0.10504568	AA	0.0147720445481728	0	0.16765706	0.092805165	AA	0.0155594411167149	0	ct6VSct7	-0.000787396568542098	-0.0007873965685421	0
32	1	33	0.14062496	-0.13406649	AB	0	0	0.16765706	-0.13429929	AB	0	0	ct6VSct7	0.003663129327897	0	0
33	1	34	0.14062496	-0.17995195	AB	0	0	0.16765706	-0.18321423	AB	0	0	ct6VSct7	0.0054114233812918	0	0
34	1	35	0.14062496	0.01603256	AA	0.0022545781086976	0	0.16765706	0.016333056	AA	0.00273835214977536	0	ct6VSct7	-0.000483774041077759	-0.00048377404107776	0
35	1	36	0.14062496	-0.1121982	AB	0	0	0.16765706	-0.090922245	AB	0	0	ct6VSct7	-0.000534111101772301	0	0
36	1	37	0.14062496	0.063258421	AA	0.00889571292278816	0	0.16765706	0.10484256	AA	0.0175775953724736	0	ct6VSct7	-0.00868188244968544	-0.00868188244968544	0
37	1	38	0.14062496	-0.11497068	AB	0	0	0.16765706	-0.12670288	AB	0	0	ct6VSct7	0.00507488507816	0	0
38	1	39	0.14062496	0.161061	AA	0.02264919668256	0	0.16765706	0.15917461	AA	0.0266867471392466	0	ct6VSct7	-0.0040375504566866	-0.0040375504566866	0
39	1	40	0.14062496	0.17163917	AA	0.0241367514156832	0	0.16765706	0.16305368	AA	0.0273371006109808	0	ct6VSct7	-0.0032003491952976	-0.0032003491952976	0
40	1	41	0.14062496	0.17122226	AA	0.0240781234636096	0	0.16765706	0.16808114	AA	0.0281799897738484	0	ct6VSct7	-0.0041018663102388	-0.0041018663102388	0
41	1	42	0.14062496	0.17797488	AA	0.0250277103810048	0	0.16765706	0.16383915	AA	0.027468790201899	0	ct6VSct7	-0.0024410798208942	-0.0024410798208942	0
42	1	43	0.14062496	-0.15757896	AB	0	0	0.16765706	-0.1487899	AB	0	0	ct6VSct7	0.0027861422448524	0	0
43	1	44	0.14062496	-0.15268602	AB	0	0	0.16765706	-0.14516923	AB	0	0	ct6VSct7	0.0028671808492046	0	0
44	1	45	0.14062496	0.17675116	AA	0.0248556248049536	0	0.16765706	0.12785814	AA	0.0214363198494684	0	ct6VSct7	0.0034193049554852	0.0034193049554852	0
45	1	46	0.14062496	-0.03783293	AB	0	0	0.16765706	0.029661138	AA	0.00497289919333428	0	ct6VSct7	-0.0102931534612671	-0.00497289919333428	0
46	1	47	0.14062496	0.185089	AA	0.02602813322144	0	0.16765706	0.18247796	AA	0.0305937182883976	0	ct6VSct7	-0.0045655850669576	-0.0045655850669576	0
47	1	48	0.14062496	0.11803528	AA	0.0165987065285888	0	0.16765706	0.14633107	AA	0.0245334369828542	0	ct6VSct7	-0.0079347304542654	-0.0079347304542654	0
48	1	49	0.14062496	0.02267619	AA	0.0031888383117024	0	0.16765706	0.07442628	AA	0.0124780912915368	0	ct6VSct7	-0.0092892529798344	-0.0092892529798344	0
49	1	50	0.14062496	0.11017408	AA	0.0154932255930368	0	0.16765706	0.12836667	AA	0.0215215784941902	0	ct6VSct7	-0.0060283529011534	-0.0060283529011534	0
50	2	3	0.19167472	0.041218938	AA	0.00790062839984736	0	0.19364436	0.10585583	AA	0.0204983844526188	0	ct6VSct7	-0.0125977560527714	-0.0125977560527714	0
51	2	4	0.19167472	-0.15714814	AB	0	0	0.19364436	-0.13891174	AB	0	0	ct6VSct7	-0.0032218507442344	0	0
52	2	5	0.19167472	-0.15474943	AB	0	0	0.19364436	-0.12533775	AB	0	0	ct6VSct7	-0.0053906052828196	0	0
53	2	6	0.19167472	0.066833416	AA	0.0128102762984435	0	0.19364436	0.059538988	AA	0.0115293892263077	0	ct6VSct7	0.00128088707213584	0.0012808870721358	0
54	2	7	0.19167472	-0.022246194	AB	0	0	0.19364436	0.0088799324	AA	0.00171954882644126	0	ct6VSct7	-0.00598358183245694	-0.00171954882644126	0
55	2	8	0.19167472	-0.04551244	AB	0	0	0.19364436	-0.040057191	AB	0	0	ct6VSct7	-0.00096673507892404	0	0
56	2	9	0.19167472	-0.15332964	AB	0	0	0.19364436	-0.13538413	AB	0	0	ct6VSct7	-0.003173042606694	0	0
57	2	10	0.19167472	-0.1707854	AB	0	0	0.19364436	-0.1623234	AB	0	0	ct6VSct7	-0.001302232819064	0	0
58	2	11	0.19167472	-0.17414729	AB	0	0	0.19364436	-0.16864965	AB	0	0	ct6VSct7	-0.000721579511034798	0	0
59	2	12	0.19167472	-0.13429048	AB	0	0	0.19364436	-0.088391378	AB	0	0	ct6VSct7	-0.00862359833033751	0	0
60	2	13	0.19167472	-0.0037838305	AB	0	0	0.19364436	-0.088008298	AB	0	0	ct6VSct7	0.0163170458892843	0	0
61	2	14	0.19167472	-0.19145065	AB	0	0	0.19364436	-0.18830947	AB	0	0	ct6VSct7	-0.000231182932478799	0	0
62	2	15	0.19167472	-0.20129436	AB	0	0	0.19364436	-0.20101347	AB	0	0	ct6VSct7	0.000342084658949991	0	0
63	2	16	0.19167472	-0.19265948	AB	0	0	0.19364436	-0.20302246	AB	0	0	ct6VSct7	0.00238620244798	0	0
64	2	17	0.19167472	-0.19542643	AB	0	0	0.19364436	-0.2024971	AB	0	0	ct6VSct7	0.0017541150805064	0	0
65	2	18	0.19167472	-0.19695558	AB	0	0	0.19364436	-0.20235464	AB	0	0	ct6VSct7	0.0014334291068928	0	0
66	2	19	0.19167472	-0.16507629	AB	0	0	0.19364436	-0.17403187	AB	0	0	ct6VSct7	0.0020593384213644	0	0
67	2	20	0.19167472	0.079750339	AA	0.0152861238977301	0	0.19364436	0.026111148	AA	0.00505627654332528	0	ct6VSct7	0.0102298473544048	0.0102298473544048	0
68	2	21	0.19167472	-0.089629813	AB	0	0	0.19364436	-0.09638506	AB	0	0	ct6VSct7	0.00148465394683424	0	0
69	2	22	0.19167472	-0.17799514	AB	0	0	0.19364436	-0.17188705	AB	0	0	ct6VSct7	-0.000832210831322795	0	0
70	2	23	0.19167472	-0.074110683	AB	0	0	0.19364436	-0.088189629	AB	0	0	ct6VSct7	0.00287227985330868	0	0
71	2	24	0.19167472	-0.17513926	AB	0	0	0.19364436	-0.17973533	AB	0	0	ct6VSct7	0.0012349643257316	0	0
72	2	25	0.19167472	-0.1783839	AB	0	0	0.19364436	-0.18355494	AB	0	0	ct6VSct7	0.0013526947961304	0	0
73	2	26	0.19167472	0.04886867	AA	0.0093668886390224	0	0.19364436	0.022230364	AA	0.00430478460934704	0	ct6VSct7	0.00506210402967536	0.00506210402967536	0
74	2	27	0.19167472	-0.12618619	AB	0	0	0.19364436	-0.12914455	AB	0	0	ct6VSct7	0.000821411096121199	0	0
75	2	28	0.19167472	-0.19431832	AB	0	0	0.19364436	-0.19425153	AB	0	0	ct6VSct7	0.000369803629000402	0	0
76	2	29	0.19167472	-0.1142804	AB	0	0	0.19364436	-0.13361659	AB	0	0	ct6VSct7	0.0039694353844444	0	0
77	2	30	0.19167472	-0.18324422	AB	0	0	0.19364436	-0.18384934	AB	0	0	ct6VSct7	0.000478103220603994	0	0
78	2	31	0.19167472	-0.015912322	AB	0	0	0.19364436	-0.071527926	AB	0	0	ct6VSct7	0.0108009895884975	0	0
79	2	32	0.19167472	0.10504568	AA	0.0201346013012096	0	0.19364436	0.092805165	AA	0.0179711967811194	0	ct6VSct7	0.0021634045200902	0.0021634045200902	0
80	2	33	0.19167472	-0.13406649	AB	0	0	0.19364436	-0.13429929	AB	0	0	ct6VSct7	0.000309143128371596	0	0
81	2	34	0.19167472	-0.17995195	AB	0	0	0.19364436	-0.18321423	AB	0	0	ct6VSct7	0.000986162681538803	0	0
82	2	35	0.19167472	0.01603256	AA	0.0030730364488832	0	0.19364436	0.016333056	AA	0.00316280417596416	0	ct6VSct7	-8.97677270809594e-05	-8.97677270809598e-05	0
83	2	36	0.19167472	-0.1121982	AB	0	0	0.19364436	-0.090922245	AB	0	0	ct6VSct7	-0.0038989786267158	0	0
84	2	37	0.19167472	0.063258421	AA	0.0121250401328171	0	0.19364436	0.10484256	AA	0.0203021704319616	0	ct6VSct7	-0.00817713029914448	-0.0081771302991445	0
85	2	38	0.19167472	-0.11497068	AB	0	0	0.19364436	-0.12670288	AB	0	0	ct6VSct7	0.0024983252105472	0	0
86	2	39	0.19167472	0.161061	AA	0.03087132207792	0	0.19364436	0.15917461	AA	0.0308232654816996	0	ct6VSct7	4.80565962204041e-05	4.80565962204006e-05	0
87	2	40	0.19167472	0.17163917	AA	0.0328988898507824	0	0.19364436	0.16305368	AA	0.0315744255092448	0	ct6VSct7	0.0013244643415376	0.0013244643415376	0
88	2	41	0.19167472	0.17122226	AA	0.0328189787432672	0	0.19364436	0.16808114	AA	0.0325479647833704	0	ct6VSct7	0.000271013959896801	0.000271013959896801	0
89	2	42	0.19167472	0.17797488	AA	0.0341132852910336	0	0.19364436	0.16383915	AA	0.031726527344694	0	ct6VSct7	0.00238675794633961	0.0023867579463396	0
90	2	43	0.19167472	-0.15757896	AB	0	0	0.19364436	-0.1487899	AB	0	0	ct6VSct7	-0.0013915780759272	0	0
91	2	44	0.19167472	-0.15268602	AB	0	0	0.19364436	-0.14516923	AB	0	0	ct6VSct7	-0.0011548474963716	0	0
92	2	45	0.19167472	0.17675116	AA	0.0338787291026752	0	0.19364436	0.12785814	AA	0.0247590076910904	0	ct6VSct7	0.0091197214115848	0.0091197214115848	0
93	2	46	0.19167472	-0.03783293	AB	0	0	0.19364436	0.029661138	AA	0.00574371208488168	0	ct6VSct7	-0.0129953283494113	-0.00574371208488168	0
94	2	47	0.19167472	0.185089	AA	0.03547688225008	0	0.19364436	0.18247796	AA	0.0353358277783056	0	ct6VSct7	0.000141054471774406	0.000141054471774399	0
95	2	48	0.19167472	0.11803528	AA	0.0226243792441216	0	0.19364436	0.14633107	AA	0.0283361863982652	0	ct6VSct7	-0.0057118071541436	-0.0057118071541436	0
96	2	49	0.19167472	0.02267619	AA	0.0043464523689168	0	0.19364436	0.07442628	AA	0.0144122293577808	0	ct6VSct7	-0.010065776988864	-0.010065776988864	0
97	2	50	0.19167472	0.11017408	AA	0.0211175859352576	0	0.19364436	0.12836667	AA	0.0248574816574812	0	ct6VSct7	-0.0037398957222236	-0.0037398957222236	0
98	3	4	0.041218938	-0.15714814	AB	0	0	0.10585583	-0.13891174	AB	0	0	ct6VSct7	0.00822713809496888	0	0
99	3	5	0.041218938	-0.15474943	AB	0	0	0.10585583	-0.12533775	AB	0	0	ct6VSct7	0.00688912439587716	0	0
100	3	6	0.041218938	0.066833416	AA	0.00275480243043221	0	0.10585583	0.059538988	AA	0.00630254899210004	0	ct6VSct7	-0.00354774656166783	-0.00354774656166783	0
101	3	7	0.041218938	-0.022246194	AB	0	0	0.10585583	0.0088799324	AA	0.000939992614545892	0	ct6VSct7	-0.00185695710576786	-0.000939992614545892	0
102	3	8	0.041218938	-0.04551244	AB	0	0	0.10585583	-0.040057191	AB	0	0	ct6VSct7	0.00236431275818481	0	0
103	3	9	0.041218938	-0.15332964	AB	0	0	0.10585583	-0.13538413	AB	0	0	ct6VSct7	0.00801111452525558	0	0
104	3	10	0.041218938	-0.1707854	AB	0	0	0.10585583	-0.1623234	AB	0	0	ct6VSct7	0.0101432854215168	0	0
105	3	11	0.041218938	-0.17414729	AB	0	0	0.10585583	-0.16864965	AB	0	0	ct6VSct7	0.0106743823305815	0	0
106	3	12	0.041218938	-0.13429048	AB	0	0	0.10585583	-0.088391378	AB	0	0	ct6VSct7	0.0038214317139235	0	0
107	3	13	0.041218938	-0.0037838305	AB	0	0	0.10585583	-0.088008298	AB	0	0	ct6VSct7	0.00916022595689533	0	0
108	3	14	0.041218938	-0.19145065	AB	0	0	0.10585583	-0.18830947	AB	0	0	ct6VSct7	0.0120422627713004	0	0
109	3	15	0.041218938	-0.20129436	AB	0	0	0.10585583	-0.20101347	AB	0	0	ct6VSct7	0.0129813079634404	0	0
110	3	16	0.041218938	-0.19265948	AB	0	0	0.10585583	-0.20302246	AB	0	0	ct6VSct7	0.0135498918507096	0	0
111	3	17	0.041218938	-0.19542643	AB	0	0	0.10585583	-0.2024971	AB	0	0	ct6VSct7	0.0133802286913617	0	0
112	3	18	0.041218938	-0.19695558	AB	0	0	0.10585583	-0.20235464	AB	0	0	ct6VSct7	0.0133021185307772	0	0
113	3	19	0.041218938	-0.16507629	AB	0	0	0.10585583	-0.17403187	AB	0	0	ct6VSct7	0.0116180186825221	0	0
114	3	20	0.041218938	0.079750339	AA	0.00328722427871998	0	0.10585583	0.026111148	AA	0.00276401724379284	0	ct6VSct7	0.000523207034927142	0.00052320703492714	0
115	3	21	0.041218938	-0.089629813	AB	0	0	0.10585583	-0.09638506	AB	0	0	ct6VSct7	0.0065084748209012	0	0
116	3	22	0.041218938	-0.17799514	AB	0	0	0.10585583	-0.17188705	AB	0	0	ct6VSct7	0.0108584757040402	0	0
117	3	23	0.041218938	-0.074110683	AB	0	0	0.10585583	-0.088189629	AB	0	0	ct6VSct7	0.00628062272747242	0	0
118	3	24	0.041218938	-0.17513926	AB	0	0	0.10585583	-0.17973533	AB	0	0	ct6VSct7	0.011806978238168	0	0
119	3	25	0.041218938	-0.1783839	AB	0	0	0.10585583	-0.18355494	AB	0	0	ct6VSct7	0.012077565610002	0	0
120	3	26	0.041218938	0.04886867	AA	0.00201431467887246	0	0.10585583	0.022230364	AA	0.00235321363242212	0	ct6VSct7	-0.00033889895354966	-0.00033889895354966	0
121	3	27	0.041218938	-0.12618619	AB	0	0	0.10585583	-0.12914455	AB	0	0	ct6VSct7	0.00846944278816028	0	0
122	3	28	0.041218938	-0.19431832	AB	0	0	0.10585583	-0.19425153	AB	0	0	ct6VSct7	0.0125530621525757	0	0
123	3	29	0.041218938	-0.1142804	AB	0	0	0.10585583	-0.13361659	AB	0	0	ct6VSct7	0.0094335783140045	0	0
124	3	30	0.041218938	-0.18324422	AB	0	0	0.10585583	-0.18384934	AB	0	0	ct6VSct7	0.0119083923376138	0	0
125	3	31	0.041218938	-0.015912322	AB	0	0	0.10585583	-0.071527926	AB	0	0	ct6VSct7	0.00691575896095455	0	0
126	3	32	0.041218938	0.10504568	AA	0.00432987137108784	0	0.10585583	0.092805165	AA	0.00982396776936195	0	ct6VSct7	-0.00549409639827411	-0.00549409639827411	0
127	3	33	0.041218938	-0.13406649	AB	0	0	0.10585583	-0.13429929	AB	0	0	ct6VSct7	0.00869028447217308	0	0
128	3	34	0.041218938	-0.17995195	AB	0	0	0.10585583	-0.18321423	AB	0	0	ct6VSct7	0.0119768661144318	0	0
129	3	35	0.041218938	0.01603256	AA	0.00066084509662128	0	0.10585583	0.016333056	AA	0.00172894919931648	0	ct6VSct7	-0.0010681041026952	-0.0010681041026952	0
130	3	36	0.041218938	-0.1121982	AB	0	0	0.10585583	-0.090922245	AB	0	0	ct6VSct7	0.00499995906042675	0	0
131	3	37	0.041218938	0.063258421	AA	0.0026074449331769	0	0.10585583	0.10484256	AA	0.0110981962081248	0	ct6VSct7	-0.0084907512749479	-0.0084907512749479	0
132	3	38	0.041218938	-0.11497068	AB	0	0	0.10585583	-0.12670288	AB	0	0	ct6VSct7	0.00867326919505256	0	0
133	3	39	0.041218938	0.161061	AA	0.006638763373218	0	0.10585583	0.15917461	AA	0.0168495604564763	0	ct6VSct7	-0.0102107970832583	-0.0102107970832583	0
134	3	40	0.041218938	0.17163917	AA	0.00707478430660146	0	0.10585583	0.16305368	AA	0.0172601826309544	0	ct6VSct7	-0.0101853983243529	-0.0101853983243529	0
135	3	41	0.041218938	0.17122226	AA	0.00705759971915988	0	0.10585583	0.16808114	AA	0.0177923685820462	0	ct6VSct7	-0.0107347688628863	-0.0107347688628863	0
136	3	42	0.041218938	0.17797488	AA	0.00733593554427744	0	0.10585583	0.16383915	AA	0.0173433292097445	0	ct6VSct7	-0.0100073936654671	-0.0100073936654671	0
137	3	43	0.041218938	-0.15757896	AB	0	0	0.10585583	-0.1487899	AB	0	0	ct6VSct7	0.00925504097777252	0	0
138	3	44	0.041218938	-0.15268602	AB	0	0	0.10585583	-0.14516923	AB	0	0	ct6VSct7	0.00907345374026414	0	0
139	3	45	0.041218938	0.17675116	AA	0.00728549510546808	0	0.10585583	0.12785814	AA	0.0135345295319562	0	ct6VSct7	-0.00624903442648812	-0.00624903442648812	0
140	3	46	0.041218938	-0.03783293	AB	0	0	0.10585583	0.029661138	AA	0.00313980438173454	0	ct6VSct7	-0.00469923757776288	-0.00313980438173454	0
141	3	47	0.041218938	0.185089	AA	0.007629172015482	0	0.10585583	0.18247796	AA	0.0193163559125068	0	ct6VSct7	-0.0116871838970248	-0.0116871838970248	0
142	3	48	0.041218938	0.11803528	AA	0.00486528888813264	0	0.10585583	0.14633107	AA	0.0154899968696381	0	ct6VSct7	-0.0106247079815055	-0.0106247079815055	0
143	3	49	0.041218938	0.02267619	AA	0.00093468846968622	0	0.10585583	0.07442628	AA	0.0078784556432124	0	ct6VSct7	-0.00694376717352618	-0.00694376717352618	0
144	3	50	0.041218938	0.11017408	AA	0.00454125857272704	0	0.10585583	0.12836667	AA	0.0135883603971861	0	ct6VSct7	-0.00904710182445906	-0.00904710182445906	0
145	4	5	-0.15714814	-0.15474943	BB	0	0.0243185850905602	-0.13891174	-0.12533775	BB	0	0.017410884940185	ct6VSct7	0.0069077001503752	0	0.0069077001503752
146	4	6	-0.15714814	0.066833416	BA	0	0	-0.13891174	0.059538988	BA	0	0	ct6VSct7	-0.00223208259332712	0	0
147	4	7	-0.15714814	-0.022246194	BB	0	0.00349594800917916	-0.13891174	0.0088799324	BA	0	0	ct6VSct7	0.00472947486994554	0	0.00349594800917916
148	4	8	-0.15714814	-0.04551244	BB	0	0.0071521952928616	-0.13891174	-0.040057191	BB	0	0.00556441410132234	ct6VSct7	0.00158778119153926	0	0.00158778119153926
149	4	9	-0.15714814	-0.15332964	BB	0	0.0240954677328696	-0.13891174	-0.13538413	BB	0	0.0188064450666862	ct6VSct7	0.0052890226661834	0	0.0052890226661834
150	4	10	-0.15714814	-0.1707854	BB	0	0.026838607949156	-0.13891174	-0.1623234	BB	0	0.022548625936716	ct6VSct7	0.00428998201244	0	0.00428998201244
151	4	11	-0.15714814	-0.17414729	BB	0	0.0273669227095406	-0.13891174	-0.16864965	BB	0	0.023427416331891	ct6VSct7	0.0039395063776496	0	0.0039395063776496
152	4	12	-0.15714814	-0.13429048	BB	0	0.0211034991517072	-0.13891174	-0.088391378	BB	0	0.0122786001189777	ct6VSct7	0.00882489903272948	0	0.0088248990327295
153	4	13	-0.15714814	-0.0037838305	BB	0	0.00059462192515027	-0.13891174	-0.088008298	BB	0	0.0122253858096185	ct6VSct7	-0.0116307638844682	0	-0.0116307638844682
154	4	14	-0.15714814	-0.19145065	BB	0	0.030086113549291	-0.13891174	-0.18830947	BB	0	0.0261583961361778	ct6VSct7	0.0039277174131132	0	0.0039277174131132
155	4	15	-0.15714814	-0.20129436	BB	0	0.0316330342664904	-0.13891174	-0.20101347	BB	0	0.0279231308811378	ct6VSct7	0.00370990338535259	0	0.0037099033853526
156	4	16	-0.15714814	-0.19265948	BB	0	0.0302760789353672	-0.13891174	-0.20302246	BB	0	0.0282022031776804	ct6VSct7	0.0020738757576868	0	0.0020738757576868
157	4	17	-0.15714814	-0.19542643	BB	0	0.0307108999813402	-0.13891174	-0.2024971	BB	0	0.028129224505954	ct6VSct7	0.0025816754753862	0	0.0025816754753862
158	4	18	-0.15714814	-0.19695558	BB	0	0.0309512030596212	-0.13891174	-0.20235464	BB	0	0.0281094351394736	ct6VSct7	0.0028417679201476	0	0.0028417679201476
159	4	19	-0.15714814	-0.16507629	BB	0	0.0259414319316006	-0.13891174	-0.17403187	BB	0	0.0241750698771538	ct6VSct7	0.00176636205444679	0	0.0017663620544468
160	4	20	-0.15714814	0.079750339	BA	0	0	-0.13891174	0.026111148	BA	0	0	ct6VSct7	-0.00890547243614194	0	0
161	4	21	-0.15714814	-0.089629813	BB	0	0.0140851584014978	-0.13891174	-0.09638506	BB	0	0.0133890163946044	ct6VSct7	0.00069614200689342	0	0.000696142006893401
162	4	22	-0.15714814	-0.17799514	BB	0	0.0279716051800396	-0.13891174	-0.17188705	BB	0	0.023877129198967	ct6VSct7	0.0040944759810726	0	0.0040944759810726
163	4	23	-0.15714814	-0.074110683	BB	0	0.0116463559875796	-0.13891174	-0.088189629	BB	0	0.0122505748143445	ct6VSct7	-0.000604218826764842	0	-0.0006042188267649
164	4	24	-0.15714814	-0.17513926	BB	0	0.0275228089499764	-0.13891174	-0.17973533	BB	0	0.0249673474297742	ct6VSct7	0.0025554615202022	0	0.0025554615202022
165	4	25	-0.15714814	-0.1783839	BB	0	0.028032698090946	-0.13891174	-0.18355494	BB	0	0.0254979361009956	ct6VSct7	0.0025347619899504	0	0.0025347619899504
166	4	26	-0.15714814	0.04886867	BA	0	0	-0.13891174	0.022230364	BA	0	0	ct6VSct7	-0.00459156205070044	0	0
167	4	27	-0.15714814	-0.12618619	BB	0	0.0198299250521866	-0.13891174	-0.12914455	BB	0	0.017939694152017	ct6VSct7	0.0018902309001696	0	0.0018902309001696
168	4	28	-0.15714814	-0.19431832	BB	0	0.0305367625559248	-0.13891174	-0.19425153	BB	0	0.0269838180299622	ct6VSct7	0.0035529445259626	0	0.0035529445259626
169	4	29	-0.15714814	-0.1142804	BB	0	0.017958952298456	-0.13891174	-0.13361659	BB	0	0.0185609130097666	ct6VSct7	-0.000601960711310603	0	-0.000601960711310599
170	4	30	-0.15714814	-0.18324422	BB	0	0.0287964883387508	-0.13891174	-0.18384934	BB	0	0.0255388317172516	ct6VSct7	0.0032576566214992	0	0.0032576566214992
171	4	31	-0.15714814	-0.015912322	BB	0	0.00250059180538108	-0.13891174	-0.071527926	BB	0	0.00993606865925124	ct6VSct7	-0.00743547685387016	0	-0.00743547685387016
172	4	32	-0.15714814	0.10504568	BA	0	0	-0.13891174	0.092805165	BA	0	0	ct6VSct7	-0.0036160062758981	0	0
173	4	33	-0.15714814	-0.13406649	BB	0	0.0210682995398286	-0.13891174	-0.13429929	BB	0	0.0186557480546646	ct6VSct7	0.002412551485164	0	0.002412551485164
174	4	34	-0.15714814	-0.17995195	BB	0	0.028279114231873	-0.13891174	-0.18321423	BB	0	0.0254506074820602	ct6VSct7	0.0028285067498128	0	0.0028285067498128
175	4	35	-0.15714814	0.01603256	BA	0	0	-0.13891174	0.016333056	BA	0	0	ct6VSct7	-0.00025063375496096	0	0
176	4	36	-0.15714814	-0.1121982	BB	0	0.017631738441348	-0.13891174	-0.090922245	BB	0	0.0126301672576563	ct6VSct7	0.0050015711836917	0	0.0050015711836917
177	4	37	-0.15714814	0.063258421	BA	0	0	-0.13891174	0.10484256	BA	0	0	ct6VSct7	0.00462291923616746	0	0
178	4	38	-0.15714814	-0.11497068	BB	0	0.0180674285165352	-0.13891174	-0.12670288	BB	0	0.0176005175238112	ct6VSct7	0.000466910992724001	0	0.000466910992724001
179	4	39	-0.15714814	0.161061	BA	0	0	-0.13891174	0.15917461	BA	0	0	ct6VSct7	-0.0031992145376186	0	0
180	4	40	-0.15714814	0.17163917	BA	0	0	-0.13891174	0.16305368	BA	0	0	ct6VSct7	-0.0043227059144406	0	0
181	4	41	-0.15714814	0.17122226	BA	0	0	-0.13891174	0.16808114	BA	0	0	ct6VSct7	-0.00355881606701279	0	0
182	4	42	-0.15714814	0.17797488	BA	0	0	-0.13891174	0.16383915	BA	0	0	ct6VSct7	-0.0052092399521022	0	0
183	4	43	-0.15714814	-0.15757896	BB	0	0.0247632404671344	-0.13891174	-0.1487899	BB	0	0.020668663903426	ct6VSct7	0.0040945765637084	0	0.0040945765637084
184	4	44	-0.15714814	-0.15268602	BB	0	0.0239943240470028	-0.13891174	-0.14516923	BB	0	0.0201657103337602	ct6VSct7	0.0038286137132426	0	0.0038286137132426
185	4	45	-0.15714814	0.17675116	BA	0	0	-0.13891174	0.12785814	BA	0	0	ct6VSct7	-0.0100151193362788	0	0
186	4	46	-0.15714814	-0.03783293	BB	0	0.0059453745802502	-0.13891174	0.029661138	BA	0	0	ct6VSct7	0.0100656548702103	0	0.0059453745802502
187	4	47	-0.15714814	0.185089	BA	0	0	-0.13891174	0.18247796	BA	0	0	ct6VSct7	-0.0037380611492096	0	0
188	4	48	-0.15714814	0.11803528	BA	0	0	-0.13891174	0.14633107	BA	0	0	ct6VSct7	0.0017780788433826	0	0
189	4	49	-0.15714814	0.02267619	BA	0	0	-0.13891174	0.07442628	BA	0	0	ct6VSct7	0.0067751629757406	0	0
190	4	50	-0.15714814	0.11017408	BA	0	0	-0.13891174	0.12836667	BA	0	0	ct6VSct7	0.000517985739494603	0	0
191	5	6	-0.15474943	0.066833416	BA	0	0	-0.12533775	0.059538988	BA	0	0	ct6VSct7	-0.00287995023775588	0	0
192	5	7	-0.15474943	-0.022246194	BB	0	0.00344258584116942	-0.12533775	0.0088799324	BA	0	0	ct6VSct7	0.00455557658833752	0	0.00344258584116942
193	5	8	-0.15474943	-0.04551244	BB	0	0.0070430241479092	-0.12533775	-0.040057191	BB	0	0.00502067819126025	ct6VSct7	0.00202234595664895	0	0.00202234595664895
194	5	9	-0.15474943	-0.15332964	BB	0	0.0237276743921052	-0.12533775	-0.13538413	BB	0	0.0169687422399075	ct6VSct7	0.0067589321521977	0	0.0067589321521977
195	5	10	-0.15474943	-0.1707854	BB	0	0.026428943302322	-0.12533775	-0.1623234	BB	0	0.02034524972835	ct6VSct7	0.006083693573972	0	0.006083693573972
196	5	11	-0.15474943	-0.17414729	BB	0	0.0269491938635447	-0.12533775	-0.16864965	BB	0	0.0211381676692875	ct6VSct7	0.0058110261942572	0	0.0058110261942572
197	5	12	-0.15474943	-0.13429048	BB	0	0.0207813752344264	-0.12533775	-0.088391378	BB	0	0.0110787764379195	ct6VSct7	0.0097025987965069	0	0.0097025987965069
198	5	13	-0.15474943	-0.0037838305	BB	0	0.000585545613091615	-0.12533775	-0.088008298	BB	0	0.0110307620526495	ct6VSct7	-0.0104452164395579	0	-0.0104452164395579
199	5	14	-0.15474943	-0.19145065	BB	0	0.0296268789606295	-0.12533775	-0.18830947	BB	0	0.0236022852734925	ct6VSct7	0.006024593687137	0	0.006024593687137
200	5	15	-0.15474943	-0.20129436	BB	0	0.0311501874722148	-0.12533775	-0.20101347	BB	0	0.0251945760494925	ct6VSct7	0.0059556114227223	0	0.0059556114227223
201	5	16	-0.15474943	-0.19265948	BB	0	0.0298139447140964	-0.12533775	-0.20302246	BB	0	0.025446378335865	ct6VSct7	0.0043675663782314	0	0.0043675663782314
202	5	17	-0.15474943	-0.19542643	BB	0	0.0302421286494349	-0.12533775	-0.2024971	BB	0	0.025380530895525	ct6VSct7	0.0048615977539099	0	0.0048615977539099
203	5	18	-0.15474943	-0.19695558	BB	0	0.0304787637403194	-0.12533775	-0.20235464	BB	0	0.02536267527966	ct6VSct7	0.0051160884606594	0	0.0051160884606594
204	5	19	-0.15474943	-0.16507629	BB	0	0.0255454617840147	-0.12533775	-0.17403187	BB	0	0.0218127630140925	ct6VSct7	0.0037326987699222	0	0.0037326987699222
205	5	20	-0.15474943	0.079750339	BA	0	0	-0.12533775	0.026111148	BA	0	0	ct6VSct7	-0.00906860696231977	0	0
206	5	21	-0.15474943	-0.089629813	BB	0	0.0138701624727566	-0.12533775	-0.09638506	BB	0	0.012080686554015	ct6VSct7	0.00178947591874159	0	0.0017894759187416
207	5	22	-0.15474943	-0.17799514	BB	0	0.0275446464577702	-0.12533775	-0.17188705	BB	0	0.0215439361011375	ct6VSct7	0.0060007103566327	0	0.0060007103566327
208	5	23	-0.15474943	-0.074110683	BB	0	0.0114685859511607	-0.12533775	-0.088189629	BB	0	0.0110534896721948	ct6VSct7	0.000415096278965937	0	0.000415096278965901
209	5	24	-0.15474943	-0.17513926	BB	0	0.0271027006556218	-0.12533775	-0.17973533	BB	0	0.0225276218577075	ct6VSct7	0.0045750787979143	0	0.0045750787979143
210	5	25	-0.15474943	-0.1783839	BB	0	0.027604806846177	-0.12533775	-0.18355494	BB	0	0.023006363180985	ct6VSct7	0.004598443665192	0	0.004598443665192
211	5	26	-0.15474943	0.04886867	BA	0	0	-0.12533775	0.022230364	BA	0	0	ct6VSct7	-0.0047760950219171	0	0
212	5	27	-0.15474943	-0.12618619	BB	0	0.0195272409763717	-0.12533775	-0.12914455	BB	0	0.0161866873217625	ct6VSct7	0.0033405536546092	0	0.0033405536546092
213	5	28	-0.15474943	-0.19431832	BB	0	0.0300706492585576	-0.12533775	-0.19425153	BB	0	0.0243470497042575	ct6VSct7	0.0057235995543001	0	0.0057235995543001
214	5	29	-0.15474943	-0.1142804	BB	0	0.017684826760172	-0.12533775	-0.13361659	BB	0	0.0167472027532725	ct6VSct7	0.0009376240068995	0	0.0009376240068995
215	5	30	-0.15474943	-0.18324422	BB	0	0.0283569385957946	-0.12533775	-0.18384934	BB	0	0.023043262614585	ct6VSct7	0.0053136759812096	0	0.0053136759812096
216	5	31	-0.15474943	-0.015912322	BB	0	0.00246242275947646	-0.12533775	-0.071527926	BB	0	0.0089651493070065	ct6VSct7	-0.00650272654753004	0	-0.00650272654753004
217	5	32	-0.15474943	0.10504568	BA	0	0	-0.12533775	0.092805165	BA	0	0	ct6VSct7	-0.00462376853448365	0	0
218	5	33	-0.15474943	-0.13406649	BB	0	0.0207467129096007	-0.12533775	-0.13429929	BB	0	0.0168327708351975	ct6VSct7	0.0039139420744032	0	0.0039139420744032
219	5	34	-0.15474943	-0.17995195	BB	0	0.0278474616898885	-0.12533775	-0.18321423	BB	0	0.0229636593561825	ct6VSct7	0.004883802333706	0	0.004883802333706
220	5	35	-0.15474943	0.01603256	BA	0	0	-0.12533775	0.016333056	BA	0	0	ct6VSct7	-0.0004338810317768	0	0
221	5	36	-0.15474943	-0.1121982	BB	0	0.017362607497026	-0.12533775	-0.090922245	BB	0	0.0113959896132487	ct6VSct7	0.00596661788377725	0	0.0059666178837773
222	5	37	-0.15474943	0.063258421	BA	0	0	-0.12533775	0.10484256	BA	0	0	ct6VSct7	0.00335152598218997	0	0
223	5	38	-0.15474943	-0.11497068	BB	0	0.0177916471967124	-0.12533775	-0.12670288	BB	0	0.01588065389772	ct6VSct7	0.0019109932989924	0	0.0019109932989924
224	5	39	-0.15474943	0.161061	BA	0	0	-0.12533775	0.15917461	BA	0	0	ct6VSct7	-0.0049735104707025	0	0
225	5	40	-0.15474943	0.17163917	BA	0	0	-0.12533775	0.16305368	BA	0	0	ct6VSct7	-0.0061242823427531	0	0
226	5	41	-0.15474943	0.17122226	BA	0	0	-0.12533775	0.16808114	BA	0	0	ct6VSct7	-0.0054296352332768	0	0
227	5	42	-0.15474943	0.17797488	BA	0	0	-0.12533775	0.16383915	BA	0	0	ct6VSct7	-0.0070062808114059	0	0
228	5	43	-0.15474943	-0.15757896	BB	0	0.0243852542399928	-0.12533775	-0.1487899	BB	0	0.018648991288725	ct6VSct7	0.0057362629512678	0	0.0057362629512678
229	5	44	-0.15474943	-0.15268602	BB	0	0.0236280745639686	-0.12533775	-0.14516923	BB	0	0.0181951846574325	ct6VSct7	0.0054328899065361	0	0.0054328899065361
230	5	45	-0.15474943	0.17675116	BA	0	0	-0.12533775	0.12785814	BA	0	0	ct6VSct7	-0.0113266896750538	0	0
231	5	46	-0.15474943	-0.03783293	BB	0	0.0058546243527299	-0.12533775	0.029661138	BA	0	0	ct6VSct7	0.0095722846520894	0	0.0058546243527299
232	5	47	-0.15474943	0.185089	BA	0	0	-0.12533775	0.18247796	BA	0	0	ct6VSct7	-0.00577104031828	0	0
233	5	48	-0.15474943	0.11803528	BA	0	0	-0.12533775	0.14633107	BA	0	0	ct6VSct7	7.49147690021004e-05	0	0
234	5	49	-0.15474943	0.02267619	BA	0	0	-0.12533775	0.07442628	BA	0	0	ct6VSct7	0.0058192949989983	0	0
235	5	50	-0.15474943	0.11017408	BA	0	0	-0.12533775	0.12836667	BA	0	0	ct6VSct7	-0.0009601864879819	0	0
236	6	7	0.066833416	-0.022246194	AB	0	0	0.059538988	0.0088799324	AA	0.000528702188604411	0	ct6VSct7	-0.00201549132662312	-0.000528702188604411	0
237	6	8	0.066833416	-0.04551244	AB	0	0	0.059538988	-0.040057191	AB	0	0	ct6VSct7	-0.000656787221432332	0	0
238	6	9	0.066833416	-0.15332964	AB	0	0	0.059538988	-0.13538413	AB	0	0	ct6VSct7	-0.0021869095237898	0	0
239	6	10	0.066833416	-0.1707854	AB	0	0	0.059538988	-0.1623234	AB	0	0	ct6VSct7	-0.0017496007202072	0	0
240	6	11	0.066833416	-0.17414729	AB	0	0	0.059538988	-0.16864965	AB	0	0	ct6VSct7	-0.00159762879028844	0	0
241	6	12	0.066833416	-0.13429048	AB	0	0	0.059538988	-0.088391378	AB	0	0	ct6VSct7	-0.00371235832063422	0	0
242	6	13	0.066833416	-0.0037838305	AB	0	0	0.059538988	-0.088008298	AB	0	0	ct6VSct7	0.00498703868064244	0	0
243	6	14	0.066833416	-0.19145065	AB	0	0	0.059538988	-0.18830947	AB	0	0	ct6VSct7	-0.00158354566030404	0	0
244	6	15	0.066833416	-0.20129436	AB	0	0	0.059538988	-0.20101347	AB	0	0	ct6VSct7	-0.0014850511221654	0	0
245	6	16	0.066833416	-0.19265948	AB	0	0	0.059538988	-0.20302246	AB	0	0	ct6VSct7	-0.000788339363513201	0	0
246	6	17	0.066833416	-0.19542643	AB	0	0	0.059538988	-0.2024971	AB	0	0	ct6VSct7	-0.00100454348665008	0	0
247	6	18	0.066833416	-0.19695558	AB	0	0	0.059538988	-0.20235464	AB	0	0	ct6VSct7	-0.00111522372895696	0	0
248	6	19	0.066833416	-0.16507629	AB	0	0	0.059538988	-0.17403187	AB	0	0	ct6VSct7	-0.000670930941759079	0	0
249	6	20	0.066833416	0.079750339	AA	0.00532998758252802	0	0.059538988	0.026111148	AA	0.00155463132743822	0	ct6VSct7	0.0037753562550898	0.0037753562550898	0
250	6	21	0.066833416	-0.089629813	AB	0	0	0.059538988	-0.09638506	AB	0	0	ct6VSct7	-0.000251597647511929	0	0
251	6	22	0.066833416	-0.17799514	AB	0	0	0.059538988	-0.17188705	AB	0	0	ct6VSct7	-0.00166204223029284	0	0
252	6	23	0.066833416	-0.074110683	AB	0	0	0.059538988	-0.088189629	AB	0	0	ct6VSct7	0.000297651155772324	0	0
253	6	24	0.066833416	-0.17513926	AB	0	0	0.059538988	-0.17973533	AB	0	0	ct6VSct7	-0.00100389536546612	0	0
254	6	25	0.066833416	-0.1783839	AB	0	0	0.059538988	-0.18355494	AB	0	0	ct6VSct7	-0.000993330026401682	0	0
255	6	26	0.066833416	0.04886867	AA	0.00326606015147672	0	0.059538988	0.022230364	AA	0.00132357337543163	0	ct6VSct7	0.00194248677604509	0.00194248677604509	0
256	6	27	0.066833416	-0.12618619	AB	0	0	0.059538988	-0.12914455	AB	0	0	ct6VSct7	-0.000744318317009642	0	0
257	6	28	0.066833416	-0.19431832	AB	0	0	0.059538988	-0.19425153	AB	0	0	ct6VSct7	-0.00142141760332948	0	0
258	6	29	0.066833416	-0.1142804	AB	0	0	0.059538988	-0.13361659	AB	0	0	ct6VSct7	0.000317647034764519	0	0
259	6	30	0.066833416	-0.18324422	AB	0	0	0.059538988	-0.18384934	AB	0	0	ct6VSct7	-0.0013006335367876	0	0
260	6	31	0.066833416	-0.015912322	AB	0	0	0.059538988	-0.071527926	AB	0	0	ct6VSct7	0.00319522549202694	0	0
261	6	32	0.066833416	0.10504568	AA	0.00702056163044288	0	0.059538988	0.092805165	AA	0.00552552560527302	0	ct6VSct7	0.00149503602516986	0.00149503602516986	0
262	6	33	0.066833416	-0.13406649	AB	0	0	0.059538988	-0.13429929	AB	0	0	ct6VSct7	-0.000964077682111321	0	0
263	6	34	0.066833416	-0.17995195	AB	0	0	0.059538988	-0.18321423	AB	0	0	ct6VSct7	-0.00111841369296196	0	0
264	6	35	0.066833416	0.01603256	AA	0.00107151075202496	0	0.059538988	0.016333056	AA	0.000972453625187328	0	ct6VSct7	9.90571268376322e-05	9.9057126837632e-05	0
265	6	36	0.066833416	-0.1121982	AB	0	0	0.059538988	-0.090922245	AB	0	0	ct6VSct7	-0.00208517052106314	0	0
266	6	37	0.066833416	0.063258421	AA	0.00422777636619614	0	0.059538988	0.10484256	AA	0.00624221992172928	0	ct6VSct7	-0.00201444355553314	-0.00201444355553314	0
267	6	38	0.066833416	-0.11497068	AB	0	0	0.059538988	-0.12670288	AB	0	0	ct6VSct7	-0.000140122032357442	0	0
268	6	39	0.066833416	0.161061	AA	0.010764256814376	0	0.059538988	0.15917461	AA	0.00947709519469468	0	ct6VSct7	0.00128716161968132	0.00128716161968132	0
269	6	40	0.066833416	0.17163917	AA	0.0114712320505047	0	0.059538988	0.16305368	AA	0.00970805109687584	0	ct6VSct7	0.00176318095362888	0.00176318095362886	0
270	6	41	0.066833416	0.17122226	AA	0.0114433685310402	0	0.059538988	0.16808114	AA	0.0100073809774863	0	ct6VSct7	0.00143598755355384	0.0014359875535539	0
271	6	42	0.066833416	0.17797488	AA	0.0118946691925901	0	0.059538988	0.16383915	AA	0.0097548171857802	0	ct6VSct7	0.00213985200680988	0.0021398520068099	0
272	6	43	0.066833416	-0.15757896	AB	0	0	0.059538988	-0.1487899	AB	0	0	ct6VSct7	-0.00167274011590616	0	0
273	6	44	0.066833416	-0.15268602	AB	0	0	0.059538988	-0.14516923	AB	0	0	ct6VSct7	-0.00156129924910508	0	0
274	6	45	0.066833416	0.17675116	AA	0.0118128838047626	0	0.059538988	0.12785814	AA	0.00761254426316232	0	ct6VSct7	0.00420033954160024	0.00420033954160028	0
275	6	46	0.066833416	-0.03783293	AB	0	0	0.059538988	0.029661138	AA	0.00176599413944834	0	ct6VSct7	-0.00429449808863722	-0.00176599413944834	0
276	6	47	0.066833416	0.185089	AA	0.012370130134024	0	0.059538988	0.18247796	AA	0.0108645530707045	0	ct6VSct7	0.00150557706331952	0.0015055770633195	0
277	6	48	0.066833416	0.11803528	AA	0.00788870097091648	0	0.059538988	0.14633107	AA	0.00871240382075716	0	ct6VSct7	-0.00082370284984068	-0.000823702849840681	0
278	6	49	0.066833416	0.02267619	AA	0.00151552723956504	0	0.059538988	0.07442628	AA	0.00443126539180464	0	ct6VSct7	-0.0029157381522396	-0.0029157381522396	0
279	6	50	0.066833416	0.11017408	AA	0.00736331012105728	0	0.059538988	0.12836667	AA	0.00764282162472996	0	ct6VSct7	-0.00027951150367268	-0.00027951150367268	0
280	7	8	-0.022246194	-0.04551244	BB	0	0.00101247856965336	0.0088799324	-0.040057191	AB	0	0	ct6VSct7	0.00136818371786725	0	0.00101247856965336
281	7	9	-0.022246194	-0.15332964	BB	0	0.00341100091739016	0.0088799324	-0.13538413	AB	0	0	ct6VSct7	0.00461320283982297	0	0.00341100091739016
282	7	10	-0.022246194	-0.1707854	BB	0	0.0037993251407676	0.0088799324	-0.1623234	AB	0	0	ct6VSct7	0.00524074595970576	0	0.0037993251407676
283	7	11	-0.022246194	-0.17414729	BB	0	0.00387411439791426	0.0088799324	-0.16864965	AB	0	0	ct6VSct7	0.00537171188919792	0	0.00387411439791426
284	7	12	-0.022246194	-0.13429048	BB	0	0.00298745207043312	0.0088799324	-0.088391378	AB	0	0	ct6VSct7	0.00377236153181597	0	0.00298745207043312
285	7	13	-0.022246194	-0.0037838305	BB	0	8.4175827366117e-05	0.0088799324	-0.088008298	AB	0	0	ct6VSct7	0.000865683564245172	0	8.4175827366117e-05
286	7	14	-0.022246194	-0.19145065	BB	0	0.0042590483013261	0.0088799324	-0.18830947	AB	0	0	ct6VSct7	0.00593122366520593	0	0.0042590483013261
287	7	15	-0.022246194	-0.20129436	BB	0	0.00447803338366584	0.0088799324	-0.20101347	AB	0	0	ct6VSct7	0.00626301940875527	0	0.00447803338366584
288	7	16	-0.022246194	-0.19265948	BB	0	0.00428594016801912	0.0088799324	-0.20302246	AB	0	0	ct6VSct7	0.00608876588850082	0	0.00428594016801912
289	7	17	-0.022246194	-0.19542643	BB	0	0.00434749427450742	0.0088799324	-0.2024971	AB	0	0	ct6VSct7	0.00614565483370346	0	0.00434749427450742
290	7	18	-0.022246194	-0.19695558	BB	0	0.00438151204206252	0.0088799324	-0.20235464	AB	0	0	ct6VSct7	0.00617840756608886	0	0.00438151204206252
291	7	19	-0.022246194	-0.16507629	BB	0	0.00367231917214026	0.0088799324	-0.17403187	AB	0	0	ct6VSct7	0.00521771041318585	0	0.00367231917214026
292	7	20	-0.022246194	0.079750339	BA	0	0	0.0088799324	0.026111148	AA	0.000231865229126395	0	ct6VSct7	-0.00200600674208616	-0.000231865229126395	0
293	7	21	-0.022246194	-0.089629813	BB	0	0.00199392220818172	0.0088799324	-0.09638506	AB	0	0	ct6VSct7	0.00284981502535167	0	0.00199392220818172
294	7	22	-0.022246194	-0.17799514	BB	0	0.00395971441549716	0.0088799324	-0.17188705	AB	0	0	ct6VSct7	0.00548605979993258	0	0.00395971441549716
295	7	23	-0.022246194	-0.074110683	BB	0	0.0016486806314905	0.0088799324	-0.088189629	AB	0	0	ct6VSct7	0.00243179857539158	0	0.0016486806314905
296	7	24	-0.022246194	-0.17513926	BB	0	0.00389618195497644	0.0088799324	-0.17973533	AB	0	0	ct6VSct7	0.00549221953526813	0	0.00389618195497644
297	7	25	-0.022246194	-0.1783839	BB	0	0.0039683628458766	0.0088799324	-0.18355494	AB	0	0	ct6VSct7	0.00559831830476266	0	0.0039683628458766
298	7	26	-0.022246194	0.04886867	BA	0	0	0.0088799324	0.022230364	AA	0.000197404129547394	0	ct6VSct7	-0.00128454604288937	-0.000197404129547394	0
299	7	27	-0.022246194	-0.12618619	BB	0	0.00280716246286086	0.0088799324	-0.12914455	AB	0	0	ct6VSct7	0.00395395733668928	0	0.00280716246286086
300	7	28	-0.022246194	-0.19431832	BB	0	0.00432284304447408	0.0088799324	-0.19425153	AB	0	0	ct6VSct7	0.00604778349947065	0	0.00432284304447408
301	7	29	-0.022246194	-0.1142804	BB	0	0.0025423039487976	0.0088799324	-0.13361659	AB	0	0	ct6VSct7	0.00372881023551612	0	0.0025423039487976
302	7	30	-0.022246194	-0.18324422	BB	0	0.00407648646749868	0.0088799324	-0.18384934	AB	0	0	ct6VSct7	0.0057090561784833	0	0.00407648646749868
303	7	31	-0.022246194	-0.015912322	BB	0	0.000353988602202468	0.0088799324	-0.071527926	AB	0	0	ct6VSct7	0.00098915174979467	0	0.000353988602202468
304	7	32	-0.022246194	0.10504568	BA	0	0	0.0088799324	0.092805165	AA	0.000824103591570846	0	ct6VSct7	-0.00316097016771277	-0.000824103591570846	0
305	7	33	-0.022246194	-0.13406649	BB	0	0.00298246914543906	0.0088799324	-0.13429929	AB	0	0	ct6VSct7	0.00417503776200706	0	0.00298246914543906
306	7	34	-0.022246194	-0.17995195	BB	0	0.0040032459903783	0.0088799324	-0.18321423	AB	0	0	ct6VSct7	0.00563017596749635	0	0.0040032459903783
307	7	35	-0.022246194	0.01603256	BA	0	0	0.0088799324	0.016333056	AA	0.000145036433165414	0	ct6VSct7	-0.000501699873242054	-0.000145036433165414	0
308	7	36	-0.022246194	-0.1121982	BB	0	0.0024959829236508	0.0088799324	-0.090922245	AB	0	0	ct6VSct7	0.00330336631290704	0	0.0024959829236508
309	7	37	-0.022246194	0.063258421	BA	0	0	0.0088799324	0.10484256	AA	0.000930994845442944	0	ct6VSct7	-0.00233825395114262	-0.000930994845442944	0
310	7	38	-0.022246194	-0.11497068	BB	0	0.00255766005159192	0.0088799324	-0.12670288	AB	0	0	ct6VSct7	0.00368277306087723	0	0.00255766005159192
311	7	39	-0.022246194	0.161061	BA	0	0	0.0088799324	0.15917461	AA	0.00141345977659636	0	ct6VSct7	-0.00499645402843036	-0.00141345977659636	0
312	7	40	-0.022246194	0.17163917	BA	0	0	0.0088799324	0.16305368	AA	0.00144790565597123	0	ct6VSct7	-0.00526622392979021	-0.00144790565597123	0
313	7	41	-0.022246194	0.17122226	BA	0	0	0.0088799324	0.16808114	AA	0.00149254916091494	0	ct6VSct7	-0.00530159277399338	-0.00149254916091494	0
314	7	42	-0.022246194	0.17797488	BA	0	0	0.0088799324	0.16383915	AA	0.00145488057647346	0	ct6VSct7	-0.00541414428408018	-0.00145488057647346	0
315	7	43	-0.022246194	-0.15757896	BB	0	0.00350553211447824	0.0088799324	-0.1487899	AB	0	0	ct6VSct7	0.004826776368281	0	0.00350553211447824
316	7	44	-0.022246194	-0.15268602	BB	0	0.00339668282200788	0.0088799324	-0.14516923	AB	0	0	ct6VSct7	0.00468577577096793	0	0.00339668282200788
317	7	45	-0.022246194	0.17675116	BA	0	0	0.0088799324	0.12785814	AA	0.00113537163998974	0	ct6VSct7	-0.00506741223507478	-0.00113537163998974	0
318	7	46	-0.022246194	-0.03783293	BB	0	0.00084163870036842	0.0088799324	0.029661138	AA	0.000263388900347071	0	ct6VSct7	0.000578249800021349	-0.000263388900347071	0.00084163870036842
319	7	47	-0.022246194	0.185089	BA	0	0	0.0088799324	0.18247796	AA	0.0016203919492899	0	ct6VSct7	-0.0057379177505559	-0.0016203919492899	0
320	7	48	-0.022246194	0.11803528	BA	0	0	0.0088799324	0.14633107	AA	0.00129941000961967	0	ct6VSct7	-0.00392524574734399	-0.00129941000961967	0
321	7	49	-0.022246194	0.02267619	BA	0	0	0.0088799324	0.07442628	AA	0.000660900335183472	0	ct6VSct7	-0.00116535925710433	-0.000660900335183472	0
322	7	50	-0.022246194	0.11017408	BA	0	0	0.0088799324	0.12836667	AA	0.00113988735201311	0	ct6VSct7	-0.00359084130946463	-0.00113988735201311	0
323	8	9	-0.04551244	-0.15332964	BB	0	0.0069784060407216	-0.040057191	-0.13538413	BB	0	0.00542310795377883	ct6VSct7	0.00155529808694277	0	0.00155529808694277
324	8	10	-0.04551244	-0.1707854	BB	0	0.007772860270376	-0.040057191	-0.1623234	BB	0	0.0065022194375694	ct6VSct7	0.0012706408328066	0	0.0012706408328066
325	8	11	-0.04551244	-0.17414729	BB	0	0.0079258680872876	-0.040057191	-0.16864965	BB	0	0.00675563124213315	ct6VSct7	0.00117023684515445	0	0.00117023684515445
326	8	12	-0.04551244	-0.13429048	BB	0	0.0061118874135712	-0.040057191	-0.088391378	BB	0	0.0035407103112992	ct6VSct7	0.002571177102272	0	0.002571177102272
327	8	13	-0.04551244	-0.0037838305	BB	0	0.00017221135860142	-0.040057191	-0.088008298	BB	0	0.00352536520257092	ct6VSct7	-0.0033531538439695	0	-0.0033531538439695
328	8	14	-0.04551244	-0.19145065	BB	0	0.008713386221086	-0.040057191	-0.18830947	BB	0	0.00754314840689877	ct6VSct7	0.00117023781418723	0	0.00117023781418723
329	8	15	-0.04551244	-0.20129436	BB	0	0.0091613974818384	-0.040057191	-0.20101347	BB	0	0.00805203496136277	ct6VSct7	0.00110936252047563	0	0.00110936252047563
330	8	16	-0.04551244	-0.19265948	BB	0	0.0087684030239312	-0.040057191	-0.20302246	BB	0	0.00813250945750986	ct6VSct7	0.000635893566421341	0	0.000635893566421341
331	8	17	-0.04551244	-0.19542643	BB	0	0.0088943336697892	-0.040057191	-0.2024971	BB	0	0.0081114650116461	ct6VSct7	0.0007828686581431	0	0.0007828686581431
332	8	18	-0.04551244	-0.19695558	BB	0	0.0089639290174152	-0.040057191	-0.20235464	BB	0	0.00810575846421624	ct6VSct7	0.000858170553198961	0	0.000858170553198961
333	8	19	-0.04551244	-0.16507629	BB	0	0.0075130247440476	-0.040057191	-0.17403187	BB	0	0.00697122785667717	ct6VSct7	0.00054179688737043	0	0.00054179688737043
334	8	20	-0.04551244	0.079750339	BA	0	0	-0.040057191	0.026111148	BA	0	0	ct6VSct7	-0.00258369327605189	0	0
335	8	21	-0.04551244	-0.089629813	BB	0	0.00407927148637372	-0.040057191	-0.09638506	BB	0	0.00386091475796646	ct6VSct7	0.000218356728407261	0	0.00021835672840726
336	8	22	-0.04551244	-0.17799514	BB	0	0.0081009931295416	-0.040057191	-0.17188705	BB	0	0.00688531239227655	ct6VSct7	0.00121568073726505	0	0.00121568073726505
337	8	23	-0.04551244	-0.074110683	BB	0	0.00337295801339652	-0.040057191	-0.088189629	BB	0	0.00353262881307214	ct6VSct7	-0.000159670799675619	0	-0.00015967079967562
338	8	24	-0.04551244	-0.17513926	BB	0	0.0079710150623944	-0.040057191	-0.17973533	BB	0	0.00719969244325803	ct6VSct7	0.00077132261913637	0	0.00077132261913637
339	8	25	-0.04551244	-0.1783839	BB	0	0.008118686545716	-0.040057191	-0.18355494	BB	0	0.00735269529057354	ct6VSct7	0.000765991255142461	0	0.00076599125514246
340	8	26	-0.04551244	0.04886867	BA	0	0	-0.040057191	0.022230364	BA	0	0	ct6VSct7	-0.00133364647450728	0	0
341	8	27	-0.04551244	-0.12618619	BB	0	0.0057430414012036	-0.040057191	-0.12914455	BB	0	0.00517316790595905	ct6VSct7	0.000569873495244551	0	0.00056987349524455
342	8	28	-0.04551244	-0.19431832	BB	0	0.0088439008799008	-0.040057191	-0.19425153	BB	0	0.00778117063925223	ct6VSct7	0.00106273024064857	0	0.00106273024064857
343	8	29	-0.04551244	-0.1142804	BB	0	0.005201179848176	-0.040057191	-0.13361659	BB	0	0.00535230526639869	ct6VSct7	-0.00015112541822269	0	-0.00015112541822269
344	8	30	-0.04551244	-0.18324422	BB	0	0.0083398915680968	-0.040057191	-0.18384934	BB	0	0.00736448812760394	ct6VSct7	0.000975403440492861	0	0.000975403440492861
345	8	31	-0.04551244	-0.015912322	BB	0	0.00072420860028568	-0.040057191	-0.071527926	BB	0	0.00286520779361587	ct6VSct7	-0.00214099919333019	0	-0.00214099919333019
346	8	32	-0.04551244	0.10504568	BA	0	0	-0.040057191	0.092805165	BA	0	0	ct6VSct7	-0.00106337098806769	0	0
347	8	33	-0.04551244	-0.13406649	BB	0	0.0061016930821356	-0.040057191	-0.13429929	BB	0	0.00537965231069439	ct6VSct7	0.000722040771441211	0	0.00072204077144121
348	8	34	-0.04551244	-0.17995195	BB	0	0.008190052327258	-0.040057191	-0.18321423	BB	0	0.00733904740502793	ct6VSct7	0.00085100492223007	0	0.00085100492223007
349	8	35	-0.04551244	0.01603256	BA	0	0	-0.040057191	0.016333056	BA	0	0	ct6VSct7	-7.54245812407042e-05	0	0
350	8	36	-0.04551244	-0.1121982	BB	0	0.005106413845608	-0.040057191	-0.090922245	BB	0	0.0036420897341138	ct6VSct7	0.00146432411149421	0	0.0014643241114942
351	8	37	-0.04551244	0.063258421	BA	0	0	-0.040057191	0.10484256	BA	0	0	ct6VSct7	0.00132065336059172	0	0
352	8	38	-0.04551244	-0.11497068	BB	0	0.0052325961752592	-0.040057191	-0.12670288	BB	0	0.00507536146441008	ct6VSct7	0.000157234710849121	0	0.00015723471084912
353	8	39	-0.04551244	0.161061	BA	0	0	-0.040057191	0.15917461	BA	0	0	ct6VSct7	-0.000954191343719491	0	0
354	8	40	-0.04551244	0.17163917	BA	0	0	-0.040057191	0.16305368	BA	0	0	ct6VSct7	-0.00128024502326192	0	0
355	8	41	-0.04551244	0.17122226	BA	0	0	-0.040057191	0.16808114	BA	0	0	ct6VSct7	-0.00105988450643666	0	0
356	8	42	-0.04551244	0.17797488	BA	0	0	-0.040057191	0.16383915	BA	0	0	ct6VSct7	-0.00153713492267955	0	0
357	8	43	-0.04551244	-0.15757896	BB	0	0.0071718029622624	-0.040057191	-0.1487899	BB	0	0.0059601054431709	ct6VSct7	0.0012116975190915	0	0.0012116975190915
358	8	44	-0.04551244	-0.15268602	BB	0	0.0069491133240888	-0.040057191	-0.14516923	BB	0	0.00581507157343293	ct6VSct7	0.00113404175065587	0	0.00113404175065587
359	8	45	-0.04551244	0.17675116	BA	0	0	-0.040057191	0.12785814	BA	0	0	ct6VSct7	-0.00292273862954566	0	0
360	8	46	-0.04551244	-0.03783293	BB	0	0.0017218689566492	-0.040057191	0.029661138	BA	0	0	ct6VSct7	0.00291001082679256	0	0.0017218689566492
361	8	47	-0.04551244	0.185089	BA	0	0	-0.040057191	0.18247796	BA	0	0	ct6VSct7	-0.00111429751014964	0	0
362	8	48	-0.04551244	0.11803528	BA	0	0	-0.040057191	0.14633107	BA	0	0	ct6VSct7	0.00048953802134117	0	0
363	8	49	-0.04551244	0.02267619	BA	0	0	-0.040057191	0.07442628	BA	0	0	ct6VSct7	0.00194925897657588	0	0
364	8	50	-0.04551244	0.11017408	BA	0	0	-0.040057191	0.12836667	BA	0	0	ct6VSct7	0.000127717012668769	0	0
365	9	10	-0.15332964	-0.1707854	BB	0	0.026186463899256	-0.13538413	-0.1623234	BB	0	0.021976012287642	ct6VSct7	0.004210451611614	0	0.004210451611614
366	9	11	-0.15332964	-0.17414729	BB	0	0.0267019412826756	-0.13538413	-0.16864965	BB	0	0.0228324861400545	ct6VSct7	0.0038694551426211	0	0.0038694551426211
367	9	12	-0.15332964	-0.13429048	BB	0	0.0205907109538272	-0.13538413	-0.088391378	BB	0	0.0119667898100311	ct6VSct7	0.00862392114379606	0	0.0086239211437961
368	9	13	-0.15332964	-0.0037838305	BB	0	0.00058017336838602	-0.13538413	-0.088008298	BB	0	0.0119149268575107	ct6VSct7	-0.0113347534891247	0	-0.0113347534891247
369	9	14	-0.15332964	-0.19145065	BB	0	0.029355059242266	-0.13538413	-0.18830947	BB	0	0.0254941137667111	ct6VSct7	0.0038609454755549	0	0.0038609454755549
370	9	15	-0.15332964	-0.20129436	BB	0	0.0308643917528304	-0.13538413	-0.20101347	BB	0	0.0272140337542311	ct6VSct7	0.0036503579985993	0	0.0036503579985993
371	9	16	-0.15332964	-0.19265948	BB	0	0.0295404087109872	-0.13538413	-0.20302246	BB	0	0.0274860191175598	ct6VSct7	0.0020543895934274	0	0.0020543895934274
372	9	17	-0.15332964	-0.19542643	BB	0	0.0299646641583852	-0.13538413	-0.2024971	BB	0	0.027414893711023	ct6VSct7	0.0025497704473622	0	0.0025497704473622
373	9	18	-0.15332964	-0.19695558	BB	0	0.0301991281773912	-0.13538413	-0.20235464	BB	0	0.0273956068878632	ct6VSct7	0.002803521289528	0	0.002803521289528
374	9	19	-0.15332964	-0.16507629	BB	0	0.0253110881182356	-0.13538413	-0.17403187	BB	0	0.0235611533122231	ct6VSct7	0.0017499348060125	0	0.0017499348060125
375	9	20	-0.15332964	0.079750339	BA	0	0	-0.13538413	0.026111148	BA	0	0	ct6VSct7	-0.00869305571346672	0	0
376	9	21	-0.15332964	-0.089629813	BB	0	0.0137429069605573	-0.13538413	-0.09638506	BB	0	0.0130490074930978	ct6VSct7	0.00069389946745952	0	0.0006938994674595
377	9	22	-0.15332964	-0.17799514	BB	0	0.0272919307379496	-0.13538413	-0.17188705	BB	0	0.0232707787225165	ct6VSct7	0.0040211520154331	0	0.0040211520154331
378	9	23	-0.15332964	-0.074110683	BB	0	0.0113633643445441	-0.13538413	-0.088189629	BB	0	0.0119394761971878	ct6VSct7	-0.000576111852643653	0	-0.000576111852643699
379	9	24	-0.15332964	-0.17513926	BB	0	0.0268540396856664	-0.13538413	-0.17973533	BB	0	0.0243333112823129	ct6VSct7	0.0025207284033535	0	0.0025207284033535
380	9	25	-0.15332964	-0.1783839	BB	0	0.027351539168796	-0.13538413	-0.18355494	BB	0	0.0248504258591022	ct6VSct7	0.0025011133096938	0	0.0025011133096938
381	9	26	-0.15332964	0.04886867	BA	0	0	-0.13538413	0.022230364	BA	0	0	ct6VSct7	-0.00448337708865548	0	0
382	9	27	-0.15332964	-0.12618619	BB	0	0.0193480830856716	-0.13538413	-0.12914455	BB	0	0.0174841225459915	ct6VSct7	0.0018639605396801	0	0.0018639605396801
383	9	28	-0.15332964	-0.19431832	BB	0	0.0297947580510048	-0.13538413	-0.19425153	BB	0	0.0262985743902189	ct6VSct7	0.00349618366078589	0	0.0034961836607859
384	9	29	-0.15332964	-0.1142804	BB	0	0.017522572591056	-0.13538413	-0.13361659	BB	0	0.0180895657907167	ct6VSct7	-0.0005669931996607	0	-0.0005669931996607
385	9	30	-0.15332964	-0.18324422	BB	0	0.0280967702846808	-0.13538413	-0.18384934	BB	0	0.0248902829469742	ct6VSct7	0.0032064873377066	0	0.0032064873377066
386	9	31	-0.15332964	-0.015912322	BB	0	0.00243983060382408	-0.13538413	-0.071527926	BB	0	0.00968374603221438	ct6VSct7	-0.0072439154283903	0	-0.0072439154283903
387	9	32	-0.15332964	0.10504568	BA	0	0	-0.13538413	0.092805165	BA	0	0	ct6VSct7	-0.00354226977492375	0	0
388	9	33	-0.15332964	-0.13406649	BB	0	0.0205563666477636	-0.13538413	-0.13429929	BB	0	0.0181819925362677	ct6VSct7	0.0023743741114959	0	0.0023743741114959
389	9	34	-0.15332964	-0.17995195	BB	0	0.027591967710798	-0.13538413	-0.18321423	BB	0	0.0248042991321699	ct6VSct7	0.0027876685786281	0	0.0027876685786281
390	9	35	-0.15332964	0.01603256	BA	0	0	-0.13538413	0.016333056	BA	0	0	ct6VSct7	-0.000247030076277121	0	0
391	9	36	-0.15332964	-0.1121982	BB	0	0.017203309614648	-0.13538413	-0.090922245	BB	0	0.0123094290369718	ct6VSct7	0.00489388057767615	0	0.0048938805776762
392	9	37	-0.15332964	0.063258421	BA	0	0	-0.13538413	0.10484256	BA	0	0	ct6VSct7	0.00449462785367436	0	0
393	9	38	-0.15332964	-0.11497068	BB	0	0.0176284129749552	-0.13538413	-0.12670288	BB	0	0.0171535591772944	ct6VSct7	0.000474853797660803	0	0.000474853797660799
394	9	39	-0.15332964	0.161061	BA	0	0	-0.13538413	0.15917461	BA	0	0	ct6VSct7	-0.0031457090551007	0	0
395	9	40	-0.15332964	0.17163917	BA	0	0	-0.13538413	0.16305368	BA	0	0	ct6VSct7	-0.0042424915359004	0	0
396	9	41	-0.15332964	0.17122226	BA	0	0	-0.13538413	0.16808114	BA	0	0	ct6VSct7	-0.0034979285774782	0	0
397	9	42	-0.15332964	0.17797488	BA	0	0	-0.13538413	0.16383915	BA	0	0	ct6VSct7	-0.0051076034967537	0	0
398	9	43	-0.15332964	-0.15757896	BB	0	0.0241615252083744	-0.13538413	-0.1487899	BB	0	0.020143791164287	ct6VSct7	0.0040177340440874	0	0.0040177340440874
399	9	44	-0.15332964	-0.15268602	BB	0	0.0234112924796328	-0.13538413	-0.14516923	BB	0	0.0196536099063199	ct6VSct7	0.0037576825733129	0	0.0037576825733129
400	9	45	-0.15332964	0.17675116	BA	0	0	-0.13538413	0.12785814	BA	0	0	ct6VSct7	-0.0097912286850642	0	0
401	9	46	-0.15332964	-0.03783293	BB	0	0.0058009095370452	-0.13538413	0.029661138	BA	0	0	ct6VSct7	0.00981655689998514	0	0.0058009095370452
402	9	47	-0.15332964	0.185089	BA	0	0	-0.13538413	0.18247796	BA	0	0	ct6VSct7	-0.0036750098791852	0	0
403	9	48	-0.15332964	0.11803528	BA	0	0	-0.13538413	0.14633107	BA	0	0	ct6VSct7	0.0017125976142199	0	0
404	9	49	-0.15332964	0.02267619	BA	0	0	-0.13538413	0.07442628	BA	0	0	ct6VSct7	0.0065992051176648	0	0
405	9	50	-0.15332964	0.11017408	BA	0	0	-0.13538413	0.12836667	BA	0	0	ct6VSct7	0.000485857915215899	0	0
406	10	11	-0.1707854	-0.17414729	BB	0	0.029741814581566	-0.1623234	-0.16864965	BB	0	0.02737578459681	ct6VSct7	0.002366029984756	0	0.002366029984756
407	10	12	-0.1707854	-0.13429048	BB	0	0.022934853342992	-0.1623234	-0.088391378	BB	0	0.0143479890076452	ct6VSct7	0.0085868643353468	0	0.0085868643353468
408	10	13	-0.1707854	-0.0037838305	BB	0	0.0006462230054747	-0.1623234	-0.088008298	BB	0	0.0142858061595732	ct6VSct7	-0.0136395831540985	0	-0.0136395831540985
409	10	14	-0.1707854	-0.19145065	BB	0	0.03269697584051	-0.1623234	-0.18830947	BB	0	0.030567033422598	ct6VSct7	0.002129942417912	0	0.002129942417912
410	10	15	-0.1707854	-0.20129436	BB	0	0.034378137790344	-0.1623234	-0.20101347	BB	0	0.032629189896198	ct6VSct7	0.001748947894146	0	0.001748947894146
411	10	16	-0.1707854	-0.19265948	BB	0	0.032903426355592	-0.1623234	-0.20302246	BB	0	0.032955295983564	ct6VSct7	-5.18696279719968e-05	0	-5.18696279719968e-05
412	10	17	-0.1707854	-0.19542643	BB	0	0.033375981018122	-0.1623234	-0.2024971	BB	0	0.03287001776214	ct6VSct7	0.000505963255981998	0	0.000505963255982005
413	10	18	-0.1707854	-0.19695558	BB	0	0.033637137512532	-0.1623234	-0.20235464	BB	0	0.032846893170576	ct6VSct7	0.000790244341956001	0	0.000790244341956001
414	10	19	-0.1707854	-0.16507629	BB	0	0.028192620218166	-0.1623234	-0.17403187	BB	0	0.028249444846758	ct6VSct7	-5.68246285920053e-05	0	-5.68246285919984e-05
415	10	20	-0.1707854	0.079750339	BA	0	0	-0.1623234	0.026111148	BA	0	0	ct6VSct7	-0.0093817432249874	0	0
416	10	21	-0.1707854	-0.089629813	BB	0	0.0153074634651302	-0.1623234	-0.09638506	BB	0	0.015645550648404	ct6VSct7	-0.000338087183273798	0	-0.000338087183273798
417	10	22	-0.1707854	-0.17799514	BB	0	0.030398971182956	-0.1623234	-0.17188705	BB	0	0.02790129037197	ct6VSct7	0.002497680810986	0	0.002497680810986
418	10	23	-0.1707854	-0.074110683	BB	0	0.0126570226404282	-0.1623234	-0.088189629	BB	0	0.0143152404240186	ct6VSct7	-0.0016582177835904	0	-0.0016582177835904
419	10	24	-0.1707854	-0.17513926	BB	0	0.029911228574804	-0.1623234	-0.17973533	BB	0	0.029175249865722	ct6VSct7	0.000735978709081996	0	0.000735978709082
420	10	25	-0.1707854	-0.1783839	BB	0	0.03046536571506	-0.1623234	-0.18355494	BB	0	0.029795261947596	ct6VSct7	0.000670103767464	0	0.000670103767463997
421	10	26	-0.1707854	0.04886867	BA	0	0	-0.1623234	0.022230364	BA	0	0	ct6VSct7	-0.0047375470857004	0	0
422	10	27	-0.1707854	-0.12618619	BB	0	0.021550758933626	-0.1623234	-0.12914455	BB	0	0.02096318244747	ct6VSct7	0.000587576486156004	0	0.000587576486156
423	10	28	-0.1707854	-0.19431832	BB	0	0.033186732008528	-0.1623234	-0.19425153	BB	0	0.031531568804802	ct6VSct7	0.001655163203726	0	0.001655163203726
424	10	29	-0.1707854	-0.1142804	BB	0	0.01951742382616	-0.1623234	-0.13361659	BB	0	0.021689099185206	ct6VSct7	-0.002171675359046	0	-0.002171675359046
425	10	30	-0.1707854	-0.18324422	BB	0	0.031295437410388	-0.1623234	-0.18384934	BB	0	0.029843049956556	ct6VSct7	0.001452387453832	0	0.001452387453832
426	10	31	-0.1707854	-0.015912322	BB	0	0.0027175922776988	-0.1623234	-0.071527926	BB	0	0.0116106561432684	ct6VSct7	-0.0088930638655696	0	-0.0088930638655696
427	10	32	-0.1707854	0.10504568	BA	0	0	-0.1623234	0.092805165	BA	0	0	ct6VSct7	-0.002875818556711	0	0
428	10	33	-0.1707854	-0.13406649	BB	0	0.022896599121246	-0.1623234	-0.13429929	BB	0	0.021799917370386	ct6VSct7	0.00109668175086	0	0.00109668175086
429	10	34	-0.1707854	-0.17995195	BB	0	0.03073316576153	-0.1623234	-0.18321423	BB	0	0.029739956741982	ct6VSct7	0.000993209019548	0	0.000993209019547997
430	10	35	-0.1707854	0.01603256	BA	0	0	-0.1623234	0.016333056	BA	0	0	ct6VSct7	-8.68899903136004e-05	0	0
431	10	36	-0.1707854	-0.1121982	BB	0	0.01916181446628	-0.1623234	-0.090922245	BB	0	0.014758807944033	ct6VSct7	0.004403006522247	0	0.004403006522247
432	10	37	-0.1707854	0.063258421	BA	0	0	-0.1623234	0.10484256	BA	0	0	ct6VSct7	0.0062147860700506	0	0
433	10	38	-0.1707854	-0.11497068	BB	0	0.019635313572072	-0.1623234	-0.12670288	BB	0	0.020566842271392	ct6VSct7	-0.000931528699319995	0	-0.000931528699320002
434	10	39	-0.1707854	0.161061	BA	0	0	-0.1623234	0.15917461	BA	0	0	ct6VSct7	-0.001669103420526	0	0
435	10	40	-0.1707854	0.17163917	BA	0	0	-0.1623234	0.16305368	BA	0	0	ct6VSct7	-0.002846036584006	0	0
436	10	41	-0.1707854	0.17122226	BA	0	0	-0.1623234	0.16808114	BA	0	0	ct6VSct7	-0.001958760042328	0	0
437	10	42	-0.1707854	0.17797488	BA	0	0	-0.1623234	0.16383915	BA	0	0	ct6VSct7	-0.003800583189642	0	0
438	10	43	-0.1707854	-0.15757896	BB	0	0.026912185715184	-0.1623234	-0.1487899	BB	0	0.02415208245366	ct6VSct7	0.002760103261524	0	0.002760103261524
439	10	44	-0.1707854	-0.15268602	BB	0	0.026076543000108	-0.1623234	-0.14516923	BB	0	0.023564362988982	ct6VSct7	0.002512180011126	0	0.002512180011126
440	10	45	-0.1707854	0.17675116	BA	0	0	-0.1623234	0.12785814	BA	0	0	ct6VSct7	-0.009432149558588	0	0
441	10	46	-0.1707854	-0.03783293	BB	0	0.006461312083222	-0.1623234	0.029661138	BA	0	0	ct6VSct7	0.0112760088512512	0	0.006461312083222
442	10	47	-0.1707854	0.185089	BA	0	0	-0.1623234	0.18247796	BA	0	0	ct6VSct7	-0.001990056008336	0	0
443	10	48	-0.1707854	0.11803528	BA	0	0	-0.1623234	0.14633107	BA	0	0	ct6VSct7	0.003594254299126	0	0
444	10	49	-0.1707854	0.02267619	BA	0	0	-0.1623234	0.07442628	BA	0	0	ct6VSct7	0.008208364639326	0	0
445	10	50	-0.1707854	0.11017408	BA	0	0	-0.1623234	0.12836667	BA	0	0	ct6VSct7	0.002020789998646	0	0
446	11	12	-0.17414729	-0.13429048	BB	0	0.0233863231647992	-0.16864965	-0.088391378	BB	0	0.0149071749627177	ct6VSct7	0.0084791482020815	0	0.0084791482020815
447	11	13	-0.17414729	-0.0037838305	BB	0	0.000658943827394345	-0.16864965	-0.088008298	BB	0	0.0148425686547957	ct6VSct7	-0.0141836248274014	0	-0.0141836248274014
448	11	14	-0.17414729	-0.19145065	BB	0	0.0333406118662385	-0.16864965	-0.18830947	BB	0	0.0317583262071855	ct6VSct7	0.001582285659053	0	0.001582285659053
449	11	15	-0.17414729	-0.20129436	BB	0	0.0350548672862844	-0.16864965	-0.20101347	BB	0	0.0339008513607855	ct6VSct7	0.0011540159254989	0	0.0011540159254989
450	11	16	-0.17414729	-0.19265948	BB	0	0.0335511263348092	-0.16864965	-0.20302246	BB	0	0.034239666821139	ct6VSct7	-0.000688540486329797	0	-0.000688540486329797
451	11	17	-0.17414729	-0.19542643	BB	0	0.0340329831788747	-0.16864965	-0.2024971	BB	0	0.034151065041015	ct6VSct7	-0.000118081862140303	0	-0.000118081862140296
452	11	18	-0.17414729	-0.19695558	BB	0	0.0342992805073782	-0.16864965	-0.20235464	BB	0	0.034127039211876	ct6VSct7	0.000172241295502203	0	0.000172241295502203
453	11	19	-0.17414729	-0.16507629	BB	0	0.0287475885467541	-0.16864965	-0.17403187	BB	0	0.0293504139643455	ct6VSct7	-0.000602825417591404	0	-0.0006028254175914
454	11	20	-0.17414729	0.079750339	BA	0	0	-0.16864965	0.026111148	BA	0	0	ct6VSct7	-0.00948466944213311	0	0
455	11	21	-0.17414729	-0.089629813	BB	0	0.0156087890371568	-0.16864965	-0.09638506	BB	0	0.016255306634229	ct6VSct7	-0.000646517597072228	0	-0.0006465175970722
456	11	22	-0.17414729	-0.17799514	BB	0	0.0309973712641706	-0.16864965	-0.17188705	BB	0	0.0289886908220325	ct6VSct7	0.0020086804421381	0	0.0020086804421381
457	11	23	-0.17414729	-0.074110683	BB	0	0.0129061746044991	-0.16864965	-0.088189629	BB	0	0.0148731500644799	ct6VSct7	-0.00196697545998078	0	-0.0019669754599808
458	11	24	-0.17414729	-0.17513926	BB	0	0.0305000275016054	-0.16864965	-0.17973533	BB	0	0.0303123004971345	ct6VSct7	0.000187727004470898	0	0.000187727004470898
459	11	25	-0.17414729	-0.1783839	BB	0	0.031065072764631	-0.16864965	-0.18355494	BB	0	0.030956476386771	ct6VSct7	0.000108596377860003	0	0.000108596377859999
460	11	26	-0.17414729	0.04886867	BA	0	0	-0.16864965	0.022230364	BA	0	0	ct6VSct7	-0.0047612033384317	0	0
461	11	27	-0.17414729	-0.12618619	BB	0	0.0219749830239251	-0.16864965	-0.12914455	BB	0	0.0217801831569075	ct6VSct7	0.000194799867017599	0	0.000194799867017603
462	11	28	-0.17414729	-0.19431832	BB	0	0.0338400088253528	-0.16864965	-0.19425153	BB	0	0.0327604525464645	ct6VSct7	0.0010795562788883	0	0.0010795562788883
463	11	29	-0.17414729	-0.1142804	BB	0	0.019901621960116	-0.16864965	-0.13361659	BB	0	0.0225343911376935	ct6VSct7	-0.0026327691775775	0	-0.0026327691775775
464	11	30	-0.17414729	-0.18324422	BB	0	0.0319114843211638	-0.16864965	-0.18384934	BB	0	0.031006126843731	ct6VSct7	0.000905357477432797	0	0.000905357477432801
465	11	31	-0.17414729	-0.015912322	BB	0	0.00277108775390738	-0.16864965	-0.071527926	BB	0	0.0120631596851259	ct6VSct7	-0.00929207193121852	0	-0.00929207193121852
466	11	32	-0.17414729	0.10504568	BA	0	0	-0.16864965	0.092805165	BA	0	0	ct6VSct7	-0.00264186190276495	0	0
467	11	33	-0.17414729	-0.13406649	BB	0	0.0233473159133121	-0.16864965	-0.13429929	BB	0	0.0226495282537485	ct6VSct7	0.000697787659563603	0	0.0006977876595636
468	11	34	-0.17414729	-0.17995195	BB	0	0.0313381444227155	-0.16864965	-0.18321423	BB	0	0.0308990157645195	ct6VSct7	0.000439128658195998	0	0.000439128658195998
469	11	35	-0.17414729	0.01603256	BA	0	0	-0.16864965	0.016333056	BA	0	0	ct6VSct7	-3.74626979320006e-05	0	0
470	11	36	-0.17414729	-0.1121982	BB	0	0.019539012472878	-0.16864965	-0.090922245	BB	0	0.0153340047964643	ct6VSct7	0.00420500767641375	0	0.0042050076764137
471	11	37	-0.17414729	0.063258421	BA	0	0	-0.16864965	0.10484256	BA	0	0	ct6VSct7	0.00666537846227491	0	0
472	11	38	-0.17414729	-0.11497068	BB	0	0.0200218323514572	-0.16864965	-0.12670288	BB	0	0.021368396365992	ct6VSct7	-0.0013465640145348	0	-0.0013465640145348
473	11	39	-0.17414729	0.161061	BA	0	0	-0.16864965	0.15917461	BA	0	0	ct6VSct7	-0.0012035944093035	0	0
474	11	40	-0.17414729	0.17163917	BA	0	0	-0.16864965	0.16305368	BA	0	0	ct6VSct7	-0.0023915502501373	0	0
475	11	41	-0.17414729	0.17122226	BA	0	0	-0.16864965	0.16808114	BA	0	0	ct6VSct7	-0.0014710671340744	0	0
476	11	42	-0.17414729	0.17797488	BA	0	0	-0.16864965	0.16383915	BA	0	0	ct6VSct7	-0.0033624277362777	0	0
477	11	43	-0.17414729	-0.15757896	BB	0	0.0274419488450184	-0.16864965	-0.1487899	BB	0	0.025093364558535	ct6VSct7	0.0023485842864834	0	0.0023485842864834
478	11	44	-0.17414729	-0.15268602	BB	0	0.0265898566038858	-0.16864965	-0.14516923	BB	0	0.0244827398302695	ct6VSct7	0.0021071167736163	0	0.0021071167736163
479	11	45	-0.17414729	0.17675116	BA	0	0	-0.16864965	0.12785814	BA	0	0	ct6VSct7	-0.0092175049577054	0	0
480	11	46	-0.17414729	-0.03783293	BB	0	0.0065885022322597	-0.16864965	0.029661138	BA	0	0	ct6VSct7	0.0115908427745614	0	0.0065885022322597
481	11	47	-0.17414729	0.185089	BA	0	0	-0.16864965	0.18247796	BA	0	0	ct6VSct7	-0.001457903672096	0	0
482	11	48	-0.17414729	0.11803528	BA	0	0	-0.16864965	0.14633107	BA	0	0	ct6VSct7	0.0041231596032343	0	0
483	11	49	-0.17414729	0.02267619	BA	0	0	-0.16864965	0.07442628	BA	0	0	ct6VSct7	0.0086029690367769	0	0
484	11	50	-0.17414729	0.11017408	BA	0	0	-0.16864965	0.12836667	BA	0	0	ct6VSct7	0.0024624765069223	0	0
485	12	13	-0.13429048	-0.0037838305	BB	0	0.00050813241408364	-0.088391378	-0.088008298	BB	0	0.00777917473565464	ct6VSct7	-0.007271042321571	0	-0.007271042321571
486	12	14	-0.13429048	-0.19145065	BB	0	0.025709999684812	-0.088391378	-0.18830947	BB	0	0.0166449335437497	ct6VSct7	0.00906506614106234	0	0.0090650661410623
487	12	15	-0.13429048	-0.20129436	BB	0	0.0270319162256928	-0.088391378	-0.20101347	BB	0	0.0177678576098617	ct6VSct7	0.00926405861583113	0	0.0092640586158311
488	12	16	-0.13429048	-0.19265948	BB	0	0.0258723340457504	-0.088391378	-0.20302246	BB	0	0.0179454350043499	ct6VSct7	0.00792689904140052	0	0.0079268990414005
489	12	17	-0.13429048	-0.19542643	BB	0	0.0262439090893864	-0.088391378	-0.2024971	BB	0	0.0178989977100038	ct6VSct7	0.0083449113793826	0	0.0083449113793826
490	12	18	-0.13429048	-0.19695558	BB	0	0.0264492593768784	-0.088391378	-0.20235464	BB	0	0.0178864054742939	ct6VSct7	0.00856285390258447	0	0.0085628539025845
491	12	19	-0.13429048	-0.16507629	BB	0	0.0221681742207192	-0.088391378	-0.17403187	BB	0	0.0153829168052169	ct6VSct7	0.00678525741550233	0	0.0067852574155023
492	12	20	-0.13429048	0.079750339	BA	0	0	-0.088391378	0.026111148	BA	0	0	ct6VSct7	-0.00840171095159077	0	0
493	12	21	-0.13429048	-0.089629813	BB	0	0.0120364306100802	-0.088391378	-0.09638506	BB	0	0.00851960827201268	ct6VSct7	0.00351682233806756	0	0.00351682233806752
494	12	22	-0.13429048	-0.17799514	BB	0	0.0239030527882672	-0.088391378	-0.17188705	BB	0	0.0151933332098549	ct6VSct7	0.0087097195784123	0	0.0087097195784123
495	12	23	-0.13429048	-0.074110683	BB	0	0.00995235919319784	-0.088391378	-0.088189629	BB	0	0.00779520283261876	ct6VSct7	0.00215715636057908	0	0.00215715636057908
496	12	24	-0.13429048	-0.17513926	BB	0	0.0235195352922448	-0.088391378	-0.17973533	BB	0	0.0158870534939847	ct6VSct7	0.00763248179826006	0	0.0076324817982601
497	12	25	-0.13429048	-0.1783839	BB	0	0.023955259555272	-0.088391378	-0.18355494	BB	0	0.0162246740853073	ct6VSct7	0.00773058546996468	0	0.0077305854699647
498	12	26	-0.13429048	0.04886867	BA	0	0	-0.088391378	0.022230364	BA	0	0	ct6VSct7	-0.00459762464386001	0	0
499	12	27	-0.13429048	-0.12618619	BB	0	0.0169456040244712	-0.088391378	-0.12914455	BB	0	0.0114152647356899	ct6VSct7	0.0055303392887813	0	0.0055303392887813
500	12	28	-0.13429048	-0.19431832	BB	0	0.0260951004655936	-0.088391378	-0.19425153	BB	0	0.0171701604153083	ct6VSct7	0.00892494005028526	0	0.0089249400502853
501	12	29	-0.13429048	-0.1142804	BB	0	0.015346769770592	-0.088391378	-0.13361659	BB	0	0.011810554513761	ct6VSct7	0.00353621525683098	0	0.003536215256831
502	12	30	-0.13429048	-0.18324422	BB	0	0.0246079542610256	-0.088391378	-0.18384934	BB	0	0.0162506965069905	ct6VSct7	0.00835725775403508	0	0.0083572577540351
503	12	31	-0.13429048	-0.015912322	BB	0	0.00213687335929456	-0.088391378	-0.071527926	BB	0	0.00632245194462203	ct6VSct7	-0.00418557858532747	0	-0.00418557858532747
504	12	32	-0.13429048	0.10504568	BA	0	0	-0.088391378	0.092805165	BA	0	0	ct6VSct7	-0.00590345836925903	0	0
505	12	33	-0.13429048	-0.13406649	BB	0	0.0180038532940152	-0.088391378	-0.13429929	BB	0	0.0118708993075216	ct6VSct7	0.00613295398649358	0	0.0061329539864936
506	12	34	-0.13429048	-0.17995195	BB	0	0.024165833742436	-0.088391378	-0.18321423	BB	0	0.0161945582589089	ct6VSct7	0.00797127548352706	0	0.0079712754835271
507	12	35	-0.13429048	0.01603256	BA	0	0	-0.088391378	0.016333056	BA	0	0	ct6VSct7	-0.000709318851237632	0	0
508	12	36	-0.13429048	-0.1121982	BB	0	0.015067150133136	-0.088391378	-0.090922245	BB	0	0.00803674252640361	ct6VSct7	0.00703040760673239	0	0.00703040760673239
509	12	37	-0.13429048	0.063258421	BA	0	0	-0.088391378	0.10484256	BA	0	0	ct6VSct7	0.000772174631315603	0	0
510	12	38	-0.13429048	-0.11497068	BB	0	0.0154394678031264	-0.088391378	-0.12670288	BB	0	0.0111994421597686	ct6VSct7	0.00424002564335776	0	0.0042400256433578
511	12	39	-0.13429048	0.161061	BA	0	0	-0.088391378	0.15917461	BA	0	0	ct6VSct7	-0.00755929587876742	0	0
512	12	40	-0.13429048	0.17163917	BA	0	0	-0.088391378	0.16305368	BA	0	0	ct6VSct7	-0.00863696706293056	0	0
513	12	41	-0.13429048	0.17122226	BA	0	0	-0.088391378	0.16808114	BA	0	0	ct6VSct7	-0.00813659590167388	0	0
514	12	42	-0.13429048	0.17797488	BA	0	0	-0.088391378	0.16383915	BA	0	0	ct6VSct7	-0.0094183638242937	0	0
515	12	43	-0.13429048	-0.15757896	BB	0	0.0211613541763008	-0.088391378	-0.1487899	BB	0	0.0131517442934822	ct6VSct7	0.0080096098828186	0	0.0080096098828186
516	12	44	-0.13429048	-0.15268602	BB	0	0.0205042789150896	-0.088391378	-0.14516923	BB	0	0.0128317082828989	ct6VSct7	0.00767257063219066	0	0.0076725706321907
517	12	45	-0.13429048	0.17675116	BA	0	0	-0.088391378	0.12785814	BA	0	0	ct6VSct7	-0.0124344409338399	0	0
518	12	46	-0.13429048	-0.03783293	BB	0	0.0050806023295064	-0.088391378	0.029661138	BA	0	0	ct6VSct7	0.00770239119037456	0	0.0050806023295064
519	12	47	-0.13429048	0.185089	BA	0	0	-0.088391378	0.18247796	BA	0	0	ct6VSct7	-0.00872621231369112	0	0
520	12	48	-0.13429048	0.11803528	BA	0	0	-0.088391378	0.14633107	BA	0	0	ct6VSct7	-0.00291660948661994	0	0
521	12	49	-0.13429048	0.02267619	BA	0	0	-0.088391378	0.07442628	BA	0	0	ct6VSct7	0.00353344500894264	0	0
522	12	50	-0.13429048	0.11017408	BA	0	0	-0.088391378	0.12836667	BA	0	0	ct6VSct7	-0.00344882323618714	0	0
523	13	14	-0.0037838305	-0.19145065	BB	0	0.000724416808714825	-0.088008298	-0.18830947	BB	0	0.0165727959519821	ct6VSct7	-0.0158483791432672	0	-0.0158483791432673
524	13	15	-0.0037838305	-0.20129436	BB	0	0.00076166373884598	-0.088008298	-0.20101347	BB	0	0.0176908533697741	ct6VSct7	-0.0169291896309281	0	-0.0169291896309281
525	13	16	-0.0037838305	-0.19265948	BB	0	0.00072899081653814	-0.088008298	-0.20302246	BB	0	0.0178676611603731	ct6VSct7	-0.0171386703438349	0	-0.017138670343835
526	13	17	-0.0037838305	-0.19542643	BB	0	0.000739460486340115	-0.088008298	-0.2024971	BB	0	0.0178214251209358	ct6VSct7	-0.0170819646345957	0	-0.0170819646345957
527	13	18	-0.0037838305	-0.19695558	BB	0	0.00074524653074919	-0.088008298	-0.20235464	BB	0	0.0178088874588027	ct6VSct7	-0.0170636409280535	0	-0.0170636409280535
528	13	19	-0.0037838305	-0.16507629	BB	0	0.000624620700928845	-0.088008298	-0.17403187	BB	0	0.0153162486764573	ct6VSct7	-0.0146916279755284	0	-0.0146916279755285
529	13	20	-0.0037838305	0.079750339	BA	0	0	-0.088008298	0.026111148	BA	0	0	ct6VSct7	0.00199623592921256	0	0
530	13	21	-0.0037838305	-0.089629813	BB	0	0.000339144020138697	-0.088008298	-0.09638506	BB	0	0.00848268508322788	ct6VSct7	-0.00814354106308918	0	-0.00814354106308918
531	13	22	-0.0037838305	-0.17799514	BB	0	0.00067350343958377	-0.088008298	-0.17188705	BB	0	0.0151274867187409	ct6VSct7	-0.0144539832791571	0	-0.0144539832791571
532	13	23	-0.0037838305	-0.074110683	BB	0	0.000280422262711231	-0.088008298	-0.088189629	BB	0	0.00776141914954144	ct6VSct7	-0.00748099688683021	0	-0.00748099688683021
533	13	24	-0.0037838305	-0.17513926	BB	0	0.00066269727373543	-0.088008298	-0.17973533	BB	0	0.0158182004837683	ct6VSct7	-0.0151555032100329	0	-0.0151555032100329
534	13	25	-0.0037838305	-0.1783839	BB	0	0.00067497444152895	-0.088008298	-0.18355494	BB	0	0.0161543578588921	ct6VSct7	-0.0154793834173632	0	-0.0154793834173632
535	13	26	-0.0037838305	0.04886867	BA	0	0	-0.088008298	0.022230364	BA	0	0	ct6VSct7	0.00177154573552004	0	0
536	13	27	-0.0037838305	-0.12618619	BB	0	0.000477467154400795	-0.088008298	-0.12914455	BB	0	0.0113657920414759	ct6VSct7	-0.0108883248870751	0	-0.0108883248870751
537	13	28	-0.0037838305	-0.19431832	BB	0	0.00073526758592476	-0.088008298	-0.19425153	BB	0	0.0170957465391959	ct6VSct7	-0.0163604789532712	0	-0.0163604789532711
538	13	29	-0.0037838305	-0.1142804	BB	0	0.0004324176630722	-0.088008298	-0.13361659	BB	0	0.0117593686704638	ct6VSct7	-0.0113269510073916	0	-0.0113269510073916
539	13	30	-0.0037838305	-0.18324422	BB	0	0.00069336506858471	-0.088008298	-0.18384934	BB	0	0.0161802675018233	ct6VSct7	-0.0154869024332386	0	-0.0154869024332386
540	13	31	-0.0037838305	-0.015912322	BB	0	6.0209529309421e-05	-0.088008298	-0.071527926	BB	0	0.00629505102672995	ct6VSct7	-0.00623484149742053	0	-0.00623484149742053
541	13	32	-0.0037838305	0.10504568	BA	0	0	-0.088008298	0.092805165	BA	0	0	ct6VSct7	0.00777014956938193	0	0
542	13	33	-0.0037838305	-0.13406649	BB	0	0.000507284873889945	-0.088008298	-0.13429929	BB	0	0.0118194519355084	ct6VSct7	-0.0113121670616185	0	-0.0113121670616185
543	13	34	-0.0037838305	-0.17995195	BB	0	0.000680907676944475	-0.088008298	-0.18321423	BB	0	0.0161243725516805	ct6VSct7	-0.0154434648747361	0	-0.015443464874736
544	13	35	-0.0037838305	0.01603256	BA	0	0	-0.088008298	0.016333056	BA	0	0	ct6VSct7	0.00137677997017761	0	0
545	13	36	-0.0037838305	-0.1121982	BB	0	0.0004245389712051	-0.088008298	-0.090922245	BB	0	0.00800191203278901	ct6VSct7	-0.00757737306158391	0	-0.00757737306158391
546	13	37	-0.0037838305	0.063258421	BA	0	0	-0.088008298	0.10484256	BA	0	0	ct6VSct7	0.00898765612080124	0	0
547	13	38	-0.0037838305	-0.11497068	BB	0	0.00043502956558974	-0.088008298	-0.12670288	BB	0	0.0111509048204982	ct6VSct7	-0.0107158752549085	0	-0.0107158752549085
548	13	39	-0.0037838305	0.161061	BA	0	0	-0.088008298	0.15917461	BA	0	0	ct6VSct7	0.0133992589867533	0	0
549	13	40	-0.0037838305	0.17163917	BA	0	0	-0.088008298	0.16305368	BA	0	0	ct6VSct7	0.013700623332996	0	0
550	13	41	-0.0037838305	0.17122226	BA	0	0	-0.088008298	0.16808114	BA	0	0	ct6VSct7	0.0141446590476328	0	0
551	13	42	-0.0037838305	0.17797488	BA	0	0	-0.088008298	0.16383915	BA	0	0	ct6VSct7	0.0137457779580889	0	0
552	13	43	-0.0037838305	-0.15757896	BB	0	0.00059625207500628	-0.088008298	-0.1487899	BB	0	0.0130947458585902	ct6VSct7	-0.0124984937835839	0	-0.0124984937835839
553	13	44	-0.0037838305	-0.15268602	BB	0	0.00057773801939961	-0.088008298	-0.14516923	BB	0	0.0127760968542705	ct6VSct7	-0.0121983588348709	0	-0.0121983588348709
554	13	45	-0.0037838305	0.17675116	BA	0	0	-0.088008298	0.12785814	BA	0	0	ct6VSct7	0.0105837808567273	0	0
555	13	46	-0.0037838305	-0.03783293	BB	0	0.000143153394438365	-0.088008298	0.029661138	BA	0	0	ct6VSct7	0.00275357966656149	0	0.000143153394438365
556	13	47	-0.0037838305	0.185089	BA	0	0	-0.088008298	0.18247796	BA	0	0	ct6VSct7	0.0153592292786976	0	0
557	13	48	-0.0037838305	0.11803528	BA	0	0	-0.088008298	0.14633107	BA	0	0	ct6VSct7	0.0124317229226788	0	0
558	13	49	-0.0037838305	0.02267619	BA	0	0	-0.088008298	0.07442628	BA	0	0	ct6VSct7	0.00646432736992564	0	0
559	13	50	-0.0037838305	0.11017408	BA	0	0	-0.088008298	0.12836667	BA	0	0	ct6VSct7	0.0108804521024142	0	0
560	14	15	-0.19145065	-0.20129436	BB	0	0.038537936063334	-0.18830947	-0.20101347	BB	0	0.0378527399985609	ct6VSct7	0.000685196064773096	0	0.000685196064773103
561	14	16	-0.19145065	-0.19265948	BB	0	0.036884782674662	-0.18830947	-0.20302246	BB	0	0.0382310518406962	ct6VSct7	-0.0013462691660342	0	-0.0013462691660342
562	14	17	-0.19145065	-0.19542643	BB	0	0.0374145170506795	-0.18830947	-0.2024971	BB	0	0.038132121577537	ct6VSct7	-0.000717604526857499	0	-0.000717604526857506
563	14	18	-0.19145065	-0.19695558	BB	0	0.037707273812127	-0.18830947	-0.20235464	BB	0	0.0381052950104408	ct6VSct7	-0.000398021198313801	0	-0.000398021198313801
564	14	19	-0.19145065	-0.16507629	BB	0	0.0316039630200885	-0.18830947	-0.17403187	BB	0	0.0327718492028089	ct6VSct7	-0.0011678861827204	0	-0.0011678861827204
565	14	20	-0.19145065	0.079750339	BA	0	0	-0.18830947	0.026111148	BA	0	0	ct6VSct7	-0.0103512777982988	0	0
566	14	21	-0.19145065	-0.089629813	BB	0	0.0171596859582284	-0.18830947	-0.09638506	BB	0	0.0181502195645182	ct6VSct7	-0.000990533606289749	0	-0.000990533606289801
567	14	22	-0.19145065	-0.17799514	BB	0	0.034077285249841	-0.18830947	-0.17188705	BB	0	0.0323679592853635	ct6VSct7	0.0017093259644775	0	0.0017093259644775
568	14	23	-0.19145065	-0.074110683	BB	0	0.014188538432294	-0.18830947	-0.088189629	BB	0	0.0166069422964866	ct6VSct7	-0.00241840386419268	0	-0.0024184038641926
569	14	24	-0.19145065	-0.17513926	BB	0	0.033530525167519	-0.18830947	-0.17973533	BB	0	0.0338458647325751	ct6VSct7	-0.000315339565056104	0	-0.000315339565056104
570	14	25	-0.19145065	-0.1783839	BB	0	0.034151713604535	-0.18830947	-0.18355494	BB	0	0.0345651334672818	ct6VSct7	-0.000413419862746796	0	-0.000413419862746803
571	14	26	-0.19145065	0.04886867	BA	0	0	-0.18830947	0.022230364	BA	0	0	ct6VSct7	-0.00516975057338842	0	0
572	14	27	-0.19145065	-0.12618619	BB	0	0.0241584280965235	-0.18830947	-0.12914455	BB	0	0.0243191417638885	ct6VSct7	-0.000160713667365	0	-0.000160713667365
573	14	28	-0.19145065	-0.19431832	BB	0	0.037202368670908	-0.18830947	-0.19425153	BB	0	0.0365794026609891	ct6VSct7	0.000622966009918895	0	0.000622966009918902
574	14	29	-0.19145065	-0.1142804	BB	0	0.02187905686226	-0.18830947	-0.13361659	BB	0	0.0251612692461073	ct6VSct7	-0.0032822123838473	0	-0.0032822123838473
575	14	30	-0.19145065	-0.18324422	BB	0	0.035082225027743	-0.18830947	-0.18384934	BB	0	0.0346205717752498	ct6VSct7	0.000461653252493199	0	0.000461653252493199
576	14	31	-0.19145065	-0.015912322	BB	0	0.0030464243899093	-0.18830947	-0.071527926	BB	0	0.0134693858352592	ct6VSct7	-0.0104229614453499	0	-0.0104229614453499
577	14	32	-0.19145065	0.10504568	BA	0	0	-0.18830947	0.092805165	BA	0	0	ct6VSct7	-0.00263497228127945	0	0
578	14	33	-0.19145065	-0.13406649	BB	0	0.0256671166537185	-0.18830947	-0.13429929	BB	0	0.0252898281212763	ct6VSct7	0.000377288532442205	0	0.000377288532442201
579	14	34	-0.19145065	-0.17995195	BB	0	0.0344519177962675	-0.18830947	-0.18321423	BB	0	0.0345009745477581	ct6VSct7	-4.90567514905976e-05	0	-4.90567514905976e-05
580	14	35	-0.19145065	0.01603256	BA	0	0	-0.18830947	0.016333056	BA	0	0	ct6VSct7	6.22508567631967e-06	0	0
581	14	36	-0.19145065	-0.1121982	BB	0	0.02148041831883	-0.18830947	-0.090922245	BB	0	0.0171215197671601	ct6VSct7	0.00435889855166985	0	0.0043588985516699
582	14	37	-0.19145065	0.063258421	BA	0	0	-0.18830947	0.10484256	BA	0	0	ct6VSct7	0.00763198108861955	0	0
583	14	38	-0.19145065	-0.11497068	BB	0	0.022011211416942	-0.18830947	-0.12670288	BB	0	0.0238593521802736	ct6VSct7	-0.0018481407633316	0	-0.0018481407633316
584	14	39	-0.19145065	0.161061	BA	0	0	-0.18830947	0.15917461	BA	0	0	ct6VSct7	-0.000861146693093305	0	0
585	14	40	-0.19145065	0.17163917	BA	0	0	-0.18830947	0.16305368	BA	0	0	ct6VSct7	-0.0021558785996109	0	0
586	14	41	-0.19145065	0.17122226	BA	0	0	-0.18830947	0.16808114	BA	0	0	ct6VSct7	-0.0011293425810732	0	0
587	14	42	-0.19145065	0.17797488	BA	0	0	-0.18830947	0.16383915	BA	0	0	ct6VSct7	-0.0032209429579215	0	0
588	14	43	-0.19145065	-0.15757896	BB	0	0.030168594318324	-0.18830947	-0.1487899	BB	0	0.028018547210353	ct6VSct7	0.002150047107971	0	0.002150047107971
589	14	44	-0.19145065	-0.15268602	BB	0	0.029231837774913	-0.18830947	-0.14516923	BB	0	0.0273367407616081	ct6VSct7	0.0018950970133049	0	0.0018950970133049
590	14	45	-0.19145065	0.17675116	BA	0	0	-0.18830947	0.12785814	BA	0	0	ct6VSct7	-0.0097622258916682	0	0
591	14	46	-0.19145065	-0.03783293	BB	0	0.0072431390399045	-0.18830947	0.029661138	BA	0	0	ct6VSct7	0.0128286122162814	0	0.0072431390399045
592	14	47	-0.19145065	0.185089	BA	0	0	-0.18830947	0.18247796	BA	0	0	ct6VSct7	-0.0010730814235688	0	0
593	14	48	-0.19145065	0.11803528	BA	0	0	-0.18830947	0.14633107	BA	0	0	ct6VSct7	0.0049575951573009	0	0
594	14	49	-0.19145065	0.02267619	BA	0	0	-0.18830947	0.07442628	BA	0	0	ct6VSct7	0.0096738020258481	0	0
595	14	50	-0.19145065	0.11017408	BA	0	0	-0.18830947	0.12836667	BA	0	0	ct6VSct7	0.0030797603642129	0	0
596	15	16	-0.20129436	-0.19265948	BB	0	0.0387812667245328	-0.20101347	-0.20302246	BB	0	0.0408102491725362	ct6VSct7	-0.0020289824480034	0	-0.0020289824480034
597	15	17	-0.20129436	-0.19542643	BB	0	0.0393382381539348	-0.20101347	-0.2024971	BB	0	0.040704644735937	ct6VSct7	-0.0013664065820022	0	-0.0013664065820022
598	15	18	-0.20129436	-0.19695558	BB	0	0.0396460474245288	-0.20101347	-0.20235464	BB	0	0.0406760083570008	ct6VSct7	-0.00102996093247201	0	-0.001029960932472
599	15	19	-0.20129436	-0.16507629	BB	0	0.0332289261467244	-0.20101347	-0.17403187	BB	0	0.0349827500792889	ct6VSct7	-0.00175382393256451	0	-0.0017538239325645
600	15	20	-0.20129436	0.079750339	BA	0	0	-0.20101347	0.026111148	BA	0	0	ct6VSct7	-0.0108046009836245	0	0
601	15	21	-0.20129436	-0.089629813	BB	0	0.0180419758447547	-0.20101347	-0.09638506	BB	0	0.0193746953667582	ct6VSct7	-0.00133271952200352	0	-0.0013327195220035
602	15	22	-0.20129436	-0.17799514	BB	0	0.0358294177894104	-0.20101347	-0.17188705	BB	0	0.0345516123685635	ct6VSct7	0.0012778054208469	0	0.0012778054208469
603	15	23	-0.20129436	-0.074110683	BB	0	0.0149180625036479	-0.20101347	-0.088189629	BB	0	0.0177273033433026	ct6VSct7	-0.00280924083965475	0	-0.0028092408396547
604	15	24	-0.20129436	-0.17513926	BB	0	0.0352545452525736	-0.20101347	-0.17973533	BB	0	0.0361292223648951	ct6VSct7	-0.000874677112321504	0	-0.000874677112321504
605	15	25	-0.20129436	-0.1783839	BB	0	0.035907672984804	-0.20101347	-0.18355494	BB	0	0.0368970154250418	ct6VSct7	-0.000989342440237795	0	-0.000989342440237802
606	15	26	-0.20129436	0.04886867	BA	0	0	-0.20101347	0.022230364	BA	0	0	ct6VSct7	-0.00536838504469812	0	0
607	15	27	-0.20129436	-0.12618619	BB	0	0.0254005683568884	-0.20101347	-0.12914455	BB	0	0.0259597941270885	ct6VSct7	-0.000559225770200098	0	-0.000559225770200102
608	15	28	-0.20129436	-0.19431832	BB	0	0.0391151818606752	-0.20101347	-0.19425153	BB	0	0.0390471740981091	ct6VSct7	6.80077625660955e-05	0	6.80077625660955e-05
609	15	29	-0.20129436	-0.1142804	BB	0	0.023003999978544	-0.20101347	-0.13361659	BB	0	0.0268587344054673	ct6VSct7	-0.0038547344269233	0	-0.0038547344269233
610	15	30	-0.20129436	-0.18324422	BB	0	0.0368860279885992	-0.20101347	-0.18384934	BB	0	0.0369561937906098	ct6VSct7	-7.01658020105939e-05	0	-7.01658020106008e-05
611	15	31	-0.20129436	-0.015912322	BB	0	0.00320306067310392	-0.20101347	-0.071527926	BB	0	0.0143780766071632	ct6VSct7	-0.0111750159340593	0	-0.0111750159340593
612	15	32	-0.20129436	0.10504568	BA	0	0	-0.20101347	0.092805165	BA	0	0	ct6VSct7	-0.00249001467579225	0	0
613	15	33	-0.20129436	-0.13406649	BB	0	0.0269868283019964	-0.20101347	-0.13429929	BB	0	0.0269959663014363	ct6VSct7	-9.1379994398913e-06	0	-9.13799943989824e-06
614	15	34	-0.20129436	-0.17995195	BB	0	0.036223312606002	-0.20101347	-0.18321423	BB	0	0.0368285281256781	ct6VSct7	-0.0006052155196761	0	-0.0006052155196761
615	15	35	-0.20129436	0.01603256	BA	0	0	-0.20101347	0.016333056	BA	0	0	ct6VSct7	5.5900357902719e-05	0	0
616	15	36	-0.20129436	-0.1121982	BB	0	0.022584864862152	-0.20101347	-0.090922245	BB	0	0.0182765959676401	ct6VSct7	0.00430826889451185	0	0.0043082688945119
617	15	37	-0.20129436	0.063258421	BA	0	0	-0.20101347	0.10484256	BA	0	0	ct6VSct7	0.00834120341947764	0	0
618	15	38	-0.20129436	-0.11497068	BB	0	0.0231429494493648	-0.20101347	-0.12670288	BB	0	0.0254689855677936	ct6VSct7	-0.00232603611842879	0	-0.0023260361184288
619	15	39	-0.20129436	0.161061	BA	0	0	-0.20101347	0.15917461	BA	0	0	ct6VSct7	-0.000424430223963303	0	0
620	15	40	-0.20129436	0.17163917	BA	0	0	-0.20101347	0.16305368	BA	0	0	ct6VSct7	-0.0017740108630116	0	0
621	15	41	-0.20129436	0.17122226	BA	0	0	-0.20101347	0.16808114	BA	0	0	ct6VSct7	-0.000679502051497798	0	0
622	15	42	-0.20129436	0.17797488	BA	0	0	-0.20101347	0.16383915	BA	0	0	ct6VSct7	-0.0028914635023263	0	0
623	15	43	-0.20129436	-0.15757896	BB	0	0.0317197559026656	-0.20101347	-0.1487899	BB	0	0.029908774099953	ct6VSct7	0.0018109818027126	0	0.0018109818027126
624	15	44	-0.20129436	-0.15268602	BB	0	0.0307348346768472	-0.20101347	-0.14516923	BB	0	0.0291809706595281	ct6VSct7	0.0015538640173191	0	0.0015538640173191
625	15	45	-0.20129436	0.17675116	BA	0	0	-0.20101347	0.12785814	BA	0	0	ct6VSct7	-0.0098778032423118	0	0
626	15	46	-0.20129436	-0.03783293	BB	0	0.0076155554312748	-0.20101347	0.029661138	BA	0	0	ct6VSct7	0.0135778437048037	0	0.0076155554312748
627	15	47	-0.20129436	0.185089	BA	0	0	-0.20101347	0.18247796	BA	0	0	ct6VSct7	-0.000576843859918803	0	0
628	15	48	-0.20129436	0.11803528	BA	0	0	-0.20101347	0.14633107	BA	0	0	ct6VSct7	0.0056546800044921	0	0
629	15	49	-0.20129436	0.02267619	BA	0	0	-0.20101347	0.07442628	BA	0	0	ct6VSct7	0.0103960956487032	0	0
630	15	50	-0.20129436	0.11017408	BA	0	0	-0.20101347	0.12836667	BA	0	0	ct6VSct7	0.0036260088468561	0	0
631	16	17	-0.19265948	-0.19542643	BB	0	0.0376507543820564	-0.20302246	-0.2024971	BB	0	0.041111459384866	ct6VSct7	-0.0034607050028096	0	-0.0034607050028096
632	16	18	-0.19265948	-0.19695558	BB	0	0.0379453596258984	-0.20302246	-0.20235464	BB	0	0.0410825368052144	ct6VSct7	-0.003137177179316	0	-0.003137177179316
633	16	19	-0.19265948	-0.16507629	BB	0	0.0318035121917292	-0.20302246	-0.17403187	BB	0	0.0353323783658002	ct6VSct7	-0.00352886617407101	0	-0.003528866174071
634	16	20	-0.19265948	0.079750339	BA	0	0	-0.20302246	0.026111148	BA	0	0	ct6VSct7	-0.0100635093411796	0	0
635	16	21	-0.19265948	-0.089629813	BB	0	0.0172680331650772	-0.20302246	-0.09638506	BB	0	0.0195683319884476	ct6VSct7	-0.00230029882337036	0	-0.0023002988233704
636	16	22	-0.19265948	-0.17799514	BB	0	0.0342924511149272	-0.20302246	-0.17188705	BB	0	0.034896931733143	ct6VSct7	-0.000604480618215802	0	-0.000604480618215796
637	16	23	-0.19265948	-0.074110683	BB	0	0.0142781256492248	-0.20302246	-0.088189629	BB	0	0.0179044754260673	ct6VSct7	-0.0036263497768425	0	-0.0036263497768425
638	16	24	-0.19265948	-0.17513926	BB	0	0.0337422387591848	-0.20302246	-0.17973533	BB	0	0.0364903088455118	ct6VSct7	-0.002748070086327	0	-0.002748070086327
639	16	25	-0.19265948	-0.1783839	BB	0	0.034367349414372	-0.20302246	-0.18355494	BB	0	0.0372657754639524	ct6VSct7	-0.0028984260495804	0	-0.0028984260495804
640	16	26	-0.19265948	0.04886867	BA	0	0	-0.20302246	0.022230364	BA	0	0	ct6VSct7	-0.00490174936451616	0	0
641	16	27	-0.19265948	-0.12618619	BB	0	0.0243109657485812	-0.20302246	-0.12914455	BB	0	0.026219244236593	ct6VSct7	-0.0019082784880118	0	-0.0019082784880118
642	16	28	-0.19265948	-0.19431832	BB	0	0.0374372664856736	-0.20302246	-0.19425153	BB	0	0.0394374234793638	ct6VSct7	-0.0020001569936902	0	-0.0020001569936902
643	16	29	-0.19265948	-0.1142804	BB	0	0.022017202438192	-0.20302246	-0.13361659	BB	0	0.0271271687986114	ct6VSct7	-0.0051099663604194	0	-0.0051099663604194
644	16	30	-0.19265948	-0.18324422	BB	0	0.0353037361382056	-0.20302246	-0.18384934	BB	0	0.0373255452761764	ct6VSct7	-0.00202180913797079	0	-0.0020218091379708
645	16	31	-0.19265948	-0.015912322	BB	0	0.00306565968211256	-0.20302246	-0.071527926	BB	0	0.014521775495218	ct6VSct7	-0.0114561158131054	0	-0.0114561158131054
646	16	32	-0.19265948	0.10504568	BA	0	0	-0.20302246	0.092805165	BA	0	0	ct6VSct7	-0.0013965131860405	0	0
647	16	33	-0.19265948	-0.13406649	BB	0	0.0258291802488252	-0.20302246	-0.13429929	BB	0	0.0272657722320534	ct6VSct7	-0.00143659198322819	0	-0.0014365919832282
648	16	34	-0.19265948	-0.17995195	BB	0	0.034669449111986	-0.20302246	-0.18321423	BB	0	0.0371966036816058	ct6VSct7	-0.0025271545696198	0	-0.0025271545696198
649	16	35	-0.19265948	0.01603256	BA	0	0	-0.20302246	0.016333056	BA	0	0	ct6VSct7	0.00022715253576896	0	0
650	16	36	-0.19265948	-0.1121982	BB	0	0.021616046868936	-0.20302246	-0.090922245	BB	0	0.0184592578486227	ct6VSct7	0.0031567890203133	0	0.0031567890203133
651	16	37	-0.19265948	0.063258421	BA	0	0	-0.20302246	0.10484256	BA	0	0	ct6VSct7	0.00909805994841652	0	0
652	16	38	-0.19265948	-0.11497068	BB	0	0.0221501914240464	-0.20302246	-0.12670288	BB	0	0.0257235303866848	ct6VSct7	-0.0035733389626384	0	-0.0035733389626384
653	16	39	-0.19265948	0.161061	BA	0	0	-0.20302246	0.15917461	BA	0	0	ct6VSct7	0.0012860923834606	0	0
654	16	40	-0.19265948	0.17163917	BA	0	0	-0.20302246	0.16305368	BA	0	0	ct6VSct7	3.56459858211963e-05	0	0
655	16	41	-0.19265948	0.17122226	BA	0	0	-0.20302246	0.16808114	BA	0	0	ct6VSct7	0.0011366549463796	0	0
656	16	42	-0.19265948	0.17797488	BA	0	0	-0.20302246	0.16383915	BA	0	0	ct6VSct7	-0.0010255205565534	0	0
657	16	43	-0.19265948	-0.15757896	BB	0	0.0303590804925408	-0.20302246	-0.1487899	BB	0	0.030207691521154	ct6VSct7	0.000151388971386796	0	0.0001513889713868
658	16	44	-0.19265948	-0.15268602	BB	0	0.0294164092164696	-0.20302246	-0.14516923	BB	0	0.0294726141909058	ct6VSct7	-5.62049744361991e-05	0	-5.62049744361991e-05
659	16	45	-0.19265948	0.17675116	BA	0	0	-0.20302246	0.12785814	BA	0	0	ct6VSct7	-0.0080947124611724	0	0
660	16	46	-0.19265948	-0.03783293	BB	0	0.0072888726206764	-0.20302246	0.029661138	BA	0	0	ct6VSct7	0.0133107498238359	0	0.0072888726206764
661	16	47	-0.19265948	0.185089	BA	0	0	-0.20302246	0.18247796	BA	0	0	ct6VSct7	0.0013879738412616	0	0
662	16	48	-0.19265948	0.11803528	BA	0	0	-0.20302246	0.14633107	BA	0	0	ct6VSct7	0.0069678781393778	0	0
663	16	49	-0.19265948	0.02267619	BA	0	0	-0.20302246	0.07442628	BA	0	0	ct6VSct7	0.0107414234804676	0	0
664	16	50	-0.19265948	0.11017408	BA	0	0	-0.20302246	0.12836667	BA	0	0	ct6VSct7	0.0048352361631298	0	0
665	17	18	-0.19542643	-0.19695558	BB	0	0.0384903258679794	-0.2024971	-0.20235464	BB	0	0.040976227771544	ct6VSct7	-0.0024859019035646	0	-0.0024859019035646
666	17	19	-0.19542643	-0.16507629	BB	0	0.0322602700323447	-0.2024971	-0.17403187	BB	0	0.035240948982577	ct6VSct7	-0.0029806789502323	0	-0.0029806789502323
667	17	20	-0.19542643	0.079750339	BA	0	0	-0.2024971	0.026111148	BA	0	0	ct6VSct7	-0.010297892294389	0	0
668	17	21	-0.19542643	-0.089629813	BB	0	0.0175160343761576	-0.2024971	-0.09638506	BB	0	0.019517695133326	ct6VSct7	-0.00200166075716841	0	-0.0020016607571684
669	17	22	-0.19542643	-0.17799514	BB	0	0.0347849547675502	-0.2024971	-0.17188705	BB	0	0.034806629152555	ct6VSct7	-2.16743850047982e-05	0	-2.16743850048051e-05
670	17	23	-0.19542643	-0.074110683	BB	0	0.0144831862035517	-0.2024971	-0.088189629	BB	0	0.0178581441225759	ct6VSct7	-0.00337495791902421	0	-0.0033749579190242
671	17	24	-0.19542643	-0.17513926	BB	0	0.0342268403346418	-0.2024971	-0.17973533	BB	0	0.036395883092543	ct6VSct7	-0.0021690427579012	0	-0.0021690427579012
672	17	25	-0.19542643	-0.1783839	BB	0	0.034860928746477	-0.2024971	-0.18355494	BB	0	0.037169343040674	ct6VSct7	-0.00230841429419699	0	-0.002308414294197
673	17	26	-0.19542643	0.04886867	BA	0	0	-0.2024971	0.022230364	BA	0	0	ct6VSct7	-0.0050486454750037	0	0
674	17	27	-0.19542643	-0.12618619	BB	0	0.0246601166270017	-0.2024971	-0.12914455	BB	0	0.026151396855805	ct6VSct7	-0.0014912802288033	0	-0.0014912802288033
675	17	28	-0.19542643	-0.19431832	BB	0	0.0379749355611976	-0.2024971	-0.19425153	BB	0	0.039335371495563	ct6VSct7	-0.0013604359343654	0	-0.0013604359343654
676	17	29	-0.19542643	-0.1142804	BB	0	0.022333410590972	-0.2024971	-0.13361659	BB	0	0.027056971986889	ct6VSct7	-0.004723561395917	0	-0.004723561395917
677	17	30	-0.19542643	-0.18324422	BB	0	0.0358107637327346	-0.2024971	-0.18384934	BB	0	0.037228958186914	ct6VSct7	-0.0014181944541794	0	-0.0014181944541794
678	17	31	-0.19542643	-0.015912322	BB	0	0.00310968828147046	-0.2024971	-0.071527926	BB	0	0.0144841975840146	ct6VSct7	-0.0113745093025441	0	-0.0113745093025441
679	17	32	-0.19542643	0.10504568	BA	0	0	-0.2024971	0.092805165	BA	0	0	ct6VSct7	-0.0017359254518009	0	0
680	17	33	-0.19542643	-0.13406649	BB	0	0.0262001355233307	-0.2024971	-0.13429929	BB	0	0.027195216757059	ct6VSct7	-0.000995081233728295	0	-0.000995081233728299
681	17	34	-0.19542643	-0.17995195	BB	0	0.0351673671600385	-0.2024971	-0.18321423	BB	0	0.037100350253733	ct6VSct7	-0.0019329830936945	0	-0.0019329830936945
682	17	35	-0.19542643	0.01603256	BA	0	0	-0.2024971	0.016333056	BA	0	0	ct6VSct7	0.0001742105095768	0	0
683	17	36	-0.19542643	-0.1121982	BB	0	0.021926493678426	-0.2024971	-0.090922245	BB	0	0.0184114909379895	ct6VSct7	0.0035150027404365	0	0.0035150027404365
684	17	37	-0.19542643	0.063258421	BA	0	0	-0.2024971	0.10484256	BA	0	0	ct6VSct7	0.00886794697310897	0	0
685	17	38	-0.19542643	-0.11497068	BB	0	0.0224683095470724	-0.2024971	-0.12670288	BB	0	0.025656965761648	ct6VSct7	-0.0031886562145756	0	-0.0031886562145756
686	17	39	-0.19542643	0.161061	BA	0	0	-0.2024971	0.15917461	BA	0	0	ct6VSct7	0.000756820676400996	0	0
687	17	40	-0.19542643	0.17163917	BA	0	0	-0.2024971	0.16305368	BA	0	0	ct6VSct7	-0.000524932896935101	0	0
688	17	41	-0.19542643	0.17122226	BA	0	0	-0.2024971	0.16808114	BA	0	0	ct6VSct7	0.000574588406362202	0	0
689	17	42	-0.19542643	0.17797488	BA	0	0	-0.2024971	0.16383915	BA	0	0	ct6VSct7	-0.0016040426866134	0	0
690	17	43	-0.19542643	-0.15757896	BB	0	0.0307950935959128	-0.2024971	-0.1487899	BB	0	0.03012952325929	ct6VSct7	0.0006655703366228	0	0.0006655703366228
691	17	44	-0.19542643	-0.15268602	BB	0	0.0298388837995086	-0.2024971	-0.14516923	BB	0	0.029396348084233	ct6VSct7	0.000442535715275597	0	0.0004425357152756
692	17	45	-0.19542643	0.17675116	BA	0	0	-0.2024971	0.12785814	BA	0	0	ct6VSct7	-0.0086509456357648	0	0
693	17	46	-0.19542643	-0.03783293	BB	0	0.0073935544463399	-0.2024971	0.029661138	BA	0	0	ct6VSct7	0.0133998488740397	0	0.0073935544463399
694	17	47	-0.19542643	0.185089	BA	0	0	-0.2024971	0.18247796	BA	0	0	ct6VSct7	0.000779975211646002	0	0
695	17	48	-0.19542643	0.11803528	BA	0	0	-0.2024971	0.14633107	BA	0	0	ct6VSct7	0.0065644039304466	0	0
696	17	49	-0.19542643	0.02267619	BA	0	0	-0.2024971	0.07442628	BA	0	0	ct6VSct7	0.0106395790060863	0	0
697	17	50	-0.19542643	0.11017408	BA	0	0	-0.2024971	0.12836667	BA	0	0	ct6VSct7	0.0044629512787226	0	0
698	18	19	-0.19695558	-0.16507629	BB	0	0.0325126964411982	-0.20235464	-0.17403187	BB	0	0.0352161564023768	ct6VSct7	-0.00270345996117861	0	-0.0027034599611786
699	18	20	-0.19695558	0.079750339	BA	0	0	-0.20235464	0.026111148	BA	0	0	ct6VSct7	-0.0104235623194149	0	0
700	18	21	-0.19695558	-0.089629813	BB	0	0.0176530918047065	-0.20235464	-0.09638506	BB	0	0.0195039641176784	ct6VSct7	-0.00185087231297186	0	-0.0018508723129719
701	18	22	-0.19695558	-0.17799514	BB	0	0.0350571360358812	-0.20235464	-0.17188705	BB	0	0.034782142123412	ct6VSct7	0.000274993912469192	0	0.000274993912469206
702	18	23	-0.19695558	-0.074110683	BB	0	0.0145965125544611	-0.20235464	-0.088189629	BB	0	0.0178455806280286	ct6VSct7	-0.00324906807356742	0	-0.0032490680735675
703	18	24	-0.19695558	-0.17513926	BB	0	0.0344946545340708	-0.20235464	-0.17973533	BB	0	0.0363702779974312	ct6VSct7	-0.00187562346336041	0	-0.0018756234633604
704	18	25	-0.19695558	-0.1783839	BB	0	0.035133704487162	-0.20235464	-0.18355494	BB	0	0.0371431938039216	ct6VSct7	-0.0020094893167596	0	-0.0020094893167596
705	18	26	-0.19695558	0.04886867	BA	0	0	-0.20235464	0.022230364	BA	0	0	ct6VSct7	-0.00512653993938964	0	0
706	18	27	-0.19695558	-0.12618619	BB	0	0.0248530742394402	-0.20235464	-0.12914455	BB	0	0.026132998923212	ct6VSct7	-0.0012799246837718	0	-0.0012799246837718
707	18	28	-0.19695558	-0.19431832	BB	0	0.0382720774202256	-0.20235464	-0.19425153	BB	0	0.0393076984225992	ct6VSct7	-0.0010356210023736	0	-0.0010356210023736
708	18	29	-0.19695558	-0.1142804	BB	0	0.022508162464632	-0.20235464	-0.13361659	BB	0	0.0270379369674776	ct6VSct7	-0.0045297745028456	0	-0.0045297745028456
709	18	30	-0.19695558	-0.18324422	BB	0	0.0360909716317476	-0.20235464	-0.18384934	BB	0	0.0372027670099376	ct6VSct7	-0.00111179537819	0	-0.00111179537819
710	18	31	-0.19695558	-0.015912322	BB	0	0.00313402060865676	-0.20235464	-0.071527926	BB	0	0.0144740077156766	ct6VSct7	-0.0113399871070199	0	-0.0113399871070198
711	18	32	-0.19695558	0.10504568	BA	0	0	-0.20235464	0.092805165	BA	0	0	ct6VSct7	-0.0019097770771788	0	0
712	18	33	-0.19695558	-0.13406649	BB	0	0.0264051432965142	-0.20235464	-0.13429929	BB	0	0.0271760844802056	ct6VSct7	-0.000770941183691396	0	-0.0007709411836914
713	18	34	-0.19695558	-0.17995195	BB	0	0.035442540684381	-0.20235464	-0.18321423	BB	0	0.0370742495545272	ct6VSct7	-0.0016317088701462	0	-0.0016317088701462
714	18	35	-0.19695558	0.01603256	BA	0	0	-0.20235464	0.016333056	BA	0	0	ct6VSct7	0.00014736751329504	0	0
715	18	36	-0.19695558	-0.1121982	BB	0	0.022098061555956	-0.20235464	-0.090922245	BB	0	0.0183985381549668	ct6VSct7	0.0036995234009892	0	0.0036995234009892
716	18	37	-0.19695558	0.063258421	BA	0	0	-0.20235464	0.10484256	BA	0	0	ct6VSct7	0.00875627948753922	0	0
717	18	38	-0.19695558	-0.11497068	BB	0	0.0226441169623944	-0.20235464	-0.12670288	BB	0	0.0256389156693632	ct6VSct7	-0.0029947987069688	0	-0.0029947987069688
718	18	39	-0.19695558	0.161061	BA	0	0	-0.20235464	0.15917461	BA	0	0	ct6VSct7	0.0004878582333104	0	0
719	18	40	-0.19695558	0.17163917	BA	0	0	-0.20235464	0.16305368	BA	0	0	ct6VSct7	-0.000810623560993394	0	0
720	18	41	-0.19695558	0.17122226	BA	0	0	-0.20235464	0.16808114	BA	0	0	ct6VSct7	0.0002888190482788	0	0
721	18	42	-0.19695558	0.17797488	BA	0	0	-0.20235464	0.16383915	BA	0	0	ct6VSct7	-0.0018995334996744	0	0
722	18	43	-0.19695558	-0.15757896	BB	0	0.0310360554625968	-0.20235464	-0.1487899	BB	0	0.030108326650136	ct6VSct7	0.000927728812460796	0	0.000927728812460803
723	18	44	-0.19695558	-0.15268602	BB	0	0.0300723636269916	-0.20235464	-0.14516923	BB	0	0.0293756672757272	ct6VSct7	0.000696696351264396	0	0.0006966963512644
724	18	45	-0.19695558	0.17675116	BA	0	0	-0.20235464	0.12785814	BA	0	0	ct6VSct7	-0.00893943934270319	0	0
725	18	46	-0.19695558	-0.03783293	BB	0	0.0074514066712494	-0.20235464	0.029661138	BA	0	0	ct6VSct7	0.0134534755732297	0	0.0074514066712494
726	18	47	-0.19695558	0.185089	BA	0	0	-0.20235464	0.18247796	BA	0	0	ct6VSct7	0.000470950557114401	0	0
727	18	48	-0.19695558	0.11803528	BA	0	0	-0.20235464	0.14633107	BA	0	0	ct6VSct7	0.0063630639578024	0	0
728	18	49	-0.19695558	0.02267619	BA	0	0	-0.20235464	0.07442628	BA	0	0	ct6VSct7	0.010594300942299	0	0
729	18	50	-0.19695558	0.11017408	BA	0	0	-0.20235464	0.12836667	BA	0	0	ct6VSct7	0.0042761914684824	0	0
730	19	20	-0.16507629	0.079750339	BA	0	0	-0.17403187	0.026111148	BA	0	0	ct6VSct7	-0.00862071817407555	0	0
731	19	21	-0.16507629	-0.089629813	BB	0	0.0147957570034338	-0.17403187	-0.09638506	BB	0	0.0167740722318622	ct6VSct7	-0.00197831522842843	0	-0.0019783152284284
732	19	22	-0.16507629	-0.17799514	BB	0	0.0293827773492306	-0.17403187	-0.17188705	BB	0	0.0299138247402835	ct6VSct7	-0.000531047391052905	0	-0.000531047391052898
733	19	23	-0.16507629	-0.074110683	BB	0	0.0122339165990061	-0.17403187	-0.088189629	BB	0	0.0153478060494762	ct6VSct7	-0.00311388945047016	0	-0.0031138894504701
734	19	24	-0.16507629	-0.17513926	BB	0	0.0289113392741454	-0.17403187	-0.17973533	BB	0	0.0312796755849671	ct6VSct7	-0.00236833631082171	0	-0.0023683363108217
735	19	25	-0.16507629	-0.1783839	BB	0	0.029446952407731	-0.17403187	-0.18355494	BB	0	0.0319444094559378	ct6VSct7	-0.0024974570482068	0	-0.0024974570482068
736	19	26	-0.16507629	0.04886867	BA	0	0	-0.17403187	0.022230364	BA	0	0	ct6VSct7	-0.00419826692313362	0	0
737	19	27	-0.16507629	-0.12618619	BB	0	0.0208303480944351	-0.17403187	-0.12914455	BB	0	0.0224752675368085	ct6VSct7	-0.0016449194423734	0	-0.0016449194423734
738	19	28	-0.16507629	-0.19431832	BB	0	0.0320773473446328	-0.17403187	-0.19425153	BB	0	0.0338059570162611	ct6VSct7	-0.00172860967162831	0	-0.0017286096716283
739	19	29	-0.16507629	-0.1142804	BB	0	0.018864984451716	-0.17403187	-0.13361659	BB	0	0.0232535450207233	ct6VSct7	-0.0043885605690073	0	-0.0043885605690073
740	19	30	-0.16507629	-0.18324422	BB	0	0.0302492760015438	-0.17403187	-0.18384934	BB	0	0.0319956444384658	ct6VSct7	-0.001746368436922	0	-0.001746368436922
741	19	31	-0.16507629	-0.015912322	BB	0	0.00262674708104538	-0.17403187	-0.071527926	BB	0	0.0124481387190016	ct6VSct7	-0.00982139163795624	0	-0.00982139163795622
742	19	32	-0.16507629	0.10504568	BA	0	0	-0.17403187	0.092805165	BA	0	0	ct6VSct7	-0.00118949472431865	0	0
743	19	33	-0.16507629	-0.13406649	BB	0	0.0221311987825221	-0.17403187	-0.13429929	BB	0	0.0233723565783723	ct6VSct7	-0.0012411577958502	0	-0.0012411577958502
744	19	34	-0.16507629	-0.17995195	BB	0	0.0297058002842655	-0.17403187	-0.18321423	BB	0	0.0318851150575101	ct6VSct7	-0.0021793147732446	0	-0.0021793147732446
745	19	35	-0.16507629	0.01603256	BA	0	0	-0.17403187	0.016333056	BA	0	0	ct6VSct7	0.00019587675449232	0	0
746	19	36	-0.16507629	-0.1121982	BB	0	0.018521262600678	-0.17403187	-0.090922245	BB	0	0.0158233683219481	ct6VSct7	0.00269789427872985	0	0.0026978942787299
747	19	37	-0.16507629	0.063258421	BA	0	0	-0.17403187	0.10484256	BA	0	0	ct6VSct7	0.00780348132244911	0	0
748	19	38	-0.16507629	-0.11497068	BB	0	0.0189789333131772	-0.17403187	-0.12670288	BB	0	0.0220503391407856	ct6VSct7	-0.0030714058276084	0	-0.0030714058276084
749	19	39	-0.16507629	0.161061	BA	0	0	-0.17403187	0.15917461	BA	0	0	ct6VSct7	0.0011141026911307	0	0
750	19	40	-0.16507629	0.17163917	BA	0	0	-0.17403187	0.16305368	BA	0	0	ct6VSct7	4.29794385023025e-05	0	0
751	19	41	-0.16507629	0.17122226	BA	0	0	-0.17403187	0.16808114	BA	0	0	ct6VSct7	0.000986739659716403	0	0
752	19	42	-0.16507629	0.17797488	BA	0	0	-0.17403187	0.16383915	BA	0	0	ct6VSct7	-0.000866199249884701	0	0
753	19	43	-0.16507629	-0.15757896	BB	0	0.0260125500988584	-0.17403187	-0.1487899	BB	0	0.025894184534113	ct6VSct7	0.000118365564745395	0	0.000118365564745398
754	19	44	-0.16507629	-0.15268602	BB	0	0.0252048417164658	-0.17403187	-0.14516923	BB	0	0.0252640725633601	ct6VSct7	-5.92308468943051e-05	0	-5.92308468943016e-05
755	19	45	-0.16507629	0.17675116	BA	0	0	-0.17403187	0.12785814	BA	0	0	ct6VSct7	-0.0069260345470746	0	0
756	19	46	-0.16507629	-0.03783293	BB	0	0.0062453197242297	-0.17403187	0.029661138	BA	0	0	ct6VSct7	0.0114073030366978	0	0.0062453197242297
757	19	47	-0.16507629	0.185089	BA	0	0	-0.17403187	0.18247796	BA	0	0	ct6VSct7	0.0012031751727752	0	0
758	19	48	-0.16507629	0.11803528	BA	0	0	-0.17403187	0.14633107	BA	0	0	ct6VSct7	0.0059814436396897	0	0
759	19	49	-0.16507629	0.02267619	BA	0	0	-0.17403187	0.07442628	BA	0	0	ct6VSct7	0.0092092433690085	0	0
760	19	50	-0.16507629	0.11017408	BA	0	0	-0.17403187	0.12836667	BA	0	0	ct6VSct7	0.0041527632452097	0	0
761	20	21	0.079750339	-0.089629813	AB	0	0	0.026111148	-0.09638506	AB	0	0	ct6VSct7	-0.00463128340460773	0	0
762	20	22	0.079750339	-0.17799514	AB	0	0	0.026111148	-0.17188705	AB	0	0	ct6VSct7	-0.00970700455351906	0	0
763	20	23	0.079750339	-0.074110683	AB	0	0	0.026111148	-0.088189629	AB	0	0	ct6VSct7	-0.00360761963788744	0	0
764	20	24	0.079750339	-0.17513926	AB	0	0	0.026111148	-0.17973533	AB	0	0	ct6VSct7	-0.0092743195547503	0	0
765	20	25	0.079750339	-0.1783839	AB	0	0	0.026111148	-0.18355494	AB	0	0	ct6VSct7	-0.00943334629267098	0	0
766	20	26	0.079750339	0.04886867	AA	0.00389729299897913	0	0.026111148	0.022230364	AA	0.000580460324497872	0	ct6VSct7	0.00331683267448126	0.00331683267448126	0
767	20	27	0.079750339	-0.12618619	AB	0	0	0.026111148	-0.12914455	AB	0	0	ct6VSct7	-0.00669127897117501	0	0
768	20	28	0.079750339	-0.19431832	AB	0	0	0.026111148	-0.19425153	AB	0	0	ct6VSct7	-0.010424821444854	0	0
769	20	29	0.079750339	-0.1142804	AB	0	0	0.026111148	-0.13361659	AB	0	0	ct6VSct7	-0.00562501808431028	0	0
770	20	30	0.079750339	-0.18324422	AB	0	0	0.026111148	-0.18384934	AB	0	0	ct6VSct7	-0.00981327133834826	0	0
771	20	31	0.079750339	-0.015912322	AB	0	0	0.026111148	-0.071527926	AB	0	0	ct6VSct7	0.00059866318814189	0	0
772	20	32	0.079750339	0.10504568	AA	0.00837742859048552	0	0.026111148	0.092805165	AA	0.00242324939847942	0	ct6VSct7	0.0059541791920061	0.0059541791920061	0
773	20	33	0.079750339	-0.13406649	AB	0	0	0.026111148	-0.13429929	AB	0	0	ct6VSct7	-0.00718513938855519	0	0
774	20	34	0.079750339	-0.17995195	AB	0	0	0.026111148	-0.18321423	AB	0	0	ct6VSct7	-0.00956729514097501	0	0
775	20	35	0.079750339	0.01603256	AA	0.00127860209503784	0	0.026111148	0.016333056	AA	0.000426474842508288	0	ct6VSct7	0.000852127252529552	0.000852127252529552	0
776	20	36	0.079750339	-0.1121982	AB	0	0	0.026111148	-0.090922245	AB	0	0	ct6VSct7	-0.00657376028950254	0	0
777	20	37	0.079750339	0.063258421	AA	0.00504488051935472	0	0.026111148	0.10484256	AA	0.00273755960085888	0	ct6VSct7	0.00230732091849584	0.00230732091849584	0
778	20	38	0.079750339	-0.11497068	AB	0	0	0.026111148	-0.12670288	AB	0	0	ct6VSct7	-0.00586059305335428	0	0
779	20	39	0.079750339	0.161061	AA	0.012844669349679	0	0.026111148	0.15917461	AA	0.00415623179955228	0	ct6VSct7	0.00868843755012672	0.00868843755012672	0
780	20	40	0.079750339	0.17163917	AA	0.0136882819931786	0	0.026111148	0.16305368	AA	0.00425751877042464	0	ct6VSct7	0.00943076322275399	0.00943076322275396	0
781	20	41	0.079750339	0.17122226	AA	0.0136550332793461	0	0.026111148	0.16808114	AA	0.00438879152254872	0	ct6VSct7	0.00926624175679742	0.00926624175679738	0
782	20	42	0.079750339	0.17797488	AA	0.0141935570134843	0	0.026111148	0.16383915	AA	0.0042780282938442	0	ct6VSct7	0.00991552871964012	0.0099155287196401	0
783	20	43	0.079750339	-0.15757896	AB	0	0	0.026111148	-0.1487899	AB	0	0	ct6VSct7	-0.00868190037946224	0	0
784	20	44	0.079750339	-0.15268602	AB	0	0	0.026111148	-0.14516923	AB	0	0	ct6VSct7	-0.00838622660598474	0	0
785	20	45	0.079750339	0.17675116	AA	0.0140959649286432	0	0.026111148	0.12785814	AA	0.00333852281654472	0	ct6VSct7	0.0107574421120985	0.0107574421120985	0
786	20	46	0.079750339	-0.03783293	AB	0	0	0.026111148	0.029661138	AA	0.000774486364166424	0	ct6VSct7	-0.00379167535702969	-0.000774486364166424	0
787	20	47	0.079750339	0.185089	AA	0.014760910495171	0	0.026111148	0.18247796	AA	0.00476470902029808	0	ct6VSct7	0.00999620147487292	0.00999620147487292	0
788	20	48	0.079750339	0.11803528	AA	0.00941335359395992	0	0.026111148	0.14633107	AA	0.00382087222576836	0	ct6VSct7	0.00559248136819156	0.00559248136819156	0
789	20	49	0.079750339	0.02267619	AA	0.00180843383972841	0	0.026111148	0.07442628	AA	0.00194335561216944	0	ct6VSct7	-0.00013492177244103	-0.00013492177244103	0
790	20	50	0.079750339	0.11017408	AA	0.00878642022901312	0	0.026111148	0.12836667	AA	0.00335180111863716	0	ct6VSct7	0.00543461911037596	0.00543461911037596	0
791	21	22	-0.089629813	-0.17799514	BB	0	0.0159536711131088	-0.09638506	-0.17188705	BB	0	0.016567343627473	ct6VSct7	-0.000613672514364179	0	-0.0006136725143642
792	21	23	-0.089629813	-0.074110683	BB	0	0.00664252665859228	-0.09638506	-0.088189629	BB	0	0.00850016268254274	ct6VSct7	-0.00185763602395046	0	-0.00185763602395046
793	21	24	-0.089629813	-0.17513926	BB	0	0.0156976991227584	-0.09638506	-0.17973533	BB	0	0.0173238005661698	ct6VSct7	-0.00162610144341142	0	-0.0016261014434114
794	21	25	-0.089629813	-0.1783839	BB	0	0.0159885155992107	-0.09638506	-0.18355494	BB	0	0.0176919539051964	ct6VSct7	-0.0017034383059857	0	-0.0017034383059857
795	21	26	-0.089629813	0.04886867	BA	0	0	-0.09638506	0.022230364	BA	0	0	ct6VSct7	-0.00223741478569687	0	0
796	21	27	-0.089629813	-0.12618619	BB	0	0.0113100446128825	-0.09638506	-0.12914455	BB	0	0.012447605200423	ct6VSct7	-0.00113756058754053	0	-0.0011375605875405
797	21	28	-0.089629813	-0.19431832	BB	0	0.0174167146840742	-0.09638506	-0.19425153	BB	0	0.0187229453741418	ct6VSct7	-0.00130623069006764	0	-0.0013062306900676
798	21	29	-0.089629813	-0.1142804	BB	0	0.0102429308815652	-0.09638506	-0.13361659	BB	0	0.0128786430441454	ct6VSct7	-0.0026357121625802	0	-0.0026357121625802
799	21	30	-0.089629813	-0.18324422	BB	0	0.0164241451719309	-0.09638506	-0.18384934	BB	0	0.0177203296668604	ct6VSct7	-0.00129618449492954	0	-0.0012961844949295
800	21	31	-0.089629813	-0.015912322	BB	0	0.00142621844525579	-0.09638506	-0.071527926	BB	0	0.00689422343918556	ct6VSct7	-0.00546800499392977	0	-0.00546800499392977
801	21	32	-0.089629813	0.10504568	BA	0	0	-0.09638506	0.092805165	BA	0	0	ct6VSct7	-0.00047019325802294	0	0
802	21	33	-0.089629813	-0.13406649	BB	0	0.0120163544282664	-0.09638506	-0.13429929	BB	0	0.0129444451246074	ct6VSct7	-0.000928090696341026	0	-0.000928090696341
803	21	34	-0.089629813	-0.17995195	BB	0	0.0161290596274853	-0.09638506	-0.18321423	BB	0	0.0176591145514038	ct6VSct7	-0.00153005492391845	0	-0.0015300549239185
804	21	35	-0.089629813	0.01603256	BA	0	0	-0.09638506	0.016333056	BA	0	0	ct6VSct7	0.00013726722783208	0	0
805	21	36	-0.089629813	-0.1121982	BB	0	0.0100563036849366	-0.09638506	-0.090922245	BB	0	0.0087635460396597	ct6VSct7	0.0012927576452769	0	0.0012927576452769
806	21	37	-0.089629813	0.063258421	BA	0	0	-0.09638506	0.10484256	BA	0	0	ct6VSct7	0.00443541599124833	0	0
807	21	38	-0.089629813	-0.11497068	BB	0	0.0103048005488828	-0.09638506	-0.12670288	BB	0	0.0122122646909728	ct6VSct7	-0.00190746414208996	0	-0.00190746414209
808	21	39	-0.089629813	0.161061	BA	0	0	-0.09638506	0.15917461	BA	0	0	ct6VSct7	0.000906187023733598	0	0
809	21	40	-0.089629813	0.17163917	BA	0	0	-0.09638506	0.16305368	BA	0	0	ct6VSct7	0.000331952019445589	0	0
810	21	41	-0.089629813	0.17122226	BA	0	0	-0.09638506	0.16808114	BA	0	0	ct6VSct7	0.000853891618531017	0	0
811	21	42	-0.089629813	0.17797488	BA	0	0	-0.09638506	0.16383915	BA	0	0	ct6VSct7	-0.000160208909998443	0	0
812	21	43	-0.089629813	-0.15757896	BB	0	0.0141237727175345	-0.09638506	-0.1487899	BB	0	0.014341123438894	ct6VSct7	-0.000217350721359521	0	-0.0002173507213595
813	21	44	-0.089629813	-0.15268602	BB	0	0.0136852194203143	-0.09638506	-0.14516923	BB	0	0.0139921449437038	ct6VSct7	-0.00030692552338954	0	-0.000306925523389501
814	21	45	-0.089629813	0.17675116	BA	0	0	-0.09638506	0.12785814	BA	0	0	ct6VSct7	-0.00351855892294468	0	0
815	21	46	-0.089629813	-0.03783293	BB	0	0.00339095844114209	-0.09638506	0.029661138	BA	0	0	ct6VSct7	0.00624984900694037	0	0.00339095844114209
816	21	47	-0.089629813	0.185089	BA	0	0	-0.09638506	0.18247796	BA	0	0	ct6VSct7	0.000998656664920595	0	0
817	21	48	-0.089629813	0.11803528	BA	0	0	-0.09638506	0.14633107	BA	0	0	ct6VSct7	0.00352464888801156	0	0
818	21	49	-0.089629813	0.02267619	BA	0	0	-0.09638506	0.07442628	BA	0	0	ct6VSct7	0.00514111879412433	0	0
819	21	50	-0.089629813	0.11017408	BA	0	0	-0.09638506	0.12836667	BA	0	0	ct6VSct7	0.00249774700210316	0	0
820	22	23	-0.17799514	-0.074110683	BB	0	0.0131913413960806	-0.17188705	-0.088189629	BB	0	0.0151586551694045	ct6VSct7	-0.00196731377332383	0	-0.0019673137733239
821	22	24	-0.17799514	-0.17513926	BB	0	0.0311739371031964	-0.17188705	-0.17973533	BB	0	0.0308941756544765	ct6VSct7	0.000279761448719894	0	0.000279761448719901
822	22	25	-0.17799514	-0.1783839	BB	0	0.031751467254246	-0.17188705	-0.18355494	BB	0	0.031550717149527	ct6VSct7	0.000200750104719004	0	0.000200750104718997
823	22	26	-0.17799514	0.04886867	BA	0	0	-0.17188705	0.022230364	BA	0	0	ct6VSct7	-0.0048772740698776	0	0
824	22	27	-0.17799514	-0.12618619	BB	0	0.0224605285551166	-0.17188705	-0.12914455	BB	0	0.0221982757230775	ct6VSct7	0.000262252832039098	0	0.000262252832039098
825	22	28	-0.17799514	-0.19431832	BB	0	0.0345877165729648	-0.17188705	-0.19425153	BB	0	0.0333893224496865	ct6VSct7	0.0011983941232783	0	0.0011983941232783
826	22	29	-0.17799514	-0.1142804	BB	0	0.020341355797256	-0.17188705	-0.13361659	BB	0	0.0229669614861595	ct6VSct7	-0.0026256056889035	0	-0.0026256056889035
827	22	30	-0.17799514	-0.18324422	BB	0	0.0326165805930908	-0.17188705	-0.18384934	BB	0	0.031601320697047	ct6VSct7	0.0010152598960438	0	0.0010152598960438
828	22	31	-0.17799514	-0.015912322	BB	0	0.00283231598211508	-0.17188705	-0.071527926	BB	0	0.0122947241927583	ct6VSct7	-0.00946240821064322	0	-0.00946240821064322
829	22	32	-0.17799514	0.10504568	BA	0	0	-0.17188705	0.092805165	BA	0	0	ct6VSct7	-0.00274561448138195	0	0
830	22	33	-0.17799514	-0.13406649	BB	0	0.0238631836568586	-0.17188705	-0.13429929	BB	0	0.0230843087751945	ct6VSct7	0.000778874881664102	0	0.000778874881664098
831	22	34	-0.17799514	-0.17995195	BB	0	0.032030572533523	-0.17188705	-0.18321423	BB	0	0.0314921535127215	ct6VSct7	0.000538419020801491	0	0.000538419020801498
832	22	35	-0.17799514	0.01603256	BA	0	0	-0.17188705	0.016333056	BA	0	0	ct6VSct7	-4.62769484336004e-05	0	0
833	22	36	-0.17799514	-0.1121982	BB	0	0.019970734316748	-0.17188705	-0.090922245	BB	0	0.0156283564724272	ct6VSct7	0.00434237784432075	0	0.0043423778443208
834	22	37	-0.17799514	0.063258421	BA	0	0	-0.17188705	0.10484256	BA	0	0	ct6VSct7	0.00676138685077406	0	0
835	22	38	-0.17799514	-0.11497068	BB	0	0.0204642222824952	-0.17188705	-0.12670288	BB	0	0.021778584269704	ct6VSct7	-0.0013143619872088	0	-0.0013143619872088
836	22	39	-0.17799514	0.161061	BA	0	0	-0.17188705	0.15917461	BA	0	0	ct6VSct7	-0.0013080210957395	0	0
837	22	40	-0.17799514	0.17163917	BA	0	0	-0.17188705	0.16305368	BA	0	0	ct6VSct7	-0.0025241220467898	0	0
838	22	41	-0.17799514	0.17122226	BA	0	0	-0.17188705	0.16808114	BA	0	0	ct6VSct7	-0.0015857588245794	0	0
839	22	42	-0.17799514	0.17797488	BA	0	0	-0.17188705	0.16383915	BA	0	0	ct6VSct7	-0.0035168355140757	0	0
840	22	43	-0.17799514	-0.15757896	BB	0	0.0280482890462544	-0.17188705	-0.1487899	BB	0	0.025575056980795	ct6VSct7	0.00247323206545939	0	0.0024732320654594
841	22	44	-0.17799514	-0.15268602	BB	0	0.0271773695059428	-0.17188705	-0.14516923	BB	0	0.0249527106954715	ct6VSct7	0.0022246588104713	0	0.0022246588104713
842	22	45	-0.17799514	0.17675116	BA	0	0	-0.17188705	0.12785814	BA	0	0	ct6VSct7	-0.00948368896627539	0	0
843	22	46	-0.17799514	-0.03783293	BB	0	0.0067340776719602	-0.17188705	0.029661138	BA	0	0	ct6VSct7	0.0118324431824231	0	0.0067340776719602
844	22	47	-0.17799514	0.185089	BA	0	0	-0.17188705	0.18247796	BA	0	0	ct6VSct7	-0.001579344233042	0	0
845	22	48	-0.17799514	0.11803528	BA	0	0	-0.17188705	0.14633107	BA	0	0	ct6VSct7	0.0041427097571043	0	0
846	22	49	-0.17799514	0.02267619	BA	0	0	-0.17188705	0.07442628	BA	0	0	ct6VSct7	0.0087566620979574	0	0
847	22	50	-0.17799514	0.11017408	BA	0	0	-0.17188705	0.12836667	BA	0	0	ct6VSct7	0.0024541174306523	0	0
848	23	24	-0.074110683	-0.17513926	BB	0	0.0129796901787146	-0.088189629	-0.17973533	BB	0	0.0158507920708926	ct6VSct7	-0.00287110189217799	0	-0.002871101892178
849	23	25	-0.074110683	-0.1783839	BB	0	0.0132201526652037	-0.088189629	-0.18355494	BB	0	0.0161876420597173	ct6VSct7	-0.00296748939451356	0	-0.0029674893945136
850	23	26	-0.074110683	0.04886867	BA	0	0	-0.088189629	0.022230364	BA	0	0	ct6VSct7	-0.00166120295730665	0	0
851	23	27	-0.074110683	-0.12618619	BB	0	0.00935174472606777	-0.088189629	-0.12914455	BB	0	0.011389209951872	ct6VSct7	-0.00203746522580418	0	-0.00203746522580423
852	23	28	-0.074110683	-0.19431832	BB	0	0.0144010634146126	-0.088189629	-0.19425153	BB	0	0.0171309703633824	ct6VSct7	-0.00272990694876981	0	-0.0027299069487698
853	23	29	-0.074110683	-0.1142804	BB	0	0.0084693984975132	-0.088189629	-0.13361659	BB	0	0.0117835975003451	ct6VSct7	-0.00331419900283191	0	-0.0033141990028319
854	23	30	-0.074110683	-0.18324422	BB	0	0.0135803543000023	-0.088189629	-0.18384934	BB	0	0.0162136050864949	ct6VSct7	-0.0026332507864926	0	-0.0026332507864926
855	23	31	-0.074110683	-0.015912322	BB	0	0.00117927305153593	-0.088189629	-0.071527926	BB	0	0.00630802125707945	ct6VSct7	-0.00512874820554353	0	-0.00512874820554352
856	23	32	-0.074110683	0.10504568	BA	0	0	-0.088189629	0.092805165	BA	0	0	ct6VSct7	0.000399445979634345	0	0
857	23	33	-0.074110683	-0.13406649	BB	0	0.00993575914131267	-0.088189629	-0.13429929	BB	0	0.0118438045600634	ct6VSct7	-0.00190804541875074	0	-0.00190804541875073
858	23	34	-0.074110683	-0.17995195	BB	0	0.0133363619216818	-0.088189629	-0.18321423	BB	0	0.0161575949712207	ct6VSct7	-0.00282123304953882	0	-0.0028212330495389
859	23	35	-0.074110683	0.01603256	BA	0	0	-0.088189629	0.016333056	BA	0	0	ct6VSct7	0.000252222177237744	0	0
860	23	36	-0.074110683	-0.1121982	BB	0	0.0083150852333706	-0.088189629	-0.090922245	BB	0	0.0080183990543971	ct6VSct7	0.000296686178973493	0	0.0002966861789735
861	23	37	-0.074110683	0.063258421	BA	0	0	-0.088189629	0.10484256	BA	0	0	ct6VSct7	0.0045579016839987	0	0
862	23	38	-0.074110683	-0.11497068	BB	0	0.00852055561977444	-0.088189629	-0.12670288	BB	0	0.0111738799804315	ct6VSct7	-0.00265332436065708	0	-0.00265332436065706
863	23	39	-0.074110683	0.161061	BA	0	0	-0.088189629	0.15917461	BA	0	0	ct6VSct7	0.00210120908745669	0	0
864	23	40	-0.074110683	0.17163917	BA	0	0	-0.088189629	0.16305368	BA	0	0	ct6VSct7	0.00165934742803161	0	0
865	23	41	-0.074110683	0.17122226	BA	0	0	-0.088189629	0.16808114	BA	0	0	ct6VSct7	0.00213361474509348	0	0
866	23	42	-0.074110683	0.17797488	BA	0	0	-0.088189629	0.16383915	BA	0	0	ct6VSct7	0.00125907394053231	0	0
867	23	43	-0.074110683	-0.15757896	BB	0	0.0116782843520297	-0.088189629	-0.1487899	BB	0	0.0131217260799471	ct6VSct7	-0.00144344172791742	0	-0.0014434417279174
868	23	44	-0.074110683	-0.15268602	BB	0	0.0113156652267517	-0.088189629	-0.14516923	BB	0	0.0128024205359157	ct6VSct7	-0.00148675530916401	0	-0.001486755309164
869	23	45	-0.074110683	0.17675116	BA	0	0	-0.088189629	0.12785814	BA	0	0	ct6VSct7	-0.00182338725741222	0	0
870	23	46	-0.074110683	-0.03783293	BB	0	0.00280382428219119	-0.088189629	0.029661138	BA	0	0	ct6VSct7	0.00541962903812899	0	0.00280382428219119
871	23	47	-0.074110683	0.185089	BA	0	0	-0.088189629	0.18247796	BA	0	0	ct6VSct7	0.00237559138728984	0	0
872	23	48	-0.074110683	0.11803528	BA	0	0	-0.088189629	0.14633107	BA	0	0	ct6VSct7	0.00415720755557679	0	0
873	23	49	-0.074110683	0.02267619	BA	0	0	-0.088189629	0.07442628	BA	0	0	ct6VSct7	0.00488307809231235	0	0
874	23	50	-0.074110683	0.11017408	BA	0	0	-0.088189629	0.12836667	BA	0	0	ct6VSct7	0.00315553268556879	0	0
875	24	25	-0.17513926	-0.1783839	BB	0	0.031242024241914	-0.17973533	-0.18355494	BB	0	0.0329913077140302	ct6VSct7	-0.0017492834721162	0	-0.0017492834721162
876	24	26	-0.17513926	0.04886867	BA	0	0	-0.17973533	0.022230364	BA	0	0	ct6VSct7	-0.00456324089142408	0	0
877	24	27	-0.17513926	-0.12618619	BB	0	0.0221001559388194	-0.17973533	-0.12914455	BB	0	0.0232118383119515	ct6VSct7	-0.0011116823731321	0	-0.0011116823731321
878	24	28	-0.17513926	-0.19431832	BB	0	0.0340327667692432	-0.17973533	-0.19425153	BB	0	0.0349138628475549	ct6VSct7	-0.000881096078311702	0	-0.000881096078311695
879	24	29	-0.17513926	-0.1142804	BB	0	0.020014984688504	-0.17973533	-0.13361659	BB	0	0.0240156218971247	ct6VSct7	-0.0040006372086207	0	-0.0040006372086207
880	24	30	-0.17513926	-0.18324422	BB	0	0.0320932570900772	-0.17973533	-0.18384934	BB	0	0.0330442217951822	ct6VSct7	-0.000950964705104994	0	-0.000950964705105001
881	24	31	-0.17513926	-0.015912322	BB	0	0.00278687229996172	-0.17973533	-0.071527926	BB	0	0.0128560953838256	ct6VSct7	-0.0100692230838639	0	-0.0100692230838639
882	24	32	-0.17513926	0.10504568	BA	0	0	-0.17973533	0.092805165	BA	0	0	ct6VSct7	-0.00171725570441735	0	0
883	24	33	-0.17513926	-0.13406649	BB	0	0.0234803058493974	-0.17973533	-0.13429929	BB	0	0.0241383272069157	ct6VSct7	-0.000658021357518298	0	-0.000658021357518301
884	24	34	-0.17513926	-0.17995195	BB	0	0.031516651358557	-0.17973533	-0.18321423	BB	0	0.0329300700897459	ct6VSct7	-0.00141341873118891	0	-0.00141341873118889
885	24	35	-0.17513926	0.01603256	BA	0	0	-0.17973533	0.016333056	BA	0	0	ct6VSct7	0.00012769651576288	0	0
886	24	36	-0.17513926	-0.1121982	BB	0	0.019650309721332	-0.17973533	-0.090922245	BB	0	0.0163419397094158	ct6VSct7	0.00330837001191615	0	0.0033083700119162
887	24	37	-0.17513926	0.063258421	BA	0	0	-0.17973533	0.10484256	BA	0	0	ct6VSct7	0.00776487907693634	0	0
888	24	38	-0.17513926	-0.11497068	BB	0	0.0201358798168968	-0.17973533	-0.12670288	BB	0	0.0227729839487504	ct6VSct7	-0.0026371041318536	0	-0.0026371041318536
889	24	39	-0.17513926	0.161061	BA	0	0	-0.17973533	0.15917461	BA	0	0	ct6VSct7	0.000401196701111297	0	0
890	24	40	-0.17513926	0.17163917	BA	0	0	-0.17973533	0.16305368	BA	0	0	ct6VSct7	-0.000754250238299801	0	0
891	24	41	-0.17513926	0.17122226	BA	0	0	-0.17973533	0.16808114	BA	0	0	ct6VSct7	0.000222379252748602	0	0
892	24	42	-0.17513926	0.17797488	BA	0	0	-0.17973533	0.16383915	BA	0	0	ct6VSct7	-0.0017227050896193	0	0
893	24	43	-0.17513926	-0.15757896	BB	0	0.0275982624459696	-0.17973533	-0.1487899	BB	0	0.026742801777167	ct6VSct7	0.000855460668802595	0	0.000855460668802599
894	24	44	-0.17513926	-0.15268602	BB	0	0.0267413165551452	-0.17973533	-0.14516923	BB	0	0.0260920394598959	ct6VSct7	0.000649277095249298	0	0.000649277095249302
895	24	45	-0.17513926	0.17675116	BA	0	0	-0.17973533	0.12785814	BA	0	0	ct6VSct7	-0.0079754423804554	0	0
896	24	46	-0.17513926	-0.03783293	BB	0	0.0066260313638318	-0.17973533	0.029661138	BA	0	0	ct6VSct7	0.0119571857904373	0	0.0066260313638318
897	24	47	-0.17513926	0.185089	BA	0	0	-0.17973533	0.18247796	BA	0	0	ct6VSct7	0.000381385864186803	0	0
898	24	48	-0.17513926	0.11803528	BA	0	0	-0.17973533	0.14633107	BA	0	0	ct6VSct7	0.0056282515626103	0	0
899	24	49	-0.17513926	0.02267619	BA	0	0	-0.17973533	0.07442628	BA	0	0	ct6VSct7	0.009405540860253	0	0
900	24	50	-0.17513926	0.11017408	BA	0	0	-0.17973533	0.12836667	BA	0	0	ct6VSct7	0.0037762189510703	0	0
901	25	26	-0.1783839	0.04886867	BA	0	0	-0.18355494	0.022230364	BA	0	0	ct6VSct7	-0.00463689081221484	0	0
902	25	27	-0.1783839	-0.12618619	BB	0	0.022509584698341	-0.18355494	-0.12914455	BB	0	0.023705120126577	ct6VSct7	-0.001195535428236	0	-0.001195535428236
903	25	28	-0.1783839	-0.19431832	BB	0	0.034663259763048	-0.18355494	-0.19425153	BB	0	0.0356558279340582	ct6VSct7	-0.000992568171010198	0	-0.000992568171010198
904	25	29	-0.1783839	-0.1142804	BB	0	0.02038578344556	-0.18355494	-0.13361659	BB	0	0.0245259851604546	ct6VSct7	-0.0041402017148946	0	-0.0041402017148946
905	25	30	-0.1783839	-0.18324422	BB	0	0.032687818616058	-0.18355494	-0.18384934	BB	0	0.0337464545727396	ct6VSct7	-0.0010586359566816	0	-0.0010586359566816
906	25	31	-0.1783839	-0.015912322	BB	0	0.0028385020564158	-0.18355494	-0.071527926	BB	0	0.0131293041652544	ct6VSct7	-0.0102908021088386	0	-0.0102908021088386
907	25	32	-0.1783839	0.10504568	BA	0	0	-0.18355494	0.092805165	BA	0	0	ct6VSct7	-0.0017036115832869	0	0
908	25	33	-0.1783839	-0.13406649	BB	0	0.023915303345511	-0.18355494	-0.13429929	BB	0	0.0246512981179926	ct6VSct7	-0.000735994772481593	0	-0.0007359947724816
909	25	34	-0.1783839	-0.17995195	BB	0	0.032100530653605	-0.18355494	-0.18321423	BB	0	0.0336298769947962	ct6VSct7	-0.0015293463411912	0	-0.0015293463411912
910	25	35	-0.1783839	0.01603256	BA	0	0	-0.18355494	0.016333056	BA	0	0	ct6VSct7	0.000138062534312639	0	0
911	25	36	-0.1783839	-0.1121982	BB	0	0.02001435248898	-0.18355494	-0.090922245	BB	0	0.0166892272256403	ct6VSct7	0.0033251252633397	0	0.0033251252633397
912	25	37	-0.1783839	0.063258421	BA	0	0	-0.18355494	0.10484256	BA	0	0	ct6VSct7	0.0079600859644245	0	0
913	25	38	-0.1783839	-0.11497068	BB	0	0.020508918284052	-0.18355494	-0.12670288	BB	0	0.0232569395362272	ct6VSct7	-0.0027480212521752	0	-0.0027480212521752
914	25	39	-0.1783839	0.161061	BA	0	0	-0.18355494	0.15917461	BA	0	0	ct6VSct7	0.000486596670173395	0	0
915	25	40	-0.1783839	0.17163917	BA	0	0	-0.18355494	0.16305368	BA	0	0	ct6VSct7	-0.000688356088183802	0	0
916	25	41	-0.1783839	0.17122226	BA	0	0	-0.18355494	0.16808114	BA	0	0	ct6VSct7	0.000308829062217599	0	0
917	25	42	-0.1783839	0.17797488	BA	0	0	-0.18355494	0.16383915	BA	0	0	ct6VSct7	-0.00167436784853101	0	0
918	25	43	-0.1783839	-0.15757896	BB	0	0.028109549442744	-0.18355494	-0.1487899	BB	0	0.027311121167106	ct6VSct7	0.000798428275637999	0	0.000798428275637999
919	25	44	-0.1783839	-0.15268602	BB	0	0.027236727723078	-0.18355494	-0.14516923	BB	0	0.0266465293024962	ct6VSct7	0.000590198420581802	0	0.000590198420581799
920	25	45	-0.1783839	0.17675116	BA	0	0	-0.18355494	0.12785814	BA	0	0	ct6VSct7	-0.0080605680341124	0	0
921	25	46	-0.1783839	-0.03783293	BB	0	0.006748785601827	-0.18355494	0.029661138	BA	0	0	ct6VSct7	0.0121932340077487	0	0.006748785601827
922	25	47	-0.1783839	0.185089	BA	0	0	-0.18355494	0.18247796	BA	0	0	ct6VSct7	0.000477833332022393	0	0
923	25	48	-0.1783839	0.11803528	BA	0	0	-0.18355494	0.14633107	BA	0	0	ct6VSct7	0.0058041971899938	0	0
924	25	49	-0.1783839	0.02267619	BA	0	0	-0.18355494	0.07442628	BA	0	0	ct6VSct7	0.0096162441504822	0	0
925	25	50	-0.1783839	0.11017408	BA	0	0	-0.18355494	0.12836667	BA	0	0	ct6VSct7	0.00390905434053779	0	0
926	26	27	0.04886867	-0.12618619	AB	0	0	0.022230364	-0.12914455	AB	0	0	ct6VSct7	-0.0032956209225511	0	0
927	26	28	0.04886867	-0.19431832	AB	0	0	0.022230364	-0.19425153	AB	0	0	ct6VSct7	-0.00517779563557748	0	0
928	26	29	0.04886867	-0.1142804	AB	0	0	0.022230364	-0.13361659	AB	0	0	ct6VSct7	-0.00261438572292924	0	0
929	26	30	0.04886867	-0.18324422	AB	0	0	0.022230364	-0.18384934	AB	0	0	ct6VSct7	-0.00486786356722764	0	0
930	26	31	0.04886867	-0.015912322	AB	0	0	0.022230364	-0.071527926	AB	0	0	ct6VSct7	0.000812477818393324	0	0
931	26	32	0.04886867	0.10504568	AA	0.0051334426708456	0	0.022230364	0.092805165	AA	0.00206309259903006	0	ct6VSct7	0.00307035007181554	0.00307035007181554	0
932	26	33	0.04886867	-0.13406649	AB	0	0	0.022230364	-0.13429929	AB	0	0	ct6VSct7	-0.00356612895622674	0	0
933	26	34	0.04886867	-0.17995195	AB	0	0	0.022230364	-0.18321423	AB	0	0	ct6VSct7	-0.00472109343752678	0	0
934	26	35	0.04886867	0.01603256	AA	0.0007834898838952	0	0.022230364	0.016333056	AA	0.000363089780112384	0	ct6VSct7	0.000420400103782816	0.000420400103782816	0
935	26	36	0.04886867	-0.1121982	AB	0	0	0.022230364	-0.090922245	AB	0	0	ct6VSct7	-0.00346174220834682	0	0
936	26	37	0.04886867	0.063258421	AA	0.00309135490057007	0	0.022230364	0.10484256	AA	0.00233068827149184	0	ct6VSct7	0.00076066662907823	0.00076066662907823	0
937	26	38	0.04886867	-0.11497068	AB	0	0	0.022230364	-0.12670288	AB	0	0	ct6VSct7	-0.00280181307834728	0	0
938	26	39	0.04886867	0.161061	AA	0.00787083685887	0	0.022230364	0.15917461	AA	0.00353850951985804	0	ct6VSct7	0.00433232733901196	0.00433232733901196	0
939	26	40	0.04886867	0.17163917	AA	0.0083877779578039	0	0.022230364	0.16305368	AA	0.00362474265793952	0	ct6VSct7	0.00476303529986438	0.00476303529986438	0
940	26	41	0.04886867	0.17122226	AA	0.0083674041205942	0	0.022230364	0.16808114	AA	0.00373650492373496	0	ct6VSct7	0.00463089919685924	0.00463089919685924	0
941	26	42	0.04886867	0.17797488	AA	0.0086973956790096	0	0.022230364	0.16383915	AA	0.0036422039419506	0	ct6VSct7	0.005055191737059	0.005055191737059	0
942	26	43	0.04886867	-0.15757896	AB	0	0	0.022230364	-0.1487899	AB	0	0	ct6VSct7	-0.0043930205586596	0	0
943	26	44	0.04886867	-0.15268602	AB	0	0	0.022230364	-0.14516923	AB	0	0	ct6VSct7	-0.00423439790049368	0	0
944	26	45	0.04886867	0.17675116	AA	0.0086375941101572	0	0.022230364	0.12785814	AA	0.00284233299256296	0	ct6VSct7	0.00579526111759424	0.00579526111759424	0
945	26	46	0.04886867	-0.03783293	AB	0	0	0.022230364	0.029661138	AA	0.000659377894394232	0	ct6VSct7	-0.00250822286569733	-0.000659377894394232	0
946	26	47	0.04886867	0.185089	AA	0.00904505326163	0	0.022230364	0.18247796	AA	0.00405655147277744	0	ct6VSct7	0.00498850178885256	0.00498850178885256	0
947	26	48	0.04886867	0.11803528	AA	0.0057682271466776	0	0.022230364	0.14633107	AA	0.00325299295060948	0	ct6VSct7	0.00251523419606812	0.00251523419606812	0
948	26	49	0.04886867	0.02267619	AA	0.0011081552459673	0	0.022230364	0.07442628	AA	0.00165452329556592	0	ct6VSct7	-0.00054636804959862	-0.00054636804959862	0
949	26	50	0.04886867	0.11017408	AA	0.0053840607580736	0	0.022230364	0.12836667	AA	0.00285363779956788	0	ct6VSct7	0.00253042295850572	0.00253042295850572	0
950	27	28	-0.12618619	-0.19431832	BB	0	0.0245202884480008	-0.12914455	-0.19425153	BB	0	0.0250865264286615	ct6VSct7	-0.000566237980660699	0	-0.000566237980660699
951	27	29	-0.12618619	-0.1142804	BB	0	0.014420608267676	-0.12914455	-0.13361659	BB	0	0.0172558543880845	ct6VSct7	-0.0028352461204085	0	-0.0028352461204085
952	27	30	-0.12618619	-0.18324422	BB	0	0.0231228899613218	-0.12914455	-0.18384934	BB	0	0.023743140282097	ct6VSct7	-0.000620250320775194	0	-0.000620250320775201
953	27	31	-0.12618619	-0.015912322	BB	0	0.00200791528723318	-0.12914455	-0.071527926	BB	0	0.0092374418157033	ct6VSct7	-0.00722952652847012	0	-0.00722952652847012
954	27	32	-0.12618619	0.10504568	BA	0	0	-0.12914455	0.092805165	BA	0	0	ct6VSct7	-0.00127003286355845	0	0
955	27	33	-0.12618619	-0.13406649	BB	0	0.0169173395797731	-0.12914455	-0.13429929	BB	0	0.0173440213723695	ct6VSct7	-0.000426681792596396	0	-0.0004266817925964
956	27	34	-0.12618619	-0.17995195	BB	0	0.0227074509535705	-0.12914455	-0.18321423	BB	0	0.0236611192869465	ct6VSct7	-0.000953668333375998	0	-0.000953668333375998
957	27	35	-0.12618619	0.01603256	BA	0	0	-0.12914455	0.016333056	BA	0	0	ct6VSct7	8.62375048983994e-05	0	0
958	27	36	-0.12618619	-0.1121982	BB	0	0.014157863382858	-0.12914455	-0.090922245	BB	0	0.0117421124155148	ct6VSct7	0.00241575096734325	0	0.0024157509673432
959	27	37	-0.12618619	0.063258421	BA	0	0	-0.12914455	0.10484256	BA	0	0	ct6VSct7	0.00555750610064201	0	0
960	27	38	-0.12618619	-0.11497068	BB	0	0.0145077120709092	-0.12914455	-0.12670288	BB	0	0.016362986421304	ct6VSct7	-0.0018552743503948	0	-0.0018552743503948
961	27	39	-0.12618619	0.161061	BA	0	0	-0.12914455	0.15917461	BA	0	0	ct6VSct7	0.000232859432285494	0	0
962	27	40	-0.12618619	0.17163917	BA	0	0	-0.12914455	0.16305368	BA	0	0	ct6VSct7	-0.000600998787618302	0	0
963	27	41	-0.12618619	0.17122226	BA	0	0	-0.12914455	0.16808114	BA	0	0	ct6VSct7	0.000100878556197597	0	0
964	27	42	-0.12618619	0.17797488	BA	0	0	-0.12914455	0.16383915	BA	0	0	ct6VSct7	-0.0012990387237747	0	0
965	27	43	-0.12618619	-0.15757896	BB	0	0.0198842885865624	-0.12914455	-0.1487899	BB	0	0.019215404680045	ct6VSct7	0.000668883906517398	0	0.000668883906517398
966	27	44	-0.12618619	-0.15268602	BB	0	0.0192668671300638	-0.12914455	-0.14516923	BB	0	0.0187478148821965	ct6VSct7	0.000519052247867299	0	0.000519052247867299
967	27	45	-0.12618619	0.17675116	BA	0	0	-0.12914455	0.12785814	BA	0	0	ct6VSct7	-0.0057913735043434	0	0
968	27	46	-0.12618619	-0.03783293	BB	0	0.0047739932932367	-0.12914455	0.029661138	BA	0	0	ct6VSct7	0.0086045676127346	0	0.0047739932932367
969	27	47	-0.12618619	0.185089	BA	0	0	-0.12914455	0.18247796	BA	0	0	ct6VSct7	0.000210358308207998	0	0
970	27	48	-0.12618619	0.11803528	BA	0	0	-0.12914455	0.14633107	BA	0	0	ct6VSct7	0.0040034379173853	0	0
971	27	49	-0.12618619	0.02267619	BA	0	0	-0.12914455	0.07442628	BA	0	0	ct6VSct7	0.0067503264189579	0	0
972	27	50	-0.12618619	0.11017408	BA	0	0	-0.12914455	0.12836667	BA	0	0	ct6VSct7	0.0026754084401933	0	0
973	28	29	-0.19431832	-0.1142804	BB	0	0.022206775336928	-0.19425153	-0.13361659	BB	0	0.0259552270408827	ct6VSct7	-0.0037484517039547	0	-0.0037484517039547
974	28	30	-0.19431832	-0.18324422	BB	0	0.0356077089801104	-0.19425153	-0.18384934	BB	0	0.0357130155844902	ct6VSct7	-0.000105306604379803	0	-0.000105306604379803
975	28	31	-0.19431832	-0.015912322	BB	0	0.00309205567833904	-0.19425153	-0.071527926	BB	0	0.0138944090632268	ct6VSct7	-0.0108023533848877	0	-0.0108023533848878
976	28	32	-0.19431832	0.10504568	BA	0	0	-0.19425153	0.092805165	BA	0	0	ct6VSct7	-0.00238475476770515	0	0
977	28	33	-0.19431832	-0.13406649	BB	0	0.0260515751050968	-0.19425153	-0.13429929	BB	0	0.0260878425604137	ct6VSct7	-3.62674553168983e-05	0	-3.62674553169018e-05
978	28	34	-0.19431832	-0.17995195	BB	0	0.034967960604724	-0.19425153	-0.18321423	BB	0	0.0355896444952719	ct6VSct7	-0.000621683890547904	0	-0.000621683890547897
979	28	35	-0.19431832	0.01603256	BA	0	0	-0.19425153	0.016333056	BA	0	0	ct6VSct7	5.73009930764797e-05	0	0
980	28	36	-0.19431832	-0.1121982	BB	0	0.021802165731024	-0.19425153	-0.090922245	BB	0	0.0176617852022849	ct6VSct7	0.00414038052873915	0	0.0041403805287391
981	28	37	-0.19431832	0.063258421	BA	0	0	-0.19425153	0.10484256	BA	0	0	ct6VSct7	0.00807355759454408	0	0
982	28	38	-0.19431832	-0.11497068	BB	0	0.0223409093868576	-0.19425153	-0.12670288	BB	0	0.0246122282954064	ct6VSct7	-0.0022713189085488	0	-0.0022713189085488
983	28	39	-0.19431832	0.161061	BA	0	0	-0.19425153	0.15917461	BA	0	0	ct6VSct7	-0.000377191407866701	0	0
984	28	40	-0.19431832	0.17163917	BA	0	0	-0.19425153	0.16305368	BA	0	0	ct6VSct7	-0.001679208348464	0	0
985	28	41	-0.19431832	0.17122226	BA	0	0	-0.19425153	0.16808114	BA	0	0	ct6VSct7	-0.000621603300658996	0	0
986	28	42	-0.19431832	0.17797488	BA	0	0	-0.19425153	0.16383915	BA	0	0	ct6VSct7	-0.0027577741224021	0	0
987	28	43	-0.19431832	-0.15757896	BB	0	0.0306204787745472	-0.19425153	-0.1487899	BB	0	0.028902665723547	ct6VSct7	0.0017178130510002	0	0.0017178130510002
988	28	44	-0.19431832	-0.15268602	BB	0	0.0296696908938864	-0.19425153	-0.14516923	BB	0	0.0281993450364219	ct6VSct7	0.0014703458574645	0	0.0014703458574645
989	28	45	-0.19431832	0.17675116	BA	0	0	-0.19425153	0.12785814	BA	0	0	ct6VSct7	-0.00950934915129699	0	0
990	28	46	-0.19431832	-0.03783293	BB	0	0.0073516313982776	-0.19425153	0.029661138	BA	0	0	ct6VSct7	0.0131133528363187	0	0.0073516313982776
991	28	47	-0.19431832	0.185089	BA	0	0	-0.19425153	0.18247796	BA	0	0	ct6VSct7	-0.000519560609201199	0	0
992	28	48	-0.19431832	0.11803528	BA	0	0	-0.19425153	0.14633107	BA	0	0	ct6VSct7	0.0054886169237075	0	0
993	28	49	-0.19431832	0.02267619	BA	0	0	-0.19425153	0.07442628	BA	0	0	ct6VSct7	0.0100510196174076	0	0
994	28	50	-0.19431832	0.11017408	BA	0	0	-0.19425153	0.12836667	BA	0	0	ct6VSct7	0.0035265799153595	0	0
995	29	30	-0.1142804	-0.18324422	BB	0	0.020941222759288	-0.13361659	-0.18384934	BB	0	0.0245653218845506	ct6VSct7	-0.0036240991252626	0	-0.0036240991252626
996	29	31	-0.1142804	-0.015912322	BB	0	0.0018184665230888	-0.13361659	-0.071527926	BB	0	0.00955731756189234	ct6VSct7	-0.00773885103880354	0	-0.00773885103880354
997	29	32	-0.1142804	0.10504568	BA	0	0	-0.13361659	0.092805165	BA	0	0	ct6VSct7	0.00039564735301535	0	0
998	29	33	-0.1142804	-0.13406649	BB	0	0.015321172103796	-0.13361659	-0.13429929	BB	0	0.0179446131692211	ct6VSct7	-0.0026234410654251	0	-0.0026234410654251
999	29	34	-0.1142804	-0.17995195	BB	0	0.02056498082678	-0.13361659	-0.18321423	BB	0	0.0244804606520757	ct6VSct7	-0.0039154798252957	0	-0.0039154798252957
1000	29	35	-0.1142804	0.01603256	BA	0	0	-0.13361659	0.016333056	BA	0	0	ct6VSct7	0.00035015987717504	0	0
1001	29	36	-0.1142804	-0.1121982	BB	0	0.01282205517528	-0.13361659	-0.090922245	BB	0	0.0121487203320445	ct6VSct7	0.00067333484323545	0	0.0006733348432355
1002	29	37	-0.1142804	0.063258421	BA	0	0	-0.13361659	0.10484256	BA	0	0	ct6VSct7	0.006779507698822	0	0
1003	29	38	-0.1142804	-0.11497068	BB	0	0.013138895298672	-0.13361659	-0.12670288	BB	0	0.0169296067687792	ct6VSct7	-0.0037907114701072	0	-0.0037907114701072
1004	29	39	-0.1142804	0.161061	BA	0	0	-0.13361659	0.15917461	BA	0	0	ct6VSct7	0.0028622530983799	0	0
1005	29	40	-0.1142804	0.17163917	BA	0	0	-0.13361659	0.16305368	BA	0	0	ct6VSct7	0.0021716837052832	0	0
1006	29	41	-0.1142804	0.17122226	BA	0	0	-0.13361659	0.16808114	BA	0	0	ct6VSct7	0.0028910804084086	0	0
1007	29	42	-0.1142804	0.17797488	BA	0	0	-0.13361659	0.16383915	BA	0	0	ct6VSct7	0.0015525880551465	0	0
1008	29	43	-0.1142804	-0.15757896	BB	0	0.018008186580384	-0.13361659	-0.1487899	BB	0	0.019880799064441	ct6VSct7	-0.001872612484057	0	-0.001872612484057
1009	29	44	-0.1142804	-0.15268602	BB	0	0.017449019440008	-0.13361659	-0.14516923	BB	0	0.0193970174855257	ct6VSct7	-0.0019479980455177	0	-0.0019479980455177
1010	29	45	-0.1142804	0.17675116	BA	0	0	-0.13361659	0.12785814	BA	0	0	ct6VSct7	-0.0031152245947214	0	0
1011	29	46	-0.1142804	-0.03783293	BB	0	0.004323562373572	-0.13361659	0.029661138	BA	0	0	ct6VSct7	0.00828678248865142	0	0.004323562373572
1012	29	47	-0.1142804	0.185089	BA	0	0	-0.13361659	0.18247796	BA	0	0	ct6VSct7	0.0032300378097564	0	0
1013	29	48	-0.1142804	0.11803528	BA	0	0	-0.13361659	0.14633107	BA	0	0	ct6VSct7	0.0060631395719393	0	0
1014	29	49	-0.1142804	0.02267619	BA	0	0	-0.13361659	0.07442628	BA	0	0	ct6VSct7	0.0073531416763092	0	0
1015	29	50	-0.1142804	0.11017408	BA	0	0	-0.13361659	0.12836667	BA	0	0	ct6VSct7	0.0045611787830233	0	0
1016	30	31	-0.18324422	-0.015912322	BB	0	0.00291584103327884	-0.18384934	-0.071527926	BB	0	0.0131503619866688	ct6VSct7	-0.01023452095339	0	-0.01023452095339
1017	30	32	-0.18324422	0.10504568	BA	0	0	-0.18384934	0.092805165	BA	0	0	ct6VSct7	-0.0021868453621285	0	0
1018	30	33	-0.18324422	-0.13406649	BB	0	0.0245669093881878	-0.18384934	-0.13429929	BB	0	0.0246908358289686	ct6VSct7	-0.000123926440780794	0	-0.000123926440780801
1019	30	34	-0.18324422	-0.17995195	BB	0	0.032975154715229	-0.18384934	-0.18321423	BB	0	0.0336838152641082	ct6VSct7	-0.000708660548879199	0	-0.000708660548879199
1020	30	35	-0.18324422	0.01603256	BA	0	0	-0.18384934	0.016333056	BA	0	0	ct6VSct7	6.49476139798393e-05	0	0
1021	30	36	-0.18324422	-0.1121982	BB	0	0.020559671644404	-0.18384934	-0.090922245	BB	0	0.0167159947345683	ct6VSct7	0.0038436769098357	0	0.0038436769098357
1022	30	37	-0.18324422	0.063258421	BA	0	0	-0.18384934	0.10484256	BA	0	0	ct6VSct7	0.00768349544533378	0	0
1023	30	38	-0.18324422	-0.11497068	BB	0	0.0210677125794696	-0.18384934	-0.12670288	BB	0	0.0232942408640992	ct6VSct7	-0.0022265282846296	0	-0.0022265282846296
1024	30	39	-0.18324422	0.161061	BA	0	0	-0.18384934	0.15917461	BA	0	0	ct6VSct7	-0.000249350324162605	0	0
1025	30	40	-0.18324422	0.17163917	BA	0	0	-0.18384934	0.16305368	BA	0	0	ct6VSct7	-0.0014745743755262	0	0
1026	30	41	-0.18324422	0.17122226	BA	0	0	-0.18384934	0.16808114	BA	0	0	ct6VSct7	-0.000473882824889603	0	0
1027	30	42	-0.18324422	0.17797488	BA	0	0	-0.18384934	0.16383915	BA	0	0	ct6VSct7	-0.00249114847153261	0	0
1028	30	43	-0.18324422	-0.15757896	BB	0	0.0288754336136112	-0.18384934	-0.1487899	BB	0	0.027354924913666	ct6VSct7	0.0015205086999452	0	0.0015205086999452
1029	30	44	-0.18324422	-0.15268602	BB	0	0.0279788306398044	-0.18384934	-0.14516923	BB	0	0.0266892671238082	ct6VSct7	0.0012895635159962	0	0.0012895635159962
1030	30	45	-0.18324422	0.17675116	BA	0	0	-0.18384934	0.12785814	BA	0	0	ct6VSct7	-0.0088819937956676	0	0
1031	30	46	-0.18324422	-0.03783293	BB	0	0.0069326657481646	-0.18384934	0.029661138	BA	0	0	ct6VSct7	0.0123858463931135	0	0.0069326657481646
1032	30	47	-0.18324422	0.185089	BA	0	0	-0.18384934	0.18247796	BA	0	0	ct6VSct7	-0.000368036925033607	0	0
1033	30	48	-0.18324422	0.11803528	BA	0	0	-0.18384934	0.14633107	BA	0	0	ct6VSct7	0.0052735878249122	0	0
1034	30	49	-0.18324422	0.02267619	BA	0	0	-0.18384934	0.07442628	BA	0	0	ct6VSct7	0.0095279417075334	0	0
1035	30	50	-0.18324422	0.11017408	BA	0	0	-0.18384934	0.12836667	BA	0	0	ct6VSct7	0.0034113642036802	0	0
1036	31	32	-0.015912322	0.10504568	BA	0	0	-0.071527926	0.092805165	BA	0	0	ct6VSct7	0.00496664028966883	0	0
1037	31	33	-0.015912322	-0.13406649	BB	0	0.00213330915828978	-0.071527926	-0.13429929	BB	0	0.00960614967697254	ct6VSct7	-0.00747284051868276	0	-0.00747284051868276
1038	31	34	-0.015912322	-0.17995195	BB	0	0.0028634533729279	-0.071527926	-0.18321423	BB	0	0.013104933885587	ct6VSct7	-0.0102414805126591	0	-0.0102414805126591
1039	31	35	-0.015912322	0.01603256	BA	0	0	-0.071527926	0.016333056	BA	0	0	ct6VSct7	0.000913154363717536	0	0
1040	31	36	-0.015912322	-0.1121982	BB	0	0.0017853338862204	-0.071527926	-0.090922245	BB	0	0.00650347961211387	ct6VSct7	-0.00471814572589347	0	-0.00471814572589347
1041	31	37	-0.015912322	0.063258421	BA	0	0	-0.071527926	0.10484256	BA	0	0	ct6VSct7	0.006492582509167	0	0
1042	31	38	-0.015912322	-0.11497068	BB	0	0.00182945048071896	-0.071527926	-0.12670288	BB	0	0.00906279422462688	ct6VSct7	-0.00723334374390792	0	-0.00723334374390792
1043	31	39	-0.015912322	0.161061	BA	0	0	-0.071527926	0.15917461	BA	0	0	ct6VSct7	0.00882257523151686	0	0
1044	31	40	-0.015912322	0.17163917	BA	0	0	-0.071527926	0.16305368	BA	0	0	ct6VSct7	0.00893171381621494	0	0
1045	31	41	-0.015912322	0.17122226	BA	0	0	-0.071527926	0.16808114	BA	0	0	ct6VSct7	0.00929795160922792	0	0
1046	31	42	-0.015912322	0.17797488	BA	0	0	-0.071527926	0.16383915	BA	0	0	ct6VSct7	0.00888708099863154	0	0
1047	31	43	-0.015912322	-0.15757896	BB	0	0.00250744715194512	-0.071527926	-0.1487899	BB	0	0.0106426329567474	ct6VSct7	-0.00813518580480228	0	-0.00813518580480228
1048	31	44	-0.015912322	-0.15268602	BB	0	0.00242958911513844	-0.071527926	-0.14516923	BB	0	0.010383653940917	ct6VSct7	-0.00795406482577854	0	-0.00795406482577856
1049	31	45	-0.015912322	0.17675116	BA	0	0	-0.071527926	0.12785814	BA	0	0	ct6VSct7	0.00633290620462412	0	0
1050	31	46	-0.015912322	-0.03783293	BB	0	0.00060200976436346	-0.071527926	0.029661138	BA	0	0	ct6VSct7	0.00272360944830325	0	0.00060200976436346
1051	31	47	-0.015912322	0.185089	BA	0	0	-0.071527926	0.18247796	BA	0	0	ct6VSct7	0.010107074252853	0	0
1052	31	48	-0.015912322	0.11803528	BA	0	0	-0.071527926	0.14633107	BA	0	0	ct6VSct7	0.00858854256374066	0	0
1053	31	49	-0.015912322	0.02267619	BA	0	0	-0.071527926	0.07442628	BA	0	0	ct6VSct7	0.0049627266112821	0	0
1054	31	50	-0.015912322	0.11017408	BA	0	0	-0.071527926	0.12836667	BA	0	0	ct6VSct7	0.00742867623561266	0	0
1055	32	33	0.10504568	-0.13406649	AB	0	0	0.092805165	-0.13429929	AB	0	0	ct6VSct7	-0.00161943783943035	0	0
1056	32	34	0.10504568	-0.17995195	AB	0	0	0.092805165	-0.18321423	AB	0	0	ct6VSct7	-0.00189994810957805	0	0
1057	32	35	0.10504568	0.01603256	AA	0.0016841511673408	0	0.092805165	0.016333056	AA	0.00151579195703424	0	ct6VSct7	0.00016835921030656	0.00016835921030656	0
1058	32	36	0.10504568	-0.1121982	AB	0	0	0.092805165	-0.090922245	AB	0	0	ct6VSct7	-0.00334788226438058	0	0
1059	32	37	0.10504568	0.063258421	AA	0.00664502384967128	0	0.092805165	0.10484256	AA	0.0097299310798224	0	ct6VSct7	-0.00308490723015112	-0.00308490723015112	0
1060	32	38	0.10504568	-0.11497068	AB	0	0	0.092805165	-0.12670288	AB	0	0	ct6VSct7	-0.000318491576287203	0	0
1061	32	39	0.10504568	0.161061	AA	0.01691876226648	0	0.092805165	0.15917461	AA	0.0147722259448606	0	ct6VSct7	0.00214653632161935	0.0021465363216194	0
1062	32	40	0.10504568	0.17163917	AA	0.0180299533272856	0	0.092805165	0.16305368	AA	0.0151322236762572	0	ct6VSct7	0.0028977296510284	0.0028977296510284	0
1063	32	41	0.10504568	0.17122226	AA	0.0179861587328368	0	0.092805165	0.16808114	AA	0.0155987979310881	0	ct6VSct7	0.0023873608017487	0.0023873608017487	0
1064	32	42	0.10504568	0.17797488	AA	0.0186954922925184	0	0.092805165	0.16383915	AA	0.0152051193492097	0	ct6VSct7	0.00349037294330865	0.0034903729433087	0
1065	32	43	0.10504568	-0.15757896	AB	0	0	0.092805165	-0.1487899	AB	0	0	ct6VSct7	-0.0027445177870593	0	0
1066	32	44	0.10504568	-0.15268602	AB	0	0	0.092805165	-0.14516923	AB	0	0	ct6VSct7	-0.00256655245432065	0	0
1067	32	45	0.10504568	0.17675116	AA	0.0185669457929888	0	0.092805165	0.12785814	AA	0.0118658957792931	0	ct6VSct7	0.0067010500136957	0.0067010500136957	0
1068	32	46	0.10504568	-0.03783293	AB	0	0	0.092805165	0.029661138	AA	0.00275270680617777	0	ct6VSct7	-0.00672689266442017	-0.00275270680617777	0
1069	32	47	0.10504568	0.185089	AA	0.01944279986552	0	0.092805165	0.18247796	AA	0.0169348971866634	0	ct6VSct7	0.0025079026788566	0.0025079026788566	0
1070	32	48	0.10504568	0.11803528	AA	0.0123990962515904	0	0.092805165	0.14633107	AA	0.0135802790959766	0	ct6VSct7	-0.00118118284438615	-0.0011811828443862	0
1071	32	49	0.10504568	0.02267619	AA	0.0023820357983592	0	0.092805165	0.07442628	AA	0.0069071431957362	0	ct6VSct7	-0.004525107397377	-0.004525107397377	0
1072	32	50	0.10504568	0.11017408	AA	0.0115733111519744	0	0.092805165	0.12836667	AA	0.0119130899898505	0	ct6VSct7	-0.000339778837876149	-0.000339778837876101	0
1073	33	34	-0.13406649	-0.17995195	BB	0	0.0241255263051555	-0.13429929	-0.18321423	BB	0	0.0246055410068967	ct6VSct7	-0.000480014701741197	0	-0.000480014701741201
1074	33	35	-0.13406649	0.01603256	BA	0	0	-0.13429929	0.016333056	BA	0	0	ct6VSct7	4.40887794158394e-05	0	0
1075	33	36	-0.13406649	-0.1121982	BB	0	0.015042018858318	-0.13429929	-0.090922245	BB	0	0.012210792948706	ct6VSct7	0.00283122590961195	0	0.002831225909612
1076	33	37	-0.13406649	0.063258421	BA	0	0	-0.13429929	0.10484256	BA	0	0	ct6VSct7	0.00559944690337011	0	0
1077	33	38	-0.13406649	-0.11497068	BB	0	0.0154137155205132	-0.13429929	-0.12670288	BB	0	0.0170161068249552	ct6VSct7	-0.001602391304442	0	-0.001602391304442
1078	33	39	-0.13406649	0.161061	BA	0	0	-0.13429929	0.15917461	BA	0	0	ct6VSct7	-0.000215845836863106	0	0
1079	33	40	-0.13406649	0.17163917	BA	0	0	-0.13429929	0.16305368	BA	0	0	ct6VSct7	-0.0011130676125261	0	0
1080	33	41	-0.13406649	0.17122226	BA	0	0	-0.13429929	0.16808114	BA	0	0	ct6VSct7	-0.000381989643676806	0	0
1081	33	42	-0.13406649	0.17797488	BA	0	0	-0.13429929	0.16383915	BA	0	0	ct6VSct7	-0.0018569859505677	0	0
1082	33	43	-0.13406649	-0.15757896	BB	0	0.0211260580650504	-0.13429929	-0.1487899	BB	0	0.019982377929171	ct6VSct7	0.0011436801358794	0	0.0011436801358794
1083	33	44	-0.13406649	-0.15268602	BB	0	0.0204700787734698	-0.13429929	-0.14516923	BB	0	0.0194961245188467	ct6VSct7	0.000973954254623103	0	0.000973954254623103
1084	33	45	-0.13406649	0.17675116	BA	0	0	-0.13429929	0.12785814	BA	0	0	ct6VSct7	-0.0065251502019078	0	0
1085	33	46	-0.13406649	-0.03783293	BB	0	0.0050721281315157	-0.13429929	0.029661138	BA	0	0	ct6VSct7	0.00905559790550772	0	0.0050721281315157
1086	33	47	-0.13406649	0.185089	BA	0	0	-0.13429929	0.18247796	BA	0	0	ct6VSct7	-0.000307572098961605	0	0
1087	33	48	-0.13406649	0.11803528	BA	0	0	-0.13429929	0.14633107	BA	0	0	ct6VSct7	0.0038275831201731	0	0
1088	33	49	-0.13406649	0.02267619	BA	0	0	-0.13429929	0.07442628	BA	0	0	ct6VSct7	0.0069552793614681	0	0
1089	33	50	-0.13406649	0.11017408	BA	0	0	-0.13429929	0.12836667	BA	0	0	ct6VSct7	0.0024689004460851	0	0
1090	34	35	-0.17995195	0.01603256	BA	0	0	-0.18321423	0.016333056	BA	0	0	ct6VSct7	0.000107357843094879	0	0
1091	34	36	-0.17995195	-0.1121982	BB	0	0.02019028487649	-0.18321423	-0.090922245	BB	0	0.0166582491075464	ct6VSct7	0.00353203576894365	0	0.0035320357689436
1092	34	37	-0.17995195	0.063258421	BA	0	0	-0.18321423	0.10484256	BA	0	0	ct6VSct7	0.00782517268875785	0	0
1093	34	38	-0.17995195	-0.11497068	BB	0	0.020689198058826	-0.18321423	-0.12670288	BB	0	0.0232137705979824	ct6VSct7	-0.0025245725391564	0	-0.0025245725391564
1094	34	39	-0.17995195	0.161061	BA	0	0	-0.18321423	0.15917461	BA	0	0	ct6VSct7	0.000179812587750298	0	0
1095	34	40	-0.17995195	0.17163917	BA	0	0	-0.18321423	0.16305368	BA	0	0	ct6VSct7	-0.0010130489080151	0	0
1096	34	41	-0.17995195	0.17122226	BA	0	0	-0.18321423	0.16808114	BA	0	0	ct6VSct7	-1.69229277847995e-05	0	0
1097	34	42	-0.17995195	0.17797488	BA	0	0	-0.18321423	0.16383915	BA	0	0	ct6VSct7	-0.0020092629959115	0	0
1098	34	43	-0.17995195	-0.15757896	BB	0	0.028356641130972	-0.18321423	-0.1487899	BB	0	0.027260426960277	ct6VSct7	0.001096214170695	0	0.001096214170695
1099	34	44	-0.17995195	-0.15268602	BB	0	0.027476147036739	-0.18321423	-0.14516923	BB	0	0.0265970686941429	ct6VSct7	0.000879078342596096	0	0.000879078342596099
1100	34	45	-0.17995195	0.17675116	BA	0	0	-0.18321423	0.12785814	BA	0	0	ct6VSct7	-0.0083812852374298	0	0
1101	34	46	-0.17995195	-0.03783293	BB	0	0.0068081095277135	-0.18321423	0.029661138	BA	0	0	ct6VSct7	0.0122424520873072	0	0.0068081095277135
1102	34	47	-0.17995195	0.185089	BA	0	0	-0.18321423	0.18247796	BA	0	0	ct6VSct7	0.000125432459820801	0	0
1103	34	48	-0.17995195	0.11803528	BA	0	0	-0.18321423	0.14633107	BA	0	0	ct6VSct7	0.0055692555103301	0	0
1104	34	49	-0.17995195	0.02267619	BA	0	0	-0.18321423	0.07442628	BA	0	0	ct6VSct7	0.0095553289728939	0	0
1105	34	50	-0.17995195	0.11017408	BA	0	0	-0.18321423	0.12836667	BA	0	0	ct6VSct7	0.0036925600662581	0	0
1106	35	36	0.01603256	-0.1121982	AB	0	0	0.016333056	-0.090922245	AB	0	0	ct6VSct7	-0.00031378625416128	0	0
1107	35	37	0.01603256	0.063258421	AA	0.00101419443018776	0	0.016333056	0.10484256	AA	0.00171239940366336	0	ct6VSct7	-0.0006982049734756	-0.0006982049734756	0
1108	35	38	0.01603256	-0.11497068	AB	0	0	0.016333056	-0.12670288	AB	0	0	ct6VSct7	0.000226170909060479	0	0
1109	35	39	0.01603256	0.161061	AA	0.00258222014616	0	0.016333056	0.15917461	AA	0.00259980781890816	0	ct6VSct7	-1.75876727481592e-05	-1.758767274816e-05	0
1110	35	40	0.01603256	0.17163917	AA	0.0027518152913752	0	0.016333056	0.16305368	AA	0.00266316488644608	0	ct6VSct7	8.86504049291206e-05	8.86504049291198e-05	0
1111	35	41	0.01603256	0.17122226	AA	0.0027451311567856	0	0.016333056	0.16808114	AA	0.00274527867216384	0	ct6VSct7	-1.47515378239472e-07	-1.47515378239906e-07	0
1112	35	42	0.01603256	0.17797488	AA	0.0028533929420928	0	0.016333056	0.16383915	AA	0.0026759940119424	0	ct6VSct7	0.000177398930150401	0.0001773989301504	0
1113	35	43	0.01603256	-0.15757896	AB	0	0	0.016333056	-0.1487899	AB	0	0	ct6VSct7	-9.62003620032003e-05	0	0
1114	35	44	0.01603256	-0.15268602	AB	0	0	0.016333056	-0.14516923	AB	0	0	ct6VSct7	-7.68906137443202e-05	0	0
1115	35	45	0.01603256	0.17675116	AA	0.0028337735777696	0	0.016333056	0.12785814	AA	0.00208831416067584	0	ct6VSct7	0.00074545941709376	0.00074545941709376	0
1116	35	46	0.01603256	-0.03783293	AB	0	0	0.016333056	0.029661138	AA	0.000484457027977728	0	ct6VSct7	-0.00109101574817853	-0.000484457027977728	0
1117	35	47	0.01603256	0.185089	AA	0.00296745049784	0	0.016333056	0.18247796	AA	0.00298042273944576	0	ct6VSct7	-1.29722416057597e-05	-1.29722416057601e-05	0
1118	35	48	0.01603256	0.11803528	AA	0.0018924077087168	0	0.016333056	0.14633107	AA	0.00239003356084992	0	ct6VSct7	-0.00049762585213312	-0.00049762585213312	0
1119	35	49	0.01603256	0.02267619	AA	0.0003635573767464	0	0.016333056	0.07442628	AA	0.00121560859911168	0	ct6VSct7	-0.00085205122236528	-0.00085205122236528	0
1120	35	50	0.01603256	0.11017408	AA	0.0017663725480448	0	0.016333056	0.12836667	AA	0.00209662000964352	0	ct6VSct7	-0.000330247461598719	-0.00033024746159872	0
1121	36	37	-0.1121982	0.063258421	BA	0	0	-0.090922245	0.10484256	BA	0	0	ct6VSct7	0.002435039955705	0	0
1122	36	38	-0.1121982	-0.11497068	BB	0	0.012899503348776	-0.090922245	-0.12670288	BB	0	0.0115201102975656	ct6VSct7	0.0013793930512104	0	0.0013793930512104
1123	36	39	-0.1121982	0.161061	BA	0	0	-0.090922245	0.15917461	BA	0	0	ct6VSct7	-0.00359824140200055	0	0
1124	36	40	-0.1121982	0.17163917	BA	0	0	-0.090922245	0.16305368	BA	0	0	ct6VSct7	-0.0044323992823824	0	0
1125	36	41	-0.1121982	0.17122226	BA	0	0	-0.090922245	0.16808114	BA	0	0	ct6VSct7	-0.0039285147809727	0	0
1126	36	42	-0.1121982	0.17797488	BA	0	0	-0.090922245	0.16383915	BA	0	0	ct6VSct7	-0.00507183784432425	0	0
1127	36	43	-0.1121982	-0.15757896	BB	0	0.017680075669872	-0.090922245	-0.1487899	BB	0	0.0135283117413255	ct6VSct7	0.0041517639285465	0	0.0041517639285465
1128	36	44	-0.1121982	-0.15268602	BB	0	0.017131096609164	-0.090922245	-0.14516923	BB	0	0.0131991122965214	ct6VSct7	0.00393198431264265	0	0.0039319843126426
1129	36	45	-0.1121982	0.17675116	BA	0	0	-0.090922245	0.12785814	BA	0	0	ct6VSct7	-0.0082060128695877	0	0
1130	36	46	-0.1121982	-0.03783293	BB	0	0.004244786646726	-0.090922245	0.029661138	BA	0	0	ct6VSct7	0.00694164390294081	0	0.004244786646726
1131	36	47	-0.1121982	0.185089	BA	0	0	-0.090922245	0.18247796	BA	0	0	ct6VSct7	-0.0041753468535798	0	0
1132	36	48	-0.1121982	0.11803528	BA	0	0	-0.090922245	0.14633107	BA	0	0	ct6VSct7	6.14034451561496e-05	0	0
1133	36	49	-0.1121982	0.02267619	BA	0	0	-0.090922245	0.07442628	BA	0	0	ct6VSct7	0.0042227767637406	0	0
1134	36	50	-0.1121982	0.11017408	BA	0	0	-0.090922245	0.12836667	BA	0	0	ct6VSct7	-0.00068994764308185	0	0
1135	37	38	0.063258421	-0.11497068	AB	0	0	0.10484256	-0.12670288	AB	0	0	ct6VSct7	0.00601099062047652	0	0
1136	37	39	0.063258421	0.161061	AA	0.010188464544681	0	0.10484256	0.15917461	AA	0.0166882735994016	0	ct6VSct7	-0.0064998090547206	-0.0064998090547206	0
1137	37	40	0.063258421	0.17163917	AA	0.0108576228759506	0	0.10484256	0.16305368	AA	0.0170949652286208	0	ct6VSct7	-0.00623734235267023	-0.0062373423526702	0
1138	37	41	0.063258421	0.17122226	AA	0.0108312498076515	0	0.10484256	0.16808114	AA	0.0176220570053184	0	ct6VSct7	-0.00679080719766694	-0.0067908071976669	0
1139	37	42	0.063258421	0.17797488	AA	0.0112584098864645	0	0.10484256	0.16383915	AA	0.017177315914224	0	ct6VSct7	-0.00591890602775952	-0.0059189060277595	0
1140	37	43	0.063258421	-0.15757896	AB	0	0	0.10484256	-0.1487899	AB	0	0	ct6VSct7	0.00563131782572184	0	0
1141	37	44	0.063258421	-0.15268602	AB	0	0	0.10484256	-0.14516923	AB	0	0	ct6VSct7	0.00556123717245438	0	0
1142	37	45	0.063258421	0.17675116	AA	0.0111809992915184	0	0.10484256	0.12785814	AA	0.0134049747144384	0	ct6VSct7	-0.00222397542292004	-0.00222397542292	0
1143	37	46	0.063258421	-0.03783293	AB	0	0	0.10484256	0.029661138	AA	0.00310974964043328	0	ct6VSct7	-0.00550300105403681	-0.00310974964043328	0
1144	37	47	0.063258421	0.185089	AA	0.011708437884469	0	0.10484256	0.18247796	AA	0.0191314564699776	0	ct6VSct7	-0.0074230185855086	-0.0074230185855086	0
1145	37	48	0.063258421	0.11803528	AA	0.00746672543509288	0	0.10484256	0.14633107	AA	0.0153417239863392	0	ct6VSct7	-0.00787499855124632	-0.00787499855124632	0
1146	37	49	0.063258421	0.02267619	AA	0.00143445997369599	0	0.10484256	0.07442628	AA	0.0078030417264768	0	ct6VSct7	-0.00636858175278081	-0.00636858175278081	0
1147	37	50	0.063258421	0.11017408	AA	0.00696943833592768	0	0.10484256	0.12836667	AA	0.0134582903014752	0	ct6VSct7	-0.00648885196554752	-0.00648885196554752	0
1148	38	39	-0.11497068	0.161061	BA	0	0	-0.12670288	0.15917461	BA	0	0	ct6VSct7	0.0016505888183968	0	0
1149	38	40	-0.11497068	0.17163917	BA	0	0	-0.12670288	0.16305368	BA	0	0	ct6VSct7	0.000925898761062798	0	0
1150	38	41	-0.11497068	0.17122226	BA	0	0	-0.12670288	0.16808114	BA	0	0	ct6VSct7	0.0016108248483464	0	0
1151	38	42	-0.11497068	0.17797488	BA	0	0	-0.12670288	0.16383915	BA	0	0	ct6VSct7	0.000296999185233598	0	0
1152	38	43	-0.11497068	-0.15757896	BB	0	0.0181169601848928	-0.12670288	-0.1487899	BB	0	0.018852108844912	ct6VSct7	-0.000735148660019197	0	-0.0007351486600192
1153	38	44	-0.11497068	-0.15268602	BB	0	0.0175544155458936	-0.12670288	-0.14516923	BB	0	0.0183933595283824	ct6VSct7	-0.000838943982488797	0	-0.000838943982488797
1154	38	45	-0.11497068	0.17675116	BA	0	0	-0.12670288	0.12785814	BA	0	0	ct6VSct7	-0.0041212064865456	0	0
1155	38	46	-0.11497068	-0.03783293	BB	0	0.0043496776884924	-0.12670288	0.029661138	BA	0	0	ct6VSct7	0.00810782929716984	0	0.0043496776884924
1156	38	47	-0.11497068	0.185089	BA	0	0	-0.12670288	0.18247796	BA	0	0	ct6VSct7	0.0018406748780048	0	0
1157	38	48	-0.11497068	0.11803528	BA	0	0	-0.12670288	0.14633107	BA	0	0	ct6VSct7	0.0049699715968912	0	0
1158	38	49	-0.11497068	0.02267619	BA	0	0	-0.12670288	0.07442628	BA	0	0	ct6VSct7	0.0068229270395772	0	0
1159	38	50	-0.11497068	0.11017408	BA	0	0	-0.12670288	0.12836667	BA	0	0	ct6VSct7	0.0035976378890352	0	0
1160	39	40	0.161061	0.17163917	AA	0.02764437635937	0	0.15917461	0.16305368	AA	0.0259540059230648	0	ct6VSct7	0.0016903704363052	0.0016903704363052	0
1161	39	41	0.161061	0.17122226	AA	0.02757722841786	0	0.15917461	0.16808114	AA	0.0267542499078554	0	ct6VSct7	0.000822978510004603	0.0008229785100046	0
1162	39	42	0.161061	0.17797488	AA	0.02866481214768	0	0.15917461	0.16383915	AA	0.0260790328039815	0	ct6VSct7	0.0025857793436985	0.0025857793436985	0
1163	39	43	0.161061	-0.15757896	AB	0	0	0.15917461	-0.1487899	AB	0	0	ct6VSct7	-0.001696250572121	0	0
1164	39	44	0.161061	-0.15268602	AB	0	0	0.15917461	-0.14516923	AB	0	0	ct6VSct7	-0.0014845074979697	0	0
1165	39	45	0.161061	0.17675116	AA	0.02846771858076	0	0.15917461	0.12785814	AA	0.0203517695698254	0	ct6VSct7	0.0081159490109346	0.0081159490109346	0
1166	39	46	0.161061	-0.03783293	AB	0	0	0.15917461	0.029661138	AA	0.00472130007330618	0	ct6VSct7	-0.0108147096120362	-0.00472130007330618	0
1167	39	47	0.161061	0.185089	AA	0.029810619429	0	0.15917461	0.18247796	AA	0.0290458581165956	0	ct6VSct7	0.000764761312404404	0.0007647613124044	0
1168	39	48	0.161061	0.11803528	AA	0.01901088023208	0	0.15917461	0.14633107	AA	0.0232921909981327	0	ct6VSct7	-0.0042813107660527	-0.0042813107660527	0
1169	39	49	0.161061	0.02267619	AA	0.00365224983759	0	0.15917461	0.07442628	AA	0.0118467740927508	0	ct6VSct7	-0.0081945242551608	-0.0081945242551608	0
1170	39	50	0.161061	0.11017408	AA	0.01774474749888	0	0.15917461	0.12836667	AA	0.0204327146342487	0	ct6VSct7	-0.0026879671353687	-0.0026879671353687	0
1171	40	41	0.17163917	0.17122226	AA	0.0293884465919242	0	0.16305368	0.16808114	AA	0.0274062484155952	0	ct6VSct7	0.001982198176329	0.001982198176329	0
1172	40	42	0.17163917	0.17797488	AA	0.0305474606840496	0	0.16305368	0.16383915	AA	0.026714576335572	0	ct6VSct7	0.0038328843484776	0.0038328843484776	0
1173	40	43	0.17163917	-0.15757896	AB	0	0	0.16305368	-0.1487899	AB	0	0	ct6VSct7	-0.0027859811620312	0	0
1174	40	44	0.17163917	-0.15268602	AB	0	0	0.16305368	-0.14516923	AB	0	0	ct6VSct7	-0.002536524569137	0	0
1175	40	45	0.17163917	0.17675116	AA	0.0303374223989372	0	0.16305368	0.12785814	AA	0.0208477402449552	0	ct6VSct7	0.009489682153982	0.009489682153982	0
1176	40	46	0.17163917	-0.03783293	AB	0	0	0.16305368	0.029661138	AA	0.00483635770388784	0	ct6VSct7	-0.0113299704077559	-0.00483635770388784	0
1177	40	47	0.17163917	0.185089	AA	0.03176852233613	0	0.16305368	0.18247796	AA	0.0297537028968928	0	ct6VSct7	0.0020148194392372	0.0020148194392372	0
1178	40	48	0.17163917	0.11803528	AA	0.0202594774899176	0	0.16305368	0.14633107	AA	0.0238598194618376	0	ct6VSct7	-0.00360034197192	-0.00360034197192	0
1179	40	49	0.17163917	0.02267619	AA	0.0038921224303623	0	0.16305368	0.07442628	AA	0.0121354788427104	0	ct6VSct7	-0.0082433564123481	-0.0082433564123481	0
1180	40	50	0.17163917	0.11017408	AA	0.0189101876467136	0	0.16305368	0.12836667	AA	0.0209306579328456	0	ct6VSct7	-0.002020470286132	-0.002020470286132	0
1181	41	42	0.17122226	0.17797488	AA	0.0304732611768288	0	0.16808114	0.16383915	AA	0.027538271108631	0	ct6VSct7	0.0029349900681978	0.0029349900681978	0
1182	41	43	0.17122226	-0.15757896	AB	0	0	0.16808114	-0.1487899	AB	0	0	ct6VSct7	-0.0019722496471636	0	0
1183	41	44	0.17122226	-0.15268602	AB	0	0	0.16808114	-0.14516923	AB	0	0	ct6VSct7	-0.001743035743483	0	0
1184	41	45	0.17122226	0.17675116	AA	0.0302637330728216	0	0.16808114	0.12785814	AA	0.0214905419294796	0	ct6VSct7	0.008773191143342	0.008773191143342	0
1185	41	46	0.17122226	-0.03783293	AB	0	0	0.16808114	0.029661138	AA	0.00498547788873732	0	ct6VSct7	-0.0114633176657591	-0.00498547788873732	0
1186	41	47	0.17122226	0.185089	AA	0.03169135688114	0	0.16808114	0.18247796	AA	0.0306711035416744	0	ct6VSct7	0.0010202533394656	0.0010202533394656	0
1187	41	48	0.17122226	0.11803528	AA	0.0202102674013328	0	0.16808114	0.14633107	AA	0.0245954930630198	0	ct6VSct7	-0.004385225661687	-0.004385225661687	0
1188	41	49	0.17122226	0.02267619	AA	0.0038826684999894	0	0.16808114	0.07442628	AA	0.0125096539883592	0	ct6VSct7	-0.0086269854883698	-0.0086269854883698	0
1189	41	50	0.17122226	0.11017408	AA	0.0188642549710208	0	0.16808114	0.12836667	AA	0.0215760162316038	0	ct6VSct7	-0.002711761260583	-0.002711761260583	0
1190	42	43	0.17797488	-0.15757896	AB	0	0	0.16383915	-0.1487899	AB	0	0	ct6VSct7	-0.0036674857519398	0	0
1191	42	44	0.17797488	-0.15268602	AB	0	0	0.16383915	-0.14516923	AB	0	0	ct6VSct7	-0.0033898728378231	0	0
1192	42	45	0.17797488	0.17675116	AA	0.0314572664908608	0	0.16383915	0.12785814	AA	0.020948168978181	0	ct6VSct7	0.0105090975126798	0.0105090975126798	0
1193	42	46	0.17797488	-0.03783293	AB	0	0	0.16383915	0.029661138	AA	0.0048596556379527	0	ct6VSct7	-0.0115929668147511	-0.0048596556379527	0
1194	42	47	0.17797488	0.185089	AA	0.03294119256432	0	0.16383915	0.18247796	AA	0.029897033860134	0	ct6VSct7	0.003044158704186	0.003044158704186	0
1195	42	48	0.17797488	0.11803528	AA	0.0210073147937664	0	0.16383915	0.14633107	AA	0.0239747581273905	0	ct6VSct7	-0.0029674433336241	-0.0029674433336241	0
1196	42	49	0.17797488	0.02267619	AA	0.0040357921941072	0	0.16383915	0.07442628	AA	0.012193938452862	0	ct6VSct7	-0.0081581462587548	-0.0081581462587548	0
1197	42	50	0.17797488	0.11017408	AA	0.0196082186671104	0	0.16383915	0.12836667	AA	0.0210314861011305	0	ct6VSct7	-0.0014232674340201	-0.0014232674340201	0
1198	43	44	-0.15757896	-0.15268602	BB	0	0.0240601042381392	-0.1487899	-0.14516923	BB	0	0.021599715214777	ct6VSct7	0.0024603890233622	0	0.0024603890233622
1199	43	45	-0.15757896	0.17675116	BA	0	0	-0.1487899	0.12785814	BA	0	0	ct6VSct7	-0.00882826410680759	0	0
1200	43	46	-0.15757896	-0.03783293	BB	0	0.0059616737631528	-0.1487899	0.029661138	BA	0	0	ct6VSct7	0.010374951520059	0	0.0059616737631528
1201	43	47	-0.15757896	0.185089	BA	0	0	-0.1487899	0.18247796	BA	0	0	ct6VSct7	-0.002015254706836	0	0
1202	43	48	-0.15757896	0.11803528	BA	0	0	-0.1487899	0.14633107	BA	0	0	ct6VSct7	0.0031727086064842	0	0
1203	43	49	-0.15757896	0.02267619	BA	0	0	-0.1487899	0.07442628	BA	0	0	ct6VSct7	0.0075005883216096	0	0
1204	43	50	-0.15757896	0.11017408	BA	0	0	-0.1487899	0.12836667	BA	0	0	ct6VSct7	0.0017385470472762	0	0
1205	44	45	-0.15268602	0.17675116	BA	0	0	-0.14516923	0.12785814	BA	0	0	ct6VSct7	-0.008426363417751	0	0
1206	44	46	-0.15268602	-0.03783293	BB	0	0.0057765595066386	-0.14516923	0.029661138	BA	0	0	ct6VSct7	0.0100824440710223	0	0.0057765595066386
1207	44	47	-0.15268602	0.185089	BA	0	0	-0.14516923	0.18247796	BA	0	0	ct6VSct7	-0.0017703178106092	0	0
1208	44	48	-0.15268602	0.11803528	BA	0	0	-0.14516923	0.14633107	BA	0	0	ct6VSct7	0.0032204316341905	0	0
1209	44	49	-0.15268602	0.02267619	BA	0	0	-0.14516923	0.07442628	BA	0	0	ct6VSct7	0.0073420685595006	0	0
1210	44	50	-0.15268602	0.11017408	BA	0	0	-0.14516923	0.12836667	BA	0	0	ct6VSct7	0.0018128488592025	0	0
1211	45	46	0.17675116	-0.03783293	AB	0	0	0.12785814	0.029661138	AA	0.00379241793496332	0	ct6VSct7	-0.0104794321986621	-0.00379241793496332	0
1212	45	47	0.17675116	0.185089	AA	0.03271469545324	0	0.12785814	0.18247796	AA	0.0233312925565944	0	ct6VSct7	0.00938340289664559	0.0093834028966456	0
1213	45	48	0.17675116	0.11803528	AA	0.0208628726609248	0	0.12785814	0.14633107	AA	0.0187096184344098	0	ct6VSct7	0.002153254226515	0.002153254226515	0
1214	45	49	0.17675116	0.02267619	AA	0.0040080428868804	0	0.12785814	0.07442628	AA	0.0095160057279192	0	ct6VSct7	-0.0055079628410388	-0.0055079628410388	0
1215	45	50	0.17675116	0.11017408	AA	0.0194733964419328	0	0.12785814	0.12836667	AA	0.0164127236641938	0	ct6VSct7	0.003060672777739	0.003060672777739	0
1216	46	47	-0.03783293	0.185089	BA	0	0	0.029661138	0.18247796	AA	0.00541250395351848	0	ct6VSct7	-0.0124149631342885	-0.00541250395351848	0
1217	46	48	-0.03783293	0.11803528	BA	0	0	0.029661138	0.14633107	AA	0.00434034606095766	0	ct6VSct7	-0.00880596654672806	-0.00434034606095766	0
1218	46	49	-0.03783293	0.02267619	BA	0	0	0.029661138	0.07442628	AA	0.00220756816190664	0	ct6VSct7	-0.00306547487084334	-0.00220756816190664	0
1219	46	50	-0.03783293	0.11017408	BA	0	0	0.029661138	0.12836667	AA	0.00380750151347046	0	ct6VSct7	-0.00797570976992486	-0.00380750151347046	0
1220	47	48	0.185089	0.11803528	AA	0.02184703193992	0	0.18247796	0.14633107	AA	0.0267021951382172	0	ct6VSct7	-0.0048551631982972	-0.0048551631982972	0
1221	47	49	0.185089	0.02267619	AA	0.00419711333091	0	0.18247796	0.07442628	AA	0.0135811557447888	0	ct6VSct7	-0.0093840424138788	-0.0093840424138788	0
1222	47	50	0.185089	0.11017408	AA	0.02039201029312	0	0.18247796	0.12836667	AA	0.0234240880735932	0	ct6VSct7	-0.0030320777804732	-0.0030320777804732	0
1223	48	49	0.11803528	0.02267619	AA	0.0026765904359832	0	0.14633107	0.07442628	AA	0.0108908771885196	0	ct6VSct7	-0.0082142867525364	-0.0082142867525364	0
1224	48	50	0.11803528	0.11017408	AA	0.0130044283815424	0	0.14633107	0.12836667	AA	0.0187840321734369	0	ct6VSct7	-0.0057796037918945	-0.0057796037918945	0
1225	49	50	0.02267619	0.11017408	AA	0.0024983283711552	0	0.07442628	0.12836667	AA	0.0095538537240876	0	ct6VSct7	-0.0070555253529324	-0.0070555253529324	0
