k	i	j	iscore_ct1	jscore_ct1	AB_ct1	A0score_ct1	B0score_ct1	iscore_ct2	jscore_ct2	AB_ct2	A0score_ct2	B0score_ct2	CellTypeID	ABchange	A0change	B0change
1	1	2	0.18046829	0.19012852	AA	0.0343121688846308	0	0.12997185	0.18921714	AA	0.024592901737509	0	ct2VSct4	0.0097192671471218	0.0097192671471218	0
2	1	3	0.18046829	0.14061381	AA	0.0253763338410849	0	0.12997185	0.042118739	AA	0.00547425042749715	0	ct2VSct4	0.0199020834135877	0.0199020834135878	0
3	1	4	0.18046829	-0.18161297	AB	0	0	0.12997185	-0.16005197	AB	0	0	ct2VSct4	-0.0119731315006768	0	0
4	1	5	0.18046829	-0.18328273	AB	0	0	0.12997185	-0.15949981	AB	0	0	ct2VSct4	-0.0123462354892832	0	0
5	1	6	0.18046829	0.042068575	AA	0.00759204379298675	0	0.12997185	0.07341805	AA	0.0095422797818925	0	ct2VSct4	-0.00195023598890575	-0.00195023598890575	0
6	1	7	0.18046829	-0.00098194839	AB	0	0	0.12997185	0.0050526869	AA	0.000656707063863765	0	ct2VSct4	-0.000833917610675318	-0.000656707063863765	0
7	1	8	0.18046829	-0.044405686	AB	0	0	0.12997185	-0.010054963	AB	0	0	ct2VSct4	-0.00670695607590539	0	0
8	1	9	0.18046829	-0.17344142	AB	0	0	0.12997185	-0.14838386	AB	0	0	ct2VSct4	-0.0120149516882308	0	0
9	1	10	0.18046829	-0.19903151	AB	0	0	0.12997185	-0.18504188	AB	0	0	ct2VSct4	-0.0118686407947399	0	0
10	1	11	0.18046829	-0.1973125	AB	0	0	0.12997185	-0.18540987	AB	0	0	ct2VSct4	-0.0115105856584655	0	0
11	1	12	0.18046829	-0.15190249	AB	0	0	0.12997185	-0.13463165	AB	0	0	ct2VSct4	-0.0099152579979896	0	0
12	1	13	0.18046829	-0.087703852	AB	0	0	0.12997185	-1.3994537e-05	AB	0	0	ct2VSct4	-0.0158259453009893	0	0
13	1	14	0.18046829	-0.1880073	AB	0	0	0.12997185	-0.19444767	AB	0	0	ct2VSct4	-0.0086566325404275	0	0
14	1	15	0.18046829	-0.20745743	AB	0	0	0.12997185	-0.20818817	AB	0	0	ct2VSct4	-0.0103808860368802	0	0
15	1	16	0.18046829	-0.17437581	AB	0	0	0.12997185	-0.18710877	AB	0	0	ct2VSct4	-0.0071504312599404	0	0
16	1	17	0.18046829	-0.14796277	AB	0	0	0.12997185	-0.18609775	AB	0	0	ct2VSct4	-0.0025151192372258	0	0
17	1	18	0.18046829	-0.16760507	AB	0	0	0.12997185	-0.19291348	AB	0	0	ct2VSct4	-0.0051740784926923	0	0
18	1	19	0.18046829	-0.14024768	AB	0	0	0.12997185	-0.15302515	AB	0	0	ct2VSct4	-0.0054212971440397	0	0
19	1	20	0.18046829	0.054948016	AA	0.00991637448641264	0	0.12997185	0.067270407	AA	0.00874325924804295	0	ct2VSct4	0.00117311523836969	0.00117311523836969	0
20	1	21	0.18046829	-0.0074197618	AB	0	0	0.12997185	-0.092687347	AB	0	0	ct2VSct4	0.0107077142369286	0	0
21	1	22	0.18046829	-0.15307954	AB	0	0	0.12997185	-0.19244915	AB	0	0	ct2VSct4	-0.0026130307613591	0	0
22	1	23	0.18046829	-0.094298444	AB	0	0	0.12997185	-0.082904505	AB	0	0	ct2VSct4	-0.00624262705015651	0	0
23	1	24	0.18046829	-0.15181406	AB	0	0	0.12997185	-0.18756089	AB	0	0	ct2VSct4	-0.0030199879452109	0	0
24	1	25	0.18046829	-0.14685121	AB	0	0	0.12997185	-0.176658	AB	0	0	ct2VSct4	-0.0035414196758309	0	0
25	1	26	0.18046829	0.022230333	AA	0.00401187018264057	0	0.12997185	0.046911147	AA	0.00609712856121195	0	ct2VSct4	-0.00208525837857138	-0.00208525837857138	0
26	1	27	0.18046829	-0.1369298	AB	0	0	0.12997185	-0.12160587	AB	0	0	ct2VSct4	-0.0089061469612825	0	0
27	1	28	0.18046829	-0.19271408	AB	0	0	0.12997185	-0.20294332	AB	0	0	ct2VSct4	-0.0084018617309812	0	0
28	1	29	0.18046829	-0.072474398	AB	0	0	0.12997185	-0.11742039	AB	0	0	ct2VSct4	0.00218201464018208	0	0
29	1	30	0.18046829	-0.19092902	AB	0	0	0.12997185	-0.18628952	AB	0	0	ct2VSct4	-0.0102442402007638	0	0
30	1	31	0.18046829	-0.061939482	AB	0	0	0.12997185	-0.026242096	AB	0	0	ct2VSct4	-0.00776737863502818	0	0
31	1	32	0.18046829	0.093314979	AA	0.0168403946915159	0	0.12997185	0.11104545	AA	0.0144327825705825	0	ct2VSct4	0.00240761212093341	0.0024076121209334	0
32	1	33	0.18046829	-0.11083278	AB	0	0	0.12997185	-0.13439603	AB	0	0	ct2VSct4	-0.0025341016307907	0	0
33	1	34	0.18046829	-0.17001925	AB	0	0	0.12997185	-0.19089042	AB	0	0	ct2VSct4	-0.0058727022799055	0	0
34	1	35	0.18046829	0.0060066249	AA	0.00108400532437442	0	0.12997185	-0.0071459731	AB	0	0	ct2VSct4	0.00201278066823166	0.00108400532437442	0
35	1	36	0.18046829	-0.02883865	AB	0	0	0.12997185	-0.09546514	AB	0	0	ct2VSct4	0.0072033190049005	0	0
36	1	37	0.18046829	0.1362983	AA	0.024597521130907	0	0.12997185	0.078333614	AA	0.0101811647287659	0	ct2VSct4	0.0144163564021411	0.0144163564021411	0
37	1	38	0.18046829	-0.11748793	AB	0	0	0.12997185	-0.12562377	AB	0	0	ct2VSct4	-0.0048752920318652	0	0
38	1	39	0.18046829	0.18710115	AA	0.0337658245975335	0	0.12997185	0.15790873	AA	0.0205236897692505	0	ct2VSct4	0.013242134828283	0.013242134828283	0
39	1	40	0.18046829	0.18804056	AA	0.0339353583138424	0	0.12997185	0.17291261	AA	0.0224737718100285	0	ct2VSct4	0.0114615865038139	0.0114615865038139	0
40	1	41	0.18046829	0.18964921	AA	0.0342256686285509	0	0.12997185	0.18335729	AA	0.0238312861922865	0	ct2VSct4	0.0103943824362644	0.0103943824362644	0
41	1	42	0.18046829	0.15865292	AA	0.0286318211759068	0	0.12997185	0.1628178	AA	0.02116173067893	0	ct2VSct4	0.0074700904969768	0.0074700904969768	0
42	1	43	0.18046829	-0.1823701	AB	0	0	0.12997185	-0.17132332	AB	0	0	ct2VSct4	-0.010644811245587	0	0
43	1	44	0.18046829	-0.17777604	AB	0	0	0.12997185	-0.16783001	AB	0	0	ct2VSct4	-0.0102697610565531	0	0
44	1	45	0.18046829	0.088799464	AA	0.0160254874209966	0	0.12997185	0.14089042	AA	0.018311788534677	0	ct2VSct4	-0.00228630111368044	-0.0022863011136804	0
45	1	46	0.18046829	-0.083378426	AB	0	0	0.12997185	-0.10152237	AB	0	0	ct2VSct4	-0.00185211171782704	0	0
46	1	47	0.18046829	0.15723078	AA	0.0283751700019662	0	0.12997185	0.15886527	AA	0.0206480130426495	0	ct2VSct4	0.0077271569593167	0.0077271569593167	0
47	1	48	0.18046829	0.14162452	AA	0.0255587349464708	0	0.12997185	0.09525499	AA	0.0123804672720315	0	ct2VSct4	0.0131782676744393	0.0131782676744393	0
48	1	49	0.18046829	0.047735823	AA	0.00861480234855267	0	0.12997185	-0.01745302	AB	0	0	ct2VSct4	0.0108832036460397	0.00861480234855267	0
49	1	50	0.18046829	0.0022084846	AA	0.000398561439253334	0	0.12997185	0.053211025	AA	0.00691593535964625	0	ct2VSct4	-0.00651737392039292	-0.00651737392039292	0
50	2	3	0.19012852	0.14061381	AA	0.0267346955868612	0	0.18921714	0.042118739	AA	0.00796958733398646	0	ct2VSct4	0.0187651082528747	0.0187651082528747	0
51	2	4	0.19012852	-0.18161297	AB	0	0	0.18921714	-0.16005197	AB	0	0	ct2VSct4	-0.0042452291841386	0	0
52	2	5	0.19012852	-0.18328273	AB	0	0	0.18921714	-0.15949981	AB	0	0	ct2VSct4	-0.0046671763177162	0	0
53	2	6	0.19012852	0.042068575	AA	0.007998435903259	0	0.18921714	0.07341805	AA	0.013891953445377	0	ct2VSct4	-0.005893517542118	-0.005893517542118	0
54	2	7	0.19012852	-0.00098194839	AB	0	0	0.18921714	0.0050526869	AA	0.000956054964533466	0	ct2VSct4	-0.00114275135864055	-0.000956054964533466	0
55	2	8	0.19012852	-0.044405686	AB	0	0	0.18921714	-0.010054963	AB	0	0	ct2VSct4	-0.0065402160170989	0	0
56	2	9	0.19012852	-0.17344142	AB	0	0	0.18921714	-0.14838386	AB	0	0	ct2VSct4	-0.004899390879938	0	0
57	2	10	0.19012852	-0.19903151	AB	0	0	0.18921714	-0.18504188	AB	0	0	ct2VSct4	-0.002828471115842	0	0
58	2	11	0.19012852	-0.1973125	AB	0	0	0.18921714	-0.18540987	AB	0	0	ct2VSct4	-0.0024320082733282	0	0
59	2	12	0.19012852	-0.15190249	AB	0	0	0.18921714	-0.13463165	AB	0	0	ct2VSct4	-0.0034063798415338	0	0
60	2	13	0.19012852	-0.087703852	AB	0	0	0.18921714	-1.3994537e-05	AB	0	0	ct2VSct4	-0.0166723555727923	0	0
61	2	14	0.19012852	-0.1880073	AB	0	0	0.18921714	-0.19444767	AB	0	0	ct2VSct4	0.0010472822988678	0	0
62	2	15	0.19012852	-0.20745743	AB	0	0	0.18921714	-0.20818817	AB	0	0	ct2VSct4	-5.08040196697951e-05	0	0
63	2	16	0.19012852	-0.17437581	AB	0	0	0.18921714	-0.18710877	AB	0	0	ct2VSct4	0.0022503716492166	0	0
64	2	17	0.19012852	-0.14796277	AB	0	0	0.18921714	-0.18609775	AB	0	0	ct2VSct4	0.0070809415402346	0	0
65	2	18	0.19012852	-0.16760507	AB	0	0	0.18921714	-0.19291348	AB	0	0	ct2VSct4	0.0046360330494508	0	0
66	2	19	0.19012852	-0.14024768	AB	0	0	0.18921714	-0.15302515	AB	0	0	ct2VSct4	0.0022898973992374	0	0
67	2	20	0.19012852	0.054948016	AA	0.0104471849590163	0	0.18921714	0.067270407	AA	0.012728714019176	0	ct2VSct4	-0.00228152906015966	-0.0022815290601597	0
68	2	21	0.19012852	-0.0074197618	AB	0	0	0.18921714	-0.092687347	AB	0	0	ct2VSct4	0.016127326383741	0	0
69	2	22	0.19012852	-0.15307954	AB	0	0	0.18921714	-0.19244915	AB	0	0	ct2VSct4	0.00730989137595021	0	0
70	2	23	0.19012852	-0.094298444	AB	0	0	0.18921714	-0.082904505	AB	0	0	ct2VSct4	-0.00224187026680718	0	0
71	2	24	0.19012852	-0.15181406	AB	0	0	0.18921714	-0.18756089	AB	0	0	ct2VSct4	0.0066255526386634	0	0
72	2	25	0.19012852	-0.14685121	AB	0	0	0.18921714	-0.176658	AB	0	0	ct2VSct4	0.0055061183006108	0	0
73	2	26	0.19012852	0.022230333	AA	0.00422662031239716	0	0.18921714	0.046911147	AA	0.00887639306945958	0	ct2VSct4	-0.00464977275706242	-0.00464977275706242	0
74	2	27	0.19012852	-0.1369298	AB	0	0	0.18921714	-0.12160587	AB	0	0	ct2VSct4	-0.0030243452892842	0	0
75	2	28	0.19012852	-0.19271408	AB	0	0	0.18921714	-0.20294332	AB	0	0	ct2VSct4	0.0017599117789432	0	0
76	2	29	0.19012852	-0.072474398	AB	0	0	0.18921714	-0.11742039	AB	0	0	ct2VSct4	0.00843850034385364	0	0
77	2	30	0.19012852	-0.19092902	AB	0	0	0.18921714	-0.18628952	AB	0	0	ct2VSct4	-0.00105188181127761	0	0
78	2	31	0.19012852	-0.061939482	AB	0	0	0.18921714	-0.026242096	AB	0	0	ct2VSct4	-0.0068110076895012	0	0
79	2	32	0.19012852	0.093314979	AA	0.0177418388511011	0	0.18921714	0.11104545	AA	0.021011702459013	0	ct2VSct4	-0.00326986360791192	-0.0032698636079119	0
80	2	33	0.19012852	-0.11083278	AB	0	0	0.18921714	-0.13439603	AB	0	0	ct2VSct4	0.0043575599950686	0	0
81	2	34	0.19012852	-0.17001925	AB	0	0	0.18921714	-0.19089042	AB	0	0	ct2VSct4	0.0037942309517888	0	0
82	2	35	0.19012852	0.0060066249	AA	0.00114203070243215	0	0.18921714	-0.0071459731	AB	0	0	ct2VSct4	0.00249417129493108	0.00114203070243215	0
83	2	36	0.19012852	-0.02883865	AB	0	0	0.18921714	-0.09546514	AB	0	0	ct2VSct4	0.0125805909172016	0	0
84	2	37	0.19012852	0.1362983	AA	0.025914194057516	0	0.18921714	0.078333614	AA	0.014822062406944	0	ct2VSct4	0.011092131650572	0.011092131650572	0
85	2	38	0.19012852	-0.11748793	AB	0	0	0.18921714	-0.12562377	AB	0	0	ct2VSct4	0.0014323642266542	0	0
86	2	39	0.19012852	0.18710115	AA	0.035573264739798	0	0.18921714	0.15790873	AA	0.0298790382716322	0	ct2VSct4	0.0056942264681658	0.0056942264681658	0
87	2	40	0.19012852	0.18804056	AA	0.0357518733727712	0	0.18921714	0.17291261	AA	0.0327180295341354	0	ct2VSct4	0.0030338438386358	0.0030338438386358	0
88	2	41	0.19012852	0.18964921	AA	0.0360577236164692	0	0.18921714	0.18335729	AA	0.0346943420119506	0	ct2VSct4	0.0013633816045186	0.0013633816045186	0
89	2	42	0.19012852	0.15865292	AA	0.0301644448732784	0	0.18921714	0.1628178	AA	0.030807918457092	0	ct2VSct4	-0.000643473583813604	-0.0006434735838136	0
90	2	43	0.19012852	-0.1823701	AB	0	0	0.18921714	-0.17132332	AB	0	0	ct2VSct4	-0.0022564485795472	0	0
91	2	44	0.19012852	-0.17777604	AB	0	0	0.18921714	-0.16783001	AB	0	0	ct2VSct4	-0.0020439808782894	0	0
92	2	45	0.19012852	0.088799464	AA	0.0168833106671133	0	0.18921714	0.14089042	AA	0.0266588823257988	0	ct2VSct4	-0.00977557165868552	-0.0097755716586855	0
93	2	46	0.19012852	-0.083378426	AB	0	0	0.18921714	-0.10152237	AB	0	0	ct2VSct4	0.00335715576211228	0	0
94	2	47	0.19012852	0.15723078	AA	0.0298940554998456	0	0.18921714	0.15886527	AA	0.0300600320347278	0	ct2VSct4	-0.000165976534882203	-0.000165976534882199	0
95	2	48	0.19012852	0.14162452	AA	0.0269268603833104	0	0.18921714	0.09525499	AA	0.0180238767785286	0	ct2VSct4	0.0089029836047818	0.0089029836047818	0
96	2	49	0.19012852	0.047735823	AA	0.00907594137797196	0	0.18921714	-0.01745302	AB	0	0	ct2VSct4	0.0123783519067348	0.00907594137797196	0
97	2	50	0.19012852	0.0022084846	AA	0.000419895908440792	0	0.18921714	0.053211025	AA	0.0100684379669685	0	ct2VSct4	-0.00964854205852771	-0.00964854205852771	0
98	3	4	0.14061381	-0.18161297	AB	0	0	0.042118739	-0.16005197	AB	0	0	ct2VSct4	-0.0187961045062499	0	0
99	3	5	0.14061381	-0.18328273	AB	0	0	0.042118739	-0.15949981	AB	0	0	ct2VSct4	-0.0190541521045617	0	0
100	3	6	0.14061381	0.042068575	AA	0.00591542261202075	0	0.042118739	0.07341805	AA	0.00309227568583895	0	ct2VSct4	0.0028231469261818	0.0028231469261818	0
101	3	7	0.14061381	-0.00098194839	AB	0	0	0.042118739	0.0050526869	AA	0.000212812800789819	0	ct2VSct4	-0.000350888305131085	-0.000212812800789819	0
102	3	8	0.14061381	-0.044405686	AB	0	0	0.042118739	-0.010054963	AB	0	0	ct2VSct4	-0.005820550331872	0	0
103	3	9	0.14061381	-0.17344142	AB	0	0	0.042118739	-0.14838386	AB	0	0	ct2VSct4	-0.0181385178068577	0	0
104	3	10	0.14061381	-0.19903151	AB	0	0	0.042118739	-0.18504188	AB	0	0	ct2VSct4	-0.0201928482833638	0	0
105	3	11	0.14061381	-0.1973125	AB	0	0	0.042118739	-0.18540987	AB	0	0	ct2VSct4	-0.0199356324630711	0	0
106	3	12	0.14061381	-0.15190249	AB	0	0	0.042118739	-0.13463165	AB	0	0	ct2VSct4	-0.0156890725398976	0	0
107	3	13	0.14061381	-0.087703852	AB	0	0	0.042118739	-1.3994537e-05	AB	0	0	ct2VSct4	-0.0123317833491448	0	0
108	3	14	0.14061381	-0.1880073	AB	0	0	0.042118739	-0.19444767	AB	0	0	ct2VSct4	-0.0182465320989249	0	0
109	3	15	0.14061381	-0.20745743	AB	0	0	0.042118739	-0.20818817	AB	0	0	ct2VSct4	-0.0204027564499907	0	0
110	3	16	0.14061381	-0.17437581	AB	0	0	0.042118739	-0.18710877	AB	0	0	ct2VSct4	-0.0166388615676951	0	0
111	3	17	0.14061381	-0.14796277	AB	0	0	0.042118739	-0.18609775	AB	0	0	ct2VSct4	-0.0129674062671164	0	0
112	3	18	0.14061381	-0.16760507	AB	0	0	0.042118739	-0.19291348	AB	0	0	ct2VSct4	-0.015442314954315	0	0
113	3	19	0.14061381	-0.14024768	AB	0	0	0.042118739	-0.15302515	AB	0	0	ct2VSct4	-0.013275534275175	0	0
114	3	20	0.14061381	0.054948016	AA	0.00772644988170096	0	0.042118739	0.067270407	AA	0.00283334471485677	0	ct2VSct4	0.00489310516684419	0.00489310516684419	0
115	3	21	0.14061381	-0.0074197618	AB	0	0	0.042118739	-0.092687347	AB	0	0	ct2VSct4	0.00286055320090498	0	0
116	3	22	0.14061381	-0.15307954	AB	0	0	0.042118739	-0.19244915	AB	0	0	ct2VSct4	-0.0134193818328255	0	0
117	3	23	0.14061381	-0.094298444	AB	0	0	0.042118739	-0.082904505	AB	0	0	ct2VSct4	-0.00976783027989244	0	0
118	3	24	0.14061381	-0.15181406	AB	0	0	0.042118739	-0.18756089	AB	0	0	ct2VSct4	-0.0134473252156509	0	0
119	3	25	0.14061381	-0.14685121	AB	0	0	0.042118739	-0.176658	AB	0	0	ct2VSct4	-0.0132086959469481	0	0
120	3	26	0.14061381	0.022230333	AA	0.00312589182069873	0	0.042118739	0.046911147	AA	0.00197583835668363	0	ct2VSct4	0.0011500534640151	0.0011500534640151	0
121	3	27	0.14061381	-0.1369298	AB	0	0	0.042118739	-0.12160587	AB	0	0	ct2VSct4	-0.0141323349811401	0	0
122	3	28	0.14061381	-0.19271408	AB	0	0	0.042118739	-0.20294332	AB	0	0	ct2VSct4	-0.0185505443025713	0	0
123	3	29	0.14061381	-0.072474398	AB	0	0	0.042118739	-0.11742039	AB	0	0	ct2VSct4	-0.00524530247054817	0	0
124	3	30	0.14061381	-0.19092902	AB	0	0	0.042118739	-0.18628952	AB	0	0	ct2VSct4	-0.0190009772704509	0	0
125	3	31	0.14061381	-0.061939482	AB	0	0	0.042118739	-0.026242096	AB	0	0	ct2VSct4	-0.00760426256120948	0	0
126	3	32	0.14061381	0.093314979	AA	0.01312137472726	0	0.042118739	0.11104545	AA	0.00467709432568755	0	ct2VSct4	0.00844428040157244	0.00844428040157245	0
127	3	33	0.14061381	-0.11083278	AB	0	0	0.042118739	-0.13439603	AB	0	0	ct2VSct4	-0.00992402815848563	0	0
128	3	34	0.14061381	-0.17001925	AB	0	0	0.042118739	-0.19089042	AB	0	0	ct2VSct4	-0.0158669907382621	0	0
129	3	35	0.14061381	0.0060066249	AA	0.000844614412429869	0	0.042118739	-0.0071459731	AB	0	0	ct2VSct4	0.00114559378832979	0.000844614412429869	0
130	3	36	0.14061381	-0.02883865	AB	0	0	0.042118739	-0.09546514	AB	0	0	ct2VSct4	-3.42411364980394e-05	0	0
131	3	37	0.14061381	0.1362983	AA	0.019165423259523	0	0.042118739	0.078333614	AA	0.00329931304299275	0	ct2VSct4	0.0158661102165303	0.0158661102165303	0
132	3	38	0.14061381	-0.11748793	AB	0	0	0.042118739	-0.12562377	AB	0	0	ct2VSct4	-0.0112293106854873	0	0
133	3	39	0.14061381	0.18710115	AA	0.0263090055568815	0	0.042118739	0.15790873	AA	0.00665091658469147	0	ct2VSct4	0.01965808897219	0.01965808897219	0
134	3	40	0.14061381	0.18804056	AA	0.0264410995761336	0	0.042118739	0.17291261	AA	0.00728286109039879	0	ct2VSct4	0.0191582384857348	0.0191582384857348	0
135	3	41	0.14061381	0.18964921	AA	0.0266672979815901	0	0.042118739	0.18335729	AA	0.00772277784125731	0	ct2VSct4	0.0189445201403328	0.0189445201403328	0
136	3	42	0.14061381	0.15865292	AA	0.0223087915488252	0	0.042118739	0.1628178	AA	0.0068576804227542	0	ct2VSct4	0.015451111126071	0.015451111126071	0
137	3	43	0.14061381	-0.1823701	AB	0	0	0.042118739	-0.17132332	AB	0	0	ct2VSct4	-0.0184278323913875	0	0
138	3	44	0.14061381	-0.17777604	AB	0	0	0.042118739	-0.16783001	AB	0	0	ct2VSct4	-0.017928977923555	0	0
139	3	45	0.14061381	0.088799464	AA	0.0124864309589978	0	0.042118739	0.14089042	AA	0.00593412682758038	0	ct2VSct4	0.00655230413141746	0.00655230413141742	0
140	3	46	0.14061381	-0.083378426	AB	0	0	0.042118739	-0.10152237	AB	0	0	ct2VSct4	-0.00744816394697163	0	0
141	3	47	0.14061381	0.15723078	AA	0.0221088190250718	0	0.042118739	0.15886527	AA	0.00669120484329453	0	ct2VSct4	0.0154176141817773	0.0154176141817773	0
142	3	48	0.14061381	0.14162452	AA	0.0199143633466212	0	0.042118739	0.09525499	AA	0.00401202006225761	0	ct2VSct4	0.0159023432843636	0.0159023432843636	0
143	3	49	0.14061381	0.047735823	AA	0.00671231594551563	0	0.042118739	-0.01745302	AB	0	0	ct2VSct4	0.00744741513965741	0.00671231594551563	0
144	3	50	0.14061381	0.0022084846	AA	0.000310543433932326	0	0.042118739	0.053211025	AA	0.00224118127389748	0	ct2VSct4	-0.00193063783996515	-0.00193063783996515	0
145	4	5	-0.18161297	-0.18328273	BB	0	0.0332865209450081	-0.16005197	-0.15949981	BB	0	0.0255282588051257	ct2VSct4	0.00775826213988241	0	0.0077582621398824
146	4	6	-0.18161297	0.042068575	BA	0	0	-0.16005197	0.07341805	BA	0	0	ct2VSct4	0.00411050468664075	0	0
147	4	7	-0.18161297	-0.00098194839	BB	0	0.000178334563494618	-0.16005197	0.0050526869	BA	0	0	ct2VSct4	0.000987027055632811	0	0.000178334563494618
148	4	8	-0.18161297	-0.044405686	BB	0	0.00806464851934742	-0.16005197	-0.010054963	BB	0	0.00160931663642711	ct2VSct4	0.00645533188292031	0	0.00645533188292031
149	4	9	-0.18161297	-0.17344142	BB	0	0.0314992114072174	-0.16005197	-0.14838386	BB	0	0.0237491291092042	ct2VSct4	0.00775008229801321	0	0.0077500822980132
150	4	10	-0.18161297	-0.19903151	BB	0	0.0361467036546847	-0.16005197	-0.18504188	BB	0	0.0296163174265036	ct2VSct4	0.00653038622818111	0	0.0065303862281811
151	4	11	-0.18161297	-0.1973125	BB	0	0.035834509143125	-0.16005197	-0.18540987	BB	0	0.0296752149509439	ct2VSct4	0.00615929419218111	0	0.0061592941921811
152	4	12	-0.18161297	-0.15190249	BB	0	0.0275874623592953	-0.16005197	-0.13463165	BB	0	0.0215480608068505	ct2VSct4	0.0060394015524448	0	0.0060394015524448
153	4	13	-0.18161297	-0.087703852	BB	0	0.0159281570421604	-0.16005197	-1.3994537e-05	BB	0	2.23985321608789e-06	ct2VSct4	0.0159259171889444	0	0.0159259171889443
154	4	14	-0.18161297	-0.1880073	BB	0	0.034144564134681	-0.16005197	-0.19444767	BB	0	0.0311217326454099	ct2VSct4	0.0030228314892711	0	0.0030228314892711
155	4	15	-0.18161297	-0.20745743	BB	0	0.0376769600108671	-0.16005197	-0.20818817	BB	0	0.0333209267391949	ct2VSct4	0.0043560332716722	0	0.0043560332716722
156	4	16	-0.18161297	-0.17437581	BB	0	0.0316689087502557	-0.16005197	-0.18710877	BB	0	0.0299471272427769	ct2VSct4	0.0017217815074788	0	0.0017217815074788
157	4	17	-0.18161297	-0.14796277	BB	0	0.0268719581091269	-0.16005197	-0.18609775	BB	0	0.0297853115000675	ct2VSct4	-0.0029133533909406	0	-0.0029133533909406
158	4	18	-0.18161297	-0.16760507	BB	0	0.0304392545497579	-0.16005197	-0.19291348	BB	0	0.0308761825135556	ct2VSct4	-0.000436927963797695	0	-0.000436927963797698
159	4	19	-0.18161297	-0.14024768	BB	0	0.0254707977004096	-0.16005197	-0.15302515	BB	0	0.0244919767170455	ct2VSct4	0.000978820983364107	0	0.0009788209833641
160	4	20	-0.18161297	0.054948016	BA	0	0	-0.16005197	0.067270407	BA	0	0	ct2VSct4	0.000787488781684269	0	0
161	4	21	-0.18161297	-0.0074197618	BB	0	0.00134752497719055	-0.16005197	-0.092687347	BB	0	0.0148347924814236	ct2VSct4	-0.013487267504233	0	-0.013487267504233
162	4	22	-0.18161297	-0.15307954	BB	0	0.0278012299056338	-0.16005197	-0.19244915	BB	0	0.0308018655823255	ct2VSct4	-0.0030006356766917	0	-0.0030006356766917
163	4	23	-0.18161297	-0.094298444	BB	0	0.0171258204812187	-0.16005197	-0.082904505	BB	0	0.0132690293471248	ct2VSct4	0.00385679113409383	0	0.0038567911340939
164	4	24	-0.18161297	-0.15181406	BB	0	0.0275714023243582	-0.16005197	-0.18756089	BB	0	0.0300194899394533	ct2VSct4	-0.0024480876150951	0	-0.0024480876150951
165	4	25	-0.18161297	-0.14685121	BB	0	0.0266700843961937	-0.16005197	-0.176658	BB	0	0.02827446091626	ct2VSct4	-0.0016043765200663	0	-0.0016043765200663
166	4	26	-0.18161297	0.022230333	BA	0	0	-0.16005197	0.046911147	BA	0	0	ct2VSct4	0.00347090469209058	0	0
167	4	27	-0.18161297	-0.1369298	BB	0	0.024868227659506	-0.16005197	-0.12160587	BB	0	0.0194632590570639	ct2VSct4	0.0054049686024421	0	0.0054049686024421
168	4	28	-0.18161297	-0.19271408	BB	0	0.0349993764296176	-0.16005197	-0.20294332	BB	0	0.0324814781643404	ct2VSct4	0.00251789826527721	0	0.0025178982652772
169	4	29	-0.18161297	-0.072474398	BB	0	0.0131622906697421	-0.16005197	-0.11742039	BB	0	0.0187933647376683	ct2VSct4	-0.00563107406792624	0	-0.0056310740679262
170	4	30	-0.18161297	-0.19092902	BB	0	0.0346751863813894	-0.16005197	-0.18628952	BB	0	0.0298160046663544	ct2VSct4	0.00485918171503501	0	0.004859181715035
171	4	31	-0.18161297	-0.061939482	BB	0	0.0112490132862815	-0.16005197	-0.026242096	BB	0	0.00420009916172912	ct2VSct4	0.00704891412455242	0	0.00704891412455238
172	4	32	-0.18161297	0.093314979	BA	0	0	-0.16005197	0.11104545	BA	0	0	ct2VSct4	0.000825832550358868	0	0
173	4	33	-0.18161297	-0.11083278	BB	0	0.0201286703491566	-0.16005197	-0.13439603	BB	0	0.0215103493616791	ct2VSct4	-0.0013816790125225	0	-0.0013816790125225
174	4	34	-0.18161297	-0.17001925	BB	0	0.0308777009496725	-0.16005197	-0.19089042	BB	0	0.0305523877751274	ct2VSct4	0.000325313174545105	0	0.000325313174545101
175	4	35	-0.18161297	0.0060066249	BA	0	0	-0.16005197	-0.0071459731	BB	0	0.00114372707222201	ct2VSct4	-0.00223460805998696	0	-0.00114372707222201
176	4	36	-0.18161297	-0.02883865	BB	0	0.0052374728772905	-0.16005197	-0.09546514	BB	0	0.0152793837233258	ct2VSct4	-0.0100419108460353	0	-0.0100419108460353
177	4	37	-0.18161297	0.1362983	BA	0	0	-0.16005197	0.078333614	BA	0	0	ct2VSct4	-0.0122160898310314	0	0
178	4	38	-0.18161297	-0.11748793	BB	0	0.0213373319064521	-0.16005197	-0.12562377	BB	0	0.0201063318673269	ct2VSct4	0.0012310000391252	0	0.0012310000391252
179	4	39	-0.18161297	0.18710115	BA	0	0	-0.16005197	0.15790873	BA	0	0	ct2VSct4	-0.00870639222521741	0	0
180	4	40	-0.18161297	0.18804056	BA	0	0	-0.16005197	0.17291261	BA	0	0	ct2VSct4	-0.00647560071372151	0	0
181	4	41	-0.18161297	0.18964921	BA	0	0	-0.16005197	0.18335729	BA	0	0	ct2VSct4	-0.00509606080789241	0	0
182	4	42	-0.18161297	0.15865292	BA	0	0	-0.16005197	0.1628178	BA	0	0	ct2VSct4	-0.0027541183593064	0	0
183	4	43	-0.18161297	-0.1823701	BB	0	0.033120775500197	-0.16005197	-0.17132332	BB	0	0.0274206348729404	ct2VSct4	0.00570014062725661	0	0.0057001406272566
184	4	44	-0.18161297	-0.17777604	BB	0	0.0322864346192388	-0.16005197	-0.16783001	BB	0	0.0268615237256197	ct2VSct4	0.0054249108936191	0	0.0054249108936191
185	4	45	-0.18161297	0.088799464	BA	0	0	-0.16005197	0.14089042	BA	0	0	ct2VSct4	0.00642265488367932	0	0
186	4	46	-0.18161297	-0.083378426	BB	0	0.0151426035797852	-0.16005197	-0.10152237	BB	0	0.0162488553175689	ct2VSct4	-0.00110625173778368	0	-0.0011062517377837
187	4	47	-0.18161297	0.15723078	BA	0	0	-0.16005197	0.15886527	BA	0	0	ct2VSct4	-0.0031284495031347	0	0
188	4	48	-0.18161297	0.14162452	BA	0	0	-0.16005197	0.09525499	BA	0	0	ct2VSct4	-0.0104751009001941	0	0
189	4	49	-0.18161297	0.047735823	BA	0	0	-0.16005197	-0.01745302	BB	0	0.0027933902334494	ct2VSct4	-0.0114628348238737	0	-0.0027933902334494
190	4	50	-0.18161297	0.0022084846	BA	0	0	-0.16005197	0.053211025	BA	0	0	ct2VSct4	0.00811543992956399	0	0
191	5	6	-0.18328273	0.042068575	BA	0	0	-0.15949981	0.07341805	BA	0	0	ct2VSct4	0.00399972175236075	0	0
192	5	7	-0.18328273	-0.00098194839	BB	0	0.000179974181638305	-0.15949981	0.0050526869	BA	0	0	ct2VSct4	0.000985876782177794	0	0.000179974181638305
193	5	8	-0.18328273	-0.044405686	BB	0	0.00813879535760278	-0.15949981	-0.010054963	BB	0	0.00160376468805703	ct2VSct4	0.00653503066954575	0	0.00653503066954575
194	5	9	-0.18328273	-0.17344142	BB	0	0.0317888169526766	-0.15949981	-0.14838386	BB	0	0.0236671974770666	ct2VSct4	0.00812161947561	0	0.00812161947561
195	5	10	-0.18328273	-0.19903151	BB	0	0.0364790385088223	-0.15949981	-0.18504188	BB	0	0.0295141447020428	ct2VSct4	0.0069648938067795	0	0.0069648938067795
196	5	11	-0.18328273	-0.1973125	BB	0	0.036163973663125	-0.15949981	-0.18540987	BB	0	0.0295728390371247	ct2VSct4	0.0065911346260003	0	0.0065911346260003
197	5	12	-0.18328273	-0.15190249	BB	0	0.0278411030609977	-0.15949981	-0.13463165	BB	0	0.0214737225949865	ct2VSct4	0.0063673804660112	0	0.0063673804660112
198	5	13	-0.18328273	-0.087703852	BB	0	0.016074601426076	-0.15949981	-1.3994537e-05	BB	0	2.23212599253797e-06	ct2VSct4	0.0160723693000834	0	0.0160723693000835
199	5	14	-0.18328273	-0.1880073	BB	0	0.034458491203929	-0.15949981	-0.19444767	BB	0	0.0310143664199427	ct2VSct4	0.0034441247839863	0	0.0034441247839863
200	5	15	-0.18328273	-0.20745743	BB	0	0.0380233641291839	-0.15949981	-0.20818817	BB	0	0.0332059735592477	ct2VSct4	0.00481739056993621	0	0.00481739056993619
201	5	16	-0.18328273	-0.17437581	BB	0	0.0319600745027613	-0.15949981	-0.18710877	BB	0	0.0298438132643337	ct2VSct4	0.0021162612384276	0	0.0021162612384276
202	5	17	-0.18328273	-0.14796277	BB	0	0.0271190204239621	-0.15949981	-0.18609775	BB	0	0.0296825557664275	ct2VSct4	-0.0025635353424654	0	-0.0025635353424654
203	5	18	-0.18328273	-0.16760507	BB	0	0.0307191147914411	-0.15949981	-0.19291348	BB	0	0.0307696634064388	ct2VSct4	-5.05486149976996e-05	0	-5.05486149976996e-05
204	5	19	-0.18328273	-0.14024768	BB	0	0.0257049776665664	-0.15949981	-0.15302515	BB	0	0.0244074823502215	ct2VSct4	0.0012974953163449	0	0.0012974953163449
205	5	20	-0.18328273	0.054948016	BA	0	0	-0.15949981	0.067270407	BA	0	0	ct2VSct4	0.00065859475455899	0	0
206	5	21	-0.18328273	-0.0074197618	BB	0	0.00135991419865371	-0.15949981	-0.092687347	BB	0	0.0147836142359041	ct2VSct4	-0.0134237000372504	0	-0.0134237000372504
207	5	22	-0.18328273	-0.15307954	BB	0	0.0280568359983442	-0.15949981	-0.19244915	BB	0	0.0306956028596615	ct2VSct4	-0.0026387668613173	0	-0.0026387668613173
208	5	23	-0.18328273	-0.094298444	BB	0	0.0172832762510721	-0.15949981	-0.082904505	BB	0	0.013223252795644	ct2VSct4	0.00406002345542807	0	0.0040600234554281
209	5	24	-0.18328273	-0.15181406	BB	0	0.0278248953691838	-0.15949981	-0.18756089	BB	0	0.0299159263184309	ct2VSct4	-0.0020910309492471	0	-0.0020910309492471
210	5	25	-0.18328273	-0.14685121	BB	0	0.0269152906726033	-0.15949981	-0.176658	BB	0	0.02817691743498	ct2VSct4	-0.0012616267623767	0	-0.0012616267623767
211	5	26	-0.18328273	0.022230333	BA	0	0	-0.15949981	0.046911147	BA	0	0	ct2VSct4	0.00340788291233298	0	0
212	5	27	-0.18328273	-0.1369298	BB	0	0.025096867562354	-0.15949981	-0.12160587	BB	0	0.0193961131598847	ct2VSct4	0.0057007544024693	0	0.0057007544024693
213	5	28	-0.18328273	-0.19271408	BB	0	0.0353211626918384	-0.15949981	-0.20294332	BB	0	0.0323694209807692	ct2VSct4	0.0029517417110692	0	0.0029517417110692
214	5	29	-0.18328273	-0.072474398	BB	0	0.0132833055205465	-0.15949981	-0.11742039	BB	0	0.0187285298951259	ct2VSct4	-0.00544522437457936	0	-0.0054452243745794
215	5	30	-0.18328273	-0.19092902	BB	0	0.0349939920218246	-0.15949981	-0.18628952	BB	0	0.0297131430449912	ct2VSct4	0.0052808489768334	0	0.0052808489768334
216	5	31	-0.18328273	-0.061939482	BB	0	0.0113524373557459	-0.15949981	-0.026242096	BB	0	0.00418560932600176	ct2VSct4	0.0071668280297441	0	0.00716682802974414
217	5	32	-0.18328273	0.093314979	BA	0	0	-0.15949981	0.11104545	BA	0	0	ct2VSct4	0.000608704075351827	0	0
218	5	33	-0.18328273	-0.11083278	BB	0	0.0203137344918894	-0.15949981	-0.13439603	BB	0	0.0214361412497543	ct2VSct4	-0.0011224067578649	0	-0.0011224067578649
219	5	34	-0.18328273	-0.17001925	BB	0	0.0311615922925525	-0.15949981	-0.19089042	BB	0	0.0304469857208202	ct2VSct4	0.000714606571732303	0	0.0007146065717323
220	5	35	-0.18328273	0.0060066249	BA	0	0	-0.15949981	-0.0071459731	BB	0	0.00113978135171511	ct2VSct4	-0.00224069196147309	0	-0.00113978135171511
221	5	36	-0.18328273	-0.02883865	BB	0	0.0052856265015145	-0.15949981	-0.09546514	BB	0	0.0152266716916234	ct2VSct4	-0.0099410451901089	0	-0.0099410451901089
222	5	37	-0.18328273	0.1362983	BA	0	0	-0.15949981	0.078333614	BA	0	0	ct2VSct4	-0.0124869279687457	0	0
223	5	38	-0.18328273	-0.11748793	BB	0	0.0215335085524489	-0.15949981	-0.12562377	BB	0	0.0200369674464837	ct2VSct4	0.0014965411059652	0	0.0014965411059652
224	5	39	-0.18328273	0.18710115	BA	0	0	-0.15949981	0.15790873	BA	0	0	ct2VSct4	-0.0091059971257982	0	0
225	5	40	-0.18328273	0.18804056	BA	0	0	-0.15949981	0.17291261	BA	0	0	ct2VSct4	-0.00688505874592471	0	0
226	5	41	-0.18328273	0.18964921	BA	0	0	-0.15949981	0.18335729	BA	0	0	ct2VSct4	-0.0055139720340284	0	0
227	5	42	-0.18328273	0.15865292	BA	0	0	-0.15949981	0.1628178	BA	0	0	ct2VSct4	-0.0031089321354536	0	0
228	5	43	-0.18328273	-0.1823701	BB	0	0.033425289798373	-0.15949981	-0.17132332	BB	0	0.0273260369885692	ct2VSct4	0.0060992528098038	0	0.0060992528098038
229	5	44	-0.18328273	-0.17777604	BB	0	0.0325832779397892	-0.15949981	-0.16783001	BB	0	0.0267688547072981	ct2VSct4	0.0058144232324911	0	0.0058144232324911
230	5	45	-0.18328273	0.088799464	BA	0	0	-0.15949981	0.14089042	BA	0	0	ct2VSct4	0.00619658703636348	0	0
231	5	46	-0.18328273	-0.083378426	BB	0	0.015281825540383	-0.15949981	-0.10152237	BB	0	0.0161927987257497	ct2VSct4	-0.000910973185366716	0	-0.000910973185366702
232	5	47	-0.18328273	0.15723078	BA	0	0	-0.15949981	0.15886527	BA	0	0	ct2VSct4	-0.0034787062178307	0	0
233	5	48	-0.18328273	0.14162452	BA	0	0	-0.15949981	0.09525499	BA	0	0	ct2VSct4	-0.0107641758539877	0	0
234	5	49	-0.18328273	0.047735823	BA	0	0	-0.15949981	-0.01745302	BB	0	0.0027837533739262	ct2VSct4	-0.011532905332163	0	-0.0027837533739262
235	5	50	-0.18328273	0.0022084846	BA	0	0	-0.15949981	0.053211025	BA	0	0	ct2VSct4	0.00808237129075429	0	0
236	6	7	0.042068575	-0.00098194839	AB	0	0	0.07341805	0.0050526869	AA	0.000370958419458545	0	ct2VSct4	-0.000412267588949389	-0.000370958419458545	0
237	6	8	0.042068575	-0.044405686	AB	0	0	0.07341805	-0.010054963	AB	0	0	ct2VSct4	-0.0011298681556353	0	0
238	6	9	0.042068575	-0.17344142	AB	0	0	0.07341805	-0.14838386	AB	0	0	ct2VSct4	0.0035976202672965	0	0
239	6	10	0.042068575	-0.19903151	AB	0	0	0.07341805	-0.18504188	AB	0	0	ct2VSct4	0.00521244199213575	0	0
240	6	11	0.042068575	-0.1973125	AB	0	0	0.07341805	-0.18540987	AB	0	0	ct2VSct4	0.005311775401466	0	0
241	6	12	0.042068575	-0.15190249	AB	0	0	0.07341805	-0.13463165	AB	0	0	ct2VSct4	0.00349407191803075	0	0
242	6	13	0.042068575	-0.087703852	AB	0	0	0.07341805	-1.3994537e-05	AB	0	0	ct2VSct4	-0.00368854862403371	0	0
243	6	14	0.042068575	-0.1880073	AB	0	0	0.07341805	-0.19444767	AB	0	0	ct2VSct4	0.006366769557846	0	0
244	6	15	0.042068575	-0.20745743	AB	0	0	0.07341805	-0.20818817	AB	0	0	ct2VSct4	0.00655733102120625	0	0
245	6	16	0.042068575	-0.17437581	AB	0	0	0.07341805	-0.18710877	AB	0	0	ct2VSct4	0.00640141919012775	0	0
246	6	17	0.042068575	-0.14796277	AB	0	0	0.07341805	-0.18609775	AB	0	0	ct2VSct4	0.00743835102743475	0	0
247	6	18	0.042068575	-0.16760507	AB	0	0	0.07341805	-0.19291348	AB	0	0	ct2VSct4	0.00711242506263875	0	0
248	6	19	0.042068575	-0.14024768	AB	0	0	0.07341805	-0.15302515	AB	0	0	ct2VSct4	0.0053347880693015	0	0
249	6	20	0.042068575	0.054948016	AA	0.0023115847321972	0	0.07341805	0.067270407	AA	0.00493886210464635	0	ct2VSct4	-0.00262727737244915	-0.00262727737244915	0
250	6	21	0.042068575	-0.0074197618	AB	0	0	0.07341805	-0.092687347	AB	0	0	ct2VSct4	0.00649278547064791	0	0
251	6	22	0.042068575	-0.15307954	AB	0	0	0.07341805	-0.19244915	AB	0	0	ct2VSct4	0.007689403207702	0	0
252	6	23	0.042068575	-0.094298444	AB	0	0	0.07341805	-0.082904505	AB	0	0	ct2VSct4	0.00211968592951795	0	0
253	6	24	0.042068575	-0.15181406	AB	0	0	0.07341805	-0.18756089	AB	0	0	ct2VSct4	0.0073837536309	0	0
254	6	25	0.042068575	-0.14685121	AB	0	0	0.07341805	-0.176658	AB	0	0	ct2VSct4	0.00679206473517425	0	0
255	6	26	0.042068575	0.022230333	AA	0.000935198431085475	0	0.07341805	0.046911147	AA	0.00344412493600335	0	ct2VSct4	-0.00250892650491788	-0.00250892650491788	0
256	6	27	0.042068575	-0.1369298	AB	0	0	0.07341805	-0.12160587	AB	0	0	ct2VSct4	0.0031676242829185	0	0
257	6	28	0.042068575	-0.19271408	AB	0	0	0.07341805	-0.20294332	AB	0	0	ct2VSct4	0.00679249608689	0	0
258	6	29	0.042068575	-0.072474398	AB	0	0	0.07341805	-0.11742039	AB	0	0	ct2VSct4	0.00557188141619665	0	0
259	6	30	0.042068575	-0.19092902	AB	0	0	0.07341805	-0.18628952	AB	0	0	ct2VSct4	0.0056449014962895	0	0
260	6	31	0.042068575	-0.061939482	AB	0	0	0.07341805	-0.026242096	AB	0	0	ct2VSct4	-0.00067906222774535	0	0
261	6	32	0.042068575	0.093314979	AA	0.00392562819268492	0	0.07341805	0.11104545	AA	0.0081527404003725	0	ct2VSct4	-0.00422711220768757	-0.00422711220768758	0
262	6	33	0.042068575	-0.11083278	AB	0	0	0.07341805	-0.13439603	AB	0	0	ct2VSct4	0.005204517332453	0	0
263	6	34	0.042068575	-0.17001925	AB	0	0	0.07341805	-0.19089042	AB	0	0	ct2VSct4	0.00686233483001225	0	0
264	6	35	0.042068575	0.0060066249	AA	0.000252690150102518	0	0.07341805	-0.0071459731	AB	0	0	ct2VSct4	0.000777333560456973	0.000252690150102518	0
265	6	36	0.042068575	-0.02883865	AB	0	0	0.07341805	-0.09546514	AB	0	0	ct2VSct4	0.00579566351135325	0	0
266	6	37	0.042068575	0.1362983	AA	0.0057338752559225	0	0.07341805	0.078333614	AA	0.0057511011893327	0	ct2VSct4	-1.7225933410199e-05	-1.72259334102007e-05	0
267	6	38	0.042068575	-0.11748793	AB	0	0	0.07341805	-0.12562377	AB	0	0	ct2VSct4	0.00428050243224875	0	0
268	6	39	0.042068575	0.18710115	AA	0.00787107876136125	0	0.07341805	0.15790873	AA	0.0115933510345765	0	ct2VSct4	-0.00372227227321525	-0.00372227227321525	0
269	6	40	0.042068575	0.18804056	AA	0.007910598401402	0	0.07341805	0.17291261	AA	0.0126949066466105	0	ct2VSct4	-0.0047843082452085	-0.0047843082452085	0
270	6	41	0.042068575	0.18964921	AA	0.00797827201457575	0	0.07341805	0.18335729	AA	0.0134617346850845	0	ct2VSct4	-0.00548346267050875	-0.00548346267050875	0
271	6	42	0.042068575	0.15865292	AA	0.006674302263989	0	0.07341805	0.1628178	AA	0.01195376538129	0	ct2VSct4	-0.005279463117301	-0.005279463117301	0
272	6	43	0.042068575	-0.1823701	AB	0	0	0.07341805	-0.17132332	AB	0	0	ct2VSct4	0.0049061738443185	0	0
273	6	44	0.042068575	-0.17777604	AB	0	0	0.07341805	-0.16783001	AB	0	0	ct2VSct4	0.0048429673937375	0	0
274	6	45	0.042068575	0.088799464	AA	0.0037356669112438	0	0.07341805	0.14089042	AA	0.010343899900081	0	ct2VSct4	-0.0066082329888372	-0.0066082329888372	0
275	6	46	0.042068575	-0.083378426	AB	0	0	0.07341805	-0.10152237	AB	0	0	ct2VSct4	0.00394596286921555	0	0
276	6	47	0.042068575	0.15723078	AA	0.0066144748607385	0	0.07341805	0.15886527	AA	0.0116635783361235	0	ct2VSct4	-0.005049103475385	-0.005049103475385	0
277	6	48	0.042068575	0.14162452	AA	0.005957941741459	0	0.07341805	0.09525499	AA	0.0069934356185695	0	ct2VSct4	-0.0010354938771105	-0.0010354938771105	0
278	6	49	0.042068575	0.047735823	AA	0.00200817805006222	0	0.07341805	-0.01745302	AB	0	0	ct2VSct4	0.00328954474507322	0.00200817805006222	0
279	6	50	0.042068575	0.0022084846	AA	9.2907800031445e-05	0	0.07341805	0.053211025	AA	0.00390664969400125	0	ct2VSct4	-0.00381374189396981	-0.0038137418939698	0
280	7	8	-0.00098194839	-0.044405686	BB	0	4.36040918745455e-05	0.0050526869	-0.010054963	AB	0	0	ct2VSct4	9.44086717046302e-05	0	4.36040918745455e-05
281	7	9	-0.00098194839	-0.17344142	BB	0	0.000170310523128314	0.0050526869	-0.14838386	AB	0	0	ct2VSct4	0.000920047708721748	0	0.000170310523128314
282	7	10	-0.00098194839	-0.19903151	BB	0	0.000195438670803769	0.0050526869	-0.18504188	AB	0	0	ct2VSct4	0.00113039735383114	0	0.000195438670803769
283	7	11	-0.00098194839	-0.1973125	BB	0	0.000193750691701875	0.0050526869	-0.18540987	AB	0	0	ct2VSct4	0.00113056871298158	0	0.000193750691701875
284	7	12	-0.00098194839	-0.15190249	BB	0	0.000149160405492491	0.0050526869	-0.13463165	AB	0	0	ct2VSct4	0.000829411979772876	0	0.000149160405492491
285	7	13	-0.00098194839	-0.087703852	BB	0	8.61206562681983e-05	0.0050526869	-1.3994537e-05	AB	0	0	ct2VSct4	8.61913662819697e-05	0	8.61206562681983e-05
286	7	14	-0.00098194839	-0.1880073	BB	0	0.000184613465543247	0.0050526869	-0.19444767	AB	0	0	ct2VSct4	0.00116709666048777	0	0.000184613465543247
287	7	15	-0.00098194839	-0.20745743	BB	0	0.000203712489382038	0.0050526869	-0.20818817	AB	0	0	ct2VSct4	0.00125562212867601	0	0.000203712489382038
288	7	16	-0.00098194839	-0.17437581	BB	0	0.000171228045884446	0.0050526869	-0.18710877	AB	0	0	ct2VSct4	0.00111663007693856	0	0.000171228045884446
289	7	17	-0.00098194839	-0.14796277	BB	0	0.00014529180378144	0.0050526869	-0.18609775	AB	0	0	ct2VSct4	0.00108558546732592	0	0.00014529180378144
290	7	18	-0.00098194839	-0.16760507	BB	0	0.000164579528642337	0.0050526869	-0.19291348	AB	0	0	ct2VSct4	0.00113931094187175	0	0.000164579528642337
291	7	19	-0.00098194839	-0.14024768	BB	0	0.000137715983577235	0.0050526869	-0.15302515	AB	0	0	ct2VSct4	0.00091090415435277	0	0.000137715983577235
292	7	20	-0.00098194839	0.054948016	BA	0	0	0.0050526869	0.067270407	AA	0.000339896304206568	0	ct2VSct4	-0.000393852420051463	-0.000339896304206568	0
293	7	21	-0.00098194839	-0.0074197618	BB	0	7.2858231536935e-06	0.0050526869	-0.092687347	AB	0	0	ct2VSct4	0.000475605967136348	0	7.2858231536935e-06
294	7	22	-0.00098194839	-0.15307954	BB	0	0.000150316207844941	0.0050526869	-0.19244915	AB	0	0	ct2VSct4	0.00112270150696608	0	0.000150316207844941
295	7	23	-0.00098194839	-0.094298444	BB	0	9.25962052653052e-05	0.0050526869	-0.082904505	AB	0	0	ct2VSct4	0.00051148671162979	0	9.25962052653052e-05
296	7	24	-0.00098194839	-0.15181406	BB	0	0.000149073571796363	0.0050526869	-0.18756089	AB	0	0	ct2VSct4	0.0010967600236517	0	0.000149073571796363
297	7	25	-0.00098194839	-0.14685121	BB	0	0.000144200309229052	0.0050526869	-0.176658	AB	0	0	ct2VSct4	0.00103679787160925	0	0.000144200309229052
298	7	26	-0.00098194839	0.022230333	BA	0	0	0.0050526869	0.046911147	AA	0.000237027337910874	0	ct2VSct4	-0.000258856377609388	-0.000237027337910874	0
299	7	27	-0.00098194839	-0.1369298	BB	0	0.000134457996653022	0.0050526869	-0.12160587	AB	0	0	ct2VSct4	0.000748894382965125	0	0.000134457996653022
300	7	28	-0.00098194839	-0.19271408	BB	0	0.000189235280586331	0.0050526869	-0.20294332	AB	0	0	ct2VSct4	0.00121464433499284	0	0.000189235280586331
301	7	29	-0.00098194839	-0.072474398	BB	0	7.11661184323192e-05	0.0050526869	-0.11742039	AB	0	0	ct2VSct4	0.00066445458477821	0	7.11661184323192e-05
302	7	30	-0.00098194839	-0.19092902	BB	0	0.000187482443793278	0.0050526869	-0.18628952	AB	0	0	ct2VSct4	0.00112874506110457	0	0.000187482443793278
303	7	31	-0.00098194839	-0.061939482	BB	0	6.0821374627334e-05	0.0050526869	-0.026242096	AB	0	0	ct2VSct4	0.000193414469315076	0	6.0821374627334e-05
304	7	32	-0.00098194839	0.093314979	BA	0	0	0.0050526869	0.11104545	AA	0.000561077890519605	0	ct2VSct4	-0.000652708383911539	-0.000561077890519605	0
305	7	33	-0.00098194839	-0.11083278	BB	0	0.000108832069880224	0.0050526869	-0.13439603	AB	0	0	ct2VSct4	0.000787893130073231	0	0.000108832069880224
306	7	34	-0.00098194839	-0.17001925	BB	0	0.000166950128806508	0.0050526869	-0.19089042	AB	0	0	ct2VSct4	0.00113145965327601	0	0.000166950128806508
307	7	35	-0.00098194839	0.0060066249	BA	0	0	0.0050526869	-0.0071459731	AB	0	0	ct2VSct4	3.02081690202335e-05	0	0
308	7	36	-0.00098194839	-0.02883865	BB	0	2.83180659372735e-05	0.0050526869	-0.09546514	AB	0	0	ct2VSct4	0.00051067352822194	0	2.83180659372735e-05
309	7	37	-0.00098194839	0.1362983	BA	0	0	0.0050526869	0.078333614	AA	0.000395795225287457	0	ct2VSct4	-0.000529633121532194	-0.000395795225287457	0
310	7	38	-0.00098194839	-0.11748793	BB	0	0.000115367083707933	0.0050526869	-0.12562377	AB	0	0	ct2VSct4	0.000750104660715546	0	0.000115367083707933
311	7	39	-0.00098194839	0.18710115	BA	0	0	0.0050526869	0.15790873	AA	0.000797863371466637	0	ct2VSct4	-0.000981587044476285	-0.000797863371466637	0
312	7	40	-0.00098194839	0.18804056	BA	0	0	0.0050526869	0.17291261	AA	0.000873673279391809	0	ct2VSct4	-0.00105831940453851	-0.000873673279391809	0
313	7	41	-0.00098194839	0.18964921	BA	0	0	0.0050526869	0.18335729	AA	0.000926446977202501	0	ct2VSct4	-0.00111267271362677	-0.000926446977202501	0
314	7	42	-0.00098194839	0.15865292	BA	0	0	0.0050526869	0.1628178	AA	0.00082266736514682	0	ct2VSct4	-0.000978456344509619	-0.00082266736514682	0
315	7	43	-0.00098194839	-0.1823701	BB	0	0.000179078026079139	0.0050526869	-0.17132332	AB	0	0	ct2VSct4	0.00104472112070765	0	0.000179078026079139
316	7	44	-0.00098194839	-0.17777604	BB	0	0.000174566896258576	0.0050526869	-0.16783001	AB	0	0	ct2VSct4	0.00102255938921244	0	0.000174566896258576
317	7	45	-0.00098194839	0.088799464	BA	0	0	0.0050526869	0.14089042	AA	0.000711875179469498	0	ct2VSct4	-0.000799071670177161	-0.000711875179469498	0
318	7	46	-0.00098194839	-0.083378426	BB	0	8.18733111714342e-05	0.0050526869	-0.10152237	AB	0	0	ct2VSct4	0.000594834060127387	0	8.18733111714342e-05
319	7	47	-0.00098194839	0.15723078	BA	0	0	0.0050526869	0.15886527	AA	0.000802696468593963	0	ct2VSct4	-0.000957088979873407	-0.000802696468593963	0
320	7	48	-0.00098194839	0.14162452	BA	0	0	0.0050526869	0.09525499	AA	0.000481293640132631	0	ct2VSct4	-0.000620361609531154	-0.000481293640132631	0
321	7	49	-0.00098194839	0.047735823	BA	0	0	0.0050526869	-0.01745302	AB	0	0	ct2VSct4	4.1310530979263e-05	0	0
322	7	50	-0.00098194839	0.0022084846	BA	0	0	0.0050526869	0.053211025	AA	0.000268858648953073	0	ct2VSct4	-0.000271027266850382	-0.000268858648953073	0
323	8	9	-0.044405686	-0.17344142	BB	0	0.00770178523591412	-0.010054963	-0.14838386	BB	0	0.00149199422209718	ct2VSct4	0.00620979101381694	0	0.00620979101381694
324	8	10	-0.044405686	-0.19903151	BB	0	0.00883813073716586	-0.010054963	-0.18504188	BB	0	0.00186058925685044	ct2VSct4	0.00697754148031542	0	0.00697754148031542
325	8	11	-0.044405686	-0.1973125	BB	0	0.008761796918875	-0.010054963	-0.18540987	BB	0	0.00186428938268481	ct2VSct4	0.00689750753619019	0	0.00689750753619019
326	8	12	-0.044405686	-0.15190249	BB	0	0.00674533427355814	-0.010054963	-0.13463165	BB	0	0.00135371625937895	ct2VSct4	0.00539161801417919	0	0.00539161801417919
327	8	13	-0.044405686	-0.087703852	BB	0	0.00389454971290247	-0.010054963	-1.3994537e-05	BB	0	1.40714551737131e-07	ct2VSct4	0.00389440899835073	0	0.00389440899835073
328	8	14	-0.044405686	-0.1880073	BB	0	0.0083485931295078	-0.010054963	-0.19444767	BB	0	0.00195516412728621	ct2VSct4	0.00639342900222159	0	0.00639342900222159
329	8	15	-0.044405686	-0.20745743	BB	0	0.00921228949494698	-0.010054963	-0.20818817	BB	0	0.00209332434638771	ct2VSct4	0.00711896514855927	0	0.00711896514855927
330	8	16	-0.044405686	-0.17437581	BB	0	0.00774327746485566	-0.010054963	-0.18710877	BB	0	0.00188137175932551	ct2VSct4	0.00586190570553015	0	0.00586190570553015
331	8	17	-0.044405686	-0.14796277	BB	0	0.00657038830431022	-0.010054963	-0.18609775	BB	0	0.00187120599063325	ct2VSct4	0.00469918231367697	0	0.00469918231367697
332	8	18	-0.044405686	-0.16760507	BB	0	0.00744261811042802	-0.010054963	-0.19291348	BB	0	0.00193973790360124	ct2VSct4	0.00550288020682678	0	0.00550288020682678
333	8	19	-0.044405686	-0.14024768	BB	0	0.00622779444030848	-0.010054963	-0.15302515	BB	0	0.00153866222131945	ct2VSct4	0.00468913221898903	0	0.00468913221898903
334	8	20	-0.044405686	0.054948016	BA	0	0	-0.010054963	0.067270407	BA	0	0	ct2VSct4	-0.00176360289143904	0	0
335	8	21	-0.044405686	-0.0074197618	BB	0	0.000329479612685595	-0.010054963	-0.092687347	BB	0	0.000931967844653161	ct2VSct4	-0.000602488231967566	0	-0.000602488231967566
336	8	22	-0.044405686	-0.15307954	BB	0	0.00679760198626444	-0.010054963	-0.19244915	BB	0	0.00193506908263145	ct2VSct4	0.00486253290363299	0	0.00486253290363299
337	8	23	-0.044405686	-0.094298444	BB	0	0.00418738709455258	-0.010054963	-0.082904505	BB	0	0.000833601730308315	ct2VSct4	0.00335378536424427	0	0.00335378536424427
338	8	24	-0.044405686	-0.15181406	BB	0	0.00674140747874516	-0.010054963	-0.18756089	BB	0	0.00188591780919707	ct2VSct4	0.00485548966954809	0	0.00485548966954809
339	8	25	-0.044405686	-0.14685121	BB	0	0.00652102871998006	-0.010054963	-0.176658	BB	0	0.001776289653654	ct2VSct4	0.00474473906632606	0	0.00474473906632606
340	8	26	-0.044405686	0.022230333	BA	0	0	-0.010054963	0.046911147	BA	0	0	ct2VSct4	-0.000515463339500877	0	0
341	8	27	-0.044405686	-0.1369298	BB	0	0.0060804617028428	-0.010054963	-0.12160587	BB	0	0.00122274252343281	ct2VSct4	0.00485771917940999	0	0.00485771917940999
342	8	28	-0.044405686	-0.19271408	BB	0	0.00855760092425888	-0.010054963	-0.20294332	BB	0	0.00204058757369716	ct2VSct4	0.00651701335056172	0	0.00651701335056172
343	8	29	-0.044405686	-0.072474398	BB	0	0.00321827536062703	-0.010054963	-0.11742039	BB	0	0.00118065767689557	ct2VSct4	0.00203761768373146	0	0.00203761768373146
344	8	30	-0.044405686	-0.19092902	BB	0	0.00847833411040772	-0.010054963	-0.18628952	BB	0	0.00187313423088776	ct2VSct4	0.00660519987951996	0	0.00660519987951996
345	8	31	-0.044405686	-0.061939482	BB	0	0.00275046518869465	-0.010054963	-0.026242096	BB	0	0.000263863304322448	ct2VSct4	0.0024866018843722	0	0.0024866018843722
346	8	32	-0.044405686	0.093314979	BA	0	0	-0.010054963	0.11104545	BA	0	0	ct2VSct4	-0.00302715776550224	0	0
347	8	33	-0.044405686	-0.11083278	BB	0	0.00492160562718708	-0.010054963	-0.13439603	BB	0	0.00135134710899689	ct2VSct4	0.00357025851819019	0	0.00357025851819019
348	8	34	-0.044405686	-0.17001925	BB	0	0.0075498214294555	-0.010054963	-0.19089042	BB	0	0.00191939611015446	ct2VSct4	0.00563042531930104	0	0.00563042531930104
349	8	35	-0.044405686	0.0060066249	BA	0	0	-0.010054963	-0.0071459731	BB	0	7.18524951194953e-05	ct2VSct4	-0.000338580794348677	0	-7.18524951194953e-05
350	8	36	-0.044405686	-0.02883865	BB	0	0.0012806000365639	-0.010054963	-0.09546514	BB	0	0.00095989845048982	ct2VSct4	0.00032070158607408	0	0.00032070158607408
351	8	37	-0.044405686	0.1362983	BA	0	0	-0.010054963	0.078333614	BA	0	0	ct2VSct4	-0.00526477792170752	0	0
352	8	38	-0.044405686	-0.11748793	BB	0	0.00521713212836998	-0.010054963	-0.12562377	BB	0	0.00126314235927051	ct2VSct4	0.00395398976909947	0	0.00395398976909947
353	8	39	-0.044405686	0.18710115	BA	0	0	-0.010054963	0.15790873	BA	0	0	ct2VSct4	-0.00672058847961191	0	0
354	8	40	-0.044405686	0.18804056	BA	0	0	-0.010054963	0.17291261	BA	0	0	ct2VSct4	-0.00661144016684073	0	0
355	8	41	-0.044405686	0.18964921	BA	0	0	-0.010054963	0.18335729	BA	0	0	ct2VSct4	-0.00657785250267779	0	0
356	8	42	-0.044405686	0.15865292	BA	0	0	-0.010054963	0.1628178	BA	0	0	ct2VSct4	-0.00540796479376172	0	0
357	8	43	-0.044405686	-0.1823701	BB	0	0.0080982693963886	-0.010054963	-0.17132332	BB	0	0.00172264964363716	ct2VSct4	0.00637561975275144	0	0.00637561975275144
358	8	44	-0.044405686	-0.17777604	BB	0	0.00789426701056344	-0.010054963	-0.16783001	BB	0	0.00168752454083963	ct2VSct4	0.00620674246972381	0	0.00620674246972381
359	8	45	-0.044405686	0.088799464	BA	0	0	-0.010054963	0.14089042	BA	0	0	ct2VSct4	-0.00252655315519784	0	0
360	8	46	-0.044405686	-0.083378426	BB	0	0.00370247620413024	-0.010054963	-0.10152237	BB	0	0.00102080367402231	ct2VSct4	0.00268167253010793	0	0.00268167253010793
361	8	47	-0.044405686	0.15723078	BA	0	0	-0.010054963	0.15886527	BA	0	0	ct2VSct4	-0.00538455623438007	0	0
362	8	48	-0.044405686	0.14162452	BA	0	0	-0.010054963	0.09525499	BA	0	0	ct2VSct4	-0.00533114856500535	0	0
363	8	49	-0.044405686	0.047735823	BA	0	0	-0.010054963	-0.01745302	BB	0	0.00017548947033826	ct2VSct4	-0.00229523143742784	0	-0.00017548947033826
364	8	50	-0.044405686	0.0022084846	BA	0	0	-0.010054963	0.053211025	BA	0	0	ct2VSct4	0.000436965613883639	0	0
365	9	10	-0.17344142	-0.19903151	BB	0	0.0345203077191442	-0.14838386	-0.18504188	BB	0	0.0274572284160568	ct2VSct4	0.0070630793030874	0	0.0070630793030874
366	9	11	-0.17344142	-0.1973125	BB	0	0.03422216018375	-0.14838386	-0.18540987	BB	0	0.0275118321926982	ct2VSct4	0.0067103279910518	0	0.0067103279910518
367	9	12	-0.17344142	-0.15190249	BB	0	0.0263461835671358	-0.14838386	-0.13463165	BB	0	0.019977163905169	ct2VSct4	0.0063690196619668	0	0.0063690196619668
368	9	13	-0.17344142	-0.087703852	BB	0	0.0152114806303498	-0.14838386	-1.3994537e-05	BB	0	2.07656341897282e-06	ct2VSct4	0.0152094040669309	0	0.0152094040669308
369	9	14	-0.17344142	-0.1880073	BB	0	0.032608253082366	-0.14838386	-0.19444767	BB	0	0.0288528958426062	ct2VSct4	0.0037553572397598	0	0.0037553572397598
370	9	15	-0.17344142	-0.20745743	BB	0	0.0359817112487506	-0.14838386	-0.20818817	BB	0	0.0308917642709362	ct2VSct4	0.0050899469778144	0	0.0050899469778144
371	9	16	-0.17344142	-0.17437581	BB	0	0.0302439881000502	-0.14838386	-0.18710877	BB	0	0.0277639215324522	ct2VSct4	0.002480066567598	0	0.002480066567598
372	9	17	-0.17344142	-0.14796277	BB	0	0.0256628729359334	-0.14838386	-0.18609775	BB	0	0.027613902482315	ct2VSct4	-0.0019510295463816	0	-0.0019510295463816
373	9	18	-0.17344142	-0.16760507	BB	0	0.0290696613399994	-0.14838386	-0.19291348	BB	0	0.0286252468084328	ct2VSct4	0.0004444145315666	0	0.0004444145315666
374	9	19	-0.17344142	-0.14024768	BB	0	0.0243247567709056	-0.14838386	-0.15302515	BB	0	0.022706462434079	ct2VSct4	0.0016182943368266	0	0.0016182943368266
375	9	20	-0.17344142	0.054948016	BA	0	0	-0.14838386	0.067270407	BA	0	0	ct2VSct4	0.0004515807332083	0	0
376	9	21	-0.17344142	-0.0074197618	BB	0	0.00128689402265376	-0.14838386	-0.092687347	BB	0	0.0137533063210194	ct2VSct4	-0.0124664122983657	0	-0.0124664122983656
377	9	22	-0.17344142	-0.15307954	BB	0	0.0265503327905468	-0.14838386	-0.19244915	BB	0	0.028556347730719	ct2VSct4	-0.0020060149401722	0	-0.0020060149401722
378	9	23	-0.17344142	-0.094298444	BB	0	0.0163552560311505	-0.14838386	-0.082904505	BB	0	0.0123016904632893	ct2VSct4	0.00405356556786118	0	0.0040535655678612
379	9	24	-0.17344142	-0.15181406	BB	0	0.0263308461423652	-0.14838386	-0.18756089	BB	0	0.0278310088432354	ct2VSct4	-0.0015001627008702	0	-0.0015001627008702
380	9	25	-0.17344142	-0.14685121	BB	0	0.0254700823911182	-0.14838386	-0.176658	BB	0	0.02621319593988	ct2VSct4	-0.0007431135487618	0	-0.0007431135487618
381	9	26	-0.17344142	0.022230333	BA	0	0	-0.14838386	0.046911147	BA	0	0	ct2VSct4	0.00310519654629456	0	0
382	9	27	-0.17344142	-0.1369298	BB	0	0.023749298952316	-0.14838386	-0.12160587	BB	0	0.0180443483892582	ct2VSct4	0.0057049505630578	0	0.0057049505630578
383	9	28	-0.17344142	-0.19271408	BB	0	0.0334246036891936	-0.14838386	-0.20294332	BB	0	0.0301135131828152	ct2VSct4	0.0033110905063784	0	0.0033110905063784
384	9	29	-0.17344142	-0.072474398	BB	0	0.0125700625027652	-0.14838386	-0.11742039	BB	0	0.0174232907109054	ct2VSct4	-0.00485322820814024	0	-0.0048532282081402
385	9	30	-0.17344142	-0.19092902	BB	0	0.0331150003480084	-0.14838386	-0.18628952	BB	0	0.0276423580551472	ct2VSct4	0.00547264229286121	0	0.0054726422928612
386	9	31	-0.17344142	-0.061939482	BB	0	0.0107428717121444	-0.14838386	-0.026242096	BB	0	0.00389390349897056	ct2VSct4	0.00684896821317388	0	0.00684896821317384
387	9	32	-0.17344142	0.093314979	BA	0	0	-0.14838386	0.11104545	BA	0	0	ct2VSct4	0.000292670041406817	0	0
388	9	33	-0.17344142	-0.11083278	BB	0	0.0192229947457476	-0.14838386	-0.13439603	BB	0	0.0199422017000758	ct2VSct4	-0.000719206954328196	0	-0.0007192069543282
389	9	34	-0.17344142	-0.17001925	BB	0	0.029488380147335	-0.14838386	-0.19089042	BB	0	0.0283250573566212	ct2VSct4	0.0011633227907138	0	0.0011633227907138
390	9	35	-0.17344142	0.0060066249	BA	0	0	-0.14838386	-0.0071459731	BB	0	0.00106034707203417	ct2VSct4	-0.00210214462409752	0	-0.00106034707203417
391	9	36	-0.17344142	-0.02883865	BB	0	0.005001816406883	-0.14838386	-0.09546514	BB	0	0.0141654859686404	ct2VSct4	-0.0091636695617574	0	-0.0091636695617574
392	9	37	-0.17344142	0.1362983	BA	0	0	-0.14838386	0.078333614	BA	0	0	ct2VSct4	-0.012016326682516	0	0
393	9	38	-0.17344142	-0.11748793	BB	0	0.0203772734120606	-0.14838386	-0.12562377	BB	0	0.0186405399003522	ct2VSct4	0.0017367335117084	0	0.0017367335117084
394	9	39	-0.17344142	0.18710115	BA	0	0	-0.14838386	0.15790873	BA	0	0	ct2VSct4	-0.0090199822545352	0	0
395	9	40	-0.17344142	0.18804056	BA	0	0	-0.14838386	0.17291261	BA	0	0	ct2VSct4	-0.0069565812295206	0	0
396	9	41	-0.17344142	0.18964921	BA	0	0	-0.14838386	0.18335729	BA	0	0	ct2VSct4	-0.0056857658349388	0	0
397	9	42	-0.17344142	0.15865292	BA	0	0	-0.14838386	0.1628178	BA	0	0	ct2VSct4	-0.0033574540912384	0	0
398	9	43	-0.17344142	-0.1823701	BB	0	0.031630529109542	-0.14838386	-0.17132332	BB	0	0.0254216155296152	ct2VSct4	0.0062089135799268	0	0.0062089135799268
399	9	44	-0.17344142	-0.17777604	BB	0	0.0308337288195768	-0.14838386	-0.16783001	BB	0	0.0249032647076386	ct2VSct4	0.0059304641119382	0	0.0059304641119382
400	9	45	-0.17344142	0.088799464	BA	0	0	-0.14838386	0.14089042	BA	0	0	ct2VSct4	0.00550435922522232	0	0
401	9	46	-0.17344142	-0.083378426	BB	0	0.0144612726028049	-0.14838386	-0.10152237	BB	0	0.0150642811369482	ct2VSct4	-0.00060300853414328	0	-0.000603008534143299
402	9	47	-0.17344142	0.15723078	BA	0	0	-0.14838386	0.15886527	BA	0	0	ct2VSct4	-0.0036972877683654	0	0
403	9	48	-0.17344142	0.14162452	BA	0	0	-0.14838386	0.09525499	BA	0	0	ct2VSct4	-0.010429254755157	0	0
404	9	49	-0.17344142	0.047735823	BA	0	0	-0.14838386	-0.01745302	BB	0	0.0025897464762572	ct2VSct4	-0.0108691154022459	0	-0.0025897464762572
405	9	50	-0.17344142	0.0022084846	BA	0	0	-0.14838386	0.053211025	BA	0	0	ct2VSct4	0.00751261457898437	0	0
406	10	11	-0.19903151	-0.1973125	BB	0	0.039271404816875	-0.18504188	-0.18540987	BB	0	0.0343085909153556	ct2VSct4	0.0049628139015194	0	0.0049628139015194
407	10	12	-0.19903151	-0.15190249	BB	0	0.0302333819574599	-0.18504188	-0.13463165	BB	0	0.024912493623502	ct2VSct4	0.0053208883339579	0	0.0053208883339579
408	10	13	-0.19903151	-0.087703852	BB	0	0.0174558300963765	-0.18504188	-1.3994537e-05	BB	0	2.58957543620956e-06	ct2VSct4	0.0174532405209403	0	0.0174532405209403
409	10	14	-0.19903151	-0.1880073	BB	0	0.037419376810023	-0.18504188	-0.19444767	BB	0	0.0359809624184196	ct2VSct4	0.0014384143916034	0	0.00143841439160339
410	10	15	-0.19903151	-0.20745743	BB	0	0.0412905655536193	-0.18504188	-0.20818817	BB	0	0.0385235303705596	ct2VSct4	0.0027670351830597	0	0.0027670351830597
411	10	16	-0.19903151	-0.17437581	BB	0	0.0347062807717731	-0.18504188	-0.18710877	BB	0	0.0346229585652876	ct2VSct4	8.33222064854991e-05	0	8.3322206485506e-05
412	10	17	-0.19903151	-0.14796277	BB	0	0.0294492535368827	-0.18504188	-0.18609775	BB	0	0.03443587752377	ct2VSct4	-0.0049866239868873	0	-0.0049866239868873
413	10	18	-0.19903151	-0.16760507	BB	0	0.0333586901657557	-0.18504188	-0.19291348	BB	0	0.0356970730165424	ct2VSct4	-0.0023383828507867	0	-0.0023383828507867
414	10	19	-0.19903151	-0.14024768	BB	0	0.0279137075243968	-0.18504188	-0.15302515	BB	0	0.028316061443282	ct2VSct4	-0.000402353918885195	0	-0.000402353918885202
415	10	20	-0.19903151	0.054948016	BA	0	0	-0.18504188	0.067270407	BA	0	0	ct2VSct4	0.001511455983661	0	0
416	10	21	-0.19903151	-0.0074197618	BB	0	0.00147676639489432	-0.18504188	-0.092687347	BB	0	0.0171510409410924	ct2VSct4	-0.015674274546198	0	-0.0156742745461981
417	10	22	-0.19903151	-0.15307954	BB	0	0.0304676519963054	-0.18504188	-0.19244915	BB	0	0.035611152520402	ct2VSct4	-0.0051435005240966	0	-0.0051435005240966
418	10	23	-0.19903151	-0.094298444	BB	0	0.0187683616999704	-0.18504188	-0.082904505	BB	0	0.0153408054656694	ct2VSct4	0.00342755623430104	0	0.003427556234301
419	10	24	-0.19903151	-0.15181406	BB	0	0.0302157816010306	-0.18504188	-0.18756089	BB	0	0.0347066197000732	ct2VSct4	-0.0044908380990426	0	-0.0044908380990426
420	10	25	-0.19903151	-0.14685121	BB	0	0.0292280180716271	-0.18504188	-0.176658	BB	0	0.03268912843704	ct2VSct4	-0.0034611103654129	0	-0.0034611103654129
421	10	26	-0.19903151	0.022230333	BA	0	0	-0.18504188	0.046911147	BA	0	0	ct2VSct4	0.00425599008904353	0	0
422	10	27	-0.19903151	-0.1369298	BB	0	0.027253344857998	-0.18504188	-0.12160587	BB	0	0.0225021788038356	ct2VSct4	0.0047511660541624	0	0.0047511660541624
423	10	28	-0.19903151	-0.19271408	BB	0	0.0383561743406608	-0.18504188	-0.20294332	BB	0	0.0375530134662416	ct2VSct4	0.000803160874419201	0	0.000803160874419201
424	10	29	-0.19903151	-0.072474398	BB	0	0.014424688870281	-0.18504188	-0.11742039	BB	0	0.0217276897159332	ct2VSct4	-0.00730300084565222	0	-0.0073030008456522
425	10	30	-0.19903151	-0.19092902	BB	0	0.0380008911534202	-0.18504188	-0.18628952	BB	0	0.0344713630050976	ct2VSct4	0.00352952814832261	0	0.0035295281483226
426	10	31	-0.19903151	-0.061939482	BB	0	0.0123279086310778	-0.18504188	-0.026242096	BB	0	0.00485588677898048	ct2VSct4	0.00747202185209734	0	0.00747202185209732
427	10	32	-0.19903151	0.093314979	BA	0	0	-0.18504188	0.11104545	BA	0	0	ct2VSct4	0.00197543765745771	0	0
428	10	33	-0.19903151	-0.11083278	BB	0	0.0220592155608978	-0.18504188	-0.13439603	BB	0	0.0248688940557364	ct2VSct4	-0.0028096784948386	0	-0.0028096784948386
429	10	34	-0.19903151	-0.17001925	BB	0	0.0338391880565675	-0.18504188	-0.19089042	BB	0	0.0353227221907896	ct2VSct4	-0.0014835341342221	0	-0.0014835341342221
430	10	35	-0.19903151	0.0060066249	BA	0	0	-0.18504188	-0.0071459731	BB	0	0.00132230429685343	ct2VSct4	-0.00251781192070403	0	-0.00132230429685343
431	10	36	-0.19903151	-0.02883865	BB	0	0.0057398000558615	-0.18504188	-0.09546514	BB	0	0.0176650489800632	ct2VSct4	-0.0119252489242017	0	-0.0119252489242017
432	10	37	-0.19903151	0.1362983	BA	0	0	-0.18504188	0.078333614	BA	0	0	ct2VSct4	-0.0126326572576787	0	0
433	10	38	-0.19903151	-0.11748793	BB	0	0.0233838001146743	-0.18504188	-0.12562377	BB	0	0.0232456585734876	ct2VSct4	0.000138141541186704	0	0.000138141541186701
434	10	39	-0.19903151	0.18710115	BA	0	0	-0.18504188	0.15790873	BA	0	0	ct2VSct4	-0.0080192961396241	0	0
435	10	40	-0.19903151	0.18804056	BA	0	0	-0.18504188	0.17291261	BA	0	0	ct2VSct4	-0.0054299221679388	0	0
436	10	41	-0.19903151	0.18964921	BA	0	0	-0.18504188	0.18335729	BA	0	0	ct2VSct4	-0.0038173909833019	0	0
437	10	42	-0.19903151	0.15865292	BA	0	0	-0.18504188	0.1628178	BA	0	0	ct2VSct4	-0.0014488184240452	0	0
438	10	43	-0.19903151	-0.1823701	BB	0	0.036297396381851	-0.18504188	-0.17132332	BB	0	0.0317019892206416	ct2VSct4	0.0045954071612094	0	0.0045954071612094
439	10	44	-0.19903151	-0.17777604	BB	0	0.0353830336830204	-0.18504188	-0.16783001	BB	0	0.0310555805708188	ct2VSct4	0.0043274531122016	0	0.0043274531122016
440	10	45	-0.19903151	0.088799464	BA	0	0	-0.18504188	0.14089042	BA	0	0	ct2VSct4	0.00839673678367896	0	0
441	10	46	-0.19903151	-0.083378426	BB	0	0.0165949340282033	-0.18504188	-0.10152237	BB	0	0.0187858902068556	ct2VSct4	-0.00219095617865234	0	-0.0021909561786523
442	10	47	-0.19903151	0.15723078	BA	0	0	-0.18504188	0.15886527	BA	0	0	ct2VSct4	-0.0018971513343702	0	0
443	10	48	-0.19903151	0.14162452	BA	0	0	-0.18504188	0.09525499	BA	0	0	ct2VSct4	-0.010561579639644	0	0
444	10	49	-0.19903151	0.047735823	BA	0	0	-0.18504188	-0.01745302	BB	0	0.0032295396324776	ct2VSct4	-0.0127304725652603	0	-0.0032295396324776
445	10	50	-0.19903151	0.0022084846	BA	0	0	-0.18504188	0.053211025	BA	0	0	ct2VSct4	0.00940671007797726	0	0
446	11	12	-0.1973125	-0.15190249	BB	0	0.029972260058125	-0.18540987	-0.13463165	BB	0	0.0249620367243855	ct2VSct4	0.0050102233337395	0	0.0050102233337395
447	11	13	-0.1973125	-0.087703852	BB	0	0.01730506629775	-0.18540987	-1.3994537e-05	BB	0	2.59472528588019e-06	ct2VSct4	0.0173024715724641	0	0.0173024715724641
448	11	14	-0.1973125	-0.1880073	BB	0	0.03709619038125	-0.18540987	-0.19444767	BB	0	0.0360525172165029	ct2VSct4	0.0010436731647471	0	0.0010436731647471
449	11	15	-0.1973125	-0.20745743	BB	0	0.040933944156875	-0.18540987	-0.20818817	BB	0	0.0386001415352379	ct2VSct4	0.0023338026216371	0	0.0023338026216371
450	11	16	-0.1973125	-0.17437581	BB	0	0.034406527010625	-0.18540987	-0.18710877	BB	0	0.0346918127215599	ct2VSct4	-0.000285285710934904	0	-0.000285285710934897
451	11	17	-0.1973125	-0.14796277	BB	0	0.029194904055625	-0.18540987	-0.18609775	BB	0	0.0345043596347925	ct2VSct4	-0.0053094555791675	0	-0.0053094555791675
452	11	18	-0.1973125	-0.16760507	BB	0	0.033070575374375	-0.18540987	-0.19291348	BB	0	0.0357680632480476	ct2VSct4	-0.0026974878736726	0	-0.0026974878736726
453	11	19	-0.1973125	-0.14024768	BB	0	0.02767262036	-0.18540987	-0.15302515	BB	0	0.0283723731682305	ct2VSct4	-0.000699752808230498	0	-0.000699752808230498
454	11	20	-0.1973125	0.054948016	BA	0	0	-0.18540987	0.067270407	BA	0	0	ct2VSct4	0.00163066700971709	0	0
455	11	21	-0.1973125	-0.0074197618	BB	0	0.0014640117501625	-0.18540987	-0.092687347	BB	0	0.0171851489579149	ct2VSct4	-0.0157211372077524	0	-0.0157211372077524
456	11	22	-0.1973125	-0.15307954	BB	0	0.03020450673625	-0.18540987	-0.19244915	BB	0	0.0356819718831105	ct2VSct4	-0.0054774651468605	0	-0.0054774651468605
457	11	23	-0.1973125	-0.094298444	BB	0	0.01860626173175	-0.18540987	-0.082904505	BB	0	0.0153713134944644	ct2VSct4	0.00323494823728565	0	0.0032349482372856
458	11	24	-0.1973125	-0.15181406	BB	0	0.02995481171375	-0.18540987	-0.18756089	BB	0	0.0347756402319843	ct2VSct4	-0.0048208285182343	0	-0.0048208285182343
459	11	25	-0.1973125	-0.14685121	BB	0	0.028975579373125	-0.18540987	-0.176658	BB	0	0.03275413681446	ct2VSct4	-0.003778557441335	0	-0.003778557441335
460	11	26	-0.1973125	0.022230333	BA	0	0	-0.18540987	0.046911147	BA	0	0	ct2VSct4	0.00431146708675839	0	0
461	11	27	-0.1973125	-0.1369298	BB	0	0.0270179611625	-0.18540987	-0.12160587	BB	0	0.0225469285479369	ct2VSct4	0.0044710326145631	0	0.0044710326145631
462	11	28	-0.1973125	-0.19271408	BB	0	0.03802489691	-0.18540987	-0.20294332	BB	0	0.0376276945785684	ct2VSct4	0.000397202331431597	0	0.000397202331431604
463	11	29	-0.1973125	-0.072474398	BB	0	0.014300104655375	-0.18540987	-0.11742039	BB	0	0.0217708992452493	ct2VSct4	-0.0074707945898743	0	-0.0074707945898743
464	11	30	-0.1973125	-0.19092902	BB	0	0.03767268225875	-0.18540987	-0.18628952	BB	0	0.0345399156855624	ct2VSct4	0.0031327665731876	0	0.0031327665731876
465	11	31	-0.1973125	-0.061939482	BB	0	0.012221434042125	-0.18540987	-0.026242096	BB	0	0.00486554360788752	ct2VSct4	0.00735589043423748	0	0.00735589043423748
466	11	32	-0.1973125	0.093314979	BA	0	0	-0.18540987	0.11104545	BA	0	0	ct2VSct4	0.002176710654654	0	0
467	11	33	-0.1973125	-0.11083278	BB	0	0.02186869290375	-0.18540987	-0.13439603	BB	0	0.0249183504508161	ct2VSct4	-0.0030496575470661	0	-0.0030496575470661
468	11	34	-0.1973125	-0.17001925	BB	0	0.033546923265625	-0.18540987	-0.19089042	BB	0	0.0353929679564454	ct2VSct4	-0.0018460446908204	0	-0.0018460446908204
469	11	35	-0.1973125	0.0060066249	BA	0	0	-0.18540987	-0.0071459731	BB	0	0.0013249339434945	ct2VSct4	-0.00251011611907575	0	-0.0013249339434945
470	11	36	-0.1973125	-0.02883865	BB	0	0.005690226128125	-0.18540987	-0.09546514	BB	0	0.0177001791969318	ct2VSct4	-0.0120099530688068	0	-0.0120099530688068
471	11	37	-0.1973125	0.1362983	BA	0	0	-0.18540987	0.078333614	BA	0	0	ct2VSct4	-0.0123695331303798	0	0
472	11	38	-0.1973125	-0.11748793	BB	0	0.023181837188125	-0.18540987	-0.12562377	BB	0	0.0232918868646099	ct2VSct4	-0.000110049676484897	0	-0.0001100496764849
473	11	39	-0.1973125	0.18710115	BA	0	0	-0.18540987	0.15790873	BA	0	0	ct2VSct4	-0.0076395585582099	0	0
474	11	40	-0.1973125	0.18804056	BA	0	0	-0.18540987	0.17291261	BA	0	0	ct2VSct4	-0.0050430484535393	0	0
475	11	41	-0.1973125	0.18964921	BA	0	0	-0.18540987	0.18335729	BA	0	0	ct2VSct4	-0.0034239084456727	0	0
476	11	42	-0.1973125	0.15865292	BA	0	0	-0.18540987	0.1628178	BA	0	0	ct2VSct4	-0.001116177145814	0	0
477	11	43	-0.1973125	-0.1823701	BB	0	0.03598390035625	-0.18540987	-0.17132332	BB	0	0.0317650344891684	ct2VSct4	0.0042188658670816	0	0.0042188658670816
478	11	44	-0.1973125	-0.17777604	BB	0	0.0350774348925	-0.18540987	-0.16783001	BB	0	0.0311173403361987	ct2VSct4	0.0039600945563013	0	0.0039600945563013
479	11	45	-0.1973125	0.088799464	BA	0	0	-0.18540987	0.14089042	BA	0	0	ct2VSct4	0.0086012302159454	0	0
480	11	46	-0.1973125	-0.083378426	BB	0	0.016451605680125	-0.18540987	-0.10152237	BB	0	0.0188232494237919	ct2VSct4	-0.0023716437436669	0	-0.0023716437436669
481	11	47	-0.1973125	0.15723078	BA	0	0	-0.18540987	0.15886527	BA	0	0	ct2VSct4	-0.0015684092205351	0	0
482	11	48	-0.1973125	0.14162452	BA	0	0	-0.18540987	0.09525499	BA	0	0	ct2VSct4	-0.0102830727897487	0	0
483	11	49	-0.1973125	0.047735823	BA	0	0	-0.18540987	-0.01745302	BB	0	0.0032359621693074	ct2VSct4	-0.0126548367449949	0	-0.0032359621693074
484	11	50	-0.1973125	0.0022084846	BA	0	0	-0.18540987	0.053211025	BA	0	0	ct2VSct4	0.00943008761017925	0	0
485	12	13	-0.15190249	-0.087703852	BB	0	0.0133224335013915	-0.13463165	-1.3994537e-05	BB	0	1.88410760729605e-06	ct2VSct4	0.0133205493937842	0	0.0133205493937842
486	12	14	-0.15190249	-0.1880073	BB	0	0.028558777008177	-0.13463165	-0.19444767	BB	0	0.0261788106507555	ct2VSct4	0.0023799663574215	0	0.0023799663574215
487	12	15	-0.15190249	-0.20745743	BB	0	0.0315133001860007	-0.13463165	-0.20818817	BB	0	0.0280287168375805	ct2VSct4	0.0034845833484202	0	0.0034845833484202
488	12	16	-0.15190249	-0.17437581	BB	0	0.0264881197347669	-0.13463165	-0.18710877	BB	0	0.0251907624345705	ct2VSct4	0.0012973573001964	0	0.0012973573001964
489	12	17	-0.15190249	-0.14796277	BB	0	0.0224759131902973	-0.13463165	-0.18609775	BB	0	0.0250546471437875	ct2VSct4	-0.0025787339534902	0	-0.0025787339534902
490	12	18	-0.15190249	-0.16760507	BB	0	0.0254596274696243	-0.13463165	-0.19291348	BB	0	0.025972260119642	ct2VSct4	-0.000512632650017698	0	-0.000512632650017702
491	12	19	-0.15190249	-0.14024768	BB	0	0.0213039718087232	-0.13463165	-0.15302515	BB	0	0.0206020284359975	ct2VSct4	0.000701943372725701	0	0.000701943372725701
492	12	20	-0.15190249	0.054948016	BA	0	0	-0.13463165	0.067270407	BA	0	0	ct2VSct4	0.000709985439621709	0	0
493	12	21	-0.15190249	-0.0074197618	BB	0	0.00112708029262688	-0.13463165	-0.092687347	BB	0	0.0124786504607326	ct2VSct4	-0.0113515701681057	0	-0.0113515701681057
494	12	22	-0.15190249	-0.15307954	BB	0	0.0232531632940546	-0.13463165	-0.19244915	BB	0	0.0259097466055975	ct2VSct4	-0.0026565833115429	0	-0.0026565833115429
495	12	23	-0.15190249	-0.094298444	BB	0	0.0143241684467256	-0.13463165	-0.082904505	BB	0	0.0111615703005833	ct2VSct4	0.00316259814614231	0	0.0031625981461423
496	12	24	-0.15190249	-0.15181406	BB	0	0.0230609337310094	-0.13463165	-0.18756089	BB	0	0.0252516320961685	ct2VSct4	-0.0021906983651591	0	-0.0021906983651591
497	12	25	-0.15190249	-0.14685121	BB	0	0.0223070644585129	-0.13463165	-0.176658	BB	0	0.0237837580257	ct2VSct4	-0.0014766935671871	0	-0.0014766935671871
498	12	26	-0.15190249	0.022230333	BA	0	0	-0.13463165	0.046911147	BA	0	0	ct2VSct4	0.00293888218777338	0	0
499	12	27	-0.15190249	-0.1369298	BB	0	0.020799977575202	-0.13463165	-0.12160587	BB	0	0.0163719989277855	ct2VSct4	0.0044279786474165	0	0.0044279786474165
500	12	28	-0.15190249	-0.19271408	BB	0	0.0292737486100592	-0.13463165	-0.20294332	BB	0	0.027322594028078	ct2VSct4	0.0019511545819812	0	0.0019511545819812
501	12	29	-0.15190249	-0.072474398	BB	0	0.011009041517451	-0.13463165	-0.11742039	BB	0	0.0158085008493435	ct2VSct4	-0.00479945933189248	0	-0.0047994593318925
502	12	30	-0.15190249	-0.19092902	BB	0	0.0290025935512598	-0.13463165	-0.18628952	BB	0	0.025080465455308	ct2VSct4	0.00392212809595181	0	0.0039221280959518
503	12	31	-0.15190249	-0.061939482	BB	0	0.00940876154511018	-0.13463165	-0.026242096	BB	0	0.0035330166839384	ct2VSct4	0.00587574486117178	0	0.00587574486117178
504	12	32	-0.15190249	0.093314979	BA	0	0	-0.13463165	0.11104545	BA	0	0	ct2VSct4	0.000775454494094788	0	0
505	12	33	-0.15190249	-0.11083278	BB	0	0.0168357752556222	-0.13463165	-0.13439603	BB	0	0.0180939592723495	ct2VSct4	-0.0012581840167273	0	-0.0012581840167273
506	12	34	-0.15190249	-0.17001925	BB	0	0.0258263474229325	-0.13463165	-0.19089042	BB	0	0.025699892213793	ct2VSct4	0.000126455209139502	0	0.000126455209139502
507	12	35	-0.15190249	0.0060066249	BA	0	0	-0.13463165	-0.0071459731	BB	0	0.000962074149308615	ct2VSct4	-0.00187449542811462	0	-0.000962074149308615
508	12	36	-0.15190249	-0.02883865	BB	0	0.0043806627432385	-0.13463165	-0.09546514	BB	0	0.012852629315681	ct2VSct4	-0.0084719665724425	0	-0.0084719665724425
509	12	37	-0.15190249	0.1362983	BA	0	0	-0.13463165	0.078333614	BA	0	0	ct2VSct4	-0.0101578674494839	0	0
510	12	38	-0.15190249	-0.11748793	BB	0	0.0178467091119457	-0.13463165	-0.12562377	BB	0	0.0169129354343205	ct2VSct4	0.000933773677625205	0	0.000933773677625201
511	12	39	-0.15190249	0.18710115	BA	0	0	-0.13463165	0.15790873	BA	0	0	ct2VSct4	-0.007161617697559	0	0
512	12	40	-0.15190249	0.18804056	BA	0	0	-0.13463165	0.17291261	BA	0	0	ct2VSct4	-0.0052843192948879	0	0
513	12	41	-0.15190249	0.18964921	BA	0	0	-0.13463165	0.18335729	BA	0	0	ct2VSct4	-0.0041224927333044	0	0
514	12	42	-0.15190249	0.15865292	BA	0	0	-0.13463165	0.1628178	BA	0	0	ct2VSct4	-0.0021793445304008	0	0
515	12	43	-0.15190249	-0.1823701	BB	0	0.027702472291549	-0.13463165	-0.17132332	BB	0	0.023065541255078	ct2VSct4	0.004636931036471	0	0.004636931036471
516	12	44	-0.15190249	-0.17777604	BB	0	0.0270046231383396	-0.13463165	-0.16783001	BB	0	0.0225952311658165	ct2VSct4	0.0044093919725231	0	0.0044093919725231
517	12	45	-0.15190249	0.088799464	BA	0	0	-0.13463165	0.14089042	BA	0	0	ct2VSct4	0.00547945002152764	0	0
518	12	46	-0.15190249	-0.083378426	BB	0	0.0126653905216807	-0.13463165	-0.10152237	BB	0	0.0136681241850105	ct2VSct4	-0.00100273366332976	0	-0.0010027336633298
519	12	47	-0.15190249	0.15723078	BA	0	0	-0.13463165	0.15886527	BA	0	0	ct2VSct4	-0.0024954535588467	0	0
520	12	48	-0.15190249	0.14162452	BA	0	0	-0.13463165	0.09525499	BA	0	0	ct2VSct4	-0.0086887807586213	0	0
521	12	49	-0.15190249	0.047735823	BA	0	0	-0.13463165	-0.01745302	BB	0	0.002349728880083	ct2VSct4	-0.00960091925598227	0	-0.002349728880083
522	12	50	-0.15190249	0.0022084846	BA	0	0	-0.13463165	0.053211025	BA	0	0	ct2VSct4	0.0068284137840746	0	0
523	13	14	-0.087703852	-0.1880073	BB	0	0.0164889644141196	-1.3994537e-05	-0.19444767	BB	0	2.72120511237879e-06	ct2VSct4	0.0164862432090072	0	0.0164862432090072
524	13	15	-0.087703852	-0.20745743	BB	0	0.0181948157370204	-1.3994537e-05	-0.20818817	BB	0	2.91349704802729e-06	ct2VSct4	0.0181919022399723	0	0.0181919022399724
525	13	16	-0.087703852	-0.17437581	BB	0	0.0152934302326201	-1.3994537e-05	-0.18710877	BB	0	2.61850060478949e-06	ct2VSct4	0.0152908117320153	0	0.0152908117320153
526	13	17	-0.087703852	-0.14796277	BB	0	0.01297690488159	-1.3994537e-05	-0.18609775	BB	0	2.60435184799175e-06	ct2VSct4	0.012974300529742	0	0.012974300529742
527	13	18	-0.087703852	-0.16760507	BB	0	0.0146996102537296	-1.3994537e-05	-0.19291348	BB	0	2.69973483365876e-06	ct2VSct4	0.014696910518896	0	0.0146969105188959
528	13	19	-0.087703852	-0.14024768	BB	0	0.0123002617700634	-1.3994537e-05	-0.15302515	BB	0	2.14151612360555e-06	ct2VSct4	0.0122981202539398	0	0.0122981202539398
529	13	20	-0.087703852	0.054948016	BA	0	0	-1.3994537e-05	0.067270407	BA	0	0	ct2VSct4	-0.00481821124475787	0	0
530	13	21	-0.087703852	-0.0074197618	BB	0	0.000650741690782454	-1.3994537e-05	-0.092687347	BB	0	1.29711650702334e-06	ct2VSct4	0.00064944457427543	0	0.000649444574275431
531	13	22	-0.087703852	-0.15307954	BB	0	0.0134256653203881	-1.3994537e-05	-0.19244915	BB	0	2.69323675029355e-06	ct2VSct4	0.0134229720836378	0	0.0134229720836378
532	13	23	-0.087703852	-0.094298444	BB	0	0.00827033677640629	-1.3994537e-05	-0.082904505	BB	0	1.16021016268919e-06	ct2VSct4	0.0082691765662436	0	0.0082691765662436
533	13	24	-0.087703852	-0.15181406	BB	0	0.0133146778497591	-1.3994537e-05	-0.18756089	BB	0	2.62482781485793e-06	ct2VSct4	0.0133120530219443	0	0.0133120530219442
534	13	25	-0.087703852	-0.14685121	BB	0	0.0128794167878609	-1.3994537e-05	-0.176658	BB	0	2.472246917346e-06	ct2VSct4	0.0128769445409436	0	0.0128769445409436
535	13	26	-0.087703852	0.022230333	BA	0	0	-1.3994537e-05	0.046911147	BA	0	0	ct2VSct4	-0.00194902933556031	0	0
536	13	27	-0.087703852	-0.1369298	BB	0	0.0120092709135896	-1.3994537e-05	-0.12160587	BB	0	1.70181784713219e-06	ct2VSct4	0.0120075690957425	0	0.0120075690957425
537	13	28	-0.087703852	-0.19271408	BB	0	0.0169017671506362	-1.3994537e-05	-0.20294332	BB	0	2.84009780064284e-06	ct2VSct4	0.0168989270528355	0	0.0168989270528356
538	13	29	-0.087703852	-0.072474398	BB	0	0.0063562838759811	-1.3994537e-05	-0.11742039	BB	0	1.64324399240943e-06	ct2VSct4	0.00635464063198869	0	0.00635464063198869
539	13	30	-0.087703852	-0.19092902	BB	0	0.016745210512585	-1.3994537e-05	-0.18628952	BB	0	2.60703558035224e-06	ct2VSct4	0.0167426034770047	0	0.0167426034770046
540	13	31	-0.087703852	-0.061939482	BB	0	0.00543233116228466	-1.3994537e-05	-0.026242096	BB	0	3.67245983429552e-07	ct2VSct4	0.00543196391630123	0	0.00543196391630123
541	13	32	-0.087703852	0.093314979	BA	0	0	-1.3994537e-05	0.11104545	BA	0	0	ct2VSct4	-0.0081825290779404	0	0
542	13	33	-0.087703852	-0.11083278	BB	0	0.00972046173386856	-1.3994537e-05	-0.13439603	BB	0	1.88081021448811e-06	ct2VSct4	0.00971858092365407	0	0.00971858092365407
543	13	34	-0.087703852	-0.17001925	BB	0	0.014911343139151	-1.3994537e-05	-0.19089042	BB	0	2.67142304563554e-06	ct2VSct4	0.0149086717161054	0	0.0149086717161054
544	13	35	-0.087703852	0.0060066249	BA	0	0	-1.3994537e-05	-0.0071459731	BB	0	1.00004584948955e-07	ct2VSct4	-0.000526904145834064	0	-1.00004584948955e-07
545	13	36	-0.087703852	-0.02883865	BB	0	0.0025292606914798	-1.3994537e-05	-0.09546514	BB	0	1.33599043394018e-06	ct2VSct4	0.00252792470104586	0	0.00252792470104586
546	13	37	-0.087703852	0.1362983	BA	0	0	-1.3994537e-05	0.078333614	BA	0	0	ct2VSct4	-0.0119527896883921	0	0
547	13	38	-0.087703852	-0.11748793	BB	0	0.0103041440245064	-1.3994537e-05	-0.12562377	BB	0	1.75804649734449e-06	ct2VSct4	0.010302385978009	0	0.0103023859780091
548	13	39	-0.087703852	0.18710115	BA	0	0	-1.3994537e-05	0.15790873	BA	0	0	ct2VSct4	-0.0164072817090652	0	0
549	13	40	-0.087703852	0.18804056	BA	0	0	-1.3994537e-05	0.17291261	BA	0	0	ct2VSct4	-0.0164894616123187	0	0
550	13	41	-0.087703852	0.18964921	BA	0	0	-1.3994537e-05	0.18335729	BA	0	0	ct2VSct4	-0.0166304002453778	0	0
551	13	42	-0.087703852	0.15865292	BA	0	0	-1.3994537e-05	0.1628178	BA	0	0	ct2VSct4	-0.0139121936553215	0	0
552	13	43	-0.087703852	-0.1823701	BB	0	0.0159945602596252	-1.3994537e-05	-0.17132332	BB	0	2.39759054070284e-06	ct2VSct4	0.0159921626690845	0	0.0159921626690845
553	13	44	-0.087703852	-0.17777604	BB	0	0.0155916435013061	-1.3994537e-05	-0.16783001	BB	0	2.34870328465537e-06	ct2VSct4	0.0155892947980214	0	0.0155892947980214
554	13	45	-0.087703852	0.088799464	BA	0	0	-1.3994537e-05	0.14089042	BA	0	0	ct2VSct4	-0.00778608335213969	0	0
555	13	46	-0.087703852	-0.083378426	BB	0	0.00731260913389695	-1.3994537e-05	-0.10152237	BB	0	1.42075856329269e-06	ct2VSct4	0.00731118837533366	0	0.00731118837533366
556	13	47	-0.087703852	0.15723078	BA	0	0	-1.3994537e-05	0.15886527	BA	0	0	ct2VSct4	-0.0137875218130655	0	0
557	13	48	-0.087703852	0.14162452	BA	0	0	-1.3994537e-05	0.09525499	BA	0	0	ct2VSct4	-0.0124196828921691	0	0
558	13	49	-0.087703852	0.047735823	BA	0	0	-1.3994537e-05	-0.01745302	BB	0	2.4424693415174e-07	ct2VSct4	-0.00418685980242435	0	-2.4424693415174e-07
559	13	50	-0.087703852	0.0022084846	BA	0	0	-1.3994537e-05	0.053211025	BA	0	0	ct2VSct4	-0.000192947942844509	0	0
560	14	15	-0.1880073	-0.20745743	BB	0	0.039003511279239	-0.19444767	-0.20818817	BB	0	0.0404817045780639	ct2VSct4	-0.0014781932988249	0	-0.0014781932988249
561	14	16	-0.1880073	-0.17437581	BB	0	0.032783925223413	-0.19444767	-0.18710877	BB	0	0.0363828643630659	ct2VSct4	-0.0035989391396529	0	-0.0035989391396529
562	14	17	-0.1880073	-0.14796277	BB	0	0.027818080888221	-0.19444767	-0.18609775	BB	0	0.0361862738797425	ct2VSct4	-0.0083681929915215	0	-0.0083681929915215
563	14	18	-0.1880073	-0.16760507	BB	0	0.031510976677011	-0.19444767	-0.19291348	BB	0	0.0375115766975916	ct2VSct4	-0.0060006000205806	0	-0.0060006000205806
564	14	19	-0.1880073	-0.14024768	BB	0	0.026367587648064	-0.19444767	-0.15302515	BB	0	0.0297553838689005	ct2VSct4	-0.0033877962208365	0	-0.0033877962208365
565	14	20	-0.1880073	0.054948016	BA	0	0	-0.19444767	0.067270407	BA	0	0	ct2VSct4	0.00274994577258489	0	0
566	14	21	-0.1880073	-0.0074197618	BB	0	0.00139496938266114	-0.19444767	-0.092687347	BB	0	0.0180228386626315	ct2VSct4	-0.0166278692799704	0	-0.0166278692799704
567	14	22	-0.1880073	-0.15307954	BB	0	0.028780071000642	-0.19444767	-0.19244915	BB	0	0.0374212888109805	ct2VSct4	-0.00864121781033851	0	-0.0086412178103385
568	14	23	-0.1880073	-0.094298444	BB	0	0.0177287958506412	-0.19444767	-0.082904505	BB	0	0.0161205878297533	ct2VSct4	0.00160820802088785	0	0.0016082080208879
569	14	24	-0.1880073	-0.15181406	BB	0	0.028542151522638	-0.19444767	-0.18756089	BB	0	0.0364707780436263	ct2VSct4	-0.0079286265209883	0	-0.0079286265209883
570	14	25	-0.1880073	-0.14685121	BB	0	0.027609099493833	-0.19444767	-0.176658	BB	0	0.03435073648686	ct2VSct4	-0.006741636993027	0	-0.006741636993027
571	14	26	-0.1880073	0.022230333	BA	0	0	-0.19444767	0.046911147	BA	0	0	ct2VSct4	0.00494229834574659	0	0
572	14	27	-0.1880073	-0.1369298	BB	0	0.02574380198754	-0.19444767	-0.12160587	BB	0	0.0236459780798229	ct2VSct4	0.0020978239077171	0	0.0020978239077171
573	14	28	-0.1880073	-0.19271408	BB	0	0.036231653852784	-0.19444767	-0.20294332	BB	0	0.0394618557160644	ct2VSct4	-0.0032302018632804	0	-0.0032302018632804
574	14	29	-0.1880073	-0.072474398	BB	0	0.0136257158871054	-0.19444767	-0.11742039	BB	0	0.0228321212459913	ct2VSct4	-0.0092064053588859	0	-0.0092064053588859
575	14	30	-0.1880073	-0.19092902	BB	0	0.035896049541846	-0.19444767	-0.18628952	BB	0	0.0362235631094184	ct2VSct4	-0.0003275135675724	0	-0.0003275135675724
576	14	31	-0.1880073	-0.061939482	BB	0	0.0116450747742186	-0.19444767	-0.026242096	BB	0	0.00510271442311632	ct2VSct4	0.00654236035110228	0	0.00654236035110228
577	14	32	-0.1880073	0.093314979	BA	0	0	-0.19444767	0.11104545	BA	0	0	ct2VSct4	0.0040486317652548	0	0
578	14	33	-0.1880073	-0.11083278	BB	0	0.020837371719294	-0.19444767	-0.13439603	BB	0	0.0261329948907501	ct2VSct4	-0.0052956231714561	0	-0.0052956231714561
579	14	34	-0.1880073	-0.17001925	BB	0	0.031964860140525	-0.19444767	-0.19089042	BB	0	0.0371181973943214	ct2VSct4	-0.0051533372537964	0	-0.0051533372537964
580	14	35	-0.1880073	0.0060066249	BA	0	0	-0.19444767	-0.0071459731	BB	0	0.00138951781917768	ct2VSct4	-0.00251880714873945	0	-0.00138951781917768
581	14	36	-0.1880073	-0.02883865	BB	0	0.005421876722145	-0.19444767	-0.09546514	BB	0	0.0185629740392238	ct2VSct4	-0.0131410973170788	0	-0.0131410973170788
582	14	37	-0.1880073	0.1362983	BA	0	0	-0.19444767	0.078333614	BA	0	0	ct2VSct4	-0.0103932866526106	0	0
583	14	38	-0.1880073	-0.11748793	BB	0	0.022088588501889	-0.19444767	-0.12562377	BB	0	0.0244272493731159	ct2VSct4	-0.0023386608712269	0	-0.0023386608712269
584	14	39	-0.1880073	0.18710115	BA	0	0	-0.19444767	0.15790873	BA	0	0	ct2VSct4	-0.0044713974172359	0	0
585	14	40	-0.1880073	0.18804056	BA	0	0	-0.19444767	0.17291261	BA	0	0	ct2VSct4	-0.0017305438479693	0	0
586	14	41	-0.1880073	0.18964921	BA	0	0	-0.19444767	0.18335729	BA	0	0	ct2VSct4	-2.0381012187029e-06	0	0
587	14	42	-0.1880073	0.15865292	BA	0	0	-0.19444767	0.1628178	BA	0	0	ct2VSct4	0.00183163471821	0	0
588	14	43	-0.1880073	-0.1823701	BB	0	0.03428691010173	-0.19444767	-0.17132332	BB	0	0.0333134203906644	ct2VSct4	0.000973489711065596	0	0.000973489711065603
589	14	44	-0.1880073	-0.17777604	BB	0	0.033423193285092	-0.19444767	-0.16783001	BB	0	0.0326341544005767	ct2VSct4	0.0007890388845153	0	0.0007890388845153
590	14	45	-0.1880073	0.088799464	BA	0	0	-0.19444767	0.14089042	BA	0	0	ct2VSct4	0.0107008664262342	0	0
591	14	46	-0.1880073	-0.083378426	BB	0	0.0156757527505098	-0.19444767	-0.10152237	BB	0	0.0197407882993779	ct2VSct4	-0.0040650355488681	0	-0.0040650355488681
592	14	47	-0.1880073	0.15723078	BA	0	0	-0.19444767	0.15886527	BA	0	0	ct2VSct4	0.0013304471707269	0	0
593	14	48	-0.1880073	0.14162452	BA	0	0	-0.19444767	0.09525499	BA	0	0	ct2VSct4	-0.0081043327576227	0	0
594	14	49	-0.1880073	0.047735823	BA	0	0	-0.19444767	-0.01745302	BB	0	0.0033936990734634	ct2VSct4	-0.0123683822689713	0	-0.0033936990734634
595	14	50	-0.1880073	0.0022084846	BA	0	0	-0.19444767	0.053211025	BA	0	0	ct2VSct4	0.00993154860282417	0	0
596	15	16	-0.20745743	-0.17437581	BB	0	0.0361755573967683	-0.20818817	-0.18710877	BB	0	0.0389538324172509	ct2VSct4	-0.00277827502048261	0	-0.0027782750204826
597	15	17	-0.20745743	-0.14796277	BB	0	0.0306959759998811	-0.20818817	-0.18609775	BB	0	0.0387433500136175	ct2VSct4	-0.00804737401373641	0	-0.0080473740137364
598	15	18	-0.20745743	-0.16760507	BB	0	0.0347709170771701	-0.20818817	-0.19291348	BB	0	0.0401623043695316	ct2VSct4	-0.0053913872923615	0	-0.0053913872923615
599	15	19	-0.20745743	-0.14024768	BB	0	0.0290954232562624	-0.20818817	-0.15302515	BB	0	0.0318580259424755	ct2VSct4	-0.0027626026862131	0	-0.0027626026862131
600	15	20	-0.20745743	0.054948016	BA	0	0	-0.20818817	0.067270407	BA	0	0	ct2VSct4	0.00260552874552631	0	0
601	15	21	-0.20745743	-0.0074197618	BB	0	0.00153928471424017	-0.20818817	-0.092687347	BB	0	0.019296409154085	ct2VSct4	-0.0177571244398448	0	-0.0177571244398448
602	15	22	-0.20745743	-0.15307954	BB	0	0.0317574879539822	-0.20818817	-0.19244915	BB	0	0.0400656363565555	ct2VSct4	-0.0083081484025733	0	-0.0083081484025733
603	15	23	-0.20745743	-0.094298444	BB	0	0.0195629128452389	-0.20818817	-0.082904505	BB	0	0.0172597371807059	ct2VSct4	0.00230317566453307	0	0.002303175664533
604	15	24	-0.20745743	-0.15181406	BB	0	0.0314949547254658	-0.20818817	-0.18756089	BB	0	0.0390479584526713	ct2VSct4	-0.00755300372720551	0	-0.0075530037272055
605	15	25	-0.20745743	-0.14685121	BB	0	0.0304653746189903	-0.20818817	-0.176658	BB	0	0.03677810573586	ct2VSct4	-0.0063127311168697	0	-0.0063127311168697
606	15	26	-0.20745743	0.022230333	BA	0	0	-0.20818817	0.046911147	BA	0	0	ct2VSct4	0.0051544980943068	0	0
607	15	27	-0.20745743	-0.1369298	BB	0	0.028407104398414	-0.20818817	-0.12160587	BB	0	0.0253169035365579	ct2VSct4	0.0030902008618561	0	0.0030902008618561
608	15	28	-0.20745743	-0.19271408	BB	0	0.0399799677616144	-0.20818817	-0.20294332	BB	0	0.0422503984045244	ct2VSct4	-0.00227043064291	0	-0.00227043064291
609	15	29	-0.20745743	-0.072474398	BB	0	0.0150353523498771	-0.20818817	-0.11742039	BB	0	0.0244455361147863	ct2VSct4	-0.00941018376490916	0	-0.0094101837649092
610	15	30	-0.20745743	-0.19092902	BB	0	0.0396096438016186	-0.20818817	-0.18628952	BB	0	0.0387832742589784	ct2VSct4	0.000826369542640197	0	0.000826369542640197
611	15	31	-0.20745743	-0.061939482	BB	0	0.0128498057512513	-0.20818817	-0.026242096	BB	0	0.00546329394320432	ct2VSct4	0.00738651180804694	0	0.00738651180804698
612	15	32	-0.20745743	0.093314979	BA	0	0	-0.20818817	0.11104545	BA	0	0	ct2VSct4	0.00375946329848253	0	0
613	15	33	-0.20745743	-0.11083278	BB	0	0.0229930836985554	-0.20818817	-0.13439603	BB	0	0.0279796635409651	ct2VSct4	-0.0049865798424097	0	-0.0049865798424097
614	15	34	-0.20745743	-0.17001925	BB	0	0.0352717566555275	-0.20818817	-0.19089042	BB	0	0.0397411272103314	ct2VSct4	-0.0044693705548039	0	-0.0044693705548039
615	15	35	-0.20745743	0.0060066249	BA	0	0	-0.20818817	-0.0071459731	BB	0	0.00148770706255823	ct2VSct4	-0.00273382602728623	0	-0.00148770706255823
616	15	36	-0.20745743	-0.02883865	BB	0	0.0059827922136695	-0.20818817	-0.09546514	BB	0	0.0198747127953938	ct2VSct4	-0.0138919205817243	0	-0.0138919205817243
617	15	37	-0.20745743	0.1362983	BA	0	0	-0.20818817	0.078333614	BA	0	0	ct2VSct4	-0.0119679632832226	0	0
618	15	38	-0.20745743	-0.11748793	BB	0	0.0243737440138199	-0.20818817	-0.12562377	BB	0	0.0261533827848009	ct2VSct4	-0.001779638770981	0	-0.001779638770981
619	15	39	-0.20745743	0.18710115	BA	0	0	-0.20818817	0.15790873	BA	0	0	ct2VSct4	-0.0059407942033204	0	0
620	15	40	-0.20745743	0.18804056	BA	0	0	-0.20818817	0.17291261	BA	0	0	ct2VSct4	-0.0030120514675371	0	0
621	15	41	-0.20745743	0.18964921	BA	0	0	-0.20818817	0.18335729	BA	0	0	ct2VSct4	-0.001171319046871	0	0
622	15	42	-0.20745743	0.15865292	BA	0	0	-0.20818817	0.1628178	BA	0	0	ct2VSct4	0.0009830127802304	0	0
623	15	43	-0.20745743	-0.1823701	BB	0	0.037834032254843	-0.20818817	-0.17132332	BB	0	0.0356674884691244	ct2VSct4	0.0021665437857186	0	0.00216654378571859
624	15	44	-0.20745743	-0.17777604	BB	0	0.0368809603739772	-0.20818817	-0.16783001	BB	0	0.0349402226529817	ct2VSct4	0.0019407377209955	0	0.0019407377209955
625	15	45	-0.20745743	0.088799464	BA	0	0	-0.20818817	0.14089042	BA	0	0	ct2VSct4	0.0109096101235139	0	0
626	15	46	-0.20745743	-0.083378426	BB	0	0.0172974739754052	-0.20818817	-0.10152237	BB	0	0.0211357564243629	ct2VSct4	-0.00383828244895772	0	-0.0038382824489577
627	15	47	-0.20745743	0.15723078	BA	0	0	-0.20818817	0.15886527	BA	0	0	ct2VSct4	0.000455176302160507	0	0
628	15	48	-0.20745743	0.14162452	BA	0	0	-0.20818817	0.09525499	BA	0	0	ct2VSct4	-0.0095500968927153	0	0
629	15	49	-0.20745743	0.047735823	BA	0	0	-0.20818817	-0.01745302	BB	0	0.0036335122947734	ct2VSct4	-0.0135366634532883	0	-0.0036335122947734
630	15	50	-0.20745743	0.0022084846	BA	0	0	-0.20818817	0.053211025	BA	0	0	ct2VSct4	0.0106197393792637	0	0
631	16	17	-0.17437581	-0.14796277	BB	0	0.0258011278685937	-0.18710877	-0.18609775	BB	0	0.0348205211022675	ct2VSct4	-0.0090193932336738	0	-0.0090193932336738
632	16	18	-0.17437581	-0.16760507	BB	0	0.0292262698413567	-0.18710877	-0.19291348	BB	0	0.0360958039592196	ct2VSct4	-0.0068695341178629	0	-0.0068695341178629
633	16	19	-0.17437581	-0.14024768	BB	0	0.0244558028006208	-0.18710877	-0.15302515	BB	0	0.0286323475955655	ct2VSct4	-0.0041765447949447	0	-0.0041765447949447
634	16	20	-0.17437581	0.054948016	BA	0	0	-0.18710877	0.067270407	BA	0	0	ct2VSct4	0.00300527831327643	0	0
635	16	21	-0.17437581	-0.0074197618	BB	0	0.00129382697388206	-0.18710877	-0.092687347	BB	0	0.0173426154917332	ct2VSct4	-0.0160487885178511	0	-0.0160487885178511
636	16	22	-0.17437581	-0.15307954	BB	0	0.0266933687819274	-0.18710877	-0.19244915	BB	0	0.0360089237440455	ct2VSct4	-0.00931555496211811	0	-0.0093155549621181
637	16	23	-0.17437581	-0.094298444	BB	0	0.0164433675542396	-0.18710877	-0.082904505	BB	0	0.0155121599580089	ct2VSct4	0.000931207596230787	0	0.000931207596230698
638	16	24	-0.17437581	-0.15181406	BB	0	0.0264726996818886	-0.18710877	-0.18756089	BB	0	0.0350942874280053	ct2VSct4	-0.0086215877461167	0	-0.0086215877461167
639	16	25	-0.17437581	-0.14685121	BB	0	0.0256072986932301	-0.18710877	-0.176658	BB	0	0.03305426109066	ct2VSct4	-0.0074469623974299	0	-0.0074469623974299
640	16	26	-0.17437581	0.022230333	BA	0	0	-0.18710877	0.046911147	BA	0	0	ct2VSct4	0.00490105469101446	0	0
641	16	27	-0.17437581	-0.1369298	BB	0	0.023877244788138	-0.18710877	-0.12160587	BB	0	0.0227535247604799	ct2VSct4	0.0011237200276581	0	0.0011237200276581
642	16	28	-0.17437581	-0.19271408	BB	0	0.0336046737984048	-0.18710877	-0.20294332	BB	0	0.0379724749849164	ct2VSct4	-0.0043678011865116	0	-0.0043678011865116
643	16	29	-0.17437581	-0.072474398	BB	0	0.0126377818555124	-0.18710877	-0.11742039	BB	0	0.0219703847458203	ct2VSct4	-0.00933260289030792	0	-0.0093326028903079
644	16	30	-0.17437581	-0.19092902	BB	0	0.0332934025150062	-0.18710877	-0.18628952	BB	0	0.0348564029510904	ct2VSct4	-0.0015630004360842	0	-0.00156300043608421
645	16	31	-0.17437581	-0.061939482	BB	0	0.0108007473447304	-0.18710877	-0.026242096	BB	0	0.00491012630478192	ct2VSct4	0.0058906210399485	0	0.00589062103994848
646	16	32	-0.17437581	0.093314979	BA	0	0	-0.18710877	0.11104545	BA	0	0	ct2VSct4	0.00450570251533851	0	0
647	16	33	-0.17437581	-0.11083278	BB	0	0.0193265557870518	-0.18710877	-0.13439603	BB	0	0.0251466758661831	ct2VSct4	-0.0058201200791313	0	-0.0058201200791313
648	16	34	-0.17437581	-0.17001925	BB	0	0.0296472444343425	-0.18710877	-0.19089042	BB	0	0.0357172716909834	ct2VSct4	-0.0060700272566409	0	-0.0060700272566409
649	16	35	-0.17437581	0.0060066249	BA	0	0	-0.18710877	-0.0071459731	BB	0	0.00133707423719409	ct2VSct4	-0.00238448431949776	0	-0.00133707423719409
650	16	36	-0.17437581	-0.02883865	BB	0	0.0050287629530565	-0.18710877	-0.09546514	BB	0	0.0178623649232778	ct2VSct4	-0.0128336019702213	0	-0.0128336019702213
651	16	37	-0.17437581	0.1362983	BA	0	0	-0.18710877	0.078333614	BA	0	0	ct2VSct4	-0.00911022029892822	0	0
652	16	38	-0.17437581	-0.11748793	BB	0	0.0204870529589733	-0.18710877	-0.12562377	BB	0	0.0235053090874629	ct2VSct4	-0.0030182561284896	0	-0.0030182561284896
653	16	39	-0.17437581	0.18710115	BA	0	0	-0.18710877	0.15790873	BA	0	0	ct2VSct4	-0.0030798063406194	0	0
654	16	40	-0.17437581	0.18804056	BA	0	0	-0.18710877	0.17291261	BA	0	0	ct2VSct4	-0.000436259188263892	0	0
655	16	41	-0.17437581	0.18964921	BA	0	0	-0.18710877	0.18335729	BA	0	0	ct2VSct4	0.0012375223928232	0	0
656	16	42	-0.17437581	0.15865292	BA	0	0	-0.18710877	0.1628178	BA	0	0	ct2VSct4	0.00279940685824081	0	0
657	16	43	-0.17437581	-0.1823701	BB	0	0.031800933907281	-0.18710877	-0.17132332	BB	0	0.0320560956775164	ct2VSct4	-0.000255161770235407	0	-0.0002551617702354
658	16	44	-0.17437581	-0.17777604	BB	0	0.0309998409735924	-0.18710877	-0.16783001	BB	0	0.0314024667401877	ct2VSct4	-0.000402625766595301	0	-0.000402625766595301
659	16	45	-0.17437581	0.088799464	BA	0	0	-0.18710877	0.14089042	BA	0	0	ct2VSct4	0.0108773547284176	0	0
660	16	46	-0.17437581	-0.083378426	BB	0	0.0145391805702751	-0.18710877	-0.10152237	BB	0	0.0189957257781849	ct2VSct4	-0.00445654520790984	0	-0.0044565452079098
661	16	47	-0.17437581	0.15723078	BA	0	0	-0.18710877	0.15886527	BA	0	0	ct2VSct4	0.0023078406459861	0	0
662	16	48	-0.17437581	0.14162452	BA	0	0	-0.18710877	0.09525499	BA	0	0	ct2VSct4	-0.0068728463755989	0	0
663	16	49	-0.17437581	0.047735823	BA	0	0	-0.18710877	-0.01745302	BB	0	0.0032656131049854	ct2VSct4	-0.011589585906627	0	-0.0032656131049854
664	16	50	-0.17437581	0.0022084846	BA	0	0	-0.18710877	0.053211025	BA	0	0	ct2VSct4	0.00957114314719172	0	0
665	17	18	-0.14796277	-0.16760507	BB	0	0.0247993104232439	-0.18609775	-0.19291348	BB	0	0.03590076457267	ct2VSct4	-0.0111014541494261	0	-0.0111014541494261
666	17	19	-0.14796277	-0.14024768	BB	0	0.0207514352188736	-0.18609775	-0.15302515	BB	0	0.0284776361084125	ct2VSct4	-0.0077262008895389	0	-0.0077262008895389
667	17	20	-0.14796277	0.054948016	BA	0	0	-0.18609775	0.067270407	BA	0	0	ct2VSct4	0.00438861073091993	0	0
668	17	21	-0.14796277	-0.0074197618	BB	0	0.00109784850866819	-0.18609775	-0.092687347	BB	0	0.0172489067301693	ct2VSct4	-0.0161510582215011	0	-0.0161510582215011
669	17	22	-0.14796277	-0.15307954	BB	0	0.0226500727687258	-0.18609775	-0.19244915	BB	0	0.0358143538044125	ct2VSct4	-0.0131642810356867	0	-0.0131642810356867
670	17	23	-0.14796277	-0.094298444	BB	0	0.0139526589809299	-0.18609775	-0.082904505	BB	0	0.0154283418453638	ct2VSct4	-0.00147568286443387	0	-0.0014756828644339
671	17	24	-0.14796277	-0.15181406	BB	0	0.0224628288425462	-0.18609775	-0.18756089	BB	0	0.0349046596169975	ct2VSct4	-0.0124418307744513	0	-0.0124418307744513
672	17	25	-0.14796277	-0.14685121	BB	0	0.0217285118094517	-0.18609775	-0.176658	BB	0	0.0328756563195	ct2VSct4	-0.0111471445100483	0	-0.0111471445100483
673	17	26	-0.14796277	0.022230333	BA	0	0	-0.18609775	0.046911147	BA	0	0	ct2VSct4	0.00544079725791684	0	0
674	17	27	-0.14796277	-0.1369298	BB	0	0.020260512503546	-0.18609775	-0.12160587	BB	0	0.0226305787937925	ct2VSct4	-0.0023700662902465	0	-0.0023700662902465
675	17	28	-0.14796277	-0.19271408	BB	0	0.0285145090948016	-0.18609775	-0.20294332	BB	0	0.03776729522953	ct2VSct4	-0.0092527861347284	0	-0.0092527861347284
676	17	29	-0.14796277	-0.072474398	BB	0	0.0107235126821625	-0.18609775	-0.11742039	BB	0	0.0218516703831225	ct2VSct4	-0.01112815770096	0	-0.01112815770096
677	17	30	-0.14796277	-0.19092902	BB	0	0.0282503866725854	-0.18609775	-0.18628952	BB	0	0.03466806052058	ct2VSct4	-0.0064176738479946	0	-0.0064176738479946
678	17	31	-0.14796277	-0.061939482	BB	0	0.00916473732908514	-0.18609775	-0.026242096	BB	0	0.004883595020884	ct2VSct4	0.00428114230820114	0	0.00428114230820114
679	17	32	-0.14796277	0.093314979	BA	0	0	-0.18609775	0.11104545	BA	0	0	ct2VSct4	0.00685816561740567	0	0
680	17	33	-0.14796277	-0.11083278	BB	0	0.0163991251356006	-0.18609775	-0.13439603	BB	0	0.0250107987919325	ct2VSct4	-0.0086116736563319	0	-0.0086116736563319
681	17	34	-0.14796277	-0.17001925	BB	0	0.0251565191833225	-0.18609775	-0.19089042	BB	0	0.035524277658555	ct2VSct4	-0.0103677584752325	0	-0.0103677584752325
682	17	35	-0.14796277	0.0060066249	BA	0	0	-0.18609775	-0.0071459731	BB	0	0.00132984951547053	ct2VSct4	-0.0022186063740255	0	-0.00132984951547053
683	17	36	-0.14796277	-0.02883865	BB	0	0.0042670465370605	-0.18609775	-0.09546514	BB	0	0.017765847757435	ct2VSct4	-0.0134988012203745	0	-0.0134988012203745
684	17	37	-0.14796277	0.1362983	BA	0	0	-0.18609775	0.078333614	BA	0	0	ct2VSct4	-0.0055893646995225	0	0
685	17	38	-0.14796277	-0.11748793	BB	0	0.0173838395643661	-0.18609775	-0.12562377	BB	0	0.0233783009435175	ct2VSct4	-0.0059944613791514	0	-0.0059944613791514
686	17	39	-0.14796277	0.18710115	BA	0	0	-0.18609775	0.15790873	BA	0	0	ct2VSct4	0.001702454934172	0	0
687	17	40	-0.14796277	0.18804056	BA	0	0	-0.18609775	0.17291261	BA	0	0	ct2VSct4	0.0043556455376763	0	0
688	17	41	-0.14796277	0.18964921	BA	0	0	-0.18609775	0.18335729	BA	0	0	ct2VSct4	0.0060613566751858	0	0
689	17	42	-0.14796277	0.15865292	BA	0	0	-0.18609775	0.1628178	BA	0	0	ct2VSct4	0.00682530072816161	0	0
690	17	43	-0.14796277	-0.1823701	BB	0	0.026983985161177	-0.18609775	-0.17132332	BB	0	0.03188288437453	ct2VSct4	-0.004898899213353	0	-0.004898899213353
691	17	44	-0.14796277	-0.17777604	BB	0	0.0263042353180308	-0.18609775	-0.16783001	BB	0	0.0312327872434775	ct2VSct4	-0.0049285519254467	0	-0.0049285519254467
692	17	45	-0.14796277	0.088799464	BA	0	0	-0.18609775	0.14089042	BA	0	0	ct2VSct4	0.0130803754905997	0	0
693	17	46	-0.14796277	-0.083378426	BB	0	0.0123369028692	-0.18609775	-0.10152237	BB	0	0.0188930846316675	ct2VSct4	-0.00655618176246748	0	-0.0065561817624675
694	17	47	-0.14796277	0.15723078	BA	0	0	-0.18609775	0.15886527	BA	0	0	ct2VSct4	0.0063001675620819	0	0
695	17	48	-0.14796277	0.14162452	BA	0	0	-0.18609775	0.09525499	BA	0	0	ct2VSct4	-0.0032284169638479	0	0
696	17	49	-0.14796277	0.047735823	BA	0	0	-0.18609775	-0.01745302	BB	0	0.003247967752705	ct2VSct4	-0.0103110923520147	0	-0.003247967752705
697	17	50	-0.14796277	0.0022084846	BA	0	0	-0.18609775	0.053211025	BA	0	0	ct2VSct4	0.00957567852877541	0	0
698	18	19	-0.16760507	-0.14024768	BB	0	0.0235062222237376	-0.19291348	-0.15302515	BB	0	0.029520614214022	ct2VSct4	-0.0060143919902844	0	-0.0060143919902844
699	18	20	-0.16760507	0.054948016	BA	0	0	-0.19291348	0.067270407	BA	0	0	ct2VSct4	0.00376780224734524	0	0
700	18	21	-0.16760507	-0.0074197618	BB	0	0.00124358969587233	-0.19291348	-0.092687347	BB	0	0.0178806386617376	ct2VSct4	-0.0166370489658652	0	-0.0166370489658653
701	18	22	-0.16760507	-0.15307954	BB	0	0.0256569070172678	-0.19291348	-0.19244915	BB	0	0.037126035249542	ct2VSct4	-0.0114691282322742	0	-0.0114691282322742
702	18	23	-0.16760507	-0.094298444	BB	0	0.0158048973075111	-0.19291348	-0.082904505	BB	0	0.0159933965672274	ct2VSct4	-0.000188499259716323	0	-0.000188499259716299
703	18	24	-0.16760507	-0.15181406	BB	0	0.0254448061532842	-0.19291348	-0.18756089	BB	0	0.0361830240017972	ct2VSct4	-0.010738217848513	0	-0.010738217848513
704	18	25	-0.16760507	-0.14685121	BB	0	0.0246130073316347	-0.19291348	-0.176658	BB	0	0.03407970954984	ct2VSct4	-0.0094667022182053	0	-0.0094667022182053
705	18	26	-0.16760507	0.022230333	BA	0	0	-0.19291348	0.046911147	BA	0	0	ct2VSct4	0.00532387609997325	0	0
706	18	27	-0.16760507	-0.1369298	BB	0	0.022950128714086	-0.19291348	-0.12160587	BB	0	0.0234594115701276	ct2VSct4	-0.000509282856041602	0	-0.000509282856041602
707	18	28	-0.16760507	-0.19271408	BB	0	0.0322998568683856	-0.19291348	-0.20294332	BB	0	0.0391505021039536	ct2VSct4	-0.006850645235568	0	-0.006850645235568
708	18	29	-0.16760507	-0.072474398	BB	0	0.0121470765499979	-0.19291348	-0.11742039	BB	0	0.0226519760578572	ct2VSct4	-0.0105048995078593	0	-0.0105048995078593
709	18	30	-0.16760507	-0.19092902	BB	0	0.0320006717621314	-0.19291348	-0.18628952	BB	0	0.0359377595907296	ct2VSct4	-0.0039370878285982	0	-0.0039370878285982
710	18	31	-0.16760507	-0.061939482	BB	0	0.0103813712163737	-0.19291348	-0.026242096	BB	0	0.00506245406185408	ct2VSct4	0.00531891715451966	0	0.00531891715451962
711	18	32	-0.16760507	0.093314979	BA	0	0	-0.19291348	0.11104545	BA	0	0	ct2VSct4	0.00578210061032247	0	0
712	18	33	-0.16760507	-0.11083278	BB	0	0.0185761358501946	-0.19291348	-0.13439603	BB	0	0.0259268058454844	ct2VSct4	-0.0073506699952898	0	-0.0073506699952898
713	18	34	-0.16760507	-0.17001925	BB	0	0.0284960882975975	-0.19291348	-0.19089042	BB	0	0.0368253352208616	ct2VSct4	-0.0083292469232641	0	-0.0083292469232641
714	18	35	-0.16760507	0.0060066249	BA	0	0	-0.19291348	-0.0071459731	BB	0	0.00137855453870739	ct2VSct4	-0.00238529532553563	0	-0.00137855453870739
715	18	36	-0.16760507	-0.02883865	BB	0	0.0048335039519555	-0.19291348	-0.09546514	BB	0	0.0184165123760872	ct2VSct4	-0.0135830084241317	0	-0.0135830084241317
716	18	37	-0.16760507	0.1362983	BA	0	0	-0.19291348	0.078333614	BA	0	0	ct2VSct4	-0.00773267603466428	0	0
717	18	38	-0.16760507	-0.11748793	BB	0	0.0196915727318051	-0.19291348	-0.12562377	BB	0	0.0242345186414196	ct2VSct4	-0.0045429459096145	0	-0.0045429459096145
718	18	39	-0.16760507	0.18710115	BA	0	0	-0.19291348	0.15790873	BA	0	0	ct2VSct4	-0.000896378716150101	0	0
719	18	40	-0.16760507	0.18804056	BA	0	0	-0.19291348	0.17291261	BA	0	0	ct2VSct4	0.0018406221093436	0	0
720	18	41	-0.16760507	0.18964921	BA	0	0	-0.19291348	0.18335729	BA	0	0	ct2VSct4	0.0035859237797745	0	0
721	18	42	-0.16760507	0.15865292	BA	0	0	-0.19291348	0.1628178	BA	0	0	ct2VSct4	0.0048187146416396	0	0
722	18	43	-0.16760507	-0.1823701	BB	0	0.030566153376407	-0.19291348	-0.17132332	BB	0	0.0330505778663536	ct2VSct4	-0.0024844244899466	0	-0.0024844244899466
723	18	44	-0.16760507	-0.17777604	BB	0	0.0297961656285228	-0.19291348	-0.16783001	BB	0	0.0323766712775348	ct2VSct4	-0.002580505649012	0	-0.002580505649012
724	18	45	-0.16760507	0.088799464	BA	0	0	-0.19291348	0.14089042	BA	0	0	ct2VSct4	0.0122964208411791	0	0
725	18	46	-0.16760507	-0.083378426	BB	0	0.0139746469262198	-0.19291348	-0.10152237	BB	0	0.0195850336945476	ct2VSct4	-0.00561038676832778	0	-0.0056103867683278
726	18	47	-0.16760507	0.15723078	BA	0	0	-0.19291348	0.15886527	BA	0	0	ct2VSct4	0.004294576198785	0	0
727	18	48	-0.16760507	0.14162452	BA	0	0	-0.19291348	0.09525499	BA	0	0	ct2VSct4	-0.0053610159800512	0	0
728	18	49	-0.16760507	0.047735823	BA	0	0	-0.19291348	-0.01745302	BB	0	0.0033669228247096	ct2VSct4	-0.0113676887801322	0	-0.0033669228247096
729	18	50	-0.16760507	0.0022084846	BA	0	0	-0.19291348	0.053211025	BA	0	0	ct2VSct4	0.00989497079114008	0	0
730	19	20	-0.14024768	0.054948016	BA	0	0	-0.15302515	0.067270407	BA	0	0	ct2VSct4	0.00258773235713317	0	0
731	19	21	-0.14024768	-0.0074197618	BB	0	0.00104060437860262	-0.15302515	-0.092687347	BB	0	0.014183495177777	ct2VSct4	-0.0131428907991744	0	-0.0131428907991744
732	19	22	-0.14024768	-0.15307954	BB	0	0.0214690503404672	-0.15302515	-0.19244915	BB	0	0.0294495600461225	ct2VSct4	-0.0079805097056553	0	-0.0079805097056553
733	19	23	-0.14024768	-0.094298444	BB	0	0.0132251379986099	-0.15302515	-0.082904505	BB	0	0.0126864743133007	ct2VSct4	0.00053866368530917	0	0.0005386636853092
734	19	24	-0.14024768	-0.15181406	BB	0	0.0212915697063808	-0.15302515	-0.18756089	BB	0	0.0287015333263835	ct2VSct4	-0.0074099636200027	0	-0.0074099636200027
735	19	25	-0.14024768	-0.14685121	BB	0	0.0205955415076928	-0.15302515	-0.176658	BB	0	0.0270331169487	ct2VSct4	-0.0064375754410072	0	-0.0064375754410072
736	19	26	-0.14024768	0.022230333	BA	0	0	-0.15302515	0.046911147	BA	0	0	ct2VSct4	0.00406083267746961	0	0
737	19	27	-0.14024768	-0.1369298	BB	0	0.019204086772864	-0.15302515	-0.12160587	BB	0	0.0186087564976305	ct2VSct4	0.000595330275233501	0	0.000595330275233501
738	19	28	-0.14024768	-0.19271408	BB	0	0.0270277026233344	-0.15302515	-0.20294332	BB	0	0.031055431984498	ct2VSct4	-0.0040277293611636	0	-0.0040277293611636
739	19	29	-0.14024768	-0.072474398	BB	0	0.0101643661788966	-0.15302515	-0.11742039	BB	0	0.0179682727928085	ct2VSct4	-0.00780390661391186	0	-0.0078039066139119
740	19	30	-0.14024768	-0.19092902	BB	0	0.0267773520996736	-0.15302515	-0.18628952	BB	0	0.028506981741428	ct2VSct4	-0.00172962964175439	0	-0.0017296296417544
741	19	31	-0.14024768	-0.061939482	BB	0	0.00868686865090176	-0.15302515	-0.026242096	BB	0	0.0040157006767144	ct2VSct4	0.00467116797418736	0	0.00467116797418736
742	19	32	-0.14024768	0.093314979	BA	0	0	-0.15302515	0.11104545	BA	0	0	ct2VSct4	0.00390553732906878	0	0
743	19	33	-0.14024768	-0.11083278	BB	0	0.0155440402629504	-0.15302515	-0.13439603	BB	0	0.0205659726501545	ct2VSct4	-0.0050219323872041	0	-0.0050219323872041
744	19	34	-0.14024768	-0.17001925	BB	0	0.02384480536784	-0.15302515	-0.19089042	BB	0	0.029211035154063	ct2VSct4	-0.005366229786223	0	-0.005366229786223
745	19	35	-0.14024768	0.0060066249	BA	0	0	-0.15302515	-0.0071459731	BB	0	0.00109351360552347	ct2VSct4	-0.0019359288123787	0	-0.00109351360552347
746	19	36	-0.14024768	-0.02883865	BB	0	0.004044553756832	-0.15302515	-0.09546514	BB	0	0.014608567368271	ct2VSct4	-0.010564013611439	0	-0.010564013611439
747	19	37	-0.14024768	0.1362983	BA	0	0	-0.15302515	0.078333614	BA	0	0	ct2VSct4	-0.0071285073305519	0	0
748	19	38	-0.14024768	-0.11748793	BB	0	0.0164774096105024	-0.15302515	-0.12562377	BB	0	0.0192235962478155	ct2VSct4	-0.0027461866373131	0	-0.0027461866373131
749	19	39	-0.14024768	0.18710115	BA	0	0	-0.15302515	0.15790873	BA	0	0	ct2VSct4	-0.0020764951182725	0	0
750	19	40	-0.14024768	0.18804056	BA	0	0	-0.15302515	0.17291261	BA	0	0	ct2VSct4	8.77257962406987e-05	0	0
751	19	41	-0.14024768	0.18964921	BA	0	0	-0.15302515	0.18335729	BA	0	0	ct2VSct4	0.00146041508951069	0	0
752	19	42	-0.14024768	0.15865292	BA	0	0	-0.15302515	0.1628178	BA	0	0	ct2VSct4	0.0026645143124444	0	0
753	19	43	-0.14024768	-0.1823701	BB	0	0.025576983426368	-0.15302515	-0.17132332	BB	0	0.026216776741498	ct2VSct4	-0.000639793315129995	0	-0.000639793315129998
754	19	44	-0.14024768	-0.17777604	BB	0	0.0249326771695872	-0.15302515	-0.16783001	BB	0	0.0256822124547515	ct2VSct4	-0.000749535285164298	0	-0.000749535285164301
755	19	45	-0.14024768	0.088799464	BA	0	0	-0.15302515	0.14089042	BA	0	0	ct2VSct4	0.00910585884281948	0	0
756	19	46	-0.14024768	-0.083378426	BB	0	0.0116936308085517	-0.15302515	-0.10152237	BB	0	0.0155354758976055	ct2VSct4	-0.00384184508905382	0	-0.0038418450890538
757	19	47	-0.14024768	0.15723078	BA	0	0	-0.15302515	0.15886527	BA	0	0	ct2VSct4	0.0022591296519501	0	0
758	19	48	-0.14024768	0.14162452	BA	0	0	-0.15302515	0.09525499	BA	0	0	ct2VSct4	-0.0052861012281151	0	0
759	19	49	-0.14024768	0.047735823	BA	0	0	-0.15302515	-0.01745302	BB	0	0.002670751003453	ct2VSct4	-0.00936558943209364	0	-0.002670751003453
760	19	50	-0.14024768	0.0022084846	BA	0	0	-0.15302515	0.053211025	BA	0	0	ct2VSct4	0.00783289024081302	0	0
761	20	21	0.054948016	-0.0074197618	AB	0	0	0.067270407	-0.092687347	AB	0	0	ct2VSct4	0.00582741436633764	0	0
762	20	22	0.054948016	-0.15307954	AB	0	0	0.067270407	-0.19244915	AB	0	0	ct2VSct4	0.00453471563411141	0	0
763	20	23	0.054948016	-0.094298444	AB	0	0	0.067270407	-0.082904505	AB	0	0	ct2VSct4	0.000395507383796432	0	0
764	20	24	0.054948016	-0.15181406	AB	0	0	0.067270407	-0.18756089	AB	0	0	ct2VSct4	0.00427541600967727	0	0
765	20	25	0.054948016	-0.14685121	AB	0	0	0.067270407	-0.176658	AB	0	0	ct2VSct4	0.00381467292310664	0	0
766	20	26	0.054948016	0.022230333	AA	0.00122151269336933	0	0.067270407	0.046911147	AA	0.00315573195152683	0	ct2VSct4	-0.0019342192581575	-0.0019342192581575	0
767	20	27	0.054948016	-0.1369298	AB	0	0	0.067270407	-0.12160587	AB	0	0	ct2VSct4	0.00065645552721229	0	0
768	20	28	0.054948016	-0.19271408	AB	0	0	0.067270407	-0.20294332	AB	0	0	ct2VSct4	0.00306282338306596	0	0
769	20	29	0.054948016	-0.072474398	AB	0	0	0.067270407	-0.11742039	AB	0	0	ct2VSct4	0.00391659304450436	0	0
770	20	30	0.054948016	-0.19092902	AB	0	0	0.067270407	-0.18628952	AB	0	0	ct2VSct4	0.00204060098441032	0	0
771	20	31	0.054948016	-0.061939482	AB	0	0	0.067270407	-0.026242096	AB	0	0	ct2VSct4	-0.00163813516951464	0	0
772	20	32	0.054948016	0.093314979	AA	0.00512747295913166	0	0.067270407	0.11104545	AA	0.00747007261699815	0	ct2VSct4	-0.00234259965786649	-0.00234259965786649	0
773	20	33	0.054948016	-0.11083278	AB	0	0	0.067270407	-0.13439603	AB	0	0	ct2VSct4	0.00295083426851973	0	0
774	20	34	0.054948016	-0.17001925	AB	0	0	0.067270407	-0.19089042	AB	0	0	ct2VSct4	0.00349905577649294	0	0
775	20	35	0.054948016	0.0060066249	AA	0.000330052121111198	0	0.067270407	-0.0071459731	AB	0	0	ct2VSct4	0.00081076463995925	0.000330052121111198	0
776	20	36	0.054948016	-0.02883865	AB	0	0	0.067270407	-0.09546514	AB	0	0	ct2VSct4	0.00483735222049358	0	0
777	20	37	0.054948016	0.1362983	AA	0.0074893211691728	0	0.067270407	0.078333614	AA	0.0052695340955609	0	ct2VSct4	0.0022197870736119	0.0022197870736119	0
778	20	38	0.054948016	-0.11748793	AB	0	0	0.067270407	-0.12562377	AB	0	0	ct2VSct4	0.00199503347932751	0	0
779	20	39	0.054948016	0.18710115	AA	0.0102808369838184	0	0.067270407	0.15790873	AA	0.0106225845359531	0	ct2VSct4	-0.000341747552134711	-0.000341747552134701	0
780	20	40	0.054948016	0.18804056	AA	0.010332455699529	0	0.067270407	0.17291261	AA	0.0116319016501323	0	ct2VSct4	-0.00129944595060331	-0.0012994459506033	0
781	20	41	0.054948016	0.18964921	AA	0.0104208478254674	0	0.067270407	0.18335729	AA	0.012334519524717	0	ct2VSct4	-0.00191367169924967	-0.0019136716992496	0
782	20	42	0.054948016	0.15865292	AA	0.00871766318660672	0	0.067270407	0.1628178	AA	0.0109528196728446	0	ct2VSct4	-0.00223515648623788	-0.00223515648623788	0
783	20	43	0.054948016	-0.1823701	AB	0	0	0.067270407	-0.17132332	AB	0	0	ct2VSct4	0.00150411429226964	0	0
784	20	44	0.054948016	-0.17777604	AB	0	0	0.067270407	-0.16783001	AB	0	0	ct2VSct4	0.00152155238917743	0	0
785	20	45	0.054948016	0.088799464	AA	0.00487935436866342	0	0.067270407	0.14089042	AA	0.00947775589580094	0	ct2VSct4	-0.00459840152713752	-0.00459840152713752	0
786	20	46	0.054948016	-0.083378426	AB	0	0	0.067270407	-0.10152237	AB	0	0	ct2VSct4	0.00224797206360177	0	0
787	20	47	0.054948016	0.15723078	AA	0.00863951941513248	0	0.067270407	0.15886527	AA	0.0106869313710649	0	ct2VSct4	-0.00204741195593241	-0.00204741195593242	0
788	20	48	0.054948016	0.14162452	AA	0.00778198639095232	0	0.067270407	0.09525499	AA	0.00640784194608093	0	ct2VSct4	0.00137414444487139	0.00137414444487139	0
789	20	49	0.054948016	0.047735823	AA	0.00262298876597717	0	0.067270407	-0.01745302	AB	0	0	ct2VSct4	0.00379706052475631	0.00262298876597717	0
790	20	50	0.054948016	0.0022084846	AA	0.000121351847136554	0	0.067270407	0.053211025	AA	0.00357952730863718	0	ct2VSct4	-0.00345817546150062	-0.00345817546150063	0
791	21	22	-0.0074197618	-0.15307954	BB	0	0.00113581372325357	-0.092687347	-0.19244915	BB	0	0.0178376011459051	ct2VSct4	-0.0167017874226515	0	-0.0167017874226515
792	21	23	-0.0074197618	-0.094298444	BB	0	0.000699671992590639	-0.092687347	-0.082904505	BB	0	0.00768419862279824	ct2VSct4	-0.0069845266302076	0	-0.0069845266302076
793	21	24	-0.0074197618	-0.15181406	BB	0	0.00112642416309091	-0.092687347	-0.18756089	BB	0	0.0173845212950588	ct2VSct4	-0.0162580971319679	0	-0.0162580971319679
794	21	25	-0.0074197618	-0.14685121	BB	0	0.00108960099824178	-0.092687347	-0.176658	BB	0	0.016373961346326	ct2VSct4	-0.0152843603480842	0	-0.0152843603480842
795	21	26	-0.0074197618	0.022230333	BA	0	0	-0.092687347	0.046911147	BA	0	0	ct2VSct4	0.00418312598456233	0	0
796	21	27	-0.0074197618	-0.1369298	BB	0	0.00101598649932164	-0.092687347	-0.12160587	BB	0	0.0112713254699269	ct2VSct4	-0.0102553389706053	0	-0.0102553389706053
797	21	28	-0.0074197618	-0.19271408	BB	0	0.00142989256910614	-0.092687347	-0.20294332	BB	0	0.018810277922172	ct2VSct4	-0.0173803853530659	0	-0.0173803853530659
798	21	29	-0.0074197618	-0.072474398	BB	0	0.000537742769758396	-0.092687347	-0.11742039	BB	0	0.0108833844328053	ct2VSct4	-0.0103456416630469	0	-0.0103456416630469
799	21	30	-0.0074197618	-0.19092902	BB	0	0.00141664784910744	-0.092687347	-0.18628952	BB	0	0.0172666813827034	ct2VSct4	-0.015850033533596	0	-0.015850033533596
800	21	31	-0.0074197618	-0.061939482	BB	0	0.000459576202455388	-0.092687347	-0.026242096	BB	0	0.00243231025795931	ct2VSct4	-0.00197273405550392	0	-0.00197273405550392
801	21	32	-0.0074197618	0.093314979	BA	0	0	-0.092687347	0.11104545	BA	0	0	ct2VSct4	0.00960013324036915	0	0
802	21	33	-0.0074197618	-0.11083278	BB	0	0.000822352827231804	-0.092687347	-0.13439603	BB	0	0.0124568114680324	ct2VSct4	-0.0116344586408006	0	-0.0116344586408006
803	21	34	-0.0074197618	-0.17001925	BB	0	0.00126150233641465	-0.092687347	-0.19089042	BB	0	0.0176931265975157	ct2VSct4	-0.0164316242611011	0	-0.016431624261101
804	21	35	-0.0074197618	0.0060066249	BA	0	0	-0.092687347	-0.0071459731	BB	0	0.000662341288372366	ct2VSct4	-0.000706909014352315	0	-0.000662341288372366
805	21	36	-0.0074197618	-0.02883865	BB	0	0.00021397591363357	-0.092687347	-0.09546514	BB	0	0.00884841055758358	ct2VSct4	-0.00863443464395001	0	-0.00863443464395001
806	21	37	-0.0074197618	0.1362983	BA	0	0	-0.092687347	0.078333614	BA	0	0	ct2VSct4	0.00624923394283712	0	0
807	21	38	-0.0074197618	-0.11748793	BB	0	0.000871732454975074	-0.092687347	-0.12562377	BB	0	0.0116437339614382	ct2VSct4	-0.0107720015064631	0	-0.0107720015064631
808	21	39	-0.0074197618	0.18710115	BA	0	0	-0.092687347	0.15790873	BA	0	0	ct2VSct4	0.0132478952863332	0	0
809	21	40	-0.0074197618	0.18804056	BA	0	0	-0.092687347	0.17291261	BA	0	0	ct2VSct4	0.0146315949198071	0	0
810	21	41	-0.0074197618	0.18964921	BA	0	0	-0.092687347	0.18335729	BA	0	0	ct2VSct4	0.0155877487994515	0	0
811	21	42	-0.0074197618	0.15865292	BA	0	0	-0.092687347	0.1628178	BA	0	0	ct2VSct4	0.0139139830511021	0	0
812	21	43	-0.0074197618	-0.1823701	BB	0	0.00135314270144218	-0.092687347	-0.17132332	BB	0	0.015879504010032	ct2VSct4	-0.0145263613085899	0	-0.0145263613085898
813	21	44	-0.0074197618	-0.17777604	BB	0	0.00131905587054727	-0.092687347	-0.16783001	BB	0	0.0155557183738835	ct2VSct4	-0.0142366625033362	0	-0.0142366625033362
814	21	45	-0.0074197618	0.088799464	BA	0	0	-0.092687347	0.14089042	BA	0	0	ct2VSct4	0.0123998883766681	0	0
815	21	46	-0.0074197618	-0.083378426	BB	0	0.000618648060178927	-0.092687347	-0.10152237	BB	0	0.00940983913645239	ct2VSct4	-0.00879119107627346	0	-0.00879119107627346
816	21	47	-0.0074197618	0.15723078	BA	0	0	-0.092687347	0.15886527	BA	0	0	ct2VSct4	0.0135581854715105	0	0
817	21	48	-0.0074197618	0.14162452	BA	0	0	-0.092687347	0.09525499	BA	0	0	ct2VSct4	0.00777811210817219	0	0
818	21	49	-0.0074197618	0.047735823	BA	0	0	-0.092687347	-0.01745302	BB	0	0.00161767412093794	ct2VSct4	-0.0019718625569249	0	-0.00161767412093794
819	21	50	-0.0074197618	0.0022084846	BA	0	0	-0.092687347	0.053211025	BA	0	0	ct2VSct4	0.00491560230872971	0	0
820	22	23	-0.15307954	-0.094298444	BB	0	0.0144351624302358	-0.19244915	-0.082904505	BB	0	0.0159549015184208	ct2VSct4	-0.00151973908818499	0	-0.001519739088185
821	22	24	-0.15307954	-0.15181406	BB	0	0.0232396264703324	-0.19244915	-0.18756089	BB	0	0.0360959338537435	ct2VSct4	-0.0128563073834111	0	-0.0128563073834111
822	22	25	-0.15307954	-0.14685121	BB	0	0.0224799156752434	-0.19244915	-0.176658	BB	0	0.0339976819407	ct2VSct4	-0.0115177662654566	0	-0.0115177662654566
823	22	26	-0.15307954	0.022230333	BA	0	0	-0.19244915	0.046911147	BA	0	0	ct2VSct4	0.00562500121598823	0	0
824	22	27	-0.15307954	-0.1369298	BB	0	0.020961150796292	-0.19244915	-0.12160587	BB	0	0.0234029463165105	ct2VSct4	-0.00244179552021851	0	-0.0024417955202185
825	22	28	-0.15307954	-0.19271408	BB	0	0.0295005827179232	-0.19244915	-0.20294332	BB	0	0.039056269432178	ct2VSct4	-0.00955568671425481	0	-0.0095556867142548
826	22	29	-0.15307954	-0.072474398	BB	0	0.0110943475076169	-0.19244915	-0.11742039	BB	0	0.0225974542481685	ct2VSct4	-0.0115031067405516	0	-0.0115031067405516
827	22	30	-0.15307954	-0.19092902	BB	0	0.0292273265542508	-0.19244915	-0.18628952	BB	0	0.035851259777908	ct2VSct4	-0.0066239332236572	0	-0.0066239332236572
828	22	31	-0.15307954	-0.061939482	BB	0	0.00948166741239828	-0.19244915	-0.026242096	BB	0	0.0050502690694184	ct2VSct4	0.00443139834297988	0	0.00443139834297988
829	22	32	-0.15307954	0.093314979	BA	0	0	-0.19244915	0.11104545	BA	0	0	ct2VSct4	0.00708598840343784	0	0
830	22	33	-0.15307954	-0.11083278	BB	0	0.0169662309793212	-0.19244915	-0.13439603	BB	0	0.0258644017368745	ct2VSct4	-0.0088981707575533	0	-0.0088981707575533
831	22	34	-0.15307954	-0.17001925	BB	0	0.026026468581145	-0.19244915	-0.19089042	BB	0	0.036736699072143	ct2VSct4	-0.010710230490998	0	-0.010710230490998
832	22	35	-0.15307954	0.0060066249	BA	0	0	-0.19244915	-0.0071459731	BB	0	0.00137523644901787	ct2VSct4	-0.00229472782566241	0	-0.00137523644901787
833	22	36	-0.15307954	-0.02883865	BB	0	0.004414607276221	-0.19244915	-0.09546514	BB	0	0.018372185047631	ct2VSct4	-0.01395757777141	0	-0.01395757777141
834	22	37	-0.15307954	0.1362983	BA	0	0	-0.19244915	0.078333614	BA	0	0	ct2VSct4	-0.0057892436360539	0	0
835	22	38	-0.15307954	-0.11748793	BB	0	0.0179849982799522	-0.19244915	-0.12562377	BB	0	0.0241761877562955	ct2VSct4	-0.0061911894763433	0	-0.0061911894763433
836	22	39	-0.15307954	0.18710115	BA	0	0	-0.19244915	0.15790873	BA	0	0	ct2VSct4	0.00174804289060851	0	0
837	22	40	-0.15307954	0.18804056	BA	0	0	-0.19244915	0.17291261	BA	0	0	ct2VSct4	0.00449172239263911	0	0
838	22	41	-0.15307954	0.18964921	BA	0	0	-0.19244915	0.18335729	BA	0	0	ct2VSct4	0.00625554077864011	0	0
839	22	42	-0.15307954	0.15865292	BA	0	0	-0.19244915	0.1628178	BA	0	0	ct2VSct4	0.0070476312016132	0	0
840	22	43	-0.15307954	-0.1823701	BB	0	0.027917131017754	-0.19244915	-0.17132332	BB	0	0.032971027309178	ct2VSct4	-0.005053896291424	0	-0.005053896291424
841	22	44	-0.15307954	-0.17777604	BB	0	0.0272138744262216	-0.19244915	-0.16783001	BB	0	0.0322987427689915	ct2VSct4	-0.0050848683427699	0	-0.0050848683427699
842	22	45	-0.15307954	0.088799464	BA	0	0	-0.19244915	0.14089042	BA	0	0	ct2VSct4	0.0135208604707764	0	0
843	22	46	-0.15307954	-0.083378426	BB	0	0.012763531098004	-0.19244915	-0.10152237	BB	0	0.0195378938124855	ct2VSct4	-0.00677436271448146	0	-0.0067743627144815
844	22	47	-0.15307954	0.15723078	BA	0	0	-0.19244915	0.15886527	BA	0	0	ct2VSct4	0.00650467069977931	0	0
845	22	48	-0.15307954	0.14162452	BA	0	0	-0.19244915	0.09525499	BA	0	0	ct2VSct4	-0.0033480745155623	0	0
846	22	49	-0.15307954	0.047735823	BA	0	0	-0.19244915	-0.01745302	BB	0	0.003358818863933	ct2VSct4	-0.0106661966902944	0	-0.003358818863933
847	22	50	-0.15307954	0.0022084846	BA	0	0	-0.19244915	0.053211025	BA	0	0	ct2VSct4	0.00990234272521367	0	0
848	23	24	-0.094298444	-0.15181406	BB	0	0.0143158296353226	-0.082904505	-0.18756089	BB	0	0.0155496427428095	ct2VSct4	-0.00123381310748681	0	-0.0012338131074869
849	23	25	-0.094298444	-0.14685121	BB	0	0.0138478406025172	-0.082904505	-0.176658	BB	0	0.01464574404429	ct2VSct4	-0.000797903441772762	0	-0.0007979034417728
850	23	26	-0.094298444	0.022230333	BA	0	0	-0.082904505	0.046911147	BA	0	0	ct2VSct4	0.00179285960951538	0	0
851	23	27	-0.094298444	-0.1369298	BB	0	0.0129122670772312	-0.082904505	-0.12160587	BB	0	0.0100816744574444	ct2VSct4	0.00283059261978685	0	0.0028305926197868
852	23	28	-0.094298444	-0.19271408	BB	0	0.0181726378808915	-0.082904505	-0.20294332	BB	0	0.0168249154876566	ct2VSct4	0.00134772239323492	0	0.0013477223932349
853	23	29	-0.094298444	-0.072474398	BB	0	0.00683422296123671	-0.082904505	-0.11742039	BB	0	0.00973467930985695	ct2VSct4	-0.00290045634862024	0	-0.00290045634862024
854	23	30	-0.094298444	-0.19092902	BB	0	0.0180043095004449	-0.082904505	-0.18628952	BB	0	0.0154442404422876	ct2VSct4	0.00256006905815728	0	0.0025600690581573
855	23	31	-0.094298444	-0.061939482	BB	0	0.00584079677476601	-0.082904505	-0.026242096	BB	0	0.00217558797904248	ct2VSct4	0.00366520879572353	0	0.00366520879572353
856	23	32	-0.094298444	0.093314979	BA	0	0	-0.082904505	0.11104545	BA	0	0	ct2VSct4	0.000406710743159575	0	0
857	23	33	-0.094298444	-0.11083278	BB	0	0.0104513586981943	-0.082904505	-0.13439603	BB	0	0.0111420363411152	ct2VSct4	-0.000690677642920832	0	-0.0006906776429209
858	23	34	-0.094298444	-0.17001925	BB	0	0.016032550725047	-0.082904505	-0.19089042	BB	0	0.0158256757793421	ct2VSct4	0.000206874945704899	0	0.000206874945704903
859	23	35	-0.094298444	0.0060066249	BA	0	0	-0.082904505	-0.0071459731	BB	0	0.000592433362598816	ct2VSct4	-0.00115884874436047	0	-0.000592433362598816
860	23	36	-0.094298444	-0.02883865	BB	0	0.0027194398220606	-0.082904505	-0.09546514	BB	0	0.0079144901764557	ct2VSct4	-0.0051950503543951	0	-0.0051950503543951
861	23	37	-0.094298444	0.1362983	BA	0	0	-0.082904505	0.078333614	BA	0	0	ct2VSct4	-0.00635850811631413	0	0
862	23	38	-0.094298444	-0.11748793	BB	0	0.0110789289877809	-0.082904505	-0.12562377	BB	0	0.0104147764680839	ct2VSct4	0.00066415251969707	0	0.000664152519697
863	23	39	-0.094298444	0.18710115	BA	0	0	-0.082904505	0.15790873	BA	0	0	ct2VSct4	-0.00455200221978195	0	0
864	23	40	-0.094298444	0.18804056	BA	0	0	-0.082904505	0.17291261	BA	0	0	ct2VSct4	-0.00339669787658059	0	0
865	23	41	-0.094298444	0.18964921	BA	0	0	-0.082904505	0.18335729	BA	0	0	ct2VSct4	-0.00268248004323779	0	0
866	23	42	-0.094298444	0.15865292	BA	0	0	-0.082904505	0.1628178	BA	0	0	ct2VSct4	-0.00146239437786748	0	0
867	23	43	-0.094298444	-0.1823701	BB	0	0.0171972166621244	-0.082904505	-0.17132332	BB	0	0.0142034750395566	ct2VSct4	0.0029937416225678	0	0.0029937416225678
868	23	44	-0.094298444	-0.17777604	BB	0	0.0167640039524818	-0.082904505	-0.16783001	BB	0	0.013913863903195	ct2VSct4	0.00285014004928671	0	0.0028501400492868
869	23	45	-0.094298444	0.088799464	BA	0	0	-0.082904505	0.14089042	BA	0	0	ct2VSct4	0.00330679924610808	0	0
870	23	46	-0.094298444	-0.083378426	BB	0	0.00786245583496914	-0.082904505	-0.10152237	BB	0	0.00841666183127685	ct2VSct4	-0.000554205996307707	0	-0.00055420599630771
871	23	47	-0.094298444	0.15723078	BA	0	0	-0.082904505	0.15886527	BA	0	0	ct2VSct4	-0.00165597133186497	0	0
872	23	48	-0.094298444	0.14162452	BA	0	0	-0.082904505	0.09525499	BA	0	0	ct2VSct4	-0.00545790407351693	0	0
873	23	49	-0.094298444	0.047735823	BA	0	0	-0.082904505	-0.01745302	BB	0	0.0014469339838551	ct2VSct4	-0.00594834781581451	0	-0.0014469339838551
874	23	50	-0.094298444	0.0022084846	BA	0	0	-0.082904505	0.053211025	BA	0	0	ct2VSct4	0.00420317702678966	0	0
875	24	25	-0.15181406	-0.14685121	BB	0	0.0222940784060126	-0.18756089	-0.176658	BB	0	0.03313413170562	ct2VSct4	-0.0108400532996074	0	-0.0108400532996074
876	24	26	-0.15181406	0.022230333	BA	0	0	-0.18756089	0.046911147	BA	0	0	ct2VSct4	0.00542381937435885	0	0
877	24	27	-0.15181406	-0.1369298	BB	0	0.020787868872988	-0.18756089	-0.12160587	BB	0	0.0228085052064243	ct2VSct4	-0.0020206363334363	0	-0.0020206363334363
878	24	28	-0.15181406	-0.19271408	BB	0	0.0292567069039648	-0.18756089	-0.20294332	BB	0	0.0380642297187548	ct2VSct4	-0.00880752281479	0	-0.00880752281479
879	24	29	-0.15181406	-0.072474398	BB	0	0.0110026326064359	-0.18756089	-0.11742039	BB	0	0.0220234728525471	ct2VSct4	-0.0110208402461112	0	-0.0110208402461112
880	24	30	-0.15181406	-0.19092902	BB	0	0.0289857096980212	-0.18756089	-0.18628952	BB	0	0.0349406281688728	ct2VSct4	-0.0059549184708516	0	-0.0059549184708516
881	24	31	-0.15181406	-0.061939482	BB	0	0.00940328423671692	-0.18756089	-0.026242096	BB	0	0.00492199088122544	ct2VSct4	0.00448129335549148	0	0.00448129335549148
882	24	32	-0.15181406	0.093314979	BA	0	0	-0.18756089	0.11104545	BA	0	0	ct2VSct4	0.00666125761164576	0	0
883	24	33	-0.15181406	-0.11083278	BB	0	0.0168259743128868	-0.18756089	-0.13439603	BB	0	0.0252074389992667	ct2VSct4	-0.0083814646863799	0	-0.0083814646863799
884	24	34	-0.15181406	-0.17001925	BB	0	0.025811312620655	-0.18756089	-0.19089042	BB	0	0.0358035770676738	ct2VSct4	-0.0099922644470188	0	-0.0099922644470188
885	24	35	-0.15181406	0.0060066249	BA	0	0	-0.18756089	-0.0071459731	BB	0	0.00134030507455206	ct2VSct4	-0.00225219518751815	0	-0.00134030507455206
886	24	36	-0.15181406	-0.02883865	BB	0	0.004378112541419	-0.18756089	-0.09546514	BB	0	0.0179055266223746	ct2VSct4	-0.0135274140809556	0	-0.0135274140809556
887	24	37	-0.15181406	0.1362983	BA	0	0	-0.18756089	0.078333614	BA	0	0	ct2VSct4	-0.00599967593534154	0	0
888	24	38	-0.15181406	-0.11748793	BB	0	0.0178363196542958	-0.18756089	-0.12562377	BB	0	0.0235621061063553	ct2VSct4	-0.0057257864520595	0	-0.0057257864520595
889	24	39	-0.15181406	0.18710115	BA	0	0	-0.18756089	0.15790873	BA	0	0	ct2VSct4	0.0012129167254007	0	0
890	24	40	-0.15181406	0.18804056	BA	0	0	-0.18756089	0.17291261	BA	0	0	ct2VSct4	0.0038844421655493	0	0
891	24	41	-0.15181406	0.18964921	BA	0	0	-0.18756089	0.18335729	BA	0	0	ct2VSct4	0.0055992399544955	0	0
892	24	42	-0.15181406	0.15865292	BA	0	0	-0.18756089	0.1628178	BA	0	0	ct2VSct4	0.0064525075597868	0	0
893	24	43	-0.15181406	-0.1823701	BB	0	0.027686345303606	-0.18756089	-0.17132332	BB	0	0.0321335543769548	ct2VSct4	-0.0044472090733488	0	-0.0044472090733488
894	24	44	-0.15181406	-0.17777604	BB	0	0.0269889024031224	-0.18756089	-0.16783001	BB	0	0.0314783460443089	ct2VSct4	-0.0044894436411865	0	-0.0044894436411865
895	24	45	-0.15181406	0.088799464	BA	0	0	-0.18756089	0.14089042	BA	0	0	ct2VSct4	0.01294452541201	0	0
896	24	46	-0.15181406	-0.083378426	BB	0	0.0126580173674696	-0.18756089	-0.10152237	BB	0	0.0190416260721093	ct2VSct4	-0.00638360870463974	0	-0.0063836087046397
897	24	47	-0.15181406	0.15723078	BA	0	0	-0.18756089	0.15886527	BA	0	0	ct2VSct4	0.0059270683625235	0	0
898	24	48	-0.15181406	0.14162452	BA	0	0	-0.18756089	0.09525499	BA	0	0	ct2VSct4	-0.0036344826754101	0	0
899	24	49	-0.15181406	0.047735823	BA	0	0	-0.18756089	-0.01745302	BB	0	0.0032735039643878	ct2VSct4	-0.0105204730614592	0	-0.0032735039643878
900	24	50	-0.15181406	0.0022084846	BA	0	0	-0.18756089	0.053211025	BA	0	0	ct2VSct4	0.00964502819323877	0	0
901	25	26	-0.14685121	0.022230333	BA	0	0	-0.176658	0.046911147	BA	0	0	ct2VSct4	0.00502267810697307	0	0
902	25	27	-0.14685121	-0.1369298	BB	0	0.020108306815058	-0.176658	-0.12160587	BB	0	0.02148264978246	ct2VSct4	-0.001374342967402	0	-0.001374342967402
903	25	28	-0.14685121	-0.19271408	BB	0	0.0283002958320368	-0.176658	-0.20294332	BB	0	0.03585156102456	ct2VSct4	-0.0075512651925232	0	-0.0075512651925232
904	25	29	-0.14685121	-0.072474398	BB	0	0.0106429530403216	-0.176658	-0.11742039	BB	0	0.02074325125662	ct2VSct4	-0.0101002982162984	0	-0.0101002982162984
905	25	30	-0.14685121	-0.19092902	BB	0	0.0280381576111142	-0.176658	-0.18628952	BB	0	0.03290953402416	ct2VSct4	-0.0048713764130458	0	-0.0048713764130458
906	25	31	-0.14685121	-0.061939482	BB	0	0.00909588787847322	-0.176658	-0.026242096	BB	0	0.004635876195168	ct2VSct4	0.00446001168330522	0	0.00446001168330522
907	25	32	-0.14685121	0.093314979	BA	0	0	-0.176658	0.11104545	BA	0	0	ct2VSct4	0.00591364952882541	0	0
908	25	33	-0.14685121	-0.11083278	BB	0	0.0162759278506638	-0.176658	-0.13439603	BB	0	0.02374213386774	ct2VSct4	-0.0074662060170762	0	-0.0074662060170762
909	25	34	-0.14685121	-0.17001925	BB	0	0.0249675325857925	-0.176658	-0.19089042	BB	0	0.03372231981636	ct2VSct4	-0.0087547872305675	0	-0.0087547872305675
910	25	35	-0.14685121	0.0060066249	BA	0	0	-0.176658	-0.0071459731	BB	0	0.0012623933158998	ct2VSct4	-0.00214447345048093	0	-0.0012623933158998
911	25	36	-0.14685121	-0.02883865	BB	0	0.0042349906472665	-0.176658	-0.09546514	BB	0	0.01686468070212	ct2VSct4	-0.0126296900548535	0	-0.0126296900548535
912	25	37	-0.14685121	0.1362983	BA	0	0	-0.176658	0.078333614	BA	0	0	ct2VSct4	-0.006177310693931	0	0
913	25	38	-0.14685121	-0.11748793	BB	0	0.0172532446808953	-0.176658	-0.12562377	BB	0	0.02219244396066	ct2VSct4	-0.0049391992797647	0	-0.0049391992797647
914	25	39	-0.14685121	0.18710115	BA	0	0	-0.176658	0.15790873	BA	0	0	ct2VSct4	0.000419810154448502	0	0
915	25	40	-0.14685121	0.18804056	BA	0	0	-0.176658	0.17291261	BA	0	0	ct2VSct4	0.0029324120923024	0	0
916	25	41	-0.14685121	0.18964921	BA	0	0	-0.176658	0.18335729	BA	0	0	ct2VSct4	0.0045413161727759	0	0
917	25	42	-0.14685121	0.15865292	BA	0	0	-0.176658	0.1628178	BA	0	0	ct2VSct4	0.0054646936403668	0	0
918	25	43	-0.14685121	-0.1823701	BB	0	0.026781269852821	-0.176658	-0.17132332	BB	0	0.03026563506456	ct2VSct4	-0.003484365211739	0	-0.003484365211739
919	25	44	-0.14685121	-0.17777604	BB	0	0.0261066265830084	-0.176658	-0.16783001	BB	0	0.02964851390658	ct2VSct4	-0.0035418873235716	0	-0.0035418873235716
920	25	45	-0.14685121	0.088799464	BA	0	0	-0.176658	0.14089042	BA	0	0	ct2VSct4	0.0118491110806086	0	0
921	25	46	-0.14685121	-0.083378426	BB	0	0.0122442227459955	-0.176658	-0.10152237	BB	0	0.01793473883946	ct2VSct4	-0.00569051609346454	0	-0.0056905160934645
922	25	47	-0.14685121	0.15723078	BA	0	0	-0.176658	0.15886527	BA	0	0	ct2VSct4	0.0049752905754162	0	0
923	25	48	-0.14685121	0.14162452	BA	0	0	-0.176658	0.09525499	BA	0	0	ct2VSct4	-0.0039701761042492	0	0
924	25	49	-0.14685121	0.047735823	BA	0	0	-0.176658	-0.01745302	BB	0	0.00308321560716	ct2VSct4	-0.0100932789750558	0	-0.00308321560716
925	25	50	-0.14685121	0.0022084846	BA	0	0	-0.176658	0.053211025	BA	0	0	ct2VSct4	0.00907583461867363	0	0
926	26	27	0.022230333	-0.1369298	AB	0	0	0.046911147	-0.12160587	AB	0	0	ct2VSct4	0.00266067579200949	0	0
927	26	28	0.022230333	-0.19271408	AB	0	0	0.046911147	-0.20294332	AB	0	0	ct2VSct4	0.0052362057449994	0	0
928	26	29	0.022230333	-0.072474398	AB	0	0	0.046911147	-0.11742039	AB	0	0	ct2VSct4	0.0038971951745728	0	0
929	26	30	0.022230333	-0.19092902	AB	0	0	0.046911147	-0.18628952	AB	0	0	ct2VSct4	0.00449463936331578	0	0
930	26	31	0.022230333	-0.061939482	AB	0	0	0.046911147	-0.026242096	AB	0	0	ct2VSct4	-0.000145888487663394	0	0
931	26	32	0.022230333	0.093314979	AA	0.00207442305705801	0	0.046911147	0.11104545	AA	0.00520926942863115	0	ct2VSct4	-0.00313484637157314	-0.00313484637157314	0
932	26	33	0.022230333	-0.11083278	AB	0	0	0.046911147	-0.13439603	AB	0	0	ct2VSct4	0.00384082231283067	0	0
933	26	34	0.022230333	-0.17001925	AB	0	0	0.046911147	-0.19089042	AB	0	0	ct2VSct4	0.00517530400960149	0	0
934	26	35	0.022230333	0.0060066249	AA	0.000133529271733092	0	0.046911147	-0.0071459731	AB	0	0	ct2VSct4	0.000468755066285237	0.000133529271733092	0
935	26	36	0.022230333	-0.02883865	AB	0	0	0.046911147	-0.09546514	AB	0	0	ct2VSct4	0.00383728642314513	0	0
936	26	37	0.022230333	0.1362983	AA	0.0030299565963339	0	0.046911147	0.078333614	AA	0.00367471968139526	0	ct2VSct4	-0.000644763085061357	-0.00064476308506136	0
937	26	38	0.022230333	-0.11748793	AB	0	0	0.046911147	-0.12562377	AB	0	0	ct2VSct4	0.0032813593337835	0	0
938	26	39	0.022230333	0.18710115	AA	0.00415932086918295	0	0.046911147	0.15790873	AA	0.00740767964561331	0	ct2VSct4	-0.00324835877643036	-0.00324835877643036	0
939	26	40	0.022230333	0.18804056	AA	0.00418020426630648	0	0.046911147	0.17291261	AA	0.00811152886586367	0	ct2VSct4	-0.00393132459955719	-0.00393132459955719	0
940	26	41	0.022230333	0.18964921	AA	0.00421596509148693	0	0.046911147	0.18335729	AA	0.00860150078471163	0	ct2VSct4	-0.0043855356932247	-0.0043855356932247	0
941	26	42	0.022230333	0.15865292	AA	0.00352690724302236	0	0.046911147	0.1628178	AA	0.0076379697500166	0	ct2VSct4	-0.00411106250699424	-0.00411106250699424	0
942	26	43	0.022230333	-0.1823701	AB	0	0	0.046911147	-0.17132332	AB	0	0	ct2VSct4	0.00398282539680474	0	0
943	26	44	0.022230333	-0.17777604	AB	0	0	0.046911147	-0.16783001	AB	0	0	ct2VSct4	0.00392107770150015	0	0
944	26	45	0.022230333	0.088799464	AA	0.00197404165494151	0	0.046911147	0.14089042	AA	0.00660933120351174	0	ct2VSct4	-0.00463528954857023	-0.00463528954857023	0
945	26	46	0.022230333	-0.083378426	AB	0	0	0.046911147	-0.10152237	AB	0	0	ct2VSct4	0.00290900064786253	0	0
946	26	47	0.022230333	0.15723078	AA	0.00349529259724974	0	0.046911147	0.15886527	AA	0.00745255203416469	0	ct2VSct4	-0.00395725943691495	-0.00395725943691495	0
947	26	48	0.022230333	0.14162452	AA	0.00314836024056516	0	0.046911147	0.09525499	AA	0.00446852083837353	0	ct2VSct4	-0.00132016059780837	-0.00132016059780837	0
948	26	49	0.022230333	0.047735823	AA	0.00106118324131906	0	0.046911147	-0.01745302	AB	0	0	ct2VSct4	0.001879924428133	0.00106118324131906	0
949	26	50	0.022230333	0.0022084846	AA	4.90953480833718e-05	0	0.046911147	0.053211025	AA	0.00249619021579568	0	ct2VSct4	-0.0024470948677123	-0.00244709486771231	0
950	27	28	-0.1369298	-0.19271408	BB	0	0.026388300431584	-0.12160587	-0.20294332	BB	0	0.0246790989892884	ct2VSct4	0.0017092014422956	0	0.0017092014422956
951	27	29	-0.1369298	-0.072474398	BB	0	0.0099239048232604	-0.12160587	-0.11742039	BB	0	0.0142790086816893	ct2VSct4	-0.0043551038584289	0	-0.0043551038584289
952	27	30	-0.1369298	-0.19092902	BB	0	0.026143872522796	-0.12160587	-0.18628952	BB	0	0.0226538991514824	ct2VSct4	0.0034899733713136	0	0.0034899733713136
953	27	31	-0.1369298	-0.061939482	BB	0	0.0084813608823636	-0.12160587	-0.026242096	BB	0	0.00319119291470352	ct2VSct4	0.00529016796766008	0	0.00529016796766008
954	27	32	-0.1369298	0.093314979	BA	0	0	-0.12160587	0.11104545	BA	0	0	ct2VSct4	0.000726177145317301	0	0
955	27	33	-0.1369298	-0.11083278	BB	0	0.015176310398844	-0.12160587	-0.13439603	BB	0	0.0163433461526961	ct2VSct4	-0.0011670357538521	0	-0.0011670357538521
956	27	34	-0.1369298	-0.17001925	BB	0	0.02328070189865	-0.12160587	-0.19089042	BB	0	0.0232133955987654	ct2VSct4	6.73062998845959e-05	0	6.73062998845994e-05
957	27	35	-0.1369298	0.0060066249	BA	0	0	-0.12160587	-0.0071459731	BB	0	0.000868992275822097	ct2VSct4	-0.00169147822205412	0	-0.000868992275822097
958	27	36	-0.1369298	-0.02883865	BB	0	0.00394887057677	-0.12160587	-0.09546514	BB	0	0.0116091214043718	ct2VSct4	-0.0076602508276018	0	-0.0076602508276018
959	27	37	-0.1369298	0.1362983	BA	0	0	-0.12160587	0.078333614	BA	0	0	ct2VSct4	-0.00913747167862582	0	0
960	27	38	-0.1369298	-0.11748793	BB	0	0.016087598757314	-0.12160587	-0.12562377	BB	0	0.0152765878435299	ct2VSct4	0.000811010913784098	0	0.000811010913784101
961	27	39	-0.1369298	0.18710115	BA	0	0	-0.12160587	0.15790873	BA	0	0	ct2VSct4	-0.0064170945570249	0	0
962	27	40	-0.1369298	0.18804056	BA	0	0	-0.12160587	0.17291261	BA	0	0	ct2VSct4	-0.0047211678996673	0	0
963	27	41	-0.1369298	0.18964921	BA	0	0	-0.12160587	0.18335729	BA	0	0	ct2VSct4	-0.0036713056241657	0	0
964	27	42	-0.1369298	0.15865292	BA	0	0	-0.12160587	0.1628178	BA	0	0	ct2VSct4	-0.00192471238453	0	0
965	27	43	-0.1369298	-0.1823701	BB	0	0.02497190131898	-0.12160587	-0.17132332	BB	0	0.0208339213798884	ct2VSct4	0.0041379799390916	0	0.0041379799390916
966	27	44	-0.1369298	-0.17777604	BB	0	0.024342837601992	-0.12160587	-0.16783001	BB	0	0.0204091143781587	ct2VSct4	0.0039337232238333	0	0.0039337232238333
967	27	45	-0.1369298	0.088799464	BA	0	0	-0.12160587	0.14089042	BA	0	0	ct2VSct4	0.0049738092531382	0	0
968	27	46	-0.1369298	-0.083378426	BB	0	0.0114169911964948	-0.12160587	-0.10152237	BB	0	0.0123457161283119	ct2VSct4	-0.000928724931817101	0	-0.000928724931817101
969	27	47	-0.1369298	0.15723078	BA	0	0	-0.12160587	0.15886527	BA	0	0	ct2VSct4	-0.0022106298881091	0	0
970	27	48	-0.1369298	0.14162452	BA	0	0	-0.12160587	0.09525499	BA	0	0	ct2VSct4	-0.0078090512679047	0	0
971	27	49	-0.1369298	0.047735823	BA	0	0	-0.12160587	-0.01745302	BB	0	0.0021223896812274	ct2VSct4	-0.0086588463774528	0	-0.0021223896812274
972	27	50	-0.1369298	0.0022084846	BA	0	0	-0.12160587	0.053211025	BA	0	0	ct2VSct4	0.00616836563413567	0	0
973	28	29	-0.19271408	-0.072474398	BB	0	0.0139668369341238	-0.20294332	-0.11742039	BB	0	0.0238296837822948	ct2VSct4	-0.00986284684817096	0	-0.009862846848171
974	28	30	-0.19271408	-0.19092902	BB	0	0.0367947104346016	-0.20294332	-0.18628952	BB	0	0.0378062136700064	ct2VSct4	-0.00101150323540479	0	-0.0010115032354048
975	28	31	-0.19271408	-0.061939482	BB	0	0.0119366102893066	-0.20294332	-0.026242096	BB	0	0.00532565808599872	ct2VSct4	0.00661095220330784	0	0.00661095220330788
976	28	32	-0.19271408	0.093314979	BA	0	0	-0.20294332	0.11104545	BA	0	0	ct2VSct4	0.00455282196568968	0	0
977	28	33	-0.19271408	-0.11083278	BB	0	0.0213590372315424	-0.20294332	-0.13439603	BB	0	0.0272747765230196	ct2VSct4	-0.0059157392914772	0	-0.0059157392914772
978	28	34	-0.19271408	-0.17001925	BB	0	0.03276510334604	-0.20294332	-0.19089042	BB	0	0.0387399355909944	ct2VSct4	-0.0059748322449544	0	-0.0059748322449544
979	28	35	-0.19271408	0.0060066249	BA	0	0	-0.20294332	-0.0071459731	BB	0	0.00145022750554469	ct2VSct4	-0.00260778869705328	0	-0.00145022750554469
980	28	36	-0.19271408	-0.02883865	BB	0	0.005557613903192	-0.20294332	-0.09546514	BB	0	0.0193740124558648	ct2VSct4	-0.0138163985526728	0	-0.0138163985526728
981	28	37	-0.19271408	0.1362983	BA	0	0	-0.20294332	0.078333614	BA	0	0	ct2VSct4	-0.0103693177973055	0	0
982	28	38	-0.19271408	-0.11748793	BB	0	0.0226415783410544	-0.20294332	-0.12562377	BB	0	0.0254945049547164	ct2VSct4	-0.002852926613662	0	-0.002852926613662
983	28	39	-0.19271408	0.18710115	BA	0	0	-0.20294332	0.15790873	BA	0	0	ct2VSct4	-0.0040105040660084	0	0
984	28	40	-0.19271408	0.18804056	BA	0	0	-0.20294332	0.17291261	BA	0	0	ct2VSct4	-0.00114660437981959	0	0
985	28	41	-0.19271408	0.18964921	BA	0	0	-0.20294332	0.18335729	BA	0	0	ct2VSct4	0.000663064150925999	0	0
986	28	42	-0.19271408	0.15865292	BA	0	0	-0.20294332	0.1628178	BA	0	0	ct2VSct4	0.0024681333699824	0	0
987	28	43	-0.19271408	-0.1823701	BB	0	0.035145286041008	-0.20294332	-0.17132332	BB	0	0.0347689233542224	ct2VSct4	0.000376362686785599	0	0.000376362686785599
988	28	44	-0.19271408	-0.17777604	BB	0	0.0342599459946432	-0.20294332	-0.16783001	BB	0	0.0340599794250332	ct2VSct4	0.000199966569610001	0	0.000199966569610001
989	28	45	-0.19271408	0.088799464	BA	0	0	-0.20294332	0.14089042	BA	0	0	ct2VSct4	0.0114798625817413	0	0
990	28	46	-0.19271408	-0.083378426	BB	0	0.0160681966584381	-0.20294332	-0.10152237	BB	0	0.0206032868220684	ct2VSct4	-0.00453509016363032	0	-0.0045350901636303
991	28	47	-0.19271408	0.15723078	BA	0	0	-0.20294332	0.15886527	BA	0	0	ct2VSct4	0.001940060211114	0	0
992	28	48	-0.19271408	0.14162452	BA	0	0	-0.20294332	0.09525499	BA	0	0	ct2VSct4	-0.0079616751600748	0	0
993	28	49	-0.19271408	0.047735823	BA	0	0	-0.20294332	-0.01745302	BB	0	0.0035419738228264	ct2VSct4	-0.0127413390353142	0	-0.0035419738228264
994	28	50	-0.19271408	0.0022084846	BA	0	0	-0.20294332	0.053211025	BA	0	0	ct2VSct4	0.0103732159962198	0	0
995	29	30	-0.072474398	-0.19092902	BB	0	0.01383746578523	-0.11742039	-0.18628952	BB	0	0.0218741880913128	ct2VSct4	-0.00803672230608284	0	-0.0080367223060828
996	29	31	-0.072474398	-0.061939482	BB	0	0.00448902667038184	-0.11742039	-0.026242096	BB	0	0.00308135714673744	ct2VSct4	0.0014076695236444	0	0.0014076695236444
997	29	32	-0.072474398	0.093314979	BA	0	0	-0.11742039	0.11104545	BA	0	0	ct2VSct4	0.00627605311931786	0	0
998	29	33	-0.072474398	-0.11083278	BB	0	0.00803253900916644	-0.11742039	-0.13439603	BB	0	0.0157808342570517	ct2VSct4	-0.00774829524788526	0	-0.00774829524788526
999	29	34	-0.072474398	-0.17001925	BB	0	0.0123220427921615	-0.11742039	-0.19089042	BB	0	0.0224144275636638	ct2VSct4	-0.0100923847715023	0	-0.0100923847715023
1000	29	35	-0.072474398	0.0060066249	BA	0	0	-0.11742039	-0.0071459731	BB	0	0.000839082948331509	ct2VSct4	-0.00127440947197082	0	-0.000839082948331509
1001	29	36	-0.072474398	-0.02883865	BB	0	0.0020900637978827	-0.11742039	-0.09546514	BB	0	0.0112095539702046	ct2VSct4	-0.0091194901723219	0	-0.0091194901723219
1002	29	37	-0.072474398	0.1362983	BA	0	0	-0.11742039	0.078333614	BA	0	0	ct2VSct4	-0.000680173734933941	0	0
1003	29	38	-0.072474398	-0.11748793	BB	0	0.00851486699901614	-0.11742039	-0.12562377	BB	0	0.0147507920666703	ct2VSct4	-0.00623592506765416	0	-0.00623592506765416
1004	29	39	-0.072474398	0.18710115	BA	0	0	-0.11742039	0.15790873	BA	0	0	ct2VSct4	0.004981661449647	0	0
1005	29	40	-0.072474398	0.18804056	BA	0	0	-0.11742039	0.17291261	BA	0	0	ct2VSct4	0.00667533971653502	0	0
1006	29	41	-0.072474398	0.18964921	BA	0	0	-0.11742039	0.18335729	BA	0	0	ct2VSct4	0.00778517217521752	0	0
1007	29	42	-0.072474398	0.15865292	BA	0	0	-0.11742039	0.1628178	BA	0	0	ct2VSct4	0.00761985470699984	0	0
1008	29	43	-0.072474398	-0.1823701	BB	0	0.0132171632106998	-0.11742039	-0.17132332	BB	0	0.0201168510504948	ct2VSct4	-0.006899687839795	0	-0.006899687839795
1009	29	44	-0.072474398	-0.17777604	BB	0	0.0128842114778239	-0.11742039	-0.16783001	BB	0	0.0197066652279039	ct2VSct4	-0.00682245375007998	0	-0.00682245375008
1010	29	45	-0.072474398	0.088799464	BA	0	0	-0.11742039	0.14089042	BA	0	0	ct2VSct4	0.0101077203675411	0	0
1011	29	46	-0.072474398	-0.083378426	BB	0	0.00604280123053755	-0.11742039	-0.10152237	BB	0	0.0119207962791243	ct2VSct4	-0.00587799504858675	0	-0.00587799504858675
1012	29	47	-0.072474398	0.15723078	BA	0	0	-0.11742039	0.15886527	BA	0	0	ct2VSct4	0.00725881583328486	0	0
1013	29	48	-0.072474398	0.14162452	BA	0	0	-0.11742039	0.09525499	BA	0	0	ct2VSct4	0.00092072624620714	0	0
1014	29	49	-0.072474398	0.047735823	BA	0	0	-0.11742039	-0.01745302	BB	0	0.0020493404150778	ct2VSct4	-0.00550896545003735	0	-0.0020493404150778
1015	29	50	-0.072474398	0.0022084846	BA	0	0	-0.11742039	0.053211025	BA	0	0	ct2VSct4	0.00608800071592248	0	0
1016	30	31	-0.19092902	-0.061939482	BB	0	0.0118260445975676	-0.18628952	-0.026242096	BB	0	0.00488862746763392	ct2VSct4	0.00693741712993372	0	0.00693741712993368
1017	30	32	-0.19092902	0.093314979	BA	0	0	-0.18628952	0.11104545	BA	0	0	ct2VSct4	0.00287006608689342	0	0
1018	30	33	-0.19092902	-0.11083278	BB	0	0.0211611940692756	-0.18628952	-0.13439603	BB	0	0.0250365719186056	ct2VSct4	-0.00387537784933	0	-0.00387537784933
1019	30	34	-0.19092902	-0.17001925	BB	0	0.032461608783635	-0.18628952	-0.19089042	BB	0	0.0355608847143984	ct2VSct4	-0.0030992759307634	0	-0.0030992759307634
1020	30	35	-0.19092902	0.0060066249	BA	0	0	-0.18628952	-0.0071459731	BB	0	0.00133121989873191	ct2VSct4	-0.00247805890439651	0	-0.00133121989873191
1021	30	36	-0.19092902	-0.02883865	BB	0	0.005506135182623	-0.18628952	-0.09546514	BB	0	0.0177841551073328	ct2VSct4	-0.0122780199247098	0	-0.0122780199247098
1022	30	37	-0.19092902	0.1362983	BA	0	0	-0.18628952	0.078333614	BA	0	0	ct2VSct4	-0.0114305694947407	0	0
1023	30	38	-0.19092902	-0.11748793	BB	0	0.0224318553367286	-0.18628952	-0.12562377	BB	0	0.0234023918138904	ct2VSct4	-0.000970536477161797	0	-0.000970536477161801
1024	30	39	-0.19092902	0.18710115	BA	0	0	-0.18628952	0.15790873	BA	0	0	ct2VSct4	-0.0063062976948634	0	0
1025	30	40	-0.19092902	0.18804056	BA	0	0	-0.18628952	0.17291261	BA	0	0	ct2VSct4	-0.003690592722204	0	0
1026	30	41	-0.19092902	0.18964921	BA	0	0	-0.18628952	0.18335729	BA	0	0	ct2VSct4	-0.00205199626647341	0	0
1027	30	42	-0.19092902	0.15865292	BA	0	0	-0.18628952	0.1628178	BA	0	0	ct2VSct4	3.98032737175986e-05	0	0
1028	30	43	-0.19092902	-0.1823701	BB	0	0.034819744470302	-0.18628952	-0.17132332	BB	0	0.0319157390476064	ct2VSct4	0.00290400542269561	0	0.0029040054226956
1029	30	44	-0.19092902	-0.17777604	BB	0	0.0339426050966808	-0.18628952	-0.16783001	BB	0	0.0312649720044952	ct2VSct4	0.0026776330921856	0	0.0026776330921856
1030	30	45	-0.19092902	0.088799464	BA	0	0	-0.18628952	0.14089042	BA	0	0	ct2VSct4	0.00929201407635312	0	0
1031	30	46	-0.19092902	-0.083378426	BB	0	0.0159193611653225	-0.18628952	-0.10152237	BB	0	0.0189125535765624	ct2VSct4	-0.00299319241123987	0	-0.0029931924112399
1032	30	47	-0.19092902	0.15723078	BA	0	0	-0.18628952	0.15886527	BA	0	0	ct2VSct4	-0.000424983846265201	0	0
1033	30	48	-0.19092902	0.14162452	BA	0	0	-0.18628952	0.09525499	BA	0	0	ct2VSct4	-0.0092952244468656	0	0
1034	30	49	-0.19092902	0.047735823	BA	0	0	-0.18628952	-0.01745302	BB	0	0.0032513147183504	ct2VSct4	-0.0123654686226339	0	-0.0032513147183504
1035	30	50	-0.19092902	0.0022084846	BA	0	0	-0.18628952	0.053211025	BA	0	0	ct2VSct4	0.00949099250559491	0	0
1036	31	32	-0.061939482	0.093314979	BA	0	0	-0.026242096	0.11104545	BA	0	0	ct2VSct4	-0.00286581610283768	0	0
1037	31	33	-0.061939482	-0.11083278	BB	0	0.00686492498181996	-0.026242096	-0.13439603	BB	0	0.00352683352127888	ct2VSct4	0.00333809146054108	0	0.00333809146054108
1038	31	34	-0.061939482	-0.17001925	BB	0	0.0105309042750285	-0.026242096	-0.19089042	BB	0	0.00500936472712032	ct2VSct4	0.00552153954790818	0	0.00552153954790818
1039	31	35	-0.061939482	0.0060066249	BA	0	0	-0.026242096	-0.0071459731	BB	0	0.000187525312103618	ct2VSct4	-0.000559572546977919	0	-0.000187525312103618
1040	31	36	-0.061939482	-0.02883865	BB	0	0.0017862510425793	-0.026242096	-0.09546514	BB	0	0.00250520536853344	ct2VSct4	-0.00071895432595414	0	-0.00071895432595414
1041	31	37	-0.061939482	0.1362983	BA	0	0	-0.026242096	0.078333614	BA	0	0	ct2VSct4	-0.00638660788086566	0	0
1042	31	38	-0.061939482	-0.11748793	BB	0	0.00727714152545226	-0.026242096	-0.12562377	BB	0	0.00329663103222192	ct2VSct4	0.00398051049323034	0	0.00398051049323034
1043	31	39	-0.061939482	0.18710115	BA	0	0	-0.026242096	0.15790873	BA	0	0	ct2VSct4	-0.00744509226070622	0	0
1044	31	40	-0.061939482	0.18804056	BA	0	0	-0.026242096	0.17291261	BA	0	0	ct2VSct4	-0.00710954557015936	0	0
1045	31	41	-0.061939482	0.18964921	BA	0	0	-0.026242096	0.18335729	BA	0	0	ct2VSct4	-0.00693509422262938	0	0
1046	31	42	-0.061939482	0.15865292	BA	0	0	-0.026242096	0.1628178	BA	0	0	ct2VSct4	-0.00555419934447864	0	0
1047	31	43	-0.061939482	-0.1823701	BB	0	0.0112959095262882	-0.026242096	-0.17132332	BB	0	0.00449588301047872	ct2VSct4	0.00680002651580948	0	0.00680002651580948
1048	31	44	-0.061939482	-0.17777604	BB	0	0.0110113558296113	-0.026242096	-0.16783001	BB	0	0.00440421123410096	ct2VSct4	0.00660714459551032	0	0.00660714459551034
1049	31	45	-0.061939482	0.088799464	BA	0	0	-0.026242096	0.14089042	BA	0	0	ct2VSct4	-0.00180293287491733	0	0
1050	31	46	-0.061939482	-0.083378426	BB	0	0.00516441651641533	-0.026242096	-0.10152237	BB	0	0.00266415977968752	ct2VSct4	0.00250025673672781	0	0.00250025673672781
1051	31	47	-0.061939482	0.15723078	BA	0	0	-0.026242096	0.15886527	BA	0	0	ct2VSct4	-0.00556983540125004	0	0
1052	31	48	-0.061939482	0.14162452	BA	0	0	-0.026242096	0.09525499	BA	0	0	ct2VSct4	-0.0062724588152396	0	0
1053	31	49	-0.061939482	0.047735823	BA	0	0	-0.026242096	-0.01745302	BB	0	0.00045800382632992	ct2VSct4	-0.00341473597579361	0	-0.00045800382632992
1054	31	50	-0.061939482	0.0022084846	BA	0	0	-0.026242096	0.053211025	BA	0	0	ct2VSct4	0.00125957643417942	0	0
1055	32	33	0.093314979	-0.11083278	AB	0	0	0.11104545	-0.13439603	AB	0	0	ct2VSct4	0.00458170909135188	0	0
1056	32	34	0.093314979	-0.17001925	AB	0	0	0.11104545	-0.19089042	AB	0	0	ct2VSct4	0.00533216984624325	0	0
1057	32	35	0.093314979	0.0060066249	AA	0.000560508076404377	0	0.11104545	-0.0071459731	AB	0	0	ct2VSct4	0.00135403587498177	0.000560508076404377	0
1058	32	36	0.093314979	-0.02883865	AB	0	0	0.11104545	-0.09546514	AB	0	0	ct2VSct4	0.00790989141147465	0	0
1059	32	37	0.093314979	0.1362983	AA	0.0127186730022357	0	0.11104545	0.078333614	AA	0.0086985914167563	0	ct2VSct4	0.0040200815854794	0.0040200815854794	0
1060	32	38	0.093314979	-0.11748793	AB	0	0	0.11104545	-0.12562377	AB	0	0	ct2VSct4	0.00298656434964303	0	0
1061	32	39	0.093314979	0.18710115	AA	0.0174593398831259	0	0.11104545	0.15790873	AA	0.0175350459817785	0	ct2VSct4	-7.57060986526503e-05	-7.57060986526017e-05	0
1062	32	40	0.093314979	0.18804056	AA	0.0175470009075482	0	0.11104545	0.17291261	AA	0.0192011585881245	0	ct2VSct4	-0.00165415768057626	-0.0016541576805763	0
1063	32	41	0.093314979	0.18964921	AA	0.0176971120485166	0	0.11104545	0.18335729	AA	0.0203609927788305	0	ct2VSct4	-0.00266388073031391	-0.0026638807303139	0
1064	32	42	0.093314979	0.15865292	AA	0.0148046938980887	0	0.11104545	0.1628178	AA	0.01808017586901	0	ct2VSct4	-0.00327548197092132	-0.0032754819709213	0
1065	32	43	0.093314979	-0.1823701	AB	0	0	0.11104545	-0.17132332	AB	0	0	ct2VSct4	0.0020068131131661	0	0
1066	32	44	0.093314979	-0.17777604	AB	0	0	0.11104545	-0.16783001	AB	0	0	ct2VSct4	0.00204759154465134	0	0
1067	32	45	0.093314979	0.088799464	AA	0.00828632011837126	0	0.11104545	0.14089042	AA	0.015645240089589	0	ct2VSct4	-0.00735891997121775	-0.00735891997121774	0
1068	32	46	0.093314979	-0.083378426	AB	0	0	0.11104545	-0.10152237	AB	0	0	ct2VSct4	0.00349314119047345	0	0
1069	32	47	0.093314979	0.15723078	AA	0.0146719869338536	0	0.11104545	0.15886527	AA	0.0176412653965215	0	ct2VSct4	-0.00296927846266788	-0.0029692784626679	0
1070	32	48	0.093314979	0.14162452	AA	0.0132156891096851	0	0.11104545	0.09525499	AA	0.0105776332292955	0	ct2VSct4	0.00263805588038958	0.0026380558803896	0
1071	32	49	0.093314979	0.047735823	AA	0.00445446732079272	0	0.11104545	-0.01745302	AB	0	0	ct2VSct4	0.00639254578055172	0.00445446732079272	0
1072	32	50	0.093314979	0.0022084846	AA	0.000206084694070823	0	0.11104545	0.053211025	AA	0.00590884221608625	0	ct2VSct4	-0.00570275752201543	-0.00570275752201543	0
1073	33	34	-0.11083278	-0.17001925	BB	0	0.018843706131015	-0.13439603	-0.19089042	BB	0	0.0256549146130326	ct2VSct4	-0.0068112084820176	0	-0.0068112084820176
1074	33	35	-0.11083278	0.0060066249	BA	0	0	-0.13439603	-0.0071459731	BB	0	0.000960390415126793	ct2VSct4	-0.00162612135121102	0	-0.000960390415126793
1075	33	36	-0.11083278	-0.02883865	BB	0	0.003196267750947	-0.13439603	-0.09546514	BB	0	0.0128301358193942	ct2VSct4	-0.0096338680684472	0	-0.0096338680684472
1076	33	37	-0.11083278	0.1362983	BA	0	0	-0.13439603	0.078333614	BA	0	0	ct2VSct4	-0.00457859276112158	0	0
1077	33	38	-0.11083278	-0.11748793	BB	0	0.0130215138983454	-0.13439603	-0.12562377	BB	0	0.0168833359616331	ct2VSct4	-0.0038618220632877	0	-0.0038618220632877
1078	33	39	-0.11083278	0.18710115	BA	0	0	-0.13439603	0.15790873	BA	0	0	ct2VSct4	0.0004853658186449	0	0
1079	33	40	-0.11083278	0.18804056	BA	0	0	-0.13439603	0.17291261	BA	0	0	ct2VSct4	0.0023977103033815	0	0
1080	33	41	-0.11083278	0.18964921	BA	0	0	-0.13439603	0.18335729	BA	0	0	ct2VSct4	0.0036231426784549	0	0
1081	33	42	-0.11083278	0.15865292	BA	0	0	-0.13439603	0.1628178	BA	0	0	ct2VSct4	0.0042981217546164	0	0
1082	33	43	-0.11083278	-0.1823701	BB	0	0.020212585171878	-0.13439603	-0.17132332	BB	0	0.0230251740544196	ct2VSct4	-0.0028125888825416	0	-0.0028125888825416
1083	33	44	-0.11083278	-0.17777604	BB	0	0.0197034127305912	-0.13439603	-0.16783001	BB	0	0.0225556870588603	ct2VSct4	-0.0028522743282691	0	-0.0028522743282691
1084	33	45	-0.11083278	0.088799464	BA	0	0	-0.13439603	0.14089042	BA	0	0	ct2VSct4	0.00909322165540268	0	0
1085	33	46	-0.11083278	-0.083378426	BB	0	0.00924106274560428	-0.13439603	-0.10152237	BB	0	0.0136442034841911	ct2VSct4	-0.00440314073858682	0	-0.00440314073858682
1086	33	47	-0.11083278	0.15723078	BA	0	0	-0.13439603	0.15886527	BA	0	0	ct2VSct4	0.0039245371439097	0	0
1087	33	48	-0.11083278	0.14162452	BA	0	0	-0.13439603	0.09525499	BA	0	0	ct2VSct4	-0.0028947467740759	0	0
1088	33	49	-0.11083278	0.047735823	BA	0	0	-0.13439603	-0.01745302	BB	0	0.0023456165995106	ct2VSct4	-0.00763631056818854	0	-0.0023456165995106
1089	33	50	-0.11083278	0.0022084846	BA	0	0	-0.13439603	0.053211025	BA	0	0	ct2VSct4	0.00690657802442556	0	0
1090	34	35	-0.17001925	0.0060066249	BA	0	0	-0.19089042	-0.0071459731	BB	0	0.0013640978063677	ct2VSct4	-0.00238533966689703	0	-0.0013640978063677
1091	34	36	-0.17001925	-0.02883865	BB	0	0.0049031256440125	-0.19089042	-0.09546514	BB	0	0.0182233806699588	ct2VSct4	-0.0133202550259463	0	-0.0133202550259463
1092	34	37	-0.17001925	0.1362983	BA	0	0	-0.19089042	0.078333614	BA	0	0	ct2VSct4	-0.00822019826569712	0	0
1093	34	38	-0.17001925	-0.11748793	BB	0	0.0199752097426525	-0.19089042	-0.12562377	BB	0	0.0239803742172834	ct2VSct4	-0.0040051644746309	0	-0.0040051644746309
1094	34	39	-0.17001925	0.18710115	BA	0	0	-0.19089042	0.15790873	BA	0	0	ct2VSct4	-0.0016675334057709	0	0
1095	34	40	-0.17001925	0.18804056	BA	0	0	-0.19089042	0.17291261	BA	0	0	ct2VSct4	0.0010368457654162	0	0
1096	34	41	-0.17001925	0.18964921	BA	0	0	-0.19089042	0.18335729	BA	0	0	ct2VSct4	0.0027571336508693	0	0
1097	34	42	-0.17001925	0.15865292	BA	0	0	-0.19089042	0.1628178	BA	0	0	ct2VSct4	0.004106307756766	0	0
1098	34	43	-0.17001925	-0.1823701	BB	0	0.031006427624425	-0.19089042	-0.17132332	BB	0	0.0327039805105944	ct2VSct4	-0.0016975528861694	0	-0.0016975528861694
1099	34	44	-0.17001925	-0.17777604	BB	0	0.03022534898877	-0.19089042	-0.16783001	BB	0	0.0320371410975042	ct2VSct4	-0.0018117921087342	0	-0.0018117921087342
1100	34	45	-0.17001925	0.088799464	BA	0	0	-0.19089042	0.14089042	BA	0	0	ct2VSct4	0.0117970131780944	0	0
1101	34	46	-0.17001925	-0.083378426	BB	0	0.0141759374547005	-0.19089042	-0.10152237	BB	0	0.0193796478486954	ct2VSct4	-0.0052037103939949	0	-0.0052037103939949
1102	34	47	-0.17001925	0.15723078	BA	0	0	-0.19089042	0.15886527	BA	0	0	ct2VSct4	0.0035935988211984	0	0
1103	34	48	-0.17001925	0.14162452	BA	0	0	-0.19089042	0.09525499	BA	0	0	ct2VSct4	-0.0058956296238142	0	0
1104	34	49	-0.17001925	0.047735823	BA	0	0	-0.19089042	-0.01745302	BB	0	0.0033316143180684	ct2VSct4	-0.0114476231426611	0	-0.0033316143180684
1105	34	50	-0.17001925	0.0022084846	BA	0	0	-0.19089042	0.053211025	BA	0	0	ct2VSct4	0.00978199001555195	0	0
1106	35	36	0.0060066249	-0.02883865	AB	0	0	-0.0071459731	-0.09546514	BB	0	0.000682191322427734	ct2VSct4	-0.000855414275600119	0	-0.000682191322427734
1107	35	37	0.0060066249	0.1362983	AA	0.00081869276260767	0	-0.0071459731	0.078333614	BA	0	0	ct2VSct4	0.00137846266107745	0.00081869276260767	0
1108	35	38	0.0060066249	-0.11748793	AB	0	0	-0.0071459731	-0.12562377	BB	0	0.000897704081140587	ct2VSct4	-0.00160341000692804	0	-0.000897704081140587
1109	35	39	0.0060066249	0.18710115	AA	0.00112384642640863	0	-0.0071459731	0.15790873	BA	0	0	ct2VSct4	0.0022522579632438	0.00112384642640863	0
1110	35	40	0.0060066249	0.18804056	AA	0.00112948910990594	0	-0.0071459731	0.17291261	BA	0	0	ct2VSct4	0.00236511796961673	0.00112948910990594	0
1111	35	41	0.0060066249	0.18964921	AA	0.00113915166705133	0	-0.0071459731	0.18335729	BA	0	0	ct2VSct4	0.00244941792908023	0.00113915166705133	0
1112	35	42	0.0060066249	0.15865292	AA	0.000952968579729708	0	-0.0071459731	0.1628178	BA	0	0	ct2VSct4	0.00211646019873089	0.000952968579729708	0
1113	35	43	0.0060066249	-0.1823701	AB	0	0	-0.0071459731	-0.17132332	BB	0	0.00122427183612269	ct2VSct4	-0.00231970061979818	0	-0.00122427183612269
1114	35	44	0.0060066249	-0.17777604	AB	0	0	-0.0071459731	-0.16783001	BB	0	0.00119930873683273	ct2VSct4	-0.00226714272532013	0	-0.00119930873683273
1115	35	45	0.0060066249	0.088799464	AA	0.000533385071569054	0	-0.0071459731	0.14089042	BA	0	0	ct2VSct4	0.00154018422293676	0.000533385071569054	0
1116	35	46	0.0060066249	-0.083378426	AB	0	0	-0.0071459731	-0.10152237	BB	0	0.000725476125068247	ct2VSct4	-0.00122629905480265	0	-0.000725476125068247
1117	35	47	0.0060066249	0.15723078	AA	0.000944426318194422	0	-0.0071459731	0.15886527	BA	0	0	ct2VSct4	0.00207967326413866	0.000944426318194422	0
1118	35	48	0.0060066249	0.14162452	AA	0.000850685368282548	0	-0.0071459731	0.09525499	BA	0	0	ct2VSct4	0.00153137496446332	0.000850685368282548	0
1119	35	49	0.0060066249	0.047735823	AA	0.000286731183053793	0	-0.0071459731	-0.01745302	BB	0	0.000124718811433762	ct2VSct4	0.000162012371620031	0.000286731183053793	-0.000124718811433762
1120	35	50	0.0060066249	0.0022084846	AA	1.32655385896265e-05	0	-0.0071459731	0.053211025	BA	0	0	ct2VSct4	0.000393510091863054	1.32655385896265e-05	0
1121	36	37	-0.02883865	0.1362983	BA	0	0	-0.09546514	0.078333614	BA	0	0	ct2VSct4	0.00354747045792096	0	0
1122	36	38	-0.02883865	-0.11748793	BB	0	0.0033881932924945	-0.09546514	-0.12562377	BB	0	0.0119926907903778	ct2VSct4	-0.0086044974978833	0	-0.0086044974978833
1123	36	39	-0.02883865	0.18710115	BA	0	0	-0.09546514	0.15790873	BA	0	0	ct2VSct4	0.0096790344372247	0	0
1124	36	40	-0.02883865	0.18804056	BA	0	0	-0.09546514	0.17291261	BA	0	0	ct2VSct4	0.0110842906257714	0	0
1125	36	41	-0.02883865	0.18964921	BA	0	0	-0.09546514	0.18335729	BA	0	0	ct2VSct4	0.0120350021699041	0	0
1126	36	42	-0.02883865	0.15865292	BA	0	0	-0.09546514	0.1628178	BA	0	0	ct2VSct4	0.010968088040134	0	0
1127	36	43	-0.02883865	-0.1823701	BB	0	0.005259307484365	-0.09546514	-0.17132332	BB	0	0.0163554047290648	ct2VSct4	-0.0110960972446998	0	-0.0110960972446998
1128	36	44	-0.02883865	-0.17777604	BB	0	0.005126820995946	-0.09546514	-0.16783001	BB	0	0.0160219154008514	ct2VSct4	-0.0108950944049054	0	-0.0108950944049054
1129	36	45	-0.02883865	0.088799464	BA	0	0	-0.09546514	0.14089042	BA	0	0	ct2VSct4	0.0108892670074752	0	0
1130	36	46	-0.02883865	-0.083378426	BB	0	0.0024045212449649	-0.09546514	-0.10152237	BB	0	0.0096918472651818	ct2VSct4	-0.0072873260202169	0	-0.0072873260202169
1131	36	47	-0.02883865	0.15723078	BA	0	0	-0.09546514	0.15886527	BA	0	0	ct2VSct4	0.0106317718080408	0	0
1132	36	48	-0.02883865	0.14162452	BA	0	0	-0.09546514	0.09525499	BA	0	0	ct2VSct4	0.0050092709923506	0	0
1133	36	49	-0.02883865	0.047735823	BA	0	0	-0.09546514	-0.01745302	BB	0	0.0016661549977228	ct2VSct4	-0.00304279168968175	0	-0.0016661549977228
1134	36	50	-0.02883865	0.0022084846	BA	0	0	-0.09546514	0.053211025	BA	0	0	ct2VSct4	0.00501610823675871	0	0
1135	37	38	0.1362983	-0.11748793	AB	0	0	0.078333614	-0.12562377	AB	0	0	ct2VSct4	-0.00617284122111422	0	0
1136	37	39	0.1362983	0.18710115	AA	0.025501568673045	0	0.078333614	0.15790873	AA	0.0123695615030502	0	ct2VSct4	0.0131320071699948	0.0131320071699948	0
1137	37	40	0.1362983	0.18804056	AA	0.025629608659048	0	0.078333614	0.17291261	AA	0.0135448696474725	0	ct2VSct4	0.0120847390115755	0.0120847390115755	0
1138	37	41	0.1362983	0.18964921	AA	0.025848864919343	0	0.078333614	0.18335729	AA	0.0143630391789461	0	ct2VSct4	0.0114858257403969	0.0114858257403969	0
1139	37	42	0.1362983	0.15865292	AA	0.021624123286036	0	0.078333614	0.1628178	AA	0.0127541066975292	0	ct2VSct4	0.0088700165885068	0.0088700165885068	0
1140	37	43	0.1362983	-0.1823701	AB	0	0	0.078333614	-0.17132332	AB	0	0	ct2VSct4	-0.0114363597827515	0	0
1141	37	44	0.1362983	-0.17777604	AB	0	0	0.078333614	-0.16783001	AB	0	0	ct2VSct4	-0.0110838408117759	0	0
1142	37	45	0.1362983	0.088799464	AA	0.0121032159841112	0	0.078333614	0.14089042	AA	0.0110364557765779	0	ct2VSct4	0.00106676020753332	0.0010667602075333	0
1143	37	46	0.1362983	-0.083378426	AB	0	0	0.078333614	-0.10152237	AB	0	0	ct2VSct4	-0.00341172357653062	0	0
1144	37	47	0.1362983	0.15723078	AA	0.021430288021674	0	0.078333614	0.15886527	AA	0.0124444907381858	0	ct2VSct4	0.00898579728348822	0.0089857972834882	0
1145	37	48	0.1362983	0.14162452	AA	0.019303181314316	0	0.078333614	0.09525499	AA	0.00746166761823386	0	ct2VSct4	0.0118415136960821	0.0118415136960821	0
1146	37	49	0.1362983	0.047735823	AA	0.0065063115240009	0	0.078333614	-0.01745302	AB	0	0	ct2VSct4	0.00787346965581518	0.0065063115240009	0
1147	37	50	0.1362983	0.0022084846	AA	0.00030101269655618	0	0.078333614	0.053211025	AA	0.00416821189289435	0	ct2VSct4	-0.00386719919633817	-0.00386719919633817	0
1148	38	39	-0.11748793	0.18710115	BA	0	0	-0.12562377	0.15790873	BA	0	0	ct2VSct4	-0.0021450368356074	0	0
1149	38	40	-0.11748793	0.18804056	BA	0	0	-0.12562377	0.17291261	BA	0	0	ct2VSct4	-0.000370562201701102	0	0
1150	38	41	-0.11748793	0.18964921	BA	0	0	-0.12562377	0.18335729	BA	0	0	ct2VSct4	0.000752540917747999	0	0
1151	38	42	-0.11748793	0.15865292	BA	0	0	-0.12562377	0.1628178	BA	0	0	ct2VSct4	0.0018139826998504	0	0
1152	38	43	-0.11748793	-0.1823701	BB	0	0.021426285542893	-0.12562377	-0.17132332	BB	0	0.0215222813473164	ct2VSct4	-9.59958044233974e-05	0	-9.59958044233974e-05
1153	38	44	-0.11748793	-0.17777604	BB	0	0.0208865389431972	-0.12562377	-0.16783001	BB	0	0.0210834385753377	ct2VSct4	-0.0001968996321405	0	-0.0001968996321405
1154	38	45	-0.11748793	0.088799464	BA	0	0	-0.12562377	0.14089042	BA	0	0	ct2VSct4	0.00726632050681388	0	0
1155	38	46	-0.11748793	-0.083378426	BB	0	0.00979595867739818	-0.12562377	-0.10152237	BB	0	0.0127536228587349	ct2VSct4	-0.00295766418133672	0	-0.00295766418133672
1156	38	47	-0.11748793	0.15723078	BA	0	0	-0.12562377	0.15886527	BA	0	0	ct2VSct4	0.0014845352649825	0	0
1157	38	48	-0.11748793	0.14162452	BA	0	0	-0.12562377	0.09525499	BA	0	0	ct2VSct4	-0.0046728807369313	0	0
1158	38	49	-0.11748793	0.047735823	BA	0	0	-0.12562377	-0.01745302	BB	0	0.0021925141702854	ct2VSct4	-0.00780089720140179	0	-0.0021925141702854
1159	38	50	-0.11748793	0.0022084846	BA	0	0	-0.12562377	0.053211025	BA	0	0	ct2VSct4	0.00642509928197337	0	0
1160	39	40	0.18710115	0.18804056	AA	0.035182605022644	0	0.15790873	0.17291261	AA	0.0273044106460853	0	ct2VSct4	0.0078781943765587	0.0078781943765587	0
1161	39	41	0.18710115	0.18964921	AA	0.0354835852875915	0	0.15790873	0.18335729	AA	0.0289537168001417	0	ct2VSct4	0.0065298684874498	0.0065298684874498	0
1162	39	42	0.18710115	0.15865292	AA	0.029684143782858	0	0.15790873	0.1628178	AA	0.025710352019394	0	ct2VSct4	0.003973791763464	0.003973791763464	0
1163	39	43	0.18710115	-0.1823701	AB	0	0	0.15790873	-0.17132332	AB	0	0	ct2VSct4	-0.0070682075550314	0	0
1164	39	44	0.18710115	-0.17777604	AB	0	0	0.15790873	-0.16783001	AB	0	0	ct2VSct4	-0.0067602777914587	0	0
1165	39	45	0.18710115	0.088799464	AA	0.0166144818337836	0	0.15790873	0.14089042	AA	0.0222478272913666	0	ct2VSct4	-0.005633345457583	-0.005633345457583	0
1166	39	46	0.18710115	-0.083378426	AB	0	0	0.15790873	-0.10152237	AB	0	0	ct2VSct4	0.000431069123500199	0	0
1167	39	47	0.18710115	0.15723078	AA	0.029418059753397	0	0.15790873	0.15886527	AA	0.0250862130268071	0	ct2VSct4	0.0043318467265899	0.0043318467265899	0
1168	39	48	0.18710115	0.14162452	AA	0.026498110560198	0	0.15790873	0.09525499	AA	0.0150415944970627	0	ct2VSct4	0.0114565160631353	0.0114565160631353	0
1169	39	49	0.18710115	0.047735823	AA	0.00893142737949645	0	0.15790873	-0.01745302	AB	0	0	ct2VSct4	0.011687411602361	0.00893142737949645	0
1170	39	50	0.18710115	0.0022084846	AA	0.00041321000841729	0	0.15790873	0.053211025	AA	0.00840248537974825	0	ct2VSct4	-0.00798927537133096	-0.00798927537133096	0
1171	40	41	0.18804056	0.18964921	AA	0.0356617436519576	0	0.17291261	0.18335729	AA	0.0317047875764269	0	ct2VSct4	0.0039569560755307	0.0039569560755307	0
1172	40	42	0.18804056	0.15865292	AA	0.0298331839224352	0	0.17291261	0.1628178	AA	0.028153250752458	0	ct2VSct4	0.0016799331699772	0.0016799331699772	0
1173	40	43	0.18804056	-0.1823701	AB	0	0	0.17291261	-0.17132332	AB	0	0	ct2VSct4	-0.00466901331619081	0	0
1174	40	44	0.18804056	-0.17777604	AB	0	0	0.17291261	-0.16783001	AB	0	0	ct2VSct4	-0.0044091810507563	0	0
1175	40	45	0.18804056	0.088799464	AA	0.0166979009382598	0	0.17291261	0.14089042	AA	0.0243617302461962	0	ct2VSct4	-0.00766382930793636	-0.0076638293079364	0
1176	40	46	0.18804056	-0.083378426	AB	0	0	0.17291261	-0.10152237	AB	0	0	ct2VSct4	0.00187597205312714	0	0
1177	40	47	0.18804056	0.15723078	AA	0.0295657639204368	0	0.17291261	0.15886527	AA	0.0274698084740547	0	ct2VSct4	0.0020959554463821	0.0020959554463821	0
1178	40	48	0.18804056	0.14162452	AA	0.0266311540505312	0	0.17291261	0.09525499	AA	0.0164707889364239	0	ct2VSct4	0.0101603651141073	0.0101603651141073	0
1179	40	49	0.18804056	0.047735823	AA	0.00897627088898088	0	0.17291261	-0.01745302	AB	0	0	ct2VSct4	0.0119941181295631	0.00897627088898088	0
1180	40	50	0.18804056	0.0022084846	AA	0.000415284680935376	0	0.17291261	0.053211025	AA	0.00920085721352525	0	ct2VSct4	-0.00878557253258987	-0.00878557253258987	0
1181	41	42	0.18964921	0.15865292	AA	0.0300884009421932	0	0.18335729	0.1628178	AA	0.029853830571762	0	ct2VSct4	0.0002345703704312	0.0002345703704312	0
1182	41	43	0.18964921	-0.1823701	AB	0	0	0.18335729	-0.17132332	AB	0	0	ct2VSct4	-0.0031729657236182	0	0
1183	41	44	0.18964921	-0.17777604	AB	0	0	0.18335729	-0.16783001	AB	0	0	ct2VSct4	-0.0029422297286555	0	0
1184	41	45	0.18964921	0.088799464	AA	0.0168407481960234	0	0.18335729	0.14089042	AA	0.0258332855981618	0	ct2VSct4	-0.00899253740213836	-0.0089925374021384	0
1185	41	46	0.18964921	-0.083378426	AB	0	0	0.18335729	-0.10152237	AB	0	0	ct2VSct4	0.00280221401563384	0	0
1186	41	47	0.18964921	0.15723078	AA	0.0298186932146838	0	0.18335729	0.15886527	AA	0.0291291053823183	0	ct2VSct4	0.000689587832365498	0.000689587832365498	0
1187	41	48	0.18964921	0.14162452	AA	0.0268589783346292	0	0.18335729	0.09525499	AA	0.0174656968253771	0	ct2VSct4	0.0093932815092521	0.0093932815092521	0
1188	41	49	0.18964921	0.047735823	AA	0.00905306112064983	0	0.18335729	-0.01745302	AB	0	0	ct2VSct4	0.0122531995701656	0.00905306112064983	0
1189	41	50	0.18964921	0.0022084846	AA	0.000418837359687166	0	0.18335729	0.053211025	AA	0.00975662934212225	0	ct2VSct4	-0.00933779198243508	-0.00933779198243508	0
1190	42	43	0.15865292	-0.1823701	AB	0	0	0.1628178	-0.17132332	AB	0	0	ct2VSct4	-0.001039062834596	0	0
1191	42	44	0.15865292	-0.17777604	AB	0	0	0.1628178	-0.16783001	AB	0	0	ct2VSct4	-0.000878974849858799	0	0
1192	42	45	0.15865292	0.088799464	AA	0.0140882942580349	0	0.1628178	0.14089042	AA	0.022939468225476	0	ct2VSct4	-0.00885117396744112	-0.0088511739674411	0
1193	42	46	0.15865292	-0.083378426	AB	0	0	0.1628178	-0.10152237	AB	0	0	ct2VSct4	0.00330141818428208	0	0
1194	42	47	0.15865292	0.15723078	AA	0.0249451223608776	0	0.1628178	0.15886527	AA	0.025866093757806	0	ct2VSct4	-0.000920971396928403	-0.000920971396928403	0
1195	42	48	0.15865292	0.14162452	AA	0.0224691436415984	0	0.1628178	0.09525499	AA	0.015509207910822	0	ct2VSct4	0.0069599357307764	0.0069599357307764	0
1196	42	49	0.15865292	0.047735823	AA	0.00757342770755316	0	0.1628178	-0.01745302	AB	0	0	ct2VSct4	0.0104150900273092	0.00757342770755316	0
1197	42	50	0.15865292	0.0022084846	AA	0.000350382530565032	0	0.1628178	0.053211025	AA	0.008663702026245	0	ct2VSct4	-0.00831331949567997	-0.00831331949567997	0
1198	43	44	-0.1823701	-0.17777604	BB	0	0.032421034192404	-0.17132332	-0.16783001	BB	0	0.0287531945088332	ct2VSct4	0.0036678396835708	0	0.0036678396835708
1199	43	45	-0.1823701	0.088799464	BA	0	0	-0.17132332	0.14089042	BA	0	0	ct2VSct4	0.007943447380968	0	0
1200	43	46	-0.1823701	-0.083378426	BB	0	0.0152057318874626	-0.17132332	-0.10152237	BB	0	0.0173931494826684	ct2VSct4	-0.0021874175952058	0	-0.0021874175952058
1201	43	47	-0.1823701	0.15723078	BA	0	0	-0.17132332	0.15886527	BA	0	0	ct2VSct4	-0.0014568675825816	0	0
1202	43	48	-0.1823701	0.14162452	BA	0	0	-0.17132332	0.09525499	BA	0	0	ct2VSct4	-0.0095086767414852	0	0
1203	43	49	-0.1823701	0.047735823	BA	0	0	-0.17132332	-0.01745302	BB	0	0.0029901093304264	ct2VSct4	-0.0116956961445187	0	-0.0029901093304264
1204	43	50	-0.1823701	0.0022084846	BA	0	0	-0.17132332	0.053211025	BA	0	0	ct2VSct4	0.00871352790625254	0	0
1205	44	45	-0.17777604	0.088799464	BA	0	0	-0.16783001	0.14089042	BA	0	0	ct2VSct4	0.00785922353346164	0	0
1206	44	46	-0.17777604	-0.083378426	BB	0	0.014822686395713	-0.16783001	-0.10152237	BB	0	0.0170385003723237	ct2VSct4	-0.00221581397661066	0	-0.0022158139766107
1207	44	47	-0.17777604	0.15723078	BA	0	0	-0.16783001	0.15886527	BA	0	0	ct2VSct4	-0.0012895055817585	0	0
1208	44	48	-0.17777604	0.14162452	BA	0	0	-0.16783001	0.09525499	BA	0	0	ct2VSct4	-0.0091908004082509	0	0
1209	44	49	-0.17777604	0.047735823	BA	0	0	-0.16783001	-0.01745302	BB	0	0.0029291405211302	ct2VSct4	-0.0114154261002111	0	-0.0029291405211302
1210	44	50	-0.17777604	0.0022084846	BA	0	0	-0.16783001	0.053211025	BA	0	0	ct2VSct4	0.00853779121127127	0	0
1211	45	46	0.088799464	-0.083378426	AB	0	0	0.14089042	-0.10152237	AB	0	0	ct2VSct4	0.00689956981073174	0	0
1212	45	47	0.088799464	0.15723078	AA	0.0139620089883019	0	0.14089042	0.15886527	AA	0.0223825946137134	0	ct2VSct4	-0.00842058562541148	-0.0084205856254115	0
1213	45	48	0.088799464	0.14162452	AA	0.0125761814652573	0	0.14089042	0.09525499	AA	0.0134205155481958	0	ct2VSct4	-0.000844334082938519	-0.0008443340829385	0
1214	45	49	0.088799464	0.047735823	AA	0.00423891549599887	0	0.14089042	-0.01745302	AB	0	0	ct2VSct4	0.00669787881406727	0.00423891549599887	0
1215	45	50	0.088799464	0.0022084846	AA	0.000196112248732254	0	0.14089042	0.053211025	AA	0.0074969236608805	0	ct2VSct4	-0.00730081141214825	-0.00730081141214825	0
1216	46	47	-0.083378426	0.15723078	BA	0	0	-0.10152237	0.15886527	BA	0	0	ct2VSct4	0.00301872376593762	0	0
1217	46	48	-0.083378426	0.14162452	BA	0	0	-0.10152237	0.09525499	BA	0	0	ct2VSct4	-0.00213791722147922	0	0
1218	46	49	-0.083378426	0.047735823	BA	0	0	-0.10152237	-0.01745302	BB	0	0.0017718719540574	ct2VSct4	-0.005752009739612	0	-0.0017718719540574
1219	46	50	-0.083378426	0.0022084846	BA	0	0	-0.10152237	0.053211025	BA	0	0	ct2VSct4	0.00521796939833601	0	0
1220	47	48	0.15723078	0.14162452	AA	0.0222677337467256	0	0.15886527	0.09525499	AA	0.0151327097051973	0	ct2VSct4	0.0071350240415283	0.0071350240415283	0
1221	47	49	0.15723078	0.047735823	AA	0.00750554068423194	0	0.15886527	-0.01745302	AB	0	0	ct2VSct4	0.0102782194188473	0.00750554068423194	0
1222	47	50	0.15723078	0.0022084846	AA	0.000347241756275988	0	0.15886527	0.053211025	AA	0.00845338385360175	0	ct2VSct4	-0.00810614209732576	-0.00810614209732576	0
1223	48	49	0.14162452	0.047735823	AA	0.00676056301917996	0	0.09525499	-0.01745302	AB	0	0	ct2VSct4	0.00842305026474976	0.00676056301917996	0
1224	48	50	0.14162452	0.0022084846	AA	0.000312775571402392	0	0.09525499	0.053211025	AA	0.00506861565426475	0	ct2VSct4	-0.00475584008286236	-0.00475584008286236	0
1225	49	50	0.047735823	0.0022084846	AA	0.000105423829963826	0	-0.01745302	0.053211025	BA	0	0	ct2VSct4	0.00103411691350933	0.000105423829963826	0
